run_key,case_id,instance_seed,solver_seed,solver_repeat,model_id,physical_instance_hash,scenario_family,zone,planning_model,max_evaluations,evaluation_space,point_index,F1,F2,F3
WEN38:i1:nsga2:s60000:r0:PR0_HT1_EC1:b9f998d6cc5d,WEN38,1,60000,0,PR0_HT1_EC1,cf9bc95d906238978e0c5ab26a1947d4104e026d3bac972323bf05453ec86ca7,benchmark,original,No-PR,500,planning,0,2.4595950978945553,128676.0,-0.0
WEN38:i1:nsga2:s60000:r0:PR0_HT1_EC1:b9f998d6cc5d,WEN38,1,60000,0,PR0_HT1_EC1,cf9bc95d906238978e0c5ab26a1947d4104e026d3bac972323bf05453ec86ca7,benchmark,original,No-PR,500,planning,1,2.4609239426851235,108072.0,-0.0
WEN38:i1:nsga2:s60000:r0:PR0_HT1_EC1:b9f998d6cc5d,WEN38,1,60000,0,PR0_HT1_EC1,cf9bc95d906238978e0c5ab26a1947d4104e026d3bac972323bf05453ec86ca7,benchmark,original,No-PR,500,planning,2,2.463633628990012,105834.0,-0.0
WEN38:i1:nsga2:s60000:r0:PR0_HT1_EC1:b9f998d6cc5d,WEN38,1,60000,0,PR0_HT1_EC1,cf9bc95d906238978e0c5ab26a1947d4104e026d3bac972323bf05453ec86ca7,benchmark,original,No-PR,500,planning,3,2.4693919564180877,102964.0,-0.0
WEN38:i1:nsga2:s60000:r0:PR0_HT1_EC1:b9f998d6cc5d,WEN38,1,60000,0,PR0_HT1_EC1,cf9bc95d906238978e0c5ab26a1947d4104e026d3bac972323bf05453ec86ca7,benchmark,original,No-PR,500,planning,4,2.474876709485531,136490.0,-0.044676409188468824
WEN38:i1:nsga2:s60000:r0:PR0_HT1_EC1:b9f998d6cc5d,WEN38,1,60000,0,PR0_HT1_EC1,cf9bc95d906238978e0c5ab26a1947d4104e026d3bac972323bf05453ec86ca7,benchmark,original,No-PR,500,planning,5,2.49260244543295,101608.0,-0.0
WEN38:i1:nsga2:s60000:r0:PR0_HT1_EC1:b9f998d6cc5d,WEN38,1,60000,0,PR0_HT1_EC1,cf9bc95d906238978e0c5ab26a1947d4104e026d3bac972323bf05453ec86ca7,benchmark,original,No-PR,500,planning,6,2.497411988272612,101285.0,-0.0
WEN38:i1:nsga2:s60000:r0:PR0_HT1_EC1:b9f998d6cc5d,WEN38,1,60000,0,PR0_HT1_EC1,cf9bc95d906238978e0c5ab26a1947d4104e026d3bac972323bf05453ec86ca7,benchmark,original,No-PR,500,planning,7,2.5391219926928605,93992.0,-0.0
WEN38:i1:nsga2:s60000:r0:PR0_HT1_EC1:b9f998d6cc5d,WEN38,1,60000,0,PR0_HT1_EC1,cf9bc95d906238978e0c5ab26a1947d4104e026d3bac972323bf05453ec86ca7,benchmark,original,No-PR,500,planning,8,2.5594339242448028,125079.0,-0.06267922982624441
WEN38:i1:nsga2:s60000:r0:PR0_HT1_EC1:b9f998d6cc5d,WEN38,1,60000,0,PR0_HT1_EC1,cf9bc95d906238978e0c5ab26a1947d4104e026d3bac972323bf05453ec86ca7,benchmark,original,No-PR,500,planning,9,2.5992123905964517,112117.0,-0.044676409188468824
WEN38:i1:nsga2:s60000:r0:PR0_HT1_EC1:b9f998d6cc5d,WEN38,1,60000,0,PR0_HT1_EC1,cf9bc95d906238978e0c5ab26a1947d4104e026d3bac972323bf05453ec86ca7,benchmark,original,No-PR,500,planning,10,2.6184363452387585,93825.0,-0.0
WEN38:i1:nsga2:s60000:r0:PR0_HT1_EC1:b9f998d6cc5d,WEN38,1,60000,0,PR0_HT1_EC1,cf9bc95d906238978e0c5ab26a1947d4104e026d3bac972323bf05453ec86ca7,benchmark,original,No-PR,500,planning,11,2.642210757826171,123565.0,-0.06267922982624441
WEN38:i1:nsga2:s60000:r0:PR0_HT1_EC1:b9f998d6cc5d,WEN38,1,60000,0,PR0_HT1_EC1,cf9bc95d906238978e0c5ab26a1947d4104e026d3bac972323bf05453ec86ca7,benchmark,original,No-PR,500,planning,12,2.6669558894040044,121514.0,-0.15353311136004777
WEN38:i1:nsga2:s60000:r0:PR0_HT1_EC1:b9f998d6cc5d,WEN38,1,60000,0,PR0_HT1_EC1,cf9bc95d906238978e0c5ab26a1947d4104e026d3bac972323bf05453ec86ca7,benchmark,original,No-PR,500,planning,13,2.684645201481664,96806.0,-0.05998356614873046
WEN38:i1:nsga2:s60000:r0:PR0_HT1_EC1:b9f998d6cc5d,WEN38,1,60000,0,PR0_HT1_EC1,cf9bc95d906238978e0c5ab26a1947d4104e026d3bac972323bf05453ec86ca7,benchmark,original,No-PR,500,planning,14,2.684967174437272,86312.0,-0.0
WEN38:i1:nsga2:s60000:r0:PR0_HT1_EC1:b9f998d6cc5d,WEN38,1,60000,0,PR0_HT1_EC1,cf9bc95d906238978e0c5ab26a1947d4104e026d3bac972323bf05453ec86ca7,benchmark,original,No-PR,500,planning,15,2.6909026811688648,100454.0,-0.16833148353725846
WEN38:i1:nsga2:s60000:r0:PR0_HT1_EC1:b9f998d6cc5d,WEN38,1,60000,0,PR0_HT1_EC1,cf9bc95d906238978e0c5ab26a1947d4104e026d3bac972323bf05453ec86ca7,benchmark,original,No-PR,500,planning,16,2.701771622925598,104731.5,-0.1805157593144031
WEN38:i1:nsga2:s60000:r0:PR0_HT1_EC1:b9f998d6cc5d,WEN38,1,60000,0,PR0_HT1_EC1,cf9bc95d906238978e0c5ab26a1947d4104e026d3bac972323bf05453ec86ca7,benchmark,original,No-PR,500,planning,17,2.7070870020914803,96094.0,-0.05998356614873046
WEN38:i1:nsga2:s60000:r0:PR0_HT1_EC1:b9f998d6cc5d,WEN38,1,60000,0,PR0_HT1_EC1,cf9bc95d906238978e0c5ab26a1947d4104e026d3bac972323bf05453ec86ca7,benchmark,original,No-PR,500,planning,18,2.753476445119917,130581.0,-0.1825652018596884
WEN38:i1:nsga2:s60000:r0:PR0_HT1_EC1:b9f998d6cc5d,WEN38,1,60000,0,PR0_HT1_EC1,cf9bc95d906238978e0c5ab26a1947d4104e026d3bac972323bf05453ec86ca7,benchmark,original,No-PR,500,planning,19,2.760123585606329,95758.0,-0.05998356614873046
WEN38:i1:nsga2:s60000:r0:PR0_HT1_EC1:b9f998d6cc5d,WEN38,1,60000,0,PR0_HT1_EC1,cf9bc95d906238978e0c5ab26a1947d4104e026d3bac972323bf05453ec86ca7,benchmark,original,No-PR,500,planning,20,2.770584211709588,133797.0,-0.19464977120787808
WEN38:i1:nsga2:s60000:r0:PR0_HT1_EC1:b9f998d6cc5d,WEN38,1,60000,0,PR0_HT1_EC1,cf9bc95d906238978e0c5ab26a1947d4104e026d3bac972323bf05453ec86ca7,benchmark,original,No-PR,500,planning,21,2.770960141707414,83459.0,-0.07405908539294614
WEN38:i1:nsga2:s60000:r0:PR0_HT1_EC1:b9f998d6cc5d,WEN38,1,60000,0,PR0_HT1_EC1,cf9bc95d906238978e0c5ab26a1947d4104e026d3bac972323bf05453ec86ca7,benchmark,original,No-PR,500,planning,22,2.7719149745048215,131147.0,-0.19464977120787808
WEN38:i1:nsga2:s60000:r0:PR0_HT1_EC1:b9f998d6cc5d,WEN38,1,60000,0,PR0_HT1_EC1,cf9bc95d906238978e0c5ab26a1947d4104e026d3bac972323bf05453ec86ca7,benchmark,original,No-PR,500,planning,23,2.7863836731604392,123010.0,-0.2780056800274906
WEN38:i1:nsga2:s60000:r0:PR0_HT1_EC1:b9f998d6cc5d,WEN38,1,60000,0,PR0_HT1_EC1,cf9bc95d906238978e0c5ab26a1947d4104e026d3bac972323bf05453ec86ca7,benchmark,original,No-PR,500,planning,24,2.8539686463138514,88622.0,-0.15353311136004777
WEN38:i1:nsga2:s60000:r0:PR0_HT1_EC1:b9f998d6cc5d,WEN38,1,60000,0,PR0_HT1_EC1,cf9bc95d906238978e0c5ab26a1947d4104e026d3bac972323bf05453ec86ca7,benchmark,original,No-PR,500,planning,25,2.865358139889053,129575.0,-0.39614674056520016
WEN38:i1:nsga2:s60000:r0:PR0_HT1_EC1:b9f998d6cc5d,WEN38,1,60000,0,PR0_HT1_EC1,cf9bc95d906238978e0c5ab26a1947d4104e026d3bac972323bf05453ec86ca7,benchmark,original,No-PR,500,planning,26,2.8870506232157416,119622.0,-0.2780056800265811
WEN38:i1:nsga2:s60000:r0:PR0_HT1_EC1:b9f998d6cc5d,WEN38,1,60000,0,PR0_HT1_EC1,cf9bc95d906238978e0c5ab26a1947d4104e026d3bac972323bf05453ec86ca7,benchmark,original,No-PR,500,planning,27,2.8979690852508204,82071.0,-0.0
WEN38:i1:nsga2:s60000:r0:PR0_HT1_EC1:b9f998d6cc5d,WEN38,1,60000,0,PR0_HT1_EC1,cf9bc95d906238978e0c5ab26a1947d4104e026d3bac972323bf05453ec86ca7,benchmark,original,No-PR,500,planning,28,2.9072110276029433,99235.0,-0.4480096501820299
WEN38:i1:nsga2:s60000:r0:PR0_HT1_EC1:b9f998d6cc5d,WEN38,1,60000,0,PR0_HT1_EC1,cf9bc95d906238978e0c5ab26a1947d4104e026d3bac972323bf05453ec86ca7,benchmark,original,No-PR,500,planning,29,2.9615764559098183,78405.0,-0.0
WEN38:i1:nsga2:s60000:r0:PR0_HT1_EC1:b9f998d6cc5d,WEN38,1,60000,0,PR0_HT1_EC1,cf9bc95d906238978e0c5ab26a1947d4104e026d3bac972323bf05453ec86ca7,benchmark,original,No-PR,500,planning,30,2.967097632847925,98853.0,-0.27640733712996735
WEN38:i1:nsga2:s60000:r0:PR0_HT1_EC1:b9f998d6cc5d,WEN38,1,60000,0,PR0_HT1_EC1,cf9bc95d906238978e0c5ab26a1947d4104e026d3bac972323bf05453ec86ca7,benchmark,original,No-PR,500,planning,31,2.998901318177646,98448.0,-0.25253185233759723
WEN38:i1:nsga2:s60000:r0:PR0_HT1_EC1:b9f998d6cc5d,WEN38,1,60000,0,PR0_HT1_EC1,cf9bc95d906238978e0c5ab26a1947d4104e026d3bac972323bf05453ec86ca7,benchmark,original,No-PR,500,planning,32,3.1478481099446736,96012.0,-0.2798237330835036
WEN38:i1:nsga2:s60000:r0:PR1_HT0_EC1:ed89f90c2cee,WEN38,1,60000,0,PR1_HT0_EC1,cf9bc95d906238978e0c5ab26a1947d4104e026d3bac972323bf05453ec86ca7,benchmark,original,No-HT,500,planning,0,2.4596409945835287,138526.33333333334,-0.0
WEN38:i1:nsga2:s60000:r0:PR1_HT0_EC1:ed89f90c2cee,WEN38,1,60000,0,PR1_HT0_EC1,cf9bc95d906238978e0c5ab26a1947d4104e026d3bac972323bf05453ec86ca7,benchmark,original,No-HT,500,planning,1,2.461025863688497,123929.33333333333,-0.0
WEN38:i1:nsga2:s60000:r0:PR1_HT0_EC1:ed89f90c2cee,WEN38,1,60000,0,PR1_HT0_EC1,cf9bc95d906238978e0c5ab26a1947d4104e026d3bac972323bf05453ec86ca7,benchmark,original,No-HT,500,planning,2,2.461828283663606,116382.66666666667,-0.0
WEN38:i1:nsga2:s60000:r0:PR1_HT0_EC1:ed89f90c2cee,WEN38,1,60000,0,PR1_HT0_EC1,cf9bc95d906238978e0c5ab26a1947d4104e026d3bac972323bf05453ec86ca7,benchmark,original,No-HT,500,planning,3,2.4634850634019214,108097.33333333334,-0.0
WEN38:i1:nsga2:s60000:r0:PR1_HT0_EC1:ed89f90c2cee,WEN38,1,60000,0,PR1_HT0_EC1,cf9bc95d906238978e0c5ab26a1947d4104e026d3bac972323bf05453ec86ca7,benchmark,original,No-HT,500,planning,4,2.464202792774178,125195.66666666667,-0.45048160039550567
WEN38:i1:nsga2:s60000:r0:PR1_HT0_EC1:ed89f90c2cee,WEN38,1,60000,0,PR1_HT0_EC1,cf9bc95d906238978e0c5ab26a1947d4104e026d3bac972323bf05453ec86ca7,benchmark,original,No-HT,500,planning,5,2.4652372501390794,102928.5,-0.0
WEN38:i1:nsga2:s60000:r0:PR1_HT0_EC1:ed89f90c2cee,WEN38,1,60000,0,PR1_HT0_EC1,cf9bc95d906238978e0c5ab26a1947d4104e026d3bac972323bf05453ec86ca7,benchmark,original,No-HT,500,planning,6,2.472008781887694,102286.33333333333,-0.0
WEN38:i1:nsga2:s60000:r0:PR1_HT0_EC1:ed89f90c2cee,WEN38,1,60000,0,PR1_HT0_EC1,cf9bc95d906238978e0c5ab26a1947d4104e026d3bac972323bf05453ec86ca7,benchmark,original,No-HT,500,planning,7,2.4976886485682535,95942.66666666666,-0.0
WEN38:i1:nsga2:s60000:r0:PR1_HT0_EC1:ed89f90c2cee,WEN38,1,60000,0,PR1_HT0_EC1,cf9bc95d906238978e0c5ab26a1947d4104e026d3bac972323bf05453ec86ca7,benchmark,original,No-HT,500,planning,8,2.518693996515501,109555.0,-0.0026155187479162123
WEN38:i1:nsga2:s60000:r0:PR1_HT0_EC1:ed89f90c2cee,WEN38,1,60000,0,PR1_HT0_EC1,cf9bc95d906238978e0c5ab26a1947d4104e026d3bac972323bf05453ec86ca7,benchmark,original,No-HT,500,planning,9,2.547448447871857,92765.33333333333,-0.0
WEN38:i1:nsga2:s60000:r0:PR1_HT0_EC1:ed89f90c2cee,WEN38,1,60000,0,PR1_HT0_EC1,cf9bc95d906238978e0c5ab26a1947d4104e026d3bac972323bf05453ec86ca7,benchmark,original,No-HT,500,planning,10,2.551497825546323,123850.83333333334,-0.07405908539294614
WEN38:i1:nsga2:s60000:r0:PR1_HT0_EC1:ed89f90c2cee,WEN38,1,60000,0,PR1_HT0_EC1,cf9bc95d906238978e0c5ab26a1947d4104e026d3bac972323bf05453ec86ca7,benchmark,original,No-HT,500,planning,11,2.561442897805704,113844.16666666667,-0.15353311136004777
WEN38:i1:nsga2:s60000:r0:PR1_HT0_EC1:ed89f90c2cee,WEN38,1,60000,0,PR1_HT0_EC1,cf9bc95d906238978e0c5ab26a1947d4104e026d3bac972323bf05453ec86ca7,benchmark,original,No-HT,500,planning,12,2.6231326297707662,109135.66666666667,-0.15353311136004777
WEN38:i1:nsga2:s60000:r0:PR1_HT0_EC1:ed89f90c2cee,WEN38,1,60000,0,PR1_HT0_EC1,cf9bc95d906238978e0c5ab26a1947d4104e026d3bac972323bf05453ec86ca7,benchmark,original,No-HT,500,planning,13,2.6416468342521444,89036.66666666667,-0.0
WEN38:i1:nsga2:s60000:r0:PR1_HT0_EC1:ed89f90c2cee,WEN38,1,60000,0,PR1_HT0_EC1,cf9bc95d906238978e0c5ab26a1947d4104e026d3bac972323bf05453ec86ca7,benchmark,original,No-HT,500,planning,14,2.648440651982799,118697.0,-0.2798237330835036
WEN38:i1:nsga2:s60000:r0:PR1_HT0_EC1:ed89f90c2cee,WEN38,1,60000,0,PR1_HT0_EC1,cf9bc95d906238978e0c5ab26a1947d4104e026d3bac972323bf05453ec86ca7,benchmark,original,No-HT,500,planning,15,2.668756300925935,97197.5,-0.15353311136004777
WEN38:i1:nsga2:s60000:r0:PR1_HT0_EC1:ed89f90c2cee,WEN38,1,60000,0,PR1_HT0_EC1,cf9bc95d906238978e0c5ab26a1947d4104e026d3bac972323bf05453ec86ca7,benchmark,original,No-HT,500,planning,16,2.7062297240294635,88780.00000000001,-0.0
WEN38:i1:nsga2:s60000:r0:PR1_HT0_EC1:ed89f90c2cee,WEN38,1,60000,0,PR1_HT0_EC1,cf9bc95d906238978e0c5ab26a1947d4104e026d3bac972323bf05453ec86ca7,benchmark,original,No-HT,500,planning,17,2.769935102309254,118348.16666666667,-0.34591194968743366
WEN38:i1:nsga2:s60000:r0:PR1_HT0_EC1:ed89f90c2cee,WEN38,1,60000,0,PR1_HT0_EC1,cf9bc95d906238978e0c5ab26a1947d4104e026d3bac972323bf05453ec86ca7,benchmark,original,No-HT,500,planning,18,2.782859773640217,97379.50000000001,-0.3385371494669016
WEN38:i1:nsga2:s60000:r0:PR1_HT0_EC1:ed89f90c2cee,WEN38,1,60000,0,PR1_HT0_EC1,cf9bc95d906238978e0c5ab26a1947d4104e026d3bac972323bf05453ec86ca7,benchmark,original,No-HT,500,planning,19,2.7847801275321826,119200.33333333333,-0.4140845070432988
WEN38:i1:nsga2:s60000:r0:PR1_HT0_EC1:ed89f90c2cee,WEN38,1,60000,0,PR1_HT0_EC1,cf9bc95d906238978e0c5ab26a1947d4104e026d3bac972323bf05453ec86ca7,benchmark,original,No-HT,500,planning,20,2.8210419139659972,92069.0,-0.1825652018596884
WEN38:i1:nsga2:s60000:r0:PR1_HT0_EC1:ed89f90c2cee,WEN38,1,60000,0,PR1_HT0_EC1,cf9bc95d906238978e0c5ab26a1947d4104e026d3bac972323bf05453ec86ca7,benchmark,original,No-HT,500,planning,21,2.8545001842294964,114054.0,-0.40057636887740955
WEN38:i1:nsga2:s60000:r0:PR1_HT0_EC1:ed89f90c2cee,WEN38,1,60000,0,PR1_HT0_EC1,cf9bc95d906238978e0c5ab26a1947d4104e026d3bac972323bf05453ec86ca7,benchmark,original,No-HT,500,planning,22,2.856743544016024,85004.66666666666,-0.0
WEN38:i1:nsga2:s60000:r0:PR1_HT0_EC1:ed89f90c2cee,WEN38,1,60000,0,PR1_HT0_EC1,cf9bc95d906238978e0c5ab26a1947d4104e026d3bac972323bf05453ec86ca7,benchmark,original,No-HT,500,planning,23,2.8679058402596476,97689.33333333333,-0.39582783205878513
WEN38:i1:nsga2:s60000:r0:PR1_HT0_EC1:ed89f90c2cee,WEN38,1,60000,0,PR1_HT0_EC1,cf9bc95d906238978e0c5ab26a1947d4104e026d3bac972323bf05453ec86ca7,benchmark,original,No-HT,500,planning,24,2.9269951386295685,90754.33333333334,-0.07405908539294614
WEN38:i1:nsga2:s60000:r0:PR1_HT0_EC1:ed89f90c2cee,WEN38,1,60000,0,PR1_HT0_EC1,cf9bc95d906238978e0c5ab26a1947d4104e026d3bac972323bf05453ec86ca7,benchmark,original,No-HT,500,planning,25,2.944447300216542,83095.33333333334,-0.0
WEN38:i1:nsga2:s60000:r0:PR1_HT0_EC1:ed89f90c2cee,WEN38,1,60000,0,PR1_HT0_EC1,cf9bc95d906238978e0c5ab26a1947d4104e026d3bac972323bf05453ec86ca7,benchmark,original,No-HT,500,planning,26,2.9476079092478535,97259.16666666666,-0.2798237330835036
WEN38:i1:nsga2:s60000:r0:PR1_HT0_EC1:ed89f90c2cee,WEN38,1,60000,0,PR1_HT0_EC1,cf9bc95d906238978e0c5ab26a1947d4104e026d3bac972323bf05453ec86ca7,benchmark,original,No-HT,500,planning,27,2.9530404965316848,80641.33333333334,-0.04467640918755933
WEN38:i1:nsga2:s60000:r0:PR1_HT1_EC0:233634bab1fc,WEN38,1,60000,0,PR1_HT1_EC0,cf9bc95d906238978e0c5ab26a1947d4104e026d3bac972323bf05453ec86ca7,benchmark,original,No-EC,500,planning,0,2.460869941929812,122940.33333333333,-0.0
WEN38:i1:nsga2:s60000:r0:PR1_HT1_EC0:233634bab1fc,WEN38,1,60000,0,PR1_HT1_EC0,cf9bc95d906238978e0c5ab26a1947d4104e026d3bac972323bf05453ec86ca7,benchmark,original,No-EC,500,planning,1,2.4636498837653784,105643.33333333333,-0.0
WEN38:i1:nsga2:s60000:r0:PR1_HT1_EC0:233634bab1fc,WEN38,1,60000,0,PR1_HT1_EC0,cf9bc95d906238978e0c5ab26a1947d4104e026d3bac972323bf05453ec86ca7,benchmark,original,No-EC,500,planning,2,2.4659920070583734,104801.66666666666,-0.0
WEN38:i1:nsga2:s60000:r0:PR1_HT1_EC0:233634bab1fc,WEN38,1,60000,0,PR1_HT1_EC0,cf9bc95d906238978e0c5ab26a1947d4104e026d3bac972323bf05453ec86ca7,benchmark,original,No-EC,500,planning,3,2.468174745302771,104723.66666666666,-0.0
WEN38:i1:nsga2:s60000:r0:PR1_HT1_EC0:233634bab1fc,WEN38,1,60000,0,PR1_HT1_EC0,cf9bc95d906238978e0c5ab26a1947d4104e026d3bac972323bf05453ec86ca7,benchmark,original,No-EC,500,planning,4,2.4856404557963767,104199.33333333333,-0.0
WEN38:i1:nsga2:s60000:r0:PR1_HT1_EC0:233634bab1fc,WEN38,1,60000,0,PR1_HT1_EC0,cf9bc95d906238978e0c5ab26a1947d4104e026d3bac972323bf05453ec86ca7,benchmark,original,No-EC,500,planning,5,2.517355551473173,101013.33333333334,-0.0
WEN38:i1:nsga2:s60000:r0:PR1_HT1_EC0:233634bab1fc,WEN38,1,60000,0,PR1_HT1_EC0,cf9bc95d906238978e0c5ab26a1947d4104e026d3bac972323bf05453ec86ca7,benchmark,original,No-EC,500,planning,6,2.564130888114944,99899.5,-0.0
WEN38:i1:nsga2:s60000:r0:PR1_HT1_EC0:233634bab1fc,WEN38,1,60000,0,PR1_HT1_EC0,cf9bc95d906238978e0c5ab26a1947d4104e026d3bac972323bf05453ec86ca7,benchmark,original,No-EC,500,planning,7,2.565902681169515,98028.16666666667,-0.0
WEN38:i1:nsga2:s60000:r0:PR1_HT1_EC0:233634bab1fc,WEN38,1,60000,0,PR1_HT1_EC0,cf9bc95d906238978e0c5ab26a1947d4104e026d3bac972323bf05453ec86ca7,benchmark,original,No-EC,500,planning,8,2.567061111632916,162625.66666666666,-0.07405908539112716
WEN38:i1:nsga2:s60000:r0:PR1_HT1_EC0:233634bab1fc,WEN38,1,60000,0,PR1_HT1_EC0,cf9bc95d906238978e0c5ab26a1947d4104e026d3bac972323bf05453ec86ca7,benchmark,original,No-EC,500,planning,9,2.5738376443132864,156988.5,-0.06267922982624441
WEN38:i1:nsga2:s60000:r0:PR1_HT1_EC0:233634bab1fc,WEN38,1,60000,0,PR1_HT1_EC0,cf9bc95d906238978e0c5ab26a1947d4104e026d3bac972323bf05453ec86ca7,benchmark,original,No-EC,500,planning,10,2.575588914858886,157304.33333333334,-0.07405908539294614
WEN38:i1:nsga2:s60000:r0:PR1_HT1_EC0:233634bab1fc,WEN38,1,60000,0,PR1_HT1_EC0,cf9bc95d906238978e0c5ab26a1947d4104e026d3bac972323bf05453ec86ca7,benchmark,original,No-EC,500,planning,11,2.577834698758217,148007.0,-0.3079249848779
WEN38:i1:nsga2:s60000:r0:PR1_HT1_EC0:233634bab1fc,WEN38,1,60000,0,PR1_HT1_EC0,cf9bc95d906238978e0c5ab26a1947d4104e026d3bac972323bf05453ec86ca7,benchmark,original,No-EC,500,planning,12,2.615424297044368,95595.66666666667,-0.0
WEN38:i1:nsga2:s60000:r0:PR1_HT1_EC0:233634bab1fc,WEN38,1,60000,0,PR1_HT1_EC0,cf9bc95d906238978e0c5ab26a1947d4104e026d3bac972323bf05453ec86ca7,benchmark,original,No-EC,500,planning,13,2.623936721466862,138323.6666666667,-0.27640733712996735
WEN38:i1:nsga2:s60000:r0:PR1_HT1_EC0:233634bab1fc,WEN38,1,60000,0,PR1_HT1_EC0,cf9bc95d906238978e0c5ab26a1947d4104e026d3bac972323bf05453ec86ca7,benchmark,original,No-EC,500,planning,14,2.625708514521433,137953.0,-0.27640733712996735
WEN38:i1:nsga2:s60000:r0:PR1_HT1_EC0:233634bab1fc,WEN38,1,60000,0,PR1_HT1_EC0,cf9bc95d906238978e0c5ab26a1947d4104e026d3bac972323bf05453ec86ca7,benchmark,original,No-EC,500,planning,15,2.6443045238338136,115276.66666666669,-0.4349222030141391
WEN38:i1:nsga2:s60000:r0:PR1_HT1_EC0:233634bab1fc,WEN38,1,60000,0,PR1_HT1_EC0,cf9bc95d906238978e0c5ab26a1947d4104e026d3bac972323bf05453ec86ca7,benchmark,original,No-EC,500,planning,16,2.6513031063993626,94550.66666666667,-0.0
WEN38:i1:nsga2:s60000:r0:PR1_HT1_EC0:233634bab1fc,WEN38,1,60000,0,PR1_HT1_EC0,cf9bc95d906238978e0c5ab26a1947d4104e026d3bac972323bf05453ec86ca7,benchmark,original,No-EC,500,planning,17,2.813422170893209,100573.66666666669,-0.3947089947105269
WEN38:i1:nsga2:s60000:r0:PR1_HT1_EC1:ac79a73486e1,WEN38,1,60000,0,PR1_HT1_EC1,cf9bc95d906238978e0c5ab26a1947d4104e026d3bac972323bf05453ec86ca7,benchmark,original,Full,500,planning,0,2.460869941929812,122940.33333333333,-0.0
WEN38:i1:nsga2:s60000:r0:PR1_HT1_EC1:ac79a73486e1,WEN38,1,60000,0,PR1_HT1_EC1,cf9bc95d906238978e0c5ab26a1947d4104e026d3bac972323bf05453ec86ca7,benchmark,original,Full,500,planning,1,2.4636498837653784,105643.33333333333,-0.0
WEN38:i1:nsga2:s60000:r0:PR1_HT1_EC1:ac79a73486e1,WEN38,1,60000,0,PR1_HT1_EC1,cf9bc95d906238978e0c5ab26a1947d4104e026d3bac972323bf05453ec86ca7,benchmark,original,Full,500,planning,2,2.4659920070583734,104801.66666666666,-0.0
WEN38:i1:nsga2:s60000:r0:PR1_HT1_EC1:ac79a73486e1,WEN38,1,60000,0,PR1_HT1_EC1,cf9bc95d906238978e0c5ab26a1947d4104e026d3bac972323bf05453ec86ca7,benchmark,original,Full,500,planning,3,2.468174745302771,104723.66666666666,-0.0
WEN38:i1:nsga2:s60000:r0:PR1_HT1_EC1:ac79a73486e1,WEN38,1,60000,0,PR1_HT1_EC1,cf9bc95d906238978e0c5ab26a1947d4104e026d3bac972323bf05453ec86ca7,benchmark,original,Full,500,planning,4,2.4856404557963767,104199.33333333333,-0.0
WEN38:i1:nsga2:s60000:r0:PR1_HT1_EC1:ac79a73486e1,WEN38,1,60000,0,PR1_HT1_EC1,cf9bc95d906238978e0c5ab26a1947d4104e026d3bac972323bf05453ec86ca7,benchmark,original,Full,500,planning,5,2.517355551473173,101013.33333333334,-0.0
WEN38:i1:nsga2:s60000:r0:PR1_HT1_EC1:ac79a73486e1,WEN38,1,60000,0,PR1_HT1_EC1,cf9bc95d906238978e0c5ab26a1947d4104e026d3bac972323bf05453ec86ca7,benchmark,original,Full,500,planning,6,2.564130888114944,99899.5,-0.0
WEN38:i1:nsga2:s60000:r0:PR1_HT1_EC1:ac79a73486e1,WEN38,1,60000,0,PR1_HT1_EC1,cf9bc95d906238978e0c5ab26a1947d4104e026d3bac972323bf05453ec86ca7,benchmark,original,Full,500,planning,7,2.565902681169515,98028.16666666667,-0.0
WEN38:i1:nsga2:s60000:r0:PR1_HT1_EC1:ac79a73486e1,WEN38,1,60000,0,PR1_HT1_EC1,cf9bc95d906238978e0c5ab26a1947d4104e026d3bac972323bf05453ec86ca7,benchmark,original,Full,500,planning,8,2.567061111632916,162625.66666666666,-0.07405908539112716
WEN38:i1:nsga2:s60000:r0:PR1_HT1_EC1:ac79a73486e1,WEN38,1,60000,0,PR1_HT1_EC1,cf9bc95d906238978e0c5ab26a1947d4104e026d3bac972323bf05453ec86ca7,benchmark,original,Full,500,planning,9,2.5738376443132864,156988.5,-0.06267922982624441
WEN38:i1:nsga2:s60000:r0:PR1_HT1_EC1:ac79a73486e1,WEN38,1,60000,0,PR1_HT1_EC1,cf9bc95d906238978e0c5ab26a1947d4104e026d3bac972323bf05453ec86ca7,benchmark,original,Full,500,planning,10,2.575588914858886,157304.33333333334,-0.07405908539294614
WEN38:i1:nsga2:s60000:r0:PR1_HT1_EC1:ac79a73486e1,WEN38,1,60000,0,PR1_HT1_EC1,cf9bc95d906238978e0c5ab26a1947d4104e026d3bac972323bf05453ec86ca7,benchmark,original,Full,500,planning,11,2.577834698758217,148007.0,-0.3079249848779
WEN38:i1:nsga2:s60000:r0:PR1_HT1_EC1:ac79a73486e1,WEN38,1,60000,0,PR1_HT1_EC1,cf9bc95d906238978e0c5ab26a1947d4104e026d3bac972323bf05453ec86ca7,benchmark,original,Full,500,planning,12,2.615424297044368,95595.66666666667,-0.0
WEN38:i1:nsga2:s60000:r0:PR1_HT1_EC1:ac79a73486e1,WEN38,1,60000,0,PR1_HT1_EC1,cf9bc95d906238978e0c5ab26a1947d4104e026d3bac972323bf05453ec86ca7,benchmark,original,Full,500,planning,13,2.623936721466862,138323.6666666667,-0.27640733712996735
WEN38:i1:nsga2:s60000:r0:PR1_HT1_EC1:ac79a73486e1,WEN38,1,60000,0,PR1_HT1_EC1,cf9bc95d906238978e0c5ab26a1947d4104e026d3bac972323bf05453ec86ca7,benchmark,original,Full,500,planning,14,2.625708514521433,137953.0,-0.27640733712996735
WEN38:i1:nsga2:s60000:r0:PR1_HT1_EC1:ac79a73486e1,WEN38,1,60000,0,PR1_HT1_EC1,cf9bc95d906238978e0c5ab26a1947d4104e026d3bac972323bf05453ec86ca7,benchmark,original,Full,500,planning,15,2.6443045238338136,115276.66666666669,-0.4349222030141391
WEN38:i1:nsga2:s60000:r0:PR1_HT1_EC1:ac79a73486e1,WEN38,1,60000,0,PR1_HT1_EC1,cf9bc95d906238978e0c5ab26a1947d4104e026d3bac972323bf05453ec86ca7,benchmark,original,Full,500,planning,16,2.6513031063993626,94550.66666666667,-0.0
WEN38:i1:nsga2:s60000:r0:PR1_HT1_EC1:ac79a73486e1,WEN38,1,60000,0,PR1_HT1_EC1,cf9bc95d906238978e0c5ab26a1947d4104e026d3bac972323bf05453ec86ca7,benchmark,original,Full,500,planning,17,2.813422170893209,100573.66666666669,-0.3947089947105269
WEN38:i1:nsga2:s60001:r1:PR0_HT1_EC1:2aca52bb3fb1,WEN38,1,60001,1,PR0_HT1_EC1,cf9bc95d906238978e0c5ab26a1947d4104e026d3bac972323bf05453ec86ca7,benchmark,original,No-PR,500,planning,0,2.4616141850399993,156116.5,-0.0
WEN38:i1:nsga2:s60001:r1:PR0_HT1_EC1:2aca52bb3fb1,WEN38,1,60001,1,PR0_HT1_EC1,cf9bc95d906238978e0c5ab26a1947d4104e026d3bac972323bf05453ec86ca7,benchmark,original,No-PR,500,planning,1,2.463312858715078,149668.5,-0.0
WEN38:i1:nsga2:s60001:r1:PR0_HT1_EC1:2aca52bb3fb1,WEN38,1,60001,1,PR0_HT1_EC1,cf9bc95d906238978e0c5ab26a1947d4104e026d3bac972323bf05453ec86ca7,benchmark,original,No-PR,500,planning,2,2.4642843213436096,149085.0,-0.0
WEN38:i1:nsga2:s60001:r1:PR0_HT1_EC1:2aca52bb3fb1,WEN38,1,60001,1,PR0_HT1_EC1,cf9bc95d906238978e0c5ab26a1947d4104e026d3bac972323bf05453ec86ca7,benchmark,original,No-PR,500,planning,3,2.46504755163671,131967.0,-0.0
WEN38:i1:nsga2:s60001:r1:PR0_HT1_EC1:2aca52bb3fb1,WEN38,1,60001,1,PR0_HT1_EC1,cf9bc95d906238978e0c5ab26a1947d4104e026d3bac972323bf05453ec86ca7,benchmark,original,No-PR,500,planning,4,2.465294999098508,126675.0,-0.0
WEN38:i1:nsga2:s60001:r1:PR0_HT1_EC1:2aca52bb3fb1,WEN38,1,60001,1,PR0_HT1_EC1,cf9bc95d906238978e0c5ab26a1947d4104e026d3bac972323bf05453ec86ca7,benchmark,original,No-PR,500,planning,5,2.4657917663740854,121211.0,-0.0
WEN38:i1:nsga2:s60001:r1:PR0_HT1_EC1:2aca52bb3fb1,WEN38,1,60001,1,PR0_HT1_EC1,cf9bc95d906238978e0c5ab26a1947d4104e026d3bac972323bf05453ec86ca7,benchmark,original,No-PR,500,planning,6,2.4669882226017146,115391.5,-0.0
WEN38:i1:nsga2:s60001:r1:PR0_HT1_EC1:2aca52bb3fb1,WEN38,1,60001,1,PR0_HT1_EC1,cf9bc95d906238978e0c5ab26a1947d4104e026d3bac972323bf05453ec86ca7,benchmark,original,No-PR,500,planning,7,2.507622724363099,108518.0,-0.0
WEN38:i1:nsga2:s60001:r1:PR0_HT1_EC1:2aca52bb3fb1,WEN38,1,60001,1,PR0_HT1_EC1,cf9bc95d906238978e0c5ab26a1947d4104e026d3bac972323bf05453ec86ca7,benchmark,original,No-PR,500,planning,8,2.5152425849635565,105857.5,-0.0
WEN38:i1:nsga2:s60001:r1:PR0_HT1_EC1:2aca52bb3fb1,WEN38,1,60001,1,PR0_HT1_EC1,cf9bc95d906238978e0c5ab26a1947d4104e026d3bac972323bf05453ec86ca7,benchmark,original,No-PR,500,planning,9,2.5285826190268477,104328.0,-0.0
WEN38:i1:nsga2:s60001:r1:PR0_HT1_EC1:2aca52bb3fb1,WEN38,1,60001,1,PR0_HT1_EC1,cf9bc95d906238978e0c5ab26a1947d4104e026d3bac972323bf05453ec86ca7,benchmark,original,No-PR,500,planning,10,2.5557520568847645,95873.0,-0.0
WEN38:i1:nsga2:s60001:r1:PR0_HT1_EC1:2aca52bb3fb1,WEN38,1,60001,1,PR0_HT1_EC1,cf9bc95d906238978e0c5ab26a1947d4104e026d3bac972323bf05453ec86ca7,benchmark,original,No-PR,500,planning,11,2.56951103858884,139604.0,-0.05998356614873046
WEN38:i1:nsga2:s60001:r1:PR0_HT1_EC1:2aca52bb3fb1,WEN38,1,60001,1,PR0_HT1_EC1,cf9bc95d906238978e0c5ab26a1947d4104e026d3bac972323bf05453ec86ca7,benchmark,original,No-PR,500,planning,12,2.5965841701363837,91004.0,-0.0
WEN38:i1:nsga2:s60001:r1:PR0_HT1_EC1:2aca52bb3fb1,WEN38,1,60001,1,PR0_HT1_EC1,cf9bc95d906238978e0c5ab26a1947d4104e026d3bac972323bf05453ec86ca7,benchmark,original,No-PR,500,planning,13,2.6622092339370074,87277.0,-0.0
WEN38:i1:nsga2:s60001:r1:PR0_HT1_EC1:2aca52bb3fb1,WEN38,1,60001,1,PR0_HT1_EC1,cf9bc95d906238978e0c5ab26a1947d4104e026d3bac972323bf05453ec86ca7,benchmark,original,No-PR,500,planning,14,2.694725221392572,109381.0,-0.15353311136004777
WEN38:i1:nsga2:s60001:r1:PR0_HT1_EC1:2aca52bb3fb1,WEN38,1,60001,1,PR0_HT1_EC1,cf9bc95d906238978e0c5ab26a1947d4104e026d3bac972323bf05453ec86ca7,benchmark,original,No-PR,500,planning,15,2.7403701589242377,125915.0,-0.19464977120969706
WEN38:i1:nsga2:s60001:r1:PR0_HT1_EC1:2aca52bb3fb1,WEN38,1,60001,1,PR0_HT1_EC1,cf9bc95d906238978e0c5ab26a1947d4104e026d3bac972323bf05453ec86ca7,benchmark,original,No-PR,500,planning,16,2.777808097558154,125764.5,-0.17161477190711594
WEN38:i1:nsga2:s60001:r1:PR0_HT1_EC1:2aca52bb3fb1,WEN38,1,60001,1,PR0_HT1_EC1,cf9bc95d906238978e0c5ab26a1947d4104e026d3bac972323bf05453ec86ca7,benchmark,original,No-PR,500,planning,17,2.7820311140512324,107189.0,-0.06267922982624441
WEN38:i1:nsga2:s60001:r1:PR0_HT1_EC1:2aca52bb3fb1,WEN38,1,60001,1,PR0_HT1_EC1,cf9bc95d906238978e0c5ab26a1947d4104e026d3bac972323bf05453ec86ca7,benchmark,original,No-PR,500,planning,18,2.793370589599132,99950.0,-0.17161477190711594
WEN38:i1:nsga2:s60001:r1:PR0_HT1_EC1:2aca52bb3fb1,WEN38,1,60001,1,PR0_HT1_EC1,cf9bc95d906238978e0c5ab26a1947d4104e026d3bac972323bf05453ec86ca7,benchmark,original,No-PR,500,planning,19,2.821417456537655,121561.0,-0.19464977120969706
WEN38:i1:nsga2:s60001:r1:PR0_HT1_EC1:2aca52bb3fb1,WEN38,1,60001,1,PR0_HT1_EC1,cf9bc95d906238978e0c5ab26a1947d4104e026d3bac972323bf05453ec86ca7,benchmark,original,No-PR,500,planning,20,2.855249672136294,99119.0,-0.06267922982624441
WEN38:i1:nsga2:s60001:r1:PR0_HT1_EC1:2aca52bb3fb1,WEN38,1,60001,1,PR0_HT1_EC1,cf9bc95d906238978e0c5ab26a1947d4104e026d3bac972323bf05453ec86ca7,benchmark,original,No-PR,500,planning,21,2.876910632122958,107655.0,-0.19464977120969706
WEN38:i1:nsga2:s60001:r1:PR0_HT1_EC1:2aca52bb3fb1,WEN38,1,60001,1,PR0_HT1_EC1,cf9bc95d906238978e0c5ab26a1947d4104e026d3bac972323bf05453ec86ca7,benchmark,original,No-PR,500,planning,22,2.877201896163914,140733.0,-0.33313902652389515
WEN38:i1:nsga2:s60001:r1:PR0_HT1_EC1:2aca52bb3fb1,WEN38,1,60001,1,PR0_HT1_EC1,cf9bc95d906238978e0c5ab26a1947d4104e026d3bac972323bf05453ec86ca7,benchmark,original,No-PR,500,planning,23,2.8839491347169597,85711.0,-0.0
WEN38:i1:nsga2:s60001:r1:PR0_HT1_EC1:2aca52bb3fb1,WEN38,1,60001,1,PR0_HT1_EC1,cf9bc95d906238978e0c5ab26a1947d4104e026d3bac972323bf05453ec86ca7,benchmark,original,No-PR,500,planning,24,2.916863532566369,95590.0,-0.05998356614873046
WEN38:i1:nsga2:s60001:r1:PR0_HT1_EC1:2aca52bb3fb1,WEN38,1,60001,1,PR0_HT1_EC1,cf9bc95d906238978e0c5ab26a1947d4104e026d3bac972323bf05453ec86ca7,benchmark,original,No-PR,500,planning,25,2.947280103228524,122711.0,-0.33313902652480465
WEN38:i1:nsga2:s60001:r1:PR0_HT1_EC1:2aca52bb3fb1,WEN38,1,60001,1,PR0_HT1_EC1,cf9bc95d906238978e0c5ab26a1947d4104e026d3bac972323bf05453ec86ca7,benchmark,original,No-PR,500,planning,26,2.9527222907639876,97613.0,-0.15353311136004777
WEN38:i1:nsga2:s60001:r1:PR0_HT1_EC1:2aca52bb3fb1,WEN38,1,60001,1,PR0_HT1_EC1,cf9bc95d906238978e0c5ab26a1947d4104e026d3bac972323bf05453ec86ca7,benchmark,original,No-PR,500,planning,27,2.954278685794751,112097.0,-0.33313902652480465
WEN38:i1:nsga2:s60001:r1:PR0_HT1_EC1:2aca52bb3fb1,WEN38,1,60001,1,PR0_HT1_EC1,cf9bc95d906238978e0c5ab26a1947d4104e026d3bac972323bf05453ec86ca7,benchmark,original,No-PR,500,planning,28,2.9900108179065676,94438.0,-0.05998356614873046
WEN38:i1:nsga2:s60001:r1:PR0_HT1_EC1:2aca52bb3fb1,WEN38,1,60001,1,PR0_HT1_EC1,cf9bc95d906238978e0c5ab26a1947d4104e026d3bac972323bf05453ec86ca7,benchmark,original,No-PR,500,planning,29,3.0116068242987,76121.0,-0.15353311136004777
WEN38:i1:nsga2:s60001:r1:PR0_HT1_EC1:2aca52bb3fb1,WEN38,1,60001,1,PR0_HT1_EC1,cf9bc95d906238978e0c5ab26a1947d4104e026d3bac972323bf05453ec86ca7,benchmark,original,No-PR,500,planning,30,3.0272765596437656,105951.0,-0.19464977120969706
WEN38:i1:nsga2:s60001:r1:PR0_HT1_EC1:2aca52bb3fb1,WEN38,1,60001,1,PR0_HT1_EC1,cf9bc95d906238978e0c5ab26a1947d4104e026d3bac972323bf05453ec86ca7,benchmark,original,No-PR,500,planning,31,3.029344623717413,92714.0,-0.24338624338815862
WEN38:i1:nsga2:s60001:r1:PR0_HT1_EC1:2aca52bb3fb1,WEN38,1,60001,1,PR0_HT1_EC1,cf9bc95d906238978e0c5ab26a1947d4104e026d3bac972323bf05453ec86ca7,benchmark,original,No-PR,500,planning,32,3.178233327893027,108019.0,-0.33313902652480465
WEN38:i1:nsga2:s60001:r1:PR1_HT0_EC1:810cc032fd7d,WEN38,1,60001,1,PR1_HT0_EC1,cf9bc95d906238978e0c5ab26a1947d4104e026d3bac972323bf05453ec86ca7,benchmark,original,No-HT,500,planning,0,2.4600952830944935,136438.6666666667,-0.0
WEN38:i1:nsga2:s60001:r1:PR1_HT0_EC1:810cc032fd7d,WEN38,1,60001,1,PR1_HT0_EC1,cf9bc95d906238978e0c5ab26a1947d4104e026d3bac972323bf05453ec86ca7,benchmark,original,No-HT,500,planning,1,2.4615536705044176,132915.33333333334,-0.0
WEN38:i1:nsga2:s60001:r1:PR1_HT0_EC1:810cc032fd7d,WEN38,1,60001,1,PR1_HT0_EC1,cf9bc95d906238978e0c5ab26a1947d4104e026d3bac972323bf05453ec86ca7,benchmark,original,No-HT,500,planning,2,2.4626149197074616,130127.83333333334,-0.0
WEN38:i1:nsga2:s60001:r1:PR1_HT0_EC1:810cc032fd7d,WEN38,1,60001,1,PR1_HT0_EC1,cf9bc95d906238978e0c5ab26a1947d4104e026d3bac972323bf05453ec86ca7,benchmark,original,No-HT,500,planning,3,2.4637616282346846,126944.0,-0.0
WEN38:i1:nsga2:s60001:r1:PR1_HT0_EC1:810cc032fd7d,WEN38,1,60001,1,PR1_HT0_EC1,cf9bc95d906238978e0c5ab26a1947d4104e026d3bac972323bf05453ec86ca7,benchmark,original,No-HT,500,planning,4,2.46460794757422,125578.5,-0.0
WEN38:i1:nsga2:s60001:r1:PR1_HT0_EC1:810cc032fd7d,WEN38,1,60001,1,PR1_HT0_EC1,cf9bc95d906238978e0c5ab26a1947d4104e026d3bac972323bf05453ec86ca7,benchmark,original,No-HT,500,planning,5,2.4656323794338073,91979.33333333334,-0.0
WEN38:i1:nsga2:s60001:r1:PR1_HT0_EC1:810cc032fd7d,WEN38,1,60001,1,PR1_HT0_EC1,cf9bc95d906238978e0c5ab26a1947d4104e026d3bac972323bf05453ec86ca7,benchmark,original,No-HT,500,planning,6,2.4938038890014775,87697.0,-0.0
WEN38:i1:nsga2:s60001:r1:PR1_HT0_EC1:810cc032fd7d,WEN38,1,60001,1,PR1_HT0_EC1,cf9bc95d906238978e0c5ab26a1947d4104e026d3bac972323bf05453ec86ca7,benchmark,original,No-HT,500,planning,7,2.5261259270947436,136352.6666666667,-0.07405908539294614
WEN38:i1:nsga2:s60001:r1:PR1_HT0_EC1:810cc032fd7d,WEN38,1,60001,1,PR1_HT0_EC1,cf9bc95d906238978e0c5ab26a1947d4104e026d3bac972323bf05453ec86ca7,benchmark,original,No-HT,500,planning,8,2.544591826519823,122811.0,-0.044676409188468824
WEN38:i1:nsga2:s60001:r1:PR1_HT0_EC1:810cc032fd7d,WEN38,1,60001,1,PR1_HT0_EC1,cf9bc95d906238978e0c5ab26a1947d4104e026d3bac972323bf05453ec86ca7,benchmark,original,No-HT,500,planning,9,2.5795454876900177,136103.00000000003,-0.07405908539294614
WEN38:i1:nsga2:s60001:r1:PR1_HT0_EC1:810cc032fd7d,WEN38,1,60001,1,PR1_HT0_EC1,cf9bc95d906238978e0c5ab26a1947d4104e026d3bac972323bf05453ec86ca7,benchmark,original,No-HT,500,planning,10,2.6001544806491133,119530.66666666667,-0.15353311136004777
WEN38:i1:nsga2:s60001:r1:PR1_HT0_EC1:810cc032fd7d,WEN38,1,60001,1,PR1_HT0_EC1,cf9bc95d906238978e0c5ab26a1947d4104e026d3bac972323bf05453ec86ca7,benchmark,original,No-HT,500,planning,11,2.6254392271277984,119502.0,-0.24338624338815862
WEN38:i1:nsga2:s60001:r1:PR1_HT0_EC1:810cc032fd7d,WEN38,1,60001,1,PR1_HT0_EC1,cf9bc95d906238978e0c5ab26a1947d4104e026d3bac972323bf05453ec86ca7,benchmark,original,No-HT,500,planning,12,2.6265324551681397,110003.33333333334,-0.19464977120969706
WEN38:i1:nsga2:s60001:r1:PR1_HT0_EC1:810cc032fd7d,WEN38,1,60001,1,PR1_HT0_EC1,cf9bc95d906238978e0c5ab26a1947d4104e026d3bac972323bf05453ec86ca7,benchmark,original,No-HT,500,planning,13,2.7652941711196948,115553.66666666667,-0.33313902652480465
WEN38:i1:nsga2:s60001:r1:PR1_HT0_EC1:810cc032fd7d,WEN38,1,60001,1,PR1_HT0_EC1,cf9bc95d906238978e0c5ab26a1947d4104e026d3bac972323bf05453ec86ca7,benchmark,original,No-HT,500,planning,14,2.767655771964921,108802.5,-0.2798237330835036
WEN38:i1:nsga2:s60001:r1:PR1_HT0_EC1:810cc032fd7d,WEN38,1,60001,1,PR1_HT0_EC1,cf9bc95d906238978e0c5ab26a1947d4104e026d3bac972323bf05453ec86ca7,benchmark,original,No-HT,500,planning,15,2.7701666020197657,114955.33333333334,-0.33313902652480465
WEN38:i1:nsga2:s60001:r1:PR1_HT0_EC1:810cc032fd7d,WEN38,1,60001,1,PR1_HT0_EC1,cf9bc95d906238978e0c5ab26a1947d4104e026d3bac972323bf05453ec86ca7,benchmark,original,No-HT,500,planning,16,2.803711760625413,103727.83333333334,-0.2798237330835036
WEN38:i1:nsga2:s60001:r1:PR1_HT0_EC1:810cc032fd7d,WEN38,1,60001,1,PR1_HT0_EC1,cf9bc95d906238978e0c5ab26a1947d4104e026d3bac972323bf05453ec86ca7,benchmark,original,No-HT,500,planning,17,2.8041547088890555,100313.83333333334,-0.2798237330835036
WEN38:i1:nsga2:s60001:r1:PR1_HT0_EC1:810cc032fd7d,WEN38,1,60001,1,PR1_HT0_EC1,cf9bc95d906238978e0c5ab26a1947d4104e026d3bac972323bf05453ec86ca7,benchmark,original,No-HT,500,planning,18,3.09972011016965,80998.16666666667,-0.0
WEN38:i1:nsga2:s60001:r1:PR1_HT1_EC0:f2ee064e9de3,WEN38,1,60001,1,PR1_HT1_EC0,cf9bc95d906238978e0c5ab26a1947d4104e026d3bac972323bf05453ec86ca7,benchmark,original,No-EC,500,planning,0,2.4617190621606095,164368.33333333334,-0.0
WEN38:i1:nsga2:s60001:r1:PR1_HT1_EC0:f2ee064e9de3,WEN38,1,60001,1,PR1_HT1_EC0,cf9bc95d906238978e0c5ab26a1947d4104e026d3bac972323bf05453ec86ca7,benchmark,original,No-EC,500,planning,1,2.4622224676977886,155034.33333333334,-0.0
WEN38:i1:nsga2:s60001:r1:PR1_HT1_EC0:f2ee064e9de3,WEN38,1,60001,1,PR1_HT1_EC0,cf9bc95d906238978e0c5ab26a1947d4104e026d3bac972323bf05453ec86ca7,benchmark,original,No-EC,500,planning,2,2.4623110573509694,139137.83333333334,-0.0
WEN38:i1:nsga2:s60001:r1:PR1_HT1_EC0:f2ee064e9de3,WEN38,1,60001,1,PR1_HT1_EC0,cf9bc95d906238978e0c5ab26a1947d4104e026d3bac972323bf05453ec86ca7,benchmark,original,No-EC,500,planning,3,2.463111098473618,137647.33333333334,-0.0
WEN38:i1:nsga2:s60001:r1:PR1_HT1_EC0:f2ee064e9de3,WEN38,1,60001,1,PR1_HT1_EC0,cf9bc95d906238978e0c5ab26a1947d4104e026d3bac972323bf05453ec86ca7,benchmark,original,No-EC,500,planning,4,2.463679822170146,136278.6666666667,-0.0
WEN38:i1:nsga2:s60001:r1:PR1_HT1_EC0:f2ee064e9de3,WEN38,1,60001,1,PR1_HT1_EC0,cf9bc95d906238978e0c5ab26a1947d4104e026d3bac972323bf05453ec86ca7,benchmark,original,No-EC,500,planning,5,2.463702607574656,131319.33333333334,-0.0
WEN38:i1:nsga2:s60001:r1:PR1_HT1_EC0:f2ee064e9de3,WEN38,1,60001,1,PR1_HT1_EC0,cf9bc95d906238978e0c5ab26a1947d4104e026d3bac972323bf05453ec86ca7,benchmark,original,No-EC,500,planning,6,2.4641227704337894,130911.33333333334,-0.0
WEN38:i1:nsga2:s60001:r1:PR1_HT1_EC0:f2ee064e9de3,WEN38,1,60001,1,PR1_HT1_EC0,cf9bc95d906238978e0c5ab26a1947d4104e026d3bac972323bf05453ec86ca7,benchmark,original,No-EC,500,planning,7,2.46460794757422,125578.5,-0.0
WEN38:i1:nsga2:s60001:r1:PR1_HT1_EC0:f2ee064e9de3,WEN38,1,60001,1,PR1_HT1_EC0,cf9bc95d906238978e0c5ab26a1947d4104e026d3bac972323bf05453ec86ca7,benchmark,original,No-EC,500,planning,8,2.4648866587150406,116372.66666666666,-0.0
WEN38:i1:nsga2:s60001:r1:PR1_HT1_EC0:f2ee064e9de3,WEN38,1,60001,1,PR1_HT1_EC0,cf9bc95d906238978e0c5ab26a1947d4104e026d3bac972323bf05453ec86ca7,benchmark,original,No-EC,500,planning,9,2.4649200773085607,113927.66666666666,-0.0
WEN38:i1:nsga2:s60001:r1:PR1_HT1_EC0:f2ee064e9de3,WEN38,1,60001,1,PR1_HT1_EC0,cf9bc95d906238978e0c5ab26a1947d4104e026d3bac972323bf05453ec86ca7,benchmark,original,No-EC,500,planning,10,2.4658059738356037,107426.0,-0.0
WEN38:i1:nsga2:s60001:r1:PR1_HT1_EC0:f2ee064e9de3,WEN38,1,60001,1,PR1_HT1_EC0,cf9bc95d906238978e0c5ab26a1947d4104e026d3bac972323bf05453ec86ca7,benchmark,original,No-EC,500,planning,11,2.4907891065604746,97519.66666666667,-0.0
WEN38:i1:nsga2:s60001:r1:PR1_HT1_EC0:f2ee064e9de3,WEN38,1,60001,1,PR1_HT1_EC0,cf9bc95d906238978e0c5ab26a1947d4104e026d3bac972323bf05453ec86ca7,benchmark,original,No-EC,500,planning,12,2.5355181678493537,148835.6666666667,-0.35428462087384105
WEN38:i1:nsga2:s60001:r1:PR1_HT1_EC0:f2ee064e9de3,WEN38,1,60001,1,PR1_HT1_EC0,cf9bc95d906238978e0c5ab26a1947d4104e026d3bac972323bf05453ec86ca7,benchmark,original,No-EC,500,planning,13,2.5356972936172317,147531.6666666667,-0.3521242599035759
WEN38:i1:nsga2:s60001:r1:PR1_HT1_EC0:f2ee064e9de3,WEN38,1,60001,1,PR1_HT1_EC0,cf9bc95d906238978e0c5ab26a1947d4104e026d3bac972323bf05453ec86ca7,benchmark,original,No-EC,500,planning,14,2.5754352829199636,144345.6666666667,-0.06267922982624441
WEN38:i1:nsga2:s60001:r1:PR1_HT1_EC0:f2ee064e9de3,WEN38,1,60001,1,PR1_HT1_EC0,cf9bc95d906238978e0c5ab26a1947d4104e026d3bac972323bf05453ec86ca7,benchmark,original,No-EC,500,planning,15,2.576321179447249,143616.33333333334,-0.06267922982624441
WEN38:i1:nsga2:s60001:r1:PR1_HT1_EC0:f2ee064e9de3,WEN38,1,60001,1,PR1_HT1_EC0,cf9bc95d906238978e0c5ab26a1947d4104e026d3bac972323bf05453ec86ca7,benchmark,original,No-EC,500,planning,16,2.5875185564348566,139377.1666666667,-0.2847764926555101
WEN38:i1:nsga2:s60001:r1:PR1_HT1_EC0:f2ee064e9de3,WEN38,1,60001,1,PR1_HT1_EC0,cf9bc95d906238978e0c5ab26a1947d4104e026d3bac972323bf05453ec86ca7,benchmark,original,No-EC,500,planning,17,2.601521554629481,125017.33333333334,-0.4019864087831593
WEN38:i1:nsga2:s60001:r1:PR1_HT1_EC0:f2ee064e9de3,WEN38,1,60001,1,PR1_HT1_EC0,cf9bc95d906238978e0c5ab26a1947d4104e026d3bac972323bf05453ec86ca7,benchmark,original,No-EC,500,planning,18,2.605951037265932,120912.0,-0.27640733712996735
WEN38:i1:nsga2:s60001:r1:PR1_HT1_EC0:f2ee064e9de3,WEN38,1,60001,1,PR1_HT1_EC0,cf9bc95d906238978e0c5ab26a1947d4104e026d3bac972323bf05453ec86ca7,benchmark,original,No-EC,500,planning,19,2.6120875416491964,107706.66666666666,-0.15353311136004777
WEN38:i1:nsga2:s60001:r1:PR1_HT1_EC0:f2ee064e9de3,WEN38,1,60001,1,PR1_HT1_EC0,cf9bc95d906238978e0c5ab26a1947d4104e026d3bac972323bf05453ec86ca7,benchmark,original,No-EC,500,planning,20,2.6287423963597236,149233.6666666667,-0.4430379746845574
WEN38:i1:nsga2:s60001:r1:PR1_HT1_EC0:f2ee064e9de3,WEN38,1,60001,1,PR1_HT1_EC0,cf9bc95d906238978e0c5ab26a1947d4104e026d3bac972323bf05453ec86ca7,benchmark,original,No-EC,500,planning,21,2.664867774172405,95443.66666666667,-0.0
WEN38:i1:nsga2:s60001:r1:PR1_HT1_EC0:f2ee064e9de3,WEN38,1,60001,1,PR1_HT1_EC0,cf9bc95d906238978e0c5ab26a1947d4104e026d3bac972323bf05453ec86ca7,benchmark,original,No-EC,500,planning,22,2.8067883978448336,103847.00000000001,-0.2847764926555101
WEN38:i1:nsga2:s60001:r1:PR1_HT1_EC0:f2ee064e9de3,WEN38,1,60001,1,PR1_HT1_EC0,cf9bc95d906238978e0c5ab26a1947d4104e026d3bac972323bf05453ec86ca7,benchmark,original,No-EC,500,planning,23,2.819212883975501,136905.16666666666,-0.4140845070432988
WEN38:i1:nsga2:s60001:r1:PR1_HT1_EC0:f2ee064e9de3,WEN38,1,60001,1,PR1_HT1_EC0,cf9bc95d906238978e0c5ab26a1947d4104e026d3bac972323bf05453ec86ca7,benchmark,original,No-EC,500,planning,24,2.819511038589445,93970.0,-0.0
WEN38:i1:nsga2:s60001:r1:PR1_HT1_EC0:f2ee064e9de3,WEN38,1,60001,1,PR1_HT1_EC0,cf9bc95d906238978e0c5ab26a1947d4104e026d3bac972323bf05453ec86ca7,benchmark,original,No-EC,500,planning,25,2.8362887522026927,85992.66666666667,-0.0
WEN38:i1:nsga2:s60001:r1:PR1_HT1_EC0:f2ee064e9de3,WEN38,1,60001,1,PR1_HT1_EC0,cf9bc95d906238978e0c5ab26a1947d4104e026d3bac972323bf05453ec86ca7,benchmark,original,No-EC,500,planning,26,2.865346158298019,81636.66666666667,-0.0
WEN38:i1:nsga2:s60001:r1:PR1_HT1_EC1:ceb9ada93d38,WEN38,1,60001,1,PR1_HT1_EC1,cf9bc95d906238978e0c5ab26a1947d4104e026d3bac972323bf05453ec86ca7,benchmark,original,Full,500,planning,0,2.4617190621606095,164368.33333333334,-0.0
WEN38:i1:nsga2:s60001:r1:PR1_HT1_EC1:ceb9ada93d38,WEN38,1,60001,1,PR1_HT1_EC1,cf9bc95d906238978e0c5ab26a1947d4104e026d3bac972323bf05453ec86ca7,benchmark,original,Full,500,planning,1,2.4622224676977886,155034.33333333334,-0.0
WEN38:i1:nsga2:s60001:r1:PR1_HT1_EC1:ceb9ada93d38,WEN38,1,60001,1,PR1_HT1_EC1,cf9bc95d906238978e0c5ab26a1947d4104e026d3bac972323bf05453ec86ca7,benchmark,original,Full,500,planning,2,2.4623110573509694,139137.83333333334,-0.0
WEN38:i1:nsga2:s60001:r1:PR1_HT1_EC1:ceb9ada93d38,WEN38,1,60001,1,PR1_HT1_EC1,cf9bc95d906238978e0c5ab26a1947d4104e026d3bac972323bf05453ec86ca7,benchmark,original,Full,500,planning,3,2.463111098473618,137647.33333333334,-0.0
WEN38:i1:nsga2:s60001:r1:PR1_HT1_EC1:ceb9ada93d38,WEN38,1,60001,1,PR1_HT1_EC1,cf9bc95d906238978e0c5ab26a1947d4104e026d3bac972323bf05453ec86ca7,benchmark,original,Full,500,planning,4,2.463679822170146,136278.6666666667,-0.0
WEN38:i1:nsga2:s60001:r1:PR1_HT1_EC1:ceb9ada93d38,WEN38,1,60001,1,PR1_HT1_EC1,cf9bc95d906238978e0c5ab26a1947d4104e026d3bac972323bf05453ec86ca7,benchmark,original,Full,500,planning,5,2.463702607574656,131319.33333333334,-0.0
WEN38:i1:nsga2:s60001:r1:PR1_HT1_EC1:ceb9ada93d38,WEN38,1,60001,1,PR1_HT1_EC1,cf9bc95d906238978e0c5ab26a1947d4104e026d3bac972323bf05453ec86ca7,benchmark,original,Full,500,planning,6,2.4641227704337894,130911.33333333334,-0.0
WEN38:i1:nsga2:s60001:r1:PR1_HT1_EC1:ceb9ada93d38,WEN38,1,60001,1,PR1_HT1_EC1,cf9bc95d906238978e0c5ab26a1947d4104e026d3bac972323bf05453ec86ca7,benchmark,original,Full,500,planning,7,2.46460794757422,125578.5,-0.0
WEN38:i1:nsga2:s60001:r1:PR1_HT1_EC1:ceb9ada93d38,WEN38,1,60001,1,PR1_HT1_EC1,cf9bc95d906238978e0c5ab26a1947d4104e026d3bac972323bf05453ec86ca7,benchmark,original,Full,500,planning,8,2.4648866587150406,116372.66666666666,-0.0
WEN38:i1:nsga2:s60001:r1:PR1_HT1_EC1:ceb9ada93d38,WEN38,1,60001,1,PR1_HT1_EC1,cf9bc95d906238978e0c5ab26a1947d4104e026d3bac972323bf05453ec86ca7,benchmark,original,Full,500,planning,9,2.4649200773085607,113927.66666666666,-0.0
WEN38:i1:nsga2:s60001:r1:PR1_HT1_EC1:ceb9ada93d38,WEN38,1,60001,1,PR1_HT1_EC1,cf9bc95d906238978e0c5ab26a1947d4104e026d3bac972323bf05453ec86ca7,benchmark,original,Full,500,planning,10,2.4658059738356037,107426.0,-0.0
WEN38:i1:nsga2:s60001:r1:PR1_HT1_EC1:ceb9ada93d38,WEN38,1,60001,1,PR1_HT1_EC1,cf9bc95d906238978e0c5ab26a1947d4104e026d3bac972323bf05453ec86ca7,benchmark,original,Full,500,planning,11,2.4907891065604746,97519.66666666667,-0.0
WEN38:i1:nsga2:s60001:r1:PR1_HT1_EC1:ceb9ada93d38,WEN38,1,60001,1,PR1_HT1_EC1,cf9bc95d906238978e0c5ab26a1947d4104e026d3bac972323bf05453ec86ca7,benchmark,original,Full,500,planning,12,2.5355181678493537,148835.6666666667,-0.35428462087384105
WEN38:i1:nsga2:s60001:r1:PR1_HT1_EC1:ceb9ada93d38,WEN38,1,60001,1,PR1_HT1_EC1,cf9bc95d906238978e0c5ab26a1947d4104e026d3bac972323bf05453ec86ca7,benchmark,original,Full,500,planning,13,2.5356972936172317,147531.6666666667,-0.3521242599035759
WEN38:i1:nsga2:s60001:r1:PR1_HT1_EC1:ceb9ada93d38,WEN38,1,60001,1,PR1_HT1_EC1,cf9bc95d906238978e0c5ab26a1947d4104e026d3bac972323bf05453ec86ca7,benchmark,original,Full,500,planning,14,2.5754352829199636,144345.6666666667,-0.06267922982624441
WEN38:i1:nsga2:s60001:r1:PR1_HT1_EC1:ceb9ada93d38,WEN38,1,60001,1,PR1_HT1_EC1,cf9bc95d906238978e0c5ab26a1947d4104e026d3bac972323bf05453ec86ca7,benchmark,original,Full,500,planning,15,2.576321179447249,143616.33333333334,-0.06267922982624441
WEN38:i1:nsga2:s60001:r1:PR1_HT1_EC1:ceb9ada93d38,WEN38,1,60001,1,PR1_HT1_EC1,cf9bc95d906238978e0c5ab26a1947d4104e026d3bac972323bf05453ec86ca7,benchmark,original,Full,500,planning,16,2.5875185564348566,139377.1666666667,-0.2847764926555101
WEN38:i1:nsga2:s60001:r1:PR1_HT1_EC1:ceb9ada93d38,WEN38,1,60001,1,PR1_HT1_EC1,cf9bc95d906238978e0c5ab26a1947d4104e026d3bac972323bf05453ec86ca7,benchmark,original,Full,500,planning,17,2.601521554629481,125017.33333333334,-0.4019864087831593
WEN38:i1:nsga2:s60001:r1:PR1_HT1_EC1:ceb9ada93d38,WEN38,1,60001,1,PR1_HT1_EC1,cf9bc95d906238978e0c5ab26a1947d4104e026d3bac972323bf05453ec86ca7,benchmark,original,Full,500,planning,18,2.605951037265932,120912.0,-0.27640733712996735
WEN38:i1:nsga2:s60001:r1:PR1_HT1_EC1:ceb9ada93d38,WEN38,1,60001,1,PR1_HT1_EC1,cf9bc95d906238978e0c5ab26a1947d4104e026d3bac972323bf05453ec86ca7,benchmark,original,Full,500,planning,19,2.6120875416491964,107706.66666666666,-0.15353311136004777
WEN38:i1:nsga2:s60001:r1:PR1_HT1_EC1:ceb9ada93d38,WEN38,1,60001,1,PR1_HT1_EC1,cf9bc95d906238978e0c5ab26a1947d4104e026d3bac972323bf05453ec86ca7,benchmark,original,Full,500,planning,20,2.6287423963597236,149233.6666666667,-0.4430379746845574
WEN38:i1:nsga2:s60001:r1:PR1_HT1_EC1:ceb9ada93d38,WEN38,1,60001,1,PR1_HT1_EC1,cf9bc95d906238978e0c5ab26a1947d4104e026d3bac972323bf05453ec86ca7,benchmark,original,Full,500,planning,21,2.664867774172405,95443.66666666667,-0.0
WEN38:i1:nsga2:s60001:r1:PR1_HT1_EC1:ceb9ada93d38,WEN38,1,60001,1,PR1_HT1_EC1,cf9bc95d906238978e0c5ab26a1947d4104e026d3bac972323bf05453ec86ca7,benchmark,original,Full,500,planning,22,2.8067883978448336,103847.00000000001,-0.2847764926555101
WEN38:i1:nsga2:s60001:r1:PR1_HT1_EC1:ceb9ada93d38,WEN38,1,60001,1,PR1_HT1_EC1,cf9bc95d906238978e0c5ab26a1947d4104e026d3bac972323bf05453ec86ca7,benchmark,original,Full,500,planning,23,2.819212883975501,136905.16666666666,-0.4140845070432988
WEN38:i1:nsga2:s60001:r1:PR1_HT1_EC1:ceb9ada93d38,WEN38,1,60001,1,PR1_HT1_EC1,cf9bc95d906238978e0c5ab26a1947d4104e026d3bac972323bf05453ec86ca7,benchmark,original,Full,500,planning,24,2.819511038589445,93970.0,-0.0
WEN38:i1:nsga2:s60001:r1:PR1_HT1_EC1:ceb9ada93d38,WEN38,1,60001,1,PR1_HT1_EC1,cf9bc95d906238978e0c5ab26a1947d4104e026d3bac972323bf05453ec86ca7,benchmark,original,Full,500,planning,25,2.8362887522026927,85992.66666666667,-0.0
WEN38:i1:nsga2:s60001:r1:PR1_HT1_EC1:ceb9ada93d38,WEN38,1,60001,1,PR1_HT1_EC1,cf9bc95d906238978e0c5ab26a1947d4104e026d3bac972323bf05453ec86ca7,benchmark,original,Full,500,planning,26,2.865346158298019,81636.66666666667,-0.0
WEN38:i1:nsga2:s60002:r2:PR0_HT1_EC1:7b250956fe84,WEN38,1,60002,2,PR0_HT1_EC1,cf9bc95d906238978e0c5ab26a1947d4104e026d3bac972323bf05453ec86ca7,benchmark,original,No-PR,500,planning,0,2.459833281322643,148315.0,-0.0
WEN38:i1:nsga2:s60002:r2:PR0_HT1_EC1:7b250956fe84,WEN38,1,60002,2,PR0_HT1_EC1,cf9bc95d906238978e0c5ab26a1947d4104e026d3bac972323bf05453ec86ca7,benchmark,original,No-PR,500,planning,1,2.4614745275428085,107120.0,-0.0
WEN38:i1:nsga2:s60002:r2:PR0_HT1_EC1:7b250956fe84,WEN38,1,60002,2,PR0_HT1_EC1,cf9bc95d906238978e0c5ab26a1947d4104e026d3bac972323bf05453ec86ca7,benchmark,original,No-PR,500,planning,2,2.4897479654772603,95509.0,-0.0
WEN38:i1:nsga2:s60002:r2:PR0_HT1_EC1:7b250956fe84,WEN38,1,60002,2,PR0_HT1_EC1,cf9bc95d906238978e0c5ab26a1947d4104e026d3bac972323bf05453ec86ca7,benchmark,original,No-PR,500,planning,3,2.567674474224389,126881.0,-0.044676409188468824
WEN38:i1:nsga2:s60002:r2:PR0_HT1_EC1:7b250956fe84,WEN38,1,60002,2,PR0_HT1_EC1,cf9bc95d906238978e0c5ab26a1947d4104e026d3bac972323bf05453ec86ca7,benchmark,original,No-PR,500,planning,4,2.5689519151420717,91096.0,-0.0
WEN38:i1:nsga2:s60002:r2:PR0_HT1_EC1:7b250956fe84,WEN38,1,60002,2,PR0_HT1_EC1,cf9bc95d906238978e0c5ab26a1947d4104e026d3bac972323bf05453ec86ca7,benchmark,original,No-PR,500,planning,5,2.6056784575335596,145488.0,-0.25253185233759723
WEN38:i1:nsga2:s60002:r2:PR0_HT1_EC1:7b250956fe84,WEN38,1,60002,2,PR0_HT1_EC1,cf9bc95d906238978e0c5ab26a1947d4104e026d3bac972323bf05453ec86ca7,benchmark,original,No-PR,500,planning,6,2.642562199904172,127429.0,-0.19464977120969706
WEN38:i1:nsga2:s60002:r2:PR0_HT1_EC1:7b250956fe84,WEN38,1,60002,2,PR0_HT1_EC1,cf9bc95d906238978e0c5ab26a1947d4104e026d3bac972323bf05453ec86ca7,benchmark,original,No-PR,500,planning,7,2.663529511415745,123395.0,-0.19464977120969706
WEN38:i1:nsga2:s60002:r2:PR0_HT1_EC1:7b250956fe84,WEN38,1,60002,2,PR0_HT1_EC1,cf9bc95d906238978e0c5ab26a1947d4104e026d3bac972323bf05453ec86ca7,benchmark,original,No-PR,500,planning,8,2.6636314685050335,113839.0,-0.2673711175175413
WEN38:i1:nsga2:s60002:r2:PR0_HT1_EC1:7b250956fe84,WEN38,1,60002,2,PR0_HT1_EC1,cf9bc95d906238978e0c5ab26a1947d4104e026d3bac972323bf05453ec86ca7,benchmark,original,No-PR,500,planning,9,2.6751347559231107,99600.5,-0.06267922982624441
WEN38:i1:nsga2:s60002:r2:PR0_HT1_EC1:7b250956fe84,WEN38,1,60002,2,PR0_HT1_EC1,cf9bc95d906238978e0c5ab26a1947d4104e026d3bac972323bf05453ec86ca7,benchmark,original,No-PR,500,planning,10,2.769539973015003,139603.0,-0.33313902652480465
WEN38:i1:nsga2:s60002:r2:PR0_HT1_EC1:7b250956fe84,WEN38,1,60002,2,PR0_HT1_EC1,cf9bc95d906238978e0c5ab26a1947d4104e026d3bac972323bf05453ec86ca7,benchmark,original,No-PR,500,planning,11,2.7709887601736156,78888.0,-0.0
WEN38:i1:nsga2:s60002:r2:PR0_HT1_EC1:7b250956fe84,WEN38,1,60002,2,PR0_HT1_EC1,cf9bc95d906238978e0c5ab26a1947d4104e026d3bac972323bf05453ec86ca7,benchmark,original,No-PR,500,planning,12,2.783539872394225,108350.0,-0.33313902652480465
WEN38:i1:nsga2:s60002:r2:PR0_HT1_EC1:7b250956fe84,WEN38,1,60002,2,PR0_HT1_EC1,cf9bc95d906238978e0c5ab26a1947d4104e026d3bac972323bf05453ec86ca7,benchmark,original,No-PR,500,planning,13,2.829486367161678,105831.0,-0.15353311136004777
WEN38:i1:nsga2:s60002:r2:PR0_HT1_EC1:7b250956fe84,WEN38,1,60002,2,PR0_HT1_EC1,cf9bc95d906238978e0c5ab26a1947d4104e026d3bac972323bf05453ec86ca7,benchmark,original,No-PR,500,planning,14,2.8326185400051433,107346.0,-0.24338624338815862
WEN38:i1:nsga2:s60002:r2:PR0_HT1_EC1:7b250956fe84,WEN38,1,60002,2,PR0_HT1_EC1,cf9bc95d906238978e0c5ab26a1947d4104e026d3bac972323bf05453ec86ca7,benchmark,original,No-PR,500,planning,15,2.8761753015477707,124432.5,-0.39019189765622286
WEN38:i1:nsga2:s60002:r2:PR0_HT1_EC1:7b250956fe84,WEN38,1,60002,2,PR0_HT1_EC1,cf9bc95d906238978e0c5ab26a1947d4104e026d3bac972323bf05453ec86ca7,benchmark,original,No-PR,500,planning,16,2.9326648764041634,104405.0,-0.15353311135913827
WEN38:i1:nsga2:s60002:r2:PR0_HT1_EC1:7b250956fe84,WEN38,1,60002,2,PR0_HT1_EC1,cf9bc95d906238978e0c5ab26a1947d4104e026d3bac972323bf05453ec86ca7,benchmark,original,No-PR,500,planning,17,2.9348785847850127,99365.0,-0.19464977120969706
WEN38:i1:nsga2:s60002:r2:PR0_HT1_EC1:7b250956fe84,WEN38,1,60002,2,PR0_HT1_EC1,cf9bc95d906238978e0c5ab26a1947d4104e026d3bac972323bf05453ec86ca7,benchmark,original,No-PR,500,planning,18,2.9395834366304454,93657.0,-0.044676409188468824
WEN38:i1:nsga2:s60002:r2:PR0_HT1_EC1:7b250956fe84,WEN38,1,60002,2,PR0_HT1_EC1,cf9bc95d906238978e0c5ab26a1947d4104e026d3bac972323bf05453ec86ca7,benchmark,original,No-PR,500,planning,19,2.9957407091474817,97448.0,-0.3385371494669016
WEN38:i1:nsga2:s60002:r2:PR0_HT1_EC1:7b250956fe84,WEN38,1,60002,2,PR0_HT1_EC1,cf9bc95d906238978e0c5ab26a1947d4104e026d3bac972323bf05453ec86ca7,benchmark,original,No-PR,500,planning,20,3.103477879080816,94206.0,-0.35820476858498296
WEN38:i1:nsga2:s60002:r2:PR0_HT1_EC1:7b250956fe84,WEN38,1,60002,2,PR0_HT1_EC1,cf9bc95d906238978e0c5ab26a1947d4104e026d3bac972323bf05453ec86ca7,benchmark,original,No-PR,500,planning,21,3.1881574348731316,93850.0,-0.3385371494659921
WEN38:i1:nsga2:s60002:r2:PR0_HT1_EC1:7b250956fe84,WEN38,1,60002,2,PR0_HT1_EC1,cf9bc95d906238978e0c5ab26a1947d4104e026d3bac972323bf05453ec86ca7,benchmark,original,No-PR,500,planning,22,3.2445890436611435,98252.0,-0.3947089947096174
WEN38:i1:nsga2:s60002:r2:PR1_HT0_EC1:08ec9ca4fa4d,WEN38,1,60002,2,PR1_HT0_EC1,cf9bc95d906238978e0c5ab26a1947d4104e026d3bac972323bf05453ec86ca7,benchmark,original,No-HT,500,planning,0,2.4630527456105282,109728.33333333334,-0.0
WEN38:i1:nsga2:s60002:r2:PR1_HT0_EC1:08ec9ca4fa4d,WEN38,1,60002,2,PR1_HT0_EC1,cf9bc95d906238978e0c5ab26a1947d4104e026d3bac972323bf05453ec86ca7,benchmark,original,No-HT,500,planning,1,2.4637821913785514,108455.0,-0.0
WEN38:i1:nsga2:s60002:r2:PR1_HT0_EC1:08ec9ca4fa4d,WEN38,1,60002,2,PR1_HT0_EC1,cf9bc95d906238978e0c5ab26a1947d4104e026d3bac972323bf05453ec86ca7,benchmark,original,No-HT,500,planning,2,2.4648350725594006,107032.0,-0.0
WEN38:i1:nsga2:s60002:r2:PR1_HT0_EC1:08ec9ca4fa4d,WEN38,1,60002,2,PR1_HT0_EC1,cf9bc95d906238978e0c5ab26a1947d4104e026d3bac972323bf05453ec86ca7,benchmark,original,No-HT,500,planning,3,2.4658284648522657,103377.33333333334,-0.0
WEN38:i1:nsga2:s60002:r2:PR1_HT0_EC1:08ec9ca4fa4d,WEN38,1,60002,2,PR1_HT0_EC1,cf9bc95d906238978e0c5ab26a1947d4104e026d3bac972323bf05453ec86ca7,benchmark,original,No-HT,500,planning,4,2.4661735765649317,99967.33333333333,-0.0
WEN38:i1:nsga2:s60002:r2:PR1_HT0_EC1:08ec9ca4fa4d,WEN38,1,60002,2,PR1_HT0_EC1,cf9bc95d906238978e0c5ab26a1947d4104e026d3bac972323bf05453ec86ca7,benchmark,original,No-HT,500,planning,5,2.4936231247929457,94823.66666666669,-0.0
WEN38:i1:nsga2:s60002:r2:PR1_HT0_EC1:08ec9ca4fa4d,WEN38,1,60002,2,PR1_HT0_EC1,cf9bc95d906238978e0c5ab26a1947d4104e026d3bac972323bf05453ec86ca7,benchmark,original,No-HT,500,planning,6,2.496280814375229,93821.0,-0.0
WEN38:i1:nsga2:s60002:r2:PR1_HT0_EC1:08ec9ca4fa4d,WEN38,1,60002,2,PR1_HT0_EC1,cf9bc95d906238978e0c5ab26a1947d4104e026d3bac972323bf05453ec86ca7,benchmark,original,No-HT,500,planning,7,2.515464040446524,157456.6666666667,-0.06267922982624441
WEN38:i1:nsga2:s60002:r2:PR1_HT0_EC1:08ec9ca4fa4d,WEN38,1,60002,2,PR1_HT0_EC1,cf9bc95d906238978e0c5ab26a1947d4104e026d3bac972323bf05453ec86ca7,benchmark,original,No-HT,500,planning,8,2.5217574485810963,149523.0,-0.19464977120969706
WEN38:i1:nsga2:s60002:r2:PR1_HT0_EC1:08ec9ca4fa4d,WEN38,1,60002,2,PR1_HT0_EC1,cf9bc95d906238978e0c5ab26a1947d4104e026d3bac972323bf05453ec86ca7,benchmark,original,No-HT,500,planning,9,2.545734195279328,124195.33333333333,-0.06267922982624441
WEN38:i1:nsga2:s60002:r2:PR1_HT0_EC1:08ec9ca4fa4d,WEN38,1,60002,2,PR1_HT0_EC1,cf9bc95d906238978e0c5ab26a1947d4104e026d3bac972323bf05453ec86ca7,benchmark,original,No-HT,500,planning,10,2.577454057852796,133707.0,-0.15353311136004777
WEN38:i1:nsga2:s60002:r2:PR1_HT0_EC1:08ec9ca4fa4d,WEN38,1,60002,2,PR1_HT0_EC1,cf9bc95d906238978e0c5ab26a1947d4104e026d3bac972323bf05453ec86ca7,benchmark,original,No-HT,500,planning,11,2.602769161858233,109232.66666666667,-0.3385371494669016
WEN38:i1:nsga2:s60002:r2:PR1_HT0_EC1:08ec9ca4fa4d,WEN38,1,60002,2,PR1_HT0_EC1,cf9bc95d906238978e0c5ab26a1947d4104e026d3bac972323bf05453ec86ca7,benchmark,original,No-HT,500,planning,12,2.604555841378613,88299.0,-0.0
WEN38:i1:nsga2:s60002:r2:PR1_HT0_EC1:08ec9ca4fa4d,WEN38,1,60002,2,PR1_HT0_EC1,cf9bc95d906238978e0c5ab26a1947d4104e026d3bac972323bf05453ec86ca7,benchmark,original,No-HT,500,planning,13,2.6358581870477886,102647.66666666667,-0.07405908539294614
WEN38:i1:nsga2:s60002:r2:PR1_HT0_EC1:08ec9ca4fa4d,WEN38,1,60002,2,PR1_HT0_EC1,cf9bc95d906238978e0c5ab26a1947d4104e026d3bac972323bf05453ec86ca7,benchmark,original,No-HT,500,planning,14,2.6776438846665394,82689.66666666667,-0.0
WEN38:i1:nsga2:s60002:r2:PR1_HT0_EC1:08ec9ca4fa4d,WEN38,1,60002,2,PR1_HT0_EC1,cf9bc95d906238978e0c5ab26a1947d4104e026d3bac972323bf05453ec86ca7,benchmark,original,No-HT,500,planning,15,2.679539387278042,99203.33333333333,-0.19464977120969706
WEN38:i1:nsga2:s60002:r2:PR1_HT0_EC1:08ec9ca4fa4d,WEN38,1,60002,2,PR1_HT0_EC1,cf9bc95d906238978e0c5ab26a1947d4104e026d3bac972323bf05453ec86ca7,benchmark,original,No-HT,500,planning,16,2.6875659257732503,82598.0,-0.0
WEN38:i1:nsga2:s60002:r2:PR1_HT0_EC1:08ec9ca4fa4d,WEN38,1,60002,2,PR1_HT0_EC1,cf9bc95d906238978e0c5ab26a1947d4104e026d3bac972323bf05453ec86ca7,benchmark,original,No-HT,500,planning,17,2.698910201446213,114287.33333333334,-0.4139344262312079
WEN38:i1:nsga2:s60002:r2:PR1_HT0_EC1:08ec9ca4fa4d,WEN38,1,60002,2,PR1_HT0_EC1,cf9bc95d906238978e0c5ab26a1947d4104e026d3bac972323bf05453ec86ca7,benchmark,original,No-HT,500,planning,18,2.7235168585271534,114530.0,-0.45354669214339083
WEN38:i1:nsga2:s60002:r2:PR1_HT0_EC1:08ec9ca4fa4d,WEN38,1,60002,2,PR1_HT0_EC1,cf9bc95d906238978e0c5ab26a1947d4104e026d3bac972323bf05453ec86ca7,benchmark,original,No-HT,500,planning,19,2.8862560505908235,94234.33333333334,-0.15353311136004777
WEN38:i1:nsga2:s60002:r2:PR1_HT1_EC0:abbe524f5fc3,WEN38,1,60002,2,PR1_HT1_EC0,cf9bc95d906238978e0c5ab26a1947d4104e026d3bac972323bf05453ec86ca7,benchmark,original,No-EC,500,planning,0,2.4614824619296476,121274.83333333334,-0.0
WEN38:i1:nsga2:s60002:r2:PR1_HT1_EC0:abbe524f5fc3,WEN38,1,60002,2,PR1_HT1_EC0,cf9bc95d906238978e0c5ab26a1947d4104e026d3bac972323bf05453ec86ca7,benchmark,original,No-EC,500,planning,1,2.464142821590198,112933.66666666667,-0.0
WEN38:i1:nsga2:s60002:r2:PR1_HT1_EC0:abbe524f5fc3,WEN38,1,60002,2,PR1_HT1_EC0,cf9bc95d906238978e0c5ab26a1947d4104e026d3bac972323bf05453ec86ca7,benchmark,original,No-EC,500,planning,2,2.4715133398872347,105815.33333333334,-0.0
WEN38:i1:nsga2:s60002:r2:PR1_HT1_EC0:abbe524f5fc3,WEN38,1,60002,2,PR1_HT1_EC0,cf9bc95d906238978e0c5ab26a1947d4104e026d3bac972323bf05453ec86ca7,benchmark,original,No-EC,500,planning,3,2.4834388996329597,126980.0,-0.07405908539294614
WEN38:i1:nsga2:s60002:r2:PR1_HT1_EC0:abbe524f5fc3,WEN38,1,60002,2,PR1_HT1_EC0,cf9bc95d906238978e0c5ab26a1947d4104e026d3bac972323bf05453ec86ca7,benchmark,original,No-EC,500,planning,4,2.5121419471169766,136315.83333333334,-0.1825652018596884
WEN38:i1:nsga2:s60002:r2:PR1_HT1_EC0:abbe524f5fc3,WEN38,1,60002,2,PR1_HT1_EC0,cf9bc95d906238978e0c5ab26a1947d4104e026d3bac972323bf05453ec86ca7,benchmark,original,No-EC,500,planning,5,2.529758102855162,102013.66666666667,-0.0
WEN38:i1:nsga2:s60002:r2:PR1_HT1_EC0:abbe524f5fc3,WEN38,1,60002,2,PR1_HT1_EC0,cf9bc95d906238978e0c5ab26a1947d4104e026d3bac972323bf05453ec86ca7,benchmark,original,No-EC,500,planning,6,2.537220129816566,170204.6666666667,-0.2974525863701274
WEN38:i1:nsga2:s60002:r2:PR1_HT1_EC0:abbe524f5fc3,WEN38,1,60002,2,PR1_HT1_EC0,cf9bc95d906238978e0c5ab26a1947d4104e026d3bac972323bf05453ec86ca7,benchmark,original,No-EC,500,planning,7,2.537839511367591,173705.33333333334,-0.3267981765447985
WEN38:i1:nsga2:s60002:r2:PR1_HT1_EC0:abbe524f5fc3,WEN38,1,60002,2,PR1_HT1_EC0,cf9bc95d906238978e0c5ab26a1947d4104e026d3bac972323bf05453ec86ca7,benchmark,original,No-EC,500,planning,8,2.5475970087092525,99592.00000000001,-0.0
WEN38:i1:nsga2:s60002:r2:PR1_HT1_EC0:abbe524f5fc3,WEN38,1,60002,2,PR1_HT1_EC0,cf9bc95d906238978e0c5ab26a1947d4104e026d3bac972323bf05453ec86ca7,benchmark,original,No-EC,500,planning,9,2.5747748315960326,116550.83333333333,-0.1805157593144031
WEN38:i1:nsga2:s60002:r2:PR1_HT1_EC0:abbe524f5fc3,WEN38,1,60002,2,PR1_HT1_EC0,cf9bc95d906238978e0c5ab26a1947d4104e026d3bac972323bf05453ec86ca7,benchmark,original,No-EC,500,planning,10,2.6545941087045013,152668.3333333333,-0.39582783205878513
WEN38:i1:nsga2:s60002:r2:PR1_HT1_EC0:abbe524f5fc3,WEN38,1,60002,2,PR1_HT1_EC0,cf9bc95d906238978e0c5ab26a1947d4104e026d3bac972323bf05453ec86ca7,benchmark,original,No-EC,500,planning,11,2.655657184537861,115209.66666666667,-0.07405908539294614
WEN38:i1:nsga2:s60002:r2:PR1_HT1_EC0:abbe524f5fc3,WEN38,1,60002,2,PR1_HT1_EC0,cf9bc95d906238978e0c5ab26a1947d4104e026d3bac972323bf05453ec86ca7,benchmark,original,No-EC,500,planning,12,2.659219971147863,123540.0,-0.2798237330835036
WEN38:i1:nsga2:s60002:r2:PR1_HT1_EC0:abbe524f5fc3,WEN38,1,60002,2,PR1_HT1_EC0,cf9bc95d906238978e0c5ab26a1947d4104e026d3bac972323bf05453ec86ca7,benchmark,original,No-EC,500,planning,13,2.7099112514155745,148479.00000000003,-0.34591194968652417
WEN38:i1:nsga2:s60002:r2:PR1_HT1_EC0:abbe524f5fc3,WEN38,1,60002,2,PR1_HT1_EC0,cf9bc95d906238978e0c5ab26a1947d4104e026d3bac972323bf05453ec86ca7,benchmark,original,No-EC,500,planning,14,2.71908737589073,97252.5,-0.0
WEN38:i1:nsga2:s60002:r2:PR1_HT1_EC0:abbe524f5fc3,WEN38,1,60002,2,PR1_HT1_EC0,cf9bc95d906238978e0c5ab26a1947d4104e026d3bac972323bf05453ec86ca7,benchmark,original,No-EC,500,planning,15,2.748338427544221,119557.0,-0.3527581329581153
WEN38:i1:nsga2:s60002:r2:PR1_HT1_EC0:abbe524f5fc3,WEN38,1,60002,2,PR1_HT1_EC0,cf9bc95d906238978e0c5ab26a1947d4104e026d3bac972323bf05453ec86ca7,benchmark,original,No-EC,500,planning,16,2.795645302101181,95053.16666666667,-0.0
WEN38:i1:nsga2:s60002:r2:PR1_HT1_EC0:abbe524f5fc3,WEN38,1,60002,2,PR1_HT1_EC0,cf9bc95d906238978e0c5ab26a1947d4104e026d3bac972323bf05453ec86ca7,benchmark,original,No-EC,500,planning,17,2.8268123936094014,111593.16666666667,-0.2798237330835036
WEN38:i1:nsga2:s60002:r2:PR1_HT1_EC0:abbe524f5fc3,WEN38,1,60002,2,PR1_HT1_EC0,cf9bc95d906238978e0c5ab26a1947d4104e026d3bac972323bf05453ec86ca7,benchmark,original,No-EC,500,planning,18,3.3324100079845707,91337.66666666667,-0.0
WEN38:i1:nsga2:s60002:r2:PR1_HT1_EC1:6bf81821659d,WEN38,1,60002,2,PR1_HT1_EC1,cf9bc95d906238978e0c5ab26a1947d4104e026d3bac972323bf05453ec86ca7,benchmark,original,Full,500,planning,0,2.4614824619296476,121274.83333333334,-0.0
WEN38:i1:nsga2:s60002:r2:PR1_HT1_EC1:6bf81821659d,WEN38,1,60002,2,PR1_HT1_EC1,cf9bc95d906238978e0c5ab26a1947d4104e026d3bac972323bf05453ec86ca7,benchmark,original,Full,500,planning,1,2.464142821590198,112933.66666666667,-0.0
WEN38:i1:nsga2:s60002:r2:PR1_HT1_EC1:6bf81821659d,WEN38,1,60002,2,PR1_HT1_EC1,cf9bc95d906238978e0c5ab26a1947d4104e026d3bac972323bf05453ec86ca7,benchmark,original,Full,500,planning,2,2.4715133398872347,105815.33333333334,-0.0
WEN38:i1:nsga2:s60002:r2:PR1_HT1_EC1:6bf81821659d,WEN38,1,60002,2,PR1_HT1_EC1,cf9bc95d906238978e0c5ab26a1947d4104e026d3bac972323bf05453ec86ca7,benchmark,original,Full,500,planning,3,2.4834388996329597,126980.0,-0.07405908539294614
WEN38:i1:nsga2:s60002:r2:PR1_HT1_EC1:6bf81821659d,WEN38,1,60002,2,PR1_HT1_EC1,cf9bc95d906238978e0c5ab26a1947d4104e026d3bac972323bf05453ec86ca7,benchmark,original,Full,500,planning,4,2.5121419471169766,136315.83333333334,-0.1825652018596884
WEN38:i1:nsga2:s60002:r2:PR1_HT1_EC1:6bf81821659d,WEN38,1,60002,2,PR1_HT1_EC1,cf9bc95d906238978e0c5ab26a1947d4104e026d3bac972323bf05453ec86ca7,benchmark,original,Full,500,planning,5,2.529758102855162,102013.66666666667,-0.0
WEN38:i1:nsga2:s60002:r2:PR1_HT1_EC1:6bf81821659d,WEN38,1,60002,2,PR1_HT1_EC1,cf9bc95d906238978e0c5ab26a1947d4104e026d3bac972323bf05453ec86ca7,benchmark,original,Full,500,planning,6,2.537220129816566,170204.6666666667,-0.2974525863701274
WEN38:i1:nsga2:s60002:r2:PR1_HT1_EC1:6bf81821659d,WEN38,1,60002,2,PR1_HT1_EC1,cf9bc95d906238978e0c5ab26a1947d4104e026d3bac972323bf05453ec86ca7,benchmark,original,Full,500,planning,7,2.537839511367591,173705.33333333334,-0.3267981765447985
WEN38:i1:nsga2:s60002:r2:PR1_HT1_EC1:6bf81821659d,WEN38,1,60002,2,PR1_HT1_EC1,cf9bc95d906238978e0c5ab26a1947d4104e026d3bac972323bf05453ec86ca7,benchmark,original,Full,500,planning,8,2.5475970087092525,99592.00000000001,-0.0
WEN38:i1:nsga2:s60002:r2:PR1_HT1_EC1:6bf81821659d,WEN38,1,60002,2,PR1_HT1_EC1,cf9bc95d906238978e0c5ab26a1947d4104e026d3bac972323bf05453ec86ca7,benchmark,original,Full,500,planning,9,2.5747748315960326,116550.83333333333,-0.1805157593144031
WEN38:i1:nsga2:s60002:r2:PR1_HT1_EC1:6bf81821659d,WEN38,1,60002,2,PR1_HT1_EC1,cf9bc95d906238978e0c5ab26a1947d4104e026d3bac972323bf05453ec86ca7,benchmark,original,Full,500,planning,10,2.6545941087045013,152668.3333333333,-0.39582783205878513
WEN38:i1:nsga2:s60002:r2:PR1_HT1_EC1:6bf81821659d,WEN38,1,60002,2,PR1_HT1_EC1,cf9bc95d906238978e0c5ab26a1947d4104e026d3bac972323bf05453ec86ca7,benchmark,original,Full,500,planning,11,2.655657184537861,115209.66666666667,-0.07405908539294614
WEN38:i1:nsga2:s60002:r2:PR1_HT1_EC1:6bf81821659d,WEN38,1,60002,2,PR1_HT1_EC1,cf9bc95d906238978e0c5ab26a1947d4104e026d3bac972323bf05453ec86ca7,benchmark,original,Full,500,planning,12,2.659219971147863,123540.0,-0.2798237330835036
WEN38:i1:nsga2:s60002:r2:PR1_HT1_EC1:6bf81821659d,WEN38,1,60002,2,PR1_HT1_EC1,cf9bc95d906238978e0c5ab26a1947d4104e026d3bac972323bf05453ec86ca7,benchmark,original,Full,500,planning,13,2.7099112514155745,148479.00000000003,-0.34591194968652417
WEN38:i1:nsga2:s60002:r2:PR1_HT1_EC1:6bf81821659d,WEN38,1,60002,2,PR1_HT1_EC1,cf9bc95d906238978e0c5ab26a1947d4104e026d3bac972323bf05453ec86ca7,benchmark,original,Full,500,planning,14,2.71908737589073,97252.5,-0.0
WEN38:i1:nsga2:s60002:r2:PR1_HT1_EC1:6bf81821659d,WEN38,1,60002,2,PR1_HT1_EC1,cf9bc95d906238978e0c5ab26a1947d4104e026d3bac972323bf05453ec86ca7,benchmark,original,Full,500,planning,15,2.748338427544221,119557.0,-0.3527581329581153
WEN38:i1:nsga2:s60002:r2:PR1_HT1_EC1:6bf81821659d,WEN38,1,60002,2,PR1_HT1_EC1,cf9bc95d906238978e0c5ab26a1947d4104e026d3bac972323bf05453ec86ca7,benchmark,original,Full,500,planning,16,2.795645302101181,95053.16666666667,-0.0
WEN38:i1:nsga2:s60002:r2:PR1_HT1_EC1:6bf81821659d,WEN38,1,60002,2,PR1_HT1_EC1,cf9bc95d906238978e0c5ab26a1947d4104e026d3bac972323bf05453ec86ca7,benchmark,original,Full,500,planning,17,2.8268123936094014,111593.16666666667,-0.2798237330835036
WEN38:i1:nsga2:s60002:r2:PR1_HT1_EC1:6bf81821659d,WEN38,1,60002,2,PR1_HT1_EC1,cf9bc95d906238978e0c5ab26a1947d4104e026d3bac972323bf05453ec86ca7,benchmark,original,Full,500,planning,18,3.3324100079845707,91337.66666666667,-0.0
WEN38:i1:nsga2:s60003:r3:PR0_HT1_EC1:8f1a51c5366d,WEN38,1,60003,3,PR0_HT1_EC1,cf9bc95d906238978e0c5ab26a1947d4104e026d3bac972323bf05453ec86ca7,benchmark,original,No-PR,500,planning,0,2.460193594519583,134920.0,-0.0
WEN38:i1:nsga2:s60003:r3:PR0_HT1_EC1:8f1a51c5366d,WEN38,1,60003,3,PR0_HT1_EC1,cf9bc95d906238978e0c5ab26a1947d4104e026d3bac972323bf05453ec86ca7,benchmark,original,No-PR,500,planning,1,2.4612289633004076,99755.0,-0.0
WEN38:i1:nsga2:s60003:r3:PR0_HT1_EC1:8f1a51c5366d,WEN38,1,60003,3,PR0_HT1_EC1,cf9bc95d906238978e0c5ab26a1947d4104e026d3bac972323bf05453ec86ca7,benchmark,original,No-PR,500,planning,2,2.463170043379634,95725.0,-0.0
WEN38:i1:nsga2:s60003:r3:PR0_HT1_EC1:8f1a51c5366d,WEN38,1,60003,3,PR0_HT1_EC1,cf9bc95d906238978e0c5ab26a1947d4104e026d3bac972323bf05453ec86ca7,benchmark,original,No-PR,500,planning,3,2.5095739500576153,93708.0,-0.0
WEN38:i1:nsga2:s60003:r3:PR0_HT1_EC1:8f1a51c5366d,WEN38,1,60003,3,PR0_HT1_EC1,cf9bc95d906238978e0c5ab26a1947d4104e026d3bac972323bf05453ec86ca7,benchmark,original,No-PR,500,planning,4,2.5673870743223213,130222.0,-0.17161477190711594
WEN38:i1:nsga2:s60003:r3:PR0_HT1_EC1:8f1a51c5366d,WEN38,1,60003,3,PR0_HT1_EC1,cf9bc95d906238978e0c5ab26a1947d4104e026d3bac972323bf05453ec86ca7,benchmark,original,No-PR,500,planning,5,2.5691900985713274,115395.0,-0.17161477190711594
WEN38:i1:nsga2:s60003:r3:PR0_HT1_EC1:8f1a51c5366d,WEN38,1,60003,3,PR0_HT1_EC1,cf9bc95d906238978e0c5ab26a1947d4104e026d3bac972323bf05453ec86ca7,benchmark,original,No-PR,500,planning,6,2.594172380640759,115224.0,-0.17161477190711594
WEN38:i1:nsga2:s60003:r3:PR0_HT1_EC1:8f1a51c5366d,WEN38,1,60003,3,PR0_HT1_EC1,cf9bc95d906238978e0c5ab26a1947d4104e026d3bac972323bf05453ec86ca7,benchmark,original,No-PR,500,planning,7,2.59727301848542,117836.0,-0.25253185233759723
WEN38:i1:nsga2:s60003:r3:PR0_HT1_EC1:8f1a51c5366d,WEN38,1,60003,3,PR0_HT1_EC1,cf9bc95d906238978e0c5ab26a1947d4104e026d3bac972323bf05453ec86ca7,benchmark,original,No-PR,500,planning,8,2.612499805565953,126634.0,-0.3755458515297505
WEN38:i1:nsga2:s60003:r3:PR0_HT1_EC1:8f1a51c5366d,WEN38,1,60003,3,PR0_HT1_EC1,cf9bc95d906238978e0c5ab26a1947d4104e026d3bac972323bf05453ec86ca7,benchmark,original,No-PR,500,planning,9,2.61357351458771,85801.0,-0.0
WEN38:i1:nsga2:s60003:r3:PR0_HT1_EC1:8f1a51c5366d,WEN38,1,60003,3,PR0_HT1_EC1,cf9bc95d906238978e0c5ab26a1947d4104e026d3bac972323bf05453ec86ca7,benchmark,original,No-PR,500,planning,10,2.6140164628511044,85413.0,-0.0
WEN38:i1:nsga2:s60003:r3:PR0_HT1_EC1:8f1a51c5366d,WEN38,1,60003,3,PR0_HT1_EC1,cf9bc95d906238978e0c5ab26a1947d4104e026d3bac972323bf05453ec86ca7,benchmark,original,No-PR,500,planning,11,2.6464402757511802,105192.0,-0.05998356614873046
WEN38:i1:nsga2:s60003:r3:PR0_HT1_EC1:8f1a51c5366d,WEN38,1,60003,3,PR0_HT1_EC1,cf9bc95d906238978e0c5ab26a1947d4104e026d3bac972323bf05453ec86ca7,benchmark,original,No-PR,500,planning,12,2.6891891579910574,112026.0,-0.15353311136004777
WEN38:i1:nsga2:s60003:r3:PR0_HT1_EC1:8f1a51c5366d,WEN38,1,60003,3,PR0_HT1_EC1,cf9bc95d906238978e0c5ab26a1947d4104e026d3bac972323bf05453ec86ca7,benchmark,original,No-PR,500,planning,13,2.7070842678422116,99462.0,-0.06267922982624441
WEN38:i1:nsga2:s60003:r3:PR0_HT1_EC1:8f1a51c5366d,WEN38,1,60003,3,PR0_HT1_EC1,cf9bc95d906238978e0c5ab26a1947d4104e026d3bac972323bf05453ec86ca7,benchmark,original,No-PR,500,planning,14,2.766236271644228,106434.0,-0.17161477190620644
WEN38:i1:nsga2:s60003:r3:PR0_HT1_EC1:8f1a51c5366d,WEN38,1,60003,3,PR0_HT1_EC1,cf9bc95d906238978e0c5ab26a1947d4104e026d3bac972323bf05453ec86ca7,benchmark,original,No-PR,500,planning,15,2.789512564907216,82287.5,-0.0
WEN38:i1:nsga2:s60003:r3:PR0_HT1_EC1:8f1a51c5366d,WEN38,1,60003,3,PR0_HT1_EC1,cf9bc95d906238978e0c5ab26a1947d4104e026d3bac972323bf05453ec86ca7,benchmark,original,No-PR,500,planning,16,2.8075190498157,105278.0,-0.17161477190620644
WEN38:i1:nsga2:s60003:r3:PR0_HT1_EC1:8f1a51c5366d,WEN38,1,60003,3,PR0_HT1_EC1,cf9bc95d906238978e0c5ab26a1947d4104e026d3bac972323bf05453ec86ca7,benchmark,original,No-PR,500,planning,17,2.812834428979718,106830.0,-0.1805157593144031
WEN38:i1:nsga2:s60003:r3:PR0_HT1_EC1:8f1a51c5366d,WEN38,1,60003,3,PR0_HT1_EC1,cf9bc95d906238978e0c5ab26a1947d4104e026d3bac972323bf05453ec86ca7,benchmark,original,No-PR,500,planning,18,2.854714549315374,81900.0,-0.0
WEN38:i1:nsga2:s60003:r3:PR0_HT1_EC1:8f1a51c5366d,WEN38,1,60003,3,PR0_HT1_EC1,cf9bc95d906238978e0c5ab26a1947d4104e026d3bac972323bf05453ec86ca7,benchmark,original,No-PR,500,planning,19,2.857372238897783,87073.0,-0.2780056800274906
WEN38:i1:nsga2:s60003:r3:PR0_HT1_EC1:8f1a51c5366d,WEN38,1,60003,3,PR0_HT1_EC1,cf9bc95d906238978e0c5ab26a1947d4104e026d3bac972323bf05453ec86ca7,benchmark,original,No-PR,500,planning,20,2.9074730293742492,81494.0,-0.0
WEN38:i1:nsga2:s60003:r3:PR0_HT1_EC1:8f1a51c5366d,WEN38,1,60003,3,PR0_HT1_EC1,cf9bc95d906238978e0c5ab26a1947d4104e026d3bac972323bf05453ec86ca7,benchmark,original,No-PR,500,planning,21,2.9770568597340237,88090.5,-0.34591194968743366
WEN38:i1:nsga2:s60003:r3:PR0_HT1_EC1:8f1a51c5366d,WEN38,1,60003,3,PR0_HT1_EC1,cf9bc95d906238978e0c5ab26a1947d4104e026d3bac972323bf05453ec86ca7,benchmark,original,No-PR,500,planning,22,3.0396011545594703,81081.0,-0.0
WEN38:i1:nsga2:s60003:r3:PR1_HT0_EC1:5993863257aa,WEN38,1,60003,3,PR1_HT0_EC1,cf9bc95d906238978e0c5ab26a1947d4104e026d3bac972323bf05453ec86ca7,benchmark,original,No-HT,500,planning,0,2.4610155804145912,135303.16666666666,-0.0
WEN38:i1:nsga2:s60003:r3:PR1_HT0_EC1:5993863257aa,WEN38,1,60003,3,PR1_HT0_EC1,cf9bc95d906238978e0c5ab26a1947d4104e026d3bac972323bf05453ec86ca7,benchmark,original,No-HT,500,planning,1,2.461692925209001,124849.33333333333,-0.0
WEN38:i1:nsga2:s60003:r3:PR1_HT0_EC1:5993863257aa,WEN38,1,60003,3,PR1_HT0_EC1,cf9bc95d906238978e0c5ab26a1947d4104e026d3bac972323bf05453ec86ca7,benchmark,original,No-HT,500,planning,2,2.4616929252091575,129157.5,-0.7216006979651866
WEN38:i1:nsga2:s60003:r3:PR1_HT0_EC1:5993863257aa,WEN38,1,60003,3,PR1_HT0_EC1,cf9bc95d906238978e0c5ab26a1947d4104e026d3bac972323bf05453ec86ca7,benchmark,original,No-HT,500,planning,3,2.461712810639506,122564.66666666666,-0.0
WEN38:i1:nsga2:s60003:r3:PR1_HT0_EC1:5993863257aa,WEN38,1,60003,3,PR1_HT0_EC1,cf9bc95d906238978e0c5ab26a1947d4104e026d3bac972323bf05453ec86ca7,benchmark,original,No-HT,500,planning,4,2.4627535101790183,128376.16666666666,-0.7213621830533157
WEN38:i1:nsga2:s60003:r3:PR1_HT0_EC1:5993863257aa,WEN38,1,60003,3,PR1_HT0_EC1,cf9bc95d906238978e0c5ab26a1947d4104e026d3bac972323bf05453ec86ca7,benchmark,original,No-HT,500,planning,5,2.4628892717617052,117085.66666666667,-0.0
WEN38:i1:nsga2:s60003:r3:PR1_HT0_EC1:5993863257aa,WEN38,1,60003,3,PR1_HT0_EC1,cf9bc95d906238978e0c5ab26a1947d4104e026d3bac972323bf05453ec86ca7,benchmark,original,No-HT,500,planning,6,2.463689242866413,118704.66666666666,-0.7216006979651866
WEN38:i1:nsga2:s60003:r3:PR1_HT0_EC1:5993863257aa,WEN38,1,60003,3,PR1_HT0_EC1,cf9bc95d906238978e0c5ab26a1947d4104e026d3bac972323bf05453ec86ca7,benchmark,original,No-HT,500,planning,7,2.463708765291278,149321.33333333334,-0.7943866903087837
WEN38:i1:nsga2:s60003:r3:PR1_HT0_EC1:5993863257aa,WEN38,1,60003,3,PR1_HT0_EC1,cf9bc95d906238978e0c5ab26a1947d4104e026d3bac972323bf05453ec86ca7,benchmark,original,No-HT,500,planning,8,2.4640818174672043,105046.33333333334,-0.0
WEN38:i1:nsga2:s60003:r3:PR1_HT0_EC1:5993863257aa,WEN38,1,60003,3,PR1_HT0_EC1,cf9bc95d906238978e0c5ab26a1947d4104e026d3bac972323bf05453ec86ca7,benchmark,original,No-HT,500,planning,9,2.464484065655017,143628.0,-0.7938821054294749
WEN38:i1:nsga2:s60003:r3:PR1_HT0_EC1:5993863257aa,WEN38,1,60003,3,PR1_HT0_EC1,cf9bc95d906238978e0c5ab26a1947d4104e026d3bac972323bf05453ec86ca7,benchmark,original,No-HT,500,planning,10,2.465354998151369,128613.5,-0.7248232311776519
WEN38:i1:nsga2:s60003:r3:PR1_HT0_EC1:5993863257aa,WEN38,1,60003,3,PR1_HT0_EC1,cf9bc95d906238978e0c5ab26a1947d4104e026d3bac972323bf05453ec86ca7,benchmark,original,No-HT,500,planning,11,2.465797946414411,131854.66666666666,-0.7266709769273803
WEN38:i1:nsga2:s60003:r3:PR1_HT0_EC1:5993863257aa,WEN38,1,60003,3,PR1_HT0_EC1,cf9bc95d906238978e0c5ab26a1947d4104e026d3bac972323bf05453ec86ca7,benchmark,original,No-HT,500,planning,12,2.466247377129241,134914.0,-0.7973068745568526
WEN38:i1:nsga2:s60003:r3:PR1_HT0_EC1:5993863257aa,WEN38,1,60003,3,PR1_HT0_EC1,cf9bc95d906238978e0c5ab26a1947d4104e026d3bac972323bf05453ec86ca7,benchmark,original,No-HT,500,planning,13,2.46627509271688,103738.5,-0.0
WEN38:i1:nsga2:s60003:r3:PR1_HT0_EC1:5993863257aa,WEN38,1,60003,3,PR1_HT0_EC1,cf9bc95d906238978e0c5ab26a1947d4104e026d3bac972323bf05453ec86ca7,benchmark,original,No-HT,500,planning,14,2.4675849964996104,95289.0,-0.0
WEN38:i1:nsga2:s60003:r3:PR1_HT0_EC1:5993863257aa,WEN38,1,60003,3,PR1_HT0_EC1,cf9bc95d906238978e0c5ab26a1947d4104e026d3bac972323bf05453ec86ca7,benchmark,original,No-HT,500,planning,15,2.5299448824117503,92473.33333333333,-0.0
WEN38:i1:nsga2:s60003:r3:PR1_HT0_EC1:5993863257aa,WEN38,1,60003,3,PR1_HT0_EC1,cf9bc95d906238978e0c5ab26a1947d4104e026d3bac972323bf05453ec86ca7,benchmark,original,No-HT,500,planning,16,2.560320500108152,90985.33333333334,-0.0
WEN38:i1:nsga2:s60003:r3:PR1_HT0_EC1:5993863257aa,WEN38,1,60003,3,PR1_HT0_EC1,cf9bc95d906238978e0c5ab26a1947d4104e026d3bac972323bf05453ec86ca7,benchmark,original,No-HT,500,planning,17,2.6186231247944356,93903.16666666667,-0.05998356614873046
WEN38:i1:nsga2:s60003:r3:PR1_HT0_EC1:5993863257aa,WEN38,1,60003,3,PR1_HT0_EC1,cf9bc95d906238978e0c5ab26a1947d4104e026d3bac972323bf05453ec86ca7,benchmark,original,No-HT,500,planning,18,2.679030634765766,118092.00000000001,-0.15975027543390752
WEN38:i1:nsga2:s60003:r3:PR1_HT0_EC1:5993863257aa,WEN38,1,60003,3,PR1_HT0_EC1,cf9bc95d906238978e0c5ab26a1947d4104e026d3bac972323bf05453ec86ca7,benchmark,original,No-HT,500,planning,19,2.6857634483731303,117132.00000000001,-0.1825652018596884
WEN38:i1:nsga2:s60003:r3:PR1_HT0_EC1:5993863257aa,WEN38,1,60003,3,PR1_HT0_EC1,cf9bc95d906238978e0c5ab26a1947d4104e026d3bac972323bf05453ec86ca7,benchmark,original,No-HT,500,planning,20,2.7241630525990033,104837.33333333333,-0.45354669214339083
WEN38:i1:nsga2:s60003:r3:PR1_HT0_EC1:5993863257aa,WEN38,1,60003,3,PR1_HT0_EC1,cf9bc95d906238978e0c5ab26a1947d4104e026d3bac972323bf05453ec86ca7,benchmark,original,No-HT,500,planning,21,2.7673660023809883,98049.66666666667,-0.19464977120969706
WEN38:i1:nsga2:s60003:r3:PR1_HT0_EC1:5993863257aa,WEN38,1,60003,3,PR1_HT0_EC1,cf9bc95d906238978e0c5ab26a1947d4104e026d3bac972323bf05453ec86ca7,benchmark,original,No-HT,500,planning,22,2.8853580018470693,90350.66666666669,-0.0
WEN38:i1:nsga2:s60003:r3:PR1_HT0_EC1:5993863257aa,WEN38,1,60003,3,PR1_HT0_EC1,cf9bc95d906238978e0c5ab26a1947d4104e026d3bac972323bf05453ec86ca7,benchmark,original,No-HT,500,planning,23,2.917516045787509,88346.0,-0.0
WEN38:i1:nsga2:s60003:r3:PR1_HT1_EC0:3ec21dc8c2c8,WEN38,1,60003,3,PR1_HT1_EC0,cf9bc95d906238978e0c5ab26a1947d4104e026d3bac972323bf05453ec86ca7,benchmark,original,No-EC,500,planning,0,2.461692925209001,131763.16666666666,-0.0
WEN38:i1:nsga2:s60003:r3:PR1_HT1_EC0:3ec21dc8c2c8,WEN38,1,60003,3,PR1_HT1_EC0,cf9bc95d906238978e0c5ab26a1947d4104e026d3bac972323bf05453ec86ca7,benchmark,original,No-EC,500,planning,1,2.462722392810867,126711.0,-0.0
WEN38:i1:nsga2:s60003:r3:PR1_HT1_EC0:3ec21dc8c2c8,WEN38,1,60003,3,PR1_HT1_EC0,cf9bc95d906238978e0c5ab26a1947d4104e026d3bac972323bf05453ec86ca7,benchmark,original,No-EC,500,planning,2,2.4629852920662954,111600.0,-0.0
WEN38:i1:nsga2:s60003:r3:PR1_HT1_EC0:3ec21dc8c2c8,WEN38,1,60003,3,PR1_HT1_EC0,cf9bc95d906238978e0c5ab26a1947d4104e026d3bac972323bf05453ec86ca7,benchmark,original,No-EC,500,planning,3,2.464134288431664,135143.5,-0.7256857127658805
WEN38:i1:nsga2:s60003:r3:PR1_HT1_EC0:3ec21dc8c2c8,WEN38,1,60003,3,PR1_HT1_EC0,cf9bc95d906238978e0c5ab26a1947d4104e026d3bac972323bf05453ec86ca7,benchmark,original,No-EC,500,planning,4,2.465001185830073,132108.16666666666,-0.5405442831861635
WEN38:i1:nsga2:s60003:r3:PR1_HT1_EC0:3ec21dc8c2c8,WEN38,1,60003,3,PR1_HT1_EC0,cf9bc95d906238978e0c5ab26a1947d4104e026d3bac972323bf05453ec86ca7,benchmark,original,No-EC,500,planning,5,2.465001185830287,133635.5,-0.7274170940390832
WEN38:i1:nsga2:s60003:r3:PR1_HT1_EC0:3ec21dc8c2c8,WEN38,1,60003,3,PR1_HT1_EC0,cf9bc95d906238978e0c5ab26a1947d4104e026d3bac972323bf05453ec86ca7,benchmark,original,No-EC,500,planning,6,2.4651369362122804,110932.0,-0.0
WEN38:i1:nsga2:s60003:r3:PR1_HT1_EC0:3ec21dc8c2c8,WEN38,1,60003,3,PR1_HT1_EC0,cf9bc95d906238978e0c5ab26a1947d4104e026d3bac972323bf05453ec86ca7,benchmark,original,No-EC,500,planning,7,2.4658171475115305,108489.33333333334,-0.0
WEN38:i1:nsga2:s60003:r3:PR1_HT1_EC0:3ec21dc8c2c8,WEN38,1,60003,3,PR1_HT1_EC0,cf9bc95d906238978e0c5ab26a1947d4104e026d3bac972323bf05453ec86ca7,benchmark,original,No-EC,500,planning,8,2.4690466492686394,155379.5,-0.7973068745568526
WEN38:i1:nsga2:s60003:r3:PR1_HT1_EC0:3ec21dc8c2c8,WEN38,1,60003,3,PR1_HT1_EC0,cf9bc95d906238978e0c5ab26a1947d4104e026d3bac972323bf05453ec86ca7,benchmark,original,No-EC,500,planning,9,2.4722283658565027,152299.83333333334,-0.7973068745568526
WEN38:i1:nsga2:s60003:r3:PR1_HT1_EC0:3ec21dc8c2c8,WEN38,1,60003,3,PR1_HT1_EC0,cf9bc95d906238978e0c5ab26a1947d4104e026d3bac972323bf05453ec86ca7,benchmark,original,No-EC,500,planning,10,2.4773522800970094,103711.0,-0.0
WEN38:i1:nsga2:s60003:r3:PR1_HT1_EC0:3ec21dc8c2c8,WEN38,1,60003,3,PR1_HT1_EC0,cf9bc95d906238978e0c5ab26a1947d4104e026d3bac972323bf05453ec86ca7,benchmark,original,No-EC,500,planning,11,2.497344740862075,100807.33333333334,-0.0
WEN38:i1:nsga2:s60003:r3:PR1_HT1_EC0:3ec21dc8c2c8,WEN38,1,60003,3,PR1_HT1_EC0,cf9bc95d906238978e0c5ab26a1947d4104e026d3bac972323bf05453ec86ca7,benchmark,original,No-EC,500,planning,12,2.534916349088083,122553.66666666669,-0.25253185233759723
WEN38:i1:nsga2:s60003:r3:PR1_HT1_EC0:3ec21dc8c2c8,WEN38,1,60003,3,PR1_HT1_EC0,cf9bc95d906238978e0c5ab26a1947d4104e026d3bac972323bf05453ec86ca7,benchmark,original,No-EC,500,planning,13,2.542323816663255,100466.33333333334,-0.0
WEN38:i1:nsga2:s60003:r3:PR1_HT1_EC0:3ec21dc8c2c8,WEN38,1,60003,3,PR1_HT1_EC0,cf9bc95d906238978e0c5ab26a1947d4104e026d3bac972323bf05453ec86ca7,benchmark,original,No-EC,500,planning,14,2.5716116706005288,115927.33333333334,-0.3472182596306084
WEN38:i1:nsga2:s60003:r3:PR1_HT1_EC0:3ec21dc8c2c8,WEN38,1,60003,3,PR1_HT1_EC0,cf9bc95d906238978e0c5ab26a1947d4104e026d3bac972323bf05453ec86ca7,benchmark,original,No-EC,500,planning,15,2.605275738637351,122004.83333333333,-0.40771421175395517
WEN38:i1:nsga2:s60003:r3:PR1_HT1_EC0:3ec21dc8c2c8,WEN38,1,60003,3,PR1_HT1_EC0,cf9bc95d906238978e0c5ab26a1947d4104e026d3bac972323bf05453ec86ca7,benchmark,original,No-EC,500,planning,16,2.6958960873781814,110793.33333333334,-0.05998356614873046
WEN38:i1:nsga2:s60003:r3:PR1_HT1_EC0:3ec21dc8c2c8,WEN38,1,60003,3,PR1_HT1_EC0,cf9bc95d906238978e0c5ab26a1947d4104e026d3bac972323bf05453ec86ca7,benchmark,original,No-EC,500,planning,17,2.729719349441167,98016.66666666667,-0.0
WEN38:i1:nsga2:s60003:r3:PR1_HT1_EC0:3ec21dc8c2c8,WEN38,1,60003,3,PR1_HT1_EC0,cf9bc95d906238978e0c5ab26a1947d4104e026d3bac972323bf05453ec86ca7,benchmark,original,No-EC,500,planning,18,2.7595358436914927,90898.33333333333,-0.0
WEN38:i1:nsga2:s60003:r3:PR1_HT1_EC0:3ec21dc8c2c8,WEN38,1,60003,3,PR1_HT1_EC0,cf9bc95d906238978e0c5ab26a1947d4104e026d3bac972323bf05453ec86ca7,benchmark,original,No-EC,500,planning,19,2.7804772709844734,110950.00000000001,-0.15353311136004777
WEN38:i1:nsga2:s60003:r3:PR1_HT1_EC0:3ec21dc8c2c8,WEN38,1,60003,3,PR1_HT1_EC0,cf9bc95d906238978e0c5ab26a1947d4104e026d3bac972323bf05453ec86ca7,benchmark,original,No-EC,500,planning,20,2.793592489059126,105361.33333333333,-0.06267922982624441
WEN38:i1:nsga2:s60003:r3:PR1_HT1_EC0:3ec21dc8c2c8,WEN38,1,60003,3,PR1_HT1_EC0,cf9bc95d906238978e0c5ab26a1947d4104e026d3bac972323bf05453ec86ca7,benchmark,original,No-EC,500,planning,21,2.8970604033200518,104959.66666666667,-0.05998356614873046
WEN38:i1:nsga2:s60003:r3:PR1_HT1_EC1:0c451e3d1f0d,WEN38,1,60003,3,PR1_HT1_EC1,cf9bc95d906238978e0c5ab26a1947d4104e026d3bac972323bf05453ec86ca7,benchmark,original,Full,500,planning,0,2.461692925209001,131763.16666666666,-0.0
WEN38:i1:nsga2:s60003:r3:PR1_HT1_EC1:0c451e3d1f0d,WEN38,1,60003,3,PR1_HT1_EC1,cf9bc95d906238978e0c5ab26a1947d4104e026d3bac972323bf05453ec86ca7,benchmark,original,Full,500,planning,1,2.462722392810867,126711.0,-0.0
WEN38:i1:nsga2:s60003:r3:PR1_HT1_EC1:0c451e3d1f0d,WEN38,1,60003,3,PR1_HT1_EC1,cf9bc95d906238978e0c5ab26a1947d4104e026d3bac972323bf05453ec86ca7,benchmark,original,Full,500,planning,2,2.4629852920662954,111600.0,-0.0
WEN38:i1:nsga2:s60003:r3:PR1_HT1_EC1:0c451e3d1f0d,WEN38,1,60003,3,PR1_HT1_EC1,cf9bc95d906238978e0c5ab26a1947d4104e026d3bac972323bf05453ec86ca7,benchmark,original,Full,500,planning,3,2.464134288431664,135143.5,-0.7256857127658805
WEN38:i1:nsga2:s60003:r3:PR1_HT1_EC1:0c451e3d1f0d,WEN38,1,60003,3,PR1_HT1_EC1,cf9bc95d906238978e0c5ab26a1947d4104e026d3bac972323bf05453ec86ca7,benchmark,original,Full,500,planning,4,2.465001185830073,132108.16666666666,-0.5405442831861635
WEN38:i1:nsga2:s60003:r3:PR1_HT1_EC1:0c451e3d1f0d,WEN38,1,60003,3,PR1_HT1_EC1,cf9bc95d906238978e0c5ab26a1947d4104e026d3bac972323bf05453ec86ca7,benchmark,original,Full,500,planning,5,2.465001185830287,133635.5,-0.7274170940390832
WEN38:i1:nsga2:s60003:r3:PR1_HT1_EC1:0c451e3d1f0d,WEN38,1,60003,3,PR1_HT1_EC1,cf9bc95d906238978e0c5ab26a1947d4104e026d3bac972323bf05453ec86ca7,benchmark,original,Full,500,planning,6,2.4651369362122804,110932.0,-0.0
WEN38:i1:nsga2:s60003:r3:PR1_HT1_EC1:0c451e3d1f0d,WEN38,1,60003,3,PR1_HT1_EC1,cf9bc95d906238978e0c5ab26a1947d4104e026d3bac972323bf05453ec86ca7,benchmark,original,Full,500,planning,7,2.4658171475115305,108489.33333333334,-0.0
WEN38:i1:nsga2:s60003:r3:PR1_HT1_EC1:0c451e3d1f0d,WEN38,1,60003,3,PR1_HT1_EC1,cf9bc95d906238978e0c5ab26a1947d4104e026d3bac972323bf05453ec86ca7,benchmark,original,Full,500,planning,8,2.4690466492686394,155379.5,-0.7973068745568526
WEN38:i1:nsga2:s60003:r3:PR1_HT1_EC1:0c451e3d1f0d,WEN38,1,60003,3,PR1_HT1_EC1,cf9bc95d906238978e0c5ab26a1947d4104e026d3bac972323bf05453ec86ca7,benchmark,original,Full,500,planning,9,2.4722283658565027,152299.83333333334,-0.7973068745568526
WEN38:i1:nsga2:s60003:r3:PR1_HT1_EC1:0c451e3d1f0d,WEN38,1,60003,3,PR1_HT1_EC1,cf9bc95d906238978e0c5ab26a1947d4104e026d3bac972323bf05453ec86ca7,benchmark,original,Full,500,planning,10,2.4773522800970094,103711.0,-0.0
WEN38:i1:nsga2:s60003:r3:PR1_HT1_EC1:0c451e3d1f0d,WEN38,1,60003,3,PR1_HT1_EC1,cf9bc95d906238978e0c5ab26a1947d4104e026d3bac972323bf05453ec86ca7,benchmark,original,Full,500,planning,11,2.497344740862075,100807.33333333334,-0.0
WEN38:i1:nsga2:s60003:r3:PR1_HT1_EC1:0c451e3d1f0d,WEN38,1,60003,3,PR1_HT1_EC1,cf9bc95d906238978e0c5ab26a1947d4104e026d3bac972323bf05453ec86ca7,benchmark,original,Full,500,planning,12,2.534916349088083,122553.66666666669,-0.25253185233759723
WEN38:i1:nsga2:s60003:r3:PR1_HT1_EC1:0c451e3d1f0d,WEN38,1,60003,3,PR1_HT1_EC1,cf9bc95d906238978e0c5ab26a1947d4104e026d3bac972323bf05453ec86ca7,benchmark,original,Full,500,planning,13,2.542323816663255,100466.33333333334,-0.0
WEN38:i1:nsga2:s60003:r3:PR1_HT1_EC1:0c451e3d1f0d,WEN38,1,60003,3,PR1_HT1_EC1,cf9bc95d906238978e0c5ab26a1947d4104e026d3bac972323bf05453ec86ca7,benchmark,original,Full,500,planning,14,2.5716116706005288,115927.33333333334,-0.3472182596306084
WEN38:i1:nsga2:s60003:r3:PR1_HT1_EC1:0c451e3d1f0d,WEN38,1,60003,3,PR1_HT1_EC1,cf9bc95d906238978e0c5ab26a1947d4104e026d3bac972323bf05453ec86ca7,benchmark,original,Full,500,planning,15,2.605275738637351,122004.83333333333,-0.40771421175395517
WEN38:i1:nsga2:s60003:r3:PR1_HT1_EC1:0c451e3d1f0d,WEN38,1,60003,3,PR1_HT1_EC1,cf9bc95d906238978e0c5ab26a1947d4104e026d3bac972323bf05453ec86ca7,benchmark,original,Full,500,planning,16,2.6958960873781814,110793.33333333334,-0.05998356614873046
WEN38:i1:nsga2:s60003:r3:PR1_HT1_EC1:0c451e3d1f0d,WEN38,1,60003,3,PR1_HT1_EC1,cf9bc95d906238978e0c5ab26a1947d4104e026d3bac972323bf05453ec86ca7,benchmark,original,Full,500,planning,17,2.729719349441167,98016.66666666667,-0.0
WEN38:i1:nsga2:s60003:r3:PR1_HT1_EC1:0c451e3d1f0d,WEN38,1,60003,3,PR1_HT1_EC1,cf9bc95d906238978e0c5ab26a1947d4104e026d3bac972323bf05453ec86ca7,benchmark,original,Full,500,planning,18,2.7595358436914927,90898.33333333333,-0.0
WEN38:i1:nsga2:s60003:r3:PR1_HT1_EC1:0c451e3d1f0d,WEN38,1,60003,3,PR1_HT1_EC1,cf9bc95d906238978e0c5ab26a1947d4104e026d3bac972323bf05453ec86ca7,benchmark,original,Full,500,planning,19,2.7804772709844734,110950.00000000001,-0.15353311136004777
WEN38:i1:nsga2:s60003:r3:PR1_HT1_EC1:0c451e3d1f0d,WEN38,1,60003,3,PR1_HT1_EC1,cf9bc95d906238978e0c5ab26a1947d4104e026d3bac972323bf05453ec86ca7,benchmark,original,Full,500,planning,20,2.793592489059126,105361.33333333333,-0.06267922982624441
WEN38:i1:nsga2:s60003:r3:PR1_HT1_EC1:0c451e3d1f0d,WEN38,1,60003,3,PR1_HT1_EC1,cf9bc95d906238978e0c5ab26a1947d4104e026d3bac972323bf05453ec86ca7,benchmark,original,Full,500,planning,21,2.8970604033200518,104959.66666666667,-0.05998356614873046
WEN38:i1:nsga2:s60004:r4:PR0_HT1_EC1:2a86c697db65,WEN38,1,60004,4,PR0_HT1_EC1,cf9bc95d906238978e0c5ab26a1947d4104e026d3bac972323bf05453ec86ca7,benchmark,original,No-PR,500,planning,0,2.460186152474119,149079.0,-0.0
WEN38:i1:nsga2:s60004:r4:PR0_HT1_EC1:2a86c697db65,WEN38,1,60004,4,PR0_HT1_EC1,cf9bc95d906238978e0c5ab26a1947d4104e026d3bac972323bf05453ec86ca7,benchmark,original,No-PR,500,planning,1,2.463380634618683,125244.0,-0.0
WEN38:i1:nsga2:s60004:r4:PR0_HT1_EC1:2a86c697db65,WEN38,1,60004,4,PR0_HT1_EC1,cf9bc95d906238978e0c5ab26a1947d4104e026d3bac972323bf05453ec86ca7,benchmark,original,No-PR,500,planning,2,2.4635578139241154,124226.5,-0.0
WEN38:i1:nsga2:s60004:r4:PR0_HT1_EC1:2a86c697db65,WEN38,1,60004,4,PR0_HT1_EC1,cf9bc95d906238978e0c5ab26a1947d4104e026d3bac972323bf05453ec86ca7,benchmark,original,No-PR,500,planning,3,2.463687451442972,122350.0,-0.0
WEN38:i1:nsga2:s60004:r4:PR0_HT1_EC1:2a86c697db65,WEN38,1,60004,4,PR0_HT1_EC1,cf9bc95d906238978e0c5ab26a1947d4104e026d3bac972323bf05453ec86ca7,benchmark,original,No-PR,500,planning,4,2.464729859576428,118477.0,-0.0
WEN38:i1:nsga2:s60004:r4:PR0_HT1_EC1:2a86c697db65,WEN38,1,60004,4,PR0_HT1_EC1,cf9bc95d906238978e0c5ab26a1947d4104e026d3bac972323bf05453ec86ca7,benchmark,original,No-PR,500,planning,5,2.4666218681575973,115510.0,-0.0
WEN38:i1:nsga2:s60004:r4:PR0_HT1_EC1:2a86c697db65,WEN38,1,60004,4,PR0_HT1_EC1,cf9bc95d906238978e0c5ab26a1947d4104e026d3bac972323bf05453ec86ca7,benchmark,original,No-PR,500,planning,6,2.4746250069328006,117723.0,-0.039462636443204246
WEN38:i1:nsga2:s60004:r4:PR0_HT1_EC1:2a86c697db65,WEN38,1,60004,4,PR0_HT1_EC1,cf9bc95d906238978e0c5ab26a1947d4104e026d3bac972323bf05453ec86ca7,benchmark,original,No-PR,500,planning,7,2.498724138870468,104595.0,-0.0
WEN38:i1:nsga2:s60004:r4:PR0_HT1_EC1:2a86c697db65,WEN38,1,60004,4,PR0_HT1_EC1,cf9bc95d906238978e0c5ab26a1947d4104e026d3bac972323bf05453ec86ca7,benchmark,original,No-PR,500,planning,8,2.5300631234706694,102511.0,-0.0
WEN38:i1:nsga2:s60004:r4:PR0_HT1_EC1:2a86c697db65,WEN38,1,60004,4,PR0_HT1_EC1,cf9bc95d906238978e0c5ab26a1947d4104e026d3bac972323bf05453ec86ca7,benchmark,original,No-PR,500,planning,9,2.5355812015933243,101115.0,-0.0
WEN38:i1:nsga2:s60004:r4:PR0_HT1_EC1:2a86c697db65,WEN38,1,60004,4,PR0_HT1_EC1,cf9bc95d906238978e0c5ab26a1947d4104e026d3bac972323bf05453ec86ca7,benchmark,original,No-PR,500,planning,10,2.5590223396622473,95255.0,-0.0
WEN38:i1:nsga2:s60004:r4:PR0_HT1_EC1:2a86c697db65,WEN38,1,60004,4,PR0_HT1_EC1,cf9bc95d906238978e0c5ab26a1947d4104e026d3bac972323bf05453ec86ca7,benchmark,original,No-PR,500,planning,11,2.6058515080072393,164991.0,-0.15353311136004777
WEN38:i1:nsga2:s60004:r4:PR0_HT1_EC1:2a86c697db65,WEN38,1,60004,4,PR0_HT1_EC1,cf9bc95d906238978e0c5ab26a1947d4104e026d3bac972323bf05453ec86ca7,benchmark,original,No-PR,500,planning,12,2.6209513070448667,94336.0,-0.0
WEN38:i1:nsga2:s60004:r4:PR0_HT1_EC1:2a86c697db65,WEN38,1,60004,4,PR0_HT1_EC1,cf9bc95d906238978e0c5ab26a1947d4104e026d3bac972323bf05453ec86ca7,benchmark,original,No-PR,500,planning,13,2.6407705379755164,139859.0,-0.07405908539294614
WEN38:i1:nsga2:s60004:r4:PR0_HT1_EC1:2a86c697db65,WEN38,1,60004,4,PR0_HT1_EC1,cf9bc95d906238978e0c5ab26a1947d4104e026d3bac972323bf05453ec86ca7,benchmark,original,No-PR,500,planning,14,2.642630920684578,112350.0,-0.05998356614873046
WEN38:i1:nsga2:s60004:r4:PR0_HT1_EC1:2a86c697db65,WEN38,1,60004,4,PR0_HT1_EC1,cf9bc95d906238978e0c5ab26a1947d4104e026d3bac972323bf05453ec86ca7,benchmark,original,No-PR,500,planning,15,2.6593154268020607,110601.0,-0.3926201221147494
WEN38:i1:nsga2:s60004:r4:PR0_HT1_EC1:2a86c697db65,WEN38,1,60004,4,PR0_HT1_EC1,cf9bc95d906238978e0c5ab26a1947d4104e026d3bac972323bf05453ec86ca7,benchmark,original,No-PR,500,planning,16,2.7121631648869453,103718.0,-0.05998356614873046
WEN38:i1:nsga2:s60004:r4:PR0_HT1_EC1:2a86c697db65,WEN38,1,60004,4,PR0_HT1_EC1,cf9bc95d906238978e0c5ab26a1947d4104e026d3bac972323bf05453ec86ca7,benchmark,original,No-PR,500,planning,17,2.7219435111577504,101530.0,-0.06267922982624441
WEN38:i1:nsga2:s60004:r4:PR0_HT1_EC1:2a86c697db65,WEN38,1,60004,4,PR0_HT1_EC1,cf9bc95d906238978e0c5ab26a1947d4104e026d3bac972323bf05453ec86ca7,benchmark,original,No-PR,500,planning,18,2.810090215621345,97560.0,-0.05998356614873046
WEN38:i1:nsga2:s60004:r4:PR0_HT1_EC1:2a86c697db65,WEN38,1,60004,4,PR0_HT1_EC1,cf9bc95d906238978e0c5ab26a1947d4104e026d3bac972323bf05453ec86ca7,benchmark,original,No-PR,500,planning,19,2.8371148598293057,89593.0,-0.0
WEN38:i1:nsga2:s60004:r4:PR0_HT1_EC1:2a86c697db65,WEN38,1,60004,4,PR0_HT1_EC1,cf9bc95d906238978e0c5ab26a1947d4104e026d3bac972323bf05453ec86ca7,benchmark,original,No-PR,500,planning,20,2.8518159420569784,103382.0,-0.27640733712996735
WEN38:i1:nsga2:s60004:r4:PR0_HT1_EC1:2a86c697db65,WEN38,1,60004,4,PR0_HT1_EC1,cf9bc95d906238978e0c5ab26a1947d4104e026d3bac972323bf05453ec86ca7,benchmark,original,No-PR,500,planning,21,2.852701838584264,102017.0,-0.27640733712996735
WEN38:i1:nsga2:s60004:r4:PR0_HT1_EC1:2a86c697db65,WEN38,1,60004,4,PR0_HT1_EC1,cf9bc95d906238978e0c5ab26a1947d4104e026d3bac972323bf05453ec86ca7,benchmark,original,No-PR,500,planning,22,2.976284404140494,91210.0,-0.05998356614873046
WEN38:i1:nsga2:s60004:r4:PR0_HT1_EC1:2a86c697db65,WEN38,1,60004,4,PR0_HT1_EC1,cf9bc95d906238978e0c5ab26a1947d4104e026d3bac972323bf05453ec86ca7,benchmark,original,No-PR,500,planning,23,2.9791192730283917,109100.0,-0.3444126074509768
WEN38:i1:nsga2:s60004:r4:PR0_HT1_EC1:2a86c697db65,WEN38,1,60004,4,PR0_HT1_EC1,cf9bc95d906238978e0c5ab26a1947d4104e026d3bac972323bf05453ec86ca7,benchmark,original,No-PR,500,planning,24,3.0199829212786393,107656.0,-0.34591194968743366
WEN38:i1:nsga2:s60004:r4:PR0_HT1_EC1:2a86c697db65,WEN38,1,60004,4,PR0_HT1_EC1,cf9bc95d906238978e0c5ab26a1947d4104e026d3bac972323bf05453ec86ca7,benchmark,original,No-PR,500,planning,25,3.037677033480893,96733.0,-0.19464977120878757
WEN38:i1:nsga2:s60004:r4:PR0_HT1_EC1:2a86c697db65,WEN38,1,60004,4,PR0_HT1_EC1,cf9bc95d906238978e0c5ab26a1947d4104e026d3bac972323bf05453ec86ca7,benchmark,original,No-PR,500,planning,26,3.040777671326828,91751.0,-0.27640733712996735
WEN38:i1:nsga2:s60004:r4:PR0_HT1_EC1:2a86c697db65,WEN38,1,60004,4,PR0_HT1_EC1,cf9bc95d906238978e0c5ab26a1947d4104e026d3bac972323bf05453ec86ca7,benchmark,original,No-PR,500,planning,27,3.1137469267070044,106559.0,-0.2798237330825941
WEN38:i1:nsga2:s60004:r4:PR1_HT0_EC1:6d949d439727,WEN38,1,60004,4,PR1_HT0_EC1,cf9bc95d906238978e0c5ab26a1947d4104e026d3bac972323bf05453ec86ca7,benchmark,original,No-HT,500,planning,0,2.460186152474119,148148.5,-0.0
WEN38:i1:nsga2:s60004:r4:PR1_HT0_EC1:6d949d439727,WEN38,1,60004,4,PR1_HT0_EC1,cf9bc95d906238978e0c5ab26a1947d4104e026d3bac972323bf05453ec86ca7,benchmark,original,No-HT,500,planning,1,2.462328210734336,132163.0,-0.0
WEN38:i1:nsga2:s60004:r4:PR1_HT0_EC1:6d949d439727,WEN38,1,60004,4,PR1_HT0_EC1,cf9bc95d906238978e0c5ab26a1947d4104e026d3bac972323bf05453ec86ca7,benchmark,original,No-HT,500,planning,2,2.46315308437899,127135.66666666666,-0.0
WEN38:i1:nsga2:s60004:r4:PR1_HT0_EC1:6d949d439727,WEN38,1,60004,4,PR1_HT0_EC1,cf9bc95d906238978e0c5ab26a1947d4104e026d3bac972323bf05453ec86ca7,benchmark,original,No-HT,500,planning,3,2.463853234289268,105217.0,-0.0
WEN38:i1:nsga2:s60004:r4:PR1_HT0_EC1:6d949d439727,WEN38,1,60004,4,PR1_HT0_EC1,cf9bc95d906238978e0c5ab26a1947d4104e026d3bac972323bf05453ec86ca7,benchmark,original,No-HT,500,planning,4,2.481336649343496,153300.66666666666,-0.06267922982624441
WEN38:i1:nsga2:s60004:r4:PR1_HT0_EC1:6d949d439727,WEN38,1,60004,4,PR1_HT0_EC1,cf9bc95d906238978e0c5ab26a1947d4104e026d3bac972323bf05453ec86ca7,benchmark,original,No-HT,500,planning,5,2.4902893277777114,149510.33333333334,-0.0972053816085463
WEN38:i1:nsga2:s60004:r4:PR1_HT0_EC1:6d949d439727,WEN38,1,60004,4,PR1_HT0_EC1,cf9bc95d906238978e0c5ab26a1947d4104e026d3bac972323bf05453ec86ca7,benchmark,original,No-HT,500,planning,6,2.5220251111026615,144581.66666666666,-0.05998356614873046
WEN38:i1:nsga2:s60004:r4:PR1_HT0_EC1:6d949d439727,WEN38,1,60004,4,PR1_HT0_EC1,cf9bc95d906238978e0c5ab26a1947d4104e026d3bac972323bf05453ec86ca7,benchmark,original,No-HT,500,planning,7,2.523832196373225,98075.66666666666,-0.0
WEN38:i1:nsga2:s60004:r4:PR1_HT0_EC1:6d949d439727,WEN38,1,60004,4,PR1_HT0_EC1,cf9bc95d906238978e0c5ab26a1947d4104e026d3bac972323bf05453ec86ca7,benchmark,original,No-HT,500,planning,8,2.547499315485781,129056.66666666667,-0.05998356614873046
WEN38:i1:nsga2:s60004:r4:PR1_HT0_EC1:6d949d439727,WEN38,1,60004,4,PR1_HT0_EC1,cf9bc95d906238978e0c5ab26a1947d4104e026d3bac972323bf05453ec86ca7,benchmark,original,No-HT,500,planning,9,2.563600383136502,124834.66666666667,-0.1825652018596884
WEN38:i1:nsga2:s60004:r4:PR1_HT0_EC1:6d949d439727,WEN38,1,60004,4,PR1_HT0_EC1,cf9bc95d906238978e0c5ab26a1947d4104e026d3bac972323bf05453ec86ca7,benchmark,original,No-HT,500,planning,10,2.5640433314001445,122692.66666666667,-0.1825652018596884
WEN38:i1:nsga2:s60004:r4:PR1_HT0_EC1:6d949d439727,WEN38,1,60004,4,PR1_HT0_EC1,cf9bc95d906238978e0c5ab26a1947d4104e026d3bac972323bf05453ec86ca7,benchmark,original,No-HT,500,planning,11,2.5703465641822376,93225.0,-0.0
WEN38:i1:nsga2:s60004:r4:PR1_HT0_EC1:6d949d439727,WEN38,1,60004,4,PR1_HT0_EC1,cf9bc95d906238978e0c5ab26a1947d4104e026d3bac972323bf05453ec86ca7,benchmark,original,No-HT,500,planning,12,2.629040213664551,146456.0,-0.19464977120969706
WEN38:i1:nsga2:s60004:r4:PR1_HT0_EC1:6d949d439727,WEN38,1,60004,4,PR1_HT0_EC1,cf9bc95d906238978e0c5ab26a1947d4104e026d3bac972323bf05453ec86ca7,benchmark,original,No-HT,500,planning,13,2.6298988619721335,84505.33333333334,-0.05998356614873046
WEN38:i1:nsga2:s60004:r4:PR1_HT0_EC1:6d949d439727,WEN38,1,60004,4,PR1_HT0_EC1,cf9bc95d906238978e0c5ab26a1947d4104e026d3bac972323bf05453ec86ca7,benchmark,original,No-HT,500,planning,14,2.6424499741908973,98974.66666666667,-0.17161477190711594
WEN38:i1:nsga2:s60004:r4:PR1_HT0_EC1:6d949d439727,WEN38,1,60004,4,PR1_HT0_EC1,cf9bc95d906238978e0c5ab26a1947d4104e026d3bac972323bf05453ec86ca7,benchmark,original,No-HT,500,planning,15,2.688810981035565,108724.0,-0.24338624338815862
WEN38:i1:nsga2:s60004:r4:PR1_HT0_EC1:6d949d439727,WEN38,1,60004,4,PR1_HT0_EC1,cf9bc95d906238978e0c5ab26a1947d4104e026d3bac972323bf05453ec86ca7,benchmark,original,No-HT,500,planning,16,2.7545395209521915,118299.33333333334,-0.3926201221147494
WEN38:i1:nsga2:s60004:r4:PR1_HT0_EC1:6d949d439727,WEN38,1,60004,4,PR1_HT0_EC1,cf9bc95d906238978e0c5ab26a1947d4104e026d3bac972323bf05453ec86ca7,benchmark,original,No-HT,500,planning,17,2.7595005415049703,111268.99999999999,-0.33313902652480465
WEN38:i1:nsga2:s60004:r4:PR1_HT0_EC1:6d949d439727,WEN38,1,60004,4,PR1_HT0_EC1,cf9bc95d906238978e0c5ab26a1947d4104e026d3bac972323bf05453ec86ca7,benchmark,original,No-HT,500,planning,18,2.7828931922334936,111549.33333333334,-0.3385371494669016
WEN38:i1:nsga2:s60004:r4:PR1_HT0_EC1:6d949d439727,WEN38,1,60004,4,PR1_HT0_EC1,cf9bc95d906238978e0c5ab26a1947d4104e026d3bac972323bf05453ec86ca7,benchmark,original,No-HT,500,planning,19,2.818417642978387,83213.66666666667,-0.0
WEN38:i1:nsga2:s60004:r4:PR1_HT0_EC1:6d949d439727,WEN38,1,60004,4,PR1_HT0_EC1,cf9bc95d906238978e0c5ab26a1947d4104e026d3bac972323bf05453ec86ca7,benchmark,original,No-HT,500,planning,20,2.853587735111704,100070.66666666667,-0.34591194968743366
WEN38:i1:nsga2:s60004:r4:PR1_HT0_EC1:6d949d439727,WEN38,1,60004,4,PR1_HT0_EC1,cf9bc95d906238978e0c5ab26a1947d4104e026d3bac972323bf05453ec86ca7,benchmark,original,No-HT,500,planning,21,2.889526515652153,98251.83333333333,-0.06267922982624441
WEN38:i1:nsga2:s60004:r4:PR1_HT0_EC1:6d949d439727,WEN38,1,60004,4,PR1_HT0_EC1,cf9bc95d906238978e0c5ab26a1947d4104e026d3bac972323bf05453ec86ca7,benchmark,original,No-HT,500,planning,22,2.961312752830353,85754.66666666666,-0.19464977120969706
WEN38:i1:nsga2:s60004:r4:PR1_HT0_EC1:6d949d439727,WEN38,1,60004,4,PR1_HT0_EC1,cf9bc95d906238978e0c5ab26a1947d4104e026d3bac972323bf05453ec86ca7,benchmark,original,No-HT,500,planning,23,3.0283550687897316,78713.83333333334,-0.0
WEN38:i1:nsga2:s60004:r4:PR1_HT0_EC1:6d949d439727,WEN38,1,60004,4,PR1_HT0_EC1,cf9bc95d906238978e0c5ab26a1947d4104e026d3bac972323bf05453ec86ca7,benchmark,original,No-HT,500,planning,24,3.0905450050047722,85398.66666666667,-0.06267922982624441
WEN38:i1:nsga2:s60004:r4:PR1_HT0_EC1:6d949d439727,WEN38,1,60004,4,PR1_HT0_EC1,cf9bc95d906238978e0c5ab26a1947d4104e026d3bac972323bf05453ec86ca7,benchmark,original,No-HT,500,planning,25,3.145579230504777,99284.83333333334,-0.34591194968743366
WEN38:i1:nsga2:s60004:r4:PR1_HT0_EC1:6d949d439727,WEN38,1,60004,4,PR1_HT0_EC1,cf9bc95d906238978e0c5ab26a1947d4104e026d3bac972323bf05453ec86ca7,benchmark,original,No-HT,500,planning,26,3.2344146010346266,92035.66666666667,-0.406639004149838
WEN38:i1:nsga2:s60004:r4:PR1_HT0_EC1:6d949d439727,WEN38,1,60004,4,PR1_HT0_EC1,cf9bc95d906238978e0c5ab26a1947d4104e026d3bac972323bf05453ec86ca7,benchmark,original,No-HT,500,planning,27,3.3463233835882003,88028.33333333333,-0.34591194968743366
WEN38:i1:nsga2:s60004:r4:PR1_HT0_EC1:6d949d439727,WEN38,1,60004,4,PR1_HT0_EC1,cf9bc95d906238978e0c5ab26a1947d4104e026d3bac972323bf05453ec86ca7,benchmark,original,No-HT,500,planning,28,3.395047692590923,73511.66666666666,-0.0
WEN38:i1:nsga2:s60004:r4:PR1_HT1_EC0:daf2b42676e8,WEN38,1,60004,4,PR1_HT1_EC0,cf9bc95d906238978e0c5ab26a1947d4104e026d3bac972323bf05453ec86ca7,benchmark,original,No-EC,500,planning,0,2.4598752672280106,110862.33333333334,-0.0
WEN38:i1:nsga2:s60004:r4:PR1_HT1_EC0:daf2b42676e8,WEN38,1,60004,4,PR1_HT1_EC0,cf9bc95d906238978e0c5ab26a1947d4104e026d3bac972323bf05453ec86ca7,benchmark,original,No-EC,500,planning,1,2.490813107186244,102326.33333333334,-0.0
WEN38:i1:nsga2:s60004:r4:PR1_HT1_EC0:daf2b42676e8,WEN38,1,60004,4,PR1_HT1_EC0,cf9bc95d906238978e0c5ab26a1947d4104e026d3bac972323bf05453ec86ca7,benchmark,original,No-EC,500,planning,2,2.492098718301473,146852.00000000003,-0.02638530448803067
WEN38:i1:nsga2:s60004:r4:PR1_HT1_EC0:daf2b42676e8,WEN38,1,60004,4,PR1_HT1_EC0,cf9bc95d906238978e0c5ab26a1947d4104e026d3bac972323bf05453ec86ca7,benchmark,original,No-EC,500,planning,3,2.5001701917829102,148471.6666666667,-0.06267922982624441
WEN38:i1:nsga2:s60004:r4:PR1_HT1_EC0:daf2b42676e8,WEN38,1,60004,4,PR1_HT1_EC0,cf9bc95d906238978e0c5ab26a1947d4104e026d3bac972323bf05453ec86ca7,benchmark,original,No-EC,500,planning,4,2.500823737945286,128737.66666666667,-0.15353311136004777
WEN38:i1:nsga2:s60004:r4:PR1_HT1_EC0:daf2b42676e8,WEN38,1,60004,4,PR1_HT1_EC0,cf9bc95d906238978e0c5ab26a1947d4104e026d3bac972323bf05453ec86ca7,benchmark,original,No-EC,500,planning,5,2.524211406265488,100835.66666666667,-0.0
WEN38:i1:nsga2:s60004:r4:PR1_HT1_EC0:daf2b42676e8,WEN38,1,60004,4,PR1_HT1_EC0,cf9bc95d906238978e0c5ab26a1947d4104e026d3bac972323bf05453ec86ca7,benchmark,original,No-EC,500,planning,6,2.527134864805645,124790.33333333333,-0.15353311136004777
WEN38:i1:nsga2:s60004:r4:PR1_HT1_EC0:daf2b42676e8,WEN38,1,60004,4,PR1_HT1_EC0,cf9bc95d906238978e0c5ab26a1947d4104e026d3bac972323bf05453ec86ca7,benchmark,original,No-EC,500,planning,7,2.532538833622082,118885.16666666667,-0.25253185233759723
WEN38:i1:nsga2:s60004:r4:PR1_HT1_EC0:daf2b42676e8,WEN38,1,60004,4,PR1_HT1_EC0,cf9bc95d906238978e0c5ab26a1947d4104e026d3bac972323bf05453ec86ca7,benchmark,original,No-EC,500,planning,8,2.5336019094548243,98224.16666666667,-0.0
WEN38:i1:nsga2:s60004:r4:PR1_HT1_EC0:daf2b42676e8,WEN38,1,60004,4,PR1_HT1_EC0,cf9bc95d906238978e0c5ab26a1947d4104e026d3bac972323bf05453ec86ca7,benchmark,original,No-EC,500,planning,9,2.539005878272712,96812.33333333334,-0.0
WEN38:i1:nsga2:s60004:r4:PR1_HT1_EC0:daf2b42676e8,WEN38,1,60004,4,PR1_HT1_EC0,cf9bc95d906238978e0c5ab26a1947d4104e026d3bac972323bf05453ec86ca7,benchmark,original,No-EC,500,planning,10,2.5447642056985904,153782.66666666666,-0.2798237330835036
WEN38:i1:nsga2:s60004:r4:PR1_HT1_EC0:daf2b42676e8,WEN38,1,60004,4,PR1_HT1_EC0,cf9bc95d906238978e0c5ab26a1947d4104e026d3bac972323bf05453ec86ca7,benchmark,original,No-EC,500,planning,11,2.5618620086759076,113642.00000000001,-0.07405908539294614
WEN38:i1:nsga2:s60004:r4:PR1_HT1_EC0:daf2b42676e8,WEN38,1,60004,4,PR1_HT1_EC0,cf9bc95d906238978e0c5ab26a1947d4104e026d3bac972323bf05453ec86ca7,benchmark,original,No-EC,500,planning,12,2.5773651979026946,118806.5,-0.2798237330835036
WEN38:i1:nsga2:s60004:r4:PR1_HT1_EC0:daf2b42676e8,WEN38,1,60004,4,PR1_HT1_EC0,cf9bc95d906238978e0c5ab26a1947d4104e026d3bac972323bf05453ec86ca7,benchmark,original,No-EC,500,planning,13,2.5868708433360896,135618.33333333334,-0.3527581329581153
WEN38:i1:nsga2:s60004:r4:PR1_HT1_EC0:daf2b42676e8,WEN38,1,60004,4,PR1_HT1_EC0,cf9bc95d906238978e0c5ab26a1947d4104e026d3bac972323bf05453ec86ca7,benchmark,original,No-EC,500,planning,14,2.5905953759375064,122845.33333333334,-0.3385371494669016
WEN38:i1:nsga2:s60004:r4:PR1_HT1_EC0:daf2b42676e8,WEN38,1,60004,4,PR1_HT1_EC0,cf9bc95d906238978e0c5ab26a1947d4104e026d3bac972323bf05453ec86ca7,benchmark,original,No-EC,500,planning,15,2.6042964523328775,104048.66666666667,-0.07405908539294614
WEN38:i1:nsga2:s60004:r4:PR1_HT1_EC0:daf2b42676e8,WEN38,1,60004,4,PR1_HT1_EC0,cf9bc95d906238978e0c5ab26a1947d4104e026d3bac972323bf05453ec86ca7,benchmark,original,No-EC,500,planning,16,2.669879244122428,115996.0,-0.10147001340374118
WEN38:i1:nsga2:s60004:r4:PR1_HT1_EC0:daf2b42676e8,WEN38,1,60004,4,PR1_HT1_EC0,cf9bc95d906238978e0c5ab26a1947d4104e026d3bac972323bf05453ec86ca7,benchmark,original,No-EC,500,planning,17,2.6828420557090373,127849.33333333334,-0.3601211660472594
WEN38:i1:nsga2:s60004:r4:PR1_HT1_EC0:daf2b42676e8,WEN38,1,60004,4,PR1_HT1_EC0,cf9bc95d906238978e0c5ab26a1947d4104e026d3bac972323bf05453ec86ca7,benchmark,original,No-EC,500,planning,18,2.6837613708296004,94967.33333333334,-0.0
WEN38:i1:nsga2:s60004:r4:PR1_HT1_EC0:daf2b42676e8,WEN38,1,60004,4,PR1_HT1_EC0,cf9bc95d906238978e0c5ab26a1947d4104e026d3bac972323bf05453ec86ca7,benchmark,original,No-EC,500,planning,19,2.692620336102448,134794.6666666667,-0.4453333333340197
WEN38:i1:nsga2:s60004:r4:PR1_HT1_EC0:daf2b42676e8,WEN38,1,60004,4,PR1_HT1_EC0,cf9bc95d906238978e0c5ab26a1947d4104e026d3bac972323bf05453ec86ca7,benchmark,original,No-EC,500,planning,20,2.7289420937222624,99593.0,-0.19464977120969706
WEN38:i1:nsga2:s60004:r4:PR1_HT1_EC0:daf2b42676e8,WEN38,1,60004,4,PR1_HT1_EC0,cf9bc95d906238978e0c5ab26a1947d4104e026d3bac972323bf05453ec86ca7,benchmark,original,No-EC,500,planning,21,2.8105331638847817,118155.33333333334,-0.4140845070432988
WEN38:i1:nsga2:s60004:r4:PR1_HT1_EC0:daf2b42676e8,WEN38,1,60004,4,PR1_HT1_EC0,cf9bc95d906238978e0c5ab26a1947d4104e026d3bac972323bf05453ec86ca7,benchmark,original,No-EC,500,planning,22,3.003392837876288,94271.0,-0.0
WEN38:i1:nsga2:s60004:r4:PR1_HT1_EC1:f55fe0988612,WEN38,1,60004,4,PR1_HT1_EC1,cf9bc95d906238978e0c5ab26a1947d4104e026d3bac972323bf05453ec86ca7,benchmark,original,Full,500,planning,0,2.4598752672280106,110862.33333333334,-0.0
WEN38:i1:nsga2:s60004:r4:PR1_HT1_EC1:f55fe0988612,WEN38,1,60004,4,PR1_HT1_EC1,cf9bc95d906238978e0c5ab26a1947d4104e026d3bac972323bf05453ec86ca7,benchmark,original,Full,500,planning,1,2.490813107186244,102326.33333333334,-0.0
WEN38:i1:nsga2:s60004:r4:PR1_HT1_EC1:f55fe0988612,WEN38,1,60004,4,PR1_HT1_EC1,cf9bc95d906238978e0c5ab26a1947d4104e026d3bac972323bf05453ec86ca7,benchmark,original,Full,500,planning,2,2.492098718301473,146852.00000000003,-0.02638530448803067
WEN38:i1:nsga2:s60004:r4:PR1_HT1_EC1:f55fe0988612,WEN38,1,60004,4,PR1_HT1_EC1,cf9bc95d906238978e0c5ab26a1947d4104e026d3bac972323bf05453ec86ca7,benchmark,original,Full,500,planning,3,2.5001701917829102,148471.6666666667,-0.06267922982624441
WEN38:i1:nsga2:s60004:r4:PR1_HT1_EC1:f55fe0988612,WEN38,1,60004,4,PR1_HT1_EC1,cf9bc95d906238978e0c5ab26a1947d4104e026d3bac972323bf05453ec86ca7,benchmark,original,Full,500,planning,4,2.500823737945286,128737.66666666667,-0.15353311136004777
WEN38:i1:nsga2:s60004:r4:PR1_HT1_EC1:f55fe0988612,WEN38,1,60004,4,PR1_HT1_EC1,cf9bc95d906238978e0c5ab26a1947d4104e026d3bac972323bf05453ec86ca7,benchmark,original,Full,500,planning,5,2.524211406265488,100835.66666666667,-0.0
WEN38:i1:nsga2:s60004:r4:PR1_HT1_EC1:f55fe0988612,WEN38,1,60004,4,PR1_HT1_EC1,cf9bc95d906238978e0c5ab26a1947d4104e026d3bac972323bf05453ec86ca7,benchmark,original,Full,500,planning,6,2.527134864805645,124790.33333333333,-0.15353311136004777
WEN38:i1:nsga2:s60004:r4:PR1_HT1_EC1:f55fe0988612,WEN38,1,60004,4,PR1_HT1_EC1,cf9bc95d906238978e0c5ab26a1947d4104e026d3bac972323bf05453ec86ca7,benchmark,original,Full,500,planning,7,2.532538833622082,118885.16666666667,-0.25253185233759723
WEN38:i1:nsga2:s60004:r4:PR1_HT1_EC1:f55fe0988612,WEN38,1,60004,4,PR1_HT1_EC1,cf9bc95d906238978e0c5ab26a1947d4104e026d3bac972323bf05453ec86ca7,benchmark,original,Full,500,planning,8,2.5336019094548243,98224.16666666667,-0.0
WEN38:i1:nsga2:s60004:r4:PR1_HT1_EC1:f55fe0988612,WEN38,1,60004,4,PR1_HT1_EC1,cf9bc95d906238978e0c5ab26a1947d4104e026d3bac972323bf05453ec86ca7,benchmark,original,Full,500,planning,9,2.539005878272712,96812.33333333334,-0.0
WEN38:i1:nsga2:s60004:r4:PR1_HT1_EC1:f55fe0988612,WEN38,1,60004,4,PR1_HT1_EC1,cf9bc95d906238978e0c5ab26a1947d4104e026d3bac972323bf05453ec86ca7,benchmark,original,Full,500,planning,10,2.5447642056985904,153782.66666666666,-0.2798237330835036
WEN38:i1:nsga2:s60004:r4:PR1_HT1_EC1:f55fe0988612,WEN38,1,60004,4,PR1_HT1_EC1,cf9bc95d906238978e0c5ab26a1947d4104e026d3bac972323bf05453ec86ca7,benchmark,original,Full,500,planning,11,2.5618620086759076,113642.00000000001,-0.07405908539294614
WEN38:i1:nsga2:s60004:r4:PR1_HT1_EC1:f55fe0988612,WEN38,1,60004,4,PR1_HT1_EC1,cf9bc95d906238978e0c5ab26a1947d4104e026d3bac972323bf05453ec86ca7,benchmark,original,Full,500,planning,12,2.5773651979026946,118806.5,-0.2798237330835036
WEN38:i1:nsga2:s60004:r4:PR1_HT1_EC1:f55fe0988612,WEN38,1,60004,4,PR1_HT1_EC1,cf9bc95d906238978e0c5ab26a1947d4104e026d3bac972323bf05453ec86ca7,benchmark,original,Full,500,planning,13,2.5868708433360896,135618.33333333334,-0.3527581329581153
WEN38:i1:nsga2:s60004:r4:PR1_HT1_EC1:f55fe0988612,WEN38,1,60004,4,PR1_HT1_EC1,cf9bc95d906238978e0c5ab26a1947d4104e026d3bac972323bf05453ec86ca7,benchmark,original,Full,500,planning,14,2.5905953759375064,122845.33333333334,-0.3385371494669016
WEN38:i1:nsga2:s60004:r4:PR1_HT1_EC1:f55fe0988612,WEN38,1,60004,4,PR1_HT1_EC1,cf9bc95d906238978e0c5ab26a1947d4104e026d3bac972323bf05453ec86ca7,benchmark,original,Full,500,planning,15,2.6042964523328775,104048.66666666667,-0.07405908539294614
WEN38:i1:nsga2:s60004:r4:PR1_HT1_EC1:f55fe0988612,WEN38,1,60004,4,PR1_HT1_EC1,cf9bc95d906238978e0c5ab26a1947d4104e026d3bac972323bf05453ec86ca7,benchmark,original,Full,500,planning,16,2.669879244122428,115996.0,-0.10147001340374118
WEN38:i1:nsga2:s60004:r4:PR1_HT1_EC1:f55fe0988612,WEN38,1,60004,4,PR1_HT1_EC1,cf9bc95d906238978e0c5ab26a1947d4104e026d3bac972323bf05453ec86ca7,benchmark,original,Full,500,planning,17,2.6828420557090373,127849.33333333334,-0.3601211660472594
WEN38:i1:nsga2:s60004:r4:PR1_HT1_EC1:f55fe0988612,WEN38,1,60004,4,PR1_HT1_EC1,cf9bc95d906238978e0c5ab26a1947d4104e026d3bac972323bf05453ec86ca7,benchmark,original,Full,500,planning,18,2.6837613708296004,94967.33333333334,-0.0
WEN38:i1:nsga2:s60004:r4:PR1_HT1_EC1:f55fe0988612,WEN38,1,60004,4,PR1_HT1_EC1,cf9bc95d906238978e0c5ab26a1947d4104e026d3bac972323bf05453ec86ca7,benchmark,original,Full,500,planning,19,2.692620336102448,134794.6666666667,-0.4453333333340197
WEN38:i1:nsga2:s60004:r4:PR1_HT1_EC1:f55fe0988612,WEN38,1,60004,4,PR1_HT1_EC1,cf9bc95d906238978e0c5ab26a1947d4104e026d3bac972323bf05453ec86ca7,benchmark,original,Full,500,planning,20,2.7289420937222624,99593.0,-0.19464977120969706
WEN38:i1:nsga2:s60004:r4:PR1_HT1_EC1:f55fe0988612,WEN38,1,60004,4,PR1_HT1_EC1,cf9bc95d906238978e0c5ab26a1947d4104e026d3bac972323bf05453ec86ca7,benchmark,original,Full,500,planning,21,2.8105331638847817,118155.33333333334,-0.4140845070432988
WEN38:i1:nsga2:s60004:r4:PR1_HT1_EC1:f55fe0988612,WEN38,1,60004,4,PR1_HT1_EC1,cf9bc95d906238978e0c5ab26a1947d4104e026d3bac972323bf05453ec86ca7,benchmark,original,Full,500,planning,22,3.003392837876288,94271.0,-0.0
WEN38:i1:nsga2:s60000:r0:PR0_HT1_EC1:851e264b20f4,WEN38,1,60000,0,PR0_HT1_EC1,cf9bc95d906238978e0c5ab26a1947d4104e026d3bac972323bf05453ec86ca7,benchmark,original,No-PR,2000,planning,0,2.4595950978945553,121718.5,-0.0
WEN38:i1:nsga2:s60000:r0:PR0_HT1_EC1:851e264b20f4,WEN38,1,60000,0,PR0_HT1_EC1,cf9bc95d906238978e0c5ab26a1947d4104e026d3bac972323bf05453ec86ca7,benchmark,original,No-PR,2000,planning,1,2.4609239426851235,108072.0,-0.0
WEN38:i1:nsga2:s60000:r0:PR0_HT1_EC1:851e264b20f4,WEN38,1,60000,0,PR0_HT1_EC1,cf9bc95d906238978e0c5ab26a1947d4104e026d3bac972323bf05453ec86ca7,benchmark,original,No-PR,2000,planning,2,2.4631518691574055,106092.0,-0.0
WEN38:i1:nsga2:s60000:r0:PR0_HT1_EC1:851e264b20f4,WEN38,1,60000,0,PR0_HT1_EC1,cf9bc95d906238978e0c5ab26a1947d4104e026d3bac972323bf05453ec86ca7,benchmark,original,No-PR,2000,planning,3,2.463633628990012,105834.0,-0.0
WEN38:i1:nsga2:s60000:r0:PR0_HT1_EC1:851e264b20f4,WEN38,1,60000,0,PR0_HT1_EC1,cf9bc95d906238978e0c5ab26a1947d4104e026d3bac972323bf05453ec86ca7,benchmark,original,No-PR,2000,planning,4,2.4640257957519722,97017.0,-0.0
WEN38:i1:nsga2:s60000:r0:PR0_HT1_EC1:851e264b20f4,WEN38,1,60000,0,PR0_HT1_EC1,cf9bc95d906238978e0c5ab26a1947d4104e026d3bac972323bf05453ec86ca7,benchmark,original,No-PR,2000,planning,5,2.4640569661861176,91665.0,-0.0
WEN38:i1:nsga2:s60000:r0:PR0_HT1_EC1:851e264b20f4,WEN38,1,60000,0,PR0_HT1_EC1,cf9bc95d906238978e0c5ab26a1947d4104e026d3bac972323bf05453ec86ca7,benchmark,original,No-PR,2000,planning,6,2.4718010147833516,116519.5,-0.044676409188468824
WEN38:i1:nsga2:s60000:r0:PR0_HT1_EC1:851e264b20f4,WEN38,1,60000,0,PR0_HT1_EC1,cf9bc95d906238978e0c5ab26a1947d4104e026d3bac972323bf05453ec86ca7,benchmark,original,No-PR,2000,planning,7,2.4727924819467315,99354.0,-0.044676409188468824
WEN38:i1:nsga2:s60000:r0:PR0_HT1_EC1:851e264b20f4,WEN38,1,60000,0,PR0_HT1_EC1,cf9bc95d906238978e0c5ab26a1947d4104e026d3bac972323bf05453ec86ca7,benchmark,original,No-PR,2000,planning,8,2.4784084899280403,144178.0,-0.06267922982624441
WEN38:i1:nsga2:s60000:r0:PR0_HT1_EC1:851e264b20f4,WEN38,1,60000,0,PR0_HT1_EC1,cf9bc95d906238978e0c5ab26a1947d4104e026d3bac972323bf05453ec86ca7,benchmark,original,No-PR,2000,planning,9,2.4822112974852724,107087.0,-0.06267922982624441
WEN38:i1:nsga2:s60000:r0:PR0_HT1_EC1:851e264b20f4,WEN38,1,60000,0,PR0_HT1_EC1,cf9bc95d906238978e0c5ab26a1947d4104e026d3bac972323bf05453ec86ca7,benchmark,original,No-PR,2000,planning,10,2.4873846633217007,88072.0,-0.0
WEN38:i1:nsga2:s60000:r0:PR0_HT1_EC1:851e264b20f4,WEN38,1,60000,0,PR0_HT1_EC1,cf9bc95d906238978e0c5ab26a1947d4104e026d3bac972323bf05453ec86ca7,benchmark,original,No-PR,2000,planning,11,2.489305017213187,86163.0,-0.0
WEN38:i1:nsga2:s60000:r0:PR0_HT1_EC1:851e264b20f4,WEN38,1,60000,0,PR0_HT1_EC1,cf9bc95d906238978e0c5ab26a1947d4104e026d3bac972323bf05453ec86ca7,benchmark,original,No-PR,2000,planning,12,2.5023939865018354,116673.0,-0.15353311136004777
WEN38:i1:nsga2:s60000:r0:PR0_HT1_EC1:851e264b20f4,WEN38,1,60000,0,PR0_HT1_EC1,cf9bc95d906238978e0c5ab26a1947d4104e026d3bac972323bf05453ec86ca7,benchmark,original,No-PR,2000,planning,13,2.509503458035737,144748.0,-0.1805157593144031
WEN38:i1:nsga2:s60000:r0:PR0_HT1_EC1:851e264b20f4,WEN38,1,60000,0,PR0_HT1_EC1,cf9bc95d906238978e0c5ab26a1947d4104e026d3bac972323bf05453ec86ca7,benchmark,original,No-PR,2000,planning,14,2.510123585604836,142877.0,-0.1825652018596884
WEN38:i1:nsga2:s60000:r0:PR0_HT1_EC1:851e264b20f4,WEN38,1,60000,0,PR0_HT1_EC1,cf9bc95d906238978e0c5ab26a1947d4104e026d3bac972323bf05453ec86ca7,benchmark,original,No-PR,2000,planning,15,2.5225463096649765,135496.0,-0.1805157593144031
WEN38:i1:nsga2:s60000:r0:PR0_HT1_EC1:851e264b20f4,WEN38,1,60000,0,PR0_HT1_EC1,cf9bc95d906238978e0c5ab26a1947d4104e026d3bac972323bf05453ec86ca7,benchmark,original,No-PR,2000,planning,16,2.5250136347875323,105282.0,-0.23350083752302453
WEN38:i1:nsga2:s60000:r0:PR0_HT1_EC1:851e264b20f4,WEN38,1,60000,0,PR0_HT1_EC1,cf9bc95d906238978e0c5ab26a1947d4104e026d3bac972323bf05453ec86ca7,benchmark,original,No-PR,2000,planning,17,2.528933210451605,107550.0,-0.24338624338815862
WEN38:i1:nsga2:s60000:r0:PR0_HT1_EC1:851e264b20f4,WEN38,1,60000,0,PR0_HT1_EC1,cf9bc95d906238978e0c5ab26a1947d4104e026d3bac972323bf05453ec86ca7,benchmark,original,No-PR,2000,planning,18,2.5417787100973745,123998.0,-0.2780056800274906
WEN38:i1:nsga2:s60000:r0:PR0_HT1_EC1:851e264b20f4,WEN38,1,60000,0,PR0_HT1_EC1,cf9bc95d906238978e0c5ab26a1947d4104e026d3bac972323bf05453ec86ca7,benchmark,original,No-PR,2000,planning,19,2.542672627086903,117759.0,-0.27640733712996735
WEN38:i1:nsga2:s60000:r0:PR0_HT1_EC1:851e264b20f4,WEN38,1,60000,0,PR0_HT1_EC1,cf9bc95d906238978e0c5ab26a1947d4104e026d3bac972323bf05453ec86ca7,benchmark,original,No-PR,2000,planning,20,2.5605331638842825,113350.0,-0.32347723240854975
WEN38:i1:nsga2:s60000:r0:PR0_HT1_EC1:851e264b20f4,WEN38,1,60000,0,PR0_HT1_EC1,cf9bc95d906238978e0c5ab26a1947d4104e026d3bac972323bf05453ec86ca7,benchmark,original,No-PR,2000,planning,21,2.5712480155446062,120268.0,-0.33700376702563517
WEN38:i1:nsga2:s60000:r0:PR0_HT1_EC1:851e264b20f4,WEN38,1,60000,0,PR0_HT1_EC1,cf9bc95d906238978e0c5ab26a1947d4104e026d3bac972323bf05453ec86ca7,benchmark,original,No-PR,2000,planning,22,2.5734672531826246,123344.0,-0.3444126074518863
WEN38:i1:nsga2:s60000:r0:PR0_HT1_EC1:851e264b20f4,WEN38,1,60000,0,PR0_HT1_EC1,cf9bc95d906238978e0c5ab26a1947d4104e026d3bac972323bf05453ec86ca7,benchmark,original,No-PR,2000,planning,23,2.5814382560522597,104538.0,-0.07405908539294614
WEN38:i1:nsga2:s60000:r0:PR0_HT1_EC1:851e264b20f4,WEN38,1,60000,0,PR0_HT1_EC1,cf9bc95d906238978e0c5ab26a1947d4104e026d3bac972323bf05453ec86ca7,benchmark,original,No-PR,2000,planning,24,2.5862220972993093,84934.0,-0.0
WEN38:i1:nsga2:s60000:r0:PR0_HT1_EC1:851e264b20f4,WEN38,1,60000,0,PR0_HT1_EC1,cf9bc95d906238978e0c5ab26a1947d4104e026d3bac972323bf05453ec86ca7,benchmark,original,No-PR,2000,planning,25,2.594106576391706,84812.0,-0.15975027543390752
WEN38:i1:nsga2:s60000:r0:PR0_HT1_EC1:851e264b20f4,WEN38,1,60000,0,PR0_HT1_EC1,cf9bc95d906238978e0c5ab26a1947d4104e026d3bac972323bf05453ec86ca7,benchmark,original,No-PR,2000,planning,26,2.606537746241754,94094.0,-0.3472182596306084
WEN38:i1:nsga2:s60000:r0:PR0_HT1_EC1:851e264b20f4,WEN38,1,60000,0,PR0_HT1_EC1,cf9bc95d906238978e0c5ab26a1947d4104e026d3bac972323bf05453ec86ca7,benchmark,original,No-PR,2000,planning,27,2.6171685045691726,92213.0,-0.23350083752302453
WEN38:i1:nsga2:s60000:r0:PR0_HT1_EC1:851e264b20f4,WEN38,1,60000,0,PR0_HT1_EC1,cf9bc95d906238978e0c5ab26a1947d4104e026d3bac972323bf05453ec86ca7,benchmark,original,No-PR,2000,planning,28,2.6175799178329777,92544.0,-0.24338624338815862
WEN38:i1:nsga2:s60000:r0:PR0_HT1_EC1:851e264b20f4,WEN38,1,60000,0,PR0_HT1_EC1,cf9bc95d906238978e0c5ab26a1947d4104e026d3bac972323bf05453ec86ca7,benchmark,original,No-PR,2000,planning,29,2.623024475049945,124940.0,-0.437975927291518
WEN38:i1:nsga2:s60000:r0:PR0_HT1_EC1:851e264b20f4,WEN38,1,60000,0,PR0_HT1_EC1,cf9bc95d906238978e0c5ab26a1947d4104e026d3bac972323bf05453ec86ca7,benchmark,original,No-PR,2000,planning,30,2.6264417996376013,89073.0,-0.33700376702563517
WEN38:i1:nsga2:s60000:r0:PR0_HT1_EC1:851e264b20f4,WEN38,1,60000,0,PR0_HT1_EC1,cf9bc95d906238978e0c5ab26a1947d4104e026d3bac972323bf05453ec86ca7,benchmark,original,No-PR,2000,planning,31,2.6268847479012436,87619.0,-0.33700376702563517
WEN38:i1:nsga2:s60000:r0:PR0_HT1_EC1:851e264b20f4,WEN38,1,60000,0,PR0_HT1_EC1,cf9bc95d906238978e0c5ab26a1947d4104e026d3bac972323bf05453ec86ca7,benchmark,original,No-PR,2000,planning,32,2.629748235256924,112395.5,-0.3926201221147494
WEN38:i1:nsga2:s60000:r0:PR0_HT1_EC1:851e264b20f4,WEN38,1,60000,0,PR0_HT1_EC1,cf9bc95d906238978e0c5ab26a1947d4104e026d3bac972323bf05453ec86ca7,benchmark,original,No-PR,2000,planning,33,2.648174883023909,84414.0,-0.0
WEN38:i1:nsga2:s60000:r0:PR0_HT1_EC1:851e264b20f4,WEN38,1,60000,0,PR0_HT1_EC1,cf9bc95d906238978e0c5ab26a1947d4104e026d3bac972323bf05453ec86ca7,benchmark,original,No-PR,2000,planning,34,2.6620834585025106,92180.0,-0.4019864087831593
WEN38:i1:nsga2:s60000:r0:PR0_HT1_EC1:851e264b20f4,WEN38,1,60000,0,PR0_HT1_EC1,cf9bc95d906238978e0c5ab26a1947d4104e026d3bac972323bf05453ec86ca7,benchmark,original,No-PR,2000,planning,35,2.679447030437478,76685.0,-0.0
WEN38:i1:nsga2:s60000:r0:PR0_HT1_EC1:851e264b20f4,WEN38,1,60000,0,PR0_HT1_EC1,cf9bc95d906238978e0c5ab26a1947d4104e026d3bac972323bf05453ec86ca7,benchmark,original,No-PR,2000,planning,36,2.682990616546432,84644.0,-0.2951504958147256
WEN38:i1:nsga2:s60000:r0:PR0_HT1_EC1:851e264b20f4,WEN38,1,60000,0,PR0_HT1_EC1,cf9bc95d906238978e0c5ab26a1947d4104e026d3bac972323bf05453ec86ca7,benchmark,original,No-PR,2000,planning,37,2.6860026647395085,91621.0,-0.3926201221147494
WEN38:i1:nsga2:s60000:r0:PR0_HT1_EC1:851e264b20f4,WEN38,1,60000,0,PR0_HT1_EC1,cf9bc95d906238978e0c5ab26a1947d4104e026d3bac972323bf05453ec86ca7,benchmark,original,No-PR,2000,planning,38,2.693855608832198,92531.0,-0.4140845070432988
WEN38:i1:nsga2:s60000:r0:PR0_HT1_EC1:851e264b20f4,WEN38,1,60000,0,PR0_HT1_EC1,cf9bc95d906238978e0c5ab26a1947d4104e026d3bac972323bf05453ec86ca7,benchmark,original,No-PR,2000,planning,39,2.71804556643552,100004.0,-0.45354669214339083
WEN38:i1:nsga2:s60000:r0:PR0_HT1_EC1:851e264b20f4,WEN38,1,60000,0,PR0_HT1_EC1,cf9bc95d906238978e0c5ab26a1947d4104e026d3bac972323bf05453ec86ca7,benchmark,original,No-PR,2000,planning,40,2.719551590531905,109684.0,-0.4932447397568467
WEN38:i1:nsga2:s60000:r0:PR0_HT1_EC1:851e264b20f4,WEN38,1,60000,0,PR0_HT1_EC1,cf9bc95d906238978e0c5ab26a1947d4104e026d3bac972323bf05453ec86ca7,benchmark,original,No-PR,2000,planning,41,2.734679154770941,92912.0,-0.476430205950237
WEN38:i1:nsga2:s60000:r0:PR0_HT1_EC1:851e264b20f4,WEN38,1,60000,0,PR0_HT1_EC1,cf9bc95d906238978e0c5ab26a1947d4104e026d3bac972323bf05453ec86ca7,benchmark,original,No-PR,2000,planning,42,2.7445338726013384,113772.0,-0.5210383085623107
WEN38:i1:nsga2:s60000:r0:PR0_HT1_EC1:851e264b20f4,WEN38,1,60000,0,PR0_HT1_EC1,cf9bc95d906238978e0c5ab26a1947d4104e026d3bac972323bf05453ec86ca7,benchmark,original,No-PR,2000,planning,43,2.7478116897522913,103334.0,-0.492457852707048
WEN38:i1:nsga2:s60000:r0:PR0_HT1_EC1:851e264b20f4,WEN38,1,60000,0,PR0_HT1_EC1,cf9bc95d906238978e0c5ab26a1947d4104e026d3bac972323bf05453ec86ca7,benchmark,original,No-PR,2000,planning,44,2.747924097747865,102421.0,-0.492457852707048
WEN38:i1:nsga2:s60000:r0:PR0_HT1_EC1:851e264b20f4,WEN38,1,60000,0,PR0_HT1_EC1,cf9bc95d906238978e0c5ab26a1947d4104e026d3bac972323bf05453ec86ca7,benchmark,original,No-PR,2000,planning,45,2.770960141707414,83213.0,-0.07405908539294614
WEN38:i1:nsga2:s60000:r0:PR0_HT1_EC1:851e264b20f4,WEN38,1,60000,0,PR0_HT1_EC1,cf9bc95d906238978e0c5ab26a1947d4104e026d3bac972323bf05453ec86ca7,benchmark,original,No-PR,2000,planning,46,2.802820881688964,83081.0,-0.07405908539294614
WEN38:i1:nsga2:s60000:r0:PR0_HT1_EC1:851e264b20f4,WEN38,1,60000,0,PR0_HT1_EC1,cf9bc95d906238978e0c5ab26a1947d4104e026d3bac972323bf05453ec86ca7,benchmark,original,No-PR,2000,planning,47,2.812863047447366,88646.0,-0.3926201221147494
WEN38:i1:nsga2:s60000:r0:PR0_HT1_EC1:851e264b20f4,WEN38,1,60000,0,PR0_HT1_EC1,cf9bc95d906238978e0c5ab26a1947d4104e026d3bac972323bf05453ec86ca7,benchmark,original,No-PR,2000,planning,48,2.8493619843715017,85490.0,-0.3926201221147494
WEN38:i1:nsga2:s60000:r0:PR0_HT1_EC1:851e264b20f4,WEN38,1,60000,0,PR0_HT1_EC1,cf9bc95d906238978e0c5ab26a1947d4104e026d3bac972323bf05453ec86ca7,benchmark,original,No-PR,2000,planning,49,2.9519488022317564,84488.0,-0.3926201221147494
WEN38:i1:nsga2:s60000:r0:PR1_HT0_EC1:7506b3adc82a,WEN38,1,60000,0,PR1_HT0_EC1,cf9bc95d906238978e0c5ab26a1947d4104e026d3bac972323bf05453ec86ca7,benchmark,original,No-HT,2000,planning,0,2.4586789857120532,100958.33333333334,-0.0
WEN38:i1:nsga2:s60000:r0:PR1_HT0_EC1:7506b3adc82a,WEN38,1,60000,0,PR1_HT0_EC1,cf9bc95d906238978e0c5ab26a1947d4104e026d3bac972323bf05453ec86ca7,benchmark,original,No-HT,2000,planning,1,2.459519570983012,98311.33333333334,-0.0
WEN38:i1:nsga2:s60000:r0:PR1_HT0_EC1:7506b3adc82a,WEN38,1,60000,0,PR1_HT0_EC1,cf9bc95d906238978e0c5ab26a1947d4104e026d3bac972323bf05453ec86ca7,benchmark,original,No-HT,2000,planning,2,2.460651876543545,126928.00000000001,-0.5969699734887399
WEN38:i1:nsga2:s60000:r0:PR1_HT0_EC1:7506b3adc82a,WEN38,1,60000,0,PR1_HT0_EC1,cf9bc95d906238978e0c5ab26a1947d4104e026d3bac972323bf05453ec86ca7,benchmark,original,No-HT,2000,planning,3,2.46075179508082,95367.66666666667,-0.0
WEN38:i1:nsga2:s60000:r0:PR1_HT0_EC1:7506b3adc82a,WEN38,1,60000,0,PR1_HT0_EC1,cf9bc95d906238978e0c5ab26a1947d4104e026d3bac972323bf05453ec86ca7,benchmark,original,No-HT,2000,planning,4,2.460751795080961,97019.33333333334,-0.49264332370057673
WEN38:i1:nsga2:s60000:r0:PR1_HT0_EC1:7506b3adc82a,WEN38,1,60000,0,PR1_HT0_EC1,cf9bc95d906238978e0c5ab26a1947d4104e026d3bac972323bf05453ec86ca7,benchmark,original,No-HT,2000,planning,5,2.4614695712291166,128873.83333333334,-0.6059593169247819
WEN38:i1:nsga2:s60000:r0:PR1_HT0_EC1:7506b3adc82a,WEN38,1,60000,0,PR1_HT0_EC1,cf9bc95d906238978e0c5ab26a1947d4104e026d3bac972323bf05453ec86ca7,benchmark,original,No-HT,2000,planning,6,2.4631055684324106,116694.66666666666,-0.5956422184663097
WEN38:i1:nsga2:s60000:r0:PR1_HT0_EC1:7506b3adc82a,WEN38,1,60000,0,PR1_HT0_EC1,cf9bc95d906238978e0c5ab26a1947d4104e026d3bac972323bf05453ec86ca7,benchmark,original,No-HT,2000,planning,7,2.4648427919973788,110311.00000000001,-0.5985463525248633
WEN38:i1:nsga2:s60000:r0:PR1_HT0_EC1:7506b3adc82a,WEN38,1,60000,0,PR1_HT0_EC1,cf9bc95d906238978e0c5ab26a1947d4104e026d3bac972323bf05453ec86ca7,benchmark,original,No-HT,2000,planning,8,2.46526845551622,111025.00000000001,-0.5999984195541401
WEN38:i1:nsga2:s60000:r0:PR1_HT0_EC1:7506b3adc82a,WEN38,1,60000,0,PR1_HT0_EC1,cf9bc95d906238978e0c5ab26a1947d4104e026d3bac972323bf05453ec86ca7,benchmark,original,No-HT,2000,planning,9,2.4665800155623465,112194.00000000001,-0.6014504865834169
WEN38:i1:nsga2:s60000:r0:PR1_HT0_EC1:7506b3adc82a,WEN38,1,60000,0,PR1_HT0_EC1,cf9bc95d906238978e0c5ab26a1947d4104e026d3bac972323bf05453ec86ca7,benchmark,original,No-HT,2000,planning,10,2.468809454716651,91798.66666666667,-0.0
WEN38:i1:nsga2:s60000:r0:PR1_HT0_EC1:7506b3adc82a,WEN38,1,60000,0,PR1_HT0_EC1,cf9bc95d906238978e0c5ab26a1947d4104e026d3bac972323bf05453ec86ca7,benchmark,original,No-HT,2000,planning,11,2.4702663118997696,145044.0,-0.7973068745568526
WEN38:i1:nsga2:s60000:r0:PR1_HT0_EC1:7506b3adc82a,WEN38,1,60000,0,PR1_HT0_EC1,cf9bc95d906238978e0c5ab26a1947d4104e026d3bac972323bf05453ec86ca7,benchmark,original,No-HT,2000,planning,12,2.4706818672275244,96126.33333333334,-0.05998356614873046
WEN38:i1:nsga2:s60000:r0:PR1_HT0_EC1:7506b3adc82a,WEN38,1,60000,0,PR1_HT0_EC1,cf9bc95d906238978e0c5ab26a1947d4104e026d3bac972323bf05453ec86ca7,benchmark,original,No-HT,2000,planning,13,2.47697728032626,91140.0,-0.0
WEN38:i1:nsga2:s60000:r0:PR1_HT0_EC1:7506b3adc82a,WEN38,1,60000,0,PR1_HT0_EC1,cf9bc95d906238978e0c5ab26a1947d4104e026d3bac972323bf05453ec86ca7,benchmark,original,No-HT,2000,planning,14,2.479274594140699,90222.33333333334,-0.0
WEN38:i1:nsga2:s60000:r0:PR1_HT0_EC1:7506b3adc82a,WEN38,1,60000,0,PR1_HT0_EC1,cf9bc95d906238978e0c5ab26a1947d4104e026d3bac972323bf05453ec86ca7,benchmark,original,No-HT,2000,planning,15,2.485993781469205,89001.0,-0.0
WEN38:i1:nsga2:s60000:r0:PR1_HT0_EC1:7506b3adc82a,WEN38,1,60000,0,PR1_HT0_EC1,cf9bc95d906238978e0c5ab26a1947d4104e026d3bac972323bf05453ec86ca7,benchmark,original,No-HT,2000,planning,16,2.4959354660114874,91083.5,-0.044676409188468824
WEN38:i1:nsga2:s60000:r0:PR1_HT0_EC1:7506b3adc82a,WEN38,1,60000,0,PR1_HT0_EC1,cf9bc95d906238978e0c5ab26a1947d4104e026d3bac972323bf05453ec86ca7,benchmark,original,No-HT,2000,planning,17,2.498044040117425,89484.0,-0.044676409188468824
WEN38:i1:nsga2:s60000:r0:PR1_HT0_EC1:7506b3adc82a,WEN38,1,60000,0,PR1_HT0_EC1,cf9bc95d906238978e0c5ab26a1947d4104e026d3bac972323bf05453ec86ca7,benchmark,original,No-HT,2000,planning,18,2.4982212194228817,86388.66666666667,-0.05998356614873046
WEN38:i1:nsga2:s60000:r0:PR1_HT0_EC1:7506b3adc82a,WEN38,1,60000,0,PR1_HT0_EC1,cf9bc95d906238978e0c5ab26a1947d4104e026d3bac972323bf05453ec86ca7,benchmark,original,No-HT,2000,planning,19,2.499018526297438,92803.33333333333,-0.15353311136004777
WEN38:i1:nsga2:s60000:r0:PR1_HT0_EC1:7506b3adc82a,WEN38,1,60000,0,PR1_HT0_EC1,cf9bc95d906238978e0c5ab26a1947d4104e026d3bac972323bf05453ec86ca7,benchmark,original,No-HT,2000,planning,20,2.539858356205248,95108.66666666666,-0.27640733712996735
WEN38:i1:nsga2:s60000:r0:PR1_HT0_EC1:7506b3adc82a,WEN38,1,60000,0,PR1_HT0_EC1,cf9bc95d906238978e0c5ab26a1947d4104e026d3bac972323bf05453ec86ca7,benchmark,original,No-HT,2000,planning,21,2.5625469391399385,92171.0,-0.15353311136004777
WEN38:i1:nsga2:s60000:r0:PR1_HT0_EC1:7506b3adc82a,WEN38,1,60000,0,PR1_HT0_EC1,cf9bc95d906238978e0c5ab26a1947d4104e026d3bac972323bf05453ec86ca7,benchmark,original,No-HT,2000,planning,22,2.5748512690337493,86119.5,-0.0
WEN38:i1:nsga2:s60000:r0:PR1_HT0_EC1:7506b3adc82a,WEN38,1,60000,0,PR1_HT0_EC1,cf9bc95d906238978e0c5ab26a1947d4104e026d3bac972323bf05453ec86ca7,benchmark,original,No-HT,2000,planning,23,2.609667002555835,84025.33333333333,-0.0
WEN38:i1:nsga2:s60000:r0:PR1_HT0_EC1:7506b3adc82a,WEN38,1,60000,0,PR1_HT0_EC1,cf9bc95d906238978e0c5ab26a1947d4104e026d3bac972323bf05453ec86ca7,benchmark,original,No-HT,2000,planning,24,2.6143622541500715,96237.33333333334,-0.3837866953963385
WEN38:i1:nsga2:s60000:r0:PR1_HT0_EC1:7506b3adc82a,WEN38,1,60000,0,PR1_HT0_EC1,cf9bc95d906238978e0c5ab26a1947d4104e026d3bac972323bf05453ec86ca7,benchmark,original,No-HT,2000,planning,25,2.619854812619812,77853.66666666667,-0.0
WEN38:i1:nsga2:s60000:r0:PR1_HT0_EC1:7506b3adc82a,WEN38,1,60000,0,PR1_HT0_EC1,cf9bc95d906238978e0c5ab26a1947d4104e026d3bac972323bf05453ec86ca7,benchmark,original,No-HT,2000,planning,26,2.634737874278295,77536.66666666667,-0.0
WEN38:i1:nsga2:s60000:r0:PR1_HT0_EC1:7506b3adc82a,WEN38,1,60000,0,PR1_HT0_EC1,cf9bc95d906238978e0c5ab26a1947d4104e026d3bac972323bf05453ec86ca7,benchmark,original,No-HT,2000,planning,27,2.638784379835646,92051.5,-0.07405908539294614
WEN38:i1:nsga2:s60000:r0:PR1_HT0_EC1:7506b3adc82a,WEN38,1,60000,0,PR1_HT0_EC1,cf9bc95d906238978e0c5ab26a1947d4104e026d3bac972323bf05453ec86ca7,benchmark,original,No-HT,2000,planning,28,2.649431603752724,95585.00000000001,-0.2798237330835036
WEN38:i1:nsga2:s60000:r0:PR1_HT0_EC1:7506b3adc82a,WEN38,1,60000,0,PR1_HT0_EC1,cf9bc95d906238978e0c5ab26a1947d4104e026d3bac972323bf05453ec86ca7,benchmark,original,No-HT,2000,planning,29,2.6544933668366477,85641.0,-0.044676409188468824
WEN38:i1:nsga2:s60000:r0:PR1_HT0_EC1:7506b3adc82a,WEN38,1,60000,0,PR1_HT0_EC1,cf9bc95d906238978e0c5ab26a1947d4104e026d3bac972323bf05453ec86ca7,benchmark,original,No-HT,2000,planning,30,2.6945358898706475,84129.33333333333,-0.05998356614873046
WEN38:i1:nsga2:s60000:r0:PR1_HT0_EC1:7506b3adc82a,WEN38,1,60000,0,PR1_HT0_EC1,cf9bc95d906238978e0c5ab26a1947d4104e026d3bac972323bf05453ec86ca7,benchmark,original,No-HT,2000,planning,31,2.697902296673603,76483.66666666666,-0.05998356614873046
WEN38:i1:nsga2:s60000:r0:PR1_HT0_EC1:7506b3adc82a,WEN38,1,60000,0,PR1_HT0_EC1,cf9bc95d906238978e0c5ab26a1947d4104e026d3bac972323bf05453ec86ca7,benchmark,original,No-HT,2000,planning,32,2.7141142031229153,75686.33333333334,-0.0
WEN38:i1:nsga2:s60000:r0:PR1_HT0_EC1:7506b3adc82a,WEN38,1,60000,0,PR1_HT0_EC1,cf9bc95d906238978e0c5ab26a1947d4104e026d3bac972323bf05453ec86ca7,benchmark,original,No-HT,2000,planning,33,2.72058124777315,94965.83333333334,-0.19464977120969706
WEN38:i1:nsga2:s60000:r0:PR1_HT0_EC1:7506b3adc82a,WEN38,1,60000,0,PR1_HT0_EC1,cf9bc95d906238978e0c5ab26a1947d4104e026d3bac972323bf05453ec86ca7,benchmark,original,No-HT,2000,planning,34,2.735818668041394,93831.66666666667,-0.24338624338815862
WEN38:i1:nsga2:s60000:r0:PR1_HT0_EC1:7506b3adc82a,WEN38,1,60000,0,PR1_HT0_EC1,cf9bc95d906238978e0c5ab26a1947d4104e026d3bac972323bf05453ec86ca7,benchmark,original,No-HT,2000,planning,35,2.7367045645686776,82398.0,-0.24835742444338393
WEN38:i1:nsga2:s60000:r0:PR1_HT0_EC1:7506b3adc82a,WEN38,1,60000,0,PR1_HT0_EC1,cf9bc95d906238978e0c5ab26a1947d4104e026d3bac972323bf05453ec86ca7,benchmark,original,No-HT,2000,planning,36,2.7709887601746,74218.33333333334,-0.0
WEN38:i1:nsga2:s60000:r0:PR1_HT0_EC1:7506b3adc82a,WEN38,1,60000,0,PR1_HT0_EC1,cf9bc95d906238978e0c5ab26a1947d4104e026d3bac972323bf05453ec86ca7,benchmark,original,No-HT,2000,planning,37,2.782859773640217,87695.00000000001,-0.3385371494669016
WEN38:i1:nsga2:s60000:r0:PR1_HT0_EC1:7506b3adc82a,WEN38,1,60000,0,PR1_HT0_EC1,cf9bc95d906238978e0c5ab26a1947d4104e026d3bac972323bf05453ec86ca7,benchmark,original,No-HT,2000,planning,38,2.7877704232581664,79239.0,-0.06267922982533491
WEN38:i1:nsga2:s60000:r0:PR1_HT0_EC1:7506b3adc82a,WEN38,1,60000,0,PR1_HT0_EC1,cf9bc95d906238978e0c5ab26a1947d4104e026d3bac972323bf05453ec86ca7,benchmark,original,No-HT,2000,planning,39,2.7879979734979807,79053.0,-0.06267922982624441
WEN38:i1:nsga2:s60000:r0:PR1_HT0_EC1:7506b3adc82a,WEN38,1,60000,0,PR1_HT0_EC1,cf9bc95d906238978e0c5ab26a1947d4104e026d3bac972323bf05453ec86ca7,benchmark,original,No-HT,2000,planning,40,2.8153721761917647,84900.66666666667,-0.34591194968743366
WEN38:i1:nsga2:s60000:r0:PR1_HT0_EC1:7506b3adc82a,WEN38,1,60000,0,PR1_HT0_EC1,cf9bc95d906238978e0c5ab26a1947d4104e026d3bac972323bf05453ec86ca7,benchmark,original,No-HT,2000,planning,41,2.834241772222736,86536.66666666667,-0.4349222030141391
WEN38:i1:nsga2:s60000:r0:PR1_HT0_EC1:7506b3adc82a,WEN38,1,60000,0,PR1_HT0_EC1,cf9bc95d906238978e0c5ab26a1947d4104e026d3bac972323bf05453ec86ca7,benchmark,original,No-HT,2000,planning,42,2.8740185262978226,84657.33333333334,-0.3385371494669016
WEN38:i1:nsga2:s60000:r0:PR1_HT0_EC1:7506b3adc82a,WEN38,1,60000,0,PR1_HT0_EC1,cf9bc95d906238978e0c5ab26a1947d4104e026d3bac972323bf05453ec86ca7,benchmark,original,No-HT,2000,planning,43,2.899000808366754,85676.5,-0.3947089947096174
WEN38:i1:nsga2:s60000:r0:PR1_HT1_EC0:19d5b96ee482,WEN38,1,60000,0,PR1_HT1_EC0,cf9bc95d906238978e0c5ab26a1947d4104e026d3bac972323bf05453ec86ca7,benchmark,original,No-EC,2000,planning,0,2.460869941929812,120299.16666666666,-0.0
WEN38:i1:nsga2:s60000:r0:PR1_HT1_EC0:19d5b96ee482,WEN38,1,60000,0,PR1_HT1_EC0,cf9bc95d906238978e0c5ab26a1947d4104e026d3bac972323bf05453ec86ca7,benchmark,original,No-EC,2000,planning,1,2.4618098392124357,116749.66666666669,-0.0
WEN38:i1:nsga2:s60000:r0:PR1_HT1_EC0:19d5b96ee482,WEN38,1,60000,0,PR1_HT1_EC0,cf9bc95d906238978e0c5ab26a1947d4104e026d3bac972323bf05453ec86ca7,benchmark,original,No-EC,2000,planning,2,2.462236359326222,114481.0,-0.0
WEN38:i1:nsga2:s60000:r0:PR1_HT1_EC0:19d5b96ee482,WEN38,1,60000,0,PR1_HT1_EC0,cf9bc95d906238978e0c5ab26a1947d4104e026d3bac972323bf05453ec86ca7,benchmark,original,No-EC,2000,planning,3,2.4634975432514707,113164.0,-0.0
WEN38:i1:nsga2:s60000:r0:PR1_HT1_EC0:19d5b96ee482,WEN38,1,60000,0,PR1_HT1_EC0,cf9bc95d906238978e0c5ab26a1947d4104e026d3bac972323bf05453ec86ca7,benchmark,original,No-EC,2000,planning,4,2.4636498837653784,105643.33333333333,-0.0
WEN38:i1:nsga2:s60000:r0:PR1_HT1_EC0:19d5b96ee482,WEN38,1,60000,0,PR1_HT1_EC0,cf9bc95d906238978e0c5ab26a1947d4104e026d3bac972323bf05453ec86ca7,benchmark,original,No-EC,2000,planning,5,2.464931029750736,124973.66666666667,-0.5388226203585873
WEN38:i1:nsga2:s60000:r0:PR1_HT1_EC0:19d5b96ee482,WEN38,1,60000,0,PR1_HT1_EC0,cf9bc95d906238978e0c5ab26a1947d4104e026d3bac972323bf05453ec86ca7,benchmark,original,No-EC,2000,planning,6,2.465973552890655,109807.33333333334,-0.4470758820698393
WEN38:i1:nsga2:s60000:r0:PR1_HT1_EC0:19d5b96ee482,WEN38,1,60000,0,PR1_HT1_EC0,cf9bc95d906238978e0c5ab26a1947d4104e026d3bac972323bf05453ec86ca7,benchmark,original,No-EC,2000,planning,7,2.4659920070583734,104801.66666666666,-0.0
WEN38:i1:nsga2:s60000:r0:PR1_HT1_EC0:19d5b96ee482,WEN38,1,60000,0,PR1_HT1_EC0,cf9bc95d906238978e0c5ab26a1947d4104e026d3bac972323bf05453ec86ca7,benchmark,original,No-EC,2000,planning,8,2.466593680459736,102734.66666666666,-0.0
WEN38:i1:nsga2:s60000:r0:PR1_HT1_EC0:19d5b96ee482,WEN38,1,60000,0,PR1_HT1_EC0,cf9bc95d906238978e0c5ab26a1947d4104e026d3bac972323bf05453ec86ca7,benchmark,original,No-EC,2000,planning,9,2.46755044581937,136413.66666666666,-0.7973068745568526
WEN38:i1:nsga2:s60000:r0:PR1_HT1_EC0:19d5b96ee482,WEN38,1,60000,0,PR1_HT1_EC0,cf9bc95d906238978e0c5ab26a1947d4104e026d3bac972323bf05453ec86ca7,benchmark,original,No-EC,2000,planning,10,2.46761701740361,126703.66666666667,-0.7973068745568526
WEN38:i1:nsga2:s60000:r0:PR1_HT1_EC0:19d5b96ee482,WEN38,1,60000,0,PR1_HT1_EC0,cf9bc95d906238978e0c5ab26a1947d4104e026d3bac972323bf05453ec86ca7,benchmark,original,No-EC,2000,planning,11,2.467745345945226,97964.33333333333,-0.0
WEN38:i1:nsga2:s60000:r0:PR1_HT1_EC0:19d5b96ee482,WEN38,1,60000,0,PR1_HT1_EC0,cf9bc95d906238978e0c5ab26a1947d4104e026d3bac972323bf05453ec86ca7,benchmark,original,No-EC,2000,planning,12,2.467745345945226,105088.0,-0.4470758820698393
WEN38:i1:nsga2:s60000:r0:PR1_HT1_EC0:19d5b96ee482,WEN38,1,60000,0,PR1_HT1_EC0,cf9bc95d906238978e0c5ab26a1947d4104e026d3bac972323bf05453ec86ca7,benchmark,original,No-EC,2000,planning,13,2.468276883861333,118531.33333333334,-0.4485258579024958
WEN38:i1:nsga2:s60000:r0:PR1_HT1_EC0:19d5b96ee482,WEN38,1,60000,0,PR1_HT1_EC0,cf9bc95d906238978e0c5ab26a1947d4104e026d3bac972323bf05453ec86ca7,benchmark,original,No-EC,2000,planning,14,2.4692349383216814,100921.66666666667,-0.0026155187479162123
WEN38:i1:nsga2:s60000:r0:PR1_HT1_EC0:19d5b96ee482,WEN38,1,60000,0,PR1_HT1_EC0,cf9bc95d906238978e0c5ab26a1947d4104e026d3bac972323bf05453ec86ca7,benchmark,original,No-EC,2000,planning,15,2.4833735099369383,104355.66666666667,-0.07405908539294614
WEN38:i1:nsga2:s60000:r0:PR1_HT1_EC0:19d5b96ee482,WEN38,1,60000,0,PR1_HT1_EC0,cf9bc95d906238978e0c5ab26a1947d4104e026d3bac972323bf05453ec86ca7,benchmark,original,No-EC,2000,planning,16,2.485640455796627,97395.33333333333,-0.0
WEN38:i1:nsga2:s60000:r0:PR1_HT1_EC0:19d5b96ee482,WEN38,1,60000,0,PR1_HT1_EC0,cf9bc95d906238978e0c5ab26a1947d4104e026d3bac972323bf05453ec86ca7,benchmark,original,No-EC,2000,planning,17,2.4882981453782342,122130.33333333334,-0.476430205950237
WEN38:i1:nsga2:s60000:r0:PR1_HT1_EC0:19d5b96ee482,WEN38,1,60000,0,PR1_HT1_EC0,cf9bc95d906238978e0c5ab26a1947d4104e026d3bac972323bf05453ec86ca7,benchmark,original,No-EC,2000,planning,18,2.4906900660019016,94997.33333333334,-0.0
WEN38:i1:nsga2:s60000:r0:PR1_HT1_EC0:19d5b96ee482,WEN38,1,60000,0,PR1_HT1_EC0,cf9bc95d906238978e0c5ab26a1947d4104e026d3bac972323bf05453ec86ca7,benchmark,original,No-EC,2000,planning,19,2.5200132410551648,88208.33333333334,-0.0
WEN38:i1:nsga2:s60000:r0:PR1_HT1_EC0:19d5b96ee482,WEN38,1,60000,0,PR1_HT1_EC0,cf9bc95d906238978e0c5ab26a1947d4104e026d3bac972323bf05453ec86ca7,benchmark,original,No-EC,2000,planning,20,2.5275157760079496,102607.33333333334,-0.15758468336025544
WEN38:i1:nsga2:s60000:r0:PR1_HT1_EC0:19d5b96ee482,WEN38,1,60000,0,PR1_HT1_EC0,cf9bc95d906238978e0c5ab26a1947d4104e026d3bac972323bf05453ec86ca7,benchmark,original,No-EC,2000,planning,21,2.590264835669439,102036.33333333334,-0.3385371494669016
WEN38:i1:nsga2:s60000:r0:PR1_HT1_EC0:19d5b96ee482,WEN38,1,60000,0,PR1_HT1_EC0,cf9bc95d906238978e0c5ab26a1947d4104e026d3bac972323bf05453ec86ca7,benchmark,original,No-EC,2000,planning,22,2.5924795769891027,100156.00000000001,-0.07405908539294614
WEN38:i1:nsga2:s60000:r0:PR1_HT1_EC0:19d5b96ee482,WEN38,1,60000,0,PR1_HT1_EC0,cf9bc95d906238978e0c5ab26a1947d4104e026d3bac972323bf05453ec86ca7,benchmark,original,No-EC,2000,planning,23,2.605856614550378,96088.33333333334,-0.07405908539294614
WEN38:i1:nsga2:s60000:r0:PR1_HT1_EC0:19d5b96ee482,WEN38,1,60000,0,PR1_HT1_EC0,cf9bc95d906238978e0c5ab26a1947d4104e026d3bac972323bf05453ec86ca7,benchmark,original,No-EC,2000,planning,24,2.609045842049313,101976.83333333334,-0.09062003179951716
WEN38:i1:nsga2:s60000:r0:PR1_HT1_EC0:19d5b96ee482,WEN38,1,60000,0,PR1_HT1_EC0,cf9bc95d906238978e0c5ab26a1947d4104e026d3bac972323bf05453ec86ca7,benchmark,original,No-EC,2000,planning,25,2.6204739072498526,99476.66666666667,-0.3947089947105269
WEN38:i1:nsga2:s60000:r0:PR1_HT1_EC0:19d5b96ee482,WEN38,1,60000,0,PR1_HT1_EC0,cf9bc95d906238978e0c5ab26a1947d4104e026d3bac972323bf05453ec86ca7,benchmark,original,No-EC,2000,planning,26,2.6237517244008064,94007.33333333334,-0.3385371494669016
WEN38:i1:nsga2:s60000:r0:PR1_HT1_EC0:19d5b96ee482,WEN38,1,60000,0,PR1_HT1_EC0,cf9bc95d906238978e0c5ab26a1947d4104e026d3bac972323bf05453ec86ca7,benchmark,original,No-EC,2000,planning,27,2.651303106399718,87473.33333333334,-0.0
WEN38:i1:nsga2:s60000:r0:PR1_HT1_EC0:19d5b96ee482,WEN38,1,60000,0,PR1_HT1_EC0,cf9bc95d906238978e0c5ab26a1947d4104e026d3bac972323bf05453ec86ca7,benchmark,original,No-EC,2000,planning,28,2.6521890029270034,86461.33333333334,-0.0
WEN38:i1:nsga2:s60000:r0:PR1_HT1_EC0:19d5b96ee482,WEN38,1,60000,0,PR1_HT1_EC0,cf9bc95d906238978e0c5ab26a1947d4104e026d3bac972323bf05453ec86ca7,benchmark,original,No-EC,2000,planning,29,2.653695027023031,84077.33333333334,-0.0
WEN38:i1:nsga2:s60000:r0:PR1_HT1_EC0:19d5b96ee482,WEN38,1,60000,0,PR1_HT1_EC0,cf9bc95d906238978e0c5ab26a1947d4104e026d3bac972323bf05453ec86ca7,benchmark,original,No-EC,2000,planning,30,2.653695027023031,89919.33333333334,-0.40057636887740955
WEN38:i1:nsga2:s60000:r0:PR1_HT1_EC0:19d5b96ee482,WEN38,1,60000,0,PR1_HT1_EC0,cf9bc95d906238978e0c5ab26a1947d4104e026d3bac972323bf05453ec86ca7,benchmark,original,No-EC,2000,planning,31,2.7020373918830556,104225.66666666669,-0.476430205950237
WEN38:i1:nsga2:s60000:r0:PR1_HT1_EC0:19d5b96ee482,WEN38,1,60000,0,PR1_HT1_EC0,cf9bc95d906238978e0c5ab26a1947d4104e026d3bac972323bf05453ec86ca7,benchmark,original,No-EC,2000,planning,32,2.7038091849376267,98944.66666666669,-0.476430205950237
WEN38:i1:nsga2:s60000:r0:PR1_HT1_EC0:19d5b96ee482,WEN38,1,60000,0,PR1_HT1_EC0,cf9bc95d906238978e0c5ab26a1947d4104e026d3bac972323bf05453ec86ca7,benchmark,original,No-EC,2000,planning,33,2.7072917669238143,98288.33333333334,-0.4808259587034627
WEN38:i1:nsga2:s60000:r0:PR1_HT1_EC0:19d5b96ee482,WEN38,1,60000,0,PR1_HT1_EC0,cf9bc95d906238978e0c5ab26a1947d4104e026d3bac972323bf05453ec86ca7,benchmark,original,No-EC,2000,planning,34,2.7077347151874576,93490.33333333334,-0.4808259587034627
WEN38:i1:nsga2:s60000:r0:PR1_HT1_EC0:19d5b96ee482,WEN38,1,60000,0,PR1_HT1_EC0,cf9bc95d906238978e0c5ab26a1947d4104e026d3bac972323bf05453ec86ca7,benchmark,original,No-EC,2000,planning,35,2.734223021353947,88718.33333333334,-0.2798237330835036
WEN38:i1:nsga2:s60000:r0:PR1_HT1_EC1:ed30a9d4a9ff,WEN38,1,60000,0,PR1_HT1_EC1,cf9bc95d906238978e0c5ab26a1947d4104e026d3bac972323bf05453ec86ca7,benchmark,original,Full,2000,planning,0,2.460869941929812,120299.16666666666,-0.0
WEN38:i1:nsga2:s60000:r0:PR1_HT1_EC1:ed30a9d4a9ff,WEN38,1,60000,0,PR1_HT1_EC1,cf9bc95d906238978e0c5ab26a1947d4104e026d3bac972323bf05453ec86ca7,benchmark,original,Full,2000,planning,1,2.4618098392124357,116749.66666666669,-0.0
WEN38:i1:nsga2:s60000:r0:PR1_HT1_EC1:ed30a9d4a9ff,WEN38,1,60000,0,PR1_HT1_EC1,cf9bc95d906238978e0c5ab26a1947d4104e026d3bac972323bf05453ec86ca7,benchmark,original,Full,2000,planning,2,2.462236359326222,114481.0,-0.0
WEN38:i1:nsga2:s60000:r0:PR1_HT1_EC1:ed30a9d4a9ff,WEN38,1,60000,0,PR1_HT1_EC1,cf9bc95d906238978e0c5ab26a1947d4104e026d3bac972323bf05453ec86ca7,benchmark,original,Full,2000,planning,3,2.4634975432514707,113164.0,-0.0
WEN38:i1:nsga2:s60000:r0:PR1_HT1_EC1:ed30a9d4a9ff,WEN38,1,60000,0,PR1_HT1_EC1,cf9bc95d906238978e0c5ab26a1947d4104e026d3bac972323bf05453ec86ca7,benchmark,original,Full,2000,planning,4,2.4636498837653784,105643.33333333333,-0.0
WEN38:i1:nsga2:s60000:r0:PR1_HT1_EC1:ed30a9d4a9ff,WEN38,1,60000,0,PR1_HT1_EC1,cf9bc95d906238978e0c5ab26a1947d4104e026d3bac972323bf05453ec86ca7,benchmark,original,Full,2000,planning,5,2.464931029750736,124973.66666666667,-0.5388226203585873
WEN38:i1:nsga2:s60000:r0:PR1_HT1_EC1:ed30a9d4a9ff,WEN38,1,60000,0,PR1_HT1_EC1,cf9bc95d906238978e0c5ab26a1947d4104e026d3bac972323bf05453ec86ca7,benchmark,original,Full,2000,planning,6,2.465973552890655,109807.33333333334,-0.4470758820698393
WEN38:i1:nsga2:s60000:r0:PR1_HT1_EC1:ed30a9d4a9ff,WEN38,1,60000,0,PR1_HT1_EC1,cf9bc95d906238978e0c5ab26a1947d4104e026d3bac972323bf05453ec86ca7,benchmark,original,Full,2000,planning,7,2.4659920070583734,104801.66666666666,-0.0
WEN38:i1:nsga2:s60000:r0:PR1_HT1_EC1:ed30a9d4a9ff,WEN38,1,60000,0,PR1_HT1_EC1,cf9bc95d906238978e0c5ab26a1947d4104e026d3bac972323bf05453ec86ca7,benchmark,original,Full,2000,planning,8,2.466593680459736,102734.66666666666,-0.0
WEN38:i1:nsga2:s60000:r0:PR1_HT1_EC1:ed30a9d4a9ff,WEN38,1,60000,0,PR1_HT1_EC1,cf9bc95d906238978e0c5ab26a1947d4104e026d3bac972323bf05453ec86ca7,benchmark,original,Full,2000,planning,9,2.46755044581937,136413.66666666666,-0.7973068745568526
WEN38:i1:nsga2:s60000:r0:PR1_HT1_EC1:ed30a9d4a9ff,WEN38,1,60000,0,PR1_HT1_EC1,cf9bc95d906238978e0c5ab26a1947d4104e026d3bac972323bf05453ec86ca7,benchmark,original,Full,2000,planning,10,2.46761701740361,126703.66666666667,-0.7973068745568526
WEN38:i1:nsga2:s60000:r0:PR1_HT1_EC1:ed30a9d4a9ff,WEN38,1,60000,0,PR1_HT1_EC1,cf9bc95d906238978e0c5ab26a1947d4104e026d3bac972323bf05453ec86ca7,benchmark,original,Full,2000,planning,11,2.467745345945226,97964.33333333333,-0.0
WEN38:i1:nsga2:s60000:r0:PR1_HT1_EC1:ed30a9d4a9ff,WEN38,1,60000,0,PR1_HT1_EC1,cf9bc95d906238978e0c5ab26a1947d4104e026d3bac972323bf05453ec86ca7,benchmark,original,Full,2000,planning,12,2.467745345945226,105088.0,-0.4470758820698393
WEN38:i1:nsga2:s60000:r0:PR1_HT1_EC1:ed30a9d4a9ff,WEN38,1,60000,0,PR1_HT1_EC1,cf9bc95d906238978e0c5ab26a1947d4104e026d3bac972323bf05453ec86ca7,benchmark,original,Full,2000,planning,13,2.468276883861333,118531.33333333334,-0.4485258579024958
WEN38:i1:nsga2:s60000:r0:PR1_HT1_EC1:ed30a9d4a9ff,WEN38,1,60000,0,PR1_HT1_EC1,cf9bc95d906238978e0c5ab26a1947d4104e026d3bac972323bf05453ec86ca7,benchmark,original,Full,2000,planning,14,2.4692349383216814,100921.66666666667,-0.0026155187479162123
WEN38:i1:nsga2:s60000:r0:PR1_HT1_EC1:ed30a9d4a9ff,WEN38,1,60000,0,PR1_HT1_EC1,cf9bc95d906238978e0c5ab26a1947d4104e026d3bac972323bf05453ec86ca7,benchmark,original,Full,2000,planning,15,2.4833735099369383,104355.66666666667,-0.07405908539294614
WEN38:i1:nsga2:s60000:r0:PR1_HT1_EC1:ed30a9d4a9ff,WEN38,1,60000,0,PR1_HT1_EC1,cf9bc95d906238978e0c5ab26a1947d4104e026d3bac972323bf05453ec86ca7,benchmark,original,Full,2000,planning,16,2.485640455796627,97395.33333333333,-0.0
WEN38:i1:nsga2:s60000:r0:PR1_HT1_EC1:ed30a9d4a9ff,WEN38,1,60000,0,PR1_HT1_EC1,cf9bc95d906238978e0c5ab26a1947d4104e026d3bac972323bf05453ec86ca7,benchmark,original,Full,2000,planning,17,2.4882981453782342,122130.33333333334,-0.476430205950237
WEN38:i1:nsga2:s60000:r0:PR1_HT1_EC1:ed30a9d4a9ff,WEN38,1,60000,0,PR1_HT1_EC1,cf9bc95d906238978e0c5ab26a1947d4104e026d3bac972323bf05453ec86ca7,benchmark,original,Full,2000,planning,18,2.4906900660019016,94997.33333333334,-0.0
WEN38:i1:nsga2:s60000:r0:PR1_HT1_EC1:ed30a9d4a9ff,WEN38,1,60000,0,PR1_HT1_EC1,cf9bc95d906238978e0c5ab26a1947d4104e026d3bac972323bf05453ec86ca7,benchmark,original,Full,2000,planning,19,2.5200132410551648,88208.33333333334,-0.0
WEN38:i1:nsga2:s60000:r0:PR1_HT1_EC1:ed30a9d4a9ff,WEN38,1,60000,0,PR1_HT1_EC1,cf9bc95d906238978e0c5ab26a1947d4104e026d3bac972323bf05453ec86ca7,benchmark,original,Full,2000,planning,20,2.5275157760079496,102607.33333333334,-0.15758468336025544
WEN38:i1:nsga2:s60000:r0:PR1_HT1_EC1:ed30a9d4a9ff,WEN38,1,60000,0,PR1_HT1_EC1,cf9bc95d906238978e0c5ab26a1947d4104e026d3bac972323bf05453ec86ca7,benchmark,original,Full,2000,planning,21,2.590264835669439,102036.33333333334,-0.3385371494669016
WEN38:i1:nsga2:s60000:r0:PR1_HT1_EC1:ed30a9d4a9ff,WEN38,1,60000,0,PR1_HT1_EC1,cf9bc95d906238978e0c5ab26a1947d4104e026d3bac972323bf05453ec86ca7,benchmark,original,Full,2000,planning,22,2.5924795769891027,100156.00000000001,-0.07405908539294614
WEN38:i1:nsga2:s60000:r0:PR1_HT1_EC1:ed30a9d4a9ff,WEN38,1,60000,0,PR1_HT1_EC1,cf9bc95d906238978e0c5ab26a1947d4104e026d3bac972323bf05453ec86ca7,benchmark,original,Full,2000,planning,23,2.605856614550378,96088.33333333334,-0.07405908539294614
WEN38:i1:nsga2:s60000:r0:PR1_HT1_EC1:ed30a9d4a9ff,WEN38,1,60000,0,PR1_HT1_EC1,cf9bc95d906238978e0c5ab26a1947d4104e026d3bac972323bf05453ec86ca7,benchmark,original,Full,2000,planning,24,2.609045842049313,101976.83333333334,-0.09062003179951716
WEN38:i1:nsga2:s60000:r0:PR1_HT1_EC1:ed30a9d4a9ff,WEN38,1,60000,0,PR1_HT1_EC1,cf9bc95d906238978e0c5ab26a1947d4104e026d3bac972323bf05453ec86ca7,benchmark,original,Full,2000,planning,25,2.6204739072498526,99476.66666666667,-0.3947089947105269
WEN38:i1:nsga2:s60000:r0:PR1_HT1_EC1:ed30a9d4a9ff,WEN38,1,60000,0,PR1_HT1_EC1,cf9bc95d906238978e0c5ab26a1947d4104e026d3bac972323bf05453ec86ca7,benchmark,original,Full,2000,planning,26,2.6237517244008064,94007.33333333334,-0.3385371494669016
WEN38:i1:nsga2:s60000:r0:PR1_HT1_EC1:ed30a9d4a9ff,WEN38,1,60000,0,PR1_HT1_EC1,cf9bc95d906238978e0c5ab26a1947d4104e026d3bac972323bf05453ec86ca7,benchmark,original,Full,2000,planning,27,2.651303106399718,87473.33333333334,-0.0
WEN38:i1:nsga2:s60000:r0:PR1_HT1_EC1:ed30a9d4a9ff,WEN38,1,60000,0,PR1_HT1_EC1,cf9bc95d906238978e0c5ab26a1947d4104e026d3bac972323bf05453ec86ca7,benchmark,original,Full,2000,planning,28,2.6521890029270034,86461.33333333334,-0.0
WEN38:i1:nsga2:s60000:r0:PR1_HT1_EC1:ed30a9d4a9ff,WEN38,1,60000,0,PR1_HT1_EC1,cf9bc95d906238978e0c5ab26a1947d4104e026d3bac972323bf05453ec86ca7,benchmark,original,Full,2000,planning,29,2.653695027023031,84077.33333333334,-0.0
WEN38:i1:nsga2:s60000:r0:PR1_HT1_EC1:ed30a9d4a9ff,WEN38,1,60000,0,PR1_HT1_EC1,cf9bc95d906238978e0c5ab26a1947d4104e026d3bac972323bf05453ec86ca7,benchmark,original,Full,2000,planning,30,2.653695027023031,89919.33333333334,-0.40057636887740955
WEN38:i1:nsga2:s60000:r0:PR1_HT1_EC1:ed30a9d4a9ff,WEN38,1,60000,0,PR1_HT1_EC1,cf9bc95d906238978e0c5ab26a1947d4104e026d3bac972323bf05453ec86ca7,benchmark,original,Full,2000,planning,31,2.7020373918830556,104225.66666666669,-0.476430205950237
WEN38:i1:nsga2:s60000:r0:PR1_HT1_EC1:ed30a9d4a9ff,WEN38,1,60000,0,PR1_HT1_EC1,cf9bc95d906238978e0c5ab26a1947d4104e026d3bac972323bf05453ec86ca7,benchmark,original,Full,2000,planning,32,2.7038091849376267,98944.66666666669,-0.476430205950237
WEN38:i1:nsga2:s60000:r0:PR1_HT1_EC1:ed30a9d4a9ff,WEN38,1,60000,0,PR1_HT1_EC1,cf9bc95d906238978e0c5ab26a1947d4104e026d3bac972323bf05453ec86ca7,benchmark,original,Full,2000,planning,33,2.7072917669238143,98288.33333333334,-0.4808259587034627
WEN38:i1:nsga2:s60000:r0:PR1_HT1_EC1:ed30a9d4a9ff,WEN38,1,60000,0,PR1_HT1_EC1,cf9bc95d906238978e0c5ab26a1947d4104e026d3bac972323bf05453ec86ca7,benchmark,original,Full,2000,planning,34,2.7077347151874576,93490.33333333334,-0.4808259587034627
WEN38:i1:nsga2:s60000:r0:PR1_HT1_EC1:ed30a9d4a9ff,WEN38,1,60000,0,PR1_HT1_EC1,cf9bc95d906238978e0c5ab26a1947d4104e026d3bac972323bf05453ec86ca7,benchmark,original,Full,2000,planning,35,2.734223021353947,88718.33333333334,-0.2798237330835036
WEN38:i1:nsga2:s60001:r1:PR0_HT1_EC1:234cd11ee600,WEN38,1,60001,1,PR0_HT1_EC1,cf9bc95d906238978e0c5ab26a1947d4104e026d3bac972323bf05453ec86ca7,benchmark,original,No-PR,2000,planning,0,2.45830727212023,152935.5,-0.0
WEN38:i1:nsga2:s60001:r1:PR0_HT1_EC1:234cd11ee600,WEN38,1,60001,1,PR0_HT1_EC1,cf9bc95d906238978e0c5ab26a1947d4104e026d3bac972323bf05453ec86ca7,benchmark,original,No-PR,2000,planning,1,2.459234601801489,147255.0,-0.0
WEN38:i1:nsga2:s60001:r1:PR0_HT1_EC1:234cd11ee600,WEN38,1,60001,1,PR0_HT1_EC1,cf9bc95d906238978e0c5ab26a1947d4104e026d3bac972323bf05453ec86ca7,benchmark,original,No-PR,2000,planning,2,2.460606343970916,143465.0,-0.0
WEN38:i1:nsga2:s60001:r1:PR0_HT1_EC1:234cd11ee600,WEN38,1,60001,1,PR0_HT1_EC1,cf9bc95d906238978e0c5ab26a1947d4104e026d3bac972323bf05453ec86ca7,benchmark,original,No-PR,2000,planning,3,2.461159269164553,143355.0,-0.0
WEN38:i1:nsga2:s60001:r1:PR0_HT1_EC1:234cd11ee600,WEN38,1,60001,1,PR0_HT1_EC1,cf9bc95d906238978e0c5ab26a1947d4104e026d3bac972323bf05453ec86ca7,benchmark,original,No-PR,2000,planning,4,2.461618982927072,113065.0,-0.0
WEN38:i1:nsga2:s60001:r1:PR0_HT1_EC1:234cd11ee600,WEN38,1,60001,1,PR0_HT1_EC1,cf9bc95d906238978e0c5ab26a1947d4104e026d3bac972323bf05453ec86ca7,benchmark,original,No-PR,2000,planning,5,2.4620306200809976,107241.0,-0.0
WEN38:i1:nsga2:s60001:r1:PR0_HT1_EC1:234cd11ee600,WEN38,1,60001,1,PR0_HT1_EC1,cf9bc95d906238978e0c5ab26a1947d4104e026d3bac972323bf05453ec86ca7,benchmark,original,No-PR,2000,planning,6,2.462107446975822,101089.0,-0.0
WEN38:i1:nsga2:s60001:r1:PR0_HT1_EC1:234cd11ee600,WEN38,1,60001,1,PR0_HT1_EC1,cf9bc95d906238978e0c5ab26a1947d4104e026d3bac972323bf05453ec86ca7,benchmark,original,No-PR,2000,planning,7,2.4638570014756036,97234.0,-0.0
WEN38:i1:nsga2:s60001:r1:PR0_HT1_EC1:234cd11ee600,WEN38,1,60001,1,PR0_HT1_EC1,cf9bc95d906238978e0c5ab26a1947d4104e026d3bac972323bf05453ec86ca7,benchmark,original,No-PR,2000,planning,8,2.477199281995068,141309.0,-0.03946263644138526
WEN38:i1:nsga2:s60001:r1:PR0_HT1_EC1:234cd11ee600,WEN38,1,60001,1,PR0_HT1_EC1,cf9bc95d906238978e0c5ab26a1947d4104e026d3bac972323bf05453ec86ca7,benchmark,original,No-PR,2000,planning,9,2.4971622654712355,133205.0,-0.14114114114363474
WEN38:i1:nsga2:s60001:r1:PR0_HT1_EC1:234cd11ee600,WEN38,1,60001,1,PR0_HT1_EC1,cf9bc95d906238978e0c5ab26a1947d4104e026d3bac972323bf05453ec86ca7,benchmark,original,No-PR,2000,planning,10,2.49815948616693,145328.5,-0.15353311136004777
WEN38:i1:nsga2:s60001:r1:PR0_HT1_EC1:234cd11ee600,WEN38,1,60001,1,PR0_HT1_EC1,cf9bc95d906238978e0c5ab26a1947d4104e026d3bac972323bf05453ec86ca7,benchmark,original,No-PR,2000,planning,11,2.5023842039681767,126795.0,-0.15353311136004777
WEN38:i1:nsga2:s60001:r1:PR0_HT1_EC1:234cd11ee600,WEN38,1,60001,1,PR0_HT1_EC1,cf9bc95d906238978e0c5ab26a1947d4104e026d3bac972323bf05453ec86ca7,benchmark,original,No-PR,2000,planning,12,2.519551105716242,121619.0,-0.06267922982624441
WEN38:i1:nsga2:s60001:r1:PR0_HT1_EC1:234cd11ee600,WEN38,1,60001,1,PR0_HT1_EC1,cf9bc95d906238978e0c5ab26a1947d4104e026d3bac972323bf05453ec86ca7,benchmark,original,No-PR,2000,planning,13,2.5259583480382677,96565.0,-0.0
WEN38:i1:nsga2:s60001:r1:PR0_HT1_EC1:234cd11ee600,WEN38,1,60001,1,PR0_HT1_EC1,cf9bc95d906238978e0c5ab26a1947d4104e026d3bac972323bf05453ec86ca7,benchmark,original,No-PR,2000,planning,14,2.550497681844057,95879.0,-0.0
WEN38:i1:nsga2:s60001:r1:PR0_HT1_EC1:234cd11ee600,WEN38,1,60001,1,PR0_HT1_EC1,cf9bc95d906238978e0c5ab26a1947d4104e026d3bac972323bf05453ec86ca7,benchmark,original,No-PR,2000,planning,15,2.5557520568847645,95873.0,-0.0
WEN38:i1:nsga2:s60001:r1:PR0_HT1_EC1:234cd11ee600,WEN38,1,60001,1,PR0_HT1_EC1,cf9bc95d906238978e0c5ab26a1947d4104e026d3bac972323bf05453ec86ca7,benchmark,original,No-PR,2000,planning,16,2.5587661709549288,84631.0,-0.0
WEN38:i1:nsga2:s60001:r1:PR0_HT1_EC1:234cd11ee600,WEN38,1,60001,1,PR0_HT1_EC1,cf9bc95d906238978e0c5ab26a1947d4104e026d3bac972323bf05453ec86ca7,benchmark,original,No-PR,2000,planning,17,2.5592680574649016,93817.0,-0.15353311136004777
WEN38:i1:nsga2:s60001:r1:PR0_HT1_EC1:234cd11ee600,WEN38,1,60001,1,PR0_HT1_EC1,cf9bc95d906238978e0c5ab26a1947d4104e026d3bac972323bf05453ec86ca7,benchmark,original,No-PR,2000,planning,18,2.58500772638019,111646.0,-0.23350083752302453
WEN38:i1:nsga2:s60001:r1:PR0_HT1_EC1:234cd11ee600,WEN38,1,60001,1,PR0_HT1_EC1,cf9bc95d906238978e0c5ab26a1947d4104e026d3bac972323bf05453ec86ca7,benchmark,original,No-PR,2000,planning,19,2.616900001362443,117480.0,-0.24338624338815862
WEN38:i1:nsga2:s60001:r1:PR0_HT1_EC1:234cd11ee600,WEN38,1,60001,1,PR0_HT1_EC1,cf9bc95d906238978e0c5ab26a1947d4104e026d3bac972323bf05453ec86ca7,benchmark,original,No-PR,2000,planning,20,2.6493238142617916,80253.0,-0.0
WEN38:i1:nsga2:s60001:r1:PR0_HT1_EC1:234cd11ee600,WEN38,1,60001,1,PR0_HT1_EC1,cf9bc95d906238978e0c5ab26a1947d4104e026d3bac972323bf05453ec86ca7,benchmark,original,No-PR,2000,planning,21,2.653547499124279,127340.0,-0.3926201221147494
WEN38:i1:nsga2:s60001:r1:PR0_HT1_EC1:234cd11ee600,WEN38,1,60001,1,PR0_HT1_EC1,cf9bc95d906238978e0c5ab26a1947d4104e026d3bac972323bf05453ec86ca7,benchmark,original,No-PR,2000,planning,22,2.6582427507185846,122396.0,-0.3385371494669016
WEN38:i1:nsga2:s60001:r1:PR0_HT1_EC1:234cd11ee600,WEN38,1,60001,1,PR0_HT1_EC1,cf9bc95d906238978e0c5ab26a1947d4104e026d3bac972323bf05453ec86ca7,benchmark,original,No-PR,2000,planning,23,2.67074349200455,102590.5,-0.2780056800274906
WEN38:i1:nsga2:s60001:r1:PR0_HT1_EC1:234cd11ee600,WEN38,1,60001,1,PR0_HT1_EC1,cf9bc95d906238978e0c5ab26a1947d4104e026d3bac972323bf05453ec86ca7,benchmark,original,No-PR,2000,planning,24,2.6719540957369796,88813.0,-0.1825652018596884
WEN38:i1:nsga2:s60001:r1:PR0_HT1_EC1:234cd11ee600,WEN38,1,60001,1,PR0_HT1_EC1,cf9bc95d906238978e0c5ab26a1947d4104e026d3bac972323bf05453ec86ca7,benchmark,original,No-PR,2000,planning,25,2.679749985175941,108655.0,-0.3926201221147494
WEN38:i1:nsga2:s60001:r1:PR0_HT1_EC1:234cd11ee600,WEN38,1,60001,1,PR0_HT1_EC1,cf9bc95d906238978e0c5ab26a1947d4104e026d3bac972323bf05453ec86ca7,benchmark,original,No-PR,2000,planning,26,2.6807445225116178,125033.0,-0.4349222030141391
WEN38:i1:nsga2:s60001:r1:PR0_HT1_EC1:234cd11ee600,WEN38,1,60001,1,PR0_HT1_EC1,cf9bc95d906238978e0c5ab26a1947d4104e026d3bac972323bf05453ec86ca7,benchmark,original,No-PR,2000,planning,27,2.6820733673025456,123409.0,-0.4349222030141391
WEN38:i1:nsga2:s60001:r1:PR0_HT1_EC1:234cd11ee600,WEN38,1,60001,1,PR0_HT1_EC1,cf9bc95d906238978e0c5ab26a1947d4104e026d3bac972323bf05453ec86ca7,benchmark,original,No-PR,2000,planning,28,2.6853511844534985,121216.0,-0.3947089947105269
WEN38:i1:nsga2:s60001:r1:PR0_HT1_EC1:234cd11ee600,WEN38,1,60001,1,PR0_HT1_EC1,cf9bc95d906238978e0c5ab26a1947d4104e026d3bac972323bf05453ec86ca7,benchmark,original,No-PR,2000,planning,29,2.6870695077588254,111829.0,-0.3947089947105269
WEN38:i1:nsga2:s60001:r1:PR0_HT1_EC1:234cd11ee600,WEN38,1,60001,1,PR0_HT1_EC1,cf9bc95d906238978e0c5ab26a1947d4104e026d3bac972323bf05453ec86ca7,benchmark,original,No-PR,2000,planning,30,2.7025175259283065,88026.0,-0.15353311136004777
WEN38:i1:nsga2:s60001:r1:PR0_HT1_EC1:234cd11ee600,WEN38,1,60001,1,PR0_HT1_EC1,cf9bc95d906238978e0c5ab26a1947d4104e026d3bac972323bf05453ec86ca7,benchmark,original,No-PR,2000,planning,31,2.7065040602997446,78264.0,-0.0
WEN38:i1:nsga2:s60001:r1:PR0_HT1_EC1:234cd11ee600,WEN38,1,60001,1,PR0_HT1_EC1,cf9bc95d906238978e0c5ab26a1947d4104e026d3bac972323bf05453ec86ca7,benchmark,original,No-PR,2000,planning,32,2.7068546517236713,122469.0,-0.4349222030141391
WEN38:i1:nsga2:s60001:r1:PR0_HT1_EC1:234cd11ee600,WEN38,1,60001,1,PR0_HT1_EC1,cf9bc95d906238978e0c5ab26a1947d4104e026d3bac972323bf05453ec86ca7,benchmark,original,No-PR,2000,planning,33,2.7077043954091353,115149.0,-0.4349222030141391
WEN38:i1:nsga2:s60001:r1:PR0_HT1_EC1:234cd11ee600,WEN38,1,60001,1,PR0_HT1_EC1,cf9bc95d906238978e0c5ab26a1947d4104e026d3bac972323bf05453ec86ca7,benchmark,original,No-PR,2000,planning,34,2.71509725661575,80410.0,-0.15353311136004777
WEN38:i1:nsga2:s60001:r1:PR0_HT1_EC1:234cd11ee600,WEN38,1,60001,1,PR0_HT1_EC1,cf9bc95d906238978e0c5ab26a1947d4104e026d3bac972323bf05453ec86ca7,benchmark,original,No-PR,2000,planning,35,2.7378647973698707,74149.5,-0.0
WEN38:i1:nsga2:s60001:r1:PR0_HT1_EC1:234cd11ee600,WEN38,1,60001,1,PR0_HT1_EC1,cf9bc95d906238978e0c5ab26a1947d4104e026d3bac972323bf05453ec86ca7,benchmark,original,No-PR,2000,planning,36,2.7577088795771543,78944.0,-0.05998356614873046
WEN38:i1:nsga2:s60001:r1:PR0_HT1_EC1:234cd11ee600,WEN38,1,60001,1,PR0_HT1_EC1,cf9bc95d906238978e0c5ab26a1947d4104e026d3bac972323bf05453ec86ca7,benchmark,original,No-PR,2000,planning,37,2.7616954139516556,77912.0,-0.05998356614873046
WEN38:i1:nsga2:s60001:r1:PR0_HT1_EC1:234cd11ee600,WEN38,1,60001,1,PR0_HT1_EC1,cf9bc95d906238978e0c5ab26a1947d4104e026d3bac972323bf05453ec86ca7,benchmark,original,No-PR,2000,planning,38,2.771174506793603,75249.0,-0.06267922982624441
WEN38:i1:nsga2:s60001:r1:PR0_HT1_EC1:234cd11ee600,WEN38,1,60001,1,PR0_HT1_EC1,cf9bc95d906238978e0c5ab26a1947d4104e026d3bac972323bf05453ec86ca7,benchmark,original,No-PR,2000,planning,39,2.793636358556487,106092.0,-0.2847764926555101
WEN38:i1:nsga2:s60001:r1:PR0_HT1_EC1:234cd11ee600,WEN38,1,60001,1,PR0_HT1_EC1,cf9bc95d906238978e0c5ab26a1947d4104e026d3bac972323bf05453ec86ca7,benchmark,original,No-PR,2000,planning,40,2.8089136988552106,78523.0,-0.15353311136004777
WEN38:i1:nsga2:s60001:r1:PR0_HT1_EC1:234cd11ee600,WEN38,1,60001,1,PR0_HT1_EC1,cf9bc95d906238978e0c5ab26a1947d4104e026d3bac972323bf05453ec86ca7,benchmark,original,No-PR,2000,planning,41,2.8150263848934767,75055.0,-0.06267922982624441
WEN38:i1:nsga2:s60001:r1:PR0_HT1_EC1:234cd11ee600,WEN38,1,60001,1,PR0_HT1_EC1,cf9bc95d906238978e0c5ab26a1947d4104e026d3bac972323bf05453ec86ca7,benchmark,original,No-PR,2000,planning,42,2.815646512462576,73983.0,-0.0
WEN38:i1:nsga2:s60001:r1:PR0_HT1_EC1:234cd11ee600,WEN38,1,60001,1,PR0_HT1_EC1,cf9bc95d906238978e0c5ab26a1947d4104e026d3bac972323bf05453ec86ca7,benchmark,original,No-PR,2000,planning,43,2.8214048398915432,100815.0,-0.19464977120969706
WEN38:i1:nsga2:s60001:r1:PR0_HT1_EC1:234cd11ee600,WEN38,1,60001,1,PR0_HT1_EC1,cf9bc95d906238978e0c5ab26a1947d4104e026d3bac972323bf05453ec86ca7,benchmark,original,No-PR,2000,planning,44,2.8271631673182505,78737.0,-0.19464977120969706
WEN38:i1:nsga2:s60001:r1:PR0_HT1_EC1:234cd11ee600,WEN38,1,60001,1,PR0_HT1_EC1,cf9bc95d906238978e0c5ab26a1947d4104e026d3bac972323bf05453ec86ca7,benchmark,original,No-PR,2000,planning,45,2.8678258179197442,80648.0,-0.2780056800274906
WEN38:i1:nsga2:s60001:r1:PR0_HT1_EC1:234cd11ee600,WEN38,1,60001,1,PR0_HT1_EC1,cf9bc95d906238978e0c5ab26a1947d4104e026d3bac972323bf05453ec86ca7,benchmark,original,No-PR,2000,planning,46,2.908222699562651,88268.0,-0.3947089947096174
WEN38:i1:nsga2:s60001:r1:PR0_HT1_EC1:234cd11ee600,WEN38,1,60001,1,PR0_HT1_EC1,cf9bc95d906238978e0c5ab26a1947d4104e026d3bac972323bf05453ec86ca7,benchmark,original,No-PR,2000,planning,47,2.91828199994546,115827.0,-0.4932447397568467
WEN38:i1:nsga2:s60001:r1:PR0_HT1_EC1:234cd11ee600,WEN38,1,60001,1,PR0_HT1_EC1,cf9bc95d906238978e0c5ab26a1947d4104e026d3bac972323bf05453ec86ca7,benchmark,original,No-PR,2000,planning,48,2.927269474903362,69674.5,-0.0
WEN38:i1:nsga2:s60001:r1:PR0_HT1_EC1:234cd11ee600,WEN38,1,60001,1,PR0_HT1_EC1,cf9bc95d906238978e0c5ab26a1947d4104e026d3bac972323bf05453ec86ca7,benchmark,original,No-PR,2000,planning,49,2.9275352438593716,78111.0,-0.15353311136004777
WEN38:i1:nsga2:s60001:r1:PR0_HT1_EC1:234cd11ee600,WEN38,1,60001,1,PR0_HT1_EC1,cf9bc95d906238978e0c5ab26a1947d4104e026d3bac972323bf05453ec86ca7,benchmark,original,No-PR,2000,planning,50,3.0054941382618843,74744.0,-0.06267922982624441
WEN38:i1:nsga2:s60001:r1:PR0_HT1_EC1:234cd11ee600,WEN38,1,60001,1,PR0_HT1_EC1,cf9bc95d906238978e0c5ab26a1947d4104e026d3bac972323bf05453ec86ca7,benchmark,original,No-PR,2000,planning,51,3.0116068242987,75969.0,-0.15353311136004777
WEN38:i1:nsga2:s60001:r1:PR0_HT1_EC1:234cd11ee600,WEN38,1,60001,1,PR0_HT1_EC1,cf9bc95d906238978e0c5ab26a1947d4104e026d3bac972323bf05453ec86ca7,benchmark,original,No-PR,2000,planning,52,3.0316280858162274,75675.0,-0.19464977120969706
WEN38:i1:nsga2:s60001:r1:PR0_HT1_EC1:234cd11ee600,WEN38,1,60001,1,PR0_HT1_EC1,cf9bc95d906238978e0c5ab26a1947d4104e026d3bac972323bf05453ec86ca7,benchmark,original,No-PR,2000,planning,53,3.0760411532388474,77550.0,-0.33313902652480465
WEN38:i1:nsga2:s60001:r1:PR0_HT1_EC1:234cd11ee600,WEN38,1,60001,1,PR0_HT1_EC1,cf9bc95d906238978e0c5ab26a1947d4104e026d3bac972323bf05453ec86ca7,benchmark,original,No-PR,2000,planning,54,3.095766994392932,68565.0,-0.0
WEN38:i1:nsga2:s60001:r1:PR0_HT1_EC1:234cd11ee600,WEN38,1,60001,1,PR0_HT1_EC1,cf9bc95d906238978e0c5ab26a1947d4104e026d3bac972323bf05453ec86ca7,benchmark,original,No-PR,2000,planning,55,3.0963871219620307,66711.5,-0.0
WEN38:i1:nsga2:s60001:r1:PR0_HT1_EC1:234cd11ee600,WEN38,1,60001,1,PR0_HT1_EC1,cf9bc95d906238978e0c5ab26a1947d4104e026d3bac972323bf05453ec86ca7,benchmark,original,No-PR,2000,planning,56,3.153261679013715,65141.5,-0.0
WEN38:i1:nsga2:s60001:r1:PR0_HT1_EC1:234cd11ee600,WEN38,1,60001,1,PR0_HT1_EC1,cf9bc95d906238978e0c5ab26a1947d4104e026d3bac972323bf05453ec86ca7,benchmark,original,No-PR,2000,planning,57,3.2742751446408196,64365.5,-0.0
WEN38:i1:nsga2:s60001:r1:PR1_HT0_EC1:e483dd3402ce,WEN38,1,60001,1,PR1_HT0_EC1,cf9bc95d906238978e0c5ab26a1947d4104e026d3bac972323bf05453ec86ca7,benchmark,original,No-HT,2000,planning,0,2.4600952830944935,126463.33333333333,-0.0
WEN38:i1:nsga2:s60001:r1:PR1_HT0_EC1:e483dd3402ce,WEN38,1,60001,1,PR1_HT0_EC1,cf9bc95d906238978e0c5ab26a1947d4104e026d3bac972323bf05453ec86ca7,benchmark,original,No-HT,2000,planning,1,2.4607599485339784,105492.0,-0.0
WEN38:i1:nsga2:s60001:r1:PR1_HT0_EC1:e483dd3402ce,WEN38,1,60001,1,PR1_HT0_EC1,cf9bc95d906238978e0c5ab26a1947d4104e026d3bac972323bf05453ec86ca7,benchmark,original,No-HT,2000,planning,2,2.463445162884113,94718.33333333334,-0.0
WEN38:i1:nsga2:s60001:r1:PR1_HT0_EC1:e483dd3402ce,WEN38,1,60001,1,PR1_HT0_EC1,cf9bc95d906238978e0c5ab26a1947d4104e026d3bac972323bf05453ec86ca7,benchmark,original,No-HT,2000,planning,3,2.4638605863792504,81769.66666666667,-0.0
WEN38:i1:nsga2:s60001:r1:PR1_HT0_EC1:e483dd3402ce,WEN38,1,60001,1,PR1_HT0_EC1,cf9bc95d906238978e0c5ab26a1947d4104e026d3bac972323bf05453ec86ca7,benchmark,original,No-HT,2000,planning,4,2.4670438253965816,135156.33333333334,-0.5281805436979994
WEN38:i1:nsga2:s60001:r1:PR1_HT0_EC1:e483dd3402ce,WEN38,1,60001,1,PR1_HT0_EC1,cf9bc95d906238978e0c5ab26a1947d4104e026d3bac972323bf05453ec86ca7,benchmark,original,No-HT,2000,planning,5,2.467633594691633,112884.00000000001,-0.5837827116783956
WEN38:i1:nsga2:s60001:r1:PR1_HT0_EC1:e483dd3402ce,WEN38,1,60001,1,PR1_HT0_EC1,cf9bc95d906238978e0c5ab26a1947d4104e026d3bac972323bf05453ec86ca7,benchmark,original,No-HT,2000,planning,6,2.467720239248679,119528.00000000001,-0.5840913401916623
WEN38:i1:nsga2:s60001:r1:PR1_HT0_EC1:e483dd3402ce,WEN38,1,60001,1,PR1_HT0_EC1,cf9bc95d906238978e0c5ab26a1947d4104e026d3bac972323bf05453ec86ca7,benchmark,original,No-HT,2000,planning,7,2.4677289538128555,110449.16666666669,-0.5671000930269656
WEN38:i1:nsga2:s60001:r1:PR1_HT0_EC1:e483dd3402ce,WEN38,1,60001,1,PR1_HT0_EC1,cf9bc95d906238978e0c5ab26a1947d4104e026d3bac972323bf05453ec86ca7,benchmark,original,No-HT,2000,planning,8,2.4683088835999687,108915.16666666667,-0.5308395628953804
WEN38:i1:nsga2:s60001:r1:PR1_HT0_EC1:e483dd3402ce,WEN38,1,60001,1,PR1_HT0_EC1,cf9bc95d906238978e0c5ab26a1947d4104e026d3bac972323bf05453ec86ca7,benchmark,original,No-HT,2000,planning,9,2.4694053065122548,108669.0,-0.5318319618936584
WEN38:i1:nsga2:s60001:r1:PR1_HT0_EC1:e483dd3402ce,WEN38,1,60001,1,PR1_HT0_EC1,cf9bc95d906238978e0c5ab26a1947d4104e026d3bac972323bf05453ec86ca7,benchmark,original,No-HT,2000,planning,10,2.470571328364775,107698.66666666667,-0.5366685689923543
WEN38:i1:nsga2:s60001:r1:PR1_HT0_EC1:e483dd3402ce,WEN38,1,60001,1,PR1_HT0_EC1,cf9bc95d906238978e0c5ab26a1947d4104e026d3bac972323bf05453ec86ca7,benchmark,original,No-HT,2000,planning,11,2.4719991908059447,109004.0,-0.5427754333086341
WEN38:i1:nsga2:s60001:r1:PR1_HT0_EC1:e483dd3402ce,WEN38,1,60001,1,PR1_HT0_EC1,cf9bc95d906238978e0c5ab26a1947d4104e026d3bac972323bf05453ec86ca7,benchmark,original,No-HT,2000,planning,12,2.4720390603123388,128983.66666666667,-0.5891428042641564
WEN38:i1:nsga2:s60001:r1:PR1_HT0_EC1:e483dd3402ce,WEN38,1,60001,1,PR1_HT0_EC1,cf9bc95d906238978e0c5ab26a1947d4104e026d3bac972323bf05453ec86ca7,benchmark,original,No-HT,2000,planning,13,2.4723771981918654,126591.0,-0.5844469031189874
WEN38:i1:nsga2:s60001:r1:PR1_HT0_EC1:e483dd3402ce,WEN38,1,60001,1,PR1_HT0_EC1,cf9bc95d906238978e0c5ab26a1947d4104e026d3bac972323bf05453ec86ca7,benchmark,original,No-HT,2000,planning,14,2.4728257264173727,112676.0,-0.5847189799069383
WEN38:i1:nsga2:s60001:r1:PR1_HT0_EC1:e483dd3402ce,WEN38,1,60001,1,PR1_HT0_EC1,cf9bc95d906238978e0c5ab26a1947d4104e026d3bac972323bf05453ec86ca7,benchmark,original,No-HT,2000,planning,15,2.4741325847381725,124277.00000000001,-0.5860492757428801
WEN38:i1:nsga2:s60001:r1:PR1_HT0_EC1:e483dd3402ce,WEN38,1,60001,1,PR1_HT0_EC1,cf9bc95d906238978e0c5ab26a1947d4104e026d3bac972323bf05453ec86ca7,benchmark,original,No-HT,2000,planning,16,2.477643568708695,91298.33333333334,-0.05998356614873046
WEN38:i1:nsga2:s60001:r1:PR1_HT0_EC1:e483dd3402ce,WEN38,1,60001,1,PR1_HT0_EC1,cf9bc95d906238978e0c5ab26a1947d4104e026d3bac972323bf05453ec86ca7,benchmark,original,No-HT,2000,planning,17,2.4789724134996227,105032.0,-0.06267922982624441
WEN38:i1:nsga2:s60001:r1:PR1_HT0_EC1:e483dd3402ce,WEN38,1,60001,1,PR1_HT0_EC1,cf9bc95d906238978e0c5ab26a1947d4104e026d3bac972323bf05453ec86ca7,benchmark,original,No-HT,2000,planning,18,2.480531725062,102396.66666666667,-0.06267922982624441
WEN38:i1:nsga2:s60001:r1:PR1_HT0_EC1:e483dd3402ce,WEN38,1,60001,1,PR1_HT0_EC1,cf9bc95d906238978e0c5ab26a1947d4104e026d3bac972323bf05453ec86ca7,benchmark,original,No-HT,2000,planning,19,2.4870710753943626,81411.66666666667,-0.0
WEN38:i1:nsga2:s60001:r1:PR1_HT0_EC1:e483dd3402ce,WEN38,1,60001,1,PR1_HT0_EC1,cf9bc95d906238978e0c5ab26a1947d4104e026d3bac972323bf05453ec86ca7,benchmark,original,No-HT,2000,planning,20,2.493256796249613,100141.66666666667,-0.12873499077613815
WEN38:i1:nsga2:s60001:r1:PR1_HT0_EC1:e483dd3402ce,WEN38,1,60001,1,PR1_HT0_EC1,cf9bc95d906238978e0c5ab26a1947d4104e026d3bac972323bf05453ec86ca7,benchmark,original,No-HT,2000,planning,21,2.5013855956394453,100912.00000000001,-0.15975027543390752
WEN38:i1:nsga2:s60001:r1:PR1_HT0_EC1:e483dd3402ce,WEN38,1,60001,1,PR1_HT0_EC1,cf9bc95d906238978e0c5ab26a1947d4104e026d3bac972323bf05453ec86ca7,benchmark,original,No-HT,2000,planning,22,2.503954695569054,98169.16666666667,-0.15975027543390752
WEN38:i1:nsga2:s60001:r1:PR1_HT0_EC1:e483dd3402ce,WEN38,1,60001,1,PR1_HT0_EC1,cf9bc95d906238978e0c5ab26a1947d4104e026d3bac972323bf05453ec86ca7,benchmark,original,No-HT,2000,planning,23,2.504672091165613,92077.33333333333,-0.15353311136004777
WEN38:i1:nsga2:s60001:r1:PR1_HT0_EC1:e483dd3402ce,WEN38,1,60001,1,PR1_HT0_EC1,cf9bc95d906238978e0c5ab26a1947d4104e026d3bac972323bf05453ec86ca7,benchmark,original,No-HT,2000,planning,24,2.510909378717433,102900.66666666666,-0.17161477190711594
WEN38:i1:nsga2:s60001:r1:PR1_HT0_EC1:e483dd3402ce,WEN38,1,60001,1,PR1_HT0_EC1,cf9bc95d906238978e0c5ab26a1947d4104e026d3bac972323bf05453ec86ca7,benchmark,original,No-HT,2000,planning,25,2.5171406036037154,102425.16666666667,-0.19464977120969706
WEN38:i1:nsga2:s60001:r1:PR1_HT0_EC1:e483dd3402ce,WEN38,1,60001,1,PR1_HT0_EC1,cf9bc95d906238978e0c5ab26a1947d4104e026d3bac972323bf05453ec86ca7,benchmark,original,No-HT,2000,planning,26,2.5279624914584717,100652.83333333334,-0.24338624338815862
WEN38:i1:nsga2:s60001:r1:PR1_HT0_EC1:e483dd3402ce,WEN38,1,60001,1,PR1_HT0_EC1,cf9bc95d906238978e0c5ab26a1947d4104e026d3bac972323bf05453ec86ca7,benchmark,original,No-HT,2000,planning,27,2.531642057398238,96031.16666666666,-0.23350083752302453
WEN38:i1:nsga2:s60001:r1:PR1_HT0_EC1:e483dd3402ce,WEN38,1,60001,1,PR1_HT0_EC1,cf9bc95d906238978e0c5ab26a1947d4104e026d3bac972323bf05453ec86ca7,benchmark,original,No-HT,2000,planning,28,2.5335792849188756,96429.50000000001,-0.24338624338815862
WEN38:i1:nsga2:s60001:r1:PR1_HT0_EC1:e483dd3402ce,WEN38,1,60001,1,PR1_HT0_EC1,cf9bc95d906238978e0c5ab26a1947d4104e026d3bac972323bf05453ec86ca7,benchmark,original,No-HT,2000,planning,29,2.536780449321072,106252.66666666667,-0.24835742444338393
WEN38:i1:nsga2:s60001:r1:PR1_HT0_EC1:e483dd3402ce,WEN38,1,60001,1,PR1_HT0_EC1,cf9bc95d906238978e0c5ab26a1947d4104e026d3bac972323bf05453ec86ca7,benchmark,original,No-HT,2000,planning,30,2.5380113409354412,86670.0,-0.17161477190711594
WEN38:i1:nsga2:s60001:r1:PR1_HT0_EC1:e483dd3402ce,WEN38,1,60001,1,PR1_HT0_EC1,cf9bc95d906238978e0c5ab26a1947d4104e026d3bac972323bf05453ec86ca7,benchmark,original,No-HT,2000,planning,31,2.5534091704518422,93092.33333333333,-0.22999352370879933
WEN38:i1:nsga2:s60001:r1:PR1_HT0_EC1:e483dd3402ce,WEN38,1,60001,1,PR1_HT0_EC1,cf9bc95d906238978e0c5ab26a1947d4104e026d3bac972323bf05453ec86ca7,benchmark,original,No-HT,2000,planning,32,2.5645500180348515,103388.66666666667,-0.2711054475967103
WEN38:i1:nsga2:s60001:r1:PR1_HT0_EC1:e483dd3402ce,WEN38,1,60001,1,PR1_HT0_EC1,cf9bc95d906238978e0c5ab26a1947d4104e026d3bac972323bf05453ec86ca7,benchmark,original,No-HT,2000,planning,33,2.5684861814738804,101079.66666666666,-0.3385371494669016
WEN38:i1:nsga2:s60001:r1:PR1_HT0_EC1:e483dd3402ce,WEN38,1,60001,1,PR1_HT0_EC1,cf9bc95d906238978e0c5ab26a1947d4104e026d3bac972323bf05453ec86ca7,benchmark,original,No-HT,2000,planning,34,2.571725779906343,93165.33333333334,-0.2666666666682431
WEN38:i1:nsga2:s60001:r1:PR1_HT0_EC1:e483dd3402ce,WEN38,1,60001,1,PR1_HT0_EC1,cf9bc95d906238978e0c5ab26a1947d4104e026d3bac972323bf05453ec86ca7,benchmark,original,No-HT,2000,planning,35,2.5728421432050954,91317.0,-0.2727272727288437
WEN38:i1:nsga2:s60001:r1:PR1_HT0_EC1:e483dd3402ce,WEN38,1,60001,1,PR1_HT0_EC1,cf9bc95d906238978e0c5ab26a1947d4104e026d3bac972323bf05453ec86ca7,benchmark,original,No-HT,2000,planning,36,2.597593958503059,98771.33333333334,-0.3947089947105269
WEN38:i1:nsga2:s60001:r1:PR1_HT0_EC1:e483dd3402ce,WEN38,1,60001,1,PR1_HT0_EC1,cf9bc95d906238978e0c5ab26a1947d4104e026d3bac972323bf05453ec86ca7,benchmark,original,No-HT,2000,planning,37,2.598214086072266,97782.66666666666,-0.39582783205878513
WEN38:i1:nsga2:s60001:r1:PR1_HT0_EC1:e483dd3402ce,WEN38,1,60001,1,PR1_HT0_EC1,cf9bc95d906238978e0c5ab26a1947d4104e026d3bac972323bf05453ec86ca7,benchmark,original,No-HT,2000,planning,38,2.6266513645980005,97955.66666666667,-0.4430379746845574
WEN38:i1:nsga2:s60001:r1:PR1_HT0_EC1:e483dd3402ce,WEN38,1,60001,1,PR1_HT0_EC1,cf9bc95d906238978e0c5ab26a1947d4104e026d3bac972323bf05453ec86ca7,benchmark,original,No-HT,2000,planning,39,2.6303721300127045,92439.83333333334,-0.39582783205878513
WEN38:i1:nsga2:s60001:r1:PR1_HT0_EC1:e483dd3402ce,WEN38,1,60001,1,PR1_HT0_EC1,cf9bc95d906238978e0c5ab26a1947d4104e026d3bac972323bf05453ec86ca7,benchmark,original,No-HT,2000,planning,40,2.6305140071314446,90577.83333333334,-0.39582783205878513
WEN38:i1:nsga2:s60001:r1:PR1_HT0_EC1:e483dd3402ce,WEN38,1,60001,1,PR1_HT0_EC1,cf9bc95d906238978e0c5ab26a1947d4104e026d3bac972323bf05453ec86ca7,benchmark,original,No-HT,2000,planning,41,2.6833487423442275,77535.66666666667,-0.0
WEN38:i1:nsga2:s60001:r1:PR1_HT0_EC1:e483dd3402ce,WEN38,1,60001,1,PR1_HT0_EC1,cf9bc95d906238978e0c5ab26a1947d4104e026d3bac972323bf05453ec86ca7,benchmark,original,No-HT,2000,planning,42,2.7001807763633643,88587.66666666667,-0.2798237330835036
WEN38:i1:nsga2:s60001:r1:PR1_HT0_EC1:e483dd3402ce,WEN38,1,60001,1,PR1_HT0_EC1,cf9bc95d906238978e0c5ab26a1947d4104e026d3bac972323bf05453ec86ca7,benchmark,original,No-HT,2000,planning,43,2.8566883729572377,88946.66666666667,-0.33313902652480465
WEN38:i1:nsga2:s60001:r1:PR1_HT1_EC0:4e6755c4f558,WEN38,1,60001,1,PR1_HT1_EC0,cf9bc95d906238978e0c5ab26a1947d4104e026d3bac972323bf05453ec86ca7,benchmark,original,No-EC,2000,planning,0,2.4603396942060387,140600.6666666667,-0.0
WEN38:i1:nsga2:s60001:r1:PR1_HT1_EC0:4e6755c4f558,WEN38,1,60001,1,PR1_HT1_EC0,cf9bc95d906238978e0c5ab26a1947d4104e026d3bac972323bf05453ec86ca7,benchmark,original,No-EC,2000,planning,1,2.462092592525632,135492.0,-0.0
WEN38:i1:nsga2:s60001:r1:PR1_HT1_EC0:4e6755c4f558,WEN38,1,60001,1,PR1_HT1_EC0,cf9bc95d906238978e0c5ab26a1947d4104e026d3bac972323bf05453ec86ca7,benchmark,original,No-EC,2000,planning,2,2.462154771593945,101648.0,-0.0
WEN38:i1:nsga2:s60001:r1:PR1_HT1_EC0:4e6755c4f558,WEN38,1,60001,1,PR1_HT1_EC0,cf9bc95d906238978e0c5ab26a1947d4104e026d3bac972323bf05453ec86ca7,benchmark,original,No-EC,2000,planning,3,2.4633589754175667,95458.66666666667,-0.0
WEN38:i1:nsga2:s60001:r1:PR1_HT1_EC0:4e6755c4f558,WEN38,1,60001,1,PR1_HT1_EC0,cf9bc95d906238978e0c5ab26a1947d4104e026d3bac972323bf05453ec86ca7,benchmark,original,No-EC,2000,planning,4,2.46374760210289,141162.66666666666,-0.5688584433901269
WEN38:i1:nsga2:s60001:r1:PR1_HT1_EC0:4e6755c4f558,WEN38,1,60001,1,PR1_HT1_EC0,cf9bc95d906238978e0c5ab26a1947d4104e026d3bac972323bf05453ec86ca7,benchmark,original,No-EC,2000,planning,5,2.4641905503665322,140673.6666666667,-0.5688584433901269
WEN38:i1:nsga2:s60001:r1:PR1_HT1_EC0:4e6755c4f558,WEN38,1,60001,1,PR1_HT1_EC0,cf9bc95d906238978e0c5ab26a1947d4104e026d3bac972323bf05453ec86ca7,benchmark,original,No-EC,2000,planning,6,2.4644060655313504,139176.6666666667,-0.524847716925251
WEN38:i1:nsga2:s60001:r1:PR1_HT1_EC0:4e6755c4f558,WEN38,1,60001,1,PR1_HT1_EC0,cf9bc95d906238978e0c5ab26a1947d4104e026d3bac972323bf05453ec86ca7,benchmark,original,No-EC,2000,planning,7,2.465603589841683,136289.0,-0.5692594525717141
WEN38:i1:nsga2:s60001:r1:PR1_HT1_EC0:4e6755c4f558,WEN38,1,60001,1,PR1_HT1_EC0,cf9bc95d906238978e0c5ab26a1947d4104e026d3bac972323bf05453ec86ca7,benchmark,original,No-EC,2000,planning,8,2.465629645185256,85371.0,-0.0
WEN38:i1:nsga2:s60001:r1:PR1_HT1_EC0:4e6755c4f558,WEN38,1,60001,1,PR1_HT1_EC0,cf9bc95d906238978e0c5ab26a1947d4104e026d3bac972323bf05453ec86ca7,benchmark,original,No-EC,2000,planning,9,2.465742444845028,136497.83333333334,-0.5829484139021588
WEN38:i1:nsga2:s60001:r1:PR1_HT1_EC0:4e6755c4f558,WEN38,1,60001,1,PR1_HT1_EC0,cf9bc95d906238978e0c5ab26a1947d4104e026d3bac972323bf05453ec86ca7,benchmark,original,No-EC,2000,planning,10,2.466352962084698,131236.83333333334,-0.5729966695462281
WEN38:i1:nsga2:s60001:r1:PR1_HT1_EC0:4e6755c4f558,WEN38,1,60001,1,PR1_HT1_EC0,cf9bc95d906238978e0c5ab26a1947d4104e026d3bac972323bf05453ec86ca7,benchmark,original,No-EC,2000,planning,11,2.466879081524951,128480.16666666667,-0.5305477524170783
WEN38:i1:nsga2:s60001:r1:PR1_HT1_EC0:4e6755c4f558,WEN38,1,60001,1,PR1_HT1_EC0,cf9bc95d906238978e0c5ab26a1947d4104e026d3bac972323bf05453ec86ca7,benchmark,original,No-EC,2000,planning,12,2.4677336780390746,133115.66666666666,-0.5899755608479609
WEN38:i1:nsga2:s60001:r1:PR1_HT1_EC0:4e6755c4f558,WEN38,1,60001,1,PR1_HT1_EC0,cf9bc95d906238978e0c5ab26a1947d4104e026d3bac972323bf05453ec86ca7,benchmark,original,No-EC,2000,planning,13,2.467833799562515,136041.1666666667,-0.5903329839220532
WEN38:i1:nsga2:s60001:r1:PR1_HT1_EC0:4e6755c4f558,WEN38,1,60001,1,PR1_HT1_EC0,cf9bc95d906238978e0c5ab26a1947d4104e026d3bac972323bf05453ec86ca7,benchmark,original,No-EC,2000,planning,14,2.4682079263158796,126115.33333333334,-0.5348359170830008
WEN38:i1:nsga2:s60001:r1:PR1_HT1_EC0:4e6755c4f558,WEN38,1,60001,1,PR1_HT1_EC0,cf9bc95d906238978e0c5ab26a1947d4104e026d3bac972323bf05453ec86ca7,benchmark,original,No-EC,2000,planning,15,2.4686039062516434,129084.33333333333,-0.7973068745568526
WEN38:i1:nsga2:s60001:r1:PR1_HT1_EC0:4e6755c4f558,WEN38,1,60001,1,PR1_HT1_EC0,cf9bc95d906238978e0c5ab26a1947d4104e026d3bac972323bf05453ec86ca7,benchmark,original,No-EC,2000,planning,16,2.481927758424341,122826.0,-0.06267922982624441
WEN38:i1:nsga2:s60001:r1:PR1_HT1_EC0:4e6755c4f558,WEN38,1,60001,1,PR1_HT1_EC0,cf9bc95d906238978e0c5ab26a1947d4104e026d3bac972323bf05453ec86ca7,benchmark,original,No-EC,2000,planning,17,2.4906970149200776,119420.66666666669,-0.05998356614873046
WEN38:i1:nsga2:s60001:r1:PR1_HT1_EC0:4e6755c4f558,WEN38,1,60001,1,PR1_HT1_EC0,cf9bc95d906238978e0c5ab26a1947d4104e026d3bac972323bf05453ec86ca7,benchmark,original,No-EC,2000,planning,18,2.4942321232810913,101178.66666666667,-0.05998356614873046
WEN38:i1:nsga2:s60001:r1:PR1_HT1_EC0:4e6755c4f558,WEN38,1,60001,1,PR1_HT1_EC0,cf9bc95d906238978e0c5ab26a1947d4104e026d3bac972323bf05453ec86ca7,benchmark,original,No-EC,2000,planning,19,2.50863638402563,125555.66666666669,-0.17161477190711594
WEN38:i1:nsga2:s60001:r1:PR1_HT1_EC0:4e6755c4f558,WEN38,1,60001,1,PR1_HT1_EC0,cf9bc95d906238978e0c5ab26a1947d4104e026d3bac972323bf05453ec86ca7,benchmark,original,No-EC,2000,planning,20,2.5097207285668146,124702.0,-0.17161477190711594
WEN38:i1:nsga2:s60001:r1:PR1_HT1_EC0:4e6755c4f558,WEN38,1,60001,1,PR1_HT1_EC0,cf9bc95d906238978e0c5ab26a1947d4104e026d3bac972323bf05453ec86ca7,benchmark,original,No-EC,2000,planning,21,2.5192263850888805,108362.33333333333,-0.06267922982624441
WEN38:i1:nsga2:s60001:r1:PR1_HT1_EC0:4e6755c4f558,WEN38,1,60001,1,PR1_HT1_EC0,cf9bc95d906238978e0c5ab26a1947d4104e026d3bac972323bf05453ec86ca7,benchmark,original,No-EC,2000,planning,22,2.5460690498634637,111347.66666666667,-0.2666666666682431
WEN38:i1:nsga2:s60001:r1:PR1_HT1_EC0:4e6755c4f558,WEN38,1,60001,1,PR1_HT1_EC0,cf9bc95d906238978e0c5ab26a1947d4104e026d3bac972323bf05453ec86ca7,benchmark,original,No-EC,2000,planning,23,2.559180318466842,85114.0,-0.0
WEN38:i1:nsga2:s60001:r1:PR1_HT1_EC0:4e6755c4f558,WEN38,1,60001,1,PR1_HT1_EC0,cf9bc95d906238978e0c5ab26a1947d4104e026d3bac972323bf05453ec86ca7,benchmark,original,No-EC,2000,planning,24,2.5712828316428573,100544.33333333333,-0.17490082942913432
WEN38:i1:nsga2:s60001:r1:PR1_HT1_EC0:4e6755c4f558,WEN38,1,60001,1,PR1_HT1_EC0,cf9bc95d906238978e0c5ab26a1947d4104e026d3bac972323bf05453ec86ca7,benchmark,original,No-EC,2000,planning,25,2.5717257799065,99990.33333333333,-0.17490082942913432
WEN38:i1:nsga2:s60001:r1:PR1_HT1_EC0:4e6755c4f558,WEN38,1,60001,1,PR1_HT1_EC0,cf9bc95d906238978e0c5ab26a1947d4104e026d3bac972323bf05453ec86ca7,benchmark,original,No-EC,2000,planning,26,2.5812048727480255,125725.66666666667,-0.37554081338385004
WEN38:i1:nsga2:s60001:r1:PR1_HT1_EC0:4e6755c4f558,WEN38,1,60001,1,PR1_HT1_EC0,cf9bc95d906238978e0c5ab26a1947d4104e026d3bac972323bf05453ec86ca7,benchmark,original,No-EC,2000,planning,27,2.588436838617085,108633.16666666667,-0.3274544385676563
WEN38:i1:nsga2:s60001:r1:PR1_HT1_EC0:4e6755c4f558,WEN38,1,60001,1,PR1_HT1_EC0,cf9bc95d906238978e0c5ab26a1947d4104e026d3bac972323bf05453ec86ca7,benchmark,original,No-EC,2000,planning,28,2.601083224210025,99039.0,-0.05998356614873046
WEN38:i1:nsga2:s60001:r1:PR1_HT1_EC0:4e6755c4f558,WEN38,1,60001,1,PR1_HT1_EC0,cf9bc95d906238978e0c5ab26a1947d4104e026d3bac972323bf05453ec86ca7,benchmark,original,No-EC,2000,planning,29,2.601521554629481,125017.33333333334,-0.4019864087831593
WEN38:i1:nsga2:s60001:r1:PR1_HT1_EC0:4e6755c4f558,WEN38,1,60001,1,PR1_HT1_EC0,cf9bc95d906238978e0c5ab26a1947d4104e026d3bac972323bf05453ec86ca7,benchmark,original,No-EC,2000,planning,30,2.6047049490641827,119777.5,-0.3385371494669016
WEN38:i1:nsga2:s60001:r1:PR1_HT1_EC0:4e6755c4f558,WEN38,1,60001,1,PR1_HT1_EC0,cf9bc95d906238978e0c5ab26a1947d4104e026d3bac972323bf05453ec86ca7,benchmark,original,No-EC,2000,planning,31,2.636275251090698,112990.0,-0.34591194968743366
WEN38:i1:nsga2:s60001:r1:PR1_HT1_EC0:4e6755c4f558,WEN38,1,60001,1,PR1_HT1_EC0,cf9bc95d906238978e0c5ab26a1947d4104e026d3bac972323bf05453ec86ca7,benchmark,original,No-EC,2000,planning,32,2.6385566473141715,96955.66666666667,-0.05998356614873046
WEN38:i1:nsga2:s60001:r1:PR1_HT1_EC0:4e6755c4f558,WEN38,1,60001,1,PR1_HT1_EC0,cf9bc95d906238978e0c5ab26a1947d4104e026d3bac972323bf05453ec86ca7,benchmark,original,No-EC,2000,planning,33,2.666097578405128,111771.0,-0.39582783205878513
WEN38:i1:nsga2:s60001:r1:PR1_HT1_EC0:4e6755c4f558,WEN38,1,60001,1,PR1_HT1_EC0,cf9bc95d906238978e0c5ab26a1947d4104e026d3bac972323bf05453ec86ca7,benchmark,original,No-EC,2000,planning,34,2.6700992062637754,93582.33333333333,-0.19464977120969706
WEN38:i1:nsga2:s60001:r1:PR1_HT1_EC0:4e6755c4f558,WEN38,1,60001,1,PR1_HT1_EC0,cf9bc95d906238978e0c5ab26a1947d4104e026d3bac972323bf05453ec86ca7,benchmark,original,No-EC,2000,planning,35,2.6702050880854706,112029.33333333334,-0.4066390041507475
WEN38:i1:nsga2:s60001:r1:PR1_HT1_EC0:4e6755c4f558,WEN38,1,60001,1,PR1_HT1_EC0,cf9bc95d906238978e0c5ab26a1947d4104e026d3bac972323bf05453ec86ca7,benchmark,original,No-EC,2000,planning,36,2.678765898745917,101626.0,-0.2798237330835036
WEN38:i1:nsga2:s60001:r1:PR1_HT1_EC0:4e6755c4f558,WEN38,1,60001,1,PR1_HT1_EC0,cf9bc95d906238978e0c5ab26a1947d4104e026d3bac972323bf05453ec86ca7,benchmark,original,No-EC,2000,planning,37,2.6807383753522327,100023.66666666667,-0.27640733712905785
WEN38:i1:nsga2:s60001:r1:PR1_HT1_EC0:4e6755c4f558,WEN38,1,60001,1,PR1_HT1_EC0,cf9bc95d906238978e0c5ab26a1947d4104e026d3bac972323bf05453ec86ca7,benchmark,original,No-EC,2000,planning,38,2.6966048045985573,101331.0,-0.4019864087831593
WEN38:i1:nsga2:s60001:r1:PR1_HT1_EC0:4e6755c4f558,WEN38,1,60001,1,PR1_HT1_EC0,cf9bc95d906238978e0c5ab26a1947d4104e026d3bac972323bf05453ec86ca7,benchmark,original,No-EC,2000,planning,39,2.700037866305786,83529.5,-0.0
WEN38:i1:nsga2:s60001:r1:PR1_HT1_EC0:4e6755c4f558,WEN38,1,60001,1,PR1_HT1_EC0,cf9bc95d906238978e0c5ab26a1947d4104e026d3bac972323bf05453ec86ca7,benchmark,original,No-EC,2000,planning,40,2.721914892687514,125911.83333333333,-0.4430379746845574
WEN38:i1:nsga2:s60001:r1:PR1_HT1_EC0:4e6755c4f558,WEN38,1,60001,1,PR1_HT1_EC0,cf9bc95d906238978e0c5ab26a1947d4104e026d3bac972323bf05453ec86ca7,benchmark,original,No-EC,2000,planning,41,2.722972135456705,105758.16666666667,-0.4430379746845574
WEN38:i1:nsga2:s60001:r1:PR1_HT1_EC0:4e6755c4f558,WEN38,1,60001,1,PR1_HT1_EC0,cf9bc95d906238978e0c5ab26a1947d4104e026d3bac972323bf05453ec86ca7,benchmark,original,No-EC,2000,planning,42,2.730246937885976,82679.16666666667,-0.0
WEN38:i1:nsga2:s60001:r1:PR1_HT1_EC0:4e6755c4f558,WEN38,1,60001,1,PR1_HT1_EC0,cf9bc95d906238978e0c5ab26a1947d4104e026d3bac972323bf05453ec86ca7,benchmark,original,No-EC,2000,planning,43,2.75035678905534,76928.33333333334,-0.0
WEN38:i1:nsga2:s60001:r1:PR1_HT1_EC0:4e6755c4f558,WEN38,1,60001,1,PR1_HT1_EC0,cf9bc95d906238978e0c5ab26a1947d4104e026d3bac972323bf05453ec86ca7,benchmark,original,No-EC,2000,planning,44,2.7687834368250384,89237.66666666667,-0.05998356614873046
WEN38:i1:nsga2:s60001:r1:PR1_HT1_EC0:4e6755c4f558,WEN38,1,60001,1,PR1_HT1_EC0,cf9bc95d906238978e0c5ab26a1947d4104e026d3bac972323bf05453ec86ca7,benchmark,original,No-EC,2000,planning,45,2.858170396426627,75618.5,-0.0
WEN38:i1:nsga2:s60001:r1:PR1_HT1_EC0:4e6755c4f558,WEN38,1,60001,1,PR1_HT1_EC0,cf9bc95d906238978e0c5ab26a1947d4104e026d3bac972323bf05453ec86ca7,benchmark,original,No-EC,2000,planning,46,2.8615368032310347,90060.33333333333,-0.07405908539294614
WEN38:i1:nsga2:s60001:r1:PR1_HT1_EC1:742a07617751,WEN38,1,60001,1,PR1_HT1_EC1,cf9bc95d906238978e0c5ab26a1947d4104e026d3bac972323bf05453ec86ca7,benchmark,original,Full,2000,planning,0,2.4603396942060387,140600.6666666667,-0.0
WEN38:i1:nsga2:s60001:r1:PR1_HT1_EC1:742a07617751,WEN38,1,60001,1,PR1_HT1_EC1,cf9bc95d906238978e0c5ab26a1947d4104e026d3bac972323bf05453ec86ca7,benchmark,original,Full,2000,planning,1,2.462092592525632,135492.0,-0.0
WEN38:i1:nsga2:s60001:r1:PR1_HT1_EC1:742a07617751,WEN38,1,60001,1,PR1_HT1_EC1,cf9bc95d906238978e0c5ab26a1947d4104e026d3bac972323bf05453ec86ca7,benchmark,original,Full,2000,planning,2,2.462154771593945,101648.0,-0.0
WEN38:i1:nsga2:s60001:r1:PR1_HT1_EC1:742a07617751,WEN38,1,60001,1,PR1_HT1_EC1,cf9bc95d906238978e0c5ab26a1947d4104e026d3bac972323bf05453ec86ca7,benchmark,original,Full,2000,planning,3,2.4633589754175667,95458.66666666667,-0.0
WEN38:i1:nsga2:s60001:r1:PR1_HT1_EC1:742a07617751,WEN38,1,60001,1,PR1_HT1_EC1,cf9bc95d906238978e0c5ab26a1947d4104e026d3bac972323bf05453ec86ca7,benchmark,original,Full,2000,planning,4,2.46374760210289,141162.66666666666,-0.5688584433901269
WEN38:i1:nsga2:s60001:r1:PR1_HT1_EC1:742a07617751,WEN38,1,60001,1,PR1_HT1_EC1,cf9bc95d906238978e0c5ab26a1947d4104e026d3bac972323bf05453ec86ca7,benchmark,original,Full,2000,planning,5,2.4641905503665322,140673.6666666667,-0.5688584433901269
WEN38:i1:nsga2:s60001:r1:PR1_HT1_EC1:742a07617751,WEN38,1,60001,1,PR1_HT1_EC1,cf9bc95d906238978e0c5ab26a1947d4104e026d3bac972323bf05453ec86ca7,benchmark,original,Full,2000,planning,6,2.4644060655313504,139176.6666666667,-0.524847716925251
WEN38:i1:nsga2:s60001:r1:PR1_HT1_EC1:742a07617751,WEN38,1,60001,1,PR1_HT1_EC1,cf9bc95d906238978e0c5ab26a1947d4104e026d3bac972323bf05453ec86ca7,benchmark,original,Full,2000,planning,7,2.465603589841683,136289.0,-0.5692594525717141
WEN38:i1:nsga2:s60001:r1:PR1_HT1_EC1:742a07617751,WEN38,1,60001,1,PR1_HT1_EC1,cf9bc95d906238978e0c5ab26a1947d4104e026d3bac972323bf05453ec86ca7,benchmark,original,Full,2000,planning,8,2.465629645185256,85371.0,-0.0
WEN38:i1:nsga2:s60001:r1:PR1_HT1_EC1:742a07617751,WEN38,1,60001,1,PR1_HT1_EC1,cf9bc95d906238978e0c5ab26a1947d4104e026d3bac972323bf05453ec86ca7,benchmark,original,Full,2000,planning,9,2.465742444845028,136497.83333333334,-0.5829484139021588
WEN38:i1:nsga2:s60001:r1:PR1_HT1_EC1:742a07617751,WEN38,1,60001,1,PR1_HT1_EC1,cf9bc95d906238978e0c5ab26a1947d4104e026d3bac972323bf05453ec86ca7,benchmark,original,Full,2000,planning,10,2.466352962084698,131236.83333333334,-0.5729966695462281
WEN38:i1:nsga2:s60001:r1:PR1_HT1_EC1:742a07617751,WEN38,1,60001,1,PR1_HT1_EC1,cf9bc95d906238978e0c5ab26a1947d4104e026d3bac972323bf05453ec86ca7,benchmark,original,Full,2000,planning,11,2.466879081524951,128480.16666666667,-0.5305477524170783
WEN38:i1:nsga2:s60001:r1:PR1_HT1_EC1:742a07617751,WEN38,1,60001,1,PR1_HT1_EC1,cf9bc95d906238978e0c5ab26a1947d4104e026d3bac972323bf05453ec86ca7,benchmark,original,Full,2000,planning,12,2.4677336780390746,133115.66666666666,-0.5899755608479609
WEN38:i1:nsga2:s60001:r1:PR1_HT1_EC1:742a07617751,WEN38,1,60001,1,PR1_HT1_EC1,cf9bc95d906238978e0c5ab26a1947d4104e026d3bac972323bf05453ec86ca7,benchmark,original,Full,2000,planning,13,2.467833799562515,136041.1666666667,-0.5903329839220532
WEN38:i1:nsga2:s60001:r1:PR1_HT1_EC1:742a07617751,WEN38,1,60001,1,PR1_HT1_EC1,cf9bc95d906238978e0c5ab26a1947d4104e026d3bac972323bf05453ec86ca7,benchmark,original,Full,2000,planning,14,2.4682079263158796,126115.33333333334,-0.5348359170830008
WEN38:i1:nsga2:s60001:r1:PR1_HT1_EC1:742a07617751,WEN38,1,60001,1,PR1_HT1_EC1,cf9bc95d906238978e0c5ab26a1947d4104e026d3bac972323bf05453ec86ca7,benchmark,original,Full,2000,planning,15,2.4686039062516434,129084.33333333333,-0.7973068745568526
WEN38:i1:nsga2:s60001:r1:PR1_HT1_EC1:742a07617751,WEN38,1,60001,1,PR1_HT1_EC1,cf9bc95d906238978e0c5ab26a1947d4104e026d3bac972323bf05453ec86ca7,benchmark,original,Full,2000,planning,16,2.481927758424341,122826.0,-0.06267922982624441
WEN38:i1:nsga2:s60001:r1:PR1_HT1_EC1:742a07617751,WEN38,1,60001,1,PR1_HT1_EC1,cf9bc95d906238978e0c5ab26a1947d4104e026d3bac972323bf05453ec86ca7,benchmark,original,Full,2000,planning,17,2.4906970149200776,119420.66666666669,-0.05998356614873046
WEN38:i1:nsga2:s60001:r1:PR1_HT1_EC1:742a07617751,WEN38,1,60001,1,PR1_HT1_EC1,cf9bc95d906238978e0c5ab26a1947d4104e026d3bac972323bf05453ec86ca7,benchmark,original,Full,2000,planning,18,2.4942321232810913,101178.66666666667,-0.05998356614873046
WEN38:i1:nsga2:s60001:r1:PR1_HT1_EC1:742a07617751,WEN38,1,60001,1,PR1_HT1_EC1,cf9bc95d906238978e0c5ab26a1947d4104e026d3bac972323bf05453ec86ca7,benchmark,original,Full,2000,planning,19,2.50863638402563,125555.66666666669,-0.17161477190711594
WEN38:i1:nsga2:s60001:r1:PR1_HT1_EC1:742a07617751,WEN38,1,60001,1,PR1_HT1_EC1,cf9bc95d906238978e0c5ab26a1947d4104e026d3bac972323bf05453ec86ca7,benchmark,original,Full,2000,planning,20,2.5097207285668146,124702.0,-0.17161477190711594
WEN38:i1:nsga2:s60001:r1:PR1_HT1_EC1:742a07617751,WEN38,1,60001,1,PR1_HT1_EC1,cf9bc95d906238978e0c5ab26a1947d4104e026d3bac972323bf05453ec86ca7,benchmark,original,Full,2000,planning,21,2.5192263850888805,108362.33333333333,-0.06267922982624441
WEN38:i1:nsga2:s60001:r1:PR1_HT1_EC1:742a07617751,WEN38,1,60001,1,PR1_HT1_EC1,cf9bc95d906238978e0c5ab26a1947d4104e026d3bac972323bf05453ec86ca7,benchmark,original,Full,2000,planning,22,2.5460690498634637,111347.66666666667,-0.2666666666682431
WEN38:i1:nsga2:s60001:r1:PR1_HT1_EC1:742a07617751,WEN38,1,60001,1,PR1_HT1_EC1,cf9bc95d906238978e0c5ab26a1947d4104e026d3bac972323bf05453ec86ca7,benchmark,original,Full,2000,planning,23,2.559180318466842,85114.0,-0.0
WEN38:i1:nsga2:s60001:r1:PR1_HT1_EC1:742a07617751,WEN38,1,60001,1,PR1_HT1_EC1,cf9bc95d906238978e0c5ab26a1947d4104e026d3bac972323bf05453ec86ca7,benchmark,original,Full,2000,planning,24,2.5712828316428573,100544.33333333333,-0.17490082942913432
WEN38:i1:nsga2:s60001:r1:PR1_HT1_EC1:742a07617751,WEN38,1,60001,1,PR1_HT1_EC1,cf9bc95d906238978e0c5ab26a1947d4104e026d3bac972323bf05453ec86ca7,benchmark,original,Full,2000,planning,25,2.5717257799065,99990.33333333333,-0.17490082942913432
WEN38:i1:nsga2:s60001:r1:PR1_HT1_EC1:742a07617751,WEN38,1,60001,1,PR1_HT1_EC1,cf9bc95d906238978e0c5ab26a1947d4104e026d3bac972323bf05453ec86ca7,benchmark,original,Full,2000,planning,26,2.5812048727480255,125725.66666666667,-0.37554081338385004
WEN38:i1:nsga2:s60001:r1:PR1_HT1_EC1:742a07617751,WEN38,1,60001,1,PR1_HT1_EC1,cf9bc95d906238978e0c5ab26a1947d4104e026d3bac972323bf05453ec86ca7,benchmark,original,Full,2000,planning,27,2.588436838617085,108633.16666666667,-0.3274544385676563
WEN38:i1:nsga2:s60001:r1:PR1_HT1_EC1:742a07617751,WEN38,1,60001,1,PR1_HT1_EC1,cf9bc95d906238978e0c5ab26a1947d4104e026d3bac972323bf05453ec86ca7,benchmark,original,Full,2000,planning,28,2.601083224210025,99039.0,-0.05998356614873046
WEN38:i1:nsga2:s60001:r1:PR1_HT1_EC1:742a07617751,WEN38,1,60001,1,PR1_HT1_EC1,cf9bc95d906238978e0c5ab26a1947d4104e026d3bac972323bf05453ec86ca7,benchmark,original,Full,2000,planning,29,2.601521554629481,125017.33333333334,-0.4019864087831593
WEN38:i1:nsga2:s60001:r1:PR1_HT1_EC1:742a07617751,WEN38,1,60001,1,PR1_HT1_EC1,cf9bc95d906238978e0c5ab26a1947d4104e026d3bac972323bf05453ec86ca7,benchmark,original,Full,2000,planning,30,2.6047049490641827,119777.5,-0.3385371494669016
WEN38:i1:nsga2:s60001:r1:PR1_HT1_EC1:742a07617751,WEN38,1,60001,1,PR1_HT1_EC1,cf9bc95d906238978e0c5ab26a1947d4104e026d3bac972323bf05453ec86ca7,benchmark,original,Full,2000,planning,31,2.636275251090698,112990.0,-0.34591194968743366
WEN38:i1:nsga2:s60001:r1:PR1_HT1_EC1:742a07617751,WEN38,1,60001,1,PR1_HT1_EC1,cf9bc95d906238978e0c5ab26a1947d4104e026d3bac972323bf05453ec86ca7,benchmark,original,Full,2000,planning,32,2.6385566473141715,96955.66666666667,-0.05998356614873046
WEN38:i1:nsga2:s60001:r1:PR1_HT1_EC1:742a07617751,WEN38,1,60001,1,PR1_HT1_EC1,cf9bc95d906238978e0c5ab26a1947d4104e026d3bac972323bf05453ec86ca7,benchmark,original,Full,2000,planning,33,2.666097578405128,111771.0,-0.39582783205878513
WEN38:i1:nsga2:s60001:r1:PR1_HT1_EC1:742a07617751,WEN38,1,60001,1,PR1_HT1_EC1,cf9bc95d906238978e0c5ab26a1947d4104e026d3bac972323bf05453ec86ca7,benchmark,original,Full,2000,planning,34,2.6700992062637754,93582.33333333333,-0.19464977120969706
WEN38:i1:nsga2:s60001:r1:PR1_HT1_EC1:742a07617751,WEN38,1,60001,1,PR1_HT1_EC1,cf9bc95d906238978e0c5ab26a1947d4104e026d3bac972323bf05453ec86ca7,benchmark,original,Full,2000,planning,35,2.6702050880854706,112029.33333333334,-0.4066390041507475
WEN38:i1:nsga2:s60001:r1:PR1_HT1_EC1:742a07617751,WEN38,1,60001,1,PR1_HT1_EC1,cf9bc95d906238978e0c5ab26a1947d4104e026d3bac972323bf05453ec86ca7,benchmark,original,Full,2000,planning,36,2.678765898745917,101626.0,-0.2798237330835036
WEN38:i1:nsga2:s60001:r1:PR1_HT1_EC1:742a07617751,WEN38,1,60001,1,PR1_HT1_EC1,cf9bc95d906238978e0c5ab26a1947d4104e026d3bac972323bf05453ec86ca7,benchmark,original,Full,2000,planning,37,2.6807383753522327,100023.66666666667,-0.27640733712905785
WEN38:i1:nsga2:s60001:r1:PR1_HT1_EC1:742a07617751,WEN38,1,60001,1,PR1_HT1_EC1,cf9bc95d906238978e0c5ab26a1947d4104e026d3bac972323bf05453ec86ca7,benchmark,original,Full,2000,planning,38,2.6966048045985573,101331.0,-0.4019864087831593
WEN38:i1:nsga2:s60001:r1:PR1_HT1_EC1:742a07617751,WEN38,1,60001,1,PR1_HT1_EC1,cf9bc95d906238978e0c5ab26a1947d4104e026d3bac972323bf05453ec86ca7,benchmark,original,Full,2000,planning,39,2.700037866305786,83529.5,-0.0
WEN38:i1:nsga2:s60001:r1:PR1_HT1_EC1:742a07617751,WEN38,1,60001,1,PR1_HT1_EC1,cf9bc95d906238978e0c5ab26a1947d4104e026d3bac972323bf05453ec86ca7,benchmark,original,Full,2000,planning,40,2.721914892687514,125911.83333333333,-0.4430379746845574
WEN38:i1:nsga2:s60001:r1:PR1_HT1_EC1:742a07617751,WEN38,1,60001,1,PR1_HT1_EC1,cf9bc95d906238978e0c5ab26a1947d4104e026d3bac972323bf05453ec86ca7,benchmark,original,Full,2000,planning,41,2.722972135456705,105758.16666666667,-0.4430379746845574
WEN38:i1:nsga2:s60001:r1:PR1_HT1_EC1:742a07617751,WEN38,1,60001,1,PR1_HT1_EC1,cf9bc95d906238978e0c5ab26a1947d4104e026d3bac972323bf05453ec86ca7,benchmark,original,Full,2000,planning,42,2.730246937885976,82679.16666666667,-0.0
WEN38:i1:nsga2:s60001:r1:PR1_HT1_EC1:742a07617751,WEN38,1,60001,1,PR1_HT1_EC1,cf9bc95d906238978e0c5ab26a1947d4104e026d3bac972323bf05453ec86ca7,benchmark,original,Full,2000,planning,43,2.75035678905534,76928.33333333334,-0.0
WEN38:i1:nsga2:s60001:r1:PR1_HT1_EC1:742a07617751,WEN38,1,60001,1,PR1_HT1_EC1,cf9bc95d906238978e0c5ab26a1947d4104e026d3bac972323bf05453ec86ca7,benchmark,original,Full,2000,planning,44,2.7687834368250384,89237.66666666667,-0.05998356614873046
WEN38:i1:nsga2:s60001:r1:PR1_HT1_EC1:742a07617751,WEN38,1,60001,1,PR1_HT1_EC1,cf9bc95d906238978e0c5ab26a1947d4104e026d3bac972323bf05453ec86ca7,benchmark,original,Full,2000,planning,45,2.858170396426627,75618.5,-0.0
WEN38:i1:nsga2:s60001:r1:PR1_HT1_EC1:742a07617751,WEN38,1,60001,1,PR1_HT1_EC1,cf9bc95d906238978e0c5ab26a1947d4104e026d3bac972323bf05453ec86ca7,benchmark,original,Full,2000,planning,46,2.8615368032310347,90060.33333333333,-0.07405908539294614
WEN38:i1:nsga2:s60002:r2:PR0_HT1_EC1:1f998f0148e6,WEN38,1,60002,2,PR0_HT1_EC1,cf9bc95d906238978e0c5ab26a1947d4104e026d3bac972323bf05453ec86ca7,benchmark,original,No-PR,2000,planning,0,2.458709201367104,157014.0,-0.0
WEN38:i1:nsga2:s60002:r2:PR0_HT1_EC1:1f998f0148e6,WEN38,1,60002,2,PR0_HT1_EC1,cf9bc95d906238978e0c5ab26a1947d4104e026d3bac972323bf05453ec86ca7,benchmark,original,No-PR,2000,planning,1,2.4597383117570395,155361.0,-0.0
WEN38:i1:nsga2:s60002:r2:PR0_HT1_EC1:1f998f0148e6,WEN38,1,60002,2,PR0_HT1_EC1,cf9bc95d906238978e0c5ab26a1947d4104e026d3bac972323bf05453ec86ca7,benchmark,original,No-PR,2000,planning,2,2.459744691669692,148925.0,-0.0
WEN38:i1:nsga2:s60002:r2:PR0_HT1_EC1:1f998f0148e6,WEN38,1,60002,2,PR0_HT1_EC1,cf9bc95d906238978e0c5ab26a1947d4104e026d3bac972323bf05453ec86ca7,benchmark,original,No-PR,2000,planning,3,2.459833281322643,147759.0,-0.0
WEN38:i1:nsga2:s60002:r2:PR0_HT1_EC1:1f998f0148e6,WEN38,1,60002,2,PR0_HT1_EC1,cf9bc95d906238978e0c5ab26a1947d4104e026d3bac972323bf05453ec86ca7,benchmark,original,No-PR,2000,planning,4,2.460276229586775,114281.0,-0.0
WEN38:i1:nsga2:s60002:r2:PR0_HT1_EC1:1f998f0148e6,WEN38,1,60002,2,PR0_HT1_EC1,cf9bc95d906238978e0c5ab26a1947d4104e026d3bac972323bf05453ec86ca7,benchmark,original,No-PR,2000,planning,5,2.461260364497872,112133.0,-0.0
WEN38:i1:nsga2:s60002:r2:PR0_HT1_EC1:1f998f0148e6,WEN38,1,60002,2,PR0_HT1_EC1,cf9bc95d906238978e0c5ab26a1947d4104e026d3bac972323bf05453ec86ca7,benchmark,original,No-PR,2000,planning,6,2.4614745275428085,107120.0,-0.0
WEN38:i1:nsga2:s60002:r2:PR0_HT1_EC1:1f998f0148e6,WEN38,1,60002,2,PR0_HT1_EC1,cf9bc95d906238978e0c5ab26a1947d4104e026d3bac972323bf05453ec86ca7,benchmark,original,No-PR,2000,planning,7,2.4625313770218353,103157.0,-0.0
WEN38:i1:nsga2:s60002:r2:PR0_HT1_EC1:1f998f0148e6,WEN38,1,60002,2,PR0_HT1_EC1,cf9bc95d906238978e0c5ab26a1947d4104e026d3bac972323bf05453ec86ca7,benchmark,original,No-PR,2000,planning,8,2.4625982749695883,98413.5,-0.0
WEN38:i1:nsga2:s60002:r2:PR0_HT1_EC1:1f998f0148e6,WEN38,1,60002,2,PR0_HT1_EC1,cf9bc95d906238978e0c5ab26a1947d4104e026d3bac972323bf05453ec86ca7,benchmark,original,No-PR,2000,planning,9,2.464924877433078,97948.0,-0.0
WEN38:i1:nsga2:s60002:r2:PR0_HT1_EC1:1f998f0148e6,WEN38,1,60002,2,PR0_HT1_EC1,cf9bc95d906238978e0c5ab26a1947d4104e026d3bac972323bf05453ec86ca7,benchmark,original,No-PR,2000,planning,10,2.4836342348460763,130735.0,-0.06267922982624441
WEN38:i1:nsga2:s60002:r2:PR0_HT1_EC1:1f998f0148e6,WEN38,1,60002,2,PR0_HT1_EC1,cf9bc95d906238978e0c5ab26a1947d4104e026d3bac972323bf05453ec86ca7,benchmark,original,No-PR,2000,planning,11,2.483870003710405,126217.0,-0.06267922982624441
WEN38:i1:nsga2:s60002:r2:PR0_HT1_EC1:1f998f0148e6,WEN38,1,60002,2,PR0_HT1_EC1,cf9bc95d906238978e0c5ab26a1947d4104e026d3bac972323bf05453ec86ca7,benchmark,original,No-PR,2000,planning,12,2.4890078955383963,96191.5,-0.0
WEN38:i1:nsga2:s60002:r2:PR0_HT1_EC1:1f998f0148e6,WEN38,1,60002,2,PR0_HT1_EC1,cf9bc95d906238978e0c5ab26a1947d4104e026d3bac972323bf05453ec86ca7,benchmark,original,No-PR,2000,planning,13,2.4897479654772603,95509.0,-0.0
WEN38:i1:nsga2:s60002:r2:PR0_HT1_EC1:1f998f0148e6,WEN38,1,60002,2,PR0_HT1_EC1,cf9bc95d906238978e0c5ab26a1947d4104e026d3bac972323bf05453ec86ca7,benchmark,original,No-PR,2000,planning,14,2.5217982192639075,91858.5,-0.0
WEN38:i1:nsga2:s60002:r2:PR0_HT1_EC1:1f998f0148e6,WEN38,1,60002,2,PR0_HT1_EC1,cf9bc95d906238978e0c5ab26a1947d4104e026d3bac972323bf05453ec86ca7,benchmark,original,No-PR,2000,planning,15,2.5354288735690975,89050.0,-0.0
WEN38:i1:nsga2:s60002:r2:PR0_HT1_EC1:1f998f0148e6,WEN38,1,60002,2,PR0_HT1_EC1,cf9bc95d906238978e0c5ab26a1947d4104e026d3bac972323bf05453ec86ca7,benchmark,original,No-PR,2000,planning,16,2.5515521903647036,81405.0,-0.0
WEN38:i1:nsga2:s60002:r2:PR0_HT1_EC1:1f998f0148e6,WEN38,1,60002,2,PR0_HT1_EC1,cf9bc95d906238978e0c5ab26a1947d4104e026d3bac972323bf05453ec86ca7,benchmark,original,No-PR,2000,planning,17,2.5625373073038364,115500.0,-0.2673711175175413
WEN38:i1:nsga2:s60002:r2:PR0_HT1_EC1:1f998f0148e6,WEN38,1,60002,2,PR0_HT1_EC1,cf9bc95d906238978e0c5ab26a1947d4104e026d3bac972323bf05453ec86ca7,benchmark,original,No-PR,2000,planning,18,2.567791588415713,126780.0,-0.33313902652480465
WEN38:i1:nsga2:s60002:r2:PR0_HT1_EC1:1f998f0148e6,WEN38,1,60002,2,PR0_HT1_EC1,cf9bc95d906238978e0c5ab26a1947d4104e026d3bac972323bf05453ec86ca7,benchmark,original,No-PR,2000,planning,19,2.5678891514569715,119741.0,-0.33313902652480465
WEN38:i1:nsga2:s60002:r2:PR0_HT1_EC1:1f998f0148e6,WEN38,1,60002,2,PR0_HT1_EC1,cf9bc95d906238978e0c5ab26a1947d4104e026d3bac972323bf05453ec86ca7,benchmark,original,No-PR,2000,planning,20,2.5709142395791584,117536.0,-0.33313902652480465
WEN38:i1:nsga2:s60002:r2:PR0_HT1_EC1:1f998f0148e6,WEN38,1,60002,2,PR0_HT1_EC1,cf9bc95d906238978e0c5ab26a1947d4104e026d3bac972323bf05453ec86ca7,benchmark,original,No-PR,2000,planning,21,2.5714982296666493,116374.0,-0.2847764926555101
WEN38:i1:nsga2:s60002:r2:PR0_HT1_EC1:1f998f0148e6,WEN38,1,60002,2,PR0_HT1_EC1,cf9bc95d906238978e0c5ab26a1947d4104e026d3bac972323bf05453ec86ca7,benchmark,original,No-PR,2000,planning,22,2.591514691059496,114154.0,-0.05998356614873046
WEN38:i1:nsga2:s60002:r2:PR0_HT1_EC1:1f998f0148e6,WEN38,1,60002,2,PR0_HT1_EC1,cf9bc95d906238978e0c5ab26a1947d4104e026d3bac972323bf05453ec86ca7,benchmark,original,No-PR,2000,planning,23,2.5963583573425737,110886.0,-0.383786695395429
WEN38:i1:nsga2:s60002:r2:PR0_HT1_EC1:1f998f0148e6,WEN38,1,60002,2,PR0_HT1_EC1,cf9bc95d906238978e0c5ab26a1947d4104e026d3bac972323bf05453ec86ca7,benchmark,original,No-PR,2000,planning,24,2.6230440401176005,103662.0,-0.33313902652480465
WEN38:i1:nsga2:s60002:r2:PR0_HT1_EC1:1f998f0148e6,WEN38,1,60002,2,PR0_HT1_EC1,cf9bc95d906238978e0c5ab26a1947d4104e026d3bac972323bf05453ec86ca7,benchmark,original,No-PR,2000,planning,25,2.6317542622702454,96745.0,-0.15353311136004777
WEN38:i1:nsga2:s60002:r2:PR0_HT1_EC1:1f998f0148e6,WEN38,1,60002,2,PR0_HT1_EC1,cf9bc95d906238978e0c5ab26a1947d4104e026d3bac972323bf05453ec86ca7,benchmark,original,No-PR,2000,planning,26,2.687891665915288,93915.0,-0.15353311136004777
WEN38:i1:nsga2:s60002:r2:PR0_HT1_EC1:1f998f0148e6,WEN38,1,60002,2,PR0_HT1_EC1,cf9bc95d906238978e0c5ab26a1947d4104e026d3bac972323bf05453ec86ca7,benchmark,original,No-PR,2000,planning,27,2.6938271726480956,85891.0,-0.044676409188468824
WEN38:i1:nsga2:s60002:r2:PR0_HT1_EC1:1f998f0148e6,WEN38,1,60002,2,PR0_HT1_EC1,cf9bc95d906238978e0c5ab26a1947d4104e026d3bac972323bf05453ec86ca7,benchmark,original,No-PR,2000,planning,28,2.703926393058418,98649.0,-0.4594849988197893
WEN38:i1:nsga2:s60002:r2:PR0_HT1_EC1:1f998f0148e6,WEN38,1,60002,2,PR0_HT1_EC1,cf9bc95d906238978e0c5ab26a1947d4104e026d3bac972323bf05453ec86ca7,benchmark,original,No-PR,2000,planning,29,2.739273664496819,80180.0,-0.0
WEN38:i1:nsga2:s60002:r2:PR0_HT1_EC1:1f998f0148e6,WEN38,1,60002,2,PR0_HT1_EC1,cf9bc95d906238978e0c5ab26a1947d4104e026d3bac972323bf05453ec86ca7,benchmark,original,No-PR,2000,planning,30,2.744093658585941,75030.0,-0.0
WEN38:i1:nsga2:s60002:r2:PR0_HT1_EC1:1f998f0148e6,WEN38,1,60002,2,PR0_HT1_EC1,cf9bc95d906238978e0c5ab26a1947d4104e026d3bac972323bf05453ec86ca7,benchmark,original,No-PR,2000,planning,31,2.7449795551132583,74412.0,-0.0
WEN38:i1:nsga2:s60002:r2:PR0_HT1_EC1:1f998f0148e6,WEN38,1,60002,2,PR0_HT1_EC1,cf9bc95d906238978e0c5ab26a1947d4104e026d3bac972323bf05453ec86ca7,benchmark,original,No-PR,2000,planning,32,2.757434543307143,93849.0,-0.2798237330835036
WEN38:i1:nsga2:s60002:r2:PR0_HT1_EC1:1f998f0148e6,WEN38,1,60002,2,PR0_HT1_EC1,cf9bc95d906238978e0c5ab26a1947d4104e026d3bac972323bf05453ec86ca7,benchmark,original,No-PR,2000,planning,33,2.7586747984443267,101127.0,-0.46328876378174755
WEN38:i1:nsga2:s60002:r2:PR0_HT1_EC1:1f998f0148e6,WEN38,1,60002,2,PR0_HT1_EC1,cf9bc95d906238978e0c5ab26a1947d4104e026d3bac972323bf05453ec86ca7,benchmark,original,No-PR,2000,planning,34,2.7945536078005118,88194.0,-0.17161477190711594
WEN38:i1:nsga2:s60002:r2:PR0_HT1_EC1:1f998f0148e6,WEN38,1,60002,2,PR0_HT1_EC1,cf9bc95d906238978e0c5ab26a1947d4104e026d3bac972323bf05453ec86ca7,benchmark,original,No-PR,2000,planning,35,2.8016693984871086,88790.0,-0.1825652018596884
WEN38:i1:nsga2:s60002:r2:PR0_HT1_EC1:1f998f0148e6,WEN38,1,60002,2,PR0_HT1_EC1,cf9bc95d906238978e0c5ab26a1947d4104e026d3bac972323bf05453ec86ca7,benchmark,original,No-PR,2000,planning,36,2.8242595776490536,85273.0,-0.27640733712996735
WEN38:i1:nsga2:s60002:r2:PR0_HT1_EC1:1f998f0148e6,WEN38,1,60002,2,PR0_HT1_EC1,cf9bc95d906238978e0c5ab26a1947d4104e026d3bac972323bf05453ec86ca7,benchmark,original,No-PR,2000,planning,37,2.846406990831367,94024.0,-0.3385371494669016
WEN38:i1:nsga2:s60002:r2:PR0_HT1_EC1:1f998f0148e6,WEN38,1,60002,2,PR0_HT1_EC1,cf9bc95d906238978e0c5ab26a1947d4104e026d3bac972323bf05453ec86ca7,benchmark,original,No-PR,2000,planning,38,2.8469100925629087,93629.0,-0.3385371494669016
WEN38:i1:nsga2:s60002:r2:PR0_HT1_EC1:1f998f0148e6,WEN38,1,60002,2,PR0_HT1_EC1,cf9bc95d906238978e0c5ab26a1947d4104e026d3bac972323bf05453ec86ca7,benchmark,original,No-PR,2000,planning,39,2.8482389373538375,93066.5,-0.3385371494669016
WEN38:i1:nsga2:s60002:r2:PR0_HT1_EC1:1f998f0148e6,WEN38,1,60002,2,PR0_HT1_EC1,cf9bc95d906238978e0c5ab26a1947d4104e026d3bac972323bf05453ec86ca7,benchmark,original,No-PR,2000,planning,40,2.86676754221088,87760.0,-0.39019189765531337
WEN38:i1:nsga2:s60002:r2:PR0_HT1_EC1:1f998f0148e6,WEN38,1,60002,2,PR0_HT1_EC1,cf9bc95d906238978e0c5ab26a1947d4104e026d3bac972323bf05453ec86ca7,benchmark,original,No-PR,2000,planning,41,2.8760009172511802,80664.0,-0.15353311135913827
WEN38:i1:nsga2:s60002:r2:PR0_HT1_EC1:1f998f0148e6,WEN38,1,60002,2,PR0_HT1_EC1,cf9bc95d906238978e0c5ab26a1947d4104e026d3bac972323bf05453ec86ca7,benchmark,original,No-PR,2000,planning,42,2.9265607576793577,83881.0,-0.15975027543390752
WEN38:i1:nsga2:s60002:r2:PR0_HT1_EC1:1f998f0148e6,WEN38,1,60002,2,PR0_HT1_EC1,cf9bc95d906238978e0c5ab26a1947d4104e026d3bac972323bf05453ec86ca7,benchmark,original,No-PR,2000,planning,43,2.9335507729313646,91628.0,-0.3947089947105269
WEN38:i1:nsga2:s60002:r2:PR0_HT1_EC1:1f998f0148e6,WEN38,1,60002,2,PR0_HT1_EC1,cf9bc95d906238978e0c5ab26a1947d4104e026d3bac972323bf05453ec86ca7,benchmark,original,No-PR,2000,planning,44,2.95563821492878,84640.0,-0.4140845070432988
WEN38:i1:nsga2:s60002:r2:PR0_HT1_EC1:1f998f0148e6,WEN38,1,60002,2,PR0_HT1_EC1,cf9bc95d906238978e0c5ab26a1947d4104e026d3bac972323bf05453ec86ca7,benchmark,original,No-PR,2000,planning,45,2.955786775765798,84174.0,-0.4140845070432988
WEN38:i1:nsga2:s60002:r2:PR0_HT1_EC1:1f998f0148e6,WEN38,1,60002,2,PR0_HT1_EC1,cf9bc95d906238978e0c5ab26a1947d4104e026d3bac972323bf05453ec86ca7,benchmark,original,No-PR,2000,planning,46,2.9869989519947007,95807.0,-0.476430205950237
WEN38:i1:nsga2:s60002:r2:PR0_HT1_EC1:1f998f0148e6,WEN38,1,60002,2,PR0_HT1_EC1,cf9bc95d906238978e0c5ab26a1947d4104e026d3bac972323bf05453ec86ca7,benchmark,original,No-PR,2000,planning,47,2.987087359364197,90413.0,-0.476430205950237
WEN38:i1:nsga2:s60002:r2:PR0_HT1_EC1:1f998f0148e6,WEN38,1,60002,2,PR0_HT1_EC1,cf9bc95d906238978e0c5ab26a1947d4104e026d3bac972323bf05453ec86ca7,benchmark,original,No-PR,2000,planning,48,3.0681184554273164,79723.0,-0.19464977120878757
WEN38:i1:nsga2:s60002:r2:PR0_HT1_EC1:1f998f0148e6,WEN38,1,60002,2,PR0_HT1_EC1,cf9bc95d906238978e0c5ab26a1947d4104e026d3bac972323bf05453ec86ca7,benchmark,original,No-PR,2000,planning,49,3.1175799178361485,79439.0,-0.15353311136004777
WEN38:i1:nsga2:s60002:r2:PR0_HT1_EC1:1f998f0148e6,WEN38,1,60002,2,PR0_HT1_EC1,cf9bc95d906238978e0c5ab26a1947d4104e026d3bac972323bf05453ec86ca7,benchmark,original,No-PR,2000,planning,50,3.1714139905088943,80382.0,-0.27640733712996735
WEN38:i1:nsga2:s60002:r2:PR1_HT0_EC1:e31b85b97044,WEN38,1,60002,2,PR1_HT0_EC1,cf9bc95d906238978e0c5ab26a1947d4104e026d3bac972323bf05453ec86ca7,benchmark,original,No-HT,2000,planning,0,2.459773310137974,152096.33333333334,-0.0
WEN38:i1:nsga2:s60002:r2:PR1_HT0_EC1:e31b85b97044,WEN38,1,60002,2,PR1_HT0_EC1,cf9bc95d906238978e0c5ab26a1947d4104e026d3bac972323bf05453ec86ca7,benchmark,original,No-HT,2000,planning,1,2.4603934377070713,116522.66666666666,-0.0
WEN38:i1:nsga2:s60002:r2:PR1_HT0_EC1:e31b85b97044,WEN38,1,60002,2,PR1_HT0_EC1,cf9bc95d906238978e0c5ab26a1947d4104e026d3bac972323bf05453ec86ca7,benchmark,original,No-HT,2000,planning,2,2.4604729210992273,104880.5,-0.0
WEN38:i1:nsga2:s60002:r2:PR1_HT0_EC1:e31b85b97044,WEN38,1,60002,2,PR1_HT0_EC1,cf9bc95d906238978e0c5ab26a1947d4104e026d3bac972323bf05453ec86ca7,benchmark,original,No-HT,2000,planning,3,2.460659206665259,155514.66666666666,-0.44430723635559843
WEN38:i1:nsga2:s60002:r2:PR1_HT0_EC1:e31b85b97044,WEN38,1,60002,2,PR1_HT0_EC1,cf9bc95d906238978e0c5ab26a1947d4104e026d3bac972323bf05453ec86ca7,benchmark,original,No-HT,2000,planning,4,2.4615451031925444,156885.33333333334,-0.446776981972107
WEN38:i1:nsga2:s60002:r2:PR1_HT0_EC1:e31b85b97044,WEN38,1,60002,2,PR1_HT0_EC1,cf9bc95d906238978e0c5ab26a1947d4104e026d3bac972323bf05453ec86ca7,benchmark,original,No-HT,2000,planning,5,2.462171277158366,140862.33333333334,-0.5416273282835391
WEN38:i1:nsga2:s60002:r2:PR1_HT0_EC1:e31b85b97044,WEN38,1,60002,2,PR1_HT0_EC1,cf9bc95d906238978e0c5ab26a1947d4104e026d3bac972323bf05453ec86ca7,benchmark,original,No-HT,2000,planning,6,2.4630527456105655,101939.66666666667,-0.0
WEN38:i1:nsga2:s60002:r2:PR1_HT0_EC1:e31b85b97044,WEN38,1,60002,2,PR1_HT0_EC1,cf9bc95d906238978e0c5ab26a1947d4104e026d3bac972323bf05453ec86ca7,benchmark,original,No-HT,2000,planning,7,2.4633551601322585,123018.0,-0.5953175117856517
WEN38:i1:nsga2:s60002:r2:PR1_HT0_EC1:e31b85b97044,WEN38,1,60002,2,PR1_HT0_EC1,cf9bc95d906238978e0c5ab26a1947d4104e026d3bac972323bf05453ec86ca7,benchmark,original,No-HT,2000,planning,8,2.4639588978047877,96304.66666666667,-0.0
WEN38:i1:nsga2:s60002:r2:PR1_HT0_EC1:e31b85b97044,WEN38,1,60002,2,PR1_HT0_EC1,cf9bc95d906238978e0c5ab26a1947d4104e026d3bac972323bf05453ec86ca7,benchmark,original,No-HT,2000,planning,9,2.464362408175135,94701.66666666667,-0.0
WEN38:i1:nsga2:s60002:r2:PR1_HT0_EC1:e31b85b97044,WEN38,1,60002,2,PR1_HT0_EC1,cf9bc95d906238978e0c5ab26a1947d4104e026d3bac972323bf05453ec86ca7,benchmark,original,No-HT,2000,planning,10,2.4645003619956904,145136.6666666667,-0.7973068745568526
WEN38:i1:nsga2:s60002:r2:PR1_HT0_EC1:e31b85b97044,WEN38,1,60002,2,PR1_HT0_EC1,cf9bc95d906238978e0c5ab26a1947d4104e026d3bac972323bf05453ec86ca7,benchmark,original,No-HT,2000,planning,11,2.4648152523289877,117865.66666666667,-0.6167214215938657
WEN38:i1:nsga2:s60002:r2:PR1_HT0_EC1:e31b85b97044,WEN38,1,60002,2,PR1_HT0_EC1,cf9bc95d906238978e0c5ab26a1947d4104e026d3bac972323bf05453ec86ca7,benchmark,original,No-HT,2000,planning,12,2.465331561591131,136495.66666666666,-0.7973068745568526
WEN38:i1:nsga2:s60002:r2:PR1_HT0_EC1:e31b85b97044,WEN38,1,60002,2,PR1_HT0_EC1,cf9bc95d906238978e0c5ab26a1947d4104e026d3bac972323bf05453ec86ca7,benchmark,original,No-HT,2000,planning,13,2.46535768543559,103213.5,-0.48683162192355667
WEN38:i1:nsga2:s60002:r2:PR1_HT0_EC1:e31b85b97044,WEN38,1,60002,2,PR1_HT0_EC1,cf9bc95d906238978e0c5ab26a1947d4104e026d3bac972323bf05453ec86ca7,benchmark,original,No-HT,2000,planning,14,2.465687685434906,92931.33333333334,-0.0
WEN38:i1:nsga2:s60002:r2:PR1_HT0_EC1:e31b85b97044,WEN38,1,60002,2,PR1_HT0_EC1,cf9bc95d906238978e0c5ab26a1947d4104e026d3bac972323bf05453ec86ca7,benchmark,original,No-HT,2000,planning,15,2.465833012516214,94539.16666666667,-0.45713407912171533
WEN38:i1:nsga2:s60002:r2:PR1_HT0_EC1:e31b85b97044,WEN38,1,60002,2,PR1_HT0_EC1,cf9bc95d906238978e0c5ab26a1947d4104e026d3bac972323bf05453ec86ca7,benchmark,original,No-HT,2000,planning,16,2.4661476556123842,135024.33333333334,-0.7973068745568526
WEN38:i1:nsga2:s60002:r2:PR1_HT0_EC1:e31b85b97044,WEN38,1,60002,2,PR1_HT0_EC1,cf9bc95d906238978e0c5ab26a1947d4104e026d3bac972323bf05453ec86ca7,benchmark,original,No-HT,2000,planning,17,2.466272047196179,130958.66666666667,-0.752244900039841
WEN38:i1:nsga2:s60002:r2:PR1_HT0_EC1:e31b85b97044,WEN38,1,60002,2,PR1_HT0_EC1,cf9bc95d906238978e0c5ab26a1947d4104e026d3bac972323bf05453ec86ca7,benchmark,original,No-HT,2000,planning,18,2.4666988579626237,117303.0,-0.7973068745568526
WEN38:i1:nsga2:s60002:r2:PR1_HT0_EC1:e31b85b97044,WEN38,1,60002,2,PR1_HT0_EC1,cf9bc95d906238978e0c5ab26a1947d4104e026d3bac972323bf05453ec86ca7,benchmark,original,No-HT,2000,planning,19,2.466980952841511,114952.50000000001,-0.6003585952403228
WEN38:i1:nsga2:s60002:r2:PR1_HT0_EC1:e31b85b97044,WEN38,1,60002,2,PR1_HT0_EC1,cf9bc95d906238978e0c5ab26a1947d4104e026d3bac972323bf05453ec86ca7,benchmark,original,No-HT,2000,planning,20,2.468502557467306,110858.83333333333,-0.5409374179189399
WEN38:i1:nsga2:s60002:r2:PR1_HT0_EC1:e31b85b97044,WEN38,1,60002,2,PR1_HT0_EC1,cf9bc95d906238978e0c5ab26a1947d4104e026d3bac972323bf05453ec86ca7,benchmark,original,No-HT,2000,planning,21,2.4696247376917126,113269.0,-0.7973068745568526
WEN38:i1:nsga2:s60002:r2:PR1_HT0_EC1:e31b85b97044,WEN38,1,60002,2,PR1_HT0_EC1,cf9bc95d906238978e0c5ab26a1947d4104e026d3bac972323bf05453ec86ca7,benchmark,original,No-HT,2000,planning,22,2.475783186001144,82887.66666666667,-0.044676409188468824
WEN38:i1:nsga2:s60002:r2:PR1_HT0_EC1:e31b85b97044,WEN38,1,60002,2,PR1_HT0_EC1,cf9bc95d906238978e0c5ab26a1947d4104e026d3bac972323bf05453ec86ca7,benchmark,original,No-HT,2000,planning,23,2.518182509754853,85181.66666666667,-0.07405908539294614
WEN38:i1:nsga2:s60002:r2:PR1_HT0_EC1:e31b85b97044,WEN38,1,60002,2,PR1_HT0_EC1,cf9bc95d906238978e0c5ab26a1947d4104e026d3bac972323bf05453ec86ca7,benchmark,original,No-HT,2000,planning,24,2.5234092992651087,101390.16666666667,-0.5210383085623107
WEN38:i1:nsga2:s60002:r2:PR1_HT0_EC1:e31b85b97044,WEN38,1,60002,2,PR1_HT0_EC1,cf9bc95d906238978e0c5ab26a1947d4104e026d3bac972323bf05453ec86ca7,benchmark,original,No-HT,2000,planning,25,2.5360241498567637,91003.66666666667,-0.15353311136004777
WEN38:i1:nsga2:s60002:r2:PR1_HT0_EC1:e31b85b97044,WEN38,1,60002,2,PR1_HT0_EC1,cf9bc95d906238978e0c5ab26a1947d4104e026d3bac972323bf05453ec86ca7,benchmark,original,No-HT,2000,planning,26,2.564249129175208,81707.16666666667,-0.0
WEN38:i1:nsga2:s60002:r2:PR1_HT0_EC1:e31b85b97044,WEN38,1,60002,2,PR1_HT0_EC1,cf9bc95d906238978e0c5ab26a1947d4104e026d3bac972323bf05453ec86ca7,benchmark,original,No-HT,2000,planning,27,2.5732852737524663,88055.83333333333,-0.19464977120969706
WEN38:i1:nsga2:s60002:r2:PR1_HT0_EC1:e31b85b97044,WEN38,1,60002,2,PR1_HT0_EC1,cf9bc95d906238978e0c5ab26a1947d4104e026d3bac972323bf05453ec86ca7,benchmark,original,No-HT,2000,planning,28,2.5832073148575585,87159.0,-0.3155848040696583
WEN38:i1:nsga2:s60002:r2:PR1_HT0_EC1:e31b85b97044,WEN38,1,60002,2,PR1_HT0_EC1,cf9bc95d906238978e0c5ab26a1947d4104e026d3bac972323bf05453ec86ca7,benchmark,original,No-HT,2000,planning,29,2.590830825117423,93371.0,-0.3385371494669016
WEN38:i1:nsga2:s60002:r2:PR1_HT0_EC1:e31b85b97044,WEN38,1,60002,2,PR1_HT0_EC1,cf9bc95d906238978e0c5ab26a1947d4104e026d3bac972323bf05453ec86ca7,benchmark,original,No-HT,2000,planning,30,2.6003937074876085,79317.5,-0.0
WEN38:i1:nsga2:s60002:r2:PR1_HT0_EC1:e31b85b97044,WEN38,1,60002,2,PR1_HT0_EC1,cf9bc95d906238978e0c5ab26a1947d4104e026d3bac972323bf05453ec86ca7,benchmark,original,No-HT,2000,planning,31,2.6042916522069373,85592.50000000001,-0.27640733712996735
WEN38:i1:nsga2:s60002:r2:PR1_HT0_EC1:e31b85b97044,WEN38,1,60002,2,PR1_HT0_EC1,cf9bc95d906238978e0c5ab26a1947d4104e026d3bac972323bf05453ec86ca7,benchmark,original,No-HT,2000,planning,32,2.6096956210235085,78863.66666666667,-0.0
WEN38:i1:nsga2:s60002:r2:PR1_HT0_EC1:e31b85b97044,WEN38,1,60002,2,PR1_HT0_EC1,cf9bc95d906238978e0c5ab26a1947d4104e026d3bac972323bf05453ec86ca7,benchmark,original,No-HT,2000,planning,33,2.62942146217543,92434.83333333334,-0.3385371494669016
WEN38:i1:nsga2:s60002:r2:PR1_HT0_EC1:e31b85b97044,WEN38,1,60002,2,PR1_HT0_EC1,cf9bc95d906238978e0c5ab26a1947d4104e026d3bac972323bf05453ec86ca7,benchmark,original,No-HT,2000,planning,34,2.632640341081502,78731.66666666667,-0.05998356614873046
WEN38:i1:nsga2:s60002:r2:PR1_HT0_EC1:e31b85b97044,WEN38,1,60002,2,PR1_HT0_EC1,cf9bc95d906238978e0c5ab26a1947d4104e026d3bac972323bf05453ec86ca7,benchmark,original,No-HT,2000,planning,35,2.6337034169142424,84879.0,-0.15353311136004777
WEN38:i1:nsga2:s60002:r2:PR1_HT0_EC1:e31b85b97044,WEN38,1,60002,2,PR1_HT0_EC1,cf9bc95d906238978e0c5ab26a1947d4104e026d3bac972323bf05453ec86ca7,benchmark,original,No-HT,2000,planning,36,2.6471738442538757,82776.66666666666,-0.19464977120969706
WEN38:i1:nsga2:s60002:r2:PR1_HT0_EC1:e31b85b97044,WEN38,1,60002,2,PR1_HT0_EC1,cf9bc95d906238978e0c5ab26a1947d4104e026d3bac972323bf05453ec86ca7,benchmark,original,No-HT,2000,planning,37,2.654256216346046,76301.33333333334,-0.0
WEN38:i1:nsga2:s60002:r2:PR1_HT0_EC1:e31b85b97044,WEN38,1,60002,2,PR1_HT0_EC1,cf9bc95d906238978e0c5ab26a1947d4104e026d3bac972323bf05453ec86ca7,benchmark,original,No-HT,2000,planning,38,2.6622644049955744,82357.66666666667,-0.15353311136004777
WEN38:i1:nsga2:s60002:r2:PR1_HT0_EC1:e31b85b97044,WEN38,1,60002,2,PR1_HT0_EC1,cf9bc95d906238978e0c5ab26a1947d4104e026d3bac972323bf05453ec86ca7,benchmark,original,No-HT,2000,planning,39,2.6775552950145296,79759.0,-0.19464977120969706
WEN38:i1:nsga2:s60002:r2:PR1_HT0_EC1:e31b85b97044,WEN38,1,60002,2,PR1_HT0_EC1,cf9bc95d906238978e0c5ab26a1947d4104e026d3bac972323bf05453ec86ca7,benchmark,original,No-HT,2000,planning,40,2.683761370829747,75456.66666666667,-0.0
WEN38:i1:nsga2:s60002:r2:PR1_HT0_EC1:e31b85b97044,WEN38,1,60002,2,PR1_HT0_EC1,cf9bc95d906238978e0c5ab26a1947d4104e026d3bac972323bf05453ec86ca7,benchmark,original,No-HT,2000,planning,41,2.68753627436562,86415.66666666667,-0.3926201221147494
WEN38:i1:nsga2:s60002:r2:PR1_HT0_EC1:e31b85b97044,WEN38,1,60002,2,PR1_HT0_EC1,cf9bc95d906238978e0c5ab26a1947d4104e026d3bac972323bf05453ec86ca7,benchmark,original,No-HT,2000,planning,42,2.714142821591783,71293.0,-0.0
WEN38:i1:nsga2:s60002:r2:PR1_HT0_EC1:e31b85b97044,WEN38,1,60002,2,PR1_HT0_EC1,cf9bc95d906238978e0c5ab26a1947d4104e026d3bac972323bf05453ec86ca7,benchmark,original,No-HT,2000,planning,43,2.7199059491442705,75155.33333333333,-0.05998356614873046
WEN38:i1:nsga2:s60002:r2:PR1_HT0_EC1:e31b85b97044,WEN38,1,60002,2,PR1_HT0_EC1,cf9bc95d906238978e0c5ab26a1947d4104e026d3bac972323bf05453ec86ca7,benchmark,original,No-HT,2000,planning,44,2.748515606848904,86235.5,-0.492457852707048
WEN38:i1:nsga2:s60002:r2:PR1_HT0_EC1:e31b85b97044,WEN38,1,60002,2,PR1_HT0_EC1,cf9bc95d906238978e0c5ab26a1947d4104e026d3bac972323bf05453ec86ca7,benchmark,original,No-HT,2000,planning,45,2.761715465106173,83602.00000000001,-0.2798237330835036
WEN38:i1:nsga2:s60002:r2:PR1_HT0_EC1:e31b85b97044,WEN38,1,60002,2,PR1_HT0_EC1,cf9bc95d906238978e0c5ab26a1947d4104e026d3bac972323bf05453ec86ca7,benchmark,original,No-HT,2000,planning,46,2.7657019994789547,80571.0,-0.23350083752302453
WEN38:i1:nsga2:s60002:r2:PR1_HT0_EC1:e31b85b97044,WEN38,1,60002,2,PR1_HT0_EC1,cf9bc95d906238978e0c5ab26a1947d4104e026d3bac972323bf05453ec86ca7,benchmark,original,No-HT,2000,planning,47,2.7866977471756043,84830.33333333334,-0.3385371494669016
WEN38:i1:nsga2:s60002:r2:PR1_HT0_EC1:e31b85b97044,WEN38,1,60002,2,PR1_HT0_EC1,cf9bc95d906238978e0c5ab26a1947d4104e026d3bac972323bf05453ec86ca7,benchmark,original,No-HT,2000,planning,48,2.799100298557848,84160.66666666669,-0.3356562137068977
WEN38:i1:nsga2:s60002:r2:PR1_HT0_EC1:e31b85b97044,WEN38,1,60002,2,PR1_HT0_EC1,cf9bc95d906238978e0c5ab26a1947d4104e026d3bac972323bf05453ec86ca7,benchmark,original,No-HT,2000,planning,49,2.802466705362,78265.0,-0.15353311136004777
WEN38:i1:nsga2:s60002:r2:PR1_HT0_EC1:e31b85b97044,WEN38,1,60002,2,PR1_HT0_EC1,cf9bc95d906238978e0c5ab26a1947d4104e026d3bac972323bf05453ec86ca7,benchmark,original,No-HT,2000,planning,50,2.8141653396473743,73912.33333333333,-0.05998356614873046
WEN38:i1:nsga2:s60002:r2:PR1_HT0_EC1:e31b85b97044,WEN38,1,60002,2,PR1_HT0_EC1,cf9bc95d906238978e0c5ab26a1947d4104e026d3bac972323bf05453ec86ca7,benchmark,original,No-HT,2000,planning,51,2.8144263084803436,73728.33333333333,-0.05998356614873046
WEN38:i1:nsga2:s60002:r2:PR1_HT0_EC1:e31b85b97044,WEN38,1,60002,2,PR1_HT0_EC1,cf9bc95d906238978e0c5ab26a1947d4104e026d3bac972323bf05453ec86ca7,benchmark,original,No-HT,2000,planning,52,2.8386798221712572,80058.16666666667,-0.23350083752302453
WEN38:i1:nsga2:s60002:r2:PR1_HT0_EC1:e31b85b97044,WEN38,1,60002,2,PR1_HT0_EC1,cf9bc95d906238978e0c5ab26a1947d4104e026d3bac972323bf05453ec86ca7,benchmark,original,No-HT,2000,planning,53,2.839408590549776,69774.5,-0.05998356614873046
WEN38:i1:nsga2:s60002:r2:PR1_HT0_EC1:e31b85b97044,WEN38,1,60002,2,PR1_HT0_EC1,cf9bc95d906238978e0c5ab26a1947d4104e026d3bac972323bf05453ec86ca7,benchmark,original,No-HT,2000,planning,54,2.8522540901946805,79126.33333333334,-0.3385371494669016
WEN38:i1:nsga2:s60002:r2:PR1_HT0_EC1:e31b85b97044,WEN38,1,60002,2,PR1_HT0_EC1,cf9bc95d906238978e0c5ab26a1947d4104e026d3bac972323bf05453ec86ca7,benchmark,original,No-HT,2000,planning,55,2.8922080235752254,78804.66666666667,-0.4140845070432988
WEN38:i1:nsga2:s60002:r2:PR1_HT0_EC1:e31b85b97044,WEN38,1,60002,2,PR1_HT0_EC1,cf9bc95d906238978e0c5ab26a1947d4104e026d3bac972323bf05453ec86ca7,benchmark,original,No-HT,2000,planning,56,3.052909653626209,69014.5,-0.0
WEN38:i1:nsga2:s60002:r2:PR1_HT0_EC1:e31b85b97044,WEN38,1,60002,2,PR1_HT0_EC1,cf9bc95d906238978e0c5ab26a1947d4104e026d3bac972323bf05453ec86ca7,benchmark,original,No-HT,2000,planning,57,3.065755153271769,67737.0,-0.0
WEN38:i1:nsga2:s60002:r2:PR1_HT0_EC1:e31b85b97044,WEN38,1,60002,2,PR1_HT0_EC1,cf9bc95d906238978e0c5ab26a1947d4104e026d3bac972323bf05453ec86ca7,benchmark,original,No-HT,2000,planning,58,3.181082414872656,74180.83333333334,-0.15353311136004777
WEN38:i1:nsga2:s60002:r2:PR1_HT1_EC0:785d4370cf5e,WEN38,1,60002,2,PR1_HT1_EC0,cf9bc95d906238978e0c5ab26a1947d4104e026d3bac972323bf05453ec86ca7,benchmark,original,No-EC,2000,planning,0,2.456907869983371,119306.16666666667,-0.0
WEN38:i1:nsga2:s60002:r2:PR1_HT1_EC0:785d4370cf5e,WEN38,1,60002,2,PR1_HT1_EC0,cf9bc95d906238978e0c5ab26a1947d4104e026d3bac972323bf05453ec86ca7,benchmark,original,No-EC,2000,planning,1,2.459962641659712,102787.33333333334,-0.0
WEN38:i1:nsga2:s60002:r2:PR1_HT1_EC0:785d4370cf5e,WEN38,1,60002,2,PR1_HT1_EC0,cf9bc95d906238978e0c5ab26a1947d4104e026d3bac972323bf05453ec86ca7,benchmark,original,No-EC,2000,planning,2,2.4630643670010537,147683.5,-0.5140634543577107
WEN38:i1:nsga2:s60002:r2:PR1_HT1_EC0:785d4370cf5e,WEN38,1,60002,2,PR1_HT1_EC0,cf9bc95d906238978e0c5ab26a1947d4104e026d3bac972323bf05453ec86ca7,benchmark,original,No-EC,2000,planning,3,2.463087338217255,135730.33333333334,-0.5145657882812884
WEN38:i1:nsga2:s60002:r2:PR1_HT1_EC0:785d4370cf5e,WEN38,1,60002,2,PR1_HT1_EC0,cf9bc95d906238978e0c5ab26a1947d4104e026d3bac972323bf05453ec86ca7,benchmark,original,No-EC,2000,planning,4,2.4643932117923617,149854.5,-0.5183248179946531
WEN38:i1:nsga2:s60002:r2:PR1_HT1_EC0:785d4370cf5e,WEN38,1,60002,2,PR1_HT1_EC0,cf9bc95d906238978e0c5ab26a1947d4104e026d3bac972323bf05453ec86ca7,benchmark,original,No-EC,2000,planning,5,2.4647752176452826,129723.66666666666,-0.5184766411875898
WEN38:i1:nsga2:s60002:r2:PR1_HT1_EC0:785d4370cf5e,WEN38,1,60002,2,PR1_HT1_EC0,cf9bc95d906238978e0c5ab26a1947d4104e026d3bac972323bf05453ec86ca7,benchmark,original,No-EC,2000,planning,6,2.4648361600556257,138589.5,-0.5197452725396943
WEN38:i1:nsga2:s60002:r2:PR1_HT1_EC0:785d4370cf5e,WEN38,1,60002,2,PR1_HT1_EC0,cf9bc95d906238978e0c5ab26a1947d4104e026d3bac972323bf05453ec86ca7,benchmark,original,No-EC,2000,planning,7,2.4650753440314803,143677.5,-0.520512292062449
WEN38:i1:nsga2:s60002:r2:PR1_HT1_EC0:785d4370cf5e,WEN38,1,60002,2,PR1_HT1_EC0,cf9bc95d906238978e0c5ab26a1947d4104e026d3bac972323bf05453ec86ca7,benchmark,original,No-EC,2000,planning,8,2.465162229912783,150067.1666666667,-0.5252676320587852
WEN38:i1:nsga2:s60002:r2:PR1_HT1_EC0:785d4370cf5e,WEN38,1,60002,2,PR1_HT1_EC0,cf9bc95d906238978e0c5ab26a1947d4104e026d3bac972323bf05453ec86ca7,benchmark,original,No-EC,2000,planning,9,2.4651762460158393,98017.0,-0.0
WEN38:i1:nsga2:s60002:r2:PR1_HT1_EC0:785d4370cf5e,WEN38,1,60002,2,PR1_HT1_EC0,cf9bc95d906238978e0c5ab26a1947d4104e026d3bac972323bf05453ec86ca7,benchmark,original,No-EC,2000,planning,10,2.465279108319465,141001.5,-0.5211657270856449
WEN38:i1:nsga2:s60002:r2:PR1_HT1_EC0:785d4370cf5e,WEN38,1,60002,2,PR1_HT1_EC0,cf9bc95d906238978e0c5ab26a1947d4104e026d3bac972323bf05453ec86ca7,benchmark,original,No-EC,2000,planning,11,2.465605178176098,147007.1666666667,-0.5267002968148518
WEN38:i1:nsga2:s60002:r2:PR1_HT1_EC0:785d4370cf5e,WEN38,1,60002,2,PR1_HT1_EC0,cf9bc95d906238978e0c5ab26a1947d4104e026d3bac972323bf05453ec86ca7,benchmark,original,No-EC,2000,planning,12,2.4656828930214827,111590.66666666666,-0.5178539160060609
WEN38:i1:nsga2:s60002:r2:PR1_HT1_EC0:785d4370cf5e,WEN38,1,60002,2,PR1_HT1_EC0,cf9bc95d906238978e0c5ab26a1947d4104e026d3bac972323bf05453ec86ca7,benchmark,original,No-EC,2000,planning,13,2.4657341290705475,153057.33333333334,-0.7973068745568526
WEN38:i1:nsga2:s60002:r2:PR1_HT1_EC0:785d4370cf5e,WEN38,1,60002,2,PR1_HT1_EC0,cf9bc95d906238978e0c5ab26a1947d4104e026d3bac972323bf05453ec86ca7,benchmark,original,No-EC,2000,planning,14,2.4659830624530663,123239.83333333333,-0.5231182401703336
WEN38:i1:nsga2:s60002:r2:PR1_HT1_EC0:785d4370cf5e,WEN38,1,60002,2,PR1_HT1_EC0,cf9bc95d906238978e0c5ab26a1947d4104e026d3bac972323bf05453ec86ca7,benchmark,original,No-EC,2000,planning,15,2.4664260107167095,127559.66666666667,-0.5245386947153747
WEN38:i1:nsga2:s60002:r2:PR1_HT1_EC0:785d4370cf5e,WEN38,1,60002,2,PR1_HT1_EC0,cf9bc95d906238978e0c5ab26a1947d4104e026d3bac972323bf05453ec86ca7,benchmark,original,No-EC,2000,planning,16,2.466509260210748,109079.16666666666,-0.5230053106843116
WEN38:i1:nsga2:s60002:r2:PR1_HT1_EC0:785d4370cf5e,WEN38,1,60002,2,PR1_HT1_EC0,cf9bc95d906238978e0c5ab26a1947d4104e026d3bac972323bf05453ec86ca7,benchmark,original,No-EC,2000,planning,17,2.466560406966533,138685.1666666667,-0.5297898734870614
WEN38:i1:nsga2:s60002:r2:PR1_HT1_EC0:785d4370cf5e,WEN38,1,60002,2,PR1_HT1_EC0,cf9bc95d906238978e0c5ab26a1947d4104e026d3bac972323bf05453ec86ca7,benchmark,original,No-EC,2000,planning,18,2.4669750006729423,119481.5,-0.5234582965977097
WEN38:i1:nsga2:s60002:r2:PR1_HT1_EC0:785d4370cf5e,WEN38,1,60002,2,PR1_HT1_EC0,cf9bc95d906238978e0c5ab26a1947d4104e026d3bac972323bf05453ec86ca7,benchmark,original,No-EC,2000,planning,19,2.4669783076097813,126336.16666666667,-0.5288962674776485
WEN38:i1:nsga2:s60002:r2:PR1_HT1_EC0:785d4370cf5e,WEN38,1,60002,2,PR1_HT1_EC0,cf9bc95d906238978e0c5ab26a1947d4104e026d3bac972323bf05453ec86ca7,benchmark,original,No-EC,2000,planning,20,2.4670565361938737,96078.0,-0.0
WEN38:i1:nsga2:s60002:r2:PR1_HT1_EC0:785d4370cf5e,WEN38,1,60002,2,PR1_HT1_EC0,cf9bc95d906238978e0c5ab26a1947d4104e026d3bac972323bf05453ec86ca7,benchmark,original,No-EC,2000,planning,21,2.467104157493872,129671.16666666667,-0.5319809257152883
WEN38:i1:nsga2:s60002:r2:PR1_HT1_EC0:785d4370cf5e,WEN38,1,60002,2,PR1_HT1_EC0,cf9bc95d906238978e0c5ab26a1947d4104e026d3bac972323bf05453ec86ca7,benchmark,original,No-EC,2000,planning,22,2.4673565959324604,122550.5,-0.5313647437942564
WEN38:i1:nsga2:s60002:r2:PR1_HT1_EC0:785d4370cf5e,WEN38,1,60002,2,PR1_HT1_EC0,cf9bc95d906238978e0c5ab26a1947d4104e026d3bac972323bf05453ec86ca7,benchmark,original,No-EC,2000,planning,23,2.4676214334336324,113062.83333333334,-0.5293560004456594
WEN38:i1:nsga2:s60002:r2:PR1_HT1_EC0:785d4370cf5e,WEN38,1,60002,2,PR1_HT1_EC0,cf9bc95d906238978e0c5ab26a1947d4104e026d3bac972323bf05453ec86ca7,benchmark,original,No-EC,2000,planning,24,2.46778243977323,123658.16666666667,-0.5327420862795407
WEN38:i1:nsga2:s60002:r2:PR1_HT1_EC0:785d4370cf5e,WEN38,1,60002,2,PR1_HT1_EC0,cf9bc95d906238978e0c5ab26a1947d4104e026d3bac972323bf05453ec86ca7,benchmark,original,No-EC,2000,planning,25,2.4678481422283385,126458.0,-0.5329545932463589
WEN38:i1:nsga2:s60002:r2:PR1_HT1_EC0:785d4370cf5e,WEN38,1,60002,2,PR1_HT1_EC0,cf9bc95d906238978e0c5ab26a1947d4104e026d3bac972323bf05453ec86ca7,benchmark,original,No-EC,2000,planning,26,2.4679402666275863,130242.00000000001,-0.5342597319622655
WEN38:i1:nsga2:s60002:r2:PR1_HT1_EC0:785d4370cf5e,WEN38,1,60002,2,PR1_HT1_EC0,cf9bc95d906238978e0c5ab26a1947d4104e026d3bac972323bf05453ec86ca7,benchmark,original,No-EC,2000,planning,27,2.467975624522934,122334.66666666669,-0.7973068745568526
WEN38:i1:nsga2:s60002:r2:PR1_HT1_EC0:785d4370cf5e,WEN38,1,60002,2,PR1_HT1_EC0,cf9bc95d906238978e0c5ab26a1947d4104e026d3bac972323bf05453ec86ca7,benchmark,original,No-EC,2000,planning,28,2.468418572786576,121794.66666666669,-0.7973068745568526
WEN38:i1:nsga2:s60002:r2:PR1_HT1_EC0:785d4370cf5e,WEN38,1,60002,2,PR1_HT1_EC0,cf9bc95d906238978e0c5ab26a1947d4104e026d3bac972323bf05453ec86ca7,benchmark,original,No-EC,2000,planning,29,2.4688684223065716,112465.33333333334,-0.5262456624468541
WEN38:i1:nsga2:s60002:r2:PR1_HT1_EC0:785d4370cf5e,WEN38,1,60002,2,PR1_HT1_EC0,cf9bc95d906238978e0c5ab26a1947d4104e026d3bac972323bf05453ec86ca7,benchmark,original,No-EC,2000,planning,30,2.468917688984731,119689.66666666667,-0.7973068745568526
WEN38:i1:nsga2:s60002:r2:PR1_HT1_EC0:785d4370cf5e,WEN38,1,60002,2,PR1_HT1_EC0,cf9bc95d906238978e0c5ab26a1947d4104e026d3bac972323bf05453ec86ca7,benchmark,original,No-EC,2000,planning,31,2.469166038687689,109885.33333333334,-0.5321792668009948
WEN38:i1:nsga2:s60002:r2:PR1_HT1_EC0:785d4370cf5e,WEN38,1,60002,2,PR1_HT1_EC0,cf9bc95d906238978e0c5ab26a1947d4104e026d3bac972323bf05453ec86ca7,benchmark,original,No-EC,2000,planning,32,2.4693561454041566,111788.50000000001,-0.7973068745568526
WEN38:i1:nsga2:s60002:r2:PR1_HT1_EC0:785d4370cf5e,WEN38,1,60002,2,PR1_HT1_EC0,cf9bc95d906238978e0c5ab26a1947d4104e026d3bac972323bf05453ec86ca7,benchmark,original,No-EC,2000,planning,33,2.4898041694748114,94833.0,-0.0
WEN38:i1:nsga2:s60002:r2:PR1_HT1_EC0:785d4370cf5e,WEN38,1,60002,2,PR1_HT1_EC0,cf9bc95d906238978e0c5ab26a1947d4104e026d3bac972323bf05453ec86ca7,benchmark,original,No-EC,2000,planning,34,2.5110863224171593,98433.0,-0.17161477190711594
WEN38:i1:nsga2:s60002:r2:PR1_HT1_EC0:785d4370cf5e,WEN38,1,60002,2,PR1_HT1_EC0,cf9bc95d906238978e0c5ab26a1947d4104e026d3bac972323bf05453ec86ca7,benchmark,original,No-EC,2000,planning,35,2.512001784980822,97810.0,-0.17161477190711594
WEN38:i1:nsga2:s60002:r2:PR1_HT1_EC0:785d4370cf5e,WEN38,1,60002,2,PR1_HT1_EC0,cf9bc95d906238978e0c5ab26a1947d4104e026d3bac972323bf05453ec86ca7,benchmark,original,No-EC,2000,planning,36,2.514456581093002,105418.33333333334,-0.1805157593144031
WEN38:i1:nsga2:s60002:r2:PR1_HT1_EC0:785d4370cf5e,WEN38,1,60002,2,PR1_HT1_EC0,cf9bc95d906238978e0c5ab26a1947d4104e026d3bac972323bf05453ec86ca7,benchmark,original,No-EC,2000,planning,37,2.52055796412548,92834.66666666667,-0.0
WEN38:i1:nsga2:s60002:r2:PR1_HT1_EC0:785d4370cf5e,WEN38,1,60002,2,PR1_HT1_EC0,cf9bc95d906238978e0c5ab26a1947d4104e026d3bac972323bf05453ec86ca7,benchmark,original,No-EC,2000,planning,38,2.528350268663091,90574.0,-0.0
WEN38:i1:nsga2:s60002:r2:PR1_HT1_EC0:785d4370cf5e,WEN38,1,60002,2,PR1_HT1_EC0,cf9bc95d906238978e0c5ab26a1947d4104e026d3bac972323bf05453ec86ca7,benchmark,original,No-EC,2000,planning,39,2.533599275728169,104610.33333333334,-0.24835742444338393
WEN38:i1:nsga2:s60002:r2:PR1_HT1_EC0:785d4370cf5e,WEN38,1,60002,2,PR1_HT1_EC0,cf9bc95d906238978e0c5ab26a1947d4104e026d3bac972323bf05453ec86ca7,benchmark,original,No-EC,2000,planning,40,2.534030313656836,92343.0,-0.24835742444338393
WEN38:i1:nsga2:s60002:r2:PR1_HT1_EC0:785d4370cf5e,WEN38,1,60002,2,PR1_HT1_EC0,cf9bc95d906238978e0c5ab26a1947d4104e026d3bac972323bf05453ec86ca7,benchmark,original,No-EC,2000,planning,41,2.536688003238691,96325.5,-0.2556929082647912
WEN38:i1:nsga2:s60002:r2:PR1_HT1_EC0:785d4370cf5e,WEN38,1,60002,2,PR1_HT1_EC0,cf9bc95d906238978e0c5ab26a1947d4104e026d3bac972323bf05453ec86ca7,benchmark,original,No-EC,2000,planning,42,2.537389998144616,98969.66666666667,-0.2573839662463797
WEN38:i1:nsga2:s60002:r2:PR1_HT1_EC0:785d4370cf5e,WEN38,1,60002,2,PR1_HT1_EC0,cf9bc95d906238978e0c5ab26a1947d4104e026d3bac972323bf05453ec86ca7,benchmark,original,No-EC,2000,planning,43,2.541635535721019,104681.66666666667,-0.2666666666682431
WEN38:i1:nsga2:s60002:r2:PR1_HT1_EC0:785d4370cf5e,WEN38,1,60002,2,PR1_HT1_EC0,cf9bc95d906238978e0c5ab26a1947d4104e026d3bac972323bf05453ec86ca7,benchmark,original,No-EC,2000,planning,44,2.542801418093797,103576.66666666667,-0.2666666666682431
WEN38:i1:nsga2:s60002:r2:PR1_HT1_EC0:785d4370cf5e,WEN38,1,60002,2,PR1_HT1_EC0,cf9bc95d906238978e0c5ab26a1947d4104e026d3bac972323bf05453ec86ca7,benchmark,original,No-EC,2000,planning,45,2.559822380785784,92539.16666666667,-0.2556929082647912
WEN38:i1:nsga2:s60002:r2:PR1_HT1_EC0:785d4370cf5e,WEN38,1,60002,2,PR1_HT1_EC0,cf9bc95d906238978e0c5ab26a1947d4104e026d3bac972323bf05453ec86ca7,benchmark,original,No-EC,2000,planning,46,2.562813491191757,96821.33333333334,-0.3274544385676563
WEN38:i1:nsga2:s60002:r2:PR1_HT1_EC0:785d4370cf5e,WEN38,1,60002,2,PR1_HT1_EC0,cf9bc95d906238978e0c5ab26a1947d4104e026d3bac972323bf05453ec86ca7,benchmark,original,No-EC,2000,planning,47,2.5657454093336343,94371.66666666667,-0.3274544385676563
WEN38:i1:nsga2:s60002:r2:PR1_HT1_EC0:785d4370cf5e,WEN38,1,60002,2,PR1_HT1_EC0,cf9bc95d906238978e0c5ab26a1947d4104e026d3bac972323bf05453ec86ca7,benchmark,original,No-EC,2000,planning,48,2.6086638979072374,85721.0,-0.0
WEN38:i1:nsga2:s60002:r2:PR1_HT1_EC0:785d4370cf5e,WEN38,1,60002,2,PR1_HT1_EC0,cf9bc95d906238978e0c5ab26a1947d4104e026d3bac972323bf05453ec86ca7,benchmark,original,No-EC,2000,planning,49,2.6295232369822363,103720.66666666667,-0.3947089947105269
WEN38:i1:nsga2:s60002:r2:PR1_HT1_EC0:785d4370cf5e,WEN38,1,60002,2,PR1_HT1_EC0,cf9bc95d906238978e0c5ab26a1947d4104e026d3bac972323bf05453ec86ca7,benchmark,original,No-EC,2000,planning,50,2.6301433645514436,105756.66666666669,-0.39582783205878513
WEN38:i1:nsga2:s60002:r2:PR1_HT1_EC0:785d4370cf5e,WEN38,1,60002,2,PR1_HT1_EC0,cf9bc95d906238978e0c5ab26a1947d4104e026d3bac972323bf05453ec86ca7,benchmark,original,No-EC,2000,planning,51,2.6359902816314147,98142.0,-0.40771421175395517
WEN38:i1:nsga2:s60002:r2:PR1_HT1_EC0:785d4370cf5e,WEN38,1,60002,2,PR1_HT1_EC0,cf9bc95d906238978e0c5ab26a1947d4104e026d3bac972323bf05453ec86ca7,benchmark,original,No-EC,2000,planning,52,2.6612383326590328,105653.66666666667,-0.4470758820698393
WEN38:i1:nsga2:s60002:r2:PR1_HT1_EC0:785d4370cf5e,WEN38,1,60002,2,PR1_HT1_EC0,cf9bc95d906238978e0c5ab26a1947d4104e026d3bac972323bf05453ec86ca7,benchmark,original,No-EC,2000,planning,53,2.6809052355647545,93990.66666666667,-0.4430379746845574
WEN38:i1:nsga2:s60002:r2:PR1_HT1_EC0:785d4370cf5e,WEN38,1,60002,2,PR1_HT1_EC0,cf9bc95d906238978e0c5ab26a1947d4104e026d3bac972323bf05453ec86ca7,benchmark,original,No-EC,2000,planning,54,2.684448821673895,98118.33333333334,-0.4470758820698393
WEN38:i1:nsga2:s60002:r2:PR1_HT1_EC0:785d4370cf5e,WEN38,1,60002,2,PR1_HT1_EC0,cf9bc95d906238978e0c5ab26a1947d4104e026d3bac972323bf05453ec86ca7,benchmark,original,No-EC,2000,planning,55,2.7242706604693616,101089.0,-0.4480096501820299
WEN38:i1:nsga2:s60002:r2:PR1_HT1_EC0:785d4370cf5e,WEN38,1,60002,2,PR1_HT1_EC0,cf9bc95d906238978e0c5ab26a1947d4104e026d3bac972323bf05453ec86ca7,benchmark,original,No-EC,2000,planning,56,2.725022882623538,100267.66666666667,-0.4480096501820299
WEN38:i1:nsga2:s60002:r2:PR1_HT1_EC0:785d4370cf5e,WEN38,1,60002,2,PR1_HT1_EC0,cf9bc95d906238978e0c5ab26a1947d4104e026d3bac972323bf05453ec86ca7,benchmark,original,No-EC,2000,planning,57,2.725156556996647,100239.66666666667,-0.4480096501820299
WEN38:i1:nsga2:s60002:r2:PR1_HT1_EC0:785d4370cf5e,WEN38,1,60002,2,PR1_HT1_EC0,cf9bc95d906238978e0c5ab26a1947d4104e026d3bac972323bf05453ec86ca7,benchmark,original,No-EC,2000,planning,58,2.7263517274144666,98997.66666666667,-0.4480096501820299
WEN38:i1:nsga2:s60002:r2:PR1_HT1_EC0:785d4370cf5e,WEN38,1,60002,2,PR1_HT1_EC0,cf9bc95d906238978e0c5ab26a1947d4104e026d3bac972323bf05453ec86ca7,benchmark,original,No-EC,2000,planning,59,2.726794675678109,95567.66666666666,-0.4480096501820299
WEN38:i1:nsga2:s60002:r2:PR1_HT1_EC1:073244d3b9aa,WEN38,1,60002,2,PR1_HT1_EC1,cf9bc95d906238978e0c5ab26a1947d4104e026d3bac972323bf05453ec86ca7,benchmark,original,Full,2000,planning,0,2.456907869983371,119306.16666666667,-0.0
WEN38:i1:nsga2:s60002:r2:PR1_HT1_EC1:073244d3b9aa,WEN38,1,60002,2,PR1_HT1_EC1,cf9bc95d906238978e0c5ab26a1947d4104e026d3bac972323bf05453ec86ca7,benchmark,original,Full,2000,planning,1,2.459962641659712,102787.33333333334,-0.0
WEN38:i1:nsga2:s60002:r2:PR1_HT1_EC1:073244d3b9aa,WEN38,1,60002,2,PR1_HT1_EC1,cf9bc95d906238978e0c5ab26a1947d4104e026d3bac972323bf05453ec86ca7,benchmark,original,Full,2000,planning,2,2.4630643670010537,147683.5,-0.5140634543577107
WEN38:i1:nsga2:s60002:r2:PR1_HT1_EC1:073244d3b9aa,WEN38,1,60002,2,PR1_HT1_EC1,cf9bc95d906238978e0c5ab26a1947d4104e026d3bac972323bf05453ec86ca7,benchmark,original,Full,2000,planning,3,2.463087338217255,135730.33333333334,-0.5145657882812884
WEN38:i1:nsga2:s60002:r2:PR1_HT1_EC1:073244d3b9aa,WEN38,1,60002,2,PR1_HT1_EC1,cf9bc95d906238978e0c5ab26a1947d4104e026d3bac972323bf05453ec86ca7,benchmark,original,Full,2000,planning,4,2.4643932117923617,149854.5,-0.5183248179946531
WEN38:i1:nsga2:s60002:r2:PR1_HT1_EC1:073244d3b9aa,WEN38,1,60002,2,PR1_HT1_EC1,cf9bc95d906238978e0c5ab26a1947d4104e026d3bac972323bf05453ec86ca7,benchmark,original,Full,2000,planning,5,2.4647752176452826,129723.66666666666,-0.5184766411875898
WEN38:i1:nsga2:s60002:r2:PR1_HT1_EC1:073244d3b9aa,WEN38,1,60002,2,PR1_HT1_EC1,cf9bc95d906238978e0c5ab26a1947d4104e026d3bac972323bf05453ec86ca7,benchmark,original,Full,2000,planning,6,2.4648361600556257,138589.5,-0.5197452725396943
WEN38:i1:nsga2:s60002:r2:PR1_HT1_EC1:073244d3b9aa,WEN38,1,60002,2,PR1_HT1_EC1,cf9bc95d906238978e0c5ab26a1947d4104e026d3bac972323bf05453ec86ca7,benchmark,original,Full,2000,planning,7,2.4650753440314803,143677.5,-0.520512292062449
WEN38:i1:nsga2:s60002:r2:PR1_HT1_EC1:073244d3b9aa,WEN38,1,60002,2,PR1_HT1_EC1,cf9bc95d906238978e0c5ab26a1947d4104e026d3bac972323bf05453ec86ca7,benchmark,original,Full,2000,planning,8,2.465162229912783,150067.1666666667,-0.5252676320587852
WEN38:i1:nsga2:s60002:r2:PR1_HT1_EC1:073244d3b9aa,WEN38,1,60002,2,PR1_HT1_EC1,cf9bc95d906238978e0c5ab26a1947d4104e026d3bac972323bf05453ec86ca7,benchmark,original,Full,2000,planning,9,2.4651762460158393,98017.0,-0.0
WEN38:i1:nsga2:s60002:r2:PR1_HT1_EC1:073244d3b9aa,WEN38,1,60002,2,PR1_HT1_EC1,cf9bc95d906238978e0c5ab26a1947d4104e026d3bac972323bf05453ec86ca7,benchmark,original,Full,2000,planning,10,2.465279108319465,141001.5,-0.5211657270856449
WEN38:i1:nsga2:s60002:r2:PR1_HT1_EC1:073244d3b9aa,WEN38,1,60002,2,PR1_HT1_EC1,cf9bc95d906238978e0c5ab26a1947d4104e026d3bac972323bf05453ec86ca7,benchmark,original,Full,2000,planning,11,2.465605178176098,147007.1666666667,-0.5267002968148518
WEN38:i1:nsga2:s60002:r2:PR1_HT1_EC1:073244d3b9aa,WEN38,1,60002,2,PR1_HT1_EC1,cf9bc95d906238978e0c5ab26a1947d4104e026d3bac972323bf05453ec86ca7,benchmark,original,Full,2000,planning,12,2.4656828930214827,111590.66666666666,-0.5178539160060609
WEN38:i1:nsga2:s60002:r2:PR1_HT1_EC1:073244d3b9aa,WEN38,1,60002,2,PR1_HT1_EC1,cf9bc95d906238978e0c5ab26a1947d4104e026d3bac972323bf05453ec86ca7,benchmark,original,Full,2000,planning,13,2.4657341290705475,153057.33333333334,-0.7973068745568526
WEN38:i1:nsga2:s60002:r2:PR1_HT1_EC1:073244d3b9aa,WEN38,1,60002,2,PR1_HT1_EC1,cf9bc95d906238978e0c5ab26a1947d4104e026d3bac972323bf05453ec86ca7,benchmark,original,Full,2000,planning,14,2.4659830624530663,123239.83333333333,-0.5231182401703336
WEN38:i1:nsga2:s60002:r2:PR1_HT1_EC1:073244d3b9aa,WEN38,1,60002,2,PR1_HT1_EC1,cf9bc95d906238978e0c5ab26a1947d4104e026d3bac972323bf05453ec86ca7,benchmark,original,Full,2000,planning,15,2.4664260107167095,127559.66666666667,-0.5245386947153747
WEN38:i1:nsga2:s60002:r2:PR1_HT1_EC1:073244d3b9aa,WEN38,1,60002,2,PR1_HT1_EC1,cf9bc95d906238978e0c5ab26a1947d4104e026d3bac972323bf05453ec86ca7,benchmark,original,Full,2000,planning,16,2.466509260210748,109079.16666666666,-0.5230053106843116
WEN38:i1:nsga2:s60002:r2:PR1_HT1_EC1:073244d3b9aa,WEN38,1,60002,2,PR1_HT1_EC1,cf9bc95d906238978e0c5ab26a1947d4104e026d3bac972323bf05453ec86ca7,benchmark,original,Full,2000,planning,17,2.466560406966533,138685.1666666667,-0.5297898734870614
WEN38:i1:nsga2:s60002:r2:PR1_HT1_EC1:073244d3b9aa,WEN38,1,60002,2,PR1_HT1_EC1,cf9bc95d906238978e0c5ab26a1947d4104e026d3bac972323bf05453ec86ca7,benchmark,original,Full,2000,planning,18,2.4669750006729423,119481.5,-0.5234582965977097
WEN38:i1:nsga2:s60002:r2:PR1_HT1_EC1:073244d3b9aa,WEN38,1,60002,2,PR1_HT1_EC1,cf9bc95d906238978e0c5ab26a1947d4104e026d3bac972323bf05453ec86ca7,benchmark,original,Full,2000,planning,19,2.4669783076097813,126336.16666666667,-0.5288962674776485
WEN38:i1:nsga2:s60002:r2:PR1_HT1_EC1:073244d3b9aa,WEN38,1,60002,2,PR1_HT1_EC1,cf9bc95d906238978e0c5ab26a1947d4104e026d3bac972323bf05453ec86ca7,benchmark,original,Full,2000,planning,20,2.4670565361938737,96078.0,-0.0
WEN38:i1:nsga2:s60002:r2:PR1_HT1_EC1:073244d3b9aa,WEN38,1,60002,2,PR1_HT1_EC1,cf9bc95d906238978e0c5ab26a1947d4104e026d3bac972323bf05453ec86ca7,benchmark,original,Full,2000,planning,21,2.467104157493872,129671.16666666667,-0.5319809257152883
WEN38:i1:nsga2:s60002:r2:PR1_HT1_EC1:073244d3b9aa,WEN38,1,60002,2,PR1_HT1_EC1,cf9bc95d906238978e0c5ab26a1947d4104e026d3bac972323bf05453ec86ca7,benchmark,original,Full,2000,planning,22,2.4673565959324604,122550.5,-0.5313647437942564
WEN38:i1:nsga2:s60002:r2:PR1_HT1_EC1:073244d3b9aa,WEN38,1,60002,2,PR1_HT1_EC1,cf9bc95d906238978e0c5ab26a1947d4104e026d3bac972323bf05453ec86ca7,benchmark,original,Full,2000,planning,23,2.4676214334336324,113062.83333333334,-0.5293560004456594
WEN38:i1:nsga2:s60002:r2:PR1_HT1_EC1:073244d3b9aa,WEN38,1,60002,2,PR1_HT1_EC1,cf9bc95d906238978e0c5ab26a1947d4104e026d3bac972323bf05453ec86ca7,benchmark,original,Full,2000,planning,24,2.46778243977323,123658.16666666667,-0.5327420862795407
WEN38:i1:nsga2:s60002:r2:PR1_HT1_EC1:073244d3b9aa,WEN38,1,60002,2,PR1_HT1_EC1,cf9bc95d906238978e0c5ab26a1947d4104e026d3bac972323bf05453ec86ca7,benchmark,original,Full,2000,planning,25,2.4678481422283385,126458.0,-0.5329545932463589
WEN38:i1:nsga2:s60002:r2:PR1_HT1_EC1:073244d3b9aa,WEN38,1,60002,2,PR1_HT1_EC1,cf9bc95d906238978e0c5ab26a1947d4104e026d3bac972323bf05453ec86ca7,benchmark,original,Full,2000,planning,26,2.4679402666275863,130242.00000000001,-0.5342597319622655
WEN38:i1:nsga2:s60002:r2:PR1_HT1_EC1:073244d3b9aa,WEN38,1,60002,2,PR1_HT1_EC1,cf9bc95d906238978e0c5ab26a1947d4104e026d3bac972323bf05453ec86ca7,benchmark,original,Full,2000,planning,27,2.467975624522934,122334.66666666669,-0.7973068745568526
WEN38:i1:nsga2:s60002:r2:PR1_HT1_EC1:073244d3b9aa,WEN38,1,60002,2,PR1_HT1_EC1,cf9bc95d906238978e0c5ab26a1947d4104e026d3bac972323bf05453ec86ca7,benchmark,original,Full,2000,planning,28,2.468418572786576,121794.66666666669,-0.7973068745568526
WEN38:i1:nsga2:s60002:r2:PR1_HT1_EC1:073244d3b9aa,WEN38,1,60002,2,PR1_HT1_EC1,cf9bc95d906238978e0c5ab26a1947d4104e026d3bac972323bf05453ec86ca7,benchmark,original,Full,2000,planning,29,2.4688684223065716,112465.33333333334,-0.5262456624468541
WEN38:i1:nsga2:s60002:r2:PR1_HT1_EC1:073244d3b9aa,WEN38,1,60002,2,PR1_HT1_EC1,cf9bc95d906238978e0c5ab26a1947d4104e026d3bac972323bf05453ec86ca7,benchmark,original,Full,2000,planning,30,2.468917688984731,119689.66666666667,-0.7973068745568526
WEN38:i1:nsga2:s60002:r2:PR1_HT1_EC1:073244d3b9aa,WEN38,1,60002,2,PR1_HT1_EC1,cf9bc95d906238978e0c5ab26a1947d4104e026d3bac972323bf05453ec86ca7,benchmark,original,Full,2000,planning,31,2.469166038687689,109885.33333333334,-0.5321792668009948
WEN38:i1:nsga2:s60002:r2:PR1_HT1_EC1:073244d3b9aa,WEN38,1,60002,2,PR1_HT1_EC1,cf9bc95d906238978e0c5ab26a1947d4104e026d3bac972323bf05453ec86ca7,benchmark,original,Full,2000,planning,32,2.4693561454041566,111788.50000000001,-0.7973068745568526
WEN38:i1:nsga2:s60002:r2:PR1_HT1_EC1:073244d3b9aa,WEN38,1,60002,2,PR1_HT1_EC1,cf9bc95d906238978e0c5ab26a1947d4104e026d3bac972323bf05453ec86ca7,benchmark,original,Full,2000,planning,33,2.4898041694748114,94833.0,-0.0
WEN38:i1:nsga2:s60002:r2:PR1_HT1_EC1:073244d3b9aa,WEN38,1,60002,2,PR1_HT1_EC1,cf9bc95d906238978e0c5ab26a1947d4104e026d3bac972323bf05453ec86ca7,benchmark,original,Full,2000,planning,34,2.5110863224171593,98433.0,-0.17161477190711594
WEN38:i1:nsga2:s60002:r2:PR1_HT1_EC1:073244d3b9aa,WEN38,1,60002,2,PR1_HT1_EC1,cf9bc95d906238978e0c5ab26a1947d4104e026d3bac972323bf05453ec86ca7,benchmark,original,Full,2000,planning,35,2.512001784980822,97810.0,-0.17161477190711594
WEN38:i1:nsga2:s60002:r2:PR1_HT1_EC1:073244d3b9aa,WEN38,1,60002,2,PR1_HT1_EC1,cf9bc95d906238978e0c5ab26a1947d4104e026d3bac972323bf05453ec86ca7,benchmark,original,Full,2000,planning,36,2.514456581093002,105418.33333333334,-0.1805157593144031
WEN38:i1:nsga2:s60002:r2:PR1_HT1_EC1:073244d3b9aa,WEN38,1,60002,2,PR1_HT1_EC1,cf9bc95d906238978e0c5ab26a1947d4104e026d3bac972323bf05453ec86ca7,benchmark,original,Full,2000,planning,37,2.52055796412548,92834.66666666667,-0.0
WEN38:i1:nsga2:s60002:r2:PR1_HT1_EC1:073244d3b9aa,WEN38,1,60002,2,PR1_HT1_EC1,cf9bc95d906238978e0c5ab26a1947d4104e026d3bac972323bf05453ec86ca7,benchmark,original,Full,2000,planning,38,2.528350268663091,90574.0,-0.0
WEN38:i1:nsga2:s60002:r2:PR1_HT1_EC1:073244d3b9aa,WEN38,1,60002,2,PR1_HT1_EC1,cf9bc95d906238978e0c5ab26a1947d4104e026d3bac972323bf05453ec86ca7,benchmark,original,Full,2000,planning,39,2.533599275728169,104610.33333333334,-0.24835742444338393
WEN38:i1:nsga2:s60002:r2:PR1_HT1_EC1:073244d3b9aa,WEN38,1,60002,2,PR1_HT1_EC1,cf9bc95d906238978e0c5ab26a1947d4104e026d3bac972323bf05453ec86ca7,benchmark,original,Full,2000,planning,40,2.534030313656836,92343.0,-0.24835742444338393
WEN38:i1:nsga2:s60002:r2:PR1_HT1_EC1:073244d3b9aa,WEN38,1,60002,2,PR1_HT1_EC1,cf9bc95d906238978e0c5ab26a1947d4104e026d3bac972323bf05453ec86ca7,benchmark,original,Full,2000,planning,41,2.536688003238691,96325.5,-0.2556929082647912
WEN38:i1:nsga2:s60002:r2:PR1_HT1_EC1:073244d3b9aa,WEN38,1,60002,2,PR1_HT1_EC1,cf9bc95d906238978e0c5ab26a1947d4104e026d3bac972323bf05453ec86ca7,benchmark,original,Full,2000,planning,42,2.537389998144616,98969.66666666667,-0.2573839662463797
WEN38:i1:nsga2:s60002:r2:PR1_HT1_EC1:073244d3b9aa,WEN38,1,60002,2,PR1_HT1_EC1,cf9bc95d906238978e0c5ab26a1947d4104e026d3bac972323bf05453ec86ca7,benchmark,original,Full,2000,planning,43,2.541635535721019,104681.66666666667,-0.2666666666682431
WEN38:i1:nsga2:s60002:r2:PR1_HT1_EC1:073244d3b9aa,WEN38,1,60002,2,PR1_HT1_EC1,cf9bc95d906238978e0c5ab26a1947d4104e026d3bac972323bf05453ec86ca7,benchmark,original,Full,2000,planning,44,2.542801418093797,103576.66666666667,-0.2666666666682431
WEN38:i1:nsga2:s60002:r2:PR1_HT1_EC1:073244d3b9aa,WEN38,1,60002,2,PR1_HT1_EC1,cf9bc95d906238978e0c5ab26a1947d4104e026d3bac972323bf05453ec86ca7,benchmark,original,Full,2000,planning,45,2.559822380785784,92539.16666666667,-0.2556929082647912
WEN38:i1:nsga2:s60002:r2:PR1_HT1_EC1:073244d3b9aa,WEN38,1,60002,2,PR1_HT1_EC1,cf9bc95d906238978e0c5ab26a1947d4104e026d3bac972323bf05453ec86ca7,benchmark,original,Full,2000,planning,46,2.562813491191757,96821.33333333334,-0.3274544385676563
WEN38:i1:nsga2:s60002:r2:PR1_HT1_EC1:073244d3b9aa,WEN38,1,60002,2,PR1_HT1_EC1,cf9bc95d906238978e0c5ab26a1947d4104e026d3bac972323bf05453ec86ca7,benchmark,original,Full,2000,planning,47,2.5657454093336343,94371.66666666667,-0.3274544385676563
WEN38:i1:nsga2:s60002:r2:PR1_HT1_EC1:073244d3b9aa,WEN38,1,60002,2,PR1_HT1_EC1,cf9bc95d906238978e0c5ab26a1947d4104e026d3bac972323bf05453ec86ca7,benchmark,original,Full,2000,planning,48,2.6086638979072374,85721.0,-0.0
WEN38:i1:nsga2:s60002:r2:PR1_HT1_EC1:073244d3b9aa,WEN38,1,60002,2,PR1_HT1_EC1,cf9bc95d906238978e0c5ab26a1947d4104e026d3bac972323bf05453ec86ca7,benchmark,original,Full,2000,planning,49,2.6295232369822363,103720.66666666667,-0.3947089947105269
WEN38:i1:nsga2:s60002:r2:PR1_HT1_EC1:073244d3b9aa,WEN38,1,60002,2,PR1_HT1_EC1,cf9bc95d906238978e0c5ab26a1947d4104e026d3bac972323bf05453ec86ca7,benchmark,original,Full,2000,planning,50,2.6301433645514436,105756.66666666669,-0.39582783205878513
WEN38:i1:nsga2:s60002:r2:PR1_HT1_EC1:073244d3b9aa,WEN38,1,60002,2,PR1_HT1_EC1,cf9bc95d906238978e0c5ab26a1947d4104e026d3bac972323bf05453ec86ca7,benchmark,original,Full,2000,planning,51,2.6359902816314147,98142.0,-0.40771421175395517
WEN38:i1:nsga2:s60002:r2:PR1_HT1_EC1:073244d3b9aa,WEN38,1,60002,2,PR1_HT1_EC1,cf9bc95d906238978e0c5ab26a1947d4104e026d3bac972323bf05453ec86ca7,benchmark,original,Full,2000,planning,52,2.6612383326590328,105653.66666666667,-0.4470758820698393
WEN38:i1:nsga2:s60002:r2:PR1_HT1_EC1:073244d3b9aa,WEN38,1,60002,2,PR1_HT1_EC1,cf9bc95d906238978e0c5ab26a1947d4104e026d3bac972323bf05453ec86ca7,benchmark,original,Full,2000,planning,53,2.6809052355647545,93990.66666666667,-0.4430379746845574
WEN38:i1:nsga2:s60002:r2:PR1_HT1_EC1:073244d3b9aa,WEN38,1,60002,2,PR1_HT1_EC1,cf9bc95d906238978e0c5ab26a1947d4104e026d3bac972323bf05453ec86ca7,benchmark,original,Full,2000,planning,54,2.684448821673895,98118.33333333334,-0.4470758820698393
WEN38:i1:nsga2:s60002:r2:PR1_HT1_EC1:073244d3b9aa,WEN38,1,60002,2,PR1_HT1_EC1,cf9bc95d906238978e0c5ab26a1947d4104e026d3bac972323bf05453ec86ca7,benchmark,original,Full,2000,planning,55,2.7242706604693616,101089.0,-0.4480096501820299
WEN38:i1:nsga2:s60002:r2:PR1_HT1_EC1:073244d3b9aa,WEN38,1,60002,2,PR1_HT1_EC1,cf9bc95d906238978e0c5ab26a1947d4104e026d3bac972323bf05453ec86ca7,benchmark,original,Full,2000,planning,56,2.725022882623538,100267.66666666667,-0.4480096501820299
WEN38:i1:nsga2:s60002:r2:PR1_HT1_EC1:073244d3b9aa,WEN38,1,60002,2,PR1_HT1_EC1,cf9bc95d906238978e0c5ab26a1947d4104e026d3bac972323bf05453ec86ca7,benchmark,original,Full,2000,planning,57,2.725156556996647,100239.66666666667,-0.4480096501820299
WEN38:i1:nsga2:s60002:r2:PR1_HT1_EC1:073244d3b9aa,WEN38,1,60002,2,PR1_HT1_EC1,cf9bc95d906238978e0c5ab26a1947d4104e026d3bac972323bf05453ec86ca7,benchmark,original,Full,2000,planning,58,2.7263517274144666,98997.66666666667,-0.4480096501820299
WEN38:i1:nsga2:s60002:r2:PR1_HT1_EC1:073244d3b9aa,WEN38,1,60002,2,PR1_HT1_EC1,cf9bc95d906238978e0c5ab26a1947d4104e026d3bac972323bf05453ec86ca7,benchmark,original,Full,2000,planning,59,2.726794675678109,95567.66666666666,-0.4480096501820299
WEN38:i1:nsga2:s60003:r3:PR0_HT1_EC1:c9ecedbe9866,WEN38,1,60003,3,PR0_HT1_EC1,cf9bc95d906238978e0c5ab26a1947d4104e026d3bac972323bf05453ec86ca7,benchmark,original,No-PR,2000,planning,0,2.4566812396045696,124921.0,-0.0
WEN38:i1:nsga2:s60003:r3:PR0_HT1_EC1:c9ecedbe9866,WEN38,1,60003,3,PR0_HT1_EC1,cf9bc95d906238978e0c5ab26a1947d4104e026d3bac972323bf05453ec86ca7,benchmark,original,No-PR,2000,planning,1,2.456879624526505,102810.0,-0.0
WEN38:i1:nsga2:s60003:r3:PR0_HT1_EC1:c9ecedbe9866,WEN38,1,60003,3,PR0_HT1_EC1,cf9bc95d906238978e0c5ab26a1947d4104e026d3bac972323bf05453ec86ca7,benchmark,original,No-PR,2000,planning,2,2.4611107222413136,95510.0,-0.0
WEN38:i1:nsga2:s60003:r3:PR0_HT1_EC1:c9ecedbe9866,WEN38,1,60003,3,PR0_HT1_EC1,cf9bc95d906238978e0c5ab26a1947d4104e026d3bac972323bf05453ec86ca7,benchmark,original,No-PR,2000,planning,3,2.463768411822855,93414.0,-0.0
WEN38:i1:nsga2:s60003:r3:PR0_HT1_EC1:c9ecedbe9866,WEN38,1,60003,3,PR0_HT1_EC1,cf9bc95d906238978e0c5ab26a1947d4104e026d3bac972323bf05453ec86ca7,benchmark,original,No-PR,2000,planning,4,2.4692923137407083,124857.0,-0.019288469784441986
WEN38:i1:nsga2:s60003:r3:PR0_HT1_EC1:c9ecedbe9866,WEN38,1,60003,3,PR0_HT1_EC1,cf9bc95d906238978e0c5ab26a1947d4104e026d3bac972323bf05453ec86ca7,benchmark,original,No-PR,2000,planning,5,2.4743883806669924,102682.0,-0.039462636443204246
WEN38:i1:nsga2:s60003:r3:PR0_HT1_EC1:c9ecedbe9866,WEN38,1,60003,3,PR0_HT1_EC1,cf9bc95d906238978e0c5ab26a1947d4104e026d3bac972323bf05453ec86ca7,benchmark,original,No-PR,2000,planning,6,2.4744269454203067,89776.0,-0.0
WEN38:i1:nsga2:s60003:r3:PR0_HT1_EC1:c9ecedbe9866,WEN38,1,60003,3,PR0_HT1_EC1,cf9bc95d906238978e0c5ab26a1947d4104e026d3bac972323bf05453ec86ca7,benchmark,original,No-PR,2000,planning,7,2.488947742070497,85283.0,-0.0
WEN38:i1:nsga2:s60003:r3:PR0_HT1_EC1:c9ecedbe9866,WEN38,1,60003,3,PR0_HT1_EC1,cf9bc95d906238978e0c5ab26a1947d4104e026d3bac972323bf05453ec86ca7,benchmark,original,No-PR,2000,planning,8,2.505263562045945,112354.5,-0.15353311136004777
WEN38:i1:nsga2:s60003:r3:PR0_HT1_EC1:c9ecedbe9866,WEN38,1,60003,3,PR0_HT1_EC1,cf9bc95d906238978e0c5ab26a1947d4104e026d3bac972323bf05453ec86ca7,benchmark,original,No-PR,2000,planning,9,2.509617438097832,112032.5,-0.15353311136004777
WEN38:i1:nsga2:s60003:r3:PR0_HT1_EC1:c9ecedbe9866,WEN38,1,60003,3,PR0_HT1_EC1,cf9bc95d906238978e0c5ab26a1947d4104e026d3bac972323bf05453ec86ca7,benchmark,original,No-PR,2000,planning,10,2.5239406548996968,97751.5,-0.07405908539294614
WEN38:i1:nsga2:s60003:r3:PR0_HT1_EC1:c9ecedbe9866,WEN38,1,60003,3,PR0_HT1_EC1,cf9bc95d906238978e0c5ab26a1947d4104e026d3bac972323bf05453ec86ca7,benchmark,original,No-PR,2000,planning,11,2.528704627274279,97203.5,-0.07405908539294614
WEN38:i1:nsga2:s60003:r3:PR0_HT1_EC1:c9ecedbe9866,WEN38,1,60003,3,PR0_HT1_EC1,cf9bc95d906238978e0c5ab26a1947d4104e026d3bac972323bf05453ec86ca7,benchmark,original,No-PR,2000,planning,12,2.532268082255609,85364.5,-0.17161477190711594
WEN38:i1:nsga2:s60003:r3:PR0_HT1_EC1:c9ecedbe9866,WEN38,1,60003,3,PR0_HT1_EC1,cf9bc95d906238978e0c5ab26a1947d4104e026d3bac972323bf05453ec86ca7,benchmark,original,No-PR,2000,planning,13,2.5327110305190814,95508.0,-0.24338624338815862
WEN38:i1:nsga2:s60003:r3:PR0_HT1_EC1:c9ecedbe9866,WEN38,1,60003,3,PR0_HT1_EC1,cf9bc95d906238978e0c5ab26a1947d4104e026d3bac972323bf05453ec86ca7,benchmark,original,No-PR,2000,planning,14,2.53333115808819,88871.0,-0.1825652018596884
WEN38:i1:nsga2:s60003:r3:PR0_HT1_EC1:c9ecedbe9866,WEN38,1,60003,3,PR0_HT1_EC1,cf9bc95d906238978e0c5ab26a1947d4104e026d3bac972323bf05453ec86ca7,benchmark,original,No-PR,2000,planning,15,2.5337744563902334,100565.0,-0.25253185233759723
WEN38:i1:nsga2:s60003:r3:PR0_HT1_EC1:c9ecedbe9866,WEN38,1,60003,3,PR0_HT1_EC1,cf9bc95d906238978e0c5ab26a1947d4104e026d3bac972323bf05453ec86ca7,benchmark,original,No-PR,2000,planning,16,2.534339869787164,100279.0,-0.25253185233759723
WEN38:i1:nsga2:s60003:r3:PR0_HT1_EC1:c9ecedbe9866,WEN38,1,60003,3,PR0_HT1_EC1,cf9bc95d906238978e0c5ab26a1947d4104e026d3bac972323bf05453ec86ca7,benchmark,original,No-PR,2000,planning,17,2.5437379317628457,109652.5,-0.2780056800274906
WEN38:i1:nsga2:s60003:r3:PR0_HT1_EC1:c9ecedbe9866,WEN38,1,60003,3,PR0_HT1_EC1,cf9bc95d906238978e0c5ab26a1947d4104e026d3bac972323bf05453ec86ca7,benchmark,original,No-PR,2000,planning,18,2.5535983196902787,89029.0,-0.24338624338815862
WEN38:i1:nsga2:s60003:r3:PR0_HT1_EC1:c9ecedbe9866,WEN38,1,60003,3,PR0_HT1_EC1,cf9bc95d906238978e0c5ab26a1947d4104e026d3bac972323bf05453ec86ca7,benchmark,original,No-PR,2000,planning,19,2.554661395522296,84779.0,-0.0
WEN38:i1:nsga2:s60003:r3:PR0_HT1_EC1:c9ecedbe9866,WEN38,1,60003,3,PR0_HT1_EC1,cf9bc95d906238978e0c5ab26a1947d4104e026d3bac972323bf05453ec86ca7,benchmark,original,No-PR,2000,planning,20,2.5554785712703727,83905.0,-0.0
WEN38:i1:nsga2:s60003:r3:PR0_HT1_EC1:c9ecedbe9866,WEN38,1,60003,3,PR0_HT1_EC1,cf9bc95d906238978e0c5ab26a1947d4104e026d3bac972323bf05453ec86ca7,benchmark,original,No-PR,2000,planning,21,2.5554785712703127,88845.5,-0.24338624338815862
WEN38:i1:nsga2:s60003:r3:PR0_HT1_EC1:c9ecedbe9866,WEN38,1,60003,3,PR0_HT1_EC1,cf9bc95d906238978e0c5ab26a1947d4104e026d3bac972323bf05453ec86ca7,benchmark,original,No-PR,2000,planning,22,2.5612170298249293,97787.0,-0.32347723240854975
WEN38:i1:nsga2:s60003:r3:PR0_HT1_EC1:c9ecedbe9866,WEN38,1,60003,3,PR0_HT1_EC1,cf9bc95d906238978e0c5ab26a1947d4104e026d3bac972323bf05453ec86ca7,benchmark,original,No-PR,2000,planning,23,2.5661093295977286,80679.0,-0.15353311136004777
WEN38:i1:nsga2:s60003:r3:PR0_HT1_EC1:c9ecedbe9866,WEN38,1,60003,3,PR0_HT1_EC1,cf9bc95d906238978e0c5ab26a1947d4104e026d3bac972323bf05453ec86ca7,benchmark,original,No-PR,2000,planning,24,2.56840908279536,126044.0,-0.33313902652480465
WEN38:i1:nsga2:s60003:r3:PR0_HT1_EC1:c9ecedbe9866,WEN38,1,60003,3,PR0_HT1_EC1,cf9bc95d906238978e0c5ab26a1947d4104e026d3bac972323bf05453ec86ca7,benchmark,original,No-PR,2000,planning,25,2.5752921514199727,108372.5,-0.3500000000012733
WEN38:i1:nsga2:s60003:r3:PR0_HT1_EC1:c9ecedbe9866,WEN38,1,60003,3,PR0_HT1_EC1,cf9bc95d906238978e0c5ab26a1947d4104e026d3bac972323bf05453ec86ca7,benchmark,original,No-PR,2000,planning,26,2.576277270788747,123692.0,-0.3512900482010082
WEN38:i1:nsga2:s60003:r3:PR0_HT1_EC1:c9ecedbe9866,WEN38,1,60003,3,PR0_HT1_EC1,cf9bc95d906238978e0c5ab26a1947d4104e026d3bac972323bf05453ec86ca7,benchmark,original,No-PR,2000,planning,27,2.581789698131163,91665.0,-0.3079249848779
WEN38:i1:nsga2:s60003:r3:PR0_HT1_EC1:c9ecedbe9866,WEN38,1,60003,3,PR0_HT1_EC1,cf9bc95d906238978e0c5ab26a1947d4104e026d3bac972323bf05453ec86ca7,benchmark,original,No-PR,2000,planning,28,2.586750718683466,86016.0,-0.32347723240854975
WEN38:i1:nsga2:s60003:r3:PR0_HT1_EC1:c9ecedbe9866,WEN38,1,60003,3,PR0_HT1_EC1,cf9bc95d906238978e0c5ab26a1947d4104e026d3bac972323bf05453ec86ca7,benchmark,original,No-PR,2000,planning,29,2.590648663403413,112428.0,-0.3837866953963385
WEN38:i1:nsga2:s60003:r3:PR0_HT1_EC1:c9ecedbe9866,WEN38,1,60003,3,PR0_HT1_EC1,cf9bc95d906238978e0c5ab26a1947d4104e026d3bac972323bf05453ec86ca7,benchmark,original,No-PR,2000,planning,30,2.599773397634841,102901.5,-0.33313902652480465
WEN38:i1:nsga2:s60003:r3:PR0_HT1_EC1:c9ecedbe9866,WEN38,1,60003,3,PR0_HT1_EC1,cf9bc95d906238978e0c5ab26a1947d4104e026d3bac972323bf05453ec86ca7,benchmark,original,No-PR,2000,planning,31,2.600124178471546,115526.0,-0.39614674056520016
WEN38:i1:nsga2:s60003:r3:PR0_HT1_EC1:c9ecedbe9866,WEN38,1,60003,3,PR0_HT1_EC1,cf9bc95d906238978e0c5ab26a1947d4104e026d3bac972323bf05453ec86ca7,benchmark,original,No-PR,2000,planning,32,2.61073864570015,96724.0,-0.3755458515297505
WEN38:i1:nsga2:s60003:r3:PR0_HT1_EC1:c9ecedbe9866,WEN38,1,60003,3,PR0_HT1_EC1,cf9bc95d906238978e0c5ab26a1947d4104e026d3bac972323bf05453ec86ca7,benchmark,original,No-PR,2000,planning,33,2.6116245422274353,91335.0,-0.3755458515297505
WEN38:i1:nsga2:s60003:r3:PR0_HT1_EC1:c9ecedbe9866,WEN38,1,60003,3,PR0_HT1_EC1,cf9bc95d906238978e0c5ab26a1947d4104e026d3bac972323bf05453ec86ca7,benchmark,original,No-PR,2000,planning,34,2.611647327631945,84642.0,-0.3755458515297505
WEN38:i1:nsga2:s60003:r3:PR0_HT1_EC1:c9ecedbe9866,WEN38,1,60003,3,PR0_HT1_EC1,cf9bc95d906238978e0c5ab26a1947d4104e026d3bac972323bf05453ec86ca7,benchmark,original,No-PR,2000,planning,35,2.6328173381025657,84248.0,-0.33313902652480465
WEN38:i1:nsga2:s60003:r3:PR0_HT1_EC1:c9ecedbe9866,WEN38,1,60003,3,PR0_HT1_EC1,cf9bc95d906238978e0c5ab26a1947d4104e026d3bac972323bf05453ec86ca7,benchmark,original,No-PR,2000,planning,36,2.641144765458813,81774.0,-0.3527581329581153
WEN38:i1:nsga2:s60003:r3:PR0_HT1_EC1:c9ecedbe9866,WEN38,1,60003,3,PR0_HT1_EC1,cf9bc95d906238978e0c5ab26a1947d4104e026d3bac972323bf05453ec86ca7,benchmark,original,No-PR,2000,planning,37,2.6472603680287925,78958.0,-0.3155848040696583
WEN38:i1:nsga2:s60003:r3:PR0_HT1_EC1:c9ecedbe9866,WEN38,1,60003,3,PR0_HT1_EC1,cf9bc95d906238978e0c5ab26a1947d4104e026d3bac972323bf05453ec86ca7,benchmark,original,No-PR,2000,planning,38,2.648231937677031,78886.0,-0.3155848040696583
WEN38:i1:nsga2:s60003:r3:PR0_HT1_EC1:c9ecedbe9866,WEN38,1,60003,3,PR0_HT1_EC1,cf9bc95d906238978e0c5ab26a1947d4104e026d3bac972323bf05453ec86ca7,benchmark,original,No-PR,2000,planning,39,2.6497379617735657,94697.0,-0.3837866953963385
WEN38:i1:nsga2:s60003:r3:PR0_HT1_EC1:c9ecedbe9866,WEN38,1,60003,3,PR0_HT1_EC1,cf9bc95d906238978e0c5ab26a1947d4104e026d3bac972323bf05453ec86ca7,benchmark,original,No-PR,2000,planning,40,2.6608116683647824,96138.5,-0.3926201221147494
WEN38:i1:nsga2:s60003:r3:PR0_HT1_EC1:c9ecedbe9866,WEN38,1,60003,3,PR0_HT1_EC1,cf9bc95d906238978e0c5ab26a1947d4104e026d3bac972323bf05453ec86ca7,benchmark,original,No-PR,2000,planning,41,2.6650917395092426,78343.0,-0.0
WEN38:i1:nsga2:s60003:r3:PR0_HT1_EC1:c9ecedbe9866,WEN38,1,60003,3,PR0_HT1_EC1,cf9bc95d906238978e0c5ab26a1947d4104e026d3bac972323bf05453ec86ca7,benchmark,original,No-PR,2000,planning,42,2.6688733267627667,90926.0,-0.4140845070432988
WEN38:i1:nsga2:s60003:r3:PR0_HT1_EC1:c9ecedbe9866,WEN38,1,60003,3,PR0_HT1_EC1,cf9bc95d906238978e0c5ab26a1947d4104e026d3bac972323bf05453ec86ca7,benchmark,original,No-PR,2000,planning,43,2.6715310163446233,89237.0,-0.4140845070432988
WEN38:i1:nsga2:s60003:r3:PR0_HT1_EC1:c9ecedbe9866,WEN38,1,60003,3,PR0_HT1_EC1,cf9bc95d906238978e0c5ab26a1947d4104e026d3bac972323bf05453ec86ca7,benchmark,original,No-PR,2000,planning,44,2.693392791695824,105788.5,-0.45354669214339083
WEN38:i1:nsga2:s60003:r3:PR0_HT1_EC1:c9ecedbe9866,WEN38,1,60003,3,PR0_HT1_EC1,cf9bc95d906238978e0c5ab26a1947d4104e026d3bac972323bf05453ec86ca7,benchmark,original,No-PR,2000,planning,45,2.7038662395905186,89010.5,-0.4594849988197893
WEN38:i1:nsga2:s60003:r3:PR0_HT1_EC1:c9ecedbe9866,WEN38,1,60003,3,PR0_HT1_EC1,cf9bc95d906238978e0c5ab26a1947d4104e026d3bac972323bf05453ec86ca7,benchmark,original,No-PR,2000,planning,46,2.7279626251326654,84734.5,-0.45315487571770063
WEN38:i1:nsga2:s60003:r3:PR0_HT1_EC1:c9ecedbe9866,WEN38,1,60003,3,PR0_HT1_EC1,cf9bc95d906238978e0c5ab26a1947d4104e026d3bac972323bf05453ec86ca7,benchmark,original,No-PR,2000,planning,47,2.7411624833892576,96500.5,-0.4808259587034627
WEN38:i1:nsga2:s60003:r3:PR0_HT1_EC1:c9ecedbe9866,WEN38,1,60003,3,PR0_HT1_EC1,cf9bc95d906238978e0c5ab26a1947d4104e026d3bac972323bf05453ec86ca7,benchmark,original,No-PR,2000,planning,48,2.7434495303911137,82080.0,-0.4808259587034627
WEN38:i1:nsga2:s60003:r3:PR0_HT1_EC1:c9ecedbe9866,WEN38,1,60003,3,PR0_HT1_EC1,cf9bc95d906238978e0c5ab26a1947d4104e026d3bac972323bf05453ec86ca7,benchmark,original,No-PR,2000,planning,49,2.7480724763020277,94807.0,-0.48538011696018657
WEN38:i1:nsga2:s60003:r3:PR0_HT1_EC1:c9ecedbe9866,WEN38,1,60003,3,PR0_HT1_EC1,cf9bc95d906238978e0c5ab26a1947d4104e026d3bac972323bf05453ec86ca7,benchmark,original,No-PR,2000,planning,50,2.7483963328514402,94620.0,-0.48538011696018657
WEN38:i1:nsga2:s60003:r3:PR0_HT1_EC1:c9ecedbe9866,WEN38,1,60003,3,PR0_HT1_EC1,cf9bc95d906238978e0c5ab26a1947d4104e026d3bac972323bf05453ec86ca7,benchmark,original,No-PR,2000,planning,51,2.7498442693565988,92660.0,-0.48538011696018657
WEN38:i1:nsga2:s60003:r3:PR0_HT1_EC1:c9ecedbe9866,WEN38,1,60003,3,PR0_HT1_EC1,cf9bc95d906238978e0c5ab26a1947d4104e026d3bac972323bf05453ec86ca7,benchmark,original,No-PR,2000,planning,52,2.750287217620242,86122.0,-0.48538011696018657
WEN38:i1:nsga2:s60003:r3:PR0_HT1_EC1:c9ecedbe9866,WEN38,1,60003,3,PR0_HT1_EC1,cf9bc95d906238978e0c5ab26a1947d4104e026d3bac972323bf05453ec86ca7,benchmark,original,No-PR,2000,planning,53,2.7715288654030417,76674.0,-0.0
WEN38:i1:nsga2:s60003:r3:PR0_HT1_EC1:c9ecedbe9866,WEN38,1,60003,3,PR0_HT1_EC1,cf9bc95d906238978e0c5ab26a1947d4104e026d3bac972323bf05453ec86ca7,benchmark,original,No-PR,2000,planning,54,2.787563592547274,76639.0,-0.0
WEN38:i1:nsga2:s60003:r3:PR0_HT1_EC1:c9ecedbe9866,WEN38,1,60003,3,PR0_HT1_EC1,cf9bc95d906238978e0c5ab26a1947d4104e026d3bac972323bf05453ec86ca7,benchmark,original,No-PR,2000,planning,55,2.8001326900446992,103041.0,-0.516074450085398
WEN38:i1:nsga2:s60003:r3:PR0_HT1_EC1:c9ecedbe9866,WEN38,1,60003,3,PR0_HT1_EC1,cf9bc95d906238978e0c5ab26a1947d4104e026d3bac972323bf05453ec86ca7,benchmark,original,No-PR,2000,planning,56,2.864016462851879,76579.0,-0.0
WEN38:i1:nsga2:s60003:r3:PR0_HT1_EC1:c9ecedbe9866,WEN38,1,60003,3,PR0_HT1_EC1,cf9bc95d906238978e0c5ab26a1947d4104e026d3bac972323bf05453ec86ca7,benchmark,original,No-PR,2000,planning,57,2.8736727349991806,78385.0,-0.15353311136004777
WEN38:i1:nsga2:s60003:r3:PR0_HT1_EC1:c9ecedbe9866,WEN38,1,60003,3,PR0_HT1_EC1,cf9bc95d906238978e0c5ab26a1947d4104e026d3bac972323bf05453ec86ca7,benchmark,original,No-PR,2000,planning,58,2.887404131171503,77037.0,-0.3527581329572058
WEN38:i1:nsga2:s60003:r3:PR0_HT1_EC1:c9ecedbe9866,WEN38,1,60003,3,PR0_HT1_EC1,cf9bc95d906238978e0c5ab26a1947d4104e026d3bac972323bf05453ec86ca7,benchmark,original,No-PR,2000,planning,59,2.902907320398964,75925.0,-0.0
WEN38:i1:nsga2:s60003:r3:PR0_HT1_EC1:c9ecedbe9866,WEN38,1,60003,3,PR0_HT1_EC1,cf9bc95d906238978e0c5ab26a1947d4104e026d3bac972323bf05453ec86ca7,benchmark,original,No-PR,2000,planning,60,2.936482798784949,76392.0,-0.06267922982624441
WEN38:i1:nsga2:s60003:r3:PR0_HT1_EC1:c9ecedbe9866,WEN38,1,60003,3,PR0_HT1_EC1,cf9bc95d906238978e0c5ab26a1947d4104e026d3bac972323bf05453ec86ca7,benchmark,original,No-PR,2000,planning,61,2.9516316293996736,75577.0,-0.0
WEN38:i1:nsga2:s60003:r3:PR0_HT1_EC1:c9ecedbe9866,WEN38,1,60003,3,PR0_HT1_EC1,cf9bc95d906238978e0c5ab26a1947d4104e026d3bac972323bf05453ec86ca7,benchmark,original,No-PR,2000,planning,62,2.965185846267694,73086.0,-0.19464977120878757
WEN38:i1:nsga2:s60003:r3:PR0_HT1_EC1:c9ecedbe9866,WEN38,1,60003,3,PR0_HT1_EC1,cf9bc95d906238978e0c5ab26a1947d4104e026d3bac972323bf05453ec86ca7,benchmark,original,No-PR,2000,planning,63,3.062191516005381,78066.0,-0.3926201221138399
WEN38:i1:nsga2:s60003:r3:PR0_HT1_EC1:c9ecedbe9866,WEN38,1,60003,3,PR0_HT1_EC1,cf9bc95d906238978e0c5ab26a1947d4104e026d3bac972323bf05453ec86ca7,benchmark,original,No-PR,2000,planning,64,3.1176486386148454,70950.0,-0.0
WEN38:i1:nsga2:s60003:r3:PR1_HT0_EC1:097c71e9a8cb,WEN38,1,60003,3,PR1_HT0_EC1,cf9bc95d906238978e0c5ab26a1947d4104e026d3bac972323bf05453ec86ca7,benchmark,original,No-HT,2000,planning,0,2.4603610520521313,112116.33333333334,-0.0
WEN38:i1:nsga2:s60003:r3:PR1_HT0_EC1:097c71e9a8cb,WEN38,1,60003,3,PR1_HT0_EC1,cf9bc95d906238978e0c5ab26a1947d4104e026d3bac972323bf05453ec86ca7,benchmark,original,No-HT,2000,planning,1,2.4609667142002865,133335.0,-0.7194518530423011
WEN38:i1:nsga2:s60003:r3:PR1_HT0_EC1:097c71e9a8cb,WEN38,1,60003,3,PR1_HT0_EC1,cf9bc95d906238978e0c5ab26a1947d4104e026d3bac972323bf05453ec86ca7,benchmark,original,No-HT,2000,planning,2,2.4610155804143177,133259.5,-0.5267817884450778
WEN38:i1:nsga2:s60003:r3:PR1_HT0_EC1:097c71e9a8cb,WEN38,1,60003,3,PR1_HT0_EC1,cf9bc95d906238978e0c5ab26a1947d4104e026d3bac972323bf05453ec86ca7,benchmark,original,No-HT,2000,planning,3,2.4616459855364963,120486.0,-0.7216006979651866
WEN38:i1:nsga2:s60003:r3:PR1_HT0_EC1:097c71e9a8cb,WEN38,1,60003,3,PR1_HT0_EC1,cf9bc95d906238978e0c5ab26a1947d4104e026d3bac972323bf05453ec86ca7,benchmark,original,No-HT,2000,planning,4,2.4616898968432164,100069.66666666667,-0.0
WEN38:i1:nsga2:s60003:r3:PR1_HT0_EC1:097c71e9a8cb,WEN38,1,60003,3,PR1_HT0_EC1,cf9bc95d906238978e0c5ab26a1947d4104e026d3bac972323bf05453ec86ca7,benchmark,original,No-HT,2000,planning,5,2.4621328451068596,99172.33333333334,-0.0
WEN38:i1:nsga2:s60003:r3:PR1_HT0_EC1:097c71e9a8cb,WEN38,1,60003,3,PR1_HT0_EC1,cf9bc95d906238978e0c5ab26a1947d4104e026d3bac972323bf05453ec86ca7,benchmark,original,No-HT,2000,planning,6,2.4628434418970384,107246.33333333333,-0.722222950219475
WEN38:i1:nsga2:s60003:r3:PR1_HT0_EC1:097c71e9a8cb,WEN38,1,60003,3,PR1_HT0_EC1,cf9bc95d906238978e0c5ab26a1947d4104e026d3bac972323bf05453ec86ca7,benchmark,original,No-HT,2000,planning,7,2.4631964584426367,127989.5,-0.723209928803044
WEN38:i1:nsga2:s60003:r3:PR1_HT0_EC1:097c71e9a8cb,WEN38,1,60003,3,PR1_HT0_EC1,cf9bc95d906238978e0c5ab26a1947d4104e026d3bac972323bf05453ec86ca7,benchmark,original,No-HT,2000,planning,8,2.4634214892259534,95254.33333333334,-0.0
WEN38:i1:nsga2:s60003:r3:PR1_HT0_EC1:097c71e9a8cb,WEN38,1,60003,3,PR1_HT0_EC1,cf9bc95d906238978e0c5ab26a1947d4104e026d3bac972323bf05453ec86ca7,benchmark,original,No-HT,2000,planning,9,2.4635458690763645,153220.5,-0.7973068745568526
WEN38:i1:nsga2:s60003:r3:PR1_HT0_EC1:097c71e9a8cb,WEN38,1,60003,3,PR1_HT0_EC1,cf9bc95d906238978e0c5ab26a1947d4104e026d3bac972323bf05453ec86ca7,benchmark,original,No-HT,2000,planning,10,2.463620253185579,148220.0,-0.7943866903087837
WEN38:i1:nsga2:s60003:r3:PR1_HT0_EC1:097c71e9a8cb,WEN38,1,60003,3,PR1_HT0_EC1,cf9bc95d906238978e0c5ab26a1947d4104e026d3bac972323bf05453ec86ca7,benchmark,original,No-HT,2000,planning,11,2.464262763958833,86992.0,-0.0
WEN38:i1:nsga2:s60003:r3:PR1_HT0_EC1:097c71e9a8cb,WEN38,1,60003,3,PR1_HT0_EC1,cf9bc95d906238978e0c5ab26a1947d4104e026d3bac972323bf05453ec86ca7,benchmark,original,No-HT,2000,planning,12,2.464391805566873,146439.6666666667,-0.7938821054294749
WEN38:i1:nsga2:s60003:r3:PR1_HT0_EC1:097c71e9a8cb,WEN38,1,60003,3,PR1_HT0_EC1,cf9bc95d906238978e0c5ab26a1947d4104e026d3bac972323bf05453ec86ca7,benchmark,original,No-HT,2000,planning,13,2.464484065655017,141430.1666666667,-0.7938821054294749
WEN38:i1:nsga2:s60003:r3:PR1_HT0_EC1:097c71e9a8cb,WEN38,1,60003,3,PR1_HT0_EC1,cf9bc95d906238978e0c5ab26a1947d4104e026d3bac972323bf05453ec86ca7,benchmark,original,No-HT,2000,planning,14,2.464553934392491,151177.33333333334,-0.7973068745568526
WEN38:i1:nsga2:s60003:r3:PR1_HT0_EC1:097c71e9a8cb,WEN38,1,60003,3,PR1_HT0_EC1,cf9bc95d906238978e0c5ab26a1947d4104e026d3bac972323bf05453ec86ca7,benchmark,original,No-HT,2000,planning,15,2.4645946618185635,147628.83333333334,-0.7943866903087837
WEN38:i1:nsga2:s60003:r3:PR1_HT0_EC1:097c71e9a8cb,WEN38,1,60003,3,PR1_HT0_EC1,cf9bc95d906238978e0c5ab26a1947d4104e026d3bac972323bf05453ec86ca7,benchmark,original,No-HT,2000,planning,16,2.4646171225700035,84058.5,-0.0
WEN38:i1:nsga2:s60003:r3:PR1_HT0_EC1:097c71e9a8cb,WEN38,1,60003,3,PR1_HT0_EC1,cf9bc95d906238978e0c5ab26a1947d4104e026d3bac972323bf05453ec86ca7,benchmark,original,No-HT,2000,planning,17,2.4646281799711325,150095.83333333334,-0.7973068745568526
WEN38:i1:nsga2:s60003:r3:PR1_HT0_EC1:097c71e9a8cb,WEN38,1,60003,3,PR1_HT0_EC1,cf9bc95d906238978e0c5ab26a1947d4104e026d3bac972323bf05453ec86ca7,benchmark,original,No-HT,2000,planning,18,2.464647708749025,138951.16666666666,-0.7973068745568526
WEN38:i1:nsga2:s60003:r3:PR1_HT0_EC1:097c71e9a8cb,WEN38,1,60003,3,PR1_HT0_EC1,cf9bc95d906238978e0c5ab26a1947d4104e026d3bac972323bf05453ec86ca7,benchmark,original,No-HT,2000,planning,19,2.46485090039808,118291.33333333334,-0.7973068745568526
WEN38:i1:nsga2:s60003:r3:PR1_HT0_EC1:097c71e9a8cb,WEN38,1,60003,3,PR1_HT0_EC1,cf9bc95d906238978e0c5ab26a1947d4104e026d3bac972323bf05453ec86ca7,benchmark,original,No-HT,2000,planning,20,2.4650201849589495,109491.66666666667,-0.7256857127658805
WEN38:i1:nsga2:s60003:r3:PR1_HT0_EC1:097c71e9a8cb,WEN38,1,60003,3,PR1_HT0_EC1,cf9bc95d906238978e0c5ab26a1947d4104e026d3bac972323bf05453ec86ca7,benchmark,original,No-HT,2000,planning,21,2.4654155486054954,105094.33333333334,-0.6466760574230648
WEN38:i1:nsga2:s60003:r3:PR1_HT0_EC1:097c71e9a8cb,WEN38,1,60003,3,PR1_HT0_EC1,cf9bc95d906238978e0c5ab26a1947d4104e026d3bac972323bf05453ec86ca7,benchmark,original,No-HT,2000,planning,22,2.4667706650375854,103443.33333333334,-0.7372021876790313
WEN38:i1:nsga2:s60003:r3:PR1_HT0_EC1:097c71e9a8cb,WEN38,1,60003,3,PR1_HT0_EC1,cf9bc95d906238978e0c5ab26a1947d4104e026d3bac972323bf05453ec86ca7,benchmark,original,No-HT,2000,planning,23,2.4677645935971073,111463.33333333334,-0.7973068745568526
WEN38:i1:nsga2:s60003:r3:PR1_HT0_EC1:097c71e9a8cb,WEN38,1,60003,3,PR1_HT0_EC1,cf9bc95d906238978e0c5ab26a1947d4104e026d3bac972323bf05453ec86ca7,benchmark,original,No-HT,2000,planning,24,2.468147402483371,110641.66666666667,-0.7973068745568526
WEN38:i1:nsga2:s60003:r3:PR1_HT0_EC1:097c71e9a8cb,WEN38,1,60003,3,PR1_HT0_EC1,cf9bc95d906238978e0c5ab26a1947d4104e026d3bac972323bf05453ec86ca7,benchmark,original,No-HT,2000,planning,25,2.4686997560442094,110114.66666666669,-0.7973068745568526
WEN38:i1:nsga2:s60003:r3:PR1_HT0_EC1:097c71e9a8cb,WEN38,1,60003,3,PR1_HT0_EC1,cf9bc95d906238978e0c5ab26a1947d4104e026d3bac972323bf05453ec86ca7,benchmark,original,No-HT,2000,planning,26,2.4695498883830407,100490.16666666667,-0.6004319560788645
WEN38:i1:nsga2:s60003:r3:PR1_HT0_EC1:097c71e9a8cb,WEN38,1,60003,3,PR1_HT0_EC1,cf9bc95d906238978e0c5ab26a1947d4104e026d3bac972323bf05453ec86ca7,benchmark,original,No-HT,2000,planning,27,2.4802359474508417,92866.33333333333,-0.06267922982624441
WEN38:i1:nsga2:s60003:r3:PR1_HT0_EC1:097c71e9a8cb,WEN38,1,60003,3,PR1_HT0_EC1,cf9bc95d906238978e0c5ab26a1947d4104e026d3bac972323bf05453ec86ca7,benchmark,original,No-HT,2000,planning,28,2.5034005413122555,94853.33333333334,-0.15353311136004777
WEN38:i1:nsga2:s60003:r3:PR1_HT0_EC1:097c71e9a8cb,WEN38,1,60003,3,PR1_HT0_EC1,cf9bc95d906238978e0c5ab26a1947d4104e026d3bac972323bf05453ec86ca7,benchmark,original,No-HT,2000,planning,29,2.5047331262898993,93718.0,-0.15353311136004777
WEN38:i1:nsga2:s60003:r3:PR1_HT0_EC1:097c71e9a8cb,WEN38,1,60003,3,PR1_HT0_EC1,cf9bc95d906238978e0c5ab26a1947d4104e026d3bac972323bf05453ec86ca7,benchmark,original,No-HT,2000,planning,30,2.505484735935828,92556.33333333334,-0.15353311136004777
WEN38:i1:nsga2:s60003:r3:PR1_HT0_EC1:097c71e9a8cb,WEN38,1,60003,3,PR1_HT0_EC1,cf9bc95d906238978e0c5ab26a1947d4104e026d3bac972323bf05453ec86ca7,benchmark,original,No-HT,2000,planning,31,2.5388834431101523,89673.66666666667,-0.15353311136004777
WEN38:i1:nsga2:s60003:r3:PR1_HT0_EC1:097c71e9a8cb,WEN38,1,60003,3,PR1_HT0_EC1,cf9bc95d906238978e0c5ab26a1947d4104e026d3bac972323bf05453ec86ca7,benchmark,original,No-HT,2000,planning,32,2.54279038205752,88598.66666666667,-0.2780056800274906
WEN38:i1:nsga2:s60003:r3:PR1_HT0_EC1:097c71e9a8cb,WEN38,1,60003,3,PR1_HT0_EC1,cf9bc95d906238978e0c5ab26a1947d4104e026d3bac972323bf05453ec86ca7,benchmark,original,No-HT,2000,planning,33,2.5643176676704256,84028.0,-0.0
WEN38:i1:nsga2:s60003:r3:PR1_HT0_EC1:097c71e9a8cb,WEN38,1,60003,3,PR1_HT0_EC1,cf9bc95d906238978e0c5ab26a1947d4104e026d3bac972323bf05453ec86ca7,benchmark,original,No-HT,2000,planning,34,2.577152534127288,98479.0,-0.2798237330835036
WEN38:i1:nsga2:s60003:r3:PR1_HT0_EC1:097c71e9a8cb,WEN38,1,60003,3,PR1_HT0_EC1,cf9bc95d906238978e0c5ab26a1947d4104e026d3bac972323bf05453ec86ca7,benchmark,original,No-HT,2000,planning,35,2.579112139676223,85789.00000000001,-0.2780056800274906
WEN38:i1:nsga2:s60003:r3:PR1_HT0_EC1:097c71e9a8cb,WEN38,1,60003,3,PR1_HT0_EC1,cf9bc95d906238978e0c5ab26a1947d4104e026d3bac972323bf05453ec86ca7,benchmark,original,No-HT,2000,planning,36,2.6065642988331437,90019.0,-0.3385371494669016
WEN38:i1:nsga2:s60003:r3:PR1_HT0_EC1:097c71e9a8cb,WEN38,1,60003,3,PR1_HT0_EC1,cf9bc95d906238978e0c5ab26a1947d4104e026d3bac972323bf05453ec86ca7,benchmark,original,No-HT,2000,planning,37,2.6146879942935044,79554.33333333334,-0.0
WEN38:i1:nsga2:s60003:r3:PR1_HT0_EC1:097c71e9a8cb,WEN38,1,60003,3,PR1_HT0_EC1,cf9bc95d906238978e0c5ab26a1947d4104e026d3bac972323bf05453ec86ca7,benchmark,original,No-HT,2000,planning,38,2.6175011107139117,95363.33333333334,-0.4140845070432988
WEN38:i1:nsga2:s60003:r3:PR1_HT0_EC1:097c71e9a8cb,WEN38,1,60003,3,PR1_HT0_EC1,cf9bc95d906238978e0c5ab26a1947d4104e026d3bac972323bf05453ec86ca7,benchmark,original,No-HT,2000,planning,39,2.6175494157714754,94899.0,-0.4140845070432988
WEN38:i1:nsga2:s60003:r3:PR1_HT0_EC1:097c71e9a8cb,WEN38,1,60003,3,PR1_HT0_EC1,cf9bc95d906238978e0c5ab26a1947d4104e026d3bac972323bf05453ec86ca7,benchmark,original,No-HT,2000,planning,40,2.631281844882725,90019.66666666666,-0.4019864087831593
WEN38:i1:nsga2:s60003:r3:PR1_HT0_EC1:097c71e9a8cb,WEN38,1,60003,3,PR1_HT0_EC1,cf9bc95d906238978e0c5ab26a1947d4104e026d3bac972323bf05453ec86ca7,benchmark,original,No-HT,2000,planning,41,2.6330260524077103,73890.66666666667,-0.2780056800274906
WEN38:i1:nsga2:s60003:r3:PR1_HT0_EC1:097c71e9a8cb,WEN38,1,60003,3,PR1_HT0_EC1,cf9bc95d906238978e0c5ab26a1947d4104e026d3bac972323bf05453ec86ca7,benchmark,original,No-HT,2000,planning,42,2.635683741989425,72083.0,-0.2847764926555101
WEN38:i1:nsga2:s60003:r3:PR1_HT0_EC1:097c71e9a8cb,WEN38,1,60003,3,PR1_HT0_EC1,cf9bc95d906238978e0c5ab26a1947d4104e026d3bac972323bf05453ec86ca7,benchmark,original,No-HT,2000,planning,43,2.669967937595347,81155.66666666667,-0.3512900482010082
WEN38:i1:nsga2:s60003:r3:PR1_HT0_EC1:097c71e9a8cb,WEN38,1,60003,3,PR1_HT0_EC1,cf9bc95d906238978e0c5ab26a1947d4104e026d3bac972323bf05453ec86ca7,benchmark,original,No-HT,2000,planning,44,2.6700937130282325,73032.33333333334,-0.3512900482010082
WEN38:i1:nsga2:s60003:r3:PR1_HT0_EC1:097c71e9a8cb,WEN38,1,60003,3,PR1_HT0_EC1,cf9bc95d906238978e0c5ab26a1947d4104e026d3bac972323bf05453ec86ca7,benchmark,original,No-HT,2000,planning,45,2.6706146177558354,98745.33333333334,-0.45354669214339083
WEN38:i1:nsga2:s60003:r3:PR1_HT0_EC1:097c71e9a8cb,WEN38,1,60003,3,PR1_HT0_EC1,cf9bc95d906238978e0c5ab26a1947d4104e026d3bac972323bf05453ec86ca7,benchmark,original,No-HT,2000,planning,46,2.670979609555518,71786.33333333334,-0.3512900482010082
WEN38:i1:nsga2:s60003:r3:PR1_HT0_EC1:097c71e9a8cb,WEN38,1,60003,3,PR1_HT0_EC1,cf9bc95d906238978e0c5ab26a1947d4104e026d3bac972323bf05453ec86ca7,benchmark,original,No-HT,2000,planning,47,2.6710575660194777,95483.33333333334,-0.45354669214339083
WEN38:i1:nsga2:s60003:r3:PR1_HT0_EC1:097c71e9a8cb,WEN38,1,60003,3,PR1_HT0_EC1,cf9bc95d906238978e0c5ab26a1947d4104e026d3bac972323bf05453ec86ca7,benchmark,original,No-HT,2000,planning,48,2.7162537222246836,88275.66666666666,-0.39614674056610966
WEN38:i1:nsga2:s60003:r3:PR1_HT0_EC1:097c71e9a8cb,WEN38,1,60003,3,PR1_HT0_EC1,cf9bc95d906238978e0c5ab26a1947d4104e026d3bac972323bf05453ec86ca7,benchmark,original,No-HT,2000,planning,49,2.775593356239085,91230.5,-0.5210383085623107
WEN38:i1:nsga2:s60003:r3:PR1_HT0_EC1:097c71e9a8cb,WEN38,1,60003,3,PR1_HT0_EC1,cf9bc95d906238978e0c5ab26a1947d4104e026d3bac972323bf05453ec86ca7,benchmark,original,No-HT,2000,planning,50,2.7951823026818263,70400.5,-0.0
WEN38:i1:nsga2:s60003:r3:PR1_HT1_EC0:511599eb579d,WEN38,1,60003,3,PR1_HT1_EC0,cf9bc95d906238978e0c5ab26a1947d4104e026d3bac972323bf05453ec86ca7,benchmark,original,No-EC,2000,planning,0,2.4593111697176377,137673.6666666667,-0.0
WEN38:i1:nsga2:s60003:r3:PR1_HT1_EC0:511599eb579d,WEN38,1,60003,3,PR1_HT1_EC0,cf9bc95d906238978e0c5ab26a1947d4104e026d3bac972323bf05453ec86ca7,benchmark,original,No-EC,2000,planning,1,2.4601970662449233,173180.6666666667,-0.7973068745568526
WEN38:i1:nsga2:s60003:r3:PR1_HT1_EC0:511599eb579d,WEN38,1,60003,3,PR1_HT1_EC0,cf9bc95d906238978e0c5ab26a1947d4104e026d3bac972323bf05453ec86ca7,benchmark,original,No-EC,2000,planning,2,2.4604449228078806,129891.66666666667,-0.0
WEN38:i1:nsga2:s60003:r3:PR1_HT1_EC0:511599eb579d,WEN38,1,60003,3,PR1_HT1_EC0,cf9bc95d906238978e0c5ab26a1947d4104e026d3bac972323bf05453ec86ca7,benchmark,original,No-EC,2000,planning,3,2.460773901314763,172818.6666666667,-0.7973068745568526
WEN38:i1:nsga2:s60003:r3:PR1_HT1_EC0:511599eb579d,WEN38,1,60003,3,PR1_HT1_EC0,cf9bc95d906238978e0c5ab26a1947d4104e026d3bac972323bf05453ec86ca7,benchmark,original,No-EC,2000,planning,4,2.461067714312854,129163.0,-0.0
WEN38:i1:nsga2:s60003:r3:PR1_HT1_EC0:511599eb579d,WEN38,1,60003,3,PR1_HT1_EC0,cf9bc95d906238978e0c5ab26a1947d4104e026d3bac972323bf05453ec86ca7,benchmark,original,No-EC,2000,planning,5,2.4613183156248404,122770.33333333334,-0.49052017243584717
WEN38:i1:nsga2:s60003:r3:PR1_HT1_EC0:511599eb579d,WEN38,1,60003,3,PR1_HT1_EC0,cf9bc95d906238978e0c5ab26a1947d4104e026d3bac972323bf05453ec86ca7,benchmark,original,No-EC,2000,planning,6,2.4615145971061096,119703.0,-0.0
WEN38:i1:nsga2:s60003:r3:PR1_HT1_EC0:511599eb579d,WEN38,1,60003,3,PR1_HT1_EC0,cf9bc95d906238978e0c5ab26a1947d4104e026d3bac972323bf05453ec86ca7,benchmark,original,No-EC,2000,planning,7,2.462396834269798,165312.0,-0.7973068745568526
WEN38:i1:nsga2:s60003:r3:PR1_HT1_EC0:511599eb579d,WEN38,1,60003,3,PR1_HT1_EC0,cf9bc95d906238978e0c5ab26a1947d4104e026d3bac972323bf05453ec86ca7,benchmark,original,No-EC,2000,planning,8,2.462420914841088,136908.16666666666,-0.7198991084778754
WEN38:i1:nsga2:s60003:r3:PR1_HT1_EC0:511599eb579d,WEN38,1,60003,3,PR1_HT1_EC0,cf9bc95d906238978e0c5ab26a1947d4104e026d3bac972323bf05453ec86ca7,benchmark,original,No-EC,2000,planning,9,2.46249514901601,118297.0,-0.0
WEN38:i1:nsga2:s60003:r3:PR1_HT1_EC0:511599eb579d,WEN38,1,60003,3,PR1_HT1_EC0,cf9bc95d906238978e0c5ab26a1947d4104e026d3bac972323bf05453ec86ca7,benchmark,original,No-EC,2000,planning,10,2.4625200835938994,130500.33333333334,-0.7193381975757802
WEN38:i1:nsga2:s60003:r3:PR1_HT1_EC0:511599eb579d,WEN38,1,60003,3,PR1_HT1_EC0,cf9bc95d906238978e0c5ab26a1947d4104e026d3bac972323bf05453ec86ca7,benchmark,original,No-EC,2000,planning,11,2.4627126343330343,147198.3333333333,-0.7219616992706506
WEN38:i1:nsga2:s60003:r3:PR1_HT1_EC0:511599eb579d,WEN38,1,60003,3,PR1_HT1_EC0,cf9bc95d906238978e0c5ab26a1947d4104e026d3bac972323bf05453ec86ca7,benchmark,original,No-EC,2000,planning,12,2.462760507049974,112611.00000000001,-0.0
WEN38:i1:nsga2:s60003:r3:PR1_HT1_EC0:511599eb579d,WEN38,1,60003,3,PR1_HT1_EC0,cf9bc95d906238978e0c5ab26a1947d4104e026d3bac972323bf05453ec86ca7,benchmark,original,No-EC,2000,planning,13,2.462824442768645,118753.16666666666,-0.7239543314926777
WEN38:i1:nsga2:s60003:r3:PR1_HT1_EC0:511599eb579d,WEN38,1,60003,3,PR1_HT1_EC0,cf9bc95d906238978e0c5ab26a1947d4104e026d3bac972323bf05453ec86ca7,benchmark,original,No-EC,2000,planning,14,2.4629852920662954,111600.0,-0.0
WEN38:i1:nsga2:s60003:r3:PR1_HT1_EC0:511599eb579d,WEN38,1,60003,3,PR1_HT1_EC0,cf9bc95d906238978e0c5ab26a1947d4104e026d3bac972323bf05453ec86ca7,benchmark,original,No-EC,2000,planning,15,2.4632970852296374,145106.0,-0.7301972597524582
WEN38:i1:nsga2:s60003:r3:PR1_HT1_EC0:511599eb579d,WEN38,1,60003,3,PR1_HT1_EC0,cf9bc95d906238978e0c5ab26a1947d4104e026d3bac972323bf05453ec86ca7,benchmark,original,No-EC,2000,planning,16,2.4634616898976525,94018.33333333334,-0.0
WEN38:i1:nsga2:s60003:r3:PR1_HT1_EC0:511599eb579d,WEN38,1,60003,3,PR1_HT1_EC0,cf9bc95d906238978e0c5ab26a1947d4104e026d3bac972323bf05453ec86ca7,benchmark,original,No-EC,2000,planning,17,2.464013465578903,140845.0,-0.7395438492303583
WEN38:i1:nsga2:s60003:r3:PR1_HT1_EC0:511599eb579d,WEN38,1,60003,3,PR1_HT1_EC0,cf9bc95d906238978e0c5ab26a1947d4104e026d3bac972323bf05453ec86ca7,benchmark,original,No-EC,2000,planning,18,2.46401900871403,120187.66666666667,-0.7247934274955696
WEN38:i1:nsga2:s60003:r3:PR1_HT1_EC0:511599eb579d,WEN38,1,60003,3,PR1_HT1_EC0,cf9bc95d906238978e0c5ab26a1947d4104e026d3bac972323bf05453ec86ca7,benchmark,original,No-EC,2000,planning,19,2.4640237124715805,162534.6666666667,-0.7973068745568526
WEN38:i1:nsga2:s60003:r3:PR1_HT1_EC0:511599eb579d,WEN38,1,60003,3,PR1_HT1_EC0,cf9bc95d906238978e0c5ab26a1947d4104e026d3bac972323bf05453ec86ca7,benchmark,original,No-EC,2000,planning,20,2.464134288431664,129440.5,-0.7256857127658805
WEN38:i1:nsga2:s60003:r3:PR1_HT1_EC0:511599eb579d,WEN38,1,60003,3,PR1_HT1_EC0,cf9bc95d906238978e0c5ab26a1947d4104e026d3bac972323bf05453ec86ca7,benchmark,original,No-EC,2000,planning,21,2.4645772366953067,109680.16666666667,-0.7256857127658805
WEN38:i1:nsga2:s60003:r3:PR1_HT1_EC0:511599eb579d,WEN38,1,60003,3,PR1_HT1_EC0,cf9bc95d906238978e0c5ab26a1947d4104e026d3bac972323bf05453ec86ca7,benchmark,original,No-EC,2000,planning,22,2.465001185830287,101380.16666666667,-0.7274170940390832
WEN38:i1:nsga2:s60003:r3:PR1_HT1_EC0:511599eb579d,WEN38,1,60003,3,PR1_HT1_EC0,cf9bc95d906238978e0c5ab26a1947d4104e026d3bac972323bf05453ec86ca7,benchmark,original,No-EC,2000,planning,23,2.465744055558428,145532.0,-0.7973068745568526
WEN38:i1:nsga2:s60003:r3:PR1_HT1_EC0:511599eb579d,WEN38,1,60003,3,PR1_HT1_EC0,cf9bc95d906238978e0c5ab26a1947d4104e026d3bac972323bf05453ec86ca7,benchmark,original,No-EC,2000,planning,24,2.4658680832289654,128477.83333333333,-0.7291484753113764
WEN38:i1:nsga2:s60003:r3:PR1_HT1_EC0:511599eb579d,WEN38,1,60003,3,PR1_HT1_EC0,cf9bc95d906238978e0c5ab26a1947d4104e026d3bac972323bf05453ec86ca7,benchmark,original,No-EC,2000,planning,25,2.466048327795354,122838.0,-0.7973068745568526
WEN38:i1:nsga2:s60003:r3:PR1_HT1_EC0:511599eb579d,WEN38,1,60003,3,PR1_HT1_EC0,cf9bc95d906238978e0c5ab26a1947d4104e026d3bac972323bf05453ec86ca7,benchmark,original,No-EC,2000,planning,26,2.4667415965393715,91595.33333333334,-0.0
WEN38:i1:nsga2:s60003:r3:PR1_HT1_EC0:511599eb579d,WEN38,1,60003,3,PR1_HT1_EC0,cf9bc95d906238978e0c5ab26a1947d4104e026d3bac972323bf05453ec86ca7,benchmark,original,No-EC,2000,planning,27,2.4877427891190163,89196.33333333334,-0.0
WEN38:i1:nsga2:s60003:r3:PR1_HT1_EC0:511599eb579d,WEN38,1,60003,3,PR1_HT1_EC0,cf9bc95d906238978e0c5ab26a1947d4104e026d3bac972323bf05453ec86ca7,benchmark,original,No-EC,2000,planning,28,2.4908768455592174,97872.66666666667,-0.05998356614873046
WEN38:i1:nsga2:s60003:r3:PR1_HT1_EC0:511599eb579d,WEN38,1,60003,3,PR1_HT1_EC0,cf9bc95d906238978e0c5ab26a1947d4104e026d3bac972323bf05453ec86ca7,benchmark,original,No-EC,2000,planning,29,2.511707065974899,89805.0,-0.06267922982624441
WEN38:i1:nsga2:s60003:r3:PR1_HT1_EC0:511599eb579d,WEN38,1,60003,3,PR1_HT1_EC0,cf9bc95d906238978e0c5ab26a1947d4104e026d3bac972323bf05453ec86ca7,benchmark,original,No-EC,2000,planning,30,2.614507047800438,98977.16666666667,-0.3472182596306084
WEN38:i1:nsga2:s60003:r3:PR1_HT1_EC0:511599eb579d,WEN38,1,60003,3,PR1_HT1_EC0,cf9bc95d906238978e0c5ab26a1947d4104e026d3bac972323bf05453ec86ca7,benchmark,original,No-EC,2000,planning,31,2.623631782031472,87060.33333333334,-0.0
WEN38:i1:nsga2:s60003:r3:PR1_HT1_EC0:511599eb579d,WEN38,1,60003,3,PR1_HT1_EC0,cf9bc95d906238978e0c5ab26a1947d4104e026d3bac972323bf05453ec86ca7,benchmark,original,No-EC,2000,planning,32,2.628415623278917,100706.0,-0.39582783205878513
WEN38:i1:nsga2:s60003:r3:PR1_HT1_EC0:511599eb579d,WEN38,1,60003,3,PR1_HT1_EC0,cf9bc95d906238978e0c5ab26a1947d4104e026d3bac972323bf05453ec86ca7,benchmark,original,No-EC,2000,planning,33,2.654911463818385,86676.33333333334,-0.0
WEN38:i1:nsga2:s60003:r3:PR1_HT1_EC0:511599eb579d,WEN38,1,60003,3,PR1_HT1_EC0,cf9bc95d906238978e0c5ab26a1947d4104e026d3bac972323bf05453ec86ca7,benchmark,original,No-EC,2000,planning,34,2.6557973603456704,79932.33333333334,-0.0
WEN38:i1:nsga2:s60003:r3:PR1_HT1_EC0:511599eb579d,WEN38,1,60003,3,PR1_HT1_EC0,cf9bc95d906238978e0c5ab26a1947d4104e026d3bac972323bf05453ec86ca7,benchmark,original,No-EC,2000,planning,35,2.683341207970468,93360.33333333334,-0.4480096501820299
WEN38:i1:nsga2:s60003:r3:PR1_HT1_EC0:511599eb579d,WEN38,1,60003,3,PR1_HT1_EC0,cf9bc95d906238978e0c5ab26a1947d4104e026d3bac972323bf05453ec86ca7,benchmark,original,No-EC,2000,planning,36,2.683433564810076,91581.0,-0.4480096501820299
WEN38:i1:nsga2:s60003:r3:PR1_HT1_EC1:af1912c5b598,WEN38,1,60003,3,PR1_HT1_EC1,cf9bc95d906238978e0c5ab26a1947d4104e026d3bac972323bf05453ec86ca7,benchmark,original,Full,2000,planning,0,2.4593111697176377,137673.6666666667,-0.0
WEN38:i1:nsga2:s60003:r3:PR1_HT1_EC1:af1912c5b598,WEN38,1,60003,3,PR1_HT1_EC1,cf9bc95d906238978e0c5ab26a1947d4104e026d3bac972323bf05453ec86ca7,benchmark,original,Full,2000,planning,1,2.4601970662449233,173180.6666666667,-0.7973068745568526
WEN38:i1:nsga2:s60003:r3:PR1_HT1_EC1:af1912c5b598,WEN38,1,60003,3,PR1_HT1_EC1,cf9bc95d906238978e0c5ab26a1947d4104e026d3bac972323bf05453ec86ca7,benchmark,original,Full,2000,planning,2,2.4604449228078806,129891.66666666667,-0.0
WEN38:i1:nsga2:s60003:r3:PR1_HT1_EC1:af1912c5b598,WEN38,1,60003,3,PR1_HT1_EC1,cf9bc95d906238978e0c5ab26a1947d4104e026d3bac972323bf05453ec86ca7,benchmark,original,Full,2000,planning,3,2.460773901314763,172818.6666666667,-0.7973068745568526
WEN38:i1:nsga2:s60003:r3:PR1_HT1_EC1:af1912c5b598,WEN38,1,60003,3,PR1_HT1_EC1,cf9bc95d906238978e0c5ab26a1947d4104e026d3bac972323bf05453ec86ca7,benchmark,original,Full,2000,planning,4,2.461067714312854,129163.0,-0.0
WEN38:i1:nsga2:s60003:r3:PR1_HT1_EC1:af1912c5b598,WEN38,1,60003,3,PR1_HT1_EC1,cf9bc95d906238978e0c5ab26a1947d4104e026d3bac972323bf05453ec86ca7,benchmark,original,Full,2000,planning,5,2.4613183156248404,122770.33333333334,-0.49052017243584717
WEN38:i1:nsga2:s60003:r3:PR1_HT1_EC1:af1912c5b598,WEN38,1,60003,3,PR1_HT1_EC1,cf9bc95d906238978e0c5ab26a1947d4104e026d3bac972323bf05453ec86ca7,benchmark,original,Full,2000,planning,6,2.4615145971061096,119703.0,-0.0
WEN38:i1:nsga2:s60003:r3:PR1_HT1_EC1:af1912c5b598,WEN38,1,60003,3,PR1_HT1_EC1,cf9bc95d906238978e0c5ab26a1947d4104e026d3bac972323bf05453ec86ca7,benchmark,original,Full,2000,planning,7,2.462396834269798,165312.0,-0.7973068745568526
WEN38:i1:nsga2:s60003:r3:PR1_HT1_EC1:af1912c5b598,WEN38,1,60003,3,PR1_HT1_EC1,cf9bc95d906238978e0c5ab26a1947d4104e026d3bac972323bf05453ec86ca7,benchmark,original,Full,2000,planning,8,2.462420914841088,136908.16666666666,-0.7198991084778754
WEN38:i1:nsga2:s60003:r3:PR1_HT1_EC1:af1912c5b598,WEN38,1,60003,3,PR1_HT1_EC1,cf9bc95d906238978e0c5ab26a1947d4104e026d3bac972323bf05453ec86ca7,benchmark,original,Full,2000,planning,9,2.46249514901601,118297.0,-0.0
WEN38:i1:nsga2:s60003:r3:PR1_HT1_EC1:af1912c5b598,WEN38,1,60003,3,PR1_HT1_EC1,cf9bc95d906238978e0c5ab26a1947d4104e026d3bac972323bf05453ec86ca7,benchmark,original,Full,2000,planning,10,2.4625200835938994,130500.33333333334,-0.7193381975757802
WEN38:i1:nsga2:s60003:r3:PR1_HT1_EC1:af1912c5b598,WEN38,1,60003,3,PR1_HT1_EC1,cf9bc95d906238978e0c5ab26a1947d4104e026d3bac972323bf05453ec86ca7,benchmark,original,Full,2000,planning,11,2.4627126343330343,147198.3333333333,-0.7219616992706506
WEN38:i1:nsga2:s60003:r3:PR1_HT1_EC1:af1912c5b598,WEN38,1,60003,3,PR1_HT1_EC1,cf9bc95d906238978e0c5ab26a1947d4104e026d3bac972323bf05453ec86ca7,benchmark,original,Full,2000,planning,12,2.462760507049974,112611.00000000001,-0.0
WEN38:i1:nsga2:s60003:r3:PR1_HT1_EC1:af1912c5b598,WEN38,1,60003,3,PR1_HT1_EC1,cf9bc95d906238978e0c5ab26a1947d4104e026d3bac972323bf05453ec86ca7,benchmark,original,Full,2000,planning,13,2.462824442768645,118753.16666666666,-0.7239543314926777
WEN38:i1:nsga2:s60003:r3:PR1_HT1_EC1:af1912c5b598,WEN38,1,60003,3,PR1_HT1_EC1,cf9bc95d906238978e0c5ab26a1947d4104e026d3bac972323bf05453ec86ca7,benchmark,original,Full,2000,planning,14,2.4629852920662954,111600.0,-0.0
WEN38:i1:nsga2:s60003:r3:PR1_HT1_EC1:af1912c5b598,WEN38,1,60003,3,PR1_HT1_EC1,cf9bc95d906238978e0c5ab26a1947d4104e026d3bac972323bf05453ec86ca7,benchmark,original,Full,2000,planning,15,2.4632970852296374,145106.0,-0.7301972597524582
WEN38:i1:nsga2:s60003:r3:PR1_HT1_EC1:af1912c5b598,WEN38,1,60003,3,PR1_HT1_EC1,cf9bc95d906238978e0c5ab26a1947d4104e026d3bac972323bf05453ec86ca7,benchmark,original,Full,2000,planning,16,2.4634616898976525,94018.33333333334,-0.0
WEN38:i1:nsga2:s60003:r3:PR1_HT1_EC1:af1912c5b598,WEN38,1,60003,3,PR1_HT1_EC1,cf9bc95d906238978e0c5ab26a1947d4104e026d3bac972323bf05453ec86ca7,benchmark,original,Full,2000,planning,17,2.464013465578903,140845.0,-0.7395438492303583
WEN38:i1:nsga2:s60003:r3:PR1_HT1_EC1:af1912c5b598,WEN38,1,60003,3,PR1_HT1_EC1,cf9bc95d906238978e0c5ab26a1947d4104e026d3bac972323bf05453ec86ca7,benchmark,original,Full,2000,planning,18,2.46401900871403,120187.66666666667,-0.7247934274955696
WEN38:i1:nsga2:s60003:r3:PR1_HT1_EC1:af1912c5b598,WEN38,1,60003,3,PR1_HT1_EC1,cf9bc95d906238978e0c5ab26a1947d4104e026d3bac972323bf05453ec86ca7,benchmark,original,Full,2000,planning,19,2.4640237124715805,162534.6666666667,-0.7973068745568526
WEN38:i1:nsga2:s60003:r3:PR1_HT1_EC1:af1912c5b598,WEN38,1,60003,3,PR1_HT1_EC1,cf9bc95d906238978e0c5ab26a1947d4104e026d3bac972323bf05453ec86ca7,benchmark,original,Full,2000,planning,20,2.464134288431664,129440.5,-0.7256857127658805
WEN38:i1:nsga2:s60003:r3:PR1_HT1_EC1:af1912c5b598,WEN38,1,60003,3,PR1_HT1_EC1,cf9bc95d906238978e0c5ab26a1947d4104e026d3bac972323bf05453ec86ca7,benchmark,original,Full,2000,planning,21,2.4645772366953067,109680.16666666667,-0.7256857127658805
WEN38:i1:nsga2:s60003:r3:PR1_HT1_EC1:af1912c5b598,WEN38,1,60003,3,PR1_HT1_EC1,cf9bc95d906238978e0c5ab26a1947d4104e026d3bac972323bf05453ec86ca7,benchmark,original,Full,2000,planning,22,2.465001185830287,101380.16666666667,-0.7274170940390832
WEN38:i1:nsga2:s60003:r3:PR1_HT1_EC1:af1912c5b598,WEN38,1,60003,3,PR1_HT1_EC1,cf9bc95d906238978e0c5ab26a1947d4104e026d3bac972323bf05453ec86ca7,benchmark,original,Full,2000,planning,23,2.465744055558428,145532.0,-0.7973068745568526
WEN38:i1:nsga2:s60003:r3:PR1_HT1_EC1:af1912c5b598,WEN38,1,60003,3,PR1_HT1_EC1,cf9bc95d906238978e0c5ab26a1947d4104e026d3bac972323bf05453ec86ca7,benchmark,original,Full,2000,planning,24,2.4658680832289654,128477.83333333333,-0.7291484753113764
WEN38:i1:nsga2:s60003:r3:PR1_HT1_EC1:af1912c5b598,WEN38,1,60003,3,PR1_HT1_EC1,cf9bc95d906238978e0c5ab26a1947d4104e026d3bac972323bf05453ec86ca7,benchmark,original,Full,2000,planning,25,2.466048327795354,122838.0,-0.7973068745568526
WEN38:i1:nsga2:s60003:r3:PR1_HT1_EC1:af1912c5b598,WEN38,1,60003,3,PR1_HT1_EC1,cf9bc95d906238978e0c5ab26a1947d4104e026d3bac972323bf05453ec86ca7,benchmark,original,Full,2000,planning,26,2.4667415965393715,91595.33333333334,-0.0
WEN38:i1:nsga2:s60003:r3:PR1_HT1_EC1:af1912c5b598,WEN38,1,60003,3,PR1_HT1_EC1,cf9bc95d906238978e0c5ab26a1947d4104e026d3bac972323bf05453ec86ca7,benchmark,original,Full,2000,planning,27,2.4877427891190163,89196.33333333334,-0.0
WEN38:i1:nsga2:s60003:r3:PR1_HT1_EC1:af1912c5b598,WEN38,1,60003,3,PR1_HT1_EC1,cf9bc95d906238978e0c5ab26a1947d4104e026d3bac972323bf05453ec86ca7,benchmark,original,Full,2000,planning,28,2.4908768455592174,97872.66666666667,-0.05998356614873046
WEN38:i1:nsga2:s60003:r3:PR1_HT1_EC1:af1912c5b598,WEN38,1,60003,3,PR1_HT1_EC1,cf9bc95d906238978e0c5ab26a1947d4104e026d3bac972323bf05453ec86ca7,benchmark,original,Full,2000,planning,29,2.511707065974899,89805.0,-0.06267922982624441
WEN38:i1:nsga2:s60003:r3:PR1_HT1_EC1:af1912c5b598,WEN38,1,60003,3,PR1_HT1_EC1,cf9bc95d906238978e0c5ab26a1947d4104e026d3bac972323bf05453ec86ca7,benchmark,original,Full,2000,planning,30,2.614507047800438,98977.16666666667,-0.3472182596306084
WEN38:i1:nsga2:s60003:r3:PR1_HT1_EC1:af1912c5b598,WEN38,1,60003,3,PR1_HT1_EC1,cf9bc95d906238978e0c5ab26a1947d4104e026d3bac972323bf05453ec86ca7,benchmark,original,Full,2000,planning,31,2.623631782031472,87060.33333333334,-0.0
WEN38:i1:nsga2:s60003:r3:PR1_HT1_EC1:af1912c5b598,WEN38,1,60003,3,PR1_HT1_EC1,cf9bc95d906238978e0c5ab26a1947d4104e026d3bac972323bf05453ec86ca7,benchmark,original,Full,2000,planning,32,2.628415623278917,100706.0,-0.39582783205878513
WEN38:i1:nsga2:s60003:r3:PR1_HT1_EC1:af1912c5b598,WEN38,1,60003,3,PR1_HT1_EC1,cf9bc95d906238978e0c5ab26a1947d4104e026d3bac972323bf05453ec86ca7,benchmark,original,Full,2000,planning,33,2.654911463818385,86676.33333333334,-0.0
WEN38:i1:nsga2:s60003:r3:PR1_HT1_EC1:af1912c5b598,WEN38,1,60003,3,PR1_HT1_EC1,cf9bc95d906238978e0c5ab26a1947d4104e026d3bac972323bf05453ec86ca7,benchmark,original,Full,2000,planning,34,2.6557973603456704,79932.33333333334,-0.0
WEN38:i1:nsga2:s60003:r3:PR1_HT1_EC1:af1912c5b598,WEN38,1,60003,3,PR1_HT1_EC1,cf9bc95d906238978e0c5ab26a1947d4104e026d3bac972323bf05453ec86ca7,benchmark,original,Full,2000,planning,35,2.683341207970468,93360.33333333334,-0.4480096501820299
WEN38:i1:nsga2:s60003:r3:PR1_HT1_EC1:af1912c5b598,WEN38,1,60003,3,PR1_HT1_EC1,cf9bc95d906238978e0c5ab26a1947d4104e026d3bac972323bf05453ec86ca7,benchmark,original,Full,2000,planning,36,2.683433564810076,91581.0,-0.4480096501820299
WEN38:i1:nsga2:s60004:r4:PR0_HT1_EC1:1fc0c8443b44,WEN38,1,60004,4,PR0_HT1_EC1,cf9bc95d906238978e0c5ab26a1947d4104e026d3bac972323bf05453ec86ca7,benchmark,original,No-PR,2000,planning,0,2.460186152474119,149079.0,-0.0
WEN38:i1:nsga2:s60004:r4:PR0_HT1_EC1:1fc0c8443b44,WEN38,1,60004,4,PR0_HT1_EC1,cf9bc95d906238978e0c5ab26a1947d4104e026d3bac972323bf05453ec86ca7,benchmark,original,No-PR,2000,planning,1,2.4607362694223793,131246.0,-0.0
WEN38:i1:nsga2:s60004:r4:PR0_HT1_EC1:1fc0c8443b44,WEN38,1,60004,4,PR0_HT1_EC1,cf9bc95d906238978e0c5ab26a1947d4104e026d3bac972323bf05453ec86ca7,benchmark,original,No-PR,2000,planning,2,2.4617145671858447,116052.5,-0.0
WEN38:i1:nsga2:s60004:r4:PR0_HT1_EC1:1fc0c8443b44,WEN38,1,60004,4,PR0_HT1_EC1,cf9bc95d906238978e0c5ab26a1947d4104e026d3bac972323bf05453ec86ca7,benchmark,original,No-PR,2000,planning,3,2.4622473033053787,109189.0,-0.0
WEN38:i1:nsga2:s60004:r4:PR0_HT1_EC1:1fc0c8443b44,WEN38,1,60004,4,PR0_HT1_EC1,cf9bc95d906238978e0c5ab26a1947d4104e026d3bac972323bf05453ec86ca7,benchmark,original,No-PR,2000,planning,4,2.463582665205774,106635.0,-0.0
WEN38:i1:nsga2:s60004:r4:PR0_HT1_EC1:1fc0c8443b44,WEN38,1,60004,4,PR0_HT1_EC1,cf9bc95d906238978e0c5ab26a1947d4104e026d3bac972323bf05453ec86ca7,benchmark,original,No-PR,2000,planning,5,2.463937023816423,104302.0,-0.0
WEN38:i1:nsga2:s60004:r4:PR0_HT1_EC1:1fc0c8443b44,WEN38,1,60004,4,PR0_HT1_EC1,cf9bc95d906238978e0c5ab26a1947d4104e026d3bac972323bf05453ec86ca7,benchmark,original,No-PR,2000,planning,6,2.46482772046871,99511.0,-0.0
WEN38:i1:nsga2:s60004:r4:PR0_HT1_EC1:1fc0c8443b44,WEN38,1,60004,4,PR0_HT1_EC1,cf9bc95d906238978e0c5ab26a1947d4104e026d3bac972323bf05453ec86ca7,benchmark,original,No-PR,2000,planning,7,2.4746250069328006,117723.0,-0.039462636443204246
WEN38:i1:nsga2:s60004:r4:PR0_HT1_EC1:1fc0c8443b44,WEN38,1,60004,4,PR0_HT1_EC1,cf9bc95d906238978e0c5ab26a1947d4104e026d3bac972323bf05453ec86ca7,benchmark,original,No-PR,2000,planning,8,2.506709156444132,122708.0,-0.15975027543390752
WEN38:i1:nsga2:s60004:r4:PR0_HT1_EC1:1fc0c8443b44,WEN38,1,60004,4,PR0_HT1_EC1,cf9bc95d906238978e0c5ab26a1947d4104e026d3bac972323bf05453ec86ca7,benchmark,original,No-PR,2000,planning,9,2.54848977123915,116902.0,-0.07405908539294614
WEN38:i1:nsga2:s60004:r4:PR0_HT1_EC1:1fc0c8443b44,WEN38,1,60004,4,PR0_HT1_EC1,cf9bc95d906238978e0c5ab26a1947d4104e026d3bac972323bf05453ec86ca7,benchmark,original,No-PR,2000,planning,10,2.5590223396622473,95255.0,-0.0
WEN38:i1:nsga2:s60004:r4:PR0_HT1_EC1:1fc0c8443b44,WEN38,1,60004,4,PR0_HT1_EC1,cf9bc95d906238978e0c5ab26a1947d4104e026d3bac972323bf05453ec86ca7,benchmark,original,No-PR,2000,planning,11,2.576526757123406,112213.0,-0.06267922982624441
WEN38:i1:nsga2:s60004:r4:PR0_HT1_EC1:1fc0c8443b44,WEN38,1,60004,4,PR0_HT1_EC1,cf9bc95d906238978e0c5ab26a1947d4104e026d3bac972323bf05453ec86ca7,benchmark,original,No-PR,2000,planning,12,2.584895318384615,101725.0,-0.14114114114363474
WEN38:i1:nsga2:s60004:r4:PR0_HT1_EC1:1fc0c8443b44,WEN38,1,60004,4,PR0_HT1_EC1,cf9bc95d906238978e0c5ab26a1947d4104e026d3bac972323bf05453ec86ca7,benchmark,original,No-PR,2000,planning,13,2.5913573806252224,93740.0,-0.0
WEN38:i1:nsga2:s60004:r4:PR0_HT1_EC1:1fc0c8443b44,WEN38,1,60004,4,PR0_HT1_EC1,cf9bc95d906238978e0c5ab26a1947d4104e026d3bac972323bf05453ec86ca7,benchmark,original,No-PR,2000,planning,14,2.6127960765858926,92471.5,-0.0
WEN38:i1:nsga2:s60004:r4:PR0_HT1_EC1:1fc0c8443b44,WEN38,1,60004,4,PR0_HT1_EC1,cf9bc95d906238978e0c5ab26a1947d4104e026d3bac972323bf05453ec86ca7,benchmark,original,No-PR,2000,planning,15,2.6140651324762434,132810.5,-0.19464977120969706
WEN38:i1:nsga2:s60004:r4:PR0_HT1_EC1:1fc0c8443b44,WEN38,1,60004,4,PR0_HT1_EC1,cf9bc95d906238978e0c5ab26a1947d4104e026d3bac972323bf05453ec86ca7,benchmark,original,No-PR,2000,planning,16,2.614951029003529,132584.5,-0.19464977120969706
WEN38:i1:nsga2:s60004:r4:PR0_HT1_EC1:1fc0c8443b44,WEN38,1,60004,4,PR0_HT1_EC1,cf9bc95d906238978e0c5ab26a1947d4104e026d3bac972323bf05453ec86ca7,benchmark,original,No-PR,2000,planning,17,2.616311226511088,113895.0,-0.19464977120969706
WEN38:i1:nsga2:s60004:r4:PR0_HT1_EC1:1fc0c8443b44,WEN38,1,60004,4,PR0_HT1_EC1,cf9bc95d906238978e0c5ab26a1947d4104e026d3bac972323bf05453ec86ca7,benchmark,original,No-PR,2000,planning,18,2.643596839550323,91215.0,-0.0
WEN38:i1:nsga2:s60004:r4:PR0_HT1_EC1:1fc0c8443b44,WEN38,1,60004,4,PR0_HT1_EC1,cf9bc95d906238978e0c5ab26a1947d4104e026d3bac972323bf05453ec86ca7,benchmark,original,No-PR,2000,planning,19,2.6484692704500814,97928.5,-0.24338624338724912
WEN38:i1:nsga2:s60004:r4:PR0_HT1_EC1:1fc0c8443b44,WEN38,1,60004,4,PR0_HT1_EC1,cf9bc95d906238978e0c5ab26a1947d4104e026d3bac972323bf05453ec86ca7,benchmark,original,No-PR,2000,planning,20,2.6574147594992947,113300.0,-0.3444126074518863
WEN38:i1:nsga2:s60004:r4:PR0_HT1_EC1:1fc0c8443b44,WEN38,1,60004,4,PR0_HT1_EC1,cf9bc95d906238978e0c5ab26a1947d4104e026d3bac972323bf05453ec86ca7,benchmark,original,No-PR,2000,planning,21,2.6593154268020607,104418.0,-0.3926201221147494
WEN38:i1:nsga2:s60004:r4:PR0_HT1_EC1:1fc0c8443b44,WEN38,1,60004,4,PR0_HT1_EC1,cf9bc95d906238978e0c5ab26a1947d4104e026d3bac972323bf05453ec86ca7,benchmark,original,No-PR,2000,planning,22,2.702513758740764,94872.0,-0.2673711175175413
WEN38:i1:nsga2:s60004:r4:PR0_HT1_EC1:1fc0c8443b44,WEN38,1,60004,4,PR0_HT1_EC1,cf9bc95d906238978e0c5ab26a1947d4104e026d3bac972323bf05453ec86ca7,benchmark,original,No-PR,2000,planning,23,2.712818776924542,86671.0,-0.0
WEN38:i1:nsga2:s60004:r4:PR0_HT1_EC1:1fc0c8443b44,WEN38,1,60004,4,PR0_HT1_EC1,cf9bc95d906238978e0c5ab26a1947d4104e026d3bac972323bf05453ec86ca7,benchmark,original,No-PR,2000,planning,24,2.713144517067078,84588.0,-0.0
WEN38:i1:nsga2:s60004:r4:PR0_HT1_EC1:1fc0c8443b44,WEN38,1,60004,4,PR0_HT1_EC1,cf9bc95d906238978e0c5ab26a1947d4104e026d3bac972323bf05453ec86ca7,benchmark,original,No-PR,2000,planning,25,2.731925523446505,84174.0,-0.0
WEN38:i1:nsga2:s60004:r4:PR0_HT1_EC1:1fc0c8443b44,WEN38,1,60004,4,PR0_HT1_EC1,cf9bc95d906238978e0c5ab26a1947d4104e026d3bac972323bf05453ec86ca7,benchmark,original,No-PR,2000,planning,26,2.7551360124613673,83246.0,-0.0
WEN38:i1:nsga2:s60004:r4:PR0_HT1_EC1:1fc0c8443b44,WEN38,1,60004,4,PR0_HT1_EC1,cf9bc95d906238978e0c5ab26a1947d4104e026d3bac972323bf05453ec86ca7,benchmark,original,No-PR,2000,planning,27,2.7551360124609445,83802.0,-0.17161477190620644
WEN38:i1:nsga2:s60004:r4:PR0_HT1_EC1:1fc0c8443b44,WEN38,1,60004,4,PR0_HT1_EC1,cf9bc95d906238978e0c5ab26a1947d4104e026d3bac972323bf05453ec86ca7,benchmark,original,No-PR,2000,planning,28,2.768979634345783,102783.5,-0.476430205950237
WEN38:i1:nsga2:s60004:r4:PR0_HT1_EC1:1fc0c8443b44,WEN38,1,60004,4,PR0_HT1_EC1,cf9bc95d906238978e0c5ab26a1947d4104e026d3bac972323bf05453ec86ca7,benchmark,original,No-PR,2000,planning,29,2.778377854193299,88821.0,-0.19464977120969706
WEN38:i1:nsga2:s60004:r4:PR0_HT1_EC1:1fc0c8443b44,WEN38,1,60004,4,PR0_HT1_EC1,cf9bc95d906238978e0c5ab26a1947d4104e026d3bac972323bf05453ec86ca7,benchmark,original,No-PR,2000,planning,30,2.778547316840627,115638.0,-0.5268817204305378
WEN38:i1:nsga2:s60004:r4:PR0_HT1_EC1:1fc0c8443b44,WEN38,1,60004,4,PR0_HT1_EC1,cf9bc95d906238978e0c5ab26a1947d4104e026d3bac972323bf05453ec86ca7,benchmark,original,No-PR,2000,planning,31,2.8017578058554893,110549.5,-0.5511965476662226
WEN38:i1:nsga2:s60004:r4:PR0_HT1_EC1:1fc0c8443b44,WEN38,1,60004,4,PR0_HT1_EC1,cf9bc95d906238978e0c5ab26a1947d4104e026d3bac972323bf05453ec86ca7,benchmark,original,No-PR,2000,planning,32,2.8214010727020247,89759.0,-0.27640733712996735
WEN38:i1:nsga2:s60004:r4:PR0_HT1_EC1:1fc0c8443b44,WEN38,1,60004,4,PR0_HT1_EC1,cf9bc95d906238978e0c5ab26a1947d4104e026d3bac972323bf05453ec86ca7,benchmark,original,No-PR,2000,planning,33,2.8239739398179102,101362.0,-0.2798237330825941
WEN38:i1:nsga2:s60004:r4:PR0_HT1_EC1:1fc0c8443b44,WEN38,1,60004,4,PR0_HT1_EC1,cf9bc95d906238978e0c5ab26a1947d4104e026d3bac972323bf05453ec86ca7,benchmark,original,No-PR,2000,planning,34,2.834596130833819,80910.0,-0.05998356614873046
WEN38:i1:nsga2:s60004:r4:PR0_HT1_EC1:1fc0c8443b44,WEN38,1,60004,4,PR0_HT1_EC1,cf9bc95d906238978e0c5ab26a1947d4104e026d3bac972323bf05453ec86ca7,benchmark,original,No-PR,2000,planning,35,2.8670581624507667,102731.0,-0.4140845070432988
WEN38:i1:nsga2:s60004:r4:PR0_HT1_EC1:1fc0c8443b44,WEN38,1,60004,4,PR0_HT1_EC1,cf9bc95d906238978e0c5ab26a1947d4104e026d3bac972323bf05453ec86ca7,benchmark,original,No-PR,2000,planning,36,2.9404655659701273,90944.0,-0.3444126074518863
WEN38:i1:nsga2:s60004:r4:PR0_HT1_EC1:1fc0c8443b44,WEN38,1,60004,4,PR0_HT1_EC1,cf9bc95d906238978e0c5ab26a1947d4104e026d3bac972323bf05453ec86ca7,benchmark,original,No-PR,2000,planning,37,2.962282256599912,92402.0,-0.39019189765531337
WEN38:i1:nsga2:s60004:r4:PR0_HT1_EC1:1fc0c8443b44,WEN38,1,60004,4,PR0_HT1_EC1,cf9bc95d906238978e0c5ab26a1947d4104e026d3bac972323bf05453ec86ca7,benchmark,original,No-PR,2000,planning,38,2.968217763333029,100652.0,-0.45354669214339083
WEN38:i1:nsga2:s60004:r4:PR0_HT1_EC1:1fc0c8443b44,WEN38,1,60004,4,PR0_HT1_EC1,cf9bc95d906238978e0c5ab26a1947d4104e026d3bac972323bf05453ec86ca7,benchmark,original,No-PR,2000,planning,39,2.9766053441569467,96843.5,-0.492457852707048
WEN38:i1:nsga2:s60004:r4:PR0_HT1_EC1:1fc0c8443b44,WEN38,1,60004,4,PR0_HT1_EC1,cf9bc95d906238978e0c5ab26a1947d4104e026d3bac972323bf05453ec86ca7,benchmark,original,No-PR,2000,planning,40,2.996566452206457,87683.0,-0.19464977120878757
WEN38:i1:nsga2:s60004:r4:PR0_HT1_EC1:1fc0c8443b44,WEN38,1,60004,4,PR0_HT1_EC1,cf9bc95d906238978e0c5ab26a1947d4104e026d3bac972323bf05453ec86ca7,benchmark,original,No-PR,2000,planning,41,2.999672072460328,89247.0,-0.27640733712996735
WEN38:i1:nsga2:s60004:r4:PR0_HT1_EC1:1fc0c8443b44,WEN38,1,60004,4,PR0_HT1_EC1,cf9bc95d906238978e0c5ab26a1947d4104e026d3bac972323bf05453ec86ca7,benchmark,original,No-PR,2000,planning,42,3.0648740568684896,88813.0,-0.27640733712996735
WEN38:i1:nsga2:s60004:r4:PR0_HT1_EC1:1fc0c8443b44,WEN38,1,60004,4,PR0_HT1_EC1,cf9bc95d906238978e0c5ab26a1947d4104e026d3bac972323bf05453ec86ca7,benchmark,original,No-PR,2000,planning,43,3.1514261475854246,85102.0,-0.2798237330835036
WEN38:i1:nsga2:s60004:r4:PR0_HT1_EC1:1fc0c8443b44,WEN38,1,60004,4,PR0_HT1_EC1,cf9bc95d906238978e0c5ab26a1947d4104e026d3bac972323bf05453ec86ca7,benchmark,original,No-PR,2000,planning,44,3.224424021433693,87860.0,-0.4140845070432988
WEN38:i1:nsga2:s60004:r4:PR1_HT0_EC1:3123814e608b,WEN38,1,60004,4,PR1_HT0_EC1,cf9bc95d906238978e0c5ab26a1947d4104e026d3bac972323bf05453ec86ca7,benchmark,original,No-HT,2000,planning,0,2.460186152474119,148141.0,-0.0
WEN38:i1:nsga2:s60004:r4:PR1_HT0_EC1:3123814e608b,WEN38,1,60004,4,PR1_HT0_EC1,cf9bc95d906238978e0c5ab26a1947d4104e026d3bac972323bf05453ec86ca7,benchmark,original,No-HT,2000,planning,1,2.461106955054082,113944.66666666667,-0.0
WEN38:i1:nsga2:s60004:r4:PR1_HT0_EC1:3123814e608b,WEN38,1,60004,4,PR1_HT0_EC1,cf9bc95d906238978e0c5ab26a1947d4104e026d3bac972323bf05453ec86ca7,benchmark,original,No-HT,2000,planning,2,2.463853234289268,105217.0,-0.0
WEN38:i1:nsga2:s60004:r4:PR1_HT0_EC1:3123814e608b,WEN38,1,60004,4,PR1_HT0_EC1,cf9bc95d906238978e0c5ab26a1947d4104e026d3bac972323bf05453ec86ca7,benchmark,original,No-HT,2000,planning,3,2.46645095268589,99439.0,-0.0
WEN38:i1:nsga2:s60004:r4:PR1_HT0_EC1:3123814e608b,WEN38,1,60004,4,PR1_HT0_EC1,cf9bc95d906238978e0c5ab26a1947d4104e026d3bac972323bf05453ec86ca7,benchmark,original,No-HT,2000,planning,4,2.4686524308973574,125462.66666666667,-0.533325929152852
WEN38:i1:nsga2:s60004:r4:PR1_HT0_EC1:3123814e608b,WEN38,1,60004,4,PR1_HT0_EC1,cf9bc95d906238978e0c5ab26a1947d4104e026d3bac972323bf05453ec86ca7,benchmark,original,No-HT,2000,planning,5,2.5024871960683344,112767.0,-0.05998356614873046
WEN38:i1:nsga2:s60004:r4:PR1_HT0_EC1:3123814e608b,WEN38,1,60004,4,PR1_HT0_EC1,cf9bc95d906238978e0c5ab26a1947d4104e026d3bac972323bf05453ec86ca7,benchmark,original,No-HT,2000,planning,6,2.523832196373225,98075.66666666666,-0.0
WEN38:i1:nsga2:s60004:r4:PR1_HT0_EC1:3123814e608b,WEN38,1,60004,4,PR1_HT0_EC1,cf9bc95d906238978e0c5ab26a1947d4104e026d3bac972323bf05453ec86ca7,benchmark,original,No-HT,2000,planning,7,2.529636072931627,108030.0,-0.06267922982624441
WEN38:i1:nsga2:s60004:r4:PR1_HT0_EC1:3123814e608b,WEN38,1,60004,4,PR1_HT0_EC1,cf9bc95d906238978e0c5ab26a1947d4104e026d3bac972323bf05453ec86ca7,benchmark,original,No-HT,2000,planning,8,2.532007295706931,106732.66666666667,-0.05998356614873046
WEN38:i1:nsga2:s60004:r4:PR1_HT0_EC1:3123814e608b,WEN38,1,60004,4,PR1_HT0_EC1,cf9bc95d906238978e0c5ab26a1947d4104e026d3bac972323bf05453ec86ca7,benchmark,original,No-HT,2000,planning,9,2.5416635678533686,91899.66666666667,-0.0
WEN38:i1:nsga2:s60004:r4:PR1_HT0_EC1:3123814e608b,WEN38,1,60004,4,PR1_HT0_EC1,cf9bc95d906238978e0c5ab26a1947d4104e026d3bac972323bf05453ec86ca7,benchmark,original,No-HT,2000,planning,10,2.542259246792443,103858.33333333334,-0.05998356614873046
WEN38:i1:nsga2:s60004:r4:PR1_HT0_EC1:3123814e608b,WEN38,1,60004,4,PR1_HT0_EC1,cf9bc95d906238978e0c5ab26a1947d4104e026d3bac972323bf05453ec86ca7,benchmark,original,No-HT,2000,planning,11,2.542372285075647,96517.5,-0.05998356614873046
WEN38:i1:nsga2:s60004:r4:PR1_HT0_EC1:3123814e608b,WEN38,1,60004,4,PR1_HT0_EC1,cf9bc95d906238978e0c5ab26a1947d4104e026d3bac972323bf05453ec86ca7,benchmark,original,No-HT,2000,planning,12,2.546649891021065,87563.66666666667,-0.0
WEN38:i1:nsga2:s60004:r4:PR1_HT0_EC1:3123814e608b,WEN38,1,60004,4,PR1_HT0_EC1,cf9bc95d906238978e0c5ab26a1947d4104e026d3bac972323bf05453ec86ca7,benchmark,original,No-HT,2000,planning,13,2.561561788185413,122730.33333333334,-0.15353311136004777
WEN38:i1:nsga2:s60004:r4:PR1_HT0_EC1:3123814e608b,WEN38,1,60004,4,PR1_HT0_EC1,cf9bc95d906238978e0c5ab26a1947d4104e026d3bac972323bf05453ec86ca7,benchmark,original,No-HT,2000,planning,14,2.563600383136502,124834.66666666667,-0.1825652018596884
WEN38:i1:nsga2:s60004:r4:PR1_HT0_EC1:3123814e608b,WEN38,1,60004,4,PR1_HT0_EC1,cf9bc95d906238978e0c5ab26a1947d4104e026d3bac972323bf05453ec86ca7,benchmark,original,No-HT,2000,planning,15,2.5640433314001445,122692.66666666667,-0.1825652018596884
WEN38:i1:nsga2:s60004:r4:PR1_HT0_EC1:3123814e608b,WEN38,1,60004,4,PR1_HT0_EC1,cf9bc95d906238978e0c5ab26a1947d4104e026d3bac972323bf05453ec86ca7,benchmark,original,No-HT,2000,planning,16,2.574905288327944,101878.0,-0.15353311136004777
WEN38:i1:nsga2:s60004:r4:PR1_HT0_EC1:3123814e608b,WEN38,1,60004,4,PR1_HT0_EC1,cf9bc95d906238978e0c5ab26a1947d4104e026d3bac972323bf05453ec86ca7,benchmark,original,No-HT,2000,planning,17,2.6027941369557848,98449.66666666667,-0.06267922982624441
WEN38:i1:nsga2:s60004:r4:PR1_HT0_EC1:3123814e608b,WEN38,1,60004,4,PR1_HT0_EC1,cf9bc95d906238978e0c5ab26a1947d4104e026d3bac972323bf05453ec86ca7,benchmark,original,No-HT,2000,planning,18,2.6179106403842782,124367.66666666667,-0.3512900482010082
WEN38:i1:nsga2:s60004:r4:PR1_HT0_EC1:3123814e608b,WEN38,1,60004,4,PR1_HT0_EC1,cf9bc95d906238978e0c5ab26a1947d4104e026d3bac972323bf05453ec86ca7,benchmark,original,No-HT,2000,planning,19,2.62105005556976,114441.66666666667,-0.2780056800256716
WEN38:i1:nsga2:s60004:r4:PR1_HT0_EC1:3123814e608b,WEN38,1,60004,4,PR1_HT0_EC1,cf9bc95d906238978e0c5ab26a1947d4104e026d3bac972323bf05453ec86ca7,benchmark,original,No-HT,2000,planning,20,2.6298988619721335,84505.33333333334,-0.05998356614873046
WEN38:i1:nsga2:s60004:r4:PR1_HT0_EC1:3123814e608b,WEN38,1,60004,4,PR1_HT0_EC1,cf9bc95d906238978e0c5ab26a1947d4104e026d3bac972323bf05453ec86ca7,benchmark,original,No-HT,2000,planning,21,2.6424499741908973,98974.66666666667,-0.17161477190711594
WEN38:i1:nsga2:s60004:r4:PR1_HT0_EC1:3123814e608b,WEN38,1,60004,4,PR1_HT0_EC1,cf9bc95d906238978e0c5ab26a1947d4104e026d3bac972323bf05453ec86ca7,benchmark,original,No-HT,2000,planning,22,2.6497429441825355,94342.66666666667,-0.18807665010808705
WEN38:i1:nsga2:s60004:r4:PR1_HT0_EC1:3123814e608b,WEN38,1,60004,4,PR1_HT0_EC1,cf9bc95d906238978e0c5ab26a1947d4104e026d3bac972323bf05453ec86ca7,benchmark,original,No-HT,2000,planning,23,2.656741526747413,84457.0,-0.0
WEN38:i1:nsga2:s60004:r4:PR1_HT0_EC1:3123814e608b,WEN38,1,60004,4,PR1_HT0_EC1,cf9bc95d906238978e0c5ab26a1947d4104e026d3bac972323bf05453ec86ca7,benchmark,original,No-HT,2000,planning,24,2.6590716476691876,114210.33333333334,-0.24338624338815862
WEN38:i1:nsga2:s60004:r4:PR1_HT0_EC1:3123814e608b,WEN38,1,60004,4,PR1_HT0_EC1,cf9bc95d906238978e0c5ab26a1947d4104e026d3bac972323bf05453ec86ca7,benchmark,original,No-HT,2000,planning,25,2.6592908813977445,112024.33333333333,-0.24338624338815862
WEN38:i1:nsga2:s60004:r4:PR1_HT0_EC1:3123814e608b,WEN38,1,60004,4,PR1_HT0_EC1,cf9bc95d906238978e0c5ab26a1947d4104e026d3bac972323bf05453ec86ca7,benchmark,original,No-HT,2000,planning,26,2.6594878059831952,108393.33333333333,-0.24338624338815862
WEN38:i1:nsga2:s60004:r4:PR1_HT0_EC1:3123814e608b,WEN38,1,60004,4,PR1_HT0_EC1,cf9bc95d906238978e0c5ab26a1947d4104e026d3bac972323bf05453ec86ca7,benchmark,original,No-HT,2000,planning,27,2.6621454955650528,108095.33333333333,-0.24338624338815862
WEN38:i1:nsga2:s60004:r4:PR1_HT0_EC1:3123814e608b,WEN38,1,60004,4,PR1_HT0_EC1,cf9bc95d906238978e0c5ab26a1947d4104e026d3bac972323bf05453ec86ca7,benchmark,original,No-HT,2000,planning,28,2.671427357945075,119246.0,-0.2798237330835036
WEN38:i1:nsga2:s60004:r4:PR1_HT0_EC1:3123814e608b,WEN38,1,60004,4,PR1_HT0_EC1,cf9bc95d906238978e0c5ab26a1947d4104e026d3bac972323bf05453ec86ca7,benchmark,original,No-HT,2000,planning,29,2.672747635423912,112366.0,-0.27640733712996735
WEN38:i1:nsga2:s60004:r4:PR1_HT0_EC1:3123814e608b,WEN38,1,60004,4,PR1_HT0_EC1,cf9bc95d906238978e0c5ab26a1947d4104e026d3bac972323bf05453ec86ca7,benchmark,original,No-HT,2000,planning,30,2.678337350858977,89566.00000000001,-0.19464977120969706
WEN38:i1:nsga2:s60004:r4:PR1_HT0_EC1:3123814e608b,WEN38,1,60004,4,PR1_HT0_EC1,cf9bc95d906238978e0c5ab26a1947d4104e026d3bac972323bf05453ec86ca7,benchmark,original,No-HT,2000,planning,31,2.6793118370379334,102813.5,-0.2798237330835036
WEN38:i1:nsga2:s60004:r4:PR1_HT0_EC1:3123814e608b,WEN38,1,60004,4,PR1_HT0_EC1,cf9bc95d906238978e0c5ab26a1947d4104e026d3bac972323bf05453ec86ca7,benchmark,original,No-HT,2000,planning,32,2.685601702381657,98437.16666666667,-0.2798237330835036
WEN38:i1:nsga2:s60004:r4:PR1_HT0_EC1:3123814e608b,WEN38,1,60004,4,PR1_HT0_EC1,cf9bc95d906238978e0c5ab26a1947d4104e026d3bac972323bf05453ec86ca7,benchmark,original,No-HT,2000,planning,33,2.694657898115927,80174.33333333333,-0.05998356614873046
WEN38:i1:nsga2:s60004:r4:PR1_HT0_EC1:3123814e608b,WEN38,1,60004,4,PR1_HT0_EC1,cf9bc95d906238978e0c5ab26a1947d4104e026d3bac972323bf05453ec86ca7,benchmark,original,No-HT,2000,planning,34,2.7016278622136123,97804.66666666667,-0.34591194968743366
WEN38:i1:nsga2:s60004:r4:PR1_HT0_EC1:3123814e608b,WEN38,1,60004,4,PR1_HT0_EC1,cf9bc95d906238978e0c5ab26a1947d4104e026d3bac972323bf05453ec86ca7,benchmark,original,No-HT,2000,planning,35,2.7236866857420834,115058.33333333333,-0.45354669214339083
WEN38:i1:nsga2:s60004:r4:PR1_HT0_EC1:3123814e608b,WEN38,1,60004,4,PR1_HT0_EC1,cf9bc95d906238978e0c5ab26a1947d4104e026d3bac972323bf05453ec86ca7,benchmark,original,No-HT,2000,planning,36,2.742673489894764,91248.0,-0.2847764926555101
WEN38:i1:nsga2:s60004:r4:PR1_HT0_EC1:3123814e608b,WEN38,1,60004,4,PR1_HT0_EC1,cf9bc95d906238978e0c5ab26a1947d4104e026d3bac972323bf05453ec86ca7,benchmark,original,No-HT,2000,planning,37,2.8618951113121045,76709.0,-0.0
WEN38:i1:nsga2:s60004:r4:PR1_HT0_EC1:3123814e608b,WEN38,1,60004,4,PR1_HT0_EC1,cf9bc95d906238978e0c5ab26a1947d4104e026d3bac972323bf05453ec86ca7,benchmark,original,No-HT,2000,planning,38,2.8881976708603228,90682.66666666667,-0.27640733712996735
WEN38:i1:nsga2:s60004:r4:PR1_HT0_EC1:3123814e608b,WEN38,1,60004,4,PR1_HT0_EC1,cf9bc95d906238978e0c5ab26a1947d4104e026d3bac972323bf05453ec86ca7,benchmark,original,No-HT,2000,planning,39,2.89068674844809,92425.33333333333,-0.40057636887740955
WEN38:i1:nsga2:s60004:r4:PR1_HT0_EC1:3123814e608b,WEN38,1,60004,4,PR1_HT0_EC1,cf9bc95d906238978e0c5ab26a1947d4104e026d3bac972323bf05453ec86ca7,benchmark,original,No-HT,2000,planning,40,2.8911211294003616,84718.0,-0.2798237330835036
WEN38:i1:nsga2:s60004:r4:PR1_HT0_EC1:3123814e608b,WEN38,1,60004,4,PR1_HT0_EC1,cf9bc95d906238978e0c5ab26a1947d4104e026d3bac972323bf05453ec86ca7,benchmark,original,No-HT,2000,planning,41,2.9528681173522693,91840.33333333333,-0.34591194968743366
WEN38:i1:nsga2:s60004:r4:PR1_HT0_EC1:3123814e608b,WEN38,1,60004,4,PR1_HT0_EC1,cf9bc95d906238978e0c5ab26a1947d4104e026d3bac972323bf05453ec86ca7,benchmark,original,No-HT,2000,planning,42,2.9840516751125374,96367.33333333334,-0.4140845070432988
WEN38:i1:nsga2:s60004:r4:PR1_HT0_EC1:3123814e608b,WEN38,1,60004,4,PR1_HT0_EC1,cf9bc95d906238978e0c5ab26a1947d4104e026d3bac972323bf05453ec86ca7,benchmark,original,No-HT,2000,planning,43,2.985380519903466,96366.0,-0.4140845070432988
WEN38:i1:nsga2:s60004:r4:PR1_HT0_EC1:3123814e608b,WEN38,1,60004,4,PR1_HT0_EC1,cf9bc95d906238978e0c5ab26a1947d4104e026d3bac972323bf05453ec86ca7,benchmark,original,No-HT,2000,planning,44,3.0637823625681717,91700.33333333334,-0.4140845070432988
WEN38:i1:nsga2:s60004:r4:PR1_HT0_EC1:3123814e608b,WEN38,1,60004,4,PR1_HT0_EC1,cf9bc95d906238978e0c5ab26a1947d4104e026d3bac972323bf05453ec86ca7,benchmark,original,No-HT,2000,planning,45,3.1346578519378356,90626.33333333333,-0.4403131115468568
WEN38:i1:nsga2:s60004:r4:PR1_HT0_EC1:3123814e608b,WEN38,1,60004,4,PR1_HT0_EC1,cf9bc95d906238978e0c5ab26a1947d4104e026d3bac972323bf05453ec86ca7,benchmark,original,No-HT,2000,planning,46,3.154172426822183,75646.83333333333,-0.0
WEN38:i1:nsga2:s60004:r4:PR1_HT0_EC1:3123814e608b,WEN38,1,60004,4,PR1_HT0_EC1,cf9bc95d906238978e0c5ab26a1947d4104e026d3bac972323bf05453ec86ca7,benchmark,original,No-HT,2000,planning,47,3.183559340246857,75239.83333333333,-0.0
WEN38:i1:nsga2:s60004:r4:PR1_HT0_EC1:3123814e608b,WEN38,1,60004,4,PR1_HT0_EC1,cf9bc95d906238978e0c5ab26a1947d4104e026d3bac972323bf05453ec86ca7,benchmark,original,No-HT,2000,planning,48,3.247521069515705,74993.33333333334,-0.0
WEN38:i1:nsga2:s60004:r4:PR1_HT0_EC1:3123814e608b,WEN38,1,60004,4,PR1_HT0_EC1,cf9bc95d906238978e0c5ab26a1947d4104e026d3bac972323bf05453ec86ca7,benchmark,original,No-HT,2000,planning,49,3.301029219764823,68035.66666666666,-0.0
WEN38:i1:nsga2:s60004:r4:PR1_HT0_EC1:3123814e608b,WEN38,1,60004,4,PR1_HT0_EC1,cf9bc95d906238978e0c5ab26a1947d4104e026d3bac972323bf05453ec86ca7,benchmark,original,No-HT,2000,planning,50,3.3172659774932587,89484.33333333333,-0.34591194968743366
WEN38:i1:nsga2:s60004:r4:PR1_HT0_EC1:3123814e608b,WEN38,1,60004,4,PR1_HT0_EC1,cf9bc95d906238978e0c5ab26a1947d4104e026d3bac972323bf05453ec86ca7,benchmark,original,No-HT,2000,planning,51,3.332591987415453,79730.66666666667,-0.05998356614873046
WEN38:i1:nsga2:s60004:r4:PR1_HT0_EC1:3123814e608b,WEN38,1,60004,4,PR1_HT0_EC1,cf9bc95d906238978e0c5ab26a1947d4104e026d3bac972323bf05453ec86ca7,benchmark,original,No-HT,2000,planning,52,3.3463233835882003,88028.33333333333,-0.34591194968743366
WEN38:i1:nsga2:s60004:r4:PR1_HT0_EC1:3123814e608b,WEN38,1,60004,4,PR1_HT0_EC1,cf9bc95d906238978e0c5ab26a1947d4104e026d3bac972323bf05453ec86ca7,benchmark,original,No-HT,2000,planning,53,3.625090169445605,67843.16666666667,-0.0
WEN38:i1:nsga2:s60004:r4:PR1_HT0_EC1:3123814e608b,WEN38,1,60004,4,PR1_HT0_EC1,cf9bc95d906238978e0c5ab26a1947d4104e026d3bac972323bf05453ec86ca7,benchmark,original,No-HT,2000,planning,54,3.84638712196135,67486.83333333333,-0.0
WEN38:i1:nsga2:s60004:r4:PR1_HT0_EC1:3123814e608b,WEN38,1,60004,4,PR1_HT0_EC1,cf9bc95d906238978e0c5ab26a1947d4104e026d3bac972323bf05453ec86ca7,benchmark,original,No-HT,2000,planning,55,3.910880389147684,59779.16666666667,-0.0
WEN38:i1:nsga2:s60004:r4:PR1_HT0_EC1:3123814e608b,WEN38,1,60004,4,PR1_HT0_EC1,cf9bc95d906238978e0c5ab26a1947d4104e026d3bac972323bf05453ec86ca7,benchmark,original,No-HT,2000,planning,56,4.024275144639024,55335.83333333334,-0.0
WEN38:i1:nsga2:s60004:r4:PR1_HT1_EC0:384c4b2a81e6,WEN38,1,60004,4,PR1_HT1_EC0,cf9bc95d906238978e0c5ab26a1947d4104e026d3bac972323bf05453ec86ca7,benchmark,original,No-EC,2000,planning,0,2.4589208322039617,107114.00000000001,-0.0
WEN38:i1:nsga2:s60004:r4:PR1_HT1_EC0:384c4b2a81e6,WEN38,1,60004,4,PR1_HT1_EC0,cf9bc95d906238978e0c5ab26a1947d4104e026d3bac972323bf05453ec86ca7,benchmark,original,No-EC,2000,planning,1,2.4589208322039617,144514.0,-0.08865248226950355
WEN38:i1:nsga2:s60004:r4:PR1_HT1_EC0:384c4b2a81e6,WEN38,1,60004,4,PR1_HT1_EC0,cf9bc95d906238978e0c5ab26a1947d4104e026d3bac972323bf05453ec86ca7,benchmark,original,No-EC,2000,planning,2,2.459250339533863,105835.33333333334,-0.0
WEN38:i1:nsga2:s60004:r4:PR1_HT1_EC0:384c4b2a81e6,WEN38,1,60004,4,PR1_HT1_EC0,cf9bc95d906238978e0c5ab26a1947d4104e026d3bac972323bf05453ec86ca7,benchmark,original,No-EC,2000,planning,3,2.4593389291864254,92521.33333333334,-0.0
WEN38:i1:nsga2:s60004:r4:PR1_HT1_EC0:384c4b2a81e6,WEN38,1,60004,4,PR1_HT1_EC0,cf9bc95d906238978e0c5ab26a1947d4104e026d3bac972323bf05453ec86ca7,benchmark,original,No-EC,2000,planning,4,2.4619845031256364,142754.3333333333,-0.48276684825214033
WEN38:i1:nsga2:s60004:r4:PR1_HT1_EC0:384c4b2a81e6,WEN38,1,60004,4,PR1_HT1_EC0,cf9bc95d906238978e0c5ab26a1947d4104e026d3bac972323bf05453ec86ca7,benchmark,original,No-EC,2000,planning,5,2.4628482903011486,162572.6666666667,-0.7973068745568526
WEN38:i1:nsga2:s60004:r4:PR1_HT1_EC0:384c4b2a81e6,WEN38,1,60004,4,PR1_HT1_EC0,cf9bc95d906238978e0c5ab26a1947d4104e026d3bac972323bf05453ec86ca7,benchmark,original,No-EC,2000,planning,6,2.4632919690810784,140573.6666666667,-0.48535741785872233
WEN38:i1:nsga2:s60004:r4:PR1_HT1_EC0:384c4b2a81e6,WEN38,1,60004,4,PR1_HT1_EC0,cf9bc95d906238978e0c5ab26a1947d4104e026d3bac972323bf05453ec86ca7,benchmark,original,No-EC,2000,planning,7,2.463714390303555,139921.6666666667,-0.4866232237409349
WEN38:i1:nsga2:s60004:r4:PR1_HT1_EC0:384c4b2a81e6,WEN38,1,60004,4,PR1_HT1_EC0,cf9bc95d906238978e0c5ab26a1947d4104e026d3bac972323bf05453ec86ca7,benchmark,original,No-EC,2000,planning,8,2.464177865608364,140379.33333333334,-0.4880120501920828
WEN38:i1:nsga2:s60004:r4:PR1_HT1_EC0:384c4b2a81e6,WEN38,1,60004,4,PR1_HT1_EC0,cf9bc95d906238978e0c5ab26a1947d4104e026d3bac972323bf05453ec86ca7,benchmark,original,No-EC,2000,planning,9,2.464606141402701,130035.0,-0.5253046839488889
WEN38:i1:nsga2:s60004:r4:PR1_HT1_EC0:384c4b2a81e6,WEN38,1,60004,4,PR1_HT1_EC0,cf9bc95d906238978e0c5ab26a1947d4104e026d3bac972323bf05453ec86ca7,benchmark,original,No-EC,2000,planning,10,2.4646383922572888,131981.0,-0.529410914195978
WEN38:i1:nsga2:s60004:r4:PR1_HT1_EC0:384c4b2a81e6,WEN38,1,60004,4,PR1_HT1_EC0,cf9bc95d906238978e0c5ab26a1947d4104e026d3bac972323bf05453ec86ca7,benchmark,original,No-EC,2000,planning,11,2.465653645811545,127398.33333333334,-0.44606060606201936
WEN38:i1:nsga2:s60004:r4:PR1_HT1_EC0:384c4b2a81e6,WEN38,1,60004,4,PR1_HT1_EC0,cf9bc95d906238978e0c5ab26a1947d4104e026d3bac972323bf05453ec86ca7,benchmark,original,No-EC,2000,planning,12,2.4668170527703053,128361.5,-0.5319682908602772
WEN38:i1:nsga2:s60004:r4:PR1_HT1_EC0:384c4b2a81e6,WEN38,1,60004,4,PR1_HT1_EC0,cf9bc95d906238978e0c5ab26a1947d4104e026d3bac972323bf05453ec86ca7,benchmark,original,No-EC,2000,planning,13,2.469358232422778,137522.0,-0.5378907556232662
WEN38:i1:nsga2:s60004:r4:PR1_HT1_EC0:384c4b2a81e6,WEN38,1,60004,4,PR1_HT1_EC0,cf9bc95d906238978e0c5ab26a1947d4104e026d3bac972323bf05453ec86ca7,benchmark,original,No-EC,2000,planning,14,2.4697287698375625,119703.33333333336,-0.044676409188468824
WEN38:i1:nsga2:s60004:r4:PR1_HT1_EC0:384c4b2a81e6,WEN38,1,60004,4,PR1_HT1_EC0,cf9bc95d906238978e0c5ab26a1947d4104e026d3bac972323bf05453ec86ca7,benchmark,original,No-EC,2000,planning,15,2.4728931460546084,106544.33333333334,-0.06267922982624441
WEN38:i1:nsga2:s60004:r4:PR1_HT1_EC0:384c4b2a81e6,WEN38,1,60004,4,PR1_HT1_EC0,cf9bc95d906238978e0c5ab26a1947d4104e026d3bac972323bf05453ec86ca7,benchmark,original,No-EC,2000,planning,16,2.4747278591807786,156777.0,-0.5930987274314248
WEN38:i1:nsga2:s60004:r4:PR1_HT1_EC0:384c4b2a81e6,WEN38,1,60004,4,PR1_HT1_EC0,cf9bc95d906238978e0c5ab26a1947d4104e026d3bac972323bf05453ec86ca7,benchmark,original,No-EC,2000,planning,17,2.481150475380156,114459.33333333334,-0.07405908539294614
WEN38:i1:nsga2:s60004:r4:PR1_HT1_EC0:384c4b2a81e6,WEN38,1,60004,4,PR1_HT1_EC0,cf9bc95d906238978e0c5ab26a1947d4104e026d3bac972323bf05453ec86ca7,benchmark,original,No-EC,2000,planning,18,2.497014382877934,126812.33333333334,-0.15353311136004777
WEN38:i1:nsga2:s60004:r4:PR1_HT1_EC0:384c4b2a81e6,WEN38,1,60004,4,PR1_HT1_EC0,cf9bc95d906238978e0c5ab26a1947d4104e026d3bac972323bf05453ec86ca7,benchmark,original,No-EC,2000,planning,19,2.499229124196148,109742.50000000001,-0.15353311136004777
WEN38:i1:nsga2:s60004:r4:PR1_HT1_EC0:384c4b2a81e6,WEN38,1,60004,4,PR1_HT1_EC0,cf9bc95d906238978e0c5ab26a1947d4104e026d3bac972323bf05453ec86ca7,benchmark,original,No-EC,2000,planning,20,2.5037778923422227,99787.00000000001,-0.15353311136004777
WEN38:i1:nsga2:s60004:r4:PR1_HT1_EC0:384c4b2a81e6,WEN38,1,60004,4,PR1_HT1_EC0,cf9bc95d906238978e0c5ab26a1947d4104e026d3bac972323bf05453ec86ca7,benchmark,original,No-EC,2000,planning,21,2.5220604033184952,87728.66666666667,-0.0
WEN38:i1:nsga2:s60004:r4:PR1_HT1_EC0:384c4b2a81e6,WEN38,1,60004,4,PR1_HT1_EC0,cf9bc95d906238978e0c5ab26a1947d4104e026d3bac972323bf05453ec86ca7,benchmark,original,No-EC,2000,planning,22,2.5226167925169887,109444.33333333334,-0.19464977120969706
WEN38:i1:nsga2:s60004:r4:PR1_HT1_EC0:384c4b2a81e6,WEN38,1,60004,4,PR1_HT1_EC0,cf9bc95d906238978e0c5ab26a1947d4104e026d3bac972323bf05453ec86ca7,benchmark,original,No-EC,2000,planning,23,2.525182938898765,119485.33333333333,-0.2713720139272482
WEN38:i1:nsga2:s60004:r4:PR1_HT1_EC0:384c4b2a81e6,WEN38,1,60004,4,PR1_HT1_EC0,cf9bc95d906238978e0c5ab26a1947d4104e026d3bac972323bf05453ec86ca7,benchmark,original,No-EC,2000,planning,24,2.532538833622082,118885.16666666667,-0.25253185233759723
WEN38:i1:nsga2:s60004:r4:PR1_HT1_EC0:384c4b2a81e6,WEN38,1,60004,4,PR1_HT1_EC0,cf9bc95d906238978e0c5ab26a1947d4104e026d3bac972323bf05453ec86ca7,benchmark,original,No-EC,2000,planning,25,2.539005878272712,99636.33333333334,-0.07405908539294614
WEN38:i1:nsga2:s60004:r4:PR1_HT1_EC0:384c4b2a81e6,WEN38,1,60004,4,PR1_HT1_EC0,cf9bc95d906238978e0c5ab26a1947d4104e026d3bac972323bf05453ec86ca7,benchmark,original,No-EC,2000,planning,26,2.539448826534877,113470.33333333334,-0.2798237330835036
WEN38:i1:nsga2:s60004:r4:PR1_HT1_EC0:384c4b2a81e6,WEN38,1,60004,4,PR1_HT1_EC0,cf9bc95d906238978e0c5ab26a1947d4104e026d3bac972323bf05453ec86ca7,benchmark,original,No-EC,2000,planning,27,2.5396897442133586,96451.66666666667,-0.07405908539294614
WEN38:i1:nsga2:s60004:r4:PR1_HT1_EC0:384c4b2a81e6,WEN38,1,60004,4,PR1_HT1_EC0,cf9bc95d906238978e0c5ab26a1947d4104e026d3bac972323bf05453ec86ca7,benchmark,original,No-EC,2000,planning,28,2.545738691878599,109097.33333333334,-0.2798237330835036
WEN38:i1:nsga2:s60004:r4:PR1_HT1_EC0:384c4b2a81e6,WEN38,1,60004,4,PR1_HT1_EC0,cf9bc95d906238978e0c5ab26a1947d4104e026d3bac972323bf05453ec86ca7,benchmark,original,No-EC,2000,planning,29,2.54963663659868,107767.0,-0.2798237330835036
WEN38:i1:nsga2:s60004:r4:PR1_HT1_EC0:384c4b2a81e6,WEN38,1,60004,4,PR1_HT1_EC0,cf9bc95d906238978e0c5ab26a1947d4104e026d3bac972323bf05453ec86ca7,benchmark,original,No-EC,2000,planning,30,2.5662029016588797,110288.16666666667,-0.3385371494669016
WEN38:i1:nsga2:s60004:r4:PR1_HT1_EC0:384c4b2a81e6,WEN38,1,60004,4,PR1_HT1_EC0,cf9bc95d906238978e0c5ab26a1947d4104e026d3bac972323bf05453ec86ca7,benchmark,original,No-EC,2000,planning,31,2.5718726394332707,118175.66666666669,-0.3472182596306084
WEN38:i1:nsga2:s60004:r4:PR1_HT1_EC0:384c4b2a81e6,WEN38,1,60004,4,PR1_HT1_EC0,cf9bc95d906238978e0c5ab26a1947d4104e026d3bac972323bf05453ec86ca7,benchmark,original,No-EC,2000,planning,32,2.575416225542727,109544.66666666669,-0.3527581329581153
WEN38:i1:nsga2:s60004:r4:PR1_HT1_EC0:384c4b2a81e6,WEN38,1,60004,4,PR1_HT1_EC0,cf9bc95d906238978e0c5ab26a1947d4104e026d3bac972323bf05453ec86ca7,benchmark,original,No-EC,2000,planning,33,2.5784282737359323,100566.0,-0.19464977120969706
WEN38:i1:nsga2:s60004:r4:PR1_HT1_EC0:384c4b2a81e6,WEN38,1,60004,4,PR1_HT1_EC0,cf9bc95d906238978e0c5ab26a1947d4104e026d3bac972323bf05453ec86ca7,benchmark,original,No-EC,2000,planning,34,2.5936656940047342,107542.66666666669,-0.3385371494669016
WEN38:i1:nsga2:s60004:r4:PR1_HT1_EC0:384c4b2a81e6,WEN38,1,60004,4,PR1_HT1_EC0,cf9bc95d906238978e0c5ab26a1947d4104e026d3bac972323bf05453ec86ca7,benchmark,original,No-EC,2000,planning,35,2.595083128448697,124401.0,-0.3926201221147494
WEN38:i1:nsga2:s60004:r4:PR1_HT1_EC0:384c4b2a81e6,WEN38,1,60004,4,PR1_HT1_EC0,cf9bc95d906238978e0c5ab26a1947d4104e026d3bac972323bf05453ec86ca7,benchmark,original,No-EC,2000,planning,36,2.597362458793542,114456.66666666667,-0.3926201221147494
WEN38:i1:nsga2:s60004:r4:PR1_HT1_EC0:384c4b2a81e6,WEN38,1,60004,4,PR1_HT1_EC0,cf9bc95d906238978e0c5ab26a1947d4104e026d3bac972323bf05453ec86ca7,benchmark,original,No-EC,2000,planning,37,2.6014615834448405,105141.16666666667,-0.2798237330835036
WEN38:i1:nsga2:s60004:r4:PR1_HT1_EC0:384c4b2a81e6,WEN38,1,60004,4,PR1_HT1_EC0,cf9bc95d906238978e0c5ab26a1947d4104e026d3bac972323bf05453ec86ca7,benchmark,original,No-EC,2000,planning,38,2.6224573311414456,117782.66666666666,-0.4349222030141391
WEN38:i1:nsga2:s60004:r4:PR1_HT1_EC0:384c4b2a81e6,WEN38,1,60004,4,PR1_HT1_EC0,cf9bc95d906238978e0c5ab26a1947d4104e026d3bac972323bf05453ec86ca7,benchmark,original,No-EC,2000,planning,39,2.6225459207941775,115646.33333333333,-0.4349222030141391
WEN38:i1:nsga2:s60004:r4:PR1_HT1_EC0:384c4b2a81e6,WEN38,1,60004,4,PR1_HT1_EC0,cf9bc95d906238978e0c5ab26a1947d4104e026d3bac972323bf05453ec86ca7,benchmark,original,No-EC,2000,planning,40,2.635302830787846,94579.00000000001,-0.044676409188468824
WEN38:i1:nsga2:s60004:r4:PR1_HT1_EC0:384c4b2a81e6,WEN38,1,60004,4,PR1_HT1_EC0,cf9bc95d906238978e0c5ab26a1947d4104e026d3bac972323bf05453ec86ca7,benchmark,original,No-EC,2000,planning,41,2.6461107684221714,91414.66666666667,-0.15353311136004777
WEN38:i1:nsga2:s60004:r4:PR1_HT1_EC0:384c4b2a81e6,WEN38,1,60004,4,PR1_HT1_EC0,cf9bc95d906238978e0c5ab26a1947d4104e026d3bac972323bf05453ec86ca7,benchmark,original,No-EC,2000,planning,42,2.667017926465042,94892.00000000001,-0.16890664729635319
WEN38:i1:nsga2:s60004:r4:PR1_HT1_EC0:384c4b2a81e6,WEN38,1,60004,4,PR1_HT1_EC0,cf9bc95d906238978e0c5ab26a1947d4104e026d3bac972323bf05453ec86ca7,benchmark,original,No-EC,2000,planning,43,2.7044027599158253,107569.66666666667,-0.46328876378265704
WEN38:i1:nsga2:s60004:r4:PR1_HT1_EC0:384c4b2a81e6,WEN38,1,60004,4,PR1_HT1_EC0,cf9bc95d906238978e0c5ab26a1947d4104e026d3bac972323bf05453ec86ca7,benchmark,original,No-EC,2000,planning,44,2.705288656443111,100387.0,-0.46328876378265704
WEN38:i1:nsga2:s60004:r4:PR1_HT1_EC0:384c4b2a81e6,WEN38,1,60004,4,PR1_HT1_EC0,cf9bc95d906238978e0c5ab26a1947d4104e026d3bac972323bf05453ec86ca7,benchmark,original,No-EC,2000,planning,45,2.7106040356085748,87612.0,-0.0
WEN38:i1:nsga2:s60004:r4:PR1_HT1_EC0:384c4b2a81e6,WEN38,1,60004,4,PR1_HT1_EC0,cf9bc95d906238978e0c5ab26a1947d4104e026d3bac972323bf05453ec86ca7,benchmark,original,No-EC,2000,planning,46,2.7289420937222624,95416.66666666667,-0.19464977120969706
WEN38:i1:nsga2:s60004:r4:PR1_HT1_EC0:384c4b2a81e6,WEN38,1,60004,4,PR1_HT1_EC0,cf9bc95d906238978e0c5ab26a1947d4104e026d3bac972323bf05453ec86ca7,benchmark,original,No-EC,2000,planning,47,2.744090924338845,86144.16666666667,-0.0
WEN38:i1:nsga2:s60004:r4:PR1_HT1_EC0:384c4b2a81e6,WEN38,1,60004,4,PR1_HT1_EC0,cf9bc95d906238978e0c5ab26a1947d4104e026d3bac972323bf05453ec86ca7,benchmark,original,No-EC,2000,planning,48,2.74409092433842,92475.16666666667,-0.2798237330835036
WEN38:i1:nsga2:s60004:r4:PR1_HT1_EC0:384c4b2a81e6,WEN38,1,60004,4,PR1_HT1_EC0,cf9bc95d906238978e0c5ab26a1947d4104e026d3bac972323bf05453ec86ca7,benchmark,original,No-EC,2000,planning,49,2.7911320299379687,88944.5,-0.2798237330835036
WEN38:i1:nsga2:s60004:r4:PR1_HT1_EC0:384c4b2a81e6,WEN38,1,60004,4,PR1_HT1_EC0,cf9bc95d906238978e0c5ab26a1947d4104e026d3bac972323bf05453ec86ca7,benchmark,original,No-EC,2000,planning,50,2.8538535040697326,94075.16666666667,-0.3385371494669016
WEN38:i1:nsga2:s60004:r4:PR1_HT1_EC0:384c4b2a81e6,WEN38,1,60004,4,PR1_HT1_EC0,cf9bc95d906238978e0c5ab26a1947d4104e026d3bac972323bf05453ec86ca7,benchmark,original,No-EC,2000,planning,51,2.856511193651591,84450.0,-0.0
WEN38:i1:nsga2:s60004:r4:PR1_HT1_EC0:384c4b2a81e6,WEN38,1,60004,4,PR1_HT1_EC0,cf9bc95d906238978e0c5ab26a1947d4104e026d3bac972323bf05453ec86ca7,benchmark,original,No-EC,2000,planning,52,2.879544503360993,84517.5,-0.2798237330835036
WEN38:i1:nsga2:s60004:r4:PR1_HT1_EC0:384c4b2a81e6,WEN38,1,60004,4,PR1_HT1_EC0,cf9bc95d906238978e0c5ab26a1947d4104e026d3bac972323bf05453ec86ca7,benchmark,original,No-EC,2000,planning,53,3.0021525827375495,78818.0,-0.0
WEN38:i1:nsga2:s60004:r4:PR1_HT1_EC1:a8804fc163b2,WEN38,1,60004,4,PR1_HT1_EC1,cf9bc95d906238978e0c5ab26a1947d4104e026d3bac972323bf05453ec86ca7,benchmark,original,Full,2000,planning,0,2.4589208322039617,107114.00000000001,-0.0
WEN38:i1:nsga2:s60004:r4:PR1_HT1_EC1:a8804fc163b2,WEN38,1,60004,4,PR1_HT1_EC1,cf9bc95d906238978e0c5ab26a1947d4104e026d3bac972323bf05453ec86ca7,benchmark,original,Full,2000,planning,1,2.4589208322039617,144514.0,-0.08865248226950355
WEN38:i1:nsga2:s60004:r4:PR1_HT1_EC1:a8804fc163b2,WEN38,1,60004,4,PR1_HT1_EC1,cf9bc95d906238978e0c5ab26a1947d4104e026d3bac972323bf05453ec86ca7,benchmark,original,Full,2000,planning,2,2.459250339533863,105835.33333333334,-0.0
WEN38:i1:nsga2:s60004:r4:PR1_HT1_EC1:a8804fc163b2,WEN38,1,60004,4,PR1_HT1_EC1,cf9bc95d906238978e0c5ab26a1947d4104e026d3bac972323bf05453ec86ca7,benchmark,original,Full,2000,planning,3,2.4593389291864254,92521.33333333334,-0.0
WEN38:i1:nsga2:s60004:r4:PR1_HT1_EC1:a8804fc163b2,WEN38,1,60004,4,PR1_HT1_EC1,cf9bc95d906238978e0c5ab26a1947d4104e026d3bac972323bf05453ec86ca7,benchmark,original,Full,2000,planning,4,2.4619845031256364,142754.3333333333,-0.48276684825214033
WEN38:i1:nsga2:s60004:r4:PR1_HT1_EC1:a8804fc163b2,WEN38,1,60004,4,PR1_HT1_EC1,cf9bc95d906238978e0c5ab26a1947d4104e026d3bac972323bf05453ec86ca7,benchmark,original,Full,2000,planning,5,2.4628482903011486,162572.6666666667,-0.7973068745568526
WEN38:i1:nsga2:s60004:r4:PR1_HT1_EC1:a8804fc163b2,WEN38,1,60004,4,PR1_HT1_EC1,cf9bc95d906238978e0c5ab26a1947d4104e026d3bac972323bf05453ec86ca7,benchmark,original,Full,2000,planning,6,2.4632919690810784,140573.6666666667,-0.48535741785872233
WEN38:i1:nsga2:s60004:r4:PR1_HT1_EC1:a8804fc163b2,WEN38,1,60004,4,PR1_HT1_EC1,cf9bc95d906238978e0c5ab26a1947d4104e026d3bac972323bf05453ec86ca7,benchmark,original,Full,2000,planning,7,2.463714390303555,139921.6666666667,-0.4866232237409349
WEN38:i1:nsga2:s60004:r4:PR1_HT1_EC1:a8804fc163b2,WEN38,1,60004,4,PR1_HT1_EC1,cf9bc95d906238978e0c5ab26a1947d4104e026d3bac972323bf05453ec86ca7,benchmark,original,Full,2000,planning,8,2.464177865608364,140379.33333333334,-0.4880120501920828
WEN38:i1:nsga2:s60004:r4:PR1_HT1_EC1:a8804fc163b2,WEN38,1,60004,4,PR1_HT1_EC1,cf9bc95d906238978e0c5ab26a1947d4104e026d3bac972323bf05453ec86ca7,benchmark,original,Full,2000,planning,9,2.464606141402701,130035.0,-0.5253046839488889
WEN38:i1:nsga2:s60004:r4:PR1_HT1_EC1:a8804fc163b2,WEN38,1,60004,4,PR1_HT1_EC1,cf9bc95d906238978e0c5ab26a1947d4104e026d3bac972323bf05453ec86ca7,benchmark,original,Full,2000,planning,10,2.4646383922572888,131981.0,-0.529410914195978
WEN38:i1:nsga2:s60004:r4:PR1_HT1_EC1:a8804fc163b2,WEN38,1,60004,4,PR1_HT1_EC1,cf9bc95d906238978e0c5ab26a1947d4104e026d3bac972323bf05453ec86ca7,benchmark,original,Full,2000,planning,11,2.465653645811545,127398.33333333334,-0.44606060606201936
WEN38:i1:nsga2:s60004:r4:PR1_HT1_EC1:a8804fc163b2,WEN38,1,60004,4,PR1_HT1_EC1,cf9bc95d906238978e0c5ab26a1947d4104e026d3bac972323bf05453ec86ca7,benchmark,original,Full,2000,planning,12,2.4668170527703053,128361.5,-0.5319682908602772
WEN38:i1:nsga2:s60004:r4:PR1_HT1_EC1:a8804fc163b2,WEN38,1,60004,4,PR1_HT1_EC1,cf9bc95d906238978e0c5ab26a1947d4104e026d3bac972323bf05453ec86ca7,benchmark,original,Full,2000,planning,13,2.469358232422778,137522.0,-0.5378907556232662
WEN38:i1:nsga2:s60004:r4:PR1_HT1_EC1:a8804fc163b2,WEN38,1,60004,4,PR1_HT1_EC1,cf9bc95d906238978e0c5ab26a1947d4104e026d3bac972323bf05453ec86ca7,benchmark,original,Full,2000,planning,14,2.4697287698375625,119703.33333333336,-0.044676409188468824
WEN38:i1:nsga2:s60004:r4:PR1_HT1_EC1:a8804fc163b2,WEN38,1,60004,4,PR1_HT1_EC1,cf9bc95d906238978e0c5ab26a1947d4104e026d3bac972323bf05453ec86ca7,benchmark,original,Full,2000,planning,15,2.4728931460546084,106544.33333333334,-0.06267922982624441
WEN38:i1:nsga2:s60004:r4:PR1_HT1_EC1:a8804fc163b2,WEN38,1,60004,4,PR1_HT1_EC1,cf9bc95d906238978e0c5ab26a1947d4104e026d3bac972323bf05453ec86ca7,benchmark,original,Full,2000,planning,16,2.4747278591807786,156777.0,-0.5930987274314248
WEN38:i1:nsga2:s60004:r4:PR1_HT1_EC1:a8804fc163b2,WEN38,1,60004,4,PR1_HT1_EC1,cf9bc95d906238978e0c5ab26a1947d4104e026d3bac972323bf05453ec86ca7,benchmark,original,Full,2000,planning,17,2.481150475380156,114459.33333333334,-0.07405908539294614
WEN38:i1:nsga2:s60004:r4:PR1_HT1_EC1:a8804fc163b2,WEN38,1,60004,4,PR1_HT1_EC1,cf9bc95d906238978e0c5ab26a1947d4104e026d3bac972323bf05453ec86ca7,benchmark,original,Full,2000,planning,18,2.497014382877934,126812.33333333334,-0.15353311136004777
WEN38:i1:nsga2:s60004:r4:PR1_HT1_EC1:a8804fc163b2,WEN38,1,60004,4,PR1_HT1_EC1,cf9bc95d906238978e0c5ab26a1947d4104e026d3bac972323bf05453ec86ca7,benchmark,original,Full,2000,planning,19,2.499229124196148,109742.50000000001,-0.15353311136004777
WEN38:i1:nsga2:s60004:r4:PR1_HT1_EC1:a8804fc163b2,WEN38,1,60004,4,PR1_HT1_EC1,cf9bc95d906238978e0c5ab26a1947d4104e026d3bac972323bf05453ec86ca7,benchmark,original,Full,2000,planning,20,2.5037778923422227,99787.00000000001,-0.15353311136004777
WEN38:i1:nsga2:s60004:r4:PR1_HT1_EC1:a8804fc163b2,WEN38,1,60004,4,PR1_HT1_EC1,cf9bc95d906238978e0c5ab26a1947d4104e026d3bac972323bf05453ec86ca7,benchmark,original,Full,2000,planning,21,2.5220604033184952,87728.66666666667,-0.0
WEN38:i1:nsga2:s60004:r4:PR1_HT1_EC1:a8804fc163b2,WEN38,1,60004,4,PR1_HT1_EC1,cf9bc95d906238978e0c5ab26a1947d4104e026d3bac972323bf05453ec86ca7,benchmark,original,Full,2000,planning,22,2.5226167925169887,109444.33333333334,-0.19464977120969706
WEN38:i1:nsga2:s60004:r4:PR1_HT1_EC1:a8804fc163b2,WEN38,1,60004,4,PR1_HT1_EC1,cf9bc95d906238978e0c5ab26a1947d4104e026d3bac972323bf05453ec86ca7,benchmark,original,Full,2000,planning,23,2.525182938898765,119485.33333333333,-0.2713720139272482
WEN38:i1:nsga2:s60004:r4:PR1_HT1_EC1:a8804fc163b2,WEN38,1,60004,4,PR1_HT1_EC1,cf9bc95d906238978e0c5ab26a1947d4104e026d3bac972323bf05453ec86ca7,benchmark,original,Full,2000,planning,24,2.532538833622082,118885.16666666667,-0.25253185233759723
WEN38:i1:nsga2:s60004:r4:PR1_HT1_EC1:a8804fc163b2,WEN38,1,60004,4,PR1_HT1_EC1,cf9bc95d906238978e0c5ab26a1947d4104e026d3bac972323bf05453ec86ca7,benchmark,original,Full,2000,planning,25,2.539005878272712,99636.33333333334,-0.07405908539294614
WEN38:i1:nsga2:s60004:r4:PR1_HT1_EC1:a8804fc163b2,WEN38,1,60004,4,PR1_HT1_EC1,cf9bc95d906238978e0c5ab26a1947d4104e026d3bac972323bf05453ec86ca7,benchmark,original,Full,2000,planning,26,2.539448826534877,113470.33333333334,-0.2798237330835036
WEN38:i1:nsga2:s60004:r4:PR1_HT1_EC1:a8804fc163b2,WEN38,1,60004,4,PR1_HT1_EC1,cf9bc95d906238978e0c5ab26a1947d4104e026d3bac972323bf05453ec86ca7,benchmark,original,Full,2000,planning,27,2.5396897442133586,96451.66666666667,-0.07405908539294614
WEN38:i1:nsga2:s60004:r4:PR1_HT1_EC1:a8804fc163b2,WEN38,1,60004,4,PR1_HT1_EC1,cf9bc95d906238978e0c5ab26a1947d4104e026d3bac972323bf05453ec86ca7,benchmark,original,Full,2000,planning,28,2.545738691878599,109097.33333333334,-0.2798237330835036
WEN38:i1:nsga2:s60004:r4:PR1_HT1_EC1:a8804fc163b2,WEN38,1,60004,4,PR1_HT1_EC1,cf9bc95d906238978e0c5ab26a1947d4104e026d3bac972323bf05453ec86ca7,benchmark,original,Full,2000,planning,29,2.54963663659868,107767.0,-0.2798237330835036
WEN38:i1:nsga2:s60004:r4:PR1_HT1_EC1:a8804fc163b2,WEN38,1,60004,4,PR1_HT1_EC1,cf9bc95d906238978e0c5ab26a1947d4104e026d3bac972323bf05453ec86ca7,benchmark,original,Full,2000,planning,30,2.5662029016588797,110288.16666666667,-0.3385371494669016
WEN38:i1:nsga2:s60004:r4:PR1_HT1_EC1:a8804fc163b2,WEN38,1,60004,4,PR1_HT1_EC1,cf9bc95d906238978e0c5ab26a1947d4104e026d3bac972323bf05453ec86ca7,benchmark,original,Full,2000,planning,31,2.5718726394332707,118175.66666666669,-0.3472182596306084
WEN38:i1:nsga2:s60004:r4:PR1_HT1_EC1:a8804fc163b2,WEN38,1,60004,4,PR1_HT1_EC1,cf9bc95d906238978e0c5ab26a1947d4104e026d3bac972323bf05453ec86ca7,benchmark,original,Full,2000,planning,32,2.575416225542727,109544.66666666669,-0.3527581329581153
WEN38:i1:nsga2:s60004:r4:PR1_HT1_EC1:a8804fc163b2,WEN38,1,60004,4,PR1_HT1_EC1,cf9bc95d906238978e0c5ab26a1947d4104e026d3bac972323bf05453ec86ca7,benchmark,original,Full,2000,planning,33,2.5784282737359323,100566.0,-0.19464977120969706
WEN38:i1:nsga2:s60004:r4:PR1_HT1_EC1:a8804fc163b2,WEN38,1,60004,4,PR1_HT1_EC1,cf9bc95d906238978e0c5ab26a1947d4104e026d3bac972323bf05453ec86ca7,benchmark,original,Full,2000,planning,34,2.5936656940047342,107542.66666666669,-0.3385371494669016
WEN38:i1:nsga2:s60004:r4:PR1_HT1_EC1:a8804fc163b2,WEN38,1,60004,4,PR1_HT1_EC1,cf9bc95d906238978e0c5ab26a1947d4104e026d3bac972323bf05453ec86ca7,benchmark,original,Full,2000,planning,35,2.595083128448697,124401.0,-0.3926201221147494
WEN38:i1:nsga2:s60004:r4:PR1_HT1_EC1:a8804fc163b2,WEN38,1,60004,4,PR1_HT1_EC1,cf9bc95d906238978e0c5ab26a1947d4104e026d3bac972323bf05453ec86ca7,benchmark,original,Full,2000,planning,36,2.597362458793542,114456.66666666667,-0.3926201221147494
WEN38:i1:nsga2:s60004:r4:PR1_HT1_EC1:a8804fc163b2,WEN38,1,60004,4,PR1_HT1_EC1,cf9bc95d906238978e0c5ab26a1947d4104e026d3bac972323bf05453ec86ca7,benchmark,original,Full,2000,planning,37,2.6014615834448405,105141.16666666667,-0.2798237330835036
WEN38:i1:nsga2:s60004:r4:PR1_HT1_EC1:a8804fc163b2,WEN38,1,60004,4,PR1_HT1_EC1,cf9bc95d906238978e0c5ab26a1947d4104e026d3bac972323bf05453ec86ca7,benchmark,original,Full,2000,planning,38,2.6224573311414456,117782.66666666666,-0.4349222030141391
WEN38:i1:nsga2:s60004:r4:PR1_HT1_EC1:a8804fc163b2,WEN38,1,60004,4,PR1_HT1_EC1,cf9bc95d906238978e0c5ab26a1947d4104e026d3bac972323bf05453ec86ca7,benchmark,original,Full,2000,planning,39,2.6225459207941775,115646.33333333333,-0.4349222030141391
WEN38:i1:nsga2:s60004:r4:PR1_HT1_EC1:a8804fc163b2,WEN38,1,60004,4,PR1_HT1_EC1,cf9bc95d906238978e0c5ab26a1947d4104e026d3bac972323bf05453ec86ca7,benchmark,original,Full,2000,planning,40,2.635302830787846,94579.00000000001,-0.044676409188468824
WEN38:i1:nsga2:s60004:r4:PR1_HT1_EC1:a8804fc163b2,WEN38,1,60004,4,PR1_HT1_EC1,cf9bc95d906238978e0c5ab26a1947d4104e026d3bac972323bf05453ec86ca7,benchmark,original,Full,2000,planning,41,2.6461107684221714,91414.66666666667,-0.15353311136004777
WEN38:i1:nsga2:s60004:r4:PR1_HT1_EC1:a8804fc163b2,WEN38,1,60004,4,PR1_HT1_EC1,cf9bc95d906238978e0c5ab26a1947d4104e026d3bac972323bf05453ec86ca7,benchmark,original,Full,2000,planning,42,2.667017926465042,94892.00000000001,-0.16890664729635319
WEN38:i1:nsga2:s60004:r4:PR1_HT1_EC1:a8804fc163b2,WEN38,1,60004,4,PR1_HT1_EC1,cf9bc95d906238978e0c5ab26a1947d4104e026d3bac972323bf05453ec86ca7,benchmark,original,Full,2000,planning,43,2.7044027599158253,107569.66666666667,-0.46328876378265704
WEN38:i1:nsga2:s60004:r4:PR1_HT1_EC1:a8804fc163b2,WEN38,1,60004,4,PR1_HT1_EC1,cf9bc95d906238978e0c5ab26a1947d4104e026d3bac972323bf05453ec86ca7,benchmark,original,Full,2000,planning,44,2.705288656443111,100387.0,-0.46328876378265704
WEN38:i1:nsga2:s60004:r4:PR1_HT1_EC1:a8804fc163b2,WEN38,1,60004,4,PR1_HT1_EC1,cf9bc95d906238978e0c5ab26a1947d4104e026d3bac972323bf05453ec86ca7,benchmark,original,Full,2000,planning,45,2.7106040356085748,87612.0,-0.0
WEN38:i1:nsga2:s60004:r4:PR1_HT1_EC1:a8804fc163b2,WEN38,1,60004,4,PR1_HT1_EC1,cf9bc95d906238978e0c5ab26a1947d4104e026d3bac972323bf05453ec86ca7,benchmark,original,Full,2000,planning,46,2.7289420937222624,95416.66666666667,-0.19464977120969706
WEN38:i1:nsga2:s60004:r4:PR1_HT1_EC1:a8804fc163b2,WEN38,1,60004,4,PR1_HT1_EC1,cf9bc95d906238978e0c5ab26a1947d4104e026d3bac972323bf05453ec86ca7,benchmark,original,Full,2000,planning,47,2.744090924338845,86144.16666666667,-0.0
WEN38:i1:nsga2:s60004:r4:PR1_HT1_EC1:a8804fc163b2,WEN38,1,60004,4,PR1_HT1_EC1,cf9bc95d906238978e0c5ab26a1947d4104e026d3bac972323bf05453ec86ca7,benchmark,original,Full,2000,planning,48,2.74409092433842,92475.16666666667,-0.2798237330835036
WEN38:i1:nsga2:s60004:r4:PR1_HT1_EC1:a8804fc163b2,WEN38,1,60004,4,PR1_HT1_EC1,cf9bc95d906238978e0c5ab26a1947d4104e026d3bac972323bf05453ec86ca7,benchmark,original,Full,2000,planning,49,2.7911320299379687,88944.5,-0.2798237330835036
WEN38:i1:nsga2:s60004:r4:PR1_HT1_EC1:a8804fc163b2,WEN38,1,60004,4,PR1_HT1_EC1,cf9bc95d906238978e0c5ab26a1947d4104e026d3bac972323bf05453ec86ca7,benchmark,original,Full,2000,planning,50,2.8538535040697326,94075.16666666667,-0.3385371494669016
WEN38:i1:nsga2:s60004:r4:PR1_HT1_EC1:a8804fc163b2,WEN38,1,60004,4,PR1_HT1_EC1,cf9bc95d906238978e0c5ab26a1947d4104e026d3bac972323bf05453ec86ca7,benchmark,original,Full,2000,planning,51,2.856511193651591,84450.0,-0.0
WEN38:i1:nsga2:s60004:r4:PR1_HT1_EC1:a8804fc163b2,WEN38,1,60004,4,PR1_HT1_EC1,cf9bc95d906238978e0c5ab26a1947d4104e026d3bac972323bf05453ec86ca7,benchmark,original,Full,2000,planning,52,2.879544503360993,84517.5,-0.2798237330835036
WEN38:i1:nsga2:s60004:r4:PR1_HT1_EC1:a8804fc163b2,WEN38,1,60004,4,PR1_HT1_EC1,cf9bc95d906238978e0c5ab26a1947d4104e026d3bac972323bf05453ec86ca7,benchmark,original,Full,2000,planning,53,3.0021525827375495,78818.0,-0.0
WEN38:i1:nsga2:s60000:r0:PR0_HT1_EC1:9081e514fb6f,WEN38,1,60000,0,PR0_HT1_EC1,cf9bc95d906238978e0c5ab26a1947d4104e026d3bac972323bf05453ec86ca7,benchmark,original,No-PR,5000,planning,0,2.4585044365317144,110634.0,-0.0
WEN38:i1:nsga2:s60000:r0:PR0_HT1_EC1:9081e514fb6f,WEN38,1,60000,0,PR0_HT1_EC1,cf9bc95d906238978e0c5ab26a1947d4104e026d3bac972323bf05453ec86ca7,benchmark,original,No-PR,5000,planning,1,2.458858795142793,95419.0,-0.0
WEN38:i1:nsga2:s60000:r0:PR0_HT1_EC1:9081e514fb6f,WEN38,1,60000,0,PR0_HT1_EC1,cf9bc95d906238978e0c5ab26a1947d4104e026d3bac972323bf05453ec86ca7,benchmark,original,No-PR,5000,planning,2,2.462048022641092,94629.5,-0.0
WEN38:i1:nsga2:s60000:r0:PR0_HT1_EC1:9081e514fb6f,WEN38,1,60000,0,PR0_HT1_EC1,cf9bc95d906238978e0c5ab26a1947d4104e026d3bac972323bf05453ec86ca7,benchmark,original,No-PR,5000,planning,3,2.4621936669464803,91106.0,-0.0
WEN38:i1:nsga2:s60000:r0:PR0_HT1_EC1:9081e514fb6f,WEN38,1,60000,0,PR0_HT1_EC1,cf9bc95d906238978e0c5ab26a1947d4104e026d3bac972323bf05453ec86ca7,benchmark,original,No-PR,5000,planning,4,2.464851356528351,90923.0,-0.0
WEN38:i1:nsga2:s60000:r0:PR0_HT1_EC1:9081e514fb6f,WEN38,1,60000,0,PR0_HT1_EC1,cf9bc95d906238978e0c5ab26a1947d4104e026d3bac972323bf05453ec86ca7,benchmark,original,No-PR,5000,planning,5,2.4661802013192657,86707.0,-0.0
WEN38:i1:nsga2:s60000:r0:PR0_HT1_EC1:9081e514fb6f,WEN38,1,60000,0,PR0_HT1_EC1,cf9bc95d906238978e0c5ab26a1947d4104e026d3bac972323bf05453ec86ca7,benchmark,original,No-PR,5000,planning,6,2.4718010147833516,116519.5,-0.044676409188468824
WEN38:i1:nsga2:s60000:r0:PR0_HT1_EC1:9081e514fb6f,WEN38,1,60000,0,PR0_HT1_EC1,cf9bc95d906238978e0c5ab26a1947d4104e026d3bac972323bf05453ec86ca7,benchmark,original,No-PR,5000,planning,7,2.4727924819467315,99354.0,-0.044676409188468824
WEN38:i1:nsga2:s60000:r0:PR0_HT1_EC1:9081e514fb6f,WEN38,1,60000,0,PR0_HT1_EC1,cf9bc95d906238978e0c5ab26a1947d4104e026d3bac972323bf05453ec86ca7,benchmark,original,No-PR,5000,planning,8,2.476839760398714,125711.0,-0.06267922982624441
WEN38:i1:nsga2:s60000:r0:PR0_HT1_EC1:9081e514fb6f,WEN38,1,60000,0,PR0_HT1_EC1,cf9bc95d906238978e0c5ab26a1947d4104e026d3bac972323bf05453ec86ca7,benchmark,original,No-PR,5000,planning,9,2.476842494647258,109813.0,-0.06267922982624441
WEN38:i1:nsga2:s60000:r0:PR0_HT1_EC1:9081e514fb6f,WEN38,1,60000,0,PR0_HT1_EC1,cf9bc95d906238978e0c5ab26a1947d4104e026d3bac972323bf05453ec86ca7,benchmark,original,No-PR,5000,planning,10,2.480646685022884,104818.0,-0.06267922982624441
WEN38:i1:nsga2:s60000:r0:PR0_HT1_EC1:9081e514fb6f,WEN38,1,60000,0,PR0_HT1_EC1,cf9bc95d906238978e0c5ab26a1947d4104e026d3bac972323bf05453ec86ca7,benchmark,original,No-PR,5000,planning,11,2.4891564563759765,85974.0,-0.0
WEN38:i1:nsga2:s60000:r0:PR0_HT1_EC1:9081e514fb6f,WEN38,1,60000,0,PR0_HT1_EC1,cf9bc95d906238978e0c5ab26a1947d4104e026d3bac972323bf05453ec86ca7,benchmark,original,No-PR,5000,planning,12,2.4897479654768304,85391.5,-0.0
WEN38:i1:nsga2:s60000:r0:PR0_HT1_EC1:9081e514fb6f,WEN38,1,60000,0,PR0_HT1_EC1,cf9bc95d906238978e0c5ab26a1947d4104e026d3bac972323bf05453ec86ca7,benchmark,original,No-PR,5000,planning,13,2.4898336385977826,84769.0,-0.0
WEN38:i1:nsga2:s60000:r0:PR0_HT1_EC1:9081e514fb6f,WEN38,1,60000,0,PR0_HT1_EC1,cf9bc95d906238978e0c5ab26a1947d4104e026d3bac972323bf05453ec86ca7,benchmark,original,No-PR,5000,planning,14,2.490928249430798,83785.0,-0.0
WEN38:i1:nsga2:s60000:r0:PR0_HT1_EC1:9081e514fb6f,WEN38,1,60000,0,PR0_HT1_EC1,cf9bc95d906238978e0c5ab26a1947d4104e026d3bac972323bf05453ec86ca7,benchmark,original,No-PR,5000,planning,15,2.5002366373322022,116859.0,-0.15353311136004777
WEN38:i1:nsga2:s60000:r0:PR0_HT1_EC1:9081e514fb6f,WEN38,1,60000,0,PR0_HT1_EC1,cf9bc95d906238978e0c5ab26a1947d4104e026d3bac972323bf05453ec86ca7,benchmark,original,No-PR,5000,planning,16,2.5005494816957157,115039.0,-0.15353311136004777
WEN38:i1:nsga2:s60000:r0:PR0_HT1_EC1:9081e514fb6f,WEN38,1,60000,0,PR0_HT1_EC1,cf9bc95d906238978e0c5ab26a1947d4104e026d3bac972323bf05453ec86ca7,benchmark,original,No-PR,5000,planning,17,2.505279773173258,108716.0,-0.17161477190711594
WEN38:i1:nsga2:s60000:r0:PR0_HT1_EC1:9081e514fb6f,WEN38,1,60000,0,PR0_HT1_EC1,cf9bc95d906238978e0c5ab26a1947d4104e026d3bac972323bf05453ec86ca7,benchmark,original,No-PR,5000,planning,18,2.50855485607551,124281.0,-0.1825652018596884
WEN38:i1:nsga2:s60000:r0:PR0_HT1_EC1:9081e514fb6f,WEN38,1,60000,0,PR0_HT1_EC1,cf9bc95d906238978e0c5ab26a1947d4104e026d3bac972323bf05453ec86ca7,benchmark,original,No-PR,5000,planning,19,2.5089978043391525,116003.0,-0.1825652018596884
WEN38:i1:nsga2:s60000:r0:PR0_HT1_EC1:9081e514fb6f,WEN38,1,60000,0,PR0_HT1_EC1,cf9bc95d906238978e0c5ab26a1947d4104e026d3bac972323bf05453ec86ca7,benchmark,original,No-PR,5000,planning,20,2.5188339900410366,96863.0,-0.06267922982624441
WEN38:i1:nsga2:s60000:r0:PR0_HT1_EC1:9081e514fb6f,WEN38,1,60000,0,PR0_HT1_EC1,cf9bc95d906238978e0c5ab26a1947d4104e026d3bac972323bf05453ec86ca7,benchmark,original,No-PR,5000,planning,21,2.519631296914615,103280.0,-0.23350083752302453
WEN38:i1:nsga2:s60000:r0:PR0_HT1_EC1:9081e514fb6f,WEN38,1,60000,0,PR0_HT1_EC1,cf9bc95d906238978e0c5ab26a1947d4104e026d3bac972323bf05453ec86ca7,benchmark,original,No-PR,5000,planning,22,2.5206057830948794,99814.0,-0.23350083752302453
WEN38:i1:nsga2:s60000:r0:PR0_HT1_EC1:9081e514fb6f,WEN38,1,60000,0,PR0_HT1_EC1,cf9bc95d906238978e0c5ab26a1947d4104e026d3bac972323bf05453ec86ca7,benchmark,original,No-PR,5000,planning,23,2.5248265514255337,81447.5,-0.0
WEN38:i1:nsga2:s60000:r0:PR0_HT1_EC1:9081e514fb6f,WEN38,1,60000,0,PR0_HT1_EC1,cf9bc95d906238978e0c5ab26a1947d4104e026d3bac972323bf05453ec86ca7,benchmark,original,No-PR,5000,planning,24,2.528281547881945,79331.0,-0.0
WEN38:i1:nsga2:s60000:r0:PR0_HT1_EC1:9081e514fb6f,WEN38,1,60000,0,PR0_HT1_EC1,cf9bc95d906238978e0c5ab26a1947d4104e026d3bac972323bf05453ec86ca7,benchmark,original,No-PR,5000,planning,25,2.528933210451605,107550.0,-0.24338624338815862
WEN38:i1:nsga2:s60000:r0:PR0_HT1_EC1:9081e514fb6f,WEN38,1,60000,0,PR0_HT1_EC1,cf9bc95d906238978e0c5ab26a1947d4104e026d3bac972323bf05453ec86ca7,benchmark,original,No-PR,5000,planning,26,2.529433213368125,89228.0,-0.23350083752302453
WEN38:i1:nsga2:s60000:r0:PR0_HT1_EC1:9081e514fb6f,WEN38,1,60000,0,PR0_HT1_EC1,cf9bc95d906238978e0c5ab26a1947d4104e026d3bac972323bf05453ec86ca7,benchmark,original,No-PR,5000,planning,27,2.5328882098245495,107291.5,-0.25253185233759723
WEN38:i1:nsga2:s60000:r0:PR0_HT1_EC1:9081e514fb6f,WEN38,1,60000,0,PR0_HT1_EC1,cf9bc95d906238978e0c5ab26a1947d4104e026d3bac972323bf05453ec86ca7,benchmark,original,No-PR,5000,planning,28,2.536374741280798,87095.0,-0.15353311136004777
WEN38:i1:nsga2:s60000:r0:PR0_HT1_EC1:9081e514fb6f,WEN38,1,60000,0,PR0_HT1_EC1,cf9bc95d906238978e0c5ab26a1947d4104e026d3bac972323bf05453ec86ca7,benchmark,original,No-PR,5000,planning,29,2.5382351239880663,121737.0,-0.27640733712996735
WEN38:i1:nsga2:s60000:r0:PR0_HT1_EC1:9081e514fb6f,WEN38,1,60000,0,PR0_HT1_EC1,cf9bc95d906238978e0c5ab26a1947d4104e026d3bac972323bf05453ec86ca7,benchmark,original,No-PR,5000,planning,30,2.5386108178083058,133278.0,-0.2780056800274906
WEN38:i1:nsga2:s60000:r0:PR0_HT1_EC1:9081e514fb6f,WEN38,1,60000,0,PR0_HT1_EC1,cf9bc95d906238978e0c5ab26a1947d4104e026d3bac972323bf05453ec86ca7,benchmark,original,No-PR,5000,planning,31,2.540890079321546,120542.0,-0.2780056800274906
WEN38:i1:nsga2:s60000:r0:PR0_HT1_EC1:9081e514fb6f,WEN38,1,60000,0,PR0_HT1_EC1,cf9bc95d906238978e0c5ab26a1947d4104e026d3bac972323bf05453ec86ca7,benchmark,original,No-PR,5000,planning,32,2.5411585825281353,119363.0,-0.27640733712996735
WEN38:i1:nsga2:s60000:r0:PR0_HT1_EC1:9081e514fb6f,WEN38,1,60000,0,PR0_HT1_EC1,cf9bc95d906238978e0c5ab26a1947d4104e026d3bac972323bf05453ec86ca7,benchmark,original,No-PR,5000,planning,33,2.541481406139277,116734.0,-0.2673711175175413
WEN38:i1:nsga2:s60000:r0:PR0_HT1_EC1:9081e514fb6f,WEN38,1,60000,0,PR0_HT1_EC1,cf9bc95d906238978e0c5ab26a1947d4104e026d3bac972323bf05453ec86ca7,benchmark,original,No-PR,5000,planning,34,2.542672627086903,117759.0,-0.27640733712996735
WEN38:i1:nsga2:s60000:r0:PR0_HT1_EC1:9081e514fb6f,WEN38,1,60000,0,PR0_HT1_EC1,cf9bc95d906238978e0c5ab26a1947d4104e026d3bac972323bf05453ec86ca7,benchmark,original,No-PR,5000,planning,35,2.54310482063973,113150.5,-0.2780056800274906
WEN38:i1:nsga2:s60000:r0:PR0_HT1_EC1:9081e514fb6f,WEN38,1,60000,0,PR0_HT1_EC1,cf9bc95d906238978e0c5ab26a1947d4104e026d3bac972323bf05453ec86ca7,benchmark,original,No-PR,5000,planning,36,2.5590031391618195,84467.0,-0.15353311136004777
WEN38:i1:nsga2:s60000:r0:PR0_HT1_EC1:9081e514fb6f,WEN38,1,60000,0,PR0_HT1_EC1,cf9bc95d906238978e0c5ab26a1947d4104e026d3bac972323bf05453ec86ca7,benchmark,original,No-PR,5000,planning,37,2.5599995600912404,101693.0,-0.2573839662463797
WEN38:i1:nsga2:s60000:r0:PR0_HT1_EC1:9081e514fb6f,WEN38,1,60000,0,PR0_HT1_EC1,cf9bc95d906238978e0c5ab26a1947d4104e026d3bac972323bf05453ec86ca7,benchmark,original,No-PR,5000,planning,38,2.5600662149945617,101737.0,-0.32347723240854975
WEN38:i1:nsga2:s60000:r0:PR0_HT1_EC1:9081e514fb6f,WEN38,1,60000,0,PR0_HT1_EC1,cf9bc95d906238978e0c5ab26a1947d4104e026d3bac972323bf05453ec86ca7,benchmark,original,No-PR,5000,planning,39,2.5607053607814336,75211.5,-0.0
WEN38:i1:nsga2:s60000:r0:PR0_HT1_EC1:9081e514fb6f,WEN38,1,60000,0,PR0_HT1_EC1,cf9bc95d906238978e0c5ab26a1947d4104e026d3bac972323bf05453ec86ca7,benchmark,original,No-PR,5000,planning,40,2.5619456159209406,81365.0,-0.06267922982624441
WEN38:i1:nsga2:s60000:r0:PR0_HT1_EC1:9081e514fb6f,WEN38,1,60000,0,PR0_HT1_EC1,cf9bc95d906238978e0c5ab26a1947d4104e026d3bac972323bf05453ec86ca7,benchmark,original,No-PR,5000,planning,41,2.5622286993789865,119417.0,-0.33313902652480465
WEN38:i1:nsga2:s60000:r0:PR0_HT1_EC1:9081e514fb6f,WEN38,1,60000,0,PR0_HT1_EC1,cf9bc95d906238978e0c5ab26a1947d4104e026d3bac972323bf05453ec86ca7,benchmark,original,No-PR,5000,planning,42,2.562597278488405,94401.0,-0.32347723240854975
WEN38:i1:nsga2:s60000:r0:PR0_HT1_EC1:9081e514fb6f,WEN38,1,60000,0,PR0_HT1_EC1,cf9bc95d906238978e0c5ab26a1947d4104e026d3bac972323bf05453ec86ca7,benchmark,original,No-PR,5000,planning,43,2.5636345402879117,100041.0,-0.33313902652480465
WEN38:i1:nsga2:s60000:r0:PR0_HT1_EC1:9081e514fb6f,WEN38,1,60000,0,PR0_HT1_EC1,cf9bc95d906238978e0c5ab26a1947d4104e026d3bac972323bf05453ec86ca7,benchmark,original,No-PR,5000,planning,44,2.565901891274833,98209.0,-0.33700376702563517
WEN38:i1:nsga2:s60000:r0:PR0_HT1_EC1:9081e514fb6f,WEN38,1,60000,0,PR0_HT1_EC1,cf9bc95d906238978e0c5ab26a1947d4104e026d3bac972323bf05453ec86ca7,benchmark,original,No-PR,5000,planning,45,2.5702159886230804,117584.0,-0.3444126074518863
WEN38:i1:nsga2:s60000:r0:PR0_HT1_EC1:9081e514fb6f,WEN38,1,60000,0,PR0_HT1_EC1,cf9bc95d906238978e0c5ab26a1947d4104e026d3bac972323bf05453ec86ca7,benchmark,original,No-PR,5000,planning,46,2.57204775286229,111248.0,-0.3444126074518863
WEN38:i1:nsga2:s60000:r0:PR0_HT1_EC1:9081e514fb6f,WEN38,1,60000,0,PR0_HT1_EC1,cf9bc95d906238978e0c5ab26a1947d4104e026d3bac972323bf05453ec86ca7,benchmark,original,No-PR,5000,planning,47,2.572605174998201,119816.0,-0.3512900482010082
WEN38:i1:nsga2:s60000:r0:PR0_HT1_EC1:9081e514fb6f,WEN38,1,60000,0,PR0_HT1_EC1,cf9bc95d906238978e0c5ab26a1947d4104e026d3bac972323bf05453ec86ca7,benchmark,original,No-PR,5000,planning,48,2.572873678204931,117515.0,-0.3500000000012733
WEN38:i1:nsga2:s60000:r0:PR0_HT1_EC1:9081e514fb6f,WEN38,1,60000,0,PR0_HT1_EC1,cf9bc95d906238978e0c5ab26a1947d4104e026d3bac972323bf05453ec86ca7,benchmark,original,No-PR,5000,planning,49,2.574376968052743,109027.0,-0.3512900482010082
WEN38:i1:nsga2:s60000:r0:PR0_HT1_EC1:9081e514fb6f,WEN38,1,60000,0,PR0_HT1_EC1,cf9bc95d906238978e0c5ab26a1947d4104e026d3bac972323bf05453ec86ca7,benchmark,original,No-PR,5000,planning,50,2.57479111556526,89706.0,-0.2780056800274906
WEN38:i1:nsga2:s60000:r0:PR0_HT1_EC1:9081e514fb6f,WEN38,1,60000,0,PR0_HT1_EC1,cf9bc95d906238978e0c5ab26a1947d4104e026d3bac972323bf05453ec86ca7,benchmark,original,No-PR,5000,planning,51,2.580198827612789,141310.0,-0.36097071993026475
WEN38:i1:nsga2:s60000:r0:PR0_HT1_EC1:9081e514fb6f,WEN38,1,60000,0,PR0_HT1_EC1,cf9bc95d906238978e0c5ab26a1947d4104e026d3bac972323bf05453ec86ca7,benchmark,original,No-PR,5000,planning,52,2.5907457436260524,125624.0,-0.36097071993026475
WEN38:i1:nsga2:s60000:r0:PR0_HT1_EC1:9081e514fb6f,WEN38,1,60000,0,PR0_HT1_EC1,cf9bc95d906238978e0c5ab26a1947d4104e026d3bac972323bf05453ec86ca7,benchmark,original,No-PR,5000,planning,53,2.5909775724105315,138250.0,-0.3609922691130123
WEN38:i1:nsga2:s60000:r0:PR0_HT1_EC1:9081e514fb6f,WEN38,1,60000,0,PR0_HT1_EC1,cf9bc95d906238978e0c5ab26a1947d4104e026d3bac972323bf05453ec86ca7,benchmark,original,No-PR,5000,planning,54,2.5919181077486995,143262.0,-0.36117549499158486
WEN38:i1:nsga2:s60000:r0:PR0_HT1_EC1:9081e514fb6f,WEN38,1,60000,0,PR0_HT1_EC1,cf9bc95d906238978e0c5ab26a1947d4104e026d3bac972323bf05453ec86ca7,benchmark,original,No-PR,5000,planning,55,2.59249276214173,82663.0,-0.15353311136004777
WEN38:i1:nsga2:s60000:r0:PR0_HT1_EC1:9081e514fb6f,WEN38,1,60000,0,PR0_HT1_EC1,cf9bc95d906238978e0c5ab26a1947d4104e026d3bac972323bf05453ec86ca7,benchmark,original,No-PR,5000,planning,56,2.594106576391706,84812.0,-0.15975027543390752
WEN38:i1:nsga2:s60000:r0:PR0_HT1_EC1:9081e514fb6f,WEN38,1,60000,0,PR0_HT1_EC1,cf9bc95d906238978e0c5ab26a1947d4104e026d3bac972323bf05453ec86ca7,benchmark,original,No-PR,5000,planning,57,2.594843912081563,117609.0,-0.39614674056610966
WEN38:i1:nsga2:s60000:r0:PR0_HT1_EC1:9081e514fb6f,WEN38,1,60000,0,PR0_HT1_EC1,cf9bc95d906238978e0c5ab26a1947d4104e026d3bac972323bf05453ec86ca7,benchmark,original,No-PR,5000,planning,58,2.5967042947888928,117328.0,-0.39614674056610966
WEN38:i1:nsga2:s60000:r0:PR0_HT1_EC1:9081e514fb6f,WEN38,1,60000,0,PR0_HT1_EC1,cf9bc95d906238978e0c5ab26a1947d4104e026d3bac972323bf05453ec86ca7,benchmark,original,No-PR,5000,planning,59,2.6000391665927394,73037.0,-0.0
WEN38:i1:nsga2:s60000:r0:PR0_HT1_EC1:9081e514fb6f,WEN38,1,60000,0,PR0_HT1_EC1,cf9bc95d906238978e0c5ab26a1947d4104e026d3bac972323bf05453ec86ca7,benchmark,original,No-PR,5000,planning,60,2.6001817480747205,110206.0,-0.39614674056520016
WEN38:i1:nsga2:s60000:r0:PR0_HT1_EC1:9081e514fb6f,WEN38,1,60000,0,PR0_HT1_EC1,cf9bc95d906238978e0c5ab26a1947d4104e026d3bac972323bf05453ec86ca7,benchmark,original,No-PR,5000,planning,61,2.6005707045090913,87046.0,-0.39614674056610966
WEN38:i1:nsga2:s60000:r0:PR0_HT1_EC1:9081e514fb6f,WEN38,1,60000,0,PR0_HT1_EC1,cf9bc95d906238978e0c5ab26a1947d4104e026d3bac972323bf05453ec86ca7,benchmark,original,No-PR,5000,planning,62,2.6011022424257697,79832.5,-0.33313902652480465
WEN38:i1:nsga2:s60000:r0:PR0_HT1_EC1:9081e514fb6f,WEN38,1,60000,0,PR0_HT1_EC1,cf9bc95d906238978e0c5ab26a1947d4104e026d3bac972323bf05453ec86ca7,benchmark,original,No-PR,5000,planning,63,2.60287695201158,123551.5,-0.40540540540678194
WEN38:i1:nsga2:s60000:r0:PR0_HT1_EC1:9081e514fb6f,WEN38,1,60000,0,PR0_HT1_EC1,cf9bc95d906238978e0c5ab26a1947d4104e026d3bac972323bf05453ec86ca7,benchmark,original,No-PR,5000,planning,64,2.6037628485390822,108868.0,-0.40540540540678194
WEN38:i1:nsga2:s60000:r0:PR0_HT1_EC1:9081e514fb6f,WEN38,1,60000,0,PR0_HT1_EC1,cf9bc95d906238978e0c5ab26a1947d4104e026d3bac972323bf05453ec86ca7,benchmark,original,No-PR,5000,planning,65,2.623024475049945,124940.0,-0.437975927291518
WEN38:i1:nsga2:s60000:r0:PR0_HT1_EC1:9081e514fb6f,WEN38,1,60000,0,PR0_HT1_EC1,cf9bc95d906238978e0c5ab26a1947d4104e026d3bac972323bf05453ec86ca7,benchmark,original,No-PR,5000,planning,66,2.623321961291242,74792.0,-0.25253185233759723
WEN38:i1:nsga2:s60000:r0:PR0_HT1_EC1:9081e514fb6f,WEN38,1,60000,0,PR0_HT1_EC1,cf9bc95d906238978e0c5ab26a1947d4104e026d3bac972323bf05453ec86ca7,benchmark,original,No-PR,5000,planning,67,2.626084524495201,79355.0,-0.33313902652480465
WEN38:i1:nsga2:s60000:r0:PR0_HT1_EC1:9081e514fb6f,WEN38,1,60000,0,PR0_HT1_EC1,cf9bc95d906238978e0c5ab26a1947d4104e026d3bac972323bf05453ec86ca7,benchmark,original,No-PR,5000,planning,68,2.6616405102388683,92600.0,-0.4019864087831593
WEN38:i1:nsga2:s60000:r0:PR0_HT1_EC1:9081e514fb6f,WEN38,1,60000,0,PR0_HT1_EC1,cf9bc95d906238978e0c5ab26a1947d4104e026d3bac972323bf05453ec86ca7,benchmark,original,No-PR,5000,planning,69,2.661944315632314,72068.0,-0.0
WEN38:i1:nsga2:s60000:r0:PR0_HT1_EC1:9081e514fb6f,WEN38,1,60000,0,PR0_HT1_EC1,cf9bc95d906238978e0c5ab26a1947d4104e026d3bac972323bf05453ec86ca7,benchmark,original,No-PR,5000,planning,70,2.6620834585025106,89738.0,-0.4019864087831593
WEN38:i1:nsga2:s60000:r0:PR0_HT1_EC1:9081e514fb6f,WEN38,1,60000,0,PR0_HT1_EC1,cf9bc95d906238978e0c5ab26a1947d4104e026d3bac972323bf05453ec86ca7,benchmark,original,No-PR,5000,planning,71,2.6638552515570817,89530.0,-0.4019864087831593
WEN38:i1:nsga2:s60000:r0:PR0_HT1_EC1:9081e514fb6f,WEN38,1,60000,0,PR0_HT1_EC1,cf9bc95d906238978e0c5ab26a1947d4104e026d3bac972323bf05453ec86ca7,benchmark,original,No-PR,5000,planning,72,2.663912306209747,76943.0,-0.2847764926555101
WEN38:i1:nsga2:s60000:r0:PR0_HT1_EC1:9081e514fb6f,WEN38,1,60000,0,PR0_HT1_EC1,cf9bc95d906238978e0c5ab26a1947d4104e026d3bac972323bf05453ec86ca7,benchmark,original,No-PR,5000,planning,73,2.6647411480843672,85906.0,-0.4019864087831593
WEN38:i1:nsga2:s60000:r0:PR0_HT1_EC1:9081e514fb6f,WEN38,1,60000,0,PR0_HT1_EC1,cf9bc95d906238978e0c5ab26a1947d4104e026d3bac972323bf05453ec86ca7,benchmark,original,No-PR,5000,planning,74,2.6731019940341234,99054.0,-0.4140845070432988
WEN38:i1:nsga2:s60000:r0:PR0_HT1_EC1:9081e514fb6f,WEN38,1,60000,0,PR0_HT1_EC1,cf9bc95d906238978e0c5ab26a1947d4104e026d3bac972323bf05453ec86ca7,benchmark,original,No-PR,5000,planning,75,2.6788269028681944,94410.0,-0.4349222030141391
WEN38:i1:nsga2:s60000:r0:PR0_HT1_EC1:9081e514fb6f,WEN38,1,60000,0,PR0_HT1_EC1,cf9bc95d906238978e0c5ab26a1947d4104e026d3bac972323bf05453ec86ca7,benchmark,original,No-PR,5000,planning,76,2.6825161332836798,71158.0,-0.07405908539294614
WEN38:i1:nsga2:s60000:r0:PR0_HT1_EC1:9081e514fb6f,WEN38,1,60000,0,PR0_HT1_EC1,cf9bc95d906238978e0c5ab26a1947d4104e026d3bac972323bf05453ec86ca7,benchmark,original,No-PR,5000,planning,77,2.692441090920319,112053.5,-0.4453333333340197
WEN38:i1:nsga2:s60000:r0:PR0_HT1_EC1:9081e514fb6f,WEN38,1,60000,0,PR0_HT1_EC1,cf9bc95d906238978e0c5ab26a1947d4104e026d3bac972323bf05453ec86ca7,benchmark,original,No-PR,5000,planning,78,2.693798554179307,85614.0,-0.4019864087831593
WEN38:i1:nsga2:s60000:r0:PR0_HT1_EC1:9081e514fb6f,WEN38,1,60000,0,PR0_HT1_EC1,cf9bc95d906238978e0c5ab26a1947d4104e026d3bac972323bf05453ec86ca7,benchmark,original,No-PR,5000,planning,79,2.693855608832198,92531.0,-0.4140845070432988
WEN38:i1:nsga2:s60000:r0:PR0_HT1_EC1:9081e514fb6f,WEN38,1,60000,0,PR0_HT1_EC1,cf9bc95d906238978e0c5ab26a1947d4104e026d3bac972323bf05453ec86ca7,benchmark,original,No-PR,5000,planning,80,2.6976459456818933,83932.5,-0.4066390041507475
WEN38:i1:nsga2:s60000:r0:PR0_HT1_EC1:9081e514fb6f,WEN38,1,60000,0,PR0_HT1_EC1,cf9bc95d906238978e0c5ab26a1947d4104e026d3bac972323bf05453ec86ca7,benchmark,original,No-PR,5000,planning,81,2.70838431187967,79733.0,-0.4349222030141391
WEN38:i1:nsga2:s60000:r0:PR0_HT1_EC1:9081e514fb6f,WEN38,1,60000,0,PR0_HT1_EC1,cf9bc95d906238978e0c5ab26a1947d4104e026d3bac972323bf05453ec86ca7,benchmark,original,No-PR,5000,planning,82,2.716889100826288,72497.5,-0.15353311136004777
WEN38:i1:nsga2:s60000:r0:PR0_HT1_EC1:9081e514fb6f,WEN38,1,60000,0,PR0_HT1_EC1,cf9bc95d906238978e0c5ab26a1947d4104e026d3bac972323bf05453ec86ca7,benchmark,original,No-PR,5000,planning,83,2.71804556643552,100004.0,-0.45354669214339083
WEN38:i1:nsga2:s60000:r0:PR0_HT1_EC1:9081e514fb6f,WEN38,1,60000,0,PR0_HT1_EC1,cf9bc95d906238978e0c5ab26a1947d4104e026d3bac972323bf05453ec86ca7,benchmark,original,No-PR,5000,planning,84,2.719551590531905,109684.0,-0.4932447397568467
WEN38:i1:nsga2:s60000:r0:PR0_HT1_EC1:9081e514fb6f,WEN38,1,60000,0,PR0_HT1_EC1,cf9bc95d906238978e0c5ab26a1947d4104e026d3bac972323bf05453ec86ca7,benchmark,original,No-PR,5000,planning,85,2.7227673706215203,94897.0,-0.45354669214339083
WEN38:i1:nsga2:s60000:r0:PR0_HT1_EC1:9081e514fb6f,WEN38,1,60000,0,PR0_HT1_EC1,cf9bc95d906238978e0c5ab26a1947d4104e026d3bac972323bf05453ec86ca7,benchmark,original,No-PR,5000,planning,86,2.7232103188851635,89065.0,-0.45354669214339083
WEN38:i1:nsga2:s60000:r0:PR0_HT1_EC1:9081e514fb6f,WEN38,1,60000,0,PR0_HT1_EC1,cf9bc95d906238978e0c5ab26a1947d4104e026d3bac972323bf05453ec86ca7,benchmark,original,No-PR,5000,planning,87,2.7306203147150097,102185.5,-0.46328876378265704
WEN38:i1:nsga2:s60000:r0:PR0_HT1_EC1:9081e514fb6f,WEN38,1,60000,0,PR0_HT1_EC1,cf9bc95d906238978e0c5ab26a1947d4104e026d3bac972323bf05453ec86ca7,benchmark,original,No-PR,5000,planning,88,2.734679154770941,92912.0,-0.476430205950237
WEN38:i1:nsga2:s60000:r0:PR0_HT1_EC1:9081e514fb6f,WEN38,1,60000,0,PR0_HT1_EC1,cf9bc95d906238978e0c5ab26a1947d4104e026d3bac972323bf05453ec86ca7,benchmark,original,No-PR,5000,planning,89,2.737916201238093,92144.0,-0.476430205950237
WEN38:i1:nsga2:s60000:r0:PR0_HT1_EC1:9081e514fb6f,WEN38,1,60000,0,PR0_HT1_EC1,cf9bc95d906238978e0c5ab26a1947d4104e026d3bac972323bf05453ec86ca7,benchmark,original,No-PR,5000,planning,90,2.7416777373365426,80738.0,-0.4808259587034627
WEN38:i1:nsga2:s60000:r0:PR0_HT1_EC1:9081e514fb6f,WEN38,1,60000,0,PR0_HT1_EC1,cf9bc95d906238978e0c5ab26a1947d4104e026d3bac972323bf05453ec86ca7,benchmark,original,No-PR,5000,planning,91,2.7427620795467673,112122.0,-0.5210383085623107
WEN38:i1:nsga2:s60000:r0:PR0_HT1_EC1:9081e514fb6f,WEN38,1,60000,0,PR0_HT1_EC1,cf9bc95d906238978e0c5ab26a1947d4104e026d3bac972323bf05453ec86ca7,benchmark,original,No-PR,5000,planning,92,2.7428772217908852,103125.0,-0.5210383085623107
WEN38:i1:nsga2:s60000:r0:PR0_HT1_EC1:9081e514fb6f,WEN38,1,60000,0,PR0_HT1_EC1,cf9bc95d906238978e0c5ab26a1947d4104e026d3bac972323bf05453ec86ca7,benchmark,original,No-PR,5000,planning,93,2.743181027184332,102265.0,-0.5210383085623107
WEN38:i1:nsga2:s60000:r0:PR0_HT1_EC1:9081e514fb6f,WEN38,1,60000,0,PR0_HT1_EC1,cf9bc95d906238978e0c5ab26a1947d4104e026d3bac972323bf05453ec86ca7,benchmark,original,No-PR,5000,planning,94,2.7447413716850653,98690.0,-0.5210383085623107
WEN38:i1:nsga2:s60000:r0:PR0_HT1_EC1:9081e514fb6f,WEN38,1,60000,0,PR0_HT1_EC1,cf9bc95d906238978e0c5ab26a1947d4104e026d3bac972323bf05453ec86ca7,benchmark,original,No-PR,5000,planning,95,2.7482546380159336,96242.0,-0.492457852707048
WEN38:i1:nsga2:s60000:r0:PR0_HT1_EC1:9081e514fb6f,WEN38,1,60000,0,PR0_HT1_EC1,cf9bc95d906238978e0c5ab26a1947d4104e026d3bac972323bf05453ec86ca7,benchmark,original,No-PR,5000,planning,96,2.75492541456196,94008.0,-0.4965896589665135
WEN38:i1:nsga2:s60000:r0:PR0_HT1_EC1:9081e514fb6f,WEN38,1,60000,0,PR0_HT1_EC1,cf9bc95d906238978e0c5ab26a1947d4104e026d3bac972323bf05453ec86ca7,benchmark,original,No-PR,5000,planning,97,2.7663219447648224,74367.0,-0.1825652018596884
WEN38:i1:nsga2:s60000:r0:PR0_HT1_EC1:9081e514fb6f,WEN38,1,60000,0,PR0_HT1_EC1,cf9bc95d906238978e0c5ab26a1947d4104e026d3bac972323bf05453ec86ca7,benchmark,original,No-PR,5000,planning,98,2.773440651983053,68627.0,-0.0
WEN38:i1:nsga2:s60000:r0:PR0_HT1_EC1:9081e514fb6f,WEN38,1,60000,0,PR0_HT1_EC1,cf9bc95d906238978e0c5ab26a1947d4104e026d3bac972323bf05453ec86ca7,benchmark,original,No-PR,5000,planning,99,2.7818251339912976,83632.0,-0.4965896589665135
WEN38:i1:nsga2:s60000:r0:PR0_HT1_EC1:9081e514fb6f,WEN38,1,60000,0,PR0_HT1_EC1,cf9bc95d906238978e0c5ab26a1947d4104e026d3bac972323bf05453ec86ca7,benchmark,original,No-PR,5000,planning,100,2.7841121809933433,82638.0,-0.4965896589665135
WEN38:i1:nsga2:s60000:r0:PR0_HT1_EC1:9081e514fb6f,WEN38,1,60000,0,PR0_HT1_EC1,cf9bc95d906238978e0c5ab26a1947d4104e026d3bac972323bf05453ec86ca7,benchmark,original,No-PR,5000,planning,101,2.784925771836929,81726.0,-0.4965896589665135
WEN38:i1:nsga2:s60000:r0:PR0_HT1_EC1:9081e514fb6f,WEN38,1,60000,0,PR0_HT1_EC1,cf9bc95d906238978e0c5ab26a1947d4104e026d3bac972323bf05453ec86ca7,benchmark,original,No-PR,5000,planning,102,2.8371936669467326,92035.0,-0.5544303797469183
WEN38:i1:nsga2:s60000:r0:PR0_HT1_EC1:9081e514fb6f,WEN38,1,60000,0,PR0_HT1_EC1,cf9bc95d906238978e0c5ab26a1947d4104e026d3bac972323bf05453ec86ca7,benchmark,original,No-PR,5000,planning,103,2.8504821148571353,73680.0,-0.3926201221147494
WEN38:i1:nsga2:s60000:r0:PR0_HT1_EC1:9081e514fb6f,WEN38,1,60000,0,PR0_HT1_EC1,cf9bc95d906238978e0c5ab26a1947d4104e026d3bac972323bf05453ec86ca7,benchmark,original,No-PR,5000,planning,104,2.9415522778622996,72416.0,-0.15353311136004777
WEN38:i1:nsga2:s60000:r0:PR0_HT1_EC1:9081e514fb6f,WEN38,1,60000,0,PR0_HT1_EC1,cf9bc95d906238978e0c5ab26a1947d4104e026d3bac972323bf05453ec86ca7,benchmark,original,No-PR,5000,planning,105,2.9692808391658327,71101.0,-0.39614674056610966
WEN38:i1:nsga2:s60000:r0:PR0_HT1_EC1:9081e514fb6f,WEN38,1,60000,0,PR0_HT1_EC1,cf9bc95d906238978e0c5ab26a1947d4104e026d3bac972323bf05453ec86ca7,benchmark,original,No-PR,5000,planning,106,2.9854927456155638,67235.0,-0.0
WEN38:i1:nsga2:s60000:r0:PR1_HT0_EC1:1639f57d8023,WEN38,1,60000,0,PR1_HT0_EC1,cf9bc95d906238978e0c5ab26a1947d4104e026d3bac972323bf05453ec86ca7,benchmark,original,No-HT,5000,planning,0,2.4576165322853303,131583.16666666666,-0.0
WEN38:i1:nsga2:s60000:r0:PR1_HT0_EC1:1639f57d8023,WEN38,1,60000,0,PR1_HT0_EC1,cf9bc95d906238978e0c5ab26a1947d4104e026d3bac972323bf05453ec86ca7,benchmark,original,No-HT,5000,planning,1,2.45833094139706,119786.0,-0.0
WEN38:i1:nsga2:s60000:r0:PR1_HT0_EC1:1639f57d8023,WEN38,1,60000,0,PR1_HT0_EC1,cf9bc95d906238978e0c5ab26a1947d4104e026d3bac972323bf05453ec86ca7,benchmark,original,No-HT,5000,planning,2,2.458348949237215,101557.0,-0.0
WEN38:i1:nsga2:s60000:r0:PR1_HT0_EC1:1639f57d8023,WEN38,1,60000,0,PR1_HT0_EC1,cf9bc95d906238978e0c5ab26a1947d4104e026d3bac972323bf05453ec86ca7,benchmark,original,No-HT,5000,planning,3,2.4583842585246094,98772.0,-0.0
WEN38:i1:nsga2:s60000:r0:PR1_HT0_EC1:1639f57d8023,WEN38,1,60000,0,PR1_HT0_EC1,cf9bc95d906238978e0c5ab26a1947d4104e026d3bac972323bf05453ec86ca7,benchmark,original,No-HT,5000,planning,4,2.45848595193352,122963.0,-0.5352471212627279
WEN38:i1:nsga2:s60000:r0:PR1_HT0_EC1:1639f57d8023,WEN38,1,60000,0,PR1_HT0_EC1,cf9bc95d906238978e0c5ab26a1947d4104e026d3bac972323bf05453ec86ca7,benchmark,original,No-HT,5000,planning,5,2.4585015795826966,126311.66666666667,-0.5911067084771275
WEN38:i1:nsga2:s60000:r0:PR1_HT0_EC1:1639f57d8023,WEN38,1,60000,0,PR1_HT0_EC1,cf9bc95d906238978e0c5ab26a1947d4104e026d3bac972323bf05453ec86ca7,benchmark,original,No-HT,5000,planning,6,2.4585407982705627,112862.33333333334,-0.5352835702415177
WEN38:i1:nsga2:s60000:r0:PR1_HT0_EC1:1639f57d8023,WEN38,1,60000,0,PR1_HT0_EC1,cf9bc95d906238978e0c5ab26a1947d4104e026d3bac972323bf05453ec86ca7,benchmark,original,No-HT,5000,planning,7,2.4586789857120532,111321.0,-0.5339426596328849
WEN38:i1:nsga2:s60000:r0:PR1_HT0_EC1:1639f57d8023,WEN38,1,60000,0,PR1_HT0_EC1,cf9bc95d906238978e0c5ab26a1947d4104e026d3bac972323bf05453ec86ca7,benchmark,original,No-HT,5000,planning,8,2.4594025525308805,100449.0,-0.4912158537490541
WEN38:i1:nsga2:s60000:r0:PR1_HT0_EC1:1639f57d8023,WEN38,1,60000,0,PR1_HT0_EC1,cf9bc95d906238978e0c5ab26a1947d4104e026d3bac972323bf05453ec86ca7,benchmark,original,No-HT,5000,planning,9,2.459519570983012,98311.33333333334,-0.0
WEN38:i1:nsga2:s60000:r0:PR1_HT0_EC1:1639f57d8023,WEN38,1,60000,0,PR1_HT0_EC1,cf9bc95d906238978e0c5ab26a1947d4104e026d3bac972323bf05453ec86ca7,benchmark,original,No-HT,5000,planning,10,2.45953749534919,119665.33333333334,-0.5432180001826055
WEN38:i1:nsga2:s60000:r0:PR1_HT0_EC1:1639f57d8023,WEN38,1,60000,0,PR1_HT0_EC1,cf9bc95d906238978e0c5ab26a1947d4104e026d3bac972323bf05453ec86ca7,benchmark,original,No-HT,5000,planning,11,2.459564882239463,110887.0,-0.5363430208926729
WEN38:i1:nsga2:s60000:r0:PR1_HT0_EC1:1639f57d8023,WEN38,1,60000,0,PR1_HT0_EC1,cf9bc95d906238978e0c5ab26a1947d4104e026d3bac972323bf05453ec86ca7,benchmark,original,No-HT,5000,planning,12,2.4596977781745455,127647.33333333334,-0.6006734408674674
WEN38:i1:nsga2:s60000:r0:PR1_HT0_EC1:1639f57d8023,WEN38,1,60000,0,PR1_HT0_EC1,cf9bc95d906238978e0c5ab26a1947d4104e026d3bac972323bf05453ec86ca7,benchmark,original,No-HT,5000,planning,13,2.459798202195211,109132.16666666667,-0.5940383409833885
WEN38:i1:nsga2:s60000:r0:PR1_HT0_EC1:1639f57d8023,WEN38,1,60000,0,PR1_HT0_EC1,cf9bc95d906238978e0c5ab26a1947d4104e026d3bac972323bf05453ec86ca7,benchmark,original,No-HT,5000,planning,14,2.460028216723556,120240.50000000001,-0.6035980607475722
WEN38:i1:nsga2:s60000:r0:PR1_HT0_EC1:1639f57d8023,WEN38,1,60000,0,PR1_HT0_EC1,cf9bc95d906238978e0c5ab26a1947d4104e026d3bac972323bf05453ec86ca7,benchmark,original,No-HT,5000,planning,15,2.4601161324945444,97551.33333333334,-0.0
WEN38:i1:nsga2:s60000:r0:PR1_HT0_EC1:1639f57d8023,WEN38,1,60000,0,PR1_HT0_EC1,cf9bc95d906238978e0c5ab26a1947d4104e026d3bac972323bf05453ec86ca7,benchmark,original,No-HT,5000,planning,16,2.4602971829598586,109250.83333333334,-0.5952509555872894
WEN38:i1:nsga2:s60000:r0:PR1_HT0_EC1:1639f57d8023,WEN38,1,60000,0,PR1_HT0_EC1,cf9bc95d906238978e0c5ab26a1947d4104e026d3bac972323bf05453ec86ca7,benchmark,original,No-HT,5000,planning,17,2.460393437707153,92271.0,-0.0
WEN38:i1:nsga2:s60000:r0:PR1_HT0_EC1:1639f57d8023,WEN38,1,60000,0,PR1_HT0_EC1,cf9bc95d906238978e0c5ab26a1947d4104e026d3bac972323bf05453ec86ca7,benchmark,original,No-HT,5000,planning,18,2.4605276748752747,99797.83333333334,-0.5391909270592805
WEN38:i1:nsga2:s60000:r0:PR1_HT0_EC1:1639f57d8023,WEN38,1,60000,0,PR1_HT0_EC1,cf9bc95d906238978e0c5ab26a1947d4104e026d3bac972323bf05453ec86ca7,benchmark,original,No-HT,5000,planning,19,2.4605827692282807,98755.0,-0.44411692458925245
WEN38:i1:nsga2:s60000:r0:PR1_HT0_EC1:1639f57d8023,WEN38,1,60000,0,PR1_HT0_EC1,cf9bc95d906238978e0c5ab26a1947d4104e026d3bac972323bf05453ec86ca7,benchmark,original,No-HT,5000,planning,20,2.4605951185021047,121177.5,-0.6040668002033271
WEN38:i1:nsga2:s60000:r0:PR1_HT0_EC1:1639f57d8023,WEN38,1,60000,0,PR1_HT0_EC1,cf9bc95d906238978e0c5ab26a1947d4104e026d3bac972323bf05453ec86ca7,benchmark,original,No-HT,5000,planning,21,2.4606174608035563,108670.33333333334,-0.6021523283034185
WEN38:i1:nsga2:s60000:r0:PR1_HT0_EC1:1639f57d8023,WEN38,1,60000,0,PR1_HT0_EC1,cf9bc95d906238978e0c5ab26a1947d4104e026d3bac972323bf05453ec86ca7,benchmark,original,No-HT,5000,planning,22,2.4606592066652597,91238.33333333333,-0.0
WEN38:i1:nsga2:s60000:r0:PR1_HT0_EC1:1639f57d8023,WEN38,1,60000,0,PR1_HT0_EC1,cf9bc95d906238978e0c5ab26a1947d4104e026d3bac972323bf05453ec86ca7,benchmark,original,No-HT,5000,planning,23,2.4606989830641544,121605.00000000001,-0.6044595717867196
WEN38:i1:nsga2:s60000:r0:PR1_HT0_EC1:1639f57d8023,WEN38,1,60000,0,PR1_HT0_EC1,cf9bc95d906238978e0c5ab26a1947d4104e026d3bac972323bf05453ec86ca7,benchmark,original,No-HT,5000,planning,24,2.4607197947765282,104144.66666666667,-0.5939189596747383
WEN38:i1:nsga2:s60000:r0:PR1_HT0_EC1:1639f57d8023,WEN38,1,60000,0,PR1_HT0_EC1,cf9bc95d906238978e0c5ab26a1947d4104e026d3bac972323bf05453ec86ca7,benchmark,original,No-HT,5000,planning,25,2.4607517950806646,90587.0,-0.0
WEN38:i1:nsga2:s60000:r0:PR1_HT0_EC1:1639f57d8023,WEN38,1,60000,0,PR1_HT0_EC1,cf9bc95d906238978e0c5ab26a1947d4104e026d3bac972323bf05453ec86ca7,benchmark,original,No-HT,5000,planning,26,2.460751795080961,94681.33333333333,-0.49264332370057673
WEN38:i1:nsga2:s60000:r0:PR1_HT0_EC1:1639f57d8023,WEN38,1,60000,0,PR1_HT0_EC1,cf9bc95d906238978e0c5ab26a1947d4104e026d3bac972323bf05453ec86ca7,benchmark,original,No-HT,5000,planning,27,2.461138863965364,129349.00000000001,-0.6061230142031491
WEN38:i1:nsga2:s60000:r0:PR1_HT0_EC1:1639f57d8023,WEN38,1,60000,0,PR1_HT0_EC1,cf9bc95d906238978e0c5ab26a1947d4104e026d3bac972323bf05453ec86ca7,benchmark,original,No-HT,5000,planning,28,2.4611627430401706,98267.33333333333,-0.5939189596747383
WEN38:i1:nsga2:s60000:r0:PR1_HT0_EC1:1639f57d8023,WEN38,1,60000,0,PR1_HT0_EC1,cf9bc95d906238978e0c5ab26a1947d4104e026d3bac972323bf05453ec86ca7,benchmark,original,No-HT,5000,planning,29,2.4612144483910265,138630.0,-0.6064547968526313
WEN38:i1:nsga2:s60000:r0:PR1_HT0_EC1:1639f57d8023,WEN38,1,60000,0,PR1_HT0_EC1,cf9bc95d906238978e0c5ab26a1947d4104e026d3bac972323bf05453ec86ca7,benchmark,original,No-HT,5000,planning,30,2.461344134215877,133965.5,-0.6085743008325153
WEN38:i1:nsga2:s60000:r0:PR1_HT0_EC1:1639f57d8023,WEN38,1,60000,0,PR1_HT0_EC1,cf9bc95d906238978e0c5ab26a1947d4104e026d3bac972323bf05453ec86ca7,benchmark,original,No-HT,5000,planning,31,2.4614695712291166,128472.33333333334,-0.6059593169247819
WEN38:i1:nsga2:s60000:r0:PR1_HT0_EC1:1639f57d8023,WEN38,1,60000,0,PR1_HT0_EC1,cf9bc95d906238978e0c5ab26a1947d4104e026d3bac972323bf05453ec86ca7,benchmark,original,No-HT,5000,planning,32,2.46148466691465,114895.16666666667,-0.603564770709454
WEN38:i1:nsga2:s60000:r0:PR1_HT0_EC1:1639f57d8023,WEN38,1,60000,0,PR1_HT0_EC1,cf9bc95d906238978e0c5ab26a1947d4104e026d3bac972323bf05453ec86ca7,benchmark,original,No-HT,5000,planning,33,2.46191251949276,126668.83333333334,-0.6059593169247819
WEN38:i1:nsga2:s60000:r0:PR1_HT0_EC1:1639f57d8023,WEN38,1,60000,0,PR1_HT0_EC1,cf9bc95d906238978e0c5ab26a1947d4104e026d3bac972323bf05453ec86ca7,benchmark,original,No-HT,5000,planning,34,2.4620247604929633,133519.6666666667,-0.6092792490617285
WEN38:i1:nsga2:s60000:r0:PR1_HT0_EC1:1639f57d8023,WEN38,1,60000,0,PR1_HT0_EC1,cf9bc95d906238978e0c5ab26a1947d4104e026d3bac972323bf05453ec86ca7,benchmark,original,No-HT,5000,planning,35,2.4623039907993167,115606.00000000001,-0.6055498570549389
WEN38:i1:nsga2:s60000:r0:PR1_HT0_EC1:1639f57d8023,WEN38,1,60000,0,PR1_HT0_EC1,cf9bc95d906238978e0c5ab26a1947d4104e026d3bac972323bf05453ec86ca7,benchmark,original,No-HT,5000,planning,36,2.4624571250378544,105167.66666666667,-0.5968243357283427
WEN38:i1:nsga2:s60000:r0:PR1_HT0_EC1:1639f57d8023,WEN38,1,60000,0,PR1_HT0_EC1,cf9bc95d906238978e0c5ab26a1947d4104e026d3bac972323bf05453ec86ca7,benchmark,original,No-HT,5000,planning,37,2.462526705450535,118562.66666666667,-0.7973068745568526
WEN38:i1:nsga2:s60000:r0:PR1_HT0_EC1:1639f57d8023,WEN38,1,60000,0,PR1_HT0_EC1,cf9bc95d906238978e0c5ab26a1947d4104e026d3bac972323bf05453ec86ca7,benchmark,original,No-HT,5000,planning,38,2.4636404373866254,117488.16666666667,-0.7973068745568526
WEN38:i1:nsga2:s60000:r0:PR1_HT0_EC1:1639f57d8023,WEN38,1,60000,0,PR1_HT0_EC1,cf9bc95d906238978e0c5ab26a1947d4104e026d3bac972323bf05453ec86ca7,benchmark,original,No-HT,5000,planning,39,2.464839115642029,113314.66666666667,-0.7973068745568526
WEN38:i1:nsga2:s60000:r0:PR1_HT0_EC1:1639f57d8023,WEN38,1,60000,0,PR1_HT0_EC1,cf9bc95d906238978e0c5ab26a1947d4104e026d3bac972323bf05453ec86ca7,benchmark,original,No-HT,5000,planning,40,2.470641835882961,90174.33333333334,-0.0
WEN38:i1:nsga2:s60000:r0:PR1_HT0_EC1:1639f57d8023,WEN38,1,60000,0,PR1_HT0_EC1,cf9bc95d906238978e0c5ab26a1947d4104e026d3bac972323bf05453ec86ca7,benchmark,original,No-HT,5000,planning,41,2.4730662956772544,94245.83333333333,-0.044676409188468824
WEN38:i1:nsga2:s60000:r0:PR1_HT0_EC1:1639f57d8023,WEN38,1,60000,0,PR1_HT0_EC1,cf9bc95d906238978e0c5ab26a1947d4104e026d3bac972323bf05453ec86ca7,benchmark,original,No-HT,5000,planning,42,2.473593295964343,88685.5,-0.05998356614873046
WEN38:i1:nsga2:s60000:r0:PR1_HT0_EC1:1639f57d8023,WEN38,1,60000,0,PR1_HT0_EC1,cf9bc95d906238978e0c5ab26a1947d4104e026d3bac972323bf05453ec86ca7,benchmark,original,No-HT,5000,planning,43,2.495652119493733,93072.66666666667,-0.15353311136004777
WEN38:i1:nsga2:s60000:r0:PR1_HT0_EC1:1639f57d8023,WEN38,1,60000,0,PR1_HT0_EC1,cf9bc95d906238978e0c5ab26a1947d4104e026d3bac972323bf05453ec86ca7,benchmark,original,No-HT,5000,planning,44,2.4960064781054,87073.0,-0.0
WEN38:i1:nsga2:s60000:r0:PR1_HT0_EC1:1639f57d8023,WEN38,1,60000,0,PR1_HT0_EC1,cf9bc95d906238978e0c5ab26a1947d4104e026d3bac972323bf05453ec86ca7,benchmark,original,No-HT,5000,planning,45,2.4964064842310343,86582.33333333334,-0.0
WEN38:i1:nsga2:s60000:r0:PR1_HT0_EC1:1639f57d8023,WEN38,1,60000,0,PR1_HT0_EC1,cf9bc95d906238978e0c5ab26a1947d4104e026d3bac972323bf05453ec86ca7,benchmark,original,No-HT,5000,planning,46,2.4969809642846617,89155.33333333334,-0.15353311136004777
WEN38:i1:nsga2:s60000:r0:PR1_HT0_EC1:1639f57d8023,WEN38,1,60000,0,PR1_HT0_EC1,cf9bc95d906238978e0c5ab26a1947d4104e026d3bac972323bf05453ec86ca7,benchmark,original,No-HT,5000,planning,47,2.497423912548304,89040.16666666667,-0.15353311136004777
WEN38:i1:nsga2:s60000:r0:PR1_HT0_EC1:1639f57d8023,WEN38,1,60000,0,PR1_HT0_EC1,cf9bc95d906238978e0c5ab26a1947d4104e026d3bac972323bf05453ec86ca7,benchmark,original,No-HT,5000,planning,48,2.498044040117401,87948.0,-0.15353311136004777
WEN38:i1:nsga2:s60000:r0:PR1_HT0_EC1:1639f57d8023,WEN38,1,60000,0,PR1_HT0_EC1,cf9bc95d906238978e0c5ab26a1947d4104e026d3bac972323bf05453ec86ca7,benchmark,original,No-HT,5000,planning,49,2.4982212194228817,86388.66666666667,-0.05998356614873046
WEN38:i1:nsga2:s60000:r0:PR1_HT0_EC1:1639f57d8023,WEN38,1,60000,0,PR1_HT0_EC1,cf9bc95d906238978e0c5ab26a1947d4104e026d3bac972323bf05453ec86ca7,benchmark,original,No-HT,5000,planning,50,2.501573951210002,91031.83333333334,-0.15975027543390752
WEN38:i1:nsga2:s60000:r0:PR1_HT0_EC1:1639f57d8023,WEN38,1,60000,0,PR1_HT0_EC1,cf9bc95d906238978e0c5ab26a1947d4104e026d3bac972323bf05453ec86ca7,benchmark,original,No-HT,5000,planning,51,2.5069030053902734,90635.16666666667,-0.1805157593144031
WEN38:i1:nsga2:s60000:r0:PR1_HT0_EC1:1639f57d8023,WEN38,1,60000,0,PR1_HT0_EC1,cf9bc95d906238978e0c5ab26a1947d4104e026d3bac972323bf05453ec86ca7,benchmark,original,No-HT,5000,planning,52,2.521343118784413,84847.0,-0.0
WEN38:i1:nsga2:s60000:r0:PR1_HT0_EC1:1639f57d8023,WEN38,1,60000,0,PR1_HT0_EC1,cf9bc95d906238978e0c5ab26a1947d4104e026d3bac972323bf05453ec86ca7,benchmark,original,No-HT,5000,planning,53,2.5220518360068445,83095.0,-0.0
WEN38:i1:nsga2:s60000:r0:PR1_HT0_EC1:1639f57d8023,WEN38,1,60000,0,PR1_HT0_EC1,cf9bc95d906238978e0c5ab26a1947d4104e026d3bac972323bf05453ec86ca7,benchmark,original,No-HT,5000,planning,54,2.522140425659547,94671.16666666667,-0.23350083752302453
WEN38:i1:nsga2:s60000:r0:PR1_HT0_EC1:1639f57d8023,WEN38,1,60000,0,PR1_HT0_EC1,cf9bc95d906238978e0c5ab26a1947d4104e026d3bac972323bf05453ec86ca7,benchmark,original,No-HT,5000,planning,55,2.5238236290614147,86339.0,-0.15353311136004777
WEN38:i1:nsga2:s60000:r0:PR1_HT0_EC1:1639f57d8023,WEN38,1,60000,0,PR1_HT0_EC1,cf9bc95d906238978e0c5ab26a1947d4104e026d3bac972323bf05453ec86ca7,benchmark,original,No-HT,5000,planning,56,2.52423304400771,92139.5,-0.23350083752302453
WEN38:i1:nsga2:s60000:r0:PR1_HT0_EC1:1639f57d8023,WEN38,1,60000,0,PR1_HT0_EC1,cf9bc95d906238978e0c5ab26a1947d4104e026d3bac972323bf05453ec86ca7,benchmark,original,No-HT,5000,planning,57,2.5244482942597726,91872.33333333334,-0.23350083752302453
WEN38:i1:nsga2:s60000:r0:PR1_HT0_EC1:1639f57d8023,WEN38,1,60000,0,PR1_HT0_EC1,cf9bc95d906238978e0c5ab26a1947d4104e026d3bac972323bf05453ec86ca7,benchmark,original,No-HT,5000,planning,58,2.5361375907913972,83501.66666666667,-0.05998356614873046
WEN38:i1:nsga2:s60000:r0:PR1_HT0_EC1:1639f57d8023,WEN38,1,60000,0,PR1_HT0_EC1,cf9bc95d906238978e0c5ab26a1947d4104e026d3bac972323bf05453ec86ca7,benchmark,original,No-HT,5000,planning,59,2.5504891145326853,91162.66666666666,-0.24338624338815862
WEN38:i1:nsga2:s60000:r0:PR1_HT0_EC1:1639f57d8023,WEN38,1,60000,0,PR1_HT0_EC1,cf9bc95d906238978e0c5ab26a1947d4104e026d3bac972323bf05453ec86ca7,benchmark,original,No-HT,5000,planning,60,2.5556273143909145,92118.00000000001,-0.3155848040696583
WEN38:i1:nsga2:s60000:r0:PR1_HT0_EC1:1639f57d8023,WEN38,1,60000,0,PR1_HT0_EC1,cf9bc95d906238978e0c5ab26a1947d4104e026d3bac972323bf05453ec86ca7,benchmark,original,No-HT,5000,planning,61,2.560765514249189,85292.33333333333,-0.24835742444338393
WEN38:i1:nsga2:s60000:r0:PR1_HT0_EC1:1639f57d8023,WEN38,1,60000,0,PR1_HT0_EC1,cf9bc95d906238978e0c5ab26a1947d4104e026d3bac972323bf05453ec86ca7,benchmark,original,No-HT,5000,planning,62,2.57015601743925,81899.66666666669,-0.0
WEN38:i1:nsga2:s60000:r0:PR1_HT0_EC1:1639f57d8023,WEN38,1,60000,0,PR1_HT0_EC1,cf9bc95d906238978e0c5ab26a1947d4104e026d3bac972323bf05453ec86ca7,benchmark,original,No-HT,5000,planning,63,2.5750370156506293,94222.66666666667,-0.3527581329581153
WEN38:i1:nsga2:s60000:r0:PR1_HT0_EC1:1639f57d8023,WEN38,1,60000,0,PR1_HT0_EC1,cf9bc95d906238978e0c5ab26a1947d4104e026d3bac972323bf05453ec86ca7,benchmark,original,No-HT,5000,planning,64,2.5865451031931768,79838.5,-0.15353311136004777
WEN38:i1:nsga2:s60000:r0:PR1_HT0_EC1:1639f57d8023,WEN38,1,60000,0,PR1_HT0_EC1,cf9bc95d906238978e0c5ab26a1947d4104e026d3bac972323bf05453ec86ca7,benchmark,original,No-HT,5000,planning,65,2.619854812619812,77853.66666666667,-0.0
WEN38:i1:nsga2:s60000:r0:PR1_HT0_EC1:1639f57d8023,WEN38,1,60000,0,PR1_HT0_EC1,cf9bc95d906238978e0c5ab26a1947d4104e026d3bac972323bf05453ec86ca7,benchmark,original,No-HT,5000,planning,66,2.6249084215879916,84879.0,-0.25253185233759723
WEN38:i1:nsga2:s60000:r0:PR1_HT0_EC1:1639f57d8023,WEN38,1,60000,0,PR1_HT0_EC1,cf9bc95d906238978e0c5ab26a1947d4104e026d3bac972323bf05453ec86ca7,benchmark,original,No-HT,5000,planning,67,2.634737874278295,77536.66666666667,-0.0
WEN38:i1:nsga2:s60000:r0:PR1_HT0_EC1:1639f57d8023,WEN38,1,60000,0,PR1_HT0_EC1,cf9bc95d906238978e0c5ab26a1947d4104e026d3bac972323bf05453ec86ca7,benchmark,original,No-HT,5000,planning,68,2.650063884199499,83740.66666666667,-0.3947089947105269
WEN38:i1:nsga2:s60000:r0:PR1_HT0_EC1:1639f57d8023,WEN38,1,60000,0,PR1_HT0_EC1,cf9bc95d906238978e0c5ab26a1947d4104e026d3bac972323bf05453ec86ca7,benchmark,original,No-HT,5000,planning,69,2.651038370379699,76577.0,-0.0
WEN38:i1:nsga2:s60000:r0:PR1_HT0_EC1:1639f57d8023,WEN38,1,60000,0,PR1_HT0_EC1,cf9bc95d906238978e0c5ab26a1947d4104e026d3bac972323bf05453ec86ca7,benchmark,original,No-HT,5000,planning,70,2.6553792633639324,83013.66666666667,-0.15758468336025544
WEN38:i1:nsga2:s60000:r0:PR1_HT0_EC1:1639f57d8023,WEN38,1,60000,0,PR1_HT0_EC1,cf9bc95d906238978e0c5ab26a1947d4104e026d3bac972323bf05453ec86ca7,benchmark,original,No-HT,5000,planning,71,2.6801843661279063,80350.33333333334,-0.24338624338815862
WEN38:i1:nsga2:s60000:r0:PR1_HT0_EC1:1639f57d8023,WEN38,1,60000,0,PR1_HT0_EC1,cf9bc95d906238978e0c5ab26a1947d4104e026d3bac972323bf05453ec86ca7,benchmark,original,No-HT,5000,planning,72,2.697902296673603,76483.66666666666,-0.05998356614873046
WEN38:i1:nsga2:s60000:r0:PR1_HT0_EC1:1639f57d8023,WEN38,1,60000,0,PR1_HT0_EC1,cf9bc95d906238978e0c5ab26a1947d4104e026d3bac972323bf05453ec86ca7,benchmark,original,No-HT,5000,planning,73,2.7111907445817867,76310.66666666667,-0.0
WEN38:i1:nsga2:s60000:r0:PR1_HT0_EC1:1639f57d8023,WEN38,1,60000,0,PR1_HT0_EC1,cf9bc95d906238978e0c5ab26a1947d4104e026d3bac972323bf05453ec86ca7,benchmark,original,No-HT,5000,planning,74,2.7134940755538155,83109.00000000001,-0.24835742444338393
WEN38:i1:nsga2:s60000:r0:PR1_HT0_EC1:1639f57d8023,WEN38,1,60000,0,PR1_HT0_EC1,cf9bc95d906238978e0c5ab26a1947d4104e026d3bac972323bf05453ec86ca7,benchmark,original,No-HT,5000,planning,75,2.7141142031229153,75316.33333333334,-0.0
WEN38:i1:nsga2:s60000:r0:PR1_HT0_EC1:1639f57d8023,WEN38,1,60000,0,PR1_HT0_EC1,cf9bc95d906238978e0c5ab26a1947d4104e026d3bac972323bf05453ec86ca7,benchmark,original,No-HT,5000,planning,76,2.724124833880688,74128.83333333333,-0.059983566147820966
WEN38:i1:nsga2:s60000:r0:PR1_HT0_EC1:1639f57d8023,WEN38,1,60000,0,PR1_HT0_EC1,cf9bc95d906238978e0c5ab26a1947d4104e026d3bac972323bf05453ec86ca7,benchmark,original,No-HT,5000,planning,77,2.7367045645686776,82188.0,-0.24835742444338393
WEN38:i1:nsga2:s60000:r0:PR1_HT0_EC1:1639f57d8023,WEN38,1,60000,0,PR1_HT0_EC1,cf9bc95d906238978e0c5ab26a1947d4104e026d3bac972323bf05453ec86ca7,benchmark,original,No-HT,5000,planning,78,2.747955450464649,76728.5,-0.15353311135913827
WEN38:i1:nsga2:s60000:r0:PR1_HT0_EC1:1639f57d8023,WEN38,1,60000,0,PR1_HT0_EC1,cf9bc95d906238978e0c5ab26a1947d4104e026d3bac972323bf05453ec86ca7,benchmark,original,No-HT,5000,planning,79,2.750347371088864,74661.66666666667,-0.24338624338815862
WEN38:i1:nsga2:s60000:r0:PR1_HT0_EC1:1639f57d8023,WEN38,1,60000,0,PR1_HT0_EC1,cf9bc95d906238978e0c5ab26a1947d4104e026d3bac972323bf05453ec86ca7,benchmark,original,No-HT,5000,planning,80,2.7505245503943208,80629.33333333334,-0.2556929082647912
WEN38:i1:nsga2:s60000:r0:PR1_HT0_EC1:1639f57d8023,WEN38,1,60000,0,PR1_HT0_EC1,cf9bc95d906238978e0c5ab26a1947d4104e026d3bac972323bf05453ec86ca7,benchmark,original,No-HT,5000,planning,81,2.7709887601746,73424.33333333334,-0.0
WEN38:i1:nsga2:s60000:r0:PR1_HT0_EC1:1639f57d8023,WEN38,1,60000,0,PR1_HT0_EC1,cf9bc95d906238978e0c5ab26a1947d4104e026d3bac972323bf05453ec86ca7,benchmark,original,No-HT,5000,planning,82,2.798894500784071,89590.66666666667,-0.4066390041507475
WEN38:i1:nsga2:s60000:r0:PR1_HT0_EC1:1639f57d8023,WEN38,1,60000,0,PR1_HT0_EC1,cf9bc95d906238978e0c5ab26a1947d4104e026d3bac972323bf05453ec86ca7,benchmark,original,No-HT,5000,planning,83,2.7994260387007532,73280.33333333334,-0.0
WEN38:i1:nsga2:s60000:r0:PR1_HT0_EC1:1639f57d8023,WEN38,1,60000,0,PR1_HT0_EC1,cf9bc95d906238978e0c5ab26a1947d4104e026d3bac972323bf05453ec86ca7,benchmark,original,No-HT,5000,planning,84,2.800666293838641,83590.0,-0.27640733712996735
WEN38:i1:nsga2:s60000:r0:PR1_HT0_EC1:1639f57d8023,WEN38,1,60000,0,PR1_HT0_EC1,cf9bc95d906238978e0c5ab26a1947d4104e026d3bac972323bf05453ec86ca7,benchmark,original,No-HT,5000,planning,85,2.8119171797351585,93180.66666666667,-0.4140845070432988
WEN38:i1:nsga2:s60000:r0:PR1_HT0_EC1:1639f57d8023,WEN38,1,60000,0,PR1_HT0_EC1,cf9bc95d906238978e0c5ab26a1947d4104e026d3bac972323bf05453ec86ca7,benchmark,original,No-HT,5000,planning,86,2.8153721761917647,81883.33333333334,-0.34591194968743366
WEN38:i1:nsga2:s60000:r0:PR1_HT0_EC1:1639f57d8023,WEN38,1,60000,0,PR1_HT0_EC1,cf9bc95d906238978e0c5ab26a1947d4104e026d3bac972323bf05453ec86ca7,benchmark,original,No-HT,5000,planning,87,2.834241772222736,86536.66666666667,-0.4349222030141391
WEN38:i1:nsga2:s60000:r0:PR1_HT0_EC1:1639f57d8023,WEN38,1,60000,0,PR1_HT0_EC1,cf9bc95d906238978e0c5ab26a1947d4104e026d3bac972323bf05453ec86ca7,benchmark,original,No-HT,5000,planning,88,2.8403544582610003,81007.33333333334,-0.4140845070432988
WEN38:i1:nsga2:s60000:r0:PR1_HT0_EC1:1639f57d8023,WEN38,1,60000,0,PR1_HT0_EC1,cf9bc95d906238978e0c5ab26a1947d4104e026d3bac972323bf05453ec86ca7,benchmark,original,No-HT,5000,planning,89,2.8489152689209774,79362.33333333333,-0.3356562137068977
WEN38:i1:nsga2:s60000:r0:PR1_HT0_EC1:1639f57d8023,WEN38,1,60000,0,PR1_HT0_EC1,cf9bc95d906238978e0c5ab26a1947d4104e026d3bac972323bf05453ec86ca7,benchmark,original,No-HT,5000,planning,90,2.8959001705217577,85910.66666666667,-0.4453333333340197
WEN38:i1:nsga2:s60000:r0:PR1_HT0_EC1:1639f57d8023,WEN38,1,60000,0,PR1_HT0_EC1,cf9bc95d906238978e0c5ab26a1947d4104e026d3bac972323bf05453ec86ca7,benchmark,original,No-HT,5000,planning,91,2.9387775624437924,72568.33333333334,-0.0
WEN38:i1:nsga2:s60000:r0:PR1_HT0_EC1:1639f57d8023,WEN38,1,60000,0,PR1_HT0_EC1,cf9bc95d906238978e0c5ab26a1947d4104e026d3bac972323bf05453ec86ca7,benchmark,original,No-HT,5000,planning,92,2.9435735559064873,72260.33333333334,-0.0
WEN38:i1:nsga2:s60000:r0:PR1_HT0_EC1:1639f57d8023,WEN38,1,60000,0,PR1_HT0_EC1,cf9bc95d906238978e0c5ab26a1947d4104e026d3bac972323bf05453ec86ca7,benchmark,original,No-HT,5000,planning,93,3.0083204398349244,78151.0,-0.2798237330835036
WEN38:i1:nsga2:s60000:r0:PR1_HT1_EC0:133825dd952b,WEN38,1,60000,0,PR1_HT1_EC0,cf9bc95d906238978e0c5ab26a1947d4104e026d3bac972323bf05453ec86ca7,benchmark,original,No-EC,5000,planning,0,2.459128705834925,104512.66666666667,-0.0
WEN38:i1:nsga2:s60000:r0:PR1_HT1_EC0:133825dd952b,WEN38,1,60000,0,PR1_HT1_EC0,cf9bc95d906238978e0c5ab26a1947d4104e026d3bac972323bf05453ec86ca7,benchmark,original,No-EC,5000,planning,1,2.459223683035316,102594.66666666667,-0.0
WEN38:i1:nsga2:s60000:r0:PR1_HT1_EC0:133825dd952b,WEN38,1,60000,0,PR1_HT1_EC0,cf9bc95d906238978e0c5ab26a1947d4104e026d3bac972323bf05453ec86ca7,benchmark,original,No-EC,5000,planning,2,2.4596696134179172,113203.33333333334,-0.5296133993779222
WEN38:i1:nsga2:s60000:r0:PR1_HT1_EC0:133825dd952b,WEN38,1,60000,0,PR1_HT1_EC0,cf9bc95d906238978e0c5ab26a1947d4104e026d3bac972323bf05453ec86ca7,benchmark,original,No-EC,5000,planning,3,2.4597283274161788,105438.66666666667,-0.5083817883087249
WEN38:i1:nsga2:s60000:r0:PR1_HT1_EC0:133825dd952b,WEN38,1,60000,0,PR1_HT1_EC0,cf9bc95d906238978e0c5ab26a1947d4104e026d3bac972323bf05453ec86ca7,benchmark,original,No-EC,5000,planning,4,2.4605724300544596,99427.66666666667,-0.0
WEN38:i1:nsga2:s60000:r0:PR1_HT1_EC0:133825dd952b,WEN38,1,60000,0,PR1_HT1_EC0,cf9bc95d906238978e0c5ab26a1947d4104e026d3bac972323bf05453ec86ca7,benchmark,original,No-EC,5000,planning,5,2.46116186022875,106790.66666666667,-0.5101379583056769
WEN38:i1:nsga2:s60000:r0:PR1_HT1_EC0:133825dd952b,WEN38,1,60000,0,PR1_HT1_EC0,cf9bc95d906238978e0c5ab26a1947d4104e026d3bac972323bf05453ec86ca7,benchmark,original,No-EC,5000,planning,6,2.461356294742389,109460.66666666667,-0.5114181180360902
WEN38:i1:nsga2:s60000:r0:PR1_HT1_EC0:133825dd952b,WEN38,1,60000,0,PR1_HT1_EC0,cf9bc95d906238978e0c5ab26a1947d4104e026d3bac972323bf05453ec86ca7,benchmark,original,No-EC,5000,planning,7,2.4618505145199903,119643.33333333331,-0.5339356973199756
WEN38:i1:nsga2:s60000:r0:PR1_HT1_EC0:133825dd952b,WEN38,1,60000,0,PR1_HT1_EC0,cf9bc95d906238978e0c5ab26a1947d4104e026d3bac972323bf05453ec86ca7,benchmark,original,No-EC,5000,planning,8,2.4619145006804217,98255.66666666667,-0.0
WEN38:i1:nsga2:s60000:r0:PR1_HT1_EC0:133825dd952b,WEN38,1,60000,0,PR1_HT1_EC0,cf9bc95d906238978e0c5ab26a1947d4104e026d3bac972323bf05453ec86ca7,benchmark,original,No-EC,5000,planning,9,2.4619753174382057,115969.66666666667,-0.5308045628307809
WEN38:i1:nsga2:s60000:r0:PR1_HT1_EC0:133825dd952b,WEN38,1,60000,0,PR1_HT1_EC0,cf9bc95d906238978e0c5ab26a1947d4104e026d3bac972323bf05453ec86ca7,benchmark,original,No-EC,5000,planning,10,2.462263157347059,114878.66666666669,-0.5784800596393325
WEN38:i1:nsga2:s60000:r0:PR1_HT1_EC0:133825dd952b,WEN38,1,60000,0,PR1_HT1_EC0,cf9bc95d906238978e0c5ab26a1947d4104e026d3bac972323bf05453ec86ca7,benchmark,original,No-EC,5000,planning,11,2.4628047711066134,132581.33333333334,-0.7973068745568526
WEN38:i1:nsga2:s60000:r0:PR1_HT1_EC0:133825dd952b,WEN38,1,60000,0,PR1_HT1_EC0,cf9bc95d906238978e0c5ab26a1947d4104e026d3bac972323bf05453ec86ca7,benchmark,original,No-EC,5000,planning,12,2.463208271621368,131105.3333333333,-0.7973068745568526
WEN38:i1:nsga2:s60000:r0:PR1_HT1_EC0:133825dd952b,WEN38,1,60000,0,PR1_HT1_EC0,cf9bc95d906238978e0c5ab26a1947d4104e026d3bac972323bf05453ec86ca7,benchmark,original,No-EC,5000,planning,13,2.4632491818170275,123206.66666666667,-0.7973068745568526
WEN38:i1:nsga2:s60000:r0:PR1_HT1_EC0:133825dd952b,WEN38,1,60000,0,PR1_HT1_EC0,cf9bc95d906238978e0c5ab26a1947d4104e026d3bac972323bf05453ec86ca7,benchmark,original,No-EC,5000,planning,14,2.4633572512505815,91139.0,-0.0
WEN38:i1:nsga2:s60000:r0:PR1_HT1_EC0:133825dd952b,WEN38,1,60000,0,PR1_HT1_EC0,cf9bc95d906238978e0c5ab26a1947d4104e026d3bac972323bf05453ec86ca7,benchmark,original,No-EC,5000,planning,15,2.4639969695319426,117226.0,-0.7973068745568526
WEN38:i1:nsga2:s60000:r0:PR1_HT1_EC0:133825dd952b,WEN38,1,60000,0,PR1_HT1_EC0,cf9bc95d906238978e0c5ab26a1947d4104e026d3bac972323bf05453ec86ca7,benchmark,original,No-EC,5000,planning,16,2.464093489037799,109346.66666666667,-0.5166982497821664
WEN38:i1:nsga2:s60000:r0:PR1_HT1_EC0:133825dd952b,WEN38,1,60000,0,PR1_HT1_EC0,cf9bc95d906238978e0c5ab26a1947d4104e026d3bac972323bf05453ec86ca7,benchmark,original,No-EC,5000,planning,17,2.4649739264387307,113646.66666666666,-0.7973068745568526
WEN38:i1:nsga2:s60000:r0:PR1_HT1_EC0:133825dd952b,WEN38,1,60000,0,PR1_HT1_EC0,cf9bc95d906238978e0c5ab26a1947d4104e026d3bac972323bf05453ec86ca7,benchmark,original,No-EC,5000,planning,18,2.4649793855650852,110689.66666666667,-0.5178268909085091
WEN38:i1:nsga2:s60000:r0:PR1_HT1_EC0:133825dd952b,WEN38,1,60000,0,PR1_HT1_EC0,cf9bc95d906238978e0c5ab26a1947d4104e026d3bac972323bf05453ec86ca7,benchmark,original,No-EC,5000,planning,19,2.46501275699812,111146.66666666667,-0.5360683777207669
WEN38:i1:nsga2:s60000:r0:PR1_HT1_EC0:133825dd952b,WEN38,1,60000,0,PR1_HT1_EC0,cf9bc95d906238978e0c5ab26a1947d4104e026d3bac972323bf05453ec86ca7,benchmark,original,No-EC,5000,planning,20,2.4653602604123783,113038.16666666666,-0.5375647502633001
WEN38:i1:nsga2:s60000:r0:PR1_HT1_EC0:133825dd952b,WEN38,1,60000,0,PR1_HT1_EC0,cf9bc95d906238978e0c5ab26a1947d4104e026d3bac972323bf05453ec86ca7,benchmark,original,No-EC,5000,planning,21,2.4655205413008296,112367.66666666667,-0.7973068745568526
WEN38:i1:nsga2:s60000:r0:PR1_HT1_EC0:133825dd952b,WEN38,1,60000,0,PR1_HT1_EC0,cf9bc95d906238978e0c5ab26a1947d4104e026d3bac972323bf05453ec86ca7,benchmark,original,No-EC,5000,planning,22,2.46602466894174,102110.33333333334,-0.749408564443911
WEN38:i1:nsga2:s60000:r0:PR1_HT1_EC0:133825dd952b,WEN38,1,60000,0,PR1_HT1_EC0,cf9bc95d906238978e0c5ab26a1947d4104e026d3bac972323bf05453ec86ca7,benchmark,original,No-EC,5000,planning,23,2.4660712569617296,102697.33333333334,-0.7503983130409324
WEN38:i1:nsga2:s60000:r0:PR1_HT1_EC0:133825dd952b,WEN38,1,60000,0,PR1_HT1_EC0,cf9bc95d906238978e0c5ab26a1947d4104e026d3bac972323bf05453ec86ca7,benchmark,original,No-EC,5000,planning,24,2.4662353286959684,107438.33333333334,-0.7511049765744247
WEN38:i1:nsga2:s60000:r0:PR1_HT1_EC0:133825dd952b,WEN38,1,60000,0,PR1_HT1_EC0,cf9bc95d906238978e0c5ab26a1947d4104e026d3bac972323bf05453ec86ca7,benchmark,original,No-EC,5000,planning,25,2.4668530422790367,103751.33333333334,-0.7526575839819998
WEN38:i1:nsga2:s60000:r0:PR1_HT1_EC0:133825dd952b,WEN38,1,60000,0,PR1_HT1_EC0,cf9bc95d906238978e0c5ab26a1947d4104e026d3bac972323bf05453ec86ca7,benchmark,original,No-EC,5000,planning,26,2.4669601885836245,107506.33333333334,-0.7973068745568526
WEN38:i1:nsga2:s60000:r0:PR1_HT1_EC0:133825dd952b,WEN38,1,60000,0,PR1_HT1_EC0,cf9bc95d906238978e0c5ab26a1947d4104e026d3bac972323bf05453ec86ca7,benchmark,original,No-EC,5000,planning,27,2.467029054166882,97187.0,-0.7495380019909135
WEN38:i1:nsga2:s60000:r0:PR1_HT1_EC0:133825dd952b,WEN38,1,60000,0,PR1_HT1_EC0,cf9bc95d906238978e0c5ab26a1947d4104e026d3bac972323bf05453ec86ca7,benchmark,original,No-EC,5000,planning,28,2.469168310822438,105017.0,-0.7566575771716089
WEN38:i1:nsga2:s60000:r0:PR1_HT1_EC0:133825dd952b,WEN38,1,60000,0,PR1_HT1_EC0,cf9bc95d906238978e0c5ab26a1947d4104e026d3bac972323bf05453ec86ca7,benchmark,original,No-EC,5000,planning,29,2.4999643940093916,97036.33333333333,-0.044676409188468824
WEN38:i1:nsga2:s60000:r0:PR1_HT1_EC0:133825dd952b,WEN38,1,60000,0,PR1_HT1_EC0,cf9bc95d906238978e0c5ab26a1947d4104e026d3bac972323bf05453ec86ca7,benchmark,original,No-EC,5000,planning,30,2.5065820914818984,96783.33333333333,-0.16890664729635319
WEN38:i1:nsga2:s60000:r0:PR1_HT1_EC0:133825dd952b,WEN38,1,60000,0,PR1_HT1_EC0,cf9bc95d906238978e0c5ab26a1947d4104e026d3bac972323bf05453ec86ca7,benchmark,original,No-EC,5000,planning,31,2.517355551473173,87271.33333333334,-0.0
WEN38:i1:nsga2:s60000:r0:PR1_HT1_EC0:133825dd952b,WEN38,1,60000,0,PR1_HT1_EC0,cf9bc95d906238978e0c5ab26a1947d4104e026d3bac972323bf05453ec86ca7,benchmark,original,No-EC,5000,planning,32,2.5299076966320966,90017.33333333334,-0.16890664729635319
WEN38:i1:nsga2:s60000:r0:PR1_HT1_EC0:133825dd952b,WEN38,1,60000,0,PR1_HT1_EC0,cf9bc95d906238978e0c5ab26a1947d4104e026d3bac972323bf05453ec86ca7,benchmark,original,No-EC,5000,planning,33,2.546119603081654,88244.0,-0.07405908539294614
WEN38:i1:nsga2:s60000:r0:PR1_HT1_EC0:133825dd952b,WEN38,1,60000,0,PR1_HT1_EC0,cf9bc95d906238978e0c5ab26a1947d4104e026d3bac972323bf05453ec86ca7,benchmark,original,No-EC,5000,planning,34,2.557370488977446,93757.0,-0.24338624338815862
WEN38:i1:nsga2:s60000:r0:PR1_HT1_EC0:133825dd952b,WEN38,1,60000,0,PR1_HT1_EC0,cf9bc95d906238978e0c5ab26a1947d4104e026d3bac972323bf05453ec86ca7,benchmark,original,No-EC,5000,planning,35,2.5575752538126286,93430.0,-0.24338624338815862
WEN38:i1:nsga2:s60000:r0:PR1_HT1_EC0:133825dd952b,WEN38,1,60000,0,PR1_HT1_EC0,cf9bc95d906238978e0c5ab26a1947d4104e026d3bac972323bf05453ec86ca7,benchmark,original,No-EC,5000,planning,36,2.5626248640181535,96099.66666666667,-0.25253185233759723
WEN38:i1:nsga2:s60000:r0:PR1_HT1_EC0:133825dd952b,WEN38,1,60000,0,PR1_HT1_EC0,cf9bc95d906238978e0c5ab26a1947d4104e026d3bac972323bf05453ec86ca7,benchmark,original,No-EC,5000,planning,37,2.574141518873351,93113.0,-0.19464977120969706
WEN38:i1:nsga2:s60000:r0:PR1_HT1_EC0:133825dd952b,WEN38,1,60000,0,PR1_HT1_EC0,cf9bc95d906238978e0c5ab26a1947d4104e026d3bac972323bf05453ec86ca7,benchmark,original,No-EC,5000,planning,38,2.603021745662591,86920.0,-0.0
WEN38:i1:nsga2:s60000:r0:PR1_HT1_EC0:133825dd952b,WEN38,1,60000,0,PR1_HT1_EC0,cf9bc95d906238978e0c5ab26a1947d4104e026d3bac972323bf05453ec86ca7,benchmark,original,No-EC,5000,planning,39,2.608425714479268,89233.0,-0.3079249848779
WEN38:i1:nsga2:s60000:r0:PR1_HT1_EC0:133825dd952b,WEN38,1,60000,0,PR1_HT1_EC0,cf9bc95d906238978e0c5ab26a1947d4104e026d3bac972323bf05453ec86ca7,benchmark,original,No-EC,5000,planning,40,2.6160444246134276,96992.0,-0.32347723240854975
WEN38:i1:nsga2:s60000:r0:PR1_HT1_EC0:133825dd952b,WEN38,1,60000,0,PR1_HT1_EC0,cf9bc95d906238978e0c5ab26a1947d4104e026d3bac972323bf05453ec86ca7,benchmark,original,No-EC,5000,planning,41,2.6213322182474093,95787.33333333334,-0.3385371494669016
WEN38:i1:nsga2:s60000:r0:PR1_HT1_EC0:133825dd952b,WEN38,1,60000,0,PR1_HT1_EC0,cf9bc95d906238978e0c5ab26a1947d4104e026d3bac972323bf05453ec86ca7,benchmark,original,No-EC,5000,planning,42,2.6237517244008064,93559.33333333334,-0.3385371494669016
WEN38:i1:nsga2:s60000:r0:PR1_HT1_EC0:133825dd952b,WEN38,1,60000,0,PR1_HT1_EC0,cf9bc95d906238978e0c5ab26a1947d4104e026d3bac972323bf05453ec86ca7,benchmark,original,No-EC,5000,planning,43,2.649060779551593,86883.33333333334,-0.0
WEN38:i1:nsga2:s60000:r0:PR1_HT1_EC0:133825dd952b,WEN38,1,60000,0,PR1_HT1_EC0,cf9bc95d906238978e0c5ab26a1947d4104e026d3bac972323bf05453ec86ca7,benchmark,original,No-EC,5000,planning,44,2.649531313344939,82859.33333333334,-0.0
WEN38:i1:nsga2:s60000:r0:PR1_HT1_EC0:133825dd952b,WEN38,1,60000,0,PR1_HT1_EC0,cf9bc95d906238978e0c5ab26a1947d4104e026d3bac972323bf05453ec86ca7,benchmark,original,No-EC,5000,planning,45,2.652189002926648,96988.66666666669,-0.3947089947105269
WEN38:i1:nsga2:s60000:r0:PR1_HT1_EC0:133825dd952b,WEN38,1,60000,0,PR1_HT1_EC0,cf9bc95d906238978e0c5ab26a1947d4104e026d3bac972323bf05453ec86ca7,benchmark,original,No-EC,5000,planning,46,2.6528091304957453,92102.66666666667,-0.40057636887740955
WEN38:i1:nsga2:s60000:r0:PR1_HT1_EC0:133825dd952b,WEN38,1,60000,0,PR1_HT1_EC0,cf9bc95d906238978e0c5ab26a1947d4104e026d3bac972323bf05453ec86ca7,benchmark,original,No-EC,5000,planning,47,2.653695027023031,89817.33333333334,-0.40057636887740955
WEN38:i1:nsga2:s60000:r0:PR1_HT1_EC0:133825dd952b,WEN38,1,60000,0,PR1_HT1_EC0,cf9bc95d906238978e0c5ab26a1947d4104e026d3bac972323bf05453ec86ca7,benchmark,original,No-EC,5000,planning,48,2.6588056413522816,88026.33333333334,-0.044676409188468824
WEN38:i1:nsga2:s60000:r0:PR1_HT1_EC0:133825dd952b,WEN38,1,60000,0,PR1_HT1_EC0,cf9bc95d906238978e0c5ab26a1947d4104e026d3bac972323bf05453ec86ca7,benchmark,original,No-EC,5000,planning,49,2.6624654026438748,83158.33333333334,-0.05998356614873046
WEN38:i1:nsga2:s60000:r0:PR1_HT1_EC0:133825dd952b,WEN38,1,60000,0,PR1_HT1_EC0,cf9bc95d906238978e0c5ab26a1947d4104e026d3bac972323bf05453ec86ca7,benchmark,original,No-EC,5000,planning,50,2.687447684713307,86710.00000000001,-0.15758468336025544
WEN38:i1:nsga2:s60000:r0:PR1_HT1_EC0:133825dd952b,WEN38,1,60000,0,PR1_HT1_EC0,cf9bc95d906238978e0c5ab26a1947d4104e026d3bac972323bf05453ec86ca7,benchmark,original,No-EC,5000,planning,51,2.702480340146698,95170.66666666667,-0.476430205950237
WEN38:i1:nsga2:s60000:r0:PR1_HT1_EC0:133825dd952b,WEN38,1,60000,0,PR1_HT1_EC0,cf9bc95d906238978e0c5ab26a1947d4104e026d3bac972323bf05453ec86ca7,benchmark,original,No-EC,5000,planning,52,2.7057581572977036,88145.0,-0.4808259587034627
WEN38:i1:nsga2:s60000:r0:PR1_HT1_EC0:133825dd952b,WEN38,1,60000,0,PR1_HT1_EC0,cf9bc95d906238978e0c5ab26a1947d4104e026d3bac972323bf05453ec86ca7,benchmark,original,No-EC,5000,planning,53,2.7333371248266616,84026.33333333334,-0.2798237330835036
WEN38:i1:nsga2:s60000:r0:PR1_HT1_EC0:133825dd952b,WEN38,1,60000,0,PR1_HT1_EC0,cf9bc95d906238978e0c5ab26a1947d4104e026d3bac972323bf05453ec86ca7,benchmark,original,No-EC,5000,planning,54,2.7530650318553853,87910.33333333334,-0.3385371494669016
WEN38:i1:nsga2:s60000:r0:PR1_HT1_EC0:133825dd952b,WEN38,1,60000,0,PR1_HT1_EC0,cf9bc95d906238978e0c5ab26a1947d4104e026d3bac972323bf05453ec86ca7,benchmark,original,No-EC,5000,planning,55,2.753269796690568,82461.33333333334,-0.3385371494669016
WEN38:i1:nsga2:s60000:r0:PR1_HT1_EC0:133825dd952b,WEN38,1,60000,0,PR1_HT1_EC0,cf9bc95d906238978e0c5ab26a1947d4104e026d3bac972323bf05453ec86ca7,benchmark,original,No-EC,5000,planning,56,2.7849848923673637,80980.33333333334,-0.3385371494669016
WEN38:i1:nsga2:s60000:r0:PR1_HT1_EC0:133825dd952b,WEN38,1,60000,0,PR1_HT1_EC0,cf9bc95d906238978e0c5ab26a1947d4104e026d3bac972323bf05453ec86ca7,benchmark,original,No-EC,5000,planning,57,2.8134221708932063,83429.33333333334,-0.3947089947105269
WEN38:i1:nsga2:s60000:r0:PR1_HT1_EC1:ee51f2059906,WEN38,1,60000,0,PR1_HT1_EC1,cf9bc95d906238978e0c5ab26a1947d4104e026d3bac972323bf05453ec86ca7,benchmark,original,Full,5000,planning,0,2.459128705834925,104512.66666666667,-0.0
WEN38:i1:nsga2:s60000:r0:PR1_HT1_EC1:ee51f2059906,WEN38,1,60000,0,PR1_HT1_EC1,cf9bc95d906238978e0c5ab26a1947d4104e026d3bac972323bf05453ec86ca7,benchmark,original,Full,5000,planning,1,2.459223683035316,102594.66666666667,-0.0
WEN38:i1:nsga2:s60000:r0:PR1_HT1_EC1:ee51f2059906,WEN38,1,60000,0,PR1_HT1_EC1,cf9bc95d906238978e0c5ab26a1947d4104e026d3bac972323bf05453ec86ca7,benchmark,original,Full,5000,planning,2,2.4596696134179172,113203.33333333334,-0.5296133993779222
WEN38:i1:nsga2:s60000:r0:PR1_HT1_EC1:ee51f2059906,WEN38,1,60000,0,PR1_HT1_EC1,cf9bc95d906238978e0c5ab26a1947d4104e026d3bac972323bf05453ec86ca7,benchmark,original,Full,5000,planning,3,2.4597283274161788,105438.66666666667,-0.5083817883087249
WEN38:i1:nsga2:s60000:r0:PR1_HT1_EC1:ee51f2059906,WEN38,1,60000,0,PR1_HT1_EC1,cf9bc95d906238978e0c5ab26a1947d4104e026d3bac972323bf05453ec86ca7,benchmark,original,Full,5000,planning,4,2.4605724300544596,99427.66666666667,-0.0
WEN38:i1:nsga2:s60000:r0:PR1_HT1_EC1:ee51f2059906,WEN38,1,60000,0,PR1_HT1_EC1,cf9bc95d906238978e0c5ab26a1947d4104e026d3bac972323bf05453ec86ca7,benchmark,original,Full,5000,planning,5,2.46116186022875,106790.66666666667,-0.5101379583056769
WEN38:i1:nsga2:s60000:r0:PR1_HT1_EC1:ee51f2059906,WEN38,1,60000,0,PR1_HT1_EC1,cf9bc95d906238978e0c5ab26a1947d4104e026d3bac972323bf05453ec86ca7,benchmark,original,Full,5000,planning,6,2.461356294742389,109460.66666666667,-0.5114181180360902
WEN38:i1:nsga2:s60000:r0:PR1_HT1_EC1:ee51f2059906,WEN38,1,60000,0,PR1_HT1_EC1,cf9bc95d906238978e0c5ab26a1947d4104e026d3bac972323bf05453ec86ca7,benchmark,original,Full,5000,planning,7,2.4618505145199903,119643.33333333331,-0.5339356973199756
WEN38:i1:nsga2:s60000:r0:PR1_HT1_EC1:ee51f2059906,WEN38,1,60000,0,PR1_HT1_EC1,cf9bc95d906238978e0c5ab26a1947d4104e026d3bac972323bf05453ec86ca7,benchmark,original,Full,5000,planning,8,2.4619145006804217,98255.66666666667,-0.0
WEN38:i1:nsga2:s60000:r0:PR1_HT1_EC1:ee51f2059906,WEN38,1,60000,0,PR1_HT1_EC1,cf9bc95d906238978e0c5ab26a1947d4104e026d3bac972323bf05453ec86ca7,benchmark,original,Full,5000,planning,9,2.4619753174382057,115969.66666666667,-0.5308045628307809
WEN38:i1:nsga2:s60000:r0:PR1_HT1_EC1:ee51f2059906,WEN38,1,60000,0,PR1_HT1_EC1,cf9bc95d906238978e0c5ab26a1947d4104e026d3bac972323bf05453ec86ca7,benchmark,original,Full,5000,planning,10,2.462263157347059,114878.66666666669,-0.5784800596393325
WEN38:i1:nsga2:s60000:r0:PR1_HT1_EC1:ee51f2059906,WEN38,1,60000,0,PR1_HT1_EC1,cf9bc95d906238978e0c5ab26a1947d4104e026d3bac972323bf05453ec86ca7,benchmark,original,Full,5000,planning,11,2.4628047711066134,132581.33333333334,-0.7973068745568526
WEN38:i1:nsga2:s60000:r0:PR1_HT1_EC1:ee51f2059906,WEN38,1,60000,0,PR1_HT1_EC1,cf9bc95d906238978e0c5ab26a1947d4104e026d3bac972323bf05453ec86ca7,benchmark,original,Full,5000,planning,12,2.463208271621368,131105.3333333333,-0.7973068745568526
WEN38:i1:nsga2:s60000:r0:PR1_HT1_EC1:ee51f2059906,WEN38,1,60000,0,PR1_HT1_EC1,cf9bc95d906238978e0c5ab26a1947d4104e026d3bac972323bf05453ec86ca7,benchmark,original,Full,5000,planning,13,2.4632491818170275,123206.66666666667,-0.7973068745568526
WEN38:i1:nsga2:s60000:r0:PR1_HT1_EC1:ee51f2059906,WEN38,1,60000,0,PR1_HT1_EC1,cf9bc95d906238978e0c5ab26a1947d4104e026d3bac972323bf05453ec86ca7,benchmark,original,Full,5000,planning,14,2.4633572512505815,91139.0,-0.0
WEN38:i1:nsga2:s60000:r0:PR1_HT1_EC1:ee51f2059906,WEN38,1,60000,0,PR1_HT1_EC1,cf9bc95d906238978e0c5ab26a1947d4104e026d3bac972323bf05453ec86ca7,benchmark,original,Full,5000,planning,15,2.4639969695319426,117226.0,-0.7973068745568526
WEN38:i1:nsga2:s60000:r0:PR1_HT1_EC1:ee51f2059906,WEN38,1,60000,0,PR1_HT1_EC1,cf9bc95d906238978e0c5ab26a1947d4104e026d3bac972323bf05453ec86ca7,benchmark,original,Full,5000,planning,16,2.464093489037799,109346.66666666667,-0.5166982497821664
WEN38:i1:nsga2:s60000:r0:PR1_HT1_EC1:ee51f2059906,WEN38,1,60000,0,PR1_HT1_EC1,cf9bc95d906238978e0c5ab26a1947d4104e026d3bac972323bf05453ec86ca7,benchmark,original,Full,5000,planning,17,2.4649739264387307,113646.66666666666,-0.7973068745568526
WEN38:i1:nsga2:s60000:r0:PR1_HT1_EC1:ee51f2059906,WEN38,1,60000,0,PR1_HT1_EC1,cf9bc95d906238978e0c5ab26a1947d4104e026d3bac972323bf05453ec86ca7,benchmark,original,Full,5000,planning,18,2.4649793855650852,110689.66666666667,-0.5178268909085091
WEN38:i1:nsga2:s60000:r0:PR1_HT1_EC1:ee51f2059906,WEN38,1,60000,0,PR1_HT1_EC1,cf9bc95d906238978e0c5ab26a1947d4104e026d3bac972323bf05453ec86ca7,benchmark,original,Full,5000,planning,19,2.46501275699812,111146.66666666667,-0.5360683777207669
WEN38:i1:nsga2:s60000:r0:PR1_HT1_EC1:ee51f2059906,WEN38,1,60000,0,PR1_HT1_EC1,cf9bc95d906238978e0c5ab26a1947d4104e026d3bac972323bf05453ec86ca7,benchmark,original,Full,5000,planning,20,2.4653602604123783,113038.16666666666,-0.5375647502633001
WEN38:i1:nsga2:s60000:r0:PR1_HT1_EC1:ee51f2059906,WEN38,1,60000,0,PR1_HT1_EC1,cf9bc95d906238978e0c5ab26a1947d4104e026d3bac972323bf05453ec86ca7,benchmark,original,Full,5000,planning,21,2.4655205413008296,112367.66666666667,-0.7973068745568526
WEN38:i1:nsga2:s60000:r0:PR1_HT1_EC1:ee51f2059906,WEN38,1,60000,0,PR1_HT1_EC1,cf9bc95d906238978e0c5ab26a1947d4104e026d3bac972323bf05453ec86ca7,benchmark,original,Full,5000,planning,22,2.46602466894174,102110.33333333334,-0.749408564443911
WEN38:i1:nsga2:s60000:r0:PR1_HT1_EC1:ee51f2059906,WEN38,1,60000,0,PR1_HT1_EC1,cf9bc95d906238978e0c5ab26a1947d4104e026d3bac972323bf05453ec86ca7,benchmark,original,Full,5000,planning,23,2.4660712569617296,102697.33333333334,-0.7503983130409324
WEN38:i1:nsga2:s60000:r0:PR1_HT1_EC1:ee51f2059906,WEN38,1,60000,0,PR1_HT1_EC1,cf9bc95d906238978e0c5ab26a1947d4104e026d3bac972323bf05453ec86ca7,benchmark,original,Full,5000,planning,24,2.4662353286959684,107438.33333333334,-0.7511049765744247
WEN38:i1:nsga2:s60000:r0:PR1_HT1_EC1:ee51f2059906,WEN38,1,60000,0,PR1_HT1_EC1,cf9bc95d906238978e0c5ab26a1947d4104e026d3bac972323bf05453ec86ca7,benchmark,original,Full,5000,planning,25,2.4668530422790367,103751.33333333334,-0.7526575839819998
WEN38:i1:nsga2:s60000:r0:PR1_HT1_EC1:ee51f2059906,WEN38,1,60000,0,PR1_HT1_EC1,cf9bc95d906238978e0c5ab26a1947d4104e026d3bac972323bf05453ec86ca7,benchmark,original,Full,5000,planning,26,2.4669601885836245,107506.33333333334,-0.7973068745568526
WEN38:i1:nsga2:s60000:r0:PR1_HT1_EC1:ee51f2059906,WEN38,1,60000,0,PR1_HT1_EC1,cf9bc95d906238978e0c5ab26a1947d4104e026d3bac972323bf05453ec86ca7,benchmark,original,Full,5000,planning,27,2.467029054166882,97187.0,-0.7495380019909135
WEN38:i1:nsga2:s60000:r0:PR1_HT1_EC1:ee51f2059906,WEN38,1,60000,0,PR1_HT1_EC1,cf9bc95d906238978e0c5ab26a1947d4104e026d3bac972323bf05453ec86ca7,benchmark,original,Full,5000,planning,28,2.469168310822438,105017.0,-0.7566575771716089
WEN38:i1:nsga2:s60000:r0:PR1_HT1_EC1:ee51f2059906,WEN38,1,60000,0,PR1_HT1_EC1,cf9bc95d906238978e0c5ab26a1947d4104e026d3bac972323bf05453ec86ca7,benchmark,original,Full,5000,planning,29,2.4999643940093916,97036.33333333333,-0.044676409188468824
WEN38:i1:nsga2:s60000:r0:PR1_HT1_EC1:ee51f2059906,WEN38,1,60000,0,PR1_HT1_EC1,cf9bc95d906238978e0c5ab26a1947d4104e026d3bac972323bf05453ec86ca7,benchmark,original,Full,5000,planning,30,2.5065820914818984,96783.33333333333,-0.16890664729635319
WEN38:i1:nsga2:s60000:r0:PR1_HT1_EC1:ee51f2059906,WEN38,1,60000,0,PR1_HT1_EC1,cf9bc95d906238978e0c5ab26a1947d4104e026d3bac972323bf05453ec86ca7,benchmark,original,Full,5000,planning,31,2.517355551473173,87271.33333333334,-0.0
WEN38:i1:nsga2:s60000:r0:PR1_HT1_EC1:ee51f2059906,WEN38,1,60000,0,PR1_HT1_EC1,cf9bc95d906238978e0c5ab26a1947d4104e026d3bac972323bf05453ec86ca7,benchmark,original,Full,5000,planning,32,2.5299076966320966,90017.33333333334,-0.16890664729635319
WEN38:i1:nsga2:s60000:r0:PR1_HT1_EC1:ee51f2059906,WEN38,1,60000,0,PR1_HT1_EC1,cf9bc95d906238978e0c5ab26a1947d4104e026d3bac972323bf05453ec86ca7,benchmark,original,Full,5000,planning,33,2.546119603081654,88244.0,-0.07405908539294614
WEN38:i1:nsga2:s60000:r0:PR1_HT1_EC1:ee51f2059906,WEN38,1,60000,0,PR1_HT1_EC1,cf9bc95d906238978e0c5ab26a1947d4104e026d3bac972323bf05453ec86ca7,benchmark,original,Full,5000,planning,34,2.557370488977446,93757.0,-0.24338624338815862
WEN38:i1:nsga2:s60000:r0:PR1_HT1_EC1:ee51f2059906,WEN38,1,60000,0,PR1_HT1_EC1,cf9bc95d906238978e0c5ab26a1947d4104e026d3bac972323bf05453ec86ca7,benchmark,original,Full,5000,planning,35,2.5575752538126286,93430.0,-0.24338624338815862
WEN38:i1:nsga2:s60000:r0:PR1_HT1_EC1:ee51f2059906,WEN38,1,60000,0,PR1_HT1_EC1,cf9bc95d906238978e0c5ab26a1947d4104e026d3bac972323bf05453ec86ca7,benchmark,original,Full,5000,planning,36,2.5626248640181535,96099.66666666667,-0.25253185233759723
WEN38:i1:nsga2:s60000:r0:PR1_HT1_EC1:ee51f2059906,WEN38,1,60000,0,PR1_HT1_EC1,cf9bc95d906238978e0c5ab26a1947d4104e026d3bac972323bf05453ec86ca7,benchmark,original,Full,5000,planning,37,2.574141518873351,93113.0,-0.19464977120969706
WEN38:i1:nsga2:s60000:r0:PR1_HT1_EC1:ee51f2059906,WEN38,1,60000,0,PR1_HT1_EC1,cf9bc95d906238978e0c5ab26a1947d4104e026d3bac972323bf05453ec86ca7,benchmark,original,Full,5000,planning,38,2.603021745662591,86920.0,-0.0
WEN38:i1:nsga2:s60000:r0:PR1_HT1_EC1:ee51f2059906,WEN38,1,60000,0,PR1_HT1_EC1,cf9bc95d906238978e0c5ab26a1947d4104e026d3bac972323bf05453ec86ca7,benchmark,original,Full,5000,planning,39,2.608425714479268,89233.0,-0.3079249848779
WEN38:i1:nsga2:s60000:r0:PR1_HT1_EC1:ee51f2059906,WEN38,1,60000,0,PR1_HT1_EC1,cf9bc95d906238978e0c5ab26a1947d4104e026d3bac972323bf05453ec86ca7,benchmark,original,Full,5000,planning,40,2.6160444246134276,96992.0,-0.32347723240854975
WEN38:i1:nsga2:s60000:r0:PR1_HT1_EC1:ee51f2059906,WEN38,1,60000,0,PR1_HT1_EC1,cf9bc95d906238978e0c5ab26a1947d4104e026d3bac972323bf05453ec86ca7,benchmark,original,Full,5000,planning,41,2.6213322182474093,95787.33333333334,-0.3385371494669016
WEN38:i1:nsga2:s60000:r0:PR1_HT1_EC1:ee51f2059906,WEN38,1,60000,0,PR1_HT1_EC1,cf9bc95d906238978e0c5ab26a1947d4104e026d3bac972323bf05453ec86ca7,benchmark,original,Full,5000,planning,42,2.6237517244008064,93559.33333333334,-0.3385371494669016
WEN38:i1:nsga2:s60000:r0:PR1_HT1_EC1:ee51f2059906,WEN38,1,60000,0,PR1_HT1_EC1,cf9bc95d906238978e0c5ab26a1947d4104e026d3bac972323bf05453ec86ca7,benchmark,original,Full,5000,planning,43,2.649060779551593,86883.33333333334,-0.0
WEN38:i1:nsga2:s60000:r0:PR1_HT1_EC1:ee51f2059906,WEN38,1,60000,0,PR1_HT1_EC1,cf9bc95d906238978e0c5ab26a1947d4104e026d3bac972323bf05453ec86ca7,benchmark,original,Full,5000,planning,44,2.649531313344939,82859.33333333334,-0.0
WEN38:i1:nsga2:s60000:r0:PR1_HT1_EC1:ee51f2059906,WEN38,1,60000,0,PR1_HT1_EC1,cf9bc95d906238978e0c5ab26a1947d4104e026d3bac972323bf05453ec86ca7,benchmark,original,Full,5000,planning,45,2.652189002926648,96988.66666666669,-0.3947089947105269
WEN38:i1:nsga2:s60000:r0:PR1_HT1_EC1:ee51f2059906,WEN38,1,60000,0,PR1_HT1_EC1,cf9bc95d906238978e0c5ab26a1947d4104e026d3bac972323bf05453ec86ca7,benchmark,original,Full,5000,planning,46,2.6528091304957453,92102.66666666667,-0.40057636887740955
WEN38:i1:nsga2:s60000:r0:PR1_HT1_EC1:ee51f2059906,WEN38,1,60000,0,PR1_HT1_EC1,cf9bc95d906238978e0c5ab26a1947d4104e026d3bac972323bf05453ec86ca7,benchmark,original,Full,5000,planning,47,2.653695027023031,89817.33333333334,-0.40057636887740955
WEN38:i1:nsga2:s60000:r0:PR1_HT1_EC1:ee51f2059906,WEN38,1,60000,0,PR1_HT1_EC1,cf9bc95d906238978e0c5ab26a1947d4104e026d3bac972323bf05453ec86ca7,benchmark,original,Full,5000,planning,48,2.6588056413522816,88026.33333333334,-0.044676409188468824
WEN38:i1:nsga2:s60000:r0:PR1_HT1_EC1:ee51f2059906,WEN38,1,60000,0,PR1_HT1_EC1,cf9bc95d906238978e0c5ab26a1947d4104e026d3bac972323bf05453ec86ca7,benchmark,original,Full,5000,planning,49,2.6624654026438748,83158.33333333334,-0.05998356614873046
WEN38:i1:nsga2:s60000:r0:PR1_HT1_EC1:ee51f2059906,WEN38,1,60000,0,PR1_HT1_EC1,cf9bc95d906238978e0c5ab26a1947d4104e026d3bac972323bf05453ec86ca7,benchmark,original,Full,5000,planning,50,2.687447684713307,86710.00000000001,-0.15758468336025544
WEN38:i1:nsga2:s60000:r0:PR1_HT1_EC1:ee51f2059906,WEN38,1,60000,0,PR1_HT1_EC1,cf9bc95d906238978e0c5ab26a1947d4104e026d3bac972323bf05453ec86ca7,benchmark,original,Full,5000,planning,51,2.702480340146698,95170.66666666667,-0.476430205950237
WEN38:i1:nsga2:s60000:r0:PR1_HT1_EC1:ee51f2059906,WEN38,1,60000,0,PR1_HT1_EC1,cf9bc95d906238978e0c5ab26a1947d4104e026d3bac972323bf05453ec86ca7,benchmark,original,Full,5000,planning,52,2.7057581572977036,88145.0,-0.4808259587034627
WEN38:i1:nsga2:s60000:r0:PR1_HT1_EC1:ee51f2059906,WEN38,1,60000,0,PR1_HT1_EC1,cf9bc95d906238978e0c5ab26a1947d4104e026d3bac972323bf05453ec86ca7,benchmark,original,Full,5000,planning,53,2.7333371248266616,84026.33333333334,-0.2798237330835036
WEN38:i1:nsga2:s60000:r0:PR1_HT1_EC1:ee51f2059906,WEN38,1,60000,0,PR1_HT1_EC1,cf9bc95d906238978e0c5ab26a1947d4104e026d3bac972323bf05453ec86ca7,benchmark,original,Full,5000,planning,54,2.7530650318553853,87910.33333333334,-0.3385371494669016
WEN38:i1:nsga2:s60000:r0:PR1_HT1_EC1:ee51f2059906,WEN38,1,60000,0,PR1_HT1_EC1,cf9bc95d906238978e0c5ab26a1947d4104e026d3bac972323bf05453ec86ca7,benchmark,original,Full,5000,planning,55,2.753269796690568,82461.33333333334,-0.3385371494669016
WEN38:i1:nsga2:s60000:r0:PR1_HT1_EC1:ee51f2059906,WEN38,1,60000,0,PR1_HT1_EC1,cf9bc95d906238978e0c5ab26a1947d4104e026d3bac972323bf05453ec86ca7,benchmark,original,Full,5000,planning,56,2.7849848923673637,80980.33333333334,-0.3385371494669016
WEN38:i1:nsga2:s60000:r0:PR1_HT1_EC1:ee51f2059906,WEN38,1,60000,0,PR1_HT1_EC1,cf9bc95d906238978e0c5ab26a1947d4104e026d3bac972323bf05453ec86ca7,benchmark,original,Full,5000,planning,57,2.8134221708932063,83429.33333333334,-0.3947089947105269
WEN38:i1:nsga2:s60001:r1:PR0_HT1_EC1:40665960a588,WEN38,1,60001,1,PR0_HT1_EC1,cf9bc95d906238978e0c5ab26a1947d4104e026d3bac972323bf05453ec86ca7,benchmark,original,No-PR,5000,planning,0,2.45830727212023,152839.0,-0.0
WEN38:i1:nsga2:s60001:r1:PR0_HT1_EC1:40665960a588,WEN38,1,60001,1,PR0_HT1_EC1,cf9bc95d906238978e0c5ab26a1947d4104e026d3bac972323bf05453ec86ca7,benchmark,original,No-PR,5000,planning,1,2.458867404239506,101509.5,-0.0
WEN38:i1:nsga2:s60001:r1:PR0_HT1_EC1:40665960a588,WEN38,1,60001,1,PR0_HT1_EC1,cf9bc95d906238978e0c5ab26a1947d4104e026d3bac972323bf05453ec86ca7,benchmark,original,No-PR,5000,planning,2,2.462107446975822,101089.0,-0.0
WEN38:i1:nsga2:s60001:r1:PR0_HT1_EC1:40665960a588,WEN38,1,60001,1,PR0_HT1_EC1,cf9bc95d906238978e0c5ab26a1947d4104e026d3bac972323bf05453ec86ca7,benchmark,original,No-PR,5000,planning,3,2.4638570014756036,97234.0,-0.0
WEN38:i1:nsga2:s60001:r1:PR0_HT1_EC1:40665960a588,WEN38,1,60001,1,PR0_HT1_EC1,cf9bc95d906238978e0c5ab26a1947d4104e026d3bac972323bf05453ec86ca7,benchmark,original,No-PR,5000,planning,4,2.470026602750049,134177.0,-0.0026155187479162123
WEN38:i1:nsga2:s60001:r1:PR0_HT1_EC1:40665960a588,WEN38,1,60001,1,PR0_HT1_EC1,cf9bc95d906238978e0c5ab26a1947d4104e026d3bac972323bf05453ec86ca7,benchmark,original,No-PR,5000,planning,5,2.4729234066779995,111938.0,-0.02762430939492333
WEN38:i1:nsga2:s60001:r1:PR0_HT1_EC1:40665960a588,WEN38,1,60001,1,PR0_HT1_EC1,cf9bc95d906238978e0c5ab26a1947d4104e026d3bac972323bf05453ec86ca7,benchmark,original,No-PR,5000,planning,6,2.473766708809726,108372.0,-0.02762430939492333
WEN38:i1:nsga2:s60001:r1:PR0_HT1_EC1:40665960a588,WEN38,1,60001,1,PR0_HT1_EC1,cf9bc95d906238978e0c5ab26a1947d4104e026d3bac972323bf05453ec86ca7,benchmark,original,No-PR,5000,planning,7,2.476705892369382,126430.5,-0.039462636443204246
WEN38:i1:nsga2:s60001:r1:PR0_HT1_EC1:40665960a588,WEN38,1,60001,1,PR0_HT1_EC1,cf9bc95d906238978e0c5ab26a1947d4104e026d3bac972323bf05453ec86ca7,benchmark,original,No-PR,5000,planning,8,2.482546188008283,121868.5,-0.044676409188468824
WEN38:i1:nsga2:s60001:r1:PR0_HT1_EC1:40665960a588,WEN38,1,60001,1,PR0_HT1_EC1,cf9bc95d906238978e0c5ab26a1947d4104e026d3bac972323bf05453ec86ca7,benchmark,original,No-PR,5000,planning,9,2.4961338956928607,110669.0,-0.1250478011497762
WEN38:i1:nsga2:s60001:r1:PR0_HT1_EC1:40665960a588,WEN38,1,60001,1,PR0_HT1_EC1,cf9bc95d906238978e0c5ab26a1947d4104e026d3bac972323bf05453ec86ca7,benchmark,original,No-PR,5000,planning,10,2.4971622654712355,133205.0,-0.14114114114363474
WEN38:i1:nsga2:s60001:r1:PR0_HT1_EC1:40665960a588,WEN38,1,60001,1,PR0_HT1_EC1,cf9bc95d906238978e0c5ab26a1947d4104e026d3bac972323bf05453ec86ca7,benchmark,original,No-PR,5000,planning,11,2.497415148931556,120012.0,-0.14114114114181575
WEN38:i1:nsga2:s60001:r1:PR0_HT1_EC1:40665960a588,WEN38,1,60001,1,PR0_HT1_EC1,cf9bc95d906238978e0c5ab26a1947d4104e026d3bac972323bf05453ec86ca7,benchmark,original,No-PR,5000,planning,12,2.497521069512426,95555.0,-0.0
WEN38:i1:nsga2:s60001:r1:PR0_HT1_EC1:40665960a588,WEN38,1,60001,1,PR0_HT1_EC1,cf9bc95d906238978e0c5ab26a1947d4104e026d3bac972323bf05453ec86ca7,benchmark,original,No-PR,5000,planning,13,2.49815948616693,145328.5,-0.15353311136004777
WEN38:i1:nsga2:s60001:r1:PR0_HT1_EC1:40665960a588,WEN38,1,60001,1,PR0_HT1_EC1,cf9bc95d906238978e0c5ab26a1947d4104e026d3bac972323bf05453ec86ca7,benchmark,original,No-PR,5000,planning,14,2.5006458130632376,127352.0,-0.15353311136004777
WEN38:i1:nsga2:s60001:r1:PR0_HT1_EC1:40665960a588,WEN38,1,60001,1,PR0_HT1_EC1,cf9bc95d906238978e0c5ab26a1947d4104e026d3bac972323bf05453ec86ca7,benchmark,original,No-PR,5000,planning,15,2.5023842039681767,126795.0,-0.15353311136004777
WEN38:i1:nsga2:s60001:r1:PR0_HT1_EC1:40665960a588,WEN38,1,60001,1,PR0_HT1_EC1,cf9bc95d906238978e0c5ab26a1947d4104e026d3bac972323bf05453ec86ca7,benchmark,original,No-PR,5000,planning,16,2.5046704003150775,112472.5,-0.17161477190711594
WEN38:i1:nsga2:s60001:r1:PR0_HT1_EC1:40665960a588,WEN38,1,60001,1,PR0_HT1_EC1,cf9bc95d906238978e0c5ab26a1947d4104e026d3bac972323bf05453ec86ca7,benchmark,original,No-PR,5000,planning,17,2.516484866874025,121631.0,-0.19464977120969706
WEN38:i1:nsga2:s60001:r1:PR0_HT1_EC1:40665960a588,WEN38,1,60001,1,PR0_HT1_EC1,cf9bc95d906238978e0c5ab26a1947d4104e026d3bac972323bf05453ec86ca7,benchmark,original,No-PR,5000,planning,18,2.5165263450337463,106561.0,-0.06267922982624441
WEN38:i1:nsga2:s60001:r1:PR0_HT1_EC1:40665960a588,WEN38,1,60001,1,PR0_HT1_EC1,cf9bc95d906238978e0c5ab26a1947d4104e026d3bac972323bf05453ec86ca7,benchmark,original,No-PR,5000,planning,19,2.5191486058189954,119533.0,-0.19464977120969706
WEN38:i1:nsga2:s60001:r1:PR0_HT1_EC1:40665960a588,WEN38,1,60001,1,PR0_HT1_EC1,cf9bc95d906238978e0c5ab26a1947d4104e026d3bac972323bf05453ec86ca7,benchmark,original,No-PR,5000,planning,20,2.522060403318214,93294.0,-0.0
WEN38:i1:nsga2:s60001:r1:PR0_HT1_EC1:40665960a588,WEN38,1,60001,1,PR0_HT1_EC1,cf9bc95d906238978e0c5ab26a1947d4104e026d3bac972323bf05453ec86ca7,benchmark,original,No-PR,5000,planning,21,2.5259583480382677,93122.5,-0.0
WEN38:i1:nsga2:s60001:r1:PR0_HT1_EC1:40665960a588,WEN38,1,60001,1,PR0_HT1_EC1,cf9bc95d906238978e0c5ab26a1947d4104e026d3bac972323bf05453ec86ca7,benchmark,original,No-PR,5000,planning,22,2.5261261008367932,127797.0,-0.23350083752211503
WEN38:i1:nsga2:s60001:r1:PR0_HT1_EC1:40665960a588,WEN38,1,60001,1,PR0_HT1_EC1,cf9bc95d906238978e0c5ab26a1947d4104e026d3bac972323bf05453ec86ca7,benchmark,original,No-PR,5000,planning,23,2.5282217589812097,126248.0,-0.23350083752302453
WEN38:i1:nsga2:s60001:r1:PR0_HT1_EC1:40665960a588,WEN38,1,60001,1,PR0_HT1_EC1,cf9bc95d906238978e0c5ab26a1947d4104e026d3bac972323bf05453ec86ca7,benchmark,original,No-PR,5000,planning,24,2.530538287249186,133708.0,-0.2428855062880757
WEN38:i1:nsga2:s60001:r1:PR0_HT1_EC1:40665960a588,WEN38,1,60001,1,PR0_HT1_EC1,cf9bc95d906238978e0c5ab26a1947d4104e026d3bac972323bf05453ec86ca7,benchmark,original,No-PR,5000,planning,25,2.5320527894019733,119847.0,-0.24338624338815862
WEN38:i1:nsga2:s60001:r1:PR0_HT1_EC1:40665960a588,WEN38,1,60001,1,PR0_HT1_EC1,cf9bc95d906238978e0c5ab26a1947d4104e026d3bac972323bf05453ec86ca7,benchmark,original,No-PR,5000,planning,26,2.5336656478263464,112823.0,-0.25253185233759723
WEN38:i1:nsga2:s60001:r1:PR0_HT1_EC1:40665960a588,WEN38,1,60001,1,PR0_HT1_EC1,cf9bc95d906238978e0c5ab26a1947d4104e026d3bac972323bf05453ec86ca7,benchmark,original,No-PR,5000,planning,27,2.535614620186397,96141.0,-0.06267922982624441
WEN38:i1:nsga2:s60001:r1:PR0_HT1_EC1:40665960a588,WEN38,1,60001,1,PR0_HT1_EC1,cf9bc95d906238978e0c5ab26a1947d4104e026d3bac972323bf05453ec86ca7,benchmark,original,No-PR,5000,planning,28,2.535998630203709,92285.0,-0.06267922982624441
WEN38:i1:nsga2:s60001:r1:PR0_HT1_EC1:40665960a588,WEN38,1,60001,1,PR0_HT1_EC1,cf9bc95d906238978e0c5ab26a1947d4104e026d3bac972323bf05453ec86ca7,benchmark,original,No-PR,5000,planning,29,2.5360575684500395,87545.0,-0.06267922982624441
WEN38:i1:nsga2:s60001:r1:PR0_HT1_EC1:40665960a588,WEN38,1,60001,1,PR0_HT1_EC1,cf9bc95d906238978e0c5ab26a1947d4104e026d3bac972323bf05453ec86ca7,benchmark,original,No-PR,5000,planning,30,2.536943464977325,82729.0,-0.06267922982624441
WEN38:i1:nsga2:s60001:r1:PR0_HT1_EC1:40665960a588,WEN38,1,60001,1,PR0_HT1_EC1,cf9bc95d906238978e0c5ab26a1947d4104e026d3bac972323bf05453ec86ca7,benchmark,original,No-PR,5000,planning,31,2.5387248582419915,112983.0,-0.2673711175175413
WEN38:i1:nsga2:s60001:r1:PR0_HT1_EC1:40665960a588,WEN38,1,60001,1,PR0_HT1_EC1,cf9bc95d906238978e0c5ab26a1947d4104e026d3bac972323bf05453ec86ca7,benchmark,original,No-PR,5000,planning,32,2.5406276226162143,141930.0,-0.2780056800274906
WEN38:i1:nsga2:s60001:r1:PR0_HT1_EC1:40665960a588,WEN38,1,60001,1,PR0_HT1_EC1,cf9bc95d906238978e0c5ab26a1947d4104e026d3bac972323bf05453ec86ca7,benchmark,original,No-PR,5000,planning,33,2.5428144877621364,140310.0,-0.2780056800274906
WEN38:i1:nsga2:s60001:r1:PR0_HT1_EC1:40665960a588,WEN38,1,60001,1,PR0_HT1_EC1,cf9bc95d906238978e0c5ab26a1947d4104e026d3bac972323bf05453ec86ca7,benchmark,original,No-PR,5000,planning,34,2.5434401610330157,117598.0,-0.2780056800274906
WEN38:i1:nsga2:s60001:r1:PR0_HT1_EC1:40665960a588,WEN38,1,60001,1,PR0_HT1_EC1,cf9bc95d906238978e0c5ab26a1947d4104e026d3bac972323bf05453ec86ca7,benchmark,original,No-PR,5000,planning,35,2.547885178300091,116876.0,-0.2780056800274906
WEN38:i1:nsga2:s60001:r1:PR0_HT1_EC1:40665960a588,WEN38,1,60001,1,PR0_HT1_EC1,cf9bc95d906238978e0c5ab26a1947d4104e026d3bac972323bf05453ec86ca7,benchmark,original,No-PR,5000,planning,36,2.5592680574649016,93817.0,-0.15353311136004777
WEN38:i1:nsga2:s60001:r1:PR0_HT1_EC1:40665960a588,WEN38,1,60001,1,PR0_HT1_EC1,cf9bc95d906238978e0c5ab26a1947d4104e026d3bac972323bf05453ec86ca7,benchmark,original,No-PR,5000,planning,37,2.5603311332976437,114030.0,-0.32347723240854975
WEN38:i1:nsga2:s60001:r1:PR0_HT1_EC1:40665960a588,WEN38,1,60001,1,PR0_HT1_EC1,cf9bc95d906238978e0c5ab26a1947d4104e026d3bac972323bf05453ec86ca7,benchmark,original,No-PR,5000,planning,38,2.5605969022558286,88832.0,-0.15975027543390752
WEN38:i1:nsga2:s60001:r1:PR0_HT1_EC1:40665960a588,WEN38,1,60001,1,PR0_HT1_EC1,cf9bc95d906238978e0c5ab26a1947d4104e026d3bac972323bf05453ec86ca7,benchmark,original,No-PR,5000,planning,39,2.5648910405289023,140278.0,-0.33313902652389515
WEN38:i1:nsga2:s60001:r1:PR0_HT1_EC1:40665960a588,WEN38,1,60001,1,PR0_HT1_EC1,cf9bc95d906238978e0c5ab26a1947d4104e026d3bac972323bf05453ec86ca7,benchmark,original,No-PR,5000,planning,40,2.5658416314805503,126406.0,-0.33313902652298566
WEN38:i1:nsga2:s60001:r1:PR0_HT1_EC1:40665960a588,WEN38,1,60001,1,PR0_HT1_EC1,cf9bc95d906238978e0c5ab26a1947d4104e026d3bac972323bf05453ec86ca7,benchmark,original,No-PR,5000,planning,41,2.5661706262159956,122430.0,-0.33313902652480465
WEN38:i1:nsga2:s60001:r1:PR0_HT1_EC1:40665960a588,WEN38,1,60001,1,PR0_HT1_EC1,cf9bc95d906238978e0c5ab26a1947d4104e026d3bac972323bf05453ec86ca7,benchmark,original,No-PR,5000,planning,42,2.5673715669444404,118143.0,-0.33313902652298566
WEN38:i1:nsga2:s60001:r1:PR0_HT1_EC1:40665960a588,WEN38,1,60001,1,PR0_HT1_EC1,cf9bc95d906238978e0c5ab26a1947d4104e026d3bac972323bf05453ec86ca7,benchmark,original,No-PR,5000,planning,43,2.56945586752868,111596.0,-0.3444126074518863
WEN38:i1:nsga2:s60001:r1:PR0_HT1_EC1:40665960a588,WEN38,1,60001,1,PR0_HT1_EC1,cf9bc95d906238978e0c5ab26a1947d4104e026d3bac972323bf05453ec86ca7,benchmark,original,No-PR,5000,planning,44,2.5714934295419285,103200.0,-0.19464977120969706
WEN38:i1:nsga2:s60001:r1:PR0_HT1_EC1:40665960a588,WEN38,1,60001,1,PR0_HT1_EC1,cf9bc95d906238978e0c5ab26a1947d4104e026d3bac972323bf05453ec86ca7,benchmark,original,No-PR,5000,planning,45,2.5789646117775122,110259.0,-0.3079249848779
WEN38:i1:nsga2:s60001:r1:PR0_HT1_EC1:40665960a588,WEN38,1,60001,1,PR0_HT1_EC1,cf9bc95d906238978e0c5ab26a1947d4104e026d3bac972323bf05453ec86ca7,benchmark,original,No-PR,5000,planning,46,2.585450674643832,108718.0,-0.23350083752302453
WEN38:i1:nsga2:s60001:r1:PR0_HT1_EC1:40665960a588,WEN38,1,60001,1,PR0_HT1_EC1,cf9bc95d906238978e0c5ab26a1947d4104e026d3bac972323bf05453ec86ca7,benchmark,original,No-PR,5000,planning,47,2.5926074182975816,140114.0,-0.39019189765622286
WEN38:i1:nsga2:s60001:r1:PR0_HT1_EC1:40665960a588,WEN38,1,60001,1,PR0_HT1_EC1,cf9bc95d906238978e0c5ab26a1947d4104e026d3bac972323bf05453ec86ca7,benchmark,original,No-PR,5000,planning,48,2.593375073765367,82097.0,-0.0
WEN38:i1:nsga2:s60001:r1:PR0_HT1_EC1:40665960a588,WEN38,1,60001,1,PR0_HT1_EC1,cf9bc95d906238978e0c5ab26a1947d4104e026d3bac972323bf05453ec86ca7,benchmark,original,No-PR,5000,planning,49,2.596032763347946,84083.0,-0.15353311136004777
WEN38:i1:nsga2:s60001:r1:PR0_HT1_EC1:40665960a588,WEN38,1,60001,1,PR0_HT1_EC1,cf9bc95d906238978e0c5ab26a1947d4104e026d3bac972323bf05453ec86ca7,benchmark,original,No-PR,5000,planning,50,2.597300239449037,139730.0,-0.39019189765622286
WEN38:i1:nsga2:s60001:r1:PR0_HT1_EC1:40665960a588,WEN38,1,60001,1,PR0_HT1_EC1,cf9bc95d906238978e0c5ab26a1947d4104e026d3bac972323bf05453ec86ca7,benchmark,original,No-PR,5000,planning,51,2.599044811539989,96028.0,-0.1825652018596884
WEN38:i1:nsga2:s60001:r1:PR0_HT1_EC1:40665960a588,WEN38,1,60001,1,PR0_HT1_EC1,cf9bc95d906238978e0c5ab26a1947d4104e026d3bac972323bf05453ec86ca7,benchmark,original,No-PR,5000,planning,52,2.5994877598037767,78761.0,-0.0
WEN38:i1:nsga2:s60001:r1:PR0_HT1_EC1:40665960a588,WEN38,1,60001,1,PR0_HT1_EC1,cf9bc95d906238978e0c5ab26a1947d4104e026d3bac972323bf05453ec86ca7,benchmark,original,No-PR,5000,planning,53,2.5994877598036332,92710.0,-0.25253185233759723
WEN38:i1:nsga2:s60001:r1:PR0_HT1_EC1:40665960a588,WEN38,1,60001,1,PR0_HT1_EC1,cf9bc95d906238978e0c5ab26a1947d4104e026d3bac972323bf05453ec86ca7,benchmark,original,No-PR,5000,planning,54,2.6009937839003068,100030.0,-0.33313902652480465
WEN38:i1:nsga2:s60001:r1:PR0_HT1_EC1:40665960a588,WEN38,1,60001,1,PR0_HT1_EC1,cf9bc95d906238978e0c5ab26a1947d4104e026d3bac972323bf05453ec86ca7,benchmark,original,No-PR,5000,planning,55,2.601131043176772,96037.0,-0.2798237330835036
WEN38:i1:nsga2:s60001:r1:PR0_HT1_EC1:40665960a588,WEN38,1,60001,1,PR0_HT1_EC1,cf9bc95d906238978e0c5ab26a1947d4104e026d3bac972323bf05453ec86ca7,benchmark,original,No-PR,5000,planning,56,2.6012595528582017,85585.0,-0.2798237330835036
WEN38:i1:nsga2:s60001:r1:PR0_HT1_EC1:40665960a588,WEN38,1,60001,1,PR0_HT1_EC1,cf9bc95d906238978e0c5ab26a1947d4104e026d3bac972323bf05453ec86ca7,benchmark,original,No-PR,5000,planning,57,2.6237613246515243,95940.0,-0.33313902652480465
WEN38:i1:nsga2:s60001:r1:PR0_HT1_EC1:40665960a588,WEN38,1,60001,1,PR0_HT1_EC1,cf9bc95d906238978e0c5ab26a1947d4104e026d3bac972323bf05453ec86ca7,benchmark,original,No-PR,5000,planning,58,2.627304910760686,77654.5,-0.0
WEN38:i1:nsga2:s60001:r1:PR0_HT1_EC1:40665960a588,WEN38,1,60001,1,PR0_HT1_EC1,cf9bc95d906238978e0c5ab26a1947d4104e026d3bac972323bf05453ec86ca7,benchmark,original,No-PR,5000,planning,59,2.632797469230991,82763.0,-0.15353311136004777
WEN38:i1:nsga2:s60001:r1:PR0_HT1_EC1:40665960a588,WEN38,1,60001,1,PR0_HT1_EC1,cf9bc95d906238978e0c5ab26a1947d4104e026d3bac972323bf05453ec86ca7,benchmark,original,No-PR,5000,planning,60,2.632974648534998,84146.0,-0.2798237330835036
WEN38:i1:nsga2:s60001:r1:PR0_HT1_EC1:40665960a588,WEN38,1,60001,1,PR0_HT1_EC1,cf9bc95d906238978e0c5ab26a1947d4104e026d3bac972323bf05453ec86ca7,benchmark,original,No-PR,5000,planning,61,2.63315182784069,92150.0,-0.34591194968743366
WEN38:i1:nsga2:s60001:r1:PR0_HT1_EC1:40665960a588,WEN38,1,60001,1,PR0_HT1_EC1,cf9bc95d906238978e0c5ab26a1947d4104e026d3bac972323bf05453ec86ca7,benchmark,original,No-PR,5000,planning,62,2.6338605450622836,84092.0,-0.2798237330835036
WEN38:i1:nsga2:s60001:r1:PR0_HT1_EC1:40665960a588,WEN38,1,60001,1,PR0_HT1_EC1,cf9bc95d906238978e0c5ab26a1947d4104e026d3bac972323bf05453ec86ca7,benchmark,original,No-PR,5000,planning,63,2.637049772560508,83624.0,-0.3472182596306084
WEN38:i1:nsga2:s60001:r1:PR0_HT1_EC1:40665960a588,WEN38,1,60001,1,PR0_HT1_EC1,cf9bc95d906238978e0c5ab26a1947d4104e026d3bac972323bf05453ec86ca7,benchmark,original,No-PR,5000,planning,64,2.6399732311012736,79132.0,-0.06267922982624441
WEN38:i1:nsga2:s60001:r1:PR0_HT1_EC1:40665960a588,WEN38,1,60001,1,PR0_HT1_EC1,cf9bc95d906238978e0c5ab26a1947d4104e026d3bac972323bf05453ec86ca7,benchmark,original,No-PR,5000,planning,65,2.6407705379751043,98737.0,-0.4140845070432988
WEN38:i1:nsga2:s60001:r1:PR0_HT1_EC1:40665960a588,WEN38,1,60001,1,PR0_HT1_EC1,cf9bc95d906238978e0c5ab26a1947d4104e026d3bac972323bf05453ec86ca7,benchmark,original,No-PR,5000,planning,66,2.6469718136676414,75633.0,-0.0
WEN38:i1:nsga2:s60001:r1:PR0_HT1_EC1:40665960a588,WEN38,1,60001,1,PR0_HT1_EC1,cf9bc95d906238978e0c5ab26a1947d4104e026d3bac972323bf05453ec86ca7,benchmark,original,No-PR,5000,planning,67,2.65308449970467,85195.0,-0.3926201221147494
WEN38:i1:nsga2:s60001:r1:PR0_HT1_EC1:40665960a588,WEN38,1,60001,1,PR0_HT1_EC1,cf9bc95d906238978e0c5ab26a1947d4104e026d3bac972323bf05453ec86ca7,benchmark,original,No-PR,5000,planning,68,2.6581341099101214,82320.0,-0.34591194968743366
WEN38:i1:nsga2:s60001:r1:PR0_HT1_EC1:40665960a588,WEN38,1,60001,1,PR0_HT1_EC1,cf9bc95d906238978e0c5ab26a1947d4104e026d3bac972323bf05453ec86ca7,benchmark,original,No-PR,5000,planning,69,2.6608803891459196,78863.0,-0.06267922982624441
WEN38:i1:nsga2:s60001:r1:PR0_HT1_EC1:40665960a588,WEN38,1,60001,1,PR0_HT1_EC1,cf9bc95d906238978e0c5ab26a1947d4104e026d3bac972323bf05453ec86ca7,benchmark,original,No-PR,5000,planning,70,2.6621502956890657,86772.0,-0.4019864087831593
WEN38:i1:nsga2:s60001:r1:PR0_HT1_EC1:40665960a588,WEN38,1,60001,1,PR0_HT1_EC1,cf9bc95d906238978e0c5ab26a1947d4104e026d3bac972323bf05453ec86ca7,benchmark,original,No-PR,5000,planning,71,2.664689744211853,82646.0,-0.3527581329581153
WEN38:i1:nsga2:s60001:r1:PR0_HT1_EC1:40665960a588,WEN38,1,60001,1,PR0_HT1_EC1,cf9bc95d906238978e0c5ab26a1947d4104e026d3bac972323bf05453ec86ca7,benchmark,original,No-PR,5000,planning,72,2.6657528200445357,84484.0,-0.4140845070432988
WEN38:i1:nsga2:s60001:r1:PR0_HT1_EC1:40665960a588,WEN38,1,60001,1,PR0_HT1_EC1,cf9bc95d906238978e0c5ab26a1947d4104e026d3bac972323bf05453ec86ca7,benchmark,original,No-PR,5000,planning,73,2.6784173731978287,124303.0,-0.4349222030141391
WEN38:i1:nsga2:s60001:r1:PR0_HT1_EC1:40665960a588,WEN38,1,60001,1,PR0_HT1_EC1,cf9bc95d906238978e0c5ab26a1947d4104e026d3bac972323bf05453ec86ca7,benchmark,original,No-PR,5000,planning,74,2.6792671168832936,113877.0,-0.4349222030141391
WEN38:i1:nsga2:s60001:r1:PR0_HT1_EC1:40665960a588,WEN38,1,60001,1,PR0_HT1_EC1,cf9bc95d906238978e0c5ab26a1947d4104e026d3bac972323bf05453ec86ca7,benchmark,original,No-PR,5000,planning,75,2.6793956265647223,92296.0,-0.4349222030141391
WEN38:i1:nsga2:s60001:r1:PR0_HT1_EC1:40665960a588,WEN38,1,60001,1,PR0_HT1_EC1,cf9bc95d906238978e0c5ab26a1947d4104e026d3bac972323bf05453ec86ca7,benchmark,original,No-PR,5000,planning,76,2.6809016506618355,74573.0,-0.0
WEN38:i1:nsga2:s60001:r1:PR0_HT1_EC1:40665960a588,WEN38,1,60001,1,PR0_HT1_EC1,cf9bc95d906238978e0c5ab26a1947d4104e026d3bac972323bf05453ec86ca7,benchmark,original,No-PR,5000,planning,77,2.6831163919793175,82235.0,-0.3947089947105269
WEN38:i1:nsga2:s60001:r1:PR0_HT1_EC1:40665960a588,WEN38,1,60001,1,PR0_HT1_EC1,cf9bc95d906238978e0c5ab26a1947d4104e026d3bac972323bf05453ec86ca7,benchmark,original,No-PR,5000,planning,78,2.690292153850325,100352.0,-0.45354669214339083
WEN38:i1:nsga2:s60001:r1:PR0_HT1_EC1:40665960a588,WEN38,1,60001,1,PR0_HT1_EC1,cf9bc95d906238978e0c5ab26a1947d4104e026d3bac972323bf05453ec86ca7,benchmark,original,No-PR,5000,planning,79,2.6916209986412527,87882.0,-0.45354669214339083
WEN38:i1:nsga2:s60001:r1:PR0_HT1_EC1:40665960a588,WEN38,1,60001,1,PR0_HT1_EC1,cf9bc95d906238978e0c5ab26a1947d4104e026d3bac972323bf05453ec86ca7,benchmark,original,No-PR,5000,planning,80,2.6926840744747187,77979.0,-0.15353311136004777
WEN38:i1:nsga2:s60001:r1:PR0_HT1_EC1:40665960a588,WEN38,1,60001,1,PR0_HT1_EC1,cf9bc95d906238978e0c5ab26a1947d4104e026d3bac972323bf05453ec86ca7,benchmark,original,No-PR,5000,planning,81,2.6990625294712327,77691.0,-0.2673711175175413
WEN38:i1:nsga2:s60001:r1:PR0_HT1_EC1:40665960a588,WEN38,1,60001,1,PR0_HT1_EC1,cf9bc95d906238978e0c5ab26a1947d4104e026d3bac972323bf05453ec86ca7,benchmark,original,No-PR,5000,planning,82,2.7126167463379023,84105.0,-0.4430379746845574
WEN38:i1:nsga2:s60001:r1:PR0_HT1_EC1:40665960a588,WEN38,1,60001,1,PR0_HT1_EC1,cf9bc95d906238978e0c5ab26a1947d4104e026d3bac972323bf05453ec86ca7,benchmark,original,No-PR,5000,planning,83,2.7197925082089087,100987.0,-0.4932447397568467
WEN38:i1:nsga2:s60001:r1:PR0_HT1_EC1:40665960a588,WEN38,1,60001,1,PR0_HT1_EC1,cf9bc95d906238978e0c5ab26a1947d4104e026d3bac972323bf05453ec86ca7,benchmark,original,No-PR,5000,planning,84,2.720235456472552,94544.0,-0.4932447397568467
WEN38:i1:nsga2:s60001:r1:PR0_HT1_EC1:40665960a588,WEN38,1,60001,1,PR0_HT1_EC1,cf9bc95d906238978e0c5ab26a1947d4104e026d3bac972323bf05453ec86ca7,benchmark,original,No-PR,5000,planning,85,2.7351433694121177,92326.5,-0.476430205950237
WEN38:i1:nsga2:s60001:r1:PR0_HT1_EC1:40665960a588,WEN38,1,60001,1,PR0_HT1_EC1,cf9bc95d906238978e0c5ab26a1947d4104e026d3bac972323bf05453ec86ca7,benchmark,original,No-PR,5000,planning,86,2.735384287089121,91848.5,-0.476430205950237
WEN38:i1:nsga2:s60001:r1:PR0_HT1_EC1:40665960a588,WEN38,1,60001,1,PR0_HT1_EC1,cf9bc95d906238978e0c5ab26a1947d4104e026d3bac972323bf05453ec86ca7,benchmark,original,No-PR,5000,planning,87,2.7378647973698707,74149.5,-0.0
WEN38:i1:nsga2:s60001:r1:PR0_HT1_EC1:40665960a588,WEN38,1,60001,1,PR0_HT1_EC1,cf9bc95d906238978e0c5ab26a1947d4104e026d3bac972323bf05453ec86ca7,benchmark,original,No-PR,5000,planning,88,2.743002997223771,92881.0,-0.5210383085623107
WEN38:i1:nsga2:s60001:r1:PR0_HT1_EC1:40665960a588,WEN38,1,60001,1,PR0_HT1_EC1,cf9bc95d906238978e0c5ab26a1947d4104e026d3bac972323bf05453ec86ca7,benchmark,original,No-PR,5000,planning,89,2.744066073060147,73320.0,-0.0
WEN38:i1:nsga2:s60001:r1:PR0_HT1_EC1:40665960a588,WEN38,1,60001,1,PR0_HT1_EC1,cf9bc95d906238978e0c5ab26a1947d4104e026d3bac972323bf05453ec86ca7,benchmark,original,No-PR,5000,planning,90,2.746546583332587,82977.0,-0.4470758820689298
WEN38:i1:nsga2:s60001:r1:PR0_HT1_EC1:40665960a588,WEN38,1,60001,1,PR0_HT1_EC1,cf9bc95d906238978e0c5ab26a1947d4104e026d3bac972323bf05453ec86ca7,benchmark,original,No-PR,5000,planning,91,2.7607209277706053,75681.0,-0.19464977120969706
WEN38:i1:nsga2:s60001:r1:PR0_HT1_EC1:40665960a588,WEN38,1,60001,1,PR0_HT1_EC1,cf9bc95d906238978e0c5ab26a1947d4104e026d3bac972323bf05453ec86ca7,benchmark,original,No-PR,5000,planning,92,2.764618872493872,72940.5,-0.0
WEN38:i1:nsga2:s60001:r1:PR0_HT1_EC1:40665960a588,WEN38,1,60001,1,PR0_HT1_EC1,cf9bc95d906238978e0c5ab26a1947d4104e026d3bac972323bf05453ec86ca7,benchmark,original,No-PR,5000,planning,93,2.771174506793603,75249.0,-0.06267922982624441
WEN38:i1:nsga2:s60001:r1:PR0_HT1_EC1:40665960a588,WEN38,1,60001,1,PR0_HT1_EC1,cf9bc95d906238978e0c5ab26a1947d4104e026d3bac972323bf05453ec86ca7,benchmark,original,No-PR,5000,planning,94,2.7830455202577697,73949.0,-0.27640733712996735
WEN38:i1:nsga2:s60001:r1:PR0_HT1_EC1:40665960a588,WEN38,1,60001,1,PR0_HT1_EC1,cf9bc95d906238978e0c5ab26a1947d4104e026d3bac972323bf05453ec86ca7,benchmark,original,No-PR,5000,planning,95,2.796511147476125,71625.5,-0.0
WEN38:i1:nsga2:s60001:r1:PR0_HT1_EC1:40665960a588,WEN38,1,60001,1,PR0_HT1_EC1,cf9bc95d906238978e0c5ab26a1947d4104e026d3bac972323bf05453ec86ca7,benchmark,original,No-PR,5000,planning,96,2.830618163772604,81708.0,-0.3512900482010082
WEN38:i1:nsga2:s60001:r1:PR0_HT1_EC1:40665960a588,WEN38,1,60001,1,PR0_HT1_EC1,cf9bc95d906238978e0c5ab26a1947d4104e026d3bac972323bf05453ec86ca7,benchmark,original,No-PR,5000,planning,97,2.859055442298321,82378.0,-0.40540540540587244
WEN38:i1:nsga2:s60001:r1:PR0_HT1_EC1:40665960a588,WEN38,1,60001,1,PR0_HT1_EC1,cf9bc95d906238978e0c5ab26a1947d4104e026d3bac972323bf05453ec86ca7,benchmark,original,No-PR,5000,planning,98,2.8594983905619866,78576.0,-0.40540540540587244
WEN38:i1:nsga2:s60001:r1:PR0_HT1_EC1:40665960a588,WEN38,1,60001,1,PR0_HT1_EC1,cf9bc95d906238978e0c5ab26a1947d4104e026d3bac972323bf05453ec86ca7,benchmark,original,No-PR,5000,planning,99,2.892542331030172,80945.0,-0.4140845070432988
WEN38:i1:nsga2:s60001:r1:PR0_HT1_EC1:40665960a588,WEN38,1,60001,1,PR0_HT1_EC1,cf9bc95d906238978e0c5ab26a1947d4104e026d3bac972323bf05453ec86ca7,benchmark,original,No-PR,5000,planning,100,2.902139664932064,77346.0,-0.2780056800274906
WEN38:i1:nsga2:s60001:r1:PR0_HT1_EC1:40665960a588,WEN38,1,60001,1,PR0_HT1_EC1,cf9bc95d906238978e0c5ab26a1947d4104e026d3bac972323bf05453ec86ca7,benchmark,original,No-PR,5000,planning,101,2.9021986031783946,75748.0,-0.2780056800274906
WEN38:i1:nsga2:s60001:r1:PR0_HT1_EC1:40665960a588,WEN38,1,60001,1,PR0_HT1_EC1,cf9bc95d906238978e0c5ab26a1947d4104e026d3bac972323bf05453ec86ca7,benchmark,original,No-PR,5000,planning,102,2.918587688935971,70381.0,-0.0
WEN38:i1:nsga2:s60001:r1:PR0_HT1_EC1:40665960a588,WEN38,1,60001,1,PR0_HT1_EC1,cf9bc95d906238978e0c5ab26a1947d4104e026d3bac972323bf05453ec86ca7,benchmark,original,No-PR,5000,planning,103,2.927269474903362,69674.5,-0.0
WEN38:i1:nsga2:s60001:r1:PR0_HT1_EC1:40665960a588,WEN38,1,60001,1,PR0_HT1_EC1,cf9bc95d906238978e0c5ab26a1947d4104e026d3bac972323bf05453ec86ca7,benchmark,original,No-PR,5000,planning,104,2.948176632947283,69167.5,-0.0
WEN38:i1:nsga2:s60001:r1:PR0_HT1_EC1:40665960a588,WEN38,1,60001,1,PR0_HT1_EC1,cf9bc95d906238978e0c5ab26a1947d4104e026d3bac972323bf05453ec86ca7,benchmark,original,No-PR,5000,planning,105,2.948796760516383,68070.0,-0.0
WEN38:i1:nsga2:s60001:r1:PR0_HT1_EC1:40665960a588,WEN38,1,60001,1,PR0_HT1_EC1,cf9bc95d906238978e0c5ab26a1947d4104e026d3bac972323bf05453ec86ca7,benchmark,original,No-PR,5000,planning,106,3.0168336138078358,88104.5,-0.46328876378174755
WEN38:i1:nsga2:s60001:r1:PR0_HT1_EC1:40665960a588,WEN38,1,60001,1,PR0_HT1_EC1,cf9bc95d906238978e0c5ab26a1947d4104e026d3bac972323bf05453ec86ca7,benchmark,original,No-PR,5000,planning,107,3.0760411532388474,75798.0,-0.33313902652480465
WEN38:i1:nsga2:s60001:r1:PR0_HT1_EC1:40665960a588,WEN38,1,60001,1,PR0_HT1_EC1,cf9bc95d906238978e0c5ab26a1947d4104e026d3bac972323bf05453ec86ca7,benchmark,original,No-PR,5000,planning,108,3.0831872637048443,73489.0,-0.19464977120969706
WEN38:i1:nsga2:s60001:r1:PR0_HT1_EC1:40665960a588,WEN38,1,60001,1,PR0_HT1_EC1,cf9bc95d906238978e0c5ab26a1947d4104e026d3bac972323bf05453ec86ca7,benchmark,original,No-PR,5000,planning,109,3.0846046981491426,67491.0,-0.0
WEN38:i1:nsga2:s60001:r1:PR0_HT1_EC1:40665960a588,WEN38,1,60001,1,PR0_HT1_EC1,cf9bc95d906238978e0c5ab26a1947d4104e026d3bac972323bf05453ec86ca7,benchmark,original,No-PR,5000,planning,110,3.0963871219620307,66711.5,-0.0
WEN38:i1:nsga2:s60001:r1:PR0_HT1_EC1:40665960a588,WEN38,1,60001,1,PR0_HT1_EC1,cf9bc95d906238978e0c5ab26a1947d4104e026d3bac972323bf05453ec86ca7,benchmark,original,No-PR,5000,planning,111,3.1231411970860323,65535.0,-0.0
WEN38:i1:nsga2:s60001:r1:PR0_HT1_EC1:40665960a588,WEN38,1,60001,1,PR0_HT1_EC1,cf9bc95d906238978e0c5ab26a1947d4104e026d3bac972323bf05453ec86ca7,benchmark,original,No-PR,5000,planning,112,3.151578475611874,64154.5,-0.0
WEN38:i1:nsga2:s60001:r1:PR0_HT1_EC1:40665960a588,WEN38,1,60001,1,PR0_HT1_EC1,cf9bc95d906238978e0c5ab26a1947d4104e026d3bac972323bf05453ec86ca7,benchmark,original,No-PR,5000,planning,113,3.215628794534566,63976.0,-0.0
WEN38:i1:nsga2:s60001:r1:PR0_HT1_EC1:40665960a588,WEN38,1,60001,1,PR0_HT1_EC1,cf9bc95d906238978e0c5ab26a1947d4104e026d3bac972323bf05453ec86ca7,benchmark,original,No-PR,5000,planning,114,3.2298917286238513,63943.0,-0.0
WEN38:i1:nsga2:s60001:r1:PR0_HT1_EC1:40665960a588,WEN38,1,60001,1,PR0_HT1_EC1,cf9bc95d906238978e0c5ab26a1947d4104e026d3bac972323bf05453ec86ca7,benchmark,original,No-PR,5000,planning,115,3.249292862571388,63139.5,-0.0
WEN38:i1:nsga2:s60001:r1:PR1_HT0_EC1:78ea841c0ff5,WEN38,1,60001,1,PR1_HT0_EC1,cf9bc95d906238978e0c5ab26a1947d4104e026d3bac972323bf05453ec86ca7,benchmark,original,No-HT,5000,planning,0,2.4591123511245927,85019.66666666667,-0.0
WEN38:i1:nsga2:s60001:r1:PR1_HT0_EC1:78ea841c0ff5,WEN38,1,60001,1,PR1_HT0_EC1,cf9bc95d906238978e0c5ab26a1947d4104e026d3bac972323bf05453ec86ca7,benchmark,original,No-HT,5000,planning,1,2.459112351124148,94669.33333333334,-0.43749121275504876
WEN38:i1:nsga2:s60001:r1:PR1_HT0_EC1:78ea841c0ff5,WEN38,1,60001,1,PR1_HT0_EC1,cf9bc95d906238978e0c5ab26a1947d4104e026d3bac972323bf05453ec86ca7,benchmark,original,No-HT,5000,planning,2,2.459424723829552,100002.5,-0.43836206064315775
WEN38:i1:nsga2:s60001:r1:PR1_HT0_EC1:78ea841c0ff5,WEN38,1,60001,1,PR1_HT0_EC1,cf9bc95d906238978e0c5ab26a1947d4104e026d3bac972323bf05453ec86ca7,benchmark,original,No-HT,5000,planning,3,2.459998247651505,84888.66666666667,-0.0
WEN38:i1:nsga2:s60001:r1:PR1_HT0_EC1:78ea841c0ff5,WEN38,1,60001,1,PR1_HT0_EC1,cf9bc95d906238978e0c5ab26a1947d4104e026d3bac972323bf05453ec86ca7,benchmark,original,No-HT,5000,planning,4,2.463417638115608,81993.66666666667,-0.0
WEN38:i1:nsga2:s60001:r1:PR1_HT0_EC1:78ea841c0ff5,WEN38,1,60001,1,PR1_HT0_EC1,cf9bc95d906238978e0c5ab26a1947d4104e026d3bac972323bf05453ec86ca7,benchmark,original,No-HT,5000,planning,5,2.4636108976864683,115596.33333333334,-0.5165697360844206
WEN38:i1:nsga2:s60001:r1:PR1_HT0_EC1:78ea841c0ff5,WEN38,1,60001,1,PR1_HT0_EC1,cf9bc95d906238978e0c5ab26a1947d4104e026d3bac972323bf05453ec86ca7,benchmark,original,No-HT,5000,planning,6,2.4638605863792504,81769.66666666667,-0.0
WEN38:i1:nsga2:s60001:r1:PR1_HT0_EC1:78ea841c0ff5,WEN38,1,60001,1,PR1_HT0_EC1,cf9bc95d906238978e0c5ab26a1947d4104e026d3bac972323bf05453ec86ca7,benchmark,original,No-HT,5000,planning,7,2.464673229509607,117842.33333333334,-0.6102481779344089
WEN38:i1:nsga2:s60001:r1:PR1_HT0_EC1:78ea841c0ff5,WEN38,1,60001,1,PR1_HT0_EC1,cf9bc95d906238978e0c5ab26a1947d4104e026d3bac972323bf05453ec86ca7,benchmark,original,No-HT,5000,planning,8,2.464753953452827,116399.33333333334,-0.6050307770547079
WEN38:i1:nsga2:s60001:r1:PR1_HT0_EC1:78ea841c0ff5,WEN38,1,60001,1,PR1_HT0_EC1,cf9bc95d906238978e0c5ab26a1947d4104e026d3bac972323bf05453ec86ca7,benchmark,original,No-HT,5000,planning,9,2.4648488798860813,101041.5,-0.5191142053417934
WEN38:i1:nsga2:s60001:r1:PR1_HT0_EC1:78ea841c0ff5,WEN38,1,60001,1,PR1_HT0_EC1,cf9bc95d906238978e0c5ab26a1947d4104e026d3bac972323bf05453ec86ca7,benchmark,original,No-HT,5000,planning,10,2.4653036338750915,101372.66666666667,-0.5985670032496273
WEN38:i1:nsga2:s60001:r1:PR1_HT0_EC1:78ea841c0ff5,WEN38,1,60001,1,PR1_HT0_EC1,cf9bc95d906238978e0c5ab26a1947d4104e026d3bac972323bf05453ec86ca7,benchmark,original,No-HT,5000,planning,11,2.4655591260368928,107619.33333333334,-0.6135982616860929
WEN38:i1:nsga2:s60001:r1:PR1_HT0_EC1:78ea841c0ff5,WEN38,1,60001,1,PR1_HT0_EC1,cf9bc95d906238978e0c5ab26a1947d4104e026d3bac972323bf05453ec86ca7,benchmark,original,No-HT,5000,planning,12,2.4655956052413472,100001.83333333334,-0.5215040652255993
WEN38:i1:nsga2:s60001:r1:PR1_HT0_EC1:78ea841c0ff5,WEN38,1,60001,1,PR1_HT0_EC1,cf9bc95d906238978e0c5ab26a1947d4104e026d3bac972323bf05453ec86ca7,benchmark,original,No-HT,5000,planning,13,2.465970081889399,98413.66666666666,-0.5546920705755838
WEN38:i1:nsga2:s60001:r1:PR1_HT0_EC1:78ea841c0ff5,WEN38,1,60001,1,PR1_HT0_EC1,cf9bc95d906238978e0c5ab26a1947d4104e026d3bac972323bf05453ec86ca7,benchmark,original,No-HT,5000,planning,14,2.4660666347946893,101804.00000000001,-0.6064436114083946
WEN38:i1:nsga2:s60001:r1:PR1_HT0_EC1:78ea841c0ff5,WEN38,1,60001,1,PR1_HT0_EC1,cf9bc95d906238978e0c5ab26a1947d4104e026d3bac972323bf05453ec86ca7,benchmark,original,No-HT,5000,planning,15,2.4668314255077064,110188.0,-0.6537219552419629
WEN38:i1:nsga2:s60001:r1:PR1_HT0_EC1:78ea841c0ff5,WEN38,1,60001,1,PR1_HT0_EC1,cf9bc95d906238978e0c5ab26a1947d4104e026d3bac972323bf05453ec86ca7,benchmark,original,No-HT,5000,planning,16,2.4670656782857234,103886.16666666667,-0.6184854530802113
WEN38:i1:nsga2:s60001:r1:PR1_HT0_EC1:78ea841c0ff5,WEN38,1,60001,1,PR1_HT0_EC1,cf9bc95d906238978e0c5ab26a1947d4104e026d3bac972323bf05453ec86ca7,benchmark,original,No-HT,5000,planning,17,2.467274135053942,116767.50000000001,-0.6721105207234359
WEN38:i1:nsga2:s60001:r1:PR1_HT0_EC1:78ea841c0ff5,WEN38,1,60001,1,PR1_HT0_EC1,cf9bc95d906238978e0c5ab26a1947d4104e026d3bac972323bf05453ec86ca7,benchmark,original,No-HT,5000,planning,18,2.46733540120019,101701.50000000001,-0.6181038178410745
WEN38:i1:nsga2:s60001:r1:PR1_HT0_EC1:78ea841c0ff5,WEN38,1,60001,1,PR1_HT0_EC1,cf9bc95d906238978e0c5ab26a1947d4104e026d3bac972323bf05453ec86ca7,benchmark,original,No-HT,5000,planning,19,2.4676095841668713,96564.33333333334,-0.5336035671798527
WEN38:i1:nsga2:s60001:r1:PR1_HT0_EC1:78ea841c0ff5,WEN38,1,60001,1,PR1_HT0_EC1,cf9bc95d906238978e0c5ab26a1947d4104e026d3bac972323bf05453ec86ca7,benchmark,original,No-HT,5000,planning,20,2.4679982194728387,109823.0,-0.6549973732953731
WEN38:i1:nsga2:s60001:r1:PR1_HT0_EC1:78ea841c0ff5,WEN38,1,60001,1,PR1_HT0_EC1,cf9bc95d906238978e0c5ab26a1947d4104e026d3bac972323bf05453ec86ca7,benchmark,original,No-HT,5000,planning,21,2.4681600315812275,115357.16666666667,-0.6751018458799081
WEN38:i1:nsga2:s60001:r1:PR1_HT0_EC1:78ea841c0ff5,WEN38,1,60001,1,PR1_HT0_EC1,cf9bc95d906238978e0c5ab26a1947d4104e026d3bac972323bf05453ec86ca7,benchmark,original,No-HT,5000,planning,22,2.468350356064324,122962.16666666667,-0.7973068745568526
WEN38:i1:nsga2:s60001:r1:PR1_HT0_EC1:78ea841c0ff5,WEN38,1,60001,1,PR1_HT0_EC1,cf9bc95d906238978e0c5ab26a1947d4104e026d3bac972323bf05453ec86ca7,benchmark,original,No-HT,5000,planning,23,2.468647961087628,115716.33333333333,-0.7973068745568526
WEN38:i1:nsga2:s60001:r1:PR1_HT0_EC1:78ea841c0ff5,WEN38,1,60001,1,PR1_HT0_EC1,cf9bc95d906238978e0c5ab26a1947d4104e026d3bac972323bf05453ec86ca7,benchmark,original,No-HT,5000,planning,24,2.468900250760788,112745.66666666667,-0.7973068745568526
WEN38:i1:nsga2:s60001:r1:PR1_HT0_EC1:78ea841c0ff5,WEN38,1,60001,1,PR1_HT0_EC1,cf9bc95d906238978e0c5ab26a1947d4104e026d3bac972323bf05453ec86ca7,benchmark,original,No-HT,5000,planning,25,2.475449174732071,94181.33333333333,-0.044676409188468824
WEN38:i1:nsga2:s60001:r1:PR1_HT0_EC1:78ea841c0ff5,WEN38,1,60001,1,PR1_HT0_EC1,cf9bc95d906238978e0c5ab26a1947d4104e026d3bac972323bf05453ec86ca7,benchmark,original,No-HT,5000,planning,26,2.477643568708695,91298.33333333334,-0.05998356614873046
WEN38:i1:nsga2:s60001:r1:PR1_HT0_EC1:78ea841c0ff5,WEN38,1,60001,1,PR1_HT0_EC1,cf9bc95d906238978e0c5ab26a1947d4104e026d3bac972323bf05453ec86ca7,benchmark,original,No-HT,5000,planning,27,2.4792779371331086,91456.66666666666,-0.06267922982624441
WEN38:i1:nsga2:s60001:r1:PR1_HT0_EC1:78ea841c0ff5,WEN38,1,60001,1,PR1_HT0_EC1,cf9bc95d906238978e0c5ab26a1947d4104e026d3bac972323bf05453ec86ca7,benchmark,original,No-HT,5000,planning,28,2.48662812713072,79279.66666666667,-0.0
WEN38:i1:nsga2:s60001:r1:PR1_HT0_EC1:78ea841c0ff5,WEN38,1,60001,1,PR1_HT0_EC1,cf9bc95d906238978e0c5ab26a1947d4104e026d3bac972323bf05453ec86ca7,benchmark,original,No-HT,5000,planning,29,2.4870710753941125,92823.83333333334,-0.476430205950237
WEN38:i1:nsga2:s60001:r1:PR1_HT0_EC1:78ea841c0ff5,WEN38,1,60001,1,PR1_HT0_EC1,cf9bc95d906238978e0c5ab26a1947d4104e026d3bac972323bf05453ec86ca7,benchmark,original,No-HT,5000,planning,30,2.495575682056047,78589.66666666667,-0.0
WEN38:i1:nsga2:s60001:r1:PR1_HT0_EC1:78ea841c0ff5,WEN38,1,60001,1,PR1_HT0_EC1,cf9bc95d906238978e0c5ab26a1947d4104e026d3bac972323bf05453ec86ca7,benchmark,original,No-HT,5000,planning,31,2.4964615785833324,78420.66666666667,-0.0
WEN38:i1:nsga2:s60001:r1:PR1_HT0_EC1:78ea841c0ff5,WEN38,1,60001,1,PR1_HT0_EC1,cf9bc95d906238978e0c5ab26a1947d4104e026d3bac972323bf05453ec86ca7,benchmark,original,No-HT,5000,planning,32,2.5017053642812135,92444.33333333333,-0.15353311136004777
WEN38:i1:nsga2:s60001:r1:PR1_HT0_EC1:78ea841c0ff5,WEN38,1,60001,1,PR1_HT0_EC1,cf9bc95d906238978e0c5ab26a1947d4104e026d3bac972323bf05453ec86ca7,benchmark,original,No-HT,5000,planning,33,2.5028260125733572,91345.66666666666,-0.15353311136004777
WEN38:i1:nsga2:s60001:r1:PR1_HT0_EC1:78ea841c0ff5,WEN38,1,60001,1,PR1_HT0_EC1,cf9bc95d906238978e0c5ab26a1947d4104e026d3bac972323bf05453ec86ca7,benchmark,original,No-HT,5000,planning,34,2.506296245258645,91143.66666666667,-0.17161477190711594
WEN38:i1:nsga2:s60001:r1:PR1_HT0_EC1:78ea841c0ff5,WEN38,1,60001,1,PR1_HT0_EC1,cf9bc95d906238978e0c5ab26a1947d4104e026d3bac972323bf05453ec86ca7,benchmark,original,No-HT,5000,planning,35,2.508953934840341,91099.66666666667,-0.05998356614873046
WEN38:i1:nsga2:s60001:r1:PR1_HT0_EC1:78ea841c0ff5,WEN38,1,60001,1,PR1_HT0_EC1,cf9bc95d906238978e0c5ab26a1947d4104e026d3bac972323bf05453ec86ca7,benchmark,original,No-HT,5000,planning,36,2.5093586643854904,90482.33333333333,-0.1805157593144031
WEN38:i1:nsga2:s60001:r1:PR1_HT0_EC1:78ea841c0ff5,WEN38,1,60001,1,PR1_HT0_EC1,cf9bc95d906238978e0c5ab26a1947d4104e026d3bac972323bf05453ec86ca7,benchmark,original,No-HT,5000,planning,37,2.5098016126491336,90158.66666666667,-0.06267922982624441
WEN38:i1:nsga2:s60001:r1:PR1_HT0_EC1:78ea841c0ff5,WEN38,1,60001,1,PR1_HT0_EC1,cf9bc95d906238978e0c5ab26a1947d4104e026d3bac972323bf05453ec86ca7,benchmark,original,No-HT,5000,planning,38,2.5168231777051826,89083.66666666667,-0.06267922982624441
WEN38:i1:nsga2:s60001:r1:PR1_HT0_EC1:78ea841c0ff5,WEN38,1,60001,1,PR1_HT0_EC1,cf9bc95d906238978e0c5ab26a1947d4104e026d3bac972323bf05453ec86ca7,benchmark,original,No-HT,5000,planning,39,2.527470708217402,90488.0,-0.23350083752302453
WEN38:i1:nsga2:s60001:r1:PR1_HT0_EC1:78ea841c0ff5,WEN38,1,60001,1,PR1_HT0_EC1,cf9bc95d906238978e0c5ab26a1947d4104e026d3bac972323bf05453ec86ca7,benchmark,original,No-HT,5000,planning,40,2.527910905302338,77063.5,-0.0
WEN38:i1:nsga2:s60001:r1:PR1_HT0_EC1:78ea841c0ff5,WEN38,1,60001,1,PR1_HT0_EC1,cf9bc95d906238978e0c5ab26a1947d4104e026d3bac972323bf05453ec86ca7,benchmark,original,No-HT,5000,planning,41,2.5283538535659806,76250.0,-0.0
WEN38:i1:nsga2:s60001:r1:PR1_HT0_EC1:78ea841c0ff5,WEN38,1,60001,1,PR1_HT0_EC1,cf9bc95d906238978e0c5ab26a1947d4104e026d3bac972323bf05453ec86ca7,benchmark,original,No-HT,5000,planning,42,2.5318077262730947,89017.33333333333,-0.24338624338815862
WEN38:i1:nsga2:s60001:r1:PR1_HT0_EC1:78ea841c0ff5,WEN38,1,60001,1,PR1_HT0_EC1,cf9bc95d906238978e0c5ab26a1947d4104e026d3bac972323bf05453ec86ca7,benchmark,original,No-HT,5000,planning,43,2.5380113409354412,86649.0,-0.17161477190711594
WEN38:i1:nsga2:s60001:r1:PR1_HT0_EC1:78ea841c0ff5,WEN38,1,60001,1,PR1_HT0_EC1,cf9bc95d906238978e0c5ab26a1947d4104e026d3bac972323bf05453ec86ca7,benchmark,original,No-HT,5000,planning,44,2.548307791808249,88645.0,-0.19464977120969706
WEN38:i1:nsga2:s60001:r1:PR1_HT0_EC1:78ea841c0ff5,WEN38,1,60001,1,PR1_HT0_EC1,cf9bc95d906238978e0c5ab26a1947d4104e026d3bac972323bf05453ec86ca7,benchmark,original,No-HT,5000,planning,45,2.550945430233157,82963.0,-0.2581453634084028
WEN38:i1:nsga2:s60001:r1:PR1_HT0_EC1:78ea841c0ff5,WEN38,1,60001,1,PR1_HT0_EC1,cf9bc95d906238978e0c5ab26a1947d4104e026d3bac972323bf05453ec86ca7,benchmark,original,No-HT,5000,planning,46,2.5614256226075938,86610.66666666667,-0.28410513141625415
WEN38:i1:nsga2:s60001:r1:PR1_HT0_EC1:78ea841c0ff5,WEN38,1,60001,1,PR1_HT0_EC1,cf9bc95d906238978e0c5ab26a1947d4104e026d3bac972323bf05453ec86ca7,benchmark,original,No-HT,5000,planning,47,2.5676203361025607,92126.0,-0.3385371494669016
WEN38:i1:nsga2:s60001:r1:PR1_HT0_EC1:78ea841c0ff5,WEN38,1,60001,1,PR1_HT0_EC1,cf9bc95d906238978e0c5ab26a1947d4104e026d3bac972323bf05453ec86ca7,benchmark,original,No-HT,5000,planning,48,2.571231245486894,90852.0,-0.3472182596306084
WEN38:i1:nsga2:s60001:r1:PR1_HT0_EC1:78ea841c0ff5,WEN38,1,60001,1,PR1_HT0_EC1,cf9bc95d906238978e0c5ab26a1947d4104e026d3bac972323bf05453ec86ca7,benchmark,original,No-HT,5000,planning,49,2.5716741937505363,90354.66666666667,-0.3472182596306084
WEN38:i1:nsga2:s60001:r1:PR1_HT0_EC1:78ea841c0ff5,WEN38,1,60001,1,PR1_HT0_EC1,cf9bc95d906238978e0c5ab26a1947d4104e026d3bac972323bf05453ec86ca7,benchmark,original,No-HT,5000,planning,50,2.595822165448487,92790.33333333334,-0.3947089947105269
WEN38:i1:nsga2:s60001:r1:PR1_HT0_EC1:78ea841c0ff5,WEN38,1,60001,1,PR1_HT0_EC1,cf9bc95d906238978e0c5ab26a1947d4104e026d3bac972323bf05453ec86ca7,benchmark,original,No-HT,5000,planning,51,2.596036348250869,91859.33333333334,-0.3947089947105269
WEN38:i1:nsga2:s60001:r1:PR1_HT0_EC1:78ea841c0ff5,WEN38,1,60001,1,PR1_HT0_EC1,cf9bc95d906238978e0c5ab26a1947d4104e026d3bac972323bf05453ec86ca7,benchmark,original,No-HT,5000,planning,52,2.5962135275564333,92153.33333333334,-0.39582783205878513
WEN38:i1:nsga2:s60001:r1:PR1_HT0_EC1:78ea841c0ff5,WEN38,1,60001,1,PR1_HT0_EC1,cf9bc95d906238978e0c5ab26a1947d4104e026d3bac972323bf05453ec86ca7,benchmark,original,No-HT,5000,planning,53,2.59732818954498,91549.33333333334,-0.39582783205878513
WEN38:i1:nsga2:s60001:r1:PR1_HT0_EC1:78ea841c0ff5,WEN38,1,60001,1,PR1_HT0_EC1,cf9bc95d906238978e0c5ab26a1947d4104e026d3bac972323bf05453ec86ca7,benchmark,original,No-HT,5000,planning,54,2.5988712171381803,88190.66666666667,-0.3385371494669016
WEN38:i1:nsga2:s60001:r1:PR1_HT0_EC1:78ea841c0ff5,WEN38,1,60001,1,PR1_HT0_EC1,cf9bc95d906238978e0c5ab26a1947d4104e026d3bac972323bf05453ec86ca7,benchmark,original,No-HT,5000,planning,55,2.5993141654018226,87187.66666666667,-0.3385371494669016
WEN38:i1:nsga2:s60001:r1:PR1_HT0_EC1:78ea841c0ff5,WEN38,1,60001,1,PR1_HT0_EC1,cf9bc95d906238978e0c5ab26a1947d4104e026d3bac972323bf05453ec86ca7,benchmark,original,No-HT,5000,planning,56,2.6188038890020886,86240.5,-0.3947089947105269
WEN38:i1:nsga2:s60001:r1:PR1_HT0_EC1:78ea841c0ff5,WEN38,1,60001,1,PR1_HT0_EC1,cf9bc95d906238978e0c5ab26a1947d4104e026d3bac972323bf05453ec86ca7,benchmark,original,No-HT,5000,planning,57,2.6199555544882847,79277.0,-0.06267922982624441
WEN38:i1:nsga2:s60001:r1:PR1_HT0_EC1:78ea841c0ff5,WEN38,1,60001,1,PR1_HT0_EC1,cf9bc95d906238978e0c5ab26a1947d4104e026d3bac972323bf05453ec86ca7,benchmark,original,No-HT,5000,planning,58,2.6253225198070718,89478.66666666667,-0.4430379746845574
WEN38:i1:nsga2:s60001:r1:PR1_HT0_EC1:78ea841c0ff5,WEN38,1,60001,1,PR1_HT0_EC1,cf9bc95d906238978e0c5ab26a1947d4104e026d3bac972323bf05453ec86ca7,benchmark,original,No-HT,5000,planning,59,2.6279286232332293,88032.0,-0.39582783205878513
WEN38:i1:nsga2:s60001:r1:PR1_HT0_EC1:78ea841c0ff5,WEN38,1,60001,1,PR1_HT0_EC1,cf9bc95d906238978e0c5ab26a1947d4104e026d3bac972323bf05453ec86ca7,benchmark,original,No-HT,5000,planning,60,2.632092336911361,81588.66666666667,-0.3385371494669016
WEN38:i1:nsga2:s60001:r1:PR1_HT0_EC1:78ea841c0ff5,WEN38,1,60001,1,PR1_HT0_EC1,cf9bc95d906238978e0c5ab26a1947d4104e026d3bac972323bf05453ec86ca7,benchmark,original,No-HT,5000,planning,61,2.6600866671735606,82702.0,-0.3947089947105269
WEN38:i1:nsga2:s60001:r1:PR1_HT0_EC1:78ea841c0ff5,WEN38,1,60001,1,PR1_HT0_EC1,cf9bc95d906238978e0c5ab26a1947d4104e026d3bac972323bf05453ec86ca7,benchmark,original,No-HT,5000,planning,62,2.6607067947427674,84469.66666666667,-0.39582783205878513
WEN38:i1:nsga2:s60001:r1:PR1_HT0_EC1:78ea841c0ff5,WEN38,1,60001,1,PR1_HT0_EC1,cf9bc95d906238978e0c5ab26a1947d4104e026d3bac972323bf05453ec86ca7,benchmark,original,No-HT,5000,planning,63,2.6611497430063027,73192.0,-0.0
WEN38:i1:nsga2:s60001:r1:PR1_HT0_EC1:78ea841c0ff5,WEN38,1,60001,1,PR1_HT0_EC1,cf9bc95d906238978e0c5ab26a1947d4104e026d3bac972323bf05453ec86ca7,benchmark,original,No-HT,5000,planning,64,2.66114974300641,83686.0,-0.39582783205878513
WEN38:i1:nsga2:s60001:r1:PR1_HT0_EC1:78ea841c0ff5,WEN38,1,60001,1,PR1_HT0_EC1,cf9bc95d906238978e0c5ab26a1947d4104e026d3bac972323bf05453ec86ca7,benchmark,original,No-HT,5000,planning,65,2.6611710093839447,82429.66666666667,-0.39582783205878513
WEN38:i1:nsga2:s60001:r1:PR1_HT0_EC1:78ea841c0ff5,WEN38,1,60001,1,PR1_HT0_EC1,cf9bc95d906238978e0c5ab26a1947d4104e026d3bac972323bf05453ec86ca7,benchmark,original,No-HT,5000,planning,66,2.661821456731314,81647.66666666667,-0.39582783205878513
WEN38:i1:nsga2:s60001:r1:PR1_HT0_EC1:78ea841c0ff5,WEN38,1,60001,1,PR1_HT0_EC1,cf9bc95d906238978e0c5ab26a1947d4104e026d3bac972323bf05453ec86ca7,benchmark,original,No-HT,5000,planning,67,2.6681999117276574,92236.0,-0.45354669214339083
WEN38:i1:nsga2:s60001:r1:PR1_HT0_EC1:78ea841c0ff5,WEN38,1,60001,1,PR1_HT0_EC1,cf9bc95d906238978e0c5ab26a1947d4104e026d3bac972323bf05453ec86ca7,benchmark,original,No-HT,5000,planning,68,2.6768301115401005,77468.0,-0.17161477190711594
WEN38:i1:nsga2:s60001:r1:PR1_HT0_EC1:78ea841c0ff5,WEN38,1,60001,1,PR1_HT0_EC1,cf9bc95d906238978e0c5ab26a1947d4104e026d3bac972323bf05453ec86ca7,benchmark,original,No-HT,5000,planning,69,2.6895870215321454,85236.0,-0.4430379746845574
WEN38:i1:nsga2:s60001:r1:PR1_HT1_EC0:a68aa1d27e59,WEN38,1,60001,1,PR1_HT1_EC0,cf9bc95d906238978e0c5ab26a1947d4104e026d3bac972323bf05453ec86ca7,benchmark,original,No-EC,5000,planning,0,2.4589643828704224,130387.33333333334,-0.0
WEN38:i1:nsga2:s60001:r1:PR1_HT1_EC0:a68aa1d27e59,WEN38,1,60001,1,PR1_HT1_EC0,cf9bc95d906238978e0c5ab26a1947d4104e026d3bac972323bf05453ec86ca7,benchmark,original,No-EC,5000,planning,1,2.4593262643399028,127829.33333333334,-0.0
WEN38:i1:nsga2:s60001:r1:PR1_HT1_EC0:a68aa1d27e59,WEN38,1,60001,1,PR1_HT1_EC0,cf9bc95d906238978e0c5ab26a1947d4104e026d3bac972323bf05453ec86ca7,benchmark,original,No-EC,5000,planning,2,2.4604028556742747,122954.0,-0.0
WEN38:i1:nsga2:s60001:r1:PR1_HT1_EC0:a68aa1d27e59,WEN38,1,60001,1,PR1_HT1_EC0,cf9bc95d906238978e0c5ab26a1947d4104e026d3bac972323bf05453ec86ca7,benchmark,original,No-EC,5000,planning,3,2.4611908813259236,111678.16666666666,-0.0
WEN38:i1:nsga2:s60001:r1:PR1_HT1_EC0:a68aa1d27e59,WEN38,1,60001,1,PR1_HT1_EC0,cf9bc95d906238978e0c5ab26a1947d4104e026d3bac972323bf05453ec86ca7,benchmark,original,No-EC,5000,planning,4,2.462154771593945,101648.0,-0.0
WEN38:i1:nsga2:s60001:r1:PR1_HT1_EC0:a68aa1d27e59,WEN38,1,60001,1,PR1_HT1_EC0,cf9bc95d906238978e0c5ab26a1947d4104e026d3bac972323bf05453ec86ca7,benchmark,original,No-EC,5000,planning,5,2.4625529576174676,133946.33333333334,-0.5165447873214362
WEN38:i1:nsga2:s60001:r1:PR1_HT1_EC0:a68aa1d27e59,WEN38,1,60001,1,PR1_HT1_EC0,cf9bc95d906238978e0c5ab26a1947d4104e026d3bac972323bf05453ec86ca7,benchmark,original,No-EC,5000,planning,6,2.462654913069888,138330.33333333334,-0.5206261591820294
WEN38:i1:nsga2:s60001:r1:PR1_HT1_EC0:a68aa1d27e59,WEN38,1,60001,1,PR1_HT1_EC0,cf9bc95d906238978e0c5ab26a1947d4104e026d3bac972323bf05453ec86ca7,benchmark,original,No-EC,5000,planning,7,2.463048695943061,159963.83333333334,-0.7211625685058607
WEN38:i1:nsga2:s60001:r1:PR1_HT1_EC0:a68aa1d27e59,WEN38,1,60001,1,PR1_HT1_EC0,cf9bc95d906238978e0c5ab26a1947d4104e026d3bac972323bf05453ec86ca7,benchmark,original,No-EC,5000,planning,8,2.4632118425788274,95791.66666666667,-0.0
WEN38:i1:nsga2:s60001:r1:PR1_HT1_EC0:a68aa1d27e59,WEN38,1,60001,1,PR1_HT1_EC0,cf9bc95d906238978e0c5ab26a1947d4104e026d3bac972323bf05453ec86ca7,benchmark,original,No-EC,5000,planning,9,2.463337796644657,141007.6666666667,-0.5856963220230682
WEN38:i1:nsga2:s60001:r1:PR1_HT1_EC0:a68aa1d27e59,WEN38,1,60001,1,PR1_HT1_EC0,cf9bc95d906238978e0c5ab26a1947d4104e026d3bac972323bf05453ec86ca7,benchmark,original,No-EC,5000,planning,10,2.4633589754175667,95458.66666666667,-0.0
WEN38:i1:nsga2:s60001:r1:PR1_HT1_EC0:a68aa1d27e59,WEN38,1,60001,1,PR1_HT1_EC0,cf9bc95d906238978e0c5ab26a1947d4104e026d3bac972323bf05453ec86ca7,benchmark,original,No-EC,5000,planning,11,2.4633919817968897,139926.0,-0.5742540880528395
WEN38:i1:nsga2:s60001:r1:PR1_HT1_EC0:a68aa1d27e59,WEN38,1,60001,1,PR1_HT1_EC0,cf9bc95d906238978e0c5ab26a1947d4104e026d3bac972323bf05453ec86ca7,benchmark,original,No-EC,5000,planning,12,2.4634602454694656,152224.83333333334,-0.7247009283382795
WEN38:i1:nsga2:s60001:r1:PR1_HT1_EC0:a68aa1d27e59,WEN38,1,60001,1,PR1_HT1_EC0,cf9bc95d906238978e0c5ab26a1947d4104e026d3bac972323bf05453ec86ca7,benchmark,original,No-EC,5000,planning,13,2.463491644206329,150858.83333333334,-0.7227468524097276
WEN38:i1:nsga2:s60001:r1:PR1_HT1_EC0:a68aa1d27e59,WEN38,1,60001,1,PR1_HT1_EC0,cf9bc95d906238978e0c5ab26a1947d4104e026d3bac972323bf05453ec86ca7,benchmark,original,No-EC,5000,planning,14,2.463826732635101,141847.6666666667,-0.5873768184665096
WEN38:i1:nsga2:s60001:r1:PR1_HT1_EC0:a68aa1d27e59,WEN38,1,60001,1,PR1_HT1_EC0,cf9bc95d906238978e0c5ab26a1947d4104e026d3bac972323bf05453ec86ca7,benchmark,original,No-EC,5000,planning,15,2.4643775407335298,151647.1666666667,-0.7259154202165519
WEN38:i1:nsga2:s60001:r1:PR1_HT1_EC0:a68aa1d27e59,WEN38,1,60001,1,PR1_HT1_EC0,cf9bc95d906238978e0c5ab26a1947d4104e026d3bac972323bf05453ec86ca7,benchmark,original,No-EC,5000,planning,16,2.4644060655313504,139176.6666666667,-0.524847716925251
WEN38:i1:nsga2:s60001:r1:PR1_HT1_EC0:a68aa1d27e59,WEN38,1,60001,1,PR1_HT1_EC0,cf9bc95d906238978e0c5ab26a1947d4104e026d3bac972323bf05453ec86ca7,benchmark,original,No-EC,5000,planning,17,2.4644418286452474,133868.16666666666,-0.5819266750095267
WEN38:i1:nsga2:s60001:r1:PR1_HT1_EC0:a68aa1d27e59,WEN38,1,60001,1,PR1_HT1_EC0,cf9bc95d906238978e0c5ab26a1947d4104e026d3bac972323bf05453ec86ca7,benchmark,original,No-EC,5000,planning,18,2.4647683326348706,123099.33333333333,-0.5832571786922927
WEN38:i1:nsga2:s60001:r1:PR1_HT1_EC0:a68aa1d27e59,WEN38,1,60001,1,PR1_HT1_EC0,cf9bc95d906238978e0c5ab26a1947d4104e026d3bac972323bf05453ec86ca7,benchmark,original,No-EC,5000,planning,19,2.465224385903154,127346.66666666667,-0.7973068745568526
WEN38:i1:nsga2:s60001:r1:PR1_HT1_EC0:a68aa1d27e59,WEN38,1,60001,1,PR1_HT1_EC0,cf9bc95d906238978e0c5ab26a1947d4104e026d3bac972323bf05453ec86ca7,benchmark,original,No-EC,5000,planning,20,2.4654524658797996,87213.33333333334,-0.0
WEN38:i1:nsga2:s60001:r1:PR1_HT1_EC0:a68aa1d27e59,WEN38,1,60001,1,PR1_HT1_EC0,cf9bc95d906238978e0c5ab26a1947d4104e026d3bac972323bf05453ec86ca7,benchmark,original,No-EC,5000,planning,21,2.465629645185256,85371.0,-0.0
WEN38:i1:nsga2:s60001:r1:PR1_HT1_EC0:a68aa1d27e59,WEN38,1,60001,1,PR1_HT1_EC0,cf9bc95d906238978e0c5ab26a1947d4104e026d3bac972323bf05453ec86ca7,benchmark,original,No-EC,5000,planning,22,2.4656956606402547,127193.66666666667,-0.7973068745568526
WEN38:i1:nsga2:s60001:r1:PR1_HT1_EC0:a68aa1d27e59,WEN38,1,60001,1,PR1_HT1_EC0,cf9bc95d906238978e0c5ab26a1947d4104e026d3bac972323bf05453ec86ca7,benchmark,original,No-EC,5000,planning,23,2.4657800621190873,120384.00000000001,-0.5934839279225343
WEN38:i1:nsga2:s60001:r1:PR1_HT1_EC0:a68aa1d27e59,WEN38,1,60001,1,PR1_HT1_EC0,cf9bc95d906238978e0c5ab26a1947d4104e026d3bac972323bf05453ec86ca7,benchmark,original,No-EC,5000,planning,24,2.4661231773436834,125369.50000000001,-0.7973068745568526
WEN38:i1:nsga2:s60001:r1:PR1_HT1_EC0:a68aa1d27e59,WEN38,1,60001,1,PR1_HT1_EC0,cf9bc95d906238978e0c5ab26a1947d4104e026d3bac972323bf05453ec86ca7,benchmark,original,No-EC,5000,planning,25,2.467452022134612,123465.50000000001,-0.7973068745568526
WEN38:i1:nsga2:s60001:r1:PR1_HT1_EC0:a68aa1d27e59,WEN38,1,60001,1,PR1_HT1_EC0,cf9bc95d906238978e0c5ab26a1947d4104e026d3bac972323bf05453ec86ca7,benchmark,original,No-EC,5000,planning,26,2.468794780810172,122373.16666666666,-0.7973068745568526
WEN38:i1:nsga2:s60001:r1:PR1_HT1_EC0:a68aa1d27e59,WEN38,1,60001,1,PR1_HT1_EC0,cf9bc95d906238978e0c5ab26a1947d4104e026d3bac972323bf05453ec86ca7,benchmark,original,No-EC,5000,planning,27,2.469398868291889,122094.16666666667,-0.7973068745568526
WEN38:i1:nsga2:s60001:r1:PR1_HT1_EC0:a68aa1d27e59,WEN38,1,60001,1,PR1_HT1_EC0,cf9bc95d906238978e0c5ab26a1947d4104e026d3bac972323bf05453ec86ca7,benchmark,original,No-EC,5000,planning,28,2.4745288281426685,118164.0,-0.044676409188468824
WEN38:i1:nsga2:s60001:r1:PR1_HT1_EC0:a68aa1d27e59,WEN38,1,60001,1,PR1_HT1_EC0,cf9bc95d906238978e0c5ab26a1947d4104e026d3bac972323bf05453ec86ca7,benchmark,original,No-EC,5000,planning,29,2.475197423059716,111347.33333333334,-0.044676409188468824
WEN38:i1:nsga2:s60001:r1:PR1_HT1_EC0:a68aa1d27e59,WEN38,1,60001,1,PR1_HT1_EC0,cf9bc95d906238978e0c5ab26a1947d4104e026d3bac972323bf05453ec86ca7,benchmark,original,No-EC,5000,planning,30,2.476526172471604,119096.16666666666,-0.06267922982624441
WEN38:i1:nsga2:s60001:r1:PR1_HT1_EC0:a68aa1d27e59,WEN38,1,60001,1,PR1_HT1_EC0,cf9bc95d906238978e0c5ab26a1947d4104e026d3bac972323bf05453ec86ca7,benchmark,original,No-EC,5000,planning,31,2.4767919414297905,104869.0,-0.05998356614873046
WEN38:i1:nsga2:s60001:r1:PR1_HT1_EC0:a68aa1d27e59,WEN38,1,60001,1,PR1_HT1_EC0,cf9bc95d906238978e0c5ab26a1947d4104e026d3bac972323bf05453ec86ca7,benchmark,original,No-EC,5000,planning,32,2.4927380789207993,106394.66666666667,-0.13393590797113575
WEN38:i1:nsga2:s60001:r1:PR1_HT1_EC0:a68aa1d27e59,WEN38,1,60001,1,PR1_HT1_EC0,cf9bc95d906238978e0c5ab26a1947d4104e026d3bac972323bf05453ec86ca7,benchmark,original,No-EC,5000,planning,33,2.4942321232810913,101178.66666666667,-0.05998356614873046
WEN38:i1:nsga2:s60001:r1:PR1_HT1_EC0:a68aa1d27e59,WEN38,1,60001,1,PR1_HT1_EC0,cf9bc95d906238978e0c5ab26a1947d4104e026d3bac972323bf05453ec86ca7,benchmark,original,No-EC,5000,planning,34,2.495572947807503,85088.83333333333,-0.0
WEN38:i1:nsga2:s60001:r1:PR1_HT1_EC0:a68aa1d27e59,WEN38,1,60001,1,PR1_HT1_EC0,cf9bc95d906238978e0c5ab26a1947d4104e026d3bac972323bf05453ec86ca7,benchmark,original,No-EC,5000,planning,35,2.500466864457893,108251.16666666667,-0.15758468336025544
WEN38:i1:nsga2:s60001:r1:PR1_HT1_EC0:a68aa1d27e59,WEN38,1,60001,1,PR1_HT1_EC0,cf9bc95d906238978e0c5ab26a1947d4104e026d3bac972323bf05453ec86ca7,benchmark,original,No-EC,5000,planning,36,2.5037089805711723,106547.33333333334,-0.15758468336025544
WEN38:i1:nsga2:s60001:r1:PR1_HT1_EC0:a68aa1d27e59,WEN38,1,60001,1,PR1_HT1_EC0,cf9bc95d906238978e0c5ab26a1947d4104e026d3bac972323bf05453ec86ca7,benchmark,original,No-EC,5000,planning,37,2.5092689631745047,109470.0,-0.17161477190711594
WEN38:i1:nsga2:s60001:r1:PR1_HT1_EC0:a68aa1d27e59,WEN38,1,60001,1,PR1_HT1_EC0,cf9bc95d906238978e0c5ab26a1947d4104e026d3bac972323bf05453ec86ca7,benchmark,original,No-EC,5000,planning,38,2.513062804120612,108890.66666666667,-0.19464977120969706
WEN38:i1:nsga2:s60001:r1:PR1_HT1_EC0:a68aa1d27e59,WEN38,1,60001,1,PR1_HT1_EC0,cf9bc95d906238978e0c5ab26a1947d4104e026d3bac972323bf05453ec86ca7,benchmark,original,No-EC,5000,planning,39,2.513789771551802,105792.00000000001,-0.19464977120969706
WEN38:i1:nsga2:s60001:r1:PR1_HT1_EC0:a68aa1d27e59,WEN38,1,60001,1,PR1_HT1_EC0,cf9bc95d906238978e0c5ab26a1947d4104e026d3bac972323bf05453ec86ca7,benchmark,original,No-EC,5000,planning,40,2.5231717308822432,99585.00000000001,-0.05998356614873046
WEN38:i1:nsga2:s60001:r1:PR1_HT1_EC0:a68aa1d27e59,WEN38,1,60001,1,PR1_HT1_EC0,cf9bc95d906238978e0c5ab26a1947d4104e026d3bac972323bf05453ec86ca7,benchmark,original,No-EC,5000,planning,41,2.523212919459591,81820.66666666667,-0.0
WEN38:i1:nsga2:s60001:r1:PR1_HT1_EC0:a68aa1d27e59,WEN38,1,60001,1,PR1_HT1_EC0,cf9bc95d906238978e0c5ab26a1947d4104e026d3bac972323bf05453ec86ca7,benchmark,original,No-EC,5000,planning,42,2.5286168882761095,94794.00000000001,-0.17161477190711594
WEN38:i1:nsga2:s60001:r1:PR1_HT1_EC0:a68aa1d27e59,WEN38,1,60001,1,PR1_HT1_EC0,cf9bc95d906238978e0c5ab26a1947d4104e026d3bac972323bf05453ec86ca7,benchmark,original,No-EC,5000,planning,43,2.5290598365397523,93424.0,-0.17161477190711594
WEN38:i1:nsga2:s60001:r1:PR1_HT1_EC0:a68aa1d27e59,WEN38,1,60001,1,PR1_HT1_EC0,cf9bc95d906238978e0c5ab26a1947d4104e026d3bac972323bf05453ec86ca7,benchmark,original,No-EC,5000,planning,44,2.5378401091117,116769.66666666667,-0.2666666666682431
WEN38:i1:nsga2:s60001:r1:PR1_HT1_EC0:a68aa1d27e59,WEN38,1,60001,1,PR1_HT1_EC0,cf9bc95d906238978e0c5ab26a1947d4104e026d3bac972323bf05453ec86ca7,benchmark,original,No-EC,5000,planning,45,2.5412852086161246,90007.66666666667,-0.05998356614873046
WEN38:i1:nsga2:s60001:r1:PR1_HT1_EC0:a68aa1d27e59,WEN38,1,60001,1,PR1_HT1_EC0,cf9bc95d906238978e0c5ab26a1947d4104e026d3bac972323bf05453ec86ca7,benchmark,original,No-EC,5000,planning,46,2.5423414153024275,119748.00000000001,-0.27640733712996735
WEN38:i1:nsga2:s60001:r1:PR1_HT1_EC0:a68aa1d27e59,WEN38,1,60001,1,PR1_HT1_EC0,cf9bc95d906238978e0c5ab26a1947d4104e026d3bac972323bf05453ec86ca7,benchmark,original,No-EC,5000,planning,47,2.545325387894743,111859.00000000001,-0.27640733712996735
WEN38:i1:nsga2:s60001:r1:PR1_HT1_EC0:a68aa1d27e59,WEN38,1,60001,1,PR1_HT1_EC0,cf9bc95d906238978e0c5ab26a1947d4104e026d3bac972323bf05453ec86ca7,benchmark,original,No-EC,5000,planning,48,2.5454489222943417,108104.0,-0.2847764926555101
WEN38:i1:nsga2:s60001:r1:PR1_HT1_EC0:a68aa1d27e59,WEN38,1,60001,1,PR1_HT1_EC0,cf9bc95d906238978e0c5ab26a1947d4104e026d3bac972323bf05453ec86ca7,benchmark,original,No-EC,5000,planning,49,2.560774932216388,98616.66666666669,-0.24835742444338393
WEN38:i1:nsga2:s60001:r1:PR1_HT1_EC0:a68aa1d27e59,WEN38,1,60001,1,PR1_HT1_EC0,cf9bc95d906238978e0c5ab26a1947d4104e026d3bac972323bf05453ec86ca7,benchmark,original,No-EC,5000,planning,50,2.564495697630985,107798.33333333333,-0.2573839662463797
WEN38:i1:nsga2:s60001:r1:PR1_HT1_EC0:a68aa1d27e59,WEN38,1,60001,1,PR1_HT1_EC0,cf9bc95d906238978e0c5ab26a1947d4104e026d3bac972323bf05453ec86ca7,benchmark,original,No-EC,5000,planning,51,2.5667104389491975,119360.16666666666,-0.3385371494669016
WEN38:i1:nsga2:s60001:r1:PR1_HT1_EC0:a68aa1d27e59,WEN38,1,60001,1,PR1_HT1_EC0,cf9bc95d906238978e0c5ab26a1947d4104e026d3bac972323bf05453ec86ca7,benchmark,original,No-EC,5000,planning,52,2.5815241114557175,107007.0,-0.27640733712996735
WEN38:i1:nsga2:s60001:r1:PR1_HT1_EC0:a68aa1d27e59,WEN38,1,60001,1,PR1_HT1_EC0,cf9bc95d906238978e0c5ab26a1947d4104e026d3bac972323bf05453ec86ca7,benchmark,original,No-EC,5000,planning,53,2.5877061866456206,81745.16666666667,-0.0
WEN38:i1:nsga2:s60001:r1:PR1_HT1_EC0:a68aa1d27e59,WEN38,1,60001,1,PR1_HT1_EC0,cf9bc95d906238978e0c5ab26a1947d4104e026d3bac972323bf05453ec86ca7,benchmark,original,No-EC,5000,planning,54,2.588436838617085,108633.16666666667,-0.3274544385676563
WEN38:i1:nsga2:s60001:r1:PR1_HT1_EC0:a68aa1d27e59,WEN38,1,60001,1,PR1_HT1_EC0,cf9bc95d906238978e0c5ab26a1947d4104e026d3bac972323bf05453ec86ca7,benchmark,original,No-EC,5000,planning,55,2.5949705381695614,117971.33333333333,-0.3947089947105269
WEN38:i1:nsga2:s60001:r1:PR1_HT1_EC0:a68aa1d27e59,WEN38,1,60001,1,PR1_HT1_EC0,cf9bc95d906238978e0c5ab26a1947d4104e026d3bac972323bf05453ec86ca7,benchmark,original,No-EC,5000,planning,56,2.5980369067664366,106472.66666666667,-0.3947089947105269
WEN38:i1:nsga2:s60001:r1:PR1_HT1_EC0:a68aa1d27e59,WEN38,1,60001,1,PR1_HT1_EC0,cf9bc95d906238978e0c5ab26a1947d4104e026d3bac972323bf05453ec86ca7,benchmark,original,No-EC,5000,planning,57,2.6006402759442064,106061.66666666667,-0.2556929082647912
WEN38:i1:nsga2:s60001:r1:PR1_HT1_EC0:a68aa1d27e59,WEN38,1,60001,1,PR1_HT1_EC0,cf9bc95d906238978e0c5ab26a1947d4104e026d3bac972323bf05453ec86ca7,benchmark,original,No-EC,5000,planning,58,2.601526172471492,98080.33333333334,-0.2556929082647912
WEN38:i1:nsga2:s60001:r1:PR1_HT1_EC0:a68aa1d27e59,WEN38,1,60001,1,PR1_HT1_EC0,cf9bc95d906238978e0c5ab26a1947d4104e026d3bac972323bf05453ec86ca7,benchmark,original,No-EC,5000,planning,59,2.601703351777256,104386.66666666667,-0.3356562137068977
WEN38:i1:nsga2:s60001:r1:PR1_HT1_EC0:a68aa1d27e59,WEN38,1,60001,1,PR1_HT1_EC0,cf9bc95d906238978e0c5ab26a1947d4104e026d3bac972323bf05453ec86ca7,benchmark,original,No-EC,5000,planning,60,2.6257111476666077,86025.33333333333,-0.11757476444108761
WEN38:i1:nsga2:s60001:r1:PR1_HT1_EC0:a68aa1d27e59,WEN38,1,60001,1,PR1_HT1_EC0,cf9bc95d906238978e0c5ab26a1947d4104e026d3bac972323bf05453ec86ca7,benchmark,original,No-EC,5000,planning,61,2.6335613575108185,116749.00000000001,-0.40771421175395517
WEN38:i1:nsga2:s60001:r1:PR1_HT1_EC0:a68aa1d27e59,WEN38,1,60001,1,PR1_HT1_EC0,cf9bc95d906238978e0c5ab26a1947d4104e026d3bac972323bf05453ec86ca7,benchmark,original,No-EC,5000,planning,62,2.634060509772249,111258.00000000001,-0.40771421175395517
WEN38:i1:nsga2:s60001:r1:PR1_HT1_EC0:a68aa1d27e59,WEN38,1,60001,1,PR1_HT1_EC0,cf9bc95d906238978e0c5ab26a1947d4104e026d3bac972323bf05453ec86ca7,benchmark,original,No-EC,5000,planning,63,2.635101650855586,104568.5,-0.40771421175395517
WEN38:i1:nsga2:s60001:r1:PR1_HT1_EC0:a68aa1d27e59,WEN38,1,60001,1,PR1_HT1_EC0,cf9bc95d906238978e0c5ab26a1947d4104e026d3bac972323bf05453ec86ca7,benchmark,original,No-EC,5000,planning,64,2.636430495646514,104162.66666666666,-0.40771421175395517
WEN38:i1:nsga2:s60001:r1:PR1_HT1_EC0:a68aa1d27e59,WEN38,1,60001,1,PR1_HT1_EC0,cf9bc95d906238978e0c5ab26a1947d4104e026d3bac972323bf05453ec86ca7,benchmark,original,No-EC,5000,planning,65,2.653705477928749,81087.0,-0.0
WEN38:i1:nsga2:s60001:r1:PR1_HT1_EC0:a68aa1d27e59,WEN38,1,60001,1,PR1_HT1_EC0,cf9bc95d906238978e0c5ab26a1947d4104e026d3bac972323bf05453ec86ca7,benchmark,original,No-EC,5000,planning,66,2.655742189286217,101901.33333333333,-0.4430379746845574
WEN38:i1:nsga2:s60001:r1:PR1_HT1_EC0:a68aa1d27e59,WEN38,1,60001,1,PR1_HT1_EC0,cf9bc95d906238978e0c5ab26a1947d4104e026d3bac972323bf05453ec86ca7,benchmark,original,No-EC,5000,planning,67,2.662475002893582,108243.83333333333,-0.45315487571770063
WEN38:i1:nsga2:s60001:r1:PR1_HT1_EC0:a68aa1d27e59,WEN38,1,60001,1,PR1_HT1_EC0,cf9bc95d906238978e0c5ab26a1947d4104e026d3bac972323bf05453ec86ca7,benchmark,original,No-EC,5000,planning,68,2.664159056950989,80519.66666666667,-0.0
WEN38:i1:nsga2:s60001:r1:PR1_HT1_EC0:a68aa1d27e59,WEN38,1,60001,1,PR1_HT1_EC0,cf9bc95d906238978e0c5ab26a1947d4104e026d3bac972323bf05453ec86ca7,benchmark,original,No-EC,5000,planning,69,2.66515547787995,103315.66666666667,-0.45315487571770063
WEN38:i1:nsga2:s60001:r1:PR1_HT1_EC0:a68aa1d27e59,WEN38,1,60001,1,PR1_HT1_EC0,cf9bc95d906238978e0c5ab26a1947d4104e026d3bac972323bf05453ec86ca7,benchmark,original,No-EC,5000,planning,70,2.666668367978219,99844.33333333333,-0.40057636887740955
WEN38:i1:nsga2:s60001:r1:PR1_HT1_EC0:a68aa1d27e59,WEN38,1,60001,1,PR1_HT1_EC0,cf9bc95d906238978e0c5ab26a1947d4104e026d3bac972323bf05453ec86ca7,benchmark,original,No-EC,5000,planning,71,2.6700992062637754,93582.33333333333,-0.19464977120969706
WEN38:i1:nsga2:s60001:r1:PR1_HT1_EC0:a68aa1d27e59,WEN38,1,60001,1,PR1_HT1_EC0,cf9bc95d906238978e0c5ab26a1947d4104e026d3bac972323bf05453ec86ca7,benchmark,original,No-EC,5000,planning,72,2.6708032809051643,99990.33333333333,-0.4066390041507475
WEN38:i1:nsga2:s60001:r1:PR1_HT1_EC0:a68aa1d27e59,WEN38,1,60001,1,PR1_HT1_EC0,cf9bc95d906238978e0c5ab26a1947d4104e026d3bac972323bf05453ec86ca7,benchmark,original,No-EC,5000,planning,73,2.687369545965572,78981.66666666667,-0.0
WEN38:i1:nsga2:s60001:r1:PR1_HT1_EC0:a68aa1d27e59,WEN38,1,60001,1,PR1_HT1_EC0,cf9bc95d906238978e0c5ab26a1947d4104e026d3bac972323bf05453ec86ca7,benchmark,original,No-EC,5000,planning,74,2.700923762833479,83062.33333333333,-0.17912900575356616
WEN38:i1:nsga2:s60001:r1:PR1_HT1_EC0:a68aa1d27e59,WEN38,1,60001,1,PR1_HT1_EC0,cf9bc95d906238978e0c5ab26a1947d4104e026d3bac972323bf05453ec86ca7,benchmark,original,No-EC,5000,planning,75,2.7074793971349953,74388.5,-0.0
WEN38:i1:nsga2:s60001:r1:PR1_HT1_EC0:a68aa1d27e59,WEN38,1,60001,1,PR1_HT1_EC0,cf9bc95d906238978e0c5ab26a1947d4104e026d3bac972323bf05453ec86ca7,benchmark,original,No-EC,5000,planning,76,2.7324616792049117,92583.66666666669,-0.2798237330835036
WEN38:i1:nsga2:s60001:r1:PR1_HT1_EC0:a68aa1d27e59,WEN38,1,60001,1,PR1_HT1_EC0,cf9bc95d906238978e0c5ab26a1947d4104e026d3bac972323bf05453ec86ca7,benchmark,original,No-EC,5000,planning,77,2.7499138407919546,72375.66666666667,-0.0
WEN38:i1:nsga2:s60001:r1:PR1_HT1_EC0:a68aa1d27e59,WEN38,1,60001,1,PR1_HT1_EC0,cf9bc95d906238978e0c5ab26a1947d4104e026d3bac972323bf05453ec86ca7,benchmark,original,No-EC,5000,planning,78,2.7947402050730332,91678.5,-0.1825652018596884
WEN38:i1:nsga2:s60001:r1:PR1_HT1_EC0:a68aa1d27e59,WEN38,1,60001,1,PR1_HT1_EC0,cf9bc95d906238978e0c5ab26a1947d4104e026d3bac972323bf05453ec86ca7,benchmark,original,No-EC,5000,planning,79,2.8003213531945237,71553.5,-0.0
WEN38:i1:nsga2:s60001:r1:PR1_HT1_EC0:a68aa1d27e59,WEN38,1,60001,1,PR1_HT1_EC0,cf9bc95d906238978e0c5ab26a1947d4104e026d3bac972323bf05453ec86ca7,benchmark,original,No-EC,5000,planning,80,2.8641086374087026,80178.33333333334,-0.2798237330835036
WEN38:i1:nsga2:s60001:r1:PR1_HT1_EC0:a68aa1d27e59,WEN38,1,60001,1,PR1_HT1_EC0,cf9bc95d906238978e0c5ab26a1947d4104e026d3bac972323bf05453ec86ca7,benchmark,original,No-EC,5000,planning,81,2.8654347479510873,79904.33333333334,-0.2798237330835036
WEN38:i1:nsga2:s60001:r1:PR1_HT1_EC0:a68aa1d27e59,WEN38,1,60001,1,PR1_HT1_EC0,cf9bc95d906238978e0c5ab26a1947d4104e026d3bac972323bf05453ec86ca7,benchmark,original,No-EC,5000,planning,82,2.9797181342197003,72975.0,-0.19464977120969706
WEN38:i1:nsga2:s60001:r1:PR1_HT1_EC0:a68aa1d27e59,WEN38,1,60001,1,PR1_HT1_EC0,cf9bc95d906238978e0c5ab26a1947d4104e026d3bac972323bf05453ec86ca7,benchmark,original,No-EC,5000,planning,83,3.1085247550380375,88071.16666666667,-0.4140845070432988
WEN38:i1:nsga2:s60001:r1:PR1_HT1_EC0:a68aa1d27e59,WEN38,1,60001,1,PR1_HT1_EC0,cf9bc95d906238978e0c5ab26a1947d4104e026d3bac972323bf05453ec86ca7,benchmark,original,No-EC,5000,planning,84,3.165399312089909,89615.16666666667,-0.45858968291668134
WEN38:i1:nsga2:s60001:r1:PR1_HT1_EC0:a68aa1d27e59,WEN38,1,60001,1,PR1_HT1_EC0,cf9bc95d906238978e0c5ab26a1947d4104e026d3bac972323bf05453ec86ca7,benchmark,original,No-EC,5000,planning,85,3.1938365906155646,86918.16666666666,-0.45315487571770063
WEN38:i1:nsga2:s60001:r1:PR1_HT1_EC1:23ae88380adf,WEN38,1,60001,1,PR1_HT1_EC1,cf9bc95d906238978e0c5ab26a1947d4104e026d3bac972323bf05453ec86ca7,benchmark,original,Full,5000,planning,0,2.4589643828704224,130387.33333333334,-0.0
WEN38:i1:nsga2:s60001:r1:PR1_HT1_EC1:23ae88380adf,WEN38,1,60001,1,PR1_HT1_EC1,cf9bc95d906238978e0c5ab26a1947d4104e026d3bac972323bf05453ec86ca7,benchmark,original,Full,5000,planning,1,2.4593262643399028,127829.33333333334,-0.0
WEN38:i1:nsga2:s60001:r1:PR1_HT1_EC1:23ae88380adf,WEN38,1,60001,1,PR1_HT1_EC1,cf9bc95d906238978e0c5ab26a1947d4104e026d3bac972323bf05453ec86ca7,benchmark,original,Full,5000,planning,2,2.4604028556742747,122954.0,-0.0
WEN38:i1:nsga2:s60001:r1:PR1_HT1_EC1:23ae88380adf,WEN38,1,60001,1,PR1_HT1_EC1,cf9bc95d906238978e0c5ab26a1947d4104e026d3bac972323bf05453ec86ca7,benchmark,original,Full,5000,planning,3,2.4611908813259236,111678.16666666666,-0.0
WEN38:i1:nsga2:s60001:r1:PR1_HT1_EC1:23ae88380adf,WEN38,1,60001,1,PR1_HT1_EC1,cf9bc95d906238978e0c5ab26a1947d4104e026d3bac972323bf05453ec86ca7,benchmark,original,Full,5000,planning,4,2.462154771593945,101648.0,-0.0
WEN38:i1:nsga2:s60001:r1:PR1_HT1_EC1:23ae88380adf,WEN38,1,60001,1,PR1_HT1_EC1,cf9bc95d906238978e0c5ab26a1947d4104e026d3bac972323bf05453ec86ca7,benchmark,original,Full,5000,planning,5,2.4625529576174676,133946.33333333334,-0.5165447873214362
WEN38:i1:nsga2:s60001:r1:PR1_HT1_EC1:23ae88380adf,WEN38,1,60001,1,PR1_HT1_EC1,cf9bc95d906238978e0c5ab26a1947d4104e026d3bac972323bf05453ec86ca7,benchmark,original,Full,5000,planning,6,2.462654913069888,138330.33333333334,-0.5206261591820294
WEN38:i1:nsga2:s60001:r1:PR1_HT1_EC1:23ae88380adf,WEN38,1,60001,1,PR1_HT1_EC1,cf9bc95d906238978e0c5ab26a1947d4104e026d3bac972323bf05453ec86ca7,benchmark,original,Full,5000,planning,7,2.463048695943061,159963.83333333334,-0.7211625685058607
WEN38:i1:nsga2:s60001:r1:PR1_HT1_EC1:23ae88380adf,WEN38,1,60001,1,PR1_HT1_EC1,cf9bc95d906238978e0c5ab26a1947d4104e026d3bac972323bf05453ec86ca7,benchmark,original,Full,5000,planning,8,2.4632118425788274,95791.66666666667,-0.0
WEN38:i1:nsga2:s60001:r1:PR1_HT1_EC1:23ae88380adf,WEN38,1,60001,1,PR1_HT1_EC1,cf9bc95d906238978e0c5ab26a1947d4104e026d3bac972323bf05453ec86ca7,benchmark,original,Full,5000,planning,9,2.463337796644657,141007.6666666667,-0.5856963220230682
WEN38:i1:nsga2:s60001:r1:PR1_HT1_EC1:23ae88380adf,WEN38,1,60001,1,PR1_HT1_EC1,cf9bc95d906238978e0c5ab26a1947d4104e026d3bac972323bf05453ec86ca7,benchmark,original,Full,5000,planning,10,2.4633589754175667,95458.66666666667,-0.0
WEN38:i1:nsga2:s60001:r1:PR1_HT1_EC1:23ae88380adf,WEN38,1,60001,1,PR1_HT1_EC1,cf9bc95d906238978e0c5ab26a1947d4104e026d3bac972323bf05453ec86ca7,benchmark,original,Full,5000,planning,11,2.4633919817968897,139926.0,-0.5742540880528395
WEN38:i1:nsga2:s60001:r1:PR1_HT1_EC1:23ae88380adf,WEN38,1,60001,1,PR1_HT1_EC1,cf9bc95d906238978e0c5ab26a1947d4104e026d3bac972323bf05453ec86ca7,benchmark,original,Full,5000,planning,12,2.4634602454694656,152224.83333333334,-0.7247009283382795
WEN38:i1:nsga2:s60001:r1:PR1_HT1_EC1:23ae88380adf,WEN38,1,60001,1,PR1_HT1_EC1,cf9bc95d906238978e0c5ab26a1947d4104e026d3bac972323bf05453ec86ca7,benchmark,original,Full,5000,planning,13,2.463491644206329,150858.83333333334,-0.7227468524097276
WEN38:i1:nsga2:s60001:r1:PR1_HT1_EC1:23ae88380adf,WEN38,1,60001,1,PR1_HT1_EC1,cf9bc95d906238978e0c5ab26a1947d4104e026d3bac972323bf05453ec86ca7,benchmark,original,Full,5000,planning,14,2.463826732635101,141847.6666666667,-0.5873768184665096
WEN38:i1:nsga2:s60001:r1:PR1_HT1_EC1:23ae88380adf,WEN38,1,60001,1,PR1_HT1_EC1,cf9bc95d906238978e0c5ab26a1947d4104e026d3bac972323bf05453ec86ca7,benchmark,original,Full,5000,planning,15,2.4643775407335298,151647.1666666667,-0.7259154202165519
WEN38:i1:nsga2:s60001:r1:PR1_HT1_EC1:23ae88380adf,WEN38,1,60001,1,PR1_HT1_EC1,cf9bc95d906238978e0c5ab26a1947d4104e026d3bac972323bf05453ec86ca7,benchmark,original,Full,5000,planning,16,2.4644060655313504,139176.6666666667,-0.524847716925251
WEN38:i1:nsga2:s60001:r1:PR1_HT1_EC1:23ae88380adf,WEN38,1,60001,1,PR1_HT1_EC1,cf9bc95d906238978e0c5ab26a1947d4104e026d3bac972323bf05453ec86ca7,benchmark,original,Full,5000,planning,17,2.4644418286452474,133868.16666666666,-0.5819266750095267
WEN38:i1:nsga2:s60001:r1:PR1_HT1_EC1:23ae88380adf,WEN38,1,60001,1,PR1_HT1_EC1,cf9bc95d906238978e0c5ab26a1947d4104e026d3bac972323bf05453ec86ca7,benchmark,original,Full,5000,planning,18,2.4647683326348706,123099.33333333333,-0.5832571786922927
WEN38:i1:nsga2:s60001:r1:PR1_HT1_EC1:23ae88380adf,WEN38,1,60001,1,PR1_HT1_EC1,cf9bc95d906238978e0c5ab26a1947d4104e026d3bac972323bf05453ec86ca7,benchmark,original,Full,5000,planning,19,2.465224385903154,127346.66666666667,-0.7973068745568526
WEN38:i1:nsga2:s60001:r1:PR1_HT1_EC1:23ae88380adf,WEN38,1,60001,1,PR1_HT1_EC1,cf9bc95d906238978e0c5ab26a1947d4104e026d3bac972323bf05453ec86ca7,benchmark,original,Full,5000,planning,20,2.4654524658797996,87213.33333333334,-0.0
WEN38:i1:nsga2:s60001:r1:PR1_HT1_EC1:23ae88380adf,WEN38,1,60001,1,PR1_HT1_EC1,cf9bc95d906238978e0c5ab26a1947d4104e026d3bac972323bf05453ec86ca7,benchmark,original,Full,5000,planning,21,2.465629645185256,85371.0,-0.0
WEN38:i1:nsga2:s60001:r1:PR1_HT1_EC1:23ae88380adf,WEN38,1,60001,1,PR1_HT1_EC1,cf9bc95d906238978e0c5ab26a1947d4104e026d3bac972323bf05453ec86ca7,benchmark,original,Full,5000,planning,22,2.4656956606402547,127193.66666666667,-0.7973068745568526
WEN38:i1:nsga2:s60001:r1:PR1_HT1_EC1:23ae88380adf,WEN38,1,60001,1,PR1_HT1_EC1,cf9bc95d906238978e0c5ab26a1947d4104e026d3bac972323bf05453ec86ca7,benchmark,original,Full,5000,planning,23,2.4657800621190873,120384.00000000001,-0.5934839279225343
WEN38:i1:nsga2:s60001:r1:PR1_HT1_EC1:23ae88380adf,WEN38,1,60001,1,PR1_HT1_EC1,cf9bc95d906238978e0c5ab26a1947d4104e026d3bac972323bf05453ec86ca7,benchmark,original,Full,5000,planning,24,2.4661231773436834,125369.50000000001,-0.7973068745568526
WEN38:i1:nsga2:s60001:r1:PR1_HT1_EC1:23ae88380adf,WEN38,1,60001,1,PR1_HT1_EC1,cf9bc95d906238978e0c5ab26a1947d4104e026d3bac972323bf05453ec86ca7,benchmark,original,Full,5000,planning,25,2.467452022134612,123465.50000000001,-0.7973068745568526
WEN38:i1:nsga2:s60001:r1:PR1_HT1_EC1:23ae88380adf,WEN38,1,60001,1,PR1_HT1_EC1,cf9bc95d906238978e0c5ab26a1947d4104e026d3bac972323bf05453ec86ca7,benchmark,original,Full,5000,planning,26,2.468794780810172,122373.16666666666,-0.7973068745568526
WEN38:i1:nsga2:s60001:r1:PR1_HT1_EC1:23ae88380adf,WEN38,1,60001,1,PR1_HT1_EC1,cf9bc95d906238978e0c5ab26a1947d4104e026d3bac972323bf05453ec86ca7,benchmark,original,Full,5000,planning,27,2.469398868291889,122094.16666666667,-0.7973068745568526
WEN38:i1:nsga2:s60001:r1:PR1_HT1_EC1:23ae88380adf,WEN38,1,60001,1,PR1_HT1_EC1,cf9bc95d906238978e0c5ab26a1947d4104e026d3bac972323bf05453ec86ca7,benchmark,original,Full,5000,planning,28,2.4745288281426685,118164.0,-0.044676409188468824
WEN38:i1:nsga2:s60001:r1:PR1_HT1_EC1:23ae88380adf,WEN38,1,60001,1,PR1_HT1_EC1,cf9bc95d906238978e0c5ab26a1947d4104e026d3bac972323bf05453ec86ca7,benchmark,original,Full,5000,planning,29,2.475197423059716,111347.33333333334,-0.044676409188468824
WEN38:i1:nsga2:s60001:r1:PR1_HT1_EC1:23ae88380adf,WEN38,1,60001,1,PR1_HT1_EC1,cf9bc95d906238978e0c5ab26a1947d4104e026d3bac972323bf05453ec86ca7,benchmark,original,Full,5000,planning,30,2.476526172471604,119096.16666666666,-0.06267922982624441
WEN38:i1:nsga2:s60001:r1:PR1_HT1_EC1:23ae88380adf,WEN38,1,60001,1,PR1_HT1_EC1,cf9bc95d906238978e0c5ab26a1947d4104e026d3bac972323bf05453ec86ca7,benchmark,original,Full,5000,planning,31,2.4767919414297905,104869.0,-0.05998356614873046
WEN38:i1:nsga2:s60001:r1:PR1_HT1_EC1:23ae88380adf,WEN38,1,60001,1,PR1_HT1_EC1,cf9bc95d906238978e0c5ab26a1947d4104e026d3bac972323bf05453ec86ca7,benchmark,original,Full,5000,planning,32,2.4927380789207993,106394.66666666667,-0.13393590797113575
WEN38:i1:nsga2:s60001:r1:PR1_HT1_EC1:23ae88380adf,WEN38,1,60001,1,PR1_HT1_EC1,cf9bc95d906238978e0c5ab26a1947d4104e026d3bac972323bf05453ec86ca7,benchmark,original,Full,5000,planning,33,2.4942321232810913,101178.66666666667,-0.05998356614873046
WEN38:i1:nsga2:s60001:r1:PR1_HT1_EC1:23ae88380adf,WEN38,1,60001,1,PR1_HT1_EC1,cf9bc95d906238978e0c5ab26a1947d4104e026d3bac972323bf05453ec86ca7,benchmark,original,Full,5000,planning,34,2.495572947807503,85088.83333333333,-0.0
WEN38:i1:nsga2:s60001:r1:PR1_HT1_EC1:23ae88380adf,WEN38,1,60001,1,PR1_HT1_EC1,cf9bc95d906238978e0c5ab26a1947d4104e026d3bac972323bf05453ec86ca7,benchmark,original,Full,5000,planning,35,2.500466864457893,108251.16666666667,-0.15758468336025544
WEN38:i1:nsga2:s60001:r1:PR1_HT1_EC1:23ae88380adf,WEN38,1,60001,1,PR1_HT1_EC1,cf9bc95d906238978e0c5ab26a1947d4104e026d3bac972323bf05453ec86ca7,benchmark,original,Full,5000,planning,36,2.5037089805711723,106547.33333333334,-0.15758468336025544
WEN38:i1:nsga2:s60001:r1:PR1_HT1_EC1:23ae88380adf,WEN38,1,60001,1,PR1_HT1_EC1,cf9bc95d906238978e0c5ab26a1947d4104e026d3bac972323bf05453ec86ca7,benchmark,original,Full,5000,planning,37,2.5092689631745047,109470.0,-0.17161477190711594
WEN38:i1:nsga2:s60001:r1:PR1_HT1_EC1:23ae88380adf,WEN38,1,60001,1,PR1_HT1_EC1,cf9bc95d906238978e0c5ab26a1947d4104e026d3bac972323bf05453ec86ca7,benchmark,original,Full,5000,planning,38,2.513062804120612,108890.66666666667,-0.19464977120969706
WEN38:i1:nsga2:s60001:r1:PR1_HT1_EC1:23ae88380adf,WEN38,1,60001,1,PR1_HT1_EC1,cf9bc95d906238978e0c5ab26a1947d4104e026d3bac972323bf05453ec86ca7,benchmark,original,Full,5000,planning,39,2.513789771551802,105792.00000000001,-0.19464977120969706
WEN38:i1:nsga2:s60001:r1:PR1_HT1_EC1:23ae88380adf,WEN38,1,60001,1,PR1_HT1_EC1,cf9bc95d906238978e0c5ab26a1947d4104e026d3bac972323bf05453ec86ca7,benchmark,original,Full,5000,planning,40,2.5231717308822432,99585.00000000001,-0.05998356614873046
WEN38:i1:nsga2:s60001:r1:PR1_HT1_EC1:23ae88380adf,WEN38,1,60001,1,PR1_HT1_EC1,cf9bc95d906238978e0c5ab26a1947d4104e026d3bac972323bf05453ec86ca7,benchmark,original,Full,5000,planning,41,2.523212919459591,81820.66666666667,-0.0
WEN38:i1:nsga2:s60001:r1:PR1_HT1_EC1:23ae88380adf,WEN38,1,60001,1,PR1_HT1_EC1,cf9bc95d906238978e0c5ab26a1947d4104e026d3bac972323bf05453ec86ca7,benchmark,original,Full,5000,planning,42,2.5286168882761095,94794.00000000001,-0.17161477190711594
WEN38:i1:nsga2:s60001:r1:PR1_HT1_EC1:23ae88380adf,WEN38,1,60001,1,PR1_HT1_EC1,cf9bc95d906238978e0c5ab26a1947d4104e026d3bac972323bf05453ec86ca7,benchmark,original,Full,5000,planning,43,2.5290598365397523,93424.0,-0.17161477190711594
WEN38:i1:nsga2:s60001:r1:PR1_HT1_EC1:23ae88380adf,WEN38,1,60001,1,PR1_HT1_EC1,cf9bc95d906238978e0c5ab26a1947d4104e026d3bac972323bf05453ec86ca7,benchmark,original,Full,5000,planning,44,2.5378401091117,116769.66666666667,-0.2666666666682431
WEN38:i1:nsga2:s60001:r1:PR1_HT1_EC1:23ae88380adf,WEN38,1,60001,1,PR1_HT1_EC1,cf9bc95d906238978e0c5ab26a1947d4104e026d3bac972323bf05453ec86ca7,benchmark,original,Full,5000,planning,45,2.5412852086161246,90007.66666666667,-0.05998356614873046
WEN38:i1:nsga2:s60001:r1:PR1_HT1_EC1:23ae88380adf,WEN38,1,60001,1,PR1_HT1_EC1,cf9bc95d906238978e0c5ab26a1947d4104e026d3bac972323bf05453ec86ca7,benchmark,original,Full,5000,planning,46,2.5423414153024275,119748.00000000001,-0.27640733712996735
WEN38:i1:nsga2:s60001:r1:PR1_HT1_EC1:23ae88380adf,WEN38,1,60001,1,PR1_HT1_EC1,cf9bc95d906238978e0c5ab26a1947d4104e026d3bac972323bf05453ec86ca7,benchmark,original,Full,5000,planning,47,2.545325387894743,111859.00000000001,-0.27640733712996735
WEN38:i1:nsga2:s60001:r1:PR1_HT1_EC1:23ae88380adf,WEN38,1,60001,1,PR1_HT1_EC1,cf9bc95d906238978e0c5ab26a1947d4104e026d3bac972323bf05453ec86ca7,benchmark,original,Full,5000,planning,48,2.5454489222943417,108104.0,-0.2847764926555101
WEN38:i1:nsga2:s60001:r1:PR1_HT1_EC1:23ae88380adf,WEN38,1,60001,1,PR1_HT1_EC1,cf9bc95d906238978e0c5ab26a1947d4104e026d3bac972323bf05453ec86ca7,benchmark,original,Full,5000,planning,49,2.560774932216388,98616.66666666669,-0.24835742444338393
WEN38:i1:nsga2:s60001:r1:PR1_HT1_EC1:23ae88380adf,WEN38,1,60001,1,PR1_HT1_EC1,cf9bc95d906238978e0c5ab26a1947d4104e026d3bac972323bf05453ec86ca7,benchmark,original,Full,5000,planning,50,2.564495697630985,107798.33333333333,-0.2573839662463797
WEN38:i1:nsga2:s60001:r1:PR1_HT1_EC1:23ae88380adf,WEN38,1,60001,1,PR1_HT1_EC1,cf9bc95d906238978e0c5ab26a1947d4104e026d3bac972323bf05453ec86ca7,benchmark,original,Full,5000,planning,51,2.5667104389491975,119360.16666666666,-0.3385371494669016
WEN38:i1:nsga2:s60001:r1:PR1_HT1_EC1:23ae88380adf,WEN38,1,60001,1,PR1_HT1_EC1,cf9bc95d906238978e0c5ab26a1947d4104e026d3bac972323bf05453ec86ca7,benchmark,original,Full,5000,planning,52,2.5815241114557175,107007.0,-0.27640733712996735
WEN38:i1:nsga2:s60001:r1:PR1_HT1_EC1:23ae88380adf,WEN38,1,60001,1,PR1_HT1_EC1,cf9bc95d906238978e0c5ab26a1947d4104e026d3bac972323bf05453ec86ca7,benchmark,original,Full,5000,planning,53,2.5877061866456206,81745.16666666667,-0.0
WEN38:i1:nsga2:s60001:r1:PR1_HT1_EC1:23ae88380adf,WEN38,1,60001,1,PR1_HT1_EC1,cf9bc95d906238978e0c5ab26a1947d4104e026d3bac972323bf05453ec86ca7,benchmark,original,Full,5000,planning,54,2.588436838617085,108633.16666666667,-0.3274544385676563
WEN38:i1:nsga2:s60001:r1:PR1_HT1_EC1:23ae88380adf,WEN38,1,60001,1,PR1_HT1_EC1,cf9bc95d906238978e0c5ab26a1947d4104e026d3bac972323bf05453ec86ca7,benchmark,original,Full,5000,planning,55,2.5949705381695614,117971.33333333333,-0.3947089947105269
WEN38:i1:nsga2:s60001:r1:PR1_HT1_EC1:23ae88380adf,WEN38,1,60001,1,PR1_HT1_EC1,cf9bc95d906238978e0c5ab26a1947d4104e026d3bac972323bf05453ec86ca7,benchmark,original,Full,5000,planning,56,2.5980369067664366,106472.66666666667,-0.3947089947105269
WEN38:i1:nsga2:s60001:r1:PR1_HT1_EC1:23ae88380adf,WEN38,1,60001,1,PR1_HT1_EC1,cf9bc95d906238978e0c5ab26a1947d4104e026d3bac972323bf05453ec86ca7,benchmark,original,Full,5000,planning,57,2.6006402759442064,106061.66666666667,-0.2556929082647912
WEN38:i1:nsga2:s60001:r1:PR1_HT1_EC1:23ae88380adf,WEN38,1,60001,1,PR1_HT1_EC1,cf9bc95d906238978e0c5ab26a1947d4104e026d3bac972323bf05453ec86ca7,benchmark,original,Full,5000,planning,58,2.601526172471492,98080.33333333334,-0.2556929082647912
WEN38:i1:nsga2:s60001:r1:PR1_HT1_EC1:23ae88380adf,WEN38,1,60001,1,PR1_HT1_EC1,cf9bc95d906238978e0c5ab26a1947d4104e026d3bac972323bf05453ec86ca7,benchmark,original,Full,5000,planning,59,2.601703351777256,104386.66666666667,-0.3356562137068977
WEN38:i1:nsga2:s60001:r1:PR1_HT1_EC1:23ae88380adf,WEN38,1,60001,1,PR1_HT1_EC1,cf9bc95d906238978e0c5ab26a1947d4104e026d3bac972323bf05453ec86ca7,benchmark,original,Full,5000,planning,60,2.6257111476666077,86025.33333333333,-0.11757476444108761
WEN38:i1:nsga2:s60001:r1:PR1_HT1_EC1:23ae88380adf,WEN38,1,60001,1,PR1_HT1_EC1,cf9bc95d906238978e0c5ab26a1947d4104e026d3bac972323bf05453ec86ca7,benchmark,original,Full,5000,planning,61,2.6335613575108185,116749.00000000001,-0.40771421175395517
WEN38:i1:nsga2:s60001:r1:PR1_HT1_EC1:23ae88380adf,WEN38,1,60001,1,PR1_HT1_EC1,cf9bc95d906238978e0c5ab26a1947d4104e026d3bac972323bf05453ec86ca7,benchmark,original,Full,5000,planning,62,2.634060509772249,111258.00000000001,-0.40771421175395517
WEN38:i1:nsga2:s60001:r1:PR1_HT1_EC1:23ae88380adf,WEN38,1,60001,1,PR1_HT1_EC1,cf9bc95d906238978e0c5ab26a1947d4104e026d3bac972323bf05453ec86ca7,benchmark,original,Full,5000,planning,63,2.635101650855586,104568.5,-0.40771421175395517
WEN38:i1:nsga2:s60001:r1:PR1_HT1_EC1:23ae88380adf,WEN38,1,60001,1,PR1_HT1_EC1,cf9bc95d906238978e0c5ab26a1947d4104e026d3bac972323bf05453ec86ca7,benchmark,original,Full,5000,planning,64,2.636430495646514,104162.66666666666,-0.40771421175395517
WEN38:i1:nsga2:s60001:r1:PR1_HT1_EC1:23ae88380adf,WEN38,1,60001,1,PR1_HT1_EC1,cf9bc95d906238978e0c5ab26a1947d4104e026d3bac972323bf05453ec86ca7,benchmark,original,Full,5000,planning,65,2.653705477928749,81087.0,-0.0
WEN38:i1:nsga2:s60001:r1:PR1_HT1_EC1:23ae88380adf,WEN38,1,60001,1,PR1_HT1_EC1,cf9bc95d906238978e0c5ab26a1947d4104e026d3bac972323bf05453ec86ca7,benchmark,original,Full,5000,planning,66,2.655742189286217,101901.33333333333,-0.4430379746845574
WEN38:i1:nsga2:s60001:r1:PR1_HT1_EC1:23ae88380adf,WEN38,1,60001,1,PR1_HT1_EC1,cf9bc95d906238978e0c5ab26a1947d4104e026d3bac972323bf05453ec86ca7,benchmark,original,Full,5000,planning,67,2.662475002893582,108243.83333333333,-0.45315487571770063
WEN38:i1:nsga2:s60001:r1:PR1_HT1_EC1:23ae88380adf,WEN38,1,60001,1,PR1_HT1_EC1,cf9bc95d906238978e0c5ab26a1947d4104e026d3bac972323bf05453ec86ca7,benchmark,original,Full,5000,planning,68,2.664159056950989,80519.66666666667,-0.0
WEN38:i1:nsga2:s60001:r1:PR1_HT1_EC1:23ae88380adf,WEN38,1,60001,1,PR1_HT1_EC1,cf9bc95d906238978e0c5ab26a1947d4104e026d3bac972323bf05453ec86ca7,benchmark,original,Full,5000,planning,69,2.66515547787995,103315.66666666667,-0.45315487571770063
WEN38:i1:nsga2:s60001:r1:PR1_HT1_EC1:23ae88380adf,WEN38,1,60001,1,PR1_HT1_EC1,cf9bc95d906238978e0c5ab26a1947d4104e026d3bac972323bf05453ec86ca7,benchmark,original,Full,5000,planning,70,2.666668367978219,99844.33333333333,-0.40057636887740955
WEN38:i1:nsga2:s60001:r1:PR1_HT1_EC1:23ae88380adf,WEN38,1,60001,1,PR1_HT1_EC1,cf9bc95d906238978e0c5ab26a1947d4104e026d3bac972323bf05453ec86ca7,benchmark,original,Full,5000,planning,71,2.6700992062637754,93582.33333333333,-0.19464977120969706
WEN38:i1:nsga2:s60001:r1:PR1_HT1_EC1:23ae88380adf,WEN38,1,60001,1,PR1_HT1_EC1,cf9bc95d906238978e0c5ab26a1947d4104e026d3bac972323bf05453ec86ca7,benchmark,original,Full,5000,planning,72,2.6708032809051643,99990.33333333333,-0.4066390041507475
WEN38:i1:nsga2:s60001:r1:PR1_HT1_EC1:23ae88380adf,WEN38,1,60001,1,PR1_HT1_EC1,cf9bc95d906238978e0c5ab26a1947d4104e026d3bac972323bf05453ec86ca7,benchmark,original,Full,5000,planning,73,2.687369545965572,78981.66666666667,-0.0
WEN38:i1:nsga2:s60001:r1:PR1_HT1_EC1:23ae88380adf,WEN38,1,60001,1,PR1_HT1_EC1,cf9bc95d906238978e0c5ab26a1947d4104e026d3bac972323bf05453ec86ca7,benchmark,original,Full,5000,planning,74,2.700923762833479,83062.33333333333,-0.17912900575356616
WEN38:i1:nsga2:s60001:r1:PR1_HT1_EC1:23ae88380adf,WEN38,1,60001,1,PR1_HT1_EC1,cf9bc95d906238978e0c5ab26a1947d4104e026d3bac972323bf05453ec86ca7,benchmark,original,Full,5000,planning,75,2.7074793971349953,74388.5,-0.0
WEN38:i1:nsga2:s60001:r1:PR1_HT1_EC1:23ae88380adf,WEN38,1,60001,1,PR1_HT1_EC1,cf9bc95d906238978e0c5ab26a1947d4104e026d3bac972323bf05453ec86ca7,benchmark,original,Full,5000,planning,76,2.7324616792049117,92583.66666666669,-0.2798237330835036
WEN38:i1:nsga2:s60001:r1:PR1_HT1_EC1:23ae88380adf,WEN38,1,60001,1,PR1_HT1_EC1,cf9bc95d906238978e0c5ab26a1947d4104e026d3bac972323bf05453ec86ca7,benchmark,original,Full,5000,planning,77,2.7499138407919546,72375.66666666667,-0.0
WEN38:i1:nsga2:s60001:r1:PR1_HT1_EC1:23ae88380adf,WEN38,1,60001,1,PR1_HT1_EC1,cf9bc95d906238978e0c5ab26a1947d4104e026d3bac972323bf05453ec86ca7,benchmark,original,Full,5000,planning,78,2.7947402050730332,91678.5,-0.1825652018596884
WEN38:i1:nsga2:s60001:r1:PR1_HT1_EC1:23ae88380adf,WEN38,1,60001,1,PR1_HT1_EC1,cf9bc95d906238978e0c5ab26a1947d4104e026d3bac972323bf05453ec86ca7,benchmark,original,Full,5000,planning,79,2.8003213531945237,71553.5,-0.0
WEN38:i1:nsga2:s60001:r1:PR1_HT1_EC1:23ae88380adf,WEN38,1,60001,1,PR1_HT1_EC1,cf9bc95d906238978e0c5ab26a1947d4104e026d3bac972323bf05453ec86ca7,benchmark,original,Full,5000,planning,80,2.8641086374087026,80178.33333333334,-0.2798237330835036
WEN38:i1:nsga2:s60001:r1:PR1_HT1_EC1:23ae88380adf,WEN38,1,60001,1,PR1_HT1_EC1,cf9bc95d906238978e0c5ab26a1947d4104e026d3bac972323bf05453ec86ca7,benchmark,original,Full,5000,planning,81,2.8654347479510873,79904.33333333334,-0.2798237330835036
WEN38:i1:nsga2:s60001:r1:PR1_HT1_EC1:23ae88380adf,WEN38,1,60001,1,PR1_HT1_EC1,cf9bc95d906238978e0c5ab26a1947d4104e026d3bac972323bf05453ec86ca7,benchmark,original,Full,5000,planning,82,2.9797181342197003,72975.0,-0.19464977120969706
WEN38:i1:nsga2:s60001:r1:PR1_HT1_EC1:23ae88380adf,WEN38,1,60001,1,PR1_HT1_EC1,cf9bc95d906238978e0c5ab26a1947d4104e026d3bac972323bf05453ec86ca7,benchmark,original,Full,5000,planning,83,3.1085247550380375,88071.16666666667,-0.4140845070432988
WEN38:i1:nsga2:s60001:r1:PR1_HT1_EC1:23ae88380adf,WEN38,1,60001,1,PR1_HT1_EC1,cf9bc95d906238978e0c5ab26a1947d4104e026d3bac972323bf05453ec86ca7,benchmark,original,Full,5000,planning,84,3.165399312089909,89615.16666666667,-0.45858968291668134
WEN38:i1:nsga2:s60001:r1:PR1_HT1_EC1:23ae88380adf,WEN38,1,60001,1,PR1_HT1_EC1,cf9bc95d906238978e0c5ab26a1947d4104e026d3bac972323bf05453ec86ca7,benchmark,original,Full,5000,planning,85,3.1938365906155646,86918.16666666666,-0.45315487571770063
WEN38:i1:nsga2:s60002:r2:PR0_HT1_EC1:808bda2358e2,WEN38,1,60002,2,PR0_HT1_EC1,cf9bc95d906238978e0c5ab26a1947d4104e026d3bac972323bf05453ec86ca7,benchmark,original,No-PR,5000,planning,0,2.4582662531032557,151514.5,-0.0
WEN38:i1:nsga2:s60002:r2:PR0_HT1_EC1:808bda2358e2,WEN38,1,60002,2,PR0_HT1_EC1,cf9bc95d906238978e0c5ab26a1947d4104e026d3bac972323bf05453ec86ca7,benchmark,original,No-PR,5000,planning,1,2.459183988435787,142410.0,-0.0
WEN38:i1:nsga2:s60002:r2:PR0_HT1_EC1:808bda2358e2,WEN38,1,60002,2,PR0_HT1_EC1,cf9bc95d906238978e0c5ab26a1947d4104e026d3bac972323bf05453ec86ca7,benchmark,original,No-PR,5000,planning,2,2.460276229586775,114281.0,-0.0
WEN38:i1:nsga2:s60002:r2:PR0_HT1_EC1:808bda2358e2,WEN38,1,60002,2,PR0_HT1_EC1,cf9bc95d906238978e0c5ab26a1947d4104e026d3bac972323bf05453ec86ca7,benchmark,original,No-PR,5000,planning,3,2.461260364497872,112133.0,-0.0
WEN38:i1:nsga2:s60002:r2:PR0_HT1_EC1:808bda2358e2,WEN38,1,60002,2,PR0_HT1_EC1,cf9bc95d906238978e0c5ab26a1947d4104e026d3bac972323bf05453ec86ca7,benchmark,original,No-PR,5000,planning,4,2.4614745275428085,107120.0,-0.0
WEN38:i1:nsga2:s60002:r2:PR0_HT1_EC1:808bda2358e2,WEN38,1,60002,2,PR0_HT1_EC1,cf9bc95d906238978e0c5ab26a1947d4104e026d3bac972323bf05453ec86ca7,benchmark,original,No-PR,5000,planning,5,2.4625313770218353,103157.0,-0.0
WEN38:i1:nsga2:s60002:r2:PR0_HT1_EC1:808bda2358e2,WEN38,1,60002,2,PR0_HT1_EC1,cf9bc95d906238978e0c5ab26a1947d4104e026d3bac972323bf05453ec86ca7,benchmark,original,No-PR,5000,planning,6,2.4625982749695883,98413.5,-0.0
WEN38:i1:nsga2:s60002:r2:PR0_HT1_EC1:808bda2358e2,WEN38,1,60002,2,PR0_HT1_EC1,cf9bc95d906238978e0c5ab26a1947d4104e026d3bac972323bf05453ec86ca7,benchmark,original,No-PR,5000,planning,7,2.464924877433078,97948.0,-0.0
WEN38:i1:nsga2:s60002:r2:PR0_HT1_EC1:808bda2358e2,WEN38,1,60002,2,PR0_HT1_EC1,cf9bc95d906238978e0c5ab26a1947d4104e026d3bac972323bf05453ec86ca7,benchmark,original,No-PR,5000,planning,8,2.4688063685443042,96387.5,-0.0
WEN38:i1:nsga2:s60002:r2:PR0_HT1_EC1:808bda2358e2,WEN38,1,60002,2,PR0_HT1_EC1,cf9bc95d906238978e0c5ab26a1947d4104e026d3bac972323bf05453ec86ca7,benchmark,original,No-PR,5000,planning,9,2.4769774345723055,130265.0,-0.04746044962848828
WEN38:i1:nsga2:s60002:r2:PR0_HT1_EC1:808bda2358e2,WEN38,1,60002,2,PR0_HT1_EC1,cf9bc95d906238978e0c5ab26a1947d4104e026d3bac972323bf05453ec86ca7,benchmark,original,No-PR,5000,planning,10,2.483617673039433,132160.0,-0.06267922982624441
WEN38:i1:nsga2:s60002:r2:PR0_HT1_EC1:808bda2358e2,WEN38,1,60002,2,PR0_HT1_EC1,cf9bc95d906238978e0c5ab26a1947d4104e026d3bac972323bf05453ec86ca7,benchmark,original,No-PR,5000,planning,11,2.4836342348460763,130735.0,-0.06267922982624441
WEN38:i1:nsga2:s60002:r2:PR0_HT1_EC1:808bda2358e2,WEN38,1,60002,2,PR0_HT1_EC1,cf9bc95d906238978e0c5ab26a1947d4104e026d3bac972323bf05453ec86ca7,benchmark,original,No-PR,5000,planning,12,2.483824417982598,128953.0,-0.06267922982624441
WEN38:i1:nsga2:s60002:r2:PR0_HT1_EC1:808bda2358e2,WEN38,1,60002,2,PR0_HT1_EC1,cf9bc95d906238978e0c5ab26a1947d4104e026d3bac972323bf05453ec86ca7,benchmark,original,No-PR,5000,planning,13,2.483870003710405,126217.0,-0.06267922982624441
WEN38:i1:nsga2:s60002:r2:PR0_HT1_EC1:808bda2358e2,WEN38,1,60002,2,PR0_HT1_EC1,cf9bc95d906238978e0c5ab26a1947d4104e026d3bac972323bf05453ec86ca7,benchmark,original,No-PR,5000,planning,14,2.4849812989878117,119929.0,-0.06267922982624441
WEN38:i1:nsga2:s60002:r2:PR0_HT1_EC1:808bda2358e2,WEN38,1,60002,2,PR0_HT1_EC1,cf9bc95d906238978e0c5ab26a1947d4104e026d3bac972323bf05453ec86ca7,benchmark,original,No-PR,5000,planning,15,2.488564947274754,95440.0,-0.0
WEN38:i1:nsga2:s60002:r2:PR0_HT1_EC1:808bda2358e2,WEN38,1,60002,2,PR0_HT1_EC1,cf9bc95d906238978e0c5ab26a1947d4104e026d3bac972323bf05453ec86ca7,benchmark,original,No-PR,5000,planning,16,2.488839283545035,93421.0,-0.0
WEN38:i1:nsga2:s60002:r2:PR0_HT1_EC1:808bda2358e2,WEN38,1,60002,2,PR0_HT1_EC1,cf9bc95d906238978e0c5ab26a1947d4104e026d3bac972323bf05453ec86ca7,benchmark,original,No-PR,5000,planning,17,2.4892822318091077,86129.0,-0.0
WEN38:i1:nsga2:s60002:r2:PR0_HT1_EC1:808bda2358e2,WEN38,1,60002,2,PR0_HT1_EC1,cf9bc95d906238978e0c5ab26a1947d4104e026d3bac972323bf05453ec86ca7,benchmark,original,No-PR,5000,planning,18,2.4972242516437504,99651.0,-0.15353311136004777
WEN38:i1:nsga2:s60002:r2:PR0_HT1_EC1:808bda2358e2,WEN38,1,60002,2,PR0_HT1_EC1,cf9bc95d906238978e0c5ab26a1947d4104e026d3bac972323bf05453ec86ca7,benchmark,original,No-PR,5000,planning,19,2.501180830804725,114364.0,-0.15975027543390752
WEN38:i1:nsga2:s60002:r2:PR0_HT1_EC1:808bda2358e2,WEN38,1,60002,2,PR0_HT1_EC1,cf9bc95d906238978e0c5ab26a1947d4104e026d3bac972323bf05453ec86ca7,benchmark,original,No-PR,5000,planning,20,2.5116344098271823,115186.5,-0.19464977120969706
WEN38:i1:nsga2:s60002:r2:PR0_HT1_EC1:808bda2358e2,WEN38,1,60002,2,PR0_HT1_EC1,cf9bc95d906238978e0c5ab26a1947d4104e026d3bac972323bf05453ec86ca7,benchmark,original,No-PR,5000,planning,21,2.5226211065528465,120140.5,-0.23350083752302453
WEN38:i1:nsga2:s60002:r2:PR0_HT1_EC1:808bda2358e2,WEN38,1,60002,2,PR0_HT1_EC1,cf9bc95d906238978e0c5ab26a1947d4104e026d3bac972323bf05453ec86ca7,benchmark,original,No-PR,5000,planning,22,2.524036961208691,96165.0,-0.15353311136004777
WEN38:i1:nsga2:s60002:r2:PR0_HT1_EC1:808bda2358e2,WEN38,1,60002,2,PR0_HT1_EC1,cf9bc95d906238978e0c5ab26a1947d4104e026d3bac972323bf05453ec86ca7,benchmark,original,No-PR,5000,planning,23,2.5260469376917216,95391.0,-0.15353311136004777
WEN38:i1:nsga2:s60002:r2:PR0_HT1_EC1:808bda2358e2,WEN38,1,60002,2,PR0_HT1_EC1,cf9bc95d906238978e0c5ab26a1947d4104e026d3bac972323bf05453ec86ca7,benchmark,original,No-PR,5000,planning,24,2.5267832404432555,117506.5,-0.23350083752302453
WEN38:i1:nsga2:s60002:r2:PR0_HT1_EC1:808bda2358e2,WEN38,1,60002,2,PR0_HT1_EC1,cf9bc95d906238978e0c5ab26a1947d4104e026d3bac972323bf05453ec86ca7,benchmark,original,No-PR,5000,planning,25,2.527575747192598,107194.5,-0.23350083752302453
WEN38:i1:nsga2:s60002:r2:PR0_HT1_EC1:808bda2358e2,WEN38,1,60002,2,PR0_HT1_EC1,cf9bc95d906238978e0c5ab26a1947d4104e026d3bac972323bf05453ec86ca7,benchmark,original,No-PR,5000,planning,26,2.5309392374645103,118193.0,-0.24338624338815862
WEN38:i1:nsga2:s60002:r2:PR0_HT1_EC1:808bda2358e2,WEN38,1,60002,2,PR0_HT1_EC1,cf9bc95d906238978e0c5ab26a1947d4104e026d3bac972323bf05453ec86ca7,benchmark,original,No-PR,5000,planning,27,2.536616691896194,112566.0,-0.2673711175175413
WEN38:i1:nsga2:s60002:r2:PR0_HT1_EC1:808bda2358e2,WEN38,1,60002,2,PR0_HT1_EC1,cf9bc95d906238978e0c5ab26a1947d4104e026d3bac972323bf05453ec86ca7,benchmark,original,No-PR,5000,planning,28,2.5515521903647036,81405.0,-0.0
WEN38:i1:nsga2:s60002:r2:PR0_HT1_EC1:808bda2358e2,WEN38,1,60002,2,PR0_HT1_EC1,cf9bc95d906238978e0c5ab26a1947d4104e026d3bac972323bf05453ec86ca7,benchmark,original,No-PR,5000,planning,29,2.555538724738212,92398.0,-0.24338624338815862
WEN38:i1:nsga2:s60002:r2:PR0_HT1_EC1:808bda2358e2,WEN38,1,60002,2,PR0_HT1_EC1,cf9bc95d906238978e0c5ab26a1947d4104e026d3bac972323bf05453ec86ca7,benchmark,original,No-PR,5000,planning,30,2.5629802555674797,109646.0,-0.2673711175175413
WEN38:i1:nsga2:s60002:r2:PR0_HT1_EC1:808bda2358e2,WEN38,1,60002,2,PR0_HT1_EC1,cf9bc95d906238978e0c5ab26a1947d4104e026d3bac972323bf05453ec86ca7,benchmark,original,No-PR,5000,planning,31,2.567791588415713,126780.0,-0.33313902652480465
WEN38:i1:nsga2:s60002:r2:PR0_HT1_EC1:808bda2358e2,WEN38,1,60002,2,PR0_HT1_EC1,cf9bc95d906238978e0c5ab26a1947d4104e026d3bac972323bf05453ec86ca7,benchmark,original,No-PR,5000,planning,32,2.5678891514569715,119741.0,-0.33313902652480465
WEN38:i1:nsga2:s60002:r2:PR0_HT1_EC1:808bda2358e2,WEN38,1,60002,2,PR0_HT1_EC1,cf9bc95d906238978e0c5ab26a1947d4104e026d3bac972323bf05453ec86ca7,benchmark,original,No-PR,5000,planning,33,2.5688405400847927,114948.0,-0.2847764926555101
WEN38:i1:nsga2:s60002:r2:PR0_HT1_EC1:808bda2358e2,WEN38,1,60002,2,PR0_HT1_EC1,cf9bc95d906238978e0c5ab26a1947d4104e026d3bac972323bf05453ec86ca7,benchmark,original,No-PR,5000,planning,34,2.5709142395791584,117536.0,-0.33313902652480465
WEN38:i1:nsga2:s60002:r2:PR0_HT1_EC1:808bda2358e2,WEN38,1,60002,2,PR0_HT1_EC1,cf9bc95d906238978e0c5ab26a1947d4104e026d3bac972323bf05453ec86ca7,benchmark,original,No-PR,5000,planning,35,2.5837463871468307,80357.5,-0.0
WEN38:i1:nsga2:s60002:r2:PR0_HT1_EC1:808bda2358e2,WEN38,1,60002,2,PR0_HT1_EC1,cf9bc95d906238978e0c5ab26a1947d4104e026d3bac972323bf05453ec86ca7,benchmark,original,No-PR,5000,planning,36,2.58400735598211,90013.0,-0.044676409188468824
WEN38:i1:nsga2:s60002:r2:PR0_HT1_EC1:808bda2358e2,WEN38,1,60002,2,PR0_HT1_EC1,cf9bc95d906238978e0c5ab26a1947d4104e026d3bac972323bf05453ec86ca7,benchmark,original,No-PR,5000,planning,37,2.589504714574818,80069.0,-0.0
WEN38:i1:nsga2:s60002:r2:PR0_HT1_EC1:808bda2358e2,WEN38,1,60002,2,PR0_HT1_EC1,cf9bc95d906238978e0c5ab26a1947d4104e026d3bac972323bf05453ec86ca7,benchmark,original,No-PR,5000,planning,38,2.5900204546110936,114896.0,-0.3837866953963385
WEN38:i1:nsga2:s60002:r2:PR0_HT1_EC1:808bda2358e2,WEN38,1,60002,2,PR0_HT1_EC1,cf9bc95d906238978e0c5ab26a1947d4104e026d3bac972323bf05453ec86ca7,benchmark,original,No-PR,5000,planning,39,2.593072119027026,104967.0,-0.33700376702563517
WEN38:i1:nsga2:s60002:r2:PR0_HT1_EC1:808bda2358e2,WEN38,1,60002,2,PR0_HT1_EC1,cf9bc95d906238978e0c5ab26a1947d4104e026d3bac972323bf05453ec86ca7,benchmark,original,No-PR,5000,planning,40,2.595432504651218,115040.0,-0.39019189765622286
WEN38:i1:nsga2:s60002:r2:PR0_HT1_EC1:808bda2358e2,WEN38,1,60002,2,PR0_HT1_EC1,cf9bc95d906238978e0c5ab26a1947d4104e026d3bac972323bf05453ec86ca7,benchmark,original,No-PR,5000,planning,41,2.5958555840417654,100272.0,-0.34271760988394817
WEN38:i1:nsga2:s60002:r2:PR0_HT1_EC1:808bda2358e2,WEN38,1,60002,2,PR0_HT1_EC1,cf9bc95d906238978e0c5ab26a1947d4104e026d3bac972323bf05453ec86ca7,benchmark,original,No-PR,5000,planning,42,2.5959640425672283,88334.0,-0.34271760988394817
WEN38:i1:nsga2:s60002:r2:PR0_HT1_EC1:808bda2358e2,WEN38,1,60002,2,PR0_HT1_EC1,cf9bc95d906238978e0c5ab26a1947d4104e026d3bac972323bf05453ec86ca7,benchmark,original,No-PR,5000,planning,43,2.5962740200023156,109480.0,-0.3837866953945195
WEN38:i1:nsga2:s60002:r2:PR0_HT1_EC1:808bda2358e2,WEN38,1,60002,2,PR0_HT1_EC1,cf9bc95d906238978e0c5ab26a1947d4104e026d3bac972323bf05453ec86ca7,benchmark,original,No-PR,5000,planning,44,2.5969090596240756,148194.0,-0.39614674056610966
WEN38:i1:nsga2:s60002:r2:PR0_HT1_EC1:808bda2358e2,WEN38,1,60002,2,PR0_HT1_EC1,cf9bc95d906238978e0c5ab26a1947d4104e026d3bac972323bf05453ec86ca7,benchmark,original,No-PR,5000,planning,45,2.6295986414809613,85643.0,-0.2673711175175413
WEN38:i1:nsga2:s60002:r2:PR0_HT1_EC1:808bda2358e2,WEN38,1,60002,2,PR0_HT1_EC1,cf9bc95d906238978e0c5ab26a1947d4104e026d3bac972323bf05453ec86ca7,benchmark,original,No-PR,5000,planning,46,2.645987727235653,143514.0,-0.437975927291518
WEN38:i1:nsga2:s60002:r2:PR0_HT1_EC1:808bda2358e2,WEN38,1,60002,2,PR0_HT1_EC1,cf9bc95d906238978e0c5ab26a1947d4104e026d3bac972323bf05453ec86ca7,benchmark,original,No-PR,5000,planning,47,2.646794634360641,94200.5,-0.437975927291518
WEN38:i1:nsga2:s60002:r2:PR0_HT1_EC1:808bda2358e2,WEN38,1,60002,2,PR0_HT1_EC1,cf9bc95d906238978e0c5ab26a1947d4104e026d3bac972323bf05453ec86ca7,benchmark,original,No-PR,5000,planning,48,2.6541390082253,86171.5,-0.33313902652480465
WEN38:i1:nsga2:s60002:r2:PR0_HT1_EC1:808bda2358e2,WEN38,1,60002,2,PR0_HT1_EC1,cf9bc95d906238978e0c5ab26a1947d4104e026d3bac972323bf05453ec86ca7,benchmark,original,No-PR,5000,planning,49,2.683031387230344,92598.0,-0.39582783205878513
WEN38:i1:nsga2:s60002:r2:PR0_HT1_EC1:808bda2358e2,WEN38,1,60002,2,PR0_HT1_EC1,cf9bc95d906238978e0c5ab26a1947d4104e026d3bac972323bf05453ec86ca7,benchmark,original,No-PR,5000,planning,50,2.684110747032066,92364.0,-0.3947089947105269
WEN38:i1:nsga2:s60002:r2:PR0_HT1_EC1:808bda2358e2,WEN38,1,60002,2,PR0_HT1_EC1,cf9bc95d906238978e0c5ab26a1947d4104e026d3bac972323bf05453ec86ca7,benchmark,original,No-PR,5000,planning,51,2.694713069175381,85318.0,-0.044676409188468824
WEN38:i1:nsga2:s60002:r2:PR0_HT1_EC1:808bda2358e2,WEN38,1,60002,2,PR0_HT1_EC1,cf9bc95d906238978e0c5ab26a1947d4104e026d3bac972323bf05453ec86ca7,benchmark,original,No-PR,5000,planning,52,2.702597548267489,98381.0,-0.4594849988197893
WEN38:i1:nsga2:s60002:r2:PR0_HT1_EC1:808bda2358e2,WEN38,1,60002,2,PR0_HT1_EC1,cf9bc95d906238978e0c5ab26a1947d4104e026d3bac972323bf05453ec86ca7,benchmark,original,No-PR,5000,planning,53,2.7030404965311323,95741.0,-0.4594849988197893
WEN38:i1:nsga2:s60002:r2:PR0_HT1_EC1:808bda2358e2,WEN38,1,60002,2,PR0_HT1_EC1,cf9bc95d906238978e0c5ab26a1947d4104e026d3bac972323bf05453ec86ca7,benchmark,original,No-PR,5000,planning,54,2.713502642865188,77648.0,-0.0
WEN38:i1:nsga2:s60002:r2:PR0_HT1_EC1:808bda2358e2,WEN38,1,60002,2,PR0_HT1_EC1,cf9bc95d906238978e0c5ab26a1947d4104e026d3bac972323bf05453ec86ca7,benchmark,original,No-PR,5000,planning,55,2.721732913256842,102414.0,-0.4932447397568467
WEN38:i1:nsga2:s60002:r2:PR0_HT1_EC1:808bda2358e2,WEN38,1,60002,2,PR0_HT1_EC1,cf9bc95d906238978e0c5ab26a1947d4104e026d3bac972323bf05453ec86ca7,benchmark,original,No-PR,5000,planning,56,2.7225291871930635,95719.0,-0.4932447397568467
WEN38:i1:nsga2:s60002:r2:PR0_HT1_EC1:808bda2358e2,WEN38,1,60002,2,PR0_HT1_EC1,cf9bc95d906238978e0c5ab26a1947d4104e026d3bac972323bf05453ec86ca7,benchmark,original,No-PR,5000,planning,57,2.729439180105884,100177.0,-0.4975845410635884
WEN38:i1:nsga2:s60002:r2:PR0_HT1_EC1:808bda2358e2,WEN38,1,60002,2,PR0_HT1_EC1,cf9bc95d906238978e0c5ab26a1947d4104e026d3bac972323bf05453ec86ca7,benchmark,original,No-PR,5000,planning,58,2.7300964934562777,85327.0,-0.19464977120969706
WEN38:i1:nsga2:s60002:r2:PR0_HT1_EC1:808bda2358e2,WEN38,1,60002,2,PR0_HT1_EC1,cf9bc95d906238978e0c5ab26a1947d4104e026d3bac972323bf05453ec86ca7,benchmark,original,No-PR,5000,planning,59,2.7364701483276948,81267.0,-0.044676409188468824
WEN38:i1:nsga2:s60002:r2:PR0_HT1_EC1:808bda2358e2,WEN38,1,60002,2,PR0_HT1_EC1,cf9bc95d906238978e0c5ab26a1947d4104e026d3bac972323bf05453ec86ca7,benchmark,original,No-PR,5000,planning,60,2.7422857126895916,93570.0,-0.4430379746845574
WEN38:i1:nsga2:s60002:r2:PR0_HT1_EC1:808bda2358e2,WEN38,1,60002,2,PR0_HT1_EC1,cf9bc95d906238978e0c5ab26a1947d4104e026d3bac972323bf05453ec86ca7,benchmark,original,No-PR,5000,planning,61,2.744093658585941,75030.0,-0.0
WEN38:i1:nsga2:s60002:r2:PR0_HT1_EC1:808bda2358e2,WEN38,1,60002,2,PR0_HT1_EC1,cf9bc95d906238978e0c5ab26a1947d4104e026d3bac972323bf05453ec86ca7,benchmark,original,No-PR,5000,planning,62,2.7449795551132583,74398.5,-0.0
WEN38:i1:nsga2:s60002:r2:PR0_HT1_EC1:808bda2358e2,WEN38,1,60002,2,PR0_HT1_EC1,cf9bc95d906238978e0c5ab26a1947d4104e026d3bac972323bf05453ec86ca7,benchmark,original,No-PR,5000,planning,63,2.7571687743480027,94589.0,-0.45858968291577185
WEN38:i1:nsga2:s60002:r2:PR0_HT1_EC1:808bda2358e2,WEN38,1,60002,2,PR0_HT1_EC1,cf9bc95d906238978e0c5ab26a1947d4104e026d3bac972323bf05453ec86ca7,benchmark,original,No-PR,5000,planning,64,2.7771014462118657,85419.0,-0.4876847290643127
WEN38:i1:nsga2:s60002:r2:PR0_HT1_EC1:808bda2358e2,WEN38,1,60002,2,PR0_HT1_EC1,cf9bc95d906238978e0c5ab26a1947d4104e026d3bac972323bf05453ec86ca7,benchmark,original,No-PR,5000,planning,65,2.7838342598204724,84878.0,-0.33313902652480465
WEN38:i1:nsga2:s60002:r2:PR0_HT1_EC1:808bda2358e2,WEN38,1,60002,2,PR0_HT1_EC1,cf9bc95d906238978e0c5ab26a1947d4104e026d3bac972323bf05453ec86ca7,benchmark,original,No-PR,5000,planning,66,2.839411324797453,82797.0,-0.15758468336025544
WEN38:i1:nsga2:s60002:r2:PR0_HT1_EC1:808bda2358e2,WEN38,1,60002,2,PR0_HT1_EC1,cf9bc95d906238978e0c5ab26a1947d4104e026d3bac972323bf05453ec86ca7,benchmark,original,No-PR,5000,planning,67,2.841446152562013,79697.0,-0.19464977120878757
WEN38:i1:nsga2:s60002:r2:PR0_HT1_EC1:808bda2358e2,WEN38,1,60002,2,PR0_HT1_EC1,cf9bc95d906238978e0c5ab26a1947d4104e026d3bac972323bf05453ec86ca7,benchmark,original,No-PR,5000,planning,68,2.8573035181169724,83108.0,-0.2798237330835036
WEN38:i1:nsga2:s60002:r2:PR0_HT1_EC1:808bda2358e2,WEN38,1,60002,2,PR0_HT1_EC1,cf9bc95d906238978e0c5ab26a1947d4104e026d3bac972323bf05453ec86ca7,benchmark,original,No-PR,5000,planning,69,2.885446591499429,85001.0,-0.3385371494659921
WEN38:i1:nsga2:s60002:r2:PR0_HT1_EC1:808bda2358e2,WEN38,1,60002,2,PR0_HT1_EC1,cf9bc95d906238978e0c5ab26a1947d4104e026d3bac972323bf05453ec86ca7,benchmark,original,No-PR,5000,planning,70,2.9491709879976074,77611.0,-0.15353311136004777
WEN38:i1:nsga2:s60002:r2:PR0_HT1_EC1:808bda2358e2,WEN38,1,60002,2,PR0_HT1_EC1,cf9bc95d906238978e0c5ab26a1947d4104e026d3bac972323bf05453ec86ca7,benchmark,original,No-PR,5000,planning,71,2.95563821492878,84640.0,-0.4140845070432988
WEN38:i1:nsga2:s60002:r2:PR0_HT1_EC1:808bda2358e2,WEN38,1,60002,2,PR0_HT1_EC1,cf9bc95d906238978e0c5ab26a1947d4104e026d3bac972323bf05453ec86ca7,benchmark,original,No-PR,5000,planning,72,2.955786775765798,84174.0,-0.4140845070432988
WEN38:i1:nsga2:s60002:r2:PR0_HT1_EC1:808bda2358e2,WEN38,1,60002,2,PR0_HT1_EC1,cf9bc95d906238978e0c5ab26a1947d4104e026d3bac972323bf05453ec86ca7,benchmark,original,No-PR,5000,planning,73,2.9663289444410452,76048.0,-0.2798237330825941
WEN38:i1:nsga2:s60002:r2:PR0_HT1_EC1:808bda2358e2,WEN38,1,60002,2,PR0_HT1_EC1,cf9bc95d906238978e0c5ab26a1947d4104e026d3bac972323bf05453ec86ca7,benchmark,original,No-PR,5000,planning,74,2.9903651765149553,81610.0,-0.4349222030141391
WEN38:i1:nsga2:s60002:r2:PR0_HT1_EC1:808bda2358e2,WEN38,1,60002,2,PR0_HT1_EC1,cf9bc95d906238978e0c5ab26a1947d4104e026d3bac972323bf05453ec86ca7,benchmark,original,No-PR,5000,planning,75,3.0255352686481047,93121.0,-0.5210383085623107
WEN38:i1:nsga2:s60002:r2:PR1_HT0_EC1:aa692b75cf5c,WEN38,1,60002,2,PR1_HT0_EC1,cf9bc95d906238978e0c5ab26a1947d4104e026d3bac972323bf05453ec86ca7,benchmark,original,No-HT,5000,planning,0,2.459773310137974,111931.0,-0.0
WEN38:i1:nsga2:s60002:r2:PR1_HT0_EC1:aa692b75cf5c,WEN38,1,60002,2,PR1_HT0_EC1,cf9bc95d906238978e0c5ab26a1947d4104e026d3bac972323bf05453ec86ca7,benchmark,original,No-HT,5000,planning,1,2.4604729210992273,104880.5,-0.0
WEN38:i1:nsga2:s60002:r2:PR1_HT0_EC1:aa692b75cf5c,WEN38,1,60002,2,PR1_HT0_EC1,cf9bc95d906238978e0c5ab26a1947d4104e026d3bac972323bf05453ec86ca7,benchmark,original,No-HT,5000,planning,2,2.460659206665259,155514.66666666666,-0.44430723635559843
WEN38:i1:nsga2:s60002:r2:PR1_HT0_EC1:aa692b75cf5c,WEN38,1,60002,2,PR1_HT0_EC1,cf9bc95d906238978e0c5ab26a1947d4104e026d3bac972323bf05453ec86ca7,benchmark,original,No-HT,5000,planning,3,2.4611341557331077,122342.66666666667,-0.7973068745568526
WEN38:i1:nsga2:s60002:r2:PR1_HT0_EC1:aa692b75cf5c,WEN38,1,60002,2,PR1_HT0_EC1,cf9bc95d906238978e0c5ab26a1947d4104e026d3bac972323bf05453ec86ca7,benchmark,original,No-HT,5000,planning,4,2.46196320017501,88401.5,-0.0
WEN38:i1:nsga2:s60002:r2:PR1_HT0_EC1:aa692b75cf5c,WEN38,1,60002,2,PR1_HT0_EC1,cf9bc95d906238978e0c5ab26a1947d4104e026d3bac972323bf05453ec86ca7,benchmark,original,No-HT,5000,planning,5,2.4622641122493034,117154.00000000001,-0.7973068745568526
WEN38:i1:nsga2:s60002:r2:PR1_HT0_EC1:aa692b75cf5c,WEN38,1,60002,2,PR1_HT0_EC1,cf9bc95d906238978e0c5ab26a1947d4104e026d3bac972323bf05453ec86ca7,benchmark,original,No-HT,5000,planning,6,2.4622910333506054,115917.0,-0.7973068745568526
WEN38:i1:nsga2:s60002:r2:PR1_HT0_EC1:aa692b75cf5c,WEN38,1,60002,2,PR1_HT0_EC1,cf9bc95d906238978e0c5ab26a1947d4104e026d3bac972323bf05453ec86ca7,benchmark,original,No-HT,5000,planning,7,2.463433001959551,87618.16666666667,-0.0
WEN38:i1:nsga2:s60002:r2:PR1_HT0_EC1:aa692b75cf5c,WEN38,1,60002,2,PR1_HT0_EC1,cf9bc95d906238978e0c5ab26a1947d4104e026d3bac972323bf05453ec86ca7,benchmark,original,No-HT,5000,planning,8,2.4636728365501357,96232.5,-0.4804165678033314
WEN38:i1:nsga2:s60002:r2:PR1_HT0_EC1:aa692b75cf5c,WEN38,1,60002,2,PR1_HT0_EC1,cf9bc95d906238978e0c5ab26a1947d4104e026d3bac972323bf05453ec86ca7,benchmark,original,No-HT,5000,planning,9,2.4636998733260906,79671.5,-0.0
WEN38:i1:nsga2:s60002:r2:PR1_HT0_EC1:aa692b75cf5c,WEN38,1,60002,2,PR1_HT0_EC1,cf9bc95d906238978e0c5ab26a1947d4104e026d3bac972323bf05453ec86ca7,benchmark,original,No-HT,5000,planning,10,2.46391312236058,101823.33333333334,-0.5912521381151237
WEN38:i1:nsga2:s60002:r2:PR1_HT0_EC1:aa692b75cf5c,WEN38,1,60002,2,PR1_HT0_EC1,cf9bc95d906238978e0c5ab26a1947d4104e026d3bac972323bf05453ec86ca7,benchmark,original,No-HT,5000,planning,11,2.464494016678753,99938.66666666667,-0.6588206034984978
WEN38:i1:nsga2:s60002:r2:PR1_HT0_EC1:aa692b75cf5c,WEN38,1,60002,2,PR1_HT0_EC1,cf9bc95d906238978e0c5ab26a1947d4104e026d3bac972323bf05453ec86ca7,benchmark,original,No-HT,5000,planning,12,2.464577034211998,113352.83333333334,-0.7598030285780624
WEN38:i1:nsga2:s60002:r2:PR1_HT0_EC1:aa692b75cf5c,WEN38,1,60002,2,PR1_HT0_EC1,cf9bc95d906238978e0c5ab26a1947d4104e026d3bac972323bf05453ec86ca7,benchmark,original,No-HT,5000,planning,13,2.4646457410380433,89739.0,-0.45048160039641516
WEN38:i1:nsga2:s60002:r2:PR1_HT0_EC1:aa692b75cf5c,WEN38,1,60002,2,PR1_HT0_EC1,cf9bc95d906238978e0c5ab26a1947d4104e026d3bac972323bf05453ec86ca7,benchmark,original,No-HT,5000,planning,14,2.4648419956024004,112030.0,-0.6834470421854348
WEN38:i1:nsga2:s60002:r2:PR1_HT0_EC1:aa692b75cf5c,WEN38,1,60002,2,PR1_HT0_EC1,cf9bc95d906238978e0c5ab26a1947d4104e026d3bac972323bf05453ec86ca7,benchmark,original,No-HT,5000,planning,15,2.4654098439561816,101218.66666666667,-0.6629993844671844
WEN38:i1:nsga2:s60002:r2:PR1_HT0_EC1:aa692b75cf5c,WEN38,1,60002,2,PR1_HT0_EC1,cf9bc95d906238978e0c5ab26a1947d4104e026d3bac972323bf05453ec86ca7,benchmark,original,No-HT,5000,planning,16,2.465833012516214,94539.16666666667,-0.45713407912171533
WEN38:i1:nsga2:s60002:r2:PR1_HT0_EC1:aa692b75cf5c,WEN38,1,60002,2,PR1_HT0_EC1,cf9bc95d906238978e0c5ab26a1947d4104e026d3bac972323bf05453ec86ca7,benchmark,original,No-HT,5000,planning,17,2.4664788950176098,114707.5,-0.7973068745568526
WEN38:i1:nsga2:s60002:r2:PR1_HT0_EC1:aa692b75cf5c,WEN38,1,60002,2,PR1_HT0_EC1,cf9bc95d906238978e0c5ab26a1947d4104e026d3bac972323bf05453ec86ca7,benchmark,original,No-HT,5000,planning,18,2.4666453004393354,108104.5,-0.7973068745568526
WEN38:i1:nsga2:s60002:r2:PR1_HT0_EC1:aa692b75cf5c,WEN38,1,60002,2,PR1_HT0_EC1,cf9bc95d906238978e0c5ab26a1947d4104e026d3bac972323bf05453ec86ca7,benchmark,original,No-HT,5000,planning,19,2.467439594337014,97445.33333333334,-0.5796660549567605
WEN38:i1:nsga2:s60002:r2:PR1_HT0_EC1:aa692b75cf5c,WEN38,1,60002,2,PR1_HT0_EC1,cf9bc95d906238978e0c5ab26a1947d4104e026d3bac972323bf05453ec86ca7,benchmark,original,No-HT,5000,planning,20,2.4686356307172757,107565.33333333334,-0.6774412178201601
WEN38:i1:nsga2:s60002:r2:PR1_HT0_EC1:aa692b75cf5c,WEN38,1,60002,2,PR1_HT0_EC1,cf9bc95d906238978e0c5ab26a1947d4104e026d3bac972323bf05453ec86ca7,benchmark,original,No-HT,5000,planning,21,2.4687420012961008,94201.0,-0.5029523721586884
WEN38:i1:nsga2:s60002:r2:PR1_HT0_EC1:aa692b75cf5c,WEN38,1,60002,2,PR1_HT0_EC1,cf9bc95d906238978e0c5ab26a1947d4104e026d3bac972323bf05453ec86ca7,benchmark,original,No-HT,5000,planning,22,2.468774057378355,92492.0,-0.538351626380063
WEN38:i1:nsga2:s60002:r2:PR1_HT0_EC1:aa692b75cf5c,WEN38,1,60002,2,PR1_HT0_EC1,cf9bc95d906238978e0c5ab26a1947d4104e026d3bac972323bf05453ec86ca7,benchmark,original,No-HT,5000,planning,23,2.469014701993739,97477.33333333334,-0.6310812514921054
WEN38:i1:nsga2:s60002:r2:PR1_HT0_EC1:aa692b75cf5c,WEN38,1,60002,2,PR1_HT0_EC1,cf9bc95d906238978e0c5ab26a1947d4104e026d3bac972323bf05453ec86ca7,benchmark,original,No-HT,5000,planning,24,2.4704337135018664,105650.16666666667,-0.664920114180859
WEN38:i1:nsga2:s60002:r2:PR1_HT0_EC1:aa692b75cf5c,WEN38,1,60002,2,PR1_HT0_EC1,cf9bc95d906238978e0c5ab26a1947d4104e026d3bac972323bf05453ec86ca7,benchmark,original,No-HT,5000,planning,25,2.4710879344060617,91562.66666666667,-0.45354669214339083
WEN38:i1:nsga2:s60002:r2:PR1_HT0_EC1:aa692b75cf5c,WEN38,1,60002,2,PR1_HT0_EC1,cf9bc95d906238978e0c5ab26a1947d4104e026d3bac972323bf05453ec86ca7,benchmark,original,No-HT,5000,planning,26,2.4731789661687618,84445.66666666667,-0.044676409188468824
WEN38:i1:nsga2:s60002:r2:PR1_HT0_EC1:aa692b75cf5c,WEN38,1,60002,2,PR1_HT0_EC1,cf9bc95d906238978e0c5ab26a1947d4104e026d3bac972323bf05453ec86ca7,benchmark,original,No-HT,5000,planning,27,2.475783186001144,82887.66666666667,-0.044676409188468824
WEN38:i1:nsga2:s60002:r2:PR1_HT0_EC1:aa692b75cf5c,WEN38,1,60002,2,PR1_HT0_EC1,cf9bc95d906238978e0c5ab26a1947d4104e026d3bac972323bf05453ec86ca7,benchmark,original,No-HT,5000,planning,28,2.476545372972441,81106.66666666667,-0.05998356614873046
WEN38:i1:nsga2:s60002:r2:PR1_HT0_EC1:aa692b75cf5c,WEN38,1,60002,2,PR1_HT0_EC1,cf9bc95d906238978e0c5ab26a1947d4104e026d3bac972323bf05453ec86ca7,benchmark,original,No-HT,5000,planning,29,2.499224324071076,78311.0,-0.0
WEN38:i1:nsga2:s60002:r2:PR1_HT0_EC1:aa692b75cf5c,WEN38,1,60002,2,PR1_HT0_EC1,cf9bc95d906238978e0c5ab26a1947d4104e026d3bac972323bf05453ec86ca7,benchmark,original,No-HT,5000,planning,30,2.506400085941965,81113.0,-0.07405908539294614
WEN38:i1:nsga2:s60002:r2:PR1_HT0_EC1:aa692b75cf5c,WEN38,1,60002,2,PR1_HT0_EC1,cf9bc95d906238978e0c5ab26a1947d4104e026d3bac972323bf05453ec86ca7,benchmark,original,No-HT,5000,planning,31,2.507321102372872,85707.5,-0.17161477190711594
WEN38:i1:nsga2:s60002:r2:PR1_HT0_EC1:aa692b75cf5c,WEN38,1,60002,2,PR1_HT0_EC1,cf9bc95d906238978e0c5ab26a1947d4104e026d3bac972323bf05453ec86ca7,benchmark,original,No-HT,5000,planning,32,2.5127785409384176,87909.33333333334,-0.1805157593144031
WEN38:i1:nsga2:s60002:r2:PR1_HT0_EC1:aa692b75cf5c,WEN38,1,60002,2,PR1_HT0_EC1,cf9bc95d906238978e0c5ab26a1947d4104e026d3bac972323bf05453ec86ca7,benchmark,original,No-HT,5000,planning,33,2.5242951957923943,89610.66666666666,-0.5210383085623107
WEN38:i1:nsga2:s60002:r2:PR1_HT0_EC1:aa692b75cf5c,WEN38,1,60002,2,PR1_HT0_EC1,cf9bc95d906238978e0c5ab26a1947d4104e026d3bac972323bf05453ec86ca7,benchmark,original,No-HT,5000,planning,34,2.5328883921077816,79203.0,-0.044676409188468824
WEN38:i1:nsga2:s60002:r2:PR1_HT0_EC1:aa692b75cf5c,WEN38,1,60002,2,PR1_HT0_EC1,cf9bc95d906238978e0c5ab26a1947d4104e026d3bac972323bf05453ec86ca7,benchmark,original,No-HT,5000,planning,35,2.5341286472459803,77943.33333333334,-0.25253185233759723
WEN38:i1:nsga2:s60002:r2:PR1_HT0_EC1:aa692b75cf5c,WEN38,1,60002,2,PR1_HT0_EC1,cf9bc95d906238978e0c5ab26a1947d4104e026d3bac972323bf05453ec86ca7,benchmark,original,No-HT,5000,planning,36,2.5360776196060084,77921.66666666667,-0.0
WEN38:i1:nsga2:s60002:r2:PR1_HT0_EC1:aa692b75cf5c,WEN38,1,60002,2,PR1_HT0_EC1,cf9bc95d906238978e0c5ab26a1947d4104e026d3bac972323bf05453ec86ca7,benchmark,original,No-HT,5000,planning,37,2.543274458954855,83770.33333333334,-0.2798237330835036
WEN38:i1:nsga2:s60002:r2:PR1_HT0_EC1:aa692b75cf5c,WEN38,1,60002,2,PR1_HT0_EC1,cf9bc95d906238978e0c5ab26a1947d4104e026d3bac972323bf05453ec86ca7,benchmark,original,No-HT,5000,planning,38,2.5474170951555197,76332.5,-0.0
WEN38:i1:nsga2:s60002:r2:PR1_HT0_EC1:aa692b75cf5c,WEN38,1,60002,2,PR1_HT0_EC1,cf9bc95d906238978e0c5ab26a1947d4104e026d3bac972323bf05453ec86ca7,benchmark,original,No-HT,5000,planning,39,2.5483029916828053,73694.33333333333,-0.0
WEN38:i1:nsga2:s60002:r2:PR1_HT0_EC1:aa692b75cf5c,WEN38,1,60002,2,PR1_HT0_EC1,cf9bc95d906238978e0c5ab26a1947d4104e026d3bac972323bf05453ec86ca7,benchmark,original,No-HT,5000,planning,40,2.5483029916830344,76820.83333333333,-0.19464977120969706
WEN38:i1:nsga2:s60002:r2:PR1_HT0_EC1:aa692b75cf5c,WEN38,1,60002,2,PR1_HT0_EC1,cf9bc95d906238978e0c5ab26a1947d4104e026d3bac972323bf05453ec86ca7,benchmark,original,No-HT,5000,planning,41,2.5771297487227782,83163.33333333333,-0.2798237330835036
WEN38:i1:nsga2:s60002:r2:PR1_HT0_EC1:aa692b75cf5c,WEN38,1,60002,2,PR1_HT0_EC1,cf9bc95d906238978e0c5ab26a1947d4104e026d3bac972323bf05453ec86ca7,benchmark,original,No-HT,5000,planning,42,2.577331779309417,80290.66666666667,-0.2798237330835036
WEN38:i1:nsga2:s60002:r2:PR1_HT0_EC1:aa692b75cf5c,WEN38,1,60002,2,PR1_HT0_EC1,cf9bc95d906238978e0c5ab26a1947d4104e026d3bac972323bf05453ec86ca7,benchmark,original,No-HT,5000,planning,43,2.5774841073341825,79508.33333333333,-0.3079249848779
WEN38:i1:nsga2:s60002:r2:PR1_HT0_EC1:aa692b75cf5c,WEN38,1,60002,2,PR1_HT0_EC1,cf9bc95d906238978e0c5ab26a1947d4104e026d3bac972323bf05453ec86ca7,benchmark,original,No-HT,5000,planning,44,2.5829129274313116,89417.0,-0.3155848040696583
WEN38:i1:nsga2:s60002:r2:PR1_HT0_EC1:aa692b75cf5c,WEN38,1,60002,2,PR1_HT0_EC1,cf9bc95d906238978e0c5ab26a1947d4104e026d3bac972323bf05453ec86ca7,benchmark,original,No-HT,5000,planning,45,2.5832073148575585,87159.0,-0.3155848040696583
WEN38:i1:nsga2:s60002:r2:PR1_HT0_EC1:aa692b75cf5c,WEN38,1,60002,2,PR1_HT0_EC1,cf9bc95d906238978e0c5ab26a1947d4104e026d3bac972323bf05453ec86ca7,benchmark,original,No-HT,5000,planning,46,2.585156287218034,70835.0,-0.0
WEN38:i1:nsga2:s60002:r2:PR1_HT0_EC1:aa692b75cf5c,WEN38,1,60002,2,PR1_HT0_EC1,cf9bc95d906238978e0c5ab26a1947d4104e026d3bac972323bf05453ec86ca7,benchmark,original,No-HT,5000,planning,47,2.5910032042976647,77190.0,-0.32347723240854975
WEN38:i1:nsga2:s60002:r2:PR1_HT0_EC1:aa692b75cf5c,WEN38,1,60002,2,PR1_HT0_EC1,cf9bc95d906238978e0c5ab26a1947d4104e026d3bac972323bf05453ec86ca7,benchmark,original,No-HT,5000,planning,48,2.5938380731864257,76706.33333333334,-0.044676409188468824
WEN38:i1:nsga2:s60002:r2:PR1_HT0_EC1:aa692b75cf5c,WEN38,1,60002,2,PR1_HT0_EC1,cf9bc95d906238978e0c5ab26a1947d4104e026d3bac972323bf05453ec86ca7,benchmark,original,No-HT,5000,planning,49,2.594635380060356,69866.0,-0.0
WEN38:i1:nsga2:s60002:r2:PR1_HT0_EC1:aa692b75cf5c,WEN38,1,60002,2,PR1_HT0_EC1,cf9bc95d906238978e0c5ab26a1947d4104e026d3bac972323bf05453ec86ca7,benchmark,original,No-HT,5000,planning,50,2.594731504086256,89174.66666666669,-0.34591194968743366
WEN38:i1:nsga2:s60002:r2:PR1_HT0_EC1:aa692b75cf5c,WEN38,1,60002,2,PR1_HT0_EC1,cf9bc95d906238978e0c5ab26a1947d4104e026d3bac972323bf05453ec86ca7,benchmark,original,No-HT,5000,planning,51,2.6229554504653114,74951.00000000001,-0.15353311136004777
WEN38:i1:nsga2:s60002:r2:PR1_HT0_EC1:aa692b75cf5c,WEN38,1,60002,2,PR1_HT0_EC1,cf9bc95d906238978e0c5ab26a1947d4104e026d3bac972323bf05453ec86ca7,benchmark,original,No-HT,5000,planning,52,2.6262084163343564,86791.0,-0.3385371494669016
WEN38:i1:nsga2:s60002:r2:PR1_HT0_EC1:aa692b75cf5c,WEN38,1,60002,2,PR1_HT0_EC1,cf9bc95d906238978e0c5ab26a1947d4104e026d3bac972323bf05453ec86ca7,benchmark,original,No-HT,5000,planning,53,2.627094312861642,79010.16666666667,-0.3385371494669016
WEN38:i1:nsga2:s60002:r2:PR1_HT0_EC1:aa692b75cf5c,WEN38,1,60002,2,PR1_HT0_EC1,cf9bc95d906238978e0c5ab26a1947d4104e026d3bac972323bf05453ec86ca7,benchmark,original,No-HT,5000,planning,54,2.6325868713308083,83162.33333333334,-0.3947089947105269
WEN38:i1:nsga2:s60002:r2:PR1_HT0_EC1:aa692b75cf5c,WEN38,1,60002,2,PR1_HT0_EC1,cf9bc95d906238978e0c5ab26a1947d4104e026d3bac972323bf05453ec86ca7,benchmark,original,No-HT,5000,planning,55,2.654610574957152,66838.16666666667,-0.0
WEN38:i1:nsga2:s60002:r2:PR1_HT0_EC1:aa692b75cf5c,WEN38,1,60002,2,PR1_HT0_EC1,cf9bc95d906238978e0c5ab26a1947d4104e026d3bac972323bf05453ec86ca7,benchmark,original,No-HT,5000,planning,56,2.662052105786215,75328.5,-0.3926201221147494
WEN38:i1:nsga2:s60002:r2:PR1_HT0_EC1:aa692b75cf5c,WEN38,1,60002,2,PR1_HT0_EC1,cf9bc95d906238978e0c5ab26a1947d4104e026d3bac972323bf05453ec86ca7,benchmark,original,No-HT,5000,planning,57,2.678795550152315,73094.83333333334,-0.15353311136004777
WEN38:i1:nsga2:s60002:r2:PR1_HT0_EC1:aa692b75cf5c,WEN38,1,60002,2,PR1_HT0_EC1,cf9bc95d906238978e0c5ab26a1947d4104e026d3bac972323bf05453ec86ca7,benchmark,original,No-HT,5000,planning,58,2.748515606848904,86235.5,-0.492457852707048
WEN38:i1:nsga2:s60002:r2:PR1_HT0_EC1:aa692b75cf5c,WEN38,1,60002,2,PR1_HT0_EC1,cf9bc95d906238978e0c5ab26a1947d4104e026d3bac972323bf05453ec86ca7,benchmark,original,No-HT,5000,planning,59,2.7797591357954454,71473.5,-0.15353311136004777
WEN38:i1:nsga2:s60002:r2:PR1_HT0_EC1:aa692b75cf5c,WEN38,1,60002,2,PR1_HT0_EC1,cf9bc95d906238978e0c5ab26a1947d4104e026d3bac972323bf05453ec86ca7,benchmark,original,No-HT,5000,planning,60,2.8099082361904664,83352.66666666667,-0.4140845070432988
WEN38:i1:nsga2:s60002:r2:PR1_HT0_EC1:aa692b75cf5c,WEN38,1,60002,2,PR1_HT0_EC1,cf9bc95d906238978e0c5ab26a1947d4104e026d3bac972323bf05453ec86ca7,benchmark,original,No-HT,5000,planning,61,2.8163752808398366,69449.33333333333,-0.05998356614873046
WEN38:i1:nsga2:s60002:r2:PR1_HT0_EC1:aa692b75cf5c,WEN38,1,60002,2,PR1_HT0_EC1,cf9bc95d906238978e0c5ab26a1947d4104e026d3bac972323bf05453ec86ca7,benchmark,original,No-HT,5000,planning,62,2.817526946325115,79169.66666666667,-0.40057636887740955
WEN38:i1:nsga2:s60002:r2:PR1_HT0_EC1:aa692b75cf5c,WEN38,1,60002,2,PR1_HT0_EC1,cf9bc95d906238978e0c5ab26a1947d4104e026d3bac972323bf05453ec86ca7,benchmark,original,No-HT,5000,planning,63,2.8380797457581224,81971.0,-0.4140845070432988
WEN38:i1:nsga2:s60002:r2:PR1_HT0_EC1:aa692b75cf5c,WEN38,1,60002,2,PR1_HT0_EC1,cf9bc95d906238978e0c5ab26a1947d4104e026d3bac972323bf05453ec86ca7,benchmark,original,No-HT,5000,planning,64,2.840914614645434,75823.33333333334,-0.4140845070432988
WEN38:i1:nsga2:s60002:r2:PR1_HT0_EC1:aa692b75cf5c,WEN38,1,60002,2,PR1_HT0_EC1,cf9bc95d906238978e0c5ab26a1947d4104e026d3bac972323bf05453ec86ca7,benchmark,original,No-HT,5000,planning,65,2.915861460853728,75020.33333333334,-0.45354669214339083
WEN38:i1:nsga2:s60002:r2:PR1_HT0_EC1:aa692b75cf5c,WEN38,1,60002,2,PR1_HT0_EC1,cf9bc95d906238978e0c5ab26a1947d4104e026d3bac972323bf05453ec86ca7,benchmark,original,No-HT,5000,planning,66,2.9424383566744483,69029.33333333334,-0.15353311136004777
WEN38:i1:nsga2:s60002:r2:PR1_HT0_EC1:aa692b75cf5c,WEN38,1,60002,2,PR1_HT0_EC1,cf9bc95d906238978e0c5ab26a1947d4104e026d3bac972323bf05453ec86ca7,benchmark,original,No-HT,5000,planning,67,3.065755153271769,66130.33333333334,-0.0
WEN38:i1:nsga2:s60002:r2:PR1_HT0_EC1:aa692b75cf5c,WEN38,1,60002,2,PR1_HT0_EC1,cf9bc95d906238978e0c5ab26a1947d4104e026d3bac972323bf05453ec86ca7,benchmark,original,No-HT,5000,planning,68,3.079397959791954,65704.33333333334,-0.0
WEN38:i1:nsga2:s60002:r2:PR1_HT0_EC1:aa692b75cf5c,WEN38,1,60002,2,PR1_HT0_EC1,cf9bc95d906238978e0c5ab26a1947d4104e026d3bac972323bf05453ec86ca7,benchmark,original,No-HT,5000,planning,69,3.0802838563192396,64234.333333333336,-0.0
WEN38:i1:nsga2:s60002:r2:PR1_HT1_EC0:33a10700af6f,WEN38,1,60002,2,PR1_HT1_EC0,cf9bc95d906238978e0c5ab26a1947d4104e026d3bac972323bf05453ec86ca7,benchmark,original,No-EC,5000,planning,0,2.4564649217197285,128764.33333333333,-0.0
WEN38:i1:nsga2:s60002:r2:PR1_HT1_EC0:33a10700af6f,WEN38,1,60002,2,PR1_HT1_EC0,cf9bc95d906238978e0c5ab26a1947d4104e026d3bac972323bf05453ec86ca7,benchmark,original,No-EC,5000,planning,1,2.456907869983371,119306.16666666667,-0.0
WEN38:i1:nsga2:s60002:r2:PR1_HT1_EC0:33a10700af6f,WEN38,1,60002,2,PR1_HT1_EC0,cf9bc95d906238978e0c5ab26a1947d4104e026d3bac972323bf05453ec86ca7,benchmark,original,No-EC,5000,planning,2,2.457275121014514,110261.0,-0.0
WEN38:i1:nsga2:s60002:r2:PR1_HT1_EC0:33a10700af6f,WEN38,1,60002,2,PR1_HT1_EC0,cf9bc95d906238978e0c5ab26a1947d4104e026d3bac972323bf05453ec86ca7,benchmark,original,No-EC,5000,planning,3,2.459962641659712,102787.33333333334,-0.0
WEN38:i1:nsga2:s60002:r2:PR1_HT1_EC0:33a10700af6f,WEN38,1,60002,2,PR1_HT1_EC0,cf9bc95d906238978e0c5ab26a1947d4104e026d3bac972323bf05453ec86ca7,benchmark,original,No-EC,5000,planning,4,2.4611423839316515,100559.66666666667,-0.0
WEN38:i1:nsga2:s60002:r2:PR1_HT1_EC0:33a10700af6f,WEN38,1,60002,2,PR1_HT1_EC0,cf9bc95d906238978e0c5ab26a1947d4104e026d3bac972323bf05453ec86ca7,benchmark,original,No-EC,5000,planning,5,2.462113378681834,123209.33333333333,-0.5061147703399911
WEN38:i1:nsga2:s60002:r2:PR1_HT1_EC0:33a10700af6f,WEN38,1,60002,2,PR1_HT1_EC0,cf9bc95d906238978e0c5ab26a1947d4104e026d3bac972323bf05453ec86ca7,benchmark,original,No-EC,5000,planning,6,2.462178470473768,148419.5,-0.511222545266719
WEN38:i1:nsga2:s60002:r2:PR1_HT1_EC0:33a10700af6f,WEN38,1,60002,2,PR1_HT1_EC0,cf9bc95d906238978e0c5ab26a1947d4104e026d3bac972323bf05453ec86ca7,benchmark,original,No-EC,5000,planning,7,2.4626080295769706,100443.66666666667,-0.0
WEN38:i1:nsga2:s60002:r2:PR1_HT1_EC0:33a10700af6f,WEN38,1,60002,2,PR1_HT1_EC0,cf9bc95d906238978e0c5ab26a1947d4104e026d3bac972323bf05453ec86ca7,benchmark,original,No-EC,5000,planning,8,2.4626630449258906,137009.0,-0.5156173965215203
WEN38:i1:nsga2:s60002:r2:PR1_HT1_EC0:33a10700af6f,WEN38,1,60002,2,PR1_HT1_EC0,cf9bc95d906238978e0c5ab26a1947d4104e026d3bac972323bf05453ec86ca7,benchmark,original,No-EC,5000,planning,9,2.462968309938696,96468.33333333334,-0.0
WEN38:i1:nsga2:s60002:r2:PR1_HT1_EC0:33a10700af6f,WEN38,1,60002,2,PR1_HT1_EC0,cf9bc95d906238978e0c5ab26a1947d4104e026d3bac972323bf05453ec86ca7,benchmark,original,No-EC,5000,planning,10,2.463087338217255,131781.83333333334,-0.5145657882812884
WEN38:i1:nsga2:s60002:r2:PR1_HT1_EC0:33a10700af6f,WEN38,1,60002,2,PR1_HT1_EC0,cf9bc95d906238978e0c5ab26a1947d4104e026d3bac972323bf05453ec86ca7,benchmark,original,No-EC,5000,planning,11,2.4633857993103,96132.33333333334,-0.0
WEN38:i1:nsga2:s60002:r2:PR1_HT1_EC0:33a10700af6f,WEN38,1,60002,2,PR1_HT1_EC0,cf9bc95d906238978e0c5ab26a1947d4104e026d3bac972323bf05453ec86ca7,benchmark,original,No-EC,5000,planning,12,2.4639502635283392,148926.0,-0.5169043634487025
WEN38:i1:nsga2:s60002:r2:PR1_HT1_EC0:33a10700af6f,WEN38,1,60002,2,PR1_HT1_EC0,cf9bc95d906238978e0c5ab26a1947d4104e026d3bac972323bf05453ec86ca7,benchmark,original,No-EC,5000,planning,13,2.463979719017832,91293.66666666667,-0.0
WEN38:i1:nsga2:s60002:r2:PR1_HT1_EC0:33a10700af6f,WEN38,1,60002,2,PR1_HT1_EC0,cf9bc95d906238978e0c5ab26a1947d4104e026d3bac972323bf05453ec86ca7,benchmark,original,No-EC,5000,planning,14,2.4643572239937495,114767.0,-0.519629866214018
WEN38:i1:nsga2:s60002:r2:PR1_HT1_EC0:33a10700af6f,WEN38,1,60002,2,PR1_HT1_EC0,cf9bc95d906238978e0c5ab26a1947d4104e026d3bac972323bf05453ec86ca7,benchmark,original,No-EC,5000,planning,15,2.464541804480257,157107.0,-0.5302499052277199
WEN38:i1:nsga2:s60002:r2:PR1_HT1_EC0:33a10700af6f,WEN38,1,60002,2,PR1_HT1_EC0,cf9bc95d906238978e0c5ab26a1947d4104e026d3bac972323bf05453ec86ca7,benchmark,original,No-EC,5000,planning,16,2.464551702181047,121104.66666666667,-0.6044418582578146
WEN38:i1:nsga2:s60002:r2:PR1_HT1_EC0:33a10700af6f,WEN38,1,60002,2,PR1_HT1_EC0,cf9bc95d906238978e0c5ab26a1947d4104e026d3bac972323bf05453ec86ca7,benchmark,original,No-EC,5000,planning,17,2.4648258087226242,98114.0,-0.5855978413801495
WEN38:i1:nsga2:s60002:r2:PR1_HT1_EC0:33a10700af6f,WEN38,1,60002,2,PR1_HT1_EC0,cf9bc95d906238978e0c5ab26a1947d4104e026d3bac972323bf05453ec86ca7,benchmark,original,No-EC,5000,planning,18,2.464994650444734,119182.0,-0.6060952974112297
WEN38:i1:nsga2:s60002:r2:PR1_HT1_EC0:33a10700af6f,WEN38,1,60002,2,PR1_HT1_EC0,cf9bc95d906238978e0c5ab26a1947d4104e026d3bac972323bf05453ec86ca7,benchmark,original,No-EC,5000,planning,19,2.4652780208230913,87082.0,-0.0
WEN38:i1:nsga2:s60002:r2:PR1_HT1_EC0:33a10700af6f,WEN38,1,60002,2,PR1_HT1_EC0,cf9bc95d906238978e0c5ab26a1947d4104e026d3bac972323bf05453ec86ca7,benchmark,original,No-EC,5000,planning,20,2.465366610476149,84796.5,-0.0
WEN38:i1:nsga2:s60002:r2:PR1_HT1_EC0:33a10700af6f,WEN38,1,60002,2,PR1_HT1_EC0,cf9bc95d906238978e0c5ab26a1947d4104e026d3bac972323bf05453ec86ca7,benchmark,original,No-EC,5000,planning,21,2.4655579156582474,125778.5,-0.7973068745568526
WEN38:i1:nsga2:s60002:r2:PR1_HT1_EC0:33a10700af6f,WEN38,1,60002,2,PR1_HT1_EC0,cf9bc95d906238978e0c5ab26a1947d4104e026d3bac972323bf05453ec86ca7,benchmark,original,No-EC,5000,planning,22,2.4657714059017186,121625.33333333334,-0.7973068745568526
WEN38:i1:nsga2:s60002:r2:PR1_HT1_EC0:33a10700af6f,WEN38,1,60002,2,PR1_HT1_EC0,cf9bc95d906238978e0c5ab26a1947d4104e026d3bac972323bf05453ec86ca7,benchmark,original,No-EC,5000,planning,23,2.465995613338194,119097.0,-0.5895738198778417
WEN38:i1:nsga2:s60002:r2:PR1_HT1_EC0:33a10700af6f,WEN38,1,60002,2,PR1_HT1_EC0,cf9bc95d906238978e0c5ab26a1947d4104e026d3bac972323bf05453ec86ca7,benchmark,original,No-EC,5000,planning,24,2.466287212552854,119953.83333333334,-0.7973068745568526
WEN38:i1:nsga2:s60002:r2:PR1_HT1_EC0:33a10700af6f,WEN38,1,60002,2,PR1_HT1_EC0,cf9bc95d906238978e0c5ab26a1947d4104e026d3bac972323bf05453ec86ca7,benchmark,original,No-EC,5000,planning,25,2.467664294636048,117497.33333333334,-0.7973068745568526
WEN38:i1:nsga2:s60002:r2:PR1_HT1_EC0:33a10700af6f,WEN38,1,60002,2,PR1_HT1_EC0,cf9bc95d906238978e0c5ab26a1947d4104e026d3bac972323bf05453ec86ca7,benchmark,original,No-EC,5000,planning,26,2.467875585376709,107222.16666666667,-0.7973068745568526
WEN38:i1:nsga2:s60002:r2:PR1_HT1_EC0:33a10700af6f,WEN38,1,60002,2,PR1_HT1_EC0,cf9bc95d906238978e0c5ab26a1947d4104e026d3bac972323bf05453ec86ca7,benchmark,original,No-EC,5000,planning,27,2.4763198886092166,95775.33333333334,-0.05998356614873046
WEN38:i1:nsga2:s60002:r2:PR1_HT1_EC0:33a10700af6f,WEN38,1,60002,2,PR1_HT1_EC0,cf9bc95d906238978e0c5ab26a1947d4104e026d3bac972323bf05453ec86ca7,benchmark,original,No-EC,5000,planning,28,2.476969120735247,93533.0,-0.05998356614873046
WEN38:i1:nsga2:s60002:r2:PR1_HT1_EC0:33a10700af6f,WEN38,1,60002,2,PR1_HT1_EC0,cf9bc95d906238978e0c5ab26a1947d4104e026d3bac972323bf05453ec86ca7,benchmark,original,No-EC,5000,planning,29,2.4770270250131725,89619.33333333334,-0.05998356614873046
WEN38:i1:nsga2:s60002:r2:PR1_HT1_EC0:33a10700af6f,WEN38,1,60002,2,PR1_HT1_EC0,cf9bc95d906238978e0c5ab26a1947d4104e026d3bac972323bf05453ec86ca7,benchmark,original,No-EC,5000,planning,30,2.479399316270367,97052.33333333334,-0.06267922982624441
WEN38:i1:nsga2:s60002:r2:PR1_HT1_EC0:33a10700af6f,WEN38,1,60002,2,PR1_HT1_EC0,cf9bc95d906238978e0c5ab26a1947d4104e026d3bac972323bf05453ec86ca7,benchmark,original,No-EC,5000,planning,31,2.481782788803316,95973.33333333334,-0.06267922982624441
WEN38:i1:nsga2:s60002:r2:PR1_HT1_EC0:33a10700af6f,WEN38,1,60002,2,PR1_HT1_EC0,cf9bc95d906238978e0c5ab26a1947d4104e026d3bac972323bf05453ec86ca7,benchmark,original,No-EC,5000,planning,32,2.507122759051917,88336.00000000001,-0.17161477190711594
WEN38:i1:nsga2:s60002:r2:PR1_HT1_EC0:33a10700af6f,WEN38,1,60002,2,PR1_HT1_EC0,cf9bc95d906238978e0c5ab26a1947d4104e026d3bac972323bf05453ec86ca7,benchmark,original,No-EC,5000,planning,33,2.5086869506605867,92625.33333333333,-0.1805157593144031
WEN38:i1:nsga2:s60002:r2:PR1_HT1_EC0:33a10700af6f,WEN38,1,60002,2,PR1_HT1_EC0,cf9bc95d906238978e0c5ab26a1947d4104e026d3bac972323bf05453ec86ca7,benchmark,original,No-EC,5000,planning,34,2.51224066121344,92173.33333333334,-0.1805157593144031
WEN38:i1:nsga2:s60002:r2:PR1_HT1_EC0:33a10700af6f,WEN38,1,60002,2,PR1_HT1_EC0,cf9bc95d906238978e0c5ab26a1947d4104e026d3bac972323bf05453ec86ca7,benchmark,original,No-EC,5000,planning,35,2.5124151672079273,89943.33333333334,-0.1805157593144031
WEN38:i1:nsga2:s60002:r2:PR1_HT1_EC0:33a10700af6f,WEN38,1,60002,2,PR1_HT1_EC0,cf9bc95d906238978e0c5ab26a1947d4104e026d3bac972323bf05453ec86ca7,benchmark,original,No-EC,5000,planning,36,2.530090769697779,86378.66666666667,-0.24835742444338393
WEN38:i1:nsga2:s60002:r2:PR1_HT1_EC0:33a10700af6f,WEN38,1,60002,2,PR1_HT1_EC0,cf9bc95d906238978e0c5ab26a1947d4104e026d3bac972323bf05453ec86ca7,benchmark,original,No-EC,5000,planning,37,2.530510548217645,84069.66666666667,-0.24835742444338393
WEN38:i1:nsga2:s60002:r2:PR1_HT1_EC0:33a10700af6f,WEN38,1,60002,2,PR1_HT1_EC0,cf9bc95d906238978e0c5ab26a1947d4104e026d3bac972323bf05453ec86ca7,benchmark,original,No-EC,5000,planning,38,2.5343762126659124,97269.66666666667,-0.2573839662463797
WEN38:i1:nsga2:s60002:r2:PR1_HT1_EC0:33a10700af6f,WEN38,1,60002,2,PR1_HT1_EC0,cf9bc95d906238978e0c5ab26a1947d4104e026d3bac972323bf05453ec86ca7,benchmark,original,No-EC,5000,planning,39,2.536688003238691,96325.5,-0.2556929082647912
WEN38:i1:nsga2:s60002:r2:PR1_HT1_EC0:33a10700af6f,WEN38,1,60002,2,PR1_HT1_EC0,cf9bc95d906238978e0c5ab26a1947d4104e026d3bac972323bf05453ec86ca7,benchmark,original,No-EC,5000,planning,40,2.540763127264201,92430.0,-0.2666666666682431
WEN38:i1:nsga2:s60002:r2:PR1_HT1_EC0:33a10700af6f,WEN38,1,60002,2,PR1_HT1_EC0,cf9bc95d906238978e0c5ab26a1947d4104e026d3bac972323bf05453ec86ca7,benchmark,original,No-EC,5000,planning,41,2.5431603447252025,91348.0,-0.2666666666682431
WEN38:i1:nsga2:s60002:r2:PR1_HT1_EC0:33a10700af6f,WEN38,1,60002,2,PR1_HT1_EC0,cf9bc95d906238978e0c5ab26a1947d4104e026d3bac972323bf05453ec86ca7,benchmark,original,No-EC,5000,planning,42,2.5586487805509064,83394.5,-0.2556929082647912
WEN38:i1:nsga2:s60002:r2:PR1_HT1_EC0:33a10700af6f,WEN38,1,60002,2,PR1_HT1_EC0,cf9bc95d906238978e0c5ab26a1947d4104e026d3bac972323bf05453ec86ca7,benchmark,original,No-EC,5000,planning,43,2.5626685921580865,88096.33333333334,-0.3274544385676563
WEN38:i1:nsga2:s60002:r2:PR1_HT1_EC0:33a10700af6f,WEN38,1,60002,2,PR1_HT1_EC0,cf9bc95d906238978e0c5ab26a1947d4104e026d3bac972323bf05453ec86ca7,benchmark,original,No-EC,5000,planning,44,2.565302461069992,85080.33333333334,-0.3274544385676563
WEN38:i1:nsga2:s60002:r2:PR1_HT1_EC0:33a10700af6f,WEN38,1,60002,2,PR1_HT1_EC0,cf9bc95d906238978e0c5ab26a1947d4104e026d3bac972323bf05453ec86ca7,benchmark,original,No-EC,5000,planning,45,2.5933786586690157,80769.0,-0.2666666666682431
WEN38:i1:nsga2:s60002:r2:PR1_HT1_EC0:33a10700af6f,WEN38,1,60002,2,PR1_HT1_EC0,cf9bc95d906238978e0c5ab26a1947d4104e026d3bac972323bf05453ec86ca7,benchmark,original,No-EC,5000,planning,46,2.6174750442111616,77382.0,-0.0
WEN38:i1:nsga2:s60002:r2:PR1_HT1_EC0:33a10700af6f,WEN38,1,60002,2,PR1_HT1_EC0,cf9bc95d906238978e0c5ab26a1947d4104e026d3bac972323bf05453ec86ca7,benchmark,original,No-EC,5000,planning,47,2.618360940738449,79964.66666666667,-0.3274544385676563
WEN38:i1:nsga2:s60002:r2:PR1_HT1_EC0:33a10700af6f,WEN38,1,60002,2,PR1_HT1_EC0,cf9bc95d906238978e0c5ab26a1947d4104e026d3bac972323bf05453ec86ca7,benchmark,original,No-EC,5000,planning,48,2.623321961291241,97570.33333333334,-0.4019864087831593
WEN38:i1:nsga2:s60002:r2:PR1_HT1_EC0:33a10700af6f,WEN38,1,60002,2,PR1_HT1_EC0,cf9bc95d906238978e0c5ab26a1947d4104e026d3bac972323bf05453ec86ca7,benchmark,original,No-EC,5000,planning,49,2.630054774898606,94266.66666666669,-0.4019864087831593
WEN38:i1:nsga2:s60002:r2:PR1_HT1_EC0:33a10700af6f,WEN38,1,60002,2,PR1_HT1_EC0,cf9bc95d906238978e0c5ab26a1947d4104e026d3bac972323bf05453ec86ca7,benchmark,original,No-EC,5000,planning,50,2.6309406714258916,87488.0,-0.4019864087831593
WEN38:i1:nsga2:s60002:r2:PR1_HT1_EC0:33a10700af6f,WEN38,1,60002,2,PR1_HT1_EC0,cf9bc95d906238978e0c5ab26a1947d4104e026d3bac972323bf05453ec86ca7,benchmark,original,No-EC,5000,planning,51,2.6553028259261984,94642.0,-0.4430379746845574
WEN38:i1:nsga2:s60002:r2:PR1_HT1_EC0:33a10700af6f,WEN38,1,60002,2,PR1_HT1_EC0,cf9bc95d906238978e0c5ab26a1947d4104e026d3bac972323bf05453ec86ca7,benchmark,original,No-EC,5000,planning,52,2.655922953495323,86096.33333333334,-0.4019864087831593
WEN38:i1:nsga2:s60002:r2:PR1_HT1_EC0:33a10700af6f,WEN38,1,60002,2,PR1_HT1_EC0,cf9bc95d906238978e0c5ab26a1947d4104e026d3bac972323bf05453ec86ca7,benchmark,original,No-EC,5000,planning,53,2.6567070752158015,84508.33333333334,-0.4019864087831593
WEN38:i1:nsga2:s60002:r2:PR1_HT1_EC0:33a10700af6f,WEN38,1,60002,2,PR1_HT1_EC0,cf9bc95d906238978e0c5ab26a1947d4104e026d3bac972323bf05453ec86ca7,benchmark,original,No-EC,5000,planning,54,2.680019339037469,78954.33333333334,-0.4430379746845574
WEN38:i1:nsga2:s60002:r2:PR1_HT1_EC0:33a10700af6f,WEN38,1,60002,2,PR1_HT1_EC0,cf9bc95d906238978e0c5ab26a1947d4104e026d3bac972323bf05453ec86ca7,benchmark,original,No-EC,5000,planning,55,2.682677028619324,96932.16666666667,-0.4470758820698393
WEN38:i1:nsga2:s60002:r2:PR1_HT1_EC0:33a10700af6f,WEN38,1,60002,2,PR1_HT1_EC0,cf9bc95d906238978e0c5ab26a1947d4104e026d3bac972323bf05453ec86ca7,benchmark,original,No-EC,5000,planning,56,2.6835629251466093,94791.16666666667,-0.4470758820698393
WEN38:i1:nsga2:s60002:r2:PR1_HT1_EC0:33a10700af6f,WEN38,1,60002,2,PR1_HT1_EC0,cf9bc95d906238978e0c5ab26a1947d4104e026d3bac972323bf05453ec86ca7,benchmark,original,No-EC,5000,planning,57,2.686752152644834,82746.33333333334,-0.45315487571770063
WEN38:i1:nsga2:s60002:r2:PR1_HT1_EC1:fcbd0dabd7d4,WEN38,1,60002,2,PR1_HT1_EC1,cf9bc95d906238978e0c5ab26a1947d4104e026d3bac972323bf05453ec86ca7,benchmark,original,Full,5000,planning,0,2.4564649217197285,128764.33333333333,-0.0
WEN38:i1:nsga2:s60002:r2:PR1_HT1_EC1:fcbd0dabd7d4,WEN38,1,60002,2,PR1_HT1_EC1,cf9bc95d906238978e0c5ab26a1947d4104e026d3bac972323bf05453ec86ca7,benchmark,original,Full,5000,planning,1,2.456907869983371,119306.16666666667,-0.0
WEN38:i1:nsga2:s60002:r2:PR1_HT1_EC1:fcbd0dabd7d4,WEN38,1,60002,2,PR1_HT1_EC1,cf9bc95d906238978e0c5ab26a1947d4104e026d3bac972323bf05453ec86ca7,benchmark,original,Full,5000,planning,2,2.457275121014514,110261.0,-0.0
WEN38:i1:nsga2:s60002:r2:PR1_HT1_EC1:fcbd0dabd7d4,WEN38,1,60002,2,PR1_HT1_EC1,cf9bc95d906238978e0c5ab26a1947d4104e026d3bac972323bf05453ec86ca7,benchmark,original,Full,5000,planning,3,2.459962641659712,102787.33333333334,-0.0
WEN38:i1:nsga2:s60002:r2:PR1_HT1_EC1:fcbd0dabd7d4,WEN38,1,60002,2,PR1_HT1_EC1,cf9bc95d906238978e0c5ab26a1947d4104e026d3bac972323bf05453ec86ca7,benchmark,original,Full,5000,planning,4,2.4611423839316515,100559.66666666667,-0.0
WEN38:i1:nsga2:s60002:r2:PR1_HT1_EC1:fcbd0dabd7d4,WEN38,1,60002,2,PR1_HT1_EC1,cf9bc95d906238978e0c5ab26a1947d4104e026d3bac972323bf05453ec86ca7,benchmark,original,Full,5000,planning,5,2.462113378681834,123209.33333333333,-0.5061147703399911
WEN38:i1:nsga2:s60002:r2:PR1_HT1_EC1:fcbd0dabd7d4,WEN38,1,60002,2,PR1_HT1_EC1,cf9bc95d906238978e0c5ab26a1947d4104e026d3bac972323bf05453ec86ca7,benchmark,original,Full,5000,planning,6,2.462178470473768,148419.5,-0.511222545266719
WEN38:i1:nsga2:s60002:r2:PR1_HT1_EC1:fcbd0dabd7d4,WEN38,1,60002,2,PR1_HT1_EC1,cf9bc95d906238978e0c5ab26a1947d4104e026d3bac972323bf05453ec86ca7,benchmark,original,Full,5000,planning,7,2.4626080295769706,100443.66666666667,-0.0
WEN38:i1:nsga2:s60002:r2:PR1_HT1_EC1:fcbd0dabd7d4,WEN38,1,60002,2,PR1_HT1_EC1,cf9bc95d906238978e0c5ab26a1947d4104e026d3bac972323bf05453ec86ca7,benchmark,original,Full,5000,planning,8,2.4626630449258906,137009.0,-0.5156173965215203
WEN38:i1:nsga2:s60002:r2:PR1_HT1_EC1:fcbd0dabd7d4,WEN38,1,60002,2,PR1_HT1_EC1,cf9bc95d906238978e0c5ab26a1947d4104e026d3bac972323bf05453ec86ca7,benchmark,original,Full,5000,planning,9,2.462968309938696,96468.33333333334,-0.0
WEN38:i1:nsga2:s60002:r2:PR1_HT1_EC1:fcbd0dabd7d4,WEN38,1,60002,2,PR1_HT1_EC1,cf9bc95d906238978e0c5ab26a1947d4104e026d3bac972323bf05453ec86ca7,benchmark,original,Full,5000,planning,10,2.463087338217255,131781.83333333334,-0.5145657882812884
WEN38:i1:nsga2:s60002:r2:PR1_HT1_EC1:fcbd0dabd7d4,WEN38,1,60002,2,PR1_HT1_EC1,cf9bc95d906238978e0c5ab26a1947d4104e026d3bac972323bf05453ec86ca7,benchmark,original,Full,5000,planning,11,2.4633857993103,96132.33333333334,-0.0
WEN38:i1:nsga2:s60002:r2:PR1_HT1_EC1:fcbd0dabd7d4,WEN38,1,60002,2,PR1_HT1_EC1,cf9bc95d906238978e0c5ab26a1947d4104e026d3bac972323bf05453ec86ca7,benchmark,original,Full,5000,planning,12,2.4639502635283392,148926.0,-0.5169043634487025
WEN38:i1:nsga2:s60002:r2:PR1_HT1_EC1:fcbd0dabd7d4,WEN38,1,60002,2,PR1_HT1_EC1,cf9bc95d906238978e0c5ab26a1947d4104e026d3bac972323bf05453ec86ca7,benchmark,original,Full,5000,planning,13,2.463979719017832,91293.66666666667,-0.0
WEN38:i1:nsga2:s60002:r2:PR1_HT1_EC1:fcbd0dabd7d4,WEN38,1,60002,2,PR1_HT1_EC1,cf9bc95d906238978e0c5ab26a1947d4104e026d3bac972323bf05453ec86ca7,benchmark,original,Full,5000,planning,14,2.4643572239937495,114767.0,-0.519629866214018
WEN38:i1:nsga2:s60002:r2:PR1_HT1_EC1:fcbd0dabd7d4,WEN38,1,60002,2,PR1_HT1_EC1,cf9bc95d906238978e0c5ab26a1947d4104e026d3bac972323bf05453ec86ca7,benchmark,original,Full,5000,planning,15,2.464541804480257,157107.0,-0.5302499052277199
WEN38:i1:nsga2:s60002:r2:PR1_HT1_EC1:fcbd0dabd7d4,WEN38,1,60002,2,PR1_HT1_EC1,cf9bc95d906238978e0c5ab26a1947d4104e026d3bac972323bf05453ec86ca7,benchmark,original,Full,5000,planning,16,2.464551702181047,121104.66666666667,-0.6044418582578146
WEN38:i1:nsga2:s60002:r2:PR1_HT1_EC1:fcbd0dabd7d4,WEN38,1,60002,2,PR1_HT1_EC1,cf9bc95d906238978e0c5ab26a1947d4104e026d3bac972323bf05453ec86ca7,benchmark,original,Full,5000,planning,17,2.4648258087226242,98114.0,-0.5855978413801495
WEN38:i1:nsga2:s60002:r2:PR1_HT1_EC1:fcbd0dabd7d4,WEN38,1,60002,2,PR1_HT1_EC1,cf9bc95d906238978e0c5ab26a1947d4104e026d3bac972323bf05453ec86ca7,benchmark,original,Full,5000,planning,18,2.464994650444734,119182.0,-0.6060952974112297
WEN38:i1:nsga2:s60002:r2:PR1_HT1_EC1:fcbd0dabd7d4,WEN38,1,60002,2,PR1_HT1_EC1,cf9bc95d906238978e0c5ab26a1947d4104e026d3bac972323bf05453ec86ca7,benchmark,original,Full,5000,planning,19,2.4652780208230913,87082.0,-0.0
WEN38:i1:nsga2:s60002:r2:PR1_HT1_EC1:fcbd0dabd7d4,WEN38,1,60002,2,PR1_HT1_EC1,cf9bc95d906238978e0c5ab26a1947d4104e026d3bac972323bf05453ec86ca7,benchmark,original,Full,5000,planning,20,2.465366610476149,84796.5,-0.0
WEN38:i1:nsga2:s60002:r2:PR1_HT1_EC1:fcbd0dabd7d4,WEN38,1,60002,2,PR1_HT1_EC1,cf9bc95d906238978e0c5ab26a1947d4104e026d3bac972323bf05453ec86ca7,benchmark,original,Full,5000,planning,21,2.4655579156582474,125778.5,-0.7973068745568526
WEN38:i1:nsga2:s60002:r2:PR1_HT1_EC1:fcbd0dabd7d4,WEN38,1,60002,2,PR1_HT1_EC1,cf9bc95d906238978e0c5ab26a1947d4104e026d3bac972323bf05453ec86ca7,benchmark,original,Full,5000,planning,22,2.4657714059017186,121625.33333333334,-0.7973068745568526
WEN38:i1:nsga2:s60002:r2:PR1_HT1_EC1:fcbd0dabd7d4,WEN38,1,60002,2,PR1_HT1_EC1,cf9bc95d906238978e0c5ab26a1947d4104e026d3bac972323bf05453ec86ca7,benchmark,original,Full,5000,planning,23,2.465995613338194,119097.0,-0.5895738198778417
WEN38:i1:nsga2:s60002:r2:PR1_HT1_EC1:fcbd0dabd7d4,WEN38,1,60002,2,PR1_HT1_EC1,cf9bc95d906238978e0c5ab26a1947d4104e026d3bac972323bf05453ec86ca7,benchmark,original,Full,5000,planning,24,2.466287212552854,119953.83333333334,-0.7973068745568526
WEN38:i1:nsga2:s60002:r2:PR1_HT1_EC1:fcbd0dabd7d4,WEN38,1,60002,2,PR1_HT1_EC1,cf9bc95d906238978e0c5ab26a1947d4104e026d3bac972323bf05453ec86ca7,benchmark,original,Full,5000,planning,25,2.467664294636048,117497.33333333334,-0.7973068745568526
WEN38:i1:nsga2:s60002:r2:PR1_HT1_EC1:fcbd0dabd7d4,WEN38,1,60002,2,PR1_HT1_EC1,cf9bc95d906238978e0c5ab26a1947d4104e026d3bac972323bf05453ec86ca7,benchmark,original,Full,5000,planning,26,2.467875585376709,107222.16666666667,-0.7973068745568526
WEN38:i1:nsga2:s60002:r2:PR1_HT1_EC1:fcbd0dabd7d4,WEN38,1,60002,2,PR1_HT1_EC1,cf9bc95d906238978e0c5ab26a1947d4104e026d3bac972323bf05453ec86ca7,benchmark,original,Full,5000,planning,27,2.4763198886092166,95775.33333333334,-0.05998356614873046
WEN38:i1:nsga2:s60002:r2:PR1_HT1_EC1:fcbd0dabd7d4,WEN38,1,60002,2,PR1_HT1_EC1,cf9bc95d906238978e0c5ab26a1947d4104e026d3bac972323bf05453ec86ca7,benchmark,original,Full,5000,planning,28,2.476969120735247,93533.0,-0.05998356614873046
WEN38:i1:nsga2:s60002:r2:PR1_HT1_EC1:fcbd0dabd7d4,WEN38,1,60002,2,PR1_HT1_EC1,cf9bc95d906238978e0c5ab26a1947d4104e026d3bac972323bf05453ec86ca7,benchmark,original,Full,5000,planning,29,2.4770270250131725,89619.33333333334,-0.05998356614873046
WEN38:i1:nsga2:s60002:r2:PR1_HT1_EC1:fcbd0dabd7d4,WEN38,1,60002,2,PR1_HT1_EC1,cf9bc95d906238978e0c5ab26a1947d4104e026d3bac972323bf05453ec86ca7,benchmark,original,Full,5000,planning,30,2.479399316270367,97052.33333333334,-0.06267922982624441
WEN38:i1:nsga2:s60002:r2:PR1_HT1_EC1:fcbd0dabd7d4,WEN38,1,60002,2,PR1_HT1_EC1,cf9bc95d906238978e0c5ab26a1947d4104e026d3bac972323bf05453ec86ca7,benchmark,original,Full,5000,planning,31,2.481782788803316,95973.33333333334,-0.06267922982624441
WEN38:i1:nsga2:s60002:r2:PR1_HT1_EC1:fcbd0dabd7d4,WEN38,1,60002,2,PR1_HT1_EC1,cf9bc95d906238978e0c5ab26a1947d4104e026d3bac972323bf05453ec86ca7,benchmark,original,Full,5000,planning,32,2.507122759051917,88336.00000000001,-0.17161477190711594
WEN38:i1:nsga2:s60002:r2:PR1_HT1_EC1:fcbd0dabd7d4,WEN38,1,60002,2,PR1_HT1_EC1,cf9bc95d906238978e0c5ab26a1947d4104e026d3bac972323bf05453ec86ca7,benchmark,original,Full,5000,planning,33,2.5086869506605867,92625.33333333333,-0.1805157593144031
WEN38:i1:nsga2:s60002:r2:PR1_HT1_EC1:fcbd0dabd7d4,WEN38,1,60002,2,PR1_HT1_EC1,cf9bc95d906238978e0c5ab26a1947d4104e026d3bac972323bf05453ec86ca7,benchmark,original,Full,5000,planning,34,2.51224066121344,92173.33333333334,-0.1805157593144031
WEN38:i1:nsga2:s60002:r2:PR1_HT1_EC1:fcbd0dabd7d4,WEN38,1,60002,2,PR1_HT1_EC1,cf9bc95d906238978e0c5ab26a1947d4104e026d3bac972323bf05453ec86ca7,benchmark,original,Full,5000,planning,35,2.5124151672079273,89943.33333333334,-0.1805157593144031
WEN38:i1:nsga2:s60002:r2:PR1_HT1_EC1:fcbd0dabd7d4,WEN38,1,60002,2,PR1_HT1_EC1,cf9bc95d906238978e0c5ab26a1947d4104e026d3bac972323bf05453ec86ca7,benchmark,original,Full,5000,planning,36,2.530090769697779,86378.66666666667,-0.24835742444338393
WEN38:i1:nsga2:s60002:r2:PR1_HT1_EC1:fcbd0dabd7d4,WEN38,1,60002,2,PR1_HT1_EC1,cf9bc95d906238978e0c5ab26a1947d4104e026d3bac972323bf05453ec86ca7,benchmark,original,Full,5000,planning,37,2.530510548217645,84069.66666666667,-0.24835742444338393
WEN38:i1:nsga2:s60002:r2:PR1_HT1_EC1:fcbd0dabd7d4,WEN38,1,60002,2,PR1_HT1_EC1,cf9bc95d906238978e0c5ab26a1947d4104e026d3bac972323bf05453ec86ca7,benchmark,original,Full,5000,planning,38,2.5343762126659124,97269.66666666667,-0.2573839662463797
WEN38:i1:nsga2:s60002:r2:PR1_HT1_EC1:fcbd0dabd7d4,WEN38,1,60002,2,PR1_HT1_EC1,cf9bc95d906238978e0c5ab26a1947d4104e026d3bac972323bf05453ec86ca7,benchmark,original,Full,5000,planning,39,2.536688003238691,96325.5,-0.2556929082647912
WEN38:i1:nsga2:s60002:r2:PR1_HT1_EC1:fcbd0dabd7d4,WEN38,1,60002,2,PR1_HT1_EC1,cf9bc95d906238978e0c5ab26a1947d4104e026d3bac972323bf05453ec86ca7,benchmark,original,Full,5000,planning,40,2.540763127264201,92430.0,-0.2666666666682431
WEN38:i1:nsga2:s60002:r2:PR1_HT1_EC1:fcbd0dabd7d4,WEN38,1,60002,2,PR1_HT1_EC1,cf9bc95d906238978e0c5ab26a1947d4104e026d3bac972323bf05453ec86ca7,benchmark,original,Full,5000,planning,41,2.5431603447252025,91348.0,-0.2666666666682431
WEN38:i1:nsga2:s60002:r2:PR1_HT1_EC1:fcbd0dabd7d4,WEN38,1,60002,2,PR1_HT1_EC1,cf9bc95d906238978e0c5ab26a1947d4104e026d3bac972323bf05453ec86ca7,benchmark,original,Full,5000,planning,42,2.5586487805509064,83394.5,-0.2556929082647912
WEN38:i1:nsga2:s60002:r2:PR1_HT1_EC1:fcbd0dabd7d4,WEN38,1,60002,2,PR1_HT1_EC1,cf9bc95d906238978e0c5ab26a1947d4104e026d3bac972323bf05453ec86ca7,benchmark,original,Full,5000,planning,43,2.5626685921580865,88096.33333333334,-0.3274544385676563
WEN38:i1:nsga2:s60002:r2:PR1_HT1_EC1:fcbd0dabd7d4,WEN38,1,60002,2,PR1_HT1_EC1,cf9bc95d906238978e0c5ab26a1947d4104e026d3bac972323bf05453ec86ca7,benchmark,original,Full,5000,planning,44,2.565302461069992,85080.33333333334,-0.3274544385676563
WEN38:i1:nsga2:s60002:r2:PR1_HT1_EC1:fcbd0dabd7d4,WEN38,1,60002,2,PR1_HT1_EC1,cf9bc95d906238978e0c5ab26a1947d4104e026d3bac972323bf05453ec86ca7,benchmark,original,Full,5000,planning,45,2.5933786586690157,80769.0,-0.2666666666682431
WEN38:i1:nsga2:s60002:r2:PR1_HT1_EC1:fcbd0dabd7d4,WEN38,1,60002,2,PR1_HT1_EC1,cf9bc95d906238978e0c5ab26a1947d4104e026d3bac972323bf05453ec86ca7,benchmark,original,Full,5000,planning,46,2.6174750442111616,77382.0,-0.0
WEN38:i1:nsga2:s60002:r2:PR1_HT1_EC1:fcbd0dabd7d4,WEN38,1,60002,2,PR1_HT1_EC1,cf9bc95d906238978e0c5ab26a1947d4104e026d3bac972323bf05453ec86ca7,benchmark,original,Full,5000,planning,47,2.618360940738449,79964.66666666667,-0.3274544385676563
WEN38:i1:nsga2:s60002:r2:PR1_HT1_EC1:fcbd0dabd7d4,WEN38,1,60002,2,PR1_HT1_EC1,cf9bc95d906238978e0c5ab26a1947d4104e026d3bac972323bf05453ec86ca7,benchmark,original,Full,5000,planning,48,2.623321961291241,97570.33333333334,-0.4019864087831593
WEN38:i1:nsga2:s60002:r2:PR1_HT1_EC1:fcbd0dabd7d4,WEN38,1,60002,2,PR1_HT1_EC1,cf9bc95d906238978e0c5ab26a1947d4104e026d3bac972323bf05453ec86ca7,benchmark,original,Full,5000,planning,49,2.630054774898606,94266.66666666669,-0.4019864087831593
WEN38:i1:nsga2:s60002:r2:PR1_HT1_EC1:fcbd0dabd7d4,WEN38,1,60002,2,PR1_HT1_EC1,cf9bc95d906238978e0c5ab26a1947d4104e026d3bac972323bf05453ec86ca7,benchmark,original,Full,5000,planning,50,2.6309406714258916,87488.0,-0.4019864087831593
WEN38:i1:nsga2:s60002:r2:PR1_HT1_EC1:fcbd0dabd7d4,WEN38,1,60002,2,PR1_HT1_EC1,cf9bc95d906238978e0c5ab26a1947d4104e026d3bac972323bf05453ec86ca7,benchmark,original,Full,5000,planning,51,2.6553028259261984,94642.0,-0.4430379746845574
WEN38:i1:nsga2:s60002:r2:PR1_HT1_EC1:fcbd0dabd7d4,WEN38,1,60002,2,PR1_HT1_EC1,cf9bc95d906238978e0c5ab26a1947d4104e026d3bac972323bf05453ec86ca7,benchmark,original,Full,5000,planning,52,2.655922953495323,86096.33333333334,-0.4019864087831593
WEN38:i1:nsga2:s60002:r2:PR1_HT1_EC1:fcbd0dabd7d4,WEN38,1,60002,2,PR1_HT1_EC1,cf9bc95d906238978e0c5ab26a1947d4104e026d3bac972323bf05453ec86ca7,benchmark,original,Full,5000,planning,53,2.6567070752158015,84508.33333333334,-0.4019864087831593
WEN38:i1:nsga2:s60002:r2:PR1_HT1_EC1:fcbd0dabd7d4,WEN38,1,60002,2,PR1_HT1_EC1,cf9bc95d906238978e0c5ab26a1947d4104e026d3bac972323bf05453ec86ca7,benchmark,original,Full,5000,planning,54,2.680019339037469,78954.33333333334,-0.4430379746845574
WEN38:i1:nsga2:s60002:r2:PR1_HT1_EC1:fcbd0dabd7d4,WEN38,1,60002,2,PR1_HT1_EC1,cf9bc95d906238978e0c5ab26a1947d4104e026d3bac972323bf05453ec86ca7,benchmark,original,Full,5000,planning,55,2.682677028619324,96932.16666666667,-0.4470758820698393
WEN38:i1:nsga2:s60002:r2:PR1_HT1_EC1:fcbd0dabd7d4,WEN38,1,60002,2,PR1_HT1_EC1,cf9bc95d906238978e0c5ab26a1947d4104e026d3bac972323bf05453ec86ca7,benchmark,original,Full,5000,planning,56,2.6835629251466093,94791.16666666667,-0.4470758820698393
WEN38:i1:nsga2:s60002:r2:PR1_HT1_EC1:fcbd0dabd7d4,WEN38,1,60002,2,PR1_HT1_EC1,cf9bc95d906238978e0c5ab26a1947d4104e026d3bac972323bf05453ec86ca7,benchmark,original,Full,5000,planning,57,2.686752152644834,82746.33333333334,-0.45315487571770063
WEN38:i1:nsga2:s60003:r3:PR0_HT1_EC1:c710c850bf31,WEN38,1,60003,3,PR0_HT1_EC1,cf9bc95d906238978e0c5ab26a1947d4104e026d3bac972323bf05453ec86ca7,benchmark,original,No-PR,5000,planning,0,2.4566812396045696,124486.0,-0.0
WEN38:i1:nsga2:s60003:r3:PR0_HT1_EC1:c710c850bf31,WEN38,1,60003,3,PR0_HT1_EC1,cf9bc95d906238978e0c5ab26a1947d4104e026d3bac972323bf05453ec86ca7,benchmark,original,No-PR,5000,planning,1,2.456879624526505,102810.0,-0.0
WEN38:i1:nsga2:s60003:r3:PR0_HT1_EC1:c710c850bf31,WEN38,1,60003,3,PR0_HT1_EC1,cf9bc95d906238978e0c5ab26a1947d4104e026d3bac972323bf05453ec86ca7,benchmark,original,No-PR,5000,planning,2,2.4602248257137127,91313.0,-0.0
WEN38:i1:nsga2:s60003:r3:PR0_HT1_EC1:c710c850bf31,WEN38,1,60003,3,PR0_HT1_EC1,cf9bc95d906238978e0c5ab26a1947d4104e026d3bac972323bf05453ec86ca7,benchmark,original,No-PR,5000,planning,3,2.4611107222413136,89064.0,-0.0
WEN38:i1:nsga2:s60003:r3:PR0_HT1_EC1:c710c850bf31,WEN38,1,60003,3,PR0_HT1_EC1,cf9bc95d906238978e0c5ab26a1947d4104e026d3bac972323bf05453ec86ca7,benchmark,original,No-PR,5000,planning,4,2.4612879015464566,89006.0,-0.0
WEN38:i1:nsga2:s60003:r3:PR0_HT1_EC1:c710c850bf31,WEN38,1,60003,3,PR0_HT1_EC1,cf9bc95d906238978e0c5ab26a1947d4104e026d3bac972323bf05453ec86ca7,benchmark,original,No-PR,5000,planning,5,2.4615536705046406,87589.0,-0.0
WEN38:i1:nsga2:s60003:r3:PR0_HT1_EC1:c710c850bf31,WEN38,1,60003,3,PR0_HT1_EC1,cf9bc95d906238978e0c5ab26a1947d4104e026d3bac972323bf05453ec86ca7,benchmark,original,No-PR,5000,planning,6,2.462999493488055,87572.0,-0.0
WEN38:i1:nsga2:s60003:r3:PR0_HT1_EC1:c710c850bf31,WEN38,1,60003,3,PR0_HT1_EC1,cf9bc95d906238978e0c5ab26a1947d4104e026d3bac972323bf05453ec86ca7,benchmark,original,No-PR,5000,planning,7,2.4692923137407083,124857.0,-0.019288469784441986
WEN38:i1:nsga2:s60003:r3:PR0_HT1_EC1:c710c850bf31,WEN38,1,60003,3,PR0_HT1_EC1,cf9bc95d906238978e0c5ab26a1947d4104e026d3bac972323bf05453ec86ca7,benchmark,original,No-PR,5000,planning,8,2.470501936170863,116594.0,-0.019288469784441986
WEN38:i1:nsga2:s60003:r3:PR0_HT1_EC1:c710c850bf31,WEN38,1,60003,3,PR0_HT1_EC1,cf9bc95d906238978e0c5ab26a1947d4104e026d3bac972323bf05453ec86ca7,benchmark,original,No-PR,5000,planning,9,2.4728428798033137,102004.0,-0.019288469784441986
WEN38:i1:nsga2:s60003:r3:PR0_HT1_EC1:c710c850bf31,WEN38,1,60003,3,PR0_HT1_EC1,cf9bc95d906238978e0c5ab26a1947d4104e026d3bac972323bf05453ec86ca7,benchmark,original,No-PR,5000,planning,10,2.4737357699002707,123492.0,-0.039462636443204246
WEN38:i1:nsga2:s60003:r3:PR0_HT1_EC1:c710c850bf31,WEN38,1,60003,3,PR0_HT1_EC1,cf9bc95d906238978e0c5ab26a1947d4104e026d3bac972323bf05453ec86ca7,benchmark,original,No-PR,5000,planning,11,2.474146591871099,105066.0,-0.039462636443204246
WEN38:i1:nsga2:s60003:r3:PR0_HT1_EC1:c710c850bf31,WEN38,1,60003,3,PR0_HT1_EC1,cf9bc95d906238978e0c5ab26a1947d4104e026d3bac972323bf05453ec86ca7,benchmark,original,No-PR,5000,planning,12,2.4743883806669924,102682.0,-0.039462636443204246
WEN38:i1:nsga2:s60003:r3:PR0_HT1_EC1:c710c850bf31,WEN38,1,60003,3,PR0_HT1_EC1,cf9bc95d906238978e0c5ab26a1947d4104e026d3bac972323bf05453ec86ca7,benchmark,original,No-PR,5000,planning,13,2.4746396737175864,112157.0,-0.04746044962848828
WEN38:i1:nsga2:s60003:r3:PR0_HT1_EC1:c710c850bf31,WEN38,1,60003,3,PR0_HT1_EC1,cf9bc95d906238978e0c5ab26a1947d4104e026d3bac972323bf05453ec86ca7,benchmark,original,No-PR,5000,planning,14,2.4761715765790866,109720.0,-0.059210526318565826
WEN38:i1:nsga2:s60003:r3:PR0_HT1_EC1:c710c850bf31,WEN38,1,60003,3,PR0_HT1_EC1,cf9bc95d906238978e0c5ab26a1947d4104e026d3bac972323bf05453ec86ca7,benchmark,original,No-PR,5000,planning,15,2.4765157158323685,109608.0,-0.059210526318565826
WEN38:i1:nsga2:s60003:r3:PR0_HT1_EC1:c710c850bf31,WEN38,1,60003,3,PR0_HT1_EC1,cf9bc95d906238978e0c5ab26a1947d4104e026d3bac972323bf05453ec86ca7,benchmark,original,No-PR,5000,planning,16,2.4782532133526676,103331.0,-0.059210526318565826
WEN38:i1:nsga2:s60003:r3:PR0_HT1_EC1:c710c850bf31,WEN38,1,60003,3,PR0_HT1_EC1,cf9bc95d906238978e0c5ab26a1947d4104e026d3bac972323bf05453ec86ca7,benchmark,original,No-PR,5000,planning,17,2.4879533870177495,85813.0,-0.0
WEN38:i1:nsga2:s60003:r3:PR0_HT1_EC1:c710c850bf31,WEN38,1,60003,3,PR0_HT1_EC1,cf9bc95d906238978e0c5ab26a1947d4104e026d3bac972323bf05453ec86ca7,benchmark,original,No-PR,5000,planning,18,2.488947742070497,85283.0,-0.0
WEN38:i1:nsga2:s60003:r3:PR0_HT1_EC1:c710c850bf31,WEN38,1,60003,3,PR0_HT1_EC1,cf9bc95d906238978e0c5ab26a1947d4104e026d3bac972323bf05453ec86ca7,benchmark,original,No-PR,5000,planning,19,2.4941295294950345,106430.0,-0.1250478011497762
WEN38:i1:nsga2:s60003:r3:PR0_HT1_EC1:c710c850bf31,WEN38,1,60003,3,PR0_HT1_EC1,cf9bc95d906238978e0c5ab26a1947d4104e026d3bac972323bf05453ec86ca7,benchmark,original,No-PR,5000,planning,20,2.4960275321431507,105844.0,-0.1250478011497762
WEN38:i1:nsga2:s60003:r3:PR0_HT1_EC1:c710c850bf31,WEN38,1,60003,3,PR0_HT1_EC1,cf9bc95d906238978e0c5ab26a1947d4104e026d3bac972323bf05453ec86ca7,benchmark,original,No-PR,5000,planning,21,2.4971667109022153,93464.0,-0.15353311136004777
WEN38:i1:nsga2:s60003:r3:PR0_HT1_EC1:c710c850bf31,WEN38,1,60003,3,PR0_HT1_EC1,cf9bc95d906238978e0c5ab26a1947d4104e026d3bac972323bf05453ec86ca7,benchmark,original,No-PR,5000,planning,22,2.5015076038859316,89738.0,-0.06267922982624441
WEN38:i1:nsga2:s60003:r3:PR0_HT1_EC1:c710c850bf31,WEN38,1,60003,3,PR0_HT1_EC1,cf9bc95d906238978e0c5ab26a1947d4104e026d3bac972323bf05453ec86ca7,benchmark,original,No-PR,5000,planning,23,2.5077974692296534,87437.0,-0.1825652018596884
WEN38:i1:nsga2:s60003:r3:PR0_HT1_EC1:c710c850bf31,WEN38,1,60003,3,PR0_HT1_EC1,cf9bc95d906238978e0c5ab26a1947d4104e026d3bac972323bf05453ec86ca7,benchmark,original,No-PR,5000,planning,24,2.5160752837304,106903.0,-0.19464977120969706
WEN38:i1:nsga2:s60003:r3:PR0_HT1_EC1:c710c850bf31,WEN38,1,60003,3,PR0_HT1_EC1,cf9bc95d906238978e0c5ab26a1947d4104e026d3bac972323bf05453ec86ca7,benchmark,original,No-PR,5000,planning,25,2.516433741705816,93811.0,-0.19464977120969706
WEN38:i1:nsga2:s60003:r3:PR0_HT1_EC1:c710c850bf31,WEN38,1,60003,3,PR0_HT1_EC1,cf9bc95d906238978e0c5ab26a1947d4104e026d3bac972323bf05453ec86ca7,benchmark,original,No-PR,5000,planning,26,2.524540913595314,113276.0,-0.24338624338815862
WEN38:i1:nsga2:s60003:r3:PR0_HT1_EC1:c710c850bf31,WEN38,1,60003,3,PR0_HT1_EC1,cf9bc95d906238978e0c5ab26a1947d4104e026d3bac972323bf05453ec86ca7,benchmark,original,No-PR,5000,planning,27,2.5247180929001933,78390.0,-0.0
WEN38:i1:nsga2:s60003:r3:PR0_HT1_EC1:c710c850bf31,WEN38,1,60003,3,PR0_HT1_EC1,cf9bc95d906238978e0c5ab26a1947d4104e026d3bac972323bf05453ec86ca7,benchmark,original,No-PR,5000,planning,28,2.5277301410935618,111634.0,-0.24338624338815862
WEN38:i1:nsga2:s60003:r3:PR0_HT1_EC1:c710c850bf31,WEN38,1,60003,3,PR0_HT1_EC1,cf9bc95d906238978e0c5ab26a1947d4104e026d3bac972323bf05453ec86ca7,benchmark,original,No-PR,5000,planning,29,2.528281547882667,99522.0,-0.24338624338815862
WEN38:i1:nsga2:s60003:r3:PR0_HT1_EC1:c710c850bf31,WEN38,1,60003,3,PR0_HT1_EC1,cf9bc95d906238978e0c5ab26a1947d4104e026d3bac972323bf05453ec86ca7,benchmark,original,No-PR,5000,planning,30,2.532268082255609,85364.5,-0.17161477190711594
WEN38:i1:nsga2:s60003:r3:PR0_HT1_EC1:c710c850bf31,WEN38,1,60003,3,PR0_HT1_EC1,cf9bc95d906238978e0c5ab26a1947d4104e026d3bac972323bf05453ec86ca7,benchmark,original,No-PR,5000,planning,31,2.5327110305190814,95508.0,-0.24338624338815862
WEN38:i1:nsga2:s60003:r3:PR0_HT1_EC1:c710c850bf31,WEN38,1,60003,3,PR0_HT1_EC1,cf9bc95d906238978e0c5ab26a1947d4104e026d3bac972323bf05453ec86ca7,benchmark,original,No-PR,5000,planning,32,2.5337744563902334,100565.0,-0.25253185233759723
WEN38:i1:nsga2:s60003:r3:PR0_HT1_EC1:c710c850bf31,WEN38,1,60003,3,PR0_HT1_EC1,cf9bc95d906238978e0c5ab26a1947d4104e026d3bac972323bf05453ec86ca7,benchmark,original,No-PR,5000,planning,33,2.534339869787164,100279.0,-0.25253185233759723
WEN38:i1:nsga2:s60003:r3:PR0_HT1_EC1:c710c850bf31,WEN38,1,60003,3,PR0_HT1_EC1,cf9bc95d906238978e0c5ab26a1947d4104e026d3bac972323bf05453ec86ca7,benchmark,original,No-PR,5000,planning,34,2.5369434649778206,86057.0,-0.19464977120969706
WEN38:i1:nsga2:s60003:r3:PR0_HT1_EC1:c710c850bf31,WEN38,1,60003,3,PR0_HT1_EC1,cf9bc95d906238978e0c5ab26a1947d4104e026d3bac972323bf05453ec86ca7,benchmark,original,No-PR,5000,planning,35,2.538006540810067,102289.0,-0.2666666666682431
WEN38:i1:nsga2:s60003:r3:PR0_HT1_EC1:c710c850bf31,WEN38,1,60003,3,PR0_HT1_EC1,cf9bc95d906238978e0c5ab26a1947d4104e026d3bac972323bf05453ec86ca7,benchmark,original,No-PR,5000,planning,36,2.5411270475284375,100105.0,-0.2780056800274906
WEN38:i1:nsga2:s60003:r3:PR0_HT1_EC1:c710c850bf31,WEN38,1,60003,3,PR0_HT1_EC1,cf9bc95d906238978e0c5ab26a1947d4104e026d3bac972323bf05453ec86ca7,benchmark,original,No-PR,5000,planning,37,2.5447429398690957,87595.5,-0.27640733712996735
WEN38:i1:nsga2:s60003:r3:PR0_HT1_EC1:c710c850bf31,WEN38,1,60003,3,PR0_HT1_EC1,cf9bc95d906238978e0c5ab26a1947d4104e026d3bac972323bf05453ec86ca7,benchmark,original,No-PR,5000,planning,38,2.5459162576353593,98735.0,-0.2780056800274906
WEN38:i1:nsga2:s60003:r3:PR0_HT1_EC1:c710c850bf31,WEN38,1,60003,3,PR0_HT1_EC1,cf9bc95d906238978e0c5ab26a1947d4104e026d3bac972323bf05453ec86ca7,benchmark,original,No-PR,5000,planning,39,2.5495231956652358,110969.0,-0.3079249848779
WEN38:i1:nsga2:s60003:r3:PR0_HT1_EC1:c710c850bf31,WEN38,1,60003,3,PR0_HT1_EC1,cf9bc95d906238978e0c5ab26a1947d4104e026d3bac972323bf05453ec86ca7,benchmark,original,No-PR,5000,planning,40,2.5549271644812075,83905.0,-0.24338624338815862
WEN38:i1:nsga2:s60003:r3:PR0_HT1_EC1:c710c850bf31,WEN38,1,60003,3,PR0_HT1_EC1,cf9bc95d906238978e0c5ab26a1947d4104e026d3bac972323bf05453ec86ca7,benchmark,original,No-PR,5000,planning,41,2.5555472920500604,100456.0,-0.3155848040696583
WEN38:i1:nsga2:s60003:r3:PR0_HT1_EC1:c710c850bf31,WEN38,1,60003,3,PR0_HT1_EC1,cf9bc95d906238978e0c5ab26a1947d4104e026d3bac972323bf05453ec86ca7,benchmark,original,No-PR,5000,planning,42,2.5612170298249293,97787.0,-0.32347723240854975
WEN38:i1:nsga2:s60003:r3:PR0_HT1_EC1:c710c850bf31,WEN38,1,60003,3,PR0_HT1_EC1,cf9bc95d906238978e0c5ab26a1947d4104e026d3bac972323bf05453ec86ca7,benchmark,original,No-PR,5000,planning,43,2.5614827987831164,76197.0,-0.0
WEN38:i1:nsga2:s60003:r3:PR0_HT1_EC1:c710c850bf31,WEN38,1,60003,3,PR0_HT1_EC1,cf9bc95d906238978e0c5ab26a1947d4104e026d3bac972323bf05453ec86ca7,benchmark,original,No-PR,5000,planning,44,2.5622113848776777,92303.5,-0.32347723240854975
WEN38:i1:nsga2:s60003:r3:PR0_HT1_EC1:c710c850bf31,WEN38,1,60003,3,PR0_HT1_EC1,cf9bc95d906238978e0c5ab26a1947d4104e026d3bac972323bf05453ec86ca7,benchmark,original,No-PR,5000,planning,45,2.5625458746158993,114766.0,-0.33313902652480465
WEN38:i1:nsga2:s60003:r3:PR0_HT1_EC1:c710c850bf31,WEN38,1,60003,3,PR0_HT1_EC1,cf9bc95d906238978e0c5ab26a1947d4104e026d3bac972323bf05453ec86ca7,benchmark,original,No-PR,5000,planning,46,2.5643375365434333,107208.0,-0.33313902652480465
WEN38:i1:nsga2:s60003:r3:PR0_HT1_EC1:c710c850bf31,WEN38,1,60003,3,PR0_HT1_EC1,cf9bc95d906238978e0c5ab26a1947d4104e026d3bac972323bf05453ec86ca7,benchmark,original,No-PR,5000,planning,47,2.564494846975859,108856.0,-0.33700376702563517
WEN38:i1:nsga2:s60003:r3:PR0_HT1_EC1:c710c850bf31,WEN38,1,60003,3,PR0_HT1_EC1,cf9bc95d906238978e0c5ab26a1947d4104e026d3bac972323bf05453ec86ca7,benchmark,original,No-PR,5000,planning,48,2.5661093295977286,80679.0,-0.15353311136004777
WEN38:i1:nsga2:s60003:r3:PR0_HT1_EC1:c710c850bf31,WEN38,1,60003,3,PR0_HT1_EC1,cf9bc95d906238978e0c5ab26a1947d4104e026d3bac972323bf05453ec86ca7,benchmark,original,No-PR,5000,planning,49,2.5666686353270345,103278.0,-0.33700376702563517
WEN38:i1:nsga2:s60003:r3:PR0_HT1_EC1:c710c850bf31,WEN38,1,60003,3,PR0_HT1_EC1,cf9bc95d906238978e0c5ab26a1947d4104e026d3bac972323bf05453ec86ca7,benchmark,original,No-PR,5000,planning,50,2.569588299799065,100822.0,-0.33313902652389515
WEN38:i1:nsga2:s60003:r3:PR0_HT1_EC1:c710c850bf31,WEN38,1,60003,3,PR0_HT1_EC1,cf9bc95d906238978e0c5ab26a1947d4104e026d3bac972323bf05453ec86ca7,benchmark,original,No-PR,5000,planning,51,2.5734424019014597,103834.0,-0.3500000000012733
WEN38:i1:nsga2:s60003:r3:PR0_HT1_EC1:c710c850bf31,WEN38,1,60003,3,PR0_HT1_EC1,cf9bc95d906238978e0c5ab26a1947d4104e026d3bac972323bf05453ec86ca7,benchmark,original,No-PR,5000,planning,52,2.5740823983430303,96288.0,-0.3512900482010082
WEN38:i1:nsga2:s60003:r3:PR0_HT1_EC1:c710c850bf31,WEN38,1,60003,3,PR0_HT1_EC1,cf9bc95d906238978e0c5ab26a1947d4104e026d3bac972323bf05453ec86ca7,benchmark,original,No-PR,5000,planning,53,2.574348167301461,92487.0,-0.3512900482010082
WEN38:i1:nsga2:s60003:r3:PR0_HT1_EC1:c710c850bf31,WEN38,1,60003,3,PR0_HT1_EC1,cf9bc95d906238978e0c5ab26a1947d4104e026d3bac972323bf05453ec86ca7,benchmark,original,No-PR,5000,planning,54,2.577163167316553,78275.0,-0.19464977120969706
WEN38:i1:nsga2:s60003:r3:PR0_HT1_EC1:c710c850bf31,WEN38,1,60003,3,PR0_HT1_EC1,cf9bc95d906238978e0c5ab26a1947d4104e026d3bac972323bf05453ec86ca7,benchmark,original,No-PR,5000,planning,55,2.581261076746568,87735.0,-0.3079249848779
WEN38:i1:nsga2:s60003:r3:PR0_HT1_EC1:c710c850bf31,WEN38,1,60003,3,PR0_HT1_EC1,cf9bc95d906238978e0c5ab26a1947d4104e026d3bac972323bf05453ec86ca7,benchmark,original,No-PR,5000,planning,56,2.583738670490698,90874.0,-0.3155848040696583
WEN38:i1:nsga2:s60003:r3:PR0_HT1_EC1:c710c850bf31,WEN38,1,60003,3,PR0_HT1_EC1,cf9bc95d906238978e0c5ab26a1947d4104e026d3bac972323bf05453ec86ca7,benchmark,original,No-PR,5000,planning,57,2.586750718683466,86016.0,-0.32347723240854975
WEN38:i1:nsga2:s60003:r3:PR0_HT1_EC1:c710c850bf31,WEN38,1,60003,3,PR0_HT1_EC1,cf9bc95d906238978e0c5ab26a1947d4104e026d3bac972323bf05453ec86ca7,benchmark,original,No-PR,5000,planning,58,2.587262387727228,100063.0,-0.3837866953963385
WEN38:i1:nsga2:s60003:r3:PR0_HT1_EC1:c710c850bf31,WEN38,1,60003,3,PR0_HT1_EC1,cf9bc95d906238978e0c5ab26a1947d4104e026d3bac972323bf05453ec86ca7,benchmark,original,No-PR,5000,planning,59,2.5918889185424447,77135.0,-0.06267922982624441
WEN38:i1:nsga2:s60003:r3:PR0_HT1_EC1:c710c850bf31,WEN38,1,60003,3,PR0_HT1_EC1,cf9bc95d906238978e0c5ab26a1947d4104e026d3bac972323bf05453ec86ca7,benchmark,original,No-PR,5000,planning,60,2.596387121958135,106372.0,-0.39614674056610966
WEN38:i1:nsga2:s60003:r3:PR0_HT1_EC1:c710c850bf31,WEN38,1,60003,3,PR0_HT1_EC1,cf9bc95d906238978e0c5ab26a1947d4104e026d3bac972323bf05453ec86ca7,benchmark,original,No-PR,5000,planning,61,2.598690452929154,72705.0,-0.2673711175175413
WEN38:i1:nsga2:s60003:r3:PR0_HT1_EC1:c710c850bf31,WEN38,1,60003,3,PR0_HT1_EC1,cf9bc95d906238978e0c5ab26a1947d4104e026d3bac972323bf05453ec86ca7,benchmark,original,No-PR,5000,planning,62,2.599300436905998,90846.0,-0.39614674056520016
WEN38:i1:nsga2:s60003:r3:PR0_HT1_EC1:c710c850bf31,WEN38,1,60003,3,PR0_HT1_EC1,cf9bc95d906238978e0c5ab26a1947d4104e026d3bac972323bf05453ec86ca7,benchmark,original,No-PR,5000,planning,63,2.6001078873730212,77028.0,-0.33313902652480465
WEN38:i1:nsga2:s60003:r3:PR0_HT1_EC1:c710c850bf31,WEN38,1,60003,3,PR0_HT1_EC1,cf9bc95d906238978e0c5ab26a1947d4104e026d3bac972323bf05453ec86ca7,benchmark,original,No-PR,5000,planning,64,2.611647327631945,84642.0,-0.3755458515297505
WEN38:i1:nsga2:s60003:r3:PR0_HT1_EC1:c710c850bf31,WEN38,1,60003,3,PR0_HT1_EC1,cf9bc95d906238978e0c5ab26a1947d4104e026d3bac972323bf05453ec86ca7,benchmark,original,No-PR,5000,planning,65,2.628122086507667,78337.0,-0.3385371494669016
WEN38:i1:nsga2:s60003:r3:PR0_HT1_EC1:c710c850bf31,WEN38,1,60003,3,PR0_HT1_EC1,cf9bc95d906238978e0c5ab26a1947d4104e026d3bac972323bf05453ec86ca7,benchmark,original,No-PR,5000,planning,66,2.6389300241405986,82932.0,-0.3527581329581153
WEN38:i1:nsga2:s60003:r3:PR0_HT1_EC1:c710c850bf31,WEN38,1,60003,3,PR0_HT1_EC1,cf9bc95d906238978e0c5ab26a1947d4104e026d3bac972323bf05453ec86ca7,benchmark,original,No-PR,5000,planning,67,2.641144765458813,81756.0,-0.3527581329581153
WEN38:i1:nsga2:s60003:r3:PR0_HT1_EC1:c710c850bf31,WEN38,1,60003,3,PR0_HT1_EC1,cf9bc95d906238978e0c5ab26a1947d4104e026d3bac972323bf05453ec86ca7,benchmark,original,No-PR,5000,planning,68,2.64165643450239,97799.0,-0.4140845070432988
WEN38:i1:nsga2:s60003:r3:PR0_HT1_EC1:c710c850bf31,WEN38,1,60003,3,PR0_HT1_EC1,cf9bc95d906238978e0c5ab26a1947d4104e026d3bac972323bf05453ec86ca7,benchmark,original,No-PR,5000,planning,69,2.642630920682402,93350.0,-0.4328210213197963
WEN38:i1:nsga2:s60003:r3:PR0_HT1_EC1:c710c850bf31,WEN38,1,60003,3,PR0_HT1_EC1,cf9bc95d906238978e0c5ab26a1947d4104e026d3bac972323bf05453ec86ca7,benchmark,original,No-PR,5000,planning,70,2.651401296302674,89437.0,-0.3837866953963385
WEN38:i1:nsga2:s60003:r3:PR0_HT1_EC1:c710c850bf31,WEN38,1,60003,3,PR0_HT1_EC1,cf9bc95d906238978e0c5ab26a1947d4104e026d3bac972323bf05453ec86ca7,benchmark,original,No-PR,5000,planning,71,2.6574253926884337,89921.0,-0.39019189765622286
WEN38:i1:nsga2:s60003:r3:PR0_HT1_EC1:c710c850bf31,WEN38,1,60003,3,PR0_HT1_EC1,cf9bc95d906238978e0c5ab26a1947d4104e026d3bac972323bf05453ec86ca7,benchmark,original,No-PR,5000,planning,72,2.6578683409520765,71072.0,-0.39019189765622286
WEN38:i1:nsga2:s60003:r3:PR0_HT1_EC1:c710c850bf31,WEN38,1,60003,3,PR0_HT1_EC1,cf9bc95d906238978e0c5ab26a1947d4104e026d3bac972323bf05453ec86ca7,benchmark,original,No-PR,5000,planning,73,2.6688733267627667,90926.0,-0.4140845070432988
WEN38:i1:nsga2:s60003:r3:PR0_HT1_EC1:c710c850bf31,WEN38,1,60003,3,PR0_HT1_EC1,cf9bc95d906238978e0c5ab26a1947d4104e026d3bac972323bf05453ec86ca7,benchmark,original,No-PR,5000,planning,74,2.67000870827915,116083.0,-0.4594849988197893
WEN38:i1:nsga2:s60003:r3:PR0_HT1_EC1:c710c850bf31,WEN38,1,60003,3,PR0_HT1_EC1,cf9bc95d906238978e0c5ab26a1947d4104e026d3bac972323bf05453ec86ca7,benchmark,original,No-PR,5000,planning,75,2.670270892333689,109287.0,-0.4594849988197893
WEN38:i1:nsga2:s60003:r3:PR0_HT1_EC1:c710c850bf31,WEN38,1,60003,3,PR0_HT1_EC1,cf9bc95d906238978e0c5ab26a1947d4104e026d3bac972323bf05453ec86ca7,benchmark,original,No-PR,5000,planning,76,2.6715310163446233,89237.0,-0.4140845070432988
WEN38:i1:nsga2:s60003:r3:PR0_HT1_EC1:c710c850bf31,WEN38,1,60003,3,PR0_HT1_EC1,cf9bc95d906238978e0c5ab26a1947d4104e026d3bac972323bf05453ec86ca7,benchmark,original,No-PR,5000,planning,77,2.6725742233053555,70432.0,-0.05998356614873046
WEN38:i1:nsga2:s60003:r3:PR0_HT1_EC1:c710c850bf31,WEN38,1,60003,3,PR0_HT1_EC1,cf9bc95d906238978e0c5ab26a1947d4104e026d3bac972323bf05453ec86ca7,benchmark,original,No-PR,5000,planning,78,2.6795040850901852,78801.5,-0.4349222030141391
WEN38:i1:nsga2:s60003:r3:PR0_HT1_EC1:c710c850bf31,WEN38,1,60003,3,PR0_HT1_EC1,cf9bc95d906238978e0c5ab26a1947d4104e026d3bac972323bf05453ec86ca7,benchmark,original,No-PR,5000,planning,79,2.6812758781447563,78553.5,-0.4349222030141391
WEN38:i1:nsga2:s60003:r3:PR0_HT1_EC1:c710c850bf31,WEN38,1,60003,3,PR0_HT1_EC1,cf9bc95d906238978e0c5ab26a1947d4104e026d3bac972323bf05453ec86ca7,benchmark,original,No-PR,5000,planning,80,2.6925068951685383,95870.5,-0.45354669214339083
WEN38:i1:nsga2:s60003:r3:PR0_HT1_EC1:c710c850bf31,WEN38,1,60003,3,PR0_HT1_EC1,cf9bc95d906238978e0c5ab26a1947d4104e026d3bac972323bf05453ec86ca7,benchmark,original,No-PR,5000,planning,81,2.6945480420849393,92452.0,-0.4594849988197893
WEN38:i1:nsga2:s60003:r3:PR0_HT1_EC1:c710c850bf31,WEN38,1,60003,3,PR0_HT1_EC1,cf9bc95d906238978e0c5ab26a1947d4104e026d3bac972323bf05453ec86ca7,benchmark,original,No-PR,5000,planning,82,2.6953616329285826,79903.0,-0.4594849988197893
WEN38:i1:nsga2:s60003:r3:PR0_HT1_EC1:c710c850bf31,WEN38,1,60003,3,PR0_HT1_EC1,cf9bc95d906238978e0c5ab26a1947d4104e026d3bac972323bf05453ec86ca7,benchmark,original,No-PR,5000,planning,83,2.7035720344484515,69899.0,-0.0
WEN38:i1:nsga2:s60003:r3:PR0_HT1_EC1:c710c850bf31,WEN38,1,60003,3,PR0_HT1_EC1,cf9bc95d906238978e0c5ab26a1947d4104e026d3bac972323bf05453ec86ca7,benchmark,original,No-PR,5000,planning,84,2.7038662395910062,82292.0,-0.46328876378265704
WEN38:i1:nsga2:s60003:r3:PR0_HT1_EC1:c710c850bf31,WEN38,1,60003,3,PR0_HT1_EC1,cf9bc95d906238978e0c5ab26a1947d4104e026d3bac972323bf05453ec86ca7,benchmark,original,No-PR,5000,planning,85,2.7129909738215527,76953.5,-0.4349222030141391
WEN38:i1:nsga2:s60003:r3:PR0_HT1_EC1:c710c850bf31,WEN38,1,60003,3,PR0_HT1_EC1,cf9bc95d906238978e0c5ab26a1947d4104e026d3bac972323bf05453ec86ca7,benchmark,original,No-PR,5000,planning,86,2.7208603841668673,117812.0,-0.4932447397568467
WEN38:i1:nsga2:s60003:r3:PR0_HT1_EC1:c710c850bf31,WEN38,1,60003,3,PR0_HT1_EC1,cf9bc95d906238978e0c5ab26a1947d4104e026d3bac972323bf05453ec86ca7,benchmark,original,No-PR,5000,planning,87,2.722007249527123,116838.5,-0.4932447397568467
WEN38:i1:nsga2:s60003:r3:PR0_HT1_EC1:c710c850bf31,WEN38,1,60003,3,PR0_HT1_EC1,cf9bc95d906238978e0c5ab26a1947d4104e026d3bac972323bf05453ec86ca7,benchmark,original,No-PR,5000,planning,88,2.7341440319509234,98763.0,-0.5016336310181941
WEN38:i1:nsga2:s60003:r3:PR0_HT1_EC1:c710c850bf31,WEN38,1,60003,3,PR0_HT1_EC1,cf9bc95d906238978e0c5ab26a1947d4104e026d3bac972323bf05453ec86ca7,benchmark,original,No-PR,5000,planning,89,2.735049797350942,93124.5,-0.476430205950237
WEN38:i1:nsga2:s60003:r3:PR0_HT1_EC1:c710c850bf31,WEN38,1,60003,3,PR0_HT1_EC1,cf9bc95d906238978e0c5ab26a1947d4104e026d3bac972323bf05453ec86ca7,benchmark,original,No-PR,5000,planning,90,2.7359356938782273,84911.0,-0.476430205950237
WEN38:i1:nsga2:s60003:r3:PR0_HT1_EC1:c710c850bf31,WEN38,1,60003,3,PR0_HT1_EC1,cf9bc95d906238978e0c5ab26a1947d4104e026d3bac972323bf05453ec86ca7,benchmark,original,No-PR,5000,planning,91,2.7377074869327984,84716.0,-0.476430205950237
WEN38:i1:nsga2:s60003:r3:PR0_HT1_EC1:c710c850bf31,WEN38,1,60003,3,PR0_HT1_EC1,cf9bc95d906238978e0c5ab26a1947d4104e026d3bac972323bf05453ec86ca7,benchmark,original,No-PR,5000,planning,92,2.740876845558531,75043.0,-0.4349222030141391
WEN38:i1:nsga2:s60003:r3:PR0_HT1_EC1:c710c850bf31,WEN38,1,60003,3,PR0_HT1_EC1,cf9bc95d906238978e0c5ab26a1947d4104e026d3bac972323bf05453ec86ca7,benchmark,original,No-PR,5000,planning,93,2.7411624833892576,96500.5,-0.4808259587034627
WEN38:i1:nsga2:s60003:r3:PR0_HT1_EC1:c710c850bf31,WEN38,1,60003,3,PR0_HT1_EC1,cf9bc95d906238978e0c5ab26a1947d4104e026d3bac972323bf05453ec86ca7,benchmark,original,No-PR,5000,planning,94,2.742225559221948,98998.5,-0.5210383085623107
WEN38:i1:nsga2:s60003:r3:PR0_HT1_EC1:c710c850bf31,WEN38,1,60003,3,PR0_HT1_EC1,cf9bc95d906238978e0c5ab26a1947d4104e026d3bac972323bf05453ec86ca7,benchmark,original,No-PR,5000,planning,95,2.7434495303911137,82080.0,-0.4808259587034627
WEN38:i1:nsga2:s60003:r3:PR0_HT1_EC1:c710c850bf31,WEN38,1,60003,3,PR0_HT1_EC1,cf9bc95d906238978e0c5ab26a1947d4104e026d3bac972323bf05453ec86ca7,benchmark,original,No-PR,5000,planning,96,2.7443318420146996,98278.0,-0.5210383085623107
WEN38:i1:nsga2:s60003:r3:PR0_HT1_EC1:c710c850bf31,WEN38,1,60003,3,PR0_HT1_EC1,cf9bc95d906238978e0c5ab26a1947d4104e026d3bac972323bf05453ec86ca7,benchmark,original,No-PR,5000,planning,97,2.746723762639092,68261.0,-0.0
WEN38:i1:nsga2:s60003:r3:PR0_HT1_EC1:c710c850bf31,WEN38,1,60003,3,PR0_HT1_EC1,cf9bc95d906238978e0c5ab26a1947d4104e026d3bac972323bf05453ec86ca7,benchmark,original,No-PR,5000,planning,98,2.7480724763020277,94807.0,-0.48538011696018657
WEN38:i1:nsga2:s60003:r3:PR0_HT1_EC1:c710c850bf31,WEN38,1,60003,3,PR0_HT1_EC1,cf9bc95d906238978e0c5ab26a1947d4104e026d3bac972323bf05453ec86ca7,benchmark,original,No-PR,5000,planning,99,2.7483963328514402,94620.0,-0.48538011696018657
WEN38:i1:nsga2:s60003:r3:PR0_HT1_EC1:c710c850bf31,WEN38,1,60003,3,PR0_HT1_EC1,cf9bc95d906238978e0c5ab26a1947d4104e026d3bac972323bf05453ec86ca7,benchmark,original,No-PR,5000,planning,100,2.748958372829313,91113.0,-0.48538011696018657
WEN38:i1:nsga2:s60003:r3:PR0_HT1_EC1:c710c850bf31,WEN38,1,60003,3,PR0_HT1_EC1,cf9bc95d906238978e0c5ab26a1947d4104e026d3bac972323bf05453ec86ca7,benchmark,original,No-PR,5000,planning,101,2.749735810831136,86294.0,-0.48538011696018657
WEN38:i1:nsga2:s60003:r3:PR0_HT1_EC1:c710c850bf31,WEN38,1,60003,3,PR0_HT1_EC1,cf9bc95d906238978e0c5ab26a1947d4104e026d3bac972323bf05453ec86ca7,benchmark,original,No-PR,5000,planning,102,2.750287217620242,86122.0,-0.48538011696018657
WEN38:i1:nsga2:s60003:r3:PR0_HT1_EC1:c710c850bf31,WEN38,1,60003,3,PR0_HT1_EC1,cf9bc95d906238978e0c5ab26a1947d4104e026d3bac972323bf05453ec86ca7,benchmark,original,No-PR,5000,planning,103,2.751064655622062,77793.0,-0.4932447397568467
WEN38:i1:nsga2:s60003:r3:PR0_HT1_EC1:c710c850bf31,WEN38,1,60003,3,PR0_HT1_EC1,cf9bc95d906238978e0c5ab26a1947d4104e026d3bac972323bf05453ec86ca7,benchmark,original,No-PR,5000,planning,104,2.7732120688041846,95061.0,-0.5210383085623107
WEN38:i1:nsga2:s60003:r3:PR0_HT1_EC1:c710c850bf31,WEN38,1,60003,3,PR0_HT1_EC1,cf9bc95d906238978e0c5ab26a1947d4104e026d3bac972323bf05453ec86ca7,benchmark,original,No-PR,5000,planning,105,2.774275144636924,92359.0,-0.5210383085623107
WEN38:i1:nsga2:s60003:r3:PR0_HT1_EC1:c710c850bf31,WEN38,1,60003,3,PR0_HT1_EC1,cf9bc95d906238978e0c5ab26a1947d4104e026d3bac972323bf05453ec86ca7,benchmark,original,No-PR,5000,planning,106,2.7747180929005673,91391.0,-0.5210383085623107
WEN38:i1:nsga2:s60003:r3:PR0_HT1_EC1:c710c850bf31,WEN38,1,60003,3,PR0_HT1_EC1,cf9bc95d906238978e0c5ab26a1947d4104e026d3bac972323bf05453ec86ca7,benchmark,original,No-PR,5000,planning,107,2.7769328342187807,89252.0,-0.5210383085623107
WEN38:i1:nsga2:s60003:r3:PR0_HT1_EC1:c710c850bf31,WEN38,1,60003,3,PR0_HT1_EC1,cf9bc95d906238978e0c5ab26a1947d4104e026d3bac972323bf05453ec86ca7,benchmark,original,No-PR,5000,planning,108,2.7836067095798125,107414.0,-0.5304740406327255
WEN38:i1:nsga2:s60003:r3:PR0_HT1_EC1:c710c850bf31,WEN38,1,60003,3,PR0_HT1_EC1,cf9bc95d906238978e0c5ab26a1947d4104e026d3bac972323bf05453ec86ca7,benchmark,original,No-PR,5000,planning,109,2.783665647826144,91539.0,-0.5304740406327255
WEN38:i1:nsga2:s60003:r3:PR0_HT1_EC1:c710c850bf31,WEN38,1,60003,3,PR0_HT1_EC1,cf9bc95d906238978e0c5ab26a1947d4104e026d3bac972323bf05453ec86ca7,benchmark,original,No-PR,5000,planning,110,2.8114827987825786,90431.0,-0.5297986025489081
WEN38:i1:nsga2:s60003:r3:PR0_HT1_EC1:c710c850bf31,WEN38,1,60003,3,PR0_HT1_EC1,cf9bc95d906238978e0c5ab26a1947d4104e026d3bac972323bf05453ec86ca7,benchmark,original,No-PR,5000,planning,111,3.0137329759633764,68077.0,-0.07405908539294614
WEN38:i1:nsga2:s60003:r3:PR0_HT1_EC1:c710c850bf31,WEN38,1,60003,3,PR0_HT1_EC1,cf9bc95d906238978e0c5ab26a1947d4104e026d3bac972323bf05453ec86ca7,benchmark,original,No-PR,5000,planning,112,3.049788964623868,67582.0,-0.07405908539294614
WEN38:i1:nsga2:s60003:r3:PR0_HT1_EC1:c710c850bf31,WEN38,1,60003,3,PR0_HT1_EC1,cf9bc95d906238978e0c5ab26a1947d4104e026d3bac972323bf05453ec86ca7,benchmark,original,No-PR,5000,planning,113,3.114282231810412,67203.0,-0.0
WEN38:i1:nsga2:s60003:r3:PR0_HT1_EC1:c710c850bf31,WEN38,1,60003,3,PR0_HT1_EC1,cf9bc95d906238978e0c5ab26a1947d4104e026d3bac972323bf05453ec86ca7,benchmark,original,No-PR,5000,planning,114,3.179749985177356,71008.0,-0.2798237330835036
WEN38:i1:nsga2:s60003:r3:PR0_HT1_EC1:c710c850bf31,WEN38,1,60003,3,PR0_HT1_EC1,cf9bc95d906238978e0c5ab26a1947d4104e026d3bac972323bf05453ec86ca7,benchmark,original,No-PR,5000,planning,115,3.2190837909874306,72260.0,-0.46328876378174755
WEN38:i1:nsga2:s60003:r3:PR0_HT1_EC1:c710c850bf31,WEN38,1,60003,3,PR0_HT1_EC1,cf9bc95d906238978e0c5ab26a1947d4104e026d3bac972323bf05453ec86ca7,benchmark,original,No-PR,5000,planning,116,3.2290058320935526,66341.0,-0.0
WEN38:i1:nsga2:s60003:r3:PR0_HT1_EC1:c710c850bf31,WEN38,1,60003,3,PR0_HT1_EC1,cf9bc95d906238978e0c5ab26a1947d4104e026d3bac972323bf05453ec86ca7,benchmark,original,No-PR,5000,planning,117,3.2366245422281965,69240.0,-0.2798237330825941
WEN38:i1:nsga2:s60003:r3:PR0_HT1_EC1:c710c850bf31,WEN38,1,60003,3,PR0_HT1_EC1,cf9bc95d906238978e0c5ab26a1947d4104e026d3bac972323bf05453ec86ca7,benchmark,original,No-PR,5000,planning,118,3.29890306809657,71797.0,-0.4140845070432988
WEN38:i1:nsga2:s60003:r3:PR0_HT1_EC1:c710c850bf31,WEN38,1,60003,3,PR0_HT1_EC1,cf9bc95d906238978e0c5ab26a1947d4104e026d3bac972323bf05453ec86ca7,benchmark,original,No-PR,5000,planning,119,3.3045728058709782,68827.0,-0.3527581329572058
WEN38:i1:nsga2:s60003:r3:PR1_HT0_EC1:5dd76293d3f3,WEN38,1,60003,3,PR1_HT0_EC1,cf9bc95d906238978e0c5ab26a1947d4104e026d3bac972323bf05453ec86ca7,benchmark,original,No-HT,5000,planning,0,2.4576605259097972,91515.0,-0.0
WEN38:i1:nsga2:s60003:r3:PR1_HT0_EC1:5dd76293d3f3,WEN38,1,60003,3,PR1_HT0_EC1,cf9bc95d906238978e0c5ab26a1947d4104e026d3bac972323bf05453ec86ca7,benchmark,original,No-HT,5000,planning,1,2.4600724976892163,85157.66666666669,-0.0
WEN38:i1:nsga2:s60003:r3:PR1_HT0_EC1:5dd76293d3f3,WEN38,1,60003,3,PR1_HT0_EC1,cf9bc95d906238978e0c5ab26a1947d4104e026d3bac972323bf05453ec86ca7,benchmark,original,No-HT,5000,planning,2,2.460384135529238,124443.0,-0.6436665698129218
WEN38:i1:nsga2:s60003:r3:PR1_HT0_EC1:5dd76293d3f3,WEN38,1,60003,3,PR1_HT0_EC1,cf9bc95d906238978e0c5ab26a1947d4104e026d3bac972323bf05453ec86ca7,benchmark,original,No-HT,5000,planning,3,2.460596742223636,152034.0,-0.6561124614490836
WEN38:i1:nsga2:s60003:r3:PR1_HT0_EC1:5dd76293d3f3,WEN38,1,60003,3,PR1_HT0_EC1,cf9bc95d906238978e0c5ab26a1947d4104e026d3bac972323bf05453ec86ca7,benchmark,original,No-HT,5000,planning,4,2.4606460907633965,100262.16666666667,-0.5256411304644644
WEN38:i1:nsga2:s60003:r3:PR1_HT0_EC1:5dd76293d3f3,WEN38,1,60003,3,PR1_HT0_EC1,cf9bc95d906238978e0c5ab26a1947d4104e026d3bac972323bf05453ec86ca7,benchmark,original,No-HT,5000,planning,5,2.4607824845245094,129088.33333333334,-0.6508784919233221
WEN38:i1:nsga2:s60003:r3:PR1_HT0_EC1:5dd76293d3f3,WEN38,1,60003,3,PR1_HT0_EC1,cf9bc95d906238978e0c5ab26a1947d4104e026d3bac972323bf05453ec86ca7,benchmark,original,No-HT,5000,planning,6,2.460802194045149,125087.66666666667,-0.6493298634213716
WEN38:i1:nsga2:s60003:r3:PR1_HT0_EC1:5dd76293d3f3,WEN38,1,60003,3,PR1_HT0_EC1,cf9bc95d906238978e0c5ab26a1947d4104e026d3bac972323bf05453ec86ca7,benchmark,original,No-HT,5000,planning,7,2.4609667142002865,133335.0,-0.7194518530423011
WEN38:i1:nsga2:s60003:r3:PR1_HT0_EC1:5dd76293d3f3,WEN38,1,60003,3,PR1_HT0_EC1,cf9bc95d906238978e0c5ab26a1947d4104e026d3bac972323bf05453ec86ca7,benchmark,original,No-HT,5000,planning,8,2.4612700320565235,124069.0,-0.6436665698129218
WEN38:i1:nsga2:s60003:r3:PR1_HT0_EC1:5dd76293d3f3,WEN38,1,60003,3,PR1_HT0_EC1,cf9bc95d906238978e0c5ab26a1947d4104e026d3bac972323bf05453ec86ca7,benchmark,original,No-HT,5000,planning,9,2.4613846542830915,141786.1666666667,-0.7362407531400095
WEN38:i1:nsga2:s60003:r3:PR1_HT0_EC1:5dd76293d3f3,WEN38,1,60003,3,PR1_HT0_EC1,cf9bc95d906238978e0c5ab26a1947d4104e026d3bac972323bf05453ec86ca7,benchmark,original,No-HT,5000,planning,10,2.4614904217957276,125183.33333333334,-0.6664057980242433
WEN38:i1:nsga2:s60003:r3:PR1_HT0_EC1:5dd76293d3f3,WEN38,1,60003,3,PR1_HT0_EC1,cf9bc95d906238978e0c5ab26a1947d4104e026d3bac972323bf05453ec86ca7,benchmark,original,No-HT,5000,planning,11,2.4615066020477254,145551.0,-0.7973068745568526
WEN38:i1:nsga2:s60003:r3:PR1_HT0_EC1:5dd76293d3f3,WEN38,1,60003,3,PR1_HT0_EC1,cf9bc95d906238978e0c5ab26a1947d4104e026d3bac972323bf05453ec86ca7,benchmark,original,No-HT,5000,planning,12,2.4615145971061096,113832.5,-0.722222950219475
WEN38:i1:nsga2:s60003:r3:PR1_HT0_EC1:5dd76293d3f3,WEN38,1,60003,3,PR1_HT0_EC1,cf9bc95d906238978e0c5ab26a1947d4104e026d3bac972323bf05453ec86ca7,benchmark,original,No-HT,5000,planning,13,2.461571990510489,145071.5,-0.7973068745568526
WEN38:i1:nsga2:s60003:r3:PR1_HT0_EC1:5dd76293d3f3,WEN38,1,60003,3,PR1_HT0_EC1,cf9bc95d906238978e0c5ab26a1947d4104e026d3bac972323bf05453ec86ca7,benchmark,original,No-HT,5000,planning,14,2.4616125830942233,134034.33333333334,-0.7313162587388433
WEN38:i1:nsga2:s60003:r3:PR1_HT0_EC1:5dd76293d3f3,WEN38,1,60003,3,PR1_HT0_EC1,cf9bc95d906238978e0c5ab26a1947d4104e026d3bac972323bf05453ec86ca7,benchmark,original,No-HT,5000,planning,15,2.4620555313578665,132571.33333333334,-0.731559706938242
WEN38:i1:nsga2:s60003:r3:PR1_HT0_EC1:5dd76293d3f3,WEN38,1,60003,3,PR1_HT0_EC1,cf9bc95d906238978e0c5ab26a1947d4104e026d3bac972323bf05453ec86ca7,benchmark,original,No-HT,5000,planning,16,2.4621907093279676,142851.6666666667,-0.7973068745568526
WEN38:i1:nsga2:s60003:r3:PR1_HT0_EC1:5dd76293d3f3,WEN38,1,60003,3,PR1_HT0_EC1,cf9bc95d906238978e0c5ab26a1947d4104e026d3bac972323bf05453ec86ca7,benchmark,original,No-HT,5000,planning,17,2.462270550810377,141511.1666666667,-0.7370582693192773
WEN38:i1:nsga2:s60003:r3:PR1_HT0_EC1:5dd76293d3f3,WEN38,1,60003,3,PR1_HT0_EC1,cf9bc95d906238978e0c5ab26a1947d4104e026d3bac972323bf05453ec86ca7,benchmark,original,No-HT,5000,planning,18,2.46270788103394,111572.66666666667,-0.5435161665109263
WEN38:i1:nsga2:s60003:r3:PR1_HT0_EC1:5dd76293d3f3,WEN38,1,60003,3,PR1_HT0_EC1,cf9bc95d906238978e0c5ab26a1947d4104e026d3bac972323bf05453ec86ca7,benchmark,original,No-HT,5000,planning,19,2.4628434418970384,107246.33333333333,-0.722222950219475
WEN38:i1:nsga2:s60003:r3:PR1_HT0_EC1:5dd76293d3f3,WEN38,1,60003,3,PR1_HT0_EC1,cf9bc95d906238978e0c5ab26a1947d4104e026d3bac972323bf05453ec86ca7,benchmark,original,No-HT,5000,planning,20,2.463189487282296,128816.16666666666,-0.7973068745568526
WEN38:i1:nsga2:s60003:r3:PR1_HT0_EC1:5dd76293d3f3,WEN38,1,60003,3,PR1_HT0_EC1,cf9bc95d906238978e0c5ab26a1947d4104e026d3bac972323bf05453ec86ca7,benchmark,original,No-HT,5000,planning,21,2.4631964584426367,127989.5,-0.723209928803044
WEN38:i1:nsga2:s60003:r3:PR1_HT0_EC1:5dd76293d3f3,WEN38,1,60003,3,PR1_HT0_EC1,cf9bc95d906238978e0c5ab26a1947d4104e026d3bac972323bf05453ec86ca7,benchmark,original,No-HT,5000,planning,22,2.4634504317987638,81842.5,-0.4817515063814426
WEN38:i1:nsga2:s60003:r3:PR1_HT0_EC1:5dd76293d3f3,WEN38,1,60003,3,PR1_HT0_EC1,cf9bc95d906238978e0c5ab26a1947d4104e026d3bac972323bf05453ec86ca7,benchmark,original,No-HT,5000,planning,23,2.4635901692221305,127830.16666666666,-0.7338659644956351
WEN38:i1:nsga2:s60003:r3:PR1_HT0_EC1:5dd76293d3f3,WEN38,1,60003,3,PR1_HT0_EC1,cf9bc95d906238978e0c5ab26a1947d4104e026d3bac972323bf05453ec86ca7,benchmark,original,No-HT,5000,planning,24,2.4636584315982217,123672.0,-0.7973068745568526
WEN38:i1:nsga2:s60003:r3:PR1_HT0_EC1:5dd76293d3f3,WEN38,1,60003,3,PR1_HT0_EC1,cf9bc95d906238978e0c5ab26a1947d4104e026d3bac972323bf05453ec86ca7,benchmark,original,No-HT,5000,planning,25,2.464291357772641,114311.5,-0.7950481571851924
WEN38:i1:nsga2:s60003:r3:PR1_HT0_EC1:5dd76293d3f3,WEN38,1,60003,3,PR1_HT0_EC1,cf9bc95d906238978e0c5ab26a1947d4104e026d3bac972323bf05453ec86ca7,benchmark,original,No-HT,5000,planning,26,2.4643187960462782,101835.66666666667,-0.5642847854232969
WEN38:i1:nsga2:s60003:r3:PR1_HT0_EC1:5dd76293d3f3,WEN38,1,60003,3,PR1_HT0_EC1,cf9bc95d906238978e0c5ab26a1947d4104e026d3bac972323bf05453ec86ca7,benchmark,original,No-HT,5000,planning,27,2.464481929169917,78586.0,-0.0
WEN38:i1:nsga2:s60003:r3:PR1_HT0_EC1:5dd76293d3f3,WEN38,1,60003,3,PR1_HT0_EC1,cf9bc95d906238978e0c5ab26a1947d4104e026d3bac972323bf05453ec86ca7,benchmark,original,No-HT,5000,planning,28,2.4648083515231307,105138.33333333334,-0.6024825923714161
WEN38:i1:nsga2:s60003:r3:PR1_HT0_EC1:5dd76293d3f3,WEN38,1,60003,3,PR1_HT0_EC1,cf9bc95d906238978e0c5ab26a1947d4104e026d3bac972323bf05453ec86ca7,benchmark,original,No-HT,5000,planning,29,2.46485090039808,118291.33333333334,-0.7973068745568526
WEN38:i1:nsga2:s60003:r3:PR1_HT0_EC1:5dd76293d3f3,WEN38,1,60003,3,PR1_HT0_EC1,cf9bc95d906238978e0c5ab26a1947d4104e026d3bac972323bf05453ec86ca7,benchmark,original,No-HT,5000,planning,30,2.4650201849589495,109491.66666666667,-0.7256857127658805
WEN38:i1:nsga2:s60003:r3:PR1_HT0_EC1:5dd76293d3f3,WEN38,1,60003,3,PR1_HT0_EC1,cf9bc95d906238978e0c5ab26a1947d4104e026d3bac972323bf05453ec86ca7,benchmark,original,No-HT,5000,planning,31,2.4652943274017307,112429.0,-0.7288872243652804
WEN38:i1:nsga2:s60003:r3:PR1_HT0_EC1:5dd76293d3f3,WEN38,1,60003,3,PR1_HT0_EC1,cf9bc95d906238978e0c5ab26a1947d4104e026d3bac972323bf05453ec86ca7,benchmark,original,No-HT,5000,planning,32,2.4653678256972036,73150.0,-0.0
WEN38:i1:nsga2:s60003:r3:PR1_HT0_EC1:5dd76293d3f3,WEN38,1,60003,3,PR1_HT0_EC1,cf9bc95d906238978e0c5ab26a1947d4104e026d3bac972323bf05453ec86ca7,benchmark,original,No-HT,5000,planning,33,2.4654155486054954,105094.33333333334,-0.6466760574230648
WEN38:i1:nsga2:s60003:r3:PR1_HT0_EC1:5dd76293d3f3,WEN38,1,60003,3,PR1_HT0_EC1,cf9bc95d906238978e0c5ab26a1947d4104e026d3bac972323bf05453ec86ca7,benchmark,original,No-HT,5000,planning,34,2.4656343315280163,113314.0,-0.7973068745568526
WEN38:i1:nsga2:s60003:r3:PR1_HT0_EC1:5dd76293d3f3,WEN38,1,60003,3,PR1_HT0_EC1,cf9bc95d906238978e0c5ab26a1947d4104e026d3bac972323bf05453ec86ca7,benchmark,original,No-HT,5000,planning,35,2.466062340471289,96775.0,-0.5309743397465354
WEN38:i1:nsga2:s60003:r3:PR1_HT0_EC1:5dd76293d3f3,WEN38,1,60003,3,PR1_HT0_EC1,cf9bc95d906238978e0c5ab26a1947d4104e026d3bac972323bf05453ec86ca7,benchmark,original,No-HT,5000,planning,36,2.4661176519996744,101527.5,-0.5373246129774998
WEN38:i1:nsga2:s60003:r3:PR1_HT0_EC1:5dd76293d3f3,WEN38,1,60003,3,PR1_HT0_EC1,cf9bc95d906238978e0c5ab26a1947d4104e026d3bac972323bf05453ec86ca7,benchmark,original,No-HT,5000,planning,37,2.466269264942473,105072.66666666667,-0.7973068745568526
WEN38:i1:nsga2:s60003:r3:PR1_HT0_EC1:5dd76293d3f3,WEN38,1,60003,3,PR1_HT0_EC1,cf9bc95d906238978e0c5ab26a1947d4104e026d3bac972323bf05453ec86ca7,benchmark,original,No-HT,5000,planning,38,2.466356064103876,97503.33333333334,-0.5332469791928816
WEN38:i1:nsga2:s60003:r3:PR1_HT0_EC1:5dd76293d3f3,WEN38,1,60003,3,PR1_HT0_EC1,cf9bc95d906238978e0c5ab26a1947d4104e026d3bac972323bf05453ec86ca7,benchmark,original,No-HT,5000,planning,39,2.4664223476448983,104998.33333333334,-0.584466736973809
WEN38:i1:nsga2:s60003:r3:PR1_HT0_EC1:5dd76293d3f3,WEN38,1,60003,3,PR1_HT0_EC1,cf9bc95d906238978e0c5ab26a1947d4104e026d3bac972323bf05453ec86ca7,benchmark,original,No-HT,5000,planning,40,2.4667706650375854,103443.33333333334,-0.7372021876790313
WEN38:i1:nsga2:s60003:r3:PR1_HT0_EC1:5dd76293d3f3,WEN38,1,60003,3,PR1_HT0_EC1,cf9bc95d906238978e0c5ab26a1947d4104e026d3bac972323bf05453ec86ca7,benchmark,original,No-HT,5000,planning,41,2.4671034935704608,90171.33333333334,-0.6674259057344898
WEN38:i1:nsga2:s60003:r3:PR1_HT0_EC1:5dd76293d3f3,WEN38,1,60003,3,PR1_HT0_EC1,cf9bc95d906238978e0c5ab26a1947d4104e026d3bac972323bf05453ec86ca7,benchmark,original,No-HT,5000,planning,42,2.4679839628937312,99578.5,-0.7973068745568526
WEN38:i1:nsga2:s60003:r3:PR1_HT0_EC1:5dd76293d3f3,WEN38,1,60003,3,PR1_HT0_EC1,cf9bc95d906238978e0c5ab26a1947d4104e026d3bac972323bf05453ec86ca7,benchmark,original,No-HT,5000,planning,43,2.46853532722805,84125.83333333333,-0.7318215474979297
WEN38:i1:nsga2:s60003:r3:PR1_HT0_EC1:5dd76293d3f3,WEN38,1,60003,3,PR1_HT0_EC1,cf9bc95d906238978e0c5ab26a1947d4104e026d3bac972323bf05453ec86ca7,benchmark,original,No-HT,5000,planning,44,2.471757501954672,99202.0,-0.7973068745568526
WEN38:i1:nsga2:s60003:r3:PR1_HT0_EC1:5dd76293d3f3,WEN38,1,60003,3,PR1_HT0_EC1,cf9bc95d906238978e0c5ab26a1947d4104e026d3bac972323bf05453ec86ca7,benchmark,original,No-HT,5000,planning,45,2.48069383562011,79773.66666666667,-0.07405908539294614
WEN38:i1:nsga2:s60003:r3:PR1_HT0_EC1:5dd76293d3f3,WEN38,1,60003,3,PR1_HT0_EC1,cf9bc95d906238978e0c5ab26a1947d4104e026d3bac972323bf05453ec86ca7,benchmark,original,No-HT,5000,planning,46,2.491590362906284,79403.66666666667,-0.06267922982624441
WEN38:i1:nsga2:s60003:r3:PR1_HT0_EC1:5dd76293d3f3,WEN38,1,60003,3,PR1_HT0_EC1,cf9bc95d906238978e0c5ab26a1947d4104e026d3bac972323bf05453ec86ca7,benchmark,original,No-HT,5000,planning,47,2.4986089966268317,74194.33333333334,-0.15353311136004777
WEN38:i1:nsga2:s60003:r3:PR1_HT0_EC1:5dd76293d3f3,WEN38,1,60003,3,PR1_HT0_EC1,cf9bc95d906238978e0c5ab26a1947d4104e026d3bac972323bf05453ec86ca7,benchmark,original,No-HT,5000,planning,48,2.503727145329817,77088.0,-0.16890664729635319
WEN38:i1:nsga2:s60003:r3:PR1_HT0_EC1:5dd76293d3f3,WEN38,1,60003,3,PR1_HT0_EC1,cf9bc95d906238978e0c5ab26a1947d4104e026d3bac972323bf05453ec86ca7,benchmark,original,No-HT,5000,planning,49,2.542882556613885,72576.66666666667,-0.0
WEN38:i1:nsga2:s60003:r3:PR1_HT0_EC1:5dd76293d3f3,WEN38,1,60003,3,PR1_HT0_EC1,cf9bc95d906238978e0c5ab26a1947d4104e026d3bac972323bf05453ec86ca7,benchmark,original,No-HT,5000,planning,50,2.5428837718353483,69061.33333333334,-0.0
WEN38:i1:nsga2:s60003:r3:PR1_HT0_EC1:5dd76293d3f3,WEN38,1,60003,3,PR1_HT0_EC1,cf9bc95d906238978e0c5ab26a1947d4104e026d3bac972323bf05453ec86ca7,benchmark,original,No-HT,5000,planning,51,2.542883771835828,76442.33333333334,-0.16890664729635319
WEN38:i1:nsga2:s60003:r3:PR1_HT0_EC1:5dd76293d3f3,WEN38,1,60003,3,PR1_HT0_EC1,cf9bc95d906238978e0c5ab26a1947d4104e026d3bac972323bf05453ec86ca7,benchmark,original,No-HT,5000,planning,52,2.5433267200994703,71340.33333333334,-0.16890664729635319
WEN38:i1:nsga2:s60003:r3:PR1_HT0_EC1:5dd76293d3f3,WEN38,1,60003,3,PR1_HT0_EC1,cf9bc95d906238978e0c5ab26a1947d4104e026d3bac972323bf05453ec86ca7,benchmark,original,No-HT,5000,planning,53,2.54518710280629,74047.33333333333,-0.2847764926555101
WEN38:i1:nsga2:s60003:r3:PR1_HT0_EC1:5dd76293d3f3,WEN38,1,60003,3,PR1_HT0_EC1,cf9bc95d906238978e0c5ab26a1947d4104e026d3bac972323bf05453ec86ca7,benchmark,original,No-HT,5000,planning,54,2.576725019177689,77352.0,-0.3527581329581153
WEN38:i1:nsga2:s60003:r3:PR1_HT0_EC1:5dd76293d3f3,WEN38,1,60003,3,PR1_HT0_EC1,cf9bc95d906238978e0c5ab26a1947d4104e026d3bac972323bf05453ec86ca7,benchmark,original,No-HT,5000,planning,55,2.59320269458543,68001.0,-0.0
WEN38:i1:nsga2:s60003:r3:PR1_HT0_EC1:5dd76293d3f3,WEN38,1,60003,3,PR1_HT0_EC1,cf9bc95d906238978e0c5ab26a1947d4104e026d3bac972323bf05453ec86ca7,benchmark,original,No-HT,5000,planning,56,2.597454997916092,73253.66666666667,-0.25253185233759723
WEN38:i1:nsga2:s60003:r3:PR1_HT0_EC1:5dd76293d3f3,WEN38,1,60003,3,PR1_HT0_EC1,cf9bc95d906238978e0c5ab26a1947d4104e026d3bac972323bf05453ec86ca7,benchmark,original,No-HT,5000,planning,57,2.603036146038712,70525.16666666667,-0.07405908539294614
WEN38:i1:nsga2:s60003:r3:PR1_HT0_EC1:5dd76293d3f3,WEN38,1,60003,3,PR1_HT0_EC1,cf9bc95d906238978e0c5ab26a1947d4104e026d3bac972323bf05453ec86ca7,benchmark,original,No-HT,5000,planning,58,2.6054280666616556,75669.66666666667,-0.3385371494669016
WEN38:i1:nsga2:s60003:r3:PR1_HT0_EC1:5dd76293d3f3,WEN38,1,60003,3,PR1_HT0_EC1,cf9bc95d906238978e0c5ab26a1947d4104e026d3bac972323bf05453ec86ca7,benchmark,original,No-HT,5000,planning,59,2.62208292137461,74603.66666666667,-0.3385371494669016
WEN38:i1:nsga2:s60003:r3:PR1_HT0_EC1:5dd76293d3f3,WEN38,1,60003,3,PR1_HT0_EC1,cf9bc95d906238978e0c5ab26a1947d4104e026d3bac972323bf05453ec86ca7,benchmark,original,No-HT,5000,planning,60,2.6330260524077103,73890.66666666667,-0.2780056800274906
WEN38:i1:nsga2:s60003:r3:PR1_HT0_EC1:5dd76293d3f3,WEN38,1,60003,3,PR1_HT0_EC1,cf9bc95d906238978e0c5ab26a1947d4104e026d3bac972323bf05453ec86ca7,benchmark,original,No-HT,5000,planning,61,2.635683741989425,72068.0,-0.2847764926555101
WEN38:i1:nsga2:s60003:r3:PR1_HT0_EC1:5dd76293d3f3,WEN38,1,60003,3,PR1_HT0_EC1,cf9bc95d906238978e0c5ab26a1947d4104e026d3bac972323bf05453ec86ca7,benchmark,original,No-HT,5000,planning,62,2.637143162338452,74812.33333333334,-0.40057636887740955
WEN38:i1:nsga2:s60003:r3:PR1_HT0_EC1:5dd76293d3f3,WEN38,1,60003,3,PR1_HT0_EC1,cf9bc95d906238978e0c5ab26a1947d4104e026d3bac972323bf05453ec86ca7,benchmark,original,No-HT,5000,planning,63,2.6383834174773773,67880.0,-0.06267922982624441
WEN38:i1:nsga2:s60003:r3:PR1_HT0_EC1:5dd76293d3f3,WEN38,1,60003,3,PR1_HT0_EC1,cf9bc95d906238978e0c5ab26a1947d4104e026d3bac972323bf05453ec86ca7,benchmark,original,No-HT,5000,planning,64,2.6412182863644866,66168.0,-0.0
WEN38:i1:nsga2:s60003:r3:PR1_HT0_EC1:5dd76293d3f3,WEN38,1,60003,3,PR1_HT0_EC1,cf9bc95d906238978e0c5ab26a1947d4104e026d3bac972323bf05453ec86ca7,benchmark,original,No-HT,5000,planning,65,2.6500772516368096,73753.66666666667,-0.3947089947105269
WEN38:i1:nsga2:s60003:r3:PR1_HT0_EC1:5dd76293d3f3,WEN38,1,60003,3,PR1_HT0_EC1,cf9bc95d906238978e0c5ab26a1947d4104e026d3bac972323bf05453ec86ca7,benchmark,original,No-HT,5000,planning,66,2.657430192814001,69234.16666666667,-0.07405908539294614
WEN38:i1:nsga2:s60003:r3:PR1_HT0_EC1:5dd76293d3f3,WEN38,1,60003,3,PR1_HT0_EC1,cf9bc95d906238978e0c5ab26a1947d4104e026d3bac972323bf05453ec86ca7,benchmark,original,No-HT,5000,planning,67,2.6585818582990495,64300.0,-0.0
WEN38:i1:nsga2:s60003:r3:PR1_HT0_EC1:5dd76293d3f3,WEN38,1,60003,3,PR1_HT0_EC1,cf9bc95d906238978e0c5ab26a1947d4104e026d3bac972323bf05453ec86ca7,benchmark,original,No-HT,5000,planning,68,2.658581858298745,72060.33333333334,-0.3385371494669016
WEN38:i1:nsga2:s60003:r3:PR1_HT0_EC1:5dd76293d3f3,WEN38,1,60003,3,PR1_HT0_EC1,cf9bc95d906238978e0c5ab26a1947d4104e026d3bac972323bf05453ec86ca7,benchmark,original,No-HT,5000,planning,69,2.659024806562388,68995.5,-0.3385371494669016
WEN38:i1:nsga2:s60003:r3:PR1_HT0_EC1:5dd76293d3f3,WEN38,1,60003,3,PR1_HT0_EC1,cf9bc95d906238978e0c5ab26a1947d4104e026d3bac972323bf05453ec86ca7,benchmark,original,No-HT,5000,planning,70,2.6647411480843664,70476.66666666667,-0.3512900482010082
WEN38:i1:nsga2:s60003:r3:PR1_HT0_EC1:5dd76293d3f3,WEN38,1,60003,3,PR1_HT0_EC1,cf9bc95d906238978e0c5ab26a1947d4104e026d3bac972323bf05453ec86ca7,benchmark,original,No-HT,5000,planning,71,2.673642099264038,65373.0,-0.07405908539294614
WEN38:i1:nsga2:s60003:r3:PR1_HT0_EC1:5dd76293d3f3,WEN38,1,60003,3,PR1_HT0_EC1,cf9bc95d906238978e0c5ab26a1947d4104e026d3bac972323bf05453ec86ca7,benchmark,original,No-HT,5000,planning,72,2.689409842226687,69861.16666666666,-0.40057636887740955
WEN38:i1:nsga2:s60003:r3:PR1_HT0_EC1:5dd76293d3f3,WEN38,1,60003,3,PR1_HT0_EC1,cf9bc95d906238978e0c5ab26a1947d4104e026d3bac972323bf05453ec86ca7,benchmark,original,No-HT,5000,planning,73,2.7409282494309095,78535.33333333334,-0.4808259587034627
WEN38:i1:nsga2:s60003:r3:PR1_HT0_EC1:5dd76293d3f3,WEN38,1,60003,3,PR1_HT0_EC1,cf9bc95d906238978e0c5ab26a1947d4104e026d3bac972323bf05453ec86ca7,benchmark,original,No-HT,5000,planning,74,2.7427000424854806,74240.66666666667,-0.4808259587034627
WEN38:i1:nsga2:s60003:r3:PR1_HT0_EC1:5dd76293d3f3,WEN38,1,60003,3,PR1_HT0_EC1,cf9bc95d906238978e0c5ab26a1947d4104e026d3bac972323bf05453ec86ca7,benchmark,original,No-HT,5000,planning,75,2.8660588249904997,62948.0,-0.0
WEN38:i1:nsga2:s60003:r3:PR1_HT1_EC0:81e09eaca11b,WEN38,1,60003,3,PR1_HT1_EC0,cf9bc95d906238978e0c5ab26a1947d4104e026d3bac972323bf05453ec86ca7,benchmark,original,No-EC,5000,planning,0,2.458425273190352,138166.3333333333,-0.0
WEN38:i1:nsga2:s60003:r3:PR1_HT1_EC0:81e09eaca11b,WEN38,1,60003,3,PR1_HT1_EC0,cf9bc95d906238978e0c5ab26a1947d4104e026d3bac972323bf05453ec86ca7,benchmark,original,No-EC,5000,planning,1,2.458425273190352,172072.66666666666,-0.7973068745568526
WEN38:i1:nsga2:s60003:r3:PR1_HT1_EC0:81e09eaca11b,WEN38,1,60003,3,PR1_HT1_EC0,cf9bc95d906238978e0c5ab26a1947d4104e026d3bac972323bf05453ec86ca7,benchmark,original,No-EC,5000,planning,2,2.4590581008485763,140461.0,-0.7973068745568526
WEN38:i1:nsga2:s60003:r3:PR1_HT1_EC0:81e09eaca11b,WEN38,1,60003,3,PR1_HT1_EC0,cf9bc95d906238978e0c5ab26a1947d4104e026d3bac972323bf05453ec86ca7,benchmark,original,No-EC,5000,planning,3,2.4593111697176377,137635.6666666667,-0.0
WEN38:i1:nsga2:s60003:r3:PR1_HT1_EC0:81e09eaca11b,WEN38,1,60003,3,PR1_HT1_EC0,cf9bc95d906238978e0c5ab26a1947d4104e026d3bac972323bf05453ec86ca7,benchmark,original,No-EC,5000,planning,4,2.459754117981281,133036.6666666667,-0.0
WEN38:i1:nsga2:s60003:r3:PR1_HT1_EC0:81e09eaca11b,WEN38,1,60003,3,PR1_HT1_EC0,cf9bc95d906238978e0c5ab26a1947d4104e026d3bac972323bf05453ec86ca7,benchmark,original,No-EC,5000,planning,5,2.4603610520521544,125159.66666666667,-0.0
WEN38:i1:nsga2:s60003:r3:PR1_HT1_EC0:81e09eaca11b,WEN38,1,60003,3,PR1_HT1_EC0,cf9bc95d906238978e0c5ab26a1947d4104e026d3bac972323bf05453ec86ca7,benchmark,original,No-EC,5000,planning,6,2.460432419097555,115272.66666666667,-0.0
WEN38:i1:nsga2:s60003:r3:PR1_HT1_EC0:81e09eaca11b,WEN38,1,60003,3,PR1_HT1_EC0,cf9bc95d906238978e0c5ab26a1947d4104e026d3bac972323bf05453ec86ca7,benchmark,original,No-EC,5000,planning,7,2.460491445326758,109423.66666666667,-0.0
WEN38:i1:nsga2:s60003:r3:PR1_HT1_EC0:81e09eaca11b,WEN38,1,60003,3,PR1_HT1_EC0,cf9bc95d906238978e0c5ab26a1947d4104e026d3bac972323bf05453ec86ca7,benchmark,original,No-EC,5000,planning,8,2.4605202460783175,104750.66666666667,-0.0
WEN38:i1:nsga2:s60003:r3:PR1_HT1_EC0:81e09eaca11b,WEN38,1,60003,3,PR1_HT1_EC0,cf9bc95d906238978e0c5ab26a1947d4104e026d3bac972323bf05453ec86ca7,benchmark,original,No-EC,5000,planning,9,2.4610449254636277,112292.33333333333,-0.7195878788734262
WEN38:i1:nsga2:s60003:r3:PR1_HT1_EC0:81e09eaca11b,WEN38,1,60003,3,PR1_HT1_EC0,cf9bc95d906238978e0c5ab26a1947d4104e026d3bac972323bf05453ec86ca7,benchmark,original,No-EC,5000,planning,10,2.461090492129017,140062.33333333334,-0.7973068745568526
WEN38:i1:nsga2:s60003:r3:PR1_HT1_EC0:81e09eaca11b,WEN38,1,60003,3,PR1_HT1_EC0,cf9bc95d906238978e0c5ab26a1947d4104e026d3bac972323bf05453ec86ca7,benchmark,original,No-EC,5000,planning,11,2.4611306323525275,126523.33333333334,-0.7973068745568526
WEN38:i1:nsga2:s60003:r3:PR1_HT1_EC0:81e09eaca11b,WEN38,1,60003,3,PR1_HT1_EC0,cf9bc95d906238978e0c5ab26a1947d4104e026d3bac972323bf05453ec86ca7,benchmark,original,No-EC,5000,planning,12,2.4616703733380874,110597.0,-0.7185178702738995
WEN38:i1:nsga2:s60003:r3:PR1_HT1_EC0:81e09eaca11b,WEN38,1,60003,3,PR1_HT1_EC0,cf9bc95d906238978e0c5ab26a1947d4104e026d3bac972323bf05453ec86ca7,benchmark,original,No-EC,5000,planning,13,2.4616768734579946,123520.66666666667,-0.7973068745568526
WEN38:i1:nsga2:s60003:r3:PR1_HT1_EC0:81e09eaca11b,WEN38,1,60003,3,PR1_HT1_EC0,cf9bc95d906238978e0c5ab26a1947d4104e026d3bac972323bf05453ec86ca7,benchmark,original,No-EC,5000,planning,14,2.461839704159016,121212.00000000001,-0.7973068745568526
WEN38:i1:nsga2:s60003:r3:PR1_HT1_EC0:81e09eaca11b,WEN38,1,60003,3,PR1_HT1_EC0,cf9bc95d906238978e0c5ab26a1947d4104e026d3bac972323bf05453ec86ca7,benchmark,original,No-EC,5000,planning,15,2.4618746105222993,92920.66666666666,-0.0
WEN38:i1:nsga2:s60003:r3:PR1_HT1_EC0:81e09eaca11b,WEN38,1,60003,3,PR1_HT1_EC0,cf9bc95d906238978e0c5ab26a1947d4104e026d3bac972323bf05453ec86ca7,benchmark,original,No-EC,5000,planning,16,2.461895106095164,106469.0,-0.7309914817424215
WEN38:i1:nsga2:s60003:r3:PR1_HT1_EC0:81e09eaca11b,WEN38,1,60003,3,PR1_HT1_EC0,cf9bc95d906238978e0c5ab26a1947d4104e026d3bac972323bf05453ec86ca7,benchmark,original,No-EC,5000,planning,17,2.464035031436163,89107.33333333334,-0.0
WEN38:i1:nsga2:s60003:r3:PR1_HT1_EC0:81e09eaca11b,WEN38,1,60003,3,PR1_HT1_EC0,cf9bc95d906238978e0c5ab26a1947d4104e026d3bac972323bf05453ec86ca7,benchmark,original,No-EC,5000,planning,18,2.464035031436163,98605.66666666667,-0.4453333333340197
WEN38:i1:nsga2:s60003:r3:PR1_HT1_EC0:81e09eaca11b,WEN38,1,60003,3,PR1_HT1_EC0,cf9bc95d906238978e0c5ab26a1947d4104e026d3bac972323bf05453ec86ca7,benchmark,original,No-EC,5000,planning,19,2.464234074714871,119814.66666666667,-0.7973068745568526
WEN38:i1:nsga2:s60003:r3:PR1_HT1_EC0:81e09eaca11b,WEN38,1,60003,3,PR1_HT1_EC0,cf9bc95d906238978e0c5ab26a1947d4104e026d3bac972323bf05453ec86ca7,benchmark,original,No-EC,5000,planning,20,2.464458702855315,117484.0,-0.7359923797066585
WEN38:i1:nsga2:s60003:r3:PR1_HT1_EC0:81e09eaca11b,WEN38,1,60003,3,PR1_HT1_EC0,cf9bc95d906238978e0c5ab26a1947d4104e026d3bac972323bf05453ec86ca7,benchmark,original,No-EC,5000,planning,21,2.465001185830287,101380.16666666667,-0.7274170940390832
WEN38:i1:nsga2:s60003:r3:PR1_HT1_EC0:81e09eaca11b,WEN38,1,60003,3,PR1_HT1_EC0,cf9bc95d906238978e0c5ab26a1947d4104e026d3bac972323bf05453ec86ca7,benchmark,original,No-EC,5000,planning,22,2.4650583219485958,117913.66666666667,-0.7973068745568526
WEN38:i1:nsga2:s60003:r3:PR1_HT1_EC0:81e09eaca11b,WEN38,1,60003,3,PR1_HT1_EC0,cf9bc95d906238978e0c5ab26a1947d4104e026d3bac972323bf05453ec86ca7,benchmark,original,No-EC,5000,planning,23,2.465175213077763,87991.66666666667,-0.0
WEN38:i1:nsga2:s60003:r3:PR1_HT1_EC0:81e09eaca11b,WEN38,1,60003,3,PR1_HT1_EC0,cf9bc95d906238978e0c5ab26a1947d4104e026d3bac972323bf05453ec86ca7,benchmark,original,No-EC,5000,planning,24,2.4652996360562582,115012.66666666667,-0.7973068745568526
WEN38:i1:nsga2:s60003:r3:PR1_HT1_EC0:81e09eaca11b,WEN38,1,60003,3,PR1_HT1_EC0,cf9bc95d906238978e0c5ab26a1947d4104e026d3bac972323bf05453ec86ca7,benchmark,original,No-EC,5000,planning,25,2.4684136680591147,86332.0,-0.0
WEN38:i1:nsga2:s60003:r3:PR1_HT1_EC0:81e09eaca11b,WEN38,1,60003,3,PR1_HT1_EC0,cf9bc95d906238978e0c5ab26a1947d4104e026d3bac972323bf05453ec86ca7,benchmark,original,No-EC,5000,planning,26,2.468478224459731,98274.00000000001,-0.4782762491813628
WEN38:i1:nsga2:s60003:r3:PR1_HT1_EC0:81e09eaca11b,WEN38,1,60003,3,PR1_HT1_EC0,cf9bc95d906238978e0c5ab26a1947d4104e026d3bac972323bf05453ec86ca7,benchmark,original,No-EC,5000,planning,27,2.468945613070896,100420.99999999999,-0.49336742964533187
WEN38:i1:nsga2:s60003:r3:PR1_HT1_EC0:81e09eaca11b,WEN38,1,60003,3,PR1_HT1_EC0,cf9bc95d906238978e0c5ab26a1947d4104e026d3bac972323bf05453ec86ca7,benchmark,original,No-EC,5000,planning,28,2.469662616797806,111491.66666666669,-0.7973068745568526
WEN38:i1:nsga2:s60003:r3:PR1_HT1_EC0:81e09eaca11b,WEN38,1,60003,3,PR1_HT1_EC0,cf9bc95d906238978e0c5ab26a1947d4104e026d3bac972323bf05453ec86ca7,benchmark,original,No-EC,5000,planning,29,2.471310976708807,104158.33333333334,-0.7973068745568526
WEN38:i1:nsga2:s60003:r3:PR1_HT1_EC0:81e09eaca11b,WEN38,1,60003,3,PR1_HT1_EC0,cf9bc95d906238978e0c5ab26a1947d4104e026d3bac972323bf05453ec86ca7,benchmark,original,No-EC,5000,planning,30,2.471348485842645,99425.0,-0.4866257062385557
WEN38:i1:nsga2:s60003:r3:PR1_HT1_EC0:81e09eaca11b,WEN38,1,60003,3,PR1_HT1_EC0,cf9bc95d906238978e0c5ab26a1947d4104e026d3bac972323bf05453ec86ca7,benchmark,original,No-EC,5000,planning,31,2.4744219555552682,90085.0,-0.05998356614873046
WEN38:i1:nsga2:s60003:r3:PR1_HT1_EC0:81e09eaca11b,WEN38,1,60003,3,PR1_HT1_EC0,cf9bc95d906238978e0c5ab26a1947d4104e026d3bac972323bf05453ec86ca7,benchmark,original,No-EC,5000,planning,32,2.4862064452443615,83131.66666666667,-0.0
WEN38:i1:nsga2:s60003:r3:PR1_HT1_EC0:81e09eaca11b,WEN38,1,60003,3,PR1_HT1_EC0,cf9bc95d906238978e0c5ab26a1947d4104e026d3bac972323bf05453ec86ca7,benchmark,original,No-EC,5000,planning,33,2.4873226262598838,82961.33333333334,-0.0
WEN38:i1:nsga2:s60003:r3:PR1_HT1_EC0:81e09eaca11b,WEN38,1,60003,3,PR1_HT1_EC0,cf9bc95d906238978e0c5ab26a1947d4104e026d3bac972323bf05453ec86ca7,benchmark,original,No-EC,5000,planning,34,2.4988975509897697,96976.33333333334,-0.15353311136004777
WEN38:i1:nsga2:s60003:r3:PR1_HT1_EC0:81e09eaca11b,WEN38,1,60003,3,PR1_HT1_EC0,cf9bc95d906238978e0c5ab26a1947d4104e026d3bac972323bf05453ec86ca7,benchmark,original,No-EC,5000,planning,35,2.500580754391587,93000.33333333334,-0.15353311136004777
WEN38:i1:nsga2:s60003:r3:PR1_HT1_EC0:81e09eaca11b,WEN38,1,60003,3,PR1_HT1_EC0,cf9bc95d906238978e0c5ab26a1947d4104e026d3bac972323bf05453ec86ca7,benchmark,original,No-EC,5000,planning,36,2.5008465233495425,87042.33333333334,-0.15353311136004777
WEN38:i1:nsga2:s60003:r3:PR1_HT1_EC0:81e09eaca11b,WEN38,1,60003,3,PR1_HT1_EC0,cf9bc95d906238978e0c5ab26a1947d4104e026d3bac972323bf05453ec86ca7,benchmark,original,No-EC,5000,planning,37,2.503511747305412,87504.0,-0.15975027543390752
WEN38:i1:nsga2:s60003:r3:PR1_HT1_EC0:81e09eaca11b,WEN38,1,60003,3,PR1_HT1_EC0,cf9bc95d906238978e0c5ab26a1947d4104e026d3bac972323bf05453ec86ca7,benchmark,original,No-EC,5000,planning,38,2.516357246951041,95014.33333333334,-0.1805157593144031
WEN38:i1:nsga2:s60003:r3:PR1_HT1_EC0:81e09eaca11b,WEN38,1,60003,3,PR1_HT1_EC0,cf9bc95d906238978e0c5ab26a1947d4104e026d3bac972323bf05453ec86ca7,benchmark,original,No-EC,5000,planning,39,2.51697737452014,93684.33333333333,-0.1825652018596884
WEN38:i1:nsga2:s60003:r3:PR1_HT1_EC0:81e09eaca11b,WEN38,1,60003,3,PR1_HT1_EC0,cf9bc95d906238978e0c5ab26a1947d4104e026d3bac972323bf05453ec86ca7,benchmark,original,No-EC,5000,planning,40,2.5170335785179274,90305.33333333334,-0.1825652018596884
WEN38:i1:nsga2:s60003:r3:PR1_HT1_EC0:81e09eaca11b,WEN38,1,60003,3,PR1_HT1_EC0,cf9bc95d906238978e0c5ab26a1947d4104e026d3bac972323bf05453ec86ca7,benchmark,original,No-EC,5000,planning,41,2.524330315696603,84051.66666666667,-0.15758468336025544
WEN38:i1:nsga2:s60003:r3:PR1_HT1_EC0:81e09eaca11b,WEN38,1,60003,3,PR1_HT1_EC0,cf9bc95d906238978e0c5ab26a1947d4104e026d3bac972323bf05453ec86ca7,benchmark,original,No-EC,5000,planning,42,2.5303886813305203,81634.66666666667,-0.05998356614873046
WEN38:i1:nsga2:s60003:r3:PR1_HT1_EC0:81e09eaca11b,WEN38,1,60003,3,PR1_HT1_EC0,cf9bc95d906238978e0c5ab26a1947d4104e026d3bac972323bf05453ec86ca7,benchmark,original,No-EC,5000,planning,43,2.531063129303967,74859.33333333334,-0.05998356614873046
WEN38:i1:nsga2:s60003:r3:PR1_HT1_EC0:81e09eaca11b,WEN38,1,60003,3,PR1_HT1_EC0,cf9bc95d906238978e0c5ab26a1947d4104e026d3bac972323bf05453ec86ca7,benchmark,original,No-EC,5000,planning,44,2.5503499995252534,97927.33333333334,-0.2798237330835036
WEN38:i1:nsga2:s60003:r3:PR1_HT1_EC0:81e09eaca11b,WEN38,1,60003,3,PR1_HT1_EC0,cf9bc95d906238978e0c5ab26a1947d4104e026d3bac972323bf05453ec86ca7,benchmark,original,No-EC,5000,planning,45,2.5509014105890584,93787.0,-0.2798237330835036
WEN38:i1:nsga2:s60003:r3:PR1_HT1_EC0:81e09eaca11b,WEN38,1,60003,3,PR1_HT1_EC0,cf9bc95d906238978e0c5ab26a1947d4104e026d3bac972323bf05453ec86ca7,benchmark,original,No-EC,5000,planning,46,2.554577605995509,85618.66666666667,-0.2798237330835036
WEN38:i1:nsga2:s60003:r3:PR1_HT1_EC0:81e09eaca11b,WEN38,1,60003,3,PR1_HT1_EC0,cf9bc95d906238978e0c5ab26a1947d4104e026d3bac972323bf05453ec86ca7,benchmark,original,No-EC,5000,planning,47,2.5560454113733986,81384.33333333333,-0.15758468336025544
WEN38:i1:nsga2:s60003:r3:PR1_HT1_EC0:81e09eaca11b,WEN38,1,60003,3,PR1_HT1_EC0,cf9bc95d906238978e0c5ab26a1947d4104e026d3bac972323bf05453ec86ca7,benchmark,original,No-EC,5000,planning,48,2.5676431215070714,92192.0,-0.3385371494669016
WEN38:i1:nsga2:s60003:r3:PR1_HT1_EC0:81e09eaca11b,WEN38,1,60003,3,PR1_HT1_EC0,cf9bc95d906238978e0c5ab26a1947d4104e026d3bac972323bf05453ec86ca7,benchmark,original,No-EC,5000,planning,49,2.5684479627553882,83279.00000000001,-0.15975027543390752
WEN38:i1:nsga2:s60003:r3:PR1_HT1_EC0:81e09eaca11b,WEN38,1,60003,3,PR1_HT1_EC0,cf9bc95d906238978e0c5ab26a1947d4104e026d3bac972323bf05453ec86ca7,benchmark,original,No-EC,5000,planning,50,2.568683411935509,98120.66666666667,-0.34591194968743366
WEN38:i1:nsga2:s60003:r3:PR1_HT1_EC0:81e09eaca11b,WEN38,1,60003,3,PR1_HT1_EC0,cf9bc95d906238978e0c5ab26a1947d4104e026d3bac972323bf05453ec86ca7,benchmark,original,No-EC,5000,planning,51,2.570396935115648,85595.66666666667,-0.34591194968743366
WEN38:i1:nsga2:s60003:r3:PR1_HT1_EC0:81e09eaca11b,WEN38,1,60003,3,PR1_HT1_EC0,cf9bc95d906238978e0c5ab26a1947d4104e026d3bac972323bf05453ec86ca7,benchmark,original,No-EC,5000,planning,52,2.571482796352665,87094.66666666667,-0.3472182596306084
WEN38:i1:nsga2:s60003:r3:PR1_HT1_EC0:81e09eaca11b,WEN38,1,60003,3,PR1_HT1_EC0,cf9bc95d906238978e0c5ab26a1947d4104e026d3bac972323bf05453ec86ca7,benchmark,original,No-EC,5000,planning,53,2.5727888557390832,85305.0,-0.3472182596306084
WEN38:i1:nsga2:s60003:r3:PR1_HT1_EC0:81e09eaca11b,WEN38,1,60003,3,PR1_HT1_EC0,cf9bc95d906238978e0c5ab26a1947d4104e026d3bac972323bf05453ec86ca7,benchmark,original,No-EC,5000,planning,54,2.5790814022623505,97885.66666666666,-0.3527581329581153
WEN38:i1:nsga2:s60003:r3:PR1_HT1_EC0:81e09eaca11b,WEN38,1,60003,3,PR1_HT1_EC0,cf9bc95d906238978e0c5ab26a1947d4104e026d3bac972323bf05453ec86ca7,benchmark,original,No-EC,5000,planning,55,2.5808732995419437,94191.33333333334,-0.3527581329581153
WEN38:i1:nsga2:s60003:r3:PR1_HT1_EC0:81e09eaca11b,WEN38,1,60003,3,PR1_HT1_EC0,cf9bc95d906238978e0c5ab26a1947d4104e026d3bac972323bf05453ec86ca7,benchmark,original,No-EC,5000,planning,56,2.582179358928362,91721.0,-0.3527581329581153
WEN38:i1:nsga2:s60003:r3:PR1_HT1_EC0:81e09eaca11b,WEN38,1,60003,3,PR1_HT1_EC0,cf9bc95d906238978e0c5ab26a1947d4104e026d3bac972323bf05453ec86ca7,benchmark,original,No-EC,5000,planning,57,2.5830148845213516,78040.66666666667,-0.2798237330835036
WEN38:i1:nsga2:s60003:r3:PR1_HT1_EC0:81e09eaca11b,WEN38,1,60003,3,PR1_HT1_EC0,cf9bc95d906238978e0c5ab26a1947d4104e026d3bac972323bf05453ec86ca7,benchmark,original,No-EC,5000,planning,58,2.5830349356773175,75040.66666666667,-0.2798237330835036
WEN38:i1:nsga2:s60003:r3:PR1_HT1_EC0:81e09eaca11b,WEN38,1,60003,3,PR1_HT1_EC0,cf9bc95d906238978e0c5ab26a1947d4104e026d3bac972323bf05453ec86ca7,benchmark,original,No-EC,5000,planning,59,2.5936074241305103,75821.66666666667,-0.34591194968743366
WEN38:i1:nsga2:s60003:r3:PR1_HT1_EC0:81e09eaca11b,WEN38,1,60003,3,PR1_HT1_EC0,cf9bc95d906238978e0c5ab26a1947d4104e026d3bac972323bf05453ec86ca7,benchmark,original,No-EC,5000,planning,60,2.596080400032914,95522.66666666667,-0.3947089947105269
WEN38:i1:nsga2:s60003:r3:PR1_HT1_EC0:81e09eaca11b,WEN38,1,60003,3,PR1_HT1_EC0,cf9bc95d906238978e0c5ab26a1947d4104e026d3bac972323bf05453ec86ca7,benchmark,original,No-EC,5000,planning,61,2.59772076687413,97462.33333333334,-0.39582783205878513
WEN38:i1:nsga2:s60003:r3:PR1_HT1_EC0:81e09eaca11b,WEN38,1,60003,3,PR1_HT1_EC0,cf9bc95d906238978e0c5ab26a1947d4104e026d3bac972323bf05453ec86ca7,benchmark,original,No-EC,5000,planning,62,2.5983912653774657,96989.33333333334,-0.39582783205878513
WEN38:i1:nsga2:s60003:r3:PR1_HT1_EC0:81e09eaca11b,WEN38,1,60003,3,PR1_HT1_EC0,cf9bc95d906238978e0c5ab26a1947d4104e026d3bac972323bf05453ec86ca7,benchmark,original,No-EC,5000,planning,63,2.610616637454145,93654.5,-0.4066390041507475
WEN38:i1:nsga2:s60003:r3:PR1_HT1_EC0:81e09eaca11b,WEN38,1,60003,3,PR1_HT1_EC0,cf9bc95d906238978e0c5ab26a1947d4104e026d3bac972323bf05453ec86ca7,benchmark,original,No-EC,5000,planning,64,2.6144642112399614,85123.66666666667,-0.3472182596306084
WEN38:i1:nsga2:s60003:r3:PR1_HT1_EC0:81e09eaca11b,WEN38,1,60003,3,PR1_HT1_EC0,cf9bc95d906238978e0c5ab26a1947d4104e026d3bac972323bf05453ec86ca7,benchmark,original,No-EC,5000,planning,65,2.6248795715436635,73544.33333333334,-0.34591194968743366
WEN38:i1:nsga2:s60003:r3:PR1_HT1_EC0:81e09eaca11b,WEN38,1,60003,3,PR1_HT1_EC0,cf9bc95d906238978e0c5ab26a1947d4104e026d3bac972323bf05453ec86ca7,benchmark,original,No-EC,5000,planning,66,2.6253225198073062,72816.33333333334,-0.34591194968743366
WEN38:i1:nsga2:s60003:r3:PR1_HT1_EC0:81e09eaca11b,WEN38,1,60003,3,PR1_HT1_EC0,cf9bc95d906238978e0c5ab26a1947d4104e026d3bac972323bf05453ec86ca7,benchmark,original,No-EC,5000,planning,67,2.629921647375194,97859.66666666667,-0.40771421175395517
WEN38:i1:nsga2:s60003:r3:PR1_HT1_EC0:81e09eaca11b,WEN38,1,60003,3,PR1_HT1_EC0,cf9bc95d906238978e0c5ab26a1947d4104e026d3bac972323bf05453ec86ca7,benchmark,original,No-EC,5000,planning,68,2.6405344204233763,89526.33333333333,-0.3527581329581153
WEN38:i1:nsga2:s60003:r3:PR1_HT1_EC0:81e09eaca11b,WEN38,1,60003,3,PR1_HT1_EC0,cf9bc95d906238978e0c5ab26a1947d4104e026d3bac972323bf05453ec86ca7,benchmark,original,No-EC,5000,planning,69,2.645986694297317,94541.33333333334,-0.40771421175395517
WEN38:i1:nsga2:s60003:r3:PR1_HT1_EC0:81e09eaca11b,WEN38,1,60003,3,PR1_HT1_EC0,cf9bc95d906238978e0c5ab26a1947d4104e026d3bac972323bf05453ec86ca7,benchmark,original,No-EC,5000,planning,70,2.646491679622299,98168.66666666667,-0.4349222030141391
WEN38:i1:nsga2:s60003:r3:PR1_HT1_EC0:81e09eaca11b,WEN38,1,60003,3,PR1_HT1_EC0,cf9bc95d906238978e0c5ab26a1947d4104e026d3bac972323bf05453ec86ca7,benchmark,original,No-EC,5000,planning,71,2.6470269847255503,89021.33333333334,-0.4349222030141391
WEN38:i1:nsga2:s60003:r3:PR1_HT1_EC0:81e09eaca11b,WEN38,1,60003,3,PR1_HT1_EC0,cf9bc95d906238978e0c5ab26a1947d4104e026d3bac972323bf05453ec86ca7,benchmark,original,No-EC,5000,planning,72,2.655885949998397,93839.0,-0.4453333333340197
WEN38:i1:nsga2:s60003:r3:PR1_HT1_EC0:81e09eaca11b,WEN38,1,60003,3,PR1_HT1_EC0,cf9bc95d906238978e0c5ab26a1947d4104e026d3bac972323bf05453ec86ca7,benchmark,original,No-EC,5000,planning,73,2.6575033491520204,79330.33333333334,-0.4066390041507475
WEN38:i1:nsga2:s60003:r3:PR1_HT1_EC0:81e09eaca11b,WEN38,1,60003,3,PR1_HT1_EC0,cf9bc95d906238978e0c5ab26a1947d4104e026d3bac972323bf05453ec86ca7,benchmark,original,No-EC,5000,planning,74,2.6722750357531675,79632.0,-0.40771421175395517
WEN38:i1:nsga2:s60003:r3:PR1_HT1_EC0:81e09eaca11b,WEN38,1,60003,3,PR1_HT1_EC0,cf9bc95d906238978e0c5ab26a1947d4104e026d3bac972323bf05453ec86ca7,benchmark,original,No-EC,5000,planning,75,2.6825476682827905,89916.33333333334,-0.4480096501820299
WEN38:i1:nsga2:s60003:r3:PR1_HT1_EC1:e6fe7a604964,WEN38,1,60003,3,PR1_HT1_EC1,cf9bc95d906238978e0c5ab26a1947d4104e026d3bac972323bf05453ec86ca7,benchmark,original,Full,5000,planning,0,2.458425273190352,138166.3333333333,-0.0
WEN38:i1:nsga2:s60003:r3:PR1_HT1_EC1:e6fe7a604964,WEN38,1,60003,3,PR1_HT1_EC1,cf9bc95d906238978e0c5ab26a1947d4104e026d3bac972323bf05453ec86ca7,benchmark,original,Full,5000,planning,1,2.458425273190352,172072.66666666666,-0.7973068745568526
WEN38:i1:nsga2:s60003:r3:PR1_HT1_EC1:e6fe7a604964,WEN38,1,60003,3,PR1_HT1_EC1,cf9bc95d906238978e0c5ab26a1947d4104e026d3bac972323bf05453ec86ca7,benchmark,original,Full,5000,planning,2,2.4590581008485763,140461.0,-0.7973068745568526
WEN38:i1:nsga2:s60003:r3:PR1_HT1_EC1:e6fe7a604964,WEN38,1,60003,3,PR1_HT1_EC1,cf9bc95d906238978e0c5ab26a1947d4104e026d3bac972323bf05453ec86ca7,benchmark,original,Full,5000,planning,3,2.4593111697176377,137635.6666666667,-0.0
WEN38:i1:nsga2:s60003:r3:PR1_HT1_EC1:e6fe7a604964,WEN38,1,60003,3,PR1_HT1_EC1,cf9bc95d906238978e0c5ab26a1947d4104e026d3bac972323bf05453ec86ca7,benchmark,original,Full,5000,planning,4,2.459754117981281,133036.6666666667,-0.0
WEN38:i1:nsga2:s60003:r3:PR1_HT1_EC1:e6fe7a604964,WEN38,1,60003,3,PR1_HT1_EC1,cf9bc95d906238978e0c5ab26a1947d4104e026d3bac972323bf05453ec86ca7,benchmark,original,Full,5000,planning,5,2.4603610520521544,125159.66666666667,-0.0
WEN38:i1:nsga2:s60003:r3:PR1_HT1_EC1:e6fe7a604964,WEN38,1,60003,3,PR1_HT1_EC1,cf9bc95d906238978e0c5ab26a1947d4104e026d3bac972323bf05453ec86ca7,benchmark,original,Full,5000,planning,6,2.460432419097555,115272.66666666667,-0.0
WEN38:i1:nsga2:s60003:r3:PR1_HT1_EC1:e6fe7a604964,WEN38,1,60003,3,PR1_HT1_EC1,cf9bc95d906238978e0c5ab26a1947d4104e026d3bac972323bf05453ec86ca7,benchmark,original,Full,5000,planning,7,2.460491445326758,109423.66666666667,-0.0
WEN38:i1:nsga2:s60003:r3:PR1_HT1_EC1:e6fe7a604964,WEN38,1,60003,3,PR1_HT1_EC1,cf9bc95d906238978e0c5ab26a1947d4104e026d3bac972323bf05453ec86ca7,benchmark,original,Full,5000,planning,8,2.4605202460783175,104750.66666666667,-0.0
WEN38:i1:nsga2:s60003:r3:PR1_HT1_EC1:e6fe7a604964,WEN38,1,60003,3,PR1_HT1_EC1,cf9bc95d906238978e0c5ab26a1947d4104e026d3bac972323bf05453ec86ca7,benchmark,original,Full,5000,planning,9,2.4610449254636277,112292.33333333333,-0.7195878788734262
WEN38:i1:nsga2:s60003:r3:PR1_HT1_EC1:e6fe7a604964,WEN38,1,60003,3,PR1_HT1_EC1,cf9bc95d906238978e0c5ab26a1947d4104e026d3bac972323bf05453ec86ca7,benchmark,original,Full,5000,planning,10,2.461090492129017,140062.33333333334,-0.7973068745568526
WEN38:i1:nsga2:s60003:r3:PR1_HT1_EC1:e6fe7a604964,WEN38,1,60003,3,PR1_HT1_EC1,cf9bc95d906238978e0c5ab26a1947d4104e026d3bac972323bf05453ec86ca7,benchmark,original,Full,5000,planning,11,2.4611306323525275,126523.33333333334,-0.7973068745568526
WEN38:i1:nsga2:s60003:r3:PR1_HT1_EC1:e6fe7a604964,WEN38,1,60003,3,PR1_HT1_EC1,cf9bc95d906238978e0c5ab26a1947d4104e026d3bac972323bf05453ec86ca7,benchmark,original,Full,5000,planning,12,2.4616703733380874,110597.0,-0.7185178702738995
WEN38:i1:nsga2:s60003:r3:PR1_HT1_EC1:e6fe7a604964,WEN38,1,60003,3,PR1_HT1_EC1,cf9bc95d906238978e0c5ab26a1947d4104e026d3bac972323bf05453ec86ca7,benchmark,original,Full,5000,planning,13,2.4616768734579946,123520.66666666667,-0.7973068745568526
WEN38:i1:nsga2:s60003:r3:PR1_HT1_EC1:e6fe7a604964,WEN38,1,60003,3,PR1_HT1_EC1,cf9bc95d906238978e0c5ab26a1947d4104e026d3bac972323bf05453ec86ca7,benchmark,original,Full,5000,planning,14,2.461839704159016,121212.00000000001,-0.7973068745568526
WEN38:i1:nsga2:s60003:r3:PR1_HT1_EC1:e6fe7a604964,WEN38,1,60003,3,PR1_HT1_EC1,cf9bc95d906238978e0c5ab26a1947d4104e026d3bac972323bf05453ec86ca7,benchmark,original,Full,5000,planning,15,2.4618746105222993,92920.66666666666,-0.0
WEN38:i1:nsga2:s60003:r3:PR1_HT1_EC1:e6fe7a604964,WEN38,1,60003,3,PR1_HT1_EC1,cf9bc95d906238978e0c5ab26a1947d4104e026d3bac972323bf05453ec86ca7,benchmark,original,Full,5000,planning,16,2.461895106095164,106469.0,-0.7309914817424215
WEN38:i1:nsga2:s60003:r3:PR1_HT1_EC1:e6fe7a604964,WEN38,1,60003,3,PR1_HT1_EC1,cf9bc95d906238978e0c5ab26a1947d4104e026d3bac972323bf05453ec86ca7,benchmark,original,Full,5000,planning,17,2.464035031436163,89107.33333333334,-0.0
WEN38:i1:nsga2:s60003:r3:PR1_HT1_EC1:e6fe7a604964,WEN38,1,60003,3,PR1_HT1_EC1,cf9bc95d906238978e0c5ab26a1947d4104e026d3bac972323bf05453ec86ca7,benchmark,original,Full,5000,planning,18,2.464035031436163,98605.66666666667,-0.4453333333340197
WEN38:i1:nsga2:s60003:r3:PR1_HT1_EC1:e6fe7a604964,WEN38,1,60003,3,PR1_HT1_EC1,cf9bc95d906238978e0c5ab26a1947d4104e026d3bac972323bf05453ec86ca7,benchmark,original,Full,5000,planning,19,2.464234074714871,119814.66666666667,-0.7973068745568526
WEN38:i1:nsga2:s60003:r3:PR1_HT1_EC1:e6fe7a604964,WEN38,1,60003,3,PR1_HT1_EC1,cf9bc95d906238978e0c5ab26a1947d4104e026d3bac972323bf05453ec86ca7,benchmark,original,Full,5000,planning,20,2.464458702855315,117484.0,-0.7359923797066585
WEN38:i1:nsga2:s60003:r3:PR1_HT1_EC1:e6fe7a604964,WEN38,1,60003,3,PR1_HT1_EC1,cf9bc95d906238978e0c5ab26a1947d4104e026d3bac972323bf05453ec86ca7,benchmark,original,Full,5000,planning,21,2.465001185830287,101380.16666666667,-0.7274170940390832
WEN38:i1:nsga2:s60003:r3:PR1_HT1_EC1:e6fe7a604964,WEN38,1,60003,3,PR1_HT1_EC1,cf9bc95d906238978e0c5ab26a1947d4104e026d3bac972323bf05453ec86ca7,benchmark,original,Full,5000,planning,22,2.4650583219485958,117913.66666666667,-0.7973068745568526
WEN38:i1:nsga2:s60003:r3:PR1_HT1_EC1:e6fe7a604964,WEN38,1,60003,3,PR1_HT1_EC1,cf9bc95d906238978e0c5ab26a1947d4104e026d3bac972323bf05453ec86ca7,benchmark,original,Full,5000,planning,23,2.465175213077763,87991.66666666667,-0.0
WEN38:i1:nsga2:s60003:r3:PR1_HT1_EC1:e6fe7a604964,WEN38,1,60003,3,PR1_HT1_EC1,cf9bc95d906238978e0c5ab26a1947d4104e026d3bac972323bf05453ec86ca7,benchmark,original,Full,5000,planning,24,2.4652996360562582,115012.66666666667,-0.7973068745568526
WEN38:i1:nsga2:s60003:r3:PR1_HT1_EC1:e6fe7a604964,WEN38,1,60003,3,PR1_HT1_EC1,cf9bc95d906238978e0c5ab26a1947d4104e026d3bac972323bf05453ec86ca7,benchmark,original,Full,5000,planning,25,2.4684136680591147,86332.0,-0.0
WEN38:i1:nsga2:s60003:r3:PR1_HT1_EC1:e6fe7a604964,WEN38,1,60003,3,PR1_HT1_EC1,cf9bc95d906238978e0c5ab26a1947d4104e026d3bac972323bf05453ec86ca7,benchmark,original,Full,5000,planning,26,2.468478224459731,98274.00000000001,-0.4782762491813628
WEN38:i1:nsga2:s60003:r3:PR1_HT1_EC1:e6fe7a604964,WEN38,1,60003,3,PR1_HT1_EC1,cf9bc95d906238978e0c5ab26a1947d4104e026d3bac972323bf05453ec86ca7,benchmark,original,Full,5000,planning,27,2.468945613070896,100420.99999999999,-0.49336742964533187
WEN38:i1:nsga2:s60003:r3:PR1_HT1_EC1:e6fe7a604964,WEN38,1,60003,3,PR1_HT1_EC1,cf9bc95d906238978e0c5ab26a1947d4104e026d3bac972323bf05453ec86ca7,benchmark,original,Full,5000,planning,28,2.469662616797806,111491.66666666669,-0.7973068745568526
WEN38:i1:nsga2:s60003:r3:PR1_HT1_EC1:e6fe7a604964,WEN38,1,60003,3,PR1_HT1_EC1,cf9bc95d906238978e0c5ab26a1947d4104e026d3bac972323bf05453ec86ca7,benchmark,original,Full,5000,planning,29,2.471310976708807,104158.33333333334,-0.7973068745568526
WEN38:i1:nsga2:s60003:r3:PR1_HT1_EC1:e6fe7a604964,WEN38,1,60003,3,PR1_HT1_EC1,cf9bc95d906238978e0c5ab26a1947d4104e026d3bac972323bf05453ec86ca7,benchmark,original,Full,5000,planning,30,2.471348485842645,99425.0,-0.4866257062385557
WEN38:i1:nsga2:s60003:r3:PR1_HT1_EC1:e6fe7a604964,WEN38,1,60003,3,PR1_HT1_EC1,cf9bc95d906238978e0c5ab26a1947d4104e026d3bac972323bf05453ec86ca7,benchmark,original,Full,5000,planning,31,2.4744219555552682,90085.0,-0.05998356614873046
WEN38:i1:nsga2:s60003:r3:PR1_HT1_EC1:e6fe7a604964,WEN38,1,60003,3,PR1_HT1_EC1,cf9bc95d906238978e0c5ab26a1947d4104e026d3bac972323bf05453ec86ca7,benchmark,original,Full,5000,planning,32,2.4862064452443615,83131.66666666667,-0.0
WEN38:i1:nsga2:s60003:r3:PR1_HT1_EC1:e6fe7a604964,WEN38,1,60003,3,PR1_HT1_EC1,cf9bc95d906238978e0c5ab26a1947d4104e026d3bac972323bf05453ec86ca7,benchmark,original,Full,5000,planning,33,2.4873226262598838,82961.33333333334,-0.0
WEN38:i1:nsga2:s60003:r3:PR1_HT1_EC1:e6fe7a604964,WEN38,1,60003,3,PR1_HT1_EC1,cf9bc95d906238978e0c5ab26a1947d4104e026d3bac972323bf05453ec86ca7,benchmark,original,Full,5000,planning,34,2.4988975509897697,96976.33333333334,-0.15353311136004777
WEN38:i1:nsga2:s60003:r3:PR1_HT1_EC1:e6fe7a604964,WEN38,1,60003,3,PR1_HT1_EC1,cf9bc95d906238978e0c5ab26a1947d4104e026d3bac972323bf05453ec86ca7,benchmark,original,Full,5000,planning,35,2.500580754391587,93000.33333333334,-0.15353311136004777
WEN38:i1:nsga2:s60003:r3:PR1_HT1_EC1:e6fe7a604964,WEN38,1,60003,3,PR1_HT1_EC1,cf9bc95d906238978e0c5ab26a1947d4104e026d3bac972323bf05453ec86ca7,benchmark,original,Full,5000,planning,36,2.5008465233495425,87042.33333333334,-0.15353311136004777
WEN38:i1:nsga2:s60003:r3:PR1_HT1_EC1:e6fe7a604964,WEN38,1,60003,3,PR1_HT1_EC1,cf9bc95d906238978e0c5ab26a1947d4104e026d3bac972323bf05453ec86ca7,benchmark,original,Full,5000,planning,37,2.503511747305412,87504.0,-0.15975027543390752
WEN38:i1:nsga2:s60003:r3:PR1_HT1_EC1:e6fe7a604964,WEN38,1,60003,3,PR1_HT1_EC1,cf9bc95d906238978e0c5ab26a1947d4104e026d3bac972323bf05453ec86ca7,benchmark,original,Full,5000,planning,38,2.516357246951041,95014.33333333334,-0.1805157593144031
WEN38:i1:nsga2:s60003:r3:PR1_HT1_EC1:e6fe7a604964,WEN38,1,60003,3,PR1_HT1_EC1,cf9bc95d906238978e0c5ab26a1947d4104e026d3bac972323bf05453ec86ca7,benchmark,original,Full,5000,planning,39,2.51697737452014,93684.33333333333,-0.1825652018596884
WEN38:i1:nsga2:s60003:r3:PR1_HT1_EC1:e6fe7a604964,WEN38,1,60003,3,PR1_HT1_EC1,cf9bc95d906238978e0c5ab26a1947d4104e026d3bac972323bf05453ec86ca7,benchmark,original,Full,5000,planning,40,2.5170335785179274,90305.33333333334,-0.1825652018596884
WEN38:i1:nsga2:s60003:r3:PR1_HT1_EC1:e6fe7a604964,WEN38,1,60003,3,PR1_HT1_EC1,cf9bc95d906238978e0c5ab26a1947d4104e026d3bac972323bf05453ec86ca7,benchmark,original,Full,5000,planning,41,2.524330315696603,84051.66666666667,-0.15758468336025544
WEN38:i1:nsga2:s60003:r3:PR1_HT1_EC1:e6fe7a604964,WEN38,1,60003,3,PR1_HT1_EC1,cf9bc95d906238978e0c5ab26a1947d4104e026d3bac972323bf05453ec86ca7,benchmark,original,Full,5000,planning,42,2.5303886813305203,81634.66666666667,-0.05998356614873046
WEN38:i1:nsga2:s60003:r3:PR1_HT1_EC1:e6fe7a604964,WEN38,1,60003,3,PR1_HT1_EC1,cf9bc95d906238978e0c5ab26a1947d4104e026d3bac972323bf05453ec86ca7,benchmark,original,Full,5000,planning,43,2.531063129303967,74859.33333333334,-0.05998356614873046
WEN38:i1:nsga2:s60003:r3:PR1_HT1_EC1:e6fe7a604964,WEN38,1,60003,3,PR1_HT1_EC1,cf9bc95d906238978e0c5ab26a1947d4104e026d3bac972323bf05453ec86ca7,benchmark,original,Full,5000,planning,44,2.5503499995252534,97927.33333333334,-0.2798237330835036
WEN38:i1:nsga2:s60003:r3:PR1_HT1_EC1:e6fe7a604964,WEN38,1,60003,3,PR1_HT1_EC1,cf9bc95d906238978e0c5ab26a1947d4104e026d3bac972323bf05453ec86ca7,benchmark,original,Full,5000,planning,45,2.5509014105890584,93787.0,-0.2798237330835036
WEN38:i1:nsga2:s60003:r3:PR1_HT1_EC1:e6fe7a604964,WEN38,1,60003,3,PR1_HT1_EC1,cf9bc95d906238978e0c5ab26a1947d4104e026d3bac972323bf05453ec86ca7,benchmark,original,Full,5000,planning,46,2.554577605995509,85618.66666666667,-0.2798237330835036
WEN38:i1:nsga2:s60003:r3:PR1_HT1_EC1:e6fe7a604964,WEN38,1,60003,3,PR1_HT1_EC1,cf9bc95d906238978e0c5ab26a1947d4104e026d3bac972323bf05453ec86ca7,benchmark,original,Full,5000,planning,47,2.5560454113733986,81384.33333333333,-0.15758468336025544
WEN38:i1:nsga2:s60003:r3:PR1_HT1_EC1:e6fe7a604964,WEN38,1,60003,3,PR1_HT1_EC1,cf9bc95d906238978e0c5ab26a1947d4104e026d3bac972323bf05453ec86ca7,benchmark,original,Full,5000,planning,48,2.5676431215070714,92192.0,-0.3385371494669016
WEN38:i1:nsga2:s60003:r3:PR1_HT1_EC1:e6fe7a604964,WEN38,1,60003,3,PR1_HT1_EC1,cf9bc95d906238978e0c5ab26a1947d4104e026d3bac972323bf05453ec86ca7,benchmark,original,Full,5000,planning,49,2.5684479627553882,83279.00000000001,-0.15975027543390752
WEN38:i1:nsga2:s60003:r3:PR1_HT1_EC1:e6fe7a604964,WEN38,1,60003,3,PR1_HT1_EC1,cf9bc95d906238978e0c5ab26a1947d4104e026d3bac972323bf05453ec86ca7,benchmark,original,Full,5000,planning,50,2.568683411935509,98120.66666666667,-0.34591194968743366
WEN38:i1:nsga2:s60003:r3:PR1_HT1_EC1:e6fe7a604964,WEN38,1,60003,3,PR1_HT1_EC1,cf9bc95d906238978e0c5ab26a1947d4104e026d3bac972323bf05453ec86ca7,benchmark,original,Full,5000,planning,51,2.570396935115648,85595.66666666667,-0.34591194968743366
WEN38:i1:nsga2:s60003:r3:PR1_HT1_EC1:e6fe7a604964,WEN38,1,60003,3,PR1_HT1_EC1,cf9bc95d906238978e0c5ab26a1947d4104e026d3bac972323bf05453ec86ca7,benchmark,original,Full,5000,planning,52,2.571482796352665,87094.66666666667,-0.3472182596306084
WEN38:i1:nsga2:s60003:r3:PR1_HT1_EC1:e6fe7a604964,WEN38,1,60003,3,PR1_HT1_EC1,cf9bc95d906238978e0c5ab26a1947d4104e026d3bac972323bf05453ec86ca7,benchmark,original,Full,5000,planning,53,2.5727888557390832,85305.0,-0.3472182596306084
WEN38:i1:nsga2:s60003:r3:PR1_HT1_EC1:e6fe7a604964,WEN38,1,60003,3,PR1_HT1_EC1,cf9bc95d906238978e0c5ab26a1947d4104e026d3bac972323bf05453ec86ca7,benchmark,original,Full,5000,planning,54,2.5790814022623505,97885.66666666666,-0.3527581329581153
WEN38:i1:nsga2:s60003:r3:PR1_HT1_EC1:e6fe7a604964,WEN38,1,60003,3,PR1_HT1_EC1,cf9bc95d906238978e0c5ab26a1947d4104e026d3bac972323bf05453ec86ca7,benchmark,original,Full,5000,planning,55,2.5808732995419437,94191.33333333334,-0.3527581329581153
WEN38:i1:nsga2:s60003:r3:PR1_HT1_EC1:e6fe7a604964,WEN38,1,60003,3,PR1_HT1_EC1,cf9bc95d906238978e0c5ab26a1947d4104e026d3bac972323bf05453ec86ca7,benchmark,original,Full,5000,planning,56,2.582179358928362,91721.0,-0.3527581329581153
WEN38:i1:nsga2:s60003:r3:PR1_HT1_EC1:e6fe7a604964,WEN38,1,60003,3,PR1_HT1_EC1,cf9bc95d906238978e0c5ab26a1947d4104e026d3bac972323bf05453ec86ca7,benchmark,original,Full,5000,planning,57,2.5830148845213516,78040.66666666667,-0.2798237330835036
WEN38:i1:nsga2:s60003:r3:PR1_HT1_EC1:e6fe7a604964,WEN38,1,60003,3,PR1_HT1_EC1,cf9bc95d906238978e0c5ab26a1947d4104e026d3bac972323bf05453ec86ca7,benchmark,original,Full,5000,planning,58,2.5830349356773175,75040.66666666667,-0.2798237330835036
WEN38:i1:nsga2:s60003:r3:PR1_HT1_EC1:e6fe7a604964,WEN38,1,60003,3,PR1_HT1_EC1,cf9bc95d906238978e0c5ab26a1947d4104e026d3bac972323bf05453ec86ca7,benchmark,original,Full,5000,planning,59,2.5936074241305103,75821.66666666667,-0.34591194968743366
WEN38:i1:nsga2:s60003:r3:PR1_HT1_EC1:e6fe7a604964,WEN38,1,60003,3,PR1_HT1_EC1,cf9bc95d906238978e0c5ab26a1947d4104e026d3bac972323bf05453ec86ca7,benchmark,original,Full,5000,planning,60,2.596080400032914,95522.66666666667,-0.3947089947105269
WEN38:i1:nsga2:s60003:r3:PR1_HT1_EC1:e6fe7a604964,WEN38,1,60003,3,PR1_HT1_EC1,cf9bc95d906238978e0c5ab26a1947d4104e026d3bac972323bf05453ec86ca7,benchmark,original,Full,5000,planning,61,2.59772076687413,97462.33333333334,-0.39582783205878513
WEN38:i1:nsga2:s60003:r3:PR1_HT1_EC1:e6fe7a604964,WEN38,1,60003,3,PR1_HT1_EC1,cf9bc95d906238978e0c5ab26a1947d4104e026d3bac972323bf05453ec86ca7,benchmark,original,Full,5000,planning,62,2.5983912653774657,96989.33333333334,-0.39582783205878513
WEN38:i1:nsga2:s60003:r3:PR1_HT1_EC1:e6fe7a604964,WEN38,1,60003,3,PR1_HT1_EC1,cf9bc95d906238978e0c5ab26a1947d4104e026d3bac972323bf05453ec86ca7,benchmark,original,Full,5000,planning,63,2.610616637454145,93654.5,-0.4066390041507475
WEN38:i1:nsga2:s60003:r3:PR1_HT1_EC1:e6fe7a604964,WEN38,1,60003,3,PR1_HT1_EC1,cf9bc95d906238978e0c5ab26a1947d4104e026d3bac972323bf05453ec86ca7,benchmark,original,Full,5000,planning,64,2.6144642112399614,85123.66666666667,-0.3472182596306084
WEN38:i1:nsga2:s60003:r3:PR1_HT1_EC1:e6fe7a604964,WEN38,1,60003,3,PR1_HT1_EC1,cf9bc95d906238978e0c5ab26a1947d4104e026d3bac972323bf05453ec86ca7,benchmark,original,Full,5000,planning,65,2.6248795715436635,73544.33333333334,-0.34591194968743366
WEN38:i1:nsga2:s60003:r3:PR1_HT1_EC1:e6fe7a604964,WEN38,1,60003,3,PR1_HT1_EC1,cf9bc95d906238978e0c5ab26a1947d4104e026d3bac972323bf05453ec86ca7,benchmark,original,Full,5000,planning,66,2.6253225198073062,72816.33333333334,-0.34591194968743366
WEN38:i1:nsga2:s60003:r3:PR1_HT1_EC1:e6fe7a604964,WEN38,1,60003,3,PR1_HT1_EC1,cf9bc95d906238978e0c5ab26a1947d4104e026d3bac972323bf05453ec86ca7,benchmark,original,Full,5000,planning,67,2.629921647375194,97859.66666666667,-0.40771421175395517
WEN38:i1:nsga2:s60003:r3:PR1_HT1_EC1:e6fe7a604964,WEN38,1,60003,3,PR1_HT1_EC1,cf9bc95d906238978e0c5ab26a1947d4104e026d3bac972323bf05453ec86ca7,benchmark,original,Full,5000,planning,68,2.6405344204233763,89526.33333333333,-0.3527581329581153
WEN38:i1:nsga2:s60003:r3:PR1_HT1_EC1:e6fe7a604964,WEN38,1,60003,3,PR1_HT1_EC1,cf9bc95d906238978e0c5ab26a1947d4104e026d3bac972323bf05453ec86ca7,benchmark,original,Full,5000,planning,69,2.645986694297317,94541.33333333334,-0.40771421175395517
WEN38:i1:nsga2:s60003:r3:PR1_HT1_EC1:e6fe7a604964,WEN38,1,60003,3,PR1_HT1_EC1,cf9bc95d906238978e0c5ab26a1947d4104e026d3bac972323bf05453ec86ca7,benchmark,original,Full,5000,planning,70,2.646491679622299,98168.66666666667,-0.4349222030141391
WEN38:i1:nsga2:s60003:r3:PR1_HT1_EC1:e6fe7a604964,WEN38,1,60003,3,PR1_HT1_EC1,cf9bc95d906238978e0c5ab26a1947d4104e026d3bac972323bf05453ec86ca7,benchmark,original,Full,5000,planning,71,2.6470269847255503,89021.33333333334,-0.4349222030141391
WEN38:i1:nsga2:s60003:r3:PR1_HT1_EC1:e6fe7a604964,WEN38,1,60003,3,PR1_HT1_EC1,cf9bc95d906238978e0c5ab26a1947d4104e026d3bac972323bf05453ec86ca7,benchmark,original,Full,5000,planning,72,2.655885949998397,93839.0,-0.4453333333340197
WEN38:i1:nsga2:s60003:r3:PR1_HT1_EC1:e6fe7a604964,WEN38,1,60003,3,PR1_HT1_EC1,cf9bc95d906238978e0c5ab26a1947d4104e026d3bac972323bf05453ec86ca7,benchmark,original,Full,5000,planning,73,2.6575033491520204,79330.33333333334,-0.4066390041507475
WEN38:i1:nsga2:s60003:r3:PR1_HT1_EC1:e6fe7a604964,WEN38,1,60003,3,PR1_HT1_EC1,cf9bc95d906238978e0c5ab26a1947d4104e026d3bac972323bf05453ec86ca7,benchmark,original,Full,5000,planning,74,2.6722750357531675,79632.0,-0.40771421175395517
WEN38:i1:nsga2:s60003:r3:PR1_HT1_EC1:e6fe7a604964,WEN38,1,60003,3,PR1_HT1_EC1,cf9bc95d906238978e0c5ab26a1947d4104e026d3bac972323bf05453ec86ca7,benchmark,original,Full,5000,planning,75,2.6825476682827905,89916.33333333334,-0.4480096501820299
WEN38:i1:nsga2:s60004:r4:PR0_HT1_EC1:5cf91a1f9acc,WEN38,1,60004,4,PR0_HT1_EC1,cf9bc95d906238978e0c5ab26a1947d4104e026d3bac972323bf05453ec86ca7,benchmark,original,No-PR,5000,planning,0,2.46002620341101,144998.0,-0.0
WEN38:i1:nsga2:s60004:r4:PR0_HT1_EC1:5cf91a1f9acc,WEN38,1,60004,4,PR0_HT1_EC1,cf9bc95d906238978e0c5ab26a1947d4104e026d3bac972323bf05453ec86ca7,benchmark,original,No-PR,5000,planning,1,2.4604227953636073,141096.0,-0.0
WEN38:i1:nsga2:s60004:r4:PR0_HT1_EC1:5cf91a1f9acc,WEN38,1,60004,4,PR0_HT1_EC1,cf9bc95d906238978e0c5ab26a1947d4104e026d3bac972323bf05453ec86ca7,benchmark,original,No-PR,5000,planning,2,2.4607362694223793,131246.0,-0.0
WEN38:i1:nsga2:s60004:r4:PR0_HT1_EC1:5cf91a1f9acc,WEN38,1,60004,4,PR0_HT1_EC1,cf9bc95d906238978e0c5ab26a1947d4104e026d3bac972323bf05453ec86ca7,benchmark,original,No-PR,5000,planning,3,2.46147096541499,112740.0,-0.0
WEN38:i1:nsga2:s60004:r4:PR0_HT1_EC1:5cf91a1f9acc,WEN38,1,60004,4,PR0_HT1_EC1,cf9bc95d906238978e0c5ab26a1947d4104e026d3bac972323bf05453ec86ca7,benchmark,original,No-PR,5000,planning,4,2.4622473033053787,109189.0,-0.0
WEN38:i1:nsga2:s60004:r4:PR0_HT1_EC1:5cf91a1f9acc,WEN38,1,60004,4,PR0_HT1_EC1,cf9bc95d906238978e0c5ab26a1947d4104e026d3bac972323bf05453ec86ca7,benchmark,original,No-PR,5000,planning,5,2.463139716941729,76332.0,-0.0
WEN38:i1:nsga2:s60004:r4:PR0_HT1_EC1:5cf91a1f9acc,WEN38,1,60004,4,PR0_HT1_EC1,cf9bc95d906238978e0c5ab26a1947d4104e026d3bac972323bf05453ec86ca7,benchmark,original,No-PR,5000,planning,6,2.4746250069328006,117723.0,-0.039462636443204246
WEN38:i1:nsga2:s60004:r4:PR0_HT1_EC1:5cf91a1f9acc,WEN38,1,60004,4,PR0_HT1_EC1,cf9bc95d906238978e0c5ab26a1947d4104e026d3bac972323bf05453ec86ca7,benchmark,original,No-PR,5000,planning,7,2.4750439562022883,120324.0,-0.044676409188468824
WEN38:i1:nsga2:s60004:r4:PR0_HT1_EC1:5cf91a1f9acc,WEN38,1,60004,4,PR0_HT1_EC1,cf9bc95d906238978e0c5ab26a1947d4104e026d3bac972323bf05453ec86ca7,benchmark,original,No-PR,5000,planning,8,2.475927838617874,116925.0,-0.039462636443204246
WEN38:i1:nsga2:s60004:r4:PR0_HT1_EC1:5cf91a1f9acc,WEN38,1,60004,4,PR0_HT1_EC1,cf9bc95d906238978e0c5ab26a1947d4104e026d3bac972323bf05453ec86ca7,benchmark,original,No-PR,5000,planning,9,2.475968583361608,110806.0,-0.044676409188468824
WEN38:i1:nsga2:s60004:r4:PR0_HT1_EC1:5cf91a1f9acc,WEN38,1,60004,4,PR0_HT1_EC1,cf9bc95d906238978e0c5ab26a1947d4104e026d3bac972323bf05453ec86ca7,benchmark,original,No-PR,5000,planning,10,2.5033388622528165,108005.0,-0.14114114114272525
WEN38:i1:nsga2:s60004:r4:PR0_HT1_EC1:5cf91a1f9acc,WEN38,1,60004,4,PR0_HT1_EC1,cf9bc95d906238978e0c5ab26a1947d4104e026d3bac972323bf05453ec86ca7,benchmark,original,No-PR,5000,planning,11,2.50493736338956,120380.0,-0.15975027543390752
WEN38:i1:nsga2:s60004:r4:PR0_HT1_EC1:5cf91a1f9acc,WEN38,1,60004,4,PR0_HT1_EC1,cf9bc95d906238978e0c5ab26a1947d4104e026d3bac972323bf05453ec86ca7,benchmark,original,No-PR,5000,planning,12,2.507119319557731,113014.5,-0.15975027543390752
WEN38:i1:nsga2:s60004:r4:PR0_HT1_EC1:5cf91a1f9acc,WEN38,1,60004,4,PR0_HT1_EC1,cf9bc95d906238978e0c5ab26a1947d4104e026d3bac972323bf05453ec86ca7,benchmark,original,No-PR,5000,planning,13,2.508031300382897,111742.0,-0.15975027543390752
WEN38:i1:nsga2:s60004:r4:PR0_HT1_EC1:5cf91a1f9acc,WEN38,1,60004,4,PR0_HT1_EC1,cf9bc95d906238978e0c5ab26a1947d4104e026d3bac972323bf05453ec86ca7,benchmark,original,No-PR,5000,planning,14,2.530542125423402,95050.0,-0.23350083752302453
WEN38:i1:nsga2:s60004:r4:PR0_HT1_EC1:5cf91a1f9acc,WEN38,1,60004,4,PR0_HT1_EC1,cf9bc95d906238978e0c5ab26a1947d4104e026d3bac972323bf05453ec86ca7,benchmark,original,No-PR,5000,planning,15,2.5332109455248677,110228.0,-0.2428855062889852
WEN38:i1:nsga2:s60004:r4:PR0_HT1_EC1:5cf91a1f9acc,WEN38,1,60004,4,PR0_HT1_EC1,cf9bc95d906238978e0c5ab26a1947d4104e026d3bac972323bf05453ec86ca7,benchmark,original,No-PR,5000,planning,16,2.5542432985405608,103450.0,-0.24338624338815862
WEN38:i1:nsga2:s60004:r4:PR0_HT1_EC1:5cf91a1f9acc,WEN38,1,60004,4,PR0_HT1_EC1,cf9bc95d906238978e0c5ab26a1947d4104e026d3bac972323bf05453ec86ca7,benchmark,original,No-PR,5000,planning,17,2.5598562472287743,119528.0,-0.3155848040687488
WEN38:i1:nsga2:s60004:r4:PR0_HT1_EC1:5cf91a1f9acc,WEN38,1,60004,4,PR0_HT1_EC1,cf9bc95d906238978e0c5ab26a1947d4104e026d3bac972323bf05453ec86ca7,benchmark,original,No-PR,5000,planning,18,2.5616482240504013,115150.0,-0.3155848040687488
WEN38:i1:nsga2:s60004:r4:PR0_HT1_EC1:5cf91a1f9acc,WEN38,1,60004,4,PR0_HT1_EC1,cf9bc95d906238978e0c5ab26a1947d4104e026d3bac972323bf05453ec86ca7,benchmark,original,No-PR,5000,planning,19,2.5618526926133542,112520.0,-0.3155848040687488
WEN38:i1:nsga2:s60004:r4:PR0_HT1_EC1:5cf91a1f9acc,WEN38,1,60004,4,PR0_HT1_EC1,cf9bc95d906238978e0c5ab26a1947d4104e026d3bac972323bf05453ec86ca7,benchmark,original,No-PR,5000,planning,20,2.5914509526865235,92949.0,-0.15975027543390752
WEN38:i1:nsga2:s60004:r4:PR0_HT1_EC1:5cf91a1f9acc,WEN38,1,60004,4,PR0_HT1_EC1,cf9bc95d906238978e0c5ab26a1947d4104e026d3bac972323bf05453ec86ca7,benchmark,original,No-PR,5000,planning,21,2.5925378468624833,119664.5,-0.39019189765622286
WEN38:i1:nsga2:s60004:r4:PR0_HT1_EC1:5cf91a1f9acc,WEN38,1,60004,4,PR0_HT1_EC1,cf9bc95d906238978e0c5ab26a1947d4104e026d3bac972323bf05453ec86ca7,benchmark,original,No-PR,5000,planning,22,2.5962347939338617,89707.0,-0.25326370757375116
WEN38:i1:nsga2:s60004:r4:PR0_HT1_EC1:5cf91a1f9acc,WEN38,1,60004,4,PR0_HT1_EC1,cf9bc95d906238978e0c5ab26a1947d4104e026d3bac972323bf05453ec86ca7,benchmark,original,No-PR,5000,planning,23,2.629161526280794,101647.5,-0.27640733712996735
WEN38:i1:nsga2:s60004:r4:PR0_HT1_EC1:5cf91a1f9acc,WEN38,1,60004,4,PR0_HT1_EC1,cf9bc95d906238978e0c5ab26a1947d4104e026d3bac972323bf05453ec86ca7,benchmark,original,No-PR,5000,planning,24,2.6339405674029175,73840.0,-0.0
WEN38:i1:nsga2:s60004:r4:PR0_HT1_EC1:5cf91a1f9acc,WEN38,1,60004,4,PR0_HT1_EC1,cf9bc95d906238978e0c5ab26a1947d4104e026d3bac972323bf05453ec86ca7,benchmark,original,No-PR,5000,planning,25,2.6356522069895867,99428.0,-0.27640733712996735
WEN38:i1:nsga2:s60004:r4:PR0_HT1_EC1:5cf91a1f9acc,WEN38,1,60004,4,PR0_HT1_EC1,cf9bc95d906238978e0c5ab26a1947d4104e026d3bac972323bf05453ec86ca7,benchmark,original,No-PR,5000,planning,26,2.639643723770816,94770.0,-0.3512900482010082
WEN38:i1:nsga2:s60004:r4:PR0_HT1_EC1:5cf91a1f9acc,WEN38,1,60004,4,PR0_HT1_EC1,cf9bc95d906238978e0c5ab26a1947d4104e026d3bac972323bf05453ec86ca7,benchmark,original,No-PR,5000,planning,27,2.6405296202981026,90686.0,-0.3512900482010082
WEN38:i1:nsga2:s60004:r4:PR0_HT1_EC1:5cf91a1f9acc,WEN38,1,60004,4,PR0_HT1_EC1,cf9bc95d906238978e0c5ab26a1947d4104e026d3bac972323bf05453ec86ca7,benchmark,original,No-PR,5000,planning,28,2.6528435820276486,88428.0,-0.33313902652480465
WEN38:i1:nsga2:s60004:r4:PR0_HT1_EC1:5cf91a1f9acc,WEN38,1,60004,4,PR0_HT1_EC1,cf9bc95d906238978e0c5ab26a1947d4104e026d3bac972323bf05453ec86ca7,benchmark,original,No-PR,5000,planning,29,2.6541390082250116,71017.0,-0.0
WEN38:i1:nsga2:s60004:r4:PR0_HT1_EC1:5cf91a1f9acc,WEN38,1,60004,4,PR0_HT1_EC1,cf9bc95d906238978e0c5ab26a1947d4104e026d3bac972323bf05453ec86ca7,benchmark,original,No-PR,5000,planning,30,2.657273064663893,81262.0,-0.39582783205878513
WEN38:i1:nsga2:s60004:r4:PR0_HT1_EC1:5cf91a1f9acc,WEN38,1,60004,4,PR0_HT1_EC1,cf9bc95d906238978e0c5ab26a1947d4104e026d3bac972323bf05453ec86ca7,benchmark,original,No-PR,5000,planning,31,2.692615353694001,107097.5,-0.45354669214339083
WEN38:i1:nsga2:s60004:r4:PR0_HT1_EC1:5cf91a1f9acc,WEN38,1,60004,4,PR0_HT1_EC1,cf9bc95d906238978e0c5ab26a1947d4104e026d3bac972323bf05453ec86ca7,benchmark,original,No-PR,5000,planning,32,2.6935062326298373,70162.0,-0.0
WEN38:i1:nsga2:s60004:r4:PR0_HT1_EC1:5cf91a1f9acc,WEN38,1,60004,4,PR0_HT1_EC1,cf9bc95d906238978e0c5ab26a1947d4104e026d3bac972323bf05453ec86ca7,benchmark,original,No-PR,5000,planning,33,2.696341101517043,96861.0,-0.4066390041507475
WEN38:i1:nsga2:s60004:r4:PR0_HT1_EC1:5cf91a1f9acc,WEN38,1,60004,4,PR0_HT1_EC1,cf9bc95d906238978e0c5ab26a1947d4104e026d3bac972323bf05453ec86ca7,benchmark,original,No-PR,5000,planning,34,2.714054049654294,92772.0,-0.4430379746845574
WEN38:i1:nsga2:s60004:r4:PR0_HT1_EC1:5cf91a1f9acc,WEN38,1,60004,4,PR0_HT1_EC1,cf9bc95d906238978e0c5ab26a1947d4104e026d3bac972323bf05453ec86ca7,benchmark,original,No-PR,5000,planning,35,2.71414762171547,80499.0,-0.4430379746845574
WEN38:i1:nsga2:s60004:r4:PR0_HT1_EC1:5cf91a1f9acc,WEN38,1,60004,4,PR0_HT1_EC1,cf9bc95d906238978e0c5ab26a1947d4104e026d3bac972323bf05453ec86ca7,benchmark,original,No-PR,5000,planning,36,2.716865282481688,67834.0,-0.0
WEN38:i1:nsga2:s60004:r4:PR0_HT1_EC1:5cf91a1f9acc,WEN38,1,60004,4,PR0_HT1_EC1,cf9bc95d906238978e0c5ab26a1947d4104e026d3bac972323bf05453ec86ca7,benchmark,original,No-PR,5000,planning,37,2.718842873312473,78003.0,-0.19464977120969706
WEN38:i1:nsga2:s60004:r4:PR0_HT1_EC1:5cf91a1f9acc,WEN38,1,60004,4,PR0_HT1_EC1,cf9bc95d906238978e0c5ab26a1947d4104e026d3bac972323bf05453ec86ca7,benchmark,original,No-PR,5000,planning,38,2.737264538669155,100285.0,-0.476430205950237
WEN38:i1:nsga2:s60004:r4:PR0_HT1_EC1:5cf91a1f9acc,WEN38,1,60004,4,PR0_HT1_EC1,cf9bc95d906238978e0c5ab26a1947d4104e026d3bac972323bf05453ec86ca7,benchmark,original,No-PR,5000,planning,39,2.7455768972778225,87919.0,-0.4433090024340345
WEN38:i1:nsga2:s60004:r4:PR0_HT1_EC1:5cf91a1f9acc,WEN38,1,60004,4,PR0_HT1_EC1,cf9bc95d906238978e0c5ab26a1947d4104e026d3bac972323bf05453ec86ca7,benchmark,original,No-PR,5000,planning,40,2.748697586279577,85115.0,-0.492457852707048
WEN38:i1:nsga2:s60004:r4:PR0_HT1_EC1:5cf91a1f9acc,WEN38,1,60004,4,PR0_HT1_EC1,cf9bc95d906238978e0c5ab26a1947d4104e026d3bac972323bf05453ec86ca7,benchmark,original,No-PR,5000,planning,41,2.750613140046327,110862.0,-0.4932447397568467
WEN38:i1:nsga2:s60004:r4:PR0_HT1_EC1:5cf91a1f9acc,WEN38,1,60004,4,PR0_HT1_EC1,cf9bc95d906238978e0c5ab26a1947d4104e026d3bac972323bf05453ec86ca7,benchmark,original,No-PR,5000,planning,42,2.7525955309996295,90714.0,-0.4932447397568467
WEN38:i1:nsga2:s60004:r4:PR0_HT1_EC1:5cf91a1f9acc,WEN38,1,60004,4,PR0_HT1_EC1,cf9bc95d906238978e0c5ab26a1947d4104e026d3bac972323bf05453ec86ca7,benchmark,original,No-PR,5000,planning,43,2.753481427526915,89105.0,-0.4932447397568467
WEN38:i1:nsga2:s60004:r4:PR0_HT1_EC1:5cf91a1f9acc,WEN38,1,60004,4,PR0_HT1_EC1,cf9bc95d906238978e0c5ab26a1947d4104e026d3bac972323bf05453ec86ca7,benchmark,original,No-PR,5000,planning,44,2.7733205273296475,112205.0,-0.5210383085623107
WEN38:i1:nsga2:s60004:r4:PR0_HT1_EC1:5cf91a1f9acc,WEN38,1,60004,4,PR0_HT1_EC1,cf9bc95d906238978e0c5ab26a1947d4104e026d3bac972323bf05453ec86ca7,benchmark,original,No-PR,5000,planning,45,2.7777549923745184,86770.0,-0.5268817204305378
WEN38:i1:nsga2:s60004:r4:PR0_HT1_EC1:5cf91a1f9acc,WEN38,1,60004,4,PR0_HT1_EC1,cf9bc95d906238978e0c5ab26a1947d4104e026d3bac972323bf05453ec86ca7,benchmark,original,No-PR,5000,planning,46,2.801388378497057,110380.5,-0.5511965476662226
WEN38:i1:nsga2:s60004:r4:PR0_HT1_EC1:5cf91a1f9acc,WEN38,1,60004,4,PR0_HT1_EC1,cf9bc95d906238978e0c5ab26a1947d4104e026d3bac972323bf05453ec86ca7,benchmark,original,No-PR,5000,planning,47,2.801408429653023,102949.0,-0.5511965476662226
WEN38:i1:nsga2:s60004:r4:PR0_HT1_EC1:5cf91a1f9acc,WEN38,1,60004,4,PR0_HT1_EC1,cf9bc95d906238978e0c5ab26a1947d4104e026d3bac972323bf05453ec86ca7,benchmark,original,No-PR,5000,planning,48,2.8017578058554893,99161.5,-0.5511965476662226
WEN38:i1:nsga2:s60004:r4:PR0_HT1_EC1:5cf91a1f9acc,WEN38,1,60004,4,PR0_HT1_EC1,cf9bc95d906238978e0c5ab26a1947d4104e026d3bac972323bf05453ec86ca7,benchmark,original,No-PR,5000,planning,49,2.801851377916666,90095.0,-0.5511965476662226
WEN38:i1:nsga2:s60004:r4:PR0_HT1_EC1:5cf91a1f9acc,WEN38,1,60004,4,PR0_HT1_EC1,cf9bc95d906238978e0c5ab26a1947d4104e026d3bac972323bf05453ec86ca7,benchmark,original,No-PR,5000,planning,50,2.8064246212673662,72696.0,-0.05998356614873046
WEN38:i1:nsga2:s60004:r4:PR0_HT1_EC1:5cf91a1f9acc,WEN38,1,60004,4,PR0_HT1_EC1,cf9bc95d906238978e0c5ab26a1947d4104e026d3bac972323bf05453ec86ca7,benchmark,original,No-PR,5000,planning,51,2.8203331967439516,64909.0,-0.0
WEN38:i1:nsga2:s60004:r4:PR0_HT1_EC1:5cf91a1f9acc,WEN38,1,60004,4,PR0_HT1_EC1,cf9bc95d906238978e0c5ab26a1947d4104e026d3bac972323bf05453ec86ca7,benchmark,original,No-PR,5000,planning,52,2.820953324314212,77141.0,-0.06267922982624441
WEN38:i1:nsga2:s60004:r4:PR0_HT1_EC1:5cf91a1f9acc,WEN38,1,60004,4,PR0_HT1_EC1,cf9bc95d906238978e0c5ab26a1947d4104e026d3bac972323bf05453ec86ca7,benchmark,original,No-PR,5000,planning,53,2.823644432489541,76067.0,-0.06267922982624441
WEN38:i1:nsga2:s60004:r4:PR0_HT1_EC1:5cf91a1f9acc,WEN38,1,60004,4,PR0_HT1_EC1,cf9bc95d906238978e0c5ab26a1947d4104e026d3bac972323bf05453ec86ca7,benchmark,original,No-PR,5000,planning,54,2.875912327599929,75820.0,-0.17161477190711594
WEN38:i1:nsga2:s60004:r4:PR0_HT1_EC1:5cf91a1f9acc,WEN38,1,60004,4,PR0_HT1_EC1,cf9bc95d906238978e0c5ab26a1947d4104e026d3bac972323bf05453ec86ca7,benchmark,original,No-PR,5000,planning,55,2.891116329275942,76323.0,-0.2780056800274906
WEN38:i1:nsga2:s60004:r4:PR0_HT1_EC1:5cf91a1f9acc,WEN38,1,60004,4,PR0_HT1_EC1,cf9bc95d906238978e0c5ab26a1947d4104e026d3bac972323bf05453ec86ca7,benchmark,original,No-PR,5000,planning,56,2.9294756489063234,62251.0,-0.0
WEN38:i1:nsga2:s60004:r4:PR0_HT1_EC1:5cf91a1f9acc,WEN38,1,60004,4,PR0_HT1_EC1,cf9bc95d906238978e0c5ab26a1947d4104e026d3bac972323bf05453ec86ca7,benchmark,original,No-PR,5000,planning,57,2.9424097382050993,70444.0,-0.05998356614873046
WEN38:i1:nsga2:s60004:r4:PR0_HT1_EC1:5cf91a1f9acc,WEN38,1,60004,4,PR0_HT1_EC1,cf9bc95d906238978e0c5ab26a1947d4104e026d3bac972323bf05453ec86ca7,benchmark,original,No-PR,5000,planning,58,2.9434728140384046,74519.0,-0.27640733712996735
WEN38:i1:nsga2:s60004:r4:PR0_HT1_EC1:5cf91a1f9acc,WEN38,1,60004,4,PR0_HT1_EC1,cf9bc95d906238978e0c5ab26a1947d4104e026d3bac972323bf05453ec86ca7,benchmark,original,No-PR,5000,planning,59,2.954635110281733,74067.0,-0.27640733712996735
WEN38:i1:nsga2:s60004:r4:PR0_HT1_EC1:5cf91a1f9acc,WEN38,1,60004,4,PR0_HT1_EC1,cf9bc95d906238978e0c5ab26a1947d4104e026d3bac972323bf05453ec86ca7,benchmark,original,No-PR,5000,planning,60,2.9585330550012774,62187.0,-0.0
WEN38:i1:nsga2:s60004:r4:PR0_HT1_EC1:5cf91a1f9acc,WEN38,1,60004,4,PR0_HT1_EC1,cf9bc95d906238978e0c5ab26a1947d4104e026d3bac972323bf05453ec86ca7,benchmark,original,No-PR,5000,planning,61,2.997069553937857,65107.0,-0.19464977120878757
WEN38:i1:nsga2:s60004:r4:PR0_HT1_EC1:5cf91a1f9acc,WEN38,1,60004,4,PR0_HT1_EC1,cf9bc95d906238978e0c5ab26a1947d4104e026d3bac972323bf05453ec86ca7,benchmark,original,No-PR,5000,planning,62,3.0069030053915373,71457.0,-0.27640733712996735
WEN38:i1:nsga2:s60004:r4:PR0_HT1_EC1:5cf91a1f9acc,WEN38,1,60004,4,PR0_HT1_EC1,cf9bc95d906238978e0c5ab26a1947d4104e026d3bac972323bf05453ec86ca7,benchmark,original,No-PR,5000,planning,63,3.1289243757915823,79335.0,-0.3444126074509768
WEN38:i1:nsga2:s60004:r4:PR0_HT1_EC1:5cf91a1f9acc,WEN38,1,60004,4,PR0_HT1_EC1,cf9bc95d906238978e0c5ab26a1947d4104e026d3bac972323bf05453ec86ca7,benchmark,original,No-PR,5000,planning,64,3.1606394714683788,74073.0,-0.3444126074509768
WEN38:i1:nsga2:s60004:r4:PR1_HT0_EC1:3c278f15c52c,WEN38,1,60004,4,PR1_HT0_EC1,cf9bc95d906238978e0c5ab26a1947d4104e026d3bac972323bf05453ec86ca7,benchmark,original,No-HT,5000,planning,0,2.460186152474119,143416.5,-0.0
WEN38:i1:nsga2:s60004:r4:PR1_HT0_EC1:3c278f15c52c,WEN38,1,60004,4,PR1_HT0_EC1,cf9bc95d906238978e0c5ab26a1947d4104e026d3bac972323bf05453ec86ca7,benchmark,original,No-HT,5000,planning,1,2.460810459958177,139939.5,-0.0
WEN38:i1:nsga2:s60004:r4:PR1_HT0_EC1:3c278f15c52c,WEN38,1,60004,4,PR1_HT0_EC1,cf9bc95d906238978e0c5ab26a1947d4104e026d3bac972323bf05453ec86ca7,benchmark,original,No-HT,5000,planning,2,2.461106955054082,113944.66666666667,-0.0
WEN38:i1:nsga2:s60004:r4:PR1_HT0_EC1:3c278f15c52c,WEN38,1,60004,4,PR1_HT0_EC1,cf9bc95d906238978e0c5ab26a1947d4104e026d3bac972323bf05453ec86ca7,benchmark,original,No-HT,5000,planning,3,2.463853234289268,105217.0,-0.0
WEN38:i1:nsga2:s60004:r4:PR1_HT0_EC1:3c278f15c52c,WEN38,1,60004,4,PR1_HT0_EC1,cf9bc95d906238978e0c5ab26a1947d4104e026d3bac972323bf05453ec86ca7,benchmark,original,No-HT,5000,planning,4,2.4638818527567556,99631.0,-0.0
WEN38:i1:nsga2:s60004:r4:PR1_HT0_EC1:3c278f15c52c,WEN38,1,60004,4,PR1_HT0_EC1,cf9bc95d906238978e0c5ab26a1947d4104e026d3bac972323bf05453ec86ca7,benchmark,original,No-HT,5000,planning,5,2.4643248010205117,96263.0,-0.0
WEN38:i1:nsga2:s60004:r4:PR1_HT0_EC1:3c278f15c52c,WEN38,1,60004,4,PR1_HT0_EC1,cf9bc95d906238978e0c5ab26a1947d4104e026d3bac972323bf05453ec86ca7,benchmark,original,No-HT,5000,planning,6,2.4653644538554333,134605.33333333334,-0.5222139713832803
WEN38:i1:nsga2:s60004:r4:PR1_HT0_EC1:3c278f15c52c,WEN38,1,60004,4,PR1_HT0_EC1,cf9bc95d906238978e0c5ab26a1947d4104e026d3bac972323bf05453ec86ca7,benchmark,original,No-HT,5000,planning,7,2.4657932516784618,122530.66666666667,-0.5235285476528588
WEN38:i1:nsga2:s60004:r4:PR1_HT0_EC1:3c278f15c52c,WEN38,1,60004,4,PR1_HT0_EC1,cf9bc95d906238978e0c5ab26a1947d4104e026d3bac972323bf05453ec86ca7,benchmark,original,No-HT,5000,planning,8,2.466031120474301,125389.66666666666,-0.5281327783941379
WEN38:i1:nsga2:s60004:r4:PR1_HT0_EC1:3c278f15c52c,WEN38,1,60004,4,PR1_HT0_EC1,cf9bc95d906238978e0c5ab26a1947d4104e026d3bac972323bf05453ec86ca7,benchmark,original,No-HT,5000,planning,9,2.466116260341143,121810.0,-0.5373200344165525
WEN38:i1:nsga2:s60004:r4:PR1_HT0_EC1:3c278f15c52c,WEN38,1,60004,4,PR1_HT0_EC1,cf9bc95d906238978e0c5ab26a1947d4104e026d3bac972323bf05453ec86ca7,benchmark,original,No-HT,5000,planning,10,2.466165096783096,123777.33333333334,-0.7129343527976744
WEN38:i1:nsga2:s60004:r4:PR1_HT0_EC1:3c278f15c52c,WEN38,1,60004,4,PR1_HT0_EC1,cf9bc95d906238978e0c5ab26a1947d4104e026d3bac972323bf05453ec86ca7,benchmark,original,No-HT,5000,planning,11,2.467868387130138,95518.33333333334,-0.0
WEN38:i1:nsga2:s60004:r4:PR1_HT0_EC1:3c278f15c52c,WEN38,1,60004,4,PR1_HT0_EC1,cf9bc95d906238978e0c5ab26a1947d4104e026d3bac972323bf05453ec86ca7,benchmark,original,No-HT,5000,planning,12,2.468832762540989,122622.83333333334,-0.5378237251297833
WEN38:i1:nsga2:s60004:r4:PR1_HT0_EC1:3c278f15c52c,WEN38,1,60004,4,PR1_HT0_EC1,cf9bc95d906238978e0c5ab26a1947d4104e026d3bac972323bf05453ec86ca7,benchmark,original,No-HT,5000,planning,13,2.469538327424643,120295.33333333333,-0.533325929152852
WEN38:i1:nsga2:s60004:r4:PR1_HT0_EC1:3c278f15c52c,WEN38,1,60004,4,PR1_HT0_EC1,cf9bc95d906238978e0c5ab26a1947d4104e026d3bac972323bf05453ec86ca7,benchmark,original,No-HT,5000,planning,14,2.4705954790629425,114652.66666666667,-0.6594267390928508
WEN38:i1:nsga2:s60004:r4:PR1_HT0_EC1:3c278f15c52c,WEN38,1,60004,4,PR1_HT0_EC1,cf9bc95d906238978e0c5ab26a1947d4104e026d3bac972323bf05453ec86ca7,benchmark,original,No-HT,5000,planning,15,2.471716400574813,117077.0,-0.6619574805035882
WEN38:i1:nsga2:s60004:r4:PR1_HT0_EC1:3c278f15c52c,WEN38,1,60004,4,PR1_HT0_EC1,cf9bc95d906238978e0c5ab26a1947d4104e026d3bac972323bf05453ec86ca7,benchmark,original,No-HT,5000,planning,16,2.4718908366431727,148812.33333333334,-0.719915223242424
WEN38:i1:nsga2:s60004:r4:PR1_HT0_EC1:3c278f15c52c,WEN38,1,60004,4,PR1_HT0_EC1,cf9bc95d906238978e0c5ab26a1947d4104e026d3bac972323bf05453ec86ca7,benchmark,original,No-HT,5000,planning,17,2.473576334165269,114947.00000000001,-0.7184762151136965
WEN38:i1:nsga2:s60004:r4:PR1_HT0_EC1:3c278f15c52c,WEN38,1,60004,4,PR1_HT0_EC1,cf9bc95d906238978e0c5ab26a1947d4104e026d3bac972323bf05453ec86ca7,benchmark,original,No-HT,5000,planning,18,2.4744878390457616,123131.33333333334,-0.7346312387580838
WEN38:i1:nsga2:s60004:r4:PR1_HT0_EC1:3c278f15c52c,WEN38,1,60004,4,PR1_HT0_EC1,cf9bc95d906238978e0c5ab26a1947d4104e026d3bac972323bf05453ec86ca7,benchmark,original,No-HT,5000,planning,19,2.4760828068537064,119280.33333333333,-0.7190613378415946
WEN38:i1:nsga2:s60004:r4:PR1_HT0_EC1:3c278f15c52c,WEN38,1,60004,4,PR1_HT0_EC1,cf9bc95d906238978e0c5ab26a1947d4104e026d3bac972323bf05453ec86ca7,benchmark,original,No-HT,5000,planning,20,2.4774397783420836,109655.66666666667,-0.05998356614873046
WEN38:i1:nsga2:s60004:r4:PR1_HT0_EC1:3c278f15c52c,WEN38,1,60004,4,PR1_HT0_EC1,cf9bc95d906238978e0c5ab26a1947d4104e026d3bac972323bf05453ec86ca7,benchmark,original,No-HT,5000,planning,21,2.4813130519329647,110910.66666666667,-0.06267922982624441
WEN38:i1:nsga2:s60004:r4:PR1_HT0_EC1:3c278f15c52c,WEN38,1,60004,4,PR1_HT0_EC1,cf9bc95d906238978e0c5ab26a1947d4104e026d3bac972323bf05453ec86ca7,benchmark,original,No-HT,5000,planning,22,2.485744425462581,108853.66666666667,-0.06267922982624441
WEN38:i1:nsga2:s60004:r4:PR1_HT0_EC1:3c278f15c52c,WEN38,1,60004,4,PR1_HT0_EC1,cf9bc95d906238978e0c5ab26a1947d4104e026d3bac972323bf05453ec86ca7,benchmark,original,No-HT,5000,planning,23,2.4888392835457616,100055.33333333334,-0.05998356614873046
WEN38:i1:nsga2:s60004:r4:PR1_HT0_EC1:3c278f15c52c,WEN38,1,60004,4,PR1_HT0_EC1,cf9bc95d906238978e0c5ab26a1947d4104e026d3bac972323bf05453ec86ca7,benchmark,original,No-HT,5000,planning,24,2.4928805054669416,110203.0,-0.07405908539294614
WEN38:i1:nsga2:s60004:r4:PR1_HT0_EC1:3c278f15c52c,WEN38,1,60004,4,PR1_HT0_EC1,cf9bc95d906238978e0c5ab26a1947d4104e026d3bac972323bf05453ec86ca7,benchmark,original,No-HT,5000,planning,25,2.5009211926562567,95379.66666666667,-0.0
WEN38:i1:nsga2:s60004:r4:PR1_HT0_EC1:3c278f15c52c,WEN38,1,60004,4,PR1_HT0_EC1,cf9bc95d906238978e0c5ab26a1947d4104e026d3bac972323bf05453ec86ca7,benchmark,original,No-HT,5000,planning,26,2.5043673240544084,101719.33333333334,-0.15353311136004777
WEN38:i1:nsga2:s60004:r4:PR1_HT0_EC1:3c278f15c52c,WEN38,1,60004,4,PR1_HT0_EC1,cf9bc95d906238978e0c5ab26a1947d4104e026d3bac972323bf05453ec86ca7,benchmark,original,No-HT,5000,planning,27,2.5045445033598623,97354.66666666667,-0.15353311136004777
WEN38:i1:nsga2:s60004:r4:PR1_HT0_EC1:3c278f15c52c,WEN38,1,60004,4,PR1_HT0_EC1,cf9bc95d906238978e0c5ab26a1947d4104e026d3bac972323bf05453ec86ca7,benchmark,original,No-HT,5000,planning,28,2.507822320510943,91479.5,-0.0
WEN38:i1:nsga2:s60004:r4:PR1_HT0_EC1:3c278f15c52c,WEN38,1,60004,4,PR1_HT0_EC1,cf9bc95d906238978e0c5ab26a1947d4104e026d3bac972323bf05453ec86ca7,benchmark,original,No-HT,5000,planning,29,2.5128792672116864,110535.33333333333,-0.1825652018596884
WEN38:i1:nsga2:s60004:r4:PR1_HT0_EC1:3c278f15c52c,WEN38,1,60004,4,PR1_HT0_EC1,cf9bc95d906238978e0c5ab26a1947d4104e026d3bac972323bf05453ec86ca7,benchmark,original,No-HT,5000,planning,30,2.513366708060442,110258.33333333334,-0.19464977120969706
WEN38:i1:nsga2:s60004:r4:PR1_HT0_EC1:3c278f15c52c,WEN38,1,60004,4,PR1_HT0_EC1,cf9bc95d906238978e0c5ab26a1947d4104e026d3bac972323bf05453ec86ca7,benchmark,original,No-HT,5000,planning,31,2.5140812704817925,102131.66666666667,-0.19464977120969706
WEN38:i1:nsga2:s60004:r4:PR1_HT0_EC1:3c278f15c52c,WEN38,1,60004,4,PR1_HT0_EC1,cf9bc95d906238978e0c5ab26a1947d4104e026d3bac972323bf05453ec86ca7,benchmark,original,No-HT,5000,planning,32,2.5150802921220228,96563.66666666667,-0.05998356614873046
WEN38:i1:nsga2:s60004:r4:PR1_HT0_EC1:3c278f15c52c,WEN38,1,60004,4,PR1_HT0_EC1,cf9bc95d906238978e0c5ab26a1947d4104e026d3bac972323bf05453ec86ca7,benchmark,original,No-HT,5000,planning,33,2.5260717889751145,90396.33333333334,-0.0
WEN38:i1:nsga2:s60004:r4:PR1_HT0_EC1:3c278f15c52c,WEN38,1,60004,4,PR1_HT0_EC1,cf9bc95d906238978e0c5ab26a1947d4104e026d3bac972323bf05453ec86ca7,benchmark,original,No-HT,5000,planning,34,2.5286408889020002,98088.33333333333,-0.24338624338815862
WEN38:i1:nsga2:s60004:r4:PR1_HT0_EC1:3c278f15c52c,WEN38,1,60004,4,PR1_HT0_EC1,cf9bc95d906238978e0c5ab26a1947d4104e026d3bac972323bf05453ec86ca7,benchmark,original,No-HT,5000,planning,35,2.5295267854292858,96756.33333333333,-0.24338624338815862
WEN38:i1:nsga2:s60004:r4:PR1_HT0_EC1:3c278f15c52c,WEN38,1,60004,4,PR1_HT0_EC1,cf9bc95d906238978e0c5ab26a1947d4104e026d3bac972323bf05453ec86ca7,benchmark,original,No-HT,5000,planning,36,2.532239872140921,91598.99999999999,-0.05998356614873046
WEN38:i1:nsga2:s60004:r4:PR1_HT0_EC1:3c278f15c52c,WEN38,1,60004,4,PR1_HT0_EC1,cf9bc95d906238978e0c5ab26a1947d4104e026d3bac972323bf05453ec86ca7,benchmark,original,No-HT,5000,planning,37,2.5349307542457526,87417.0,-0.0
WEN38:i1:nsga2:s60004:r4:PR1_HT0_EC1:3c278f15c52c,WEN38,1,60004,4,PR1_HT0_EC1,cf9bc95d906238978e0c5ab26a1947d4104e026d3bac972323bf05453ec86ca7,benchmark,original,No-HT,5000,planning,38,2.5428152333393474,86394.66666666667,-0.0
WEN38:i1:nsga2:s60004:r4:PR1_HT0_EC1:3c278f15c52c,WEN38,1,60004,4,PR1_HT0_EC1,cf9bc95d906238978e0c5ab26a1947d4104e026d3bac972323bf05453ec86ca7,benchmark,original,No-HT,5000,planning,39,2.5491690921470065,106026.66666666667,-0.2847764926555101
WEN38:i1:nsga2:s60004:r4:PR1_HT0_EC1:3c278f15c52c,WEN38,1,60004,4,PR1_HT0_EC1,cf9bc95d906238978e0c5ab26a1947d4104e026d3bac972323bf05453ec86ca7,benchmark,original,No-HT,5000,planning,40,2.5536231709721573,91968.5,-0.1805157593144031
WEN38:i1:nsga2:s60004:r4:PR1_HT0_EC1:3c278f15c52c,WEN38,1,60004,4,PR1_HT0_EC1,cf9bc95d906238978e0c5ab26a1947d4104e026d3bac972323bf05453ec86ca7,benchmark,original,No-HT,5000,planning,41,2.5596472673577244,85096.33333333334,-0.05998356614873046
WEN38:i1:nsga2:s60004:r4:PR1_HT0_EC1:3c278f15c52c,WEN38,1,60004,4,PR1_HT0_EC1,cf9bc95d906238978e0c5ab26a1947d4104e026d3bac972323bf05453ec86ca7,benchmark,original,No-HT,5000,planning,42,2.5612418811062527,81671.0,-0.0
WEN38:i1:nsga2:s60004:r4:PR1_HT0_EC1:3c278f15c52c,WEN38,1,60004,4,PR1_HT0_EC1,cf9bc95d906238978e0c5ab26a1947d4104e026d3bac972323bf05453ec86ca7,benchmark,original,No-HT,5000,planning,43,2.573821611794695,89500.66666666667,-0.19464977120969706
WEN38:i1:nsga2:s60004:r4:PR1_HT0_EC1:3c278f15c52c,WEN38,1,60004,4,PR1_HT0_EC1,cf9bc95d906238978e0c5ab26a1947d4104e026d3bac972323bf05453ec86ca7,benchmark,original,No-HT,5000,planning,44,2.58330070463526,100881.66666666667,-0.2583715192113232
WEN38:i1:nsga2:s60004:r4:PR1_HT0_EC1:3c278f15c52c,WEN38,1,60004,4,PR1_HT0_EC1,cf9bc95d906238978e0c5ab26a1947d4104e026d3bac972323bf05453ec86ca7,benchmark,original,No-HT,5000,planning,45,2.602170300666643,105717.66666666667,-0.4019864087831593
WEN38:i1:nsga2:s60004:r4:PR1_HT0_EC1:3c278f15c52c,WEN38,1,60004,4,PR1_HT0_EC1,cf9bc95d906238978e0c5ab26a1947d4104e026d3bac972323bf05453ec86ca7,benchmark,original,No-HT,5000,planning,46,2.6298988619721335,84505.33333333334,-0.05998356614873046
WEN38:i1:nsga2:s60004:r4:PR1_HT0_EC1:3c278f15c52c,WEN38,1,60004,4,PR1_HT0_EC1,cf9bc95d906238978e0c5ab26a1947d4104e026d3bac972323bf05453ec86ca7,benchmark,original,No-HT,5000,planning,47,2.639112185855896,83918.33333333333,-0.05998356614873046
WEN38:i1:nsga2:s60004:r4:PR1_HT0_EC1:3c278f15c52c,WEN38,1,60004,4,PR1_HT0_EC1,cf9bc95d906238978e0c5ab26a1947d4104e026d3bac972323bf05453ec86ca7,benchmark,original,No-HT,5000,planning,48,2.671004460838148,86754.33333333333,-0.15353311136004777
WEN38:i1:nsga2:s60004:r4:PR1_HT0_EC1:3c278f15c52c,WEN38,1,60004,4,PR1_HT0_EC1,cf9bc95d906238978e0c5ab26a1947d4104e026d3bac972323bf05453ec86ca7,benchmark,original,No-HT,5000,planning,49,2.6725104849342207,81478.33333333333,-0.19464977120969706
WEN38:i1:nsga2:s60004:r4:PR1_HT0_EC1:3c278f15c52c,WEN38,1,60004,4,PR1_HT0_EC1,cf9bc95d906238978e0c5ab26a1947d4104e026d3bac972323bf05453ec86ca7,benchmark,original,No-HT,5000,planning,50,2.6726628129580643,91195.0,-0.27640733712996735
WEN38:i1:nsga2:s60004:r4:PR1_HT0_EC1:3c278f15c52c,WEN38,1,60004,4,PR1_HT0_EC1,cf9bc95d906238978e0c5ab26a1947d4104e026d3bac972323bf05453ec86ca7,benchmark,original,No-HT,5000,planning,51,2.675852040456286,88262.83333333333,-0.27640733712996735
WEN38:i1:nsga2:s60004:r4:PR1_HT0_EC1:3c278f15c52c,WEN38,1,60004,4,PR1_HT0_EC1,cf9bc95d906238978e0c5ab26a1947d4104e026d3bac972323bf05453ec86ca7,benchmark,original,No-HT,5000,planning,52,2.6793118370379334,102813.5,-0.2798237330835036
WEN38:i1:nsga2:s60004:r4:PR1_HT0_EC1:3c278f15c52c,WEN38,1,60004,4,PR1_HT0_EC1,cf9bc95d906238978e0c5ab26a1947d4104e026d3bac972323bf05453ec86ca7,benchmark,original,No-HT,5000,planning,53,2.6826734437164017,78775.0,-0.0
WEN38:i1:nsga2:s60004:r4:PR1_HT0_EC1:3c278f15c52c,WEN38,1,60004,4,PR1_HT0_EC1,cf9bc95d906238978e0c5ab26a1947d4104e026d3bac972323bf05453ec86ca7,benchmark,original,No-HT,5000,planning,54,2.685601702381657,98437.16666666667,-0.2798237330835036
WEN38:i1:nsga2:s60004:r4:PR1_HT0_EC1:3c278f15c52c,WEN38,1,60004,4,PR1_HT0_EC1,cf9bc95d906238978e0c5ab26a1947d4104e026d3bac972323bf05453ec86ca7,benchmark,original,No-HT,5000,planning,55,2.6865076500649065,78588.66666666667,-0.0
WEN38:i1:nsga2:s60004:r4:PR1_HT0_EC1:3c278f15c52c,WEN38,1,60004,4,PR1_HT0_EC1,cf9bc95d906238978e0c5ab26a1947d4104e026d3bac972323bf05453ec86ca7,benchmark,original,No-HT,5000,planning,56,2.694657898115927,80174.33333333333,-0.05998356614873046
WEN38:i1:nsga2:s60004:r4:PR1_HT0_EC1:3c278f15c52c,WEN38,1,60004,4,PR1_HT0_EC1,cf9bc95d906238978e0c5ab26a1947d4104e026d3bac972323bf05453ec86ca7,benchmark,original,No-HT,5000,planning,57,2.7016278622136123,97804.66666666667,-0.34591194968743366
WEN38:i1:nsga2:s60004:r4:PR1_HT0_EC1:3c278f15c52c,WEN38,1,60004,4,PR1_HT0_EC1,cf9bc95d906238978e0c5ab26a1947d4104e026d3bac972323bf05453ec86ca7,benchmark,original,No-HT,5000,planning,58,2.732840038442201,78358.66666666667,-0.0
WEN38:i1:nsga2:s60004:r4:PR1_HT0_EC1:3c278f15c52c,WEN38,1,60004,4,PR1_HT0_EC1,cf9bc95d906238978e0c5ab26a1947d4104e026d3bac972323bf05453ec86ca7,benchmark,original,No-HT,5000,planning,59,2.742673489894764,90308.0,-0.2847764926555101
WEN38:i1:nsga2:s60004:r4:PR1_HT0_EC1:3c278f15c52c,WEN38,1,60004,4,PR1_HT0_EC1,cf9bc95d906238978e0c5ab26a1947d4104e026d3bac972323bf05453ec86ca7,benchmark,original,No-HT,5000,planning,60,2.757822320511334,85109.0,-0.27640733712996735
WEN38:i1:nsga2:s60004:r4:PR1_HT0_EC1:3c278f15c52c,WEN38,1,60004,4,PR1_HT0_EC1,cf9bc95d906238978e0c5ab26a1947d4104e026d3bac972323bf05453ec86ca7,benchmark,original,No-HT,5000,planning,61,2.7769328342195054,73309.5,-0.0
WEN38:i1:nsga2:s60004:r4:PR1_HT0_EC1:3c278f15c52c,WEN38,1,60004,4,PR1_HT0_EC1,cf9bc95d906238978e0c5ab26a1947d4104e026d3bac972323bf05453ec86ca7,benchmark,original,No-HT,5000,planning,62,2.796978947018048,88071.33333333333,-0.2798237330835036
WEN38:i1:nsga2:s60004:r4:PR1_HT0_EC1:3c278f15c52c,WEN38,1,60004,4,PR1_HT0_EC1,cf9bc95d906238978e0c5ab26a1947d4104e026d3bac972323bf05453ec86ca7,benchmark,original,No-HT,5000,planning,63,2.8004339434737346,85179.5,-0.2847764926555101
WEN38:i1:nsga2:s60004:r4:PR1_HT0_EC1:3c278f15c52c,WEN38,1,60004,4,PR1_HT0_EC1,cf9bc95d906238978e0c5ab26a1947d4104e026d3bac972323bf05453ec86ca7,benchmark,original,No-HT,5000,planning,64,2.8240873807531193,97794.66666666667,-0.34591194968743366
WEN38:i1:nsga2:s60004:r4:PR1_HT0_EC1:3c278f15c52c,WEN38,1,60004,4,PR1_HT0_EC1,cf9bc95d906238978e0c5ab26a1947d4104e026d3bac972323bf05453ec86ca7,benchmark,original,No-HT,5000,planning,65,2.8267450703349737,89284.66666666667,-0.34591194968743366
WEN38:i1:nsga2:s60004:r4:PR1_HT0_EC1:3c278f15c52c,WEN38,1,60004,4,PR1_HT0_EC1,cf9bc95d906238978e0c5ab26a1947d4104e026d3bac972323bf05453ec86ca7,benchmark,original,No-HT,5000,planning,66,2.8346295494269276,107664.33333333334,-0.4140845070432988
WEN38:i1:nsga2:s60004:r4:PR1_HT0_EC1:3c278f15c52c,WEN38,1,60004,4,PR1_HT0_EC1,cf9bc95d906238978e0c5ab26a1947d4104e026d3bac972323bf05453ec86ca7,benchmark,original,No-HT,5000,planning,67,2.862358110730943,107225.33333333333,-0.4140845070432988
WEN38:i1:nsga2:s60004:r4:PR1_HT0_EC1:3c278f15c52c,WEN38,1,60004,4,PR1_HT0_EC1,cf9bc95d906238978e0c5ab26a1947d4104e026d3bac972323bf05453ec86ca7,benchmark,original,No-HT,5000,planning,68,2.876709634473837,87276.00000000001,-0.34591194968743366
WEN38:i1:nsga2:s60004:r4:PR1_HT0_EC1:3c278f15c52c,WEN38,1,60004,4,PR1_HT0_EC1,cf9bc95d906238978e0c5ab26a1947d4104e026d3bac972323bf05453ec86ca7,benchmark,original,No-HT,5000,planning,69,2.89068674844809,92425.33333333333,-0.40057636887740955
WEN38:i1:nsga2:s60004:r4:PR1_HT0_EC1:3c278f15c52c,WEN38,1,60004,4,PR1_HT0_EC1,cf9bc95d906238978e0c5ab26a1947d4104e026d3bac972323bf05453ec86ca7,benchmark,original,No-HT,5000,planning,70,2.8911211294003616,84718.0,-0.2798237330835036
WEN38:i1:nsga2:s60004:r4:PR1_HT0_EC1:3c278f15c52c,WEN38,1,60004,4,PR1_HT0_EC1,cf9bc95d906238978e0c5ab26a1947d4104e026d3bac972323bf05453ec86ca7,benchmark,original,No-HT,5000,planning,71,2.913740109314185,79101.00000000001,-0.05998356614873046
WEN38:i1:nsga2:s60004:r4:PR1_HT0_EC1:3c278f15c52c,WEN38,1,60004,4,PR1_HT0_EC1,cf9bc95d906238978e0c5ab26a1947d4104e026d3bac972323bf05453ec86ca7,benchmark,original,No-HT,5000,planning,72,2.971854921504174,78820.5,-0.17161477190711594
WEN38:i1:nsga2:s60004:r4:PR1_HT0_EC1:3c278f15c52c,WEN38,1,60004,4,PR1_HT0_EC1,cf9bc95d906238978e0c5ab26a1947d4104e026d3bac972323bf05453ec86ca7,benchmark,original,No-HT,5000,planning,73,2.9840516751125374,96367.33333333334,-0.4140845070432988
WEN38:i1:nsga2:s60004:r4:PR1_HT0_EC1:3c278f15c52c,WEN38,1,60004,4,PR1_HT0_EC1,cf9bc95d906238978e0c5ab26a1947d4104e026d3bac972323bf05453ec86ca7,benchmark,original,No-HT,5000,planning,74,2.985380519903466,96366.0,-0.4140845070432988
WEN38:i1:nsga2:s60004:r4:PR1_HT0_EC1:3c278f15c52c,WEN38,1,60004,4,PR1_HT0_EC1,cf9bc95d906238978e0c5ab26a1947d4104e026d3bac972323bf05453ec86ca7,benchmark,original,No-HT,5000,planning,75,3.0429924126452277,111801.66666666666,-0.45858968291668134
WEN38:i1:nsga2:s60004:r4:PR1_HT0_EC1:3c278f15c52c,WEN38,1,60004,4,PR1_HT0_EC1,cf9bc95d906238978e0c5ab26a1947d4104e026d3bac972323bf05453ec86ca7,benchmark,original,No-HT,5000,planning,76,3.0503205025403224,79848.16666666666,-0.27640733712996735
WEN38:i1:nsga2:s60004:r4:PR1_HT0_EC1:3c278f15c52c,WEN38,1,60004,4,PR1_HT0_EC1,cf9bc95d906238978e0c5ab26a1947d4104e026d3bac972323bf05453ec86ca7,benchmark,original,No-HT,5000,planning,77,3.0637823625681717,91700.33333333334,-0.4140845070432988
WEN38:i1:nsga2:s60004:r4:PR1_HT0_EC1:3c278f15c52c,WEN38,1,60004,4,PR1_HT0_EC1,cf9bc95d906238978e0c5ab26a1947d4104e026d3bac972323bf05453ec86ca7,benchmark,original,No-HT,5000,planning,78,3.092071080256805,108283.66666666666,-0.45858968291668134
WEN38:i1:nsga2:s60004:r4:PR1_HT0_EC1:3c278f15c52c,WEN38,1,60004,4,PR1_HT0_EC1,cf9bc95d906238978e0c5ab26a1947d4104e026d3bac972323bf05453ec86ca7,benchmark,original,No-HT,5000,planning,79,3.1050689079267935,73982.66666666666,-0.05998356614873046
WEN38:i1:nsga2:s60004:r4:PR1_HT0_EC1:3c278f15c52c,WEN38,1,60004,4,PR1_HT0_EC1,cf9bc95d906238978e0c5ab26a1947d4104e026d3bac972323bf05453ec86ca7,benchmark,original,No-HT,5000,planning,80,3.1093212112603896,70119.33333333333,-0.0
WEN38:i1:nsga2:s60004:r4:PR1_HT0_EC1:3c278f15c52c,WEN38,1,60004,4,PR1_HT0_EC1,cf9bc95d906238978e0c5ab26a1947d4104e026d3bac972323bf05453ec86ca7,benchmark,original,No-HT,5000,planning,81,3.1346578519378356,90626.33333333333,-0.4403131115468568
WEN38:i1:nsga2:s60004:r4:PR1_HT0_EC1:3c278f15c52c,WEN38,1,60004,4,PR1_HT0_EC1,cf9bc95d906238978e0c5ab26a1947d4104e026d3bac972323bf05453ec86ca7,benchmark,original,No-HT,5000,planning,82,3.1966706088506713,69407.83333333333,-0.0
WEN38:i1:nsga2:s60004:r4:PR1_HT0_EC1:3c278f15c52c,WEN38,1,60004,4,PR1_HT0_EC1,cf9bc95d906238978e0c5ab26a1947d4104e026d3bac972323bf05453ec86ca7,benchmark,original,No-HT,5000,planning,83,3.2163375117563957,67854.0,-0.0
WEN38:i1:nsga2:s60004:r4:PR1_HT0_EC1:3c278f15c52c,WEN38,1,60004,4,PR1_HT0_EC1,cf9bc95d906238978e0c5ab26a1947d4104e026d3bac972323bf05453ec86ca7,benchmark,original,No-HT,5000,planning,84,3.2231589150136895,82031.33333333334,-0.2798237330825941
WEN38:i1:nsga2:s60004:r4:PR1_HT0_EC1:3c278f15c52c,WEN38,1,60004,4,PR1_HT0_EC1,cf9bc95d906238978e0c5ab26a1947d4104e026d3bac972323bf05453ec86ca7,benchmark,original,No-HT,5000,planning,85,3.274452323946279,65320.0,-0.0
WEN38:i1:nsga2:s60004:r4:PR1_HT0_EC1:3c278f15c52c,WEN38,1,60004,4,PR1_HT0_EC1,cf9bc95d906238978e0c5ab26a1947d4104e026d3bac972323bf05453ec86ca7,benchmark,original,No-HT,5000,planning,86,3.367294280005726,62448.333333333336,-0.0
WEN38:i1:nsga2:s60004:r4:PR1_HT0_EC1:3c278f15c52c,WEN38,1,60004,4,PR1_HT0_EC1,cf9bc95d906238978e0c5ab26a1947d4104e026d3bac972323bf05453ec86ca7,benchmark,original,No-HT,5000,planning,87,3.382177341661907,72910.66666666667,-0.05998356614873046
WEN38:i1:nsga2:s60004:r4:PR1_HT0_EC1:3c278f15c52c,WEN38,1,60004,4,PR1_HT0_EC1,cf9bc95d906238978e0c5ab26a1947d4104e026d3bac972323bf05453ec86ca7,benchmark,original,No-HT,5000,planning,88,3.532513982343618,81271.16666666666,-0.2798237330835036
WEN38:i1:nsga2:s60004:r4:PR1_HT0_EC1:3c278f15c52c,WEN38,1,60004,4,PR1_HT0_EC1,cf9bc95d906238978e0c5ab26a1947d4104e026d3bac972323bf05453ec86ca7,benchmark,original,No-HT,5000,planning,89,3.5834530326632197,61109.5,-0.0
WEN38:i1:nsga2:s60004:r4:PR1_HT0_EC1:3c278f15c52c,WEN38,1,60004,4,PR1_HT0_EC1,cf9bc95d906238978e0c5ab26a1947d4104e026d3bac972323bf05453ec86ca7,benchmark,original,No-HT,5000,planning,90,3.8825317002734545,60319.166666666664,-0.0
WEN38:i1:nsga2:s60004:r4:PR1_HT0_EC1:3c278f15c52c,WEN38,1,60004,4,PR1_HT0_EC1,cf9bc95d906238978e0c5ab26a1947d4104e026d3bac972323bf05453ec86ca7,benchmark,original,No-HT,5000,planning,91,3.892453741380161,59324.833333333336,-0.0
WEN38:i1:nsga2:s60004:r4:PR1_HT0_EC1:3c278f15c52c,WEN38,1,60004,4,PR1_HT0_EC1,cf9bc95d906238978e0c5ab26a1947d4104e026d3bac972323bf05453ec86ca7,benchmark,original,No-HT,5000,planning,92,3.9099944926203984,57821.66666666667,-0.0
WEN38:i1:nsga2:s60004:r4:PR1_HT0_EC1:3c278f15c52c,WEN38,1,60004,4,PR1_HT0_EC1,cf9bc95d906238978e0c5ab26a1947d4104e026d3bac972323bf05453ec86ca7,benchmark,original,No-HT,5000,planning,93,3.910880389147684,57633.16666666667,-0.0
WEN38:i1:nsga2:s60004:r4:PR1_HT0_EC1:3c278f15c52c,WEN38,1,60004,4,PR1_HT0_EC1,cf9bc95d906238978e0c5ab26a1947d4104e026d3bac972323bf05453ec86ca7,benchmark,original,No-HT,5000,planning,94,3.97200724952922,56956.5,-0.0
WEN38:i1:nsga2:s60004:r4:PR1_HT0_EC1:3c278f15c52c,WEN38,1,60004,4,PR1_HT0_EC1,cf9bc95d906238978e0c5ab26a1947d4104e026d3bac972323bf05453ec86ca7,benchmark,original,No-HT,5000,planning,95,4.022503351584217,55134.50000000001,-0.0
WEN38:i1:nsga2:s60004:r4:PR1_HT0_EC1:3c278f15c52c,WEN38,1,60004,4,PR1_HT0_EC1,cf9bc95d906238978e0c5ab26a1947d4104e026d3bac972323bf05453ec86ca7,benchmark,original,No-HT,5000,planning,96,4.02338924811162,53160.50000000001,-0.0
WEN38:i1:nsga2:s60004:r4:PR1_HT1_EC0:55d5a07c7ef1,WEN38,1,60004,4,PR1_HT1_EC0,cf9bc95d906238978e0c5ab26a1947d4104e026d3bac972323bf05453ec86ca7,benchmark,original,No-EC,5000,planning,0,2.458034935676676,118496.33333333334,-0.0
WEN38:i1:nsga2:s60004:r4:PR1_HT1_EC0:55d5a07c7ef1,WEN38,1,60004,4,PR1_HT1_EC0,cf9bc95d906238978e0c5ab26a1947d4104e026d3bac972323bf05453ec86ca7,benchmark,original,No-EC,5000,planning,1,2.4589208322039617,107114.00000000001,-0.0
WEN38:i1:nsga2:s60004:r4:PR1_HT1_EC0:55d5a07c7ef1,WEN38,1,60004,4,PR1_HT1_EC0,cf9bc95d906238978e0c5ab26a1947d4104e026d3bac972323bf05453ec86ca7,benchmark,original,No-EC,5000,planning,2,2.4589208322039617,144514.0,-0.08865248226950355
WEN38:i1:nsga2:s60004:r4:PR1_HT1_EC0:55d5a07c7ef1,WEN38,1,60004,4,PR1_HT1_EC0,cf9bc95d906238978e0c5ab26a1947d4104e026d3bac972323bf05453ec86ca7,benchmark,original,No-EC,5000,planning,3,2.459009421856507,106141.33333333334,-0.0
WEN38:i1:nsga2:s60004:r4:PR1_HT1_EC0:55d5a07c7ef1,WEN38,1,60004,4,PR1_HT1_EC0,cf9bc95d906238978e0c5ab26a1947d4104e026d3bac972323bf05453ec86ca7,benchmark,original,No-EC,5000,planning,4,2.459250339533863,105835.33333333334,-0.0
WEN38:i1:nsga2:s60004:r4:PR1_HT1_EC0:55d5a07c7ef1,WEN38,1,60004,4,PR1_HT1_EC0,cf9bc95d906238978e0c5ab26a1947d4104e026d3bac972323bf05453ec86ca7,benchmark,original,No-EC,5000,planning,5,2.4592503395334546,143359.0,-0.1595744680851064
WEN38:i1:nsga2:s60004:r4:PR1_HT1_EC0:55d5a07c7ef1,WEN38,1,60004,4,PR1_HT1_EC0,cf9bc95d906238978e0c5ab26a1947d4104e026d3bac972323bf05453ec86ca7,benchmark,original,No-EC,5000,planning,6,2.4593389291864254,92521.33333333334,-0.0
WEN38:i1:nsga2:s60004:r4:PR1_HT1_EC0:55d5a07c7ef1,WEN38,1,60004,4,PR1_HT1_EC0,cf9bc95d906238978e0c5ab26a1947d4104e026d3bac972323bf05453ec86ca7,benchmark,original,No-EC,5000,planning,7,2.4598332813226413,138602.33333333334,-0.01773049645390071
WEN38:i1:nsga2:s60004:r4:PR1_HT1_EC0:55d5a07c7ef1,WEN38,1,60004,4,PR1_HT1_EC0,cf9bc95d906238978e0c5ab26a1947d4104e026d3bac972323bf05453ec86ca7,benchmark,original,No-EC,5000,planning,8,2.4614521387419392,158202.33333333334,-0.1950354609929078
WEN38:i1:nsga2:s60004:r4:PR1_HT1_EC0:55d5a07c7ef1,WEN38,1,60004,4,PR1_HT1_EC0,cf9bc95d906238978e0c5ab26a1947d4104e026d3bac972323bf05453ec86ca7,benchmark,original,No-EC,5000,planning,9,2.4619845031256364,142754.3333333333,-0.48276684825214033
WEN38:i1:nsga2:s60004:r4:PR1_HT1_EC0:55d5a07c7ef1,WEN38,1,60004,4,PR1_HT1_EC0,cf9bc95d906238978e0c5ab26a1947d4104e026d3bac972323bf05453ec86ca7,benchmark,original,No-EC,5000,planning,10,2.4620452610183623,159261.33333333334,-0.7973068745568526
WEN38:i1:nsga2:s60004:r4:PR1_HT1_EC0:55d5a07c7ef1,WEN38,1,60004,4,PR1_HT1_EC0,cf9bc95d906238978e0c5ab26a1947d4104e026d3bac972323bf05453ec86ca7,benchmark,original,No-EC,5000,planning,11,2.462388510609741,155856.6666666667,-0.7973068745568526
WEN38:i1:nsga2:s60004:r4:PR1_HT1_EC0:55d5a07c7ef1,WEN38,1,60004,4,PR1_HT1_EC0,cf9bc95d906238978e0c5ab26a1947d4104e026d3bac972323bf05453ec86ca7,benchmark,original,No-EC,5000,planning,12,2.4632192871699,153623.0,-0.7973068745568526
WEN38:i1:nsga2:s60004:r4:PR1_HT1_EC0:55d5a07c7ef1,WEN38,1,60004,4,PR1_HT1_EC0,cf9bc95d906238978e0c5ab26a1947d4104e026d3bac972323bf05453ec86ca7,benchmark,original,No-EC,5000,planning,13,2.4632919690810784,140573.6666666667,-0.48535741785872233
WEN38:i1:nsga2:s60004:r4:PR1_HT1_EC0:55d5a07c7ef1,WEN38,1,60004,4,PR1_HT1_EC0,cf9bc95d906238978e0c5ab26a1947d4104e026d3bac972323bf05453ec86ca7,benchmark,original,No-EC,5000,planning,14,2.4636835105950112,153585.3333333333,-0.7082106330672104
WEN38:i1:nsga2:s60004:r4:PR1_HT1_EC0:55d5a07c7ef1,WEN38,1,60004,4,PR1_HT1_EC0,cf9bc95d906238978e0c5ab26a1947d4104e026d3bac972323bf05453ec86ca7,benchmark,original,No-EC,5000,planning,15,2.463714390303555,139921.6666666667,-0.4866232237409349
WEN38:i1:nsga2:s60004:r4:PR1_HT1_EC0:55d5a07c7ef1,WEN38,1,60004,4,PR1_HT1_EC0,cf9bc95d906238978e0c5ab26a1947d4104e026d3bac972323bf05453ec86ca7,benchmark,original,No-EC,5000,planning,16,2.4638003992135715,145560.0,-0.7973068745568526
WEN38:i1:nsga2:s60004:r4:PR1_HT1_EC0:55d5a07c7ef1,WEN38,1,60004,4,PR1_HT1_EC0,cf9bc95d906238978e0c5ab26a1947d4104e026d3bac972323bf05453ec86ca7,benchmark,original,No-EC,5000,planning,17,2.4639817942908815,110909.66666666667,-0.5250339847316354
WEN38:i1:nsga2:s60004:r4:PR1_HT1_EC0:55d5a07c7ef1,WEN38,1,60004,4,PR1_HT1_EC0,cf9bc95d906238978e0c5ab26a1947d4104e026d3bac972323bf05453ec86ca7,benchmark,original,No-EC,5000,planning,18,2.4644254050723857,145451.0,-0.5358251646184726
WEN38:i1:nsga2:s60004:r4:PR1_HT1_EC0:55d5a07c7ef1,WEN38,1,60004,4,PR1_HT1_EC0,cf9bc95d906238978e0c5ab26a1947d4104e026d3bac972323bf05453ec86ca7,benchmark,original,No-EC,5000,planning,19,2.464590581512483,138907.0,-0.7973068745568526
WEN38:i1:nsga2:s60004:r4:PR1_HT1_EC0:55d5a07c7ef1,WEN38,1,60004,4,PR1_HT1_EC0,cf9bc95d906238978e0c5ab26a1947d4104e026d3bac972323bf05453ec86ca7,benchmark,original,No-EC,5000,planning,20,2.464606141402701,130035.0,-0.5253046839488889
WEN38:i1:nsga2:s60004:r4:PR1_HT1_EC0:55d5a07c7ef1,WEN38,1,60004,4,PR1_HT1_EC0,cf9bc95d906238978e0c5ab26a1947d4104e026d3bac972323bf05453ec86ca7,benchmark,original,No-EC,5000,planning,21,2.4646383922572888,131981.0,-0.529410914195978
WEN38:i1:nsga2:s60004:r4:PR1_HT1_EC0:55d5a07c7ef1,WEN38,1,60004,4,PR1_HT1_EC0,cf9bc95d906238978e0c5ab26a1947d4104e026d3bac972323bf05453ec86ca7,benchmark,original,No-EC,5000,planning,22,2.464944928589527,85943.0,-0.0
WEN38:i1:nsga2:s60004:r4:PR1_HT1_EC0:55d5a07c7ef1,WEN38,1,60004,4,PR1_HT1_EC0,cf9bc95d906238978e0c5ab26a1947d4104e026d3bac972323bf05453ec86ca7,benchmark,original,No-EC,5000,planning,23,2.4653878768531694,108275.66666666669,-0.4453333333340197
WEN38:i1:nsga2:s60004:r4:PR1_HT1_EC0:55d5a07c7ef1,WEN38,1,60004,4,PR1_HT1_EC0,cf9bc95d906238978e0c5ab26a1947d4104e026d3bac972323bf05453ec86ca7,benchmark,original,No-EC,5000,planning,24,2.4654425862958016,133361.66666666666,-0.7973068745568526
WEN38:i1:nsga2:s60004:r4:PR1_HT1_EC0:55d5a07c7ef1,WEN38,1,60004,4,PR1_HT1_EC0,cf9bc95d906238978e0c5ab26a1947d4104e026d3bac972323bf05453ec86ca7,benchmark,original,No-EC,5000,planning,25,2.4654761398253555,115540.33333333333,-0.5266029716394769
WEN38:i1:nsga2:s60004:r4:PR1_HT1_EC0:55d5a07c7ef1,WEN38,1,60004,4,PR1_HT1_EC0,cf9bc95d906238978e0c5ab26a1947d4104e026d3bac972323bf05453ec86ca7,benchmark,original,No-EC,5000,planning,26,2.46555667045326,133227.6666666667,-0.7193147711241181
WEN38:i1:nsga2:s60004:r4:PR1_HT1_EC0:55d5a07c7ef1,WEN38,1,60004,4,PR1_HT1_EC0,cf9bc95d906238978e0c5ab26a1947d4104e026d3bac972323bf05453ec86ca7,benchmark,original,No-EC,5000,planning,27,2.4657376892408207,109913.66666666666,-0.5263322724222235
WEN38:i1:nsga2:s60004:r4:PR1_HT1_EC0:55d5a07c7ef1,WEN38,1,60004,4,PR1_HT1_EC0,cf9bc95d906238978e0c5ab26a1947d4104e026d3bac972323bf05453ec86ca7,benchmark,original,No-EC,5000,planning,28,2.4662638772723247,131991.0,-0.5993327793039498
WEN38:i1:nsga2:s60004:r4:PR1_HT1_EC0:55d5a07c7ef1,WEN38,1,60004,4,PR1_HT1_EC0,cf9bc95d906238978e0c5ab26a1947d4104e026d3bac972323bf05453ec86ca7,benchmark,original,No-EC,5000,planning,29,2.466392144909401,120547.83333333334,-0.5306896025285823
WEN38:i1:nsga2:s60004:r4:PR1_HT1_EC0:55d5a07c7ef1,WEN38,1,60004,4,PR1_HT1_EC0,cf9bc95d906238978e0c5ab26a1947d4104e026d3bac972323bf05453ec86ca7,benchmark,original,No-EC,5000,planning,30,2.466612936265598,129148.83333333333,-0.7230872871405154
WEN38:i1:nsga2:s60004:r4:PR1_HT1_EC0:55d5a07c7ef1,WEN38,1,60004,4,PR1_HT1_EC0,cf9bc95d906238978e0c5ab26a1947d4104e026d3bac972323bf05453ec86ca7,benchmark,original,No-EC,5000,planning,31,2.466765508126871,115989.0,-0.5370455197207775
WEN38:i1:nsga2:s60004:r4:PR1_HT1_EC0:55d5a07c7ef1,WEN38,1,60004,4,PR1_HT1_EC0,cf9bc95d906238978e0c5ab26a1947d4104e026d3bac972323bf05453ec86ca7,benchmark,original,No-EC,5000,planning,32,2.4668939690785914,103523.66666666667,-0.4875279745729131
WEN38:i1:nsga2:s60004:r4:PR1_HT1_EC0:55d5a07c7ef1,WEN38,1,60004,4,PR1_HT1_EC0,cf9bc95d906238978e0c5ab26a1947d4104e026d3bac972323bf05453ec86ca7,benchmark,original,No-EC,5000,planning,33,2.467214366948609,105417.0,-0.4931291266793778
WEN38:i1:nsga2:s60004:r4:PR1_HT1_EC0:55d5a07c7ef1,WEN38,1,60004,4,PR1_HT1_EC0,cf9bc95d906238978e0c5ab26a1947d4104e026d3bac972323bf05453ec86ca7,benchmark,original,No-EC,5000,planning,34,2.4676514046541564,108768.66666666667,-0.5370455197207775
WEN38:i1:nsga2:s60004:r4:PR1_HT1_EC0:55d5a07c7ef1,WEN38,1,60004,4,PR1_HT1_EC0,cf9bc95d906238978e0c5ab26a1947d4104e026d3bac972323bf05453ec86ca7,benchmark,original,No-EC,5000,planning,35,2.4676573152123233,107922.33333333334,-0.49445644284605805
WEN38:i1:nsga2:s60004:r4:PR1_HT1_EC0:55d5a07c7ef1,WEN38,1,60004,4,PR1_HT1_EC0,cf9bc95d906238978e0c5ab26a1947d4104e026d3bac972323bf05453ec86ca7,benchmark,original,No-EC,5000,planning,36,2.4680138662189384,128524.33333333334,-0.7346745586692123
WEN38:i1:nsga2:s60004:r4:PR1_HT1_EC0:55d5a07c7ef1,WEN38,1,60004,4,PR1_HT1_EC0,cf9bc95d906238978e0c5ab26a1947d4104e026d3bac972323bf05453ec86ca7,benchmark,original,No-EC,5000,planning,37,2.468147106699247,124369.0,-0.7973068745568526
WEN38:i1:nsga2:s60004:r4:PR1_HT1_EC0:55d5a07c7ef1,WEN38,1,60004,4,PR1_HT1_EC0,cf9bc95d906238978e0c5ab26a1947d4104e026d3bac972323bf05453ec86ca7,benchmark,original,No-EC,5000,planning,38,2.470131930245934,115948.0,-0.6549806906277809
WEN38:i1:nsga2:s60004:r4:PR1_HT1_EC0:55d5a07c7ef1,WEN38,1,60004,4,PR1_HT1_EC0,cf9bc95d906238978e0c5ab26a1947d4104e026d3bac972323bf05453ec86ca7,benchmark,original,No-EC,5000,planning,39,2.4741582524739902,101444.0,-0.044676409188468824
WEN38:i1:nsga2:s60004:r4:PR1_HT1_EC0:55d5a07c7ef1,WEN38,1,60004,4,PR1_HT1_EC0,cf9bc95d906238978e0c5ab26a1947d4104e026d3bac972323bf05453ec86ca7,benchmark,original,No-EC,5000,planning,40,2.4815997833032064,94573.0,-0.07405908539294614
WEN38:i1:nsga2:s60004:r4:PR1_HT1_EC0:55d5a07c7ef1,WEN38,1,60004,4,PR1_HT1_EC0,cf9bc95d906238978e0c5ab26a1947d4104e026d3bac972323bf05453ec86ca7,benchmark,original,No-EC,5000,planning,41,2.5037778923422227,99787.00000000001,-0.15353311136004777
WEN38:i1:nsga2:s60004:r4:PR1_HT1_EC0:55d5a07c7ef1,WEN38,1,60004,4,PR1_HT1_EC0,cf9bc95d906238978e0c5ab26a1947d4104e026d3bac972323bf05453ec86ca7,benchmark,original,No-EC,5000,planning,42,2.5043673240539155,102080.33333333334,-0.16875758802143537
WEN38:i1:nsga2:s60004:r4:PR1_HT1_EC0:55d5a07c7ef1,WEN38,1,60004,4,PR1_HT1_EC0,cf9bc95d906238978e0c5ab26a1947d4104e026d3bac972323bf05453ec86ca7,benchmark,original,No-EC,5000,planning,43,2.5188074374491682,92750.66666666667,-0.07405908539294614
WEN38:i1:nsga2:s60004:r4:PR1_HT1_EC0:55d5a07c7ef1,WEN38,1,60004,4,PR1_HT1_EC0,cf9bc95d906238978e0c5ab26a1947d4104e026d3bac972323bf05453ec86ca7,benchmark,original,No-EC,5000,planning,44,2.5213765373775674,99195.0,-0.5210383085623107
WEN38:i1:nsga2:s60004:r4:PR1_HT1_EC0:55d5a07c7ef1,WEN38,1,60004,4,PR1_HT1_EC0,cf9bc95d906238978e0c5ab26a1947d4104e026d3bac972323bf05453ec86ca7,benchmark,original,No-EC,5000,planning,45,2.5231483304321385,94117.0,-0.5210383085623107
WEN38:i1:nsga2:s60004:r4:PR1_HT1_EC0:55d5a07c7ef1,WEN38,1,60004,4,PR1_HT1_EC0,cf9bc95d906238978e0c5ab26a1947d4104e026d3bac972323bf05453ec86ca7,benchmark,original,No-EC,5000,planning,46,2.5347287236591125,84338.83333333333,-0.15353311136004777
WEN38:i1:nsga2:s60004:r4:PR1_HT1_EC0:55d5a07c7ef1,WEN38,1,60004,4,PR1_HT1_EC0,cf9bc95d906238978e0c5ab26a1947d4104e026d3bac972323bf05453ec86ca7,benchmark,original,No-EC,5000,planning,47,2.5786940426936216,93177.0,-0.2798237330835036
WEN38:i1:nsga2:s60004:r4:PR1_HT1_EC0:55d5a07c7ef1,WEN38,1,60004,4,PR1_HT1_EC0,cf9bc95d906238978e0c5ab26a1947d4104e026d3bac972323bf05453ec86ca7,benchmark,original,No-EC,5000,planning,48,2.6019045317089935,84170.0,-0.0
WEN38:i1:nsga2:s60004:r4:PR1_HT1_EC0:55d5a07c7ef1,WEN38,1,60004,4,PR1_HT1_EC0,cf9bc95d906238978e0c5ab26a1947d4104e026d3bac972323bf05453ec86ca7,benchmark,original,No-EC,5000,planning,49,2.6166104140614115,92054.5,-0.23350083752302453
WEN38:i1:nsga2:s60004:r4:PR1_HT1_EC0:55d5a07c7ef1,WEN38,1,60004,4,PR1_HT1_EC0,cf9bc95d906238978e0c5ab26a1947d4104e026d3bac972323bf05453ec86ca7,benchmark,original,No-EC,5000,planning,50,2.626709634472478,83548.33333333334,-0.0
WEN38:i1:nsga2:s60004:r4:PR1_HT1_EC0:55d5a07c7ef1,WEN38,1,60004,4,PR1_HT1_EC0,cf9bc95d906238978e0c5ab26a1947d4104e026d3bac972323bf05453ec86ca7,benchmark,original,No-EC,5000,planning,51,2.626886813777915,89295.5,-0.3385371494669016
WEN38:i1:nsga2:s60004:r4:PR1_HT1_EC0:55d5a07c7ef1,WEN38,1,60004,4,PR1_HT1_EC0,cf9bc95d906238978e0c5ab26a1947d4104e026d3bac972323bf05453ec86ca7,benchmark,original,No-EC,5000,planning,52,2.6354800100933025,83039.5,-0.0
WEN38:i1:nsga2:s60004:r4:PR1_HT1_EC0:55d5a07c7ef1,WEN38,1,60004,4,PR1_HT1_EC0,cf9bc95d906238978e0c5ab26a1947d4104e026d3bac972323bf05453ec86ca7,benchmark,original,No-EC,5000,planning,53,2.636365906620588,81233.33333333333,-0.044676409188468824
WEN38:i1:nsga2:s60004:r4:PR1_HT1_EC0:55d5a07c7ef1,WEN38,1,60004,4,PR1_HT1_EC0,cf9bc95d906238978e0c5ab26a1947d4104e026d3bac972323bf05453ec86ca7,benchmark,original,No-EC,5000,planning,54,2.692620336102448,93183.66666666667,-0.4453333333340197
WEN38:i1:nsga2:s60004:r4:PR1_HT1_EC0:55d5a07c7ef1,WEN38,1,60004,4,PR1_HT1_EC0,cf9bc95d906238978e0c5ab26a1947d4104e026d3bac972323bf05453ec86ca7,benchmark,original,No-EC,5000,planning,55,2.7045799392219423,79965.33333333334,-0.0
WEN38:i1:nsga2:s60004:r4:PR1_HT1_EC0:55d5a07c7ef1,WEN38,1,60004,4,PR1_HT1_EC0,cf9bc95d906238978e0c5ab26a1947d4104e026d3bac972323bf05453ec86ca7,benchmark,original,No-EC,5000,planning,56,2.7056430150542585,78819.5,-0.0
WEN38:i1:nsga2:s60004:r4:PR1_HT1_EC0:55d5a07c7ef1,WEN38,1,60004,4,PR1_HT1_EC0,cf9bc95d906238978e0c5ab26a1947d4104e026d3bac972323bf05453ec86ca7,benchmark,original,No-EC,5000,planning,57,2.7056430150542585,79495.5,-0.07405908539294614
WEN38:i1:nsga2:s60004:r4:PR1_HT1_EC0:55d5a07c7ef1,WEN38,1,60004,4,PR1_HT1_EC0,cf9bc95d906238978e0c5ab26a1947d4104e026d3bac972323bf05453ec86ca7,benchmark,original,No-EC,5000,planning,58,2.706528911581544,78662.66666666667,-0.0
WEN38:i1:nsga2:s60004:r4:PR1_HT1_EC0:55d5a07c7ef1,WEN38,1,60004,4,PR1_HT1_EC0,cf9bc95d906238978e0c5ab26a1947d4104e026d3bac972323bf05453ec86ca7,benchmark,original,No-EC,5000,planning,59,2.710869804564515,91723.5,-0.4349222030141391
WEN38:i1:nsga2:s60004:r4:PR1_HT1_EC0:55d5a07c7ef1,WEN38,1,60004,4,PR1_HT1_EC0,cf9bc95d906238978e0c5ab26a1947d4104e026d3bac972323bf05453ec86ca7,benchmark,original,No-EC,5000,planning,60,2.7297394005964053,87446.5,-0.3385371494669016
WEN38:i1:nsga2:s60004:r4:PR1_HT1_EC0:55d5a07c7ef1,WEN38,1,60004,4,PR1_HT1_EC0,cf9bc95d906238978e0c5ab26a1947d4104e026d3bac972323bf05453ec86ca7,benchmark,original,No-EC,5000,planning,61,2.7360292659415792,78701.00000000001,-0.05998356614873046
WEN38:i1:nsga2:s60004:r4:PR1_HT1_EC0:55d5a07c7ef1,WEN38,1,60004,4,PR1_HT1_EC0,cf9bc95d906238978e0c5ab26a1947d4104e026d3bac972323bf05453ec86ca7,benchmark,original,No-EC,5000,planning,62,2.738952724481618,79006.66666666667,-0.07405908539294614
WEN38:i1:nsga2:s60004:r4:PR1_HT1_EC0:55d5a07c7ef1,WEN38,1,60004,4,PR1_HT1_EC0,cf9bc95d906238978e0c5ab26a1947d4104e026d3bac972323bf05453ec86ca7,benchmark,original,No-EC,5000,planning,63,2.7432050278111344,85490.83333333333,-0.2798237330835036
WEN38:i1:nsga2:s60004:r4:PR1_HT1_EC0:55d5a07c7ef1,WEN38,1,60004,4,PR1_HT1_EC0,cf9bc95d906238978e0c5ab26a1947d4104e026d3bac972323bf05453ec86ca7,benchmark,original,No-EC,5000,planning,64,2.74409092433842,82259.83333333334,-0.2798237330835036
WEN38:i1:nsga2:s60004:r4:PR1_HT1_EC0:55d5a07c7ef1,WEN38,1,60004,4,PR1_HT1_EC0,cf9bc95d906238978e0c5ab26a1947d4104e026d3bac972323bf05453ec86ca7,benchmark,original,No-EC,5000,planning,65,2.768187309880991,77679.0,-0.0
WEN38:i1:nsga2:s60004:r4:PR1_HT1_EC0:55d5a07c7ef1,WEN38,1,60004,4,PR1_HT1_EC0,cf9bc95d906238978e0c5ab26a1947d4104e026d3bac972323bf05453ec86ca7,benchmark,original,No-EC,5000,planning,66,2.7690732064082764,71162.0,-0.0
WEN38:i1:nsga2:s60004:r4:PR1_HT1_EC0:55d5a07c7ef1,WEN38,1,60004,4,PR1_HT1_EC0,cf9bc95d906238978e0c5ab26a1947d4104e026d3bac972323bf05453ec86ca7,benchmark,original,No-EC,5000,planning,67,2.7690732064078523,79655.5,-0.2798237330835036
WEN38:i1:nsga2:s60004:r4:PR1_HT1_EC0:55d5a07c7ef1,WEN38,1,60004,4,PR1_HT1_EC0,cf9bc95d906238978e0c5ab26a1947d4104e026d3bac972323bf05453ec86ca7,benchmark,original,No-EC,5000,planning,68,2.8170002085346857,76357.5,-0.07405908539294614
WEN38:i1:nsga2:s60004:r4:PR1_HT1_EC0:55d5a07c7ef1,WEN38,1,60004,4,PR1_HT1_EC0,cf9bc95d906238978e0c5ab26a1947d4104e026d3bac972323bf05453ec86ca7,benchmark,original,No-EC,5000,planning,69,2.843991434148136,90892.33333333334,-0.3527581329581153
WEN38:i1:nsga2:s60004:r4:PR1_HT1_EC0:55d5a07c7ef1,WEN38,1,60004,4,PR1_HT1_EC0,cf9bc95d906238978e0c5ab26a1947d4104e026d3bac972323bf05453ec86ca7,benchmark,original,No-EC,5000,planning,70,2.8669647726738683,78260.5,-0.16890664729635319
WEN38:i1:nsga2:s60004:r4:PR1_HT1_EC0:55d5a07c7ef1,WEN38,1,60004,4,PR1_HT1_EC0,cf9bc95d906238978e0c5ab26a1947d4104e026d3bac972323bf05453ec86ca7,benchmark,original,No-EC,5000,planning,71,2.9168121286909856,80731.5,-0.39582783205878513
WEN38:i1:nsga2:s60004:r4:PR1_HT1_EC0:55d5a07c7ef1,WEN38,1,60004,4,PR1_HT1_EC0,cf9bc95d906238978e0c5ab26a1947d4104e026d3bac972323bf05453ec86ca7,benchmark,original,No-EC,5000,planning,72,2.9598953183857235,88697.66666666666,-0.40057636887740955
WEN38:i1:nsga2:s60004:r4:PR1_HT1_EC1:412ad82c5ece,WEN38,1,60004,4,PR1_HT1_EC1,cf9bc95d906238978e0c5ab26a1947d4104e026d3bac972323bf05453ec86ca7,benchmark,original,Full,5000,planning,0,2.458034935676676,118496.33333333334,-0.0
WEN38:i1:nsga2:s60004:r4:PR1_HT1_EC1:412ad82c5ece,WEN38,1,60004,4,PR1_HT1_EC1,cf9bc95d906238978e0c5ab26a1947d4104e026d3bac972323bf05453ec86ca7,benchmark,original,Full,5000,planning,1,2.4589208322039617,107114.00000000001,-0.0
WEN38:i1:nsga2:s60004:r4:PR1_HT1_EC1:412ad82c5ece,WEN38,1,60004,4,PR1_HT1_EC1,cf9bc95d906238978e0c5ab26a1947d4104e026d3bac972323bf05453ec86ca7,benchmark,original,Full,5000,planning,2,2.4589208322039617,144514.0,-0.08865248226950355
WEN38:i1:nsga2:s60004:r4:PR1_HT1_EC1:412ad82c5ece,WEN38,1,60004,4,PR1_HT1_EC1,cf9bc95d906238978e0c5ab26a1947d4104e026d3bac972323bf05453ec86ca7,benchmark,original,Full,5000,planning,3,2.459009421856507,106141.33333333334,-0.0
WEN38:i1:nsga2:s60004:r4:PR1_HT1_EC1:412ad82c5ece,WEN38,1,60004,4,PR1_HT1_EC1,cf9bc95d906238978e0c5ab26a1947d4104e026d3bac972323bf05453ec86ca7,benchmark,original,Full,5000,planning,4,2.459250339533863,105835.33333333334,-0.0
WEN38:i1:nsga2:s60004:r4:PR1_HT1_EC1:412ad82c5ece,WEN38,1,60004,4,PR1_HT1_EC1,cf9bc95d906238978e0c5ab26a1947d4104e026d3bac972323bf05453ec86ca7,benchmark,original,Full,5000,planning,5,2.4592503395334546,143359.0,-0.1595744680851064
WEN38:i1:nsga2:s60004:r4:PR1_HT1_EC1:412ad82c5ece,WEN38,1,60004,4,PR1_HT1_EC1,cf9bc95d906238978e0c5ab26a1947d4104e026d3bac972323bf05453ec86ca7,benchmark,original,Full,5000,planning,6,2.4593389291864254,92521.33333333334,-0.0
WEN38:i1:nsga2:s60004:r4:PR1_HT1_EC1:412ad82c5ece,WEN38,1,60004,4,PR1_HT1_EC1,cf9bc95d906238978e0c5ab26a1947d4104e026d3bac972323bf05453ec86ca7,benchmark,original,Full,5000,planning,7,2.4598332813226413,138602.33333333334,-0.01773049645390071
WEN38:i1:nsga2:s60004:r4:PR1_HT1_EC1:412ad82c5ece,WEN38,1,60004,4,PR1_HT1_EC1,cf9bc95d906238978e0c5ab26a1947d4104e026d3bac972323bf05453ec86ca7,benchmark,original,Full,5000,planning,8,2.4614521387419392,158202.33333333334,-0.1950354609929078
WEN38:i1:nsga2:s60004:r4:PR1_HT1_EC1:412ad82c5ece,WEN38,1,60004,4,PR1_HT1_EC1,cf9bc95d906238978e0c5ab26a1947d4104e026d3bac972323bf05453ec86ca7,benchmark,original,Full,5000,planning,9,2.4619845031256364,142754.3333333333,-0.48276684825214033
WEN38:i1:nsga2:s60004:r4:PR1_HT1_EC1:412ad82c5ece,WEN38,1,60004,4,PR1_HT1_EC1,cf9bc95d906238978e0c5ab26a1947d4104e026d3bac972323bf05453ec86ca7,benchmark,original,Full,5000,planning,10,2.4620452610183623,159261.33333333334,-0.7973068745568526
WEN38:i1:nsga2:s60004:r4:PR1_HT1_EC1:412ad82c5ece,WEN38,1,60004,4,PR1_HT1_EC1,cf9bc95d906238978e0c5ab26a1947d4104e026d3bac972323bf05453ec86ca7,benchmark,original,Full,5000,planning,11,2.462388510609741,155856.6666666667,-0.7973068745568526
WEN38:i1:nsga2:s60004:r4:PR1_HT1_EC1:412ad82c5ece,WEN38,1,60004,4,PR1_HT1_EC1,cf9bc95d906238978e0c5ab26a1947d4104e026d3bac972323bf05453ec86ca7,benchmark,original,Full,5000,planning,12,2.4632192871699,153623.0,-0.7973068745568526
WEN38:i1:nsga2:s60004:r4:PR1_HT1_EC1:412ad82c5ece,WEN38,1,60004,4,PR1_HT1_EC1,cf9bc95d906238978e0c5ab26a1947d4104e026d3bac972323bf05453ec86ca7,benchmark,original,Full,5000,planning,13,2.4632919690810784,140573.6666666667,-0.48535741785872233
WEN38:i1:nsga2:s60004:r4:PR1_HT1_EC1:412ad82c5ece,WEN38,1,60004,4,PR1_HT1_EC1,cf9bc95d906238978e0c5ab26a1947d4104e026d3bac972323bf05453ec86ca7,benchmark,original,Full,5000,planning,14,2.4636835105950112,153585.3333333333,-0.7082106330672104
WEN38:i1:nsga2:s60004:r4:PR1_HT1_EC1:412ad82c5ece,WEN38,1,60004,4,PR1_HT1_EC1,cf9bc95d906238978e0c5ab26a1947d4104e026d3bac972323bf05453ec86ca7,benchmark,original,Full,5000,planning,15,2.463714390303555,139921.6666666667,-0.4866232237409349
WEN38:i1:nsga2:s60004:r4:PR1_HT1_EC1:412ad82c5ece,WEN38,1,60004,4,PR1_HT1_EC1,cf9bc95d906238978e0c5ab26a1947d4104e026d3bac972323bf05453ec86ca7,benchmark,original,Full,5000,planning,16,2.4638003992135715,145560.0,-0.7973068745568526
WEN38:i1:nsga2:s60004:r4:PR1_HT1_EC1:412ad82c5ece,WEN38,1,60004,4,PR1_HT1_EC1,cf9bc95d906238978e0c5ab26a1947d4104e026d3bac972323bf05453ec86ca7,benchmark,original,Full,5000,planning,17,2.4639817942908815,110909.66666666667,-0.5250339847316354
WEN38:i1:nsga2:s60004:r4:PR1_HT1_EC1:412ad82c5ece,WEN38,1,60004,4,PR1_HT1_EC1,cf9bc95d906238978e0c5ab26a1947d4104e026d3bac972323bf05453ec86ca7,benchmark,original,Full,5000,planning,18,2.4644254050723857,145451.0,-0.5358251646184726
WEN38:i1:nsga2:s60004:r4:PR1_HT1_EC1:412ad82c5ece,WEN38,1,60004,4,PR1_HT1_EC1,cf9bc95d906238978e0c5ab26a1947d4104e026d3bac972323bf05453ec86ca7,benchmark,original,Full,5000,planning,19,2.464590581512483,138907.0,-0.7973068745568526
WEN38:i1:nsga2:s60004:r4:PR1_HT1_EC1:412ad82c5ece,WEN38,1,60004,4,PR1_HT1_EC1,cf9bc95d906238978e0c5ab26a1947d4104e026d3bac972323bf05453ec86ca7,benchmark,original,Full,5000,planning,20,2.464606141402701,130035.0,-0.5253046839488889
WEN38:i1:nsga2:s60004:r4:PR1_HT1_EC1:412ad82c5ece,WEN38,1,60004,4,PR1_HT1_EC1,cf9bc95d906238978e0c5ab26a1947d4104e026d3bac972323bf05453ec86ca7,benchmark,original,Full,5000,planning,21,2.4646383922572888,131981.0,-0.529410914195978
WEN38:i1:nsga2:s60004:r4:PR1_HT1_EC1:412ad82c5ece,WEN38,1,60004,4,PR1_HT1_EC1,cf9bc95d906238978e0c5ab26a1947d4104e026d3bac972323bf05453ec86ca7,benchmark,original,Full,5000,planning,22,2.464944928589527,85943.0,-0.0
WEN38:i1:nsga2:s60004:r4:PR1_HT1_EC1:412ad82c5ece,WEN38,1,60004,4,PR1_HT1_EC1,cf9bc95d906238978e0c5ab26a1947d4104e026d3bac972323bf05453ec86ca7,benchmark,original,Full,5000,planning,23,2.4653878768531694,108275.66666666669,-0.4453333333340197
WEN38:i1:nsga2:s60004:r4:PR1_HT1_EC1:412ad82c5ece,WEN38,1,60004,4,PR1_HT1_EC1,cf9bc95d906238978e0c5ab26a1947d4104e026d3bac972323bf05453ec86ca7,benchmark,original,Full,5000,planning,24,2.4654425862958016,133361.66666666666,-0.7973068745568526
WEN38:i1:nsga2:s60004:r4:PR1_HT1_EC1:412ad82c5ece,WEN38,1,60004,4,PR1_HT1_EC1,cf9bc95d906238978e0c5ab26a1947d4104e026d3bac972323bf05453ec86ca7,benchmark,original,Full,5000,planning,25,2.4654761398253555,115540.33333333333,-0.5266029716394769
WEN38:i1:nsga2:s60004:r4:PR1_HT1_EC1:412ad82c5ece,WEN38,1,60004,4,PR1_HT1_EC1,cf9bc95d906238978e0c5ab26a1947d4104e026d3bac972323bf05453ec86ca7,benchmark,original,Full,5000,planning,26,2.46555667045326,133227.6666666667,-0.7193147711241181
WEN38:i1:nsga2:s60004:r4:PR1_HT1_EC1:412ad82c5ece,WEN38,1,60004,4,PR1_HT1_EC1,cf9bc95d906238978e0c5ab26a1947d4104e026d3bac972323bf05453ec86ca7,benchmark,original,Full,5000,planning,27,2.4657376892408207,109913.66666666666,-0.5263322724222235
WEN38:i1:nsga2:s60004:r4:PR1_HT1_EC1:412ad82c5ece,WEN38,1,60004,4,PR1_HT1_EC1,cf9bc95d906238978e0c5ab26a1947d4104e026d3bac972323bf05453ec86ca7,benchmark,original,Full,5000,planning,28,2.4662638772723247,131991.0,-0.5993327793039498
WEN38:i1:nsga2:s60004:r4:PR1_HT1_EC1:412ad82c5ece,WEN38,1,60004,4,PR1_HT1_EC1,cf9bc95d906238978e0c5ab26a1947d4104e026d3bac972323bf05453ec86ca7,benchmark,original,Full,5000,planning,29,2.466392144909401,120547.83333333334,-0.5306896025285823
WEN38:i1:nsga2:s60004:r4:PR1_HT1_EC1:412ad82c5ece,WEN38,1,60004,4,PR1_HT1_EC1,cf9bc95d906238978e0c5ab26a1947d4104e026d3bac972323bf05453ec86ca7,benchmark,original,Full,5000,planning,30,2.466612936265598,129148.83333333333,-0.7230872871405154
WEN38:i1:nsga2:s60004:r4:PR1_HT1_EC1:412ad82c5ece,WEN38,1,60004,4,PR1_HT1_EC1,cf9bc95d906238978e0c5ab26a1947d4104e026d3bac972323bf05453ec86ca7,benchmark,original,Full,5000,planning,31,2.466765508126871,115989.0,-0.5370455197207775
WEN38:i1:nsga2:s60004:r4:PR1_HT1_EC1:412ad82c5ece,WEN38,1,60004,4,PR1_HT1_EC1,cf9bc95d906238978e0c5ab26a1947d4104e026d3bac972323bf05453ec86ca7,benchmark,original,Full,5000,planning,32,2.4668939690785914,103523.66666666667,-0.4875279745729131
WEN38:i1:nsga2:s60004:r4:PR1_HT1_EC1:412ad82c5ece,WEN38,1,60004,4,PR1_HT1_EC1,cf9bc95d906238978e0c5ab26a1947d4104e026d3bac972323bf05453ec86ca7,benchmark,original,Full,5000,planning,33,2.467214366948609,105417.0,-0.4931291266793778
WEN38:i1:nsga2:s60004:r4:PR1_HT1_EC1:412ad82c5ece,WEN38,1,60004,4,PR1_HT1_EC1,cf9bc95d906238978e0c5ab26a1947d4104e026d3bac972323bf05453ec86ca7,benchmark,original,Full,5000,planning,34,2.4676514046541564,108768.66666666667,-0.5370455197207775
WEN38:i1:nsga2:s60004:r4:PR1_HT1_EC1:412ad82c5ece,WEN38,1,60004,4,PR1_HT1_EC1,cf9bc95d906238978e0c5ab26a1947d4104e026d3bac972323bf05453ec86ca7,benchmark,original,Full,5000,planning,35,2.4676573152123233,107922.33333333334,-0.49445644284605805
WEN38:i1:nsga2:s60004:r4:PR1_HT1_EC1:412ad82c5ece,WEN38,1,60004,4,PR1_HT1_EC1,cf9bc95d906238978e0c5ab26a1947d4104e026d3bac972323bf05453ec86ca7,benchmark,original,Full,5000,planning,36,2.4680138662189384,128524.33333333334,-0.7346745586692123
WEN38:i1:nsga2:s60004:r4:PR1_HT1_EC1:412ad82c5ece,WEN38,1,60004,4,PR1_HT1_EC1,cf9bc95d906238978e0c5ab26a1947d4104e026d3bac972323bf05453ec86ca7,benchmark,original,Full,5000,planning,37,2.468147106699247,124369.0,-0.7973068745568526
WEN38:i1:nsga2:s60004:r4:PR1_HT1_EC1:412ad82c5ece,WEN38,1,60004,4,PR1_HT1_EC1,cf9bc95d906238978e0c5ab26a1947d4104e026d3bac972323bf05453ec86ca7,benchmark,original,Full,5000,planning,38,2.470131930245934,115948.0,-0.6549806906277809
WEN38:i1:nsga2:s60004:r4:PR1_HT1_EC1:412ad82c5ece,WEN38,1,60004,4,PR1_HT1_EC1,cf9bc95d906238978e0c5ab26a1947d4104e026d3bac972323bf05453ec86ca7,benchmark,original,Full,5000,planning,39,2.4741582524739902,101444.0,-0.044676409188468824
WEN38:i1:nsga2:s60004:r4:PR1_HT1_EC1:412ad82c5ece,WEN38,1,60004,4,PR1_HT1_EC1,cf9bc95d906238978e0c5ab26a1947d4104e026d3bac972323bf05453ec86ca7,benchmark,original,Full,5000,planning,40,2.4815997833032064,94573.0,-0.07405908539294614
WEN38:i1:nsga2:s60004:r4:PR1_HT1_EC1:412ad82c5ece,WEN38,1,60004,4,PR1_HT1_EC1,cf9bc95d906238978e0c5ab26a1947d4104e026d3bac972323bf05453ec86ca7,benchmark,original,Full,5000,planning,41,2.5037778923422227,99787.00000000001,-0.15353311136004777
WEN38:i1:nsga2:s60004:r4:PR1_HT1_EC1:412ad82c5ece,WEN38,1,60004,4,PR1_HT1_EC1,cf9bc95d906238978e0c5ab26a1947d4104e026d3bac972323bf05453ec86ca7,benchmark,original,Full,5000,planning,42,2.5043673240539155,102080.33333333334,-0.16875758802143537
WEN38:i1:nsga2:s60004:r4:PR1_HT1_EC1:412ad82c5ece,WEN38,1,60004,4,PR1_HT1_EC1,cf9bc95d906238978e0c5ab26a1947d4104e026d3bac972323bf05453ec86ca7,benchmark,original,Full,5000,planning,43,2.5188074374491682,92750.66666666667,-0.07405908539294614
WEN38:i1:nsga2:s60004:r4:PR1_HT1_EC1:412ad82c5ece,WEN38,1,60004,4,PR1_HT1_EC1,cf9bc95d906238978e0c5ab26a1947d4104e026d3bac972323bf05453ec86ca7,benchmark,original,Full,5000,planning,44,2.5213765373775674,99195.0,-0.5210383085623107
WEN38:i1:nsga2:s60004:r4:PR1_HT1_EC1:412ad82c5ece,WEN38,1,60004,4,PR1_HT1_EC1,cf9bc95d906238978e0c5ab26a1947d4104e026d3bac972323bf05453ec86ca7,benchmark,original,Full,5000,planning,45,2.5231483304321385,94117.0,-0.5210383085623107
WEN38:i1:nsga2:s60004:r4:PR1_HT1_EC1:412ad82c5ece,WEN38,1,60004,4,PR1_HT1_EC1,cf9bc95d906238978e0c5ab26a1947d4104e026d3bac972323bf05453ec86ca7,benchmark,original,Full,5000,planning,46,2.5347287236591125,84338.83333333333,-0.15353311136004777
WEN38:i1:nsga2:s60004:r4:PR1_HT1_EC1:412ad82c5ece,WEN38,1,60004,4,PR1_HT1_EC1,cf9bc95d906238978e0c5ab26a1947d4104e026d3bac972323bf05453ec86ca7,benchmark,original,Full,5000,planning,47,2.5786940426936216,93177.0,-0.2798237330835036
WEN38:i1:nsga2:s60004:r4:PR1_HT1_EC1:412ad82c5ece,WEN38,1,60004,4,PR1_HT1_EC1,cf9bc95d906238978e0c5ab26a1947d4104e026d3bac972323bf05453ec86ca7,benchmark,original,Full,5000,planning,48,2.6019045317089935,84170.0,-0.0
WEN38:i1:nsga2:s60004:r4:PR1_HT1_EC1:412ad82c5ece,WEN38,1,60004,4,PR1_HT1_EC1,cf9bc95d906238978e0c5ab26a1947d4104e026d3bac972323bf05453ec86ca7,benchmark,original,Full,5000,planning,49,2.6166104140614115,92054.5,-0.23350083752302453
WEN38:i1:nsga2:s60004:r4:PR1_HT1_EC1:412ad82c5ece,WEN38,1,60004,4,PR1_HT1_EC1,cf9bc95d906238978e0c5ab26a1947d4104e026d3bac972323bf05453ec86ca7,benchmark,original,Full,5000,planning,50,2.626709634472478,83548.33333333334,-0.0
WEN38:i1:nsga2:s60004:r4:PR1_HT1_EC1:412ad82c5ece,WEN38,1,60004,4,PR1_HT1_EC1,cf9bc95d906238978e0c5ab26a1947d4104e026d3bac972323bf05453ec86ca7,benchmark,original,Full,5000,planning,51,2.626886813777915,89295.5,-0.3385371494669016
WEN38:i1:nsga2:s60004:r4:PR1_HT1_EC1:412ad82c5ece,WEN38,1,60004,4,PR1_HT1_EC1,cf9bc95d906238978e0c5ab26a1947d4104e026d3bac972323bf05453ec86ca7,benchmark,original,Full,5000,planning,52,2.6354800100933025,83039.5,-0.0
WEN38:i1:nsga2:s60004:r4:PR1_HT1_EC1:412ad82c5ece,WEN38,1,60004,4,PR1_HT1_EC1,cf9bc95d906238978e0c5ab26a1947d4104e026d3bac972323bf05453ec86ca7,benchmark,original,Full,5000,planning,53,2.636365906620588,81233.33333333333,-0.044676409188468824
WEN38:i1:nsga2:s60004:r4:PR1_HT1_EC1:412ad82c5ece,WEN38,1,60004,4,PR1_HT1_EC1,cf9bc95d906238978e0c5ab26a1947d4104e026d3bac972323bf05453ec86ca7,benchmark,original,Full,5000,planning,54,2.692620336102448,93183.66666666667,-0.4453333333340197
WEN38:i1:nsga2:s60004:r4:PR1_HT1_EC1:412ad82c5ece,WEN38,1,60004,4,PR1_HT1_EC1,cf9bc95d906238978e0c5ab26a1947d4104e026d3bac972323bf05453ec86ca7,benchmark,original,Full,5000,planning,55,2.7045799392219423,79965.33333333334,-0.0
WEN38:i1:nsga2:s60004:r4:PR1_HT1_EC1:412ad82c5ece,WEN38,1,60004,4,PR1_HT1_EC1,cf9bc95d906238978e0c5ab26a1947d4104e026d3bac972323bf05453ec86ca7,benchmark,original,Full,5000,planning,56,2.7056430150542585,78819.5,-0.0
WEN38:i1:nsga2:s60004:r4:PR1_HT1_EC1:412ad82c5ece,WEN38,1,60004,4,PR1_HT1_EC1,cf9bc95d906238978e0c5ab26a1947d4104e026d3bac972323bf05453ec86ca7,benchmark,original,Full,5000,planning,57,2.7056430150542585,79495.5,-0.07405908539294614
WEN38:i1:nsga2:s60004:r4:PR1_HT1_EC1:412ad82c5ece,WEN38,1,60004,4,PR1_HT1_EC1,cf9bc95d906238978e0c5ab26a1947d4104e026d3bac972323bf05453ec86ca7,benchmark,original,Full,5000,planning,58,2.706528911581544,78662.66666666667,-0.0
WEN38:i1:nsga2:s60004:r4:PR1_HT1_EC1:412ad82c5ece,WEN38,1,60004,4,PR1_HT1_EC1,cf9bc95d906238978e0c5ab26a1947d4104e026d3bac972323bf05453ec86ca7,benchmark,original,Full,5000,planning,59,2.710869804564515,91723.5,-0.4349222030141391
WEN38:i1:nsga2:s60004:r4:PR1_HT1_EC1:412ad82c5ece,WEN38,1,60004,4,PR1_HT1_EC1,cf9bc95d906238978e0c5ab26a1947d4104e026d3bac972323bf05453ec86ca7,benchmark,original,Full,5000,planning,60,2.7297394005964053,87446.5,-0.3385371494669016
WEN38:i1:nsga2:s60004:r4:PR1_HT1_EC1:412ad82c5ece,WEN38,1,60004,4,PR1_HT1_EC1,cf9bc95d906238978e0c5ab26a1947d4104e026d3bac972323bf05453ec86ca7,benchmark,original,Full,5000,planning,61,2.7360292659415792,78701.00000000001,-0.05998356614873046
WEN38:i1:nsga2:s60004:r4:PR1_HT1_EC1:412ad82c5ece,WEN38,1,60004,4,PR1_HT1_EC1,cf9bc95d906238978e0c5ab26a1947d4104e026d3bac972323bf05453ec86ca7,benchmark,original,Full,5000,planning,62,2.738952724481618,79006.66666666667,-0.07405908539294614
WEN38:i1:nsga2:s60004:r4:PR1_HT1_EC1:412ad82c5ece,WEN38,1,60004,4,PR1_HT1_EC1,cf9bc95d906238978e0c5ab26a1947d4104e026d3bac972323bf05453ec86ca7,benchmark,original,Full,5000,planning,63,2.7432050278111344,85490.83333333333,-0.2798237330835036
WEN38:i1:nsga2:s60004:r4:PR1_HT1_EC1:412ad82c5ece,WEN38,1,60004,4,PR1_HT1_EC1,cf9bc95d906238978e0c5ab26a1947d4104e026d3bac972323bf05453ec86ca7,benchmark,original,Full,5000,planning,64,2.74409092433842,82259.83333333334,-0.2798237330835036
WEN38:i1:nsga2:s60004:r4:PR1_HT1_EC1:412ad82c5ece,WEN38,1,60004,4,PR1_HT1_EC1,cf9bc95d906238978e0c5ab26a1947d4104e026d3bac972323bf05453ec86ca7,benchmark,original,Full,5000,planning,65,2.768187309880991,77679.0,-0.0
WEN38:i1:nsga2:s60004:r4:PR1_HT1_EC1:412ad82c5ece,WEN38,1,60004,4,PR1_HT1_EC1,cf9bc95d906238978e0c5ab26a1947d4104e026d3bac972323bf05453ec86ca7,benchmark,original,Full,5000,planning,66,2.7690732064082764,71162.0,-0.0
WEN38:i1:nsga2:s60004:r4:PR1_HT1_EC1:412ad82c5ece,WEN38,1,60004,4,PR1_HT1_EC1,cf9bc95d906238978e0c5ab26a1947d4104e026d3bac972323bf05453ec86ca7,benchmark,original,Full,5000,planning,67,2.7690732064078523,79655.5,-0.2798237330835036
WEN38:i1:nsga2:s60004:r4:PR1_HT1_EC1:412ad82c5ece,WEN38,1,60004,4,PR1_HT1_EC1,cf9bc95d906238978e0c5ab26a1947d4104e026d3bac972323bf05453ec86ca7,benchmark,original,Full,5000,planning,68,2.8170002085346857,76357.5,-0.07405908539294614
WEN38:i1:nsga2:s60004:r4:PR1_HT1_EC1:412ad82c5ece,WEN38,1,60004,4,PR1_HT1_EC1,cf9bc95d906238978e0c5ab26a1947d4104e026d3bac972323bf05453ec86ca7,benchmark,original,Full,5000,planning,69,2.843991434148136,90892.33333333334,-0.3527581329581153
WEN38:i1:nsga2:s60004:r4:PR1_HT1_EC1:412ad82c5ece,WEN38,1,60004,4,PR1_HT1_EC1,cf9bc95d906238978e0c5ab26a1947d4104e026d3bac972323bf05453ec86ca7,benchmark,original,Full,5000,planning,70,2.8669647726738683,78260.5,-0.16890664729635319
WEN38:i1:nsga2:s60004:r4:PR1_HT1_EC1:412ad82c5ece,WEN38,1,60004,4,PR1_HT1_EC1,cf9bc95d906238978e0c5ab26a1947d4104e026d3bac972323bf05453ec86ca7,benchmark,original,Full,5000,planning,71,2.9168121286909856,80731.5,-0.39582783205878513
WEN38:i1:nsga2:s60004:r4:PR1_HT1_EC1:412ad82c5ece,WEN38,1,60004,4,PR1_HT1_EC1,cf9bc95d906238978e0c5ab26a1947d4104e026d3bac972323bf05453ec86ca7,benchmark,original,Full,5000,planning,72,2.9598953183857235,88697.66666666666,-0.40057636887740955
