label,solver_seed,planning_model,solution_index,decision_hash,planning_F1,planning_F2,planning_F3,execution_F1,execution_F2,execution_F3,delta_F1,delta_F2,delta_F3,objective_changed,changed_F1,changed_F2,changed_F3,is_full_self_replay,decision
SR-C_seed6_natural-active,70001,Full,0,0f8dcb22bb454c1e,2.4772574884079344,173413.33333333334,-0.7973068745568526,2.4772574884079344,173413.33333333334,-0.7973068745568526,0.0,0.0,0.0,False,False,False,False,True,"{""repair_order"": [4, 7, 8, 9, 0, 15, 5, 11, 6, 1, 2, 10, 13, 12, 14, 3], ""team_assignment"": [0, 0, 2, 1, 1, 0, 1, 0, 1, 0, 1, 1, 1, 2, 1, 0], ""dispatch_priority"": [[6, 18], [6, 20], [6, 27], [37, 15], [32, 9], [6, 24], [6, 36], [6, 19], [37, 38], [6, 17], [6, 38], [32, 27], [32, 14], [6, 22], [32, 20], [37, 18], [32, 28], [6, 5], [32, 31], [32, 3], [37, 24], [6, 11], [37, 25], [32, 24], [37, 20], [37, 14], [37, 9], [6, 28], [37, 3], [6, 29], [37, 12], [37, 35], [32, 38], [37, 21], [6, 33], [32, 4], [32, 16], [37, 29], [37, 33], [37, 8], [32, 12], [32, 5], [6, 14], [37, 16], [32, 22], [6, 34], [37, 30], [6, 10], [37, 17], [37, 10], [6, 21], [32, 21], [6, 1], [32, 33], [37, 23], [6, 12], [6, 13], [32, 10], [37, 28], [32, 35], [32, 34], [37, 26], [37, 7], [37, 2], [37, 27], [37, 31], [32, 1], [6, 3], [37, 19], [6, 35], [37, 1], [6, 26], [32, 23], [6, 16], [6, 8], [37, 36], [32, 25], [6, 23], [37, 34], [6, 7], [32, 18], [6, 15], [6, 31], [32, 36], [37, 5], [32, 30], [37, 13], [6, 9], [32, 7], [6, 25], [37, 4], [32, 8], [32, 13], [32, 19], [32, 29], [32, 17], [32, 15], [37, 11], [37, 22], [32, 2], [6, 30], [32, 26], [6, 2], [32, 11], [6, 4]]}"
SR-C_seed6_natural-active,70001,Full,1,ef59ca33edfb8cab,2.4781889796936447,157886.33333333334,-0.7973068745568526,2.4781889796936447,157886.33333333334,-0.7973068745568526,0.0,0.0,0.0,False,False,False,False,True,"{""repair_order"": [7, 0, 8, 5, 4, 6, 15, 10, 13, 9, 14, 3, 1, 11, 12, 2], ""team_assignment"": [1, 2, 2, 0, 1, 1, 1, 1, 2, 0, 1, 1, 0, 0, 1, 2], ""dispatch_priority"": [[32, 38], [6, 20], [37, 12], [37, 36], [6, 4], [32, 1], [6, 24], [6, 17], [32, 20], [6, 31], [37, 18], [37, 17], [6, 8], [32, 33], [6, 15], [32, 34], [6, 14], [37, 23], [6, 1], [32, 28], [32, 22], [6, 33], [6, 5], [32, 31], [6, 34], [32, 3], [6, 16], [37, 30], [37, 24], [6, 29], [37, 2], [32, 24], [37, 20], [6, 13], [37, 14], [37, 9], [6, 3], [32, 18], [37, 35], [37, 29], [37, 26], [32, 12], [6, 26], [6, 35], [32, 23], [6, 28], [37, 8], [32, 35], [37, 3], [37, 4], [32, 4], [37, 19], [32, 8], [32, 13], [37, 31], [6, 10], [32, 30], [6, 19], [6, 7], [6, 23], [32, 19], [32, 21], [32, 29], [6, 38], [32, 14], [37, 33], [32, 17], [32, 15], [37, 11], [37, 22], [32, 2], [37, 27], [6, 25], [32, 10], [6, 12], [6, 30], [32, 36], [32, 26], [6, 2], [37, 1], [32, 16], [32, 11], [37, 16], [37, 21], [6, 9], [6, 27], [37, 5], [32, 27], [37, 13], [37, 10], [32, 9], [37, 7], [6, 11], [32, 25], [37, 28], [6, 22], [37, 25], [6, 21], [37, 34], [32, 7], [32, 5], [6, 18], [6, 36], [37, 38], [37, 15]]}"
SR-C_seed6_natural-active,70001,Full,2,a29420c8f2f7b8a2,2.4748690098971577,173485.6666666667,-0.7973068745568526,2.4748690098971577,173485.6666666667,-0.7973068745568526,0.0,0.0,0.0,False,False,False,False,True,"{""repair_order"": [7, 15, 5, 4, 1, 2, 0, 6, 8, 10, 13, 9, 11, 12, 14, 3], ""team_assignment"": [1, 0, 2, 1, 1, 0, 1, 0, 2, 0, 2, 1, 0, 2, 1, 0], ""dispatch_priority"": [[6, 18], [32, 5], [6, 20], [6, 27], [37, 15], [32, 9], [6, 24], [6, 36], [6, 19], [37, 38], [37, 7], [6, 17], [37, 34], [6, 38], [6, 34], [32, 10], [32, 27], [32, 14], [37, 30], [32, 18], [32, 7], [6, 23], [6, 31], [37, 1], [37, 26], [37, 2], [6, 22], [32, 20], [37, 18], [32, 34], [6, 1], [32, 28], [6, 33], [6, 5], [32, 31], [32, 3], [6, 16], [37, 24], [6, 29], [6, 11], [32, 25], [37, 28], [37, 25], [32, 24], [37, 20], [6, 13], [37, 14], [37, 9], [6, 3], [37, 35], [37, 29], [32, 12], [6, 26], [6, 35], [32, 23], [6, 28], [37, 8], [32, 35], [37, 3], [37, 4], [32, 4], [37, 19], [32, 8], [32, 13], [37, 31], [6, 10], [6, 7], [32, 19], [32, 21], [32, 29], [37, 33], [32, 17], [32, 15], [37, 11], [37, 22], [32, 2], [37, 27], [6, 25], [6, 12], [6, 30], [32, 36], [32, 26], [6, 2], [32, 16], [32, 11], [37, 16], [37, 21], [32, 30], [37, 12], [6, 14], [37, 17], [37, 10], [6, 21], [32, 1], [6, 15], [37, 5], [37, 13], [6, 9], [6, 4], [37, 23], [32, 22], [37, 36], [32, 38], [32, 33], [6, 8]]}"
SR-C_seed6_natural-active,70001,Full,3,ced5de76e29ea691,2.481264015243589,152004.16666666666,-0.7973068745568526,2.481264015243589,152004.16666666666,-0.7973068745568526,0.0,0.0,0.0,False,False,False,False,True,"{""repair_order"": [15, 8, 2, 4, 0, 5, 7, 11, 6, 10, 12, 9, 14, 3, 13, 1], ""team_assignment"": [1, 0, 2, 1, 1, 0, 0, 0, 2, 0, 0, 1, 1, 2, 1, 0], ""dispatch_priority"": [[6, 22], [32, 4], [32, 31], [6, 10], [6, 18], [37, 11], [32, 5], [37, 24], [6, 29], [32, 2], [37, 7], [6, 17], [37, 34], [6, 38], [6, 34], [32, 10], [32, 27], [32, 14], [37, 30], [32, 18], [32, 7], [6, 23], [6, 31], [37, 1], [6, 25], [37, 35], [37, 29], [32, 28], [37, 25], [37, 20], [37, 8], [6, 30], [32, 19], [32, 26], [32, 20], [6, 11], [6, 20], [37, 38], [6, 27], [37, 15], [37, 3], [32, 9], [32, 11], [37, 33], [6, 24], [6, 2], [6, 36], [32, 17], [6, 28], [37, 16], [32, 13], [37, 28], [32, 30], [32, 3], [32, 24], [37, 18], [32, 8], [37, 12], [37, 21], [6, 33], [32, 16], [32, 12], [6, 14], [37, 17], [37, 10], [6, 21], [37, 26], [32, 34], [32, 21], [37, 2], [37, 27], [37, 31], [32, 1], [6, 3], [37, 19], [6, 35], [6, 1], [6, 12], [6, 13], [32, 35], [6, 26], [32, 23], [6, 16], [32, 25], [6, 7], [6, 15], [32, 36], [37, 5], [37, 13], [6, 9], [37, 14], [6, 4], [37, 9], [6, 5], [37, 23], [32, 22], [37, 36], [32, 38], [37, 22], [32, 33], [6, 8], [32, 29], [37, 4], [6, 19], [32, 15]]}"
SR-C_seed6_natural-active,70001,Full,4,5a6dab972f9d0200,2.5985306807608985,151933.0,-0.7611192315716835,2.5985306807608985,151933.0,-0.7611192315716835,0.0,0.0,0.0,False,False,False,False,True,"{""repair_order"": [7, 8, 0, 15, 5, 11, 3, 9, 4, 6, 13, 14, 12, 2, 10, 1], ""team_assignment"": [1, 2, 1, 1, 1, 2, 0, 0, 1, 0, 1, 1, 0, 2, 0, 0], ""dispatch_priority"": [[6, 2], [6, 28], [6, 38], [32, 31], [6, 10], [6, 11], [6, 20], [37, 38], [32, 14], [6, 27], [32, 20], [6, 30], [32, 24], [37, 18], [32, 19], [32, 4], [32, 12], [37, 15], [37, 3], [32, 29], [6, 24], [37, 4], [32, 17], [32, 16], [6, 19], [32, 9], [32, 11], [32, 33], [32, 27], [32, 18], [6, 18], [37, 11], [32, 5], [37, 33], [37, 24], [37, 21], [6, 29], [32, 2], [37, 14], [6, 25], [32, 15], [6, 34], [37, 35], [32, 25], [37, 29], [32, 28], [6, 26], [32, 26], [37, 13], [37, 30], [6, 16], [32, 34], [32, 10], [6, 35], [37, 25], [6, 8], [6, 22], [37, 31], [6, 14], [37, 7], [37, 12], [37, 20], [6, 13], [6, 12], [37, 8], [6, 3], [37, 22], [6, 17], [32, 38], [37, 5], [6, 21], [32, 21], [6, 1], [37, 23], [37, 28], [32, 35], [37, 26], [37, 2], [37, 27], [32, 1], [37, 17], [37, 1], [32, 23], [37, 36], [6, 23], [37, 34], [6, 7], [6, 15], [6, 31], [32, 36], [32, 30], [6, 9], [37, 16], [32, 22], [6, 33], [37, 19], [6, 36], [32, 8], [32, 3], [37, 10], [32, 7], [6, 4], [32, 13], [37, 9], [6, 5]]}"
SR-C_seed6_natural-active,70001,Full,5,c57296a872bc0506,2.824094783867337,134565.0,-0.7611192315716835,2.824094783867337,134565.0,-0.7611192315716835,0.0,0.0,0.0,False,False,False,False,True,"{""repair_order"": [15, 6, 13, 8, 1, 2, 4, 7, 0, 10, 12, 5, 11, 9, 14, 3], ""team_assignment"": [1, 2, 1, 1, 1, 2, 1, 0, 2, 2, 0, 0, 0, 2, 1, 0], ""dispatch_priority"": [[6, 22], [6, 17], [32, 4], [32, 31], [6, 10], [6, 18], [37, 11], [32, 5], [6, 29], [32, 2], [6, 25], [6, 34], [37, 35], [37, 29], [32, 28], [37, 25], [37, 20], [37, 8], [6, 30], [37, 30], [32, 19], [6, 38], [32, 26], [32, 20], [6, 11], [6, 20], [37, 38], [32, 14], [6, 27], [37, 15], [37, 3], [32, 9], [32, 11], [32, 27], [37, 33], [6, 24], [6, 2], [6, 36], [32, 17], [6, 28], [32, 13], [37, 28], [32, 30], [6, 31], [32, 18], [32, 3], [32, 24], [37, 18], [32, 8], [37, 12], [37, 21], [6, 33], [32, 12], [6, 14], [32, 35], [32, 16], [37, 16], [6, 9], [37, 24], [6, 3], [32, 1], [37, 17], [37, 10], [6, 21], [37, 26], [32, 34], [32, 21], [37, 7], [37, 2], [37, 27], [37, 31], [37, 19], [6, 35], [37, 1], [6, 1], [6, 12], [6, 13], [32, 10], [6, 26], [32, 23], [6, 16], [32, 25], [6, 23], [37, 34], [6, 7], [6, 15], [32, 36], [37, 5], [37, 13], [32, 7], [37, 14], [6, 4], [37, 9], [6, 5], [37, 23], [32, 22], [37, 36], [32, 38], [37, 22], [32, 33], [6, 8], [32, 29], [37, 4], [6, 19], [32, 15]]}"
SR-C_seed6_natural-active,70001,Full,6,97c004e31085ca67,2.822585756955844,150077.66666666666,-0.7568267146052676,2.822585756955844,150077.66666666666,-0.7568267146052676,0.0,0.0,0.0,False,False,False,False,True,"{""repair_order"": [13, 7, 8, 9, 0, 15, 5, 11, 6, 10, 1, 3, 14, 2, 4, 12], ""team_assignment"": [0, 0, 1, 1, 1, 0, 0, 0, 1, 2, 1, 1, 1, 2, 0, 0], ""dispatch_priority"": [[6, 22], [6, 17], [6, 24], [32, 26], [6, 2], [6, 36], [32, 17], [37, 11], [6, 28], [37, 25], [32, 20], [32, 3], [6, 11], [37, 15], [6, 18], [6, 30], [6, 20], [32, 24], [32, 28], [32, 14], [37, 3], [37, 38], [37, 20], [32, 9], [37, 18], [32, 27], [32, 8], [32, 19], [32, 31], [6, 29], [37, 12], [37, 35], [32, 38], [37, 21], [6, 33], [32, 4], [32, 16], [37, 29], [37, 33], [37, 8], [32, 12], [32, 5], [6, 14], [37, 16], [32, 22], [6, 34], [37, 30], [6, 10], [37, 17], [37, 10], [6, 21], [32, 21], [6, 1], [32, 33], [37, 23], [6, 12], [6, 13], [32, 10], [37, 28], [32, 35], [32, 34], [37, 26], [37, 7], [37, 2], [37, 27], [37, 31], [32, 1], [6, 3], [37, 19], [6, 35], [37, 1], [6, 26], [32, 23], [6, 16], [6, 8], [37, 36], [32, 25], [6, 23], [37, 34], [6, 7], [32, 18], [6, 15], [6, 31], [32, 36], [37, 5], [32, 30], [37, 13], [6, 9], [32, 7], [6, 25], [37, 14], [6, 4], [32, 13], [37, 9], [6, 5], [37, 22], [32, 29], [37, 4], [6, 19], [32, 2], [37, 24], [32, 15], [32, 11], [6, 38], [6, 27]]}"
SR-C_seed6_natural-active,70001,Full,7,5db0419787e9964f,2.830392979137245,133679.0,-0.7567610294599945,2.830392979137245,133679.0,-0.7567610294599945,0.0,0.0,0.0,False,False,False,False,True,"{""repair_order"": [15, 6, 13, 8, 1, 2, 4, 9, 0, 10, 12, 7, 11, 5, 14, 3], ""team_assignment"": [1, 2, 1, 0, 1, 0, 1, 2, 1, 2, 1, 0, 0, 2, 1, 0], ""dispatch_priority"": [[6, 22], [6, 17], [32, 31], [6, 10], [6, 18], [37, 11], [32, 2], [6, 25], [32, 28], [37, 25], [37, 20], [6, 30], [37, 30], [6, 38], [32, 26], [32, 20], [6, 11], [6, 20], [37, 38], [32, 14], [6, 27], [37, 15], [37, 3], [32, 9], [32, 11], [32, 27], [6, 24], [6, 2], [6, 36], [32, 17], [6, 28], [32, 13], [37, 28], [32, 30], [37, 18], [32, 8], [32, 19], [6, 29], [37, 12], [37, 35], [37, 21], [6, 33], [32, 4], [32, 16], [37, 29], [37, 33], [37, 8], [32, 12], [32, 5], [6, 14], [32, 22], [6, 34], [6, 31], [32, 18], [32, 3], [32, 24], [32, 35], [37, 16], [6, 9], [37, 24], [6, 3], [32, 1], [37, 17], [37, 10], [6, 21], [37, 26], [32, 34], [32, 21], [37, 7], [37, 2], [37, 27], [37, 31], [37, 19], [6, 35], [37, 1], [6, 1], [6, 12], [6, 13], [32, 10], [6, 26], [32, 23], [6, 16], [32, 25], [6, 23], [37, 34], [6, 7], [6, 15], [32, 36], [37, 5], [37, 13], [32, 7], [37, 14], [6, 4], [37, 9], [6, 5], [37, 23], [37, 36], [32, 38], [37, 22], [32, 33], [6, 8], [32, 29], [37, 4], [6, 19], [32, 15]]}"
SR-C_seed6_natural-active,70001,Full,8,18b1ad26062cdccb,2.7123894603960297,147632.0,-0.7554582358288826,2.7123894603960297,147632.0,-0.7554582358288826,0.0,0.0,0.0,False,False,False,False,True,"{""repair_order"": [13, 7, 8, 15, 5, 2, 4, 9, 0, 10, 11, 6, 1, 3, 14, 12], ""team_assignment"": [1, 0, 1, 1, 1, 0, 1, 0, 2, 2, 0, 0, 1, 2, 0, 0], ""dispatch_priority"": [[6, 22], [6, 17], [6, 24], [32, 26], [6, 2], [6, 36], [32, 17], [37, 11], [6, 28], [37, 25], [32, 20], [32, 3], [6, 11], [37, 15], [6, 18], [6, 30], [6, 20], [32, 24], [32, 28], [32, 14], [37, 38], [32, 9], [37, 18], [32, 27], [32, 8], [32, 19], [32, 31], [6, 29], [37, 12], [37, 35], [37, 21], [6, 33], [32, 4], [32, 16], [37, 29], [37, 33], [37, 8], [32, 12], [37, 16], [32, 22], [6, 34], [37, 30], [6, 10], [37, 17], [6, 21], [32, 21], [6, 1], [6, 12], [32, 10], [37, 28], [32, 35], [32, 34], [37, 26], [37, 7], [37, 2], [32, 1], [6, 3], [37, 19], [6, 35], [37, 1], [6, 26], [32, 23], [6, 16], [37, 36], [32, 25], [6, 23], [37, 34], [6, 7], [32, 18], [6, 15], [6, 31], [37, 5], [32, 30], [6, 9], [32, 7], [32, 5], [37, 27], [37, 13], [32, 36], [32, 38], [37, 14], [32, 29], [37, 23], [37, 20], [6, 13], [37, 31], [37, 22], [32, 15], [37, 3], [32, 33], [37, 10], [6, 8], [6, 14], [6, 25], [6, 4], [32, 13], [37, 9], [6, 5], [37, 4], [6, 19], [32, 2], [37, 24], [32, 11], [6, 38], [6, 27]]}"
SR-C_seed6_natural-active,70001,Full,9,c82a1575f1d75802,2.710447284810395,148892.0,-0.7505761648681073,2.710447284810395,148892.0,-0.7505761648681073,0.0,0.0,0.0,False,False,False,False,True,"{""repair_order"": [8, 12, 5, 9, 1, 0, 7, 3, 4, 6, 15, 10, 13, 11, 14, 2], ""team_assignment"": [1, 2, 1, 1, 1, 2, 0, 0, 1, 2, 2, 1, 0, 2, 0, 2], ""dispatch_priority"": [[6, 19], [6, 11], [32, 3], [6, 21], [37, 28], [37, 23], [6, 5], [32, 21], [32, 20], [6, 30], [32, 19], [6, 38], [32, 24], [32, 22], [37, 16], [32, 13], [37, 9], [6, 28], [6, 2], [37, 38], [32, 14], [6, 27], [37, 15], [37, 3], [6, 31], [32, 9], [32, 11], [32, 33], [32, 18], [6, 18], [37, 11], [32, 5], [37, 33], [37, 24], [37, 21], [6, 29], [32, 2], [37, 14], [6, 25], [32, 15], [6, 34], [37, 35], [37, 29], [32, 28], [32, 26], [37, 13], [37, 30], [32, 10], [37, 25], [6, 22], [6, 14], [37, 12], [37, 20], [6, 13], [6, 12], [37, 8], [37, 22], [6, 17], [32, 38], [37, 5], [6, 15], [32, 29], [6, 24], [37, 4], [37, 34], [6, 7], [6, 1], [32, 35], [32, 34], [37, 26], [37, 7], [37, 2], [37, 27], [37, 31], [32, 1], [6, 3], [32, 27], [6, 35], [6, 26], [32, 23], [6, 16], [6, 8], [37, 36], [32, 25], [6, 23], [6, 9], [32, 30], [37, 19], [6, 4], [6, 36], [37, 18], [37, 1], [32, 17], [37, 10], [32, 7], [32, 31], [32, 12], [6, 10], [32, 4], [32, 36], [6, 33], [32, 16], [6, 20], [32, 8], [37, 17]]}"
SR-C_seed6_natural-active,70001,Full,10,cb77e1fb9a789ce6,2.7110905894566875,142824.83333333334,-0.744440619737361,2.7110905894566875,142824.83333333334,-0.744440619737361,0.0,0.0,0.0,False,False,False,False,True,"{""repair_order"": [8, 12, 5, 1, 0, 7, 3, 9, 4, 6, 15, 10, 13, 11, 14, 2], ""team_assignment"": [1, 2, 1, 1, 1, 2, 0, 0, 1, 1, 2, 1, 2, 2, 2, 2], ""dispatch_priority"": [[6, 19], [6, 11], [32, 3], [6, 21], [37, 28], [37, 23], [6, 5], [32, 21], [32, 20], [6, 30], [32, 19], [6, 38], [32, 24], [32, 22], [37, 16], [32, 13], [37, 9], [6, 28], [6, 2], [37, 38], [32, 14], [6, 27], [37, 15], [37, 3], [6, 31], [32, 9], [32, 11], [32, 33], [32, 27], [32, 18], [6, 18], [37, 11], [32, 5], [37, 33], [37, 24], [37, 21], [6, 29], [32, 2], [37, 14], [6, 25], [32, 15], [6, 34], [37, 35], [32, 25], [37, 29], [32, 28], [6, 26], [32, 26], [37, 13], [37, 30], [6, 16], [32, 34], [32, 10], [6, 35], [37, 25], [6, 8], [6, 22], [37, 31], [6, 14], [37, 7], [37, 12], [37, 20], [6, 13], [6, 12], [37, 8], [6, 3], [37, 22], [6, 17], [32, 38], [37, 5], [6, 15], [32, 29], [6, 24], [37, 27], [37, 4], [32, 1], [37, 34], [6, 7], [6, 1], [32, 35], [6, 9], [32, 30], [37, 19], [6, 4], [6, 36], [37, 18], [37, 1], [37, 26], [32, 17], [37, 10], [32, 7], [32, 31], [32, 12], [6, 10], [6, 23], [37, 36], [37, 2], [32, 4], [32, 23], [32, 36], [6, 33], [32, 16], [6, 20], [32, 8], [37, 17]]}"
SR-C_seed6_natural-active,70001,Full,11,0750af21452f0c5b,2.7090151878060036,130550.33333333334,-0.7045058709645673,2.7090151878060036,130550.33333333334,-0.7045058709645673,0.0,0.0,0.0,False,False,False,False,True,"{""repair_order"": [13, 7, 8, 11, 6, 2, 4, 9, 0, 10, 12, 5, 15, 3, 14, 1], ""team_assignment"": [1, 2, 1, 1, 2, 0, 1, 2, 1, 2, 1, 0, 0, 2, 0, 0], ""dispatch_priority"": [[6, 22], [6, 17], [6, 24], [32, 26], [6, 2], [6, 36], [32, 17], [6, 28], [37, 25], [6, 38], [32, 31], [6, 10], [37, 16], [32, 13], [37, 28], [32, 30], [6, 11], [6, 20], [37, 38], [32, 14], [6, 27], [37, 15], [6, 31], [32, 9], [32, 11], [32, 33], [32, 18], [6, 18], [37, 11], [32, 20], [32, 3], [6, 30], [32, 24], [32, 28], [37, 18], [32, 8], [32, 19], [6, 29], [37, 12], [37, 35], [37, 21], [6, 33], [32, 4], [32, 16], [37, 29], [37, 33], [37, 8], [32, 12], [32, 5], [6, 14], [32, 22], [6, 34], [37, 30], [37, 17], [37, 10], [6, 21], [37, 26], [32, 34], [32, 21], [37, 7], [37, 2], [37, 27], [32, 1], [6, 3], [37, 19], [6, 35], [37, 1], [6, 1], [6, 12], [32, 10], [32, 35], [32, 27], [6, 26], [32, 23], [6, 16], [6, 8], [37, 36], [32, 25], [6, 23], [32, 38], [37, 14], [32, 29], [37, 23], [37, 20], [6, 13], [37, 31], [37, 22], [32, 15], [37, 3], [37, 34], [6, 7], [6, 15], [32, 36], [37, 5], [37, 13], [6, 9], [32, 7], [6, 25], [6, 4], [37, 9], [6, 5], [37, 4], [6, 19], [32, 2], [37, 24]]}"
SR-C_seed6_natural-active,70001,Full,12,2fa63dcfc1e0c168,2.4817880621798025,145893.66666666666,-0.5658837607494122,2.4817880621798025,145893.66666666666,-0.5658837607494122,0.0,0.0,0.0,False,False,False,False,True,"{""repair_order"": [15, 6, 13, 8, 1, 5, 11, 2, 4, 9, 0, 10, 12, 7, 14, 3], ""team_assignment"": [1, 2, 1, 1, 1, 0, 0, 0, 2, 2, 0, 1, 0, 2, 1, 0], ""dispatch_priority"": [[37, 11], [6, 20], [37, 19], [32, 30], [6, 19], [37, 38], [6, 17], [6, 38], [32, 14], [32, 18], [6, 31], [37, 1], [6, 22], [32, 20], [32, 31], [32, 28], [32, 17], [32, 3], [6, 24], [32, 33], [6, 36], [37, 28], [32, 11], [37, 16], [37, 24], [32, 2], [32, 9], [6, 2], [6, 10], [6, 30], [6, 18], [32, 29], [37, 22], [32, 15], [37, 3], [6, 28], [32, 13], [37, 20], [37, 18], [32, 8], [32, 19], [6, 29], [37, 12], [37, 35], [32, 38], [37, 21], [6, 33], [32, 4], [32, 16], [37, 29], [37, 33], [37, 8], [32, 12], [32, 5], [6, 14], [32, 22], [6, 34], [37, 30], [37, 17], [37, 10], [6, 21], [32, 21], [6, 1], [6, 25], [37, 25], [32, 26], [6, 11], [6, 27], [37, 15], [32, 27], [32, 24], [32, 35], [6, 9], [6, 3], [32, 1], [37, 26], [32, 34], [37, 7], [37, 2], [37, 27], [37, 31], [6, 35], [6, 12], [6, 13], [32, 10], [6, 26], [32, 23], [6, 16], [32, 25], [6, 23], [37, 34], [6, 7], [6, 15], [32, 36], [37, 5], [37, 13], [32, 7], [37, 14], [6, 4], [37, 9], [6, 5], [37, 23], [37, 36], [6, 8], [37, 4]]}"
SR-C_seed6_natural-active,70001,Full,13,521dfa8845e21bfa,2.4758759800290013,142715.0,-0.0,2.4758759800290013,142715.0,-0.0,0.0,0.0,0.0,False,False,False,False,True,"{""repair_order"": [7, 5, 11, 4, 1, 2, 0, 6, 8, 10, 13, 9, 15, 3, 12, 14], ""team_assignment"": [1, 2, 1, 1, 1, 1, 0, 2, 2, 0, 0, 1, 0, 2, 0, 0], ""dispatch_priority"": [[37, 4], [6, 20], [37, 19], [32, 30], [6, 19], [37, 38], [6, 17], [6, 38], [32, 14], [32, 18], [32, 17], [6, 24], [6, 28], [6, 36], [32, 11], [37, 16], [32, 2], [32, 9], [6, 2], [6, 10], [6, 30], [6, 18], [6, 31], [37, 1], [37, 26], [37, 2], [6, 22], [32, 20], [37, 18], [32, 34], [6, 1], [32, 28], [6, 33], [6, 5], [32, 31], [32, 3], [6, 16], [37, 24], [6, 29], [6, 11], [32, 25], [37, 28], [32, 29], [37, 22], [32, 15], [37, 3], [32, 33], [32, 13], [37, 20], [32, 8], [32, 19], [37, 12], [37, 35], [32, 38], [37, 21], [32, 4], [32, 16], [37, 29], [37, 33], [37, 8], [32, 12], [32, 5], [6, 14], [32, 22], [6, 34], [37, 30], [37, 17], [37, 10], [6, 21], [32, 21], [37, 23], [6, 12], [6, 13], [32, 10], [32, 35], [37, 7], [37, 27], [37, 31], [32, 1], [6, 3], [32, 27], [6, 35], [6, 26], [32, 23], [6, 8], [37, 36], [6, 23], [37, 34], [6, 7], [6, 15], [32, 36], [37, 5], [37, 13], [6, 9], [32, 7], [6, 25], [37, 14], [6, 4], [37, 9], [37, 15], [37, 11], [37, 25], [6, 27], [32, 24], [32, 26]]}"
SR-C_seed6_natural-active,70001,Full,14,631f4a66ca8549ae,2.472969504350435,147992.5,-0.0,2.472969504350435,147992.5,-0.0,0.0,0.0,0.0,False,False,False,False,True,"{""repair_order"": [7, 15, 5, 4, 1, 2, 0, 6, 8, 10, 13, 9, 14, 3, 11, 12], ""team_assignment"": [1, 2, 2, 2, 1, 1, 1, 2, 2, 0, 0, 1, 0, 2, 1, 0], ""dispatch_priority"": [[6, 20], [37, 12], [6, 4], [32, 1], [6, 24], [37, 17], [6, 15], [32, 30], [6, 19], [37, 38], [37, 7], [6, 17], [37, 34], [6, 38], [6, 34], [32, 10], [32, 27], [32, 14], [37, 30], [32, 18], [32, 7], [6, 23], [6, 31], [37, 1], [37, 26], [37, 2], [6, 22], [32, 20], [37, 18], [32, 34], [6, 1], [32, 28], [6, 33], [6, 5], [32, 31], [32, 3], [6, 16], [37, 24], [6, 29], [6, 11], [32, 25], [37, 28], [37, 25], [32, 24], [37, 20], [6, 13], [37, 14], [37, 9], [6, 3], [37, 35], [37, 29], [32, 12], [6, 26], [6, 35], [32, 23], [6, 28], [37, 8], [32, 35], [37, 3], [37, 4], [32, 4], [37, 19], [32, 8], [32, 13], [37, 31], [6, 10], [6, 7], [32, 19], [32, 21], [32, 29], [37, 33], [32, 17], [32, 15], [37, 11], [37, 22], [32, 2], [37, 27], [6, 25], [6, 12], [6, 30], [32, 36], [32, 26], [6, 2], [32, 16], [32, 11], [37, 16], [37, 21], [6, 9], [6, 27], [37, 5], [37, 13], [37, 10], [32, 9], [32, 22], [37, 36], [6, 18], [32, 5], [32, 38], [37, 23], [32, 33], [6, 8], [6, 14], [6, 21], [6, 36], [37, 15]]}"
SR-C_seed6_natural-active,70001,Full,15,37c93ac561d71068,2.703924519592352,124872.66666666667,-0.0,2.703924519592352,124872.66666666667,-0.0,0.0,0.0,0.0,False,False,False,False,True,"{""repair_order"": [13, 7, 8, 9, 0, 5, 11, 10, 15, 3, 1, 2, 4, 12, 14, 6], ""team_assignment"": [1, 2, 1, 1, 1, 0, 0, 0, 2, 2, 1, 1, 0, 2, 0, 0], ""dispatch_priority"": [[37, 4], [6, 20], [37, 19], [32, 30], [6, 19], [37, 38], [6, 17], [6, 38], [32, 14], [32, 18], [6, 31], [37, 1], [6, 22], [32, 20], [32, 31], [32, 28], [32, 17], [32, 3], [6, 24], [6, 28], [6, 36], [37, 28], [32, 11], [37, 16], [37, 24], [32, 2], [32, 9], [6, 2], [6, 10], [6, 30], [6, 18], [32, 29], [37, 22], [32, 15], [37, 3], [32, 33], [32, 13], [37, 20], [37, 18], [32, 8], [32, 19], [6, 29], [37, 12], [37, 35], [32, 38], [37, 21], [6, 33], [32, 4], [32, 16], [37, 29], [37, 33], [37, 8], [32, 12], [32, 5], [6, 14], [32, 22], [6, 34], [37, 30], [37, 17], [37, 10], [6, 21], [32, 21], [6, 1], [37, 23], [6, 12], [6, 13], [32, 10], [32, 35], [32, 34], [37, 26], [37, 7], [37, 27], [37, 2], [37, 31], [32, 1], [6, 3], [32, 27], [6, 35], [6, 26], [32, 23], [6, 16], [6, 8], [37, 36], [32, 25], [6, 23], [37, 34], [6, 7], [6, 15], [32, 36], [37, 5], [37, 13], [6, 9], [32, 7], [6, 25], [37, 14], [6, 4], [37, 9], [6, 5], [37, 15], [37, 11], [37, 25], [6, 27], [32, 24], [32, 26], [6, 11]]}"
SR-C_seed6_natural-active,70001,Full,16,4a05830defcda548,2.5944141868166097,138346.0,-0.0,2.5944141868166097,138346.0,-0.0,0.0,0.0,0.0,False,False,False,False,True,"{""repair_order"": [13, 7, 8, 9, 10, 5, 11, 0, 15, 3, 1, 2, 4, 6, 12, 14], ""team_assignment"": [1, 2, 1, 1, 1, 0, 0, 2, 1, 2, 1, 0, 0, 2, 0, 0], ""dispatch_priority"": [[6, 22], [6, 17], [6, 24], [32, 26], [6, 2], [6, 36], [32, 17], [6, 28], [6, 38], [32, 31], [6, 20], [37, 38], [32, 14], [37, 3], [32, 9], [32, 11], [32, 33], [6, 18], [6, 30], [32, 24], [32, 28], [37, 18], [32, 19], [6, 10], [37, 16], [32, 13], [37, 28], [32, 30], [6, 11], [6, 31], [32, 18], [32, 20], [32, 3], [32, 8], [6, 29], [37, 12], [37, 35], [37, 21], [6, 33], [32, 4], [32, 16], [37, 29], [37, 33], [37, 8], [32, 12], [32, 5], [6, 14], [32, 22], [6, 34], [37, 19], [37, 1], [32, 38], [32, 29], [37, 20], [37, 22], [32, 15], [37, 4], [37, 30], [37, 17], [37, 10], [6, 21], [32, 21], [6, 1], [37, 23], [6, 12], [6, 13], [32, 10], [32, 35], [32, 34], [37, 26], [37, 7], [37, 27], [37, 2], [37, 31], [32, 1], [6, 3], [32, 27], [6, 35], [6, 26], [32, 23], [6, 16], [6, 8], [37, 36], [32, 25], [6, 23], [37, 34], [6, 7], [6, 15], [32, 36], [37, 5], [37, 13], [6, 9], [32, 7], [6, 25], [37, 14], [6, 4], [37, 9], [6, 5], [37, 15], [37, 11], [37, 25], [6, 27], [6, 19], [32, 2], [37, 24]]}"
SR-C_seed6_natural-active,70001,Full,17,b4926c170102a8e1,2.4764510590738533,139247.0,-0.0,2.4764510590738533,139247.0,-0.0,0.0,0.0,0.0,False,False,False,False,True,"{""repair_order"": [15, 1, 2, 4, 0, 5, 7, 11, 6, 10, 12, 8, 13, 9, 14, 3], ""team_assignment"": [1, 0, 2, 2, 1, 1, 1, 2, 2, 0, 0, 1, 1, 2, 1, 0], ""dispatch_priority"": [[6, 20], [6, 24], [6, 19], [37, 38], [37, 7], [6, 17], [37, 34], [6, 38], [6, 34], [32, 10], [32, 27], [32, 14], [37, 30], [32, 18], [32, 7], [6, 23], [6, 31], [37, 1], [6, 22], [32, 20], [32, 28], [32, 31], [37, 24], [6, 29], [6, 11], [37, 25], [37, 20], [37, 35], [37, 29], [37, 8], [37, 3], [37, 4], [32, 4], [6, 10], [32, 19], [6, 14], [32, 15], [37, 11], [32, 2], [6, 25], [6, 30], [32, 26], [6, 2], [32, 11], [6, 27], [32, 9], [6, 36], [32, 17], [6, 28], [37, 16], [32, 13], [37, 28], [32, 30], [32, 3], [32, 24], [37, 18], [32, 8], [37, 12], [37, 21], [6, 33], [32, 16], [32, 12], [37, 33], [37, 17], [37, 10], [6, 21], [37, 26], [32, 34], [32, 21], [37, 2], [37, 27], [37, 31], [32, 1], [6, 3], [37, 19], [6, 35], [6, 1], [6, 12], [6, 13], [32, 35], [6, 26], [32, 23], [6, 16], [32, 25], [6, 7], [6, 15], [32, 36], [37, 5], [37, 13], [6, 9], [37, 14], [6, 4], [37, 9], [6, 5], [37, 23], [32, 22], [37, 36], [32, 38], [37, 22], [32, 33], [6, 8], [32, 29], [6, 18], [32, 5], [37, 15]]}"
SR-C_seed6_natural-active,70001,No-HT,0,f711cb9d8dc0d54e,2.480016915418327,171029.33333333334,-0.7973068745568526,2.4822316567365412,180648.0,-0.7973068745568526,0.0022147413182143083,9618.666666666657,0.0,True,True,True,False,False,"{""repair_order"": [1, 4, 6, 15, 11, 9, 2, 0, 10, 13, 5, 14, 3, 12, 7, 8], ""team_assignment"": [1, 2, 2, 0, 1, 2, 0, 2, 1, 0, 0, 1, 0, 0, 0, 2], ""dispatch_priority"": [[6, 11], [6, 20], [37, 38], [32, 27], [6, 34], [37, 29], [32, 10], [6, 38], [32, 26], [37, 7], [6, 15], [32, 30], [37, 19], [37, 34], [32, 14], [6, 17], [6, 19], [37, 30], [32, 18], [32, 7], [6, 23], [6, 31], [37, 1], [37, 26], [37, 2], [6, 22], [32, 20], [6, 33], [6, 12], [37, 12], [6, 26], [32, 31], [32, 12], [37, 5], [37, 16], [37, 21], [32, 13], [37, 33], [37, 4], [32, 29], [37, 9], [6, 35], [6, 24], [6, 1], [32, 28], [6, 4], [32, 17], [32, 3], [37, 18], [32, 19], [6, 7], [37, 35], [6, 28], [6, 5], [6, 29], [6, 36], [37, 8], [32, 34], [37, 28], [32, 11], [32, 35], [32, 16], [6, 9], [37, 24], [6, 3], [32, 1], [32, 2], [32, 25], [32, 9], [32, 22], [32, 23], [37, 36], [32, 21], [6, 2], [6, 10], [6, 30], [6, 18], [6, 25], [32, 5], [37, 27], [37, 13], [32, 36], [32, 38], [37, 14], [37, 23], [37, 20], [6, 13], [37, 31], [37, 22], [32, 15], [37, 3], [32, 33], [37, 10], [6, 8], [6, 14], [6, 21], [37, 15], [32, 4], [37, 11], [6, 16], [37, 25], [6, 27], [32, 24], [37, 17], [32, 8]]}"
SR-C_seed6_natural-active,70001,No-HT,1,b8c94ee953b18e91,2.478732075338173,177952.33333333334,-0.7973068745568526,2.480503868392744,189844.6666666667,-0.7973068745568526,0.0017717930545710914,11892.333333333343,0.0,True,True,True,False,False,"{""repair_order"": [1, 7, 4, 6, 15, 9, 3, 2, 0, 10, 13, 5, 14, 12, 11, 8], ""team_assignment"": [1, 2, 2, 0, 1, 0, 0, 2, 1, 0, 0, 1, 0, 0, 0, 2], ""dispatch_priority"": [[6, 11], [6, 20], [37, 38], [32, 27], [32, 18], [6, 34], [37, 29], [32, 28], [6, 26], [37, 30], [6, 38], [32, 26], [6, 31], [37, 4], [6, 35], [37, 12], [6, 22], [6, 15], [6, 1], [32, 30], [37, 19], [32, 10], [37, 26], [37, 7], [37, 34], [37, 1], [32, 14], [32, 7], [6, 12], [32, 31], [32, 12], [6, 23], [37, 2], [6, 17], [37, 5], [6, 19], [32, 20], [6, 33], [6, 4], [32, 17], [32, 3], [37, 18], [6, 24], [32, 19], [6, 7], [37, 35], [6, 28], [6, 5], [6, 29], [6, 36], [37, 8], [32, 34], [37, 28], [32, 11], [32, 35], [32, 16], [37, 16], [6, 9], [37, 24], [6, 3], [32, 1], [32, 2], [32, 25], [32, 9], [32, 22], [32, 23], [37, 9], [37, 33], [37, 36], [32, 21], [6, 2], [6, 10], [6, 30], [6, 18], [6, 25], [32, 5], [37, 27], [37, 13], [32, 36], [32, 38], [37, 14], [32, 29], [37, 23], [37, 20], [6, 13], [37, 31], [37, 22], [32, 15], [37, 3], [32, 33], [37, 10], [6, 8], [6, 14], [6, 21], [32, 13], [37, 15], [32, 4], [37, 11], [6, 16], [37, 25], [6, 27], [32, 24], [37, 21], [37, 17], [32, 8]]}"
SR-C_seed6_natural-active,70001,No-HT,2,b1a81b268c621209,2.483623095219351,148598.33333333334,-0.7973068745568526,2.483623095219351,176709.0,-0.6401900100472631,0.0,28110.666666666657,0.1571168645095895,True,False,True,True,False,"{""repair_order"": [8, 14, 1, 4, 6, 15, 10, 13, 9, 2, 5, 7, 11, 0, 3, 12], ""team_assignment"": [1, 2, 2, 0, 1, 0, 1, 2, 2, 0, 1, 1, 1, 0, 0, 2], ""dispatch_priority"": [[32, 20], [37, 23], [32, 23], [37, 14], [6, 33], [6, 23], [32, 5], [32, 16], [37, 38], [32, 3], [37, 22], [37, 24], [6, 29], [32, 2], [6, 25], [6, 34], [37, 35], [32, 25], [37, 29], [32, 28], [6, 26], [37, 13], [37, 25], [37, 36], [37, 20], [37, 8], [6, 30], [37, 30], [32, 19], [6, 38], [32, 26], [6, 31], [32, 24], [32, 22], [37, 16], [37, 21], [32, 13], [37, 33], [37, 4], [32, 29], [37, 9], [6, 35], [6, 24], [6, 13], [6, 28], [6, 2], [37, 12], [6, 22], [6, 16], [6, 15], [6, 7], [6, 3], [32, 15], [6, 1], [6, 9], [32, 11], [32, 30], [37, 19], [6, 4], [6, 36], [37, 31], [37, 18], [32, 10], [37, 28], [32, 35], [32, 34], [37, 26], [37, 7], [37, 34], [37, 3], [37, 1], [6, 14], [32, 38], [32, 9], [32, 14], [32, 17], [37, 10], [32, 7], [6, 12], [32, 31], [32, 12], [6, 10], [6, 5], [32, 4], [32, 8], [6, 19], [32, 21], [37, 5], [6, 8], [32, 27], [37, 27], [37, 17], [6, 20], [37, 11], [6, 11], [32, 36], [32, 1], [32, 33], [37, 15], [6, 27], [37, 2], [32, 18], [6, 17], [6, 21], [6, 18]]}"
SR-C_seed6_natural-active,70001,No-HT,3,18b5ef2603a1702f,2.4857425668445075,136248.0,-0.7973068745568526,2.4857425668445075,136248.0,-0.7973068745568526,0.0,0.0,0.0,False,False,False,False,False,"{""repair_order"": [12, 9, 15, 5, 4, 6, 13, 10, 1, 8, 14, 0, 3, 2, 11, 7], ""team_assignment"": [1, 2, 2, 0, 2, 2, 1, 2, 2, 0, 2, 0, 1, 2, 0, 2], ""dispatch_priority"": [[6, 20], [6, 36], [37, 11], [6, 11], [32, 18], [32, 20], [6, 17], [37, 30], [37, 18], [32, 3], [37, 15], [6, 38], [32, 34], [32, 17], [6, 30], [6, 1], [37, 20], [32, 26], [37, 9], [6, 27], [32, 24], [37, 13], [37, 29], [32, 25], [37, 28], [6, 22], [37, 25], [6, 29], [37, 8], [37, 35], [6, 13], [6, 35], [32, 23], [6, 28], [37, 4], [37, 19], [32, 13], [37, 31], [32, 30], [6, 7], [32, 21], [32, 29], [32, 15], [32, 22], [37, 22], [6, 34], [6, 16], [37, 24], [32, 2], [32, 10], [6, 12], [37, 26], [37, 1], [37, 34], [32, 31], [37, 2], [6, 21], [37, 14], [32, 7], [6, 9], [32, 35], [37, 3], [32, 4], [32, 8], [6, 10], [6, 19], [6, 23], [32, 14], [37, 33], [32, 5], [32, 16], [37, 38], [37, 10], [37, 27], [37, 7], [6, 2], [6, 31], [6, 15], [37, 21], [32, 11], [37, 5], [32, 38], [37, 36], [32, 9], [32, 27], [6, 4], [37, 17], [6, 33], [37, 12], [6, 26], [32, 12], [32, 28], [6, 24], [32, 19], [6, 5], [37, 16], [6, 3], [32, 1], [6, 18], [6, 25], [32, 36], [37, 23], [32, 33], [6, 8], [6, 14]]}"
SR-C_seed6_natural-active,70001,No-HT,4,1521eb7f2fefb115,2.482448538795757,171022.0,-0.7966108603959583,2.482448538795757,171022.0,-0.7966108603959583,0.0,0.0,0.0,False,False,False,False,False,"{""repair_order"": [5, 1, 0, 7, 4, 6, 15, 10, 3, 13, 8, 2, 9, 12, 11, 14], ""team_assignment"": [1, 2, 1, 0, 1, 0, 1, 1, 2, 2, 1, 1, 0, 0, 0, 0], ""dispatch_priority"": [[37, 29], [6, 20], [32, 8], [37, 17], [37, 38], [6, 38], [6, 34], [32, 10], [32, 27], [37, 30], [32, 18], [6, 31], [6, 26], [32, 28], [32, 3], [32, 19], [37, 35], [6, 5], [6, 29], [37, 8], [32, 34], [37, 28], [37, 24], [32, 2], [32, 25], [32, 22], [32, 23], [32, 21], [6, 30], [6, 18], [6, 25], [32, 5], [37, 13], [32, 36], [37, 23], [37, 20], [6, 8], [37, 16], [37, 21], [37, 7], [32, 13], [37, 33], [37, 4], [32, 29], [37, 9], [6, 35], [6, 24], [6, 13], [6, 28], [6, 2], [37, 12], [6, 22], [6, 16], [6, 15], [6, 7], [6, 3], [32, 15], [6, 1], [32, 35], [6, 9], [32, 11], [32, 30], [37, 19], [6, 4], [6, 36], [37, 31], [37, 18], [37, 34], [37, 3], [37, 1], [37, 26], [6, 14], [32, 38], [37, 22], [32, 14], [32, 17], [37, 10], [32, 7], [6, 12], [32, 31], [32, 12], [6, 10], [32, 33], [6, 23], [37, 14], [32, 9], [37, 36], [37, 15], [37, 2], [32, 4], [6, 17], [37, 5], [37, 27], [32, 1], [32, 16], [6, 19], [32, 20], [6, 33], [6, 21], [37, 11], [37, 25], [6, 27], [32, 24], [32, 26], [6, 11]]}"
SR-C_seed6_natural-active,70001,No-HT,5,df0eb3e0ede73e1f,2.593759799814798,134216.5,-0.7611192315716835,2.593759799814798,134216.5,-0.7611192315716835,0.0,0.0,0.0,False,False,False,False,False,"{""repair_order"": [6, 15, 1, 14, 8, 4, 13, 10, 9, 0, 12, 5, 11, 7, 3, 2], ""team_assignment"": [1, 2, 2, 0, 1, 2, 1, 1, 2, 0, 1, 1, 0, 1, 1, 2], ""dispatch_priority"": [[6, 11], [6, 20], [6, 27], [32, 27], [32, 18], [37, 11], [6, 34], [37, 29], [37, 25], [6, 8], [37, 30], [32, 10], [6, 38], [32, 26], [37, 1], [6, 31], [32, 24], [37, 21], [37, 7], [32, 13], [37, 4], [6, 16], [6, 15], [37, 26], [37, 2], [6, 22], [32, 20], [6, 33], [6, 35], [6, 12], [37, 12], [6, 26], [32, 31], [32, 12], [37, 5], [6, 1], [32, 28], [6, 4], [32, 17], [32, 3], [37, 18], [6, 24], [32, 19], [6, 7], [37, 35], [6, 28], [6, 5], [6, 29], [6, 36], [37, 8], [32, 34], [37, 28], [32, 11], [32, 35], [37, 16], [6, 9], [37, 24], [6, 3], [32, 1], [32, 2], [32, 25], [32, 9], [32, 22], [32, 8], [6, 10], [6, 19], [6, 23], [32, 14], [37, 33], [32, 5], [32, 16], [37, 38], [37, 10], [32, 23], [37, 9], [37, 36], [32, 21], [6, 2], [6, 30], [6, 18], [37, 17], [37, 27], [37, 13], [32, 36], [32, 38], [37, 14], [32, 29], [37, 23], [37, 20], [6, 13], [37, 31], [37, 22], [32, 15], [37, 3], [32, 30], [37, 19], [37, 34], [6, 14], [32, 7], [32, 33], [37, 15], [32, 4], [6, 17], [6, 25], [6, 21]]}"
SR-C_seed6_natural-active,70001,No-HT,6,03a99efff68c626a,3.0481401565920683,132335.0,-0.7611192315716835,3.047254260064782,132697.0,-0.7611192315716835,-0.0008858965272864339,362.0,0.0,True,True,True,False,False,"{""repair_order"": [15, 3, 13, 14, 1, 4, 7, 8, 2, 9, 0, 10, 12, 5, 11, 6], ""team_assignment"": [1, 2, 2, 2, 2, 2, 1, 1, 2, 1, 1, 0, 0, 2, 1, 0], ""dispatch_priority"": [[37, 29], [6, 20], [37, 19], [32, 8], [37, 17], [6, 19], [37, 38], [6, 17], [37, 34], [6, 38], [6, 34], [32, 10], [32, 27], [32, 14], [37, 30], [32, 18], [32, 7], [6, 23], [37, 1], [37, 26], [37, 2], [32, 20], [6, 33], [6, 12], [6, 26], [32, 31], [32, 12], [37, 5], [32, 28], [6, 4], [32, 17], [32, 3], [37, 18], [32, 26], [6, 31], [32, 24], [32, 22], [37, 16], [37, 21], [37, 7], [32, 13], [37, 33], [37, 4], [32, 29], [37, 9], [6, 35], [6, 24], [6, 13], [6, 28], [6, 2], [37, 12], [6, 22], [6, 16], [6, 15], [6, 7], [6, 3], [32, 15], [6, 1], [32, 35], [6, 9], [32, 11], [32, 30], [32, 19], [37, 35], [6, 5], [6, 29], [6, 36], [37, 8], [32, 34], [37, 28], [32, 16], [37, 24], [32, 1], [32, 2], [32, 25], [32, 9], [32, 23], [37, 36], [32, 21], [6, 10], [6, 30], [6, 18], [6, 25], [32, 5], [37, 27], [37, 13], [32, 36], [32, 38], [37, 14], [37, 23], [37, 20], [37, 31], [37, 22], [37, 3], [32, 33], [37, 10], [6, 8], [6, 14], [6, 21], [37, 15], [32, 4], [37, 11], [37, 25], [6, 27], [6, 11]]}"
SR-C_seed6_natural-active,70001,No-HT,7,be5af2676dff8040,2.937806126285661,126107.5,-0.7572951347183334,2.937806126285661,126935.5,-0.7572951347183334,0.0,828.0,0.0,True,False,True,False,False,"{""repair_order"": [15, 3, 8, 9, 13, 1, 2, 4, 0, 10, 12, 5, 11, 7, 14, 6], ""team_assignment"": [1, 2, 1, 0, 2, 2, 1, 2, 2, 2, 0, 0, 2, 2, 0, 0], ""dispatch_priority"": [[37, 4], [37, 29], [6, 20], [32, 8], [6, 36], [32, 17], [37, 11], [6, 11], [37, 15], [6, 28], [6, 4], [37, 26], [37, 19], [32, 18], [37, 27], [6, 31], [37, 34], [37, 21], [32, 20], [6, 22], [37, 17], [6, 15], [32, 30], [6, 19], [37, 38], [37, 7], [6, 17], [6, 38], [6, 34], [32, 10], [32, 27], [32, 14], [37, 30], [32, 7], [6, 23], [37, 1], [37, 2], [6, 33], [6, 35], [6, 12], [37, 12], [6, 26], [32, 31], [32, 12], [37, 5], [6, 1], [32, 28], [32, 3], [37, 18], [6, 24], [32, 19], [6, 7], [37, 35], [6, 5], [6, 29], [37, 8], [32, 34], [37, 28], [32, 11], [32, 35], [32, 16], [37, 16], [6, 9], [37, 24], [6, 3], [32, 1], [32, 2], [32, 25], [32, 9], [32, 22], [32, 23], [37, 9], [37, 33], [37, 36], [32, 21], [6, 2], [6, 10], [6, 30], [6, 18], [6, 25], [32, 5], [37, 13], [32, 36], [32, 38], [37, 14], [32, 29], [37, 23], [37, 20], [6, 13], [37, 31], [37, 22], [32, 15], [37, 3], [32, 33], [37, 10], [6, 8], [6, 14], [6, 21], [32, 13], [32, 4], [6, 16], [37, 25], [6, 27], [32, 24], [32, 26]]}"
SR-C_seed6_natural-active,70001,No-HT,8,047993887530c793,2.8206969965146635,129325.0,-0.7533512419277031,2.8206969965146635,133138.3333333333,-0.7533512419277031,0.0,3813.333333333314,0.0,True,False,True,False,False,"{""repair_order"": [8, 13, 12, 9, 0, 15, 3, 1, 2, 4, 10, 7, 5, 11, 14, 6], ""team_assignment"": [1, 2, 1, 0, 2, 2, 1, 2, 2, 1, 0, 0, 2, 2, 0, 0], ""dispatch_priority"": [[37, 4], [37, 29], [6, 20], [32, 8], [6, 36], [32, 17], [37, 11], [6, 11], [37, 15], [6, 28], [6, 4], [37, 26], [37, 19], [32, 18], [37, 27], [6, 31], [37, 34], [37, 21], [32, 20], [6, 22], [37, 17], [6, 15], [32, 30], [6, 19], [37, 38], [37, 7], [6, 17], [6, 38], [6, 34], [32, 10], [32, 27], [32, 14], [37, 30], [32, 7], [6, 23], [37, 1], [37, 2], [6, 33], [6, 35], [6, 12], [37, 12], [6, 26], [32, 31], [32, 12], [37, 5], [6, 1], [32, 28], [32, 3], [37, 18], [6, 24], [32, 19], [6, 7], [37, 35], [6, 5], [6, 29], [37, 8], [32, 34], [37, 28], [32, 11], [32, 35], [32, 16], [37, 16], [6, 9], [37, 24], [6, 3], [32, 1], [32, 2], [32, 25], [32, 9], [32, 22], [32, 23], [37, 9], [37, 33], [37, 36], [32, 21], [6, 2], [6, 10], [6, 30], [6, 18], [6, 25], [32, 5], [37, 13], [32, 36], [32, 38], [37, 14], [32, 29], [37, 23], [37, 20], [6, 13], [37, 31], [37, 22], [32, 15], [37, 3], [32, 33], [37, 10], [6, 8], [6, 14], [6, 21], [32, 13], [32, 4], [6, 16], [37, 25], [6, 27], [32, 24], [32, 26]]}"
SR-C_seed6_natural-active,70001,No-HT,9,f41ddc547fbf1492,2.824476578706208,128164.0,-0.732590529247318,2.824476578706208,128164.0,-0.732590529247318,0.0,0.0,0.0,False,False,False,False,False,"{""repair_order"": [6, 10, 8, 14, 1, 4, 7, 11, 15, 5, 0, 3, 12, 2, 9, 13], ""team_assignment"": [1, 2, 2, 2, 1, 2, 1, 1, 0, 1, 1, 1, 1, 0, 1, 2], ""dispatch_priority"": [[32, 20], [37, 28], [37, 23], [32, 23], [37, 14], [6, 33], [6, 23], [32, 5], [32, 16], [37, 38], [32, 3], [37, 22], [37, 24], [6, 29], [32, 2], [6, 25], [6, 34], [37, 35], [32, 25], [37, 29], [32, 28], [6, 26], [37, 13], [37, 25], [6, 8], [37, 20], [37, 8], [32, 34], [6, 30], [37, 30], [32, 10], [32, 19], [6, 38], [32, 26], [6, 31], [32, 24], [32, 22], [37, 16], [37, 21], [37, 7], [32, 13], [37, 33], [37, 4], [32, 29], [37, 9], [6, 35], [6, 24], [6, 13], [6, 28], [6, 2], [37, 12], [6, 22], [6, 16], [6, 15], [6, 7], [6, 3], [32, 15], [6, 1], [32, 35], [6, 9], [32, 11], [32, 30], [37, 19], [6, 4], [6, 36], [37, 31], [37, 18], [37, 34], [37, 3], [37, 1], [37, 26], [6, 14], [32, 38], [32, 9], [32, 14], [32, 17], [37, 10], [32, 7], [6, 12], [32, 31], [32, 12], [6, 10], [6, 5], [32, 4], [32, 8], [6, 19], [32, 21], [37, 5], [37, 36], [32, 27], [37, 27], [37, 17], [6, 20], [37, 11], [6, 11], [32, 36], [32, 1], [32, 33], [37, 15], [6, 27], [37, 2], [32, 18], [6, 17], [6, 21], [6, 18]]}"
SR-C_seed6_natural-active,70001,No-HT,10,6cb2ae76ac8fd004,2.8262355931003533,127132.5,-0.7270194986067509,2.8262355931003533,127132.5,-0.7270194986067509,0.0,0.0,0.0,False,False,False,False,False,"{""repair_order"": [6, 10, 8, 14, 1, 4, 7, 11, 15, 5, 0, 3, 12, 2, 9, 13], ""team_assignment"": [1, 2, 2, 2, 1, 2, 1, 1, 0, 1, 1, 1, 1, 0, 1, 2], ""dispatch_priority"": [[32, 20], [37, 28], [37, 23], [32, 23], [37, 14], [6, 33], [6, 23], [32, 5], [32, 16], [37, 38], [32, 3], [37, 22], [37, 24], [6, 29], [32, 2], [6, 25], [6, 34], [37, 35], [32, 25], [37, 29], [32, 28], [6, 26], [37, 13], [37, 25], [37, 36], [37, 20], [37, 8], [32, 34], [6, 30], [37, 30], [32, 10], [32, 19], [6, 38], [32, 26], [6, 31], [32, 24], [32, 22], [37, 16], [37, 21], [37, 7], [32, 13], [37, 33], [37, 4], [32, 29], [37, 9], [6, 35], [6, 24], [6, 13], [6, 28], [6, 2], [37, 12], [6, 22], [6, 16], [6, 15], [6, 7], [6, 3], [32, 15], [6, 1], [32, 35], [6, 9], [32, 11], [32, 30], [37, 19], [6, 4], [6, 36], [37, 31], [37, 18], [37, 34], [37, 3], [37, 1], [37, 26], [6, 14], [32, 38], [32, 9], [32, 14], [32, 17], [37, 10], [32, 7], [6, 12], [32, 31], [32, 12], [6, 10], [6, 5], [32, 4], [32, 8], [6, 19], [32, 21], [37, 5], [6, 8], [32, 27], [37, 27], [37, 17], [6, 20], [37, 11], [6, 11], [32, 36], [32, 1], [32, 33], [37, 15], [6, 27], [37, 2], [32, 18], [6, 17], [6, 21], [6, 18]]}"
SR-C_seed6_natural-active,70001,No-HT,11,6cf76ce076bf3014,2.5952276873246616,129861.5,-0.701129516821311,2.5952276873246616,129861.5,-0.701129516821311,0.0,0.0,0.0,False,False,False,False,False,"{""repair_order"": [15, 9, 12, 5, 4, 6, 13, 10, 1, 8, 14, 0, 3, 11, 2, 7], ""team_assignment"": [1, 0, 2, 0, 2, 0, 1, 2, 2, 2, 1, 1, 2, 1, 0, 0], ""dispatch_priority"": [[6, 20], [32, 8], [6, 36], [32, 17], [37, 11], [6, 11], [37, 15], [6, 4], [37, 26], [32, 18], [37, 27], [6, 31], [37, 34], [37, 21], [32, 20], [37, 17], [6, 15], [6, 19], [37, 38], [37, 7], [6, 17], [37, 13], [37, 29], [32, 25], [37, 28], [6, 22], [37, 25], [6, 29], [37, 8], [37, 35], [6, 13], [6, 35], [32, 23], [6, 28], [37, 4], [37, 19], [32, 13], [37, 31], [32, 30], [6, 7], [32, 21], [32, 29], [32, 15], [32, 22], [6, 38], [6, 34], [32, 10], [32, 27], [32, 14], [37, 30], [32, 7], [6, 23], [37, 1], [37, 2], [6, 33], [6, 12], [37, 12], [6, 26], [32, 31], [32, 12], [37, 5], [6, 1], [32, 28], [32, 3], [37, 18], [6, 24], [32, 34], [32, 11], [32, 35], [32, 16], [37, 16], [6, 9], [37, 24], [6, 3], [32, 1], [32, 19], [6, 5], [32, 2], [32, 9], [37, 9], [37, 33], [37, 36], [6, 2], [6, 10], [6, 30], [6, 18], [6, 25], [32, 5], [32, 36], [32, 38], [37, 14], [37, 23], [37, 20], [37, 22], [37, 3], [32, 33], [37, 10], [6, 8], [6, 14], [6, 21], [32, 4], [6, 16], [6, 27], [32, 24], [32, 26]]}"
SR-C_seed6_natural-active,70001,No-HT,12,a198465a881a3374,2.477360265686774,192853.0,-0.6963317409463343,2.4786891104777027,205164.66666666666,-0.6963317409463343,0.0013288447909287626,12311.666666666657,0.0,True,True,True,False,False,"{""repair_order"": [15, 1, 4, 7, 8, 6, 13, 2, 9, 10, 12, 14, 0, 3, 5, 11], ""team_assignment"": [1, 0, 2, 2, 2, 0, 1, 2, 2, 0, 1, 1, 0, 1, 0, 2], ""dispatch_priority"": [[32, 8], [6, 11], [6, 20], [37, 38], [6, 27], [32, 27], [32, 18], [6, 18], [37, 11], [32, 5], [6, 25], [6, 34], [37, 13], [6, 8], [37, 20], [6, 30], [37, 30], [32, 10], [6, 38], [37, 19], [37, 1], [37, 26], [37, 29], [32, 25], [37, 28], [6, 22], [37, 25], [6, 29], [37, 8], [37, 35], [6, 13], [6, 35], [32, 23], [6, 28], [37, 4], [32, 26], [32, 13], [37, 31], [32, 30], [6, 7], [32, 21], [32, 29], [37, 2], [32, 20], [6, 33], [6, 12], [37, 12], [6, 26], [32, 31], [32, 12], [37, 5], [6, 1], [32, 28], [6, 4], [32, 17], [32, 3], [37, 18], [6, 24], [32, 19], [6, 5], [6, 36], [32, 34], [32, 11], [37, 17], [6, 19], [6, 17], [32, 14], [32, 7], [6, 23], [6, 31], [32, 24], [37, 16], [37, 21], [37, 7], [37, 33], [37, 9], [32, 15], [32, 22], [37, 22], [6, 16], [37, 24], [32, 2], [37, 34], [6, 21], [37, 14], [6, 2], [6, 15], [6, 3], [32, 35], [6, 9], [32, 16], [32, 1], [32, 9], [37, 36], [6, 10], [37, 27], [32, 36], [32, 38], [37, 23], [37, 3], [32, 33], [37, 10], [6, 14], [37, 15], [32, 4]]}"
SR-C_seed6_natural-active,70001,No-HT,13,b3bbac9d0433afd6,2.479569226009809,162351.5,-0.6826589436313313,2.479569226009809,162568.16666666666,-0.6826589436313313,0.0,216.66666666665697,0.0,True,False,True,False,False,"{""repair_order"": [7, 15, 2, 5, 4, 6, 13, 10, 1, 8, 14, 0, 9, 12, 3, 11], ""team_assignment"": [1, 2, 2, 2, 0, 0, 1, 2, 2, 0, 1, 1, 0, 2, 0, 2], ""dispatch_priority"": [[32, 36], [6, 11], [6, 20], [37, 38], [6, 27], [32, 27], [32, 18], [6, 18], [37, 11], [32, 5], [6, 25], [6, 34], [37, 13], [6, 8], [37, 20], [6, 30], [37, 30], [32, 10], [6, 38], [32, 26], [37, 1], [37, 26], [37, 29], [32, 25], [37, 28], [6, 22], [37, 25], [6, 29], [37, 8], [37, 35], [6, 13], [6, 35], [32, 23], [6, 28], [37, 4], [37, 19], [32, 13], [37, 31], [32, 30], [6, 7], [32, 21], [32, 29], [37, 2], [32, 20], [6, 33], [6, 12], [37, 12], [6, 26], [32, 31], [32, 12], [37, 5], [6, 1], [32, 28], [6, 4], [32, 17], [32, 3], [37, 18], [6, 24], [32, 19], [6, 5], [6, 36], [32, 34], [32, 11], [32, 35], [32, 16], [37, 16], [6, 9], [37, 24], [6, 3], [32, 1], [32, 2], [32, 9], [32, 22], [6, 31], [32, 24], [37, 21], [37, 7], [37, 33], [37, 9], [6, 2], [6, 16], [6, 15], [32, 15], [37, 34], [37, 3], [6, 14], [32, 38], [37, 22], [32, 14], [37, 10], [32, 7], [6, 10], [32, 33], [6, 23], [37, 14], [37, 36], [37, 15], [32, 4], [6, 17], [37, 27], [6, 19], [37, 17], [32, 8], [6, 21], [37, 23]]}"
SR-C_seed6_natural-active,70001,No-HT,14,3cdaed088af5430f,2.4813485378863174,156276.0,-0.6623400136342598,2.4813485378863174,156276.0,-0.6623400136342598,0.0,0.0,0.0,False,False,False,False,False,"{""repair_order"": [12, 9, 15, 5, 4, 6, 13, 10, 1, 8, 0, 14, 3, 11, 2, 7], ""team_assignment"": [1, 0, 2, 0, 0, 0, 1, 2, 2, 0, 1, 1, 1, 2, 0, 2], ""dispatch_priority"": [[32, 18], [37, 12], [6, 36], [6, 24], [37, 23], [37, 18], [6, 38], [32, 34], [32, 15], [32, 22], [6, 34], [6, 16], [37, 24], [32, 2], [32, 10], [6, 30], [6, 1], [37, 20], [32, 26], [37, 9], [6, 27], [32, 24], [37, 13], [37, 29], [32, 25], [37, 28], [6, 22], [37, 25], [6, 29], [37, 8], [37, 35], [6, 9], [6, 13], [6, 35], [32, 23], [6, 28], [32, 35], [37, 4], [37, 19], [32, 13], [37, 31], [32, 30], [6, 7], [32, 21], [32, 29], [37, 33], [32, 5], [37, 38], [6, 2], [6, 31], [6, 15], [37, 21], [32, 11], [32, 27], [6, 4], [37, 16], [6, 20], [37, 11], [6, 11], [32, 36], [6, 25], [32, 19], [6, 18], [37, 30], [6, 8], [32, 28], [37, 26], [37, 7], [37, 34], [37, 3], [37, 1], [6, 14], [32, 38], [32, 9], [32, 14], [32, 17], [37, 10], [32, 7], [6, 12], [32, 31], [32, 12], [6, 10], [32, 33], [6, 23], [37, 14], [37, 22], [37, 36], [37, 15], [37, 2], [32, 4], [6, 17], [37, 5], [37, 27], [32, 1], [32, 16], [6, 19], [32, 20], [6, 33], [6, 5], [37, 17], [32, 8], [32, 3], [6, 21], [6, 3], [6, 26]]}"
SR-C_seed6_natural-active,70001,No-HT,15,7b1d0c92f040f8e3,2.483232803129787,152413.83333333334,-0.6609682744210659,2.4823469066025012,161153.5,-0.6609682744210659,-0.0008858965272855457,8739.666666666657,0.0,True,True,True,False,False,"{""repair_order"": [3, 4, 6, 15, 13, 8, 1, 2, 9, 0, 10, 12, 5, 14, 7, 11], ""team_assignment"": [1, 2, 1, 2, 1, 2, 1, 1, 2, 2, 0, 0, 0, 0, 0, 0], ""dispatch_priority"": [[37, 4], [37, 29], [6, 20], [32, 8], [37, 17], [37, 15], [37, 7], [6, 38], [6, 34], [32, 10], [32, 27], [6, 15], [32, 30], [37, 19], [37, 34], [32, 14], [6, 17], [6, 19], [37, 30], [32, 18], [32, 7], [6, 23], [6, 31], [37, 1], [37, 26], [37, 2], [6, 22], [32, 20], [6, 33], [6, 35], [6, 12], [37, 12], [6, 26], [32, 31], [32, 12], [37, 5], [6, 1], [32, 28], [6, 4], [32, 17], [32, 3], [37, 18], [6, 24], [32, 19], [6, 7], [37, 35], [6, 28], [6, 5], [6, 29], [6, 36], [37, 8], [32, 34], [37, 28], [32, 11], [32, 35], [32, 16], [37, 16], [6, 9], [37, 24], [6, 3], [32, 1], [32, 2], [32, 25], [32, 9], [32, 22], [32, 23], [37, 9], [37, 33], [37, 36], [32, 21], [6, 2], [6, 10], [6, 30], [6, 18], [6, 25], [32, 5], [37, 27], [37, 13], [32, 36], [32, 38], [37, 14], [32, 29], [37, 23], [37, 20], [6, 13], [37, 31], [37, 22], [32, 15], [37, 3], [32, 33], [37, 10], [6, 8], [6, 14], [6, 21], [32, 13], [37, 38], [32, 4], [37, 11], [6, 16], [37, 25], [6, 27], [32, 24], [37, 21], [32, 26], [6, 11]]}"
SR-C_seed6_natural-active,70001,No-HT,16,ed8de9af0dbaa4b2,2.481638645175215,150073.5,-0.609165508133787,2.481638645175215,150073.5,-0.609165508133787,0.0,0.0,0.0,False,False,False,False,False,"{""repair_order"": [12, 9, 15, 5, 4, 6, 13, 10, 1, 8, 14, 0, 3, 11, 2, 7], ""team_assignment"": [1, 0, 2, 0, 0, 0, 1, 2, 2, 0, 1, 1, 1, 1, 0, 2], ""dispatch_priority"": [[32, 18], [37, 12], [6, 36], [6, 33], [6, 17], [6, 24], [32, 33], [37, 23], [37, 18], [32, 3], [37, 15], [6, 38], [32, 34], [32, 17], [6, 30], [6, 1], [37, 20], [32, 26], [37, 9], [6, 27], [32, 24], [37, 13], [37, 29], [32, 25], [37, 28], [6, 22], [37, 25], [6, 29], [37, 8], [37, 35], [6, 13], [6, 35], [32, 23], [6, 28], [37, 4], [37, 19], [32, 13], [37, 31], [32, 30], [6, 7], [32, 21], [32, 29], [32, 15], [32, 22], [37, 22], [6, 34], [6, 16], [37, 24], [32, 2], [32, 10], [6, 12], [37, 26], [37, 1], [37, 34], [32, 31], [37, 2], [6, 21], [37, 14], [32, 7], [6, 9], [32, 35], [37, 3], [32, 4], [32, 8], [6, 10], [6, 19], [6, 23], [32, 14], [37, 33], [32, 5], [32, 16], [37, 38], [37, 10], [37, 27], [37, 7], [6, 2], [6, 31], [6, 15], [37, 21], [32, 11], [37, 5], [32, 38], [37, 36], [32, 9], [32, 27], [6, 4], [37, 17], [37, 16], [6, 20], [37, 11], [6, 11], [32, 36], [32, 1], [6, 25], [6, 5], [32, 19], [6, 14], [32, 12], [6, 18], [37, 30], [6, 8], [32, 20], [32, 28], [6, 3], [6, 26]]}"
SR-C_seed6_natural-active,70001,No-HT,17,662284757b5d768a,2.5922637687547945,133039.0,-0.0,2.5922637687547945,138124.3333333333,-0.0,0.0,5085.333333333314,0.0,True,False,True,False,False,"{""repair_order"": [6, 15, 1, 13, 14, 4, 3, 2, 0, 10, 12, 5, 11, 7, 9, 8], ""team_assignment"": [1, 2, 1, 2, 1, 2, 1, 1, 2, 2, 0, 1, 0, 0, 0, 0], ""dispatch_priority"": [[6, 11], [6, 20], [37, 38], [6, 27], [32, 27], [37, 11], [6, 34], [37, 29], [37, 25], [6, 8], [32, 10], [6, 38], [32, 30], [37, 19], [37, 34], [32, 14], [6, 17], [6, 19], [37, 30], [32, 18], [32, 7], [6, 23], [6, 31], [37, 1], [37, 26], [37, 2], [6, 22], [32, 20], [6, 33], [6, 35], [6, 12], [37, 12], [6, 26], [37, 4], [32, 12], [37, 5], [6, 1], [32, 28], [6, 4], [32, 17], [32, 3], [37, 18], [6, 24], [32, 19], [6, 7], [37, 35], [6, 28], [6, 5], [6, 29], [6, 36], [37, 8], [32, 34], [37, 28], [32, 11], [32, 35], [32, 16], [37, 16], [6, 9], [37, 24], [6, 3], [32, 1], [32, 2], [32, 25], [32, 9], [32, 22], [32, 23], [37, 9], [37, 33], [37, 36], [32, 21], [6, 2], [6, 10], [6, 30], [6, 18], [6, 25], [32, 5], [37, 27], [37, 13], [32, 36], [32, 38], [37, 14], [32, 29], [37, 23], [37, 20], [6, 13], [32, 26], [32, 24], [37, 21], [37, 7], [32, 13], [32, 31], [6, 16], [6, 15], [37, 31], [37, 22], [32, 15], [37, 3], [6, 14], [37, 10], [32, 33], [37, 15], [32, 4], [37, 17], [32, 8], [6, 21]]}"
SR-C_seed6_natural-active,70001,No-HT,18,cd05449c30cd14c8,2.476857832865548,146305.6666666667,-0.0,2.476857832865548,148232.33333333334,-0.0,0.0,1926.666666666657,0.0,True,False,True,False,False,"{""repair_order"": [13, 12, 0, 6, 15, 10, 1, 8, 2, 9, 3, 4, 7, 5, 11, 14], ""team_assignment"": [1, 2, 2, 2, 0, 2, 1, 1, 2, 1, 1, 0, 0, 2, 0, 2], ""dispatch_priority"": [[37, 29], [6, 20], [37, 19], [32, 8], [37, 17], [6, 19], [37, 38], [6, 17], [37, 34], [6, 38], [6, 34], [32, 10], [32, 27], [32, 14], [37, 30], [32, 18], [32, 7], [6, 23], [37, 1], [37, 26], [37, 2], [32, 20], [6, 33], [6, 12], [6, 26], [32, 31], [32, 12], [37, 5], [32, 28], [6, 4], [32, 17], [32, 3], [37, 18], [32, 26], [6, 31], [32, 24], [32, 22], [37, 16], [37, 21], [37, 7], [32, 13], [37, 33], [37, 4], [32, 29], [37, 9], [6, 35], [6, 24], [6, 13], [6, 28], [6, 2], [37, 12], [6, 22], [6, 16], [6, 15], [6, 7], [6, 3], [37, 11], [6, 11], [37, 15], [37, 27], [32, 19], [37, 35], [32, 23], [37, 31], [32, 30], [32, 21], [32, 15], [37, 22], [37, 24], [32, 2], [6, 21], [37, 14], [6, 9], [32, 35], [37, 3], [32, 4], [6, 10], [6, 5], [6, 29], [37, 8], [32, 34], [37, 28], [32, 16], [32, 1], [6, 1], [32, 11], [6, 36], [6, 14], [32, 38], [32, 25], [32, 9], [37, 36], [6, 30], [6, 18], [6, 25], [32, 5], [37, 13], [32, 36], [37, 23], [37, 20], [32, 33], [37, 10], [6, 8], [37, 25], [6, 27]]}"
SR-C_seed6_natural-active,70001,No-HT,19,13d87803fb086310,2.478028063798721,139107.33333333334,-0.0,2.4789139603260066,167815.66666666666,-0.0,0.0008858965272855457,28708.333333333314,0.0,True,True,True,False,False,"{""repair_order"": [15, 3, 13, 14, 7, 8, 2, 9, 1, 4, 0, 10, 12, 5, 11, 6], ""team_assignment"": [1, 0, 2, 2, 2, 2, 1, 2, 2, 1, 1, 0, 0, 2, 0, 2], ""dispatch_priority"": [[37, 29], [6, 20], [37, 19], [32, 8], [37, 17], [6, 19], [37, 38], [6, 17], [6, 38], [32, 27], [32, 14], [37, 30], [32, 18], [32, 7], [6, 23], [32, 20], [6, 33], [6, 26], [32, 12], [37, 5], [32, 28], [6, 4], [32, 17], [32, 3], [37, 18], [32, 26], [6, 31], [32, 24], [37, 16], [37, 21], [37, 7], [32, 13], [37, 33], [37, 4], [32, 29], [37, 9], [6, 35], [6, 28], [6, 7], [32, 15], [32, 30], [32, 21], [32, 5], [32, 22], [37, 22], [6, 34], [6, 16], [37, 24], [32, 2], [32, 10], [6, 12], [37, 26], [37, 1], [37, 34], [32, 31], [37, 2], [6, 21], [37, 14], [6, 24], [6, 13], [6, 2], [37, 12], [6, 22], [6, 15], [6, 3], [6, 1], [32, 35], [6, 9], [32, 11], [32, 19], [37, 35], [6, 5], [6, 29], [6, 36], [37, 8], [32, 34], [37, 28], [32, 16], [32, 1], [32, 25], [32, 9], [32, 23], [37, 36], [6, 10], [6, 30], [6, 18], [6, 25], [37, 27], [37, 13], [32, 36], [32, 38], [37, 23], [37, 20], [37, 31], [37, 3], [32, 33], [37, 10], [6, 8], [6, 14], [37, 15], [32, 4], [37, 11], [37, 25], [6, 27], [6, 11]]}"
SR-C_seed6_natural-active,70001,No-HT,20,7fdb461ed23499e6,2.476173761673496,150481.0,-0.0,2.476173761673496,153571.0,-0.0,0.0,3090.0,0.0,True,False,True,False,False,"{""repair_order"": [15, 13, 1, 4, 7, 8, 2, 5, 10, 12, 14, 0, 3, 9, 11, 6], ""team_assignment"": [1, 0, 2, 2, 2, 2, 1, 2, 2, 0, 1, 2, 1, 1, 0, 2], ""dispatch_priority"": [[37, 29], [6, 20], [32, 8], [37, 17], [6, 19], [37, 38], [6, 17], [6, 38], [32, 27], [32, 14], [37, 30], [32, 18], [32, 7], [6, 23], [32, 20], [6, 33], [6, 26], [32, 12], [37, 5], [32, 28], [6, 4], [32, 17], [32, 3], [37, 18], [32, 26], [6, 31], [32, 24], [37, 16], [37, 21], [37, 7], [37, 33], [37, 9], [6, 35], [6, 28], [37, 4], [37, 19], [32, 13], [37, 31], [32, 30], [6, 7], [32, 21], [32, 29], [32, 15], [32, 22], [37, 22], [6, 34], [6, 16], [37, 24], [32, 2], [32, 10], [6, 12], [37, 26], [37, 1], [37, 34], [32, 31], [37, 2], [6, 21], [37, 14], [6, 24], [6, 13], [6, 2], [37, 12], [6, 22], [6, 15], [6, 3], [6, 1], [32, 35], [6, 9], [32, 11], [32, 19], [37, 35], [6, 5], [6, 29], [6, 36], [37, 8], [32, 34], [37, 28], [32, 16], [32, 1], [32, 25], [32, 9], [32, 23], [37, 36], [6, 10], [6, 30], [6, 18], [6, 25], [32, 5], [37, 27], [37, 13], [32, 36], [32, 38], [37, 23], [37, 20], [37, 3], [32, 33], [37, 10], [6, 8], [6, 14], [37, 15], [32, 4], [37, 11], [37, 25], [6, 27], [6, 11]]}"
SR-C_seed6_natural-active,70001,No-HT,21,011cbd25dd99f862,2.8206081336830833,129291.0,-0.0,2.8206081336830833,129291.0,-0.0,0.0,0.0,0.0,False,False,False,False,False,"{""repair_order"": [15, 14, 1, 8, 2, 4, 13, 10, 9, 0, 12, 5, 11, 7, 3, 6], ""team_assignment"": [1, 2, 2, 0, 2, 2, 1, 1, 2, 1, 1, 0, 0, 1, 1, 2], ""dispatch_priority"": [[37, 29], [6, 20], [37, 19], [6, 17], [37, 34], [6, 38], [6, 34], [32, 10], [32, 27], [37, 30], [32, 18], [32, 7], [37, 1], [37, 26], [37, 2], [32, 20], [6, 33], [6, 12], [6, 26], [32, 31], [32, 12], [32, 26], [6, 31], [32, 24], [37, 21], [37, 7], [32, 13], [37, 4], [6, 35], [37, 12], [6, 22], [6, 16], [6, 15], [32, 15], [37, 5], [6, 1], [32, 28], [6, 4], [32, 17], [32, 3], [37, 18], [6, 24], [32, 19], [6, 7], [37, 35], [6, 28], [6, 5], [6, 29], [6, 36], [37, 8], [32, 34], [37, 28], [32, 11], [32, 35], [37, 16], [6, 9], [37, 24], [6, 3], [32, 1], [32, 2], [32, 25], [32, 9], [32, 22], [32, 8], [6, 10], [6, 19], [6, 23], [32, 14], [37, 33], [32, 5], [32, 16], [37, 38], [37, 10], [32, 23], [37, 9], [37, 36], [32, 21], [6, 2], [6, 30], [6, 18], [37, 17], [37, 27], [37, 13], [32, 36], [32, 38], [37, 14], [32, 29], [37, 23], [37, 20], [6, 13], [32, 30], [6, 25], [37, 31], [37, 22], [37, 3], [32, 33], [6, 8], [6, 14], [6, 21], [37, 15], [32, 4], [37, 11], [37, 25], [6, 27], [6, 11]]}"
SR-C_seed6_natural-active,70002,Full,0,a01d4e510faa82aa,2.47760239118125,220793.5,-0.7973068745568526,2.47760239118125,220793.5,-0.7973068745568526,0.0,0.0,0.0,False,False,False,False,True,"{""repair_order"": [0, 15, 4, 1, 10, 11, 5, 7, 6, 13, 3, 8, 9, 14, 2, 12], ""team_assignment"": [0, 1, 1, 0, 0, 2, 0, 0, 1, 0, 1, 0, 0, 1, 2, 0], ""dispatch_priority"": [[32, 30], [32, 8], [6, 4], [6, 38], [32, 35], [6, 24], [32, 20], [32, 22], [37, 12], [32, 33], [6, 17], [37, 9], [6, 10], [37, 15], [37, 18], [32, 24], [37, 3], [37, 8], [37, 29], [32, 13], [6, 20], [6, 7], [6, 33], [37, 22], [6, 9], [32, 16], [6, 34], [32, 23], [32, 38], [6, 29], [37, 38], [37, 7], [6, 30], [6, 26], [37, 13], [37, 24], [32, 21], [37, 30], [6, 22], [37, 11], [37, 10], [32, 1], [32, 9], [6, 21], [37, 34], [32, 29], [6, 11], [32, 36], [37, 1], [32, 26], [32, 14], [37, 5], [6, 16], [37, 19], [37, 28], [6, 3], [37, 27], [37, 17], [37, 31], [37, 26], [37, 33], [32, 7], [32, 10], [32, 17], [6, 8], [6, 35], [37, 16], [6, 31], [6, 14], [6, 13], [32, 3], [6, 15], [32, 15], [32, 34], [37, 35], [32, 28], [32, 25], [32, 12], [37, 2], [6, 2], [6, 12], [6, 19], [32, 19], [32, 11], [6, 28], [37, 36], [6, 25], [6, 36], [37, 14], [37, 20], [6, 23], [6, 27], [6, 1], [32, 4], [37, 25], [32, 18], [32, 31], [37, 23], [37, 21], [37, 4], [32, 2], [32, 27], [32, 5], [6, 18], [6, 5]]}"
SR-C_seed6_natural-active,70002,Full,1,fa8149bed952b238,2.4776509867479497,194183.6666666667,-0.7973068745568526,2.4776509867479497,194183.6666666667,-0.7973068745568526,0.0,0.0,0.0,False,False,False,False,True,"{""repair_order"": [2, 6, 14, 7, 3, 13, 4, 10, 8, 12, 11, 5, 9, 0, 15, 1], ""team_assignment"": [2, 1, 1, 2, 2, 1, 0, 1, 1, 2, 1, 1, 1, 0, 0, 0], ""dispatch_priority"": [[6, 1], [32, 35], [6, 24], [32, 20], [6, 17], [37, 18], [37, 3], [37, 28], [32, 16], [6, 7], [37, 7], [6, 8], [6, 27], [6, 23], [6, 26], [32, 17], [32, 2], [6, 18], [37, 38], [32, 9], [37, 21], [37, 29], [37, 27], [6, 34], [32, 27], [6, 9], [32, 31], [37, 30], [32, 29], [6, 11], [32, 8], [32, 23], [32, 21], [37, 4], [32, 30], [6, 20], [37, 1], [37, 10], [37, 25], [6, 4], [37, 8], [32, 36], [37, 16], [6, 31], [6, 14], [32, 22], [6, 13], [32, 3], [32, 24], [6, 15], [37, 12], [37, 17], [32, 15], [32, 34], [32, 33], [37, 35], [32, 14], [32, 28], [6, 10], [32, 25], [32, 12], [37, 2], [32, 10], [6, 2], [6, 12], [6, 21], [6, 19], [32, 19], [37, 15], [32, 11], [6, 38], [37, 36], [6, 25], [6, 36], [37, 9], [6, 28], [37, 14], [37, 11], [32, 18], [6, 30], [6, 3], [37, 33], [32, 13], [37, 31], [32, 5], [37, 24], [37, 20], [32, 4], [6, 22], [37, 22], [6, 35], [6, 5], [6, 33], [37, 23], [37, 13], [37, 26], [32, 26], [37, 5], [37, 34], [32, 7], [37, 19], [6, 16], [6, 29], [32, 1], [32, 38]]}"
SR-C_seed6_natural-active,70002,Full,2,408d27907e8df7d7,2.482560820395113,156332.0,-0.7973068745568526,2.482560820395113,156332.0,-0.7973068745568526,0.0,0.0,0.0,False,False,False,False,True,"{""repair_order"": [6, 7, 3, 8, 0, 15, 13, 4, 10, 1, 9, 14, 2, 12, 5, 11], ""team_assignment"": [0, 0, 1, 0, 0, 2, 0, 1, 1, 0, 1, 0, 0, 1, 2, 2], ""dispatch_priority"": [[32, 30], [32, 8], [37, 29], [32, 13], [6, 20], [6, 7], [6, 33], [37, 22], [6, 9], [32, 16], [6, 34], [32, 23], [32, 38], [32, 4], [37, 38], [37, 7], [6, 30], [6, 26], [37, 13], [37, 24], [32, 21], [37, 30], [6, 22], [37, 11], [37, 10], [32, 1], [32, 35], [6, 17], [32, 9], [6, 10], [37, 8], [37, 34], [32, 29], [6, 11], [32, 36], [37, 1], [37, 18], [32, 26], [32, 14], [37, 5], [6, 16], [37, 19], [37, 28], [6, 3], [37, 27], [37, 17], [37, 31], [6, 38], [37, 26], [37, 15], [37, 33], [32, 7], [37, 9], [32, 10], [32, 17], [32, 24], [6, 8], [6, 35], [6, 4], [37, 16], [6, 31], [6, 14], [32, 22], [6, 13], [32, 3], [6, 15], [37, 12], [32, 15], [32, 34], [32, 33], [37, 35], [32, 28], [32, 25], [32, 12], [37, 2], [6, 2], [6, 12], [6, 21], [6, 19], [32, 19], [32, 11], [6, 28], [37, 36], [6, 25], [6, 36], [37, 14], [37, 3], [37, 20], [32, 20], [6, 23], [6, 27], [6, 1], [6, 29], [37, 25], [6, 24], [32, 18], [32, 31], [37, 23], [37, 21], [37, 4], [32, 2], [32, 27], [32, 5], [6, 18], [6, 5]]}"
SR-C_seed6_natural-active,70002,Full,3,0dcfeb4924c73ea6,2.4804471696742043,182836.6666666667,-0.7741826352412698,2.4804471696742043,182836.6666666667,-0.7741826352412698,0.0,0.0,0.0,False,False,False,False,True,"{""repair_order"": [15, 4, 11, 5, 7, 3, 13, 10, 8, 1, 9, 0, 14, 12, 6, 2], ""team_assignment"": [0, 1, 1, 0, 0, 2, 0, 0, 1, 0, 1, 0, 0, 1, 2, 0], ""dispatch_priority"": [[32, 30], [32, 8], [6, 4], [6, 38], [32, 35], [6, 24], [32, 20], [32, 22], [37, 12], [32, 33], [6, 17], [37, 9], [6, 10], [37, 15], [32, 16], [32, 24], [37, 3], [37, 8], [37, 29], [32, 13], [6, 20], [6, 7], [6, 33], [37, 22], [6, 9], [37, 18], [6, 34], [32, 23], [32, 38], [32, 4], [37, 38], [37, 7], [6, 30], [6, 26], [37, 13], [37, 24], [32, 21], [37, 30], [6, 22], [37, 11], [37, 10], [32, 1], [32, 9], [37, 34], [32, 29], [6, 11], [32, 36], [37, 1], [32, 26], [32, 14], [37, 5], [6, 16], [37, 19], [37, 28], [6, 3], [32, 11], [37, 17], [37, 31], [37, 26], [37, 33], [32, 7], [32, 10], [32, 17], [6, 8], [6, 35], [37, 16], [6, 31], [6, 14], [37, 14], [6, 2], [6, 12], [6, 21], [6, 19], [6, 13], [32, 3], [6, 15], [32, 15], [32, 34], [37, 35], [32, 28], [32, 25], [32, 12], [37, 2], [32, 19], [37, 27], [6, 28], [37, 36], [6, 25], [6, 36], [37, 20], [6, 23], [6, 27], [6, 1], [6, 29], [37, 25], [32, 18], [32, 31], [37, 23], [37, 21], [37, 4], [32, 2], [32, 27], [32, 5], [6, 18], [6, 5]]}"
SR-C_seed6_natural-active,70002,Full,4,bf059305811c0960,2.5913593324985333,153882.5,-0.7611192315716835,2.5913593324985333,153882.5,-0.7611192315716835,0.0,0.0,0.0,False,False,False,False,True,"{""repair_order"": [9, 13, 14, 11, 6, 5, 15, 10, 8, 2, 12, 1, 7, 3, 4, 0], ""team_assignment"": [2, 1, 1, 1, 0, 2, 0, 1, 0, 2, 0, 0, 1, 0, 2, 2], ""dispatch_priority"": [[32, 8], [32, 13], [6, 7], [37, 28], [6, 33], [32, 29], [37, 33], [37, 22], [6, 9], [32, 16], [6, 34], [37, 27], [32, 23], [37, 31], [32, 4], [37, 38], [37, 7], [6, 30], [37, 19], [6, 26], [37, 13], [37, 24], [37, 1], [32, 21], [37, 30], [6, 22], [6, 3], [37, 11], [37, 10], [6, 16], [32, 1], [37, 26], [32, 35], [6, 17], [32, 9], [6, 35], [6, 4], [37, 8], [32, 36], [37, 16], [6, 31], [6, 14], [32, 22], [6, 13], [32, 3], [32, 24], [6, 15], [37, 12], [37, 17], [32, 15], [32, 34], [32, 33], [37, 35], [32, 14], [32, 28], [6, 10], [32, 25], [32, 12], [37, 2], [32, 10], [6, 2], [6, 12], [6, 21], [6, 19], [37, 15], [32, 11], [6, 38], [37, 36], [6, 25], [6, 36], [37, 9], [6, 28], [37, 29], [6, 20], [37, 20], [32, 30], [6, 29], [6, 18], [32, 19], [37, 14], [37, 3], [32, 7], [32, 20], [6, 23], [6, 27], [6, 8], [37, 34], [6, 1], [6, 11], [32, 17], [37, 5], [37, 25], [6, 24], [32, 38], [32, 18], [32, 31], [37, 23], [37, 21], [37, 4], [32, 2], [32, 27], [32, 26], [32, 5], [37, 18], [6, 5]]}"
SR-C_seed6_natural-active,70002,Full,5,44d9bd2ed6edc780,3.052420717716526,130869.0,-0.7596855520223471,3.052420717716526,130869.0,-0.7596855520223471,0.0,0.0,0.0,False,False,False,False,True,"{""repair_order"": [3, 13, 14, 11, 6, 5, 15, 10, 4, 8, 7, 1, 9, 0, 2, 12], ""team_assignment"": [2, 1, 1, 1, 2, 2, 0, 1, 1, 2, 0, 1, 1, 0, 0, 2], ""dispatch_priority"": [[37, 29], [6, 33], [37, 33], [37, 27], [32, 23], [32, 4], [37, 7], [6, 30], [37, 19], [6, 26], [37, 24], [32, 21], [37, 30], [6, 22], [6, 3], [37, 11], [6, 16], [37, 26], [32, 9], [6, 35], [37, 8], [37, 16], [6, 31], [6, 14], [32, 22], [32, 3], [32, 24], [6, 15], [32, 15], [32, 34], [37, 2], [6, 12], [37, 15], [6, 36], [6, 28], [32, 36], [37, 34], [37, 25], [6, 24], [37, 31], [32, 2], [32, 27], [32, 5], [37, 22], [37, 10], [37, 12], [6, 34], [6, 17], [6, 13], [32, 1], [32, 16], [6, 9], [32, 38], [37, 13], [6, 20], [37, 35], [32, 14], [37, 9], [6, 27], [6, 19], [32, 10], [37, 36], [32, 17], [6, 7], [6, 11], [32, 20], [6, 10], [37, 14], [32, 11], [32, 25], [32, 26], [6, 5], [6, 25], [32, 12], [37, 3], [6, 23], [32, 13], [6, 8], [37, 5], [37, 21], [37, 20], [32, 30], [6, 29], [32, 19], [32, 8], [32, 28], [37, 18], [32, 33], [37, 17], [32, 31], [37, 23], [37, 1], [37, 4], [6, 4], [6, 38], [32, 18], [37, 28], [32, 29], [32, 7], [6, 2], [37, 38], [6, 1], [6, 21], [32, 35], [6, 18]]}"
SR-C_seed6_natural-active,70002,Full,6,dc302a5a5dc76570,2.820986518952213,150548.66666666666,-0.7553906519769953,2.820986518952213,150548.66666666666,-0.7553906519769953,0.0,0.0,0.0,False,False,False,False,True,"{""repair_order"": [15, 6, 14, 7, 10, 3, 13, 4, 8, 1, 9, 0, 2, 12, 5, 11], ""team_assignment"": [2, 1, 1, 1, 1, 0, 0, 1, 0, 2, 1, 0, 1, 0, 0, 2], ""dispatch_priority"": [[37, 28], [32, 29], [32, 38], [6, 28], [6, 33], [32, 5], [37, 25], [32, 31], [37, 2], [37, 33], [37, 22], [6, 9], [32, 16], [6, 34], [37, 27], [32, 23], [37, 31], [32, 4], [37, 38], [37, 7], [6, 30], [37, 19], [6, 26], [37, 13], [37, 24], [37, 1], [32, 21], [37, 30], [6, 22], [6, 3], [37, 11], [37, 10], [6, 16], [32, 1], [37, 26], [32, 35], [6, 17], [32, 9], [6, 35], [32, 33], [37, 8], [32, 36], [37, 16], [6, 31], [6, 14], [32, 22], [6, 13], [32, 3], [32, 24], [6, 15], [37, 12], [37, 17], [32, 15], [32, 34], [6, 4], [37, 35], [32, 14], [37, 9], [6, 27], [32, 2], [6, 19], [32, 10], [37, 36], [32, 17], [6, 7], [37, 5], [32, 20], [6, 10], [37, 14], [32, 11], [32, 25], [32, 26], [6, 5], [6, 25], [32, 12], [37, 3], [6, 23], [32, 13], [6, 8], [6, 11], [37, 29], [6, 20], [37, 20], [32, 30], [37, 21], [6, 29], [6, 18], [32, 19], [32, 8], [32, 28], [37, 18], [6, 38], [32, 18], [6, 2], [6, 12], [6, 21], [37, 15], [6, 36], [32, 7], [37, 34], [6, 1], [6, 24], [37, 23], [37, 4], [32, 27]]}"
SR-C_seed6_natural-active,70002,Full,7,6d3b5a8d991a154b,2.7099832745424575,150492.3333333333,-0.7552025977120138,2.7099832745424575,150492.3333333333,-0.7552025977120138,0.0,0.0,0.0,False,False,False,False,True,"{""repair_order"": [8, 13, 14, 11, 6, 5, 15, 10, 9, 0, 3, 4, 2, 12, 7, 1], ""team_assignment"": [2, 1, 1, 2, 1, 0, 0, 1, 2, 0, 0, 0, 0, 0, 2, 2], ""dispatch_priority"": [[6, 1], [6, 38], [6, 24], [6, 21], [37, 15], [37, 28], [32, 16], [37, 7], [6, 28], [6, 2], [6, 26], [37, 38], [37, 21], [37, 27], [6, 34], [32, 27], [6, 9], [32, 31], [32, 29], [32, 23], [37, 4], [37, 1], [32, 21], [37, 30], [6, 22], [6, 3], [37, 11], [37, 10], [6, 16], [32, 1], [37, 26], [32, 35], [6, 17], [32, 9], [6, 35], [37, 8], [32, 36], [37, 16], [6, 31], [6, 14], [32, 22], [6, 13], [32, 3], [32, 24], [6, 15], [37, 12], [37, 17], [32, 15], [32, 34], [6, 4], [37, 35], [32, 14], [37, 9], [6, 27], [32, 2], [6, 19], [32, 10], [37, 36], [32, 17], [6, 7], [37, 5], [32, 20], [6, 10], [37, 14], [32, 11], [32, 25], [32, 26], [6, 5], [6, 25], [32, 12], [37, 3], [6, 23], [32, 13], [6, 8], [6, 11], [32, 30], [6, 29], [6, 18], [32, 19], [32, 8], [32, 28], [37, 18], [32, 33], [37, 29], [6, 20], [37, 25], [32, 18], [6, 30], [37, 33], [6, 12], [37, 31], [32, 5], [37, 24], [37, 20], [32, 4], [37, 22], [6, 33], [6, 36], [37, 23], [37, 13], [37, 2], [37, 34], [32, 7], [37, 19], [32, 38]]}"
SR-C_seed6_natural-active,70002,Full,8,12af7d1c06fb2086,2.818707117734734,146510.5,-0.7520428294119483,2.818707117734734,146510.5,-0.7520428294119483,0.0,0.0,0.0,False,False,False,False,True,"{""repair_order"": [15, 3, 14, 7, 6, 5, 13, 4, 10, 8, 1, 9, 0, 2, 12, 11], ""team_assignment"": [2, 0, 1, 1, 1, 0, 0, 0, 0, 2, 1, 0, 1, 0, 0, 2], ""dispatch_priority"": [[32, 30], [32, 8], [37, 29], [32, 13], [6, 20], [37, 28], [6, 33], [32, 29], [37, 33], [37, 22], [6, 9], [32, 16], [6, 34], [37, 27], [32, 23], [32, 38], [32, 4], [37, 38], [37, 7], [6, 30], [37, 19], [6, 26], [37, 13], [37, 24], [37, 1], [32, 21], [37, 30], [6, 22], [6, 3], [37, 11], [37, 10], [6, 16], [32, 1], [32, 35], [6, 17], [32, 9], [6, 35], [6, 4], [37, 8], [32, 36], [32, 33], [37, 26], [37, 16], [6, 31], [6, 14], [32, 22], [6, 13], [32, 3], [32, 24], [6, 15], [37, 12], [37, 17], [32, 15], [6, 19], [32, 10], [37, 36], [32, 17], [6, 7], [37, 5], [32, 20], [6, 10], [37, 14], [32, 11], [32, 25], [32, 26], [6, 5], [6, 25], [32, 12], [37, 3], [6, 23], [32, 34], [37, 35], [32, 14], [32, 28], [37, 2], [6, 2], [6, 12], [6, 21], [32, 19], [37, 15], [6, 38], [6, 36], [37, 9], [6, 28], [32, 7], [37, 20], [6, 27], [6, 8], [37, 34], [6, 1], [6, 29], [6, 11], [37, 25], [6, 24], [37, 31], [32, 18], [32, 31], [37, 23], [37, 21], [37, 4], [32, 2], [32, 27], [32, 5], [6, 18], [37, 18]]}"
SR-C_seed6_natural-active,70002,Full,9,2afbf46f34b32d3f,2.7069557498389054,130048.0,-0.7516871074722076,2.7069557498389054,130048.0,-0.7516871074722076,0.0,0.0,0.0,False,False,False,False,True,"{""repair_order"": [9, 13, 14, 11, 6, 5, 15, 10, 8, 12, 2, 1, 3, 4, 7, 0], ""team_assignment"": [2, 1, 1, 1, 2, 1, 0, 1, 1, 2, 0, 0, 1, 0, 0, 0], ""dispatch_priority"": [[6, 21], [37, 15], [32, 38], [6, 28], [6, 33], [32, 5], [37, 25], [37, 2], [37, 33], [37, 22], [32, 16], [32, 23], [37, 31], [32, 4], [37, 7], [6, 30], [32, 2], [6, 18], [37, 38], [32, 9], [37, 21], [37, 29], [37, 27], [6, 34], [32, 27], [6, 9], [37, 19], [6, 26], [37, 13], [37, 24], [32, 21], [37, 30], [6, 22], [6, 3], [37, 11], [37, 10], [6, 16], [32, 1], [37, 26], [32, 35], [6, 17], [6, 35], [37, 8], [32, 36], [37, 16], [6, 31], [6, 14], [32, 22], [6, 13], [32, 3], [32, 24], [6, 15], [37, 12], [32, 15], [32, 34], [37, 35], [32, 14], [37, 9], [6, 27], [6, 19], [32, 10], [37, 36], [32, 17], [6, 7], [6, 11], [32, 20], [6, 10], [37, 14], [32, 11], [32, 25], [32, 26], [6, 5], [6, 25], [32, 12], [37, 3], [6, 23], [32, 13], [6, 8], [37, 5], [6, 20], [37, 20], [32, 30], [6, 29], [32, 19], [32, 8], [32, 28], [37, 18], [32, 33], [37, 17], [32, 31], [37, 23], [37, 1], [37, 4], [6, 4], [6, 38], [32, 18], [37, 28], [32, 29], [32, 7], [6, 2], [6, 1], [6, 12], [6, 24], [6, 36], [37, 34]]}"
SR-C_seed6_natural-active,70002,Full,10,d11c166cc8465327,2.81643438759747,126975.16666666666,-0.7484464694462076,2.81643438759747,126975.16666666666,-0.7484464694462076,0.0,0.0,0.0,False,False,False,False,True,"{""repair_order"": [15, 14, 11, 7, 6, 5, 13, 4, 10, 8, 1, 9, 0, 2, 12, 3], ""team_assignment"": [2, 0, 1, 1, 0, 2, 0, 0, 0, 2, 1, 0, 1, 0, 0, 2], ""dispatch_priority"": [[32, 21], [37, 29], [32, 13], [32, 2], [32, 23], [6, 26], [32, 27], [6, 18], [37, 7], [37, 23], [32, 29], [6, 11], [32, 18], [6, 30], [32, 16], [6, 33], [37, 38], [37, 22], [37, 30], [32, 31], [37, 1], [37, 18], [32, 26], [32, 14], [37, 5], [6, 16], [37, 19], [32, 22], [6, 13], [32, 3], [32, 24], [6, 15], [37, 12], [37, 17], [6, 17], [32, 9], [6, 35], [6, 4], [37, 8], [32, 36], [32, 33], [37, 26], [37, 16], [6, 31], [6, 14], [32, 15], [32, 34], [37, 28], [6, 3], [37, 27], [37, 31], [37, 33], [32, 17], [37, 35], [6, 29], [37, 11], [32, 4], [6, 5], [32, 28], [6, 10], [32, 25], [32, 12], [37, 2], [32, 10], [6, 2], [6, 12], [6, 21], [6, 19], [32, 19], [37, 15], [32, 11], [6, 38], [37, 36], [6, 25], [6, 36], [37, 9], [6, 28], [37, 14], [37, 3], [32, 7], [37, 20], [32, 20], [6, 23], [6, 27], [6, 8], [37, 34], [32, 30], [37, 10], [32, 8], [37, 24], [6, 34], [6, 7], [32, 5], [32, 1], [6, 20], [6, 9], [32, 38], [37, 13], [37, 21], [6, 22], [6, 1], [32, 35], [37, 4], [37, 25], [6, 24]]}"
SR-C_seed6_natural-active,70002,Full,11,3844309f872a204f,2.4816468547532873,159985.0,-0.7465731891426691,2.4816468547532873,159985.0,-0.7465731891426691,0.0,0.0,0.0,False,False,False,False,True,"{""repair_order"": [14, 6, 15, 10, 11, 9, 4, 3, 13, 5, 2, 8, 12, 7, 0, 1], ""team_assignment"": [2, 1, 0, 2, 2, 1, 0, 0, 1, 0, 1, 1, 0, 0, 0, 1], ""dispatch_priority"": [[6, 19], [6, 1], [6, 4], [6, 38], [32, 35], [6, 24], [32, 20], [32, 22], [37, 12], [32, 33], [6, 17], [37, 9], [6, 21], [37, 15], [37, 18], [32, 24], [37, 3], [37, 8], [37, 28], [32, 16], [6, 7], [37, 7], [6, 8], [6, 27], [32, 14], [6, 2], [6, 26], [32, 17], [32, 2], [6, 18], [37, 38], [6, 13], [32, 9], [37, 21], [32, 36], [37, 29], [37, 27], [32, 27], [6, 9], [32, 31], [37, 30], [32, 29], [6, 11], [32, 8], [32, 23], [37, 36], [32, 21], [37, 4], [32, 30], [6, 20], [32, 3], [37, 1], [37, 10], [37, 25], [6, 31], [37, 35], [32, 25], [32, 10], [37, 11], [6, 28], [32, 38], [6, 23], [6, 34], [37, 2], [37, 13], [37, 14], [32, 18], [6, 30], [6, 25], [37, 17], [6, 3], [37, 33], [6, 12], [32, 13], [37, 31], [37, 16], [32, 5], [32, 28], [37, 24], [37, 20], [32, 4], [6, 22], [6, 10], [37, 22], [6, 35], [6, 5], [6, 33], [6, 36], [6, 15], [37, 23], [37, 26], [32, 34], [32, 26], [37, 5], [37, 34], [32, 7], [37, 19], [6, 16], [6, 29], [32, 11], [32, 12], [6, 14], [32, 19], [32, 1], [32, 15]]}"
SR-C_seed6_natural-active,70002,Full,12,9c1b7fc0adfd28eb,2.595926269914358,151740.0,-0.7459640532888443,2.595926269914358,151740.0,-0.7459640532888443,0.0,0.0,0.0,False,False,False,False,True,"{""repair_order"": [15, 6, 14, 7, 3, 13, 4, 12, 8, 1, 9, 0, 2, 10, 5, 11], ""team_assignment"": [0, 1, 1, 1, 0, 2, 0, 1, 1, 2, 1, 0, 0, 1, 0, 2], ""dispatch_priority"": [[32, 30], [32, 8], [37, 29], [32, 13], [6, 20], [6, 7], [6, 33], [37, 22], [6, 9], [32, 16], [6, 34], [32, 23], [32, 38], [32, 4], [37, 38], [37, 7], [6, 30], [6, 26], [37, 13], [37, 24], [32, 21], [37, 30], [6, 22], [37, 11], [37, 10], [32, 1], [32, 35], [6, 17], [32, 9], [6, 10], [37, 8], [32, 29], [6, 11], [32, 36], [37, 1], [37, 18], [32, 26], [32, 14], [37, 5], [6, 16], [37, 19], [37, 28], [6, 3], [37, 27], [37, 17], [37, 31], [6, 38], [37, 26], [37, 15], [37, 33], [37, 9], [32, 10], [32, 17], [32, 24], [6, 35], [6, 4], [37, 16], [6, 31], [6, 14], [32, 22], [6, 13], [32, 3], [6, 15], [37, 12], [32, 15], [32, 34], [32, 33], [37, 35], [32, 28], [32, 25], [32, 12], [37, 2], [6, 2], [6, 12], [6, 21], [6, 28], [37, 14], [37, 3], [32, 7], [37, 20], [32, 20], [6, 23], [6, 27], [6, 8], [37, 34], [6, 1], [6, 19], [32, 19], [32, 11], [37, 36], [6, 25], [6, 36], [6, 29], [37, 25], [6, 24], [32, 18], [32, 31], [37, 23], [37, 21], [37, 4], [32, 2], [32, 27], [32, 5], [6, 18], [6, 5]]}"
SR-C_seed6_natural-active,70002,Full,13,6affaa363211c1f6,2.7040413971811503,148127.33333333334,-0.7164225237774969,2.7040413971811503,148127.33333333334,-0.7164225237774969,0.0,0.0,0.0,False,False,False,False,True,"{""repair_order"": [15, 14, 3, 13, 4, 10, 8, 7, 6, 1, 9, 0, 2, 12, 5, 11], ""team_assignment"": [2, 1, 1, 2, 1, 2, 0, 0, 0, 0, 0, 1, 0, 0, 2, 2], ""dispatch_priority"": [[32, 30], [37, 29], [32, 13], [37, 28], [6, 33], [32, 29], [37, 33], [37, 27], [32, 23], [32, 4], [37, 7], [6, 30], [37, 19], [6, 26], [37, 24], [37, 1], [32, 21], [37, 30], [6, 22], [6, 3], [37, 11], [6, 16], [37, 26], [32, 9], [6, 35], [6, 4], [37, 8], [32, 20], [37, 16], [6, 31], [6, 14], [32, 22], [32, 3], [32, 24], [6, 15], [37, 17], [32, 15], [32, 34], [32, 33], [37, 35], [32, 14], [32, 28], [37, 2], [37, 14], [32, 11], [32, 25], [32, 26], [6, 5], [6, 25], [32, 12], [32, 10], [6, 2], [6, 12], [32, 19], [37, 15], [37, 36], [6, 36], [37, 9], [6, 28], [32, 7], [37, 20], [32, 36], [6, 23], [6, 27], [6, 8], [37, 34], [6, 29], [6, 11], [32, 17], [37, 5], [37, 25], [6, 24], [37, 31], [32, 18], [37, 23], [37, 4], [32, 2], [32, 27], [32, 5], [6, 10], [37, 22], [37, 10], [6, 19], [32, 8], [37, 12], [6, 34], [6, 17], [6, 7], [37, 3], [6, 13], [32, 1], [32, 16], [6, 20], [6, 38], [6, 9], [32, 31], [32, 38], [37, 13], [37, 21], [37, 38], [6, 1], [6, 21], [32, 35], [6, 18], [37, 18]]}"
SR-C_seed6_natural-active,70002,Full,14,f9fe034abcf684d3,2.7046276279474766,145821.0,-0.7042630511250536,2.7046276279474766,145821.0,-0.7042630511250536,0.0,0.0,0.0,False,False,False,False,True,"{""repair_order"": [15, 14, 7, 11, 6, 5, 3, 13, 4, 10, 8, 1, 9, 0, 2, 12], ""team_assignment"": [2, 1, 1, 1, 2, 1, 0, 0, 0, 2, 0, 0, 1, 0, 0, 2], ""dispatch_priority"": [[37, 29], [32, 13], [6, 20], [37, 28], [6, 33], [32, 29], [37, 33], [37, 22], [6, 9], [32, 16], [6, 34], [37, 27], [32, 23], [32, 38], [32, 4], [37, 38], [37, 7], [6, 30], [37, 19], [6, 26], [37, 13], [37, 24], [37, 1], [32, 21], [37, 30], [6, 22], [6, 3], [37, 11], [37, 10], [6, 16], [32, 1], [37, 26], [32, 35], [6, 17], [32, 9], [6, 35], [6, 4], [37, 8], [32, 36], [37, 16], [6, 31], [6, 14], [32, 22], [6, 13], [32, 3], [32, 24], [6, 15], [37, 12], [32, 15], [6, 19], [32, 10], [37, 36], [32, 17], [6, 7], [37, 5], [32, 20], [6, 10], [37, 14], [32, 11], [32, 25], [32, 26], [6, 5], [6, 25], [32, 12], [37, 3], [6, 23], [32, 34], [37, 35], [32, 14], [37, 2], [6, 2], [6, 12], [6, 21], [37, 15], [6, 38], [6, 36], [37, 9], [6, 28], [32, 7], [37, 20], [6, 27], [32, 30], [6, 29], [32, 19], [32, 8], [32, 28], [37, 18], [32, 31], [37, 17], [32, 33], [6, 8], [37, 34], [6, 1], [6, 11], [37, 25], [6, 24], [37, 31], [32, 18], [37, 23], [37, 21], [37, 4], [32, 2], [32, 27], [32, 5], [6, 18]]}"
SR-C_seed6_natural-active,70002,Full,15,28ef31a940cdf67b,2.5939859925115014,135809.0,-0.7018036044628388,2.5939859925115014,135809.0,-0.7018036044628388,0.0,0.0,0.0,False,False,False,False,True,"{""repair_order"": [15, 3, 14, 7, 4, 5, 2, 10, 8, 13, 0, 1, 12, 11, 9, 6], ""team_assignment"": [2, 0, 1, 1, 1, 0, 2, 0, 0, 0, 0, 0, 0, 0, 0, 2], ""dispatch_priority"": [[32, 21], [37, 29], [32, 20], [32, 13], [32, 9], [32, 2], [6, 14], [37, 36], [37, 2], [32, 23], [6, 26], [32, 16], [37, 14], [32, 27], [6, 36], [6, 2], [6, 18], [37, 7], [37, 23], [6, 25], [32, 11], [6, 10], [37, 8], [37, 34], [32, 29], [6, 11], [32, 36], [32, 18], [6, 30], [6, 33], [37, 38], [37, 22], [6, 35], [37, 30], [32, 31], [32, 33], [37, 26], [37, 16], [37, 1], [37, 18], [32, 26], [32, 14], [37, 5], [6, 16], [37, 19], [32, 22], [6, 13], [32, 3], [32, 24], [6, 15], [37, 12], [37, 17], [32, 15], [6, 4], [32, 34], [37, 28], [6, 3], [37, 27], [37, 31], [6, 28], [37, 15], [37, 33], [32, 7], [37, 9], [32, 10], [32, 17], [6, 8], [37, 35], [6, 29], [37, 11], [32, 4], [6, 31], [32, 19], [32, 12], [6, 23], [6, 5], [32, 30], [6, 27], [37, 10], [6, 19], [32, 8], [37, 24], [37, 20], [6, 34], [6, 17], [6, 7], [37, 3], [32, 5], [32, 1], [6, 20], [6, 38], [6, 9], [32, 38], [37, 13], [37, 21], [32, 25], [6, 22], [6, 1], [32, 28], [6, 21], [32, 35], [37, 4], [37, 25], [6, 24], [6, 12]]}"
SR-C_seed6_natural-active,70002,Full,16,d8db232043ce11d5,2.480303283587883,167450.0,-0.7017782493421691,2.480303283587883,167450.0,-0.7017782493421691,0.0,0.0,0.0,False,False,False,False,True,"{""repair_order"": [15, 6, 14, 7, 3, 13, 4, 10, 8, 1, 9, 0, 2, 12, 5, 11], ""team_assignment"": [2, 1, 1, 2, 0, 1, 0, 0, 0, 2, 1, 1, 0, 0, 0, 2], ""dispatch_priority"": [[32, 30], [32, 8], [37, 29], [32, 13], [6, 20], [6, 33], [32, 29], [32, 22], [37, 12], [32, 33], [6, 17], [37, 9], [6, 21], [37, 15], [37, 18], [32, 24], [37, 3], [37, 8], [37, 28], [32, 16], [6, 7], [37, 7], [37, 33], [37, 22], [6, 9], [6, 34], [37, 27], [32, 23], [37, 31], [32, 4], [37, 38], [6, 30], [37, 19], [6, 26], [37, 13], [37, 24], [37, 1], [32, 21], [37, 30], [6, 22], [6, 3], [37, 11], [37, 10], [6, 16], [32, 1], [37, 26], [32, 35], [32, 9], [6, 35], [6, 4], [32, 36], [37, 16], [6, 31], [6, 14], [6, 13], [32, 3], [6, 15], [37, 17], [32, 15], [32, 34], [37, 35], [32, 14], [32, 28], [6, 10], [32, 25], [32, 12], [37, 2], [32, 10], [6, 2], [6, 12], [6, 19], [32, 19], [32, 11], [6, 38], [37, 36], [6, 25], [6, 36], [6, 28], [37, 14], [32, 7], [37, 20], [32, 20], [6, 23], [6, 27], [6, 8], [37, 34], [6, 1], [6, 29], [6, 11], [32, 17], [37, 5], [37, 25], [6, 24], [32, 38], [32, 18], [32, 31], [37, 23], [37, 21], [37, 4], [32, 2], [32, 27], [32, 26], [32, 5], [6, 18], [6, 5]]}"
SR-C_seed6_natural-active,70002,Full,17,e2eed700e7f5f89e,2.4800062919868875,150001.16666666666,-0.7008096325271254,2.4800062919868875,150001.16666666666,-0.7008096325271254,0.0,0.0,0.0,False,False,False,False,True,"{""repair_order"": [15, 6, 10, 7, 4, 8, 5, 3, 13, 14, 1, 11, 9, 0, 2, 12], ""team_assignment"": [2, 1, 0, 1, 1, 2, 1, 1, 2, 0, 1, 0, 0, 0, 0, 2], ""dispatch_priority"": [[32, 38], [6, 33], [32, 5], [37, 33], [37, 22], [37, 31], [32, 4], [6, 30], [37, 19], [6, 26], [37, 8], [32, 15], [6, 38], [32, 35], [32, 8], [32, 22], [32, 23], [6, 7], [6, 18], [37, 21], [6, 34], [6, 9], [37, 28], [37, 18], [37, 12], [32, 16], [6, 28], [6, 24], [6, 1], [32, 14], [37, 38], [6, 19], [32, 20], [6, 23], [37, 30], [32, 31], [32, 33], [37, 9], [32, 17], [37, 7], [37, 27], [6, 8], [6, 17], [37, 36], [37, 15], [32, 9], [6, 14], [32, 27], [32, 29], [32, 21], [37, 4], [32, 30], [6, 20], [32, 3], [37, 1], [37, 10], [37, 25], [6, 31], [37, 35], [32, 25], [32, 10], [37, 11], [37, 14], [37, 13], [37, 24], [6, 22], [6, 3], [32, 2], [37, 5], [6, 16], [32, 1], [37, 26], [6, 35], [6, 4], [32, 36], [37, 16], [6, 13], [32, 24], [6, 15], [37, 17], [32, 34], [32, 28], [6, 10], [32, 12], [37, 2], [6, 2], [6, 12], [6, 21], [32, 19], [32, 11], [6, 25], [6, 36], [37, 3], [32, 7], [37, 20], [6, 27], [32, 26], [6, 5], [32, 13], [6, 11], [37, 29], [6, 29], [32, 18], [37, 34], [37, 23]]}"
SR-C_seed6_natural-active,70002,Full,18,19691fa3956d340f,2.483894707218181,147481.3333333333,-0.6392115886310421,2.483894707218181,147481.3333333333,-0.6392115886310421,0.0,0.0,0.0,False,False,False,False,True,"{""repair_order"": [15, 3, 7, 6, 5, 13, 4, 10, 14, 0, 1, 12, 11, 2, 8, 9], ""team_assignment"": [2, 0, 1, 1, 1, 0, 2, 0, 0, 0, 1, 0, 1, 1, 0, 2], ""dispatch_priority"": [[37, 29], [32, 13], [6, 33], [32, 29], [37, 22], [32, 16], [32, 23], [37, 38], [37, 7], [6, 30], [6, 26], [37, 1], [32, 21], [37, 30], [32, 9], [6, 35], [37, 8], [32, 36], [32, 33], [37, 26], [37, 16], [6, 14], [37, 36], [32, 20], [6, 10], [37, 14], [32, 11], [32, 26], [6, 25], [37, 2], [6, 2], [6, 12], [6, 36], [37, 34], [6, 11], [32, 18], [32, 31], [37, 23], [32, 2], [32, 27], [6, 18], [32, 14], [37, 5], [6, 16], [37, 19], [32, 22], [6, 13], [32, 3], [32, 24], [6, 15], [37, 12], [37, 17], [32, 15], [6, 4], [32, 34], [37, 28], [6, 3], [37, 27], [37, 31], [6, 28], [37, 15], [37, 33], [32, 7], [37, 9], [32, 10], [32, 17], [6, 8], [37, 35], [6, 29], [37, 11], [32, 4], [6, 31], [32, 19], [32, 12], [6, 23], [6, 5], [32, 30], [6, 27], [37, 10], [6, 19], [32, 8], [37, 24], [37, 20], [6, 34], [6, 17], [6, 7], [37, 3], [32, 5], [32, 1], [6, 20], [6, 38], [6, 9], [32, 38], [37, 13], [37, 21], [32, 25], [6, 22], [6, 1], [32, 28], [6, 21], [32, 35], [37, 4], [37, 25], [6, 24], [37, 18]]}"
SR-C_seed6_natural-active,70002,Full,19,3f9dc654cc1cd207,2.4821990553570465,147162.0,-0.5874826134057685,2.4821990553570465,147162.0,-0.5874826134057685,0.0,0.0,0.0,False,False,False,False,True,"{""repair_order"": [6, 14, 15, 7, 3, 13, 4, 10, 8, 1, 9, 0, 11, 5, 12, 2], ""team_assignment"": [2, 1, 1, 2, 0, 1, 0, 1, 1, 2, 0, 1, 1, 0, 0, 1], ""dispatch_priority"": [[6, 21], [37, 15], [32, 38], [6, 33], [32, 5], [37, 25], [37, 2], [37, 33], [37, 22], [32, 16], [32, 23], [37, 31], [32, 4], [37, 7], [6, 26], [37, 13], [37, 24], [32, 21], [6, 22], [37, 10], [32, 1], [32, 35], [37, 23], [32, 11], [37, 8], [37, 34], [32, 29], [6, 11], [32, 36], [37, 1], [37, 18], [32, 26], [32, 14], [37, 5], [6, 16], [37, 19], [37, 28], [37, 27], [6, 28], [6, 30], [32, 2], [6, 18], [37, 38], [32, 9], [37, 21], [37, 29], [6, 34], [32, 27], [6, 9], [37, 30], [6, 3], [37, 11], [37, 26], [6, 17], [6, 35], [37, 16], [6, 31], [6, 14], [32, 22], [6, 13], [32, 3], [32, 24], [6, 15], [37, 12], [32, 15], [32, 34], [37, 35], [37, 9], [6, 27], [6, 19], [32, 10], [37, 36], [32, 17], [6, 7], [32, 20], [6, 10], [37, 14], [32, 25], [6, 5], [6, 25], [32, 12], [37, 3], [6, 23], [32, 13], [6, 8], [6, 20], [37, 20], [32, 30], [6, 29], [32, 19], [32, 8], [32, 28], [32, 33], [37, 17], [32, 31], [37, 4], [6, 4], [6, 38], [32, 18], [32, 7], [6, 2], [6, 1], [6, 12], [6, 24], [6, 36]]}"
SR-C_seed6_natural-active,70002,Full,20,a2f126fde0ee107c,2.477192635398106,166175.0,-0.5348673482305807,2.477192635398106,166175.0,-0.5348673482305807,0.0,0.0,0.0,False,False,False,False,True,"{""repair_order"": [15, 6, 14, 7, 3, 13, 4, 10, 8, 1, 9, 0, 2, 12, 5, 11], ""team_assignment"": [2, 1, 1, 1, 0, 2, 0, 1, 0, 2, 1, 0, 1, 0, 0, 2], ""dispatch_priority"": [[32, 30], [32, 8], [37, 29], [32, 13], [6, 20], [6, 7], [37, 28], [6, 33], [32, 29], [37, 33], [37, 22], [6, 9], [32, 16], [6, 34], [37, 27], [32, 23], [37, 31], [32, 4], [37, 38], [37, 7], [6, 30], [37, 19], [6, 26], [37, 13], [37, 24], [37, 1], [32, 21], [37, 30], [6, 22], [6, 3], [37, 11], [37, 10], [6, 16], [32, 1], [37, 26], [32, 35], [6, 17], [32, 9], [6, 35], [6, 4], [37, 8], [32, 36], [37, 16], [6, 31], [6, 14], [32, 22], [6, 13], [32, 3], [32, 24], [6, 15], [37, 12], [37, 17], [32, 15], [32, 34], [32, 33], [37, 35], [32, 14], [32, 28], [6, 10], [32, 25], [32, 12], [37, 2], [32, 10], [6, 2], [6, 12], [6, 21], [6, 19], [32, 19], [37, 15], [32, 11], [6, 38], [37, 36], [6, 25], [6, 36], [37, 9], [6, 28], [37, 14], [37, 3], [32, 7], [37, 20], [32, 20], [6, 23], [6, 27], [6, 8], [37, 34], [6, 1], [6, 29], [6, 11], [32, 17], [37, 5], [37, 25], [6, 24], [32, 38], [32, 18], [32, 31], [37, 23], [37, 21], [37, 4], [32, 2], [32, 27], [32, 26], [32, 5], [6, 18], [37, 18], [6, 5]]}"
SR-C_seed6_natural-active,70002,Full,21,f354eb5890b21b95,2.476028203102029,159450.0,-0.0,2.476028203102029,159450.0,-0.0,0.0,0.0,0.0,False,False,False,False,True,"{""repair_order"": [2, 6, 14, 10, 8, 7, 5, 13, 15, 0, 1, 12, 11, 9, 4, 3], ""team_assignment"": [2, 0, 1, 2, 0, 0, 2, 1, 1, 2, 1, 1, 1, 1, 0, 2], ""dispatch_priority"": [[32, 21], [37, 29], [32, 20], [32, 9], [32, 2], [6, 14], [32, 23], [6, 26], [32, 27], [6, 18], [37, 7], [37, 23], [37, 8], [37, 34], [32, 29], [6, 11], [32, 36], [32, 16], [6, 33], [37, 38], [37, 30], [32, 31], [37, 26], [37, 16], [37, 1], [37, 18], [32, 26], [37, 5], [6, 16], [37, 19], [6, 4], [37, 28], [37, 27], [32, 7], [32, 17], [6, 8], [6, 29], [6, 31], [6, 23], [6, 5], [32, 30], [6, 27], [37, 10], [32, 8], [6, 34], [32, 22], [6, 13], [32, 3], [32, 24], [6, 15], [37, 12], [37, 17], [32, 15], [32, 34], [32, 33], [37, 35], [32, 14], [32, 28], [6, 10], [32, 25], [32, 12], [37, 2], [32, 10], [6, 2], [6, 12], [6, 21], [6, 19], [32, 19], [37, 15], [32, 11], [6, 38], [37, 36], [6, 25], [6, 36], [37, 9], [6, 28], [37, 14], [37, 11], [32, 18], [6, 30], [6, 3], [37, 33], [32, 13], [37, 31], [32, 5], [37, 24], [37, 20], [32, 4], [6, 22], [37, 22], [6, 35], [6, 17], [6, 7], [37, 3], [32, 1], [6, 20], [6, 9], [32, 38], [37, 13], [37, 21], [6, 1], [32, 35], [37, 4], [37, 25], [6, 24]]}"
SR-C_seed6_natural-active,70002,Full,22,d0ba377a372bed3a,3.2778726921525356,121511.5,-0.0,3.2778726921525356,121511.5,-0.0,0.0,0.0,0.0,False,False,False,False,True,"{""repair_order"": [2, 10, 8, 7, 6, 5, 13, 15, 14, 0, 1, 12, 11, 9, 4, 3], ""team_assignment"": [2, 0, 1, 1, 0, 0, 2, 0, 0, 0, 0, 0, 0, 1, 0, 2], ""dispatch_priority"": [[32, 21], [37, 29], [32, 20], [32, 13], [32, 9], [32, 2], [6, 14], [37, 36], [37, 2], [32, 23], [6, 26], [37, 14], [32, 27], [6, 36], [6, 2], [6, 18], [37, 7], [37, 23], [6, 25], [32, 11], [6, 10], [37, 8], [37, 34], [32, 29], [6, 11], [32, 36], [32, 18], [6, 30], [32, 16], [6, 33], [37, 38], [37, 22], [6, 35], [37, 30], [32, 31], [32, 33], [37, 26], [37, 16], [37, 1], [37, 18], [32, 26], [32, 14], [37, 5], [6, 16], [37, 19], [32, 22], [6, 13], [32, 3], [32, 24], [6, 15], [37, 12], [37, 17], [32, 15], [6, 4], [32, 34], [37, 28], [6, 3], [37, 27], [37, 31], [6, 28], [37, 15], [37, 33], [32, 7], [37, 9], [32, 10], [32, 17], [6, 8], [37, 35], [6, 29], [37, 11], [32, 4], [6, 31], [32, 19], [32, 12], [6, 23], [6, 5], [32, 30], [6, 27], [37, 10], [6, 19], [32, 8], [37, 24], [37, 20], [6, 34], [6, 17], [6, 7], [37, 3], [32, 5], [32, 1], [6, 20], [6, 38], [6, 9], [32, 38], [37, 13], [37, 21], [32, 25], [6, 22], [6, 1], [32, 28], [6, 21], [32, 35], [37, 4], [37, 25], [6, 24], [6, 12]]}"
SR-C_seed6_natural-active,70002,Full,23,bbf77b3c294bbdb2,2.4725624199779253,168070.8333333333,-0.0,2.4725624199779253,168070.8333333333,-0.0,0.0,0.0,0.0,False,False,False,False,True,"{""repair_order"": [4, 2, 14, 12, 0, 11, 5, 7, 6, 13, 3, 8, 9, 10, 15, 1], ""team_assignment"": [2, 1, 0, 2, 2, 1, 0, 0, 1, 0, 1, 1, 0, 0, 0, 0], ""dispatch_priority"": [[6, 19], [6, 1], [6, 4], [6, 38], [32, 35], [6, 24], [32, 20], [32, 22], [37, 12], [32, 33], [6, 17], [37, 9], [6, 21], [37, 15], [37, 18], [32, 24], [37, 3], [37, 8], [37, 28], [32, 16], [6, 7], [37, 7], [6, 8], [6, 27], [32, 14], [6, 28], [6, 2], [6, 23], [6, 26], [32, 17], [32, 2], [6, 18], [37, 38], [6, 13], [32, 9], [37, 21], [32, 36], [37, 29], [37, 27], [6, 34], [32, 27], [6, 9], [32, 31], [37, 30], [32, 29], [6, 11], [32, 8], [32, 23], [37, 36], [32, 21], [37, 4], [32, 30], [6, 20], [32, 3], [37, 1], [37, 10], [37, 25], [6, 31], [37, 35], [32, 25], [32, 10], [37, 11], [37, 14], [32, 18], [6, 30], [6, 25], [37, 17], [6, 3], [37, 33], [6, 12], [32, 13], [37, 31], [37, 16], [32, 5], [32, 28], [37, 24], [37, 20], [32, 4], [6, 22], [6, 10], [37, 22], [6, 35], [6, 5], [6, 33], [6, 36], [6, 15], [37, 23], [37, 13], [37, 26], [37, 2], [32, 34], [32, 26], [37, 5], [37, 34], [32, 7], [37, 19], [6, 16], [6, 29], [32, 11], [32, 12], [6, 14], [32, 19], [32, 1], [32, 38], [32, 15]]}"
SR-C_seed6_natural-active,70002,Full,24,56858ae4c3d34d5f,2.474405921610699,161715.33333333334,-0.0,2.474405921610699,161715.33333333334,-0.0,0.0,0.0,0.0,False,False,False,False,True,"{""repair_order"": [4, 2, 14, 12, 0, 11, 5, 10, 8, 1, 9, 7, 6, 13, 3, 15], ""team_assignment"": [2, 1, 0, 2, 2, 1, 0, 1, 0, 2, 1, 0, 0, 0, 0, 2], ""dispatch_priority"": [[6, 19], [32, 8], [37, 29], [32, 13], [6, 20], [6, 7], [37, 28], [6, 33], [32, 29], [37, 33], [37, 22], [6, 9], [32, 16], [6, 34], [37, 27], [32, 23], [37, 31], [32, 4], [37, 38], [37, 7], [6, 30], [37, 19], [6, 26], [37, 13], [37, 24], [37, 1], [32, 21], [37, 30], [6, 22], [6, 3], [37, 11], [37, 10], [6, 16], [32, 1], [37, 26], [32, 35], [6, 17], [32, 9], [6, 35], [6, 4], [37, 8], [32, 36], [37, 16], [6, 31], [6, 14], [32, 22], [6, 13], [32, 3], [32, 24], [6, 15], [37, 12], [37, 17], [32, 15], [32, 34], [6, 1], [6, 38], [6, 24], [32, 20], [32, 33], [37, 9], [6, 21], [37, 15], [37, 18], [37, 3], [6, 8], [6, 27], [32, 14], [6, 28], [6, 2], [6, 23], [32, 17], [32, 2], [6, 18], [37, 21], [32, 27], [32, 31], [6, 11], [37, 36], [37, 4], [32, 30], [37, 25], [37, 35], [32, 25], [32, 10], [37, 14], [32, 18], [6, 25], [6, 12], [32, 5], [32, 28], [37, 20], [6, 10], [6, 5], [6, 36], [37, 23], [37, 2], [32, 26], [37, 5], [37, 34], [32, 7], [6, 29], [32, 11], [32, 12], [32, 19], [32, 38]]}"
SR-C_seed6_natural-active,70002,Full,25,c08b7769570d9c8b,2.5925681716536824,141972.0,-0.0,2.5925681716536824,141972.0,-0.0,0.0,0.0,0.0,False,False,False,False,True,"{""repair_order"": [10, 7, 6, 13, 15, 14, 11, 4, 8, 1, 9, 0, 2, 12, 5, 3], ""team_assignment"": [2, 1, 1, 1, 0, 0, 2, 0, 0, 2, 0, 0, 0, 1, 0, 2], ""dispatch_priority"": [[32, 21], [37, 29], [32, 13], [32, 9], [32, 2], [6, 14], [32, 23], [6, 26], [32, 27], [6, 18], [37, 7], [37, 23], [37, 8], [37, 34], [32, 29], [6, 11], [32, 36], [32, 18], [6, 30], [32, 16], [6, 33], [37, 38], [37, 22], [6, 35], [37, 30], [32, 31], [32, 33], [37, 26], [37, 16], [37, 1], [37, 18], [32, 26], [32, 14], [37, 5], [6, 16], [37, 19], [32, 22], [6, 13], [32, 3], [32, 24], [6, 15], [37, 12], [37, 17], [32, 15], [6, 4], [32, 34], [37, 28], [6, 3], [37, 27], [37, 31], [37, 33], [32, 17], [6, 29], [37, 11], [32, 4], [6, 31], [6, 5], [32, 28], [6, 10], [32, 25], [32, 12], [37, 2], [32, 10], [6, 2], [6, 12], [6, 21], [6, 19], [32, 19], [37, 15], [32, 11], [6, 38], [37, 36], [6, 25], [6, 36], [37, 9], [6, 28], [37, 14], [37, 3], [32, 7], [37, 20], [32, 20], [6, 23], [6, 8], [37, 35], [32, 30], [6, 27], [37, 10], [32, 8], [37, 24], [6, 34], [6, 17], [6, 7], [32, 5], [32, 1], [6, 20], [6, 9], [32, 38], [37, 13], [37, 21], [6, 22], [6, 1], [32, 35], [37, 4], [37, 25], [6, 24]]}"
SR-C_seed6_natural-active,70002,Full,26,b6556dbad412a96b,2.4768079152945184,142434.0,-0.0,2.4768079152945184,142434.0,-0.0,0.0,0.0,0.0,False,False,False,False,True,"{""repair_order"": [15, 6, 14, 7, 3, 13, 4, 10, 1, 9, 0, 8, 2, 12, 5, 11], ""team_assignment"": [2, 1, 0, 2, 2, 1, 0, 0, 1, 0, 1, 0, 0, 0, 0, 2], ""dispatch_priority"": [[32, 30], [32, 13], [6, 20], [6, 33], [37, 33], [37, 22], [32, 20], [32, 22], [37, 12], [32, 33], [6, 17], [37, 9], [6, 21], [37, 15], [37, 18], [32, 24], [37, 3], [37, 8], [37, 28], [32, 16], [6, 7], [37, 7], [6, 8], [6, 27], [32, 14], [6, 28], [6, 2], [6, 23], [6, 26], [32, 17], [32, 2], [6, 18], [37, 38], [6, 13], [32, 9], [37, 21], [32, 36], [37, 29], [37, 27], [6, 34], [32, 27], [6, 9], [32, 31], [37, 30], [32, 29], [6, 11], [32, 8], [32, 23], [37, 36], [32, 38], [32, 4], [6, 30], [37, 19], [37, 13], [37, 24], [37, 1], [32, 21], [6, 22], [6, 3], [37, 11], [37, 10], [6, 16], [32, 1], [37, 26], [32, 35], [6, 35], [6, 4], [37, 16], [6, 31], [6, 14], [32, 3], [6, 15], [37, 17], [32, 15], [6, 19], [32, 10], [37, 5], [6, 10], [37, 14], [32, 11], [32, 25], [32, 26], [6, 5], [6, 25], [32, 12], [32, 34], [37, 35], [32, 28], [37, 2], [6, 12], [32, 19], [6, 38], [6, 36], [32, 7], [37, 20], [37, 34], [6, 1], [6, 29], [37, 25], [6, 24], [37, 31], [32, 18], [37, 23], [37, 4], [32, 5]]}"
SR-C_seed6_natural-active,70002,No-HT,0,1476dc375cefce49,2.4781618925667983,159339.0,-0.7973068745568526,2.4781618925667983,159339.0,-0.7973068745568526,0.0,0.0,0.0,False,False,False,False,False,"{""repair_order"": [4, 2, 15, 6, 14, 8, 0, 12, 7, 11, 5, 10, 13, 3, 9, 1], ""team_assignment"": [0, 1, 0, 0, 2, 1, 1, 0, 2, 0, 0, 0, 1, 0, 0, 2], ""dispatch_priority"": [[6, 19], [6, 1], [6, 4], [6, 38], [32, 35], [6, 24], [32, 20], [32, 22], [37, 12], [32, 33], [6, 17], [37, 9], [6, 21], [37, 15], [37, 18], [32, 24], [37, 3], [37, 8], [37, 28], [32, 16], [6, 7], [37, 7], [6, 8], [6, 27], [32, 14], [6, 28], [6, 2], [6, 26], [32, 17], [37, 5], [6, 18], [37, 38], [6, 13], [32, 9], [37, 21], [32, 36], [37, 29], [37, 27], [6, 34], [32, 27], [6, 9], [32, 31], [37, 30], [32, 29], [6, 11], [32, 8], [32, 23], [37, 36], [32, 21], [37, 4], [32, 30], [6, 20], [32, 3], [37, 1], [37, 10], [37, 25], [6, 31], [37, 35], [32, 25], [32, 10], [37, 11], [37, 14], [32, 18], [6, 30], [6, 25], [32, 12], [6, 35], [6, 23], [37, 17], [6, 3], [37, 33], [6, 12], [32, 13], [37, 31], [37, 16], [32, 5], [32, 28], [37, 24], [37, 20], [32, 4], [6, 22], [6, 10], [37, 22], [6, 5], [6, 33], [6, 36], [6, 15], [37, 23], [37, 13], [37, 26], [37, 2], [32, 34], [32, 26], [32, 2], [37, 34], [32, 7], [37, 19], [6, 16], [6, 29], [32, 11], [6, 14], [32, 19], [32, 1], [32, 38], [32, 15]]}"
SR-C_seed6_natural-active,70002,No-HT,1,a127d262ad1256ff,3.161273504782729,154216.0,-0.7611192315716835,3.161273504782729,154216.0,-0.7611192315716835,0.0,0.0,0.0,False,False,False,False,False,"{""repair_order"": [1, 12, 15, 6, 14, 8, 0, 2, 13, 11, 9, 4, 5, 3, 7, 10], ""team_assignment"": [0, 0, 0, 0, 2, 2, 1, 0, 2, 0, 0, 0, 1, 1, 2, 2], ""dispatch_priority"": [[32, 34], [32, 20], [32, 13], [32, 2], [6, 33], [32, 18], [32, 33], [37, 36], [32, 15], [37, 2], [6, 9], [32, 16], [37, 27], [32, 23], [37, 31], [37, 38], [37, 7], [6, 30], [37, 19], [37, 16], [6, 14], [37, 14], [32, 38], [6, 26], [37, 13], [37, 1], [32, 21], [6, 22], [6, 3], [6, 16], [32, 1], [32, 35], [32, 9], [6, 4], [37, 8], [32, 36], [32, 22], [6, 13], [6, 15], [32, 27], [6, 36], [6, 2], [32, 5], [37, 29], [37, 25], [6, 11], [6, 21], [6, 28], [37, 26], [37, 15], [37, 33], [32, 7], [37, 9], [32, 10], [32, 17], [32, 24], [6, 8], [37, 35], [6, 29], [37, 30], [37, 11], [32, 3], [32, 4], [6, 31], [32, 19], [32, 12], [6, 35], [6, 23], [6, 5], [32, 30], [6, 27], [37, 10], [6, 19], [32, 8], [37, 24], [37, 12], [37, 20], [6, 34], [6, 17], [6, 7], [37, 3], [37, 4], [6, 12], [6, 38], [6, 18], [37, 21], [6, 20], [37, 28], [37, 18], [32, 28], [6, 10], [6, 24], [6, 1], [32, 14], [37, 5], [37, 22], [32, 31], [32, 26], [37, 23], [37, 17], [32, 25], [37, 34], [32, 11], [6, 25], [32, 29]]}"
SR-C_seed6_natural-active,70002,No-HT,2,499985bc5249c542,2.709921691182852,155571.5,-0.7611192315716835,2.709921691182852,168646.5,-0.7611192315716835,0.0,13075.0,0.0,True,False,True,False,False,"{""repair_order"": [6, 2, 8, 14, 10, 15, 0, 1, 12, 11, 9, 4, 5, 3, 7, 13], ""team_assignment"": [2, 0, 1, 2, 2, 1, 0, 0, 1, 0, 1, 0, 0, 1, 2, 1], ""dispatch_priority"": [[6, 14], [32, 15], [6, 4], [6, 38], [32, 35], [6, 24], [32, 20], [32, 22], [37, 12], [32, 33], [6, 17], [37, 9], [6, 21], [37, 15], [37, 18], [32, 24], [37, 3], [37, 8], [37, 28], [32, 16], [6, 7], [37, 7], [6, 8], [6, 27], [32, 14], [6, 28], [6, 2], [6, 23], [6, 26], [32, 17], [32, 2], [6, 18], [37, 38], [6, 13], [32, 9], [37, 21], [32, 36], [37, 29], [37, 27], [6, 34], [32, 27], [6, 9], [32, 31], [37, 30], [32, 29], [6, 11], [32, 8], [32, 23], [37, 36], [32, 21], [37, 4], [32, 30], [6, 20], [32, 3], [37, 1], [37, 10], [37, 25], [6, 31], [37, 35], [32, 25], [32, 10], [37, 11], [37, 14], [32, 18], [6, 30], [6, 25], [37, 17], [6, 3], [37, 33], [6, 12], [32, 13], [37, 31], [37, 16], [32, 5], [32, 28], [37, 24], [37, 20], [32, 4], [6, 22], [6, 10], [37, 22], [6, 35], [6, 5], [6, 33], [6, 36], [6, 15], [37, 23], [37, 13], [37, 26], [37, 2], [32, 34], [32, 26], [37, 5], [32, 11], [37, 34], [6, 16], [37, 19], [32, 7], [6, 29], [32, 19], [32, 12], [6, 19], [32, 1], [32, 38], [6, 1]]}"
SR-C_seed6_natural-active,70002,No-HT,3,b1a3975b10587e70,2.819090071113899,155015.1666666667,-0.759407897674464,2.82086186416847,167567.83333333334,-0.759407897674464,0.0017717930545710914,12552.666666666657,0.0,True,True,True,False,False,"{""repair_order"": [9, 10, 15, 1, 12, 11, 4, 7, 6, 14, 8, 0, 2, 5, 3, 13], ""team_assignment"": [2, 0, 0, 1, 1, 1, 1, 0, 2, 0, 1, 0, 1, 2, 2, 2], ""dispatch_priority"": [[6, 33], [32, 18], [32, 33], [6, 14], [37, 16], [37, 2], [32, 23], [6, 26], [37, 7], [37, 34], [32, 29], [37, 1], [37, 19], [37, 27], [37, 31], [37, 15], [32, 4], [32, 30], [37, 24], [6, 34], [32, 15], [32, 34], [37, 35], [32, 2], [32, 10], [37, 36], [32, 17], [32, 20], [37, 14], [32, 11], [32, 25], [6, 5], [32, 21], [37, 30], [6, 22], [6, 3], [37, 11], [37, 10], [6, 16], [32, 1], [37, 26], [32, 35], [32, 9], [6, 35], [6, 4], [37, 8], [32, 36], [6, 31], [32, 22], [6, 13], [32, 3], [32, 24], [6, 15], [32, 27], [6, 36], [6, 2], [32, 5], [32, 7], [37, 29], [37, 25], [6, 27], [37, 3], [6, 11], [6, 21], [37, 4], [6, 12], [6, 38], [37, 33], [32, 8], [6, 7], [6, 29], [6, 18], [37, 21], [6, 20], [37, 28], [37, 18], [32, 28], [6, 10], [37, 12], [6, 28], [6, 24], [6, 1], [32, 14], [37, 5], [32, 19], [6, 19], [37, 22], [6, 23], [32, 31], [32, 26], [37, 23], [37, 17], [37, 9], [37, 20], [6, 25], [32, 12], [32, 13], [6, 8], [6, 17], [32, 16], [6, 9], [32, 38], [37, 13], [37, 38], [6, 30]]}"
SR-C_seed6_natural-active,70002,No-HT,4,b5d937ece5dc3ee0,3.1649207373182975,152321.5,-0.7593067061588954,3.1649207373182975,152321.5,-0.7593067061588954,0.0,0.0,0.0,False,False,False,False,False,"{""repair_order"": [12, 2, 10, 8, 14, 15, 6, 0, 11, 5, 4, 13, 3, 9, 7, 1], ""team_assignment"": [0, 1, 0, 2, 0, 1, 0, 1, 1, 0, 0, 0, 0, 1, 0, 0], ""dispatch_priority"": [[6, 1], [6, 4], [6, 38], [32, 35], [6, 24], [32, 20], [32, 22], [37, 12], [32, 33], [6, 21], [37, 18], [32, 24], [37, 8], [37, 7], [6, 2], [6, 26], [32, 2], [6, 18], [37, 38], [32, 9], [37, 21], [32, 36], [37, 29], [6, 34], [32, 27], [6, 9], [32, 31], [32, 29], [6, 11], [32, 8], [32, 23], [37, 36], [32, 21], [37, 4], [32, 30], [32, 3], [37, 1], [37, 10], [37, 25], [32, 25], [37, 11], [37, 14], [32, 18], [6, 30], [6, 25], [37, 17], [6, 12], [32, 13], [37, 16], [32, 28], [37, 24], [32, 34], [32, 26], [32, 14], [37, 5], [6, 16], [37, 19], [37, 28], [6, 3], [37, 27], [37, 31], [6, 28], [37, 26], [37, 15], [37, 33], [32, 7], [37, 9], [32, 10], [32, 17], [6, 8], [37, 35], [6, 29], [37, 30], [6, 31], [32, 19], [32, 12], [6, 23], [6, 5], [6, 27], [6, 19], [6, 17], [6, 7], [37, 3], [37, 22], [32, 5], [6, 13], [32, 1], [32, 16], [6, 20], [37, 20], [32, 4], [6, 22], [6, 10], [6, 35], [6, 33], [6, 36], [6, 15], [37, 23], [37, 13], [37, 2], [37, 34], [32, 11], [6, 14], [32, 38], [32, 15]]}"
SR-C_seed6_natural-active,70002,No-HT,5,a5fb5e104af6aa9e,3.051727581880356,154157.5,-0.7590178316513629,3.051727581880356,154157.5,-0.7590178316513629,0.0,0.0,0.0,False,False,False,False,False,"{""repair_order"": [11, 1, 12, 5, 15, 9, 4, 7, 6, 14, 8, 0, 2, 10, 3, 13], ""team_assignment"": [0, 0, 0, 0, 0, 2, 0, 0, 2, 0, 0, 0, 0, 1, 2, 2], ""dispatch_priority"": [[32, 21], [32, 20], [32, 13], [32, 22], [32, 9], [32, 2], [6, 33], [32, 18], [32, 33], [6, 14], [6, 15], [37, 36], [32, 15], [37, 16], [37, 2], [32, 23], [6, 26], [37, 14], [6, 4], [32, 27], [6, 36], [6, 2], [32, 34], [37, 7], [37, 23], [6, 25], [32, 11], [6, 10], [37, 8], [37, 34], [32, 29], [32, 36], [37, 1], [37, 18], [32, 26], [32, 14], [37, 5], [6, 16], [37, 19], [6, 3], [37, 27], [37, 17], [37, 31], [6, 28], [37, 26], [37, 15], [37, 9], [32, 10], [32, 17], [32, 24], [6, 8], [37, 35], [37, 30], [37, 11], [32, 3], [32, 4], [6, 31], [32, 7], [37, 29], [37, 25], [6, 27], [37, 3], [6, 11], [6, 21], [37, 4], [6, 12], [6, 38], [37, 33], [32, 8], [6, 7], [6, 29], [6, 18], [37, 21], [6, 20], [37, 28], [32, 19], [32, 12], [6, 35], [6, 23], [6, 5], [32, 30], [37, 10], [6, 19], [37, 24], [37, 12], [37, 20], [6, 34], [6, 17], [37, 22], [32, 5], [6, 13], [32, 1], [32, 16], [6, 9], [32, 31], [32, 38], [37, 13], [32, 25], [37, 38], [6, 22], [6, 1], [32, 28], [32, 35], [6, 30], [6, 24]]}"
SR-C_seed6_natural-active,70002,No-HT,6,076b75ee4b0e5996,2.8283135136821436,149698.0,-0.7586491403933451,2.8283135136821436,149698.0,-0.7586491403933451,0.0,0.0,0.0,False,False,False,False,False,"{""repair_order"": [6, 2, 10, 8, 11, 15, 0, 9, 1, 12, 14, 4, 5, 3, 7, 13], ""team_assignment"": [0, 1, 1, 0, 0, 2, 2, 0, 1, 0, 1, 0, 1, 1, 2, 1], ""dispatch_priority"": [[32, 21], [32, 22], [32, 9], [6, 33], [32, 18], [32, 33], [6, 14], [6, 15], [32, 15], [37, 16], [37, 2], [32, 23], [6, 26], [32, 27], [6, 36], [6, 2], [6, 18], [32, 34], [37, 7], [37, 23], [37, 8], [37, 34], [32, 29], [32, 36], [37, 1], [37, 18], [6, 16], [37, 19], [37, 28], [6, 3], [37, 27], [37, 17], [37, 31], [6, 28], [37, 26], [37, 15], [37, 33], [32, 7], [32, 24], [6, 29], [37, 30], [37, 11], [32, 3], [32, 4], [6, 31], [32, 19], [6, 35], [32, 30], [37, 10], [32, 8], [37, 24], [37, 12], [37, 20], [6, 34], [6, 4], [37, 35], [32, 14], [37, 9], [6, 27], [32, 2], [6, 19], [32, 10], [37, 36], [32, 17], [6, 7], [37, 5], [32, 20], [6, 10], [37, 14], [32, 11], [32, 25], [32, 26], [6, 5], [6, 25], [32, 12], [37, 3], [6, 23], [32, 13], [6, 8], [6, 11], [37, 29], [6, 17], [37, 22], [32, 5], [6, 13], [32, 1], [32, 16], [6, 20], [6, 38], [6, 9], [32, 31], [32, 38], [37, 13], [37, 21], [37, 38], [6, 22], [6, 1], [32, 28], [6, 21], [32, 35], [6, 30], [37, 4], [37, 25], [6, 24], [6, 12]]}"
SR-C_seed6_natural-active,70002,No-HT,7,48554d656e2ad4dc,2.942594165701987,149196.0,-0.7586491403933451,2.942594165701987,149196.0,-0.7586491403933451,0.0,0.0,0.0,False,False,False,False,False,"{""repair_order"": [6, 2, 10, 8, 14, 15, 0, 9, 1, 12, 11, 4, 5, 3, 7, 13], ""team_assignment"": [0, 1, 1, 0, 0, 2, 2, 0, 1, 0, 1, 0, 1, 1, 2, 1], ""dispatch_priority"": [[32, 21], [32, 22], [32, 9], [6, 33], [32, 18], [32, 33], [6, 14], [6, 15], [32, 15], [37, 16], [37, 2], [32, 23], [6, 26], [32, 27], [6, 36], [6, 2], [6, 18], [32, 34], [37, 7], [37, 23], [37, 8], [37, 34], [32, 29], [32, 36], [37, 1], [37, 18], [6, 16], [37, 19], [37, 28], [6, 3], [37, 27], [37, 17], [37, 31], [6, 28], [37, 26], [37, 15], [37, 33], [32, 7], [32, 24], [6, 29], [37, 30], [37, 11], [32, 3], [32, 4], [6, 31], [32, 19], [6, 35], [32, 30], [37, 10], [32, 8], [37, 24], [37, 12], [37, 20], [6, 34], [6, 4], [37, 35], [32, 14], [37, 9], [6, 27], [32, 2], [6, 19], [32, 10], [37, 36], [32, 17], [6, 7], [37, 5], [32, 20], [6, 10], [6, 38], [32, 11], [32, 25], [32, 26], [6, 5], [6, 25], [32, 12], [37, 3], [6, 23], [32, 13], [6, 8], [6, 11], [37, 29], [6, 17], [37, 22], [32, 5], [6, 13], [32, 1], [32, 16], [6, 20], [37, 14], [6, 9], [32, 31], [32, 38], [37, 13], [37, 21], [37, 38], [6, 22], [6, 1], [32, 28], [6, 21], [32, 35], [6, 30], [37, 4], [37, 25], [6, 24], [6, 12]]}"
SR-C_seed6_natural-active,70002,No-HT,8,8fd78993df2c2127,2.93424340720063,139798.0,-0.7578437878928526,2.93424340720063,139798.0,-0.7578437878928526,0.0,0.0,0.0,False,False,False,False,False,"{""repair_order"": [11, 1, 12, 5, 15, 9, 4, 7, 6, 14, 8, 0, 2, 3, 13, 10], ""team_assignment"": [0, 0, 0, 0, 1, 1, 0, 0, 1, 0, 1, 0, 0, 1, 0, 2], ""dispatch_priority"": [[32, 34], [32, 20], [32, 13], [6, 33], [37, 36], [37, 2], [37, 27], [32, 23], [37, 31], [37, 38], [37, 7], [37, 19], [37, 16], [32, 4], [6, 14], [37, 14], [32, 38], [6, 26], [37, 13], [37, 1], [32, 21], [6, 22], [6, 3], [37, 11], [6, 16], [32, 35], [32, 9], [6, 4], [37, 8], [32, 36], [32, 22], [32, 27], [6, 36], [6, 2], [37, 29], [37, 25], [6, 11], [6, 21], [37, 4], [6, 12], [6, 18], [37, 21], [37, 18], [6, 10], [6, 24], [6, 1], [32, 14], [37, 5], [6, 35], [32, 30], [37, 10], [32, 8], [37, 24], [37, 20], [6, 34], [32, 3], [32, 24], [6, 15], [37, 12], [32, 15], [37, 28], [6, 28], [37, 26], [37, 15], [37, 33], [32, 7], [37, 9], [32, 10], [32, 17], [6, 8], [37, 35], [6, 29], [37, 30], [6, 31], [32, 19], [32, 12], [6, 23], [6, 5], [6, 27], [6, 19], [6, 17], [6, 7], [37, 3], [37, 22], [32, 5], [6, 13], [32, 1], [32, 16], [6, 20], [6, 38], [6, 9], [32, 28], [32, 18], [6, 30], [32, 33], [32, 2], [32, 31], [32, 26], [37, 23], [37, 17], [32, 25], [37, 34], [32, 11], [6, 25], [32, 29]]}"
SR-C_seed6_natural-active,70002,No-HT,9,d91210b9914dddf1,2.8230343462320535,150953.0,-0.7567692212633119,2.8230343462320535,151093.0,-0.7567692212633119,0.0,140.0,0.0,True,False,True,False,False,"{""repair_order"": [9, 2, 10, 8, 14, 6, 15, 0, 1, 12, 5, 4, 7, 13, 3, 11], ""team_assignment"": [0, 1, 0, 0, 1, 0, 2, 1, 2, 2, 0, 0, 0, 1, 2, 2], ""dispatch_priority"": [[32, 21], [32, 22], [32, 9], [6, 33], [32, 18], [32, 33], [6, 14], [37, 16], [6, 29], [37, 30], [37, 11], [32, 4], [6, 31], [37, 13], [37, 2], [32, 23], [6, 26], [37, 14], [6, 4], [32, 27], [6, 36], [6, 2], [6, 18], [32, 34], [37, 7], [37, 23], [6, 25], [32, 11], [6, 10], [37, 8], [37, 34], [32, 29], [6, 11], [32, 36], [37, 1], [37, 18], [32, 26], [32, 14], [37, 5], [6, 16], [37, 19], [37, 28], [37, 24], [37, 20], [6, 34], [32, 3], [32, 24], [6, 15], [37, 12], [37, 17], [6, 3], [37, 27], [37, 31], [6, 28], [37, 26], [37, 15], [37, 33], [32, 7], [32, 19], [6, 35], [32, 30], [37, 10], [32, 8], [32, 15], [32, 28], [37, 9], [6, 27], [32, 2], [6, 19], [32, 10], [37, 36], [32, 17], [6, 7], [32, 20], [32, 25], [6, 5], [32, 12], [37, 3], [6, 23], [32, 13], [6, 8], [37, 29], [6, 17], [37, 22], [32, 5], [6, 13], [32, 1], [32, 16], [6, 20], [6, 38], [6, 9], [32, 31], [32, 38], [37, 21], [37, 38], [6, 22], [6, 1], [37, 35], [6, 21], [32, 35], [6, 30], [37, 4], [37, 25], [6, 24], [6, 12]]}"
SR-C_seed6_natural-active,70002,No-HT,10,d0d635a3e1c36745,3.0501083327348164,138301.66666666666,-0.7553874170362178,3.0501083327348164,156969.6666666667,-0.7553874170362178,0.0,18668.00000000003,0.0,True,False,True,False,False,"{""repair_order"": [9, 2, 10, 8, 14, 15, 6, 0, 1, 12, 11, 4, 5, 3, 7, 13], ""team_assignment"": [0, 1, 1, 0, 0, 0, 0, 0, 1, 0, 0, 0, 0, 1, 2, 2], ""dispatch_priority"": [[32, 21], [32, 22], [32, 9], [6, 33], [32, 18], [32, 33], [6, 14], [37, 16], [32, 25], [32, 23], [6, 26], [32, 27], [6, 36], [6, 2], [6, 18], [37, 7], [37, 23], [37, 8], [37, 34], [32, 29], [32, 36], [37, 1], [37, 18], [6, 16], [37, 19], [37, 28], [6, 3], [37, 27], [37, 31], [6, 28], [37, 26], [37, 15], [37, 33], [32, 7], [6, 29], [37, 30], [37, 11], [32, 4], [6, 35], [32, 30], [37, 10], [32, 8], [37, 24], [37, 20], [6, 34], [32, 3], [32, 24], [6, 15], [37, 12], [37, 17], [32, 15], [32, 34], [6, 4], [37, 35], [32, 14], [37, 9], [6, 27], [32, 2], [6, 19], [32, 10], [37, 36], [32, 17], [6, 7], [6, 31], [32, 19], [32, 12], [37, 5], [32, 20], [6, 10], [37, 14], [32, 11], [37, 2], [32, 26], [6, 5], [6, 25], [37, 3], [6, 23], [32, 13], [6, 8], [6, 11], [37, 29], [6, 17], [37, 22], [32, 5], [6, 13], [32, 1], [32, 16], [6, 20], [6, 38], [6, 9], [32, 31], [32, 38], [37, 13], [37, 21], [37, 38], [6, 22], [6, 1], [32, 28], [6, 21], [32, 35], [6, 30], [37, 4], [37, 25], [6, 24], [6, 12]]}"
SR-C_seed6_natural-active,70002,No-HT,11,47f04fb7c2db90f6,2.8215769934845287,142772.0,-0.7546832662501402,2.8215769934845287,142772.0,-0.7546832662501402,0.0,0.0,0.0,False,False,False,False,False,"{""repair_order"": [9, 2, 10, 1, 12, 15, 6, 14, 8, 0, 13, 11, 4, 5, 3, 7], ""team_assignment"": [0, 0, 1, 0, 2, 0, 0, 0, 2, 2, 1, 0, 1, 1, 2, 2], ""dispatch_priority"": [[32, 34], [32, 20], [32, 13], [6, 33], [32, 18], [32, 33], [37, 2], [6, 9], [32, 16], [37, 27], [32, 23], [37, 31], [37, 38], [37, 7], [6, 30], [37, 19], [37, 16], [6, 14], [37, 14], [32, 38], [6, 26], [37, 13], [37, 1], [32, 21], [6, 22], [6, 3], [6, 16], [32, 1], [32, 35], [32, 9], [6, 4], [37, 8], [32, 36], [32, 22], [6, 13], [32, 27], [6, 36], [6, 2], [32, 5], [37, 29], [37, 25], [6, 11], [6, 21], [6, 28], [37, 26], [37, 15], [37, 33], [32, 7], [6, 8], [6, 29], [37, 30], [37, 11], [32, 4], [6, 31], [32, 19], [32, 12], [6, 35], [6, 23], [6, 34], [32, 3], [32, 24], [6, 15], [37, 12], [32, 15], [37, 35], [37, 9], [6, 27], [32, 2], [6, 19], [32, 10], [37, 36], [32, 17], [6, 5], [32, 30], [37, 10], [32, 8], [37, 24], [37, 20], [6, 17], [6, 7], [37, 3], [37, 4], [6, 12], [6, 38], [6, 18], [37, 21], [6, 20], [37, 28], [37, 18], [32, 28], [6, 10], [6, 24], [6, 1], [32, 14], [37, 5], [37, 22], [32, 31], [32, 26], [37, 23], [37, 17], [32, 25], [37, 34], [32, 11], [6, 25], [32, 29]]}"
SR-C_seed6_natural-active,70002,No-HT,12,ac21078ffda93db0,3.0492953561375717,134429.5,-0.7537922920691926,3.050181252664858,133157.5,-0.7526652775304683,0.0008858965272864339,-1272.0,0.0011270145387243247,True,True,True,True,False,"{""repair_order"": [13, 10, 1, 2, 15, 7, 9, 4, 6, 14, 8, 5, 11, 0, 12, 3], ""team_assignment"": [0, 0, 0, 0, 1, 1, 2, 0, 1, 0, 1, 0, 1, 1, 2, 1], ""dispatch_priority"": [[6, 33], [32, 31], [37, 2], [32, 34], [37, 23], [6, 25], [32, 11], [37, 34], [32, 29], [32, 26], [32, 14], [32, 16], [37, 27], [37, 31], [37, 38], [37, 7], [6, 30], [37, 19], [37, 14], [32, 38], [6, 26], [37, 13], [37, 1], [32, 21], [6, 22], [6, 3], [6, 16], [32, 1], [32, 35], [32, 9], [37, 8], [32, 36], [6, 15], [6, 36], [6, 2], [32, 5], [37, 29], [37, 25], [6, 11], [37, 26], [37, 15], [32, 7], [37, 9], [32, 10], [32, 17], [32, 24], [6, 8], [37, 30], [37, 11], [32, 4], [32, 19], [32, 12], [6, 21], [37, 4], [6, 12], [6, 38], [37, 33], [32, 8], [6, 7], [6, 29], [6, 18], [37, 21], [6, 20], [37, 28], [37, 18], [6, 10], [37, 12], [6, 28], [6, 24], [37, 16], [6, 31], [6, 14], [32, 22], [6, 13], [32, 3], [32, 15], [37, 35], [32, 28], [32, 27], [32, 33], [32, 23], [6, 4], [6, 35], [6, 23], [6, 5], [32, 30], [6, 27], [37, 10], [6, 19], [37, 24], [37, 20], [6, 34], [6, 17], [37, 3], [37, 5], [37, 17], [37, 22], [6, 9], [32, 18], [32, 2], [37, 36], [32, 20], [32, 25], [32, 13], [6, 1]]}"
SR-C_seed6_natural-active,70002,No-HT,13,ba056444f2db9f17,3.0524080931127875,130370.5,-0.7511650091246338,3.053186684066362,130470.5,-0.7511650091246338,0.0007785909535744651,100.0,0.0,True,True,True,False,False,"{""repair_order"": [13, 10, 1, 2, 15, 9, 4, 7, 6, 14, 8, 0, 12, 11, 5, 3], ""team_assignment"": [0, 0, 0, 0, 1, 1, 0, 0, 1, 0, 1, 0, 0, 1, 2, 2], ""dispatch_priority"": [[6, 21], [6, 33], [37, 25], [32, 31], [37, 2], [37, 38], [37, 16], [32, 21], [6, 22], [32, 35], [32, 9], [32, 22], [32, 23], [37, 21], [6, 26], [37, 14], [6, 4], [32, 27], [6, 36], [6, 2], [32, 34], [37, 7], [37, 23], [6, 25], [32, 11], [37, 8], [37, 34], [32, 29], [32, 36], [37, 1], [32, 26], [32, 14], [37, 5], [6, 16], [37, 19], [6, 3], [37, 27], [37, 17], [37, 31], [32, 38], [6, 14], [37, 13], [6, 18], [6, 10], [6, 11], [37, 18], [37, 11], [32, 4], [6, 35], [32, 30], [37, 10], [32, 8], [37, 24], [37, 20], [6, 34], [32, 3], [32, 24], [6, 15], [37, 12], [32, 15], [37, 28], [6, 28], [37, 26], [37, 15], [37, 33], [32, 7], [37, 9], [32, 10], [32, 17], [6, 8], [37, 35], [6, 29], [37, 30], [6, 31], [32, 19], [32, 12], [6, 23], [6, 5], [6, 27], [6, 19], [6, 17], [6, 7], [37, 3], [37, 22], [32, 5], [6, 13], [32, 1], [32, 16], [6, 20], [6, 38], [6, 9], [32, 28], [32, 18], [6, 30], [32, 33], [32, 2], [37, 36], [32, 20], [32, 25], [32, 13], [37, 29], [6, 1], [6, 12], [6, 24], [37, 4]]}"
SR-C_seed6_natural-active,70002,No-HT,14,fdb771931a990cfb,3.0524062965595737,132251.0,-0.7507006923196968,3.0524062965595737,132251.0,-0.7507006923196968,0.0,0.0,0.0,False,False,False,False,False,"{""repair_order"": [6, 2, 10, 8, 14, 15, 0, 9, 1, 12, 11, 4, 5, 3, 7, 13], ""team_assignment"": [0, 1, 1, 0, 0, 2, 0, 0, 1, 0, 0, 0, 0, 1, 2, 1], ""dispatch_priority"": [[32, 21], [37, 29], [32, 20], [32, 13], [32, 22], [32, 9], [32, 2], [6, 33], [32, 18], [32, 33], [6, 14], [6, 15], [37, 36], [32, 15], [37, 16], [37, 2], [32, 23], [6, 26], [37, 14], [6, 4], [32, 27], [6, 36], [6, 2], [6, 18], [32, 34], [37, 7], [37, 23], [6, 25], [32, 11], [6, 10], [37, 8], [37, 34], [32, 29], [6, 11], [32, 36], [37, 1], [37, 18], [32, 26], [32, 14], [37, 5], [6, 16], [37, 19], [37, 28], [6, 3], [37, 27], [37, 17], [37, 31], [6, 28], [37, 26], [37, 15], [37, 33], [32, 7], [37, 9], [32, 10], [32, 17], [32, 24], [6, 8], [37, 35], [6, 29], [37, 30], [37, 11], [32, 3], [32, 4], [6, 31], [32, 19], [32, 12], [6, 35], [6, 23], [6, 5], [32, 30], [6, 27], [37, 10], [6, 19], [32, 8], [37, 24], [37, 12], [37, 20], [6, 34], [6, 17], [6, 7], [37, 3], [37, 22], [32, 5], [6, 13], [32, 1], [32, 16], [6, 20], [6, 38], [6, 9], [32, 31], [32, 38], [37, 13], [37, 21], [32, 25], [37, 38], [6, 22], [6, 1], [32, 28], [6, 21], [32, 35], [6, 30], [37, 4], [37, 25], [6, 24], [6, 12]]}"
SR-C_seed6_natural-active,70002,No-HT,15,6905ab8ca98e95a0,2.718621034108444,141467.6666666667,-0.7439145412836297,2.719063982372087,142673.0,-0.7439145412836297,0.00044294826364321693,1205.333333333314,0.0,True,True,True,False,False,"{""repair_order"": [12, 6, 15, 10, 11, 9, 4, 3, 13, 5, 2, 8, 14, 0, 1, 7], ""team_assignment"": [2, 0, 0, 0, 2, 1, 0, 2, 1, 0, 1, 1, 0, 1, 0, 1], ""dispatch_priority"": [[6, 14], [32, 5], [37, 29], [37, 5], [37, 25], [37, 36], [6, 2], [37, 4], [37, 3], [6, 36], [32, 29], [32, 4], [37, 16], [6, 11], [32, 16], [37, 23], [6, 20], [37, 28], [32, 14], [6, 3], [32, 22], [6, 25], [6, 9], [6, 38], [37, 31], [32, 34], [37, 34], [37, 33], [37, 9], [32, 10], [32, 17], [6, 8], [32, 3], [6, 31], [32, 19], [6, 35], [32, 30], [37, 10], [6, 19], [32, 8], [37, 24], [37, 12], [37, 20], [6, 17], [6, 7], [6, 10], [32, 13], [32, 36], [32, 15], [6, 29], [32, 31], [37, 35], [6, 27], [6, 1], [37, 11], [37, 18], [37, 14], [32, 24], [37, 30], [6, 28], [32, 38], [6, 23], [6, 34], [37, 2], [37, 13], [32, 12], [32, 20], [37, 21], [32, 35], [37, 1], [6, 16], [32, 11], [6, 18], [37, 38], [6, 24], [32, 7], [32, 1], [32, 28], [32, 27], [32, 33], [32, 23], [6, 4], [37, 27], [32, 2], [6, 26], [37, 26], [37, 15], [37, 7], [6, 5], [6, 15], [32, 21], [37, 19], [6, 33], [6, 21], [6, 30], [37, 17], [37, 22], [6, 13], [32, 26], [32, 18], [6, 12], [6, 22], [32, 25], [37, 8], [32, 9]]}"
SR-C_seed6_natural-active,70002,No-HT,16,ccf8b0df39c5a522,2.5952574692159054,128498.0,-0.7344393767671136,2.596143365743192,134098.0,-0.7344393767671136,0.0008858965272864339,5600.0,0.0,True,True,True,False,False,"{""repair_order"": [15, 10, 9, 4, 3, 13, 2, 1, 6, 14, 8, 0, 12, 11, 5, 7], ""team_assignment"": [2, 0, 0, 0, 2, 1, 0, 2, 1, 0, 1, 0, 1, 1, 0, 1], ""dispatch_priority"": [[32, 5], [37, 5], [37, 36], [6, 2], [6, 36], [32, 29], [32, 4], [32, 16], [37, 23], [32, 14], [6, 3], [32, 22], [6, 25], [6, 9], [37, 31], [32, 34], [37, 34], [37, 9], [32, 10], [32, 17], [6, 8], [32, 3], [37, 24], [6, 35], [32, 30], [37, 10], [6, 19], [32, 19], [37, 20], [6, 17], [32, 13], [32, 36], [32, 15], [32, 31], [37, 35], [6, 1], [37, 11], [37, 14], [32, 24], [37, 30], [32, 38], [6, 23], [6, 34], [37, 2], [37, 13], [32, 12], [32, 20], [32, 35], [37, 1], [6, 16], [32, 11], [37, 38], [32, 1], [32, 27], [32, 23], [6, 4], [37, 27], [32, 7], [37, 29], [37, 25], [6, 27], [37, 3], [6, 11], [6, 21], [37, 4], [6, 12], [6, 38], [37, 33], [32, 8], [6, 7], [6, 29], [6, 18], [37, 21], [6, 20], [37, 28], [37, 18], [32, 28], [6, 10], [37, 12], [6, 28], [6, 24], [32, 33], [37, 16], [6, 31], [6, 14], [32, 2], [6, 26], [37, 26], [37, 15], [37, 7], [6, 5], [6, 15], [32, 21], [37, 19], [6, 33], [6, 30], [37, 17], [37, 22], [6, 13], [32, 26], [32, 18], [6, 22], [32, 25], [37, 8], [32, 9]]}"
SR-C_seed6_natural-active,70002,No-HT,17,6d083038733a8ad5,2.474819133757155,207660.0,-0.6626699157332041,2.4757050302844403,209765.33333333334,-0.6626699157332041,0.0008858965272855457,2105.333333333343,0.0,True,True,True,False,False,"{""repair_order"": [11, 1, 12, 5, 15, 9, 4, 7, 6, 14, 8, 0, 2, 3, 13, 10], ""team_assignment"": [2, 0, 0, 0, 2, 1, 1, 0, 2, 0, 1, 0, 1, 2, 0, 2], ""dispatch_priority"": [[32, 34], [32, 20], [32, 13], [32, 2], [6, 33], [32, 18], [32, 33], [37, 36], [32, 15], [37, 2], [6, 9], [32, 16], [6, 34], [37, 27], [32, 23], [37, 31], [37, 38], [37, 7], [6, 30], [37, 19], [37, 16], [32, 4], [6, 14], [37, 14], [32, 10], [32, 38], [6, 17], [32, 12], [6, 26], [6, 16], [37, 24], [37, 1], [32, 21], [37, 30], [6, 22], [6, 3], [37, 11], [37, 10], [37, 13], [32, 1], [37, 26], [32, 35], [32, 9], [6, 35], [6, 4], [37, 8], [32, 36], [6, 31], [32, 22], [6, 13], [32, 3], [32, 24], [6, 15], [32, 27], [6, 36], [6, 2], [32, 5], [32, 7], [37, 29], [37, 25], [6, 27], [37, 3], [6, 11], [6, 21], [37, 4], [6, 12], [6, 38], [37, 33], [32, 8], [6, 7], [6, 29], [6, 18], [37, 21], [6, 20], [37, 28], [37, 18], [32, 28], [6, 10], [37, 12], [6, 28], [6, 24], [6, 1], [32, 14], [37, 5], [32, 19], [6, 19], [37, 22], [6, 23], [32, 31], [32, 26], [37, 23], [37, 17], [37, 9], [37, 20], [32, 25], [32, 17], [37, 35], [6, 8], [37, 34], [32, 11], [32, 30], [37, 15], [6, 5], [6, 25], [32, 29]]}"
SR-C_seed6_natural-active,70002,No-HT,18,3b0193a0f1bcb049,2.485594295221609,159132.0,-0.6585332585018477,2.5355211587387485,177615.33333333334,-0.6585332585018477,0.04992686351713971,18483.333333333343,0.0,True,True,True,False,False,"{""repair_order"": [13, 1, 2, 12, 10, 11, 15, 9, 4, 7, 6, 14, 8, 0, 5, 3], ""team_assignment"": [2, 0, 0, 0, 0, 0, 1, 1, 2, 0, 1, 0, 1, 2, 2, 2], ""dispatch_priority"": [[32, 38], [6, 33], [32, 31], [37, 22], [6, 9], [32, 16], [6, 34], [32, 4], [37, 38], [6, 30], [37, 13], [37, 24], [37, 2], [32, 23], [6, 26], [37, 14], [6, 4], [32, 27], [6, 36], [6, 2], [32, 34], [37, 7], [37, 23], [6, 25], [32, 11], [37, 8], [37, 34], [32, 29], [32, 36], [37, 1], [32, 26], [32, 14], [37, 5], [6, 16], [37, 19], [6, 3], [37, 27], [37, 17], [37, 31], [37, 26], [37, 15], [37, 9], [32, 10], [32, 17], [32, 24], [6, 8], [32, 21], [37, 30], [6, 22], [37, 11], [37, 10], [32, 1], [32, 35], [6, 17], [32, 9], [6, 35], [32, 5], [32, 7], [37, 29], [37, 25], [37, 3], [6, 11], [6, 21], [37, 4], [6, 12], [6, 38], [37, 33], [6, 7], [6, 29], [6, 18], [37, 21], [6, 20], [37, 28], [37, 18], [32, 28], [6, 10], [37, 12], [6, 28], [6, 24], [32, 33], [37, 16], [6, 31], [6, 5], [32, 30], [6, 27], [6, 19], [32, 8], [6, 14], [32, 22], [6, 13], [32, 3], [6, 15], [32, 15], [37, 35], [32, 2], [37, 36], [32, 20], [32, 25], [32, 12], [6, 23], [32, 13], [37, 20], [32, 19], [32, 18], [6, 1]]}"
SR-C_seed6_natural-active,70002,No-HT,19,6ed063482cf62e4c,2.476476065235518,154392.5,-0.010078129889404864,2.525294087996614,171958.5,-0.010078129889404864,0.048818022761095925,17566.0,0.0,True,True,True,False,False,"{""repair_order"": [2, 8, 14, 12, 10, 11, 5, 7, 6, 13, 15, 0, 1, 9, 4, 3], ""team_assignment"": [2, 0, 1, 0, 0, 0, 0, 0, 2, 0, 1, 0, 0, 2, 2, 2], ""dispatch_priority"": [[37, 29], [32, 20], [32, 13], [32, 2], [6, 33], [32, 18], [32, 33], [37, 36], [32, 15], [37, 2], [6, 9], [32, 16], [6, 34], [37, 27], [32, 23], [37, 31], [37, 38], [37, 7], [6, 30], [37, 19], [37, 16], [32, 4], [6, 14], [37, 14], [32, 10], [32, 38], [6, 17], [32, 12], [6, 26], [37, 13], [37, 24], [37, 1], [32, 21], [37, 30], [6, 22], [6, 3], [37, 11], [37, 10], [6, 16], [32, 1], [37, 26], [32, 35], [32, 9], [6, 35], [6, 4], [37, 8], [32, 36], [6, 31], [32, 22], [6, 13], [32, 3], [32, 24], [6, 15], [32, 27], [6, 36], [6, 2], [6, 18], [32, 34], [37, 23], [6, 25], [32, 11], [6, 10], [37, 34], [32, 29], [6, 11], [37, 18], [32, 26], [32, 14], [37, 5], [37, 28], [37, 17], [6, 28], [37, 15], [37, 33], [32, 7], [37, 9], [32, 17], [6, 8], [37, 35], [6, 29], [32, 19], [6, 23], [6, 5], [32, 30], [6, 27], [6, 19], [32, 8], [37, 12], [37, 20], [6, 7], [37, 3], [37, 22], [32, 5], [6, 20], [6, 38], [32, 31], [37, 21], [32, 25], [6, 1], [32, 28], [6, 21], [37, 4], [37, 25], [6, 24], [6, 12]]}"
SR-C_seed6_natural-active,70002,No-HT,20,78c3abbebdc6fd71,3.278867384341287,123524.0,-0.0,3.278867384341287,123524.0,-0.0,0.0,0.0,0.0,False,False,False,False,False,"{""repair_order"": [2, 10, 8, 14, 1, 15, 6, 0, 11, 12, 9, 4, 5, 3, 7, 13], ""team_assignment"": [0, 0, 1, 0, 0, 0, 0, 0, 1, 0, 0, 0, 0, 1, 2, 2], ""dispatch_priority"": [[32, 21], [37, 29], [32, 20], [32, 13], [32, 22], [32, 9], [32, 2], [6, 33], [32, 18], [32, 33], [6, 14], [6, 15], [37, 36], [32, 15], [37, 16], [37, 2], [32, 23], [6, 26], [37, 14], [6, 4], [32, 27], [6, 36], [6, 2], [37, 21], [37, 7], [37, 23], [6, 25], [32, 11], [6, 10], [37, 8], [37, 34], [32, 29], [6, 11], [32, 36], [37, 1], [37, 18], [37, 11], [32, 4], [6, 35], [32, 30], [37, 10], [32, 8], [37, 24], [32, 34], [32, 26], [32, 14], [37, 5], [6, 16], [37, 19], [37, 28], [6, 3], [37, 27], [37, 17], [37, 31], [6, 28], [37, 26], [37, 15], [37, 33], [32, 7], [37, 9], [32, 10], [32, 17], [32, 24], [6, 8], [37, 35], [6, 29], [37, 30], [32, 3], [6, 31], [32, 19], [32, 12], [6, 23], [6, 5], [6, 27], [6, 19], [37, 12], [37, 20], [6, 34], [6, 17], [6, 7], [37, 3], [37, 22], [32, 5], [6, 13], [32, 1], [32, 16], [6, 20], [6, 38], [6, 9], [32, 31], [32, 38], [37, 13], [6, 18], [32, 25], [37, 38], [6, 22], [6, 1], [32, 28], [6, 21], [32, 35], [6, 30], [37, 4], [37, 25], [6, 24], [6, 12]]}"
SR-C_seed6_natural-active,70002,No-HT,21,a535dfd5b1c5d66f,2.4725624199779253,167698.0,-0.0,2.4725624199779253,168081.3333333333,-0.0,0.0,383.33333333331393,0.0,True,False,True,False,False,"{""repair_order"": [4, 2, 14, 12, 10, 11, 5, 0, 6, 13, 3, 8, 9, 7, 15, 1], ""team_assignment"": [2, 1, 0, 2, 2, 1, 0, 0, 1, 0, 1, 1, 0, 0, 0, 0], ""dispatch_priority"": [[6, 19], [6, 1], [6, 4], [6, 38], [32, 35], [6, 24], [32, 20], [32, 22], [37, 12], [32, 33], [6, 17], [37, 9], [6, 21], [37, 15], [37, 18], [32, 24], [37, 3], [37, 8], [37, 28], [32, 16], [6, 7], [37, 7], [6, 8], [6, 27], [32, 14], [6, 28], [6, 2], [6, 23], [6, 26], [32, 17], [32, 2], [6, 18], [37, 38], [6, 13], [32, 9], [37, 21], [32, 36], [37, 29], [37, 27], [6, 34], [32, 27], [6, 9], [32, 31], [37, 30], [32, 29], [6, 11], [32, 8], [32, 23], [37, 36], [32, 21], [37, 4], [32, 30], [6, 20], [32, 3], [37, 1], [37, 10], [37, 25], [6, 31], [37, 35], [32, 25], [32, 10], [37, 11], [37, 14], [32, 18], [6, 30], [6, 25], [37, 17], [6, 3], [37, 33], [6, 12], [32, 13], [37, 31], [37, 16], [32, 5], [32, 28], [37, 24], [37, 20], [32, 4], [6, 22], [6, 10], [37, 22], [6, 35], [6, 5], [6, 33], [6, 36], [6, 15], [37, 23], [37, 13], [37, 26], [37, 2], [32, 34], [32, 26], [37, 5], [37, 34], [32, 7], [37, 19], [6, 16], [6, 29], [32, 11], [32, 12], [6, 14], [32, 19], [32, 1], [32, 38], [32, 15]]}"
SR-C_seed6_natural-active,70002,No-HT,22,62937fc8d81528f7,2.4742771406978834,143086.0,-0.0,2.4742771406978834,147590.66666666666,-0.0,0.0,4504.666666666657,0.0,True,False,True,False,False,"{""repair_order"": [4, 2, 14, 12, 10, 11, 5, 7, 6, 13, 3, 8, 9, 0, 15, 1], ""team_assignment"": [2, 1, 0, 2, 1, 0, 0, 1, 2, 0, 1, 1, 0, 2, 2, 2], ""dispatch_priority"": [[6, 21], [37, 15], [6, 28], [6, 33], [32, 5], [37, 25], [32, 31], [37, 2], [37, 33], [37, 22], [6, 9], [32, 16], [6, 34], [37, 27], [32, 23], [37, 31], [37, 38], [37, 7], [6, 30], [37, 19], [37, 16], [32, 4], [6, 14], [37, 14], [32, 10], [32, 38], [6, 17], [32, 12], [6, 26], [37, 13], [37, 24], [37, 1], [32, 21], [37, 30], [6, 22], [6, 3], [37, 11], [37, 10], [6, 16], [32, 1], [37, 26], [32, 35], [32, 9], [6, 35], [6, 4], [37, 8], [32, 36], [6, 31], [32, 22], [6, 13], [32, 3], [32, 24], [6, 15], [37, 12], [32, 15], [32, 34], [32, 33], [37, 35], [32, 14], [37, 9], [6, 27], [32, 2], [6, 19], [37, 36], [32, 17], [6, 7], [37, 17], [37, 5], [32, 20], [6, 10], [32, 11], [32, 25], [32, 26], [6, 5], [6, 25], [37, 3], [6, 23], [32, 13], [6, 8], [6, 11], [37, 29], [6, 20], [37, 20], [32, 30], [37, 21], [6, 29], [6, 18], [32, 19], [32, 8], [32, 28], [37, 18], [6, 38], [32, 18], [37, 34], [32, 27], [37, 23], [32, 29], [32, 7], [6, 2], [6, 1], [6, 12], [6, 24], [37, 4], [6, 36], [37, 28]]}"
SR-C_seed6_natural-active,70002,No-HT,23,0732785a39ff1e62,3.2793152208610192,121575.0,-0.0,3.2793152208610192,120883.0,-0.0,0.0,-692.0,0.0,True,False,True,False,False,"{""repair_order"": [12, 2, 10, 8, 14, 15, 6, 0, 11, 5, 9, 4, 7, 13, 3, 1], ""team_assignment"": [0, 1, 0, 0, 0, 0, 0, 0, 1, 0, 0, 0, 0, 1, 2, 2], ""dispatch_priority"": [[6, 21], [6, 33], [37, 25], [32, 31], [37, 2], [37, 38], [37, 16], [6, 26], [32, 21], [6, 22], [32, 35], [32, 9], [32, 22], [32, 23], [37, 21], [32, 38], [6, 14], [37, 13], [37, 14], [6, 4], [32, 27], [6, 36], [6, 2], [6, 18], [37, 7], [37, 23], [6, 25], [32, 11], [6, 10], [37, 8], [37, 34], [32, 29], [6, 11], [32, 36], [37, 1], [37, 18], [37, 11], [32, 4], [6, 35], [32, 30], [37, 10], [32, 8], [37, 24], [37, 20], [6, 34], [32, 3], [32, 24], [32, 34], [32, 26], [32, 14], [37, 5], [6, 16], [6, 15], [37, 12], [37, 17], [32, 15], [37, 19], [37, 28], [6, 3], [37, 27], [37, 31], [6, 28], [37, 26], [37, 15], [37, 33], [32, 7], [37, 9], [32, 10], [32, 17], [6, 8], [37, 35], [6, 29], [37, 30], [6, 31], [32, 19], [32, 12], [6, 23], [6, 5], [6, 27], [6, 19], [6, 17], [6, 7], [37, 3], [37, 22], [32, 5], [6, 13], [32, 1], [32, 16], [6, 20], [6, 38], [6, 9], [32, 28], [32, 18], [6, 30], [32, 33], [32, 2], [37, 36], [32, 20], [32, 25], [32, 13], [37, 29], [6, 1], [6, 12], [6, 24], [37, 4]]}"
SR-C_seed6_natural-active,70002,No-HT,24,123a94c8e296156c,3.282813986037912,114953.83333333334,-0.0,3.282813986037912,117769.83333333334,-0.0,0.0,2816.0,0.0,True,False,True,False,False,"{""repair_order"": [13, 10, 1, 2, 15, 7, 6, 12, 8, 0, 9, 4, 5, 3, 14, 11], ""team_assignment"": [0, 0, 0, 0, 1, 1, 1, 0, 1, 0, 1, 0, 1, 1, 2, 2], ""dispatch_priority"": [[6, 33], [32, 31], [37, 2], [32, 34], [37, 23], [6, 25], [32, 11], [37, 34], [32, 29], [32, 26], [32, 14], [32, 16], [37, 27], [32, 23], [37, 31], [37, 38], [37, 7], [6, 30], [37, 19], [37, 16], [6, 14], [37, 14], [32, 38], [6, 26], [37, 13], [37, 1], [32, 21], [6, 22], [6, 3], [6, 16], [32, 1], [32, 35], [32, 9], [6, 4], [37, 8], [32, 36], [32, 22], [6, 13], [6, 15], [32, 27], [6, 36], [6, 2], [32, 5], [37, 29], [37, 25], [6, 11], [6, 21], [6, 28], [37, 26], [37, 15], [37, 33], [32, 7], [37, 9], [32, 10], [32, 17], [32, 24], [6, 8], [37, 35], [6, 29], [37, 30], [37, 11], [32, 3], [32, 4], [6, 31], [32, 19], [32, 12], [6, 35], [6, 23], [6, 5], [32, 30], [6, 27], [37, 10], [6, 19], [32, 8], [37, 24], [37, 12], [37, 20], [6, 34], [6, 17], [6, 7], [37, 3], [37, 4], [6, 12], [6, 38], [6, 18], [37, 21], [6, 20], [37, 28], [37, 5], [37, 17], [6, 10], [37, 18], [32, 15], [37, 22], [6, 9], [32, 28], [32, 18], [32, 33], [32, 2], [37, 36], [32, 20], [32, 25], [32, 13], [6, 1], [6, 24]]}"
SR-A_seed1_strong-natural-active,70001,Full,0,f79c19378cfc08f8,3.384769263282875,160924.6666666667,-0.7537666810158044,3.384769263282875,160924.6666666667,-0.7537666810158044,0.0,0.0,0.0,False,False,False,False,True,"{""repair_order"": [5, 1, 0, 7, 4, 6, 15, 10, 9, 14, 12, 2, 11, 13, 3, 8], ""team_assignment"": [0, 0, 2, 0, 2, 0, 1, 2, 1, 0, 1, 1, 2, 1, 0, 0], ""dispatch_priority"": [[5, 12], [5, 21], [37, 38], [5, 28], [9, 28], [9, 19], [5, 19], [9, 6], [37, 25], [5, 30], [9, 2], [5, 26], [5, 34], [37, 35], [9, 29], [5, 27], [37, 14], [5, 8], [9, 21], [5, 23], [5, 38], [5, 16], [9, 1], [9, 25], [37, 26], [37, 7], [37, 6], [9, 3], [9, 30], [9, 35], [37, 33], [9, 23], [9, 36], [9, 24], [9, 7], [9, 10], [5, 11], [37, 30], [37, 29], [37, 36], [37, 17], [9, 18], [9, 26], [9, 13], [5, 13], [5, 14], [9, 20], [37, 23], [9, 38], [37, 12], [5, 20], [37, 15], [5, 10], [5, 17], [37, 21], [37, 8], [9, 34], [5, 31], [37, 31], [9, 11], [9, 27], [5, 32], [37, 22], [9, 14], [37, 4], [37, 10], [5, 35], [5, 25], [5, 29], [5, 2], [37, 13], [5, 7], [5, 3], [9, 16], [5, 1], [9, 12], [9, 31], [37, 20], [5, 4], [5, 36], [37, 32], [37, 19], [37, 34], [37, 3], [37, 1], [37, 27], [5, 15], [9, 15], [37, 11], [9, 32], [9, 33], [5, 24], [37, 16], [37, 2], [9, 4], [5, 18], [37, 28], [9, 17], [5, 33], [5, 6], [37, 18], [9, 8], [5, 22], [37, 24], [9, 22]]}"
SR-A_seed1_strong-natural-active,70001,Full,1,033f6e5db646a268,4.644202467518528,122358.0,-0.7537666810157532,4.644202467518528,122358.0,-0.7537666810157532,0.0,0.0,0.0,False,False,False,False,True,"{""repair_order"": [5, 15, 0, 6, 7, 11, 13, 10, 8, 14, 4, 3, 9, 1, 12, 2], ""team_assignment"": [1, 2, 0, 1, 0, 0, 1, 1, 2, 0, 2, 1, 2, 0, 2, 2], ""dispatch_priority"": [[9, 24], [9, 36], [37, 29], [9, 28], [9, 19], [37, 12], [9, 6], [9, 2], [5, 26], [5, 34], [37, 35], [9, 26], [37, 30], [9, 29], [5, 27], [37, 14], [37, 26], [5, 8], [37, 21], [37, 8], [9, 34], [5, 31], [37, 31], [9, 11], [9, 20], [5, 38], [9, 27], [5, 32], [9, 25], [9, 23], [37, 17], [37, 22], [37, 7], [9, 14], [37, 33], [37, 4], [9, 30], [37, 10], [5, 35], [5, 25], [5, 14], [5, 29], [5, 2], [37, 13], [5, 23], [5, 17], [5, 16], [5, 7], [5, 3], [9, 16], [5, 1], [9, 35], [5, 10], [9, 12], [9, 31], [37, 20], [5, 4], [5, 36], [37, 32], [37, 19], [37, 34], [37, 3], [37, 27], [5, 15], [9, 38], [9, 10], [9, 15], [9, 18], [37, 11], [9, 7], [5, 13], [5, 11], [9, 13], [9, 33], [5, 24], [37, 15], [37, 23], [37, 36], [37, 16], [37, 2], [9, 4], [5, 18], [37, 6], [37, 28], [9, 1], [9, 17], [5, 20], [9, 21], [5, 33], [37, 18], [9, 8], [9, 3], [5, 19], [37, 25], [5, 12], [5, 6], [5, 30], [9, 32], [37, 1], [37, 38], [5, 28], [5, 21], [5, 22], [37, 24], [9, 22]]}"
SR-A_seed1_strong-natural-active,70001,Full,2,c7ad448f48f6f5c1,5.062075492656767,115736.0,-0.7537666810158044,5.062075492656767,115736.0,-0.7537666810158044,0.0,0.0,0.0,False,False,False,False,True,"{""repair_order"": [14, 15, 12, 13, 5, 4, 8, 7, 0, 11, 6, 3, 9, 1, 2, 10], ""team_assignment"": [0, 2, 1, 0, 0, 0, 2, 2, 0, 2, 2, 2, 2, 2, 2, 0], ""dispatch_priority"": [[37, 36], [5, 22], [5, 36], [37, 13], [37, 23], [5, 2], [5, 7], [37, 14], [5, 8], [9, 34], [5, 21], [5, 29], [37, 31], [9, 23], [9, 8], [5, 25], [9, 33], [9, 3], [37, 34], [5, 23], [5, 15], [5, 28], [9, 35], [9, 14], [5, 14], [5, 34], [37, 20], [9, 7], [5, 12], [37, 8], [5, 35], [37, 18], [37, 21], [9, 25], [37, 25], [37, 32], [37, 2], [9, 32], [5, 3], [9, 11], [37, 30], [9, 13], [37, 1], [37, 33], [9, 36], [9, 31], [5, 17], [5, 11], [5, 33], [9, 26], [37, 26], [37, 19], [5, 30], [37, 28], [5, 10], [9, 28], [9, 1], [9, 30], [37, 10], [5, 24], [37, 4], [9, 27], [9, 22], [5, 13], [5, 31], [9, 16], [5, 32], [5, 16], [9, 20], [9, 6], [9, 19], [37, 24], [37, 17], [9, 12], [5, 4], [9, 18], [5, 27], [9, 2], [9, 17], [5, 1], [9, 29], [9, 10], [9, 21], [37, 11], [9, 38], [37, 38], [5, 18], [37, 22], [37, 15], [5, 26], [9, 4], [37, 29], [5, 38], [37, 16], [37, 35], [5, 19], [5, 20], [9, 24], [37, 3], [37, 27], [37, 7], [5, 6], [37, 6], [37, 12], [9, 15]]}"
SR-A_seed1_strong-natural-active,70001,Full,3,68d76f04e9d191c0,3.385868802157665,155029.66666666666,-0.7537666810158044,3.385868802157665,155029.66666666666,-0.7537666810158044,0.0,0.0,0.0,False,False,False,False,True,"{""repair_order"": [15, 5, 0, 4, 7, 1, 6, 10, 11, 13, 8, 14, 3, 9, 12, 2], ""team_assignment"": [0, 2, 1, 1, 0, 2, 1, 0, 2, 0, 2, 2, 2, 2, 1, 0], ""dispatch_priority"": [[37, 14], [37, 11], [37, 19], [9, 4], [5, 29], [37, 20], [37, 28], [37, 34], [9, 21], [37, 26], [37, 6], [9, 3], [9, 35], [9, 36], [9, 7], [37, 30], [37, 29], [9, 26], [9, 13], [9, 38], [37, 12], [5, 10], [5, 17], [37, 8], [37, 31], [37, 35], [5, 35], [37, 21], [9, 28], [9, 8], [37, 33], [37, 23], [37, 15], [5, 23], [9, 25], [9, 1], [5, 25], [5, 12], [5, 3], [9, 23], [5, 11], [37, 27], [37, 32], [37, 18], [9, 14], [5, 34], [5, 33], [9, 33], [5, 15], [37, 16], [9, 11], [5, 2], [9, 31], [5, 19], [37, 25], [5, 6], [5, 30], [9, 30], [37, 10], [5, 24], [37, 4], [9, 27], [9, 22], [5, 13], [5, 31], [9, 16], [5, 32], [5, 16], [9, 20], [9, 6], [9, 19], [37, 24], [37, 17], [9, 12], [5, 4], [9, 18], [5, 27], [9, 2], [9, 17], [5, 1], [9, 29], [9, 10], [37, 3], [37, 13], [37, 36], [9, 24], [5, 18], [5, 7], [5, 14], [5, 8], [5, 20], [9, 15], [5, 36], [37, 22], [37, 7], [5, 38], [9, 34], [5, 26], [37, 38], [9, 32], [37, 1], [5, 28], [5, 21], [5, 22], [37, 2]]}"
SR-A_seed1_strong-natural-active,70001,Full,4,ba4ed3afb1cfd2ed,3.965133494379728,137334.3333333333,-0.7537666810158044,3.965133494379728,137334.3333333333,-0.7537666810158044,0.0,0.0,0.0,False,False,False,False,True,"{""repair_order"": [15, 5, 0, 4, 7, 10, 1, 6, 11, 13, 8, 14, 3, 9, 12, 2], ""team_assignment"": [0, 2, 1, 1, 0, 2, 2, 0, 2, 0, 2, 2, 0, 2, 0, 0], ""dispatch_priority"": [[9, 21], [5, 22], [37, 14], [37, 29], [5, 2], [37, 6], [5, 21], [9, 23], [5, 25], [9, 33], [9, 3], [37, 34], [5, 15], [5, 28], [9, 35], [9, 14], [37, 27], [5, 34], [37, 20], [9, 7], [5, 12], [37, 18], [9, 13], [5, 14], [9, 38], [37, 12], [5, 10], [5, 17], [37, 8], [37, 31], [37, 35], [5, 35], [37, 21], [9, 28], [9, 8], [37, 33], [37, 23], [37, 15], [37, 3], [37, 13], [37, 36], [5, 23], [9, 25], [37, 25], [37, 32], [37, 2], [9, 32], [5, 3], [9, 11], [37, 30], [37, 1], [9, 36], [9, 31], [5, 11], [5, 33], [9, 26], [37, 26], [37, 19], [5, 30], [37, 28], [9, 1], [9, 30], [37, 10], [5, 24], [37, 4], [9, 27], [9, 22], [5, 13], [5, 31], [9, 16], [5, 32], [5, 16], [9, 20], [9, 6], [9, 19], [37, 24], [37, 17], [9, 12], [5, 4], [9, 18], [5, 27], [9, 2], [9, 17], [5, 1], [9, 29], [9, 10], [9, 24], [5, 18], [5, 7], [5, 8], [5, 20], [9, 15], [5, 36], [37, 22], [37, 7], [5, 38], [9, 34], [5, 26], [37, 38], [5, 6], [5, 29], [5, 19], [9, 4], [37, 11], [37, 16]]}"
SR-A_seed1_strong-natural-active,70001,Full,5,cae12644188faea3,4.224509655456021,127023.33333333334,-0.7537666810158044,4.224509655456021,127023.33333333334,-0.7537666810158044,0.0,0.0,0.0,False,False,False,False,True,"{""repair_order"": [15, 5, 0, 4, 7, 10, 1, 11, 8, 9, 14, 3, 12, 13, 2, 6], ""team_assignment"": [0, 1, 1, 0, 0, 2, 1, 0, 2, 0, 2, 1, 1, 0, 1, 2], ""dispatch_priority"": [[9, 16], [9, 27], [5, 15], [5, 21], [37, 20], [37, 8], [5, 28], [37, 12], [37, 35], [5, 22], [5, 34], [37, 29], [37, 21], [37, 24], [5, 6], [9, 22], [5, 30], [37, 30], [5, 19], [37, 34], [9, 19], [37, 25], [9, 29], [5, 27], [9, 26], [9, 21], [5, 26], [9, 34], [5, 31], [37, 31], [9, 11], [9, 20], [5, 38], [9, 28], [9, 8], [37, 33], [37, 23], [37, 15], [37, 3], [37, 13], [37, 36], [5, 23], [9, 18], [9, 24], [5, 4], [9, 25], [9, 1], [5, 25], [5, 24], [5, 18], [5, 12], [5, 3], [5, 7], [9, 23], [5, 11], [9, 2], [37, 27], [5, 32], [37, 32], [9, 17], [37, 18], [5, 8], [5, 20], [9, 10], [9, 33], [5, 1], [9, 3], [37, 14], [9, 32], [5, 16], [5, 33], [9, 15], [5, 13], [37, 10], [5, 36], [37, 22], [37, 7], [9, 14], [9, 31], [37, 1], [9, 35], [37, 28], [9, 36], [37, 17], [37, 38], [5, 2], [5, 10], [9, 12], [5, 14], [37, 19], [5, 17], [37, 2], [9, 30], [9, 6], [9, 13], [5, 35], [5, 29], [37, 4], [9, 4], [37, 6], [37, 11], [9, 38], [37, 16], [37, 26], [9, 7]]}"
SR-A_seed1_strong-natural-active,70001,Full,6,cf9d75921a12947d,3.8064175937727844,141902.0,-0.7537666810158044,3.8064175937727844,141902.0,-0.7537666810158044,0.0,0.0,0.0,False,False,False,False,True,"{""repair_order"": [15, 5, 0, 6, 7, 3, 2, 14, 1, 4, 9, 10, 12, 13, 11, 8], ""team_assignment"": [0, 2, 1, 0, 1, 2, 2, 0, 2, 2, 1, 1, 1, 1, 1, 1], ""dispatch_priority"": [[37, 20], [9, 28], [9, 16], [9, 20], [5, 11], [9, 8], [37, 6], [5, 34], [37, 21], [5, 15], [9, 19], [5, 36], [9, 7], [9, 30], [9, 14], [9, 6], [37, 7], [37, 28], [5, 24], [5, 22], [9, 25], [37, 14], [37, 16], [5, 25], [5, 32], [37, 22], [37, 8], [5, 1], [37, 1], [5, 35], [9, 2], [37, 33], [37, 15], [9, 29], [5, 14], [9, 15], [37, 34], [5, 7], [5, 28], [37, 4], [37, 26], [37, 27], [5, 38], [37, 10], [9, 21], [9, 13], [5, 18], [5, 23], [37, 19], [37, 29], [9, 3], [9, 38], [37, 35], [9, 12], [37, 30], [9, 33], [5, 31], [9, 36], [5, 33], [37, 31], [9, 35], [5, 26], [5, 17], [5, 29], [9, 27], [9, 11], [37, 18], [5, 21], [37, 11], [37, 23], [9, 26], [37, 3], [37, 13], [5, 10], [9, 18], [9, 24], [5, 4], [9, 1], [5, 3], [9, 23], [37, 32], [9, 17], [9, 10], [5, 27], [9, 22], [37, 24], [5, 16], [5, 13], [9, 31], [9, 34], [37, 17], [5, 8], [5, 20], [5, 19], [37, 25], [5, 12], [5, 6], [5, 30], [9, 32], [37, 38], [5, 2], [37, 36], [37, 2], [9, 4], [37, 12]]}"
SR-A_seed1_strong-natural-active,70001,Full,7,fb5e8529bf62ea70,3.2929022020128187,209422.0,-0.6701716564230082,3.2929022020128187,209422.0,-0.6701716564230082,0.0,0.0,0.0,False,False,False,False,True,"{""repair_order"": [5, 1, 0, 3, 4, 6, 15, 10, 13, 9, 14, 7, 12, 2, 11, 8], ""team_assignment"": [1, 2, 2, 0, 1, 0, 1, 1, 1, 0, 1, 1, 2, 0, 0, 2], ""dispatch_priority"": [[9, 24], [9, 36], [37, 29], [5, 12], [5, 21], [37, 38], [5, 28], [9, 28], [9, 19], [5, 19], [37, 12], [9, 6], [37, 25], [5, 30], [9, 2], [5, 26], [5, 34], [37, 35], [9, 26], [37, 30], [9, 29], [5, 27], [37, 14], [37, 26], [5, 8], [37, 21], [37, 8], [9, 34], [5, 31], [37, 31], [9, 11], [9, 20], [5, 38], [9, 27], [5, 32], [9, 25], [9, 23], [37, 17], [37, 22], [37, 7], [9, 14], [37, 33], [37, 4], [9, 30], [37, 10], [5, 35], [5, 25], [5, 14], [5, 29], [5, 2], [37, 13], [5, 23], [5, 17], [5, 16], [5, 7], [5, 3], [9, 16], [5, 1], [9, 35], [5, 10], [9, 12], [9, 31], [37, 20], [5, 4], [5, 36], [37, 32], [37, 19], [37, 34], [37, 3], [37, 1], [37, 27], [5, 15], [9, 38], [9, 10], [9, 15], [9, 18], [37, 11], [9, 7], [5, 13], [9, 32], [9, 13], [5, 11], [9, 33], [5, 24], [37, 15], [37, 23], [37, 36], [37, 16], [37, 2], [9, 4], [5, 18], [37, 6], [37, 28], [9, 1], [9, 17], [5, 20], [9, 21], [5, 33], [5, 6], [37, 18], [9, 8], [9, 3], [5, 22], [37, 24], [9, 22]]}"
SR-A_seed1_strong-natural-active,70001,Full,8,64e0bb330f44d8ed,3.2584375396493703,151073.83333333334,-0.45541298135503894,3.2584375396493703,151073.83333333334,-0.45541298135503894,0.0,0.0,0.0,False,False,False,False,True,"{""repair_order"": [15, 5, 0, 4, 7, 10, 1, 6, 11, 13, 8, 14, 3, 9, 12, 2], ""team_assignment"": [0, 2, 1, 0, 0, 2, 1, 0, 2, 0, 2, 2, 2, 1, 1, 0], ""dispatch_priority"": [[37, 14], [37, 11], [37, 19], [9, 4], [5, 29], [37, 20], [37, 28], [37, 34], [37, 22], [9, 21], [5, 38], [37, 26], [37, 7], [37, 6], [9, 3], [9, 30], [9, 35], [9, 36], [9, 7], [37, 30], [37, 29], [9, 26], [9, 13], [5, 14], [9, 38], [37, 12], [5, 10], [5, 17], [37, 8], [37, 31], [37, 35], [5, 35], [37, 21], [9, 28], [9, 8], [37, 33], [37, 23], [37, 15], [37, 3], [37, 13], [37, 36], [5, 23], [9, 18], [9, 24], [5, 4], [9, 25], [9, 1], [5, 25], [5, 24], [5, 18], [5, 12], [5, 3], [5, 7], [9, 23], [5, 11], [9, 2], [37, 27], [5, 32], [37, 32], [9, 17], [37, 18], [5, 8], [9, 34], [9, 14], [5, 34], [5, 33], [9, 33], [5, 15], [37, 16], [9, 11], [5, 26], [5, 2], [9, 15], [5, 36], [37, 4], [9, 27], [9, 22], [5, 13], [5, 31], [9, 16], [5, 16], [9, 20], [9, 6], [9, 19], [37, 24], [37, 17], [9, 12], [5, 27], [5, 1], [9, 29], [9, 10], [5, 20], [9, 31], [5, 19], [37, 25], [5, 6], [5, 30], [9, 32], [37, 1], [37, 38], [5, 28], [5, 21], [5, 22], [37, 2], [37, 10]]}"
SR-A_seed1_strong-natural-active,70001,Full,9,0b0fa089c1e2524f,5.4825564467818495,110885.66666666667,-0.2074688796680498,5.4825564467818495,110885.66666666667,-0.2074688796680498,0.0,0.0,0.0,False,False,False,False,True,"{""repair_order"": [10, 6, 4, 13, 0, 14, 15, 12, 5, 8, 11, 7, 3, 9, 1, 2], ""team_assignment"": [0, 2, 1, 0, 0, 0, 2, 2, 0, 2, 2, 2, 2, 2, 2, 0], ""dispatch_priority"": [[37, 36], [5, 36], [37, 13], [37, 23], [9, 3], [37, 8], [5, 28], [37, 12], [37, 35], [5, 22], [5, 34], [37, 29], [37, 21], [37, 24], [5, 6], [9, 22], [5, 30], [37, 30], [5, 19], [37, 26], [5, 2], [5, 7], [37, 14], [5, 8], [9, 34], [5, 21], [5, 29], [37, 31], [9, 23], [9, 8], [5, 25], [9, 33], [37, 34], [5, 23], [5, 15], [9, 35], [9, 14], [5, 14], [37, 20], [9, 7], [5, 12], [5, 35], [37, 18], [9, 25], [37, 25], [37, 32], [37, 2], [9, 32], [5, 3], [9, 11], [9, 13], [37, 1], [37, 33], [9, 36], [9, 31], [5, 17], [5, 11], [5, 33], [9, 26], [37, 19], [37, 28], [5, 10], [9, 28], [9, 1], [9, 30], [37, 10], [5, 24], [37, 4], [9, 27], [5, 13], [5, 31], [9, 16], [5, 32], [5, 16], [9, 20], [9, 6], [9, 19], [37, 17], [9, 12], [5, 4], [9, 18], [5, 27], [9, 2], [9, 17], [5, 1], [9, 29], [9, 10], [9, 21], [37, 11], [9, 38], [37, 38], [5, 18], [37, 22], [37, 15], [5, 26], [9, 4], [5, 38], [37, 16], [5, 20], [9, 24], [37, 3], [37, 27], [37, 7], [37, 6], [9, 15]]}"
SR-A_seed1_strong-natural-active,70001,Full,10,e53c997ec202397c,3.167245040320326,213157.5,-0.12559977274213452,3.167245040320326,213157.5,-0.12559977274213452,0.0,0.0,0.0,False,False,False,False,True,"{""repair_order"": [1, 7, 0, 14, 12, 15, 2, 8, 11, 6, 10, 5, 9, 13, 3, 4], ""team_assignment"": [0, 0, 0, 0, 2, 0, 2, 2, 2, 2, 1, 1, 2, 1, 2, 0], ""dispatch_priority"": [[5, 1], [5, 7], [9, 29], [9, 22], [37, 14], [37, 11], [37, 19], [5, 27], [9, 4], [5, 29], [5, 4], [37, 27], [37, 20], [9, 19], [37, 28], [5, 32], [37, 34], [37, 22], [9, 21], [5, 23], [5, 38], [5, 16], [9, 1], [9, 25], [37, 26], [37, 7], [37, 6], [9, 3], [9, 30], [9, 35], [37, 33], [9, 23], [9, 36], [9, 24], [9, 7], [9, 10], [5, 11], [37, 30], [37, 29], [37, 36], [37, 17], [9, 18], [9, 26], [9, 13], [5, 13], [5, 14], [9, 20], [37, 23], [9, 38], [37, 12], [5, 20], [37, 15], [5, 10], [5, 17], [5, 8], [37, 8], [9, 8], [37, 3], [37, 31], [37, 35], [9, 12], [37, 18], [5, 35], [37, 21], [5, 24], [9, 34], [9, 14], [5, 34], [5, 25], [5, 33], [9, 6], [9, 33], [9, 17], [37, 32], [5, 3], [5, 15], [37, 16], [37, 13], [9, 11], [9, 27], [5, 31], [5, 26], [9, 2], [5, 2], [37, 4], [9, 28], [5, 18], [9, 15], [5, 36], [9, 16], [9, 31], [5, 19], [37, 25], [5, 12], [37, 24], [5, 6], [5, 30], [9, 32], [37, 1], [37, 38], [5, 28], [5, 21], [5, 22], [37, 2], [37, 10]]}"
SR-A_seed1_strong-natural-active,70001,Full,11,df67787d5ee7bdaf,5.485745360466072,109268.66666666666,-0.12465373961218837,5.485745360466072,109268.66666666666,-0.12465373961218837,0.0,0.0,0.0,False,False,False,False,True,"{""repair_order"": [14, 12, 13, 5, 4, 6, 15, 10, 8, 7, 0, 11, 3, 9, 1, 2], ""team_assignment"": [0, 0, 1, 0, 2, 0, 1, 2, 0, 0, 2, 2, 2, 1, 2, 0], ""dispatch_priority"": [[37, 36], [5, 22], [5, 36], [37, 23], [37, 14], [5, 8], [5, 21], [9, 23], [9, 8], [9, 33], [9, 3], [37, 34], [5, 23], [5, 15], [5, 28], [9, 35], [5, 14], [5, 34], [37, 20], [9, 7], [5, 12], [37, 18], [9, 25], [37, 25], [37, 32], [37, 2], [9, 32], [37, 30], [9, 13], [37, 1], [37, 33], [9, 36], [9, 31], [5, 11], [5, 33], [9, 26], [37, 26], [37, 19], [5, 30], [37, 28], [9, 28], [9, 1], [9, 30], [5, 24], [9, 22], [5, 13], [9, 16], [5, 16], [9, 20], [9, 6], [9, 19], [37, 15], [5, 10], [5, 17], [37, 21], [37, 8], [9, 34], [5, 31], [37, 31], [9, 11], [9, 27], [5, 32], [37, 22], [9, 14], [37, 4], [37, 10], [5, 35], [5, 25], [5, 29], [5, 2], [37, 13], [5, 7], [5, 3], [37, 24], [37, 17], [9, 12], [5, 4], [9, 18], [5, 27], [9, 2], [9, 17], [5, 1], [9, 29], [9, 10], [9, 21], [37, 11], [9, 38], [37, 38], [5, 18], [5, 26], [9, 4], [37, 29], [5, 38], [37, 16], [37, 35], [5, 19], [5, 20], [9, 24], [37, 3], [37, 27], [37, 7], [5, 6], [37, 6], [37, 12], [9, 15]]}"
SR-A_seed1_strong-natural-active,70001,Full,12,a8f20aa507726465,5.888720374904434,95275.0,-0.016666666666666666,5.888720374904434,95275.0,-0.016666666666666666,0.0,0.0,0.0,False,False,False,False,True,"{""repair_order"": [5, 0, 6, 7, 11, 14, 15, 12, 13, 10, 8, 4, 3, 9, 1, 2], ""team_assignment"": [0, 2, 1, 1, 0, 0, 2, 2, 2, 2, 0, 2, 0, 2, 0, 2], ""dispatch_priority"": [[5, 19], [5, 15], [37, 35], [5, 21], [37, 20], [9, 8], [37, 23], [37, 36], [5, 23], [9, 24], [5, 25], [5, 12], [5, 7], [9, 23], [37, 27], [5, 28], [5, 8], [5, 20], [9, 33], [37, 29], [5, 22], [5, 34], [37, 31], [9, 3], [37, 14], [9, 15], [5, 36], [5, 35], [37, 18], [37, 21], [9, 25], [37, 25], [37, 32], [37, 2], [9, 32], [5, 3], [9, 11], [37, 30], [9, 13], [37, 1], [37, 33], [9, 36], [9, 31], [5, 33], [5, 30], [9, 22], [37, 24], [37, 3], [37, 13], [37, 7], [9, 14], [5, 38], [9, 35], [9, 34], [5, 26], [5, 17], [5, 11], [37, 26], [9, 26], [37, 19], [37, 28], [5, 10], [9, 28], [9, 1], [9, 30], [37, 10], [5, 24], [37, 4], [9, 27], [5, 13], [5, 31], [9, 16], [5, 32], [5, 16], [9, 20], [9, 6], [9, 19], [37, 17], [9, 12], [5, 4], [9, 18], [5, 27], [9, 2], [9, 17], [5, 1], [9, 29], [9, 10], [9, 21], [37, 11], [9, 38], [37, 38], [5, 18], [37, 22], [37, 15], [5, 2], [5, 14], [5, 6], [5, 29], [37, 8], [9, 4], [37, 6], [37, 12], [37, 16], [37, 34], [9, 7]]}"
SR-A_seed1_strong-natural-active,70001,Full,13,4e187b47870927d9,5.487352444648437,102863.0,-0.01529051987767584,5.487352444648437,102863.0,-0.01529051987767584,0.0,0.0,0.0,False,False,False,False,True,"{""repair_order"": [15, 5, 0, 6, 7, 11, 13, 10, 8, 14, 4, 3, 9, 1, 12, 2], ""team_assignment"": [0, 2, 1, 1, 0, 2, 2, 0, 2, 0, 0, 2, 0, 2, 0, 2], ""dispatch_priority"": [[5, 19], [5, 15], [37, 35], [5, 21], [37, 20], [9, 8], [37, 23], [37, 15], [37, 36], [5, 23], [9, 24], [5, 25], [5, 18], [5, 12], [5, 7], [9, 23], [9, 21], [37, 27], [5, 28], [5, 8], [5, 20], [9, 33], [37, 29], [5, 22], [5, 34], [37, 31], [9, 3], [37, 14], [9, 15], [5, 36], [5, 35], [37, 18], [37, 21], [9, 25], [37, 25], [37, 32], [37, 2], [9, 32], [5, 3], [9, 11], [37, 30], [9, 13], [37, 1], [37, 33], [9, 36], [9, 31], [5, 17], [5, 11], [5, 33], [9, 26], [37, 26], [37, 19], [5, 30], [37, 28], [5, 10], [9, 28], [9, 1], [9, 30], [37, 10], [5, 24], [37, 4], [9, 27], [9, 22], [5, 13], [5, 31], [9, 16], [5, 32], [5, 16], [9, 20], [9, 6], [9, 19], [37, 24], [37, 17], [9, 12], [5, 4], [9, 18], [5, 27], [9, 2], [9, 17], [5, 1], [9, 29], [9, 10], [37, 3], [37, 13], [37, 22], [37, 7], [9, 14], [5, 38], [9, 35], [9, 34], [5, 26], [37, 38], [5, 2], [5, 14], [5, 6], [5, 29], [37, 8], [9, 4], [37, 6], [37, 11], [9, 38], [37, 12], [37, 16], [37, 34], [9, 7]]}"
SR-A_seed1_strong-natural-active,70001,Full,14,7f93f9de1dbb0cf5,2.746851907451023,142544.6666666667,-0.0,2.746851907451023,142544.6666666667,-0.0,0.0,0.0,0.0,False,False,False,False,True,"{""repair_order"": [1, 15, 12, 13, 5, 4, 8, 0, 7, 6, 10, 9, 14, 2, 11, 3], ""team_assignment"": [0, 0, 1, 0, 0, 0, 2, 2, 0, 2, 2, 2, 1, 1, 0, 0], ""dispatch_priority"": [[37, 38], [9, 28], [9, 19], [5, 19], [9, 6], [9, 2], [5, 26], [37, 35], [9, 29], [9, 34], [5, 21], [5, 29], [37, 31], [9, 23], [9, 8], [5, 25], [9, 33], [9, 3], [37, 34], [5, 23], [5, 15], [5, 28], [9, 35], [9, 14], [5, 14], [5, 34], [37, 20], [9, 7], [5, 12], [37, 8], [5, 35], [37, 18], [37, 21], [9, 25], [37, 25], [37, 32], [37, 2], [9, 32], [5, 3], [9, 11], [37, 30], [9, 13], [37, 1], [37, 33], [9, 36], [9, 31], [5, 17], [5, 11], [5, 33], [9, 26], [37, 26], [37, 19], [5, 30], [37, 28], [5, 27], [37, 14], [5, 8], [9, 21], [5, 38], [5, 16], [9, 1], [37, 7], [37, 6], [9, 30], [9, 24], [9, 10], [37, 29], [37, 36], [37, 17], [9, 18], [5, 13], [9, 20], [37, 23], [9, 38], [37, 12], [5, 20], [37, 15], [5, 10], [5, 31], [9, 27], [5, 32], [37, 22], [37, 4], [37, 10], [5, 2], [37, 13], [5, 7], [9, 16], [5, 1], [9, 12], [5, 4], [5, 36], [37, 3], [37, 27], [9, 15], [37, 11], [5, 24], [37, 16], [9, 4], [5, 18], [9, 17], [5, 6], [5, 22], [37, 24], [9, 22]]}"
SR-A_seed1_strong-natural-active,70001,Full,15,6d03378f09bb3d04,4.628459423037661,114914.16666666667,-0.0,4.628459423037661,114914.16666666667,-0.0,0.0,0.0,0.0,False,False,False,False,True,"{""repair_order"": [5, 0, 6, 7, 11, 14, 15, 8, 4, 3, 9, 10, 12, 13, 1, 2], ""team_assignment"": [0, 2, 1, 1, 1, 0, 2, 2, 2, 2, 1, 2, 0, 1, 0, 1], ""dispatch_priority"": [[5, 19], [5, 15], [37, 35], [5, 21], [37, 20], [9, 8], [37, 23], [37, 36], [5, 23], [9, 24], [9, 19], [5, 36], [9, 7], [9, 30], [9, 14], [9, 6], [37, 7], [37, 28], [5, 24], [5, 22], [9, 25], [37, 14], [37, 16], [5, 25], [5, 12], [5, 7], [9, 23], [37, 27], [5, 28], [5, 8], [5, 20], [9, 33], [37, 29], [5, 34], [37, 31], [9, 3], [9, 15], [5, 35], [37, 18], [37, 21], [37, 25], [37, 32], [37, 2], [9, 32], [5, 3], [9, 11], [37, 30], [9, 13], [37, 1], [37, 33], [9, 36], [9, 31], [5, 33], [5, 30], [9, 22], [37, 24], [37, 3], [37, 13], [5, 38], [9, 35], [9, 34], [5, 26], [5, 17], [5, 11], [37, 26], [9, 26], [37, 19], [5, 10], [9, 28], [9, 1], [37, 10], [37, 4], [9, 27], [5, 13], [5, 31], [9, 16], [5, 32], [5, 16], [9, 20], [37, 17], [9, 12], [5, 4], [9, 18], [5, 27], [9, 2], [9, 17], [5, 1], [9, 29], [9, 10], [9, 21], [37, 11], [9, 38], [37, 38], [5, 18], [37, 22], [37, 15], [5, 2], [5, 14], [5, 6], [5, 29], [37, 8], [9, 4], [37, 6], [37, 12], [37, 34]]}"
SR-A_seed1_strong-natural-active,70001,Full,16,538a6624713121b8,6.199858256556731,40842.0,-0.0,6.199858256556731,40842.0,-0.0,0.0,0.0,0.0,False,False,False,False,True,"{""repair_order"": [5, 0, 6, 7, 11, 15, 4, 13, 10, 8, 14, 3, 9, 12, 1, 2], ""team_assignment"": [0, 2, 0, 1, 1, 2, 2, 2, 2, 2, 2, 2, 0, 2, 2, 1], ""dispatch_priority"": [[5, 15], [37, 35], [5, 21], [9, 8], [37, 23], [37, 36], [5, 23], [9, 24], [5, 36], [9, 14], [37, 7], [5, 22], [37, 14], [37, 16], [5, 25], [5, 7], [9, 23], [5, 28], [5, 8], [5, 20], [9, 33], [37, 27], [37, 20], [9, 7], [5, 12], [37, 8], [5, 35], [37, 18], [37, 21], [9, 25], [37, 32], [37, 2], [9, 32], [5, 3], [37, 30], [9, 13], [37, 1], [37, 33], [9, 36], [9, 31], [5, 17], [5, 11], [5, 33], [9, 26], [37, 26], [37, 19], [37, 28], [5, 10], [9, 1], [9, 30], [5, 24], [9, 22], [5, 13], [9, 16], [5, 32], [5, 16], [9, 20], [9, 19], [37, 24], [37, 17], [9, 12], [5, 4], [9, 18], [5, 27], [9, 17], [9, 34], [9, 28], [5, 19], [9, 6], [37, 25], [5, 30], [9, 2], [5, 26], [5, 34], [9, 29], [5, 31], [9, 11], [9, 27], [37, 29], [37, 31], [9, 3], [9, 15], [37, 3], [37, 13], [5, 38], [9, 35], [37, 10], [37, 4], [5, 1], [9, 10], [9, 21], [37, 11], [9, 38], [37, 38], [5, 18], [37, 22], [37, 15], [5, 2], [5, 14], [5, 6], [5, 29], [9, 4], [37, 6], [37, 12], [37, 34]]}"
SR-A_seed1_strong-natural-active,70001,Full,17,eaeef365209e82a5,4.560893221715361,118005.5,-0.0,4.560893221715361,118005.5,-0.0,0.0,0.0,0.0,False,False,False,False,True,"{""repair_order"": [5, 3, 15, 7, 10, 14, 1, 0, 4, 9, 13, 11, 12, 2, 6, 8], ""team_assignment"": [1, 0, 1, 0, 1, 2, 1, 1, 2, 0, 1, 1, 2, 1, 1, 2], ""dispatch_priority"": [[9, 24], [9, 36], [37, 29], [5, 12], [5, 21], [37, 38], [5, 28], [9, 28], [9, 19], [5, 19], [37, 12], [9, 6], [37, 25], [5, 30], [9, 2], [5, 26], [5, 34], [37, 35], [9, 26], [37, 30], [9, 29], [5, 27], [37, 14], [37, 26], [5, 8], [37, 21], [37, 8], [9, 34], [5, 31], [37, 31], [9, 11], [9, 20], [5, 38], [9, 27], [5, 32], [9, 25], [9, 23], [37, 17], [37, 22], [37, 7], [9, 14], [37, 33], [37, 28], [5, 24], [37, 4], [9, 30], [37, 10], [5, 35], [5, 25], [5, 14], [5, 29], [5, 2], [37, 13], [5, 23], [5, 17], [5, 16], [5, 7], [5, 3], [9, 16], [5, 1], [9, 35], [5, 10], [9, 12], [9, 31], [37, 20], [5, 4], [5, 36], [37, 32], [37, 19], [37, 34], [37, 3], [37, 1], [37, 27], [5, 15], [9, 38], [9, 10], [9, 15], [9, 18], [37, 11], [9, 7], [5, 13], [9, 32], [9, 13], [5, 11], [9, 33], [37, 15], [37, 23], [37, 36], [37, 16], [37, 2], [9, 4], [5, 18], [37, 6], [9, 1], [9, 17], [5, 20], [9, 21], [5, 33], [5, 6], [37, 18], [9, 8], [9, 3], [5, 22], [37, 24], [9, 22]]}"
SR-A_seed1_strong-natural-active,70001,Full,18,4299f2d15a095027,5.4824827242018985,110685.5,-0.0,5.4824827242018985,110685.5,-0.0,0.0,0.0,0.0,False,False,False,False,True,"{""repair_order"": [5, 15, 0, 3, 6, 7, 11, 13, 10, 8, 14, 4, 9, 1, 12, 2], ""team_assignment"": [0, 2, 0, 2, 0, 0, 2, 2, 2, 0, 2, 2, 0, 2, 2, 2], ""dispatch_priority"": [[9, 21], [5, 22], [37, 14], [37, 23], [37, 29], [37, 6], [9, 38], [37, 12], [37, 35], [5, 21], [37, 15], [37, 31], [9, 23], [9, 8], [9, 33], [9, 3], [37, 34], [5, 23], [5, 15], [5, 28], [9, 35], [37, 27], [37, 20], [9, 7], [5, 12], [37, 8], [5, 35], [37, 18], [37, 21], [9, 25], [37, 32], [37, 2], [9, 32], [5, 3], [37, 30], [9, 13], [37, 1], [37, 33], [9, 36], [9, 31], [5, 17], [5, 11], [5, 33], [9, 26], [37, 26], [37, 19], [37, 28], [5, 10], [9, 1], [9, 30], [5, 24], [9, 22], [5, 13], [9, 16], [5, 32], [5, 16], [9, 20], [9, 19], [37, 24], [37, 17], [9, 12], [5, 4], [9, 18], [5, 27], [9, 17], [9, 34], [9, 28], [5, 19], [9, 6], [37, 25], [5, 30], [9, 2], [5, 26], [5, 34], [9, 29], [5, 31], [9, 11], [9, 27], [9, 14], [37, 4], [37, 10], [5, 25], [5, 2], [37, 13], [5, 1], [9, 10], [37, 3], [37, 36], [9, 24], [5, 18], [5, 7], [5, 14], [5, 8], [5, 20], [9, 15], [5, 36], [37, 22], [37, 7], [5, 38], [37, 38], [5, 6], [5, 29], [9, 4], [37, 11], [37, 16]]}"
SR-A_seed1_strong-natural-active,70001,Full,19,828a9ed62ecdaaca,2.9683470923789095,130254.33333333334,-0.0,2.9683470923789095,130254.33333333334,-0.0,0.0,0.0,0.0,False,False,False,False,True,"{""repair_order"": [15, 3, 10, 5, 0, 1, 4, 7, 14, 9, 12, 13, 11, 2, 6, 8], ""team_assignment"": [1, 1, 2, 2, 0, 1, 1, 0, 2, 0, 0, 1, 1, 1, 1, 1], ""dispatch_priority"": [[9, 16], [37, 35], [5, 21], [37, 14], [37, 23], [9, 27], [9, 2], [5, 10], [37, 29], [5, 23], [37, 19], [5, 19], [37, 13], [37, 1], [9, 26], [5, 18], [5, 15], [37, 24], [37, 20], [37, 26], [9, 28], [9, 8], [37, 33], [37, 25], [37, 15], [37, 3], [5, 31], [5, 30], [37, 36], [9, 18], [9, 24], [5, 4], [9, 25], [9, 1], [5, 25], [5, 24], [5, 12], [37, 21], [5, 3], [9, 11], [5, 7], [9, 23], [5, 11], [9, 21], [37, 27], [5, 32], [9, 20], [9, 19], [37, 32], [9, 17], [37, 18], [9, 29], [5, 28], [5, 8], [5, 20], [9, 10], [9, 33], [5, 22], [5, 34], [5, 1], [37, 31], [5, 27], [9, 3], [9, 22], [9, 32], [5, 16], [5, 33], [9, 15], [5, 13], [37, 30], [37, 10], [5, 36], [37, 22], [37, 7], [9, 14], [5, 38], [9, 31], [37, 6], [37, 28], [9, 34], [5, 26], [9, 36], [37, 17], [37, 38], [5, 2], [9, 12], [5, 14], [5, 6], [5, 17], [37, 2], [9, 30], [9, 6], [9, 13], [5, 35], [5, 29], [37, 8], [37, 4], [9, 4], [9, 35], [37, 11], [9, 38], [37, 12], [37, 16], [37, 34], [9, 7]]}"
SR-A_seed1_strong-natural-active,70001,Full,20,af55702d8ad397f9,5.48447313288853,103885.33333333334,-0.0,5.48447313288853,103885.33333333334,-0.0,0.0,0.0,0.0,False,False,False,False,True,"{""repair_order"": [15, 5, 0, 6, 7, 11, 13, 10, 8, 4, 1, 9, 14, 3, 12, 2], ""team_assignment"": [0, 2, 0, 0, 0, 0, 2, 2, 2, 2, 2, 2, 2, 1, 1, 2], ""dispatch_priority"": [[5, 21], [37, 20], [37, 8], [5, 28], [37, 12], [37, 35], [5, 22], [5, 34], [37, 29], [37, 21], [37, 24], [5, 6], [5, 30], [37, 30], [5, 19], [37, 34], [9, 19], [37, 25], [9, 29], [5, 27], [9, 26], [9, 21], [9, 34], [37, 31], [9, 20], [5, 38], [9, 8], [37, 33], [37, 23], [37, 15], [37, 3], [37, 13], [37, 36], [5, 23], [9, 18], [9, 24], [5, 4], [9, 25], [9, 1], [5, 25], [5, 18], [5, 12], [5, 3], [5, 7], [9, 23], [5, 11], [9, 2], [37, 27], [5, 32], [37, 32], [9, 17], [5, 15], [37, 16], [9, 11], [5, 26], [5, 2], [9, 28], [9, 15], [5, 36], [5, 24], [37, 4], [9, 27], [9, 22], [5, 13], [5, 31], [9, 16], [37, 18], [5, 8], [5, 20], [9, 10], [9, 33], [5, 1], [9, 3], [37, 14], [9, 32], [5, 16], [5, 33], [37, 10], [37, 22], [37, 7], [9, 14], [9, 31], [37, 1], [9, 35], [37, 28], [9, 36], [37, 17], [37, 38], [5, 10], [9, 12], [5, 14], [37, 19], [5, 17], [37, 2], [9, 30], [9, 6], [9, 13], [5, 35], [5, 29], [9, 4], [37, 6], [37, 11], [9, 38], [37, 26], [9, 7]]}"
SR-A_seed1_strong-natural-active,70001,Full,21,cf91c8d2e81c2f00,2.7484026347078663,140932.5,-0.0,2.7484026347078663,140932.5,-0.0,0.0,0.0,0.0,False,False,False,False,True,"{""repair_order"": [15, 5, 0, 6, 7, 11, 13, 10, 8, 14, 4, 3, 9, 1, 12, 2], ""team_assignment"": [0, 2, 0, 1, 0, 0, 2, 2, 2, 0, 2, 2, 2, 1, 2, 0], ""dispatch_priority"": [[9, 21], [5, 22], [37, 14], [37, 23], [37, 29], [5, 2], [37, 6], [9, 38], [37, 12], [37, 35], [5, 21], [37, 15], [37, 31], [9, 23], [9, 8], [5, 25], [9, 33], [9, 3], [37, 34], [5, 23], [5, 15], [5, 28], [9, 35], [9, 14], [37, 27], [5, 34], [37, 20], [9, 7], [37, 8], [5, 35], [37, 18], [37, 21], [9, 25], [37, 32], [37, 2], [5, 3], [9, 11], [37, 30], [9, 13], [37, 33], [9, 36], [5, 17], [5, 11], [5, 33], [9, 26], [37, 26], [37, 19], [37, 28], [5, 10], [9, 28], [9, 1], [9, 30], [37, 10], [5, 24], [37, 4], [9, 27], [9, 22], [5, 13], [5, 31], [9, 16], [5, 32], [5, 16], [9, 20], [9, 6], [9, 19], [37, 24], [37, 17], [9, 12], [5, 4], [9, 18], [5, 27], [9, 2], [9, 17], [5, 1], [9, 29], [9, 10], [37, 3], [37, 13], [37, 36], [9, 24], [5, 18], [5, 7], [5, 14], [5, 8], [9, 15], [5, 36], [37, 22], [37, 7], [5, 38], [9, 34], [5, 20], [9, 31], [5, 19], [37, 25], [5, 12], [5, 6], [5, 30], [9, 32], [37, 1], [5, 26], [37, 38], [5, 29], [9, 4], [37, 11], [37, 16]]}"
SR-A_seed1_strong-natural-active,70001,Full,22,8b61d280a7a66dc6,2.746094918856935,165738.0,-0.0,2.746094918856935,165738.0,-0.0,0.0,0.0,0.0,False,False,False,False,True,"{""repair_order"": [15, 5, 0, 6, 7, 11, 13, 10, 8, 14, 4, 3, 9, 1, 12, 2], ""team_assignment"": [0, 2, 0, 1, 0, 0, 2, 2, 2, 2, 2, 2, 2, 1, 2, 0], ""dispatch_priority"": [[37, 14], [37, 11], [37, 19], [9, 4], [5, 29], [37, 20], [37, 28], [37, 34], [37, 22], [9, 21], [5, 23], [5, 38], [9, 1], [9, 25], [37, 26], [37, 7], [37, 6], [9, 3], [9, 30], [9, 35], [37, 33], [9, 23], [9, 36], [9, 7], [5, 11], [37, 30], [37, 29], [9, 26], [9, 13], [5, 14], [37, 23], [9, 38], [37, 12], [37, 15], [5, 10], [5, 17], [37, 8], [9, 8], [37, 31], [37, 35], [37, 18], [5, 35], [37, 21], [9, 34], [9, 14], [5, 34], [5, 25], [5, 33], [9, 33], [37, 32], [5, 3], [5, 15], [37, 16], [9, 11], [5, 26], [5, 2], [9, 28], [9, 15], [5, 36], [5, 24], [37, 4], [9, 27], [9, 22], [5, 13], [5, 31], [9, 16], [5, 32], [5, 16], [9, 20], [9, 6], [9, 19], [37, 24], [37, 17], [9, 12], [5, 4], [9, 18], [5, 27], [9, 2], [9, 17], [5, 1], [9, 29], [9, 10], [37, 3], [37, 13], [37, 36], [9, 24], [5, 18], [5, 7], [37, 27], [5, 8], [5, 20], [9, 31], [5, 19], [37, 25], [5, 12], [5, 6], [5, 30], [9, 32], [37, 1], [37, 38], [5, 28], [5, 21], [5, 22], [37, 2], [37, 10]]}"
SR-A_seed1_strong-natural-active,70001,Full,23,2989dda2965a53c0,3.386970882160786,122604.0,-0.0,3.386970882160786,122604.0,-0.0,0.0,0.0,0.0,False,False,False,False,True,"{""repair_order"": [15, 5, 1, 0, 4, 7, 14, 9, 3, 10, 12, 13, 11, 2, 6, 8], ""team_assignment"": [0, 1, 1, 1, 0, 2, 0, 0, 2, 0, 0, 1, 1, 0, 1, 2], ""dispatch_priority"": [[9, 16], [9, 27], [5, 19], [5, 15], [37, 35], [5, 21], [37, 20], [37, 26], [9, 28], [9, 8], [37, 33], [37, 25], [37, 23], [9, 26], [37, 15], [37, 3], [5, 31], [5, 30], [37, 13], [37, 36], [5, 23], [9, 18], [9, 24], [5, 4], [9, 25], [9, 1], [5, 25], [5, 24], [5, 18], [5, 12], [37, 21], [5, 3], [9, 11], [5, 7], [9, 23], [5, 11], [9, 21], [9, 2], [37, 27], [5, 32], [9, 20], [9, 19], [37, 32], [9, 17], [37, 18], [9, 29], [5, 28], [5, 8], [5, 20], [9, 10], [9, 33], [37, 29], [5, 22], [5, 34], [5, 1], [37, 31], [5, 27], [9, 3], [9, 22], [37, 14], [37, 24], [9, 32], [5, 16], [5, 33], [9, 15], [5, 13], [37, 30], [37, 10], [5, 36], [37, 22], [37, 7], [9, 14], [5, 38], [9, 31], [37, 1], [9, 35], [37, 28], [9, 34], [5, 26], [9, 36], [37, 17], [37, 38], [5, 2], [5, 10], [9, 12], [5, 14], [5, 6], [37, 19], [5, 17], [37, 2], [9, 30], [9, 6], [9, 13], [5, 35], [5, 29], [37, 8], [37, 4], [9, 4], [37, 6], [37, 11], [9, 38], [37, 12], [37, 16], [37, 34], [9, 7]]}"
SR-A_seed1_strong-natural-active,70001,Full,24,9bb4a8b965188919,2.7455449870600397,177584.83333333334,-0.0,2.7455449870600397,177584.83333333334,-0.0,0.0,0.0,0.0,False,False,False,False,True,"{""repair_order"": [15, 5, 3, 1, 0, 4, 11, 10, 13, 9, 14, 7, 12, 2, 6, 8], ""team_assignment"": [0, 2, 2, 0, 1, 0, 1, 1, 2, 0, 1, 1, 2, 1, 1, 2], ""dispatch_priority"": [[37, 20], [9, 16], [37, 29], [5, 12], [5, 21], [37, 38], [5, 28], [9, 28], [9, 19], [5, 19], [37, 12], [9, 6], [37, 25], [5, 30], [9, 2], [5, 26], [5, 34], [37, 35], [9, 26], [37, 30], [9, 29], [5, 27], [37, 14], [37, 26], [5, 8], [37, 21], [37, 8], [9, 34], [5, 31], [37, 31], [9, 11], [9, 20], [5, 38], [9, 27], [5, 32], [9, 25], [5, 11], [5, 6], [9, 8], [37, 6], [9, 32], [5, 15], [5, 36], [9, 7], [9, 30], [9, 23], [37, 17], [37, 22], [37, 7], [9, 14], [37, 33], [37, 28], [5, 24], [5, 22], [37, 16], [5, 25], [5, 1], [37, 1], [5, 35], [37, 15], [5, 14], [9, 15], [37, 34], [5, 7], [37, 4], [37, 27], [37, 10], [9, 21], [9, 13], [5, 18], [5, 23], [37, 19], [9, 3], [9, 38], [9, 12], [9, 33], [9, 36], [5, 33], [9, 35], [5, 17], [5, 29], [37, 23], [37, 3], [37, 13], [37, 36], [9, 18], [9, 24], [5, 4], [9, 1], [5, 3], [37, 32], [9, 17], [37, 18], [5, 20], [5, 13], [9, 22], [37, 24], [5, 16], [9, 10], [9, 31], [5, 2], [5, 10], [37, 2], [9, 4], [37, 11]]}"
SR-A_seed1_strong-natural-active,70001,Full,25,18c334c91fc730c2,2.9666454245365705,134650.0,-0.0,2.9666454245365705,134650.0,-0.0,0.0,0.0,0.0,False,False,False,False,True,"{""repair_order"": [15, 5, 4, 8, 7, 0, 6, 1, 9, 14, 12, 2, 11, 13, 3, 10], ""team_assignment"": [0, 0, 2, 0, 0, 0, 1, 2, 0, 0, 2, 1, 2, 1, 0, 0], ""dispatch_priority"": [[5, 22], [37, 14], [5, 8], [5, 21], [9, 8], [9, 3], [5, 23], [5, 28], [5, 34], [5, 12], [37, 18], [9, 25], [37, 25], [37, 2], [5, 33], [37, 26], [5, 30], [37, 28], [9, 28], [9, 1], [5, 24], [9, 22], [5, 16], [9, 6], [9, 19], [37, 24], [5, 27], [9, 2], [9, 30], [9, 35], [37, 33], [9, 23], [9, 36], [9, 24], [9, 7], [9, 10], [5, 11], [37, 30], [37, 29], [37, 36], [37, 17], [9, 18], [9, 26], [9, 13], [5, 13], [5, 14], [9, 20], [37, 23], [9, 38], [37, 12], [5, 20], [37, 15], [5, 10], [5, 17], [37, 21], [37, 8], [9, 34], [5, 31], [37, 31], [9, 11], [9, 27], [5, 32], [37, 22], [9, 14], [37, 4], [37, 10], [5, 35], [5, 25], [5, 29], [5, 2], [37, 13], [5, 7], [5, 3], [9, 16], [5, 1], [9, 12], [9, 31], [37, 20], [5, 4], [5, 36], [37, 32], [37, 19], [37, 34], [37, 3], [37, 1], [37, 27], [5, 15], [9, 15], [37, 11], [9, 32], [9, 33], [9, 17], [9, 29], [9, 21], [37, 38], [5, 18], [5, 26], [9, 4], [5, 38], [37, 16], [37, 35], [5, 19], [37, 7], [5, 6], [37, 6]]}"
SR-A_seed1_strong-natural-active,70001,Full,26,17d01e14c9a76eae,2.9655696543313015,134994.33333333334,-0.0,2.9655696543313015,134994.33333333334,-0.0,0.0,0.0,0.0,False,False,False,False,True,"{""repair_order"": [15, 5, 7, 3, 2, 14, 1, 0, 4, 9, 10, 12, 13, 11, 6, 8], ""team_assignment"": [0, 0, 1, 1, 0, 2, 2, 0, 2, 1, 0, 1, 1, 1, 1, 1], ""dispatch_priority"": [[37, 20], [9, 28], [9, 16], [9, 20], [5, 8], [5, 11], [5, 6], [9, 8], [37, 6], [5, 34], [37, 21], [9, 32], [5, 15], [9, 19], [5, 36], [9, 7], [9, 30], [9, 14], [9, 6], [37, 7], [37, 28], [5, 24], [5, 22], [9, 25], [37, 14], [37, 16], [5, 25], [5, 32], [37, 22], [37, 8], [5, 1], [37, 1], [5, 35], [9, 2], [37, 38], [37, 33], [37, 15], [9, 29], [5, 14], [9, 15], [37, 34], [5, 30], [5, 7], [5, 12], [5, 28], [5, 19], [37, 4], [37, 26], [37, 27], [5, 38], [37, 10], [9, 21], [9, 13], [5, 18], [5, 23], [37, 19], [37, 29], [9, 3], [9, 38], [37, 35], [9, 12], [37, 30], [9, 33], [5, 31], [9, 36], [5, 33], [37, 25], [37, 31], [9, 35], [5, 26], [5, 17], [5, 29], [9, 27], [9, 11], [37, 18], [5, 21], [37, 11], [37, 23], [9, 26], [37, 3], [37, 13], [37, 36], [9, 18], [9, 24], [5, 4], [9, 1], [5, 3], [9, 23], [37, 32], [9, 17], [5, 20], [9, 10], [5, 27], [9, 22], [37, 24], [5, 16], [5, 13], [9, 31], [9, 34], [37, 17], [5, 2], [5, 10], [37, 2], [9, 4], [37, 12]]}"
SR-A_seed1_strong-natural-active,70001,Full,27,44b0a6d7e0e2eed9,2.9651460658809317,140376.6666666667,-0.0,2.9651460658809317,140376.6666666667,-0.0,0.0,0.0,0.0,False,False,False,False,True,"{""repair_order"": [15, 5, 7, 3, 10, 14, 1, 0, 4, 9, 12, 13, 11, 2, 6, 8], ""team_assignment"": [0, 0, 1, 1, 0, 2, 2, 0, 2, 0, 1, 1, 1, 1, 1, 1], ""dispatch_priority"": [[37, 20], [9, 28], [9, 16], [9, 20], [5, 8], [5, 11], [5, 6], [9, 8], [37, 6], [5, 34], [37, 21], [9, 32], [5, 15], [9, 19], [5, 36], [9, 7], [9, 30], [9, 14], [9, 6], [37, 7], [37, 28], [5, 24], [5, 22], [9, 25], [37, 14], [37, 16], [5, 25], [5, 32], [37, 22], [37, 8], [5, 1], [37, 1], [5, 35], [9, 2], [37, 38], [37, 33], [37, 15], [9, 29], [5, 14], [9, 15], [37, 34], [5, 30], [5, 7], [5, 12], [5, 28], [5, 19], [37, 4], [37, 26], [37, 27], [5, 38], [37, 10], [9, 21], [9, 13], [5, 18], [5, 23], [37, 19], [37, 29], [9, 3], [9, 38], [37, 35], [9, 12], [37, 30], [9, 33], [5, 31], [9, 36], [5, 33], [37, 25], [37, 31], [9, 35], [5, 26], [5, 17], [5, 29], [9, 27], [5, 21], [37, 23], [9, 26], [37, 3], [37, 13], [37, 36], [9, 18], [9, 24], [5, 4], [9, 1], [5, 3], [9, 11], [9, 23], [37, 32], [9, 17], [37, 18], [5, 20], [9, 10], [5, 27], [9, 22], [37, 24], [5, 16], [5, 13], [9, 31], [9, 34], [37, 17], [5, 2], [5, 10], [37, 2], [9, 4], [37, 11], [37, 12]]}"
SR-A_seed1_strong-natural-active,70001,Full,28,aed9b07ebf12173c,5.796952515947118,41106.5,-0.0,5.796952515947118,41106.5,-0.0,0.0,0.0,0.0,False,False,False,False,True,"{""repair_order"": [15, 5, 13, 14, 4, 8, 7, 0, 11, 10, 6, 1, 9, 3, 12, 2], ""team_assignment"": [0, 2, 1, 0, 0, 0, 2, 2, 2, 2, 0, 2, 0, 2, 2, 0], ""dispatch_priority"": [[9, 21], [5, 22], [37, 14], [37, 23], [37, 29], [5, 2], [37, 6], [9, 38], [37, 12], [37, 35], [5, 21], [5, 29], [37, 31], [9, 23], [9, 8], [5, 25], [9, 33], [9, 3], [37, 34], [5, 23], [5, 15], [5, 28], [9, 35], [5, 14], [5, 34], [37, 20], [37, 15], [37, 27], [9, 7], [5, 12], [37, 8], [5, 35], [37, 18], [37, 21], [9, 32], [5, 3], [9, 11], [37, 30], [9, 13], [37, 1], [37, 33], [9, 36], [9, 31], [5, 33], [5, 30], [9, 22], [37, 24], [37, 3], [37, 13], [37, 7], [9, 14], [5, 38], [9, 25], [37, 25], [37, 32], [37, 2], [5, 17], [5, 11], [9, 26], [37, 26], [37, 19], [37, 28], [5, 10], [9, 28], [9, 1], [9, 30], [37, 10], [5, 24], [37, 4], [9, 27], [5, 13], [5, 31], [9, 16], [5, 32], [5, 16], [9, 20], [9, 6], [9, 19], [37, 17], [9, 12], [5, 4], [9, 18], [5, 27], [9, 2], [9, 17], [5, 1], [9, 29], [9, 10], [37, 36], [9, 24], [5, 18], [5, 7], [5, 8], [5, 20], [9, 15], [5, 36], [37, 22], [9, 34], [5, 26], [37, 38], [5, 6], [5, 19], [9, 4], [37, 11], [37, 16]]}"
SR-A_seed1_strong-natural-active,70001,No-HT,0,26daf666959a14e0,5.061189596129481,115599.0,-0.7537666810158044,5.061189596129481,116235.0,-0.7537666810158044,0.0,636.0,0.0,True,False,True,False,False,"{""repair_order"": [14, 15, 12, 13, 11, 4, 8, 7, 0, 5, 6, 3, 9, 1, 2, 10], ""team_assignment"": [0, 2, 1, 0, 0, 0, 2, 2, 0, 2, 2, 2, 2, 2, 2, 0], ""dispatch_priority"": [[37, 36], [5, 22], [5, 36], [37, 13], [37, 23], [5, 2], [5, 7], [37, 14], [5, 8], [9, 34], [5, 21], [5, 29], [37, 31], [9, 8], [5, 25], [9, 33], [9, 3], [37, 34], [5, 23], [5, 15], [5, 28], [9, 35], [9, 14], [5, 14], [5, 34], [37, 20], [9, 7], [5, 12], [37, 8], [5, 35], [37, 18], [37, 21], [9, 25], [37, 25], [9, 23], [5, 11], [9, 21], [9, 2], [37, 27], [5, 32], [9, 20], [9, 19], [37, 32], [37, 2], [9, 32], [5, 3], [9, 11], [37, 30], [9, 13], [37, 1], [37, 33], [9, 36], [9, 31], [5, 17], [5, 33], [9, 26], [37, 26], [37, 19], [5, 30], [37, 28], [5, 10], [9, 28], [9, 1], [9, 30], [37, 10], [5, 24], [37, 4], [9, 27], [9, 22], [5, 13], [5, 31], [9, 16], [5, 16], [9, 6], [37, 24], [37, 17], [9, 12], [5, 4], [9, 18], [5, 27], [9, 17], [5, 1], [9, 29], [9, 10], [37, 11], [9, 38], [37, 38], [5, 18], [37, 22], [37, 15], [5, 26], [9, 4], [37, 29], [5, 38], [37, 16], [37, 35], [5, 19], [5, 20], [9, 24], [37, 3], [37, 7], [5, 6], [37, 6], [37, 12], [9, 15]]}"
SR-A_seed1_strong-natural-active,70001,No-HT,1,41edcbace5edabfa,3.809475342055169,132137.6666666667,-0.7537666810158044,3.810915214667399,134894.6666666667,-0.7537666810158044,0.0014398726122299976,2757.0,0.0,True,True,True,False,False,"{""repair_order"": [15, 0, 4, 14, 10, 12, 13, 2, 7, 8, 11, 5, 3, 9, 1, 6], ""team_assignment"": [1, 0, 1, 1, 1, 0, 0, 0, 2, 1, 2, 1, 2, 0, 2, 0], ""dispatch_priority"": [[37, 35], [5, 30], [5, 12], [37, 21], [37, 18], [5, 28], [5, 8], [5, 20], [37, 29], [5, 22], [5, 34], [9, 3], [9, 22], [37, 14], [37, 24], [37, 30], [37, 12], [5, 6], [5, 19], [37, 26], [37, 25], [9, 29], [5, 27], [9, 26], [9, 21], [5, 26], [9, 34], [37, 31], [9, 11], [5, 38], [9, 25], [9, 23], [37, 22], [37, 7], [9, 14], [37, 33], [5, 35], [5, 25], [5, 14], [5, 29], [5, 2], [37, 13], [5, 23], [5, 17], [5, 7], [5, 3], [5, 1], [9, 35], [9, 31], [37, 20], [5, 36], [37, 32], [37, 19], [37, 34], [37, 3], [37, 1], [37, 27], [5, 15], [9, 38], [9, 10], [37, 28], [5, 10], [9, 28], [9, 1], [9, 30], [37, 10], [5, 24], [37, 4], [9, 27], [5, 13], [5, 31], [9, 16], [5, 32], [5, 16], [9, 20], [9, 6], [9, 19], [37, 17], [9, 12], [5, 4], [9, 15], [9, 18], [37, 11], [9, 7], [9, 32], [9, 13], [5, 11], [9, 33], [37, 15], [37, 23], [37, 36], [37, 16], [37, 2], [9, 4], [9, 24], [9, 36], [5, 18], [37, 38], [9, 2], [5, 33], [9, 17], [5, 21], [9, 8], [37, 6], [37, 8]]}"
SR-A_seed1_strong-natural-active,70001,No-HT,2,cc9de789c5bf195b,3.3898802889819786,134860.83333333334,-0.7537666810158044,3.3898802889819786,154761.1666666667,-0.7537666810158044,0.0,19900.333333333343,0.0,True,False,True,False,False,"{""repair_order"": [15, 5, 1, 13, 0, 4, 7, 14, 9, 3, 10, 12, 11, 2, 6, 8], ""team_assignment"": [0, 1, 1, 0, 0, 2, 2, 2, 0, 2, 2, 1, 2, 0, 2, 2], ""dispatch_priority"": [[5, 19], [5, 15], [37, 35], [5, 21], [37, 20], [37, 26], [9, 28], [9, 8], [37, 33], [37, 25], [37, 23], [9, 26], [37, 15], [37, 3], [5, 30], [37, 13], [37, 36], [5, 23], [9, 24], [9, 25], [9, 1], [5, 25], [5, 24], [5, 18], [5, 12], [37, 21], [5, 3], [9, 11], [5, 7], [9, 23], [5, 11], [9, 21], [37, 27], [37, 32], [37, 18], [9, 29], [5, 28], [5, 8], [5, 20], [9, 10], [9, 33], [37, 29], [5, 22], [5, 34], [37, 31], [9, 3], [9, 22], [37, 14], [37, 24], [9, 32], [5, 33], [9, 15], [37, 30], [37, 10], [5, 36], [37, 22], [37, 7], [9, 14], [5, 38], [9, 31], [37, 1], [9, 35], [37, 28], [9, 34], [5, 26], [9, 36], [37, 38], [37, 4], [9, 27], [5, 13], [5, 31], [9, 16], [5, 32], [5, 16], [9, 20], [9, 6], [9, 19], [37, 17], [9, 12], [5, 4], [9, 18], [5, 27], [9, 2], [9, 17], [5, 1], [5, 2], [5, 10], [5, 14], [5, 6], [37, 19], [5, 17], [37, 2], [9, 30], [9, 13], [5, 35], [5, 29], [37, 8], [9, 4], [37, 6], [37, 11], [9, 38], [37, 12], [37, 16], [37, 34], [9, 7]]}"
SR-A_seed1_strong-natural-active,70001,No-HT,3,c9d213c4f9e26ba6,4.228909969223974,128720.66666666666,-0.7537666810157034,4.382819922134422,151622.6666666667,-0.7537666810158044,0.15390995291044796,22902.00000000003,-1.0091927293842673e-13,True,True,True,False,False,"{""repair_order"": [15, 6, 4, 13, 0, 14, 10, 12, 2, 7, 8, 11, 5, 3, 9, 1], ""team_assignment"": [1, 0, 1, 0, 0, 0, 2, 0, 2, 2, 2, 1, 2, 0, 2, 0], ""dispatch_priority"": [[37, 35], [5, 28], [5, 20], [9, 3], [37, 12], [9, 29], [5, 27], [9, 26], [9, 21], [5, 22], [5, 34], [37, 29], [37, 21], [37, 24], [5, 6], [9, 22], [5, 30], [37, 30], [5, 19], [37, 26], [5, 2], [5, 7], [37, 14], [5, 8], [9, 34], [5, 21], [5, 29], [37, 31], [9, 23], [9, 8], [5, 25], [9, 33], [37, 34], [5, 23], [5, 15], [9, 35], [9, 14], [5, 14], [37, 20], [9, 7], [5, 12], [5, 35], [37, 18], [9, 25], [37, 25], [37, 32], [37, 2], [9, 32], [5, 3], [5, 26], [9, 11], [5, 38], [37, 22], [37, 7], [37, 33], [37, 13], [5, 17], [5, 1], [9, 31], [5, 36], [37, 19], [37, 3], [37, 1], [37, 27], [9, 38], [9, 10], [37, 28], [5, 10], [9, 28], [9, 1], [9, 30], [37, 10], [5, 24], [37, 4], [9, 27], [5, 13], [5, 31], [9, 16], [5, 32], [5, 16], [9, 20], [9, 6], [9, 19], [37, 17], [9, 12], [5, 4], [9, 15], [9, 18], [37, 11], [9, 13], [5, 11], [37, 15], [37, 23], [37, 36], [37, 16], [9, 4], [9, 24], [9, 36], [5, 18], [37, 38], [9, 2], [5, 33], [9, 17], [37, 6], [37, 8]]}"
SR-A_seed1_strong-natural-active,70001,No-HT,4,e9a3305b71442127,4.6486851809509115,122863.33333333334,-0.7537666810156204,4.64957107747832,125398.66666666667,-0.7537666810160486,0.0008858965274081143,2535.3333333333285,-4.282130205979229e-13,True,True,True,False,False,"{""repair_order"": [15, 6, 4, 13, 0, 14, 12, 2, 7, 8, 11, 5, 3, 9, 1, 10], ""team_assignment"": [1, 0, 1, 0, 0, 0, 2, 0, 0, 2, 2, 1, 2, 0, 2, 0], ""dispatch_priority"": [[37, 35], [5, 28], [5, 20], [9, 3], [37, 12], [9, 29], [5, 27], [9, 26], [9, 21], [5, 22], [5, 34], [37, 29], [37, 21], [37, 24], [5, 6], [9, 22], [5, 30], [37, 30], [5, 19], [37, 26], [5, 2], [5, 7], [37, 14], [5, 8], [9, 34], [5, 21], [5, 29], [37, 31], [9, 23], [9, 8], [5, 25], [9, 33], [37, 34], [5, 23], [9, 35], [9, 14], [5, 14], [37, 20], [9, 7], [5, 12], [5, 35], [37, 18], [9, 25], [37, 25], [37, 32], [37, 2], [9, 32], [5, 3], [5, 26], [9, 11], [5, 38], [37, 22], [37, 7], [37, 33], [37, 13], [5, 17], [5, 1], [5, 15], [9, 38], [9, 10], [37, 28], [5, 10], [9, 28], [9, 1], [9, 30], [37, 10], [5, 24], [37, 4], [9, 27], [5, 13], [5, 31], [9, 16], [5, 32], [5, 16], [9, 20], [9, 6], [9, 19], [9, 31], [5, 36], [37, 19], [37, 3], [37, 1], [37, 27], [37, 17], [9, 12], [5, 4], [9, 15], [9, 18], [37, 11], [9, 13], [5, 11], [37, 15], [37, 23], [37, 36], [37, 16], [9, 4], [9, 24], [9, 36], [5, 18], [37, 38], [9, 2], [5, 33], [9, 17], [37, 6], [37, 8]]}"
SR-A_seed1_strong-natural-active,70001,No-HT,5,eb65af476db0827a,5.015156632603447,119870.66666666667,-0.7431522227207857,5.015156632603447,126812.0,-0.7431522227207857,0.0,6941.3333333333285,0.0,True,False,True,False,False,"{""repair_order"": [0, 15, 2, 7, 5, 4, 14, 9, 3, 10, 12, 13, 8, 11, 1, 6], ""team_assignment"": [0, 0, 1, 1, 1, 2, 2, 0, 2, 0, 2, 2, 1, 2, 1, 2], ""dispatch_priority"": [[5, 20], [37, 6], [5, 12], [37, 14], [9, 3], [37, 8], [5, 28], [37, 12], [37, 35], [37, 23], [37, 15], [37, 3], [5, 31], [5, 30], [37, 36], [9, 18], [9, 24], [5, 4], [9, 1], [5, 24], [5, 18], [9, 29], [5, 27], [9, 26], [9, 21], [5, 26], [9, 34], [37, 31], [9, 11], [5, 38], [9, 25], [9, 23], [37, 22], [37, 7], [9, 14], [5, 32], [9, 20], [9, 19], [37, 33], [5, 35], [5, 25], [5, 14], [5, 29], [5, 2], [37, 13], [5, 23], [5, 17], [5, 22], [5, 34], [37, 29], [37, 21], [37, 24], [5, 6], [9, 22], [37, 30], [5, 19], [37, 26], [37, 25], [5, 7], [5, 3], [5, 1], [9, 35], [9, 31], [37, 20], [5, 36], [37, 32], [37, 19], [37, 34], [37, 1], [37, 27], [5, 15], [9, 38], [9, 10], [37, 28], [5, 10], [9, 28], [9, 30], [37, 10], [37, 4], [9, 27], [5, 13], [9, 16], [5, 16], [9, 6], [37, 17], [9, 12], [9, 15], [37, 11], [9, 7], [9, 32], [9, 13], [5, 11], [9, 33], [37, 16], [37, 2], [9, 4], [9, 36], [37, 38], [9, 2], [5, 33], [9, 17], [5, 21], [9, 8], [5, 8], [37, 18]]}"
SR-A_seed1_strong-natural-active,70001,No-HT,6,0077d546fa37d263,5.88898522466367,98807.66666666666,-0.29085872576177285,5.88898522466367,98925.0,-0.29085872576177285,0.0,117.33333333334303,0.0,True,False,True,False,False,"{""repair_order"": [4, 9, 13, 0, 15, 14, 12, 2, 7, 8, 11, 5, 3, 10, 1, 6], ""team_assignment"": [1, 2, 1, 0, 0, 0, 2, 0, 0, 1, 2, 2, 2, 2, 2, 0], ""dispatch_priority"": [[5, 20], [37, 6], [5, 12], [37, 14], [9, 3], [37, 8], [5, 28], [37, 12], [37, 35], [5, 22], [5, 34], [37, 29], [37, 21], [37, 24], [5, 6], [9, 22], [5, 30], [37, 30], [5, 19], [37, 26], [37, 25], [9, 29], [5, 27], [9, 26], [9, 21], [5, 26], [9, 34], [37, 31], [9, 11], [5, 38], [9, 25], [9, 23], [37, 22], [37, 7], [9, 14], [37, 33], [5, 35], [5, 25], [5, 14], [5, 29], [5, 2], [37, 13], [5, 23], [5, 17], [5, 7], [5, 3], [5, 1], [9, 35], [9, 31], [37, 20], [5, 36], [37, 32], [37, 19], [37, 34], [37, 3], [37, 1], [37, 27], [5, 15], [9, 38], [9, 10], [37, 28], [5, 10], [9, 28], [9, 1], [9, 30], [37, 10], [5, 24], [37, 4], [9, 27], [5, 13], [5, 31], [9, 16], [5, 32], [5, 16], [9, 20], [9, 6], [9, 19], [37, 17], [9, 12], [5, 4], [9, 15], [9, 18], [37, 11], [9, 7], [9, 32], [9, 13], [5, 11], [9, 33], [37, 15], [37, 23], [37, 36], [37, 16], [37, 2], [9, 4], [9, 24], [9, 36], [5, 18], [37, 38], [9, 2], [5, 33], [9, 17], [5, 21], [9, 8], [5, 8], [37, 18]]}"
SR-A_seed1_strong-natural-active,70001,No-HT,7,fd904963ddb784de,5.7624710183777275,113642.33333333334,-0.2639751552795031,5.7624710183777275,147019.6666666667,-0.2639751552795031,0.0,33377.33333333334,0.0,True,False,True,False,False,"{""repair_order"": [4, 10, 13, 0, 15, 14, 2, 7, 8, 11, 12, 5, 3, 9, 1, 6], ""team_assignment"": [1, 0, 1, 1, 1, 0, 2, 0, 0, 0, 0, 1, 1, 2, 1, 0], ""dispatch_priority"": [[5, 20], [37, 6], [5, 12], [37, 14], [9, 3], [37, 8], [5, 28], [37, 12], [37, 35], [37, 23], [9, 26], [37, 15], [37, 3], [5, 31], [5, 30], [37, 13], [37, 36], [5, 23], [9, 18], [9, 24], [5, 4], [9, 25], [9, 1], [5, 25], [5, 24], [5, 18], [5, 22], [5, 34], [37, 29], [37, 21], [37, 24], [5, 6], [9, 22], [37, 30], [5, 19], [37, 26], [37, 25], [9, 29], [5, 27], [9, 21], [5, 26], [9, 34], [37, 31], [9, 11], [5, 38], [9, 23], [37, 22], [37, 7], [9, 14], [37, 33], [5, 35], [5, 14], [5, 29], [5, 2], [5, 17], [5, 7], [5, 3], [5, 1], [9, 35], [9, 31], [37, 20], [5, 36], [37, 32], [37, 19], [37, 34], [37, 1], [37, 27], [5, 15], [9, 38], [9, 10], [37, 28], [5, 10], [9, 28], [9, 30], [37, 10], [37, 4], [9, 27], [5, 13], [9, 16], [5, 32], [5, 16], [9, 20], [9, 6], [9, 19], [37, 17], [9, 12], [9, 15], [37, 11], [9, 7], [9, 32], [9, 13], [5, 11], [9, 33], [37, 16], [37, 2], [9, 4], [9, 36], [37, 38], [9, 2], [5, 33], [9, 17], [5, 21], [9, 8], [5, 8], [37, 18]]}"
SR-A_seed1_strong-natural-active,70001,No-HT,8,6af87cf7ddc507a2,5.645786662197851,104328.0,-0.24822695035460993,5.645786662197851,104328.0,-0.24822695035460993,0.0,0.0,0.0,False,False,False,False,False,"{""repair_order"": [4, 10, 13, 0, 15, 14, 12, 2, 7, 8, 11, 5, 3, 9, 1, 6], ""team_assignment"": [1, 2, 1, 1, 1, 0, 2, 0, 0, 0, 2, 2, 1, 2, 2, 0], ""dispatch_priority"": [[5, 20], [37, 6], [5, 12], [37, 14], [9, 3], [37, 8], [5, 28], [37, 12], [37, 35], [37, 23], [37, 15], [37, 3], [5, 31], [5, 30], [37, 36], [9, 18], [9, 24], [5, 4], [9, 1], [5, 24], [5, 18], [9, 29], [5, 27], [9, 26], [9, 21], [5, 26], [9, 34], [37, 31], [9, 11], [5, 38], [9, 25], [9, 23], [37, 22], [37, 7], [9, 14], [37, 33], [5, 35], [5, 25], [5, 14], [5, 29], [5, 2], [37, 13], [5, 23], [5, 17], [5, 22], [5, 34], [37, 29], [37, 21], [37, 24], [5, 6], [9, 22], [37, 30], [5, 19], [37, 26], [37, 25], [5, 7], [5, 3], [5, 1], [9, 35], [9, 31], [37, 20], [5, 36], [37, 32], [37, 19], [37, 34], [37, 1], [37, 27], [5, 15], [9, 38], [9, 10], [37, 28], [5, 10], [9, 28], [9, 30], [37, 10], [37, 4], [9, 27], [5, 13], [9, 16], [5, 32], [5, 16], [9, 20], [9, 6], [9, 19], [37, 17], [9, 12], [9, 15], [37, 11], [9, 7], [9, 32], [9, 13], [5, 11], [9, 33], [37, 16], [37, 2], [9, 4], [9, 36], [37, 38], [9, 2], [5, 33], [9, 17], [5, 21], [9, 8], [5, 8], [37, 18]]}"
SR-A_seed1_strong-natural-active,70001,No-HT,9,f4fcd8f0b9b5e625,5.888321952808623,103492.0,-0.21816438170720961,5.888321952808623,103492.0,-0.21816438170720961,0.0,0.0,0.0,False,False,False,False,False,"{""repair_order"": [6, 4, 13, 0, 15, 14, 12, 2, 7, 8, 11, 5, 3, 9, 1, 10], ""team_assignment"": [1, 2, 1, 0, 0, 0, 2, 0, 0, 2, 2, 1, 2, 2, 2, 0], ""dispatch_priority"": [[37, 35], [5, 28], [5, 20], [9, 3], [37, 12], [5, 22], [5, 34], [37, 14], [5, 8], [5, 21], [9, 8], [37, 29], [37, 21], [37, 24], [5, 6], [9, 22], [5, 30], [37, 30], [5, 19], [37, 26], [37, 25], [9, 29], [5, 27], [9, 26], [9, 21], [5, 26], [9, 34], [37, 31], [9, 11], [5, 38], [9, 25], [9, 23], [37, 22], [37, 7], [9, 14], [37, 33], [5, 35], [5, 25], [5, 14], [5, 29], [5, 2], [37, 13], [5, 23], [5, 17], [5, 7], [5, 3], [5, 1], [9, 33], [37, 34], [9, 35], [37, 20], [9, 7], [5, 12], [37, 18], [37, 32], [37, 2], [9, 32], [5, 15], [9, 38], [9, 10], [37, 28], [5, 10], [9, 28], [9, 1], [9, 30], [37, 10], [5, 24], [37, 4], [9, 27], [5, 13], [5, 31], [9, 16], [5, 32], [5, 16], [9, 20], [9, 6], [9, 19], [9, 31], [5, 36], [37, 19], [37, 3], [37, 1], [37, 27], [37, 17], [9, 12], [5, 4], [9, 15], [9, 18], [37, 11], [9, 13], [5, 11], [37, 15], [37, 23], [37, 36], [37, 16], [9, 4], [9, 24], [9, 36], [5, 18], [37, 38], [9, 2], [5, 33], [9, 17], [37, 6], [37, 8]]}"
SR-A_seed1_strong-natural-active,70001,No-HT,10,0b0fa089c1e2524f,5.4825564467818495,109924.33333333333,-0.2074688796680498,5.4825564467818495,110885.66666666667,-0.2074688796680498,0.0,961.333333333343,0.0,True,False,True,False,False,"{""repair_order"": [10, 6, 4, 13, 0, 14, 15, 12, 5, 8, 11, 7, 3, 9, 1, 2], ""team_assignment"": [0, 2, 1, 0, 0, 0, 2, 2, 0, 2, 2, 2, 2, 2, 2, 0], ""dispatch_priority"": [[37, 36], [5, 36], [37, 13], [37, 23], [9, 3], [37, 8], [5, 28], [37, 12], [37, 35], [5, 22], [5, 34], [37, 29], [37, 21], [37, 24], [5, 6], [9, 22], [5, 30], [37, 30], [5, 19], [37, 26], [5, 2], [5, 7], [37, 14], [5, 8], [9, 34], [5, 21], [5, 29], [37, 31], [9, 23], [9, 8], [5, 25], [9, 33], [37, 34], [5, 23], [5, 15], [9, 35], [9, 14], [5, 14], [37, 20], [9, 7], [5, 12], [5, 35], [37, 18], [9, 25], [37, 25], [37, 32], [37, 2], [9, 32], [5, 3], [9, 11], [9, 13], [37, 1], [37, 33], [9, 36], [9, 31], [5, 17], [5, 11], [5, 33], [9, 26], [37, 19], [37, 28], [5, 10], [9, 28], [9, 1], [9, 30], [37, 10], [5, 24], [37, 4], [9, 27], [5, 13], [5, 31], [9, 16], [5, 32], [5, 16], [9, 20], [9, 6], [9, 19], [37, 17], [9, 12], [5, 4], [9, 18], [5, 27], [9, 2], [9, 17], [5, 1], [9, 29], [9, 10], [9, 21], [37, 11], [9, 38], [37, 38], [5, 18], [37, 22], [37, 15], [5, 26], [9, 4], [5, 38], [37, 16], [5, 20], [9, 24], [37, 3], [37, 27], [37, 7], [37, 6], [9, 15]]}"
SR-A_seed1_strong-natural-active,70001,No-HT,11,d01d091c7390a39a,5.483017634337838,104386.0,-0.08865248226950355,5.483017634337838,104386.0,-0.08865248226950355,0.0,0.0,0.0,False,False,False,False,False,"{""repair_order"": [15, 12, 13, 0, 4, 7, 14, 9, 3, 5, 8, 11, 6, 1, 2, 10], ""team_assignment"": [0, 2, 1, 1, 0, 2, 2, 0, 2, 2, 2, 1, 2, 2, 2, 0], ""dispatch_priority"": [[37, 36], [5, 22], [5, 36], [37, 13], [37, 23], [5, 7], [37, 14], [5, 8], [5, 21], [5, 29], [37, 31], [9, 23], [9, 8], [5, 25], [9, 33], [9, 3], [37, 34], [5, 23], [5, 15], [5, 28], [9, 14], [5, 34], [37, 20], [9, 7], [5, 12], [37, 8], [5, 35], [37, 18], [37, 21], [9, 25], [37, 25], [37, 32], [37, 2], [9, 32], [5, 3], [9, 11], [37, 30], [9, 13], [37, 33], [5, 11], [5, 33], [9, 26], [37, 26], [5, 30], [9, 28], [9, 1], [9, 30], [37, 10], [5, 24], [37, 4], [9, 27], [9, 22], [5, 13], [5, 31], [9, 16], [5, 32], [5, 16], [9, 20], [9, 6], [9, 19], [37, 24], [5, 4], [9, 18], [5, 27], [9, 2], [9, 17], [5, 1], [9, 29], [9, 10], [9, 21], [37, 11], [9, 38], [5, 38], [9, 31], [37, 1], [9, 35], [37, 28], [9, 34], [5, 26], [9, 36], [37, 17], [37, 38], [5, 2], [5, 10], [9, 12], [5, 14], [5, 6], [37, 19], [5, 17], [5, 18], [37, 22], [37, 15], [9, 4], [37, 29], [37, 16], [37, 35], [5, 19], [5, 20], [9, 24], [37, 3], [37, 27], [37, 7], [37, 6], [37, 12], [9, 15]]}"
SR-A_seed1_strong-natural-active,70001,No-HT,12,e2e70dc6fdfa57aa,2.8890917291194054,152271.6666666667,-0.0,2.890033393078996,158879.33333333334,-0.0,0.0009416639595904996,6607.666666666657,0.0,True,True,True,False,False,"{""repair_order"": [1, 4, 7, 13, 12, 14, 15, 0, 5, 8, 11, 9, 3, 10, 2, 6], ""team_assignment"": [0, 2, 1, 0, 0, 2, 2, 2, 0, 2, 2, 1, 2, 0, 2, 0], ""dispatch_priority"": [[5, 19], [5, 15], [37, 35], [5, 21], [37, 20], [37, 26], [9, 8], [37, 33], [37, 25], [37, 23], [5, 30], [37, 13], [37, 36], [5, 23], [9, 25], [5, 25], [5, 12], [37, 21], [5, 3], [9, 11], [5, 7], [9, 23], [5, 11], [37, 32], [37, 18], [5, 28], [5, 8], [9, 33], [37, 29], [5, 22], [5, 34], [37, 31], [9, 3], [9, 22], [37, 14], [37, 24], [9, 32], [9, 15], [37, 30], [5, 36], [37, 7], [9, 14], [9, 31], [37, 1], [9, 35], [9, 34], [9, 36], [5, 2], [5, 14], [5, 6], [5, 17], [37, 2], [9, 13], [5, 35], [5, 29], [37, 8], [37, 6], [5, 33], [9, 26], [37, 19], [37, 28], [5, 10], [9, 28], [9, 1], [9, 30], [37, 10], [5, 24], [37, 4], [9, 27], [5, 13], [5, 31], [9, 16], [5, 32], [5, 16], [9, 20], [9, 6], [9, 19], [37, 17], [9, 12], [5, 4], [9, 18], [5, 27], [9, 2], [9, 17], [5, 1], [9, 29], [9, 10], [9, 21], [37, 11], [9, 38], [37, 38], [5, 18], [37, 22], [37, 15], [5, 26], [9, 4], [5, 38], [37, 16], [5, 20], [9, 24], [37, 3], [37, 27], [37, 12], [37, 34], [9, 7]]}"
SR-A_seed1_strong-natural-active,70001,No-HT,13,9472a9b3eb26e742,2.7479014236864803,165612.33333333334,-0.0,2.7496732167410523,171892.0,-0.0,0.0017717930545719796,6279.666666666657,0.0,True,True,True,False,False,"{""repair_order"": [1, 7, 15, 5, 0, 4, 14, 9, 3, 10, 12, 13, 8, 11, 6, 2], ""team_assignment"": [0, 0, 1, 1, 1, 2, 2, 0, 2, 0, 0, 2, 1, 0, 1, 2], ""dispatch_priority"": [[37, 36], [37, 13], [5, 2], [5, 6], [9, 8], [37, 6], [5, 15], [9, 7], [9, 30], [9, 6], [37, 28], [37, 16], [37, 1], [37, 38], [37, 33], [37, 15], [5, 14], [37, 34], [5, 30], [5, 4], [9, 25], [9, 1], [5, 25], [5, 24], [5, 18], [5, 12], [37, 21], [5, 3], [9, 11], [5, 7], [9, 23], [5, 11], [9, 21], [9, 2], [37, 27], [5, 32], [9, 20], [9, 19], [37, 32], [9, 17], [37, 18], [9, 29], [5, 28], [5, 8], [5, 20], [9, 10], [9, 33], [37, 29], [5, 22], [5, 34], [5, 1], [37, 31], [5, 27], [9, 3], [9, 22], [37, 14], [37, 24], [9, 32], [5, 16], [5, 33], [9, 15], [5, 13], [37, 30], [37, 10], [5, 36], [37, 22], [37, 7], [9, 14], [5, 38], [9, 31], [37, 4], [37, 26], [5, 23], [37, 19], [9, 38], [37, 35], [9, 12], [5, 31], [9, 36], [37, 25], [9, 35], [5, 26], [5, 17], [5, 29], [5, 21], [9, 26], [9, 24], [37, 23], [9, 18], [9, 34], [37, 11], [5, 19], [9, 4], [5, 35], [9, 27], [37, 8], [37, 2], [9, 13], [9, 16], [37, 3], [5, 10], [37, 20], [37, 17], [37, 12], [9, 28]]}"
SR-A_seed1_strong-natural-active,70001,No-HT,14,7752eb30b5abd943,2.748150991939732,154965.1666666667,-0.0,2.7472650954124465,155726.83333333334,-0.0,-0.0008858965272855457,761.666666666657,0.0,True,True,True,False,False,"{""repair_order"": [3, 10, 15, 13, 0, 1, 4, 5, 7, 9, 14, 12, 11, 2, 6, 8], ""team_assignment"": [1, 1, 2, 1, 0, 2, 1, 0, 2, 1, 0, 1, 1, 1, 1, 1], ""dispatch_priority"": [[9, 16], [9, 27], [5, 19], [5, 15], [5, 21], [37, 26], [9, 28], [37, 23], [9, 26], [5, 31], [37, 13], [37, 36], [5, 23], [9, 18], [5, 4], [9, 1], [5, 25], [5, 18], [5, 12], [9, 11], [9, 23], [9, 21], [9, 2], [37, 18], [9, 29], [9, 3], [5, 17], [37, 31], [37, 25], [5, 30], [37, 2], [9, 25], [37, 21], [5, 14], [37, 15], [37, 10], [5, 3], [9, 19], [37, 35], [37, 30], [37, 27], [9, 13], [5, 27], [5, 35], [9, 24], [5, 29], [37, 8], [9, 35], [37, 3], [37, 4], [9, 4], [37, 20], [9, 8], [9, 14], [37, 32], [5, 11], [9, 31], [5, 20], [5, 7], [5, 24], [9, 20], [9, 22], [9, 30], [5, 38], [9, 15], [37, 33], [9, 6], [9, 17], [37, 38], [37, 11], [37, 28], [37, 7], [5, 2], [5, 32], [5, 28], [5, 8], [9, 10], [9, 33], [37, 29], [5, 22], [5, 34], [5, 1], [37, 14], [37, 24], [9, 32], [5, 16], [5, 33], [5, 13], [5, 36], [37, 22], [37, 1], [9, 34], [5, 26], [9, 36], [37, 17], [5, 10], [9, 12], [5, 6], [37, 19], [37, 6], [9, 38], [37, 12], [37, 16], [37, 34], [9, 7]]}"
SR-A_seed1_strong-natural-active,70001,No-HT,15,59d2005fdeb5a25c,2.967753976561479,135511.33333333334,-0.0,2.967753976561479,136608.0,-0.0,0.0,1096.666666666657,0.0,True,False,True,False,False,"{""repair_order"": [4, 13, 0, 15, 1, 14, 10, 12, 2, 7, 8, 11, 5, 3, 9, 6], ""team_assignment"": [1, 0, 1, 0, 0, 0, 2, 0, 2, 1, 2, 2, 2, 0, 2, 0], ""dispatch_priority"": [[5, 20], [37, 6], [37, 14], [9, 3], [37, 8], [5, 28], [37, 12], [37, 35], [5, 22], [5, 34], [37, 29], [37, 21], [37, 24], [5, 6], [9, 22], [5, 30], [37, 30], [5, 19], [37, 26], [9, 29], [5, 27], [9, 26], [9, 21], [9, 34], [37, 31], [9, 23], [5, 25], [5, 29], [5, 2], [5, 23], [5, 7], [37, 34], [5, 11], [9, 33], [5, 15], [9, 35], [9, 14], [5, 14], [37, 20], [9, 7], [5, 12], [5, 35], [37, 18], [9, 25], [37, 25], [37, 32], [37, 2], [9, 32], [5, 3], [5, 26], [9, 11], [5, 38], [37, 22], [37, 7], [37, 33], [37, 13], [5, 17], [5, 1], [9, 31], [5, 36], [37, 19], [37, 3], [37, 1], [37, 27], [9, 38], [9, 10], [37, 28], [5, 10], [9, 28], [9, 1], [9, 30], [37, 10], [5, 24], [37, 4], [9, 27], [5, 13], [5, 31], [9, 16], [5, 32], [5, 16], [9, 20], [9, 6], [9, 19], [37, 17], [9, 12], [5, 4], [9, 15], [9, 18], [37, 11], [9, 13], [37, 15], [37, 23], [37, 36], [37, 16], [9, 4], [9, 24], [9, 36], [5, 18], [37, 38], [9, 2], [5, 33], [9, 17], [5, 21], [9, 8], [5, 8]]}"
SR-A_seed1_strong-natural-active,70001,No-HT,16,06f1ca7a0932a289,2.967925607175455,128811.33333333333,-0.0,2.967925607175455,130460.00000000001,-0.0,0.0,1648.666666666686,0.0,True,False,True,False,False,"{""repair_order"": [5, 6, 4, 13, 0, 15, 1, 11, 8, 9, 14, 3, 12, 2, 7, 10], ""team_assignment"": [0, 2, 1, 1, 0, 2, 2, 0, 1, 0, 2, 0, 1, 2, 1, 2], ""dispatch_priority"": [[5, 19], [37, 35], [5, 21], [37, 23], [37, 15], [37, 13], [37, 36], [9, 24], [5, 18], [5, 7], [9, 21], [37, 31], [9, 23], [9, 8], [5, 25], [9, 33], [9, 3], [37, 34], [5, 23], [5, 28], [9, 35], [9, 14], [5, 14], [5, 34], [37, 20], [9, 7], [5, 12], [37, 8], [5, 35], [37, 18], [37, 21], [9, 25], [37, 25], [37, 32], [37, 2], [9, 32], [5, 3], [9, 11], [37, 30], [9, 13], [37, 33], [9, 36], [9, 31], [5, 17], [5, 11], [5, 33], [9, 26], [37, 26], [37, 19], [5, 30], [37, 28], [5, 10], [9, 28], [9, 1], [9, 30], [37, 10], [5, 24], [37, 4], [9, 27], [9, 22], [5, 13], [5, 31], [9, 16], [5, 32], [5, 16], [9, 20], [9, 6], [9, 19], [37, 3], [37, 1], [37, 27], [5, 15], [9, 38], [9, 10], [9, 15], [37, 24], [37, 17], [9, 12], [5, 4], [9, 18], [5, 27], [9, 2], [9, 17], [5, 1], [9, 29], [5, 8], [5, 20], [37, 29], [5, 22], [37, 14], [5, 36], [37, 22], [37, 7], [5, 38], [9, 34], [5, 26], [37, 38], [5, 2], [5, 6], [5, 29], [9, 4], [37, 6], [37, 11], [37, 12], [37, 16]]}"
SR-A_seed1_strong-natural-active,70001,No-HT,17,5d5d98d91a85ec6f,2.9667120242479887,138408.0,-0.0,2.9680408690389166,136885.6666666667,-0.0,0.0013288447909278744,-1522.333333333314,0.0,True,True,True,False,False,"{""repair_order"": [6, 15, 3, 5, 0, 1, 4, 7, 14, 9, 12, 13, 11, 10, 2, 8], ""team_assignment"": [1, 1, 2, 2, 0, 1, 1, 1, 1, 1, 0, 1, 0, 1, 1, 1], ""dispatch_priority"": [[9, 21], [9, 16], [5, 22], [37, 14], [37, 23], [9, 27], [9, 2], [5, 10], [37, 29], [5, 23], [37, 19], [5, 19], [37, 13], [37, 1], [9, 26], [5, 18], [5, 15], [37, 24], [5, 1], [9, 29], [9, 23], [5, 33], [5, 6], [9, 32], [5, 34], [9, 3], [5, 17], [37, 31], [37, 25], [5, 30], [37, 2], [9, 25], [37, 21], [5, 14], [37, 15], [37, 10], [5, 3], [9, 19], [37, 35], [37, 30], [37, 27], [9, 13], [5, 27], [5, 35], [9, 24], [5, 29], [37, 8], [9, 35], [37, 3], [37, 4], [9, 4], [37, 20], [9, 8], [9, 14], [37, 32], [5, 11], [9, 31], [5, 20], [5, 7], [5, 24], [9, 20], [9, 22], [9, 30], [5, 38], [9, 15], [37, 33], [9, 6], [9, 17], [37, 38], [37, 11], [37, 28], [37, 7], [5, 2], [5, 32], [5, 16], [37, 22], [9, 12], [37, 6], [9, 38], [9, 34], [37, 36], [9, 10], [9, 28], [5, 4], [37, 18], [37, 17], [5, 21], [37, 12], [5, 12], [9, 11], [9, 36], [9, 1], [5, 26], [5, 36], [9, 18], [9, 33], [37, 26], [37, 16], [5, 28], [5, 31], [5, 25], [37, 34], [5, 8], [5, 13], [9, 7]]}"
SR-A_seed1_strong-natural-active,70001,No-HT,18,e7e1043e68c68fb1,2.967990770894339,126679.5,-0.0,2.967990770894339,127514.5,-0.0,0.0,835.0,0.0,True,False,True,False,False,"{""repair_order"": [15, 3, 5, 0, 4, 7, 1, 14, 9, 12, 13, 11, 6, 10, 8, 2], ""team_assignment"": [0, 2, 1, 1, 0, 2, 2, 0, 2, 0, 0, 1, 0, 2, 0, 2], ""dispatch_priority"": [[9, 21], [9, 16], [5, 32], [37, 23], [9, 27], [5, 10], [5, 2], [5, 23], [37, 19], [5, 19], [37, 13], [37, 1], [9, 26], [5, 18], [37, 6], [9, 38], [9, 7], [37, 12], [37, 35], [5, 21], [37, 20], [37, 26], [9, 28], [9, 8], [37, 33], [37, 25], [37, 15], [37, 3], [5, 31], [5, 30], [37, 36], [9, 24], [5, 4], [9, 25], [9, 1], [5, 25], [5, 24], [5, 12], [37, 21], [5, 3], [9, 11], [5, 7], [9, 23], [5, 11], [37, 27], [9, 19], [37, 32], [37, 18], [5, 28], [9, 10], [9, 33], [5, 34], [37, 31], [9, 3], [9, 22], [37, 24], [9, 32], [5, 16], [5, 33], [9, 15], [5, 13], [37, 30], [37, 10], [9, 13], [9, 31], [9, 35], [37, 28], [9, 36], [37, 17], [9, 12], [37, 2], [5, 6], [9, 20], [5, 15], [5, 17], [5, 29], [9, 4], [5, 35], [37, 8], [9, 18], [5, 27], [9, 2], [9, 17], [5, 1], [9, 29], [5, 8], [5, 20], [37, 29], [5, 22], [37, 14], [5, 36], [37, 22], [37, 7], [5, 38], [9, 34], [5, 26], [37, 38], [5, 14], [9, 14], [9, 6], [37, 11], [37, 34], [9, 30], [37, 4], [37, 16]]}"
SR-A_seed1_strong-natural-active,70001,No-HT,19,5694b1322f3623b0,3.3830332939277517,121656.0,-0.0,3.3830332939277517,121656.0,-0.0,0.0,0.0,0.0,False,False,False,False,False,"{""repair_order"": [15, 5, 1, 0, 4, 7, 9, 14, 3, 10, 12, 13, 11, 2, 6, 8], ""team_assignment"": [0, 1, 1, 1, 0, 2, 0, 0, 2, 0, 0, 1, 1, 0, 1, 2], ""dispatch_priority"": [[9, 16], [9, 27], [5, 19], [5, 15], [37, 35], [5, 21], [37, 20], [37, 26], [9, 28], [9, 8], [37, 33], [37, 25], [37, 23], [9, 26], [37, 15], [37, 3], [5, 31], [5, 30], [37, 13], [37, 36], [5, 23], [9, 18], [9, 24], [5, 4], [9, 25], [9, 1], [5, 25], [5, 24], [5, 18], [5, 12], [37, 21], [5, 3], [9, 11], [5, 7], [9, 23], [5, 11], [9, 21], [9, 2], [37, 27], [5, 32], [9, 20], [9, 19], [37, 32], [9, 17], [37, 18], [9, 29], [5, 28], [5, 8], [5, 20], [9, 10], [9, 33], [37, 29], [5, 22], [5, 34], [5, 1], [37, 31], [5, 27], [9, 3], [9, 22], [37, 14], [37, 24], [9, 32], [5, 16], [5, 33], [9, 15], [5, 13], [37, 30], [37, 10], [5, 36], [37, 22], [37, 7], [9, 14], [5, 38], [9, 31], [37, 1], [9, 35], [37, 28], [9, 34], [5, 26], [9, 36], [37, 17], [37, 38], [5, 2], [5, 10], [9, 12], [5, 14], [5, 6], [37, 19], [5, 17], [37, 2], [9, 30], [9, 6], [9, 13], [5, 35], [5, 29], [37, 8], [37, 4], [9, 4], [37, 6], [37, 11], [9, 38], [37, 12], [37, 16], [37, 34], [9, 7]]}"
SR-A_seed1_strong-natural-active,70001,No-HT,20,dee89d2397294cc6,2.7510251786056656,153553.0,-0.0,2.751911075132951,154161.6666666667,-0.0,0.0008858965272855457,608.6666666666861,0.0,True,True,True,False,False,"{""repair_order"": [15, 10, 3, 13, 5, 1, 0, 4, 7, 9, 14, 12, 11, 2, 6, 8], ""team_assignment"": [0, 1, 1, 1, 0, 2, 2, 0, 2, 0, 0, 1, 1, 2, 2, 2], ""dispatch_priority"": [[9, 16], [9, 27], [5, 19], [5, 15], [37, 35], [5, 21], [37, 20], [37, 26], [9, 28], [9, 8], [37, 33], [37, 25], [37, 23], [9, 26], [37, 15], [37, 3], [5, 31], [5, 30], [37, 13], [37, 36], [5, 23], [9, 18], [9, 24], [5, 4], [9, 25], [9, 1], [5, 25], [5, 24], [5, 18], [5, 12], [37, 21], [5, 3], [9, 11], [5, 7], [9, 23], [5, 11], [9, 21], [9, 2], [37, 27], [5, 32], [9, 20], [9, 19], [37, 32], [9, 17], [37, 18], [9, 29], [5, 28], [5, 8], [5, 20], [9, 10], [9, 33], [37, 29], [5, 22], [5, 34], [5, 1], [37, 31], [5, 27], [9, 3], [9, 22], [37, 14], [37, 24], [9, 32], [5, 16], [5, 33], [9, 15], [5, 13], [37, 30], [37, 10], [5, 36], [37, 22], [37, 7], [9, 14], [5, 38], [9, 31], [37, 1], [9, 35], [37, 28], [9, 34], [5, 26], [9, 36], [37, 17], [37, 38], [5, 2], [5, 10], [9, 12], [5, 14], [5, 6], [37, 19], [5, 17], [37, 2], [9, 30], [9, 6], [9, 13], [5, 35], [5, 29], [37, 8], [37, 4], [9, 4], [37, 6], [37, 11], [9, 38], [37, 12], [37, 16], [37, 34], [9, 7]]}"
SR-A_seed1_strong-natural-active,70001,No-HT,21,1af93a95a4415e84,5.482357209854403,100500.5,-0.0,5.482357209854403,100500.5,-0.0,0.0,0.0,0.0,False,False,False,False,False,"{""repair_order"": [15, 12, 13, 5, 3, 4, 14, 9, 8, 7, 0, 11, 6, 1, 2, 10], ""team_assignment"": [0, 2, 1, 0, 0, 2, 2, 0, 2, 0, 2, 1, 2, 2, 2, 2], ""dispatch_priority"": [[37, 36], [37, 13], [37, 23], [5, 2], [5, 7], [5, 8], [9, 34], [5, 21], [5, 29], [9, 23], [9, 8], [5, 25], [37, 34], [5, 15], [5, 28], [5, 14], [37, 20], [9, 7], [5, 12], [37, 8], [5, 35], [37, 18], [37, 21], [9, 25], [37, 32], [37, 2], [5, 3], [9, 11], [37, 1], [37, 33], [5, 11], [9, 26], [5, 30], [37, 28], [5, 10], [9, 28], [9, 1], [9, 30], [5, 24], [9, 27], [9, 16], [5, 32], [9, 20], [9, 6], [9, 19], [37, 17], [5, 18], [9, 18], [9, 2], [9, 17], [9, 33], [37, 29], [5, 22], [5, 34], [5, 1], [37, 31], [5, 27], [9, 3], [9, 22], [37, 14], [37, 24], [9, 32], [5, 16], [5, 33], [9, 15], [5, 13], [37, 30], [37, 10], [5, 36], [37, 22], [37, 7], [9, 14], [5, 38], [9, 31], [37, 4], [37, 26], [9, 13], [5, 23], [37, 19], [9, 38], [37, 35], [9, 12], [5, 31], [9, 36], [37, 25], [9, 35], [5, 26], [5, 17], [9, 29], [9, 10], [9, 21], [37, 11], [37, 38], [5, 4], [37, 15], [9, 4], [37, 16], [5, 19], [5, 20], [9, 24], [37, 3], [37, 27], [5, 6], [37, 6], [37, 12]]}"
SR-A_seed1_strong-natural-active,70001,No-HT,22,d8bf1aa9e697fbe7,5.480815488420746,101976.16666666667,-0.0,5.635927062227258,86350.83333333334,-0.0,0.15511157380651142,-15625.333333333328,0.0,True,True,True,False,False,"{""repair_order"": [15, 12, 13, 5, 14, 4, 8, 7, 0, 11, 6, 3, 9, 1, 2, 10], ""team_assignment"": [0, 2, 1, 0, 0, 2, 2, 2, 2, 0, 2, 2, 2, 2, 2, 2], ""dispatch_priority"": [[37, 36], [37, 13], [37, 23], [5, 21], [9, 8], [37, 34], [5, 15], [37, 20], [9, 7], [37, 8], [5, 35], [37, 2], [37, 33], [9, 26], [5, 30], [9, 28], [9, 30], [9, 27], [9, 16], [9, 6], [5, 4], [9, 18], [37, 1], [9, 25], [9, 1], [5, 25], [5, 24], [5, 12], [37, 21], [5, 3], [9, 11], [5, 7], [9, 23], [5, 11], [9, 2], [37, 27], [5, 32], [9, 20], [9, 19], [37, 32], [9, 17], [37, 18], [5, 28], [5, 8], [5, 20], [9, 33], [37, 29], [5, 22], [5, 34], [37, 31], [5, 27], [9, 3], [9, 22], [37, 14], [37, 24], [9, 32], [5, 16], [5, 33], [9, 15], [5, 13], [37, 30], [37, 10], [5, 36], [37, 7], [9, 14], [5, 38], [9, 31], [37, 4], [37, 26], [9, 13], [5, 23], [37, 19], [37, 35], [9, 12], [5, 31], [9, 36], [37, 25], [9, 35], [5, 26], [5, 1], [9, 29], [9, 10], [9, 21], [37, 11], [9, 38], [37, 38], [5, 18], [37, 22], [37, 15], [5, 17], [5, 29], [37, 28], [9, 34], [37, 17], [5, 2], [5, 10], [5, 14], [5, 6], [9, 4], [37, 16], [5, 19], [9, 24], [37, 3], [37, 6], [37, 12]]}"
SR-A_seed1_strong-natural-active,70001,No-HT,23,1c1329fcbf92a317,5.796952515947118,38380.5,-0.0,5.796952515947118,38380.5,-0.0,0.0,0.0,0.0,False,False,False,False,False,"{""repair_order"": [15, 12, 14, 13, 5, 4, 8, 7, 0, 11, 6, 9, 3, 1, 2, 10], ""team_assignment"": [0, 2, 1, 0, 0, 2, 2, 2, 2, 2, 2, 1, 2, 2, 2, 0], ""dispatch_priority"": [[37, 36], [37, 13], [37, 23], [5, 7], [5, 21], [5, 29], [9, 23], [9, 8], [5, 25], [37, 34], [5, 15], [37, 20], [9, 7], [5, 12], [37, 8], [5, 35], [37, 18], [37, 21], [9, 25], [37, 25], [37, 32], [37, 2], [5, 3], [9, 11], [37, 33], [5, 11], [9, 26], [5, 30], [9, 28], [9, 1], [9, 30], [5, 24], [9, 27], [5, 31], [9, 16], [5, 32], [9, 20], [9, 6], [9, 19], [5, 4], [9, 18], [9, 2], [9, 17], [9, 29], [9, 21], [37, 11], [5, 28], [5, 8], [5, 20], [9, 10], [9, 33], [37, 29], [5, 22], [5, 34], [5, 1], [37, 31], [5, 27], [9, 3], [9, 22], [37, 14], [37, 24], [9, 32], [5, 16], [5, 33], [9, 15], [5, 13], [37, 30], [37, 10], [5, 36], [37, 22], [37, 7], [9, 14], [5, 38], [9, 31], [37, 4], [37, 26], [9, 13], [5, 23], [37, 19], [9, 38], [37, 35], [37, 1], [9, 35], [37, 28], [9, 34], [5, 26], [9, 36], [37, 17], [37, 38], [5, 2], [5, 10], [9, 12], [5, 14], [5, 6], [5, 17], [5, 18], [37, 15], [9, 4], [37, 16], [5, 19], [9, 24], [37, 3], [37, 27], [37, 6], [37, 12]]}"
SR-A_seed1_strong-natural-active,70002,Full,0,a64d226610658214,4.22505586031421,127568.33333333333,-0.7537666810155287,4.22505586031421,127568.33333333333,-0.7537666810155287,0.0,0.0,0.0,False,False,False,False,True,"{""repair_order"": [14, 0, 7, 3, 13, 15, 4, 10, 8, 2, 1, 9, 12, 6, 11, 5], ""team_assignment"": [1, 2, 2, 2, 0, 0, 0, 0, 2, 2, 0, 0, 1, 0, 1, 2], ""dispatch_priority"": [[37, 27], [9, 31], [9, 1], [9, 8], [37, 30], [9, 14], [5, 21], [5, 7], [37, 29], [5, 33], [9, 29], [5, 11], [9, 3], [9, 13], [9, 36], [5, 34], [37, 2], [9, 11], [9, 28], [9, 21], [37, 33], [37, 20], [5, 2], [5, 18], [9, 34], [5, 13], [9, 24], [5, 22], [5, 20], [9, 20], [37, 16], [9, 12], [5, 38], [37, 36], [9, 23], [5, 35], [9, 35], [37, 18], [5, 29], [5, 26], [5, 36], [37, 35], [37, 34], [37, 7], [37, 14], [9, 26], [37, 25], [9, 30], [5, 16], [9, 16], [37, 10], [5, 14], [37, 32], [37, 8], [37, 13], [37, 15], [37, 23], [37, 3], [9, 15], [9, 7], [37, 38], [37, 31], [9, 17], [37, 21], [37, 17], [5, 24], [5, 28], [5, 8], [37, 12], [9, 10], [5, 23], [5, 31], [5, 1], [5, 30], [5, 12], [9, 18], [5, 15], [37, 6], [9, 22], [37, 26], [5, 25], [5, 32], [9, 38], [9, 19], [9, 33], [9, 32], [5, 10], [37, 24], [37, 22], [37, 28], [37, 1], [37, 4], [5, 4], [9, 2], [9, 27], [9, 6], [5, 17], [9, 25], [9, 4], [37, 11], [5, 19], [5, 3], [37, 19], [5, 27], [5, 6]]}"
SR-A_seed1_strong-natural-active,70002,Full,1,21764492e51ceb4e,4.227967280004461,120785.33333333333,-0.7537666810158044,4.227967280004461,120785.33333333333,-0.7537666810158044,0.0,0.0,0.0,False,False,False,False,True,"{""repair_order"": [14, 0, 15, 4, 8, 6, 10, 1, 13, 5, 2, 9, 11, 3, 12, 7], ""team_assignment"": [1, 2, 0, 2, 0, 0, 0, 0, 0, 2, 0, 0, 1, 1, 1, 2], ""dispatch_priority"": [[37, 27], [9, 31], [9, 1], [9, 8], [37, 30], [9, 14], [5, 21], [5, 7], [37, 29], [5, 33], [9, 29], [5, 11], [9, 3], [9, 13], [9, 36], [5, 34], [37, 2], [9, 11], [9, 28], [9, 21], [37, 33], [37, 20], [5, 2], [5, 18], [9, 34], [5, 13], [9, 24], [5, 22], [5, 20], [9, 20], [37, 16], [9, 12], [5, 38], [37, 36], [9, 23], [5, 35], [9, 35], [37, 18], [5, 29], [5, 26], [5, 36], [37, 35], [37, 7], [37, 14], [9, 26], [37, 25], [9, 30], [5, 16], [9, 16], [37, 10], [5, 14], [37, 32], [37, 8], [37, 13], [37, 15], [9, 33], [37, 3], [9, 15], [9, 7], [37, 38], [37, 31], [9, 17], [37, 21], [37, 17], [5, 24], [5, 28], [5, 8], [5, 1], [37, 12], [9, 10], [5, 23], [37, 34], [5, 31], [5, 30], [5, 12], [9, 18], [5, 15], [37, 6], [9, 22], [37, 26], [5, 25], [5, 32], [9, 38], [9, 19], [37, 23], [9, 32], [5, 10], [37, 24], [37, 22], [37, 28], [37, 1], [37, 4], [5, 4], [9, 2], [9, 27], [9, 6], [5, 17], [9, 25], [9, 4], [37, 11], [5, 19], [5, 3], [37, 19], [5, 27], [5, 6]]}"
SR-A_seed1_strong-natural-active,70002,Full,2,4827b293fbea6263,2.748709603075013,190613.0,-0.7537666810158044,2.748709603075013,190613.0,-0.7537666810158044,0.0,0.0,0.0,False,False,False,False,True,"{""repair_order"": [14, 4, 15, 12, 10, 11, 6, 1, 13, 5, 2, 9, 7, 3, 8, 0], ""team_assignment"": [0, 2, 1, 0, 2, 2, 2, 1, 0, 2, 1, 0, 2, 1, 0, 1], ""dispatch_priority"": [[37, 16], [37, 6], [5, 4], [37, 27], [5, 2], [37, 20], [9, 15], [5, 18], [37, 7], [5, 21], [9, 11], [9, 34], [9, 3], [5, 7], [5, 11], [9, 14], [9, 36], [37, 15], [37, 31], [37, 2], [9, 26], [5, 27], [5, 32], [9, 13], [5, 24], [5, 6], [9, 31], [9, 8], [37, 25], [5, 34], [9, 7], [5, 33], [9, 1], [9, 24], [37, 29], [9, 30], [5, 13], [37, 26], [37, 30], [5, 38], [9, 29], [37, 33], [5, 22], [5, 20], [9, 20], [9, 12], [9, 23], [5, 35], [5, 26], [5, 36], [5, 16], [37, 10], [5, 14], [5, 29], [37, 32], [37, 8], [37, 13], [37, 23], [37, 3], [37, 14], [9, 35], [9, 17], [37, 21], [37, 17], [9, 21], [5, 28], [9, 16], [5, 8], [37, 12], [9, 10], [5, 23], [37, 34], [5, 31], [5, 1], [5, 30], [5, 12], [9, 18], [5, 15], [9, 22], [37, 35], [5, 25], [9, 38], [9, 19], [9, 33], [37, 18], [9, 32], [5, 10], [37, 24], [37, 22], [37, 28], [37, 1], [37, 4], [9, 2], [9, 28], [9, 27], [9, 6], [5, 17], [9, 25], [9, 4], [37, 11], [5, 19], [5, 3], [37, 19], [37, 36], [37, 38]]}"
SR-A_seed1_strong-natural-active,70002,Full,3,a71fdacf55e013f7,5.064683724280979,115991.0,-0.7537666810159536,5.064683724280979,115991.0,-0.7537666810159536,0.0,0.0,0.0,False,False,False,False,True,"{""repair_order"": [14, 11, 7, 3, 13, 15, 4, 12, 8, 6, 10, 1, 5, 2, 9, 0], ""team_assignment"": [0, 2, 0, 0, 0, 1, 0, 0, 2, 2, 0, 0, 2, 1, 1, 0], ""dispatch_priority"": [[37, 25], [9, 31], [9, 1], [9, 8], [37, 30], [9, 14], [5, 21], [5, 7], [37, 29], [5, 33], [9, 29], [5, 11], [9, 3], [9, 13], [9, 36], [5, 34], [37, 2], [9, 11], [9, 28], [9, 21], [37, 33], [37, 20], [5, 2], [5, 18], [37, 7], [9, 30], [9, 26], [37, 27], [5, 32], [37, 6], [37, 26], [37, 36], [5, 24], [5, 38], [5, 4], [37, 38], [37, 15], [9, 15], [37, 31], [37, 16], [9, 7], [9, 34], [5, 13], [9, 24], [5, 22], [5, 20], [9, 20], [9, 12], [9, 23], [5, 35], [5, 26], [5, 36], [5, 16], [37, 10], [5, 14], [5, 29], [37, 32], [37, 8], [37, 13], [37, 23], [37, 3], [37, 14], [9, 35], [9, 17], [37, 21], [37, 17], [5, 28], [9, 16], [5, 8], [37, 12], [9, 10], [5, 23], [37, 34], [5, 31], [5, 1], [5, 30], [5, 12], [9, 18], [5, 15], [9, 22], [37, 35], [5, 25], [9, 38], [9, 19], [9, 33], [37, 18], [9, 32], [5, 10], [37, 24], [37, 22], [37, 28], [37, 1], [37, 4], [9, 2], [9, 27], [9, 6], [5, 17], [9, 25], [9, 4], [37, 11], [5, 19], [5, 3], [37, 19], [5, 27], [5, 6]]}"
SR-A_seed1_strong-natural-active,70002,Full,4,5fbca7e54715f4c2,3.387035079462412,147249.5,-0.7537666810155624,3.387035079462412,147249.5,-0.7537666810155624,0.0,0.0,0.0,False,False,False,False,True,"{""repair_order"": [15, 6, 7, 14, 3, 13, 4, 10, 8, 2, 1, 9, 5, 11, 12, 0], ""team_assignment"": [1, 0, 2, 0, 0, 0, 0, 1, 0, 2, 1, 0, 0, 0, 1, 1], ""dispatch_priority"": [[5, 33], [9, 36], [9, 6], [9, 1], [5, 6], [5, 10], [9, 2], [5, 18], [37, 27], [37, 25], [37, 29], [37, 20], [9, 20], [9, 11], [9, 38], [5, 26], [37, 13], [37, 22], [9, 31], [37, 19], [37, 6], [37, 34], [37, 7], [9, 15], [9, 26], [9, 30], [9, 16], [5, 34], [37, 3], [9, 27], [9, 35], [37, 18], [5, 29], [37, 8], [9, 24], [37, 11], [5, 4], [5, 12], [9, 12], [9, 17], [5, 27], [37, 17], [9, 21], [5, 24], [37, 36], [37, 33], [9, 32], [5, 30], [5, 19], [5, 17], [5, 25], [37, 35], [9, 34], [5, 13], [5, 22], [9, 13], [37, 4], [37, 2], [5, 38], [5, 1], [9, 4], [5, 11], [37, 21], [5, 35], [5, 23], [9, 33], [37, 10], [5, 28], [5, 36], [9, 25], [5, 15], [37, 31], [5, 20], [37, 16], [9, 23], [5, 16], [5, 14], [37, 32], [37, 15], [37, 23], [37, 14], [9, 7], [37, 38], [5, 8], [37, 12], [9, 10], [5, 31], [9, 18], [9, 22], [37, 26], [5, 2], [37, 28], [9, 29], [9, 8], [5, 21], [9, 3], [5, 32], [9, 14], [37, 1], [37, 24], [5, 7], [9, 28], [9, 19], [5, 3], [37, 30]]}"
SR-A_seed1_strong-natural-active,70002,Full,5,bddc265ba24f271e,3.806672666786576,128595.66666666669,-0.7537666810158044,3.806672666786576,128595.66666666669,-0.7537666810158044,0.0,0.0,0.0,False,False,False,False,True,"{""repair_order"": [15, 6, 14, 7, 13, 4, 10, 8, 3, 1, 2, 5, 9, 11, 12, 0], ""team_assignment"": [1, 2, 2, 0, 2, 0, 2, 1, 0, 2, 0, 0, 2, 1, 1, 2], ""dispatch_priority"": [[37, 25], [9, 1], [9, 8], [37, 30], [9, 14], [37, 7], [5, 21], [37, 29], [5, 33], [9, 30], [9, 29], [5, 11], [9, 3], [9, 26], [37, 27], [5, 32], [5, 15], [37, 15], [9, 11], [9, 38], [5, 38], [5, 26], [37, 13], [37, 22], [9, 31], [37, 19], [37, 6], [37, 26], [37, 36], [5, 7], [5, 4], [37, 38], [5, 2], [9, 15], [37, 31], [37, 16], [9, 7], [9, 13], [9, 36], [5, 34], [37, 2], [37, 33], [37, 20], [5, 18], [9, 34], [5, 13], [9, 24], [5, 22], [5, 20], [9, 20], [9, 12], [9, 23], [5, 35], [5, 36], [5, 16], [37, 10], [5, 14], [5, 29], [37, 32], [37, 8], [37, 23], [37, 3], [37, 14], [9, 21], [5, 30], [5, 28], [9, 16], [5, 8], [37, 12], [9, 35], [9, 17], [37, 21], [37, 17], [9, 10], [5, 23], [37, 34], [5, 31], [5, 1], [5, 24], [5, 12], [9, 18], [9, 22], [37, 35], [5, 25], [9, 19], [9, 33], [37, 18], [9, 32], [5, 10], [37, 24], [37, 28], [37, 1], [37, 4], [9, 2], [9, 28], [9, 27], [9, 6], [5, 17], [9, 25], [9, 4], [37, 11], [5, 19], [5, 3], [5, 27], [5, 6]]}"
SR-A_seed1_strong-natural-active,70002,Full,6,bf04705ec3b3e13e,4.646285289725011,118798.0,-0.7537666810158044,4.646285289725011,118798.0,-0.7537666810158044,0.0,0.0,0.0,False,False,False,False,True,"{""repair_order"": [15, 14, 11, 12, 8, 6, 10, 1, 13, 5, 2, 9, 7, 3, 4, 0], ""team_assignment"": [0, 2, 0, 0, 2, 1, 0, 0, 0, 2, 0, 0, 2, 1, 1, 0], ""dispatch_priority"": [[37, 25], [9, 31], [9, 1], [9, 8], [37, 30], [9, 14], [37, 7], [5, 21], [37, 29], [5, 33], [9, 30], [9, 29], [5, 11], [9, 3], [9, 26], [37, 27], [5, 32], [37, 6], [37, 26], [37, 36], [5, 7], [5, 24], [5, 38], [5, 4], [37, 38], [37, 15], [5, 2], [9, 15], [37, 31], [37, 16], [9, 7], [9, 13], [9, 36], [5, 34], [37, 2], [9, 11], [37, 33], [37, 20], [5, 18], [9, 34], [5, 13], [9, 24], [5, 22], [5, 20], [9, 20], [9, 12], [9, 23], [5, 35], [5, 26], [5, 36], [5, 16], [37, 10], [5, 14], [5, 29], [37, 32], [37, 8], [37, 13], [37, 23], [37, 3], [37, 14], [9, 35], [9, 17], [37, 21], [37, 17], [9, 21], [5, 28], [9, 16], [5, 8], [37, 12], [9, 10], [5, 23], [37, 34], [5, 31], [5, 1], [5, 30], [5, 12], [9, 18], [5, 15], [9, 22], [37, 35], [5, 25], [9, 38], [9, 19], [9, 33], [37, 18], [9, 32], [5, 10], [37, 24], [37, 22], [37, 28], [37, 1], [37, 4], [9, 2], [9, 28], [9, 27], [9, 6], [5, 17], [9, 25], [9, 4], [37, 11], [5, 19], [5, 3], [37, 19], [5, 27], [5, 6]]}"
SR-A_seed1_strong-natural-active,70002,Full,7,b56b47d76acb55ba,3.3012630693805427,178163.33333333334,-0.7431522227207097,3.3012630693805427,178163.33333333334,-0.7431522227207097,0.0,0.0,0.0,False,False,False,False,True,"{""repair_order"": [2, 5, 14, 3, 1, 4, 9, 15, 12, 7, 10, 11, 6, 13, 8, 0], ""team_assignment"": [0, 2, 1, 0, 0, 2, 2, 1, 1, 2, 1, 0, 0, 2, 0, 1], ""dispatch_priority"": [[5, 31], [37, 17], [37, 16], [37, 6], [9, 2], [37, 23], [37, 32], [9, 23], [5, 23], [9, 17], [5, 4], [37, 1], [9, 28], [37, 34], [5, 22], [5, 8], [37, 27], [5, 2], [37, 20], [5, 15], [9, 18], [37, 8], [5, 36], [9, 10], [9, 19], [9, 15], [37, 18], [5, 18], [37, 7], [5, 26], [5, 21], [37, 10], [9, 11], [9, 34], [37, 22], [9, 6], [9, 3], [37, 28], [5, 7], [5, 11], [9, 14], [9, 36], [9, 16], [5, 30], [9, 32], [37, 35], [5, 1], [37, 12], [37, 19], [37, 15], [9, 25], [37, 31], [5, 29], [9, 38], [37, 2], [37, 14], [5, 17], [5, 19], [9, 26], [5, 27], [9, 12], [5, 12], [5, 16], [5, 32], [9, 20], [9, 13], [5, 35], [5, 24], [5, 6], [9, 31], [5, 28], [37, 11], [5, 20], [9, 8], [37, 25], [37, 13], [37, 21], [5, 34], [9, 4], [5, 10], [37, 3], [9, 7], [9, 21], [9, 35], [5, 33], [9, 1], [9, 24], [37, 29], [5, 25], [9, 30], [5, 14], [9, 22], [5, 13], [37, 26], [37, 30], [9, 33], [5, 38], [5, 3], [9, 29], [37, 33], [37, 36], [37, 24], [37, 4], [37, 38], [9, 27]]}"
SR-A_seed1_strong-natural-active,70002,Full,8,6edc6741f2e7badd,3.5548546855593877,124773.0,-0.7431522227207097,3.5548546855593877,124773.0,-0.7431522227207097,0.0,0.0,0.0,False,False,False,False,True,"{""repair_order"": [2, 5, 14, 3, 1, 4, 15, 12, 7, 10, 11, 9, 6, 13, 8, 0], ""team_assignment"": [0, 2, 1, 0, 2, 1, 0, 0, 1, 2, 0, 0, 2, 1, 0, 0], ""dispatch_priority"": [[9, 2], [9, 28], [37, 7], [5, 21], [9, 6], [9, 14], [37, 19], [9, 25], [5, 17], [5, 19], [5, 27], [9, 29], [5, 11], [9, 3], [9, 26], [37, 27], [5, 32], [37, 6], [37, 26], [37, 36], [5, 7], [5, 24], [5, 38], [5, 4], [37, 38], [37, 15], [5, 2], [9, 15], [37, 31], [37, 16], [9, 7], [9, 13], [9, 36], [5, 34], [37, 2], [9, 11], [37, 33], [37, 20], [5, 18], [9, 34], [5, 13], [9, 24], [5, 22], [5, 20], [9, 20], [9, 12], [9, 23], [5, 35], [5, 26], [5, 36], [5, 16], [37, 10], [5, 14], [5, 29], [37, 32], [37, 8], [37, 13], [37, 23], [37, 3], [37, 14], [9, 35], [9, 17], [37, 21], [37, 17], [9, 21], [5, 28], [9, 16], [5, 8], [37, 12], [9, 10], [5, 23], [37, 34], [5, 31], [5, 1], [5, 30], [5, 12], [9, 18], [5, 15], [9, 22], [37, 35], [5, 25], [9, 38], [9, 19], [9, 33], [37, 18], [9, 32], [5, 10], [37, 24], [37, 22], [37, 28], [37, 1], [37, 4], [5, 6], [9, 31], [37, 11], [9, 8], [37, 25], [9, 4], [5, 33], [9, 1], [37, 29], [9, 30], [37, 30], [5, 3], [9, 27]]}"
SR-A_seed1_strong-natural-active,70002,Full,9,bc90f7adac565251,3.5534532424824867,143238.33333333334,-0.7431522227207097,3.5534532424824867,143238.33333333334,-0.7431522227207097,0.0,0.0,0.0,False,False,False,False,True,"{""repair_order"": [5, 6, 14, 7, 3, 13, 4, 10, 8, 2, 15, 11, 12, 1, 9, 0], ""team_assignment"": [1, 2, 2, 0, 0, 0, 0, 0, 0, 2, 0, 0, 2, 1, 1, 1], ""dispatch_priority"": [[37, 25], [9, 31], [9, 1], [37, 30], [37, 7], [5, 21], [37, 29], [9, 30], [5, 11], [9, 3], [9, 26], [37, 27], [5, 32], [5, 7], [37, 38], [37, 31], [37, 16], [9, 7], [9, 13], [9, 36], [5, 34], [9, 11], [37, 20], [5, 18], [9, 34], [5, 13], [9, 24], [5, 22], [5, 20], [9, 20], [9, 12], [37, 32], [37, 23], [5, 24], [5, 38], [37, 36], [9, 23], [5, 35], [5, 26], [5, 36], [5, 16], [37, 10], [5, 14], [5, 15], [37, 15], [37, 13], [37, 6], [37, 34], [9, 15], [9, 16], [5, 29], [37, 8], [37, 11], [5, 4], [5, 12], [37, 33], [9, 32], [5, 30], [37, 3], [37, 14], [9, 35], [9, 17], [37, 21], [37, 17], [9, 21], [5, 28], [5, 19], [5, 17], [5, 25], [37, 35], [9, 29], [9, 2], [5, 8], [37, 2], [37, 12], [5, 33], [9, 14], [37, 26], [37, 24], [9, 8], [9, 25], [9, 33], [5, 2], [37, 28], [9, 10], [9, 38], [5, 31], [5, 1], [9, 18], [9, 22], [5, 23], [9, 19], [37, 18], [5, 10], [37, 22], [37, 1], [37, 4], [9, 28], [9, 27], [9, 6], [9, 4], [5, 3], [37, 19], [5, 27], [5, 6]]}"
SR-A_seed1_strong-natural-active,70002,Full,10,60ebdbe29aa36e0e,4.813003724428865,111402.33333333334,-0.743152222721198,4.813003724428865,111402.33333333334,-0.743152222721198,0.0,0.0,0.0,False,False,False,False,True,"{""repair_order"": [14, 0, 7, 3, 13, 15, 4, 10, 8, 2, 1, 9, 12, 6, 11, 5], ""team_assignment"": [0, 2, 2, 2, 0, 0, 0, 0, 2, 2, 0, 0, 1, 0, 1, 2], ""dispatch_priority"": [[37, 27], [9, 31], [9, 1], [9, 8], [37, 30], [9, 14], [5, 21], [5, 7], [37, 29], [5, 33], [9, 29], [5, 11], [9, 3], [9, 13], [9, 36], [5, 34], [37, 2], [9, 11], [9, 28], [9, 21], [37, 33], [37, 20], [5, 2], [5, 18], [9, 34], [5, 13], [9, 24], [5, 22], [5, 20], [9, 2], [37, 16], [9, 12], [5, 38], [37, 36], [9, 23], [5, 35], [9, 35], [37, 18], [5, 29], [5, 26], [5, 36], [37, 35], [37, 34], [37, 7], [37, 14], [9, 26], [37, 25], [9, 30], [5, 16], [9, 16], [37, 10], [5, 14], [37, 32], [37, 8], [37, 13], [37, 15], [37, 23], [37, 3], [9, 15], [9, 7], [37, 38], [37, 31], [9, 17], [37, 21], [37, 17], [5, 24], [5, 28], [5, 8], [37, 12], [9, 10], [5, 23], [5, 31], [5, 1], [5, 30], [5, 12], [9, 18], [5, 15], [37, 6], [9, 22], [37, 26], [5, 25], [5, 32], [9, 38], [9, 19], [9, 33], [9, 32], [5, 10], [37, 24], [37, 22], [37, 28], [37, 1], [37, 4], [5, 4], [9, 20], [9, 27], [9, 6], [5, 17], [9, 25], [9, 4], [37, 11], [5, 19], [5, 3], [37, 19], [5, 27], [5, 6]]}"
SR-A_seed1_strong-natural-active,70002,Full,11,2f184aefdd80856d,3.3027010918584976,173972.0,-0.7431522227207097,3.3027010918584976,173972.0,-0.7431522227207097,0.0,0.0,0.0,False,False,False,False,True,"{""repair_order"": [14, 4, 8, 1, 2, 3, 9, 15, 12, 7, 10, 11, 6, 13, 5, 0], ""team_assignment"": [0, 2, 1, 2, 2, 2, 2, 1, 0, 2, 0, 0, 0, 2, 1, 1], ""dispatch_priority"": [[37, 4], [9, 2], [5, 18], [37, 27], [37, 20], [5, 15], [5, 38], [5, 26], [37, 6], [37, 34], [37, 7], [9, 15], [9, 27], [37, 18], [37, 8], [5, 4], [37, 36], [37, 33], [5, 22], [37, 16], [9, 23], [5, 36], [37, 10], [37, 32], [37, 23], [37, 38], [9, 17], [37, 17], [5, 8], [9, 10], [5, 23], [5, 31], [9, 11], [9, 34], [37, 22], [9, 6], [9, 3], [37, 28], [5, 7], [5, 11], [9, 14], [9, 36], [9, 16], [5, 30], [9, 32], [37, 35], [5, 1], [37, 12], [37, 19], [37, 15], [9, 25], [37, 31], [5, 29], [9, 38], [37, 2], [37, 14], [5, 17], [5, 19], [9, 26], [5, 27], [9, 12], [5, 12], [5, 16], [5, 32], [9, 20], [9, 13], [5, 35], [5, 24], [5, 6], [9, 31], [5, 28], [37, 11], [5, 20], [9, 8], [37, 25], [37, 13], [37, 21], [5, 34], [9, 4], [5, 10], [37, 3], [9, 7], [9, 21], [9, 35], [5, 33], [9, 1], [9, 24], [37, 29], [5, 25], [9, 30], [5, 14], [9, 22], [5, 13], [37, 26], [9, 18], [5, 2], [9, 29], [37, 24], [9, 33], [5, 21], [37, 1], [9, 28], [9, 19], [5, 3], [37, 30]]}"
SR-A_seed1_strong-natural-active,70002,Full,12,6dd05ef1eba9ced9,3.3851535508885613,141215.33333333334,-0.4976462676522715,3.3851535508885613,141215.33333333334,-0.4976462676522715,0.0,0.0,0.0,False,False,False,False,True,"{""repair_order"": [5, 1, 7, 4, 14, 15, 6, 3, 13, 10, 8, 2, 9, 11, 12, 0], ""team_assignment"": [0, 0, 0, 0, 1, 2, 1, 1, 0, 2, 1, 2, 0, 0, 1, 1], ""dispatch_priority"": [[5, 33], [9, 36], [5, 6], [9, 2], [37, 27], [37, 29], [37, 20], [9, 38], [37, 19], [37, 6], [37, 7], [9, 26], [9, 30], [37, 3], [9, 27], [37, 18], [5, 29], [37, 8], [9, 24], [37, 11], [5, 4], [5, 12], [9, 17], [9, 20], [5, 14], [9, 6], [5, 8], [37, 21], [9, 31], [37, 2], [9, 18], [37, 30], [5, 36], [9, 11], [9, 15], [5, 3], [9, 23], [5, 26], [5, 10], [5, 38], [37, 32], [37, 25], [9, 34], [5, 18], [37, 34], [9, 21], [37, 24], [37, 13], [37, 22], [9, 35], [37, 1], [37, 35], [5, 30], [5, 17], [9, 12], [5, 19], [5, 34], [37, 38], [5, 25], [9, 7], [9, 1], [5, 24], [5, 35], [9, 16], [9, 29], [9, 28], [5, 27], [37, 17], [37, 36], [37, 33], [9, 32], [5, 13], [5, 22], [9, 13], [37, 4], [5, 1], [9, 4], [5, 11], [5, 23], [9, 33], [37, 10], [5, 28], [9, 25], [5, 15], [37, 31], [5, 20], [37, 16], [5, 16], [37, 15], [37, 23], [37, 14], [37, 12], [9, 10], [5, 31], [9, 22], [37, 26], [5, 2], [37, 28], [9, 8], [5, 21], [9, 3], [5, 32], [9, 14], [5, 7], [9, 19]]}"
SR-A_seed1_strong-natural-active,70002,Full,13,7760898e3287bc6a,5.482143032532802,100426.5,-0.22821576763485477,5.482143032532802,100426.5,-0.22821576763485477,0.0,0.0,0.0,False,False,False,False,True,"{""repair_order"": [15, 6, 14, 7, 5, 13, 0, 4, 10, 8, 2, 1, 9, 12, 11, 3], ""team_assignment"": [1, 2, 0, 2, 0, 0, 0, 0, 2, 2, 0, 0, 1, 1, 0, 1], ""dispatch_priority"": [[37, 27], [9, 31], [9, 1], [9, 8], [37, 30], [9, 14], [5, 21], [5, 7], [37, 29], [5, 33], [5, 11], [9, 29], [9, 3], [9, 13], [9, 36], [5, 34], [37, 2], [9, 11], [9, 28], [9, 21], [37, 33], [37, 20], [5, 2], [5, 18], [9, 34], [5, 13], [9, 24], [5, 22], [5, 20], [9, 20], [37, 16], [9, 12], [5, 38], [37, 36], [9, 23], [5, 35], [9, 35], [37, 18], [5, 29], [5, 26], [5, 36], [37, 35], [37, 34], [37, 7], [37, 14], [9, 26], [37, 25], [9, 30], [5, 16], [9, 16], [37, 10], [5, 14], [37, 32], [37, 8], [37, 13], [37, 15], [37, 23], [37, 3], [9, 15], [9, 7], [37, 38], [37, 31], [9, 17], [37, 21], [37, 17], [5, 24], [5, 28], [5, 8], [37, 12], [9, 10], [5, 23], [5, 31], [5, 1], [5, 30], [5, 12], [9, 18], [5, 15], [37, 6], [9, 22], [37, 26], [5, 25], [5, 32], [9, 38], [9, 19], [9, 33], [9, 32], [5, 10], [37, 24], [37, 22], [37, 28], [37, 1], [37, 4], [5, 4], [9, 2], [9, 27], [9, 6], [5, 17], [9, 25], [9, 4], [37, 11], [5, 19], [5, 3], [37, 19], [5, 27], [5, 6]]}"
SR-A_seed1_strong-natural-active,70002,Full,14,0efbc7b5a7e3ea81,2.9195100382377563,132359.0,-0.0,2.9195100382377563,132359.0,-0.0,0.0,0.0,0.0,False,False,False,False,True,"{""repair_order"": [5, 1, 7, 4, 14, 15, 3, 12, 8, 6, 2, 9, 13, 10, 0, 11], ""team_assignment"": [0, 2, 0, 2, 1, 2, 1, 1, 0, 1, 1, 2, 0, 1, 0, 2], ""dispatch_priority"": [[9, 27], [37, 29], [37, 6], [9, 38], [5, 15], [9, 30], [37, 31], [9, 36], [5, 13], [9, 3], [37, 26], [37, 36], [5, 2], [9, 8], [9, 6], [9, 32], [37, 4], [37, 12], [37, 23], [5, 12], [9, 13], [5, 20], [9, 4], [9, 20], [5, 14], [9, 10], [5, 8], [37, 21], [9, 31], [37, 2], [9, 18], [37, 30], [5, 36], [9, 11], [9, 15], [5, 3], [9, 23], [5, 26], [5, 10], [5, 38], [37, 32], [37, 25], [9, 34], [5, 18], [37, 34], [9, 21], [37, 24], [37, 13], [37, 22], [9, 35], [37, 1], [37, 35], [5, 30], [5, 17], [9, 12], [5, 19], [5, 34], [37, 38], [5, 25], [9, 7], [9, 1], [5, 24], [5, 35], [9, 16], [9, 29], [9, 28], [9, 33], [9, 24], [5, 4], [5, 28], [37, 28], [9, 2], [5, 27], [37, 11], [37, 27], [5, 29], [37, 10], [37, 16], [37, 7], [5, 11], [5, 6], [5, 16], [9, 22], [37, 20], [9, 14], [37, 19], [5, 33], [5, 22], [5, 31], [37, 33], [37, 18], [37, 14], [5, 23], [37, 15], [37, 3], [5, 21], [37, 8], [9, 25], [37, 17], [9, 19], [5, 1], [5, 32], [9, 26], [9, 17], [5, 7]]}"
SR-A_seed1_strong-natural-active,70002,Full,15,83273a04a6a85dcb,2.915155378119227,132956.66666666666,-0.0,2.915155378119227,132956.66666666666,-0.0,0.0,0.0,0.0,False,False,False,False,True,"{""repair_order"": [5, 1, 7, 14, 13, 15, 4, 10, 8, 3, 12, 6, 2, 9, 0, 11], ""team_assignment"": [0, 2, 2, 2, 0, 2, 1, 1, 0, 2, 0, 2, 0, 0, 1, 1], ""dispatch_priority"": [[37, 29], [9, 36], [9, 3], [9, 8], [37, 4], [9, 13], [9, 4], [9, 20], [9, 6], [37, 21], [37, 2], [37, 30], [5, 3], [5, 10], [37, 25], [5, 18], [5, 15], [37, 15], [9, 11], [9, 38], [5, 38], [5, 26], [37, 13], [37, 22], [9, 31], [37, 19], [37, 6], [37, 34], [37, 7], [9, 15], [9, 26], [9, 30], [9, 16], [5, 34], [37, 3], [9, 27], [9, 35], [37, 18], [5, 29], [37, 8], [9, 24], [37, 11], [5, 4], [5, 12], [37, 36], [37, 33], [9, 32], [5, 30], [5, 19], [5, 17], [5, 25], [37, 35], [9, 34], [5, 13], [5, 22], [5, 20], [37, 16], [9, 12], [9, 23], [5, 35], [5, 36], [5, 16], [37, 10], [5, 14], [37, 32], [37, 23], [37, 14], [9, 7], [37, 38], [37, 31], [9, 17], [5, 27], [37, 17], [9, 21], [5, 24], [5, 28], [5, 8], [37, 12], [9, 10], [5, 23], [5, 31], [5, 1], [9, 18], [9, 22], [37, 26], [5, 2], [37, 24], [37, 1], [9, 1], [9, 29], [9, 28], [9, 33], [37, 28], [9, 2], [37, 27], [5, 11], [5, 6], [37, 20], [9, 14], [5, 33], [5, 21], [9, 25], [9, 19], [5, 32], [5, 7]]}"
SR-A_seed1_strong-natural-active,70002,Full,16,f468707c5236f3d4,4.391284604007889,117354.0,-0.0,4.391284604007889,117354.0,-0.0,0.0,0.0,0.0,False,False,False,False,True,"{""repair_order"": [14, 0, 7, 3, 13, 15, 4, 10, 8, 2, 6, 5, 9, 11, 12, 1], ""team_assignment"": [1, 2, 0, 0, 0, 0, 0, 0, 2, 2, 0, 0, 2, 1, 0, 2], ""dispatch_priority"": [[9, 31], [9, 1], [9, 8], [37, 30], [9, 14], [5, 21], [37, 29], [37, 27], [5, 32], [5, 33], [9, 29], [5, 11], [9, 3], [9, 13], [9, 36], [5, 34], [37, 2], [9, 11], [9, 28], [9, 21], [37, 33], [37, 20], [5, 2], [5, 18], [9, 34], [5, 13], [9, 24], [5, 22], [5, 20], [9, 20], [37, 16], [9, 12], [5, 38], [37, 36], [9, 23], [5, 35], [9, 35], [37, 18], [5, 29], [5, 26], [5, 36], [37, 35], [37, 34], [37, 7], [37, 14], [9, 26], [37, 25], [9, 30], [5, 16], [9, 16], [37, 10], [5, 14], [37, 32], [37, 8], [37, 13], [37, 15], [37, 23], [37, 3], [9, 15], [9, 7], [37, 38], [37, 6], [37, 26], [5, 7], [5, 4], [37, 31], [5, 24], [5, 28], [5, 8], [37, 12], [9, 17], [37, 21], [37, 17], [9, 10], [9, 38], [5, 31], [5, 1], [5, 30], [5, 12], [9, 18], [5, 15], [9, 22], [5, 25], [5, 23], [9, 19], [9, 33], [9, 32], [5, 10], [37, 24], [37, 22], [37, 28], [37, 1], [37, 4], [9, 2], [9, 27], [9, 6], [5, 17], [9, 25], [9, 4], [37, 11], [5, 19], [5, 3], [37, 19], [5, 27], [5, 6]]}"
SR-A_seed1_strong-natural-active,70002,Full,17,b8bfcb5bfb8e1c75,6.299255846918329,38692.5,-0.0,6.299255846918329,38692.5,-0.0,0.0,0.0,0.0,False,False,False,False,True,"{""repair_order"": [14, 3, 8, 10, 9, 15, 11, 7, 13, 6, 5, 1, 2, 12, 4, 0], ""team_assignment"": [1, 2, 0, 0, 1, 0, 0, 0, 0, 2, 0, 0, 0, 0, 1, 0], ""dispatch_priority"": [[37, 25], [9, 8], [37, 30], [9, 14], [5, 21], [37, 29], [5, 14], [9, 1], [5, 6], [5, 10], [9, 23], [5, 22], [37, 4], [37, 20], [9, 20], [9, 4], [5, 15], [37, 15], [9, 11], [9, 38], [5, 38], [5, 26], [37, 13], [37, 22], [9, 31], [37, 19], [37, 6], [37, 34], [37, 7], [9, 15], [9, 26], [9, 30], [9, 16], [5, 34], [37, 3], [9, 27], [9, 35], [37, 18], [5, 29], [37, 8], [9, 24], [37, 11], [5, 4], [5, 12], [37, 36], [37, 33], [9, 32], [5, 30], [5, 19], [5, 17], [5, 25], [37, 35], [9, 29], [5, 28], [9, 2], [37, 16], [5, 8], [37, 21], [5, 33], [5, 11], [9, 3], [37, 27], [5, 32], [37, 26], [5, 7], [5, 24], [37, 38], [5, 2], [37, 31], [9, 7], [9, 13], [9, 36], [37, 2], [5, 18], [9, 34], [5, 13], [5, 20], [9, 12], [5, 35], [5, 36], [5, 16], [37, 10], [37, 32], [37, 23], [37, 14], [9, 17], [37, 17], [9, 21], [37, 12], [9, 10], [5, 23], [5, 31], [5, 1], [9, 18], [9, 22], [9, 19], [9, 33], [37, 24], [37, 28], [37, 1], [9, 28], [9, 6], [9, 25], [5, 3], [5, 27]]}"
SR-A_seed1_strong-natural-active,70002,Full,18,882cff85e44779c6,2.7479065556112516,159931.0,-0.0,2.7479065556112516,159931.0,-0.0,0.0,0.0,0.0,False,False,False,False,True,"{""repair_order"": [14, 5, 11, 12, 8, 6, 10, 1, 7, 3, 13, 4, 2, 9, 15, 0], ""team_assignment"": [0, 2, 0, 0, 2, 0, 2, 1, 0, 2, 0, 0, 0, 1, 1, 2], ""dispatch_priority"": [[37, 25], [9, 8], [37, 30], [9, 14], [5, 21], [37, 29], [9, 1], [5, 6], [5, 10], [9, 23], [5, 22], [37, 4], [37, 20], [9, 20], [9, 4], [9, 11], [9, 38], [5, 38], [37, 22], [9, 31], [5, 4], [37, 7], [9, 26], [9, 30], [9, 16], [5, 34], [37, 3], [9, 27], [9, 35], [37, 18], [5, 29], [37, 8], [9, 24], [37, 11], [37, 19], [5, 12], [37, 36], [5, 35], [5, 26], [5, 36], [5, 16], [37, 10], [5, 14], [5, 15], [37, 15], [37, 13], [37, 6], [37, 34], [9, 15], [37, 33], [9, 32], [5, 30], [5, 19], [5, 17], [5, 25], [37, 35], [9, 29], [5, 28], [9, 2], [37, 16], [5, 8], [37, 21], [5, 33], [5, 11], [9, 3], [37, 27], [5, 32], [37, 26], [5, 7], [5, 24], [37, 38], [5, 2], [37, 31], [9, 7], [9, 13], [9, 36], [37, 2], [5, 18], [9, 34], [5, 13], [5, 20], [9, 12], [37, 32], [37, 23], [37, 14], [9, 17], [37, 17], [9, 21], [37, 12], [9, 10], [5, 23], [5, 31], [5, 1], [9, 18], [9, 22], [9, 19], [9, 33], [37, 24], [37, 28], [37, 1], [9, 28], [9, 6], [9, 25], [5, 3], [5, 27]]}"
SR-A_seed1_strong-natural-active,70002,Full,19,b982af370d4371c1,5.796952515947118,41319.5,-0.0,5.796952515947118,41319.5,-0.0,0.0,0.0,0.0,False,False,False,False,True,"{""repair_order"": [15, 6, 14, 7, 3, 12, 4, 10, 8, 2, 5, 9, 11, 13, 1, 0], ""team_assignment"": [1, 2, 0, 0, 0, 1, 0, 0, 0, 2, 0, 0, 2, 1, 0, 1], ""dispatch_priority"": [[37, 25], [9, 31], [9, 1], [9, 8], [37, 30], [9, 14], [37, 7], [5, 21], [37, 29], [5, 33], [9, 30], [9, 29], [5, 11], [9, 3], [9, 26], [37, 27], [5, 32], [37, 6], [37, 26], [37, 36], [5, 7], [5, 38], [5, 4], [37, 38], [37, 15], [5, 2], [9, 15], [37, 31], [37, 16], [9, 7], [9, 13], [9, 36], [5, 34], [37, 2], [9, 11], [37, 33], [37, 20], [5, 18], [9, 34], [5, 13], [9, 24], [5, 22], [5, 20], [9, 20], [9, 12], [9, 23], [5, 35], [5, 26], [5, 36], [5, 16], [37, 10], [5, 14], [5, 29], [37, 32], [37, 8], [37, 13], [37, 23], [37, 3], [37, 14], [9, 21], [5, 24], [5, 28], [9, 16], [5, 8], [37, 12], [9, 35], [9, 17], [37, 21], [37, 17], [9, 10], [5, 23], [37, 34], [5, 31], [5, 1], [5, 30], [5, 12], [9, 18], [5, 15], [9, 22], [37, 35], [5, 25], [9, 38], [9, 19], [9, 33], [37, 18], [9, 32], [5, 10], [37, 24], [37, 22], [37, 28], [37, 1], [37, 4], [9, 2], [9, 28], [9, 27], [9, 6], [5, 17], [9, 25], [9, 4], [37, 11], [5, 19], [5, 3], [37, 19], [5, 27], [5, 6]]}"
SR-A_seed1_strong-natural-active,70002,Full,20,fc3dcf652f4b7829,2.9687654445779623,128132.0,-0.0,2.9687654445779623,128132.0,-0.0,0.0,0.0,0.0,False,False,False,False,True,"{""repair_order"": [15, 6, 14, 7, 3, 13, 4, 10, 8, 1, 2, 5, 9, 11, 12, 0], ""team_assignment"": [1, 2, 2, 0, 0, 1, 0, 1, 0, 2, 0, 0, 2, 1, 1, 2], ""dispatch_priority"": [[37, 25], [9, 1], [9, 8], [37, 30], [9, 14], [37, 7], [5, 21], [37, 29], [5, 33], [9, 30], [9, 29], [5, 11], [9, 3], [9, 26], [37, 27], [5, 32], [5, 15], [37, 15], [9, 11], [9, 38], [5, 38], [5, 26], [37, 13], [9, 31], [37, 19], [37, 6], [37, 26], [37, 36], [5, 7], [5, 4], [37, 38], [5, 2], [9, 15], [37, 31], [37, 16], [9, 7], [9, 13], [9, 36], [5, 34], [37, 2], [37, 33], [37, 20], [5, 18], [9, 34], [5, 13], [9, 24], [5, 22], [5, 20], [9, 20], [9, 12], [9, 23], [5, 35], [5, 36], [5, 16], [37, 10], [5, 14], [5, 29], [37, 32], [37, 8], [37, 23], [37, 3], [37, 14], [9, 21], [5, 30], [5, 28], [9, 16], [5, 8], [37, 12], [9, 35], [9, 17], [37, 21], [37, 17], [9, 10], [37, 34], [5, 31], [5, 1], [5, 24], [5, 12], [9, 18], [9, 22], [37, 35], [5, 23], [9, 19], [9, 33], [37, 18], [9, 32], [5, 10], [37, 28], [37, 22], [37, 24], [5, 25], [37, 1], [37, 4], [9, 2], [9, 28], [9, 27], [9, 6], [5, 17], [9, 25], [9, 4], [37, 11], [5, 19], [5, 3], [5, 27], [5, 6]]}"
SR-A_seed1_strong-natural-active,70002,Full,21,0633a6a2c9fe7ec1,5.637310069974492,99987.33333333334,-0.0,5.637310069974492,99987.33333333334,-0.0,0.0,0.0,0.0,False,False,False,False,True,"{""repair_order"": [15, 6, 14, 13, 4, 10, 8, 5, 11, 12, 2, 9, 7, 3, 1, 0], ""team_assignment"": [0, 2, 1, 0, 2, 1, 0, 0, 0, 2, 1, 0, 2, 1, 0, 1], ""dispatch_priority"": [[37, 25], [9, 31], [9, 1], [9, 8], [9, 14], [37, 7], [5, 21], [5, 33], [5, 11], [9, 3], [9, 26], [37, 27], [5, 32], [37, 6], [37, 36], [5, 7], [5, 4], [37, 38], [37, 15], [5, 2], [9, 15], [37, 31], [37, 16], [9, 7], [9, 13], [9, 36], [5, 34], [37, 2], [9, 11], [37, 30], [5, 18], [9, 34], [9, 21], [9, 24], [37, 29], [9, 30], [5, 13], [37, 26], [37, 20], [5, 38], [9, 29], [37, 33], [5, 22], [5, 20], [9, 20], [9, 12], [9, 23], [5, 35], [5, 26], [5, 36], [5, 16], [37, 10], [5, 14], [5, 29], [37, 32], [37, 8], [37, 13], [37, 23], [37, 3], [37, 14], [9, 35], [9, 17], [37, 21], [37, 17], [5, 24], [5, 28], [9, 16], [5, 8], [37, 12], [9, 10], [9, 38], [37, 34], [5, 31], [5, 1], [5, 30], [5, 12], [9, 18], [5, 15], [9, 22], [37, 35], [5, 25], [5, 23], [9, 19], [9, 33], [37, 18], [9, 32], [5, 10], [37, 24], [37, 22], [37, 28], [37, 1], [37, 4], [9, 2], [9, 28], [9, 27], [9, 6], [5, 17], [9, 25], [9, 4], [37, 11], [5, 19], [5, 3], [37, 19], [5, 27], [5, 6]]}"
SR-A_seed1_strong-natural-active,70002,Full,22,d821cfbd4c248cdc,2.9691203098400587,127462.0,-0.0,2.9691203098400587,127462.0,-0.0,0.0,0.0,0.0,False,False,False,False,True,"{""repair_order"": [15, 14, 11, 12, 3, 13, 8, 6, 10, 1, 5, 2, 9, 7, 4, 0], ""team_assignment"": [0, 2, 0, 0, 2, 1, 0, 0, 0, 2, 0, 0, 2, 1, 1, 0], ""dispatch_priority"": [[37, 25], [9, 31], [9, 1], [9, 8], [37, 30], [9, 14], [37, 7], [5, 21], [37, 29], [5, 33], [9, 30], [9, 29], [5, 11], [9, 3], [9, 26], [37, 27], [5, 32], [37, 6], [37, 26], [37, 36], [5, 7], [5, 24], [5, 38], [5, 4], [37, 38], [37, 15], [5, 2], [9, 15], [37, 31], [37, 16], [9, 7], [9, 13], [9, 36], [5, 34], [37, 2], [9, 11], [37, 33], [37, 20], [5, 18], [9, 34], [5, 13], [9, 24], [5, 22], [5, 20], [9, 20], [9, 12], [9, 23], [5, 35], [5, 26], [5, 36], [5, 16], [37, 10], [5, 14], [5, 29], [37, 32], [37, 8], [37, 13], [37, 23], [37, 3], [37, 14], [9, 35], [9, 17], [37, 21], [37, 17], [9, 21], [5, 28], [9, 16], [5, 8], [37, 12], [9, 10], [5, 23], [37, 34], [5, 31], [5, 1], [5, 30], [5, 12], [9, 18], [5, 15], [9, 22], [37, 35], [5, 25], [9, 38], [9, 19], [9, 33], [37, 18], [9, 32], [5, 10], [37, 24], [37, 22], [37, 28], [37, 1], [37, 4], [9, 2], [9, 28], [9, 27], [9, 6], [5, 17], [9, 25], [9, 4], [37, 11], [5, 19], [5, 3], [37, 19], [5, 27], [5, 6]]}"
SR-A_seed1_strong-natural-active,70002,Full,23,6d9a7bcc42a74ec5,2.749968186366236,157483.0,-0.0,2.749968186366236,157483.0,-0.0,0.0,0.0,0.0,False,False,False,False,True,"{""repair_order"": [15, 14, 11, 12, 6, 4, 10, 1, 7, 3, 8, 2, 13, 5, 9, 0], ""team_assignment"": [0, 2, 2, 2, 2, 0, 2, 1, 0, 2, 0, 0, 2, 0, 1, 2], ""dispatch_priority"": [[9, 36], [9, 6], [9, 1], [5, 6], [5, 10], [37, 4], [9, 2], [5, 18], [9, 13], [37, 27], [37, 25], [37, 29], [37, 20], [9, 20], [9, 4], [9, 11], [9, 38], [5, 38], [37, 22], [9, 31], [37, 19], [37, 7], [9, 26], [9, 30], [5, 34], [9, 27], [37, 18], [9, 24], [9, 34], [5, 13], [5, 22], [5, 20], [37, 16], [9, 12], [37, 32], [37, 36], [9, 23], [5, 35], [5, 26], [5, 36], [5, 16], [37, 10], [5, 14], [5, 15], [37, 15], [37, 13], [37, 6], [37, 34], [9, 15], [9, 16], [5, 29], [37, 8], [37, 11], [5, 4], [5, 12], [37, 33], [9, 32], [5, 30], [37, 3], [37, 14], [9, 35], [9, 17], [37, 21], [37, 17], [9, 21], [5, 28], [5, 19], [5, 17], [5, 25], [37, 35], [37, 23], [9, 7], [37, 38], [37, 31], [5, 27], [5, 24], [5, 8], [37, 12], [9, 10], [5, 23], [5, 31], [5, 1], [9, 18], [9, 22], [37, 26], [5, 2], [9, 29], [37, 2], [5, 33], [9, 14], [37, 24], [9, 8], [9, 25], [9, 33], [37, 28], [5, 7], [5, 21], [9, 3], [5, 32], [37, 1], [9, 28], [9, 19], [5, 11], [5, 3], [37, 30]]}"
SR-A_seed1_strong-natural-active,70002,Full,24,2855df5d174a03e8,2.746691203280605,168085.83333333334,-0.0,2.746691203280605,168085.83333333334,-0.0,0.0,0.0,0.0,False,False,False,False,True,"{""repair_order"": [15, 14, 11, 12, 8, 6, 10, 1, 7, 3, 13, 4, 2, 5, 9, 0], ""team_assignment"": [0, 2, 2, 0, 2, 0, 2, 1, 0, 2, 0, 0, 2, 1, 1, 2], ""dispatch_priority"": [[9, 18], [37, 31], [9, 36], [9, 6], [9, 1], [5, 6], [5, 10], [37, 4], [37, 20], [9, 4], [9, 11], [9, 38], [5, 18], [9, 13], [37, 27], [37, 22], [9, 31], [37, 19], [37, 7], [9, 26], [37, 25], [9, 30], [5, 34], [9, 27], [37, 18], [37, 29], [9, 34], [5, 13], [9, 24], [5, 22], [5, 20], [9, 20], [37, 16], [9, 12], [5, 38], [37, 36], [9, 23], [5, 35], [5, 26], [5, 36], [5, 16], [37, 10], [5, 14], [5, 15], [37, 15], [37, 13], [37, 6], [37, 34], [9, 15], [9, 16], [5, 29], [37, 8], [37, 11], [5, 4], [5, 12], [37, 33], [9, 32], [5, 30], [37, 3], [37, 14], [9, 35], [9, 17], [37, 21], [37, 17], [9, 21], [5, 28], [5, 19], [5, 17], [5, 25], [37, 35], [9, 29], [9, 2], [5, 8], [37, 2], [37, 12], [5, 33], [9, 14], [37, 26], [37, 24], [9, 8], [9, 25], [9, 33], [5, 2], [37, 28], [5, 7], [37, 23], [5, 21], [9, 3], [37, 38], [5, 32], [37, 1], [9, 28], [9, 7], [9, 19], [5, 11], [5, 1], [5, 24], [9, 10], [5, 27], [5, 3], [5, 23], [5, 31], [9, 22], [37, 30], [37, 32]]}"
SR-A_seed1_strong-natural-active,70002,No-HT,0,6b595dd48b5c5f7d,4.6443868301730635,115173.0,-0.7537666810158044,4.6443868301730635,115173.0,-0.7537666810158044,0.0,0.0,0.0,False,False,False,False,False,"{""repair_order"": [10, 14, 11, 6, 12, 0, 15, 1, 13, 5, 2, 9, 7, 3, 4, 8], ""team_assignment"": [1, 1, 0, 0, 0, 0, 2, 0, 0, 2, 0, 2, 2, 1, 1, 0], ""dispatch_priority"": [[5, 19], [5, 31], [9, 6], [37, 29], [5, 33], [9, 30], [9, 29], [5, 11], [9, 3], [37, 27], [9, 26], [9, 28], [5, 29], [9, 21], [9, 36], [5, 34], [37, 2], [9, 11], [37, 33], [37, 20], [5, 18], [9, 34], [5, 13], [9, 24], [5, 22], [5, 20], [9, 20], [37, 16], [9, 12], [5, 38], [37, 36], [9, 23], [5, 26], [5, 36], [37, 10], [5, 14], [37, 32], [37, 8], [37, 13], [37, 15], [37, 38], [9, 15], [37, 31], [37, 21], [37, 17], [5, 28], [5, 8], [5, 4], [5, 1], [9, 8], [5, 16], [9, 25], [9, 7], [5, 24], [5, 35], [5, 12], [9, 18], [37, 23], [37, 3], [37, 14], [9, 35], [9, 17], [37, 30], [9, 32], [37, 4], [37, 11], [9, 1], [9, 16], [37, 12], [9, 4], [5, 17], [37, 25], [37, 35], [9, 22], [5, 3], [5, 15], [37, 6], [37, 26], [5, 25], [5, 32], [9, 38], [9, 19], [9, 13], [9, 33], [5, 2], [37, 28], [5, 7], [37, 22], [37, 7], [37, 24], [5, 21], [5, 6], [9, 31], [9, 2], [37, 34], [5, 27], [9, 27], [5, 23], [5, 10], [37, 19], [5, 30], [37, 1], [9, 10], [9, 14], [37, 18]]}"
SR-A_seed1_strong-natural-active,70002,No-HT,1,ad44f2763fd46931,3.3884880562559445,145318.66666666666,-0.7537666810154606,3.3884880562559445,145986.66666666666,-0.7537666810154606,0.0,668.0,0.0,True,False,True,False,False,"{""repair_order"": [14, 3, 4, 2, 6, 10, 13, 5, 12, 0, 7, 15, 8, 1, 9, 11], ""team_assignment"": [1, 2, 0, 1, 0, 0, 2, 0, 2, 2, 2, 1, 2, 1, 1, 2], ""dispatch_priority"": [[37, 27], [9, 8], [9, 10], [5, 2], [5, 24], [9, 18], [9, 17], [37, 18], [9, 31], [37, 36], [37, 32], [5, 38], [9, 6], [37, 30], [9, 14], [37, 7], [9, 28], [5, 29], [9, 21], [9, 36], [5, 34], [37, 2], [9, 11], [37, 33], [37, 20], [5, 18], [5, 21], [5, 7], [37, 29], [5, 33], [9, 29], [5, 11], [9, 26], [9, 34], [5, 13], [9, 24], [9, 20], [37, 16], [9, 12], [37, 3], [9, 1], [9, 16], [5, 20], [9, 3], [5, 36], [5, 22], [9, 30], [37, 12], [9, 4], [9, 13], [5, 17], [37, 25], [37, 35], [5, 26], [9, 23], [5, 35], [5, 16], [37, 10], [5, 14], [37, 8], [37, 13], [37, 15], [37, 23], [37, 14], [5, 12], [9, 7], [37, 38], [9, 15], [37, 31], [37, 21], [37, 17], [5, 28], [5, 8], [5, 23], [37, 34], [5, 31], [5, 1], [5, 30], [9, 35], [5, 15], [37, 6], [9, 22], [37, 26], [5, 25], [5, 32], [9, 38], [9, 19], [9, 33], [9, 32], [5, 10], [37, 24], [37, 22], [37, 28], [37, 1], [37, 4], [5, 4], [9, 2], [9, 27], [9, 25], [37, 11], [5, 19], [5, 3], [37, 19], [5, 27], [5, 6]]}"
SR-A_seed1_strong-natural-active,70002,No-HT,2,f9acd38a5a95e608,3.8087787585524993,122715.33333333334,-0.7537666810158579,3.8087787585524993,129080.66666666669,-0.7537666810158579,0.0,6365.333333333343,0.0,True,False,True,False,False,"{""repair_order"": [15, 3, 4, 2, 12, 6, 10, 13, 5, 7, 14, 8, 1, 9, 0, 11], ""team_assignment"": [0, 2, 2, 1, 0, 1, 1, 1, 0, 2, 2, 1, 2, 1, 1, 0], ""dispatch_priority"": [[37, 27], [9, 8], [9, 36], [5, 2], [9, 31], [5, 38], [9, 6], [9, 11], [37, 30], [9, 14], [37, 7], [5, 21], [5, 7], [37, 29], [5, 33], [9, 29], [5, 11], [9, 26], [5, 34], [37, 2], [37, 20], [5, 18], [9, 34], [5, 13], [9, 24], [9, 20], [37, 16], [9, 12], [37, 33], [5, 20], [9, 3], [5, 36], [5, 22], [9, 30], [37, 10], [5, 14], [5, 29], [37, 32], [37, 8], [37, 13], [37, 38], [9, 15], [37, 31], [37, 21], [37, 17], [9, 21], [5, 28], [5, 8], [9, 10], [5, 23], [37, 34], [5, 31], [37, 3], [9, 35], [9, 17], [9, 16], [37, 12], [5, 1], [5, 30], [5, 35], [5, 12], [9, 18], [5, 15], [37, 6], [9, 22], [37, 35], [5, 25], [37, 26], [37, 36], [5, 24], [5, 4], [37, 15], [9, 7], [9, 1], [5, 32], [9, 38], [9, 19], [9, 33], [37, 18], [9, 32], [5, 10], [37, 24], [37, 28], [37, 4], [9, 4], [9, 13], [5, 17], [37, 25], [5, 26], [9, 23], [5, 16], [37, 23], [37, 14], [37, 22], [37, 1], [9, 2], [9, 28], [9, 27], [9, 25], [37, 11], [5, 19], [5, 3], [37, 19], [5, 27], [5, 6]]}"
SR-A_seed1_strong-natural-active,70002,No-HT,3,77ff3b1356b7c8b5,3.385598691020852,148049.3333333333,-0.7537666810158044,3.541261249679547,160173.6666666667,-0.7537666810158044,0.15566255865869483,12124.333333333372,0.0,True,True,True,False,False,"{""repair_order"": [15, 7, 8, 3, 13, 10, 12, 14, 2, 4, 5, 6, 1, 9, 0, 11], ""team_assignment"": [1, 2, 0, 0, 0, 1, 2, 0, 0, 2, 0, 0, 2, 1, 1, 1], ""dispatch_priority"": [[37, 27], [37, 25], [37, 30], [9, 14], [5, 7], [37, 29], [5, 33], [9, 30], [9, 29], [9, 26], [9, 13], [5, 34], [37, 2], [37, 20], [5, 2], [5, 18], [9, 34], [5, 13], [9, 24], [5, 22], [5, 20], [37, 16], [9, 12], [5, 38], [9, 23], [5, 26], [5, 36], [5, 16], [37, 10], [5, 14], [5, 29], [37, 32], [37, 8], [37, 13], [37, 38], [9, 15], [37, 31], [37, 21], [37, 17], [9, 21], [5, 28], [5, 8], [9, 10], [5, 23], [37, 34], [5, 31], [9, 11], [37, 33], [37, 3], [9, 35], [9, 17], [9, 16], [37, 12], [5, 1], [5, 30], [5, 35], [9, 18], [5, 15], [37, 6], [9, 22], [37, 35], [5, 25], [37, 26], [37, 36], [5, 24], [5, 4], [37, 15], [9, 7], [9, 1], [5, 32], [9, 38], [9, 19], [9, 33], [37, 18], [9, 32], [5, 10], [37, 28], [37, 4], [37, 14], [37, 22], [5, 3], [9, 8], [5, 12], [37, 7], [37, 24], [5, 21], [9, 25], [9, 2], [9, 31], [5, 6], [9, 20], [37, 23], [5, 27], [9, 27], [9, 3], [9, 36], [5, 11], [37, 1], [9, 28], [5, 17], [9, 4], [37, 11], [5, 19], [37, 19], [9, 6]]}"
SR-A_seed1_strong-natural-active,70002,No-HT,4,8e2ae1d27c136eb2,3.8068706784833726,125734.00000000001,-0.7537666810158044,3.807756575010658,137355.33333333334,-0.7537666810158044,0.0008858965272855457,11621.333333333328,0.0,True,True,True,False,False,"{""repair_order"": [15, 11, 13, 3, 8, 12, 10, 14, 2, 0, 6, 1, 5, 9, 4, 7], ""team_assignment"": [0, 2, 0, 0, 2, 1, 1, 0, 0, 2, 0, 0, 2, 0, 0, 1], ""dispatch_priority"": [[9, 36], [37, 25], [9, 31], [9, 8], [37, 30], [9, 14], [37, 7], [5, 21], [5, 7], [37, 29], [5, 33], [9, 30], [9, 29], [9, 26], [9, 13], [5, 34], [37, 2], [37, 20], [9, 11], [37, 33], [5, 2], [5, 18], [9, 34], [5, 13], [9, 24], [5, 22], [5, 20], [37, 16], [9, 12], [5, 38], [9, 23], [5, 26], [5, 36], [5, 16], [37, 10], [5, 14], [5, 29], [37, 32], [37, 8], [37, 13], [37, 3], [37, 21], [37, 38], [9, 15], [37, 31], [9, 17], [9, 35], [37, 17], [9, 21], [5, 28], [9, 16], [5, 8], [37, 12], [9, 10], [5, 23], [37, 34], [9, 38], [5, 19], [5, 15], [5, 31], [37, 28], [9, 6], [5, 25], [9, 32], [37, 27], [5, 32], [37, 6], [37, 26], [37, 36], [5, 24], [5, 4], [37, 15], [9, 7], [37, 4], [37, 11], [9, 1], [9, 3], [9, 4], [5, 17], [37, 35], [9, 22], [5, 3], [5, 35], [5, 1], [5, 12], [9, 28], [5, 11], [37, 24], [9, 25], [5, 6], [9, 2], [37, 23], [5, 27], [9, 27], [9, 19], [9, 18], [37, 22], [5, 10], [37, 19], [5, 30], [37, 1], [9, 33], [37, 14], [9, 20], [37, 18]]}"
SR-A_seed1_strong-natural-active,70002,No-HT,5,248e90d6ab35263b,3.806924460134196,123463.0,-0.7537666810158044,3.806924460134196,132885.0,-0.7537666810158044,0.0,9422.0,0.0,True,False,True,False,False,"{""repair_order"": [15, 14, 11, 3, 13, 10, 2, 8, 12, 9, 4, 6, 1, 5, 7, 0], ""team_assignment"": [1, 2, 0, 0, 2, 1, 1, 0, 2, 2, 0, 2, 2, 0, 1, 1], ""dispatch_priority"": [[37, 29], [5, 33], [9, 30], [9, 29], [9, 26], [9, 13], [5, 29], [9, 36], [5, 34], [37, 2], [9, 11], [37, 33], [37, 20], [5, 2], [5, 18], [9, 34], [5, 13], [9, 24], [5, 22], [5, 20], [9, 20], [37, 16], [9, 12], [5, 38], [9, 23], [5, 26], [5, 36], [5, 16], [5, 32], [5, 14], [37, 32], [37, 23], [37, 14], [5, 7], [37, 30], [37, 25], [9, 8], [37, 7], [37, 8], [37, 13], [37, 3], [9, 35], [37, 38], [9, 15], [37, 31], [9, 17], [37, 21], [37, 17], [9, 21], [5, 28], [9, 16], [5, 8], [37, 12], [9, 10], [5, 23], [37, 34], [9, 38], [5, 19], [5, 15], [5, 31], [37, 28], [9, 6], [5, 25], [9, 32], [37, 27], [37, 10], [37, 6], [37, 26], [37, 36], [5, 24], [5, 4], [37, 15], [9, 7], [37, 4], [37, 11], [9, 1], [9, 3], [9, 4], [5, 17], [37, 35], [9, 22], [5, 3], [5, 35], [5, 1], [5, 12], [9, 28], [5, 11], [37, 24], [5, 21], [9, 25], [5, 6], [9, 31], [9, 2], [5, 27], [9, 27], [9, 19], [9, 18], [37, 22], [5, 10], [37, 19], [5, 30], [37, 1], [9, 33], [9, 14], [37, 18]]}"
SR-A_seed1_strong-natural-active,70002,No-HT,6,42de4667ba473314,4.227328320289076,116397.5,-0.753766681015876,4.227328320289076,116397.5,-0.753766681015876,0.0,0.0,0.0,False,False,False,False,False,"{""repair_order"": [15, 14, 11, 3, 13, 10, 8, 2, 12, 9, 4, 6, 1, 5, 7, 0], ""team_assignment"": [1, 2, 0, 0, 0, 1, 2, 0, 2, 2, 0, 2, 2, 1, 1, 1], ""dispatch_priority"": [[9, 38], [5, 19], [5, 15], [5, 31], [37, 28], [9, 6], [5, 25], [37, 29], [5, 33], [9, 30], [9, 29], [5, 11], [9, 3], [37, 27], [5, 32], [37, 6], [9, 26], [9, 13], [9, 28], [5, 29], [9, 21], [9, 36], [5, 34], [37, 2], [9, 11], [37, 33], [37, 20], [5, 2], [5, 18], [9, 34], [5, 13], [9, 24], [5, 22], [5, 20], [9, 20], [37, 16], [9, 12], [5, 38], [37, 36], [9, 23], [5, 35], [5, 26], [5, 36], [5, 16], [37, 10], [5, 14], [37, 32], [37, 8], [37, 13], [37, 15], [37, 23], [37, 3], [37, 14], [9, 35], [9, 7], [37, 38], [9, 15], [37, 31], [9, 17], [37, 21], [37, 17], [5, 24], [5, 28], [9, 16], [5, 8], [37, 12], [37, 26], [5, 7], [5, 4], [37, 30], [9, 32], [37, 4], [37, 11], [9, 1], [9, 4], [5, 17], [37, 25], [37, 35], [9, 22], [5, 3], [5, 1], [9, 8], [5, 12], [37, 7], [37, 24], [5, 21], [9, 25], [5, 6], [9, 31], [9, 2], [37, 34], [5, 27], [9, 27], [9, 19], [9, 18], [5, 23], [37, 22], [5, 10], [37, 19], [5, 30], [37, 1], [9, 33], [9, 10], [9, 14], [37, 18]]}"
SR-A_seed1_strong-natural-active,70002,No-HT,7,1394f4b712fb6ab9,3.8068407187601405,135600.66666666666,-0.7537666810158044,3.8068407187601405,137764.0,-0.7537666810158044,0.0,2163.333333333343,0.0,True,False,True,False,False,"{""repair_order"": [15, 14, 11, 6, 8, 12, 10, 1, 13, 5, 2, 9, 7, 3, 4, 0], ""team_assignment"": [0, 2, 0, 0, 2, 1, 2, 0, 0, 2, 0, 0, 2, 1, 1, 0], ""dispatch_priority"": [[37, 13], [5, 28], [9, 23], [9, 36], [9, 38], [5, 19], [5, 15], [5, 31], [37, 28], [9, 11], [37, 10], [9, 6], [5, 25], [37, 30], [9, 32], [37, 27], [5, 32], [37, 6], [37, 26], [37, 36], [5, 7], [5, 24], [5, 38], [5, 4], [37, 38], [37, 15], [5, 2], [9, 15], [37, 31], [37, 16], [9, 7], [5, 16], [9, 24], [37, 20], [37, 4], [37, 11], [37, 3], [37, 33], [9, 1], [9, 16], [5, 20], [9, 3], [5, 36], [5, 22], [9, 30], [37, 12], [9, 4], [9, 13], [5, 17], [37, 25], [37, 35], [5, 26], [9, 22], [5, 3], [9, 12], [37, 17], [37, 2], [5, 35], [5, 29], [5, 1], [9, 35], [9, 8], [5, 12], [9, 28], [37, 7], [9, 34], [5, 11], [9, 17], [37, 24], [9, 29], [5, 21], [9, 25], [5, 33], [5, 6], [5, 18], [37, 29], [9, 31], [9, 2], [37, 32], [5, 34], [37, 23], [37, 34], [5, 27], [5, 14], [9, 27], [9, 19], [5, 8], [5, 13], [9, 18], [5, 23], [9, 21], [37, 22], [5, 10], [37, 19], [5, 30], [9, 26], [37, 1], [9, 33], [37, 8], [37, 21], [9, 10], [37, 14], [9, 20], [9, 14], [37, 18]]}"
SR-A_seed1_strong-natural-active,70002,No-HT,8,2cbf689ee4509cb4,4.645499411777483,109059.0,-0.7537666810160347,4.645499411777483,109059.0,-0.7537666810160347,0.0,0.0,0.0,False,False,False,False,False,"{""repair_order"": [15, 14, 11, 13, 10, 8, 2, 7, 4, 5, 6, 1, 9, 3, 12, 0], ""team_assignment"": [1, 2, 0, 2, 0, 1, 1, 0, 2, 2, 0, 2, 2, 1, 1, 1], ""dispatch_priority"": [[5, 19], [9, 6], [37, 29], [5, 33], [5, 11], [9, 3], [37, 27], [9, 28], [9, 36], [37, 23], [5, 7], [9, 30], [9, 29], [9, 26], [9, 13], [5, 34], [37, 2], [37, 20], [5, 2], [5, 18], [9, 34], [5, 13], [9, 24], [5, 22], [5, 20], [37, 16], [9, 12], [5, 38], [9, 23], [5, 26], [5, 36], [5, 16], [37, 10], [5, 14], [5, 29], [37, 32], [37, 8], [37, 13], [37, 38], [9, 15], [37, 31], [37, 21], [37, 17], [9, 21], [5, 28], [5, 8], [9, 10], [5, 23], [37, 34], [5, 31], [9, 11], [37, 33], [37, 3], [9, 35], [9, 17], [9, 16], [37, 12], [5, 1], [5, 30], [5, 35], [5, 12], [9, 18], [5, 15], [37, 6], [9, 22], [37, 35], [5, 25], [37, 26], [37, 36], [5, 24], [5, 4], [37, 15], [9, 7], [9, 1], [5, 32], [9, 38], [9, 19], [9, 33], [37, 18], [9, 32], [5, 10], [37, 24], [37, 28], [37, 4], [37, 14], [37, 22], [5, 3], [9, 20], [37, 30], [37, 11], [9, 4], [5, 17], [37, 25], [9, 8], [37, 7], [5, 21], [9, 25], [5, 6], [9, 31], [9, 2], [5, 27], [9, 27], [37, 19], [37, 1], [9, 14]]}"
SR-A_seed1_strong-natural-active,70002,No-HT,9,4c53133604f999f0,3.5531711086116937,124431.0,-0.7431522227210843,3.5531711086116937,124431.0,-0.7431522227210843,0.0,0.0,0.0,False,False,False,False,False,"{""repair_order"": [14, 3, 4, 2, 6, 10, 13, 5, 12, 0, 7, 15, 8, 1, 9, 11], ""team_assignment"": [1, 2, 2, 1, 0, 0, 1, 0, 2, 2, 2, 1, 2, 1, 1, 2], ""dispatch_priority"": [[37, 27], [9, 8], [9, 10], [5, 2], [5, 24], [9, 18], [9, 17], [37, 18], [9, 31], [37, 36], [37, 32], [5, 38], [9, 6], [37, 30], [9, 14], [37, 7], [9, 28], [5, 29], [9, 21], [9, 36], [5, 34], [37, 2], [9, 11], [37, 33], [37, 20], [5, 18], [5, 21], [5, 7], [37, 29], [5, 33], [9, 29], [5, 11], [9, 26], [9, 34], [5, 13], [9, 24], [9, 20], [37, 16], [9, 12], [37, 3], [9, 1], [9, 16], [5, 20], [9, 3], [5, 36], [5, 22], [9, 30], [37, 12], [9, 4], [9, 13], [5, 17], [37, 25], [37, 35], [5, 26], [9, 23], [5, 35], [5, 16], [37, 10], [5, 14], [37, 8], [37, 13], [37, 15], [37, 23], [37, 14], [9, 35], [9, 7], [37, 38], [9, 15], [37, 31], [37, 21], [37, 17], [5, 28], [5, 8], [5, 23], [37, 34], [5, 31], [5, 1], [5, 30], [5, 12], [5, 15], [37, 6], [9, 22], [37, 26], [5, 25], [5, 32], [9, 38], [9, 19], [9, 33], [9, 32], [5, 10], [37, 24], [37, 22], [37, 28], [37, 1], [37, 4], [5, 4], [9, 2], [9, 27], [9, 25], [37, 11], [5, 19], [5, 3], [37, 19], [5, 27], [5, 6]]}"
SR-A_seed1_strong-natural-active,70002,No-HT,10,17272dde2982ea9c,4.14096345446589,118954.0,-0.7431522227207632,4.14096345446589,118954.0,-0.7431522227207632,0.0,0.0,0.0,False,False,False,False,False,"{""repair_order"": [14, 3, 4, 2, 12, 6, 10, 13, 5, 0, 7, 15, 8, 1, 9, 11], ""team_assignment"": [0, 2, 2, 1, 0, 1, 1, 1, 0, 2, 2, 1, 2, 1, 1, 0], ""dispatch_priority"": [[37, 27], [9, 8], [9, 10], [9, 36], [5, 2], [5, 24], [9, 21], [9, 18], [9, 17], [37, 18], [9, 31], [37, 36], [37, 32], [5, 38], [9, 6], [9, 11], [37, 30], [9, 14], [37, 7], [5, 21], [5, 7], [37, 29], [5, 33], [9, 29], [5, 11], [9, 26], [5, 34], [37, 2], [37, 20], [5, 18], [9, 34], [5, 13], [9, 24], [9, 20], [37, 16], [9, 12], [37, 3], [37, 33], [9, 1], [9, 16], [5, 20], [9, 3], [5, 36], [5, 22], [9, 30], [37, 12], [9, 4], [9, 13], [5, 17], [37, 25], [37, 35], [5, 26], [9, 23], [5, 35], [5, 16], [37, 10], [5, 14], [5, 29], [37, 8], [37, 13], [37, 15], [37, 23], [37, 14], [9, 35], [9, 7], [37, 38], [9, 15], [37, 31], [37, 21], [37, 17], [5, 28], [5, 8], [5, 23], [37, 34], [5, 31], [5, 1], [5, 30], [5, 12], [5, 15], [37, 6], [9, 22], [37, 26], [5, 25], [5, 32], [9, 38], [9, 19], [9, 33], [9, 32], [5, 10], [37, 24], [37, 22], [37, 28], [37, 1], [37, 4], [5, 4], [9, 2], [9, 28], [9, 27], [9, 25], [37, 11], [5, 19], [5, 3], [37, 19], [5, 27], [5, 6]]}"
SR-A_seed1_strong-natural-active,70002,No-HT,11,50c4071aa744293a,3.3837125710987817,139389.6666666667,-0.7127537628557548,3.4261808177117112,182561.3333333333,-0.7087514436734637,0.04246824661292958,43171.66666666663,0.004002319182291103,True,True,True,True,False,"{""repair_order"": [13, 3, 10, 14, 2, 1, 5, 6, 12, 0, 7, 15, 8, 4, 9, 11], ""team_assignment"": [1, 2, 0, 1, 0, 0, 2, 0, 0, 2, 0, 0, 2, 1, 1, 2], ""dispatch_priority"": [[37, 27], [9, 31], [9, 8], [37, 30], [9, 14], [37, 7], [5, 21], [5, 7], [37, 29], [5, 33], [9, 29], [9, 26], [5, 34], [37, 2], [37, 20], [5, 2], [5, 18], [9, 34], [5, 13], [9, 24], [37, 16], [9, 12], [5, 38], [5, 29], [37, 32], [9, 21], [9, 10], [9, 11], [37, 33], [37, 3], [9, 17], [9, 18], [37, 36], [5, 24], [5, 4], [9, 1], [9, 33], [37, 18], [9, 32], [5, 10], [37, 24], [9, 16], [5, 20], [9, 3], [5, 36], [5, 22], [9, 30], [37, 12], [9, 4], [9, 13], [5, 17], [37, 25], [37, 35], [5, 26], [9, 23], [5, 35], [5, 16], [37, 10], [5, 14], [37, 8], [37, 13], [37, 15], [37, 23], [37, 14], [5, 12], [9, 7], [37, 38], [9, 15], [37, 31], [37, 21], [37, 17], [5, 28], [5, 8], [5, 23], [37, 34], [5, 31], [5, 1], [5, 30], [9, 35], [5, 15], [37, 6], [9, 22], [37, 26], [5, 25], [5, 32], [9, 38], [9, 19], [37, 28], [37, 4], [9, 2], [37, 22], [5, 3], [9, 20], [9, 36], [5, 11], [37, 1], [9, 28], [9, 27], [5, 6], [9, 25], [37, 11], [5, 19], [37, 19], [5, 27], [9, 6]]}"
SR-A_seed1_strong-natural-active,70002,No-HT,12,d790153377671c57,5.818325692661533,101002.66666666666,-0.4581151832460733,5.818325692661533,101512.66666666666,-0.4581151832460733,0.0,510.0,0.0,True,False,True,False,False,"{""repair_order"": [7, 10, 14, 3, 11, 6, 5, 2, 12, 0, 4, 15, 1, 8, 13, 9], ""team_assignment"": [1, 2, 0, 0, 0, 0, 2, 0, 2, 2, 0, 2, 2, 1, 1, 2], ""dispatch_priority"": [[9, 38], [5, 19], [5, 15], [5, 31], [9, 6], [5, 25], [37, 29], [5, 33], [9, 30], [9, 29], [5, 11], [9, 3], [37, 27], [5, 32], [37, 6], [9, 26], [9, 28], [5, 29], [9, 21], [9, 36], [5, 34], [37, 2], [9, 11], [37, 33], [37, 20], [5, 18], [9, 34], [5, 13], [9, 24], [5, 22], [5, 20], [9, 20], [37, 16], [9, 12], [5, 38], [37, 36], [9, 23], [5, 35], [5, 26], [5, 36], [37, 10], [5, 14], [37, 32], [37, 8], [37, 13], [37, 15], [37, 3], [9, 35], [9, 7], [37, 38], [9, 15], [37, 31], [9, 17], [37, 21], [37, 17], [5, 24], [5, 28], [9, 16], [5, 8], [37, 12], [37, 26], [5, 4], [37, 30], [9, 32], [37, 4], [37, 11], [9, 1], [9, 4], [5, 17], [37, 25], [5, 7], [9, 22], [5, 1], [9, 8], [5, 12], [5, 16], [9, 25], [9, 13], [9, 33], [5, 2], [37, 28], [37, 35], [37, 23], [37, 14], [37, 22], [5, 3], [37, 7], [37, 24], [5, 21], [5, 6], [9, 31], [9, 2], [37, 34], [5, 27], [9, 27], [9, 19], [9, 18], [5, 23], [5, 10], [37, 19], [5, 30], [37, 1], [9, 10], [9, 14], [37, 18]]}"
SR-A_seed1_strong-natural-active,70002,No-HT,13,7e15bf0ace2f54fb,2.953800882460606,140389.16666666666,-0.0,2.953800882460606,140446.83333333334,-0.0,0.0,57.66666666668607,0.0,True,False,True,False,False,"{""repair_order"": [5, 7, 14, 3, 13, 10, 1, 4, 15, 12, 8, 6, 2, 9, 0, 11], ""team_assignment"": [2, 2, 2, 0, 0, 2, 1, 0, 0, 1, 0, 2, 2, 0, 0, 1], ""dispatch_priority"": [[37, 29], [9, 30], [5, 13], [5, 2], [9, 8], [9, 13], [5, 20], [5, 14], [9, 6], [9, 31], [37, 2], [37, 30], [5, 36], [9, 11], [9, 23], [5, 26], [5, 38], [37, 25], [9, 34], [5, 18], [9, 12], [5, 19], [5, 34], [9, 1], [5, 35], [9, 29], [9, 24], [5, 27], [37, 11], [37, 27], [37, 10], [37, 16], [37, 7], [5, 16], [37, 20], [9, 14], [37, 19], [5, 33], [5, 29], [37, 32], [37, 8], [37, 13], [37, 3], [9, 35], [37, 38], [9, 15], [37, 31], [9, 17], [37, 21], [37, 17], [9, 21], [5, 24], [5, 28], [9, 16], [5, 8], [37, 12], [9, 10], [5, 23], [37, 34], [5, 31], [5, 1], [5, 30], [5, 12], [9, 18], [5, 15], [37, 6], [9, 22], [37, 35], [37, 26], [5, 25], [5, 32], [9, 38], [9, 19], [9, 33], [37, 18], [9, 32], [5, 10], [37, 24], [37, 28], [37, 4], [5, 4], [9, 2], [37, 23], [37, 14], [37, 22], [5, 3], [37, 36], [9, 7], [9, 20], [9, 3], [37, 15], [9, 36], [5, 11], [37, 1], [9, 28], [9, 27], [5, 6], [5, 17], [9, 25], [9, 4], [5, 22], [37, 33], [5, 21], [9, 26], [5, 7]]}"
SR-A_seed1_strong-natural-active,70002,No-HT,14,9eac4e82af78e98f,2.9608728429520004,140009.6666666667,-0.0,3.042944277422416,188321.66666666666,-0.0,0.08207143447041565,48311.99999999997,0.0,True,True,True,False,False,"{""repair_order"": [13, 3, 10, 14, 2, 4, 5, 6, 12, 0, 7, 15, 8, 1, 9, 11], ""team_assignment"": [1, 2, 0, 1, 0, 0, 2, 0, 0, 2, 0, 0, 2, 1, 1, 2], ""dispatch_priority"": [[37, 27], [9, 31], [9, 8], [37, 30], [9, 14], [37, 7], [5, 21], [5, 7], [37, 29], [5, 33], [9, 29], [9, 26], [5, 34], [37, 2], [37, 20], [5, 2], [5, 18], [9, 34], [5, 13], [9, 24], [37, 16], [9, 12], [5, 38], [5, 29], [37, 32], [9, 21], [9, 10], [9, 11], [37, 33], [37, 3], [9, 17], [9, 18], [37, 36], [5, 24], [5, 4], [9, 1], [9, 33], [37, 18], [9, 32], [5, 10], [37, 24], [9, 16], [5, 20], [9, 3], [5, 36], [5, 22], [9, 30], [37, 12], [9, 4], [9, 13], [5, 17], [37, 25], [37, 35], [5, 26], [9, 23], [5, 35], [5, 16], [37, 10], [5, 14], [37, 8], [37, 13], [37, 15], [37, 23], [37, 14], [5, 12], [9, 7], [37, 38], [9, 15], [37, 31], [37, 21], [37, 17], [5, 28], [5, 8], [5, 23], [37, 34], [5, 31], [5, 1], [5, 30], [9, 35], [5, 15], [37, 6], [9, 22], [37, 26], [5, 25], [5, 32], [9, 38], [9, 19], [37, 28], [37, 4], [9, 2], [37, 22], [5, 3], [9, 20], [9, 36], [5, 11], [37, 1], [9, 28], [9, 27], [5, 6], [9, 25], [37, 11], [5, 19], [37, 19], [5, 27], [9, 6]]}"
SR-A_seed1_strong-natural-active,70002,No-HT,15,b6ab4c0d6f20925f,2.751660147453994,141176.66666666666,-0.0,2.751660147453994,141504.0,-0.0,0.0,327.33333333334303,0.0,True,False,True,False,False,"{""repair_order"": [14, 6, 10, 15, 1, 7, 13, 8, 12, 5, 9, 3, 2, 0, 4, 11], ""team_assignment"": [0, 1, 0, 1, 2, 0, 1, 0, 2, 2, 0, 0, 2, 1, 1, 1], ""dispatch_priority"": [[9, 8], [9, 10], [5, 2], [9, 18], [9, 17], [37, 18], [9, 31], [37, 32], [5, 38], [9, 6], [37, 30], [9, 14], [37, 7], [9, 28], [5, 29], [9, 21], [9, 36], [5, 34], [37, 2], [9, 11], [37, 33], [37, 20], [5, 18], [5, 21], [5, 7], [37, 29], [5, 33], [9, 29], [5, 11], [9, 26], [9, 34], [5, 13], [9, 24], [9, 20], [37, 16], [9, 12], [37, 3], [9, 16], [5, 20], [5, 36], [5, 22], [9, 30], [37, 12], [9, 13], [5, 17], [37, 25], [37, 35], [5, 26], [9, 23], [5, 35], [5, 16], [37, 10], [5, 14], [37, 8], [37, 13], [37, 23], [37, 14], [5, 12], [37, 38], [9, 15], [37, 31], [37, 21], [5, 25], [9, 32], [37, 27], [5, 32], [37, 6], [37, 26], [37, 36], [5, 24], [5, 4], [37, 15], [9, 7], [37, 4], [37, 11], [9, 1], [9, 3], [9, 4], [37, 17], [5, 28], [5, 8], [5, 23], [37, 34], [5, 31], [5, 1], [5, 30], [9, 35], [5, 15], [9, 22], [9, 38], [9, 19], [9, 33], [5, 10], [37, 24], [37, 22], [37, 28], [37, 1], [9, 2], [9, 27], [9, 25], [5, 19], [5, 3], [37, 19], [5, 27], [5, 6]]}"
SR-A_seed1_strong-natural-active,70002,No-HT,16,1feb46e1df48a409,5.796952515947118,37179.0,-0.0,5.796952515947118,37179.0,-0.0,0.0,0.0,0.0,False,False,False,False,False,"{""repair_order"": [15, 7, 13, 3, 8, 12, 10, 14, 2, 0, 4, 5, 6, 1, 9, 11], ""team_assignment"": [0, 1, 2, 0, 0, 1, 0, 0, 0, 2, 0, 0, 2, 0, 0, 1], ""dispatch_priority"": [[37, 27], [37, 25], [9, 31], [9, 8], [37, 30], [9, 14], [37, 7], [5, 21], [5, 7], [37, 29], [5, 33], [9, 30], [9, 29], [9, 26], [9, 13], [5, 34], [37, 2], [37, 20], [5, 2], [5, 18], [9, 34], [5, 13], [9, 24], [5, 22], [5, 20], [37, 16], [9, 12], [5, 38], [9, 23], [5, 26], [5, 36], [5, 16], [37, 10], [5, 14], [5, 29], [37, 32], [37, 8], [37, 13], [37, 38], [9, 15], [37, 31], [37, 21], [37, 17], [9, 21], [5, 28], [5, 8], [9, 10], [5, 23], [37, 34], [5, 31], [9, 11], [37, 33], [37, 3], [9, 35], [9, 17], [9, 16], [37, 12], [5, 1], [5, 30], [5, 35], [5, 12], [9, 18], [5, 15], [37, 6], [9, 22], [37, 35], [5, 25], [37, 26], [37, 36], [5, 24], [5, 4], [37, 15], [9, 7], [9, 1], [5, 32], [9, 38], [9, 19], [9, 33], [37, 18], [9, 32], [5, 10], [37, 24], [37, 28], [37, 4], [9, 2], [37, 23], [37, 14], [37, 22], [5, 3], [9, 20], [9, 3], [9, 36], [5, 11], [37, 1], [9, 28], [9, 27], [5, 6], [5, 17], [9, 25], [9, 4], [37, 11], [5, 19], [37, 19], [5, 27], [9, 6]]}"
SR-A_seed1_strong-natural-active,70002,No-HT,17,6e0d64db96b46c12,2.966292682577042,126094.33333333334,-0.0,2.966292682577042,131642.6666666667,-0.0,0.0,5548.333333333343,0.0,True,False,True,False,False,"{""repair_order"": [15, 7, 14, 3, 11, 6, 5, 2, 13, 10, 8, 12, 0, 4, 1, 9], ""team_assignment"": [1, 1, 2, 0, 0, 0, 2, 0, 2, 2, 0, 0, 2, 0, 1, 1], ""dispatch_priority"": [[37, 27], [9, 14], [37, 29], [5, 33], [9, 30], [9, 29], [9, 26], [5, 34], [37, 2], [9, 11], [37, 33], [37, 20], [5, 18], [9, 34], [5, 13], [9, 24], [5, 22], [5, 20], [37, 16], [9, 12], [5, 38], [9, 23], [5, 26], [5, 36], [37, 10], [5, 14], [5, 29], [37, 32], [37, 8], [37, 13], [37, 3], [9, 35], [37, 38], [9, 15], [37, 31], [9, 17], [37, 21], [37, 17], [9, 21], [9, 10], [5, 31], [5, 30], [9, 7], [5, 35], [5, 15], [37, 6], [5, 25], [5, 32], [9, 38], [37, 18], [37, 36], [9, 20], [9, 3], [37, 15], [5, 2], [5, 24], [5, 28], [9, 16], [5, 8], [37, 12], [37, 26], [5, 4], [37, 30], [9, 32], [37, 4], [37, 11], [9, 1], [9, 4], [5, 17], [37, 25], [37, 35], [9, 22], [5, 1], [9, 8], [5, 12], [5, 16], [9, 25], [9, 13], [9, 33], [9, 36], [37, 28], [5, 7], [37, 23], [37, 14], [37, 22], [5, 3], [37, 7], [37, 24], [5, 21], [5, 6], [9, 31], [9, 2], [37, 34], [5, 27], [9, 27], [9, 19], [9, 18], [5, 23], [5, 10], [37, 19], [5, 11], [37, 1], [9, 28], [5, 19], [9, 6]]}"
SR-A_seed1_strong-natural-active,70002,No-HT,18,2d2c886ff5efeaaf,2.9670349668419984,119863.66666666666,-0.0,2.9670349668419984,122067.66666666667,-0.0,0.0,2204.0000000000146,0.0,True,False,True,False,False,"{""repair_order"": [15, 13, 3, 10, 14, 2, 0, 8, 12, 5, 7, 4, 6, 1, 9, 11], ""team_assignment"": [1, 1, 2, 0, 0, 1, 2, 0, 2, 2, 0, 2, 2, 1, 0, 1], ""dispatch_priority"": [[37, 25], [5, 19], [5, 15], [5, 31], [9, 6], [5, 25], [37, 29], [5, 33], [9, 30], [9, 29], [5, 11], [37, 27], [5, 32], [37, 6], [9, 26], [9, 28], [5, 29], [9, 21], [9, 36], [5, 34], [37, 2], [9, 11], [37, 33], [37, 20], [5, 18], [9, 34], [5, 13], [9, 24], [5, 22], [5, 20], [9, 20], [37, 16], [9, 12], [5, 38], [37, 36], [9, 23], [5, 35], [5, 26], [5, 36], [37, 10], [5, 14], [37, 32], [37, 8], [37, 13], [37, 15], [37, 3], [9, 35], [37, 38], [9, 15], [37, 31], [9, 17], [37, 21], [37, 17], [5, 24], [9, 31], [9, 8], [37, 30], [9, 14], [37, 7], [5, 21], [5, 7], [9, 13], [5, 2], [5, 16], [5, 28], [5, 8], [9, 10], [5, 23], [37, 34], [9, 16], [37, 12], [5, 1], [5, 30], [5, 12], [9, 18], [9, 22], [37, 35], [37, 26], [5, 4], [9, 7], [9, 1], [9, 38], [9, 19], [9, 33], [37, 18], [9, 32], [5, 10], [37, 24], [37, 28], [37, 4], [9, 2], [37, 23], [37, 14], [37, 22], [5, 3], [9, 3], [37, 1], [9, 27], [5, 6], [5, 17], [9, 25], [9, 4], [37, 11], [37, 19], [5, 27]]}"
SR-A_seed1_strong-natural-active,70002,No-HT,19,e4f044504b1e28c5,2.7489369241681185,141913.16666666666,-0.0,2.7489369241681185,141913.8333333333,-0.0,0.0,0.6666666666569654,0.0,True,False,True,False,False,"{""repair_order"": [15, 14, 10, 3, 11, 6, 1, 13, 8, 12, 5, 2, 9, 4, 0, 7], ""team_assignment"": [1, 2, 0, 0, 0, 0, 1, 0, 2, 2, 0, 0, 2, 1, 1, 1], ""dispatch_priority"": [[9, 36], [37, 25], [9, 31], [9, 8], [37, 30], [9, 14], [5, 21], [5, 7], [37, 29], [5, 33], [9, 30], [9, 29], [9, 26], [9, 13], [5, 34], [37, 2], [9, 11], [37, 33], [37, 20], [5, 2], [5, 18], [9, 34], [5, 13], [9, 24], [5, 22], [5, 20], [37, 16], [9, 12], [5, 38], [9, 23], [5, 26], [5, 36], [5, 16], [37, 10], [5, 14], [5, 29], [37, 32], [37, 8], [37, 13], [37, 3], [9, 35], [37, 38], [9, 15], [37, 31], [9, 17], [37, 21], [37, 17], [9, 21], [5, 28], [9, 16], [5, 8], [37, 12], [9, 10], [5, 23], [37, 34], [9, 38], [5, 19], [5, 15], [5, 31], [37, 28], [9, 6], [5, 25], [9, 32], [37, 27], [5, 32], [37, 6], [37, 26], [37, 36], [5, 24], [5, 4], [37, 15], [9, 7], [37, 4], [37, 11], [9, 1], [9, 3], [9, 4], [5, 17], [37, 35], [9, 22], [5, 35], [5, 1], [37, 23], [37, 14], [37, 22], [5, 3], [37, 7], [5, 12], [9, 28], [5, 11], [37, 24], [9, 25], [5, 6], [9, 2], [5, 27], [9, 27], [9, 19], [9, 18], [5, 10], [37, 19], [5, 30], [37, 1], [9, 33], [9, 20], [37, 18]]}"
SR-A_seed1_strong-natural-active,70002,No-HT,20,f9196cfdbcf7d58e,5.480554792848588,107962.0,-0.0,5.480554792848588,107962.0,-0.0,0.0,0.0,0.0,False,False,False,False,False,"{""repair_order"": [15, 14, 11, 6, 8, 12, 10, 1, 13, 5, 2, 9, 7, 3, 4, 0], ""team_assignment"": [0, 1, 0, 0, 0, 0, 0, 0, 0, 2, 0, 0, 2, 0, 0, 0], ""dispatch_priority"": [[37, 27], [9, 8], [9, 31], [9, 6], [9, 14], [37, 7], [5, 21], [5, 7], [5, 33], [9, 30], [9, 29], [9, 26], [9, 13], [5, 34], [37, 2], [9, 11], [37, 33], [37, 20], [5, 2], [5, 18], [9, 34], [5, 13], [9, 24], [5, 22], [5, 20], [37, 16], [9, 12], [5, 38], [9, 23], [5, 26], [5, 36], [5, 16], [37, 10], [5, 14], [5, 29], [37, 32], [37, 8], [37, 13], [37, 38], [9, 15], [37, 31], [37, 21], [37, 17], [9, 21], [5, 28], [5, 8], [9, 10], [5, 23], [37, 34], [5, 31], [5, 1], [5, 30], [9, 7], [5, 24], [5, 35], [5, 12], [9, 18], [37, 23], [37, 3], [37, 14], [9, 35], [9, 17], [37, 30], [9, 32], [37, 4], [37, 11], [9, 1], [9, 16], [37, 12], [9, 4], [5, 17], [37, 25], [37, 35], [9, 22], [5, 3], [5, 15], [37, 6], [37, 26], [5, 25], [5, 32], [9, 38], [9, 19], [9, 33], [37, 18], [5, 10], [37, 24], [37, 28], [5, 4], [9, 2], [37, 22], [37, 36], [9, 20], [9, 3], [37, 15], [9, 36], [5, 11], [37, 1], [9, 28], [9, 27], [5, 6], [9, 25], [5, 19], [37, 29], [37, 19], [5, 27]]}"
SR-A_seed1_strong-natural-active,70002,No-HT,21,384f860fc7db232c,2.9659835445883296,130802.66666666666,-0.0,2.9659835445883296,131789.33333333334,-0.0,0.0,986.6666666666861,0.0,True,False,True,False,False,"{""repair_order"": [15, 14, 11, 6, 10, 1, 13, 8, 12, 5, 2, 0, 4, 3, 9, 7], ""team_assignment"": [0, 1, 0, 2, 2, 1, 0, 0, 0, 2, 0, 0, 2, 0, 1, 0], ""dispatch_priority"": [[9, 36], [37, 25], [9, 31], [9, 8], [37, 30], [9, 14], [37, 7], [5, 21], [5, 7], [37, 29], [5, 33], [9, 30], [9, 29], [9, 26], [9, 13], [5, 34], [37, 2], [9, 11], [37, 33], [37, 20], [5, 2], [5, 18], [9, 34], [5, 13], [9, 24], [5, 22], [5, 20], [37, 16], [9, 12], [5, 38], [9, 23], [5, 26], [5, 36], [5, 16], [37, 10], [5, 14], [5, 29], [37, 32], [37, 8], [37, 13], [37, 3], [9, 35], [37, 38], [9, 15], [37, 31], [9, 17], [37, 21], [37, 17], [9, 21], [5, 28], [9, 16], [5, 8], [37, 12], [9, 10], [5, 23], [37, 34], [5, 19], [5, 15], [5, 31], [9, 6], [9, 32], [37, 27], [37, 6], [5, 24], [37, 15], [9, 7], [37, 4], [37, 11], [9, 1], [9, 4], [5, 17], [37, 35], [9, 22], [5, 3], [5, 35], [5, 1], [5, 12], [37, 26], [5, 25], [5, 32], [9, 38], [9, 19], [9, 33], [37, 18], [5, 10], [37, 24], [37, 28], [5, 4], [9, 2], [37, 22], [37, 36], [9, 20], [9, 3], [9, 28], [5, 11], [9, 25], [5, 6], [37, 23], [5, 27], [9, 27], [9, 18], [37, 19], [5, 30], [37, 1], [37, 14]]}"
SR-A_seed1_strong-natural-active,70002,No-HT,22,0a7609dfe7485586,2.7485029123185827,146665.33333333334,-0.0,2.7485029123185827,152183.6666666667,-0.0,0.0,5518.333333333343,0.0,True,False,True,False,False,"{""repair_order"": [15, 14, 11, 6, 10, 1, 13, 8, 12, 5, 2, 9, 4, 3, 0, 7], ""team_assignment"": [0, 2, 0, 2, 2, 1, 1, 0, 0, 2, 0, 0, 2, 0, 1, 1], ""dispatch_priority"": [[9, 36], [37, 25], [9, 31], [9, 8], [37, 30], [9, 14], [37, 7], [5, 21], [5, 7], [37, 29], [5, 33], [9, 30], [9, 29], [9, 26], [9, 13], [5, 34], [37, 2], [9, 11], [37, 33], [37, 20], [5, 2], [5, 18], [9, 34], [5, 13], [9, 24], [5, 22], [5, 20], [37, 16], [9, 12], [5, 38], [9, 23], [5, 26], [5, 36], [5, 16], [37, 10], [5, 14], [5, 29], [37, 32], [37, 8], [37, 13], [37, 3], [9, 35], [37, 38], [9, 15], [37, 31], [9, 17], [37, 21], [37, 17], [9, 21], [5, 28], [9, 16], [5, 8], [37, 12], [9, 10], [5, 23], [37, 34], [9, 38], [5, 19], [5, 15], [5, 31], [37, 28], [9, 6], [5, 25], [9, 32], [37, 27], [5, 32], [37, 6], [37, 26], [37, 36], [5, 24], [5, 4], [37, 15], [9, 7], [37, 4], [37, 11], [9, 1], [9, 3], [9, 4], [5, 17], [37, 35], [9, 22], [5, 3], [5, 35], [5, 1], [5, 12], [9, 28], [5, 11], [37, 24], [9, 25], [5, 6], [9, 2], [37, 23], [5, 27], [9, 27], [9, 19], [9, 18], [37, 22], [5, 10], [37, 19], [5, 30], [37, 1], [9, 33], [37, 14], [9, 20], [37, 18]]}"
SR-A_seed1_strong-natural-active,70002,No-HT,23,ebcc862ecdc0eb13,2.748116561344851,164534.0,-0.0,2.748116561344851,168055.6666666667,-0.0,0.0,3521.666666666686,0.0,True,False,True,False,False,"{""repair_order"": [15, 14, 11, 6, 10, 1, 13, 8, 12, 5, 2, 9, 7, 3, 0, 4], ""team_assignment"": [0, 2, 2, 2, 2, 1, 0, 0, 0, 2, 0, 0, 2, 0, 1, 1], ""dispatch_priority"": [[37, 27], [37, 25], [9, 31], [9, 8], [37, 30], [9, 14], [37, 7], [5, 21], [5, 7], [37, 29], [5, 33], [9, 30], [9, 29], [9, 26], [9, 13], [5, 34], [37, 2], [9, 11], [37, 33], [37, 20], [5, 2], [5, 18], [9, 34], [5, 13], [9, 24], [5, 22], [5, 20], [37, 16], [9, 12], [5, 38], [9, 23], [5, 26], [5, 36], [5, 16], [37, 10], [5, 14], [5, 29], [37, 32], [37, 8], [37, 13], [37, 38], [9, 15], [37, 31], [37, 21], [37, 17], [9, 21], [5, 28], [5, 8], [9, 10], [5, 23], [37, 34], [5, 31], [37, 3], [9, 35], [9, 17], [9, 16], [37, 12], [5, 1], [5, 30], [5, 35], [5, 12], [9, 18], [5, 15], [37, 6], [9, 22], [37, 35], [5, 25], [37, 26], [37, 36], [5, 24], [5, 4], [37, 15], [9, 7], [9, 1], [5, 32], [9, 38], [9, 19], [9, 33], [37, 18], [9, 32], [5, 10], [37, 24], [37, 28], [37, 4], [9, 2], [37, 23], [37, 14], [37, 22], [5, 3], [9, 20], [9, 3], [9, 36], [5, 11], [37, 1], [9, 28], [9, 27], [5, 6], [5, 17], [9, 25], [9, 4], [37, 11], [5, 19], [37, 19], [5, 27], [9, 6]]}"
SR-A_seed1_strong-natural-active,70002,No-HT,24,3494a07d7b8c39c3,2.965345052311779,134575.83333333334,-0.0,2.9662309488388026,137152.8333333333,-0.0,0.000885896527023533,2576.999999999971,0.0,True,True,True,False,False,"{""repair_order"": [15, 14, 11, 6, 10, 1, 13, 8, 12, 5, 4, 2, 9, 3, 0, 7], ""team_assignment"": [0, 1, 0, 0, 2, 1, 0, 0, 0, 2, 0, 0, 2, 0, 0, 1], ""dispatch_priority"": [[9, 36], [37, 25], [9, 31], [9, 8], [37, 30], [9, 14], [37, 7], [5, 21], [5, 7], [37, 29], [5, 33], [9, 30], [9, 29], [9, 26], [9, 13], [5, 34], [37, 2], [37, 20], [5, 2], [5, 18], [9, 34], [5, 13], [9, 24], [5, 22], [5, 20], [37, 16], [9, 12], [5, 38], [9, 23], [5, 26], [5, 36], [5, 16], [37, 10], [5, 14], [5, 29], [37, 32], [37, 8], [37, 13], [37, 38], [9, 15], [37, 31], [37, 21], [37, 17], [9, 21], [5, 28], [5, 8], [9, 10], [5, 23], [37, 34], [5, 31], [9, 11], [37, 33], [37, 3], [9, 35], [9, 17], [9, 16], [37, 12], [9, 38], [5, 19], [5, 15], [37, 28], [9, 6], [5, 25], [9, 32], [37, 27], [5, 32], [37, 6], [37, 26], [37, 36], [5, 24], [5, 4], [37, 15], [9, 7], [37, 4], [37, 11], [9, 1], [9, 3], [9, 4], [5, 17], [37, 35], [9, 22], [5, 3], [5, 35], [5, 1], [5, 12], [9, 28], [5, 11], [37, 24], [9, 25], [5, 6], [9, 2], [37, 23], [5, 27], [9, 27], [9, 19], [9, 18], [37, 22], [5, 10], [37, 19], [5, 30], [37, 1], [9, 33], [37, 14], [9, 20], [37, 18]]}"
SR-A_seed1_strong-natural-active,70002,No-HT,25,2daccc434ef57ce0,4.226880892664507,114382.0,-0.0,4.226880892664507,114382.0,-0.0,0.0,0.0,0.0,False,False,False,False,False,"{""repair_order"": [15, 14, 11, 6, 10, 1, 13, 8, 12, 5, 7, 3, 2, 0, 4, 9], ""team_assignment"": [1, 1, 0, 0, 0, 0, 2, 0, 2, 2, 0, 2, 2, 1, 0, 1], ""dispatch_priority"": [[9, 38], [5, 19], [5, 15], [5, 31], [9, 6], [5, 25], [37, 29], [5, 33], [9, 30], [9, 29], [5, 11], [37, 27], [5, 32], [37, 6], [9, 26], [9, 28], [5, 29], [9, 21], [9, 36], [5, 34], [37, 2], [9, 11], [37, 33], [37, 20], [5, 18], [9, 34], [5, 13], [9, 24], [5, 22], [5, 20], [9, 20], [37, 16], [9, 12], [5, 38], [37, 36], [9, 23], [5, 35], [5, 26], [5, 36], [37, 10], [5, 14], [37, 32], [37, 8], [37, 13], [37, 15], [37, 3], [9, 35], [37, 38], [9, 15], [37, 31], [9, 17], [37, 21], [37, 17], [5, 24], [5, 28], [9, 16], [5, 8], [37, 12], [37, 26], [5, 4], [37, 30], [9, 32], [37, 25], [37, 35], [9, 22], [5, 1], [9, 8], [5, 12], [5, 16], [9, 25], [9, 13], [9, 33], [9, 7], [37, 4], [37, 11], [9, 1], [9, 3], [9, 4], [5, 17], [5, 2], [37, 28], [5, 7], [37, 23], [37, 14], [37, 22], [5, 3], [37, 7], [37, 24], [5, 21], [5, 6], [9, 31], [9, 2], [37, 34], [5, 27], [9, 27], [9, 19], [9, 18], [5, 23], [5, 10], [37, 19], [5, 30], [37, 1], [9, 10], [9, 14], [37, 18]]}"
