case_id,scenario_family,zone,instance_seed,solver_seed,solver_repeat,model_id,model,run_key,physical_instance_hash,point_index,F1,F2,F3
WEN38,benchmark,original,1,60000,0,PR0_HT1_EC1,No-PR,WEN38:i1:nsga2:s60000:r0:PR0_HT1_EC1:b9f998d6cc5d,cf9bc95d906238978e0c5ab26a1947d4104e026d3bac972323bf05453ec86ca7,0,2.460869302565837,129014.0,-0.0
WEN38,benchmark,original,1,60000,0,PR0_HT1_EC1,No-PR,WEN38:i1:nsga2:s60000:r0:PR0_HT1_EC1:b9f998d6cc5d,cf9bc95d906238978e0c5ab26a1947d4104e026d3bac972323bf05453ec86ca7,1,2.4641011541628393,113961.33333333333,-0.0
WEN38,benchmark,original,1,60000,0,PR0_HT1_EC1,No-PR,WEN38:i1:nsga2:s60000:r0:PR0_HT1_EC1:b9f998d6cc5d,cf9bc95d906238978e0c5ab26a1947d4104e026d3bac972323bf05453ec86ca7,2,2.5387754996522807,188717.83333333334,-0.07405908539294614
WEN38,benchmark,original,1,60000,0,PR0_HT1_EC1,No-PR,WEN38:i1:nsga2:s60000:r0:PR0_HT1_EC1:b9f998d6cc5d,cf9bc95d906238978e0c5ab26a1947d4104e026d3bac972323bf05453ec86ca7,3,2.5471726915208928,131415.0,-0.044676409186649835
WEN38,benchmark,original,1,60000,0,PR0_HT1_EC1,No-PR,WEN38:i1:nsga2:s60000:r0:PR0_HT1_EC1:b9f998d6cc5d,cf9bc95d906238978e0c5ab26a1947d4104e026d3bac972323bf05453ec86ca7,4,2.566376532738068,169809.6666666667,-0.05998356614873046
WEN38,benchmark,original,1,60000,0,PR0_HT1_EC1,No-PR,WEN38:i1:nsga2:s60000:r0:PR0_HT1_EC1:b9f998d6cc5d,cf9bc95d906238978e0c5ab26a1947d4104e026d3bac972323bf05453ec86ca7,5,2.577172855877801,163635.0,-0.05998356614691147
WEN38,benchmark,original,1,60000,0,PR0_HT1_EC1,No-PR,WEN38:i1:nsga2:s60000:r0:PR0_HT1_EC1:b9f998d6cc5d,cf9bc95d906238978e0c5ab26a1947d4104e026d3bac972323bf05453ec86ca7,6,2.5858450421375947,172048.5,-0.06267922982442542
WEN38,benchmark,original,1,60000,0,PR0_HT1_EC1,No-PR,WEN38:i1:nsga2:s60000:r0:PR0_HT1_EC1:b9f998d6cc5d,cf9bc95d906238978e0c5ab26a1947d4104e026d3bac972323bf05453ec86ca7,7,2.5969414452804678,103753.0,-0.05998356614873046
WEN38,benchmark,original,1,60000,0,PR0_HT1_EC1,No-PR,WEN38:i1:nsga2:s60000:r0:PR0_HT1_EC1:b9f998d6cc5d,cf9bc95d906238978e0c5ab26a1947d4104e026d3bac972323bf05453ec86ca7,8,2.6575653862140713,160089.83333333334,-0.1825652018596884
WEN38,benchmark,original,1,60000,0,PR0_HT1_EC1,No-PR,WEN38:i1:nsga2:s60000:r0:PR0_HT1_EC1:b9f998d6cc5d,cf9bc95d906238978e0c5ab26a1947d4104e026d3bac972323bf05453ec86ca7,9,2.677972321823473,140702.0,-0.07405908539203665
WEN38,benchmark,original,1,60000,0,PR0_HT1_EC1,No-PR,WEN38:i1:nsga2:s60000:r0:PR0_HT1_EC1:b9f998d6cc5d,cf9bc95d906238978e0c5ab26a1947d4104e026d3bac972323bf05453ec86ca7,10,2.6871543302254386,161031.3333333333,-0.24326123128321342
WEN38,benchmark,original,1,60000,0,PR0_HT1_EC1,No-PR,WEN38:i1:nsga2:s60000:r0:PR0_HT1_EC1:b9f998d6cc5d,cf9bc95d906238978e0c5ab26a1947d4104e026d3bac972323bf05453ec86ca7,11,2.7469262888987744,130938.66666666667,-0.07405908539112716
WEN38,benchmark,original,1,60000,0,PR1_HT0_EC1,No-HT,WEN38:i1:nsga2:s60000:r0:PR1_HT0_EC1:ed89f90c2cee,cf9bc95d906238978e0c5ab26a1947d4104e026d3bac972323bf05453ec86ca7,0,2.461025863688497,123600.66666666667,-0.0
WEN38,benchmark,original,1,60000,0,PR1_HT0_EC1,No-HT,WEN38:i1:nsga2:s60000:r0:PR1_HT0_EC1:ed89f90c2cee,cf9bc95d906238978e0c5ab26a1947d4104e026d3bac972323bf05453ec86ca7,1,2.462430999719607,143920.33333333334,-0.445542109163398
WEN38,benchmark,original,1,60000,0,PR1_HT0_EC1,No-HT,WEN38:i1:nsga2:s60000:r0:PR1_HT0_EC1:ed89f90c2cee,cf9bc95d906238978e0c5ab26a1947d4104e026d3bac972323bf05453ec86ca7,2,2.464370959929207,108721.33333333334,-0.0
WEN38,benchmark,original,1,60000,0,PR1_HT0_EC1,No-HT,WEN38:i1:nsga2:s60000:r0:PR1_HT0_EC1:ed89f90c2cee,cf9bc95d906238978e0c5ab26a1947d4104e026d3bac972323bf05453ec86ca7,3,2.4652372501390794,102928.5,-0.0
WEN38,benchmark,original,1,60000,0,PR1_HT0_EC1,No-HT,WEN38:i1:nsga2:s60000:r0:PR1_HT0_EC1:ed89f90c2cee,cf9bc95d906238978e0c5ab26a1947d4104e026d3bac972323bf05453ec86ca7,4,2.4728946784149795,100641.66666666667,-0.0
WEN38,benchmark,original,1,60000,0,PR1_HT0_EC1,No-HT,WEN38:i1:nsga2:s60000:r0:PR1_HT0_EC1:ed89f90c2cee,cf9bc95d906238978e0c5ab26a1947d4104e026d3bac972323bf05453ec86ca7,5,2.4976886485682535,94120.66666666667,-0.0
WEN38,benchmark,original,1,60000,0,PR1_HT0_EC1,No-HT,WEN38:i1:nsga2:s60000:r0:PR1_HT0_EC1:ed89f90c2cee,cf9bc95d906238978e0c5ab26a1947d4104e026d3bac972323bf05453ec86ca7,6,2.518693996515501,107705.66666666667,-0.0026155187479162123
WEN38,benchmark,original,1,60000,0,PR1_HT0_EC1,No-HT,WEN38:i1:nsga2:s60000:r0:PR1_HT0_EC1:ed89f90c2cee,cf9bc95d906238978e0c5ab26a1947d4104e026d3bac972323bf05453ec86ca7,7,2.549726032491752,128901.50000000001,-0.07405908539294614
WEN38,benchmark,original,1,60000,0,PR1_HT0_EC1,No-HT,WEN38:i1:nsga2:s60000:r0:PR1_HT0_EC1:ed89f90c2cee,cf9bc95d906238978e0c5ab26a1947d4104e026d3bac972323bf05453ec86ca7,8,2.561442897805704,115254.16666666667,-0.15353311136004777
WEN38,benchmark,original,1,60000,0,PR1_HT0_EC1,No-HT,WEN38:i1:nsga2:s60000:r0:PR1_HT0_EC1:ed89f90c2cee,cf9bc95d906238978e0c5ab26a1947d4104e026d3bac972323bf05453ec86ca7,9,2.648440651982799,122484.33333333334,-0.2798237330835036
WEN38,benchmark,original,1,60000,0,PR1_HT0_EC1,No-HT,WEN38:i1:nsga2:s60000:r0:PR1_HT0_EC1:ed89f90c2cee,cf9bc95d906238978e0c5ab26a1947d4104e026d3bac972323bf05453ec86ca7,10,2.668756300925935,98288.16666666667,-0.15353311136004777
WEN38,benchmark,original,1,60000,0,PR1_HT0_EC1,No-HT,WEN38:i1:nsga2:s60000:r0:PR1_HT0_EC1:ed89f90c2cee,cf9bc95d906238978e0c5ab26a1947d4104e026d3bac972323bf05453ec86ca7,11,2.769935102309254,120883.5,-0.34591194968743366
WEN38,benchmark,original,1,60000,0,PR1_HT0_EC1,No-HT,WEN38:i1:nsga2:s60000:r0:PR1_HT0_EC1:ed89f90c2cee,cf9bc95d906238978e0c5ab26a1947d4104e026d3bac972323bf05453ec86ca7,12,2.782859773640217,98546.83333333334,-0.3385371494669016
WEN38,benchmark,original,1,60000,0,PR1_HT0_EC1,No-HT,WEN38:i1:nsga2:s60000:r0:PR1_HT0_EC1:ed89f90c2cee,cf9bc95d906238978e0c5ab26a1947d4104e026d3bac972323bf05453ec86ca7,13,2.8210419139659972,93505.66666666667,-0.1825652018596884
WEN38,benchmark,original,1,60000,0,PR1_HT0_EC1,No-HT,WEN38:i1:nsga2:s60000:r0:PR1_HT0_EC1:ed89f90c2cee,cf9bc95d906238978e0c5ab26a1947d4104e026d3bac972323bf05453ec86ca7,14,2.8545001842294964,126028.66666666667,-0.40057636887740955
WEN38,benchmark,original,1,60000,0,PR1_HT0_EC1,No-HT,WEN38:i1:nsga2:s60000:r0:PR1_HT0_EC1:ed89f90c2cee,cf9bc95d906238978e0c5ab26a1947d4104e026d3bac972323bf05453ec86ca7,15,2.9269951386295685,93383.66666666667,-0.07405908539294614
WEN38,benchmark,original,1,60000,0,PR1_HT0_EC1,No-HT,WEN38:i1:nsga2:s60000:r0:PR1_HT0_EC1:ed89f90c2cee,cf9bc95d906238978e0c5ab26a1947d4104e026d3bac972323bf05453ec86ca7,16,2.944447300216542,86745.33333333334,-0.0
WEN38,benchmark,original,1,60000,0,PR1_HT0_EC1,No-HT,WEN38:i1:nsga2:s60000:r0:PR1_HT0_EC1:ed89f90c2cee,cf9bc95d906238978e0c5ab26a1947d4104e026d3bac972323bf05453ec86ca7,17,2.9530404965316848,82469.33333333334,-0.04467640918755933
WEN38,benchmark,original,1,60000,0,PR1_HT1_EC0,No-EC,WEN38:i1:nsga2:s60000:r0:PR1_HT1_EC0:233634bab1fc,cf9bc95d906238978e0c5ab26a1947d4104e026d3bac972323bf05453ec86ca7,0,2.460869941929812,122940.33333333333,-0.0
WEN38,benchmark,original,1,60000,0,PR1_HT1_EC0,No-EC,WEN38:i1:nsga2:s60000:r0:PR1_HT1_EC0:233634bab1fc,cf9bc95d906238978e0c5ab26a1947d4104e026d3bac972323bf05453ec86ca7,1,2.4636498837653784,105643.33333333333,-0.0
WEN38,benchmark,original,1,60000,0,PR1_HT1_EC0,No-EC,WEN38:i1:nsga2:s60000:r0:PR1_HT1_EC0:233634bab1fc,cf9bc95d906238978e0c5ab26a1947d4104e026d3bac972323bf05453ec86ca7,2,2.4659920070583734,104801.66666666666,-0.0
WEN38,benchmark,original,1,60000,0,PR1_HT1_EC0,No-EC,WEN38:i1:nsga2:s60000:r0:PR1_HT1_EC0:233634bab1fc,cf9bc95d906238978e0c5ab26a1947d4104e026d3bac972323bf05453ec86ca7,3,2.468174745302771,104723.66666666666,-0.0
WEN38,benchmark,original,1,60000,0,PR1_HT1_EC0,No-EC,WEN38:i1:nsga2:s60000:r0:PR1_HT1_EC0:233634bab1fc,cf9bc95d906238978e0c5ab26a1947d4104e026d3bac972323bf05453ec86ca7,4,2.4856404557963767,104199.33333333333,-0.0
WEN38,benchmark,original,1,60000,0,PR1_HT1_EC0,No-EC,WEN38:i1:nsga2:s60000:r0:PR1_HT1_EC0:233634bab1fc,cf9bc95d906238978e0c5ab26a1947d4104e026d3bac972323bf05453ec86ca7,5,2.517355551473173,101013.33333333334,-0.0
WEN38,benchmark,original,1,60000,0,PR1_HT1_EC0,No-EC,WEN38:i1:nsga2:s60000:r0:PR1_HT1_EC0:233634bab1fc,cf9bc95d906238978e0c5ab26a1947d4104e026d3bac972323bf05453ec86ca7,6,2.564130888114944,99899.5,-0.0
WEN38,benchmark,original,1,60000,0,PR1_HT1_EC0,No-EC,WEN38:i1:nsga2:s60000:r0:PR1_HT1_EC0:233634bab1fc,cf9bc95d906238978e0c5ab26a1947d4104e026d3bac972323bf05453ec86ca7,7,2.565902681169515,98028.16666666667,-0.0
WEN38,benchmark,original,1,60000,0,PR1_HT1_EC0,No-EC,WEN38:i1:nsga2:s60000:r0:PR1_HT1_EC0:233634bab1fc,cf9bc95d906238978e0c5ab26a1947d4104e026d3bac972323bf05453ec86ca7,8,2.567061111632916,162625.66666666666,-0.07405908539112716
WEN38,benchmark,original,1,60000,0,PR1_HT1_EC0,No-EC,WEN38:i1:nsga2:s60000:r0:PR1_HT1_EC0:233634bab1fc,cf9bc95d906238978e0c5ab26a1947d4104e026d3bac972323bf05453ec86ca7,9,2.5738376443132864,156988.5,-0.06267922982624441
WEN38,benchmark,original,1,60000,0,PR1_HT1_EC0,No-EC,WEN38:i1:nsga2:s60000:r0:PR1_HT1_EC0:233634bab1fc,cf9bc95d906238978e0c5ab26a1947d4104e026d3bac972323bf05453ec86ca7,10,2.575588914858886,157304.33333333334,-0.07405908539294614
WEN38,benchmark,original,1,60000,0,PR1_HT1_EC0,No-EC,WEN38:i1:nsga2:s60000:r0:PR1_HT1_EC0:233634bab1fc,cf9bc95d906238978e0c5ab26a1947d4104e026d3bac972323bf05453ec86ca7,11,2.577834698758217,148007.0,-0.3079249848779
WEN38,benchmark,original,1,60000,0,PR1_HT1_EC0,No-EC,WEN38:i1:nsga2:s60000:r0:PR1_HT1_EC0:233634bab1fc,cf9bc95d906238978e0c5ab26a1947d4104e026d3bac972323bf05453ec86ca7,12,2.615424297044368,95595.66666666667,-0.0
WEN38,benchmark,original,1,60000,0,PR1_HT1_EC0,No-EC,WEN38:i1:nsga2:s60000:r0:PR1_HT1_EC0:233634bab1fc,cf9bc95d906238978e0c5ab26a1947d4104e026d3bac972323bf05453ec86ca7,13,2.623936721466862,138323.6666666667,-0.27640733712996735
WEN38,benchmark,original,1,60000,0,PR1_HT1_EC0,No-EC,WEN38:i1:nsga2:s60000:r0:PR1_HT1_EC0:233634bab1fc,cf9bc95d906238978e0c5ab26a1947d4104e026d3bac972323bf05453ec86ca7,14,2.625708514521433,137953.0,-0.27640733712996735
WEN38,benchmark,original,1,60000,0,PR1_HT1_EC0,No-EC,WEN38:i1:nsga2:s60000:r0:PR1_HT1_EC0:233634bab1fc,cf9bc95d906238978e0c5ab26a1947d4104e026d3bac972323bf05453ec86ca7,15,2.6443045238338136,115276.66666666669,-0.4349222030141391
WEN38,benchmark,original,1,60000,0,PR1_HT1_EC0,No-EC,WEN38:i1:nsga2:s60000:r0:PR1_HT1_EC0:233634bab1fc,cf9bc95d906238978e0c5ab26a1947d4104e026d3bac972323bf05453ec86ca7,16,2.6513031063993626,94550.66666666667,-0.0
WEN38,benchmark,original,1,60000,0,PR1_HT1_EC0,No-EC,WEN38:i1:nsga2:s60000:r0:PR1_HT1_EC0:233634bab1fc,cf9bc95d906238978e0c5ab26a1947d4104e026d3bac972323bf05453ec86ca7,17,2.813422170893209,100573.66666666669,-0.3947089947105269
WEN38,benchmark,original,1,60000,0,PR1_HT1_EC1,Full,WEN38:i1:nsga2:s60000:r0:PR1_HT1_EC1:ac79a73486e1,cf9bc95d906238978e0c5ab26a1947d4104e026d3bac972323bf05453ec86ca7,0,2.460869941929812,122940.33333333333,-0.0
WEN38,benchmark,original,1,60000,0,PR1_HT1_EC1,Full,WEN38:i1:nsga2:s60000:r0:PR1_HT1_EC1:ac79a73486e1,cf9bc95d906238978e0c5ab26a1947d4104e026d3bac972323bf05453ec86ca7,1,2.4636498837653784,105643.33333333333,-0.0
WEN38,benchmark,original,1,60000,0,PR1_HT1_EC1,Full,WEN38:i1:nsga2:s60000:r0:PR1_HT1_EC1:ac79a73486e1,cf9bc95d906238978e0c5ab26a1947d4104e026d3bac972323bf05453ec86ca7,2,2.4659920070583734,104801.66666666666,-0.0
WEN38,benchmark,original,1,60000,0,PR1_HT1_EC1,Full,WEN38:i1:nsga2:s60000:r0:PR1_HT1_EC1:ac79a73486e1,cf9bc95d906238978e0c5ab26a1947d4104e026d3bac972323bf05453ec86ca7,3,2.468174745302771,104723.66666666666,-0.0
WEN38,benchmark,original,1,60000,0,PR1_HT1_EC1,Full,WEN38:i1:nsga2:s60000:r0:PR1_HT1_EC1:ac79a73486e1,cf9bc95d906238978e0c5ab26a1947d4104e026d3bac972323bf05453ec86ca7,4,2.4856404557963767,104199.33333333333,-0.0
WEN38,benchmark,original,1,60000,0,PR1_HT1_EC1,Full,WEN38:i1:nsga2:s60000:r0:PR1_HT1_EC1:ac79a73486e1,cf9bc95d906238978e0c5ab26a1947d4104e026d3bac972323bf05453ec86ca7,5,2.517355551473173,101013.33333333334,-0.0
WEN38,benchmark,original,1,60000,0,PR1_HT1_EC1,Full,WEN38:i1:nsga2:s60000:r0:PR1_HT1_EC1:ac79a73486e1,cf9bc95d906238978e0c5ab26a1947d4104e026d3bac972323bf05453ec86ca7,6,2.564130888114944,99899.5,-0.0
WEN38,benchmark,original,1,60000,0,PR1_HT1_EC1,Full,WEN38:i1:nsga2:s60000:r0:PR1_HT1_EC1:ac79a73486e1,cf9bc95d906238978e0c5ab26a1947d4104e026d3bac972323bf05453ec86ca7,7,2.565902681169515,98028.16666666667,-0.0
WEN38,benchmark,original,1,60000,0,PR1_HT1_EC1,Full,WEN38:i1:nsga2:s60000:r0:PR1_HT1_EC1:ac79a73486e1,cf9bc95d906238978e0c5ab26a1947d4104e026d3bac972323bf05453ec86ca7,8,2.567061111632916,162625.66666666666,-0.07405908539112716
WEN38,benchmark,original,1,60000,0,PR1_HT1_EC1,Full,WEN38:i1:nsga2:s60000:r0:PR1_HT1_EC1:ac79a73486e1,cf9bc95d906238978e0c5ab26a1947d4104e026d3bac972323bf05453ec86ca7,9,2.5738376443132864,156988.5,-0.06267922982624441
WEN38,benchmark,original,1,60000,0,PR1_HT1_EC1,Full,WEN38:i1:nsga2:s60000:r0:PR1_HT1_EC1:ac79a73486e1,cf9bc95d906238978e0c5ab26a1947d4104e026d3bac972323bf05453ec86ca7,10,2.575588914858886,157304.33333333334,-0.07405908539294614
WEN38,benchmark,original,1,60000,0,PR1_HT1_EC1,Full,WEN38:i1:nsga2:s60000:r0:PR1_HT1_EC1:ac79a73486e1,cf9bc95d906238978e0c5ab26a1947d4104e026d3bac972323bf05453ec86ca7,11,2.577834698758217,148007.0,-0.3079249848779
WEN38,benchmark,original,1,60000,0,PR1_HT1_EC1,Full,WEN38:i1:nsga2:s60000:r0:PR1_HT1_EC1:ac79a73486e1,cf9bc95d906238978e0c5ab26a1947d4104e026d3bac972323bf05453ec86ca7,12,2.615424297044368,95595.66666666667,-0.0
WEN38,benchmark,original,1,60000,0,PR1_HT1_EC1,Full,WEN38:i1:nsga2:s60000:r0:PR1_HT1_EC1:ac79a73486e1,cf9bc95d906238978e0c5ab26a1947d4104e026d3bac972323bf05453ec86ca7,13,2.623936721466862,138323.6666666667,-0.27640733712996735
WEN38,benchmark,original,1,60000,0,PR1_HT1_EC1,Full,WEN38:i1:nsga2:s60000:r0:PR1_HT1_EC1:ac79a73486e1,cf9bc95d906238978e0c5ab26a1947d4104e026d3bac972323bf05453ec86ca7,14,2.625708514521433,137953.0,-0.27640733712996735
WEN38,benchmark,original,1,60000,0,PR1_HT1_EC1,Full,WEN38:i1:nsga2:s60000:r0:PR1_HT1_EC1:ac79a73486e1,cf9bc95d906238978e0c5ab26a1947d4104e026d3bac972323bf05453ec86ca7,15,2.6443045238338136,115276.66666666669,-0.4349222030141391
WEN38,benchmark,original,1,60000,0,PR1_HT1_EC1,Full,WEN38:i1:nsga2:s60000:r0:PR1_HT1_EC1:ac79a73486e1,cf9bc95d906238978e0c5ab26a1947d4104e026d3bac972323bf05453ec86ca7,16,2.6513031063993626,94550.66666666667,-0.0
WEN38,benchmark,original,1,60000,0,PR1_HT1_EC1,Full,WEN38:i1:nsga2:s60000:r0:PR1_HT1_EC1:ac79a73486e1,cf9bc95d906238978e0c5ab26a1947d4104e026d3bac972323bf05453ec86ca7,17,2.813422170893209,100573.66666666669,-0.3947089947105269
WEN38,benchmark,original,1,60001,1,PR0_HT1_EC1,No-PR,WEN38:i1:nsga2:s60001:r1:PR0_HT1_EC1:2aca52bb3fb1,cf9bc95d906238978e0c5ab26a1947d4104e026d3bac972323bf05453ec86ca7,0,2.4623547847286833,137888.0,-0.0
WEN38,benchmark,original,1,60001,1,PR0_HT1_EC1,No-PR,WEN38:i1:nsga2:s60001:r1:PR0_HT1_EC1:2aca52bb3fb1,cf9bc95d906238978e0c5ab26a1947d4104e026d3bac972323bf05453ec86ca7,1,2.467547804278632,134790.5,-0.0
WEN38,benchmark,original,1,60001,1,PR0_HT1_EC1,No-PR,WEN38:i1:nsga2:s60001:r1:PR0_HT1_EC1:2aca52bb3fb1,cf9bc95d906238978e0c5ab26a1947d4104e026d3bac972323bf05453ec86ca7,2,2.468554440469042,122359.33333333334,-0.0
WEN38,benchmark,original,1,60001,1,PR0_HT1_EC1,No-PR,WEN38:i1:nsga2:s60001:r1:PR0_HT1_EC1:2aca52bb3fb1,cf9bc95d906238978e0c5ab26a1947d4104e026d3bac972323bf05453ec86ca7,3,2.468815415580308,112084.0,-0.0
WEN38,benchmark,original,1,60001,1,PR0_HT1_EC1,No-PR,WEN38:i1:nsga2:s60001:r1:PR0_HT1_EC1:2aca52bb3fb1,cf9bc95d906238978e0c5ab26a1947d4104e026d3bac972323bf05453ec86ca7,4,2.4912587896987395,111495.33333333334,-0.0
WEN38,benchmark,original,1,60001,1,PR0_HT1_EC1,No-PR,WEN38:i1:nsga2:s60001:r1:PR0_HT1_EC1:2aca52bb3fb1,cf9bc95d906238978e0c5ab26a1947d4104e026d3bac972323bf05453ec86ca7,5,2.5733736811215215,91733.33333333333,-0.0
WEN38,benchmark,original,1,60001,1,PR0_HT1_EC1,No-PR,WEN38:i1:nsga2:s60001:r1:PR0_HT1_EC1:2aca52bb3fb1,cf9bc95d906238978e0c5ab26a1947d4104e026d3bac972323bf05453ec86ca7,6,2.6616670628309835,168793.5,-0.06267922982624441
WEN38,benchmark,original,1,60001,1,PR0_HT1_EC1,No-PR,WEN38:i1:nsga2:s60001:r1:PR0_HT1_EC1:2aca52bb3fb1,cf9bc95d906238978e0c5ab26a1947d4104e026d3bac972323bf05453ec86ca7,7,2.6810290666442818,122572.33333333334,-0.05998356614873046
WEN38,benchmark,original,1,60001,1,PR0_HT1_EC1,No-PR,WEN38:i1:nsga2:s60001:r1:PR0_HT1_EC1:2aca52bb3fb1,cf9bc95d906238978e0c5ab26a1947d4104e026d3bac972323bf05453ec86ca7,8,2.7214568983671885,147064.33333333334,-0.19464977120878757
WEN38,benchmark,original,1,60001,1,PR1_HT0_EC1,No-HT,WEN38:i1:nsga2:s60001:r1:PR1_HT0_EC1:810cc032fd7d,cf9bc95d906238978e0c5ab26a1947d4104e026d3bac972323bf05453ec86ca7,0,2.4615536705044176,140033.33333333334,-0.0
WEN38,benchmark,original,1,60001,1,PR1_HT0_EC1,No-HT,WEN38:i1:nsga2:s60001:r1:PR1_HT0_EC1:810cc032fd7d,cf9bc95d906238978e0c5ab26a1947d4104e026d3bac972323bf05453ec86ca7,1,2.4626149197074616,133481.83333333334,-0.0
WEN38,benchmark,original,1,60001,1,PR1_HT0_EC1,No-HT,WEN38:i1:nsga2:s60001:r1:PR1_HT0_EC1:810cc032fd7d,cf9bc95d906238978e0c5ab26a1947d4104e026d3bac972323bf05453ec86ca7,2,2.4637616282346846,130671.33333333333,-0.0
WEN38,benchmark,original,1,60001,1,PR1_HT0_EC1,No-HT,WEN38:i1:nsga2:s60001:r1:PR1_HT0_EC1:810cc032fd7d,cf9bc95d906238978e0c5ab26a1947d4104e026d3bac972323bf05453ec86ca7,3,2.46460794757422,125578.5,-0.0
WEN38,benchmark,original,1,60001,1,PR1_HT0_EC1,No-HT,WEN38:i1:nsga2:s60001:r1:PR1_HT0_EC1:810cc032fd7d,cf9bc95d906238978e0c5ab26a1947d4104e026d3bac972323bf05453ec86ca7,4,2.466518275961093,99008.33333333333,-0.0
WEN38,benchmark,original,1,60001,1,PR1_HT0_EC1,No-HT,WEN38:i1:nsga2:s60001:r1:PR1_HT0_EC1:810cc032fd7d,cf9bc95d906238978e0c5ab26a1947d4104e026d3bac972323bf05453ec86ca7,5,2.4938038890014775,87722.33333333334,-0.0
WEN38,benchmark,original,1,60001,1,PR1_HT0_EC1,No-HT,WEN38:i1:nsga2:s60001:r1:PR1_HT0_EC1:810cc032fd7d,cf9bc95d906238978e0c5ab26a1947d4104e026d3bac972323bf05453ec86ca7,6,2.5409203991003855,168640.00000000003,-0.07405908539294614
WEN38,benchmark,original,1,60001,1,PR1_HT0_EC1,No-HT,WEN38:i1:nsga2:s60001:r1:PR1_HT0_EC1:810cc032fd7d,cf9bc95d906238978e0c5ab26a1947d4104e026d3bac972323bf05453ec86ca7,7,2.544591826519823,146799.6666666667,-0.044676409188468824
WEN38,benchmark,original,1,60001,1,PR1_HT0_EC1,No-HT,WEN38:i1:nsga2:s60001:r1:PR1_HT0_EC1:810cc032fd7d,cf9bc95d906238978e0c5ab26a1947d4104e026d3bac972323bf05453ec86ca7,8,2.5992685841218277,139610.6666666667,-0.15353311136004777
WEN38,benchmark,original,1,60001,1,PR1_HT0_EC1,No-HT,WEN38:i1:nsga2:s60001:r1:PR1_HT0_EC1:810cc032fd7d,cf9bc95d906238978e0c5ab26a1947d4104e026d3bac972323bf05453ec86ca7,9,2.626325123655084,123583.33333333334,-0.24338624338815862
WEN38,benchmark,original,1,60001,1,PR1_HT0_EC1,No-HT,WEN38:i1:nsga2:s60001:r1:PR1_HT0_EC1:810cc032fd7d,cf9bc95d906238978e0c5ab26a1947d4104e026d3bac972323bf05453ec86ca7,10,2.6265324551681397,120438.00000000001,-0.19464977120969706
WEN38,benchmark,original,1,60001,1,PR1_HT0_EC1,No-HT,WEN38:i1:nsga2:s60001:r1:PR1_HT0_EC1:810cc032fd7d,cf9bc95d906238978e0c5ab26a1947d4104e026d3bac972323bf05453ec86ca7,11,2.7652941711196948,145185.33333333334,-0.33313902652480465
WEN38,benchmark,original,1,60001,1,PR1_HT0_EC1,No-HT,WEN38:i1:nsga2:s60001:r1:PR1_HT0_EC1:810cc032fd7d,cf9bc95d906238978e0c5ab26a1947d4104e026d3bac972323bf05453ec86ca7,12,2.767655771964921,129117.83333333334,-0.2798237330835036
WEN38,benchmark,original,1,60001,1,PR1_HT1_EC0,No-EC,WEN38:i1:nsga2:s60001:r1:PR1_HT1_EC0:f2ee064e9de3,cf9bc95d906238978e0c5ab26a1947d4104e026d3bac972323bf05453ec86ca7,0,2.4617190621606095,164368.33333333334,-0.0
WEN38,benchmark,original,1,60001,1,PR1_HT1_EC0,No-EC,WEN38:i1:nsga2:s60001:r1:PR1_HT1_EC0:f2ee064e9de3,cf9bc95d906238978e0c5ab26a1947d4104e026d3bac972323bf05453ec86ca7,1,2.4622224676977886,155034.33333333334,-0.0
WEN38,benchmark,original,1,60001,1,PR1_HT1_EC0,No-EC,WEN38:i1:nsga2:s60001:r1:PR1_HT1_EC0:f2ee064e9de3,cf9bc95d906238978e0c5ab26a1947d4104e026d3bac972323bf05453ec86ca7,2,2.4623110573509694,139137.83333333334,-0.0
WEN38,benchmark,original,1,60001,1,PR1_HT1_EC0,No-EC,WEN38:i1:nsga2:s60001:r1:PR1_HT1_EC0:f2ee064e9de3,cf9bc95d906238978e0c5ab26a1947d4104e026d3bac972323bf05453ec86ca7,3,2.463111098473618,137647.33333333334,-0.0
WEN38,benchmark,original,1,60001,1,PR1_HT1_EC0,No-EC,WEN38:i1:nsga2:s60001:r1:PR1_HT1_EC0:f2ee064e9de3,cf9bc95d906238978e0c5ab26a1947d4104e026d3bac972323bf05453ec86ca7,4,2.463679822170146,136278.6666666667,-0.0
WEN38,benchmark,original,1,60001,1,PR1_HT1_EC0,No-EC,WEN38:i1:nsga2:s60001:r1:PR1_HT1_EC0:f2ee064e9de3,cf9bc95d906238978e0c5ab26a1947d4104e026d3bac972323bf05453ec86ca7,5,2.463702607574656,131319.33333333334,-0.0
WEN38,benchmark,original,1,60001,1,PR1_HT1_EC0,No-EC,WEN38:i1:nsga2:s60001:r1:PR1_HT1_EC0:f2ee064e9de3,cf9bc95d906238978e0c5ab26a1947d4104e026d3bac972323bf05453ec86ca7,6,2.4641227704337894,130911.33333333334,-0.0
WEN38,benchmark,original,1,60001,1,PR1_HT1_EC0,No-EC,WEN38:i1:nsga2:s60001:r1:PR1_HT1_EC0:f2ee064e9de3,cf9bc95d906238978e0c5ab26a1947d4104e026d3bac972323bf05453ec86ca7,7,2.46460794757422,125578.5,-0.0
WEN38,benchmark,original,1,60001,1,PR1_HT1_EC0,No-EC,WEN38:i1:nsga2:s60001:r1:PR1_HT1_EC0:f2ee064e9de3,cf9bc95d906238978e0c5ab26a1947d4104e026d3bac972323bf05453ec86ca7,8,2.4648866587150406,116372.66666666666,-0.0
WEN38,benchmark,original,1,60001,1,PR1_HT1_EC0,No-EC,WEN38:i1:nsga2:s60001:r1:PR1_HT1_EC0:f2ee064e9de3,cf9bc95d906238978e0c5ab26a1947d4104e026d3bac972323bf05453ec86ca7,9,2.4649200773085607,113927.66666666666,-0.0
WEN38,benchmark,original,1,60001,1,PR1_HT1_EC0,No-EC,WEN38:i1:nsga2:s60001:r1:PR1_HT1_EC0:f2ee064e9de3,cf9bc95d906238978e0c5ab26a1947d4104e026d3bac972323bf05453ec86ca7,10,2.4658059738356037,107426.0,-0.0
WEN38,benchmark,original,1,60001,1,PR1_HT1_EC0,No-EC,WEN38:i1:nsga2:s60001:r1:PR1_HT1_EC0:f2ee064e9de3,cf9bc95d906238978e0c5ab26a1947d4104e026d3bac972323bf05453ec86ca7,11,2.4907891065604746,97519.66666666667,-0.0
WEN38,benchmark,original,1,60001,1,PR1_HT1_EC0,No-EC,WEN38:i1:nsga2:s60001:r1:PR1_HT1_EC0:f2ee064e9de3,cf9bc95d906238978e0c5ab26a1947d4104e026d3bac972323bf05453ec86ca7,12,2.5355181678493537,148835.6666666667,-0.35428462087384105
WEN38,benchmark,original,1,60001,1,PR1_HT1_EC0,No-EC,WEN38:i1:nsga2:s60001:r1:PR1_HT1_EC0:f2ee064e9de3,cf9bc95d906238978e0c5ab26a1947d4104e026d3bac972323bf05453ec86ca7,13,2.5356972936172317,147531.6666666667,-0.3521242599035759
WEN38,benchmark,original,1,60001,1,PR1_HT1_EC0,No-EC,WEN38:i1:nsga2:s60001:r1:PR1_HT1_EC0:f2ee064e9de3,cf9bc95d906238978e0c5ab26a1947d4104e026d3bac972323bf05453ec86ca7,14,2.5754352829199636,144345.6666666667,-0.06267922982624441
WEN38,benchmark,original,1,60001,1,PR1_HT1_EC0,No-EC,WEN38:i1:nsga2:s60001:r1:PR1_HT1_EC0:f2ee064e9de3,cf9bc95d906238978e0c5ab26a1947d4104e026d3bac972323bf05453ec86ca7,15,2.576321179447249,143616.33333333334,-0.06267922982624441
WEN38,benchmark,original,1,60001,1,PR1_HT1_EC0,No-EC,WEN38:i1:nsga2:s60001:r1:PR1_HT1_EC0:f2ee064e9de3,cf9bc95d906238978e0c5ab26a1947d4104e026d3bac972323bf05453ec86ca7,16,2.5875185564348566,139377.1666666667,-0.2847764926555101
WEN38,benchmark,original,1,60001,1,PR1_HT1_EC0,No-EC,WEN38:i1:nsga2:s60001:r1:PR1_HT1_EC0:f2ee064e9de3,cf9bc95d906238978e0c5ab26a1947d4104e026d3bac972323bf05453ec86ca7,17,2.601521554629481,125017.33333333334,-0.4019864087831593
WEN38,benchmark,original,1,60001,1,PR1_HT1_EC0,No-EC,WEN38:i1:nsga2:s60001:r1:PR1_HT1_EC0:f2ee064e9de3,cf9bc95d906238978e0c5ab26a1947d4104e026d3bac972323bf05453ec86ca7,18,2.605951037265932,120912.0,-0.27640733712996735
WEN38,benchmark,original,1,60001,1,PR1_HT1_EC0,No-EC,WEN38:i1:nsga2:s60001:r1:PR1_HT1_EC0:f2ee064e9de3,cf9bc95d906238978e0c5ab26a1947d4104e026d3bac972323bf05453ec86ca7,19,2.6120875416491964,107706.66666666666,-0.15353311136004777
WEN38,benchmark,original,1,60001,1,PR1_HT1_EC0,No-EC,WEN38:i1:nsga2:s60001:r1:PR1_HT1_EC0:f2ee064e9de3,cf9bc95d906238978e0c5ab26a1947d4104e026d3bac972323bf05453ec86ca7,20,2.6287423963597236,149233.6666666667,-0.4430379746845574
WEN38,benchmark,original,1,60001,1,PR1_HT1_EC0,No-EC,WEN38:i1:nsga2:s60001:r1:PR1_HT1_EC0:f2ee064e9de3,cf9bc95d906238978e0c5ab26a1947d4104e026d3bac972323bf05453ec86ca7,21,2.664867774172405,95443.66666666667,-0.0
WEN38,benchmark,original,1,60001,1,PR1_HT1_EC0,No-EC,WEN38:i1:nsga2:s60001:r1:PR1_HT1_EC0:f2ee064e9de3,cf9bc95d906238978e0c5ab26a1947d4104e026d3bac972323bf05453ec86ca7,22,2.8067883978448336,103847.00000000001,-0.2847764926555101
WEN38,benchmark,original,1,60001,1,PR1_HT1_EC0,No-EC,WEN38:i1:nsga2:s60001:r1:PR1_HT1_EC0:f2ee064e9de3,cf9bc95d906238978e0c5ab26a1947d4104e026d3bac972323bf05453ec86ca7,23,2.819212883975501,136905.16666666666,-0.4140845070432988
WEN38,benchmark,original,1,60001,1,PR1_HT1_EC0,No-EC,WEN38:i1:nsga2:s60001:r1:PR1_HT1_EC0:f2ee064e9de3,cf9bc95d906238978e0c5ab26a1947d4104e026d3bac972323bf05453ec86ca7,24,2.819511038589445,93970.0,-0.0
WEN38,benchmark,original,1,60001,1,PR1_HT1_EC0,No-EC,WEN38:i1:nsga2:s60001:r1:PR1_HT1_EC0:f2ee064e9de3,cf9bc95d906238978e0c5ab26a1947d4104e026d3bac972323bf05453ec86ca7,25,2.8362887522026927,85992.66666666667,-0.0
WEN38,benchmark,original,1,60001,1,PR1_HT1_EC0,No-EC,WEN38:i1:nsga2:s60001:r1:PR1_HT1_EC0:f2ee064e9de3,cf9bc95d906238978e0c5ab26a1947d4104e026d3bac972323bf05453ec86ca7,26,2.865346158298019,81636.66666666667,-0.0
WEN38,benchmark,original,1,60001,1,PR1_HT1_EC1,Full,WEN38:i1:nsga2:s60001:r1:PR1_HT1_EC1:ceb9ada93d38,cf9bc95d906238978e0c5ab26a1947d4104e026d3bac972323bf05453ec86ca7,0,2.4617190621606095,164368.33333333334,-0.0
WEN38,benchmark,original,1,60001,1,PR1_HT1_EC1,Full,WEN38:i1:nsga2:s60001:r1:PR1_HT1_EC1:ceb9ada93d38,cf9bc95d906238978e0c5ab26a1947d4104e026d3bac972323bf05453ec86ca7,1,2.4622224676977886,155034.33333333334,-0.0
WEN38,benchmark,original,1,60001,1,PR1_HT1_EC1,Full,WEN38:i1:nsga2:s60001:r1:PR1_HT1_EC1:ceb9ada93d38,cf9bc95d906238978e0c5ab26a1947d4104e026d3bac972323bf05453ec86ca7,2,2.4623110573509694,139137.83333333334,-0.0
WEN38,benchmark,original,1,60001,1,PR1_HT1_EC1,Full,WEN38:i1:nsga2:s60001:r1:PR1_HT1_EC1:ceb9ada93d38,cf9bc95d906238978e0c5ab26a1947d4104e026d3bac972323bf05453ec86ca7,3,2.463111098473618,137647.33333333334,-0.0
WEN38,benchmark,original,1,60001,1,PR1_HT1_EC1,Full,WEN38:i1:nsga2:s60001:r1:PR1_HT1_EC1:ceb9ada93d38,cf9bc95d906238978e0c5ab26a1947d4104e026d3bac972323bf05453ec86ca7,4,2.463679822170146,136278.6666666667,-0.0
WEN38,benchmark,original,1,60001,1,PR1_HT1_EC1,Full,WEN38:i1:nsga2:s60001:r1:PR1_HT1_EC1:ceb9ada93d38,cf9bc95d906238978e0c5ab26a1947d4104e026d3bac972323bf05453ec86ca7,5,2.463702607574656,131319.33333333334,-0.0
WEN38,benchmark,original,1,60001,1,PR1_HT1_EC1,Full,WEN38:i1:nsga2:s60001:r1:PR1_HT1_EC1:ceb9ada93d38,cf9bc95d906238978e0c5ab26a1947d4104e026d3bac972323bf05453ec86ca7,6,2.4641227704337894,130911.33333333334,-0.0
WEN38,benchmark,original,1,60001,1,PR1_HT1_EC1,Full,WEN38:i1:nsga2:s60001:r1:PR1_HT1_EC1:ceb9ada93d38,cf9bc95d906238978e0c5ab26a1947d4104e026d3bac972323bf05453ec86ca7,7,2.46460794757422,125578.5,-0.0
WEN38,benchmark,original,1,60001,1,PR1_HT1_EC1,Full,WEN38:i1:nsga2:s60001:r1:PR1_HT1_EC1:ceb9ada93d38,cf9bc95d906238978e0c5ab26a1947d4104e026d3bac972323bf05453ec86ca7,8,2.4648866587150406,116372.66666666666,-0.0
WEN38,benchmark,original,1,60001,1,PR1_HT1_EC1,Full,WEN38:i1:nsga2:s60001:r1:PR1_HT1_EC1:ceb9ada93d38,cf9bc95d906238978e0c5ab26a1947d4104e026d3bac972323bf05453ec86ca7,9,2.4649200773085607,113927.66666666666,-0.0
WEN38,benchmark,original,1,60001,1,PR1_HT1_EC1,Full,WEN38:i1:nsga2:s60001:r1:PR1_HT1_EC1:ceb9ada93d38,cf9bc95d906238978e0c5ab26a1947d4104e026d3bac972323bf05453ec86ca7,10,2.4658059738356037,107426.0,-0.0
WEN38,benchmark,original,1,60001,1,PR1_HT1_EC1,Full,WEN38:i1:nsga2:s60001:r1:PR1_HT1_EC1:ceb9ada93d38,cf9bc95d906238978e0c5ab26a1947d4104e026d3bac972323bf05453ec86ca7,11,2.4907891065604746,97519.66666666667,-0.0
WEN38,benchmark,original,1,60001,1,PR1_HT1_EC1,Full,WEN38:i1:nsga2:s60001:r1:PR1_HT1_EC1:ceb9ada93d38,cf9bc95d906238978e0c5ab26a1947d4104e026d3bac972323bf05453ec86ca7,12,2.5355181678493537,148835.6666666667,-0.35428462087384105
WEN38,benchmark,original,1,60001,1,PR1_HT1_EC1,Full,WEN38:i1:nsga2:s60001:r1:PR1_HT1_EC1:ceb9ada93d38,cf9bc95d906238978e0c5ab26a1947d4104e026d3bac972323bf05453ec86ca7,13,2.5356972936172317,147531.6666666667,-0.3521242599035759
WEN38,benchmark,original,1,60001,1,PR1_HT1_EC1,Full,WEN38:i1:nsga2:s60001:r1:PR1_HT1_EC1:ceb9ada93d38,cf9bc95d906238978e0c5ab26a1947d4104e026d3bac972323bf05453ec86ca7,14,2.5754352829199636,144345.6666666667,-0.06267922982624441
WEN38,benchmark,original,1,60001,1,PR1_HT1_EC1,Full,WEN38:i1:nsga2:s60001:r1:PR1_HT1_EC1:ceb9ada93d38,cf9bc95d906238978e0c5ab26a1947d4104e026d3bac972323bf05453ec86ca7,15,2.576321179447249,143616.33333333334,-0.06267922982624441
WEN38,benchmark,original,1,60001,1,PR1_HT1_EC1,Full,WEN38:i1:nsga2:s60001:r1:PR1_HT1_EC1:ceb9ada93d38,cf9bc95d906238978e0c5ab26a1947d4104e026d3bac972323bf05453ec86ca7,16,2.5875185564348566,139377.1666666667,-0.2847764926555101
WEN38,benchmark,original,1,60001,1,PR1_HT1_EC1,Full,WEN38:i1:nsga2:s60001:r1:PR1_HT1_EC1:ceb9ada93d38,cf9bc95d906238978e0c5ab26a1947d4104e026d3bac972323bf05453ec86ca7,17,2.601521554629481,125017.33333333334,-0.4019864087831593
WEN38,benchmark,original,1,60001,1,PR1_HT1_EC1,Full,WEN38:i1:nsga2:s60001:r1:PR1_HT1_EC1:ceb9ada93d38,cf9bc95d906238978e0c5ab26a1947d4104e026d3bac972323bf05453ec86ca7,18,2.605951037265932,120912.0,-0.27640733712996735
WEN38,benchmark,original,1,60001,1,PR1_HT1_EC1,Full,WEN38:i1:nsga2:s60001:r1:PR1_HT1_EC1:ceb9ada93d38,cf9bc95d906238978e0c5ab26a1947d4104e026d3bac972323bf05453ec86ca7,19,2.6120875416491964,107706.66666666666,-0.15353311136004777
WEN38,benchmark,original,1,60001,1,PR1_HT1_EC1,Full,WEN38:i1:nsga2:s60001:r1:PR1_HT1_EC1:ceb9ada93d38,cf9bc95d906238978e0c5ab26a1947d4104e026d3bac972323bf05453ec86ca7,20,2.6287423963597236,149233.6666666667,-0.4430379746845574
WEN38,benchmark,original,1,60001,1,PR1_HT1_EC1,Full,WEN38:i1:nsga2:s60001:r1:PR1_HT1_EC1:ceb9ada93d38,cf9bc95d906238978e0c5ab26a1947d4104e026d3bac972323bf05453ec86ca7,21,2.664867774172405,95443.66666666667,-0.0
WEN38,benchmark,original,1,60001,1,PR1_HT1_EC1,Full,WEN38:i1:nsga2:s60001:r1:PR1_HT1_EC1:ceb9ada93d38,cf9bc95d906238978e0c5ab26a1947d4104e026d3bac972323bf05453ec86ca7,22,2.8067883978448336,103847.00000000001,-0.2847764926555101
WEN38,benchmark,original,1,60001,1,PR1_HT1_EC1,Full,WEN38:i1:nsga2:s60001:r1:PR1_HT1_EC1:ceb9ada93d38,cf9bc95d906238978e0c5ab26a1947d4104e026d3bac972323bf05453ec86ca7,23,2.819212883975501,136905.16666666666,-0.4140845070432988
WEN38,benchmark,original,1,60001,1,PR1_HT1_EC1,Full,WEN38:i1:nsga2:s60001:r1:PR1_HT1_EC1:ceb9ada93d38,cf9bc95d906238978e0c5ab26a1947d4104e026d3bac972323bf05453ec86ca7,24,2.819511038589445,93970.0,-0.0
WEN38,benchmark,original,1,60001,1,PR1_HT1_EC1,Full,WEN38:i1:nsga2:s60001:r1:PR1_HT1_EC1:ceb9ada93d38,cf9bc95d906238978e0c5ab26a1947d4104e026d3bac972323bf05453ec86ca7,25,2.8362887522026927,85992.66666666667,-0.0
WEN38,benchmark,original,1,60001,1,PR1_HT1_EC1,Full,WEN38:i1:nsga2:s60001:r1:PR1_HT1_EC1:ceb9ada93d38,cf9bc95d906238978e0c5ab26a1947d4104e026d3bac972323bf05453ec86ca7,26,2.865346158298019,81636.66666666667,-0.0
S025,corridor,binding,101,1060000,0,PR0_HT1_EC1,No-PR,S025@corridor@binding:i101:nsga2:s1060000:r0:PR0_HT1_EC1:8353cfdc536a,645b3a3c554829d2bd7eb3bdb04173d87542d672d7bd6ed69c292de4d1047953,0,7.244965805471879,1033.6498264992122,-0.0
S025,corridor,binding,101,1060000,0,PR0_HT1_EC1,No-PR,S025@corridor@binding:i101:nsga2:s1060000:r0:PR0_HT1_EC1:8353cfdc536a,645b3a3c554829d2bd7eb3bdb04173d87542d672d7bd6ed69c292de4d1047953,1,7.290558510639063,886.5492641080237,-0.0
S025,corridor,binding,101,1060000,0,PR0_HT1_EC1,No-PR,S025@corridor@binding:i101:nsga2:s1060000:r0:PR0_HT1_EC1:8353cfdc536a,645b3a3c554829d2bd7eb3bdb04173d87542d672d7bd6ed69c292de4d1047953,2,7.314589665654514,853.6717993018128,-0.0
S025,corridor,binding,101,1060000,0,PR1_HT0_EC1,No-HT,S025@corridor@binding:i101:nsga2:s1060000:r0:PR1_HT0_EC1:3856e2908251,645b3a3c554829d2bd7eb3bdb04173d87542d672d7bd6ed69c292de4d1047953,0,7.244965805471879,1033.6498264992122,-0.0
S025,corridor,binding,101,1060000,0,PR1_HT0_EC1,No-HT,S025@corridor@binding:i101:nsga2:s1060000:r0:PR1_HT0_EC1:3856e2908251,645b3a3c554829d2bd7eb3bdb04173d87542d672d7bd6ed69c292de4d1047953,1,7.267762158055477,998.4583669482848,-0.0
S025,corridor,binding,101,1060000,0,PR1_HT0_EC1,No-HT,S025@corridor@binding:i101:nsga2:s1060000:r0:PR1_HT0_EC1:3856e2908251,645b3a3c554829d2bd7eb3bdb04173d87542d672d7bd6ed69c292de4d1047953,2,7.282959726444535,942.5038155281543,-0.0
S025,corridor,binding,101,1060000,0,PR1_HT0_EC1,No-HT,S025@corridor@binding:i101:nsga2:s1060000:r0:PR1_HT0_EC1:3856e2908251,645b3a3c554829d2bd7eb3bdb04173d87542d672d7bd6ed69c292de4d1047953,3,7.290558510639063,886.5492641080237,-0.0
S025,corridor,binding,101,1060000,0,PR1_HT0_EC1,No-HT,S025@corridor@binding:i101:nsga2:s1060000:r0:PR1_HT0_EC1:3856e2908251,645b3a3c554829d2bd7eb3bdb04173d87542d672d7bd6ed69c292de4d1047953,4,7.314589665654514,853.6717993018128,-0.0
S025,corridor,binding,101,1060000,0,PR1_HT1_EC0,No-EC,S025@corridor@binding:i101:nsga2:s1060000:r0:PR1_HT1_EC0:854b0a538e45,645b3a3c554829d2bd7eb3bdb04173d87542d672d7bd6ed69c292de4d1047953,0,7.244965805471879,1033.6498264992122,-0.0
S025,corridor,binding,101,1060000,0,PR1_HT1_EC0,No-EC,S025@corridor@binding:i101:nsga2:s1060000:r0:PR1_HT1_EC0:854b0a538e45,645b3a3c554829d2bd7eb3bdb04173d87542d672d7bd6ed69c292de4d1047953,1,7.267762158055477,998.4583669482848,-0.0
S025,corridor,binding,101,1060000,0,PR1_HT1_EC0,No-EC,S025@corridor@binding:i101:nsga2:s1060000:r0:PR1_HT1_EC0:854b0a538e45,645b3a3c554829d2bd7eb3bdb04173d87542d672d7bd6ed69c292de4d1047953,2,7.282959726444535,942.5038155281543,-0.0
S025,corridor,binding,101,1060000,0,PR1_HT1_EC0,No-EC,S025@corridor@binding:i101:nsga2:s1060000:r0:PR1_HT1_EC0:854b0a538e45,645b3a3c554829d2bd7eb3bdb04173d87542d672d7bd6ed69c292de4d1047953,3,7.290558510639063,886.5492641080237,-0.0
S025,corridor,binding,101,1060000,0,PR1_HT1_EC1,Full,S025@corridor@binding:i101:nsga2:s1060000:r0:PR1_HT1_EC1:6abe6f291736,645b3a3c554829d2bd7eb3bdb04173d87542d672d7bd6ed69c292de4d1047953,0,7.244965805471879,1033.6498264992122,-0.0
S025,corridor,binding,101,1060000,0,PR1_HT1_EC1,Full,S025@corridor@binding:i101:nsga2:s1060000:r0:PR1_HT1_EC1:6abe6f291736,645b3a3c554829d2bd7eb3bdb04173d87542d672d7bd6ed69c292de4d1047953,1,7.267762158055477,998.4583669482848,-0.0
S025,corridor,binding,101,1060000,0,PR1_HT1_EC1,Full,S025@corridor@binding:i101:nsga2:s1060000:r0:PR1_HT1_EC1:6abe6f291736,645b3a3c554829d2bd7eb3bdb04173d87542d672d7bd6ed69c292de4d1047953,2,7.282959726444535,942.5038155281543,-0.0
S025,corridor,binding,101,1060000,0,PR1_HT1_EC1,Full,S025@corridor@binding:i101:nsga2:s1060000:r0:PR1_HT1_EC1:6abe6f291736,645b3a3c554829d2bd7eb3bdb04173d87542d672d7bd6ed69c292de4d1047953,3,7.290558510639063,886.5492641080237,-0.0
S025,corridor,binding,101,1060000,0,PR1_HT1_EC1,Full,S025@corridor@binding:i101:nsga2:s1060000:r0:PR1_HT1_EC1:6abe6f291736,645b3a3c554829d2bd7eb3bdb04173d87542d672d7bd6ed69c292de4d1047953,4,7.314589665654514,853.6717993018128,-0.0
S025,corridor,binding,101,1060001,1,PR0_HT1_EC1,No-PR,S025@corridor@binding:i101:nsga2:s1060001:r1:PR0_HT1_EC1:4b9ec6e4ad81,645b3a3c554829d2bd7eb3bdb04173d87542d672d7bd6ed69c292de4d1047953,0,7.244965805471879,1033.6498264992122,-0.0
S025,corridor,binding,101,1060001,1,PR0_HT1_EC1,No-PR,S025@corridor@binding:i101:nsga2:s1060001:r1:PR0_HT1_EC1:4b9ec6e4ad81,645b3a3c554829d2bd7eb3bdb04173d87542d672d7bd6ed69c292de4d1047953,1,7.290558510639063,886.5492641080237,-0.0
S025,corridor,binding,101,1060001,1,PR0_HT1_EC1,No-PR,S025@corridor@binding:i101:nsga2:s1060001:r1:PR0_HT1_EC1:4b9ec6e4ad81,645b3a3c554829d2bd7eb3bdb04173d87542d672d7bd6ed69c292de4d1047953,2,7.314589665654514,853.6717993018128,-0.0
S025,corridor,binding,101,1060001,1,PR1_HT0_EC1,No-HT,S025@corridor@binding:i101:nsga2:s1060001:r1:PR1_HT0_EC1:9b2b37d019cc,645b3a3c554829d2bd7eb3bdb04173d87542d672d7bd6ed69c292de4d1047953,0,7.244965805471879,1033.6498264992122,-0.0
S025,corridor,binding,101,1060001,1,PR1_HT0_EC1,No-HT,S025@corridor@binding:i101:nsga2:s1060001:r1:PR1_HT0_EC1:9b2b37d019cc,645b3a3c554829d2bd7eb3bdb04173d87542d672d7bd6ed69c292de4d1047953,1,7.267762158055477,998.4583669482848,-0.0
S025,corridor,binding,101,1060001,1,PR1_HT0_EC1,No-HT,S025@corridor@binding:i101:nsga2:s1060001:r1:PR1_HT0_EC1:9b2b37d019cc,645b3a3c554829d2bd7eb3bdb04173d87542d672d7bd6ed69c292de4d1047953,2,7.282959726444535,942.5038155281543,-0.0
S025,corridor,binding,101,1060001,1,PR1_HT0_EC1,No-HT,S025@corridor@binding:i101:nsga2:s1060001:r1:PR1_HT0_EC1:9b2b37d019cc,645b3a3c554829d2bd7eb3bdb04173d87542d672d7bd6ed69c292de4d1047953,3,7.290558510639063,886.5492641080237,-0.0
S025,corridor,binding,101,1060001,1,PR1_HT0_EC1,No-HT,S025@corridor@binding:i101:nsga2:s1060001:r1:PR1_HT0_EC1:9b2b37d019cc,645b3a3c554829d2bd7eb3bdb04173d87542d672d7bd6ed69c292de4d1047953,4,7.314589665654514,853.6717993018128,-0.0
S025,corridor,binding,101,1060001,1,PR1_HT1_EC0,No-EC,S025@corridor@binding:i101:nsga2:s1060001:r1:PR1_HT1_EC0:41a513b2b48a,645b3a3c554829d2bd7eb3bdb04173d87542d672d7bd6ed69c292de4d1047953,0,7.244965805471879,1033.6498264992122,-0.0
S025,corridor,binding,101,1060001,1,PR1_HT1_EC0,No-EC,S025@corridor@binding:i101:nsga2:s1060001:r1:PR1_HT1_EC0:41a513b2b48a,645b3a3c554829d2bd7eb3bdb04173d87542d672d7bd6ed69c292de4d1047953,1,7.267762158055477,998.4583669482848,-0.0
S025,corridor,binding,101,1060001,1,PR1_HT1_EC0,No-EC,S025@corridor@binding:i101:nsga2:s1060001:r1:PR1_HT1_EC0:41a513b2b48a,645b3a3c554829d2bd7eb3bdb04173d87542d672d7bd6ed69c292de4d1047953,2,7.282959726444535,942.5038155281543,-0.0
S025,corridor,binding,101,1060001,1,PR1_HT1_EC0,No-EC,S025@corridor@binding:i101:nsga2:s1060001:r1:PR1_HT1_EC0:41a513b2b48a,645b3a3c554829d2bd7eb3bdb04173d87542d672d7bd6ed69c292de4d1047953,3,7.290558510639063,886.5492641080237,-0.0
S025,corridor,binding,101,1060001,1,PR1_HT1_EC1,Full,S025@corridor@binding:i101:nsga2:s1060001:r1:PR1_HT1_EC1:a1f1bd291f41,645b3a3c554829d2bd7eb3bdb04173d87542d672d7bd6ed69c292de4d1047953,0,7.244965805471879,1033.6498264992122,-0.0
S025,corridor,binding,101,1060001,1,PR1_HT1_EC1,Full,S025@corridor@binding:i101:nsga2:s1060001:r1:PR1_HT1_EC1:a1f1bd291f41,645b3a3c554829d2bd7eb3bdb04173d87542d672d7bd6ed69c292de4d1047953,1,7.267762158055477,998.4583669482848,-0.0
S025,corridor,binding,101,1060001,1,PR1_HT1_EC1,Full,S025@corridor@binding:i101:nsga2:s1060001:r1:PR1_HT1_EC1:a1f1bd291f41,645b3a3c554829d2bd7eb3bdb04173d87542d672d7bd6ed69c292de4d1047953,2,7.282959726444535,942.5038155281543,-0.0
S025,corridor,binding,101,1060001,1,PR1_HT1_EC1,Full,S025@corridor@binding:i101:nsga2:s1060001:r1:PR1_HT1_EC1:a1f1bd291f41,645b3a3c554829d2bd7eb3bdb04173d87542d672d7bd6ed69c292de4d1047953,3,7.290558510639063,886.5492641080237,-0.0
S025,corridor,binding,101,1060001,1,PR1_HT1_EC1,Full,S025@corridor@binding:i101:nsga2:s1060001:r1:PR1_HT1_EC1:a1f1bd291f41,645b3a3c554829d2bd7eb3bdb04173d87542d672d7bd6ed69c292de4d1047953,4,7.314589665654514,853.6717993018128,-0.0
S025,corridor,binding,102,1070000,0,PR0_HT1_EC1,No-PR,S025@corridor@binding:i102:nsga2:s1070000:r0:PR0_HT1_EC1:e5cad6c85852,25e7b74fd7208cd542569f2bc9871358dcab9b95f9b86f53900f2c41ac0c7e8c,0,4.592384595940473,4292.594230759734,-0.837696335078534
S025,corridor,binding,102,1070000,0,PR0_HT1_EC1,No-PR,S025@corridor@binding:i102:nsga2:s1070000:r0:PR0_HT1_EC1:e5cad6c85852,25e7b74fd7208cd542569f2bc9871358dcab9b95f9b86f53900f2c41ac0c7e8c,1,4.6399876922545555,4291.815698551742,-0.7853403141361257
S025,corridor,binding,102,1070000,0,PR0_HT1_EC1,No-PR,S025@corridor@binding:i102:nsga2:s1070000:r0:PR0_HT1_EC1:e5cad6c85852,25e7b74fd7208cd542569f2bc9871358dcab9b95f9b86f53900f2c41ac0c7e8c,2,4.759626245274281,4228.000353835713,-0.7329842931937173
S025,corridor,binding,102,1070000,0,PR0_HT1_EC1,No-PR,S025@corridor@binding:i102:nsga2:s1070000:r0:PR0_HT1_EC1:e5cad6c85852,25e7b74fd7208cd542569f2bc9871358dcab9b95f9b86f53900f2c41ac0c7e8c,3,5.495723701273963,3399.298500647605,-0.6020942408376964
S025,corridor,binding,102,1070000,0,PR0_HT1_EC1,No-PR,S025@corridor@binding:i102:nsga2:s1070000:r0:PR0_HT1_EC1:e5cad6c85852,25e7b74fd7208cd542569f2bc9871358dcab9b95f9b86f53900f2c41ac0c7e8c,4,5.5017061849502396,3355.6060104588664,-0.5524861878453039
S025,corridor,binding,102,1070000,0,PR0_HT1_EC1,No-PR,S025@corridor@binding:i102:nsga2:s1070000:r0:PR0_HT1_EC1:e5cad6c85852,25e7b74fd7208cd542569f2bc9871358dcab9b95f9b86f53900f2c41ac0c7e8c,5,5.5573402973131305,3398.0429098550962,-0.580110497237569
S025,corridor,binding,102,1070000,0,PR0_HT1_EC1,No-PR,S025@corridor@binding:i102:nsga2:s1070000:r0:PR0_HT1_EC1:e5cad6c85852,25e7b74fd7208cd542569f2bc9871358dcab9b95f9b86f53900f2c41ac0c7e8c,6,6.233799735935259,2637.152483807057,-0.35911602209944754
S025,corridor,binding,102,1070000,0,PR0_HT1_EC1,No-PR,S025@corridor@binding:i102:nsga2:s1070000:r0:PR0_HT1_EC1:e5cad6c85852,25e7b74fd7208cd542569f2bc9871358dcab9b95f9b86f53900f2c41ac0c7e8c,7,6.3258937395838615,2662.54663187527,-0.39267015706806285
S025,corridor,binding,102,1070000,0,PR0_HT1_EC1,No-PR,S025@corridor@binding:i102:nsga2:s1070000:r0:PR0_HT1_EC1:e5cad6c85852,25e7b74fd7208cd542569f2bc9871358dcab9b95f9b86f53900f2c41ac0c7e8c,8,6.328999367481425,2635.9445703908964,-0.39267015706806285
S025,corridor,binding,102,1070000,0,PR0_HT1_EC1,No-PR,S025@corridor@binding:i102:nsga2:s1070000:r0:PR0_HT1_EC1:e5cad6c85852,25e7b74fd7208cd542569f2bc9871358dcab9b95f9b86f53900f2c41ac0c7e8c,9,6.343514240091235,2692.06788197326,-0.418848167539267
S025,corridor,binding,102,1070000,0,PR0_HT1_EC1,No-PR,S025@corridor@binding:i102:nsga2:s1070000:r0:PR0_HT1_EC1:e5cad6c85852,25e7b74fd7208cd542569f2bc9871358dcab9b95f9b86f53900f2c41ac0c7e8c,10,6.353321404248038,2624.290422500203,-0.36649214659685864
S025,corridor,binding,102,1070000,0,PR0_HT1_EC1,No-PR,S025@corridor@binding:i102:nsga2:s1070000:r0:PR0_HT1_EC1:e5cad6c85852,25e7b74fd7208cd542569f2bc9871358dcab9b95f9b86f53900f2c41ac0c7e8c,11,6.647838159433408,2199.0641668214207,-0.27624309392265195
S025,corridor,binding,102,1070000,0,PR0_HT1_EC1,No-PR,S025@corridor@binding:i102:nsga2:s1070000:r0:PR0_HT1_EC1:e5cad6c85852,25e7b74fd7208cd542569f2bc9871358dcab9b95f9b86f53900f2c41ac0c7e8c,12,6.650437677183823,2180.213439991245,-0.24861878453038674
S025,corridor,binding,102,1070000,0,PR0_HT1_EC1,No-PR,S025@corridor@binding:i102:nsga2:s1070000:r0:PR0_HT1_EC1:e5cad6c85852,25e7b74fd7208cd542569f2bc9871358dcab9b95f9b86f53900f2c41ac0c7e8c,13,6.841228060753886,2066.1729008149105,-0.08064516129032258
S025,corridor,binding,102,1070000,0,PR0_HT1_EC1,No-PR,S025@corridor@binding:i102:nsga2:s1070000:r0:PR0_HT1_EC1:e5cad6c85852,25e7b74fd7208cd542569f2bc9871358dcab9b95f9b86f53900f2c41ac0c7e8c,14,7.019758619564734,1766.9781798335296,-0.11049723756906077
S025,corridor,binding,102,1070000,0,PR0_HT1_EC1,No-PR,S025@corridor@binding:i102:nsga2:s1070000:r0:PR0_HT1_EC1:e5cad6c85852,25e7b74fd7208cd542569f2bc9871358dcab9b95f9b86f53900f2c41ac0c7e8c,15,7.036250752104421,1756.064721832,-0.07853403141361257
S025,corridor,binding,102,1070000,0,PR0_HT1_EC1,No-PR,S025@corridor@binding:i102:nsga2:s1070000:r0:PR0_HT1_EC1:e5cad6c85852,25e7b74fd7208cd542569f2bc9871358dcab9b95f9b86f53900f2c41ac0c7e8c,16,7.299257317606529,748.1008775205676,-0.0
S025,corridor,binding,102,1070000,0,PR1_HT0_EC1,No-HT,S025@corridor@binding:i102:nsga2:s1070000:r0:PR1_HT0_EC1:75cc4e2aff9b,25e7b74fd7208cd542569f2bc9871358dcab9b95f9b86f53900f2c41ac0c7e8c,0,4.602319131188946,4310.46133296703,-0.7692307692307693
S025,corridor,binding,102,1070000,0,PR1_HT0_EC1,No-HT,S025@corridor@binding:i102:nsga2:s1070000:r0:PR1_HT0_EC1:75cc4e2aff9b,25e7b74fd7208cd542569f2bc9871358dcab9b95f9b86f53900f2c41ac0c7e8c,1,4.6399876922545555,4343.630723446337,-0.7853403141361257
S025,corridor,binding,102,1070000,0,PR1_HT0_EC1,No-HT,S025@corridor@binding:i102:nsga2:s1070000:r0:PR1_HT0_EC1:75cc4e2aff9b,25e7b74fd7208cd542569f2bc9871358dcab9b95f9b86f53900f2c41ac0c7e8c,2,4.8174240146684095,4308.388687152903,-0.5982905982905983
S025,corridor,binding,102,1070000,0,PR1_HT0_EC1,No-HT,S025@corridor@binding:i102:nsga2:s1070000:r0:PR1_HT0_EC1:75cc4e2aff9b,25e7b74fd7208cd542569f2bc9871358dcab9b95f9b86f53900f2c41ac0c7e8c,3,5.495723701273963,3399.298500647605,-0.6020942408376964
S025,corridor,binding,102,1070000,0,PR1_HT0_EC1,No-HT,S025@corridor@binding:i102:nsga2:s1070000:r0:PR1_HT0_EC1:75cc4e2aff9b,25e7b74fd7208cd542569f2bc9871358dcab9b95f9b86f53900f2c41ac0c7e8c,4,5.502143056946739,3357.174338356146,-0.5524861878453039
S025,corridor,binding,102,1070000,0,PR1_HT0_EC1,No-HT,S025@corridor@binding:i102:nsga2:s1070000:r0:PR1_HT0_EC1:75cc4e2aff9b,25e7b74fd7208cd542569f2bc9871358dcab9b95f9b86f53900f2c41ac0c7e8c,5,5.5925767955869,3278.5242712036325,-0.5248618784530387
S025,corridor,binding,102,1070000,0,PR1_HT0_EC1,No-HT,S025@corridor@binding:i102:nsga2:s1070000:r0:PR1_HT0_EC1:75cc4e2aff9b,25e7b74fd7208cd542569f2bc9871358dcab9b95f9b86f53900f2c41ac0c7e8c,6,6.226908471636742,2675.1510965513753,-0.24193548387096775
S025,corridor,binding,102,1070000,0,PR1_HT0_EC1,No-HT,S025@corridor@binding:i102:nsga2:s1070000:r0:PR1_HT0_EC1:75cc4e2aff9b,25e7b74fd7208cd542569f2bc9871358dcab9b95f9b86f53900f2c41ac0c7e8c,7,6.233799735935259,2637.152483807057,-0.35911602209944754
S025,corridor,binding,102,1070000,0,PR1_HT0_EC1,No-HT,S025@corridor@binding:i102:nsga2:s1070000:r0:PR1_HT0_EC1:75cc4e2aff9b,25e7b74fd7208cd542569f2bc9871358dcab9b95f9b86f53900f2c41ac0c7e8c,8,6.349701178664418,2649.845851579188,-0.39267015706806285
S025,corridor,binding,102,1070000,0,PR1_HT0_EC1,No-HT,S025@corridor@binding:i102:nsga2:s1070000:r0:PR1_HT0_EC1:75cc4e2aff9b,25e7b74fd7208cd542569f2bc9871358dcab9b95f9b86f53900f2c41ac0c7e8c,9,6.351929365950159,2637.119743043123,-0.3867403314917127
S025,corridor,binding,102,1070000,0,PR1_HT0_EC1,No-HT,S025@corridor@binding:i102:nsga2:s1070000:r0:PR1_HT0_EC1:75cc4e2aff9b,25e7b74fd7208cd542569f2bc9871358dcab9b95f9b86f53900f2c41ac0c7e8c,10,6.353321404248038,2624.290422500203,-0.36649214659685864
S025,corridor,binding,102,1070000,0,PR1_HT0_EC1,No-HT,S025@corridor@binding:i102:nsga2:s1070000:r0:PR1_HT0_EC1:75cc4e2aff9b,25e7b74fd7208cd542569f2bc9871358dcab9b95f9b86f53900f2c41ac0c7e8c,11,6.646359508120542,2261.844421453112,-0.17094017094017094
S025,corridor,binding,102,1070000,0,PR1_HT0_EC1,No-HT,S025@corridor@binding:i102:nsga2:s1070000:r0:PR1_HT0_EC1:75cc4e2aff9b,25e7b74fd7208cd542569f2bc9871358dcab9b95f9b86f53900f2c41ac0c7e8c,12,6.647838159433408,2199.0641668214207,-0.27624309392265195
S025,corridor,binding,102,1070000,0,PR1_HT0_EC1,No-HT,S025@corridor@binding:i102:nsga2:s1070000:r0:PR1_HT0_EC1:75cc4e2aff9b,25e7b74fd7208cd542569f2bc9871358dcab9b95f9b86f53900f2c41ac0c7e8c,13,6.650437677183823,2180.213439991245,-0.24861878453038674
S025,corridor,binding,102,1070000,0,PR1_HT0_EC1,No-HT,S025@corridor@binding:i102:nsga2:s1070000:r0:PR1_HT0_EC1:75cc4e2aff9b,25e7b74fd7208cd542569f2bc9871358dcab9b95f9b86f53900f2c41ac0c7e8c,14,6.844016381595237,2112.183978738567,-0.12096774193548387
S025,corridor,binding,102,1070000,0,PR1_HT0_EC1,No-HT,S025@corridor@binding:i102:nsga2:s1070000:r0:PR1_HT0_EC1:75cc4e2aff9b,25e7b74fd7208cd542569f2bc9871358dcab9b95f9b86f53900f2c41ac0c7e8c,15,6.8578596024289,2068.30676078154,-0.16574585635359115
S025,corridor,binding,102,1070000,0,PR1_HT0_EC1,No-HT,S025@corridor@binding:i102:nsga2:s1070000:r0:PR1_HT0_EC1:75cc4e2aff9b,25e7b74fd7208cd542569f2bc9871358dcab9b95f9b86f53900f2c41ac0c7e8c,16,7.012513816999762,1783.1307929573366,-0.042735042735042736
S025,corridor,binding,102,1070000,0,PR1_HT0_EC1,No-HT,S025@corridor@binding:i102:nsga2:s1070000:r0:PR1_HT0_EC1:75cc4e2aff9b,25e7b74fd7208cd542569f2bc9871358dcab9b95f9b86f53900f2c41ac0c7e8c,17,7.016697008001151,1754.7488317847553,-0.11049723756906077
S025,corridor,binding,102,1070000,0,PR1_HT0_EC1,No-HT,S025@corridor@binding:i102:nsga2:s1070000:r0:PR1_HT0_EC1:75cc4e2aff9b,25e7b74fd7208cd542569f2bc9871358dcab9b95f9b86f53900f2c41ac0c7e8c,18,7.153967089927492,1348.7830670370045,-0.0
S025,corridor,binding,102,1070000,0,PR1_HT0_EC1,No-HT,S025@corridor@binding:i102:nsga2:s1070000:r0:PR1_HT0_EC1:75cc4e2aff9b,25e7b74fd7208cd542569f2bc9871358dcab9b95f9b86f53900f2c41ac0c7e8c,19,7.156094435620036,1279.5117010117642,-0.0
S025,corridor,binding,102,1070000,0,PR1_HT0_EC1,No-HT,S025@corridor@binding:i102:nsga2:s1070000:r0:PR1_HT0_EC1:75cc4e2aff9b,25e7b74fd7208cd542569f2bc9871358dcab9b95f9b86f53900f2c41ac0c7e8c,20,7.24531467255695,1066.4907995227632,-0.0
S025,corridor,binding,102,1070000,0,PR1_HT0_EC1,No-HT,S025@corridor@binding:i102:nsga2:s1070000:r0:PR1_HT0_EC1:75cc4e2aff9b,25e7b74fd7208cd542569f2bc9871358dcab9b95f9b86f53900f2c41ac0c7e8c,21,7.253086432951505,1031.2299707327584,-0.0
S025,corridor,binding,102,1070000,0,PR1_HT0_EC1,No-HT,S025@corridor@binding:i102:nsga2:s1070000:r0:PR1_HT0_EC1:75cc4e2aff9b,25e7b74fd7208cd542569f2bc9871358dcab9b95f9b86f53900f2c41ac0c7e8c,22,7.268126089953526,953.3111635143077,-0.0
S025,corridor,binding,102,1070000,0,PR1_HT0_EC1,No-HT,S025@corridor@binding:i102:nsga2:s1070000:r0:PR1_HT0_EC1:75cc4e2aff9b,25e7b74fd7208cd542569f2bc9871358dcab9b95f9b86f53900f2c41ac0c7e8c,23,7.299257317606529,748.1008775205676,-0.0
S025,corridor,binding,102,1070000,0,PR1_HT1_EC0,No-EC,S025@corridor@binding:i102:nsga2:s1070000:r0:PR1_HT1_EC0:6d64fbb47f71,25e7b74fd7208cd542569f2bc9871358dcab9b95f9b86f53900f2c41ac0c7e8c,0,4.74615107859443,4329.326160799944,-0.5982905982905983
S025,corridor,binding,102,1070000,0,PR1_HT1_EC0,No-EC,S025@corridor@binding:i102:nsga2:s1070000:r0:PR1_HT1_EC0:6d64fbb47f71,25e7b74fd7208cd542569f2bc9871358dcab9b95f9b86f53900f2c41ac0c7e8c,1,4.85163066150409,4185.63722400587,-0.6353591160220995
S025,corridor,binding,102,1070000,0,PR1_HT1_EC0,No-EC,S025@corridor@binding:i102:nsga2:s1070000:r0:PR1_HT1_EC0:6d64fbb47f71,25e7b74fd7208cd542569f2bc9871358dcab9b95f9b86f53900f2c41ac0c7e8c,2,5.531657542155503,3495.600532621694,-0.5241935483870968
S025,corridor,binding,102,1070000,0,PR1_HT1_EC0,No-EC,S025@corridor@binding:i102:nsga2:s1070000:r0:PR1_HT1_EC0:6d64fbb47f71,25e7b74fd7208cd542569f2bc9871358dcab9b95f9b86f53900f2c41ac0c7e8c,3,5.541478342786916,3443.9780920980866,-0.5555555555555556
S025,corridor,binding,102,1070000,0,PR1_HT1_EC0,No-EC,S025@corridor@binding:i102:nsga2:s1070000:r0:PR1_HT1_EC0:6d64fbb47f71,25e7b74fd7208cd542569f2bc9871358dcab9b95f9b86f53900f2c41ac0c7e8c,4,6.294576416215048,2659.2238018444805,-0.38461538461538464
S025,corridor,binding,102,1070000,0,PR1_HT1_EC0,No-EC,S025@corridor@binding:i102:nsga2:s1070000:r0:PR1_HT1_EC0:6d64fbb47f71,25e7b74fd7208cd542569f2bc9871358dcab9b95f9b86f53900f2c41ac0c7e8c,5,6.310826383675572,2687.547475303247,-0.39267015706806285
S025,corridor,binding,102,1070000,0,PR1_HT1_EC0,No-EC,S025@corridor@binding:i102:nsga2:s1070000:r0:PR1_HT1_EC0:6d64fbb47f71,25e7b74fd7208cd542569f2bc9871358dcab9b95f9b86f53900f2c41ac0c7e8c,6,6.330143799366096,2652.843167799875,-0.3403141361256545
S025,corridor,binding,102,1070000,0,PR1_HT1_EC0,No-EC,S025@corridor@binding:i102:nsga2:s1070000:r0:PR1_HT1_EC0:6d64fbb47f71,25e7b74fd7208cd542569f2bc9871358dcab9b95f9b86f53900f2c41ac0c7e8c,7,6.618546081879362,2280.327491341925,-0.24193548387096775
S025,corridor,binding,102,1070000,0,PR1_HT1_EC0,No-EC,S025@corridor@binding:i102:nsga2:s1070000:r0:PR1_HT1_EC0:6d64fbb47f71,25e7b74fd7208cd542569f2bc9871358dcab9b95f9b86f53900f2c41ac0c7e8c,8,6.646359508120542,2262.46755689728,-0.17094017094017094
S025,corridor,binding,102,1070000,0,PR1_HT1_EC0,No-EC,S025@corridor@binding:i102:nsga2:s1070000:r0:PR1_HT1_EC0:6d64fbb47f71,25e7b74fd7208cd542569f2bc9871358dcab9b95f9b86f53900f2c41ac0c7e8c,9,6.708621694783168,2208.608813622591,-0.22099447513812154
S025,corridor,binding,102,1070000,0,PR1_HT1_EC0,No-EC,S025@corridor@binding:i102:nsga2:s1070000:r0:PR1_HT1_EC0:6d64fbb47f71,25e7b74fd7208cd542569f2bc9871358dcab9b95f9b86f53900f2c41ac0c7e8c,10,6.829749208759335,2015.5355104814155,-0.18324607329842932
S025,corridor,binding,102,1070000,0,PR1_HT1_EC0,No-EC,S025@corridor@binding:i102:nsga2:s1070000:r0:PR1_HT1_EC0:6d64fbb47f71,25e7b74fd7208cd542569f2bc9871358dcab9b95f9b86f53900f2c41ac0c7e8c,11,6.871676771424067,2097.4587644528565,-0.2094240837696335
S025,corridor,binding,102,1070000,0,PR1_HT1_EC0,No-EC,S025@corridor@binding:i102:nsga2:s1070000:r0:PR1_HT1_EC0:6d64fbb47f71,25e7b74fd7208cd542569f2bc9871358dcab9b95f9b86f53900f2c41ac0c7e8c,12,7.014671947386358,1784.6991208546165,-0.042735042735042736
S025,corridor,binding,102,1070000,0,PR1_HT1_EC0,No-EC,S025@corridor@binding:i102:nsga2:s1070000:r0:PR1_HT1_EC0:6d64fbb47f71,25e7b74fd7208cd542569f2bc9871358dcab9b95f9b86f53900f2c41ac0c7e8c,13,7.0249221901149745,1744.2644127550973,-0.10471204188481675
S025,corridor,binding,102,1070000,0,PR1_HT1_EC0,No-EC,S025@corridor@binding:i102:nsga2:s1070000:r0:PR1_HT1_EC0:6d64fbb47f71,25e7b74fd7208cd542569f2bc9871358dcab9b95f9b86f53900f2c41ac0c7e8c,14,7.043623691034224,1740.6438863926503,-0.05235602094240838
S025,corridor,binding,102,1070000,0,PR1_HT1_EC0,No-EC,S025@corridor@binding:i102:nsga2:s1070000:r0:PR1_HT1_EC0:6d64fbb47f71,25e7b74fd7208cd542569f2bc9871358dcab9b95f9b86f53900f2c41ac0c7e8c,15,7.154403961923991,1350.3513949342844,-0.0
S025,corridor,binding,102,1070000,0,PR1_HT1_EC0,No-EC,S025@corridor@binding:i102:nsga2:s1070000:r0:PR1_HT1_EC0:6d64fbb47f71,25e7b74fd7208cd542569f2bc9871358dcab9b95f9b86f53900f2c41ac0c7e8c,16,7.158402089004499,1290.3215638534507,-0.0
S025,corridor,binding,102,1070000,0,PR1_HT1_EC0,No-EC,S025@corridor@binding:i102:nsga2:s1070000:r0:PR1_HT1_EC0:6d64fbb47f71,25e7b74fd7208cd542569f2bc9871358dcab9b95f9b86f53900f2c41ac0c7e8c,17,7.18502054841479,1276.7749103743286,-0.0
S025,corridor,binding,102,1070000,0,PR1_HT1_EC0,No-EC,S025@corridor@binding:i102:nsga2:s1070000:r0:PR1_HT1_EC0:6d64fbb47f71,25e7b74fd7208cd542569f2bc9871358dcab9b95f9b86f53900f2c41ac0c7e8c,18,7.241336500477835,1127.7247630601903,-0.0
S025,corridor,binding,102,1070000,0,PR1_HT1_EC0,No-EC,S025@corridor@binding:i102:nsga2:s1070000:r0:PR1_HT1_EC0:6d64fbb47f71,25e7b74fd7208cd542569f2bc9871358dcab9b95f9b86f53900f2c41ac0c7e8c,19,7.241913770163225,1079.705409425815,-0.0
S025,corridor,binding,102,1070000,0,PR1_HT1_EC0,No-EC,S025@corridor@binding:i102:nsga2:s1070000:r0:PR1_HT1_EC0:6d64fbb47f71,25e7b74fd7208cd542569f2bc9871358dcab9b95f9b86f53900f2c41ac0c7e8c,20,7.248167525088803,1041.3253984505143,-0.0
S025,corridor,binding,102,1070000,0,PR1_HT1_EC0,No-EC,S025@corridor@binding:i102:nsga2:s1070000:r0:PR1_HT1_EC0:6d64fbb47f71,25e7b74fd7208cd542569f2bc9871358dcab9b95f9b86f53900f2c41ac0c7e8c,21,7.273481869812727,996.5477230280436,-0.0
S025,corridor,binding,102,1070000,0,PR1_HT1_EC0,No-EC,S025@corridor@binding:i102:nsga2:s1070000:r0:PR1_HT1_EC0:6d64fbb47f71,25e7b74fd7208cd542569f2bc9871358dcab9b95f9b86f53900f2c41ac0c7e8c,22,7.299694189603029,749.6692054178475,-0.0
S025,corridor,binding,102,1070000,0,PR1_HT1_EC1,Full,S025@corridor@binding:i102:nsga2:s1070000:r0:PR1_HT1_EC1:d5a7da3e9b05,25e7b74fd7208cd542569f2bc9871358dcab9b95f9b86f53900f2c41ac0c7e8c,0,4.568201803353472,4317.450545622188,-0.7692307692307693
S025,corridor,binding,102,1070000,0,PR1_HT1_EC1,Full,S025@corridor@binding:i102:nsga2:s1070000:r0:PR1_HT1_EC1:d5a7da3e9b05,25e7b74fd7208cd542569f2bc9871358dcab9b95f9b86f53900f2c41ac0c7e8c,1,4.602319131188946,4310.46133296703,-0.7692307692307693
S025,corridor,binding,102,1070000,0,PR1_HT1_EC1,Full,S025@corridor@binding:i102:nsga2:s1070000:r0:PR1_HT1_EC1:d5a7da3e9b05,25e7b74fd7208cd542569f2bc9871358dcab9b95f9b86f53900f2c41ac0c7e8c,2,4.667452695887644,4306.980980790693,-0.7853403141361257
S025,corridor,binding,102,1070000,0,PR1_HT1_EC1,Full,S025@corridor@binding:i102:nsga2:s1070000:r0:PR1_HT1_EC1:d5a7da3e9b05,25e7b74fd7208cd542569f2bc9871358dcab9b95f9b86f53900f2c41ac0c7e8c,3,4.691077308220082,4231.550859194607,-0.7458563535911602
S025,corridor,binding,102,1070000,0,PR1_HT1_EC1,Full,S025@corridor@binding:i102:nsga2:s1070000:r0:PR1_HT1_EC1:d5a7da3e9b05,25e7b74fd7208cd542569f2bc9871358dcab9b95f9b86f53900f2c41ac0c7e8c,4,4.736668755270111,4230.770669971405,-0.7258064516129032
S025,corridor,binding,102,1070000,0,PR1_HT1_EC1,Full,S025@corridor@binding:i102:nsga2:s1070000:r0:PR1_HT1_EC1:d5a7da3e9b05,25e7b74fd7208cd542569f2bc9871358dcab9b95f9b86f53900f2c41ac0c7e8c,5,4.74549656482115,4226.601413552724,-0.6629834254143646
S025,corridor,binding,102,1070000,0,PR1_HT1_EC1,Full,S025@corridor@binding:i102:nsga2:s1070000:r0:PR1_HT1_EC1:d5a7da3e9b05,25e7b74fd7208cd542569f2bc9871358dcab9b95f9b86f53900f2c41ac0c7e8c,6,4.7587356002214145,4186.686310352726,-0.6854838709677419
S025,corridor,binding,102,1070000,0,PR1_HT1_EC1,Full,S025@corridor@binding:i102:nsga2:s1070000:r0:PR1_HT1_EC1:d5a7da3e9b05,25e7b74fd7208cd542569f2bc9871358dcab9b95f9b86f53900f2c41ac0c7e8c,7,4.759626245274281,4201.49836139531,-0.7329842931937173
S025,corridor,binding,102,1070000,0,PR1_HT1_EC1,Full,S025@corridor@binding:i102:nsga2:s1070000:r0:PR1_HT1_EC1:d5a7da3e9b05,25e7b74fd7208cd542569f2bc9871358dcab9b95f9b86f53900f2c41ac0c7e8c,8,4.770252612056524,4197.639096940303,-0.7068062827225131
S025,corridor,binding,102,1070000,0,PR1_HT1_EC1,Full,S025@corridor@binding:i102:nsga2:s1070000:r0:PR1_HT1_EC1:d5a7da3e9b05,25e7b74fd7208cd542569f2bc9871358dcab9b95f9b86f53900f2c41ac0c7e8c,9,4.8039406557095585,4153.069102388294,-0.6629834254143646
S025,corridor,binding,102,1070000,0,PR1_HT1_EC1,Full,S025@corridor@binding:i102:nsga2:s1070000:r0:PR1_HT1_EC1:d5a7da3e9b05,25e7b74fd7208cd542569f2bc9871358dcab9b95f9b86f53900f2c41ac0c7e8c,10,4.827222293387573,4103.64246103491,-0.6353591160220995
S025,corridor,binding,102,1070000,0,PR1_HT1_EC1,Full,S025@corridor@binding:i102:nsga2:s1070000:r0:PR1_HT1_EC1:d5a7da3e9b05,25e7b74fd7208cd542569f2bc9871358dcab9b95f9b86f53900f2c41ac0c7e8c,11,5.495723701273963,3399.298500647605,-0.6020942408376964
S025,corridor,binding,102,1070000,0,PR1_HT1_EC1,Full,S025@corridor@binding:i102:nsga2:s1070000:r0:PR1_HT1_EC1:d5a7da3e9b05,25e7b74fd7208cd542569f2bc9871358dcab9b95f9b86f53900f2c41ac0c7e8c,12,5.5017061849502396,3342.5876218371027,-0.5524861878453039
S025,corridor,binding,102,1070000,0,PR1_HT1_EC1,Full,S025@corridor@binding:i102:nsga2:s1070000:r0:PR1_HT1_EC1:d5a7da3e9b05,25e7b74fd7208cd542569f2bc9871358dcab9b95f9b86f53900f2c41ac0c7e8c,13,5.507755695849084,3383.192229877503,-0.6020942408376964
S025,corridor,binding,102,1070000,0,PR1_HT1_EC1,Full,S025@corridor@binding:i102:nsga2:s1070000:r0:PR1_HT1_EC1:d5a7da3e9b05,25e7b74fd7208cd542569f2bc9871358dcab9b95f9b86f53900f2c41ac0c7e8c,14,5.5921399235904,3276.9559433063523,-0.5248618784530387
S025,corridor,binding,102,1070000,0,PR1_HT1_EC1,Full,S025@corridor@binding:i102:nsga2:s1070000:r0:PR1_HT1_EC1:d5a7da3e9b05,25e7b74fd7208cd542569f2bc9871358dcab9b95f9b86f53900f2c41ac0c7e8c,15,6.2264715996402415,2673.5827686540956,-0.24193548387096775
S025,corridor,binding,102,1070000,0,PR1_HT1_EC1,Full,S025@corridor@binding:i102:nsga2:s1070000:r0:PR1_HT1_EC1:d5a7da3e9b05,25e7b74fd7208cd542569f2bc9871358dcab9b95f9b86f53900f2c41ac0c7e8c,16,6.233799735935259,2637.152483807057,-0.35911602209944754
S025,corridor,binding,102,1070000,0,PR1_HT1_EC1,Full,S025@corridor@binding:i102:nsga2:s1070000:r0:PR1_HT1_EC1:d5a7da3e9b05,25e7b74fd7208cd542569f2bc9871358dcab9b95f9b86f53900f2c41ac0c7e8c,17,6.2716254611338265,2665.4031023394236,-0.38461538461538464
S025,corridor,binding,102,1070000,0,PR1_HT1_EC1,Full,S025@corridor@binding:i102:nsga2:s1070000:r0:PR1_HT1_EC1:d5a7da3e9b05,25e7b74fd7208cd542569f2bc9871358dcab9b95f9b86f53900f2c41ac0c7e8c,18,6.28494983757362,2598.1154803523073,-0.3867403314917127
S025,corridor,binding,102,1070000,0,PR1_HT1_EC1,Full,S025@corridor@binding:i102:nsga2:s1070000:r0:PR1_HT1_EC1:d5a7da3e9b05,25e7b74fd7208cd542569f2bc9871358dcab9b95f9b86f53900f2c41ac0c7e8c,19,6.3165081717523215,2679.3708079391527,-0.39267015706806285
S025,corridor,binding,102,1070000,0,PR1_HT1_EC1,Full,S025@corridor@binding:i102:nsga2:s1070000:r0:PR1_HT1_EC1:d5a7da3e9b05,25e7b74fd7208cd542569f2bc9871358dcab9b95f9b86f53900f2c41ac0c7e8c,20,6.326330611580361,2664.11495977255,-0.39267015706806285
S025,corridor,binding,102,1070000,0,PR1_HT1_EC1,Full,S025@corridor@binding:i102:nsga2:s1070000:r0:PR1_HT1_EC1:d5a7da3e9b05,25e7b74fd7208cd542569f2bc9871358dcab9b95f9b86f53900f2c41ac0c7e8c,21,6.349701178664418,2649.845851579188,-0.39267015706806285
S025,corridor,binding,102,1070000,0,PR1_HT1_EC1,Full,S025@corridor@binding:i102:nsga2:s1070000:r0:PR1_HT1_EC1:d5a7da3e9b05,25e7b74fd7208cd542569f2bc9871358dcab9b95f9b86f53900f2c41ac0c7e8c,22,6.650437677183823,2180.213439991245,-0.24861878453038674
S025,corridor,binding,102,1070000,0,PR1_HT1_EC1,Full,S025@corridor@binding:i102:nsga2:s1070000:r0:PR1_HT1_EC1:d5a7da3e9b05,25e7b74fd7208cd542569f2bc9871358dcab9b95f9b86f53900f2c41ac0c7e8c,23,6.822759256815259,2023.6295308056872,-0.2094240837696335
S025,corridor,binding,102,1070000,0,PR1_HT1_EC1,Full,S025@corridor@binding:i102:nsga2:s1070000:r0:PR1_HT1_EC1:d5a7da3e9b05,25e7b74fd7208cd542569f2bc9871358dcab9b95f9b86f53900f2c41ac0c7e8c,24,6.872851271871004,2004.5393143120607,-0.22099447513812154
S025,corridor,binding,102,1070000,0,PR1_HT1_EC1,Full,S025@corridor@binding:i102:nsga2:s1070000:r0:PR1_HT1_EC1:d5a7da3e9b05,25e7b74fd7208cd542569f2bc9871358dcab9b95f9b86f53900f2c41ac0c7e8c,25,7.012950688996262,1784.6991208546162,-0.042735042735042736
S025,corridor,binding,102,1070000,0,PR1_HT1_EC1,Full,S025@corridor@binding:i102:nsga2:s1070000:r0:PR1_HT1_EC1:d5a7da3e9b05,25e7b74fd7208cd542569f2bc9871358dcab9b95f9b86f53900f2c41ac0c7e8c,26,7.014235075389857,1783.1307929573363,-0.042735042735042736
S025,corridor,binding,102,1070000,0,PR1_HT1_EC1,Full,S025@corridor@binding:i102:nsga2:s1070000:r0:PR1_HT1_EC1:d5a7da3e9b05,25e7b74fd7208cd542569f2bc9871358dcab9b95f9b86f53900f2c41ac0c7e8c,27,7.016697008001151,1754.7488317847553,-0.11049723756906077
S025,corridor,binding,102,1070000,0,PR1_HT1_EC1,Full,S025@corridor@binding:i102:nsga2:s1070000:r0:PR1_HT1_EC1:d5a7da3e9b05,25e7b74fd7208cd542569f2bc9871358dcab9b95f9b86f53900f2c41ac0c7e8c,28,7.0249221901149745,1744.2644127550973,-0.10471204188481675
S025,corridor,binding,102,1070000,0,PR1_HT1_EC1,Full,S025@corridor@binding:i102:nsga2:s1070000:r0:PR1_HT1_EC1:d5a7da3e9b05,25e7b74fd7208cd542569f2bc9871358dcab9b95f9b86f53900f2c41ac0c7e8c,29,7.040263172987516,1714.9081499298543,-0.055248618784530384
S025,corridor,binding,102,1070000,0,PR1_HT1_EC1,Full,S025@corridor@binding:i102:nsga2:s1070000:r0:PR1_HT1_EC1:d5a7da3e9b05,25e7b74fd7208cd542569f2bc9871358dcab9b95f9b86f53900f2c41ac0c7e8c,30,7.181238469917254,1302.0946370974461,-0.0
S025,corridor,binding,102,1070000,0,PR1_HT1_EC1,Full,S025@corridor@binding:i102:nsga2:s1070000:r0:PR1_HT1_EC1:d5a7da3e9b05,25e7b74fd7208cd542569f2bc9871358dcab9b95f9b86f53900f2c41ac0c7e8c,31,7.253086432951505,1040.8865919186346,-0.0
S025,corridor,binding,102,1070000,0,PR1_HT1_EC1,Full,S025@corridor@binding:i102:nsga2:s1070000:r0:PR1_HT1_EC1:d5a7da3e9b05,25e7b74fd7208cd542569f2bc9871358dcab9b95f9b86f53900f2c41ac0c7e8c,32,7.2664919178686525,976.3276693053263,-0.0
S025,corridor,binding,102,1070000,0,PR1_HT1_EC1,Full,S025@corridor@binding:i102:nsga2:s1070000:r0:PR1_HT1_EC1:d5a7da3e9b05,25e7b74fd7208cd542569f2bc9871358dcab9b95f9b86f53900f2c41ac0c7e8c,33,7.2676892179570265,973.6814445955413,-0.0
S025,corridor,binding,102,1070000,0,PR1_HT1_EC1,Full,S025@corridor@binding:i102:nsga2:s1070000:r0:PR1_HT1_EC1:d5a7da3e9b05,25e7b74fd7208cd542569f2bc9871358dcab9b95f9b86f53900f2c41ac0c7e8c,34,7.272745672794231,933.2597657282147,-0.0
S025,corridor,binding,102,1070000,0,PR1_HT1_EC1,Full,S025@corridor@binding:i102:nsga2:s1070000:r0:PR1_HT1_EC1:d5a7da3e9b05,25e7b74fd7208cd542569f2bc9871358dcab9b95f9b86f53900f2c41ac0c7e8c,35,7.299257317606529,748.1008775205676,-0.0
S025,corridor,binding,102,1070001,1,PR0_HT1_EC1,No-PR,S025@corridor@binding:i102:nsga2:s1070001:r1:PR0_HT1_EC1:e7f73c353cd1,25e7b74fd7208cd542569f2bc9871358dcab9b95f9b86f53900f2c41ac0c7e8c,0,4.568214100407843,4307.993124762185,-0.8638743455497382
S025,corridor,binding,102,1070001,1,PR0_HT1_EC1,No-PR,S025@corridor@binding:i102:nsga2:s1070001:r1:PR0_HT1_EC1:e7f73c353cd1,25e7b74fd7208cd542569f2bc9871358dcab9b95f9b86f53900f2c41ac0c7e8c,1,4.6399876922545555,4291.815698551742,-0.7853403141361257
S025,corridor,binding,102,1070001,1,PR0_HT1_EC1,No-PR,S025@corridor@binding:i102:nsga2:s1070001:r1:PR0_HT1_EC1:e7f73c353cd1,25e7b74fd7208cd542569f2bc9871358dcab9b95f9b86f53900f2c41ac0c7e8c,2,4.759626245274281,4201.49836139531,-0.7329842931937173
S025,corridor,binding,102,1070001,1,PR0_HT1_EC1,No-PR,S025@corridor@binding:i102:nsga2:s1070001:r1:PR0_HT1_EC1:e7f73c353cd1,25e7b74fd7208cd542569f2bc9871358dcab9b95f9b86f53900f2c41ac0c7e8c,3,5.5129031480043285,3407.632466837409,-0.5497382198952879
S025,corridor,binding,102,1070001,1,PR0_HT1_EC1,No-PR,S025@corridor@binding:i102:nsga2:s1070001:r1:PR0_HT1_EC1:e7f73c353cd1,25e7b74fd7208cd542569f2bc9871358dcab9b95f9b86f53900f2c41ac0c7e8c,4,5.541965966092805,3499.07844765569,-0.6020942408376964
S025,corridor,binding,102,1070001,1,PR0_HT1_EC1,No-PR,S025@corridor@binding:i102:nsga2:s1070001:r1:PR0_HT1_EC1:e7f73c353cd1,25e7b74fd7208cd542569f2bc9871358dcab9b95f9b86f53900f2c41ac0c7e8c,5,6.293094040238933,2694.087396025638,-0.20161290322580644
S025,corridor,binding,102,1070001,1,PR0_HT1_EC1,No-PR,S025@corridor@binding:i102:nsga2:s1070001:r1:PR0_HT1_EC1:e7f73c353cd1,25e7b74fd7208cd542569f2bc9871358dcab9b95f9b86f53900f2c41ac0c7e8c,6,6.2990081451136,2617.585881125975,-0.35911602209944754
S025,corridor,binding,102,1070001,1,PR0_HT1_EC1,No-PR,S025@corridor@binding:i102:nsga2:s1070001:r1:PR0_HT1_EC1:e7f73c353cd1,25e7b74fd7208cd542569f2bc9871358dcab9b95f9b86f53900f2c41ac0c7e8c,7,6.3258937395838615,2662.54663187527,-0.39267015706806285
S025,corridor,binding,102,1070001,1,PR0_HT1_EC1,No-PR,S025@corridor@binding:i102:nsga2:s1070001:r1:PR0_HT1_EC1:e7f73c353cd1,25e7b74fd7208cd542569f2bc9871358dcab9b95f9b86f53900f2c41ac0c7e8c,8,6.328999367481425,2635.9445703908964,-0.39267015706806285
S025,corridor,binding,102,1070001,1,PR0_HT1_EC1,No-PR,S025@corridor@binding:i102:nsga2:s1070001:r1:PR0_HT1_EC1:e7f73c353cd1,25e7b74fd7208cd542569f2bc9871358dcab9b95f9b86f53900f2c41ac0c7e8c,9,6.337745812920777,2602.283189030938,-0.3403141361256545
S025,corridor,binding,102,1070001,1,PR0_HT1_EC1,No-PR,S025@corridor@binding:i102:nsga2:s1070001:r1:PR0_HT1_EC1:e7f73c353cd1,25e7b74fd7208cd542569f2bc9871358dcab9b95f9b86f53900f2c41ac0c7e8c,10,6.343514240091235,2692.06788197326,-0.418848167539267
S025,corridor,binding,102,1070001,1,PR0_HT1_EC1,No-PR,S025@corridor@binding:i102:nsga2:s1070001:r1:PR0_HT1_EC1:e7f73c353cd1,25e7b74fd7208cd542569f2bc9871358dcab9b95f9b86f53900f2c41ac0c7e8c,11,6.645922636124041,2260.2760935558317,-0.17094017094017094
S025,corridor,binding,102,1070001,1,PR0_HT1_EC1,No-PR,S025@corridor@binding:i102:nsga2:s1070001:r1:PR0_HT1_EC1:e7f73c353cd1,25e7b74fd7208cd542569f2bc9871358dcab9b95f9b86f53900f2c41ac0c7e8c,12,6.7146599886679805,2187.732619967241,-0.22099447513812154
S025,corridor,binding,102,1070001,1,PR0_HT1_EC1,No-PR,S025@corridor@binding:i102:nsga2:s1070001:r1:PR0_HT1_EC1:e7f73c353cd1,25e7b74fd7208cd542569f2bc9871358dcab9b95f9b86f53900f2c41ac0c7e8c,13,6.745704031876895,2186.2387134150576,-0.22099447513812154
S025,corridor,binding,102,1070001,1,PR0_HT1_EC1,No-PR,S025@corridor@binding:i102:nsga2:s1070001:r1:PR0_HT1_EC1:e7f73c353cd1,25e7b74fd7208cd542569f2bc9871358dcab9b95f9b86f53900f2c41ac0c7e8c,14,7.012513816999762,1783.1307929573366,-0.042735042735042736
S025,corridor,binding,102,1070001,1,PR0_HT1_EC1,No-PR,S025@corridor@binding:i102:nsga2:s1070001:r1:PR0_HT1_EC1:e7f73c353cd1,25e7b74fd7208cd542569f2bc9871358dcab9b95f9b86f53900f2c41ac0c7e8c,15,7.019758619564734,1766.9781798335296,-0.11049723756906077
S025,corridor,binding,102,1070001,1,PR0_HT1_EC1,No-PR,S025@corridor@binding:i102:nsga2:s1070001:r1:PR0_HT1_EC1:e7f73c353cd1,25e7b74fd7208cd542569f2bc9871358dcab9b95f9b86f53900f2c41ac0c7e8c,16,7.299257317606529,748.1008775205676,-0.0
S025,corridor,binding,102,1070001,1,PR1_HT0_EC1,No-HT,S025@corridor@binding:i102:nsga2:s1070001:r1:PR1_HT0_EC1:d952fda92850,25e7b74fd7208cd542569f2bc9871358dcab9b95f9b86f53900f2c41ac0c7e8c,0,4.6399876922545555,4291.815698551742,-0.7853403141361257
S025,corridor,binding,102,1070001,1,PR1_HT0_EC1,No-HT,S025@corridor@binding:i102:nsga2:s1070001:r1:PR1_HT0_EC1:d952fda92850,25e7b74fd7208cd542569f2bc9871358dcab9b95f9b86f53900f2c41ac0c7e8c,1,4.769817969818822,4265.522960560352,-0.7591623036649214
S025,corridor,binding,102,1070001,1,PR1_HT0_EC1,No-HT,S025@corridor@binding:i102:nsga2:s1070001:r1:PR1_HT0_EC1:d952fda92850,25e7b74fd7208cd542569f2bc9871358dcab9b95f9b86f53900f2c41ac0c7e8c,2,4.77209511184569,4227.920809932029,-0.7329842931937173
S025,corridor,binding,102,1070001,1,PR1_HT0_EC1,No-HT,S025@corridor@binding:i102:nsga2:s1070001:r1:PR1_HT0_EC1:d952fda92850,25e7b74fd7208cd542569f2bc9871358dcab9b95f9b86f53900f2c41ac0c7e8c,3,5.489170621326387,3306.634012328443,-0.6282722513089005
S025,corridor,binding,102,1070001,1,PR1_HT0_EC1,No-HT,S025@corridor@binding:i102:nsga2:s1070001:r1:PR1_HT0_EC1:d952fda92850,25e7b74fd7208cd542569f2bc9871358dcab9b95f9b86f53900f2c41ac0c7e8c,4,5.501838812366958,3301.320718747465,-0.5497382198952879
S025,corridor,binding,102,1070001,1,PR1_HT0_EC1,No-HT,S025@corridor@binding:i102:nsga2:s1070001:r1:PR1_HT0_EC1:d952fda92850,25e7b74fd7208cd542569f2bc9871358dcab9b95f9b86f53900f2c41ac0c7e8c,5,5.5921399235904,3276.9559433063523,-0.5248618784530387
S025,corridor,binding,102,1070001,1,PR1_HT0_EC1,No-HT,S025@corridor@binding:i102:nsga2:s1070001:r1:PR1_HT0_EC1:d952fda92850,25e7b74fd7208cd542569f2bc9871358dcab9b95f9b86f53900f2c41ac0c7e8c,6,6.238572806048277,2638.6463903592403,-0.35911602209944754
S025,corridor,binding,102,1070001,1,PR1_HT0_EC1,No-HT,S025@corridor@binding:i102:nsga2:s1070001:r1:PR1_HT0_EC1:d952fda92850,25e7b74fd7208cd542569f2bc9871358dcab9b95f9b86f53900f2c41ac0c7e8c,7,6.3258937395838615,2662.54663187527,-0.39267015706806285
S025,corridor,binding,102,1070001,1,PR1_HT0_EC1,No-HT,S025@corridor@binding:i102:nsga2:s1070001:r1:PR1_HT0_EC1:d952fda92850,25e7b74fd7208cd542569f2bc9871358dcab9b95f9b86f53900f2c41ac0c7e8c,8,6.353321404248038,2624.290422500203,-0.36649214659685864
S025,corridor,binding,102,1070001,1,PR1_HT0_EC1,No-HT,S025@corridor@binding:i102:nsga2:s1070001:r1:PR1_HT0_EC1:d952fda92850,25e7b74fd7208cd542569f2bc9871358dcab9b95f9b86f53900f2c41ac0c7e8c,9,6.643109671932703,2260.2760935558317,-0.21367521367521367
S025,corridor,binding,102,1070001,1,PR1_HT0_EC1,No-HT,S025@corridor@binding:i102:nsga2:s1070001:r1:PR1_HT0_EC1:d952fda92850,25e7b74fd7208cd542569f2bc9871358dcab9b95f9b86f53900f2c41ac0c7e8c,10,6.650437677183823,2180.213439991245,-0.24861878453038674
S025,corridor,binding,102,1070001,1,PR1_HT0_EC1,No-HT,S025@corridor@binding:i102:nsga2:s1070001:r1:PR1_HT0_EC1:d952fda92850,25e7b74fd7208cd542569f2bc9871358dcab9b95f9b86f53900f2c41ac0c7e8c,11,6.829749208759335,2015.5355104814155,-0.18324607329842932
S025,corridor,binding,102,1070001,1,PR1_HT0_EC1,No-HT,S025@corridor@binding:i102:nsga2:s1070001:r1:PR1_HT0_EC1:d952fda92850,25e7b74fd7208cd542569f2bc9871358dcab9b95f9b86f53900f2c41ac0c7e8c,12,6.833582205102713,1982.8111604950395,-0.22099447513812154
S025,corridor,binding,102,1070001,1,PR1_HT0_EC1,No-HT,S025@corridor@binding:i102:nsga2:s1070001:r1:PR1_HT0_EC1:d952fda92850,25e7b74fd7208cd542569f2bc9871358dcab9b95f9b86f53900f2c41ac0c7e8c,13,7.012950688996262,1784.6991208546162,-0.042735042735042736
S025,corridor,binding,102,1070001,1,PR1_HT0_EC1,No-HT,S025@corridor@binding:i102:nsga2:s1070001:r1:PR1_HT0_EC1:d952fda92850,25e7b74fd7208cd542569f2bc9871358dcab9b95f9b86f53900f2c41ac0c7e8c,14,7.019758619564734,1766.9781798335296,-0.11049723756906077
S025,corridor,binding,102,1070001,1,PR1_HT0_EC1,No-HT,S025@corridor@binding:i102:nsga2:s1070001:r1:PR1_HT0_EC1:d952fda92850,25e7b74fd7208cd542569f2bc9871358dcab9b95f9b86f53900f2c41ac0c7e8c,15,7.036250752104421,1756.064721832,-0.07853403141361257
S025,corridor,binding,102,1070001,1,PR1_HT0_EC1,No-HT,S025@corridor@binding:i102:nsga2:s1070001:r1:PR1_HT0_EC1:d952fda92850,25e7b74fd7208cd542569f2bc9871358dcab9b95f9b86f53900f2c41ac0c7e8c,16,7.153967089927492,1358.0246019814113,-0.0
S025,corridor,binding,102,1070001,1,PR1_HT0_EC1,No-HT,S025@corridor@binding:i102:nsga2:s1070001:r1:PR1_HT0_EC1:d952fda92850,25e7b74fd7208cd542569f2bc9871358dcab9b95f9b86f53900f2c41ac0c7e8c,17,7.159764096912162,1332.6304539131975,-0.0
S025,corridor,binding,102,1070001,1,PR1_HT0_EC1,No-HT,S025@corridor@binding:i102:nsga2:s1070001:r1:PR1_HT0_EC1:d952fda92850,25e7b74fd7208cd542569f2bc9871358dcab9b95f9b86f53900f2c41ac0c7e8c,18,7.1718731403551335,1302.0946370974461,-0.0
S025,corridor,binding,102,1070001,1,PR1_HT0_EC1,No-HT,S025@corridor@binding:i102:nsga2:s1070001:r1:PR1_HT0_EC1:d952fda92850,25e7b74fd7208cd542569f2bc9871358dcab9b95f9b86f53900f2c41ac0c7e8c,19,7.24531467255695,1076.1474207086394,-0.0
S025,corridor,binding,102,1070001,1,PR1_HT0_EC1,No-HT,S025@corridor@binding:i102:nsga2:s1070001:r1:PR1_HT0_EC1:d952fda92850,25e7b74fd7208cd542569f2bc9871358dcab9b95f9b86f53900f2c41ac0c7e8c,20,7.24575154455345,1068.059127420043,-0.0
S025,corridor,binding,102,1070001,1,PR1_HT0_EC1,No-HT,S025@corridor@binding:i102:nsga2:s1070001:r1:PR1_HT0_EC1:d952fda92850,25e7b74fd7208cd542569f2bc9871358dcab9b95f9b86f53900f2c41ac0c7e8c,21,7.253086432951505,1031.2299707327584,-0.0
S025,corridor,binding,102,1070001,1,PR1_HT0_EC1,No-HT,S025@corridor@binding:i102:nsga2:s1070001:r1:PR1_HT0_EC1:d952fda92850,25e7b74fd7208cd542569f2bc9871358dcab9b95f9b86f53900f2c41ac0c7e8c,22,7.2730449978162275,994.9793951307637,-0.0
S025,corridor,binding,102,1070001,1,PR1_HT0_EC1,No-HT,S025@corridor@binding:i102:nsga2:s1070001:r1:PR1_HT0_EC1:d952fda92850,25e7b74fd7208cd542569f2bc9871358dcab9b95f9b86f53900f2c41ac0c7e8c,23,7.299257317606529,748.1008775205676,-0.0
S025,corridor,binding,102,1070001,1,PR1_HT1_EC0,No-EC,S025@corridor@binding:i102:nsga2:s1070001:r1:PR1_HT1_EC0:1400af4ac24c,25e7b74fd7208cd542569f2bc9871358dcab9b95f9b86f53900f2c41ac0c7e8c,0,4.7484684373020905,4294.295632817953,-0.7264957264957265
S025,corridor,binding,102,1070001,1,PR1_HT1_EC0,No-EC,S025@corridor@binding:i102:nsga2:s1070001:r1:PR1_HT1_EC0:1400af4ac24c,25e7b74fd7208cd542569f2bc9871358dcab9b95f9b86f53900f2c41ac0c7e8c,1,4.756974950066398,4230.871182332214,-0.5645161290322581
S025,corridor,binding,102,1070001,1,PR1_HT1_EC0,No-EC,S025@corridor@binding:i102:nsga2:s1070001:r1:PR1_HT1_EC0:1400af4ac24c,25e7b74fd7208cd542569f2bc9871358dcab9b95f9b86f53900f2c41ac0c7e8c,2,4.85163066150409,4185.63722400587,-0.6353591160220995
S025,corridor,binding,102,1070001,1,PR1_HT1_EC0,No-EC,S025@corridor@binding:i102:nsga2:s1070001:r1:PR1_HT1_EC0:1400af4ac24c,25e7b74fd7208cd542569f2bc9871358dcab9b95f9b86f53900f2c41ac0c7e8c,3,5.531657542155503,3495.600532621694,-0.5241935483870968
S025,corridor,binding,102,1070001,1,PR1_HT1_EC0,No-EC,S025@corridor@binding:i102:nsga2:s1070001:r1:PR1_HT1_EC0:1400af4ac24c,25e7b74fd7208cd542569f2bc9871358dcab9b95f9b86f53900f2c41ac0c7e8c,4,5.541478342786916,3443.9780920980866,-0.5555555555555556
S025,corridor,binding,102,1070001,1,PR1_HT1_EC0,No-EC,S025@corridor@binding:i102:nsga2:s1070001:r1:PR1_HT1_EC0:1400af4ac24c,25e7b74fd7208cd542569f2bc9871358dcab9b95f9b86f53900f2c41ac0c7e8c,5,5.575515239335631,3396.805988995106,-0.4700854700854701
S025,corridor,binding,102,1070001,1,PR1_HT1_EC0,No-EC,S025@corridor@binding:i102:nsga2:s1070001:r1:PR1_HT1_EC0:1400af4ac24c,25e7b74fd7208cd542569f2bc9871358dcab9b95f9b86f53900f2c41ac0c7e8c,6,5.583512703456266,3396.871425651227,-0.5235602094240838
S025,corridor,binding,102,1070001,1,PR1_HT1_EC0,No-EC,S025@corridor@binding:i102:nsga2:s1070001:r1:PR1_HT1_EC0:1400af4ac24c,25e7b74fd7208cd542569f2bc9871358dcab9b95f9b86f53900f2c41ac0c7e8c,7,6.226908471636742,2675.1510965513753,-0.24193548387096775
S025,corridor,binding,102,1070001,1,PR1_HT1_EC0,No-EC,S025@corridor@binding:i102:nsga2:s1070001:r1:PR1_HT1_EC0:1400af4ac24c,25e7b74fd7208cd542569f2bc9871358dcab9b95f9b86f53900f2c41ac0c7e8c,8,6.310826383675572,2687.547475303247,-0.39267015706806285
S025,corridor,binding,102,1070001,1,PR1_HT1_EC0,No-EC,S025@corridor@binding:i102:nsga2:s1070001:r1:PR1_HT1_EC0:1400af4ac24c,25e7b74fd7208cd542569f2bc9871358dcab9b95f9b86f53900f2c41ac0c7e8c,9,6.618546081879362,2280.327491341925,-0.24193548387096775
S025,corridor,binding,102,1070001,1,PR1_HT1_EC0,No-EC,S025@corridor@binding:i102:nsga2:s1070001:r1:PR1_HT1_EC0:1400af4ac24c,25e7b74fd7208cd542569f2bc9871358dcab9b95f9b86f53900f2c41ac0c7e8c,10,6.646359508120542,2261.844421453112,-0.17094017094017094
S025,corridor,binding,102,1070001,1,PR1_HT1_EC0,No-EC,S025@corridor@binding:i102:nsga2:s1070001:r1:PR1_HT1_EC0:1400af4ac24c,25e7b74fd7208cd542569f2bc9871358dcab9b95f9b86f53900f2c41ac0c7e8c,11,6.7146599886679805,2187.732619967241,-0.22099447513812154
S025,corridor,binding,102,1070001,1,PR1_HT1_EC0,No-EC,S025@corridor@binding:i102:nsga2:s1070001:r1:PR1_HT1_EC0:1400af4ac24c,25e7b74fd7208cd542569f2bc9871358dcab9b95f9b86f53900f2c41ac0c7e8c,12,6.829749208759335,2015.5355104814155,-0.18324607329842932
S025,corridor,binding,102,1070001,1,PR1_HT1_EC0,No-EC,S025@corridor@binding:i102:nsga2:s1070001:r1:PR1_HT1_EC0:1400af4ac24c,25e7b74fd7208cd542569f2bc9871358dcab9b95f9b86f53900f2c41ac0c7e8c,13,7.01931354304412,1754.4932785843584,-0.042735042735042736
S025,corridor,binding,102,1070001,1,PR1_HT1_EC0,No-EC,S025@corridor@binding:i102:nsga2:s1070001:r1:PR1_HT1_EC0:1400af4ac24c,25e7b74fd7208cd542569f2bc9871358dcab9b95f9b86f53900f2c41ac0c7e8c,14,7.022538855608649,1780.2602909587931,-0.08287292817679558
S025,corridor,binding,102,1070001,1,PR1_HT1_EC0,No-EC,S025@corridor@binding:i102:nsga2:s1070001:r1:PR1_HT1_EC0:1400af4ac24c,25e7b74fd7208cd542569f2bc9871358dcab9b95f9b86f53900f2c41ac0c7e8c,15,7.023686959945225,1775.1458580441622,-0.08287292817679558
S025,corridor,binding,102,1070001,1,PR1_HT1_EC0,No-EC,S025@corridor@binding:i102:nsga2:s1070001:r1:PR1_HT1_EC0:1400af4ac24c,25e7b74fd7208cd542569f2bc9871358dcab9b95f9b86f53900f2c41ac0c7e8c,16,7.156094435620036,1306.3997556321615,-0.0
S025,corridor,binding,102,1070001,1,PR1_HT1_EC0,No-EC,S025@corridor@binding:i102:nsga2:s1070001:r1:PR1_HT1_EC0:1400af4ac24c,25e7b74fd7208cd542569f2bc9871358dcab9b95f9b86f53900f2c41ac0c7e8c,17,7.177976156194558,1278.2688169265123,-0.0
S025,corridor,binding,102,1070001,1,PR1_HT1_EC0,No-EC,S025@corridor@binding:i102:nsga2:s1070001:r1:PR1_HT1_EC0:1400af4ac24c,25e7b74fd7208cd542569f2bc9871358dcab9b95f9b86f53900f2c41ac0c7e8c,18,7.241336500477835,1118.6196915606545,-0.0
S025,corridor,binding,102,1070001,1,PR1_HT1_EC0,No-EC,S025@corridor@binding:i102:nsga2:s1070001:r1:PR1_HT1_EC0:1400af4ac24c,25e7b74fd7208cd542569f2bc9871358dcab9b95f9b86f53900f2c41ac0c7e8c,19,7.24575154455345,1096.1988184947327,-0.0
S025,corridor,binding,102,1070001,1,PR1_HT1_EC0,No-EC,S025@corridor@binding:i102:nsga2:s1070001:r1:PR1_HT1_EC0:1400af4ac24c,25e7b74fd7208cd542569f2bc9871358dcab9b95f9b86f53900f2c41ac0c7e8c,20,7.253523304948004,1068.053400384368,-0.0
S025,corridor,binding,102,1070001,1,PR1_HT1_EC0,No-EC,S025@corridor@binding:i102:nsga2:s1070001:r1:PR1_HT1_EC0:1400af4ac24c,25e7b74fd7208cd542569f2bc9871358dcab9b95f9b86f53900f2c41ac0c7e8c,21,7.273481869812727,996.5477230280436,-0.0
S025,corridor,binding,102,1070001,1,PR1_HT1_EC0,No-EC,S025@corridor@binding:i102:nsga2:s1070001:r1:PR1_HT1_EC0:1400af4ac24c,25e7b74fd7208cd542569f2bc9871358dcab9b95f9b86f53900f2c41ac0c7e8c,22,7.299694189603029,749.6692054178475,-0.0
S025,corridor,binding,102,1070001,1,PR1_HT1_EC1,Full,S025@corridor@binding:i102:nsga2:s1070001:r1:PR1_HT1_EC1:4bf2708ae859,25e7b74fd7208cd542569f2bc9871358dcab9b95f9b86f53900f2c41ac0c7e8c,0,4.568214100407843,4307.993124762185,-0.8638743455497382
S025,corridor,binding,102,1070001,1,PR1_HT1_EC1,Full,S025@corridor@binding:i102:nsga2:s1070001:r1:PR1_HT1_EC1:4bf2708ae859,25e7b74fd7208cd542569f2bc9871358dcab9b95f9b86f53900f2c41ac0c7e8c,1,4.6399876922545555,4291.815698551742,-0.7853403141361257
S025,corridor,binding,102,1070001,1,PR1_HT1_EC1,Full,S025@corridor@binding:i102:nsga2:s1070001:r1:PR1_HT1_EC1:4bf2708ae859,25e7b74fd7208cd542569f2bc9871358dcab9b95f9b86f53900f2c41ac0c7e8c,2,4.690150580698733,4266.184628446603,-0.7182320441988951
S025,corridor,binding,102,1070001,1,PR1_HT1_EC1,Full,S025@corridor@binding:i102:nsga2:s1070001:r1:PR1_HT1_EC1:4bf2708ae859,25e7b74fd7208cd542569f2bc9871358dcab9b95f9b86f53900f2c41ac0c7e8c,3,4.691077308220082,4231.550859194607,-0.7458563535911602
S025,corridor,binding,102,1070001,1,PR1_HT1_EC1,Full,S025@corridor@binding:i102:nsga2:s1070001:r1:PR1_HT1_EC1:4bf2708ae859,25e7b74fd7208cd542569f2bc9871358dcab9b95f9b86f53900f2c41ac0c7e8c,4,4.691195850151421,4230.398541037006,-0.7068062827225131
S025,corridor,binding,102,1070001,1,PR1_HT1_EC1,Full,S025@corridor@binding:i102:nsga2:s1070001:r1:PR1_HT1_EC1:4bf2708ae859,25e7b74fd7208cd542569f2bc9871358dcab9b95f9b86f53900f2c41ac0c7e8c,5,4.759626245274281,4228.000353835713,-0.7329842931937173
S025,corridor,binding,102,1070001,1,PR1_HT1_EC1,Full,S025@corridor@binding:i102:nsga2:s1070001:r1:PR1_HT1_EC1:4bf2708ae859,25e7b74fd7208cd542569f2bc9871358dcab9b95f9b86f53900f2c41ac0c7e8c,6,4.760274518653501,4178.938681960503,-0.6837606837606838
S025,corridor,binding,102,1070001,1,PR1_HT1_EC1,Full,S025@corridor@binding:i102:nsga2:s1070001:r1:PR1_HT1_EC1:4bf2708ae859,25e7b74fd7208cd542569f2bc9871358dcab9b95f9b86f53900f2c41ac0c7e8c,7,4.810449771640183,4176.292457250718,-0.6629834254143646
S025,corridor,binding,102,1070001,1,PR1_HT1_EC1,Full,S025@corridor@binding:i102:nsga2:s1070001:r1:PR1_HT1_EC1:4bf2708ae859,25e7b74fd7208cd542569f2bc9871358dcab9b95f9b86f53900f2c41ac0c7e8c,8,5.495723701273963,3399.298500647605,-0.6020942408376964
S025,corridor,binding,102,1070001,1,PR1_HT1_EC1,Full,S025@corridor@binding:i102:nsga2:s1070001:r1:PR1_HT1_EC1:4bf2708ae859,25e7b74fd7208cd542569f2bc9871358dcab9b95f9b86f53900f2c41ac0c7e8c,9,5.507755695849084,3383.192229877503,-0.6020942408376964
S025,corridor,binding,102,1070001,1,PR1_HT1_EC1,Full,S025@corridor@binding:i102:nsga2:s1070001:r1:PR1_HT1_EC1:4bf2708ae859,25e7b74fd7208cd542569f2bc9871358dcab9b95f9b86f53900f2c41ac0c7e8c,10,6.233799735935259,2637.152483807057,-0.35911602209944754
S025,corridor,binding,102,1070001,1,PR1_HT1_EC1,Full,S025@corridor@binding:i102:nsga2:s1070001:r1:PR1_HT1_EC1:4bf2708ae859,25e7b74fd7208cd542569f2bc9871358dcab9b95f9b86f53900f2c41ac0c7e8c,11,6.254166654824829,2669.4849458875774,-0.3629032258064516
S025,corridor,binding,102,1070001,1,PR1_HT1_EC1,Full,S025@corridor@binding:i102:nsga2:s1070001:r1:PR1_HT1_EC1:4bf2708ae859,25e7b74fd7208cd542569f2bc9871358dcab9b95f9b86f53900f2c41ac0c7e8c,12,6.295273769029534,2604.8273503637674,-0.36649214659685864
S025,corridor,binding,102,1070001,1,PR1_HT1_EC1,Full,S025@corridor@binding:i102:nsga2:s1070001:r1:PR1_HT1_EC1:4bf2708ae859,25e7b74fd7208cd542569f2bc9871358dcab9b95f9b86f53900f2c41ac0c7e8c,13,6.310389511679071,2685.979147405967,-0.39267015706806285
S025,corridor,binding,102,1070001,1,PR1_HT1_EC1,Full,S025@corridor@binding:i102:nsga2:s1070001:r1:PR1_HT1_EC1:4bf2708ae859,25e7b74fd7208cd542569f2bc9871358dcab9b95f9b86f53900f2c41ac0c7e8c,14,6.3258937395838615,2662.54663187527,-0.39267015706806285
S025,corridor,binding,102,1070001,1,PR1_HT1_EC1,Full,S025@corridor@binding:i102:nsga2:s1070001:r1:PR1_HT1_EC1:4bf2708ae859,25e7b74fd7208cd542569f2bc9871358dcab9b95f9b86f53900f2c41ac0c7e8c,15,6.343514240091235,2692.06788197326,-0.418848167539267
S025,corridor,binding,102,1070001,1,PR1_HT1_EC1,Full,S025@corridor@binding:i102:nsga2:s1070001:r1:PR1_HT1_EC1:4bf2708ae859,25e7b74fd7208cd542569f2bc9871358dcab9b95f9b86f53900f2c41ac0c7e8c,16,6.618109209882861,2278.759163444645,-0.24193548387096775
S025,corridor,binding,102,1070001,1,PR1_HT1_EC1,Full,S025@corridor@binding:i102:nsga2:s1070001:r1:PR1_HT1_EC1:4bf2708ae859,25e7b74fd7208cd542569f2bc9871358dcab9b95f9b86f53900f2c41ac0c7e8c,17,6.645922636124041,2260.2760935558317,-0.17094017094017094
S025,corridor,binding,102,1070001,1,PR1_HT1_EC1,Full,S025@corridor@binding:i102:nsga2:s1070001:r1:PR1_HT1_EC1:4bf2708ae859,25e7b74fd7208cd542569f2bc9871358dcab9b95f9b86f53900f2c41ac0c7e8c,18,6.64827503142991,2200.6324947187004,-0.27624309392265195
S025,corridor,binding,102,1070001,1,PR1_HT1_EC1,Full,S025@corridor@binding:i102:nsga2:s1070001:r1:PR1_HT1_EC1:4bf2708ae859,25e7b74fd7208cd542569f2bc9871358dcab9b95f9b86f53900f2c41ac0c7e8c,19,6.650437677183823,2180.213439991245,-0.24861878453038674
S025,corridor,binding,102,1070001,1,PR1_HT1_EC1,Full,S025@corridor@binding:i102:nsga2:s1070001:r1:PR1_HT1_EC1:4bf2708ae859,25e7b74fd7208cd542569f2bc9871358dcab9b95f9b86f53900f2c41ac0c7e8c,20,6.822759256815259,2084.625052430906,-0.2094240837696335
S025,corridor,binding,102,1070001,1,PR1_HT1_EC1,Full,S025@corridor@binding:i102:nsga2:s1070001:r1:PR1_HT1_EC1:4bf2708ae859,25e7b74fd7208cd542569f2bc9871358dcab9b95f9b86f53900f2c41ac0c7e8c,21,6.829749208759335,2015.5355104814155,-0.18324607329842932
S025,corridor,binding,102,1070001,1,PR1_HT1_EC1,Full,S025@corridor@binding:i102:nsga2:s1070001:r1:PR1_HT1_EC1:4bf2708ae859,25e7b74fd7208cd542569f2bc9871358dcab9b95f9b86f53900f2c41ac0c7e8c,22,7.012950688996262,1784.6991208546162,-0.042735042735042736
S025,corridor,binding,102,1070001,1,PR1_HT1_EC1,Full,S025@corridor@binding:i102:nsga2:s1070001:r1:PR1_HT1_EC1:4bf2708ae859,25e7b74fd7208cd542569f2bc9871358dcab9b95f9b86f53900f2c41ac0c7e8c,23,7.014235075389857,1755.9127637914457,-0.042735042735042736
S025,corridor,binding,102,1070001,1,PR1_HT1_EC1,Full,S025@corridor@binding:i102:nsga2:s1070001:r1:PR1_HT1_EC1:4bf2708ae859,25e7b74fd7208cd542569f2bc9871358dcab9b95f9b86f53900f2c41ac0c7e8c,24,7.016697008001151,1726.036896066681,-0.11049723756906077
S025,corridor,binding,102,1070001,1,PR1_HT1_EC1,Full,S025@corridor@binding:i102:nsga2:s1070001:r1:PR1_HT1_EC1:4bf2708ae859,25e7b74fd7208cd542569f2bc9871358dcab9b95f9b86f53900f2c41ac0c7e8c,25,7.039826300991017,1713.3398220325744,-0.055248618784530384
S025,corridor,binding,102,1070001,1,PR1_HT1_EC1,Full,S025@corridor@binding:i102:nsga2:s1070001:r1:PR1_HT1_EC1:4bf2708ae859,25e7b74fd7208cd542569f2bc9871358dcab9b95f9b86f53900f2c41ac0c7e8c,26,7.153967089927492,1350.2769735891884,-0.0
S025,corridor,binding,102,1070001,1,PR1_HT1_EC1,Full,S025@corridor@binding:i102:nsga2:s1070001:r1:PR1_HT1_EC1:4bf2708ae859,25e7b74fd7208cd542569f2bc9871358dcab9b95f9b86f53900f2c41ac0c7e8c,27,7.157965217007999,1288.7532359561706,-0.0
S025,corridor,binding,102,1070001,1,PR1_HT1_EC1,Full,S025@corridor@binding:i102:nsga2:s1070001:r1:PR1_HT1_EC1:4bf2708ae859,25e7b74fd7208cd542569f2bc9871358dcab9b95f9b86f53900f2c41ac0c7e8c,28,7.177976156194558,1278.2688169265123,-0.0
S025,corridor,binding,102,1070001,1,PR1_HT1_EC1,Full,S025@corridor@binding:i102:nsga2:s1070001:r1:PR1_HT1_EC1:4bf2708ae859,25e7b74fd7208cd542569f2bc9871358dcab9b95f9b86f53900f2c41ac0c7e8c,29,7.240899628481335,1107.394742477498,-0.0
S025,corridor,binding,102,1070001,1,PR1_HT1_EC1,Full,S025@corridor@binding:i102:nsga2:s1070001:r1:PR1_HT1_EC1:4bf2708ae859,25e7b74fd7208cd542569f2bc9871358dcab9b95f9b86f53900f2c41ac0c7e8c,30,7.241336500477835,1099.0071003064409,-0.0
S025,corridor,binding,102,1070001,1,PR1_HT1_EC1,Full,S025@corridor@binding:i102:nsga2:s1070001:r1:PR1_HT1_EC1:4bf2708ae859,25e7b74fd7208cd542569f2bc9871358dcab9b95f9b86f53900f2c41ac0c7e8c,31,7.241913770163225,1079.705409425815,-0.0
S025,corridor,binding,102,1070001,1,PR1_HT1_EC1,Full,S025@corridor@binding:i102:nsga2:s1070001:r1:PR1_HT1_EC1:4bf2708ae859,25e7b74fd7208cd542569f2bc9871358dcab9b95f9b86f53900f2c41ac0c7e8c,32,7.253086432951505,1031.2299707327584,-0.0
S025,corridor,binding,102,1070001,1,PR1_HT1_EC1,Full,S025@corridor@binding:i102:nsga2:s1070001:r1:PR1_HT1_EC1:4bf2708ae859,25e7b74fd7208cd542569f2bc9871358dcab9b95f9b86f53900f2c41ac0c7e8c,33,7.2664919178686525,976.3276693053263,-0.0
S025,corridor,binding,102,1070001,1,PR1_HT1_EC1,Full,S025@corridor@binding:i102:nsga2:s1070001:r1:PR1_HT1_EC1:4bf2708ae859,25e7b74fd7208cd542569f2bc9871358dcab9b95f9b86f53900f2c41ac0c7e8c,34,7.272745672794231,933.2597657282147,-0.0
S025,corridor,binding,102,1070001,1,PR1_HT1_EC1,Full,S025@corridor@binding:i102:nsga2:s1070001:r1:PR1_HT1_EC1:4bf2708ae859,25e7b74fd7208cd542569f2bc9871358dcab9b95f9b86f53900f2c41ac0c7e8c,35,7.299257317606529,748.1008775205676,-0.0
S025,corridor,inactive,101,1060000,0,PR0_HT1_EC1,No-PR,S025@corridor@inactive:i101:nsga2:s1060000:r0:PR0_HT1_EC1:695392aa124e,1efe1d1907c2fa4b02522f8fdf5dd2f7ca474637751fc5d683586fd07890f5aa,0,4.528251717410251,5033.3811674421795,-0.8678714859436998
S025,corridor,inactive,101,1060000,0,PR0_HT1_EC1,No-PR,S025@corridor@inactive:i101:nsga2:s1060000:r0:PR0_HT1_EC1:695392aa124e,1efe1d1907c2fa4b02522f8fdf5dd2f7ca474637751fc5d683586fd07890f5aa,1,4.532757880055506,5028.442881516384,-0.8678714859437232
S025,corridor,inactive,101,1060000,0,PR0_HT1_EC1,No-PR,S025@corridor@inactive:i101:nsga2:s1060000:r0:PR0_HT1_EC1:695392aa124e,1efe1d1907c2fa4b02522f8fdf5dd2f7ca474637751fc5d683586fd07890f5aa,2,5.782722745447652,3872.732679564443,-0.4166666666666667
S025,corridor,inactive,101,1060000,0,PR0_HT1_EC1,No-PR,S025@corridor@inactive:i101:nsga2:s1060000:r0:PR0_HT1_EC1:695392aa124e,1efe1d1907c2fa4b02522f8fdf5dd2f7ca474637751fc5d683586fd07890f5aa,3,5.823239145072931,3898.925844878801,-0.5182926829268293
S025,corridor,inactive,101,1060000,0,PR0_HT1_EC1,No-PR,S025@corridor@inactive:i101:nsga2:s1060000:r0:PR0_HT1_EC1:695392aa124e,1efe1d1907c2fa4b02522f8fdf5dd2f7ca474637751fc5d683586fd07890f5aa,4,5.838881088033995,3873.584195872829,-0.5102040816326531
S025,corridor,inactive,101,1060000,0,PR0_HT1_EC1,No-PR,S025@corridor@inactive:i101:nsga2:s1060000:r0:PR0_HT1_EC1:695392aa124e,1efe1d1907c2fa4b02522f8fdf5dd2f7ca474637751fc5d683586fd07890f5aa,5,6.904635258359354,704.0078882202506,-0.0
S025,corridor,inactive,101,1060000,0,PR1_HT0_EC1,No-HT,S025@corridor@inactive:i101:nsga2:s1060000:r0:PR1_HT0_EC1:b339f64ad983,1efe1d1907c2fa4b02522f8fdf5dd2f7ca474637751fc5d683586fd07890f5aa,0,4.532757880055506,5028.442881516384,-0.8678714859437232
S025,corridor,inactive,101,1060000,0,PR1_HT0_EC1,No-HT,S025@corridor@inactive:i101:nsga2:s1060000:r0:PR1_HT0_EC1:b339f64ad983,1efe1d1907c2fa4b02522f8fdf5dd2f7ca474637751fc5d683586fd07890f5aa,1,5.780334523195965,3900.628877495573,-0.44871794871794873
S025,corridor,inactive,101,1060000,0,PR1_HT0_EC1,No-HT,S025@corridor@inactive:i101:nsga2:s1060000:r0:PR1_HT0_EC1:b339f64ad983,1efe1d1907c2fa4b02522f8fdf5dd2f7ca474637751fc5d683586fd07890f5aa,2,5.823239145072931,3898.925844878801,-0.5182926829268293
S025,corridor,inactive,101,1060000,0,PR1_HT0_EC1,No-HT,S025@corridor@inactive:i101:nsga2:s1060000:r0:PR1_HT0_EC1:b339f64ad983,1efe1d1907c2fa4b02522f8fdf5dd2f7ca474637751fc5d683586fd07890f5aa,3,6.238705143875353,3421.39648152878,-0.2564102564102564
S025,corridor,inactive,101,1060000,0,PR1_HT0_EC1,No-HT,S025@corridor@inactive:i101:nsga2:s1060000:r0:PR1_HT0_EC1:b339f64ad983,1efe1d1907c2fa4b02522f8fdf5dd2f7ca474637751fc5d683586fd07890f5aa,4,6.241128889538345,3375.4806575181124,-0.16666666666666666
S025,corridor,inactive,101,1060000,0,PR1_HT0_EC1,No-HT,S025@corridor@inactive:i101:nsga2:s1060000:r0:PR1_HT0_EC1:b339f64ad983,1efe1d1907c2fa4b02522f8fdf5dd2f7ca474637751fc5d683586fd07890f5aa,5,6.265444624491604,3396.4995795897185,-0.3353658536585366
S025,corridor,inactive,101,1060000,0,PR1_HT0_EC1,No-HT,S025@corridor@inactive:i101:nsga2:s1060000:r0:PR1_HT0_EC1:b339f64ad983,1efe1d1907c2fa4b02522f8fdf5dd2f7ca474637751fc5d683586fd07890f5aa,6,6.271869957381247,3373.5416675843844,-0.35714285714285715
S025,corridor,inactive,101,1060000,0,PR1_HT0_EC1,No-HT,S025@corridor@inactive:i101:nsga2:s1060000:r0:PR1_HT0_EC1:b339f64ad983,1efe1d1907c2fa4b02522f8fdf5dd2f7ca474637751fc5d683586fd07890f5aa,7,6.53820322120627,2459.594960599051,-0.16666666666666666
S025,corridor,inactive,101,1060000,0,PR1_HT0_EC1,No-HT,S025@corridor@inactive:i101:nsga2:s1060000:r0:PR1_HT0_EC1:b339f64ad983,1efe1d1907c2fa4b02522f8fdf5dd2f7ca474637751fc5d683586fd07890f5aa,8,6.567156144261677,2438.2090273343147,-0.0
S025,corridor,inactive,101,1060000,0,PR1_HT0_EC1,No-HT,S025@corridor@inactive:i101:nsga2:s1060000:r0:PR1_HT0_EC1:b339f64ad983,1efe1d1907c2fa4b02522f8fdf5dd2f7ca474637751fc5d683586fd07890f5aa,9,6.585032999857713,2456.0923923862265,-0.20408163265306123
S025,corridor,inactive,101,1060000,0,PR1_HT0_EC1,No-HT,S025@corridor@inactive:i101:nsga2:s1060000:r0:PR1_HT0_EC1:b339f64ad983,1efe1d1907c2fa4b02522f8fdf5dd2f7ca474637751fc5d683586fd07890f5aa,10,6.591594726951929,2375.8099879562055,-0.09146341463414634
S025,corridor,inactive,101,1060000,0,PR1_HT0_EC1,No-HT,S025@corridor@inactive:i101:nsga2:s1060000:r0:PR1_HT0_EC1:b339f64ad983,1efe1d1907c2fa4b02522f8fdf5dd2f7ca474637751fc5d683586fd07890f5aa,11,6.683565679572183,2156.5057357250944,-0.0
S025,corridor,inactive,101,1060000,0,PR1_HT0_EC1,No-HT,S025@corridor@inactive:i101:nsga2:s1060000:r0:PR1_HT0_EC1:b339f64ad983,1efe1d1907c2fa4b02522f8fdf5dd2f7ca474637751fc5d683586fd07890f5aa,12,6.768589555792446,1987.9802184288646,-0.0
S025,corridor,inactive,101,1060000,0,PR1_HT0_EC1,No-HT,S025@corridor@inactive:i101:nsga2:s1060000:r0:PR1_HT0_EC1:b339f64ad983,1efe1d1907c2fa4b02522f8fdf5dd2f7ca474637751fc5d683586fd07890f5aa,13,6.769413520343733,1940.7451388545842,-0.0
S025,corridor,inactive,101,1060000,0,PR1_HT0_EC1,No-HT,S025@corridor@inactive:i101:nsga2:s1060000:r0:PR1_HT0_EC1:b339f64ad983,1efe1d1907c2fa4b02522f8fdf5dd2f7ca474637751fc5d683586fd07890f5aa,14,6.772068517230944,1935.3621058618776,-0.0
S025,corridor,inactive,101,1060000,0,PR1_HT0_EC1,No-HT,S025@corridor@inactive:i101:nsga2:s1060000:r0:PR1_HT0_EC1:b339f64ad983,1efe1d1907c2fa4b02522f8fdf5dd2f7ca474637751fc5d683586fd07890f5aa,15,6.773899549567069,1841.3555105898593,-0.0
S025,corridor,inactive,101,1060000,0,PR1_HT0_EC1,No-HT,S025@corridor@inactive:i101:nsga2:s1060000:r0:PR1_HT0_EC1:b339f64ad983,1efe1d1907c2fa4b02522f8fdf5dd2f7ca474637751fc5d683586fd07890f5aa,16,6.8017268289485004,1820.682345839403,-0.0
S025,corridor,inactive,101,1060000,0,PR1_HT0_EC1,No-HT,S025@corridor@inactive:i101:nsga2:s1060000:r0:PR1_HT0_EC1:b339f64ad983,1efe1d1907c2fa4b02522f8fdf5dd2f7ca474637751fc5d683586fd07890f5aa,17,6.874240121581239,1149.6055622140414,-0.0
S025,corridor,inactive,101,1060000,0,PR1_HT0_EC1,No-HT,S025@corridor@inactive:i101:nsga2:s1060000:r0:PR1_HT0_EC1:b339f64ad983,1efe1d1907c2fa4b02522f8fdf5dd2f7ca474637751fc5d683586fd07890f5aa,18,6.878726150804589,1144.2258466612093,-0.0
S025,corridor,inactive,101,1060000,0,PR1_HT0_EC1,No-HT,S025@corridor@inactive:i101:nsga2:s1060000:r0:PR1_HT0_EC1:b339f64ad983,1efe1d1907c2fa4b02522f8fdf5dd2f7ca474637751fc5d683586fd07890f5aa,19,6.904635258359354,704.0078882202506,-0.0
S025,corridor,inactive,101,1060000,0,PR1_HT1_EC0,No-EC,S025@corridor@inactive:i101:nsga2:s1060000:r0:PR1_HT1_EC0:a86ce6b22107,1efe1d1907c2fa4b02522f8fdf5dd2f7ca474637751fc5d683586fd07890f5aa,0,4.528251717410251,5050.013104580583,-0.8678714859436998
S025,corridor,inactive,101,1060000,0,PR1_HT1_EC0,No-EC,S025@corridor@inactive:i101:nsga2:s1060000:r0:PR1_HT1_EC0:a86ce6b22107,1efe1d1907c2fa4b02522f8fdf5dd2f7ca474637751fc5d683586fd07890f5aa,1,4.532757880055506,5027.05519257525,-0.8678714859437232
S025,corridor,inactive,101,1060000,0,PR1_HT1_EC0,No-EC,S025@corridor@inactive:i101:nsga2:s1060000:r0:PR1_HT1_EC0:a86ce6b22107,1efe1d1907c2fa4b02522f8fdf5dd2f7ca474637751fc5d683586fd07890f5aa,2,4.544170196602644,5024.500643650092,-0.8678714859437232
S025,corridor,inactive,101,1060000,0,PR1_HT1_EC0,No-EC,S025@corridor@inactive:i101:nsga2:s1060000:r0:PR1_HT1_EC0:a86ce6b22107,1efe1d1907c2fa4b02522f8fdf5dd2f7ca474637751fc5d683586fd07890f5aa,3,5.780334523195965,3900.628877495573,-0.44871794871794873
S025,corridor,inactive,101,1060000,0,PR1_HT1_EC0,No-EC,S025@corridor@inactive:i101:nsga2:s1060000:r0:PR1_HT1_EC0:a86ce6b22107,1efe1d1907c2fa4b02522f8fdf5dd2f7ca474637751fc5d683586fd07890f5aa,4,5.785258646099938,4066.827566355874,-0.5
S025,corridor,inactive,101,1060000,0,PR1_HT1_EC0,No-EC,S025@corridor@inactive:i101:nsga2:s1060000:r0:PR1_HT1_EC0:a86ce6b22107,1efe1d1907c2fa4b02522f8fdf5dd2f7ca474637751fc5d683586fd07890f5aa,5,5.81048087756818,4067.3713031685447,-0.5792682926829268
S025,corridor,inactive,101,1060000,0,PR1_HT1_EC0,No-EC,S025@corridor@inactive:i101:nsga2:s1060000:r0:PR1_HT1_EC0:a86ce6b22107,1efe1d1907c2fa4b02522f8fdf5dd2f7ca474637751fc5d683586fd07890f5aa,6,5.8147295785227415,3871.0296469476707,-0.4166666666666667
S025,corridor,inactive,101,1060000,0,PR1_HT1_EC0,No-EC,S025@corridor@inactive:i101:nsga2:s1060000:r0:PR1_HT1_EC0:a86ce6b22107,1efe1d1907c2fa4b02522f8fdf5dd2f7ca474637751fc5d683586fd07890f5aa,7,5.823239145072931,4066.827566355874,-0.5182926829268293
S025,corridor,inactive,101,1060000,0,PR1_HT1_EC0,No-EC,S025@corridor@inactive:i101:nsga2:s1060000:r0:PR1_HT1_EC0:a86ce6b22107,1efe1d1907c2fa4b02522f8fdf5dd2f7ca474637751fc5d683586fd07890f5aa,8,5.8372944173995975,3949.503532906394,-0.5612244897959183
S025,corridor,inactive,101,1060000,0,PR1_HT1_EC0,No-EC,S025@corridor@inactive:i101:nsga2:s1060000:r0:PR1_HT1_EC0:a86ce6b22107,1efe1d1907c2fa4b02522f8fdf5dd2f7ca474637751fc5d683586fd07890f5aa,9,5.840171887981812,3871.0296469476707,-0.4878048780487805
S025,corridor,inactive,101,1060000,0,PR1_HT1_EC0,No-EC,S025@corridor@inactive:i101:nsga2:s1060000:r0:PR1_HT1_EC0:a86ce6b22107,1efe1d1907c2fa4b02522f8fdf5dd2f7ca474637751fc5d683586fd07890f5aa,10,5.842915287098676,3870.041163068089,-0.5612244897959183
S025,corridor,inactive,101,1060000,0,PR1_HT1_EC0,No-EC,S025@corridor@inactive:i101:nsga2:s1060000:r0:PR1_HT1_EC0:a86ce6b22107,1efe1d1907c2fa4b02522f8fdf5dd2f7ca474637751fc5d683586fd07890f5aa,11,6.018873356946206,3573.0708663859546,-0.4166666666666667
S025,corridor,inactive,101,1060000,0,PR1_HT1_EC0,No-EC,S025@corridor@inactive:i101:nsga2:s1060000:r0:PR1_HT1_EC0:a86ce6b22107,1efe1d1907c2fa4b02522f8fdf5dd2f7ca474637751fc5d683586fd07890f5aa,12,6.0236621085210755,3572.5271295732837,-0.5
S025,corridor,inactive,101,1060000,0,PR1_HT1_EC0,No-EC,S025@corridor@inactive:i101:nsga2:s1060000:r0:PR1_HT1_EC0:a86ce6b22107,1efe1d1907c2fa4b02522f8fdf5dd2f7ca474637751fc5d683586fd07890f5aa,13,6.02844579107181,3572.219350077569,-0.38461538461538464
S025,corridor,inactive,101,1060000,0,PR1_HT1_EC0,No-EC,S025@corridor@inactive:i101:nsga2:s1060000:r0:PR1_HT1_EC0:a86ce6b22107,1efe1d1907c2fa4b02522f8fdf5dd2f7ca474637751fc5d683586fd07890f5aa,14,6.107362954586695,3526.6113055626165,-0.45918367346938777
S025,corridor,inactive,101,1060000,0,PR1_HT1_EC0,No-EC,S025@corridor@inactive:i101:nsga2:s1060000:r0:PR1_HT1_EC0:a86ce6b22107,1efe1d1907c2fa4b02522f8fdf5dd2f7ca474637751fc5d683586fd07890f5aa,15,6.246820027219396,3420.544965220394,-0.2564102564102564
S025,corridor,inactive,101,1060000,0,PR1_HT1_EC0,No-EC,S025@corridor@inactive:i101:nsga2:s1060000:r0:PR1_HT1_EC0:a86ce6b22107,1efe1d1907c2fa4b02522f8fdf5dd2f7ca474637751fc5d683586fd07890f5aa,16,6.249334673311914,3374.629141209726,-0.16666666666666666
S025,corridor,inactive,101,1060000,0,PR1_HT1_EC0,No-EC,S025@corridor@inactive:i101:nsga2:s1060000:r0:PR1_HT1_EC0:a86ce6b22107,1efe1d1907c2fa4b02522f8fdf5dd2f7ca474637751fc5d683586fd07890f5aa,17,6.267580109772,3373.5416675843844,-0.3353658536585366
S025,corridor,inactive,101,1060000,0,PR1_HT1_EC0,No-EC,S025@corridor@inactive:i101:nsga2:s1060000:r0:PR1_HT1_EC0:a86ce6b22107,1efe1d1907c2fa4b02522f8fdf5dd2f7ca474637751fc5d683586fd07890f5aa,18,6.284695201140526,3373.4022132467094,-0.25
S025,corridor,inactive,101,1060000,0,PR1_HT1_EC0,No-EC,S025@corridor@inactive:i101:nsga2:s1060000:r0:PR1_HT1_EC0:a86ce6b22107,1efe1d1907c2fa4b02522f8fdf5dd2f7ca474637751fc5d683586fd07890f5aa,19,6.286907757094646,3351.979008700108,-0.16666666666666666
S025,corridor,inactive,101,1060000,0,PR1_HT1_EC0,No-EC,S025@corridor@inactive:i101:nsga2:s1060000:r0:PR1_HT1_EC0:a86ce6b22107,1efe1d1907c2fa4b02522f8fdf5dd2f7ca474637751fc5d683586fd07890f5aa,20,6.292362436347563,3350.5837555790513,-0.35714285714285715
S025,corridor,inactive,101,1060000,0,PR1_HT1_EC0,No-EC,S025@corridor@inactive:i101:nsga2:s1060000:r0:PR1_HT1_EC0:a86ce6b22107,1efe1d1907c2fa4b02522f8fdf5dd2f7ca474637751fc5d683586fd07890f5aa,21,6.36424390582888,3348.3369861496076,-0.28061224489795916
S025,corridor,inactive,101,1060000,0,PR1_HT1_EC0,No-EC,S025@corridor@inactive:i101:nsga2:s1060000:r0:PR1_HT1_EC0:a86ce6b22107,1efe1d1907c2fa4b02522f8fdf5dd2f7ca474637751fc5d683586fd07890f5aa,22,6.528518052876863,2458.8828986283406,-0.19230769230769232
S025,corridor,inactive,101,1060000,0,PR1_HT1_EC0,No-EC,S025@corridor@inactive:i101:nsga2:s1060000:r0:PR1_HT1_EC0:a86ce6b22107,1efe1d1907c2fa4b02522f8fdf5dd2f7ca474637751fc5d683586fd07890f5aa,23,6.536449952593118,2458.3391618156697,-0.19230769230769232
S025,corridor,inactive,101,1060000,0,PR1_HT1_EC0,No-EC,S025@corridor@inactive:i101:nsga2:s1060000:r0:PR1_HT1_EC0:a86ce6b22107,1efe1d1907c2fa4b02522f8fdf5dd2f7ca474637751fc5d683586fd07890f5aa,24,6.567156144261677,2382.416631472054,-0.0
S025,corridor,inactive,101,1060000,0,PR1_HT1_EC0,No-EC,S025@corridor@inactive:i101:nsga2:s1060000:r0:PR1_HT1_EC0:a86ce6b22107,1efe1d1907c2fa4b02522f8fdf5dd2f7ca474637751fc5d683586fd07890f5aa,25,6.583286877323383,2319.9862345071006,-0.10204081632653061
S025,corridor,inactive,101,1060000,0,PR1_HT1_EC0,No-EC,S025@corridor@inactive:i101:nsga2:s1060000:r0:PR1_HT1_EC0:a86ce6b22107,1efe1d1907c2fa4b02522f8fdf5dd2f7ca474637751fc5d683586fd07890f5aa,26,6.585032999857713,2456.0923923862265,-0.20408163265306123
S025,corridor,inactive,101,1060000,0,PR1_HT1_EC0,No-EC,S025@corridor@inactive:i101:nsga2:s1060000:r0:PR1_HT1_EC0:a86ce6b22107,1efe1d1907c2fa4b02522f8fdf5dd2f7ca474637751fc5d683586fd07890f5aa,27,6.590660709533896,2387.2186563702253,-0.20408163265306123
S025,corridor,inactive,101,1060000,0,PR1_HT1_EC0,No-EC,S025@corridor@inactive:i101:nsga2:s1060000:r0:PR1_HT1_EC0:a86ce6b22107,1efe1d1907c2fa4b02522f8fdf5dd2f7ca474637751fc5d683586fd07890f5aa,28,6.605858277922954,2292.9415528843565,-0.15306122448979592
S025,corridor,inactive,101,1060000,0,PR1_HT1_EC0,No-EC,S025@corridor@inactive:i101:nsga2:s1060000:r0:PR1_HT1_EC0:a86ce6b22107,1efe1d1907c2fa4b02522f8fdf5dd2f7ca474637751fc5d683586fd07890f5aa,29,6.683565679572183,2156.5057357250944,-0.0
S025,corridor,inactive,101,1060000,0,PR1_HT1_EC0,No-EC,S025@corridor@inactive:i101:nsga2:s1060000:r0:PR1_HT1_EC0:a86ce6b22107,1efe1d1907c2fa4b02522f8fdf5dd2f7ca474637751fc5d683586fd07890f5aa,30,6.688787063147219,2065.9052056866203,-0.0
S025,corridor,inactive,101,1060000,0,PR1_HT1_EC0,No-EC,S025@corridor@inactive:i101:nsga2:s1060000:r0:PR1_HT1_EC0:a86ce6b22107,1efe1d1907c2fa4b02522f8fdf5dd2f7ca474637751fc5d683586fd07890f5aa,31,6.719196158368587,2018.0503917422247,-0.0
S025,corridor,inactive,101,1060000,0,PR1_HT1_EC0,No-EC,S025@corridor@inactive:i101:nsga2:s1060000:r0:PR1_HT1_EC0:a86ce6b22107,1efe1d1907c2fa4b02522f8fdf5dd2f7ca474637751fc5d683586fd07890f5aa,32,6.768589555792446,1933.6590732451054,-0.0
S025,corridor,inactive,101,1060000,0,PR1_HT1_EC0,No-EC,S025@corridor@inactive:i101:nsga2:s1060000:r0:PR1_HT1_EC0:a86ce6b22107,1efe1d1907c2fa4b02522f8fdf5dd2f7ca474637751fc5d683586fd07890f5aa,33,6.773899549567069,1895.6766557736182,-0.0
S025,corridor,inactive,101,1060000,0,PR1_HT1_EC0,No-EC,S025@corridor@inactive:i101:nsga2:s1060000:r0:PR1_HT1_EC0:a86ce6b22107,1efe1d1907c2fa4b02522f8fdf5dd2f7ca474637751fc5d683586fd07890f5aa,34,6.792509897502747,1871.3234906472276,-0.0
S025,corridor,inactive,101,1060000,0,PR1_HT1_EC0,No-EC,S025@corridor@inactive:i101:nsga2:s1060000:r0:PR1_HT1_EC0:a86ce6b22107,1efe1d1907c2fa4b02522f8fdf5dd2f7ca474637751fc5d683586fd07890f5aa,35,6.795413076483857,1866.2143927969114,-0.0
S025,corridor,inactive,101,1060000,0,PR1_HT1_EC0,No-EC,S025@corridor@inactive:i101:nsga2:s1060000:r0:PR1_HT1_EC0:a86ce6b22107,1efe1d1907c2fa4b02522f8fdf5dd2f7ca474637751fc5d683586fd07890f5aa,36,6.874240121581239,1169.3587059172264,-0.0
S025,corridor,inactive,101,1060000,0,PR1_HT1_EC0,No-EC,S025@corridor@inactive:i101:nsga2:s1060000:r0:PR1_HT1_EC0:a86ce6b22107,1efe1d1907c2fa4b02522f8fdf5dd2f7ca474637751fc5d683586fd07890f5aa,37,6.878726150804589,1144.2258466612093,-0.0
S025,corridor,inactive,101,1060000,0,PR1_HT1_EC0,No-EC,S025@corridor@inactive:i101:nsga2:s1060000:r0:PR1_HT1_EC0:a86ce6b22107,1efe1d1907c2fa4b02522f8fdf5dd2f7ca474637751fc5d683586fd07890f5aa,38,6.880831837991047,1075.352110645208,-0.0
S025,corridor,inactive,101,1060000,0,PR1_HT1_EC0,No-EC,S025@corridor@inactive:i101:nsga2:s1060000:r0:PR1_HT1_EC0:a86ce6b22107,1efe1d1907c2fa4b02522f8fdf5dd2f7ca474637751fc5d683586fd07890f5aa,39,6.904635258359354,704.0078882202506,-0.0
S025,corridor,inactive,101,1060000,0,PR1_HT1_EC1,Full,S025@corridor@inactive:i101:nsga2:s1060000:r0:PR1_HT1_EC1:936edd1f2272,1efe1d1907c2fa4b02522f8fdf5dd2f7ca474637751fc5d683586fd07890f5aa,0,4.528251717410251,5050.013104580583,-0.8678714859436998
S025,corridor,inactive,101,1060000,0,PR1_HT1_EC1,Full,S025@corridor@inactive:i101:nsga2:s1060000:r0:PR1_HT1_EC1:936edd1f2272,1efe1d1907c2fa4b02522f8fdf5dd2f7ca474637751fc5d683586fd07890f5aa,1,4.532757880055506,5027.05519257525,-0.8678714859437232
S025,corridor,inactive,101,1060000,0,PR1_HT1_EC1,Full,S025@corridor@inactive:i101:nsga2:s1060000:r0:PR1_HT1_EC1:936edd1f2272,1efe1d1907c2fa4b02522f8fdf5dd2f7ca474637751fc5d683586fd07890f5aa,2,4.544170196602644,5024.500643650092,-0.8678714859437232
S025,corridor,inactive,101,1060000,0,PR1_HT1_EC1,Full,S025@corridor@inactive:i101:nsga2:s1060000:r0:PR1_HT1_EC1:936edd1f2272,1efe1d1907c2fa4b02522f8fdf5dd2f7ca474637751fc5d683586fd07890f5aa,3,5.780334523195965,3900.628877495573,-0.44871794871794873
S025,corridor,inactive,101,1060000,0,PR1_HT1_EC1,Full,S025@corridor@inactive:i101:nsga2:s1060000:r0:PR1_HT1_EC1:936edd1f2272,1efe1d1907c2fa4b02522f8fdf5dd2f7ca474637751fc5d683586fd07890f5aa,4,5.785258646099938,4066.827566355874,-0.5
S025,corridor,inactive,101,1060000,0,PR1_HT1_EC1,Full,S025@corridor@inactive:i101:nsga2:s1060000:r0:PR1_HT1_EC1:936edd1f2272,1efe1d1907c2fa4b02522f8fdf5dd2f7ca474637751fc5d683586fd07890f5aa,5,5.81048087756818,4067.3713031685447,-0.5792682926829268
S025,corridor,inactive,101,1060000,0,PR1_HT1_EC1,Full,S025@corridor@inactive:i101:nsga2:s1060000:r0:PR1_HT1_EC1:936edd1f2272,1efe1d1907c2fa4b02522f8fdf5dd2f7ca474637751fc5d683586fd07890f5aa,6,5.8147295785227415,3871.0296469476707,-0.4166666666666667
S025,corridor,inactive,101,1060000,0,PR1_HT1_EC1,Full,S025@corridor@inactive:i101:nsga2:s1060000:r0:PR1_HT1_EC1:936edd1f2272,1efe1d1907c2fa4b02522f8fdf5dd2f7ca474637751fc5d683586fd07890f5aa,7,5.823239145072931,4066.827566355874,-0.5182926829268293
S025,corridor,inactive,101,1060000,0,PR1_HT1_EC1,Full,S025@corridor@inactive:i101:nsga2:s1060000:r0:PR1_HT1_EC1:936edd1f2272,1efe1d1907c2fa4b02522f8fdf5dd2f7ca474637751fc5d683586fd07890f5aa,8,5.8372944173995975,3949.503532906394,-0.5612244897959183
S025,corridor,inactive,101,1060000,0,PR1_HT1_EC1,Full,S025@corridor@inactive:i101:nsga2:s1060000:r0:PR1_HT1_EC1:936edd1f2272,1efe1d1907c2fa4b02522f8fdf5dd2f7ca474637751fc5d683586fd07890f5aa,9,5.840171887981812,3871.0296469476707,-0.4878048780487805
S025,corridor,inactive,101,1060000,0,PR1_HT1_EC1,Full,S025@corridor@inactive:i101:nsga2:s1060000:r0:PR1_HT1_EC1:936edd1f2272,1efe1d1907c2fa4b02522f8fdf5dd2f7ca474637751fc5d683586fd07890f5aa,10,5.842915287098676,3870.041163068089,-0.5612244897959183
S025,corridor,inactive,101,1060000,0,PR1_HT1_EC1,Full,S025@corridor@inactive:i101:nsga2:s1060000:r0:PR1_HT1_EC1:936edd1f2272,1efe1d1907c2fa4b02522f8fdf5dd2f7ca474637751fc5d683586fd07890f5aa,11,6.018873356946206,3573.0708663859546,-0.4166666666666667
S025,corridor,inactive,101,1060000,0,PR1_HT1_EC1,Full,S025@corridor@inactive:i101:nsga2:s1060000:r0:PR1_HT1_EC1:936edd1f2272,1efe1d1907c2fa4b02522f8fdf5dd2f7ca474637751fc5d683586fd07890f5aa,12,6.0236621085210755,3572.5271295732837,-0.5
S025,corridor,inactive,101,1060000,0,PR1_HT1_EC1,Full,S025@corridor@inactive:i101:nsga2:s1060000:r0:PR1_HT1_EC1:936edd1f2272,1efe1d1907c2fa4b02522f8fdf5dd2f7ca474637751fc5d683586fd07890f5aa,13,6.02844579107181,3572.219350077569,-0.38461538461538464
S025,corridor,inactive,101,1060000,0,PR1_HT1_EC1,Full,S025@corridor@inactive:i101:nsga2:s1060000:r0:PR1_HT1_EC1:936edd1f2272,1efe1d1907c2fa4b02522f8fdf5dd2f7ca474637751fc5d683586fd07890f5aa,14,6.107362954586695,3526.6113055626165,-0.45918367346938777
S025,corridor,inactive,101,1060000,0,PR1_HT1_EC1,Full,S025@corridor@inactive:i101:nsga2:s1060000:r0:PR1_HT1_EC1:936edd1f2272,1efe1d1907c2fa4b02522f8fdf5dd2f7ca474637751fc5d683586fd07890f5aa,15,6.246820027219396,3420.544965220394,-0.2564102564102564
S025,corridor,inactive,101,1060000,0,PR1_HT1_EC1,Full,S025@corridor@inactive:i101:nsga2:s1060000:r0:PR1_HT1_EC1:936edd1f2272,1efe1d1907c2fa4b02522f8fdf5dd2f7ca474637751fc5d683586fd07890f5aa,16,6.249334673311914,3374.629141209726,-0.16666666666666666
S025,corridor,inactive,101,1060000,0,PR1_HT1_EC1,Full,S025@corridor@inactive:i101:nsga2:s1060000:r0:PR1_HT1_EC1:936edd1f2272,1efe1d1907c2fa4b02522f8fdf5dd2f7ca474637751fc5d683586fd07890f5aa,17,6.267580109772,3373.5416675843844,-0.3353658536585366
S025,corridor,inactive,101,1060000,0,PR1_HT1_EC1,Full,S025@corridor@inactive:i101:nsga2:s1060000:r0:PR1_HT1_EC1:936edd1f2272,1efe1d1907c2fa4b02522f8fdf5dd2f7ca474637751fc5d683586fd07890f5aa,18,6.284695201140526,3373.4022132467094,-0.25
S025,corridor,inactive,101,1060000,0,PR1_HT1_EC1,Full,S025@corridor@inactive:i101:nsga2:s1060000:r0:PR1_HT1_EC1:936edd1f2272,1efe1d1907c2fa4b02522f8fdf5dd2f7ca474637751fc5d683586fd07890f5aa,19,6.286907757094646,3351.979008700108,-0.16666666666666666
S025,corridor,inactive,101,1060000,0,PR1_HT1_EC1,Full,S025@corridor@inactive:i101:nsga2:s1060000:r0:PR1_HT1_EC1:936edd1f2272,1efe1d1907c2fa4b02522f8fdf5dd2f7ca474637751fc5d683586fd07890f5aa,20,6.292362436347563,3350.5837555790513,-0.35714285714285715
S025,corridor,inactive,101,1060000,0,PR1_HT1_EC1,Full,S025@corridor@inactive:i101:nsga2:s1060000:r0:PR1_HT1_EC1:936edd1f2272,1efe1d1907c2fa4b02522f8fdf5dd2f7ca474637751fc5d683586fd07890f5aa,21,6.36424390582888,3348.3369861496076,-0.28061224489795916
S025,corridor,inactive,101,1060000,0,PR1_HT1_EC1,Full,S025@corridor@inactive:i101:nsga2:s1060000:r0:PR1_HT1_EC1:936edd1f2272,1efe1d1907c2fa4b02522f8fdf5dd2f7ca474637751fc5d683586fd07890f5aa,22,6.528518052876863,2458.8828986283406,-0.19230769230769232
S025,corridor,inactive,101,1060000,0,PR1_HT1_EC1,Full,S025@corridor@inactive:i101:nsga2:s1060000:r0:PR1_HT1_EC1:936edd1f2272,1efe1d1907c2fa4b02522f8fdf5dd2f7ca474637751fc5d683586fd07890f5aa,23,6.536449952593118,2458.3391618156697,-0.19230769230769232
S025,corridor,inactive,101,1060000,0,PR1_HT1_EC1,Full,S025@corridor@inactive:i101:nsga2:s1060000:r0:PR1_HT1_EC1:936edd1f2272,1efe1d1907c2fa4b02522f8fdf5dd2f7ca474637751fc5d683586fd07890f5aa,24,6.567156144261677,2382.416631472054,-0.0
S025,corridor,inactive,101,1060000,0,PR1_HT1_EC1,Full,S025@corridor@inactive:i101:nsga2:s1060000:r0:PR1_HT1_EC1:936edd1f2272,1efe1d1907c2fa4b02522f8fdf5dd2f7ca474637751fc5d683586fd07890f5aa,25,6.583286877323383,2319.9862345071006,-0.10204081632653061
S025,corridor,inactive,101,1060000,0,PR1_HT1_EC1,Full,S025@corridor@inactive:i101:nsga2:s1060000:r0:PR1_HT1_EC1:936edd1f2272,1efe1d1907c2fa4b02522f8fdf5dd2f7ca474637751fc5d683586fd07890f5aa,26,6.585032999857713,2456.0923923862265,-0.20408163265306123
S025,corridor,inactive,101,1060000,0,PR1_HT1_EC1,Full,S025@corridor@inactive:i101:nsga2:s1060000:r0:PR1_HT1_EC1:936edd1f2272,1efe1d1907c2fa4b02522f8fdf5dd2f7ca474637751fc5d683586fd07890f5aa,27,6.590660709533896,2387.2186563702253,-0.20408163265306123
S025,corridor,inactive,101,1060000,0,PR1_HT1_EC1,Full,S025@corridor@inactive:i101:nsga2:s1060000:r0:PR1_HT1_EC1:936edd1f2272,1efe1d1907c2fa4b02522f8fdf5dd2f7ca474637751fc5d683586fd07890f5aa,28,6.605858277922954,2292.9415528843565,-0.15306122448979592
S025,corridor,inactive,101,1060000,0,PR1_HT1_EC1,Full,S025@corridor@inactive:i101:nsga2:s1060000:r0:PR1_HT1_EC1:936edd1f2272,1efe1d1907c2fa4b02522f8fdf5dd2f7ca474637751fc5d683586fd07890f5aa,29,6.683565679572183,2156.5057357250944,-0.0
S025,corridor,inactive,101,1060000,0,PR1_HT1_EC1,Full,S025@corridor@inactive:i101:nsga2:s1060000:r0:PR1_HT1_EC1:936edd1f2272,1efe1d1907c2fa4b02522f8fdf5dd2f7ca474637751fc5d683586fd07890f5aa,30,6.688787063147219,2065.9052056866203,-0.0
S025,corridor,inactive,101,1060000,0,PR1_HT1_EC1,Full,S025@corridor@inactive:i101:nsga2:s1060000:r0:PR1_HT1_EC1:936edd1f2272,1efe1d1907c2fa4b02522f8fdf5dd2f7ca474637751fc5d683586fd07890f5aa,31,6.719196158368587,2018.0503917422247,-0.0
S025,corridor,inactive,101,1060000,0,PR1_HT1_EC1,Full,S025@corridor@inactive:i101:nsga2:s1060000:r0:PR1_HT1_EC1:936edd1f2272,1efe1d1907c2fa4b02522f8fdf5dd2f7ca474637751fc5d683586fd07890f5aa,32,6.768589555792446,1933.6590732451054,-0.0
S025,corridor,inactive,101,1060000,0,PR1_HT1_EC1,Full,S025@corridor@inactive:i101:nsga2:s1060000:r0:PR1_HT1_EC1:936edd1f2272,1efe1d1907c2fa4b02522f8fdf5dd2f7ca474637751fc5d683586fd07890f5aa,33,6.773899549567069,1895.6766557736182,-0.0
S025,corridor,inactive,101,1060000,0,PR1_HT1_EC1,Full,S025@corridor@inactive:i101:nsga2:s1060000:r0:PR1_HT1_EC1:936edd1f2272,1efe1d1907c2fa4b02522f8fdf5dd2f7ca474637751fc5d683586fd07890f5aa,34,6.792509897502747,1871.3234906472276,-0.0
S025,corridor,inactive,101,1060000,0,PR1_HT1_EC1,Full,S025@corridor@inactive:i101:nsga2:s1060000:r0:PR1_HT1_EC1:936edd1f2272,1efe1d1907c2fa4b02522f8fdf5dd2f7ca474637751fc5d683586fd07890f5aa,35,6.795413076483857,1866.2143927969114,-0.0
S025,corridor,inactive,101,1060000,0,PR1_HT1_EC1,Full,S025@corridor@inactive:i101:nsga2:s1060000:r0:PR1_HT1_EC1:936edd1f2272,1efe1d1907c2fa4b02522f8fdf5dd2f7ca474637751fc5d683586fd07890f5aa,36,6.874240121581239,1169.3587059172264,-0.0
S025,corridor,inactive,101,1060000,0,PR1_HT1_EC1,Full,S025@corridor@inactive:i101:nsga2:s1060000:r0:PR1_HT1_EC1:936edd1f2272,1efe1d1907c2fa4b02522f8fdf5dd2f7ca474637751fc5d683586fd07890f5aa,37,6.878726150804589,1144.2258466612093,-0.0
S025,corridor,inactive,101,1060000,0,PR1_HT1_EC1,Full,S025@corridor@inactive:i101:nsga2:s1060000:r0:PR1_HT1_EC1:936edd1f2272,1efe1d1907c2fa4b02522f8fdf5dd2f7ca474637751fc5d683586fd07890f5aa,38,6.880831837991047,1075.352110645208,-0.0
S025,corridor,inactive,101,1060000,0,PR1_HT1_EC1,Full,S025@corridor@inactive:i101:nsga2:s1060000:r0:PR1_HT1_EC1:936edd1f2272,1efe1d1907c2fa4b02522f8fdf5dd2f7ca474637751fc5d683586fd07890f5aa,39,6.904635258359354,704.0078882202506,-0.0
S025,corridor,inactive,101,1060001,1,PR0_HT1_EC1,No-PR,S025@corridor@inactive:i101:nsga2:s1060001:r1:PR0_HT1_EC1:4033821e0b6c,1efe1d1907c2fa4b02522f8fdf5dd2f7ca474637751fc5d683586fd07890f5aa,0,4.528251717410251,5033.3811674421795,-0.8678714859436998
S025,corridor,inactive,101,1060001,1,PR0_HT1_EC1,No-PR,S025@corridor@inactive:i101:nsga2:s1060001:r1:PR0_HT1_EC1:4033821e0b6c,1efe1d1907c2fa4b02522f8fdf5dd2f7ca474637751fc5d683586fd07890f5aa,1,4.532757880055506,5028.442881516384,-0.8678714859437232
S025,corridor,inactive,101,1060001,1,PR0_HT1_EC1,No-PR,S025@corridor@inactive:i101:nsga2:s1060001:r1:PR0_HT1_EC1:4033821e0b6c,1efe1d1907c2fa4b02522f8fdf5dd2f7ca474637751fc5d683586fd07890f5aa,2,5.782722745447652,3872.732679564443,-0.4166666666666667
S025,corridor,inactive,101,1060001,1,PR0_HT1_EC1,No-PR,S025@corridor@inactive:i101:nsga2:s1060001:r1:PR0_HT1_EC1:4033821e0b6c,1efe1d1907c2fa4b02522f8fdf5dd2f7ca474637751fc5d683586fd07890f5aa,3,5.823239145072931,3898.925844878801,-0.5182926829268293
S025,corridor,inactive,101,1060001,1,PR0_HT1_EC1,No-PR,S025@corridor@inactive:i101:nsga2:s1060001:r1:PR0_HT1_EC1:4033821e0b6c,1efe1d1907c2fa4b02522f8fdf5dd2f7ca474637751fc5d683586fd07890f5aa,4,5.838881088033995,3873.584195872829,-0.5102040816326531
S025,corridor,inactive,101,1060001,1,PR0_HT1_EC1,No-PR,S025@corridor@inactive:i101:nsga2:s1060001:r1:PR0_HT1_EC1:4033821e0b6c,1efe1d1907c2fa4b02522f8fdf5dd2f7ca474637751fc5d683586fd07890f5aa,5,6.904635258359354,704.0078882202506,-0.0
S025,corridor,inactive,101,1060001,1,PR1_HT0_EC1,No-HT,S025@corridor@inactive:i101:nsga2:s1060001:r1:PR1_HT0_EC1:6b766fe2ff8b,1efe1d1907c2fa4b02522f8fdf5dd2f7ca474637751fc5d683586fd07890f5aa,0,4.532757880055506,5028.442881516384,-0.8678714859437232
S025,corridor,inactive,101,1060001,1,PR1_HT0_EC1,No-HT,S025@corridor@inactive:i101:nsga2:s1060001:r1:PR1_HT0_EC1:6b766fe2ff8b,1efe1d1907c2fa4b02522f8fdf5dd2f7ca474637751fc5d683586fd07890f5aa,1,5.780334523195965,3900.628877495573,-0.44871794871794873
S025,corridor,inactive,101,1060001,1,PR1_HT0_EC1,No-HT,S025@corridor@inactive:i101:nsga2:s1060001:r1:PR1_HT0_EC1:6b766fe2ff8b,1efe1d1907c2fa4b02522f8fdf5dd2f7ca474637751fc5d683586fd07890f5aa,2,5.81048087756818,3894.531295765675,-0.5792682926829268
S025,corridor,inactive,101,1060001,1,PR1_HT0_EC1,No-HT,S025@corridor@inactive:i101:nsga2:s1060001:r1:PR1_HT0_EC1:6b766fe2ff8b,1efe1d1907c2fa4b02522f8fdf5dd2f7ca474637751fc5d683586fd07890f5aa,3,6.238705143875353,3421.39648152878,-0.2564102564102564
S025,corridor,inactive,101,1060001,1,PR1_HT0_EC1,No-HT,S025@corridor@inactive:i101:nsga2:s1060001:r1:PR1_HT0_EC1:6b766fe2ff8b,1efe1d1907c2fa4b02522f8fdf5dd2f7ca474637751fc5d683586fd07890f5aa,4,6.249334673311914,3374.629141209726,-0.16666666666666666
S025,corridor,inactive,101,1060001,1,PR1_HT0_EC1,No-HT,S025@corridor@inactive:i101:nsga2:s1060001:r1:PR1_HT0_EC1:6b766fe2ff8b,1efe1d1907c2fa4b02522f8fdf5dd2f7ca474637751fc5d683586fd07890f5aa,5,6.267580109772,3373.5416675843844,-0.3353658536585366
S025,corridor,inactive,101,1060001,1,PR1_HT0_EC1,No-HT,S025@corridor@inactive:i101:nsga2:s1060001:r1:PR1_HT0_EC1:6b766fe2ff8b,1efe1d1907c2fa4b02522f8fdf5dd2f7ca474637751fc5d683586fd07890f5aa,6,6.273858088281,3396.4995795897185,-0.35714285714285715
S025,corridor,inactive,101,1060001,1,PR1_HT0_EC1,No-HT,S025@corridor@inactive:i101:nsga2:s1060001:r1:PR1_HT0_EC1:6b766fe2ff8b,1efe1d1907c2fa4b02522f8fdf5dd2f7ca474637751fc5d683586fd07890f5aa,7,6.567156144261677,2382.416631472054,-0.0
S025,corridor,inactive,101,1060001,1,PR1_HT0_EC1,No-HT,S025@corridor@inactive:i101:nsga2:s1060001:r1:PR1_HT0_EC1:6b766fe2ff8b,1efe1d1907c2fa4b02522f8fdf5dd2f7ca474637751fc5d683586fd07890f5aa,8,6.5701306526149725,2333.7103012192733,-0.0
S025,corridor,inactive,101,1060001,1,PR1_HT0_EC1,No-HT,S025@corridor@inactive:i101:nsga2:s1060001:r1:PR1_HT0_EC1:6b766fe2ff8b,1efe1d1907c2fa4b02522f8fdf5dd2f7ca474637751fc5d683586fd07890f5aa,9,6.600951293772125,2295.496101809515,-0.12195121951219512
S025,corridor,inactive,101,1060001,1,PR1_HT0_EC1,No-HT,S025@corridor@inactive:i101:nsga2:s1060001:r1:PR1_HT0_EC1:6b766fe2ff8b,1efe1d1907c2fa4b02522f8fdf5dd2f7ca474637751fc5d683586fd07890f5aa,10,6.683565679572183,2156.5057357250944,-0.0
S025,corridor,inactive,101,1060001,1,PR1_HT0_EC1,No-HT,S025@corridor@inactive:i101:nsga2:s1060001:r1:PR1_HT0_EC1:6b766fe2ff8b,1efe1d1907c2fa4b02522f8fdf5dd2f7ca474637751fc5d683586fd07890f5aa,11,6.700276791055963,2149.7621246380504,-0.0
S025,corridor,inactive,101,1060001,1,PR1_HT0_EC1,No-HT,S025@corridor@inactive:i101:nsga2:s1060001:r1:PR1_HT0_EC1:6b766fe2ff8b,1efe1d1907c2fa4b02522f8fdf5dd2f7ca474637751fc5d683586fd07890f5aa,12,6.728066715765349,2060.1187208923125,-0.0
S025,corridor,inactive,101,1060001,1,PR1_HT0_EC1,No-HT,S025@corridor@inactive:i101:nsga2:s1060001:r1:PR1_HT0_EC1:6b766fe2ff8b,1efe1d1907c2fa4b02522f8fdf5dd2f7ca474637751fc5d683586fd07890f5aa,13,6.768589555792446,1933.6590732451054,-0.0
S025,corridor,inactive,101,1060001,1,PR1_HT0_EC1,No-HT,S025@corridor@inactive:i101:nsga2:s1060001:r1:PR1_HT0_EC1:6b766fe2ff8b,1efe1d1907c2fa4b02522f8fdf5dd2f7ca474637751fc5d683586fd07890f5aa,14,6.770420588128572,1860.5995778659335,-0.0
S025,corridor,inactive,101,1060001,1,PR1_HT0_EC1,No-HT,S025@corridor@inactive:i101:nsga2:s1060001:r1:PR1_HT0_EC1:6b766fe2ff8b,1efe1d1907c2fa4b02522f8fdf5dd2f7ca474637751fc5d683586fd07890f5aa,15,6.874240121581239,1149.6055622140414,-0.0
S025,corridor,inactive,101,1060001,1,PR1_HT0_EC1,No-HT,S025@corridor@inactive:i101:nsga2:s1060001:r1:PR1_HT0_EC1:6b766fe2ff8b,1efe1d1907c2fa4b02522f8fdf5dd2f7ca474637751fc5d683586fd07890f5aa,16,6.880831837991047,1055.598966942023,-0.0
S025,corridor,inactive,101,1060001,1,PR1_HT0_EC1,No-HT,S025@corridor@inactive:i101:nsga2:s1060001:r1:PR1_HT0_EC1:6b766fe2ff8b,1efe1d1907c2fa4b02522f8fdf5dd2f7ca474637751fc5d683586fd07890f5aa,17,6.904635258359354,704.0078882202506,-0.0
S025,corridor,inactive,101,1060001,1,PR1_HT1_EC0,No-EC,S025@corridor@inactive:i101:nsga2:s1060001:r1:PR1_HT1_EC0:8bbc9a1f3321,1efe1d1907c2fa4b02522f8fdf5dd2f7ca474637751fc5d683586fd07890f5aa,0,4.528251717410251,5033.3811674421795,-0.8678714859436998
S025,corridor,inactive,101,1060001,1,PR1_HT1_EC0,No-EC,S025@corridor@inactive:i101:nsga2:s1060001:r1:PR1_HT1_EC0:8bbc9a1f3321,1efe1d1907c2fa4b02522f8fdf5dd2f7ca474637751fc5d683586fd07890f5aa,1,4.532757880055506,5027.05519257525,-0.8678714859437232
S025,corridor,inactive,101,1060001,1,PR1_HT1_EC0,No-EC,S025@corridor@inactive:i101:nsga2:s1060001:r1:PR1_HT1_EC0:8bbc9a1f3321,1efe1d1907c2fa4b02522f8fdf5dd2f7ca474637751fc5d683586fd07890f5aa,2,4.544170196602644,5024.500643650092,-0.8678714859437232
S025,corridor,inactive,101,1060001,1,PR1_HT1_EC0,No-EC,S025@corridor@inactive:i101:nsga2:s1060001:r1:PR1_HT1_EC0:8bbc9a1f3321,1efe1d1907c2fa4b02522f8fdf5dd2f7ca474637751fc5d683586fd07890f5aa,3,4.557776101259622,5001.5427316447585,-0.8678714859436649
S025,corridor,inactive,101,1060001,1,PR1_HT1_EC0,No-EC,S025@corridor@inactive:i101:nsga2:s1060001:r1:PR1_HT1_EC0:8bbc9a1f3321,1efe1d1907c2fa4b02522f8fdf5dd2f7ca474637751fc5d683586fd07890f5aa,4,5.780334523195965,4068.530598972646,-0.44871794871794873
S025,corridor,inactive,101,1060001,1,PR1_HT1_EC0,No-EC,S025@corridor@inactive:i101:nsga2:s1060001:r1:PR1_HT1_EC0:8bbc9a1f3321,1efe1d1907c2fa4b02522f8fdf5dd2f7ca474637751fc5d683586fd07890f5aa,5,5.782722745447652,3872.732679564443,-0.4166666666666667
S025,corridor,inactive,101,1060001,1,PR1_HT1_EC0,No-EC,S025@corridor@inactive:i101:nsga2:s1060001:r1:PR1_HT1_EC0:8bbc9a1f3321,1efe1d1907c2fa4b02522f8fdf5dd2f7ca474637751fc5d683586fd07890f5aa,6,5.785258646099938,3898.9258448788005,-0.5
S025,corridor,inactive,101,1060001,1,PR1_HT1_EC0,No-EC,S025@corridor@inactive:i101:nsga2:s1060001:r1:PR1_HT1_EC0:8bbc9a1f3321,1efe1d1907c2fa4b02522f8fdf5dd2f7ca474637751fc5d683586fd07890f5aa,7,5.81048087756818,3894.531295765675,-0.5792682926829268
S025,corridor,inactive,101,1060001,1,PR1_HT1_EC0,No-EC,S025@corridor@inactive:i101:nsga2:s1060001:r1:PR1_HT1_EC0:8bbc9a1f3321,1efe1d1907c2fa4b02522f8fdf5dd2f7ca474637751fc5d683586fd07890f5aa,8,5.842915287098676,3870.041163068089,-0.5612244897959183
S025,corridor,inactive,101,1060001,1,PR1_HT1_EC0,No-EC,S025@corridor@inactive:i101:nsga2:s1060001:r1:PR1_HT1_EC0:8bbc9a1f3321,1efe1d1907c2fa4b02522f8fdf5dd2f7ca474637751fc5d683586fd07890f5aa,9,6.0236621085210755,3572.5271295732837,-0.5
S025,corridor,inactive,101,1060001,1,PR1_HT1_EC0,No-EC,S025@corridor@inactive:i101:nsga2:s1060001:r1:PR1_HT1_EC0:8bbc9a1f3321,1efe1d1907c2fa4b02522f8fdf5dd2f7ca474637751fc5d683586fd07890f5aa,10,6.0355583567059385,3549.56921756795,-0.44871794871794873
S025,corridor,inactive,101,1060001,1,PR1_HT1_EC0,No-EC,S025@corridor@inactive:i101:nsga2:s1060001:r1:PR1_HT1_EC0:8bbc9a1f3321,1efe1d1907c2fa4b02522f8fdf5dd2f7ca474637751fc5d683586fd07890f5aa,11,6.099795979309597,3526.611305562616,-0.3333333333333333
S025,corridor,inactive,101,1060001,1,PR1_HT1_EC0,No-EC,S025@corridor@inactive:i101:nsga2:s1060001:r1:PR1_HT1_EC0:8bbc9a1f3321,1efe1d1907c2fa4b02522f8fdf5dd2f7ca474637751fc5d683586fd07890f5aa,12,6.180294175956368,3526.6113055626165,-0.36585365853658536
S025,corridor,inactive,101,1060001,1,PR1_HT1_EC0,No-EC,S025@corridor@inactive:i101:nsga2:s1060001:r1:PR1_HT1_EC0:8bbc9a1f3321,1efe1d1907c2fa4b02522f8fdf5dd2f7ca474637751fc5d683586fd07890f5aa,13,6.249856845779573,3374.629141209726,-0.16666666666666666
S025,corridor,inactive,101,1060001,1,PR1_HT1_EC0,No-EC,S025@corridor@inactive:i101:nsga2:s1060001:r1:PR1_HT1_EC0:8bbc9a1f3321,1efe1d1907c2fa4b02522f8fdf5dd2f7ca474637751fc5d683586fd07890f5aa,14,6.250103320167317,3445.0664555048243,-0.2564102564102564
S025,corridor,inactive,101,1060001,1,PR1_HT1_EC0,No-EC,S025@corridor@inactive:i101:nsga2:s1060001:r1:PR1_HT1_EC0:8bbc9a1f3321,1efe1d1907c2fa4b02522f8fdf5dd2f7ca474637751fc5d683586fd07890f5aa,15,6.255808710876239,3443.5028772257274,-0.19230769230769232
S025,corridor,inactive,101,1060001,1,PR1_HT1_EC0,No-EC,S025@corridor@inactive:i101:nsga2:s1060001:r1:PR1_HT1_EC0:8bbc9a1f3321,1efe1d1907c2fa4b02522f8fdf5dd2f7ca474637751fc5d683586fd07890f5aa,16,6.267580109772,3373.5416675843844,-0.3353658536585366
S025,corridor,inactive,101,1060001,1,PR1_HT1_EC0,No-EC,S025@corridor@inactive:i101:nsga2:s1060001:r1:PR1_HT1_EC0:8bbc9a1f3321,1efe1d1907c2fa4b02522f8fdf5dd2f7ca474637751fc5d683586fd07890f5aa,17,6.273297024848562,3349.7322392706646,-0.25
S025,corridor,inactive,101,1060001,1,PR1_HT1_EC0,No-EC,S025@corridor@inactive:i101:nsga2:s1060001:r1:PR1_HT1_EC0:8bbc9a1f3321,1efe1d1907c2fa4b02522f8fdf5dd2f7ca474637751fc5d683586fd07890f5aa,18,6.2793633692503255,3349.7322392706646,-0.36585365853658536
S025,corridor,inactive,101,1060001,1,PR1_HT1_EC0,No-EC,S025@corridor@inactive:i101:nsga2:s1060001:r1:PR1_HT1_EC0:8bbc9a1f3321,1efe1d1907c2fa4b02522f8fdf5dd2f7ca474637751fc5d683586fd07890f5aa,19,6.533343815810775,2435.9249866230066,-0.16666666666666666
S025,corridor,inactive,101,1060001,1,PR1_HT1_EC0,No-EC,S025@corridor@inactive:i101:nsga2:s1060001:r1:PR1_HT1_EC0:8bbc9a1f3321,1efe1d1907c2fa4b02522f8fdf5dd2f7ca474637751fc5d683586fd07890f5aa,20,6.534931078179168,2458.8828986283406,-0.19230769230769232
S025,corridor,inactive,101,1060001,1,PR1_HT1_EC0,No-EC,S025@corridor@inactive:i101:nsga2:s1060001:r1:PR1_HT1_EC0:8bbc9a1f3321,1efe1d1907c2fa4b02522f8fdf5dd2f7ca474637751fc5d683586fd07890f5aa,21,6.536449952593118,2458.3391618156697,-0.19230769230769232
S025,corridor,inactive,101,1060001,1,PR1_HT1_EC0,No-EC,S025@corridor@inactive:i101:nsga2:s1060001:r1:PR1_HT1_EC0:8bbc9a1f3321,1efe1d1907c2fa4b02522f8fdf5dd2f7ca474637751fc5d683586fd07890f5aa,22,6.536785274177634,2412.423337805002,-0.16666666666666666
S025,corridor,inactive,101,1060001,1,PR1_HT1_EC0,No-EC,S025@corridor@inactive:i101:nsga2:s1060001:r1:PR1_HT1_EC0:8bbc9a1f3321,1efe1d1907c2fa4b02522f8fdf5dd2f7ca474637751fc5d683586fd07890f5aa,23,6.539311951730267,2434.52973350195,-0.25510204081632654
S025,corridor,inactive,101,1060001,1,PR1_HT1_EC0,No-EC,S025@corridor@inactive:i101:nsga2:s1060001:r1:PR1_HT1_EC0:8bbc9a1f3321,1efe1d1907c2fa4b02522f8fdf5dd2f7ca474637751fc5d683586fd07890f5aa,24,6.543885120444341,2412.423337805002,-0.24390243902439024
S025,corridor,inactive,101,1060001,1,PR1_HT1_EC0,No-EC,S025@corridor@inactive:i101:nsga2:s1060001:r1:PR1_HT1_EC0:8bbc9a1f3321,1efe1d1907c2fa4b02522f8fdf5dd2f7ca474637751fc5d683586fd07890f5aa,25,6.5701306526149725,2333.7103012192733,-0.0
S025,corridor,inactive,101,1060001,1,PR1_HT1_EC0,No-EC,S025@corridor@inactive:i101:nsga2:s1060001:r1:PR1_HT1_EC0:8bbc9a1f3321,1efe1d1907c2fa4b02522f8fdf5dd2f7ca474637751fc5d683586fd07890f5aa,26,6.574284669348502,2311.0601687096546,-0.0
S025,corridor,inactive,101,1060001,1,PR1_HT1_EC0,No-EC,S025@corridor@inactive:i101:nsga2:s1060001:r1:PR1_HT1_EC0:8bbc9a1f3321,1efe1d1907c2fa4b02522f8fdf5dd2f7ca474637751fc5d683586fd07890f5aa,27,6.585753725383067,2388.9216889869977,-0.18292682926829268
S025,corridor,inactive,101,1060001,1,PR1_HT1_EC0,No-EC,S025@corridor@inactive:i101:nsga2:s1060001:r1:PR1_HT1_EC0:8bbc9a1f3321,1efe1d1907c2fa4b02522f8fdf5dd2f7ca474637751fc5d683586fd07890f5aa,28,6.604064881554189,2285.8554872748778,-0.0
S025,corridor,inactive,101,1060001,1,PR1_HT1_EC0,No-EC,S025@corridor@inactive:i101:nsga2:s1060001:r1:PR1_HT1_EC0:8bbc9a1f3321,1efe1d1907c2fa4b02522f8fdf5dd2f7ca474637751fc5d683586fd07890f5aa,29,6.616349861970663,2388.3779521743268,-0.12195121951219512
S025,corridor,inactive,101,1060001,1,PR1_HT1_EC0,No-EC,S025@corridor@inactive:i101:nsga2:s1060001:r1:PR1_HT1_EC0:8bbc9a1f3321,1efe1d1907c2fa4b02522f8fdf5dd2f7ca474637751fc5d683586fd07890f5aa,30,6.684117930690247,2159.911800958638,-0.0
S025,corridor,inactive,101,1060001,1,PR1_HT1_EC0,No-EC,S025@corridor@inactive:i101:nsga2:s1060001:r1:PR1_HT1_EC0:8bbc9a1f3321,1efe1d1907c2fa4b02522f8fdf5dd2f7ca474637751fc5d683586fd07890f5aa,31,6.688787063147219,2070.2997547997456,-0.0
S025,corridor,inactive,101,1060001,1,PR1_HT1_EC0,No-EC,S025@corridor@inactive:i101:nsga2:s1060001:r1:PR1_HT1_EC0:8bbc9a1f3321,1efe1d1907c2fa4b02522f8fdf5dd2f7ca474637751fc5d683586fd07890f5aa,32,6.716998024736528,2012.0897775835226,-0.0
S025,corridor,inactive,101,1060001,1,PR1_HT1_EC0,No-EC,S025@corridor@inactive:i101:nsga2:s1060001:r1:PR1_HT1_EC0:8bbc9a1f3321,1efe1d1907c2fa4b02522f8fdf5dd2f7ca474637751fc5d683586fd07890f5aa,33,6.770420588128572,1860.5995778659335,-0.0
S025,corridor,inactive,101,1060001,1,PR1_HT1_EC0,No-EC,S025@corridor@inactive:i101:nsga2:s1060001:r1:PR1_HT1_EC0:8bbc9a1f3321,1efe1d1907c2fa4b02522f8fdf5dd2f7ca474637751fc5d683586fd07890f5aa,34,6.773899549567069,1841.3555105898593,-0.0
S025,corridor,inactive,101,1060001,1,PR1_HT1_EC0,No-EC,S025@corridor@inactive:i101:nsga2:s1060001:r1:PR1_HT1_EC0:8bbc9a1f3321,1efe1d1907c2fa4b02522f8fdf5dd2f7ca474637751fc5d683586fd07890f5aa,35,6.792509897502747,1817.0023454634686,-0.0
S025,corridor,inactive,101,1060001,1,PR1_HT1_EC0,No-EC,S025@corridor@inactive:i101:nsga2:s1060001:r1:PR1_HT1_EC0:8bbc9a1f3321,1efe1d1907c2fa4b02522f8fdf5dd2f7ca474637751fc5d683586fd07890f5aa,36,6.874240121581239,1149.6055622140414,-0.0
S025,corridor,inactive,101,1060001,1,PR1_HT1_EC0,No-EC,S025@corridor@inactive:i101:nsga2:s1060001:r1:PR1_HT1_EC0:8bbc9a1f3321,1efe1d1907c2fa4b02522f8fdf5dd2f7ca474637751fc5d683586fd07890f5aa,37,6.880831837991047,1055.598966942023,-0.0
S025,corridor,inactive,101,1060001,1,PR1_HT1_EC0,No-EC,S025@corridor@inactive:i101:nsga2:s1060001:r1:PR1_HT1_EC0:8bbc9a1f3321,1efe1d1907c2fa4b02522f8fdf5dd2f7ca474637751fc5d683586fd07890f5aa,38,6.904635258359354,704.0078882202506,-0.0
S025,corridor,inactive,101,1060001,1,PR1_HT1_EC1,Full,S025@corridor@inactive:i101:nsga2:s1060001:r1:PR1_HT1_EC1:67564d14e5f7,1efe1d1907c2fa4b02522f8fdf5dd2f7ca474637751fc5d683586fd07890f5aa,0,4.528251717410251,5033.3811674421795,-0.8678714859436998
S025,corridor,inactive,101,1060001,1,PR1_HT1_EC1,Full,S025@corridor@inactive:i101:nsga2:s1060001:r1:PR1_HT1_EC1:67564d14e5f7,1efe1d1907c2fa4b02522f8fdf5dd2f7ca474637751fc5d683586fd07890f5aa,1,4.532757880055506,5027.05519257525,-0.8678714859437232
S025,corridor,inactive,101,1060001,1,PR1_HT1_EC1,Full,S025@corridor@inactive:i101:nsga2:s1060001:r1:PR1_HT1_EC1:67564d14e5f7,1efe1d1907c2fa4b02522f8fdf5dd2f7ca474637751fc5d683586fd07890f5aa,2,4.544170196602644,5024.500643650092,-0.8678714859437232
S025,corridor,inactive,101,1060001,1,PR1_HT1_EC1,Full,S025@corridor@inactive:i101:nsga2:s1060001:r1:PR1_HT1_EC1:67564d14e5f7,1efe1d1907c2fa4b02522f8fdf5dd2f7ca474637751fc5d683586fd07890f5aa,3,4.557776101259622,5001.5427316447585,-0.8678714859436649
S025,corridor,inactive,101,1060001,1,PR1_HT1_EC1,Full,S025@corridor@inactive:i101:nsga2:s1060001:r1:PR1_HT1_EC1:67564d14e5f7,1efe1d1907c2fa4b02522f8fdf5dd2f7ca474637751fc5d683586fd07890f5aa,4,5.780334523195965,4068.530598972646,-0.44871794871794873
S025,corridor,inactive,101,1060001,1,PR1_HT1_EC1,Full,S025@corridor@inactive:i101:nsga2:s1060001:r1:PR1_HT1_EC1:67564d14e5f7,1efe1d1907c2fa4b02522f8fdf5dd2f7ca474637751fc5d683586fd07890f5aa,5,5.782722745447652,3872.732679564443,-0.4166666666666667
S025,corridor,inactive,101,1060001,1,PR1_HT1_EC1,Full,S025@corridor@inactive:i101:nsga2:s1060001:r1:PR1_HT1_EC1:67564d14e5f7,1efe1d1907c2fa4b02522f8fdf5dd2f7ca474637751fc5d683586fd07890f5aa,6,5.785258646099938,3898.9258448788005,-0.5
S025,corridor,inactive,101,1060001,1,PR1_HT1_EC1,Full,S025@corridor@inactive:i101:nsga2:s1060001:r1:PR1_HT1_EC1:67564d14e5f7,1efe1d1907c2fa4b02522f8fdf5dd2f7ca474637751fc5d683586fd07890f5aa,7,5.81048087756818,3894.531295765675,-0.5792682926829268
S025,corridor,inactive,101,1060001,1,PR1_HT1_EC1,Full,S025@corridor@inactive:i101:nsga2:s1060001:r1:PR1_HT1_EC1:67564d14e5f7,1efe1d1907c2fa4b02522f8fdf5dd2f7ca474637751fc5d683586fd07890f5aa,8,5.842915287098676,3870.041163068089,-0.5612244897959183
S025,corridor,inactive,101,1060001,1,PR1_HT1_EC1,Full,S025@corridor@inactive:i101:nsga2:s1060001:r1:PR1_HT1_EC1:67564d14e5f7,1efe1d1907c2fa4b02522f8fdf5dd2f7ca474637751fc5d683586fd07890f5aa,9,6.0236621085210755,3572.5271295732837,-0.5
S025,corridor,inactive,101,1060001,1,PR1_HT1_EC1,Full,S025@corridor@inactive:i101:nsga2:s1060001:r1:PR1_HT1_EC1:67564d14e5f7,1efe1d1907c2fa4b02522f8fdf5dd2f7ca474637751fc5d683586fd07890f5aa,10,6.0355583567059385,3549.56921756795,-0.44871794871794873
S025,corridor,inactive,101,1060001,1,PR1_HT1_EC1,Full,S025@corridor@inactive:i101:nsga2:s1060001:r1:PR1_HT1_EC1:67564d14e5f7,1efe1d1907c2fa4b02522f8fdf5dd2f7ca474637751fc5d683586fd07890f5aa,11,6.099795979309597,3526.611305562616,-0.3333333333333333
S025,corridor,inactive,101,1060001,1,PR1_HT1_EC1,Full,S025@corridor@inactive:i101:nsga2:s1060001:r1:PR1_HT1_EC1:67564d14e5f7,1efe1d1907c2fa4b02522f8fdf5dd2f7ca474637751fc5d683586fd07890f5aa,12,6.180294175956368,3526.6113055626165,-0.36585365853658536
S025,corridor,inactive,101,1060001,1,PR1_HT1_EC1,Full,S025@corridor@inactive:i101:nsga2:s1060001:r1:PR1_HT1_EC1:67564d14e5f7,1efe1d1907c2fa4b02522f8fdf5dd2f7ca474637751fc5d683586fd07890f5aa,13,6.249856845779573,3374.629141209726,-0.16666666666666666
S025,corridor,inactive,101,1060001,1,PR1_HT1_EC1,Full,S025@corridor@inactive:i101:nsga2:s1060001:r1:PR1_HT1_EC1:67564d14e5f7,1efe1d1907c2fa4b02522f8fdf5dd2f7ca474637751fc5d683586fd07890f5aa,14,6.250103320167317,3445.0664555048243,-0.2564102564102564
S025,corridor,inactive,101,1060001,1,PR1_HT1_EC1,Full,S025@corridor@inactive:i101:nsga2:s1060001:r1:PR1_HT1_EC1:67564d14e5f7,1efe1d1907c2fa4b02522f8fdf5dd2f7ca474637751fc5d683586fd07890f5aa,15,6.255808710876239,3443.5028772257274,-0.19230769230769232
S025,corridor,inactive,101,1060001,1,PR1_HT1_EC1,Full,S025@corridor@inactive:i101:nsga2:s1060001:r1:PR1_HT1_EC1:67564d14e5f7,1efe1d1907c2fa4b02522f8fdf5dd2f7ca474637751fc5d683586fd07890f5aa,16,6.267580109772,3373.5416675843844,-0.3353658536585366
S025,corridor,inactive,101,1060001,1,PR1_HT1_EC1,Full,S025@corridor@inactive:i101:nsga2:s1060001:r1:PR1_HT1_EC1:67564d14e5f7,1efe1d1907c2fa4b02522f8fdf5dd2f7ca474637751fc5d683586fd07890f5aa,17,6.273297024848562,3349.7322392706646,-0.25
S025,corridor,inactive,101,1060001,1,PR1_HT1_EC1,Full,S025@corridor@inactive:i101:nsga2:s1060001:r1:PR1_HT1_EC1:67564d14e5f7,1efe1d1907c2fa4b02522f8fdf5dd2f7ca474637751fc5d683586fd07890f5aa,18,6.2793633692503255,3349.7322392706646,-0.36585365853658536
S025,corridor,inactive,101,1060001,1,PR1_HT1_EC1,Full,S025@corridor@inactive:i101:nsga2:s1060001:r1:PR1_HT1_EC1:67564d14e5f7,1efe1d1907c2fa4b02522f8fdf5dd2f7ca474637751fc5d683586fd07890f5aa,19,6.533343815810775,2435.9249866230066,-0.16666666666666666
S025,corridor,inactive,101,1060001,1,PR1_HT1_EC1,Full,S025@corridor@inactive:i101:nsga2:s1060001:r1:PR1_HT1_EC1:67564d14e5f7,1efe1d1907c2fa4b02522f8fdf5dd2f7ca474637751fc5d683586fd07890f5aa,20,6.534931078179168,2458.8828986283406,-0.19230769230769232
S025,corridor,inactive,101,1060001,1,PR1_HT1_EC1,Full,S025@corridor@inactive:i101:nsga2:s1060001:r1:PR1_HT1_EC1:67564d14e5f7,1efe1d1907c2fa4b02522f8fdf5dd2f7ca474637751fc5d683586fd07890f5aa,21,6.536449952593118,2458.3391618156697,-0.19230769230769232
S025,corridor,inactive,101,1060001,1,PR1_HT1_EC1,Full,S025@corridor@inactive:i101:nsga2:s1060001:r1:PR1_HT1_EC1:67564d14e5f7,1efe1d1907c2fa4b02522f8fdf5dd2f7ca474637751fc5d683586fd07890f5aa,22,6.536785274177634,2412.423337805002,-0.16666666666666666
S025,corridor,inactive,101,1060001,1,PR1_HT1_EC1,Full,S025@corridor@inactive:i101:nsga2:s1060001:r1:PR1_HT1_EC1:67564d14e5f7,1efe1d1907c2fa4b02522f8fdf5dd2f7ca474637751fc5d683586fd07890f5aa,23,6.539311951730267,2434.52973350195,-0.25510204081632654
S025,corridor,inactive,101,1060001,1,PR1_HT1_EC1,Full,S025@corridor@inactive:i101:nsga2:s1060001:r1:PR1_HT1_EC1:67564d14e5f7,1efe1d1907c2fa4b02522f8fdf5dd2f7ca474637751fc5d683586fd07890f5aa,24,6.543885120444341,2412.423337805002,-0.24390243902439024
S025,corridor,inactive,101,1060001,1,PR1_HT1_EC1,Full,S025@corridor@inactive:i101:nsga2:s1060001:r1:PR1_HT1_EC1:67564d14e5f7,1efe1d1907c2fa4b02522f8fdf5dd2f7ca474637751fc5d683586fd07890f5aa,25,6.5701306526149725,2333.7103012192733,-0.0
S025,corridor,inactive,101,1060001,1,PR1_HT1_EC1,Full,S025@corridor@inactive:i101:nsga2:s1060001:r1:PR1_HT1_EC1:67564d14e5f7,1efe1d1907c2fa4b02522f8fdf5dd2f7ca474637751fc5d683586fd07890f5aa,26,6.574284669348502,2311.0601687096546,-0.0
S025,corridor,inactive,101,1060001,1,PR1_HT1_EC1,Full,S025@corridor@inactive:i101:nsga2:s1060001:r1:PR1_HT1_EC1:67564d14e5f7,1efe1d1907c2fa4b02522f8fdf5dd2f7ca474637751fc5d683586fd07890f5aa,27,6.585753725383067,2388.9216889869977,-0.18292682926829268
S025,corridor,inactive,101,1060001,1,PR1_HT1_EC1,Full,S025@corridor@inactive:i101:nsga2:s1060001:r1:PR1_HT1_EC1:67564d14e5f7,1efe1d1907c2fa4b02522f8fdf5dd2f7ca474637751fc5d683586fd07890f5aa,28,6.604064881554189,2285.8554872748778,-0.0
S025,corridor,inactive,101,1060001,1,PR1_HT1_EC1,Full,S025@corridor@inactive:i101:nsga2:s1060001:r1:PR1_HT1_EC1:67564d14e5f7,1efe1d1907c2fa4b02522f8fdf5dd2f7ca474637751fc5d683586fd07890f5aa,29,6.616349861970663,2388.3779521743268,-0.12195121951219512
S025,corridor,inactive,101,1060001,1,PR1_HT1_EC1,Full,S025@corridor@inactive:i101:nsga2:s1060001:r1:PR1_HT1_EC1:67564d14e5f7,1efe1d1907c2fa4b02522f8fdf5dd2f7ca474637751fc5d683586fd07890f5aa,30,6.684117930690247,2159.911800958638,-0.0
S025,corridor,inactive,101,1060001,1,PR1_HT1_EC1,Full,S025@corridor@inactive:i101:nsga2:s1060001:r1:PR1_HT1_EC1:67564d14e5f7,1efe1d1907c2fa4b02522f8fdf5dd2f7ca474637751fc5d683586fd07890f5aa,31,6.688787063147219,2070.2997547997456,-0.0
S025,corridor,inactive,101,1060001,1,PR1_HT1_EC1,Full,S025@corridor@inactive:i101:nsga2:s1060001:r1:PR1_HT1_EC1:67564d14e5f7,1efe1d1907c2fa4b02522f8fdf5dd2f7ca474637751fc5d683586fd07890f5aa,32,6.716998024736528,2012.0897775835226,-0.0
S025,corridor,inactive,101,1060001,1,PR1_HT1_EC1,Full,S025@corridor@inactive:i101:nsga2:s1060001:r1:PR1_HT1_EC1:67564d14e5f7,1efe1d1907c2fa4b02522f8fdf5dd2f7ca474637751fc5d683586fd07890f5aa,33,6.770420588128572,1860.5995778659335,-0.0
S025,corridor,inactive,101,1060001,1,PR1_HT1_EC1,Full,S025@corridor@inactive:i101:nsga2:s1060001:r1:PR1_HT1_EC1:67564d14e5f7,1efe1d1907c2fa4b02522f8fdf5dd2f7ca474637751fc5d683586fd07890f5aa,34,6.773899549567069,1841.3555105898593,-0.0
S025,corridor,inactive,101,1060001,1,PR1_HT1_EC1,Full,S025@corridor@inactive:i101:nsga2:s1060001:r1:PR1_HT1_EC1:67564d14e5f7,1efe1d1907c2fa4b02522f8fdf5dd2f7ca474637751fc5d683586fd07890f5aa,35,6.792509897502747,1817.0023454634686,-0.0
S025,corridor,inactive,101,1060001,1,PR1_HT1_EC1,Full,S025@corridor@inactive:i101:nsga2:s1060001:r1:PR1_HT1_EC1:67564d14e5f7,1efe1d1907c2fa4b02522f8fdf5dd2f7ca474637751fc5d683586fd07890f5aa,36,6.874240121581239,1149.6055622140414,-0.0
S025,corridor,inactive,101,1060001,1,PR1_HT1_EC1,Full,S025@corridor@inactive:i101:nsga2:s1060001:r1:PR1_HT1_EC1:67564d14e5f7,1efe1d1907c2fa4b02522f8fdf5dd2f7ca474637751fc5d683586fd07890f5aa,37,6.880831837991047,1055.598966942023,-0.0
S025,corridor,inactive,101,1060001,1,PR1_HT1_EC1,Full,S025@corridor@inactive:i101:nsga2:s1060001:r1:PR1_HT1_EC1:67564d14e5f7,1efe1d1907c2fa4b02522f8fdf5dd2f7ca474637751fc5d683586fd07890f5aa,38,6.904635258359354,704.0078882202506,-0.0
S025,corridor,inactive,102,1070000,0,PR0_HT1_EC1,No-PR,S025@corridor@inactive:i102:nsga2:s1070000:r0:PR0_HT1_EC1:b000292d4414,2e814cd9fcac3903c94a188170ea145cdf0012758210e24bec0ee8270490ed48,0,4.390306411130979,4093.0598151529225,-0.8755301794452158
S025,corridor,inactive,102,1070000,0,PR0_HT1_EC1,No-PR,S025@corridor@inactive:i102:nsga2:s1070000:r0:PR0_HT1_EC1:b000292d4414,2e814cd9fcac3903c94a188170ea145cdf0012758210e24bec0ee8270490ed48,1,5.184052788449702,3368.1875074483582,-0.7661290322580645
S025,corridor,inactive,102,1070000,0,PR0_HT1_EC1,No-PR,S025@corridor@inactive:i102:nsga2:s1070000:r0:PR0_HT1_EC1:b000292d4414,2e814cd9fcac3903c94a188170ea145cdf0012758210e24bec0ee8270490ed48,2,5.190415718365358,3445.4862932207698,-0.7853403141361257
S025,corridor,inactive,102,1070000,0,PR0_HT1_EC1,No-PR,S025@corridor@inactive:i102:nsga2:s1070000:r0:PR0_HT1_EC1:b000292d4414,2e814cd9fcac3903c94a188170ea145cdf0012758210e24bec0ee8270490ed48,3,5.2798583583346925,3325.3417910280573,-0.6451612903225806
S025,corridor,inactive,102,1070000,0,PR0_HT1_EC1,No-PR,S025@corridor@inactive:i102:nsga2:s1070000:r0:PR0_HT1_EC1:b000292d4414,2e814cd9fcac3903c94a188170ea145cdf0012758210e24bec0ee8270490ed48,4,6.259273794908312,2879.73606722791,-0.4032258064516129
S025,corridor,inactive,102,1070000,0,PR0_HT1_EC1,No-PR,S025@corridor@inactive:i102:nsga2:s1070000:r0:PR0_HT1_EC1:b000292d4414,2e814cd9fcac3903c94a188170ea145cdf0012758210e24bec0ee8270490ed48,5,6.762755129787318,1877.756720645652,-0.24193548387096775
S025,corridor,inactive,102,1070000,0,PR0_HT1_EC1,No-PR,S025@corridor@inactive:i102:nsga2:s1070000:r0:PR0_HT1_EC1:b000292d4414,2e814cd9fcac3903c94a188170ea145cdf0012758210e24bec0ee8270490ed48,6,6.770896936374542,1905.7958260844514,-0.28225806451612906
S025,corridor,inactive,102,1070000,0,PR0_HT1_EC1,No-PR,S025@corridor@inactive:i102:nsga2:s1070000:r0:PR0_HT1_EC1:b000292d4414,2e814cd9fcac3903c94a188170ea145cdf0012758210e24bec0ee8270490ed48,7,6.773533906523888,1876.6271992802517,-0.21367521367521367
S025,corridor,inactive,102,1070000,0,PR0_HT1_EC1,No-PR,S025@corridor@inactive:i102:nsga2:s1070000:r0:PR0_HT1_EC1:b000292d4414,2e814cd9fcac3903c94a188170ea145cdf0012758210e24bec0ee8270490ed48,8,6.944844794472122,1841.643126274274,-0.17094017094017094
S025,corridor,inactive,102,1070000,0,PR0_HT1_EC1,No-PR,S025@corridor@inactive:i102:nsga2:s1070000:r0:PR0_HT1_EC1:b000292d4414,2e814cd9fcac3903c94a188170ea145cdf0012758210e24bec0ee8270490ed48,9,7.299694189603029,497.23063206382767,-0.0
S025,corridor,inactive,102,1070000,0,PR1_HT0_EC1,No-HT,S025@corridor@inactive:i102:nsga2:s1070000:r0:PR1_HT0_EC1:d467400fa28a,2e814cd9fcac3903c94a188170ea145cdf0012758210e24bec0ee8270490ed48,0,4.390306411130979,4093.0598151529225,-0.8755301794452158
S025,corridor,inactive,102,1070000,0,PR1_HT0_EC1,No-HT,S025@corridor@inactive:i102:nsga2:s1070000:r0:PR1_HT0_EC1:d467400fa28a,2e814cd9fcac3903c94a188170ea145cdf0012758210e24bec0ee8270490ed48,1,5.184052788449702,3366.0483612146886,-0.7661290322580645
S025,corridor,inactive,102,1070000,0,PR1_HT0_EC1,No-HT,S025@corridor@inactive:i102:nsga2:s1070000:r0:PR1_HT0_EC1:d467400fa28a,2e814cd9fcac3903c94a188170ea145cdf0012758210e24bec0ee8270490ed48,2,5.868847354243383,3114.476355525128,-0.5645161290322581
S025,corridor,inactive,102,1070000,0,PR1_HT0_EC1,No-HT,S025@corridor@inactive:i102:nsga2:s1070000:r0:PR1_HT0_EC1:d467400fa28a,2e814cd9fcac3903c94a188170ea145cdf0012758210e24bec0ee8270490ed48,3,6.247220754374321,2860.961588677967,-0.4712041884816754
S025,corridor,inactive,102,1070000,0,PR1_HT0_EC1,No-HT,S025@corridor@inactive:i102:nsga2:s1070000:r0:PR1_HT0_EC1:d467400fa28a,2e814cd9fcac3903c94a188170ea145cdf0012758210e24bec0ee8270490ed48,4,6.579577978045817,2281.394366073197,-0.3225806451612903
S025,corridor,inactive,102,1070000,0,PR1_HT0_EC1,No-HT,S025@corridor@inactive:i102:nsga2:s1070000:r0:PR1_HT0_EC1:d467400fa28a,2e814cd9fcac3903c94a188170ea145cdf0012758210e24bec0ee8270490ed48,5,6.770896936374542,1905.7958260844514,-0.28225806451612906
S025,corridor,inactive,102,1070000,0,PR1_HT0_EC1,No-HT,S025@corridor@inactive:i102:nsga2:s1070000:r0:PR1_HT0_EC1:d467400fa28a,2e814cd9fcac3903c94a188170ea145cdf0012758210e24bec0ee8270490ed48,6,6.773533906523888,1876.6271992802517,-0.21367521367521367
S025,corridor,inactive,102,1070000,0,PR1_HT0_EC1,No-HT,S025@corridor@inactive:i102:nsga2:s1070000:r0:PR1_HT0_EC1:d467400fa28a,2e814cd9fcac3903c94a188170ea145cdf0012758210e24bec0ee8270490ed48,7,7.060946263450385,1599.199123961355,-0.12096774193548387
S025,corridor,inactive,102,1070000,0,PR1_HT0_EC1,No-HT,S025@corridor@inactive:i102:nsga2:s1070000:r0:PR1_HT0_EC1:d467400fa28a,2e814cd9fcac3903c94a188170ea145cdf0012758210e24bec0ee8270490ed48,8,7.234783420530259,916.415996318924,-0.0
S025,corridor,inactive,102,1070000,0,PR1_HT0_EC1,No-HT,S025@corridor@inactive:i102:nsga2:s1070000:r0:PR1_HT0_EC1:d467400fa28a,2e814cd9fcac3903c94a188170ea145cdf0012758210e24bec0ee8270490ed48,9,7.299694189603029,497.23063206382767,-0.0
S025,corridor,inactive,102,1070000,0,PR1_HT1_EC0,No-EC,S025@corridor@inactive:i102:nsga2:s1070000:r0:PR1_HT1_EC0:bac39318c609,2e814cd9fcac3903c94a188170ea145cdf0012758210e24bec0ee8270490ed48,0,4.211523217373897,4285.524384253617,-0.8755301794451508
S025,corridor,inactive,102,1070000,0,PR1_HT1_EC0,No-EC,S025@corridor@inactive:i102:nsga2:s1070000:r0:PR1_HT1_EC0:bac39318c609,2e814cd9fcac3903c94a188170ea145cdf0012758210e24bec0ee8270490ed48,1,4.215202153176456,4210.121476932916,-0.8755301794452136
S025,corridor,inactive,102,1070000,0,PR1_HT1_EC0,No-EC,S025@corridor@inactive:i102:nsga2:s1070000:r0:PR1_HT1_EC0:bac39318c609,2e814cd9fcac3903c94a188170ea145cdf0012758210e24bec0ee8270490ed48,2,4.242581553045056,4080.301270960677,-0.8755301794452139
S025,corridor,inactive,102,1070000,0,PR1_HT1_EC0,No-EC,S025@corridor@inactive:i102:nsga2:s1070000:r0:PR1_HT1_EC0:bac39318c609,2e814cd9fcac3903c94a188170ea145cdf0012758210e24bec0ee8270490ed48,3,4.328848892747315,4071.847026242334,-0.875530179445167
S025,corridor,inactive,102,1070000,0,PR1_HT1_EC0,No-EC,S025@corridor@inactive:i102:nsga2:s1070000:r0:PR1_HT1_EC0:bac39318c609,2e814cd9fcac3903c94a188170ea145cdf0012758210e24bec0ee8270490ed48,4,5.184052788449702,3368.1875074483582,-0.7661290322580645
S025,corridor,inactive,102,1070000,0,PR1_HT1_EC0,No-EC,S025@corridor@inactive:i102:nsga2:s1070000:r0:PR1_HT1_EC0:bac39318c609,2e814cd9fcac3903c94a188170ea145cdf0012758210e24bec0ee8270490ed48,5,5.190415718365358,3445.4862932207698,-0.7853403141361257
S025,corridor,inactive,102,1070000,0,PR1_HT1_EC0,No-EC,S025@corridor@inactive:i102:nsga2:s1070000:r0:PR1_HT1_EC0:bac39318c609,2e814cd9fcac3903c94a188170ea145cdf0012758210e24bec0ee8270490ed48,6,5.216153165520179,3359.6840550463307,-0.6837606837606838
S025,corridor,inactive,102,1070000,0,PR1_HT1_EC0,No-EC,S025@corridor@inactive:i102:nsga2:s1070000:r0:PR1_HT1_EC0:bac39318c609,2e814cd9fcac3903c94a188170ea145cdf0012758210e24bec0ee8270490ed48,7,5.264158824522969,3356.2954909501304,-0.6451612903225806
S025,corridor,inactive,102,1070000,0,PR1_HT1_EC0,No-EC,S025@corridor@inactive:i102:nsga2:s1070000:r0:PR1_HT1_EC0:bac39318c609,2e814cd9fcac3903c94a188170ea145cdf0012758210e24bec0ee8270490ed48,8,5.2761100844332045,3327.600833758858,-0.6410256410256411
S025,corridor,inactive,102,1070000,0,PR1_HT1_EC0,No-EC,S025@corridor@inactive:i102:nsga2:s1070000:r0:PR1_HT1_EC0:bac39318c609,2e814cd9fcac3903c94a188170ea145cdf0012758210e24bec0ee8270490ed48,9,5.2798583583346925,3325.3417910280573,-0.6451612903225806
S025,corridor,inactive,102,1070000,0,PR1_HT1_EC0,No-EC,S025@corridor@inactive:i102:nsga2:s1070000:r0:PR1_HT1_EC0:bac39318c609,2e814cd9fcac3903c94a188170ea145cdf0012758210e24bec0ee8270490ed48,10,5.811200794745219,3125.6303578702054,-0.5128205128205128
S025,corridor,inactive,102,1070000,0,PR1_HT1_EC0,No-EC,S025@corridor@inactive:i102:nsga2:s1070000:r0:PR1_HT1_EC0:bac39318c609,2e814cd9fcac3903c94a188170ea145cdf0012758210e24bec0ee8270490ed48,11,5.834563059641514,3139.9195874972784,-0.6048387096774194
S025,corridor,inactive,102,1070000,0,PR1_HT1_EC0,No-EC,S025@corridor@inactive:i102:nsga2:s1070000:r0:PR1_HT1_EC0:bac39318c609,2e814cd9fcac3903c94a188170ea145cdf0012758210e24bec0ee8270490ed48,12,5.8403151566972875,3226.055394651502,-0.6282722513089005
S025,corridor,inactive,102,1070000,0,PR1_HT1_EC0,No-EC,S025@corridor@inactive:i102:nsga2:s1070000:r0:PR1_HT1_EC0:bac39318c609,2e814cd9fcac3903c94a188170ea145cdf0012758210e24bec0ee8270490ed48,13,5.868847354243383,3114.476355525128,-0.5645161290322581
S025,corridor,inactive,102,1070000,0,PR1_HT1_EC0,No-EC,S025@corridor@inactive:i102:nsga2:s1070000:r0:PR1_HT1_EC0:bac39318c609,2e814cd9fcac3903c94a188170ea145cdf0012758210e24bec0ee8270490ed48,14,5.903889914936996,3139.38988435757,-0.5759162303664922
S025,corridor,inactive,102,1070000,0,PR1_HT1_EC0,No-EC,S025@corridor@inactive:i102:nsga2:s1070000:r0:PR1_HT1_EC0:bac39318c609,2e814cd9fcac3903c94a188170ea145cdf0012758210e24bec0ee8270490ed48,15,5.950388281666236,3100.060727975451,-0.5555555555555556
S025,corridor,inactive,102,1070000,0,PR1_HT1_EC0,No-EC,S025@corridor@inactive:i102:nsga2:s1070000:r0:PR1_HT1_EC0:bac39318c609,2e814cd9fcac3903c94a188170ea145cdf0012758210e24bec0ee8270490ed48,16,6.136650285928104,2926.576544613943,-0.42735042735042733
S025,corridor,inactive,102,1070000,0,PR1_HT1_EC0,No-EC,S025@corridor@inactive:i102:nsga2:s1070000:r0:PR1_HT1_EC0:bac39318c609,2e814cd9fcac3903c94a188170ea145cdf0012758210e24bec0ee8270490ed48,17,6.16129706530286,2885.304944717846,-0.4712041884816754
S025,corridor,inactive,102,1070000,0,PR1_HT1_EC0,No-EC,S025@corridor@inactive:i102:nsga2:s1070000:r0:PR1_HT1_EC0:bac39318c609,2e814cd9fcac3903c94a188170ea145cdf0012758210e24bec0ee8270490ed48,18,6.183605873666641,2867.7653213926164,-0.4032258064516129
S025,corridor,inactive,102,1070000,0,PR1_HT1_EC0,No-EC,S025@corridor@inactive:i102:nsga2:s1070000:r0:PR1_HT1_EC0:bac39318c609,2e814cd9fcac3903c94a188170ea145cdf0012758210e24bec0ee8270490ed48,19,6.188108260170005,2849.3354078395855,-0.42735042735042733
S025,corridor,inactive,102,1070000,0,PR1_HT1_EC0,No-EC,S025@corridor@inactive:i102:nsga2:s1070000:r0:PR1_HT1_EC0:bac39318c609,2e814cd9fcac3903c94a188170ea145cdf0012758210e24bec0ee8270490ed48,20,6.216235048083722,2870.2402687705535,-0.4712041884816754
S025,corridor,inactive,102,1070000,0,PR1_HT1_EC0,No-EC,S025@corridor@inactive:i102:nsga2:s1070000:r0:PR1_HT1_EC0:bac39318c609,2e814cd9fcac3903c94a188170ea145cdf0012758210e24bec0ee8270490ed48,21,6.240105590717552,2863.220631408768,-0.4712041884816754
S025,corridor,inactive,102,1070000,0,PR1_HT1_EC0,No-EC,S025@corridor@inactive:i102:nsga2:s1070000:r0:PR1_HT1_EC0:bac39318c609,2e814cd9fcac3903c94a188170ea145cdf0012758210e24bec0ee8270490ed48,22,6.247220754374321,2860.961588677967,-0.4712041884816754
S025,corridor,inactive,102,1070000,0,PR1_HT1_EC0,No-EC,S025@corridor@inactive:i102:nsga2:s1070000:r0:PR1_HT1_EC0:bac39318c609,2e814cd9fcac3903c94a188170ea145cdf0012758210e24bec0ee8270490ed48,23,6.508459341670265,2292.367817799694,-0.29914529914529914
S025,corridor,inactive,102,1070000,0,PR1_HT1_EC0,No-EC,S025@corridor@inactive:i102:nsga2:s1070000:r0:PR1_HT1_EC0:bac39318c609,2e814cd9fcac3903c94a188170ea145cdf0012758210e24bec0ee8270490ed48,24,6.509870318094218,2273.5170909695184,-0.3629032258064516
S025,corridor,inactive,102,1070000,0,PR1_HT1_EC0,No-EC,S025@corridor@inactive:i102:nsga2:s1070000:r0:PR1_HT1_EC0:bac39318c609,2e814cd9fcac3903c94a188170ea145cdf0012758210e24bec0ee8270490ed48,25,6.537558421884067,2352.964114138894,-0.4143646408839779
S025,corridor,inactive,102,1070000,0,PR1_HT1_EC0,No-EC,S025@corridor@inactive:i102:nsga2:s1070000:r0:PR1_HT1_EC0:bac39318c609,2e814cd9fcac3903c94a188170ea145cdf0012758210e24bec0ee8270490ed48,26,6.556417512573782,2291.0567142947484,-0.39267015706806285
S025,corridor,inactive,102,1070000,0,PR1_HT1_EC0,No-EC,S025@corridor@inactive:i102:nsga2:s1070000:r0:PR1_HT1_EC0:bac39318c609,2e814cd9fcac3903c94a188170ea145cdf0012758210e24bec0ee8270490ed48,27,6.762755129787318,1877.756720645652,-0.24193548387096775
S025,corridor,inactive,102,1070000,0,PR1_HT1_EC0,No-EC,S025@corridor@inactive:i102:nsga2:s1070000:r0:PR1_HT1_EC0:bac39318c609,2e814cd9fcac3903c94a188170ea145cdf0012758210e24bec0ee8270490ed48,28,6.770896936374542,1905.7958260844514,-0.28225806451612906
S025,corridor,inactive,102,1070000,0,PR1_HT1_EC0,No-EC,S025@corridor@inactive:i102:nsga2:s1070000:r0:PR1_HT1_EC0:bac39318c609,2e814cd9fcac3903c94a188170ea145cdf0012758210e24bec0ee8270490ed48,29,6.773533906523888,1876.6271992802517,-0.21367521367521367
S025,corridor,inactive,102,1070000,0,PR1_HT1_EC0,No-EC,S025@corridor@inactive:i102:nsga2:s1070000:r0:PR1_HT1_EC0:bac39318c609,2e814cd9fcac3903c94a188170ea145cdf0012758210e24bec0ee8270490ed48,30,6.774338475453999,1925.1205225275542,-0.31413612565445026
S025,corridor,inactive,102,1070000,0,PR1_HT1_EC0,No-EC,S025@corridor@inactive:i102:nsga2:s1070000:r0:PR1_HT1_EC0:bac39318c609,2e814cd9fcac3903c94a188170ea145cdf0012758210e24bec0ee8270490ed48,31,6.784855669744627,1876.6271992802517,-0.2617801047120419
S025,corridor,inactive,102,1070000,0,PR1_HT1_EC0,No-EC,S025@corridor@inactive:i102:nsga2:s1070000:r0:PR1_HT1_EC0:bac39318c609,2e814cd9fcac3903c94a188170ea145cdf0012758210e24bec0ee8270490ed48,32,6.822819118066349,1887.4190688672031,-0.31413612565445026
S025,corridor,inactive,102,1070000,0,PR1_HT1_EC0,No-EC,S025@corridor@inactive:i102:nsga2:s1070000:r0:PR1_HT1_EC0:bac39318c609,2e814cd9fcac3903c94a188170ea145cdf0012758210e24bec0ee8270490ed48,33,6.934484912008222,1850.8846612186805,-0.2564102564102564
S025,corridor,inactive,102,1070000,0,PR1_HT1_EC0,No-EC,S025@corridor@inactive:i102:nsga2:s1070000:r0:PR1_HT1_EC0:bac39318c609,2e814cd9fcac3903c94a188170ea145cdf0012758210e24bec0ee8270490ed48,34,6.941346367879781,1850.8846612186808,-0.2617801047120419
S025,corridor,inactive,102,1070000,0,PR1_HT1_EC0,No-EC,S025@corridor@inactive:i102:nsga2:s1070000:r0:PR1_HT1_EC0:bac39318c609,2e814cd9fcac3903c94a188170ea145cdf0012758210e24bec0ee8270490ed48,35,6.944844794472122,1841.6431262742742,-0.17094017094017094
S025,corridor,inactive,102,1070000,0,PR1_HT1_EC0,No-EC,S025@corridor@inactive:i102:nsga2:s1070000:r0:PR1_HT1_EC0:bac39318c609,2e814cd9fcac3903c94a188170ea145cdf0012758210e24bec0ee8270490ed48,36,6.9480269103416665,1839.9842324493438,-0.2094240837696335
S025,corridor,inactive,102,1070000,0,PR1_HT1_EC0,No-EC,S025@corridor@inactive:i102:nsga2:s1070000:r0:PR1_HT1_EC0:bac39318c609,2e814cd9fcac3903c94a188170ea145cdf0012758210e24bec0ee8270490ed48,37,6.957484841620203,1827.287158415237,-0.2094240837696335
S025,corridor,inactive,102,1070000,0,PR1_HT1_EC0,No-EC,S025@corridor@inactive:i102:nsga2:s1070000:r0:PR1_HT1_EC0:bac39318c609,2e814cd9fcac3903c94a188170ea145cdf0012758210e24bec0ee8270490ed48,38,6.967558687670083,1809.4756514664994,-0.15706806282722513
S025,corridor,inactive,102,1070000,0,PR1_HT1_EC0,No-EC,S025@corridor@inactive:i102:nsga2:s1070000:r0:PR1_HT1_EC0:bac39318c609,2e814cd9fcac3903c94a188170ea145cdf0012758210e24bec0ee8270490ed48,39,7.056556000361754,1569.6778738633654,-0.1282051282051282
S025,corridor,inactive,102,1070000,0,PR1_HT1_EC0,No-EC,S025@corridor@inactive:i102:nsga2:s1070000:r0:PR1_HT1_EC0:bac39318c609,2e814cd9fcac3903c94a188170ea145cdf0012758210e24bec0ee8270490ed48,40,7.060177773835461,1564.5634409487348,-0.16129032258064516
S025,corridor,inactive,102,1070000,0,PR1_HT1_EC0,No-EC,S025@corridor@inactive:i102:nsga2:s1070000:r0:PR1_HT1_EC0:bac39318c609,2e814cd9fcac3903c94a188170ea145cdf0012758210e24bec0ee8270490ed48,41,7.064883632643514,1586.5020499272482,-0.16574585635359115
S025,corridor,inactive,102,1070000,0,PR1_HT1_EC0,No-EC,S025@corridor@inactive:i102:nsga2:s1070000:r0:PR1_HT1_EC0:bac39318c609,2e814cd9fcac3903c94a188170ea145cdf0012758210e24bec0ee8270490ed48,42,7.096258227839591,1559.4490080341043,-0.10471204188481675
S025,corridor,inactive,102,1070000,0,PR1_HT1_EC0,No-EC,S025@corridor@inactive:i102:nsga2:s1070000:r0:PR1_HT1_EC0:bac39318c609,2e814cd9fcac3903c94a188170ea145cdf0012758210e24bec0ee8270490ed48,43,7.234783420530259,916.415996318924,-0.0
S025,corridor,inactive,102,1070000,0,PR1_HT1_EC0,No-EC,S025@corridor@inactive:i102:nsga2:s1070000:r0:PR1_HT1_EC0:bac39318c609,2e814cd9fcac3903c94a188170ea145cdf0012758210e24bec0ee8270490ed48,44,7.23536069021565,868.3966426845489,-0.0
S025,corridor,inactive,102,1070000,0,PR1_HT1_EC0,No-EC,S025@corridor@inactive:i102:nsga2:s1070000:r0:PR1_HT1_EC0:bac39318c609,2e814cd9fcac3903c94a188170ea145cdf0012758210e24bec0ee8270490ed48,45,7.239198464605875,859.8638158283977,-0.0
S025,corridor,inactive,102,1070000,0,PR1_HT1_EC0,No-EC,S025@corridor@inactive:i102:nsga2:s1070000:r0:PR1_HT1_EC0:bac39318c609,2e814cd9fcac3903c94a188170ea145cdf0012758210e24bec0ee8270490ed48,46,7.241614445141227,851.6025974786835,-0.0
S025,corridor,inactive,102,1070000,0,PR1_HT1_EC0,No-EC,S025@corridor@inactive:i102:nsga2:s1070000:r0:PR1_HT1_EC0:bac39318c609,2e814cd9fcac3903c94a188170ea145cdf0012758210e24bec0ee8270490ed48,47,7.248167525088803,833.8813920139082,-0.0
S025,corridor,inactive,102,1070000,0,PR1_HT1_EC0,No-EC,S025@corridor@inactive:i102:nsga2:s1070000:r0:PR1_HT1_EC0:bac39318c609,2e814cd9fcac3903c94a188170ea145cdf0012758210e24bec0ee8270490ed48,48,7.273481869812727,744.1091496740238,-0.0
S025,corridor,inactive,102,1070000,0,PR1_HT1_EC0,No-EC,S025@corridor@inactive:i102:nsga2:s1070000:r0:PR1_HT1_EC0:bac39318c609,2e814cd9fcac3903c94a188170ea145cdf0012758210e24bec0ee8270490ed48,49,7.299694189603029,497.23063206382767,-0.0
S025,corridor,inactive,102,1070000,0,PR1_HT1_EC1,Full,S025@corridor@inactive:i102:nsga2:s1070000:r0:PR1_HT1_EC1:5ea31455e620,2e814cd9fcac3903c94a188170ea145cdf0012758210e24bec0ee8270490ed48,0,4.211523217373897,4285.524384253617,-0.8755301794451508
S025,corridor,inactive,102,1070000,0,PR1_HT1_EC1,Full,S025@corridor@inactive:i102:nsga2:s1070000:r0:PR1_HT1_EC1:5ea31455e620,2e814cd9fcac3903c94a188170ea145cdf0012758210e24bec0ee8270490ed48,1,4.215202153176456,4210.121476932916,-0.8755301794452136
S025,corridor,inactive,102,1070000,0,PR1_HT1_EC1,Full,S025@corridor@inactive:i102:nsga2:s1070000:r0:PR1_HT1_EC1:5ea31455e620,2e814cd9fcac3903c94a188170ea145cdf0012758210e24bec0ee8270490ed48,2,4.242581553045056,4080.301270960677,-0.8755301794452139
S025,corridor,inactive,102,1070000,0,PR1_HT1_EC1,Full,S025@corridor@inactive:i102:nsga2:s1070000:r0:PR1_HT1_EC1:5ea31455e620,2e814cd9fcac3903c94a188170ea145cdf0012758210e24bec0ee8270490ed48,3,4.328848892747315,4071.847026242334,-0.875530179445167
S025,corridor,inactive,102,1070000,0,PR1_HT1_EC1,Full,S025@corridor@inactive:i102:nsga2:s1070000:r0:PR1_HT1_EC1:5ea31455e620,2e814cd9fcac3903c94a188170ea145cdf0012758210e24bec0ee8270490ed48,4,5.184052788449702,3368.1875074483582,-0.7661290322580645
S025,corridor,inactive,102,1070000,0,PR1_HT1_EC1,Full,S025@corridor@inactive:i102:nsga2:s1070000:r0:PR1_HT1_EC1:5ea31455e620,2e814cd9fcac3903c94a188170ea145cdf0012758210e24bec0ee8270490ed48,5,5.190415718365358,3445.4862932207698,-0.7853403141361257
S025,corridor,inactive,102,1070000,0,PR1_HT1_EC1,Full,S025@corridor@inactive:i102:nsga2:s1070000:r0:PR1_HT1_EC1:5ea31455e620,2e814cd9fcac3903c94a188170ea145cdf0012758210e24bec0ee8270490ed48,6,5.216153165520179,3359.6840550463307,-0.6837606837606838
S025,corridor,inactive,102,1070000,0,PR1_HT1_EC1,Full,S025@corridor@inactive:i102:nsga2:s1070000:r0:PR1_HT1_EC1:5ea31455e620,2e814cd9fcac3903c94a188170ea145cdf0012758210e24bec0ee8270490ed48,7,5.264158824522969,3356.2954909501304,-0.6451612903225806
S025,corridor,inactive,102,1070000,0,PR1_HT1_EC1,Full,S025@corridor@inactive:i102:nsga2:s1070000:r0:PR1_HT1_EC1:5ea31455e620,2e814cd9fcac3903c94a188170ea145cdf0012758210e24bec0ee8270490ed48,8,5.2761100844332045,3327.600833758858,-0.6410256410256411
S025,corridor,inactive,102,1070000,0,PR1_HT1_EC1,Full,S025@corridor@inactive:i102:nsga2:s1070000:r0:PR1_HT1_EC1:5ea31455e620,2e814cd9fcac3903c94a188170ea145cdf0012758210e24bec0ee8270490ed48,9,5.2798583583346925,3325.3417910280573,-0.6451612903225806
S025,corridor,inactive,102,1070000,0,PR1_HT1_EC1,Full,S025@corridor@inactive:i102:nsga2:s1070000:r0:PR1_HT1_EC1:5ea31455e620,2e814cd9fcac3903c94a188170ea145cdf0012758210e24bec0ee8270490ed48,10,5.811200794745219,3125.6303578702054,-0.5128205128205128
S025,corridor,inactive,102,1070000,0,PR1_HT1_EC1,Full,S025@corridor@inactive:i102:nsga2:s1070000:r0:PR1_HT1_EC1:5ea31455e620,2e814cd9fcac3903c94a188170ea145cdf0012758210e24bec0ee8270490ed48,11,5.834563059641514,3139.9195874972784,-0.6048387096774194
S025,corridor,inactive,102,1070000,0,PR1_HT1_EC1,Full,S025@corridor@inactive:i102:nsga2:s1070000:r0:PR1_HT1_EC1:5ea31455e620,2e814cd9fcac3903c94a188170ea145cdf0012758210e24bec0ee8270490ed48,12,5.8403151566972875,3226.055394651502,-0.6282722513089005
S025,corridor,inactive,102,1070000,0,PR1_HT1_EC1,Full,S025@corridor@inactive:i102:nsga2:s1070000:r0:PR1_HT1_EC1:5ea31455e620,2e814cd9fcac3903c94a188170ea145cdf0012758210e24bec0ee8270490ed48,13,5.868847354243383,3114.476355525128,-0.5645161290322581
S025,corridor,inactive,102,1070000,0,PR1_HT1_EC1,Full,S025@corridor@inactive:i102:nsga2:s1070000:r0:PR1_HT1_EC1:5ea31455e620,2e814cd9fcac3903c94a188170ea145cdf0012758210e24bec0ee8270490ed48,14,5.903889914936996,3139.38988435757,-0.5759162303664922
S025,corridor,inactive,102,1070000,0,PR1_HT1_EC1,Full,S025@corridor@inactive:i102:nsga2:s1070000:r0:PR1_HT1_EC1:5ea31455e620,2e814cd9fcac3903c94a188170ea145cdf0012758210e24bec0ee8270490ed48,15,5.950388281666236,3100.060727975451,-0.5555555555555556
S025,corridor,inactive,102,1070000,0,PR1_HT1_EC1,Full,S025@corridor@inactive:i102:nsga2:s1070000:r0:PR1_HT1_EC1:5ea31455e620,2e814cd9fcac3903c94a188170ea145cdf0012758210e24bec0ee8270490ed48,16,6.136650285928104,2926.576544613943,-0.42735042735042733
S025,corridor,inactive,102,1070000,0,PR1_HT1_EC1,Full,S025@corridor@inactive:i102:nsga2:s1070000:r0:PR1_HT1_EC1:5ea31455e620,2e814cd9fcac3903c94a188170ea145cdf0012758210e24bec0ee8270490ed48,17,6.16129706530286,2885.304944717846,-0.4712041884816754
S025,corridor,inactive,102,1070000,0,PR1_HT1_EC1,Full,S025@corridor@inactive:i102:nsga2:s1070000:r0:PR1_HT1_EC1:5ea31455e620,2e814cd9fcac3903c94a188170ea145cdf0012758210e24bec0ee8270490ed48,18,6.183605873666641,2867.7653213926164,-0.4032258064516129
S025,corridor,inactive,102,1070000,0,PR1_HT1_EC1,Full,S025@corridor@inactive:i102:nsga2:s1070000:r0:PR1_HT1_EC1:5ea31455e620,2e814cd9fcac3903c94a188170ea145cdf0012758210e24bec0ee8270490ed48,19,6.188108260170005,2849.3354078395855,-0.42735042735042733
S025,corridor,inactive,102,1070000,0,PR1_HT1_EC1,Full,S025@corridor@inactive:i102:nsga2:s1070000:r0:PR1_HT1_EC1:5ea31455e620,2e814cd9fcac3903c94a188170ea145cdf0012758210e24bec0ee8270490ed48,20,6.216235048083722,2870.2402687705535,-0.4712041884816754
S025,corridor,inactive,102,1070000,0,PR1_HT1_EC1,Full,S025@corridor@inactive:i102:nsga2:s1070000:r0:PR1_HT1_EC1:5ea31455e620,2e814cd9fcac3903c94a188170ea145cdf0012758210e24bec0ee8270490ed48,21,6.240105590717552,2863.220631408768,-0.4712041884816754
S025,corridor,inactive,102,1070000,0,PR1_HT1_EC1,Full,S025@corridor@inactive:i102:nsga2:s1070000:r0:PR1_HT1_EC1:5ea31455e620,2e814cd9fcac3903c94a188170ea145cdf0012758210e24bec0ee8270490ed48,22,6.247220754374321,2860.961588677967,-0.4712041884816754
S025,corridor,inactive,102,1070000,0,PR1_HT1_EC1,Full,S025@corridor@inactive:i102:nsga2:s1070000:r0:PR1_HT1_EC1:5ea31455e620,2e814cd9fcac3903c94a188170ea145cdf0012758210e24bec0ee8270490ed48,23,6.508459341670265,2292.367817799694,-0.29914529914529914
S025,corridor,inactive,102,1070000,0,PR1_HT1_EC1,Full,S025@corridor@inactive:i102:nsga2:s1070000:r0:PR1_HT1_EC1:5ea31455e620,2e814cd9fcac3903c94a188170ea145cdf0012758210e24bec0ee8270490ed48,24,6.509870318094218,2273.5170909695184,-0.3629032258064516
S025,corridor,inactive,102,1070000,0,PR1_HT1_EC1,Full,S025@corridor@inactive:i102:nsga2:s1070000:r0:PR1_HT1_EC1:5ea31455e620,2e814cd9fcac3903c94a188170ea145cdf0012758210e24bec0ee8270490ed48,25,6.537558421884067,2352.964114138894,-0.4143646408839779
S025,corridor,inactive,102,1070000,0,PR1_HT1_EC1,Full,S025@corridor@inactive:i102:nsga2:s1070000:r0:PR1_HT1_EC1:5ea31455e620,2e814cd9fcac3903c94a188170ea145cdf0012758210e24bec0ee8270490ed48,26,6.556417512573782,2291.0567142947484,-0.39267015706806285
S025,corridor,inactive,102,1070000,0,PR1_HT1_EC1,Full,S025@corridor@inactive:i102:nsga2:s1070000:r0:PR1_HT1_EC1:5ea31455e620,2e814cd9fcac3903c94a188170ea145cdf0012758210e24bec0ee8270490ed48,27,6.762755129787318,1877.756720645652,-0.24193548387096775
S025,corridor,inactive,102,1070000,0,PR1_HT1_EC1,Full,S025@corridor@inactive:i102:nsga2:s1070000:r0:PR1_HT1_EC1:5ea31455e620,2e814cd9fcac3903c94a188170ea145cdf0012758210e24bec0ee8270490ed48,28,6.770896936374542,1905.7958260844514,-0.28225806451612906
S025,corridor,inactive,102,1070000,0,PR1_HT1_EC1,Full,S025@corridor@inactive:i102:nsga2:s1070000:r0:PR1_HT1_EC1:5ea31455e620,2e814cd9fcac3903c94a188170ea145cdf0012758210e24bec0ee8270490ed48,29,6.773533906523888,1876.6271992802517,-0.21367521367521367
S025,corridor,inactive,102,1070000,0,PR1_HT1_EC1,Full,S025@corridor@inactive:i102:nsga2:s1070000:r0:PR1_HT1_EC1:5ea31455e620,2e814cd9fcac3903c94a188170ea145cdf0012758210e24bec0ee8270490ed48,30,6.774338475453999,1925.1205225275542,-0.31413612565445026
S025,corridor,inactive,102,1070000,0,PR1_HT1_EC1,Full,S025@corridor@inactive:i102:nsga2:s1070000:r0:PR1_HT1_EC1:5ea31455e620,2e814cd9fcac3903c94a188170ea145cdf0012758210e24bec0ee8270490ed48,31,6.784855669744627,1876.6271992802517,-0.2617801047120419
S025,corridor,inactive,102,1070000,0,PR1_HT1_EC1,Full,S025@corridor@inactive:i102:nsga2:s1070000:r0:PR1_HT1_EC1:5ea31455e620,2e814cd9fcac3903c94a188170ea145cdf0012758210e24bec0ee8270490ed48,32,6.822819118066349,1887.4190688672031,-0.31413612565445026
S025,corridor,inactive,102,1070000,0,PR1_HT1_EC1,Full,S025@corridor@inactive:i102:nsga2:s1070000:r0:PR1_HT1_EC1:5ea31455e620,2e814cd9fcac3903c94a188170ea145cdf0012758210e24bec0ee8270490ed48,33,6.934484912008222,1850.8846612186805,-0.2564102564102564
S025,corridor,inactive,102,1070000,0,PR1_HT1_EC1,Full,S025@corridor@inactive:i102:nsga2:s1070000:r0:PR1_HT1_EC1:5ea31455e620,2e814cd9fcac3903c94a188170ea145cdf0012758210e24bec0ee8270490ed48,34,6.941346367879781,1850.8846612186808,-0.2617801047120419
S025,corridor,inactive,102,1070000,0,PR1_HT1_EC1,Full,S025@corridor@inactive:i102:nsga2:s1070000:r0:PR1_HT1_EC1:5ea31455e620,2e814cd9fcac3903c94a188170ea145cdf0012758210e24bec0ee8270490ed48,35,6.944844794472122,1841.6431262742742,-0.17094017094017094
S025,corridor,inactive,102,1070000,0,PR1_HT1_EC1,Full,S025@corridor@inactive:i102:nsga2:s1070000:r0:PR1_HT1_EC1:5ea31455e620,2e814cd9fcac3903c94a188170ea145cdf0012758210e24bec0ee8270490ed48,36,6.9480269103416665,1839.9842324493438,-0.2094240837696335
S025,corridor,inactive,102,1070000,0,PR1_HT1_EC1,Full,S025@corridor@inactive:i102:nsga2:s1070000:r0:PR1_HT1_EC1:5ea31455e620,2e814cd9fcac3903c94a188170ea145cdf0012758210e24bec0ee8270490ed48,37,6.957484841620203,1827.287158415237,-0.2094240837696335
S025,corridor,inactive,102,1070000,0,PR1_HT1_EC1,Full,S025@corridor@inactive:i102:nsga2:s1070000:r0:PR1_HT1_EC1:5ea31455e620,2e814cd9fcac3903c94a188170ea145cdf0012758210e24bec0ee8270490ed48,38,6.967558687670083,1809.4756514664994,-0.15706806282722513
S025,corridor,inactive,102,1070000,0,PR1_HT1_EC1,Full,S025@corridor@inactive:i102:nsga2:s1070000:r0:PR1_HT1_EC1:5ea31455e620,2e814cd9fcac3903c94a188170ea145cdf0012758210e24bec0ee8270490ed48,39,7.056556000361754,1569.6778738633654,-0.1282051282051282
S025,corridor,inactive,102,1070000,0,PR1_HT1_EC1,Full,S025@corridor@inactive:i102:nsga2:s1070000:r0:PR1_HT1_EC1:5ea31455e620,2e814cd9fcac3903c94a188170ea145cdf0012758210e24bec0ee8270490ed48,40,7.060177773835461,1564.5634409487348,-0.16129032258064516
S025,corridor,inactive,102,1070000,0,PR1_HT1_EC1,Full,S025@corridor@inactive:i102:nsga2:s1070000:r0:PR1_HT1_EC1:5ea31455e620,2e814cd9fcac3903c94a188170ea145cdf0012758210e24bec0ee8270490ed48,41,7.064883632643514,1586.5020499272482,-0.16574585635359115
S025,corridor,inactive,102,1070000,0,PR1_HT1_EC1,Full,S025@corridor@inactive:i102:nsga2:s1070000:r0:PR1_HT1_EC1:5ea31455e620,2e814cd9fcac3903c94a188170ea145cdf0012758210e24bec0ee8270490ed48,42,7.096258227839591,1559.4490080341043,-0.10471204188481675
S025,corridor,inactive,102,1070000,0,PR1_HT1_EC1,Full,S025@corridor@inactive:i102:nsga2:s1070000:r0:PR1_HT1_EC1:5ea31455e620,2e814cd9fcac3903c94a188170ea145cdf0012758210e24bec0ee8270490ed48,43,7.234783420530259,916.415996318924,-0.0
S025,corridor,inactive,102,1070000,0,PR1_HT1_EC1,Full,S025@corridor@inactive:i102:nsga2:s1070000:r0:PR1_HT1_EC1:5ea31455e620,2e814cd9fcac3903c94a188170ea145cdf0012758210e24bec0ee8270490ed48,44,7.23536069021565,868.3966426845489,-0.0
S025,corridor,inactive,102,1070000,0,PR1_HT1_EC1,Full,S025@corridor@inactive:i102:nsga2:s1070000:r0:PR1_HT1_EC1:5ea31455e620,2e814cd9fcac3903c94a188170ea145cdf0012758210e24bec0ee8270490ed48,45,7.239198464605875,859.8638158283977,-0.0
S025,corridor,inactive,102,1070000,0,PR1_HT1_EC1,Full,S025@corridor@inactive:i102:nsga2:s1070000:r0:PR1_HT1_EC1:5ea31455e620,2e814cd9fcac3903c94a188170ea145cdf0012758210e24bec0ee8270490ed48,46,7.241614445141227,851.6025974786835,-0.0
S025,corridor,inactive,102,1070000,0,PR1_HT1_EC1,Full,S025@corridor@inactive:i102:nsga2:s1070000:r0:PR1_HT1_EC1:5ea31455e620,2e814cd9fcac3903c94a188170ea145cdf0012758210e24bec0ee8270490ed48,47,7.248167525088803,833.8813920139082,-0.0
S025,corridor,inactive,102,1070000,0,PR1_HT1_EC1,Full,S025@corridor@inactive:i102:nsga2:s1070000:r0:PR1_HT1_EC1:5ea31455e620,2e814cd9fcac3903c94a188170ea145cdf0012758210e24bec0ee8270490ed48,48,7.273481869812727,744.1091496740238,-0.0
S025,corridor,inactive,102,1070000,0,PR1_HT1_EC1,Full,S025@corridor@inactive:i102:nsga2:s1070000:r0:PR1_HT1_EC1:5ea31455e620,2e814cd9fcac3903c94a188170ea145cdf0012758210e24bec0ee8270490ed48,49,7.299694189603029,497.23063206382767,-0.0
S025,corridor,inactive,102,1070001,1,PR0_HT1_EC1,No-PR,S025@corridor@inactive:i102:nsga2:s1070001:r1:PR0_HT1_EC1:058a193aaa0a,2e814cd9fcac3903c94a188170ea145cdf0012758210e24bec0ee8270490ed48,0,4.390306411130979,4093.0598151529225,-0.8755301794452158
S025,corridor,inactive,102,1070001,1,PR0_HT1_EC1,No-PR,S025@corridor@inactive:i102:nsga2:s1070001:r1:PR0_HT1_EC1:058a193aaa0a,2e814cd9fcac3903c94a188170ea145cdf0012758210e24bec0ee8270490ed48,1,5.184052788449702,3368.1875074483582,-0.7661290322580645
S025,corridor,inactive,102,1070001,1,PR0_HT1_EC1,No-PR,S025@corridor@inactive:i102:nsga2:s1070001:r1:PR0_HT1_EC1:058a193aaa0a,2e814cd9fcac3903c94a188170ea145cdf0012758210e24bec0ee8270490ed48,2,5.190415718365358,3445.4862932207698,-0.7853403141361257
S025,corridor,inactive,102,1070001,1,PR0_HT1_EC1,No-PR,S025@corridor@inactive:i102:nsga2:s1070001:r1:PR0_HT1_EC1:058a193aaa0a,2e814cd9fcac3903c94a188170ea145cdf0012758210e24bec0ee8270490ed48,3,6.259273794908312,2879.73606722791,-0.4032258064516129
S025,corridor,inactive,102,1070001,1,PR0_HT1_EC1,No-PR,S025@corridor@inactive:i102:nsga2:s1070001:r1:PR0_HT1_EC1:058a193aaa0a,2e814cd9fcac3903c94a188170ea145cdf0012758210e24bec0ee8270490ed48,4,6.770896936374542,1905.7958260844514,-0.28225806451612906
S025,corridor,inactive,102,1070001,1,PR0_HT1_EC1,No-PR,S025@corridor@inactive:i102:nsga2:s1070001:r1:PR0_HT1_EC1:058a193aaa0a,2e814cd9fcac3903c94a188170ea145cdf0012758210e24bec0ee8270490ed48,5,6.957484841620203,1827.287158415237,-0.2094240837696335
S025,corridor,inactive,102,1070001,1,PR0_HT1_EC1,No-PR,S025@corridor@inactive:i102:nsga2:s1070001:r1:PR0_HT1_EC1:058a193aaa0a,2e814cd9fcac3903c94a188170ea145cdf0012758210e24bec0ee8270490ed48,6,7.299694189603029,497.23063206382767,-0.0
S025,corridor,inactive,102,1070001,1,PR1_HT0_EC1,No-HT,S025@corridor@inactive:i102:nsga2:s1070001:r1:PR1_HT0_EC1:2dd37455a867,2e814cd9fcac3903c94a188170ea145cdf0012758210e24bec0ee8270490ed48,0,4.390306411130979,4093.0598151529225,-0.8755301794452158
S025,corridor,inactive,102,1070001,1,PR1_HT0_EC1,No-HT,S025@corridor@inactive:i102:nsga2:s1070001:r1:PR1_HT0_EC1:2dd37455a867,2e814cd9fcac3903c94a188170ea145cdf0012758210e24bec0ee8270490ed48,1,5.184052788449702,3366.0483612146886,-0.7661290322580645
S025,corridor,inactive,102,1070001,1,PR1_HT0_EC1,No-HT,S025@corridor@inactive:i102:nsga2:s1070001:r1:PR1_HT0_EC1:2dd37455a867,2e814cd9fcac3903c94a188170ea145cdf0012758210e24bec0ee8270490ed48,2,5.868847354243383,3114.476355525128,-0.5645161290322581
S025,corridor,inactive,102,1070001,1,PR1_HT0_EC1,No-HT,S025@corridor@inactive:i102:nsga2:s1070001:r1:PR1_HT0_EC1:2dd37455a867,2e814cd9fcac3903c94a188170ea145cdf0012758210e24bec0ee8270490ed48,3,6.579577978045817,2281.394366073197,-0.3225806451612903
S025,corridor,inactive,102,1070001,1,PR1_HT0_EC1,No-HT,S025@corridor@inactive:i102:nsga2:s1070001:r1:PR1_HT0_EC1:2dd37455a867,2e814cd9fcac3903c94a188170ea145cdf0012758210e24bec0ee8270490ed48,4,6.770896936374542,1905.7958260844514,-0.28225806451612906
S025,corridor,inactive,102,1070001,1,PR1_HT0_EC1,No-HT,S025@corridor@inactive:i102:nsga2:s1070001:r1:PR1_HT0_EC1:2dd37455a867,2e814cd9fcac3903c94a188170ea145cdf0012758210e24bec0ee8270490ed48,5,7.060946263450385,1599.199123961355,-0.12096774193548387
S025,corridor,inactive,102,1070001,1,PR1_HT0_EC1,No-HT,S025@corridor@inactive:i102:nsga2:s1070001:r1:PR1_HT0_EC1:2dd37455a867,2e814cd9fcac3903c94a188170ea145cdf0012758210e24bec0ee8270490ed48,6,7.235980720618634,919.9861425546703,-0.0
S025,corridor,inactive,102,1070001,1,PR1_HT0_EC1,No-HT,S025@corridor@inactive:i102:nsga2:s1070001:r1:PR1_HT0_EC1:2dd37455a867,2e814cd9fcac3903c94a188170ea145cdf0012758210e24bec0ee8270490ed48,7,7.299694189603029,497.23063206382767,-0.0
S025,corridor,inactive,102,1070001,1,PR1_HT1_EC0,No-EC,S025@corridor@inactive:i102:nsga2:s1070001:r1:PR1_HT1_EC0:a0d4a79acbb1,2e814cd9fcac3903c94a188170ea145cdf0012758210e24bec0ee8270490ed48,0,4.211523217373897,4285.524384253617,-0.8755301794451508
S025,corridor,inactive,102,1070001,1,PR1_HT1_EC0,No-EC,S025@corridor@inactive:i102:nsga2:s1070001:r1:PR1_HT1_EC0:a0d4a79acbb1,2e814cd9fcac3903c94a188170ea145cdf0012758210e24bec0ee8270490ed48,1,4.241883126193066,4175.098120591132,-0.8755301794452233
S025,corridor,inactive,102,1070001,1,PR1_HT1_EC0,No-EC,S025@corridor@inactive:i102:nsga2:s1070001:r1:PR1_HT1_EC0:a0d4a79acbb1,2e814cd9fcac3903c94a188170ea145cdf0012758210e24bec0ee8270490ed48,2,4.281711643099891,4123.217991937008,-0.8755301794452136
S025,corridor,inactive,102,1070001,1,PR1_HT1_EC0,No-EC,S025@corridor@inactive:i102:nsga2:s1070001:r1:PR1_HT1_EC0:a0d4a79acbb1,2e814cd9fcac3903c94a188170ea145cdf0012758210e24bec0ee8270490ed48,3,4.282981135461567,4064.0234156053266,-0.8755301794452158
S025,corridor,inactive,102,1070001,1,PR1_HT1_EC0,No-EC,S025@corridor@inactive:i102:nsga2:s1070001:r1:PR1_HT1_EC0:a0d4a79acbb1,2e814cd9fcac3903c94a188170ea145cdf0012758210e24bec0ee8270490ed48,4,5.184052788449702,3368.1875074483582,-0.7661290322580645
S025,corridor,inactive,102,1070001,1,PR1_HT1_EC0,No-EC,S025@corridor@inactive:i102:nsga2:s1070001:r1:PR1_HT1_EC0:a0d4a79acbb1,2e814cd9fcac3903c94a188170ea145cdf0012758210e24bec0ee8270490ed48,5,5.190415718365358,3443.3471469871,-0.7853403141361257
S025,corridor,inactive,102,1070001,1,PR1_HT1_EC0,No-EC,S025@corridor@inactive:i102:nsga2:s1070001:r1:PR1_HT1_EC0:a0d4a79acbb1,2e814cd9fcac3903c94a188170ea145cdf0012758210e24bec0ee8270490ed48,6,5.216153165520179,3357.544908812661,-0.6837606837606838
S025,corridor,inactive,102,1070001,1,PR1_HT1_EC0,No-EC,S025@corridor@inactive:i102:nsga2:s1070001:r1:PR1_HT1_EC0:a0d4a79acbb1,2e814cd9fcac3903c94a188170ea145cdf0012758210e24bec0ee8270490ed48,7,5.264158824522969,3356.2954909501304,-0.6451612903225806
S025,corridor,inactive,102,1070001,1,PR1_HT1_EC0,No-EC,S025@corridor@inactive:i102:nsga2:s1070001:r1:PR1_HT1_EC0:a0d4a79acbb1,2e814cd9fcac3903c94a188170ea145cdf0012758210e24bec0ee8270490ed48,8,5.2761100844332045,3327.600833758858,-0.6410256410256411
S025,corridor,inactive,102,1070001,1,PR1_HT1_EC0,No-EC,S025@corridor@inactive:i102:nsga2:s1070001:r1:PR1_HT1_EC0:a0d4a79acbb1,2e814cd9fcac3903c94a188170ea145cdf0012758210e24bec0ee8270490ed48,9,5.2798583583346925,3325.3417910280573,-0.6451612903225806
S025,corridor,inactive,102,1070001,1,PR1_HT1_EC0,No-EC,S025@corridor@inactive:i102:nsga2:s1070001:r1:PR1_HT1_EC0:a0d4a79acbb1,2e814cd9fcac3903c94a188170ea145cdf0012758210e24bec0ee8270490ed48,10,5.834563059641514,3139.9195874972784,-0.6048387096774194
S025,corridor,inactive,102,1070001,1,PR1_HT1_EC0,No-EC,S025@corridor@inactive:i102:nsga2:s1070001:r1:PR1_HT1_EC0:a0d4a79acbb1,2e814cd9fcac3903c94a188170ea145cdf0012758210e24bec0ee8270490ed48,11,5.8403151566972875,3226.055394651502,-0.6282722513089005
S025,corridor,inactive,102,1070001,1,PR1_HT1_EC0,No-EC,S025@corridor@inactive:i102:nsga2:s1070001:r1:PR1_HT1_EC0:a0d4a79acbb1,2e814cd9fcac3903c94a188170ea145cdf0012758210e24bec0ee8270490ed48,12,5.847946284921231,3061.6156675894854,-0.5241935483870968
S025,corridor,inactive,102,1070001,1,PR1_HT1_EC0,No-EC,S025@corridor@inactive:i102:nsga2:s1070001:r1:PR1_HT1_EC0:a0d4a79acbb1,2e814cd9fcac3903c94a188170ea145cdf0012758210e24bec0ee8270490ed48,13,5.868847354243383,3114.476355525128,-0.5645161290322581
S025,corridor,inactive,102,1070001,1,PR1_HT1_EC0,No-EC,S025@corridor@inactive:i102:nsga2:s1070001:r1:PR1_HT1_EC0:a0d4a79acbb1,2e814cd9fcac3903c94a188170ea145cdf0012758210e24bec0ee8270490ed48,14,6.128653478432058,2993.4659637434133,-0.4972375690607735
S025,corridor,inactive,102,1070001,1,PR1_HT1_EC0,No-EC,S025@corridor@inactive:i102:nsga2:s1070001:r1:PR1_HT1_EC0:a0d4a79acbb1,2e814cd9fcac3903c94a188170ea145cdf0012758210e24bec0ee8270490ed48,15,6.136650285928104,2926.576544613943,-0.42735042735042733
S025,corridor,inactive,102,1070001,1,PR1_HT1_EC0,No-EC,S025@corridor@inactive:i102:nsga2:s1070001:r1:PR1_HT1_EC0:a0d4a79acbb1,2e814cd9fcac3903c94a188170ea145cdf0012758210e24bec0ee8270490ed48,16,6.15490016541864,2897.3547614739614,-0.4435483870967742
S025,corridor,inactive,102,1070001,1,PR1_HT1_EC0,No-EC,S025@corridor@inactive:i102:nsga2:s1070001:r1:PR1_HT1_EC0:a0d4a79acbb1,2e814cd9fcac3903c94a188170ea145cdf0012758210e24bec0ee8270490ed48,17,6.183605873666641,2867.7653213926164,-0.4032258064516129
S025,corridor,inactive,102,1070001,1,PR1_HT1_EC0,No-EC,S025@corridor@inactive:i102:nsga2:s1070001:r1:PR1_HT1_EC0:a0d4a79acbb1,2e814cd9fcac3903c94a188170ea145cdf0012758210e24bec0ee8270490ed48,18,6.216235048083722,2944.652329376695,-0.4712041884816754
S025,corridor,inactive,102,1070001,1,PR1_HT1_EC0,No-EC,S025@corridor@inactive:i102:nsga2:s1070001:r1:PR1_HT1_EC0:a0d4a79acbb1,2e814cd9fcac3903c94a188170ea145cdf0012758210e24bec0ee8270490ed48,19,6.247220754374321,2931.955255342588,-0.4712041884816754
S025,corridor,inactive,102,1070001,1,PR1_HT1_EC0,No-EC,S025@corridor@inactive:i102:nsga2:s1070001:r1:PR1_HT1_EC0:a0d4a79acbb1,2e814cd9fcac3903c94a188170ea145cdf0012758210e24bec0ee8270490ed48,20,6.495353181775114,2274.6466123349187,-0.38461538461538464
S025,corridor,inactive,102,1070001,1,PR1_HT1_EC0,No-EC,S025@corridor@inactive:i102:nsga2:s1070001:r1:PR1_HT1_EC0:a0d4a79acbb1,2e814cd9fcac3903c94a188170ea145cdf0012758210e24bec0ee8270490ed48,21,6.509870318094218,2273.5170909695184,-0.3629032258064516
S025,corridor,inactive,102,1070001,1,PR1_HT1_EC0,No-EC,S025@corridor@inactive:i102:nsga2:s1070001:r1:PR1_HT1_EC0:a0d4a79acbb1,2e814cd9fcac3903c94a188170ea145cdf0012758210e24bec0ee8270490ed48,22,6.546729394708111,2447.0287695366123,-0.4143646408839779
S025,corridor,inactive,102,1070001,1,PR1_HT1_EC0,No-EC,S025@corridor@inactive:i102:nsga2:s1070001:r1:PR1_HT1_EC0:a0d4a79acbb1,2e814cd9fcac3903c94a188170ea145cdf0012758210e24bec0ee8270490ed48,23,6.762755129787318,1877.756720645652,-0.24193548387096775
S025,corridor,inactive,102,1070001,1,PR1_HT1_EC0,No-EC,S025@corridor@inactive:i102:nsga2:s1070001:r1:PR1_HT1_EC0:a0d4a79acbb1,2e814cd9fcac3903c94a188170ea145cdf0012758210e24bec0ee8270490ed48,24,6.766003359969503,1898.3925205937005,-0.2564102564102564
S025,corridor,inactive,102,1070001,1,PR1_HT1_EC0,No-EC,S025@corridor@inactive:i102:nsga2:s1070001:r1:PR1_HT1_EC0:a0d4a79acbb1,2e814cd9fcac3903c94a188170ea145cdf0012758210e24bec0ee8270490ed48,25,6.770896936374542,1905.7958260844514,-0.28225806451612906
S025,corridor,inactive,102,1070001,1,PR1_HT1_EC0,No-EC,S025@corridor@inactive:i102:nsga2:s1070001:r1:PR1_HT1_EC0:a0d4a79acbb1,2e814cd9fcac3903c94a188170ea145cdf0012758210e24bec0ee8270490ed48,26,6.773533906523888,1876.6271992802517,-0.21367521367521367
S025,corridor,inactive,102,1070001,1,PR1_HT1_EC0,No-EC,S025@corridor@inactive:i102:nsga2:s1070001:r1:PR1_HT1_EC0:a0d4a79acbb1,2e814cd9fcac3903c94a188170ea145cdf0012758210e24bec0ee8270490ed48,27,6.774338475453999,1925.1205225275542,-0.31413612565445026
S025,corridor,inactive,102,1070001,1,PR1_HT1_EC0,No-EC,S025@corridor@inactive:i102:nsga2:s1070001:r1:PR1_HT1_EC0:a0d4a79acbb1,2e814cd9fcac3903c94a188170ea145cdf0012758210e24bec0ee8270490ed48,28,6.784855669744627,1876.6271992802517,-0.2617801047120419
S025,corridor,inactive,102,1070001,1,PR1_HT1_EC0,No-EC,S025@corridor@inactive:i102:nsga2:s1070001:r1:PR1_HT1_EC0:a0d4a79acbb1,2e814cd9fcac3903c94a188170ea145cdf0012758210e24bec0ee8270490ed48,29,6.933130450588063,1888.7934179680049,-0.27624309392265195
S025,corridor,inactive,102,1070001,1,PR1_HT1_EC0,No-EC,S025@corridor@inactive:i102:nsga2:s1070001:r1:PR1_HT1_EC0:a0d4a79acbb1,2e814cd9fcac3903c94a188170ea145cdf0012758210e24bec0ee8270490ed48,30,6.9397489097892135,1862.7277069597153,-0.22099447513812154
S025,corridor,inactive,102,1070001,1,PR1_HT1_EC0,No-EC,S025@corridor@inactive:i102:nsga2:s1070001:r1:PR1_HT1_EC0:a0d4a79acbb1,2e814cd9fcac3903c94a188170ea145cdf0012758210e24bec0ee8270490ed48,31,6.959342770378365,1839.8017670963472,-0.16574585635359115
S025,corridor,inactive,102,1070001,1,PR1_HT1_EC0,No-EC,S025@corridor@inactive:i102:nsga2:s1070001:r1:PR1_HT1_EC0:a0d4a79acbb1,2e814cd9fcac3903c94a188170ea145cdf0012758210e24bec0ee8270490ed48,32,6.965338827456287,1829.933383125022,-0.08547008547008547
S025,corridor,inactive,102,1070001,1,PR1_HT1_EC0,No-EC,S025@corridor@inactive:i102:nsga2:s1070001:r1:PR1_HT1_EC0:a0d4a79acbb1,2e814cd9fcac3903c94a188170ea145cdf0012758210e24bec0ee8270490ed48,33,7.060177773835461,1564.5634409487348,-0.16129032258064516
S025,corridor,inactive,102,1070001,1,PR1_HT1_EC0,No-EC,S025@corridor@inactive:i102:nsga2:s1070001:r1:PR1_HT1_EC0:a0d4a79acbb1,2e814cd9fcac3903c94a188170ea145cdf0012758210e24bec0ee8270490ed48,34,7.0641065408932615,1658.6280963464533,-0.17094017094017094
S025,corridor,inactive,102,1070001,1,PR1_HT1_EC0,No-EC,S025@corridor@inactive:i102:nsga2:s1070001:r1:PR1_HT1_EC0:a0d4a79acbb1,2e814cd9fcac3903c94a188170ea145cdf0012758210e24bec0ee8270490ed48,35,7.085193892201905,1562.9045471238046,-0.10471204188481675
S025,corridor,inactive,102,1070001,1,PR1_HT1_EC0,No-EC,S025@corridor@inactive:i102:nsga2:s1070001:r1:PR1_HT1_EC0:a0d4a79acbb1,2e814cd9fcac3903c94a188170ea145cdf0012758210e24bec0ee8270490ed48,36,7.234783420530259,927.9534440252401,-0.0
S025,corridor,inactive,102,1070001,1,PR1_HT1_EC0,No-EC,S025@corridor@inactive:i102:nsga2:s1070001:r1:PR1_HT1_EC0:a0d4a79acbb1,2e814cd9fcac3903c94a188170ea145cdf0012758210e24bec0ee8270490ed48,37,7.235980720618634,893.8221366006355,-0.0
S025,corridor,inactive,102,1070001,1,PR1_HT1_EC0,No-EC,S025@corridor@inactive:i102:nsga2:s1070001:r1:PR1_HT1_EC0:a0d4a79acbb1,2e814cd9fcac3903c94a188170ea145cdf0012758210e24bec0ee8270490ed48,38,7.239198464605875,871.4012635347137,-0.0
S025,corridor,inactive,102,1070001,1,PR1_HT1_EC0,No-EC,S025@corridor@inactive:i102:nsga2:s1070001:r1:PR1_HT1_EC0:a0d4a79acbb1,2e814cd9fcac3903c94a188170ea145cdf0012758210e24bec0ee8270490ed48,39,7.246970225000428,868.0126994385129,-0.0
S025,corridor,inactive,102,1070001,1,PR1_HT1_EC0,No-EC,S025@corridor@inactive:i102:nsga2:s1070001:r1:PR1_HT1_EC0:a0d4a79acbb1,2e814cd9fcac3903c94a188170ea145cdf0012758210e24bec0ee8270490ed48,40,7.273481869812727,744.1091496740238,-0.0
S025,corridor,inactive,102,1070001,1,PR1_HT1_EC0,No-EC,S025@corridor@inactive:i102:nsga2:s1070001:r1:PR1_HT1_EC0:a0d4a79acbb1,2e814cd9fcac3903c94a188170ea145cdf0012758210e24bec0ee8270490ed48,41,7.299694189603029,497.23063206382767,-0.0
S025,corridor,inactive,102,1070001,1,PR1_HT1_EC1,Full,S025@corridor@inactive:i102:nsga2:s1070001:r1:PR1_HT1_EC1:92d9f9fb0c34,2e814cd9fcac3903c94a188170ea145cdf0012758210e24bec0ee8270490ed48,0,4.211523217373897,4285.524384253617,-0.8755301794451508
S025,corridor,inactive,102,1070001,1,PR1_HT1_EC1,Full,S025@corridor@inactive:i102:nsga2:s1070001:r1:PR1_HT1_EC1:92d9f9fb0c34,2e814cd9fcac3903c94a188170ea145cdf0012758210e24bec0ee8270490ed48,1,4.241883126193066,4175.098120591132,-0.8755301794452233
S025,corridor,inactive,102,1070001,1,PR1_HT1_EC1,Full,S025@corridor@inactive:i102:nsga2:s1070001:r1:PR1_HT1_EC1:92d9f9fb0c34,2e814cd9fcac3903c94a188170ea145cdf0012758210e24bec0ee8270490ed48,2,4.281711643099891,4123.217991937008,-0.8755301794452136
S025,corridor,inactive,102,1070001,1,PR1_HT1_EC1,Full,S025@corridor@inactive:i102:nsga2:s1070001:r1:PR1_HT1_EC1:92d9f9fb0c34,2e814cd9fcac3903c94a188170ea145cdf0012758210e24bec0ee8270490ed48,3,4.282981135461567,4064.0234156053266,-0.8755301794452158
S025,corridor,inactive,102,1070001,1,PR1_HT1_EC1,Full,S025@corridor@inactive:i102:nsga2:s1070001:r1:PR1_HT1_EC1:92d9f9fb0c34,2e814cd9fcac3903c94a188170ea145cdf0012758210e24bec0ee8270490ed48,4,5.184052788449702,3368.1875074483582,-0.7661290322580645
S025,corridor,inactive,102,1070001,1,PR1_HT1_EC1,Full,S025@corridor@inactive:i102:nsga2:s1070001:r1:PR1_HT1_EC1:92d9f9fb0c34,2e814cd9fcac3903c94a188170ea145cdf0012758210e24bec0ee8270490ed48,5,5.190415718365358,3443.3471469871,-0.7853403141361257
S025,corridor,inactive,102,1070001,1,PR1_HT1_EC1,Full,S025@corridor@inactive:i102:nsga2:s1070001:r1:PR1_HT1_EC1:92d9f9fb0c34,2e814cd9fcac3903c94a188170ea145cdf0012758210e24bec0ee8270490ed48,6,5.216153165520179,3357.544908812661,-0.6837606837606838
S025,corridor,inactive,102,1070001,1,PR1_HT1_EC1,Full,S025@corridor@inactive:i102:nsga2:s1070001:r1:PR1_HT1_EC1:92d9f9fb0c34,2e814cd9fcac3903c94a188170ea145cdf0012758210e24bec0ee8270490ed48,7,5.264158824522969,3356.2954909501304,-0.6451612903225806
S025,corridor,inactive,102,1070001,1,PR1_HT1_EC1,Full,S025@corridor@inactive:i102:nsga2:s1070001:r1:PR1_HT1_EC1:92d9f9fb0c34,2e814cd9fcac3903c94a188170ea145cdf0012758210e24bec0ee8270490ed48,8,5.2761100844332045,3327.600833758858,-0.6410256410256411
S025,corridor,inactive,102,1070001,1,PR1_HT1_EC1,Full,S025@corridor@inactive:i102:nsga2:s1070001:r1:PR1_HT1_EC1:92d9f9fb0c34,2e814cd9fcac3903c94a188170ea145cdf0012758210e24bec0ee8270490ed48,9,5.2798583583346925,3325.3417910280573,-0.6451612903225806
S025,corridor,inactive,102,1070001,1,PR1_HT1_EC1,Full,S025@corridor@inactive:i102:nsga2:s1070001:r1:PR1_HT1_EC1:92d9f9fb0c34,2e814cd9fcac3903c94a188170ea145cdf0012758210e24bec0ee8270490ed48,10,5.834563059641514,3139.9195874972784,-0.6048387096774194
S025,corridor,inactive,102,1070001,1,PR1_HT1_EC1,Full,S025@corridor@inactive:i102:nsga2:s1070001:r1:PR1_HT1_EC1:92d9f9fb0c34,2e814cd9fcac3903c94a188170ea145cdf0012758210e24bec0ee8270490ed48,11,5.8403151566972875,3226.055394651502,-0.6282722513089005
S025,corridor,inactive,102,1070001,1,PR1_HT1_EC1,Full,S025@corridor@inactive:i102:nsga2:s1070001:r1:PR1_HT1_EC1:92d9f9fb0c34,2e814cd9fcac3903c94a188170ea145cdf0012758210e24bec0ee8270490ed48,12,5.847946284921231,3061.6156675894854,-0.5241935483870968
S025,corridor,inactive,102,1070001,1,PR1_HT1_EC1,Full,S025@corridor@inactive:i102:nsga2:s1070001:r1:PR1_HT1_EC1:92d9f9fb0c34,2e814cd9fcac3903c94a188170ea145cdf0012758210e24bec0ee8270490ed48,13,5.868847354243383,3114.476355525128,-0.5645161290322581
S025,corridor,inactive,102,1070001,1,PR1_HT1_EC1,Full,S025@corridor@inactive:i102:nsga2:s1070001:r1:PR1_HT1_EC1:92d9f9fb0c34,2e814cd9fcac3903c94a188170ea145cdf0012758210e24bec0ee8270490ed48,14,6.128653478432058,2993.4659637434133,-0.4972375690607735
S025,corridor,inactive,102,1070001,1,PR1_HT1_EC1,Full,S025@corridor@inactive:i102:nsga2:s1070001:r1:PR1_HT1_EC1:92d9f9fb0c34,2e814cd9fcac3903c94a188170ea145cdf0012758210e24bec0ee8270490ed48,15,6.136650285928104,2926.576544613943,-0.42735042735042733
S025,corridor,inactive,102,1070001,1,PR1_HT1_EC1,Full,S025@corridor@inactive:i102:nsga2:s1070001:r1:PR1_HT1_EC1:92d9f9fb0c34,2e814cd9fcac3903c94a188170ea145cdf0012758210e24bec0ee8270490ed48,16,6.15490016541864,2897.3547614739614,-0.4435483870967742
S025,corridor,inactive,102,1070001,1,PR1_HT1_EC1,Full,S025@corridor@inactive:i102:nsga2:s1070001:r1:PR1_HT1_EC1:92d9f9fb0c34,2e814cd9fcac3903c94a188170ea145cdf0012758210e24bec0ee8270490ed48,17,6.183605873666641,2867.7653213926164,-0.4032258064516129
S025,corridor,inactive,102,1070001,1,PR1_HT1_EC1,Full,S025@corridor@inactive:i102:nsga2:s1070001:r1:PR1_HT1_EC1:92d9f9fb0c34,2e814cd9fcac3903c94a188170ea145cdf0012758210e24bec0ee8270490ed48,18,6.216235048083722,2944.652329376695,-0.4712041884816754
S025,corridor,inactive,102,1070001,1,PR1_HT1_EC1,Full,S025@corridor@inactive:i102:nsga2:s1070001:r1:PR1_HT1_EC1:92d9f9fb0c34,2e814cd9fcac3903c94a188170ea145cdf0012758210e24bec0ee8270490ed48,19,6.247220754374321,2931.955255342588,-0.4712041884816754
S025,corridor,inactive,102,1070001,1,PR1_HT1_EC1,Full,S025@corridor@inactive:i102:nsga2:s1070001:r1:PR1_HT1_EC1:92d9f9fb0c34,2e814cd9fcac3903c94a188170ea145cdf0012758210e24bec0ee8270490ed48,20,6.495353181775114,2274.6466123349187,-0.38461538461538464
S025,corridor,inactive,102,1070001,1,PR1_HT1_EC1,Full,S025@corridor@inactive:i102:nsga2:s1070001:r1:PR1_HT1_EC1:92d9f9fb0c34,2e814cd9fcac3903c94a188170ea145cdf0012758210e24bec0ee8270490ed48,21,6.509870318094218,2273.5170909695184,-0.3629032258064516
S025,corridor,inactive,102,1070001,1,PR1_HT1_EC1,Full,S025@corridor@inactive:i102:nsga2:s1070001:r1:PR1_HT1_EC1:92d9f9fb0c34,2e814cd9fcac3903c94a188170ea145cdf0012758210e24bec0ee8270490ed48,22,6.546729394708111,2447.0287695366123,-0.4143646408839779
S025,corridor,inactive,102,1070001,1,PR1_HT1_EC1,Full,S025@corridor@inactive:i102:nsga2:s1070001:r1:PR1_HT1_EC1:92d9f9fb0c34,2e814cd9fcac3903c94a188170ea145cdf0012758210e24bec0ee8270490ed48,23,6.762755129787318,1877.756720645652,-0.24193548387096775
S025,corridor,inactive,102,1070001,1,PR1_HT1_EC1,Full,S025@corridor@inactive:i102:nsga2:s1070001:r1:PR1_HT1_EC1:92d9f9fb0c34,2e814cd9fcac3903c94a188170ea145cdf0012758210e24bec0ee8270490ed48,24,6.766003359969503,1898.3925205937005,-0.2564102564102564
S025,corridor,inactive,102,1070001,1,PR1_HT1_EC1,Full,S025@corridor@inactive:i102:nsga2:s1070001:r1:PR1_HT1_EC1:92d9f9fb0c34,2e814cd9fcac3903c94a188170ea145cdf0012758210e24bec0ee8270490ed48,25,6.770896936374542,1905.7958260844514,-0.28225806451612906
S025,corridor,inactive,102,1070001,1,PR1_HT1_EC1,Full,S025@corridor@inactive:i102:nsga2:s1070001:r1:PR1_HT1_EC1:92d9f9fb0c34,2e814cd9fcac3903c94a188170ea145cdf0012758210e24bec0ee8270490ed48,26,6.773533906523888,1876.6271992802517,-0.21367521367521367
S025,corridor,inactive,102,1070001,1,PR1_HT1_EC1,Full,S025@corridor@inactive:i102:nsga2:s1070001:r1:PR1_HT1_EC1:92d9f9fb0c34,2e814cd9fcac3903c94a188170ea145cdf0012758210e24bec0ee8270490ed48,27,6.774338475453999,1925.1205225275542,-0.31413612565445026
S025,corridor,inactive,102,1070001,1,PR1_HT1_EC1,Full,S025@corridor@inactive:i102:nsga2:s1070001:r1:PR1_HT1_EC1:92d9f9fb0c34,2e814cd9fcac3903c94a188170ea145cdf0012758210e24bec0ee8270490ed48,28,6.784855669744627,1876.6271992802517,-0.2617801047120419
S025,corridor,inactive,102,1070001,1,PR1_HT1_EC1,Full,S025@corridor@inactive:i102:nsga2:s1070001:r1:PR1_HT1_EC1:92d9f9fb0c34,2e814cd9fcac3903c94a188170ea145cdf0012758210e24bec0ee8270490ed48,29,6.933130450588063,1888.7934179680049,-0.27624309392265195
S025,corridor,inactive,102,1070001,1,PR1_HT1_EC1,Full,S025@corridor@inactive:i102:nsga2:s1070001:r1:PR1_HT1_EC1:92d9f9fb0c34,2e814cd9fcac3903c94a188170ea145cdf0012758210e24bec0ee8270490ed48,30,6.9397489097892135,1862.7277069597153,-0.22099447513812154
S025,corridor,inactive,102,1070001,1,PR1_HT1_EC1,Full,S025@corridor@inactive:i102:nsga2:s1070001:r1:PR1_HT1_EC1:92d9f9fb0c34,2e814cd9fcac3903c94a188170ea145cdf0012758210e24bec0ee8270490ed48,31,6.959342770378365,1839.8017670963472,-0.16574585635359115
S025,corridor,inactive,102,1070001,1,PR1_HT1_EC1,Full,S025@corridor@inactive:i102:nsga2:s1070001:r1:PR1_HT1_EC1:92d9f9fb0c34,2e814cd9fcac3903c94a188170ea145cdf0012758210e24bec0ee8270490ed48,32,6.965338827456287,1829.933383125022,-0.08547008547008547
S025,corridor,inactive,102,1070001,1,PR1_HT1_EC1,Full,S025@corridor@inactive:i102:nsga2:s1070001:r1:PR1_HT1_EC1:92d9f9fb0c34,2e814cd9fcac3903c94a188170ea145cdf0012758210e24bec0ee8270490ed48,33,7.060177773835461,1564.5634409487348,-0.16129032258064516
S025,corridor,inactive,102,1070001,1,PR1_HT1_EC1,Full,S025@corridor@inactive:i102:nsga2:s1070001:r1:PR1_HT1_EC1:92d9f9fb0c34,2e814cd9fcac3903c94a188170ea145cdf0012758210e24bec0ee8270490ed48,34,7.0641065408932615,1658.6280963464533,-0.17094017094017094
S025,corridor,inactive,102,1070001,1,PR1_HT1_EC1,Full,S025@corridor@inactive:i102:nsga2:s1070001:r1:PR1_HT1_EC1:92d9f9fb0c34,2e814cd9fcac3903c94a188170ea145cdf0012758210e24bec0ee8270490ed48,35,7.085193892201905,1562.9045471238046,-0.10471204188481675
S025,corridor,inactive,102,1070001,1,PR1_HT1_EC1,Full,S025@corridor@inactive:i102:nsga2:s1070001:r1:PR1_HT1_EC1:92d9f9fb0c34,2e814cd9fcac3903c94a188170ea145cdf0012758210e24bec0ee8270490ed48,36,7.234783420530259,927.9534440252401,-0.0
S025,corridor,inactive,102,1070001,1,PR1_HT1_EC1,Full,S025@corridor@inactive:i102:nsga2:s1070001:r1:PR1_HT1_EC1:92d9f9fb0c34,2e814cd9fcac3903c94a188170ea145cdf0012758210e24bec0ee8270490ed48,37,7.235980720618634,893.8221366006355,-0.0
S025,corridor,inactive,102,1070001,1,PR1_HT1_EC1,Full,S025@corridor@inactive:i102:nsga2:s1070001:r1:PR1_HT1_EC1:92d9f9fb0c34,2e814cd9fcac3903c94a188170ea145cdf0012758210e24bec0ee8270490ed48,38,7.239198464605875,871.4012635347137,-0.0
S025,corridor,inactive,102,1070001,1,PR1_HT1_EC1,Full,S025@corridor@inactive:i102:nsga2:s1070001:r1:PR1_HT1_EC1:92d9f9fb0c34,2e814cd9fcac3903c94a188170ea145cdf0012758210e24bec0ee8270490ed48,39,7.246970225000428,868.0126994385129,-0.0
S025,corridor,inactive,102,1070001,1,PR1_HT1_EC1,Full,S025@corridor@inactive:i102:nsga2:s1070001:r1:PR1_HT1_EC1:92d9f9fb0c34,2e814cd9fcac3903c94a188170ea145cdf0012758210e24bec0ee8270490ed48,40,7.273481869812727,744.1091496740238,-0.0
S025,corridor,inactive,102,1070001,1,PR1_HT1_EC1,Full,S025@corridor@inactive:i102:nsga2:s1070001:r1:PR1_HT1_EC1:92d9f9fb0c34,2e814cd9fcac3903c94a188170ea145cdf0012758210e24bec0ee8270490ed48,41,7.299694189603029,497.23063206382767,-0.0
S025,corridor,transition,101,1060000,0,PR0_HT1_EC1,No-PR,S025@corridor@transition:i101:nsga2:s1060000:r0:PR0_HT1_EC1:e4e07a86b37e,79c24d8b68c20dd6cc4f88b5fd4815d867fd618cb4ef402aacd5d34ea36f9c84,0,6.819450198209346,1242.6058387527426,-0.0
S025,corridor,transition,101,1060000,0,PR0_HT1_EC1,No-PR,S025@corridor@transition:i101:nsga2:s1060000:r0:PR0_HT1_EC1:e4e07a86b37e,79c24d8b68c20dd6cc4f88b5fd4815d867fd618cb4ef402aacd5d34ea36f9c84,1,6.827594983010299,1208.6559000851812,-0.0
S025,corridor,transition,101,1060000,0,PR0_HT1_EC1,No-PR,S025@corridor@transition:i101:nsga2:s1060000:r0:PR0_HT1_EC1:e4e07a86b37e,79c24d8b68c20dd6cc4f88b5fd4815d867fd618cb4ef402aacd5d34ea36f9c84,2,6.8374734024631865,1206.9257661145189,-0.0
S025,corridor,transition,101,1060000,0,PR0_HT1_EC1,No-PR,S025@corridor@transition:i101:nsga2:s1060000:r0:PR0_HT1_EC1:e4e07a86b37e,79c24d8b68c20dd6cc4f88b5fd4815d867fd618cb4ef402aacd5d34ea36f9c84,3,6.916515930942219,1078.3611295928185,-0.0
S025,corridor,transition,101,1060000,0,PR0_HT1_EC1,No-PR,S025@corridor@transition:i101:nsga2:s1060000:r0:PR0_HT1_EC1:e4e07a86b37e,79c24d8b68c20dd6cc4f88b5fd4815d867fd618cb4ef402aacd5d34ea36f9c84,4,6.926394350395106,1076.6309956221558,-0.0
S025,corridor,transition,101,1060000,0,PR0_HT1_EC1,No-PR,S025@corridor@transition:i101:nsga2:s1060000:r0:PR0_HT1_EC1:e4e07a86b37e,79c24d8b68c20dd6cc4f88b5fd4815d867fd618cb4ef402aacd5d34ea36f9c84,5,6.986240743701329,1037.5542290711905,-0.0
S025,corridor,transition,101,1060000,0,PR0_HT1_EC1,No-PR,S025@corridor@transition:i101:nsga2:s1060000:r0:PR0_HT1_EC1:e4e07a86b37e,79c24d8b68c20dd6cc4f88b5fd4815d867fd618cb4ef402aacd5d34ea36f9c84,6,6.996119163154217,1035.8240951005282,-0.0
S025,corridor,transition,101,1060000,0,PR0_HT1_EC1,No-PR,S025@corridor@transition:i101:nsga2:s1060000:r0:PR0_HT1_EC1:e4e07a86b37e,79c24d8b68c20dd6cc4f88b5fd4815d867fd618cb4ef402aacd5d34ea36f9c84,7,7.014656996766921,811.7187111835295,-0.0
S025,corridor,transition,101,1060000,0,PR0_HT1_EC1,No-PR,S025@corridor@transition:i101:nsga2:s1060000:r0:PR0_HT1_EC1:e4e07a86b37e,79c24d8b68c20dd6cc4f88b5fd4815d867fd618cb4ef402aacd5d34ea36f9c84,8,7.024535416219781,809.9885772128671,-0.0
S025,corridor,transition,101,1060000,0,PR0_HT1_EC1,No-PR,S025@corridor@transition:i101:nsga2:s1060000:r0:PR0_HT1_EC1:e4e07a86b37e,79c24d8b68c20dd6cc4f88b5fd4815d867fd618cb4ef402aacd5d34ea36f9c84,9,7.083942819149582,664.6181487923411,-0.0
S025,corridor,transition,101,1060000,0,PR0_HT1_EC1,No-PR,S025@corridor@transition:i101:nsga2:s1060000:r0:PR0_HT1_EC1:e4e07a86b37e,79c24d8b68c20dd6cc4f88b5fd4815d867fd618cb4ef402aacd5d34ea36f9c84,10,7.093821238602444,662.8880148216786,-0.0
S025,corridor,transition,101,1060000,0,PR1_HT0_EC1,No-HT,S025@corridor@transition:i101:nsga2:s1060000:r0:PR1_HT0_EC1:0d714d56d220,79c24d8b68c20dd6cc4f88b5fd4815d867fd618cb4ef402aacd5d34ea36f9c84,0,6.819450198209346,1242.6058387527426,-0.0
S025,corridor,transition,101,1060000,0,PR1_HT0_EC1,No-HT,S025@corridor@transition:i101:nsga2:s1060000:r0:PR1_HT0_EC1:0d714d56d220,79c24d8b68c20dd6cc4f88b5fd4815d867fd618cb4ef402aacd5d34ea36f9c84,1,6.827594983010299,1184.3027349587906,-0.0
S025,corridor,transition,101,1060000,0,PR1_HT0_EC1,No-HT,S025@corridor@transition:i101:nsga2:s1060000:r0:PR1_HT0_EC1:0d714d56d220,79c24d8b68c20dd6cc4f88b5fd4815d867fd618cb4ef402aacd5d34ea36f9c84,2,6.916515930942219,1078.3611295928185,-0.0
S025,corridor,transition,101,1060000,0,PR1_HT0_EC1,No-HT,S025@corridor@transition:i101:nsga2:s1060000:r0:PR1_HT0_EC1:0d714d56d220,79c24d8b68c20dd6cc4f88b5fd4815d867fd618cb4ef402aacd5d34ea36f9c84,3,6.96996105623165,882.2236576375433,-0.0
S025,corridor,transition,101,1060000,0,PR1_HT0_EC1,No-HT,S025@corridor@transition:i101:nsga2:s1060000:r0:PR1_HT0_EC1:0d714d56d220,79c24d8b68c20dd6cc4f88b5fd4815d867fd618cb4ef402aacd5d34ea36f9c84,4,6.979839475684511,880.4935236668807,-0.0
S025,corridor,transition,101,1060000,0,PR1_HT0_EC1,No-HT,S025@corridor@transition:i101:nsga2:s1060000:r0:PR1_HT0_EC1:0d714d56d220,79c24d8b68c20dd6cc4f88b5fd4815d867fd618cb4ef402aacd5d34ea36f9c84,5,7.014656996766921,811.7187111835295,-0.0
S025,corridor,transition,101,1060000,0,PR1_HT0_EC1,No-HT,S025@corridor@transition:i101:nsga2:s1060000:r0:PR1_HT0_EC1:0d714d56d220,79c24d8b68c20dd6cc4f88b5fd4815d867fd618cb4ef402aacd5d34ea36f9c84,6,7.024535416219781,809.9885772128671,-0.0
S025,corridor,transition,101,1060000,0,PR1_HT0_EC1,No-HT,S025@corridor@transition:i101:nsga2:s1060000:r0:PR1_HT0_EC1:0d714d56d220,79c24d8b68c20dd6cc4f88b5fd4815d867fd618cb4ef402aacd5d34ea36f9c84,7,7.042561488355323,776.5272516326022,-0.0
S025,corridor,transition,101,1060000,0,PR1_HT0_EC1,No-HT,S025@corridor@transition:i101:nsga2:s1060000:r0:PR1_HT0_EC1:0d714d56d220,79c24d8b68c20dd6cc4f88b5fd4815d867fd618cb4ef402aacd5d34ea36f9c84,8,7.052439907808184,774.7971176619396,-0.0
S025,corridor,transition,101,1060000,0,PR1_HT0_EC1,No-HT,S025@corridor@transition:i101:nsga2:s1060000:r0:PR1_HT0_EC1:0d714d56d220,79c24d8b68c20dd6cc4f88b5fd4815d867fd618cb4ef402aacd5d34ea36f9c84,9,7.068745250760525,748.4688981436017,-0.0
S025,corridor,transition,101,1060000,0,PR1_HT0_EC1,No-HT,S025@corridor@transition:i101:nsga2:s1060000:r0:PR1_HT0_EC1:0d714d56d220,79c24d8b68c20dd6cc4f88b5fd4815d867fd618cb4ef402aacd5d34ea36f9c84,10,7.078623670213386,718.8425662418092,-0.0
S025,corridor,transition,101,1060000,0,PR1_HT0_EC1,No-HT,S025@corridor@transition:i101:nsga2:s1060000:r0:PR1_HT0_EC1:0d714d56d220,79c24d8b68c20dd6cc4f88b5fd4815d867fd618cb4ef402aacd5d34ea36f9c84,11,7.083942819149582,664.6181487923411,-0.0
S025,corridor,transition,101,1060000,0,PR1_HT0_EC1,No-HT,S025@corridor@transition:i101:nsga2:s1060000:r0:PR1_HT0_EC1:0d714d56d220,79c24d8b68c20dd6cc4f88b5fd4815d867fd618cb4ef402aacd5d34ea36f9c84,12,7.093821238602444,662.8880148216786,-0.0
S025,corridor,transition,101,1060000,0,PR1_HT1_EC0,No-EC,S025@corridor@transition:i101:nsga2:s1060000:r0:PR1_HT1_EC0:7d29063592f4,79c24d8b68c20dd6cc4f88b5fd4815d867fd618cb4ef402aacd5d34ea36f9c84,0,6.821729833467703,1395.2312366399349,-0.0
S025,corridor,transition,101,1060000,0,PR1_HT1_EC0,No-EC,S025@corridor@transition:i101:nsga2:s1060000:r0:PR1_HT1_EC0:7d29063592f4,79c24d8b68c20dd6cc4f88b5fd4815d867fd618cb4ef402aacd5d34ea36f9c84,1,6.829874618268658,1390.9736550980047,-0.0
S025,corridor,transition,101,1060000,0,PR1_HT1_EC0,No-EC,S025@corridor@transition:i101:nsga2:s1060000:r0:PR1_HT1_EC0:7d29063592f4,79c24d8b68c20dd6cc4f88b5fd4815d867fd618cb4ef402aacd5d34ea36f9c84,2,6.96996105623165,882.2236576375433,-0.0
S025,corridor,transition,101,1060000,0,PR1_HT1_EC0,No-EC,S025@corridor@transition:i101:nsga2:s1060000:r0:PR1_HT1_EC0:7d29063592f4,79c24d8b68c20dd6cc4f88b5fd4815d867fd618cb4ef402aacd5d34ea36f9c84,3,6.979839475684511,880.4935236668807,-0.0
S025,corridor,transition,101,1060000,0,PR1_HT1_EC0,No-EC,S025@corridor@transition:i101:nsga2:s1060000:r0:PR1_HT1_EC0:7d29063592f4,79c24d8b68c20dd6cc4f88b5fd4815d867fd618cb4ef402aacd5d34ea36f9c84,4,7.024535416219781,809.9885772128671,-0.0
S025,corridor,transition,101,1060000,0,PR1_HT1_EC0,No-EC,S025@corridor@transition:i101:nsga2:s1060000:r0:PR1_HT1_EC0:7d29063592f4,79c24d8b68c20dd6cc4f88b5fd4815d867fd618cb4ef402aacd5d34ea36f9c84,5,7.042561488355323,778.4180189191165,-0.0
S025,corridor,transition,101,1060000,0,PR1_HT1_EC0,No-EC,S025@corridor@transition:i101:nsga2:s1060000:r0:PR1_HT1_EC0:7d29063592f4,79c24d8b68c20dd6cc4f88b5fd4815d867fd618cb4ef402aacd5d34ea36f9c84,6,7.052439907808184,774.7971176619396,-0.0
S025,corridor,transition,101,1060000,0,PR1_HT1_EC0,No-EC,S025@corridor@transition:i101:nsga2:s1060000:r0:PR1_HT1_EC0:7d29063592f4,79c24d8b68c20dd6cc4f88b5fd4815d867fd618cb4ef402aacd5d34ea36f9c84,7,7.078623670213386,718.8425662418092,-0.0
S025,corridor,transition,101,1060000,0,PR1_HT1_EC0,No-EC,S025@corridor@transition:i101:nsga2:s1060000:r0:PR1_HT1_EC0:7d29063592f4,79c24d8b68c20dd6cc4f88b5fd4815d867fd618cb4ef402aacd5d34ea36f9c84,8,7.093821238602444,662.8880148216786,-0.0
S025,corridor,transition,101,1060000,0,PR1_HT1_EC1,Full,S025@corridor@transition:i101:nsga2:s1060000:r0:PR1_HT1_EC1:85955ada0066,79c24d8b68c20dd6cc4f88b5fd4815d867fd618cb4ef402aacd5d34ea36f9c84,0,6.811851414014816,1381.5544924120095,-0.0
S025,corridor,transition,101,1060000,0,PR1_HT1_EC1,Full,S025@corridor@transition:i101:nsga2:s1060000:r0:PR1_HT1_EC1:85955ada0066,79c24d8b68c20dd6cc4f88b5fd4815d867fd618cb4ef402aacd5d34ea36f9c84,1,6.819450198209346,1242.6058387527426,-0.0
S025,corridor,transition,101,1060000,0,PR1_HT1_EC1,Full,S025@corridor@transition:i101:nsga2:s1060000:r0:PR1_HT1_EC1:85955ada0066,79c24d8b68c20dd6cc4f88b5fd4815d867fd618cb4ef402aacd5d34ea36f9c84,2,6.827594983010299,1184.3027349587906,-0.0
S025,corridor,transition,101,1060000,0,PR1_HT1_EC1,Full,S025@corridor@transition:i101:nsga2:s1060000:r0:PR1_HT1_EC1:85955ada0066,79c24d8b68c20dd6cc4f88b5fd4815d867fd618cb4ef402aacd5d34ea36f9c84,3,6.8374734024631865,1182.5726009881282,-0.0
S025,corridor,transition,101,1060000,0,PR1_HT1_EC1,Full,S025@corridor@transition:i101:nsga2:s1060000:r0:PR1_HT1_EC1:85955ada0066,79c24d8b68c20dd6cc4f88b5fd4815d867fd618cb4ef402aacd5d34ea36f9c84,4,6.916515930942219,1090.2961396867722,-0.0
S025,corridor,transition,101,1060000,0,PR1_HT1_EC1,Full,S025@corridor@transition:i101:nsga2:s1060000:r0:PR1_HT1_EC1:85955ada0066,79c24d8b68c20dd6cc4f88b5fd4815d867fd618cb4ef402aacd5d34ea36f9c84,5,6.926394350395106,1076.6309956221558,-0.0
S025,corridor,transition,101,1060000,0,PR1_HT1_EC1,Full,S025@corridor@transition:i101:nsga2:s1060000:r0:PR1_HT1_EC1:85955ada0066,79c24d8b68c20dd6cc4f88b5fd4815d867fd618cb4ef402aacd5d34ea36f9c84,6,6.96996105623165,882.2236576375433,-0.0
S025,corridor,transition,101,1060000,0,PR1_HT1_EC1,Full,S025@corridor@transition:i101:nsga2:s1060000:r0:PR1_HT1_EC1:85955ada0066,79c24d8b68c20dd6cc4f88b5fd4815d867fd618cb4ef402aacd5d34ea36f9c84,7,6.979839475684511,880.4935236668807,-0.0
S025,corridor,transition,101,1060000,0,PR1_HT1_EC1,Full,S025@corridor@transition:i101:nsga2:s1060000:r0:PR1_HT1_EC1:85955ada0066,79c24d8b68c20dd6cc4f88b5fd4815d867fd618cb4ef402aacd5d34ea36f9c84,8,7.014656996766921,811.7187111835295,-0.0
S025,corridor,transition,101,1060000,0,PR1_HT1_EC1,Full,S025@corridor@transition:i101:nsga2:s1060000:r0:PR1_HT1_EC1:85955ada0066,79c24d8b68c20dd6cc4f88b5fd4815d867fd618cb4ef402aacd5d34ea36f9c84,9,7.024535416219781,809.9885772128671,-0.0
S025,corridor,transition,101,1060000,0,PR1_HT1_EC1,Full,S025@corridor@transition:i101:nsga2:s1060000:r0:PR1_HT1_EC1:85955ada0066,79c24d8b68c20dd6cc4f88b5fd4815d867fd618cb4ef402aacd5d34ea36f9c84,10,7.068745250760525,720.5727002124717,-0.0
S025,corridor,transition,101,1060000,0,PR1_HT1_EC1,Full,S025@corridor@transition:i101:nsga2:s1060000:r0:PR1_HT1_EC1:85955ada0066,79c24d8b68c20dd6cc4f88b5fd4815d867fd618cb4ef402aacd5d34ea36f9c84,11,7.083942819149582,664.6181487923411,-0.0
S025,corridor,transition,101,1060000,0,PR1_HT1_EC1,Full,S025@corridor@transition:i101:nsga2:s1060000:r0:PR1_HT1_EC1:85955ada0066,79c24d8b68c20dd6cc4f88b5fd4815d867fd618cb4ef402aacd5d34ea36f9c84,12,7.093821238602444,662.8880148216786,-0.0
S025,corridor,transition,101,1060001,1,PR0_HT1_EC1,No-PR,S025@corridor@transition:i101:nsga2:s1060001:r1:PR0_HT1_EC1:ff8fa5c2dc8c,79c24d8b68c20dd6cc4f88b5fd4815d867fd618cb4ef402aacd5d34ea36f9c84,0,6.819450198209346,1242.6058387527426,-0.0
S025,corridor,transition,101,1060001,1,PR0_HT1_EC1,No-PR,S025@corridor@transition:i101:nsga2:s1060001:r1:PR0_HT1_EC1:ff8fa5c2dc8c,79c24d8b68c20dd6cc4f88b5fd4815d867fd618cb4ef402aacd5d34ea36f9c84,1,6.827594983010299,1211.2762518814293,-0.0
S025,corridor,transition,101,1060001,1,PR0_HT1_EC1,No-PR,S025@corridor@transition:i101:nsga2:s1060001:r1:PR0_HT1_EC1:ff8fa5c2dc8c,79c24d8b68c20dd6cc4f88b5fd4815d867fd618cb4ef402aacd5d34ea36f9c84,2,6.8374734024631865,1209.546117910767,-0.0
S025,corridor,transition,101,1060001,1,PR0_HT1_EC1,No-PR,S025@corridor@transition:i101:nsga2:s1060001:r1:PR0_HT1_EC1:ff8fa5c2dc8c,79c24d8b68c20dd6cc4f88b5fd4815d867fd618cb4ef402aacd5d34ea36f9c84,3,6.916515930942219,1078.3611295928185,-0.0
S025,corridor,transition,101,1060001,1,PR0_HT1_EC1,No-PR,S025@corridor@transition:i101:nsga2:s1060001:r1:PR0_HT1_EC1:ff8fa5c2dc8c,79c24d8b68c20dd6cc4f88b5fd4815d867fd618cb4ef402aacd5d34ea36f9c84,4,6.926394350395106,1076.6309956221558,-0.0
S025,corridor,transition,101,1060001,1,PR0_HT1_EC1,No-PR,S025@corridor@transition:i101:nsga2:s1060001:r1:PR0_HT1_EC1:ff8fa5c2dc8c,79c24d8b68c20dd6cc4f88b5fd4815d867fd618cb4ef402aacd5d34ea36f9c84,5,6.986240743701329,1037.5542290711905,-0.0
S025,corridor,transition,101,1060001,1,PR0_HT1_EC1,No-PR,S025@corridor@transition:i101:nsga2:s1060001:r1:PR0_HT1_EC1:ff8fa5c2dc8c,79c24d8b68c20dd6cc4f88b5fd4815d867fd618cb4ef402aacd5d34ea36f9c84,6,6.996119163154217,1035.8240951005282,-0.0
S025,corridor,transition,101,1060001,1,PR0_HT1_EC1,No-PR,S025@corridor@transition:i101:nsga2:s1060001:r1:PR0_HT1_EC1:ff8fa5c2dc8c,79c24d8b68c20dd6cc4f88b5fd4815d867fd618cb4ef402aacd5d34ea36f9c84,7,7.014656996766921,811.7187111835295,-0.0
S025,corridor,transition,101,1060001,1,PR0_HT1_EC1,No-PR,S025@corridor@transition:i101:nsga2:s1060001:r1:PR0_HT1_EC1:ff8fa5c2dc8c,79c24d8b68c20dd6cc4f88b5fd4815d867fd618cb4ef402aacd5d34ea36f9c84,8,7.024535416219781,809.9885772128671,-0.0
S025,corridor,transition,101,1060001,1,PR0_HT1_EC1,No-PR,S025@corridor@transition:i101:nsga2:s1060001:r1:PR0_HT1_EC1:ff8fa5c2dc8c,79c24d8b68c20dd6cc4f88b5fd4815d867fd618cb4ef402aacd5d34ea36f9c84,9,7.083942819149582,664.6181487923411,-0.0
S025,corridor,transition,101,1060001,1,PR0_HT1_EC1,No-PR,S025@corridor@transition:i101:nsga2:s1060001:r1:PR0_HT1_EC1:ff8fa5c2dc8c,79c24d8b68c20dd6cc4f88b5fd4815d867fd618cb4ef402aacd5d34ea36f9c84,10,7.093821238602444,662.8880148216786,-0.0
S025,corridor,transition,101,1060001,1,PR1_HT0_EC1,No-HT,S025@corridor@transition:i101:nsga2:s1060001:r1:PR1_HT0_EC1:7bff5436b0c7,79c24d8b68c20dd6cc4f88b5fd4815d867fd618cb4ef402aacd5d34ea36f9c84,0,6.811851414014816,1381.5544924120095,-0.0
S025,corridor,transition,101,1060001,1,PR1_HT0_EC1,No-HT,S025@corridor@transition:i101:nsga2:s1060001:r1:PR1_HT0_EC1:7bff5436b0c7,79c24d8b68c20dd6cc4f88b5fd4815d867fd618cb4ef402aacd5d34ea36f9c84,1,6.819450198209346,1242.6058387527426,-0.0
S025,corridor,transition,101,1060001,1,PR1_HT0_EC1,No-HT,S025@corridor@transition:i101:nsga2:s1060001:r1:PR1_HT0_EC1:7bff5436b0c7,79c24d8b68c20dd6cc4f88b5fd4815d867fd618cb4ef402aacd5d34ea36f9c84,2,6.827594983010299,1211.2762518814293,-0.0
S025,corridor,transition,101,1060001,1,PR1_HT0_EC1,No-HT,S025@corridor@transition:i101:nsga2:s1060001:r1:PR1_HT0_EC1:7bff5436b0c7,79c24d8b68c20dd6cc4f88b5fd4815d867fd618cb4ef402aacd5d34ea36f9c84,3,6.8374734024631865,1182.5726009881282,-0.0
S025,corridor,transition,101,1060001,1,PR1_HT0_EC1,No-HT,S025@corridor@transition:i101:nsga2:s1060001:r1:PR1_HT0_EC1:7bff5436b0c7,79c24d8b68c20dd6cc4f88b5fd4815d867fd618cb4ef402aacd5d34ea36f9c84,4,6.916515930942219,1078.3611295928185,-0.0
S025,corridor,transition,101,1060001,1,PR1_HT0_EC1,No-HT,S025@corridor@transition:i101:nsga2:s1060001:r1:PR1_HT0_EC1:7bff5436b0c7,79c24d8b68c20dd6cc4f88b5fd4815d867fd618cb4ef402aacd5d34ea36f9c84,5,6.926394350395106,1076.6309956221558,-0.0
S025,corridor,transition,101,1060001,1,PR1_HT0_EC1,No-HT,S025@corridor@transition:i101:nsga2:s1060001:r1:PR1_HT0_EC1:7bff5436b0c7,79c24d8b68c20dd6cc4f88b5fd4815d867fd618cb4ef402aacd5d34ea36f9c84,6,6.96996105623165,882.2236576375433,-0.0
S025,corridor,transition,101,1060001,1,PR1_HT0_EC1,No-HT,S025@corridor@transition:i101:nsga2:s1060001:r1:PR1_HT0_EC1:7bff5436b0c7,79c24d8b68c20dd6cc4f88b5fd4815d867fd618cb4ef402aacd5d34ea36f9c84,7,6.979839475684511,880.4935236668807,-0.0
S025,corridor,transition,101,1060001,1,PR1_HT0_EC1,No-HT,S025@corridor@transition:i101:nsga2:s1060001:r1:PR1_HT0_EC1:7bff5436b0c7,79c24d8b68c20dd6cc4f88b5fd4815d867fd618cb4ef402aacd5d34ea36f9c84,8,7.014656996766921,811.7187111835295,-0.0
S025,corridor,transition,101,1060001,1,PR1_HT0_EC1,No-HT,S025@corridor@transition:i101:nsga2:s1060001:r1:PR1_HT0_EC1:7bff5436b0c7,79c24d8b68c20dd6cc4f88b5fd4815d867fd618cb4ef402aacd5d34ea36f9c84,9,7.024535416219781,809.9885772128671,-0.0
S025,corridor,transition,101,1060001,1,PR1_HT0_EC1,No-HT,S025@corridor@transition:i101:nsga2:s1060001:r1:PR1_HT0_EC1:7bff5436b0c7,79c24d8b68c20dd6cc4f88b5fd4815d867fd618cb4ef402aacd5d34ea36f9c84,10,7.042561488355323,776.5272516326022,-0.0
S025,corridor,transition,101,1060001,1,PR1_HT0_EC1,No-HT,S025@corridor@transition:i101:nsga2:s1060001:r1:PR1_HT0_EC1:7bff5436b0c7,79c24d8b68c20dd6cc4f88b5fd4815d867fd618cb4ef402aacd5d34ea36f9c84,11,7.052439907808184,774.7971176619396,-0.0
S025,corridor,transition,101,1060001,1,PR1_HT0_EC1,No-HT,S025@corridor@transition:i101:nsga2:s1060001:r1:PR1_HT0_EC1:7bff5436b0c7,79c24d8b68c20dd6cc4f88b5fd4815d867fd618cb4ef402aacd5d34ea36f9c84,12,7.068745250760525,720.5727002124717,-0.0
S025,corridor,transition,101,1060001,1,PR1_HT0_EC1,No-HT,S025@corridor@transition:i101:nsga2:s1060001:r1:PR1_HT0_EC1:7bff5436b0c7,79c24d8b68c20dd6cc4f88b5fd4815d867fd618cb4ef402aacd5d34ea36f9c84,13,7.078623670213386,718.8425662418092,-0.0
S025,corridor,transition,101,1060001,1,PR1_HT0_EC1,No-HT,S025@corridor@transition:i101:nsga2:s1060001:r1:PR1_HT0_EC1:7bff5436b0c7,79c24d8b68c20dd6cc4f88b5fd4815d867fd618cb4ef402aacd5d34ea36f9c84,14,7.083942819149582,664.6181487923411,-0.0
S025,corridor,transition,101,1060001,1,PR1_HT0_EC1,No-HT,S025@corridor@transition:i101:nsga2:s1060001:r1:PR1_HT0_EC1:7bff5436b0c7,79c24d8b68c20dd6cc4f88b5fd4815d867fd618cb4ef402aacd5d34ea36f9c84,15,7.093821238602444,662.8880148216786,-0.0
S025,corridor,transition,101,1060001,1,PR1_HT1_EC0,No-EC,S025@corridor@transition:i101:nsga2:s1060001:r1:PR1_HT1_EC0:fcee649143dd,79c24d8b68c20dd6cc4f88b5fd4815d867fd618cb4ef402aacd5d34ea36f9c84,0,6.821729833467703,1379.824358441347,-0.0
S025,corridor,transition,101,1060001,1,PR1_HT1_EC0,No-EC,S025@corridor@transition:i101:nsga2:s1060001:r1:PR1_HT1_EC0:fcee649143dd,79c24d8b68c20dd6cc4f88b5fd4815d867fd618cb4ef402aacd5d34ea36f9c84,1,6.8374734024631865,1206.9257661145189,-0.0
S025,corridor,transition,101,1060001,1,PR1_HT1_EC0,No-EC,S025@corridor@transition:i101:nsga2:s1060001:r1:PR1_HT1_EC0:fcee649143dd,79c24d8b68c20dd6cc4f88b5fd4815d867fd618cb4ef402aacd5d34ea36f9c84,2,6.979839475684511,880.4935236668807,-0.0
S025,corridor,transition,101,1060001,1,PR1_HT1_EC0,No-EC,S025@corridor@transition:i101:nsga2:s1060001:r1:PR1_HT1_EC0:fcee649143dd,79c24d8b68c20dd6cc4f88b5fd4815d867fd618cb4ef402aacd5d34ea36f9c84,3,7.024535416219781,809.9885772128671,-0.0
S025,corridor,transition,101,1060001,1,PR1_HT1_EC0,No-EC,S025@corridor@transition:i101:nsga2:s1060001:r1:PR1_HT1_EC0:fcee649143dd,79c24d8b68c20dd6cc4f88b5fd4815d867fd618cb4ef402aacd5d34ea36f9c84,4,7.052439907808184,774.7971176619396,-0.0
S025,corridor,transition,101,1060001,1,PR1_HT1_EC0,No-EC,S025@corridor@transition:i101:nsga2:s1060001:r1:PR1_HT1_EC0:fcee649143dd,79c24d8b68c20dd6cc4f88b5fd4815d867fd618cb4ef402aacd5d34ea36f9c84,5,7.078623670213386,718.8425662418092,-0.0
S025,corridor,transition,101,1060001,1,PR1_HT1_EC0,No-EC,S025@corridor@transition:i101:nsga2:s1060001:r1:PR1_HT1_EC0:fcee649143dd,79c24d8b68c20dd6cc4f88b5fd4815d867fd618cb4ef402aacd5d34ea36f9c84,6,7.093821238602444,662.8880148216786,-0.0
S025,corridor,transition,101,1060001,1,PR1_HT1_EC1,Full,S025@corridor@transition:i101:nsga2:s1060001:r1:PR1_HT1_EC1:5981db62a04a,79c24d8b68c20dd6cc4f88b5fd4815d867fd618cb4ef402aacd5d34ea36f9c84,0,6.811851414014816,1381.5544924120095,-0.0
S025,corridor,transition,101,1060001,1,PR1_HT1_EC1,Full,S025@corridor@transition:i101:nsga2:s1060001:r1:PR1_HT1_EC1:5981db62a04a,79c24d8b68c20dd6cc4f88b5fd4815d867fd618cb4ef402aacd5d34ea36f9c84,1,6.819450198209346,1242.6058387527426,-0.0
S025,corridor,transition,101,1060001,1,PR1_HT1_EC1,Full,S025@corridor@transition:i101:nsga2:s1060001:r1:PR1_HT1_EC1:5981db62a04a,79c24d8b68c20dd6cc4f88b5fd4815d867fd618cb4ef402aacd5d34ea36f9c84,2,6.827594983010299,1184.3027349587906,-0.0
S025,corridor,transition,101,1060001,1,PR1_HT1_EC1,Full,S025@corridor@transition:i101:nsga2:s1060001:r1:PR1_HT1_EC1:5981db62a04a,79c24d8b68c20dd6cc4f88b5fd4815d867fd618cb4ef402aacd5d34ea36f9c84,3,6.90891714674769,1169.5901961316183,-0.0
S025,corridor,transition,101,1060001,1,PR1_HT1_EC1,Full,S025@corridor@transition:i101:nsga2:s1060001:r1:PR1_HT1_EC1:5981db62a04a,79c24d8b68c20dd6cc4f88b5fd4815d867fd618cb4ef402aacd5d34ea36f9c84,4,6.916515930942219,1078.3611295928185,-0.0
S025,corridor,transition,101,1060001,1,PR1_HT1_EC1,Full,S025@corridor@transition:i101:nsga2:s1060001:r1:PR1_HT1_EC1:5981db62a04a,79c24d8b68c20dd6cc4f88b5fd4815d867fd618cb4ef402aacd5d34ea36f9c84,5,6.926394350395106,1076.6309956221558,-0.0
S025,corridor,transition,101,1060001,1,PR1_HT1_EC1,Full,S025@corridor@transition:i101:nsga2:s1060001:r1:PR1_HT1_EC1:5981db62a04a,79c24d8b68c20dd6cc4f88b5fd4815d867fd618cb4ef402aacd5d34ea36f9c84,6,6.96996105623165,882.2236576375433,-0.0
S025,corridor,transition,101,1060001,1,PR1_HT1_EC1,Full,S025@corridor@transition:i101:nsga2:s1060001:r1:PR1_HT1_EC1:5981db62a04a,79c24d8b68c20dd6cc4f88b5fd4815d867fd618cb4ef402aacd5d34ea36f9c84,7,6.979839475684511,880.4935236668807,-0.0
S025,corridor,transition,101,1060001,1,PR1_HT1_EC1,Full,S025@corridor@transition:i101:nsga2:s1060001:r1:PR1_HT1_EC1:5981db62a04a,79c24d8b68c20dd6cc4f88b5fd4815d867fd618cb4ef402aacd5d34ea36f9c84,8,7.014656996766921,811.7187111835295,-0.0
S025,corridor,transition,101,1060001,1,PR1_HT1_EC1,Full,S025@corridor@transition:i101:nsga2:s1060001:r1:PR1_HT1_EC1:5981db62a04a,79c24d8b68c20dd6cc4f88b5fd4815d867fd618cb4ef402aacd5d34ea36f9c84,9,7.024535416219781,809.9885772128671,-0.0
S025,corridor,transition,101,1060001,1,PR1_HT1_EC1,Full,S025@corridor@transition:i101:nsga2:s1060001:r1:PR1_HT1_EC1:5981db62a04a,79c24d8b68c20dd6cc4f88b5fd4815d867fd618cb4ef402aacd5d34ea36f9c84,10,7.042561488355323,776.5272516326022,-0.0
S025,corridor,transition,101,1060001,1,PR1_HT1_EC1,Full,S025@corridor@transition:i101:nsga2:s1060001:r1:PR1_HT1_EC1:5981db62a04a,79c24d8b68c20dd6cc4f88b5fd4815d867fd618cb4ef402aacd5d34ea36f9c84,11,7.052439907808184,774.7971176619396,-0.0
S025,corridor,transition,101,1060001,1,PR1_HT1_EC1,Full,S025@corridor@transition:i101:nsga2:s1060001:r1:PR1_HT1_EC1:5981db62a04a,79c24d8b68c20dd6cc4f88b5fd4815d867fd618cb4ef402aacd5d34ea36f9c84,12,7.068745250760525,720.5727002124717,-0.0
S025,corridor,transition,101,1060001,1,PR1_HT1_EC1,Full,S025@corridor@transition:i101:nsga2:s1060001:r1:PR1_HT1_EC1:5981db62a04a,79c24d8b68c20dd6cc4f88b5fd4815d867fd618cb4ef402aacd5d34ea36f9c84,13,7.078623670213386,718.8425662418092,-0.0
S025,corridor,transition,101,1060001,1,PR1_HT1_EC1,Full,S025@corridor@transition:i101:nsga2:s1060001:r1:PR1_HT1_EC1:5981db62a04a,79c24d8b68c20dd6cc4f88b5fd4815d867fd618cb4ef402aacd5d34ea36f9c84,14,7.083942819149582,664.6181487923411,-0.0
S025,corridor,transition,101,1060001,1,PR1_HT1_EC1,Full,S025@corridor@transition:i101:nsga2:s1060001:r1:PR1_HT1_EC1:5981db62a04a,79c24d8b68c20dd6cc4f88b5fd4815d867fd618cb4ef402aacd5d34ea36f9c84,15,7.093821238602444,662.8880148216786,-0.0
S025,corridor,transition,102,1070000,0,PR0_HT1_EC1,No-PR,S025@corridor@transition:i102:nsga2:s1070000:r0:PR0_HT1_EC1:9d86b7f399ae,99da49bc5facfcdb946cf238748a769dea3acd25be847396ffc15775a1845096,0,4.390306411130979,4093.0598151529225,-0.8755301794452158
S025,corridor,transition,102,1070000,0,PR0_HT1_EC1,No-PR,S025@corridor@transition:i102:nsga2:s1070000:r0:PR0_HT1_EC1:9d86b7f399ae,99da49bc5facfcdb946cf238748a769dea3acd25be847396ffc15775a1845096,1,5.184052788449702,3368.1875074483582,-0.7661290322580645
S025,corridor,transition,102,1070000,0,PR0_HT1_EC1,No-PR,S025@corridor@transition:i102:nsga2:s1070000:r0:PR0_HT1_EC1:9d86b7f399ae,99da49bc5facfcdb946cf238748a769dea3acd25be847396ffc15775a1845096,2,5.190415718365358,3445.4862932207698,-0.7853403141361257
S025,corridor,transition,102,1070000,0,PR0_HT1_EC1,No-PR,S025@corridor@transition:i102:nsga2:s1070000:r0:PR0_HT1_EC1:9d86b7f399ae,99da49bc5facfcdb946cf238748a769dea3acd25be847396ffc15775a1845096,3,5.2798583583346925,3325.3417910280573,-0.6451612903225806
S025,corridor,transition,102,1070000,0,PR0_HT1_EC1,No-PR,S025@corridor@transition:i102:nsga2:s1070000:r0:PR0_HT1_EC1:9d86b7f399ae,99da49bc5facfcdb946cf238748a769dea3acd25be847396ffc15775a1845096,4,6.259273794908312,2879.73606722791,-0.4032258064516129
S025,corridor,transition,102,1070000,0,PR0_HT1_EC1,No-PR,S025@corridor@transition:i102:nsga2:s1070000:r0:PR0_HT1_EC1:9d86b7f399ae,99da49bc5facfcdb946cf238748a769dea3acd25be847396ffc15775a1845096,5,6.762755129787318,1877.756720645652,-0.24193548387096775
S025,corridor,transition,102,1070000,0,PR0_HT1_EC1,No-PR,S025@corridor@transition:i102:nsga2:s1070000:r0:PR0_HT1_EC1:9d86b7f399ae,99da49bc5facfcdb946cf238748a769dea3acd25be847396ffc15775a1845096,6,6.770896936374542,1905.7958260844514,-0.28225806451612906
S025,corridor,transition,102,1070000,0,PR0_HT1_EC1,No-PR,S025@corridor@transition:i102:nsga2:s1070000:r0:PR0_HT1_EC1:9d86b7f399ae,99da49bc5facfcdb946cf238748a769dea3acd25be847396ffc15775a1845096,7,6.773533906523888,1876.6271992802517,-0.21367521367521367
S025,corridor,transition,102,1070000,0,PR0_HT1_EC1,No-PR,S025@corridor@transition:i102:nsga2:s1070000:r0:PR0_HT1_EC1:9d86b7f399ae,99da49bc5facfcdb946cf238748a769dea3acd25be847396ffc15775a1845096,8,6.944844794472122,1841.643126274274,-0.17094017094017094
S025,corridor,transition,102,1070000,0,PR0_HT1_EC1,No-PR,S025@corridor@transition:i102:nsga2:s1070000:r0:PR0_HT1_EC1:9d86b7f399ae,99da49bc5facfcdb946cf238748a769dea3acd25be847396ffc15775a1845096,9,7.299694189603029,497.23063206382767,-0.0
S025,corridor,transition,102,1070000,0,PR1_HT0_EC1,No-HT,S025@corridor@transition:i102:nsga2:s1070000:r0:PR1_HT0_EC1:0f8ad9cd5a7c,99da49bc5facfcdb946cf238748a769dea3acd25be847396ffc15775a1845096,0,4.390306411130979,4094.129388269757,-0.8755301794452158
S025,corridor,transition,102,1070000,0,PR1_HT0_EC1,No-HT,S025@corridor@transition:i102:nsga2:s1070000:r0:PR1_HT0_EC1:0f8ad9cd5a7c,99da49bc5facfcdb946cf238748a769dea3acd25be847396ffc15775a1845096,1,5.184052788449702,3366.2622758380558,-0.7661290322580645
S025,corridor,transition,102,1070000,0,PR1_HT0_EC1,No-HT,S025@corridor@transition:i102:nsga2:s1070000:r0:PR1_HT0_EC1:0f8ad9cd5a7c,99da49bc5facfcdb946cf238748a769dea3acd25be847396ffc15775a1845096,2,6.2160134396678774,2915.286347402637,-0.4972375690607735
S025,corridor,transition,102,1070000,0,PR1_HT0_EC1,No-HT,S025@corridor@transition:i102:nsga2:s1070000:r0:PR1_HT0_EC1:0f8ad9cd5a7c,99da49bc5facfcdb946cf238748a769dea3acd25be847396ffc15775a1845096,3,6.259273794908312,2879.73606722791,-0.4032258064516129
S025,corridor,transition,102,1070000,0,PR1_HT0_EC1,No-HT,S025@corridor@transition:i102:nsga2:s1070000:r0:PR1_HT0_EC1:0f8ad9cd5a7c,99da49bc5facfcdb946cf238748a769dea3acd25be847396ffc15775a1845096,4,6.509870318094218,2273.5170909695184,-0.3629032258064516
S025,corridor,transition,102,1070000,0,PR1_HT0_EC1,No-HT,S025@corridor@transition:i102:nsga2:s1070000:r0:PR1_HT0_EC1:0f8ad9cd5a7c,99da49bc5facfcdb946cf238748a769dea3acd25be847396ffc15775a1845096,5,6.770896936374542,1905.7958260844514,-0.28225806451612906
S025,corridor,transition,102,1070000,0,PR1_HT0_EC1,No-HT,S025@corridor@transition:i102:nsga2:s1070000:r0:PR1_HT0_EC1:0f8ad9cd5a7c,99da49bc5facfcdb946cf238748a769dea3acd25be847396ffc15775a1845096,6,6.773533906523888,1876.6271992802517,-0.21367521367521367
S025,corridor,transition,102,1070000,0,PR1_HT0_EC1,No-HT,S025@corridor@transition:i102:nsga2:s1070000:r0:PR1_HT0_EC1:0f8ad9cd5a7c,99da49bc5facfcdb946cf238748a769dea3acd25be847396ffc15775a1845096,7,6.97350062374059,1866.8995229026482,-0.08064516129032258
S025,corridor,transition,102,1070000,0,PR1_HT0_EC1,No-HT,S025@corridor@transition:i102:nsga2:s1070000:r0:PR1_HT0_EC1:0f8ad9cd5a7c,99da49bc5facfcdb946cf238748a769dea3acd25be847396ffc15775a1845096,8,7.056556000361754,1569.6778738633654,-0.1282051282051282
S025,corridor,transition,102,1070000,0,PR1_HT0_EC1,No-HT,S025@corridor@transition:i102:nsga2:s1070000:r0:PR1_HT0_EC1:0f8ad9cd5a7c,99da49bc5facfcdb946cf238748a769dea3acd25be847396ffc15775a1845096,9,7.06257565256637,1599.199123961355,-0.15706806282722513
S025,corridor,transition,102,1070000,0,PR1_HT0_EC1,No-HT,S025@corridor@transition:i102:nsga2:s1070000:r0:PR1_HT0_EC1:0f8ad9cd5a7c,99da49bc5facfcdb946cf238748a769dea3acd25be847396ffc15775a1845096,10,7.064883632643514,1577.2605149828419,-0.16574585635359115
S025,corridor,transition,102,1070000,0,PR1_HT0_EC1,No-HT,S025@corridor@transition:i102:nsga2:s1070000:r0:PR1_HT0_EC1:0f8ad9cd5a7c,99da49bc5facfcdb946cf238748a769dea3acd25be847396ffc15775a1845096,11,7.078000500157281,1562.0952327438893,-0.08287292817679558
S025,corridor,transition,102,1070000,0,PR1_HT0_EC1,No-HT,S025@corridor@transition:i102:nsga2:s1070000:r0:PR1_HT0_EC1:0f8ad9cd5a7c,99da49bc5facfcdb946cf238748a769dea3acd25be847396ffc15775a1845096,12,7.235980720618634,919.9861425546703,-0.0
S025,corridor,transition,102,1070000,0,PR1_HT0_EC1,No-HT,S025@corridor@transition:i102:nsga2:s1070000:r0:PR1_HT0_EC1:0f8ad9cd5a7c,99da49bc5facfcdb946cf238748a769dea3acd25be847396ffc15775a1845096,13,7.273481869812727,782.7585425602294,-0.0
S025,corridor,transition,102,1070000,0,PR1_HT0_EC1,No-HT,S025@corridor@transition:i102:nsga2:s1070000:r0:PR1_HT0_EC1:0f8ad9cd5a7c,99da49bc5facfcdb946cf238748a769dea3acd25be847396ffc15775a1845096,14,7.274679169901102,748.6272351356249,-0.0
S025,corridor,transition,102,1070000,0,PR1_HT0_EC1,No-HT,S025@corridor@transition:i102:nsga2:s1070000:r0:PR1_HT0_EC1:0f8ad9cd5a7c,99da49bc5facfcdb946cf238748a769dea3acd25be847396ffc15775a1845096,15,7.299694189603029,497.23063206382767,-0.0
S025,corridor,transition,102,1070000,0,PR1_HT1_EC0,No-EC,S025@corridor@transition:i102:nsga2:s1070000:r0:PR1_HT1_EC0:8fbc426fe68e,99da49bc5facfcdb946cf238748a769dea3acd25be847396ffc15775a1845096,0,4.211523217373897,4285.524384253617,-0.8755301794451508
S025,corridor,transition,102,1070000,0,PR1_HT1_EC0,No-EC,S025@corridor@transition:i102:nsga2:s1070000:r0:PR1_HT1_EC0:8fbc426fe68e,99da49bc5facfcdb946cf238748a769dea3acd25be847396ffc15775a1845096,1,4.215202153176456,4210.121476932916,-0.8755301794452136
S025,corridor,transition,102,1070000,0,PR1_HT1_EC0,No-EC,S025@corridor@transition:i102:nsga2:s1070000:r0:PR1_HT1_EC0:8fbc426fe68e,99da49bc5facfcdb946cf238748a769dea3acd25be847396ffc15775a1845096,2,4.242581553045056,4080.301270960677,-0.8755301794452139
S025,corridor,transition,102,1070000,0,PR1_HT1_EC0,No-EC,S025@corridor@transition:i102:nsga2:s1070000:r0:PR1_HT1_EC0:8fbc426fe68e,99da49bc5facfcdb946cf238748a769dea3acd25be847396ffc15775a1845096,3,4.328848892747315,4071.847026242334,-0.875530179445167
S025,corridor,transition,102,1070000,0,PR1_HT1_EC0,No-EC,S025@corridor@transition:i102:nsga2:s1070000:r0:PR1_HT1_EC0:8fbc426fe68e,99da49bc5facfcdb946cf238748a769dea3acd25be847396ffc15775a1845096,4,5.184052788449702,3368.1875074483582,-0.7661290322580645
S025,corridor,transition,102,1070000,0,PR1_HT1_EC0,No-EC,S025@corridor@transition:i102:nsga2:s1070000:r0:PR1_HT1_EC0:8fbc426fe68e,99da49bc5facfcdb946cf238748a769dea3acd25be847396ffc15775a1845096,5,5.190415718365358,3445.4862932207698,-0.7853403141361257
S025,corridor,transition,102,1070000,0,PR1_HT1_EC0,No-EC,S025@corridor@transition:i102:nsga2:s1070000:r0:PR1_HT1_EC0:8fbc426fe68e,99da49bc5facfcdb946cf238748a769dea3acd25be847396ffc15775a1845096,6,5.216153165520179,3359.6840550463307,-0.6837606837606838
S025,corridor,transition,102,1070000,0,PR1_HT1_EC0,No-EC,S025@corridor@transition:i102:nsga2:s1070000:r0:PR1_HT1_EC0:8fbc426fe68e,99da49bc5facfcdb946cf238748a769dea3acd25be847396ffc15775a1845096,7,5.264158824522969,3356.2954909501304,-0.6451612903225806
S025,corridor,transition,102,1070000,0,PR1_HT1_EC0,No-EC,S025@corridor@transition:i102:nsga2:s1070000:r0:PR1_HT1_EC0:8fbc426fe68e,99da49bc5facfcdb946cf238748a769dea3acd25be847396ffc15775a1845096,8,5.2761100844332045,3327.600833758858,-0.6410256410256411
S025,corridor,transition,102,1070000,0,PR1_HT1_EC0,No-EC,S025@corridor@transition:i102:nsga2:s1070000:r0:PR1_HT1_EC0:8fbc426fe68e,99da49bc5facfcdb946cf238748a769dea3acd25be847396ffc15775a1845096,9,5.2798583583346925,3325.3417910280573,-0.6451612903225806
S025,corridor,transition,102,1070000,0,PR1_HT1_EC0,No-EC,S025@corridor@transition:i102:nsga2:s1070000:r0:PR1_HT1_EC0:8fbc426fe68e,99da49bc5facfcdb946cf238748a769dea3acd25be847396ffc15775a1845096,10,5.811200794745219,3141.784348857381,-0.5128205128205128
S025,corridor,transition,102,1070000,0,PR1_HT1_EC0,No-EC,S025@corridor@transition:i102:nsga2:s1070000:r0:PR1_HT1_EC0:8fbc426fe68e,99da49bc5facfcdb946cf238748a769dea3acd25be847396ffc15775a1845096,11,5.834563059641514,3139.9195874972784,-0.6048387096774194
S025,corridor,transition,102,1070000,0,PR1_HT1_EC0,No-EC,S025@corridor@transition:i102:nsga2:s1070000:r0:PR1_HT1_EC0:8fbc426fe68e,99da49bc5facfcdb946cf238748a769dea3acd25be847396ffc15775a1845096,12,5.8403151566972875,3226.055394651502,-0.6282722513089005
S025,corridor,transition,102,1070000,0,PR1_HT1_EC0,No-EC,S025@corridor@transition:i102:nsga2:s1070000:r0:PR1_HT1_EC0:8fbc426fe68e,99da49bc5facfcdb946cf238748a769dea3acd25be847396ffc15775a1845096,13,5.868847354243383,3088.2448350281466,-0.5645161290322581
S025,corridor,transition,102,1070000,0,PR1_HT1_EC0,No-EC,S025@corridor@transition:i102:nsga2:s1070000:r0:PR1_HT1_EC0:8fbc426fe68e,99da49bc5facfcdb946cf238748a769dea3acd25be847396ffc15775a1845096,14,6.136650285928104,2926.576544613943,-0.42735042735042733
S025,corridor,transition,102,1070000,0,PR1_HT1_EC0,No-EC,S025@corridor@transition:i102:nsga2:s1070000:r0:PR1_HT1_EC0:8fbc426fe68e,99da49bc5facfcdb946cf238748a769dea3acd25be847396ffc15775a1845096,15,6.16129706530286,2885.304944717846,-0.4712041884816754
S025,corridor,transition,102,1070000,0,PR1_HT1_EC0,No-EC,S025@corridor@transition:i102:nsga2:s1070000:r0:PR1_HT1_EC0:8fbc426fe68e,99da49bc5facfcdb946cf238748a769dea3acd25be847396ffc15775a1845096,16,6.183605873666641,2867.7653213926164,-0.4032258064516129
S025,corridor,transition,102,1070000,0,PR1_HT1_EC0,No-EC,S025@corridor@transition:i102:nsga2:s1070000:r0:PR1_HT1_EC0:8fbc426fe68e,99da49bc5facfcdb946cf238748a769dea3acd25be847396ffc15775a1845096,17,6.188108260170005,2849.3354078395855,-0.42735042735042733
S025,corridor,transition,102,1070000,0,PR1_HT1_EC0,No-EC,S025@corridor@transition:i102:nsga2:s1070000:r0:PR1_HT1_EC0:8fbc426fe68e,99da49bc5facfcdb946cf238748a769dea3acd25be847396ffc15775a1845096,18,6.216235048083722,2870.2402687705535,-0.4712041884816754
S025,corridor,transition,102,1070000,0,PR1_HT1_EC0,No-EC,S025@corridor@transition:i102:nsga2:s1070000:r0:PR1_HT1_EC0:8fbc426fe68e,99da49bc5facfcdb946cf238748a769dea3acd25be847396ffc15775a1845096,19,6.240105590717552,2863.220631408768,-0.4712041884816754
S025,corridor,transition,102,1070000,0,PR1_HT1_EC0,No-EC,S025@corridor@transition:i102:nsga2:s1070000:r0:PR1_HT1_EC0:8fbc426fe68e,99da49bc5facfcdb946cf238748a769dea3acd25be847396ffc15775a1845096,20,6.247220754374321,2860.961588677967,-0.4712041884816754
S025,corridor,transition,102,1070000,0,PR1_HT1_EC0,No-EC,S025@corridor@transition:i102:nsga2:s1070000:r0:PR1_HT1_EC0:8fbc426fe68e,99da49bc5facfcdb946cf238748a769dea3acd25be847396ffc15775a1845096,21,6.508459341670265,2292.367817799694,-0.29914529914529914
S025,corridor,transition,102,1070000,0,PR1_HT1_EC0,No-EC,S025@corridor@transition:i102:nsga2:s1070000:r0:PR1_HT1_EC0:8fbc426fe68e,99da49bc5facfcdb946cf238748a769dea3acd25be847396ffc15775a1845096,22,6.509870318094218,2273.5170909695184,-0.3629032258064516
S025,corridor,transition,102,1070000,0,PR1_HT1_EC0,No-EC,S025@corridor@transition:i102:nsga2:s1070000:r0:PR1_HT1_EC0:8fbc426fe68e,99da49bc5facfcdb946cf238748a769dea3acd25be847396ffc15775a1845096,23,6.537558421884067,2352.964114138894,-0.4143646408839779
S025,corridor,transition,102,1070000,0,PR1_HT1_EC0,No-EC,S025@corridor@transition:i102:nsga2:s1070000:r0:PR1_HT1_EC0:8fbc426fe68e,99da49bc5facfcdb946cf238748a769dea3acd25be847396ffc15775a1845096,24,6.556417512573782,2291.0567142947484,-0.39267015706806285
S025,corridor,transition,102,1070000,0,PR1_HT1_EC0,No-EC,S025@corridor@transition:i102:nsga2:s1070000:r0:PR1_HT1_EC0:8fbc426fe68e,99da49bc5facfcdb946cf238748a769dea3acd25be847396ffc15775a1845096,25,6.762755129787318,1877.756720645652,-0.24193548387096775
S025,corridor,transition,102,1070000,0,PR1_HT1_EC0,No-EC,S025@corridor@transition:i102:nsga2:s1070000:r0:PR1_HT1_EC0:8fbc426fe68e,99da49bc5facfcdb946cf238748a769dea3acd25be847396ffc15775a1845096,26,6.770896936374542,1905.7958260844514,-0.28225806451612906
S025,corridor,transition,102,1070000,0,PR1_HT1_EC0,No-EC,S025@corridor@transition:i102:nsga2:s1070000:r0:PR1_HT1_EC0:8fbc426fe68e,99da49bc5facfcdb946cf238748a769dea3acd25be847396ffc15775a1845096,27,6.773533906523888,1876.6271992802517,-0.21367521367521367
S025,corridor,transition,102,1070000,0,PR1_HT1_EC0,No-EC,S025@corridor@transition:i102:nsga2:s1070000:r0:PR1_HT1_EC0:8fbc426fe68e,99da49bc5facfcdb946cf238748a769dea3acd25be847396ffc15775a1845096,28,6.774338475453999,1925.1205225275542,-0.31413612565445026
S025,corridor,transition,102,1070000,0,PR1_HT1_EC0,No-EC,S025@corridor@transition:i102:nsga2:s1070000:r0:PR1_HT1_EC0:8fbc426fe68e,99da49bc5facfcdb946cf238748a769dea3acd25be847396ffc15775a1845096,29,6.784855669744627,1876.6271992802517,-0.2617801047120419
S025,corridor,transition,102,1070000,0,PR1_HT1_EC0,No-EC,S025@corridor@transition:i102:nsga2:s1070000:r0:PR1_HT1_EC0:8fbc426fe68e,99da49bc5facfcdb946cf238748a769dea3acd25be847396ffc15775a1845096,30,6.822819118066349,1887.4190688672031,-0.31413612565445026
S025,corridor,transition,102,1070000,0,PR1_HT1_EC0,No-EC,S025@corridor@transition:i102:nsga2:s1070000:r0:PR1_HT1_EC0:8fbc426fe68e,99da49bc5facfcdb946cf238748a769dea3acd25be847396ffc15775a1845096,31,6.934484912008222,1850.8846612186805,-0.2564102564102564
S025,corridor,transition,102,1070000,0,PR1_HT1_EC0,No-EC,S025@corridor@transition:i102:nsga2:s1070000:r0:PR1_HT1_EC0:8fbc426fe68e,99da49bc5facfcdb946cf238748a769dea3acd25be847396ffc15775a1845096,32,6.941346367879781,1850.8846612186808,-0.2617801047120419
S025,corridor,transition,102,1070000,0,PR1_HT1_EC0,No-EC,S025@corridor@transition:i102:nsga2:s1070000:r0:PR1_HT1_EC0:8fbc426fe68e,99da49bc5facfcdb946cf238748a769dea3acd25be847396ffc15775a1845096,33,6.944844794472122,1841.6431262742742,-0.17094017094017094
S025,corridor,transition,102,1070000,0,PR1_HT1_EC0,No-EC,S025@corridor@transition:i102:nsga2:s1070000:r0:PR1_HT1_EC0:8fbc426fe68e,99da49bc5facfcdb946cf238748a769dea3acd25be847396ffc15775a1845096,34,6.9480269103416665,1839.9842324493438,-0.2094240837696335
S025,corridor,transition,102,1070000,0,PR1_HT1_EC0,No-EC,S025@corridor@transition:i102:nsga2:s1070000:r0:PR1_HT1_EC0:8fbc426fe68e,99da49bc5facfcdb946cf238748a769dea3acd25be847396ffc15775a1845096,35,6.957484841620203,1827.287158415237,-0.2094240837696335
S025,corridor,transition,102,1070000,0,PR1_HT1_EC0,No-EC,S025@corridor@transition:i102:nsga2:s1070000:r0:PR1_HT1_EC0:8fbc426fe68e,99da49bc5facfcdb946cf238748a769dea3acd25be847396ffc15775a1845096,36,6.967558687670083,1809.4756514664994,-0.15706806282722513
S025,corridor,transition,102,1070000,0,PR1_HT1_EC0,No-EC,S025@corridor@transition:i102:nsga2:s1070000:r0:PR1_HT1_EC0:8fbc426fe68e,99da49bc5facfcdb946cf238748a769dea3acd25be847396ffc15775a1845096,37,7.056556000361754,1569.6778738633654,-0.1282051282051282
S025,corridor,transition,102,1070000,0,PR1_HT1_EC0,No-EC,S025@corridor@transition:i102:nsga2:s1070000:r0:PR1_HT1_EC0:8fbc426fe68e,99da49bc5facfcdb946cf238748a769dea3acd25be847396ffc15775a1845096,38,7.060177773835461,1564.5634409487348,-0.16129032258064516
S025,corridor,transition,102,1070000,0,PR1_HT1_EC0,No-EC,S025@corridor@transition:i102:nsga2:s1070000:r0:PR1_HT1_EC0:8fbc426fe68e,99da49bc5facfcdb946cf238748a769dea3acd25be847396ffc15775a1845096,39,7.064883632643514,1586.5020499272482,-0.16574585635359115
S025,corridor,transition,102,1070000,0,PR1_HT1_EC0,No-EC,S025@corridor@transition:i102:nsga2:s1070000:r0:PR1_HT1_EC0:8fbc426fe68e,99da49bc5facfcdb946cf238748a769dea3acd25be847396ffc15775a1845096,40,7.096258227839591,1559.4490080341043,-0.10471204188481675
S025,corridor,transition,102,1070000,0,PR1_HT1_EC0,No-EC,S025@corridor@transition:i102:nsga2:s1070000:r0:PR1_HT1_EC0:8fbc426fe68e,99da49bc5facfcdb946cf238748a769dea3acd25be847396ffc15775a1845096,41,7.234783420530259,916.415996318924,-0.0
S025,corridor,transition,102,1070000,0,PR1_HT1_EC0,No-EC,S025@corridor@transition:i102:nsga2:s1070000:r0:PR1_HT1_EC0:8fbc426fe68e,99da49bc5facfcdb946cf238748a769dea3acd25be847396ffc15775a1845096,42,7.23536069021565,868.3966426845489,-0.0
S025,corridor,transition,102,1070000,0,PR1_HT1_EC0,No-EC,S025@corridor@transition:i102:nsga2:s1070000:r0:PR1_HT1_EC0:8fbc426fe68e,99da49bc5facfcdb946cf238748a769dea3acd25be847396ffc15775a1845096,43,7.239198464605875,859.8638158283977,-0.0
S025,corridor,transition,102,1070000,0,PR1_HT1_EC0,No-EC,S025@corridor@transition:i102:nsga2:s1070000:r0:PR1_HT1_EC0:8fbc426fe68e,99da49bc5facfcdb946cf238748a769dea3acd25be847396ffc15775a1845096,44,7.241614445141227,851.6025974786835,-0.0
S025,corridor,transition,102,1070000,0,PR1_HT1_EC0,No-EC,S025@corridor@transition:i102:nsga2:s1070000:r0:PR1_HT1_EC0:8fbc426fe68e,99da49bc5facfcdb946cf238748a769dea3acd25be847396ffc15775a1845096,45,7.248167525088803,833.8813920139082,-0.0
S025,corridor,transition,102,1070000,0,PR1_HT1_EC0,No-EC,S025@corridor@transition:i102:nsga2:s1070000:r0:PR1_HT1_EC0:8fbc426fe68e,99da49bc5facfcdb946cf238748a769dea3acd25be847396ffc15775a1845096,46,7.273481869812727,744.1091496740238,-0.0
S025,corridor,transition,102,1070000,0,PR1_HT1_EC0,No-EC,S025@corridor@transition:i102:nsga2:s1070000:r0:PR1_HT1_EC0:8fbc426fe68e,99da49bc5facfcdb946cf238748a769dea3acd25be847396ffc15775a1845096,47,7.299694189603029,497.23063206382767,-0.0
S025,corridor,transition,102,1070000,0,PR1_HT1_EC1,Full,S025@corridor@transition:i102:nsga2:s1070000:r0:PR1_HT1_EC1:53750258a23e,99da49bc5facfcdb946cf238748a769dea3acd25be847396ffc15775a1845096,0,4.2033467442665,4335.258567662476,-0.8755301794452136
S025,corridor,transition,102,1070000,0,PR1_HT1_EC1,Full,S025@corridor@transition:i102:nsga2:s1070000:r0:PR1_HT1_EC1:53750258a23e,99da49bc5facfcdb946cf238748a769dea3acd25be847396ffc15775a1845096,1,4.211523217373897,4285.524384253617,-0.8755301794451508
S025,corridor,transition,102,1070000,0,PR1_HT1_EC1,Full,S025@corridor@transition:i102:nsga2:s1070000:r0:PR1_HT1_EC1:53750258a23e,99da49bc5facfcdb946cf238748a769dea3acd25be847396ffc15775a1845096,2,4.215202153176456,4208.837989192714,-0.8755301794452136
S025,corridor,transition,102,1070000,0,PR1_HT1_EC1,Full,S025@corridor@transition:i102:nsga2:s1070000:r0:PR1_HT1_EC1:53750258a23e,99da49bc5facfcdb946cf238748a769dea3acd25be847396ffc15775a1845096,3,4.241883126193066,4176.381608331334,-0.8755301794452233
S025,corridor,transition,102,1070000,0,PR1_HT1_EC1,Full,S025@corridor@transition:i102:nsga2:s1070000:r0:PR1_HT1_EC1:53750258a23e,99da49bc5facfcdb946cf238748a769dea3acd25be847396ffc15775a1845096,4,4.242581553045056,4080.301270960677,-0.8755301794452139
S025,corridor,transition,102,1070000,0,PR1_HT1_EC1,Full,S025@corridor@transition:i102:nsga2:s1070000:r0:PR1_HT1_EC1:53750258a23e,99da49bc5facfcdb946cf238748a769dea3acd25be847396ffc15775a1845096,5,4.328848892747315,4071.847026242334,-0.875530179445167
S025,corridor,transition,102,1070000,0,PR1_HT1_EC1,Full,S025@corridor@transition:i102:nsga2:s1070000:r0:PR1_HT1_EC1:53750258a23e,99da49bc5facfcdb946cf238748a769dea3acd25be847396ffc15775a1845096,6,5.184052788449702,3366.2622758380558,-0.7661290322580645
S025,corridor,transition,102,1070000,0,PR1_HT1_EC1,Full,S025@corridor@transition:i102:nsga2:s1070000:r0:PR1_HT1_EC1:53750258a23e,99da49bc5facfcdb946cf238748a769dea3acd25be847396ffc15775a1845096,7,5.190415718365358,3443.5610616104673,-0.7853403141361257
S025,corridor,transition,102,1070000,0,PR1_HT1_EC1,Full,S025@corridor@transition:i102:nsga2:s1070000:r0:PR1_HT1_EC1:53750258a23e,99da49bc5facfcdb946cf238748a769dea3acd25be847396ffc15775a1845096,8,5.216153165520179,3357.7588234360283,-0.6837606837606838
S025,corridor,transition,102,1070000,0,PR1_HT1_EC1,Full,S025@corridor@transition:i102:nsga2:s1070000:r0:PR1_HT1_EC1:53750258a23e,99da49bc5facfcdb946cf238748a769dea3acd25be847396ffc15775a1845096,9,5.264158824522969,3354.370259339828,-0.6451612903225806
S025,corridor,transition,102,1070000,0,PR1_HT1_EC1,Full,S025@corridor@transition:i102:nsga2:s1070000:r0:PR1_HT1_EC1:53750258a23e,99da49bc5facfcdb946cf238748a769dea3acd25be847396ffc15775a1845096,10,5.2761100844332045,3325.6756021485553,-0.6410256410256411
S025,corridor,transition,102,1070000,0,PR1_HT1_EC1,Full,S025@corridor@transition:i102:nsga2:s1070000:r0:PR1_HT1_EC1:53750258a23e,99da49bc5facfcdb946cf238748a769dea3acd25be847396ffc15775a1845096,11,5.834563059641514,3139.9195874972784,-0.6048387096774194
S025,corridor,transition,102,1070000,0,PR1_HT1_EC1,Full,S025@corridor@transition:i102:nsga2:s1070000:r0:PR1_HT1_EC1:53750258a23e,99da49bc5facfcdb946cf238748a769dea3acd25be847396ffc15775a1845096,12,5.8403151566972875,3226.055394651502,-0.6282722513089005
S025,corridor,transition,102,1070000,0,PR1_HT1_EC1,Full,S025@corridor@transition:i102:nsga2:s1070000:r0:PR1_HT1_EC1:53750258a23e,99da49bc5facfcdb946cf238748a769dea3acd25be847396ffc15775a1845096,13,5.868847354243383,3088.2448350281466,-0.5645161290322581
S025,corridor,transition,102,1070000,0,PR1_HT1_EC1,Full,S025@corridor@transition:i102:nsga2:s1070000:r0:PR1_HT1_EC1:53750258a23e,99da49bc5facfcdb946cf238748a769dea3acd25be847396ffc15775a1845096,14,6.136650285928104,2926.576544613943,-0.42735042735042733
S025,corridor,transition,102,1070000,0,PR1_HT1_EC1,Full,S025@corridor@transition:i102:nsga2:s1070000:r0:PR1_HT1_EC1:53750258a23e,99da49bc5facfcdb946cf238748a769dea3acd25be847396ffc15775a1845096,15,6.16129706530286,2885.304944717846,-0.4712041884816754
S025,corridor,transition,102,1070000,0,PR1_HT1_EC1,Full,S025@corridor@transition:i102:nsga2:s1070000:r0:PR1_HT1_EC1:53750258a23e,99da49bc5facfcdb946cf238748a769dea3acd25be847396ffc15775a1845096,16,6.188108260170005,2859.6533078136104,-0.42735042735042733
S025,corridor,transition,102,1070000,0,PR1_HT1_EC1,Full,S025@corridor@transition:i102:nsga2:s1070000:r0:PR1_HT1_EC1:53750258a23e,99da49bc5facfcdb946cf238748a769dea3acd25be847396ffc15775a1845096,17,6.190389747813013,2880.233704915056,-0.4700854700854701
S025,corridor,transition,102,1070000,0,PR1_HT1_EC1,Full,S025@corridor@transition:i102:nsga2:s1070000:r0:PR1_HT1_EC1:53750258a23e,99da49bc5facfcdb946cf238748a769dea3acd25be847396ffc15775a1845096,18,6.232624396421143,2849.5470556426853,-0.42735042735042733
S025,corridor,transition,102,1070000,0,PR1_HT1_EC1,Full,S025@corridor@transition:i102:nsga2:s1070000:r0:PR1_HT1_EC1:53750258a23e,99da49bc5facfcdb946cf238748a769dea3acd25be847396ffc15775a1845096,19,6.240105590717552,2863.220631408768,-0.4712041884816754
S025,corridor,transition,102,1070000,0,PR1_HT1_EC1,Full,S025@corridor@transition:i102:nsga2:s1070000:r0:PR1_HT1_EC1:53750258a23e,99da49bc5facfcdb946cf238748a769dea3acd25be847396ffc15775a1845096,20,6.247220754374321,2860.961588677967,-0.4712041884816754
S025,corridor,transition,102,1070000,0,PR1_HT1_EC1,Full,S025@corridor@transition:i102:nsga2:s1070000:r0:PR1_HT1_EC1:53750258a23e,99da49bc5facfcdb946cf238748a769dea3acd25be847396ffc15775a1845096,21,6.51457554962144,2386.4324731974125,-0.29914529914529914
S025,corridor,transition,102,1070000,0,PR1_HT1_EC1,Full,S025@corridor@transition:i102:nsga2:s1070000:r0:PR1_HT1_EC1:53750258a23e,99da49bc5facfcdb946cf238748a769dea3acd25be847396ffc15775a1845096,22,6.515986526045393,2367.581746367237,-0.3629032258064516
S025,corridor,transition,102,1070000,0,PR1_HT1_EC1,Full,S025@corridor@transition:i102:nsga2:s1070000:r0:PR1_HT1_EC1:53750258a23e,99da49bc5facfcdb946cf238748a769dea3acd25be847396ffc15775a1845096,23,6.522976477989369,2294.626860530495,-0.28225806451612906
S025,corridor,transition,102,1070000,0,PR1_HT1_EC1,Full,S025@corridor@transition:i102:nsga2:s1070000:r0:PR1_HT1_EC1:53750258a23e,99da49bc5facfcdb946cf238748a769dea3acd25be847396ffc15775a1845096,24,6.536460461554876,2352.3085623864213,-0.29914529914529914
S025,corridor,transition,102,1070000,0,PR1_HT1_EC1,Full,S025@corridor@transition:i102:nsga2:s1070000:r0:PR1_HT1_EC1:53750258a23e,99da49bc5facfcdb946cf238748a769dea3acd25be847396ffc15775a1845096,25,6.5441546126965155,2319.0958197335476,-0.3225806451612903
S025,corridor,transition,102,1070000,0,PR1_HT1_EC1,Full,S025@corridor@transition:i102:nsga2:s1070000:r0:PR1_HT1_EC1:53750258a23e,99da49bc5facfcdb946cf238748a769dea3acd25be847396ffc15775a1845096,26,6.556417512573782,2291.0567142947484,-0.39267015706806285
S025,corridor,transition,102,1070000,0,PR1_HT1_EC1,Full,S025@corridor@transition:i102:nsga2:s1070000:r0:PR1_HT1_EC1:53750258a23e,99da49bc5facfcdb946cf238748a769dea3acd25be847396ffc15775a1845096,27,6.766003359969503,1898.3925205937005,-0.2564102564102564
S025,corridor,transition,102,1070000,0,PR1_HT1_EC1,Full,S025@corridor@transition:i102:nsga2:s1070000:r0:PR1_HT1_EC1:53750258a23e,99da49bc5facfcdb946cf238748a769dea3acd25be847396ffc15775a1845096,28,6.773533906523888,1876.6271992802517,-0.21367521367521367
S025,corridor,transition,102,1070000,0,PR1_HT1_EC1,Full,S025@corridor@transition:i102:nsga2:s1070000:r0:PR1_HT1_EC1:53750258a23e,99da49bc5facfcdb946cf238748a769dea3acd25be847396ffc15775a1845096,29,6.774338475453999,1925.1205225275542,-0.31413612565445026
S025,corridor,transition,102,1070000,0,PR1_HT1_EC1,Full,S025@corridor@transition:i102:nsga2:s1070000:r0:PR1_HT1_EC1:53750258a23e,99da49bc5facfcdb946cf238748a769dea3acd25be847396ffc15775a1845096,30,6.78744463534915,1878.8862420110522,-0.2617801047120419
S025,corridor,transition,102,1070000,0,PR1_HT1_EC1,Full,S025@corridor@transition:i102:nsga2:s1070000:r0:PR1_HT1_EC1:53750258a23e,99da49bc5facfcdb946cf238748a769dea3acd25be847396ffc15775a1845096,31,6.822819118066349,1887.4190688672031,-0.31413612565445026
S025,corridor,transition,102,1070000,0,PR1_HT1_EC1,Full,S025@corridor@transition:i102:nsga2:s1070000:r0:PR1_HT1_EC1:53750258a23e,99da49bc5facfcdb946cf238748a769dea3acd25be847396ffc15775a1845096,32,6.934484912008222,1850.8846612186805,-0.2564102564102564
S025,corridor,transition,102,1070000,0,PR1_HT1_EC1,Full,S025@corridor@transition:i102:nsga2:s1070000:r0:PR1_HT1_EC1:53750258a23e,99da49bc5facfcdb946cf238748a769dea3acd25be847396ffc15775a1845096,33,6.941346367879781,1850.8846612186808,-0.2617801047120419
S025,corridor,transition,102,1070000,0,PR1_HT1_EC1,Full,S025@corridor@transition:i102:nsga2:s1070000:r0:PR1_HT1_EC1:53750258a23e,99da49bc5facfcdb946cf238748a769dea3acd25be847396ffc15775a1845096,34,6.9480269103416665,1839.9842324493438,-0.2094240837696335
S025,corridor,transition,102,1070000,0,PR1_HT1_EC1,Full,S025@corridor@transition:i102:nsga2:s1070000:r0:PR1_HT1_EC1:53750258a23e,99da49bc5facfcdb946cf238748a769dea3acd25be847396ffc15775a1845096,35,6.949298222046798,1819.7045172957608,-0.22099447513812154
S025,corridor,transition,102,1070000,0,PR1_HT1_EC1,Full,S025@corridor@transition:i102:nsga2:s1070000:r0:PR1_HT1_EC1:53750258a23e,99da49bc5facfcdb946cf238748a769dea3acd25be847396ffc15775a1845096,36,6.967558687670083,1809.4756514664994,-0.15706806282722513
S025,corridor,transition,102,1070000,0,PR1_HT1_EC1,Full,S025@corridor@transition:i102:nsga2:s1070000:r0:PR1_HT1_EC1:53750258a23e,99da49bc5facfcdb946cf238748a769dea3acd25be847396ffc15775a1845096,37,7.056556000361754,1555.3219060043284,-0.1282051282051282
S025,corridor,transition,102,1070000,0,PR1_HT1_EC1,Full,S025@corridor@transition:i102:nsga2:s1070000:r0:PR1_HT1_EC1:53750258a23e,99da49bc5facfcdb946cf238748a769dea3acd25be847396ffc15775a1845096,38,7.057990332942086,1564.563440948735,-0.17094017094017094
S025,corridor,transition,102,1070000,0,PR1_HT1_EC1,Full,S025@corridor@transition:i102:nsga2:s1070000:r0:PR1_HT1_EC1:53750258a23e,99da49bc5facfcdb946cf238748a769dea3acd25be847396ffc15775a1845096,39,7.234783420530259,877.7666034327184,-0.0
S025,corridor,transition,102,1070000,0,PR1_HT1_EC1,Full,S025@corridor@transition:i102:nsga2:s1070000:r0:PR1_HT1_EC1:53750258a23e,99da49bc5facfcdb946cf238748a769dea3acd25be847396ffc15775a1845096,40,7.239198464605875,859.8638158283977,-0.0
S025,corridor,transition,102,1070000,0,PR1_HT1_EC1,Full,S025@corridor@transition:i102:nsga2:s1070000:r0:PR1_HT1_EC1:53750258a23e,99da49bc5facfcdb946cf238748a769dea3acd25be847396ffc15775a1845096,41,7.241614445141227,851.6025974786835,-0.0
S025,corridor,transition,102,1070000,0,PR1_HT1_EC1,Full,S025@corridor@transition:i102:nsga2:s1070000:r0:PR1_HT1_EC1:53750258a23e,99da49bc5facfcdb946cf238748a769dea3acd25be847396ffc15775a1845096,42,7.248167525088803,833.8813920139082,-0.0
S025,corridor,transition,102,1070000,0,PR1_HT1_EC1,Full,S025@corridor@transition:i102:nsga2:s1070000:r0:PR1_HT1_EC1:53750258a23e,99da49bc5facfcdb946cf238748a769dea3acd25be847396ffc15775a1845096,43,7.273481869812727,744.1091496740238,-0.0
S025,corridor,transition,102,1070000,0,PR1_HT1_EC1,Full,S025@corridor@transition:i102:nsga2:s1070000:r0:PR1_HT1_EC1:53750258a23e,99da49bc5facfcdb946cf238748a769dea3acd25be847396ffc15775a1845096,44,7.299694189603029,497.23063206382767,-0.0
S025,corridor,transition,102,1070001,1,PR0_HT1_EC1,No-PR,S025@corridor@transition:i102:nsga2:s1070001:r1:PR0_HT1_EC1:fdeb76700c41,99da49bc5facfcdb946cf238748a769dea3acd25be847396ffc15775a1845096,0,4.390306411130979,4093.0598151529225,-0.8755301794452158
S025,corridor,transition,102,1070001,1,PR0_HT1_EC1,No-PR,S025@corridor@transition:i102:nsga2:s1070001:r1:PR0_HT1_EC1:fdeb76700c41,99da49bc5facfcdb946cf238748a769dea3acd25be847396ffc15775a1845096,1,5.184052788449702,3368.1875074483582,-0.7661290322580645
S025,corridor,transition,102,1070001,1,PR0_HT1_EC1,No-PR,S025@corridor@transition:i102:nsga2:s1070001:r1:PR0_HT1_EC1:fdeb76700c41,99da49bc5facfcdb946cf238748a769dea3acd25be847396ffc15775a1845096,2,5.190415718365358,3445.4862932207698,-0.7853403141361257
S025,corridor,transition,102,1070001,1,PR0_HT1_EC1,No-PR,S025@corridor@transition:i102:nsga2:s1070001:r1:PR0_HT1_EC1:fdeb76700c41,99da49bc5facfcdb946cf238748a769dea3acd25be847396ffc15775a1845096,3,6.259273794908312,2879.73606722791,-0.4032258064516129
S025,corridor,transition,102,1070001,1,PR0_HT1_EC1,No-PR,S025@corridor@transition:i102:nsga2:s1070001:r1:PR0_HT1_EC1:fdeb76700c41,99da49bc5facfcdb946cf238748a769dea3acd25be847396ffc15775a1845096,4,6.770896936374542,1905.7958260844514,-0.28225806451612906
S025,corridor,transition,102,1070001,1,PR0_HT1_EC1,No-PR,S025@corridor@transition:i102:nsga2:s1070001:r1:PR0_HT1_EC1:fdeb76700c41,99da49bc5facfcdb946cf238748a769dea3acd25be847396ffc15775a1845096,5,6.957484841620203,1827.287158415237,-0.2094240837696335
S025,corridor,transition,102,1070001,1,PR0_HT1_EC1,No-PR,S025@corridor@transition:i102:nsga2:s1070001:r1:PR0_HT1_EC1:fdeb76700c41,99da49bc5facfcdb946cf238748a769dea3acd25be847396ffc15775a1845096,6,7.299694189603029,497.23063206382767,-0.0
S025,corridor,transition,102,1070001,1,PR1_HT0_EC1,No-HT,S025@corridor@transition:i102:nsga2:s1070001:r1:PR1_HT0_EC1:55440403c437,99da49bc5facfcdb946cf238748a769dea3acd25be847396ffc15775a1845096,0,4.289097343412644,4159.1576441198795,-0.8755301794452158
S025,corridor,transition,102,1070001,1,PR1_HT0_EC1,No-HT,S025@corridor@transition:i102:nsga2:s1070001:r1:PR1_HT0_EC1:55440403c437,99da49bc5facfcdb946cf238748a769dea3acd25be847396ffc15775a1845096,1,4.390306411130979,4093.0598151529225,-0.8755301794452158
S025,corridor,transition,102,1070001,1,PR1_HT0_EC1,No-HT,S025@corridor@transition:i102:nsga2:s1070001:r1:PR1_HT0_EC1:55440403c437,99da49bc5facfcdb946cf238748a769dea3acd25be847396ffc15775a1845096,2,5.184052788449702,3366.2622758380558,-0.7661290322580645
S025,corridor,transition,102,1070001,1,PR1_HT0_EC1,No-HT,S025@corridor@transition:i102:nsga2:s1070001:r1:PR1_HT0_EC1:55440403c437,99da49bc5facfcdb946cf238748a769dea3acd25be847396ffc15775a1845096,3,5.868847354243383,3088.2448350281466,-0.5645161290322581
S025,corridor,transition,102,1070001,1,PR1_HT0_EC1,No-HT,S025@corridor@transition:i102:nsga2:s1070001:r1:PR1_HT0_EC1:55440403c437,99da49bc5facfcdb946cf238748a769dea3acd25be847396ffc15775a1845096,4,5.913566367563319,3203.1575956175348,-0.6077348066298343
S025,corridor,transition,102,1070001,1,PR1_HT0_EC1,No-HT,S025@corridor@transition:i102:nsga2:s1070001:r1:PR1_HT0_EC1:55440403c437,99da49bc5facfcdb946cf238748a769dea3acd25be847396ffc15775a1845096,5,6.546729394708111,2447.0287695366123,-0.4143646408839779
S025,corridor,transition,102,1070001,1,PR1_HT0_EC1,No-HT,S025@corridor@transition:i102:nsga2:s1070001:r1:PR1_HT0_EC1:55440403c437,99da49bc5facfcdb946cf238748a769dea3acd25be847396ffc15775a1845096,6,6.547366059796608,2359.711867877172,-0.3867403314917127
S025,corridor,transition,102,1070001,1,PR1_HT0_EC1,No-HT,S025@corridor@transition:i102:nsga2:s1070001:r1:PR1_HT0_EC1:55440403c437,99da49bc5facfcdb946cf238748a769dea3acd25be847396ffc15775a1845096,7,6.579577978045817,2281.394366073197,-0.3225806451612903
S025,corridor,transition,102,1070001,1,PR1_HT0_EC1,No-HT,S025@corridor@transition:i102:nsga2:s1070001:r1:PR1_HT0_EC1:55440403c437,99da49bc5facfcdb946cf238748a769dea3acd25be847396ffc15775a1845096,8,6.770896936374542,1905.7958260844514,-0.28225806451612906
S025,corridor,transition,102,1070001,1,PR1_HT0_EC1,No-HT,S025@corridor@transition:i102:nsga2:s1070001:r1:PR1_HT0_EC1:55440403c437,99da49bc5facfcdb946cf238748a769dea3acd25be847396ffc15775a1845096,9,7.060946263450385,1599.199123961355,-0.12096774193548387
S025,corridor,transition,102,1070001,1,PR1_HT0_EC1,No-HT,S025@corridor@transition:i102:nsga2:s1070001:r1:PR1_HT0_EC1:55440403c437,99da49bc5facfcdb946cf238748a769dea3acd25be847396ffc15775a1845096,10,7.06257565256637,1599.199123961355,-0.15706806282722513
S025,corridor,transition,102,1070001,1,PR1_HT0_EC1,No-HT,S025@corridor@transition:i102:nsga2:s1070001:r1:PR1_HT0_EC1:55440403c437,99da49bc5facfcdb946cf238748a769dea3acd25be847396ffc15775a1845096,11,7.078000500157281,1562.0952327438893,-0.08287292817679558
S025,corridor,transition,102,1070001,1,PR1_HT0_EC1,No-HT,S025@corridor@transition:i102:nsga2:s1070001:r1:PR1_HT0_EC1:55440403c437,99da49bc5facfcdb946cf238748a769dea3acd25be847396ffc15775a1845096,12,7.082108389046715,1555.3219060043282,-0.11049723756906077
S025,corridor,transition,102,1070001,1,PR1_HT0_EC1,No-HT,S025@corridor@transition:i102:nsga2:s1070001:r1:PR1_HT0_EC1:55440403c437,99da49bc5facfcdb946cf238748a769dea3acd25be847396ffc15775a1845096,13,7.235980720618634,919.9861425546703,-0.0
S025,corridor,transition,102,1070001,1,PR1_HT0_EC1,No-HT,S025@corridor@transition:i102:nsga2:s1070001:r1:PR1_HT0_EC1:55440403c437,99da49bc5facfcdb946cf238748a769dea3acd25be847396ffc15775a1845096,14,7.273481869812727,744.1091496740238,-0.0
S025,corridor,transition,102,1070001,1,PR1_HT0_EC1,No-HT,S025@corridor@transition:i102:nsga2:s1070001:r1:PR1_HT0_EC1:55440403c437,99da49bc5facfcdb946cf238748a769dea3acd25be847396ffc15775a1845096,15,7.299694189603029,497.23063206382767,-0.0
S025,corridor,transition,102,1070001,1,PR1_HT1_EC0,No-EC,S025@corridor@transition:i102:nsga2:s1070001:r1:PR1_HT1_EC0:4fe4758377fe,99da49bc5facfcdb946cf238748a769dea3acd25be847396ffc15775a1845096,0,4.211523217373897,4285.524384253617,-0.8755301794451508
S025,corridor,transition,102,1070001,1,PR1_HT1_EC0,No-EC,S025@corridor@transition:i102:nsga2:s1070001:r1:PR1_HT1_EC0:4fe4758377fe,99da49bc5facfcdb946cf238748a769dea3acd25be847396ffc15775a1845096,1,4.241883126193066,4175.098120591132,-0.8755301794452233
S025,corridor,transition,102,1070001,1,PR1_HT1_EC0,No-EC,S025@corridor@transition:i102:nsga2:s1070001:r1:PR1_HT1_EC0:4fe4758377fe,99da49bc5facfcdb946cf238748a769dea3acd25be847396ffc15775a1845096,2,4.281711643099891,4123.217991937008,-0.8755301794452136
S025,corridor,transition,102,1070001,1,PR1_HT1_EC0,No-EC,S025@corridor@transition:i102:nsga2:s1070001:r1:PR1_HT1_EC0:4fe4758377fe,99da49bc5facfcdb946cf238748a769dea3acd25be847396ffc15775a1845096,3,4.282981135461567,4064.0234156053266,-0.8755301794452158
S025,corridor,transition,102,1070001,1,PR1_HT1_EC0,No-EC,S025@corridor@transition:i102:nsga2:s1070001:r1:PR1_HT1_EC0:4fe4758377fe,99da49bc5facfcdb946cf238748a769dea3acd25be847396ffc15775a1845096,4,5.184052788449702,3368.1875074483582,-0.7661290322580645
S025,corridor,transition,102,1070001,1,PR1_HT1_EC0,No-EC,S025@corridor@transition:i102:nsga2:s1070001:r1:PR1_HT1_EC0:4fe4758377fe,99da49bc5facfcdb946cf238748a769dea3acd25be847396ffc15775a1845096,5,5.190415718365358,3443.5610616104673,-0.7853403141361257
S025,corridor,transition,102,1070001,1,PR1_HT1_EC0,No-EC,S025@corridor@transition:i102:nsga2:s1070001:r1:PR1_HT1_EC0:4fe4758377fe,99da49bc5facfcdb946cf238748a769dea3acd25be847396ffc15775a1845096,6,5.216153165520179,3357.7588234360283,-0.6837606837606838
S025,corridor,transition,102,1070001,1,PR1_HT1_EC0,No-EC,S025@corridor@transition:i102:nsga2:s1070001:r1:PR1_HT1_EC0:4fe4758377fe,99da49bc5facfcdb946cf238748a769dea3acd25be847396ffc15775a1845096,7,5.264158824522969,3356.2954909501304,-0.6451612903225806
S025,corridor,transition,102,1070001,1,PR1_HT1_EC0,No-EC,S025@corridor@transition:i102:nsga2:s1070001:r1:PR1_HT1_EC0:4fe4758377fe,99da49bc5facfcdb946cf238748a769dea3acd25be847396ffc15775a1845096,8,5.2761100844332045,3327.600833758858,-0.6410256410256411
S025,corridor,transition,102,1070001,1,PR1_HT1_EC0,No-EC,S025@corridor@transition:i102:nsga2:s1070001:r1:PR1_HT1_EC0:4fe4758377fe,99da49bc5facfcdb946cf238748a769dea3acd25be847396ffc15775a1845096,9,5.2798583583346925,3325.3417910280573,-0.6451612903225806
S025,corridor,transition,102,1070001,1,PR1_HT1_EC0,No-EC,S025@corridor@transition:i102:nsga2:s1070001:r1:PR1_HT1_EC0:4fe4758377fe,99da49bc5facfcdb946cf238748a769dea3acd25be847396ffc15775a1845096,10,5.834563059641514,3139.9195874972784,-0.6048387096774194
S025,corridor,transition,102,1070001,1,PR1_HT1_EC0,No-EC,S025@corridor@transition:i102:nsga2:s1070001:r1:PR1_HT1_EC0:4fe4758377fe,99da49bc5facfcdb946cf238748a769dea3acd25be847396ffc15775a1845096,11,5.8403151566972875,3226.055394651502,-0.6282722513089005
S025,corridor,transition,102,1070001,1,PR1_HT1_EC0,No-EC,S025@corridor@transition:i102:nsga2:s1070001:r1:PR1_HT1_EC0:4fe4758377fe,99da49bc5facfcdb946cf238748a769dea3acd25be847396ffc15775a1845096,12,5.847946284921231,3059.2865886878476,-0.5241935483870968
S025,corridor,transition,102,1070001,1,PR1_HT1_EC0,No-EC,S025@corridor@transition:i102:nsga2:s1070001:r1:PR1_HT1_EC0:4fe4758377fe,99da49bc5facfcdb946cf238748a769dea3acd25be847396ffc15775a1845096,13,5.868847354243383,3088.2448350281466,-0.5645161290322581
S025,corridor,transition,102,1070001,1,PR1_HT1_EC0,No-EC,S025@corridor@transition:i102:nsga2:s1070001:r1:PR1_HT1_EC0:4fe4758377fe,99da49bc5facfcdb946cf238748a769dea3acd25be847396ffc15775a1845096,14,6.128653478432058,2993.4659637434133,-0.4972375690607735
S025,corridor,transition,102,1070001,1,PR1_HT1_EC0,No-EC,S025@corridor@transition:i102:nsga2:s1070001:r1:PR1_HT1_EC0:4fe4758377fe,99da49bc5facfcdb946cf238748a769dea3acd25be847396ffc15775a1845096,15,6.136650285928104,2926.576544613943,-0.42735042735042733
S025,corridor,transition,102,1070001,1,PR1_HT1_EC0,No-EC,S025@corridor@transition:i102:nsga2:s1070001:r1:PR1_HT1_EC0:4fe4758377fe,99da49bc5facfcdb946cf238748a769dea3acd25be847396ffc15775a1845096,16,6.15490016541864,2897.3547614739614,-0.4435483870967742
S025,corridor,transition,102,1070001,1,PR1_HT1_EC0,No-EC,S025@corridor@transition:i102:nsga2:s1070001:r1:PR1_HT1_EC0:4fe4758377fe,99da49bc5facfcdb946cf238748a769dea3acd25be847396ffc15775a1845096,17,6.183605873666641,2867.7653213926164,-0.4032258064516129
S025,corridor,transition,102,1070001,1,PR1_HT1_EC0,No-EC,S025@corridor@transition:i102:nsga2:s1070001:r1:PR1_HT1_EC0:4fe4758377fe,99da49bc5facfcdb946cf238748a769dea3acd25be847396ffc15775a1845096,18,6.216235048083722,2944.652329376695,-0.4712041884816754
S025,corridor,transition,102,1070001,1,PR1_HT1_EC0,No-EC,S025@corridor@transition:i102:nsga2:s1070001:r1:PR1_HT1_EC0:4fe4758377fe,99da49bc5facfcdb946cf238748a769dea3acd25be847396ffc15775a1845096,19,6.247220754374321,2931.955255342588,-0.4712041884816754
S025,corridor,transition,102,1070001,1,PR1_HT1_EC0,No-EC,S025@corridor@transition:i102:nsga2:s1070001:r1:PR1_HT1_EC0:4fe4758377fe,99da49bc5facfcdb946cf238748a769dea3acd25be847396ffc15775a1845096,20,6.495353181775114,2274.6466123349187,-0.38461538461538464
S025,corridor,transition,102,1070001,1,PR1_HT1_EC0,No-EC,S025@corridor@transition:i102:nsga2:s1070001:r1:PR1_HT1_EC0:4fe4758377fe,99da49bc5facfcdb946cf238748a769dea3acd25be847396ffc15775a1845096,21,6.509870318094218,2273.5170909695184,-0.3629032258064516
S025,corridor,transition,102,1070001,1,PR1_HT1_EC0,No-EC,S025@corridor@transition:i102:nsga2:s1070001:r1:PR1_HT1_EC0:4fe4758377fe,99da49bc5facfcdb946cf238748a769dea3acd25be847396ffc15775a1845096,22,6.546729394708111,2447.0287695366123,-0.4143646408839779
S025,corridor,transition,102,1070001,1,PR1_HT1_EC0,No-EC,S025@corridor@transition:i102:nsga2:s1070001:r1:PR1_HT1_EC0:4fe4758377fe,99da49bc5facfcdb946cf238748a769dea3acd25be847396ffc15775a1845096,23,6.762755129787318,1877.756720645652,-0.24193548387096775
S025,corridor,transition,102,1070001,1,PR1_HT1_EC0,No-EC,S025@corridor@transition:i102:nsga2:s1070001:r1:PR1_HT1_EC0:4fe4758377fe,99da49bc5facfcdb946cf238748a769dea3acd25be847396ffc15775a1845096,24,6.766003359969503,1898.3925205937005,-0.2564102564102564
S025,corridor,transition,102,1070001,1,PR1_HT1_EC0,No-EC,S025@corridor@transition:i102:nsga2:s1070001:r1:PR1_HT1_EC0:4fe4758377fe,99da49bc5facfcdb946cf238748a769dea3acd25be847396ffc15775a1845096,25,6.770896936374542,1905.7958260844514,-0.28225806451612906
S025,corridor,transition,102,1070001,1,PR1_HT1_EC0,No-EC,S025@corridor@transition:i102:nsga2:s1070001:r1:PR1_HT1_EC0:4fe4758377fe,99da49bc5facfcdb946cf238748a769dea3acd25be847396ffc15775a1845096,26,6.773533906523888,1876.6271992802517,-0.21367521367521367
S025,corridor,transition,102,1070001,1,PR1_HT1_EC0,No-EC,S025@corridor@transition:i102:nsga2:s1070001:r1:PR1_HT1_EC0:4fe4758377fe,99da49bc5facfcdb946cf238748a769dea3acd25be847396ffc15775a1845096,27,6.774338475453999,1925.1205225275542,-0.31413612565445026
S025,corridor,transition,102,1070001,1,PR1_HT1_EC0,No-EC,S025@corridor@transition:i102:nsga2:s1070001:r1:PR1_HT1_EC0:4fe4758377fe,99da49bc5facfcdb946cf238748a769dea3acd25be847396ffc15775a1845096,28,6.784855669744627,1876.6271992802517,-0.2617801047120419
S025,corridor,transition,102,1070001,1,PR1_HT1_EC0,No-EC,S025@corridor@transition:i102:nsga2:s1070001:r1:PR1_HT1_EC0:4fe4758377fe,99da49bc5facfcdb946cf238748a769dea3acd25be847396ffc15775a1845096,29,6.933130450588063,1888.7934179680049,-0.27624309392265195
S025,corridor,transition,102,1070001,1,PR1_HT1_EC0,No-EC,S025@corridor@transition:i102:nsga2:s1070001:r1:PR1_HT1_EC0:4fe4758377fe,99da49bc5facfcdb946cf238748a769dea3acd25be847396ffc15775a1845096,30,6.9397489097892135,1862.7277069597153,-0.22099447513812154
S025,corridor,transition,102,1070001,1,PR1_HT1_EC0,No-EC,S025@corridor@transition:i102:nsga2:s1070001:r1:PR1_HT1_EC0:4fe4758377fe,99da49bc5facfcdb946cf238748a769dea3acd25be847396ffc15775a1845096,31,6.959342770378365,1839.8017670963472,-0.16574585635359115
S025,corridor,transition,102,1070001,1,PR1_HT1_EC0,No-EC,S025@corridor@transition:i102:nsga2:s1070001:r1:PR1_HT1_EC0:4fe4758377fe,99da49bc5facfcdb946cf238748a769dea3acd25be847396ffc15775a1845096,32,6.965338827456287,1829.933383125022,-0.08547008547008547
S025,corridor,transition,102,1070001,1,PR1_HT1_EC0,No-EC,S025@corridor@transition:i102:nsga2:s1070001:r1:PR1_HT1_EC0:4fe4758377fe,99da49bc5facfcdb946cf238748a769dea3acd25be847396ffc15775a1845096,33,7.060177773835461,1564.5634409487348,-0.16129032258064516
S025,corridor,transition,102,1070001,1,PR1_HT1_EC0,No-EC,S025@corridor@transition:i102:nsga2:s1070001:r1:PR1_HT1_EC0:4fe4758377fe,99da49bc5facfcdb946cf238748a769dea3acd25be847396ffc15775a1845096,34,7.0641065408932615,1658.6280963464533,-0.17094017094017094
S025,corridor,transition,102,1070001,1,PR1_HT1_EC0,No-EC,S025@corridor@transition:i102:nsga2:s1070001:r1:PR1_HT1_EC0:4fe4758377fe,99da49bc5facfcdb946cf238748a769dea3acd25be847396ffc15775a1845096,35,7.085193892201905,1562.9045471238046,-0.10471204188481675
S025,corridor,transition,102,1070001,1,PR1_HT1_EC0,No-EC,S025@corridor@transition:i102:nsga2:s1070001:r1:PR1_HT1_EC0:4fe4758377fe,99da49bc5facfcdb946cf238748a769dea3acd25be847396ffc15775a1845096,36,7.234783420530259,927.9534440252401,-0.0
S025,corridor,transition,102,1070001,1,PR1_HT1_EC0,No-EC,S025@corridor@transition:i102:nsga2:s1070001:r1:PR1_HT1_EC0:4fe4758377fe,99da49bc5facfcdb946cf238748a769dea3acd25be847396ffc15775a1845096,37,7.235980720618634,893.8221366006355,-0.0
S025,corridor,transition,102,1070001,1,PR1_HT1_EC0,No-EC,S025@corridor@transition:i102:nsga2:s1070001:r1:PR1_HT1_EC0:4fe4758377fe,99da49bc5facfcdb946cf238748a769dea3acd25be847396ffc15775a1845096,38,7.239198464605875,871.4012635347137,-0.0
S025,corridor,transition,102,1070001,1,PR1_HT1_EC0,No-EC,S025@corridor@transition:i102:nsga2:s1070001:r1:PR1_HT1_EC0:4fe4758377fe,99da49bc5facfcdb946cf238748a769dea3acd25be847396ffc15775a1845096,39,7.246970225000428,868.0126994385129,-0.0
S025,corridor,transition,102,1070001,1,PR1_HT1_EC0,No-EC,S025@corridor@transition:i102:nsga2:s1070001:r1:PR1_HT1_EC0:4fe4758377fe,99da49bc5facfcdb946cf238748a769dea3acd25be847396ffc15775a1845096,40,7.273481869812727,744.1091496740238,-0.0
S025,corridor,transition,102,1070001,1,PR1_HT1_EC0,No-EC,S025@corridor@transition:i102:nsga2:s1070001:r1:PR1_HT1_EC0:4fe4758377fe,99da49bc5facfcdb946cf238748a769dea3acd25be847396ffc15775a1845096,41,7.299694189603029,497.23063206382767,-0.0
S025,corridor,transition,102,1070001,1,PR1_HT1_EC1,Full,S025@corridor@transition:i102:nsga2:s1070001:r1:PR1_HT1_EC1:f7b5fefe44d6,99da49bc5facfcdb946cf238748a769dea3acd25be847396ffc15775a1845096,0,4.211523217373897,4285.524384253617,-0.8755301794451508
S025,corridor,transition,102,1070001,1,PR1_HT1_EC1,Full,S025@corridor@transition:i102:nsga2:s1070001:r1:PR1_HT1_EC1:f7b5fefe44d6,99da49bc5facfcdb946cf238748a769dea3acd25be847396ffc15775a1845096,1,4.241883126193066,4175.098120591132,-0.8755301794452233
S025,corridor,transition,102,1070001,1,PR1_HT1_EC1,Full,S025@corridor@transition:i102:nsga2:s1070001:r1:PR1_HT1_EC1:f7b5fefe44d6,99da49bc5facfcdb946cf238748a769dea3acd25be847396ffc15775a1845096,2,4.281711643099891,4123.217991937008,-0.8755301794452136
S025,corridor,transition,102,1070001,1,PR1_HT1_EC1,Full,S025@corridor@transition:i102:nsga2:s1070001:r1:PR1_HT1_EC1:f7b5fefe44d6,99da49bc5facfcdb946cf238748a769dea3acd25be847396ffc15775a1845096,3,4.282981135461567,4065.092988722161,-0.8755301794452158
S025,corridor,transition,102,1070001,1,PR1_HT1_EC1,Full,S025@corridor@transition:i102:nsga2:s1070001:r1:PR1_HT1_EC1:f7b5fefe44d6,99da49bc5facfcdb946cf238748a769dea3acd25be847396ffc15775a1845096,4,5.184052788449702,3368.1875074483582,-0.7661290322580645
S025,corridor,transition,102,1070001,1,PR1_HT1_EC1,Full,S025@corridor@transition:i102:nsga2:s1070001:r1:PR1_HT1_EC1:f7b5fefe44d6,99da49bc5facfcdb946cf238748a769dea3acd25be847396ffc15775a1845096,5,5.190415718365358,3443.5610616104673,-0.7853403141361257
S025,corridor,transition,102,1070001,1,PR1_HT1_EC1,Full,S025@corridor@transition:i102:nsga2:s1070001:r1:PR1_HT1_EC1:f7b5fefe44d6,99da49bc5facfcdb946cf238748a769dea3acd25be847396ffc15775a1845096,6,5.216153165520179,3359.6840550463307,-0.6837606837606838
S025,corridor,transition,102,1070001,1,PR1_HT1_EC1,Full,S025@corridor@transition:i102:nsga2:s1070001:r1:PR1_HT1_EC1:f7b5fefe44d6,99da49bc5facfcdb946cf238748a769dea3acd25be847396ffc15775a1845096,7,5.264158824522969,3356.2954909501304,-0.6451612903225806
S025,corridor,transition,102,1070001,1,PR1_HT1_EC1,Full,S025@corridor@transition:i102:nsga2:s1070001:r1:PR1_HT1_EC1:f7b5fefe44d6,99da49bc5facfcdb946cf238748a769dea3acd25be847396ffc15775a1845096,8,5.2761100844332045,3327.600833758858,-0.6410256410256411
S025,corridor,transition,102,1070001,1,PR1_HT1_EC1,Full,S025@corridor@transition:i102:nsga2:s1070001:r1:PR1_HT1_EC1:f7b5fefe44d6,99da49bc5facfcdb946cf238748a769dea3acd25be847396ffc15775a1845096,9,5.2798583583346925,3325.3417910280573,-0.6451612903225806
S025,corridor,transition,102,1070001,1,PR1_HT1_EC1,Full,S025@corridor@transition:i102:nsga2:s1070001:r1:PR1_HT1_EC1:f7b5fefe44d6,99da49bc5facfcdb946cf238748a769dea3acd25be847396ffc15775a1845096,10,5.834563059641514,3139.9195874972784,-0.6048387096774194
S025,corridor,transition,102,1070001,1,PR1_HT1_EC1,Full,S025@corridor@transition:i102:nsga2:s1070001:r1:PR1_HT1_EC1:f7b5fefe44d6,99da49bc5facfcdb946cf238748a769dea3acd25be847396ffc15775a1845096,11,5.8349906218354946,3094.079495828586,-0.5241935483870968
S025,corridor,transition,102,1070001,1,PR1_HT1_EC1,Full,S025@corridor@transition:i102:nsga2:s1070001:r1:PR1_HT1_EC1:f7b5fefe44d6,99da49bc5facfcdb946cf238748a769dea3acd25be847396ffc15775a1845096,12,5.8403151566972875,3226.055394651502,-0.6282722513089005
S025,corridor,transition,102,1070001,1,PR1_HT1_EC1,Full,S025@corridor@transition:i102:nsga2:s1070001:r1:PR1_HT1_EC1:f7b5fefe44d6,99da49bc5facfcdb946cf238748a769dea3acd25be847396ffc15775a1845096,13,5.847946284921231,3059.2865886878476,-0.5241935483870968
S025,corridor,transition,102,1070001,1,PR1_HT1_EC1,Full,S025@corridor@transition:i102:nsga2:s1070001:r1:PR1_HT1_EC1:f7b5fefe44d6,99da49bc5facfcdb946cf238748a769dea3acd25be847396ffc15775a1845096,14,5.868847354243383,3088.2448350281466,-0.5645161290322581
S025,corridor,transition,102,1070001,1,PR1_HT1_EC1,Full,S025@corridor@transition:i102:nsga2:s1070001:r1:PR1_HT1_EC1:f7b5fefe44d6,99da49bc5facfcdb946cf238748a769dea3acd25be847396ffc15775a1845096,15,5.913566367563319,3203.1575956175348,-0.6077348066298343
S025,corridor,transition,102,1070001,1,PR1_HT1_EC1,Full,S025@corridor@transition:i102:nsga2:s1070001:r1:PR1_HT1_EC1:f7b5fefe44d6,99da49bc5facfcdb946cf238748a769dea3acd25be847396ffc15775a1845096,16,6.128653478432058,2993.4659637434133,-0.4972375690607735
S025,corridor,transition,102,1070001,1,PR1_HT1_EC1,Full,S025@corridor@transition:i102:nsga2:s1070001:r1:PR1_HT1_EC1:f7b5fefe44d6,99da49bc5facfcdb946cf238748a769dea3acd25be847396ffc15775a1845096,17,6.15490016541864,2897.3547614739614,-0.4435483870967742
S025,corridor,transition,102,1070001,1,PR1_HT1_EC1,Full,S025@corridor@transition:i102:nsga2:s1070001:r1:PR1_HT1_EC1:f7b5fefe44d6,99da49bc5facfcdb946cf238748a769dea3acd25be847396ffc15775a1845096,18,6.16129706530286,2963.135399265508,-0.4712041884816754
S025,corridor,transition,102,1070001,1,PR1_HT1_EC1,Full,S025@corridor@transition:i102:nsga2:s1070001:r1:PR1_HT1_EC1:f7b5fefe44d6,99da49bc5facfcdb946cf238748a769dea3acd25be847396ffc15775a1845096,19,6.224463013278527,2879.6275080455252,-0.4032258064516129
S025,corridor,transition,102,1070001,1,PR1_HT1_EC1,Full,S025@corridor@transition:i102:nsga2:s1070001:r1:PR1_HT1_EC1:f7b5fefe44d6,99da49bc5facfcdb946cf238748a769dea3acd25be847396ffc15775a1845096,20,6.247220754374321,2931.955255342588,-0.4712041884816754
S025,corridor,transition,102,1070001,1,PR1_HT1_EC1,Full,S025@corridor@transition:i102:nsga2:s1070001:r1:PR1_HT1_EC1:f7b5fefe44d6,99da49bc5facfcdb946cf238748a769dea3acd25be847396ffc15775a1845096,21,6.495353181775114,2274.6466123349187,-0.38461538461538464
S025,corridor,transition,102,1070001,1,PR1_HT1_EC1,Full,S025@corridor@transition:i102:nsga2:s1070001:r1:PR1_HT1_EC1:f7b5fefe44d6,99da49bc5facfcdb946cf238748a769dea3acd25be847396ffc15775a1845096,22,6.509870318094218,2273.5170909695184,-0.3629032258064516
S025,corridor,transition,102,1070001,1,PR1_HT1_EC1,Full,S025@corridor@transition:i102:nsga2:s1070001:r1:PR1_HT1_EC1:f7b5fefe44d6,99da49bc5facfcdb946cf238748a769dea3acd25be847396ffc15775a1845096,23,6.540613186756934,2352.9641141388943,-0.4143646408839779
S025,corridor,transition,102,1070001,1,PR1_HT1_EC1,Full,S025@corridor@transition:i102:nsga2:s1070001:r1:PR1_HT1_EC1:f7b5fefe44d6,99da49bc5facfcdb946cf238748a769dea3acd25be847396ffc15775a1845096,24,6.556417512573782,2291.0567142947484,-0.39267015706806285
S025,corridor,transition,102,1070001,1,PR1_HT1_EC1,Full,S025@corridor@transition:i102:nsga2:s1070001:r1:PR1_HT1_EC1:f7b5fefe44d6,99da49bc5facfcdb946cf238748a769dea3acd25be847396ffc15775a1845096,25,6.762755129787318,1877.756720645652,-0.24193548387096775
S025,corridor,transition,102,1070001,1,PR1_HT1_EC1,Full,S025@corridor@transition:i102:nsga2:s1070001:r1:PR1_HT1_EC1:f7b5fefe44d6,99da49bc5facfcdb946cf238748a769dea3acd25be847396ffc15775a1845096,26,6.766003359969503,1898.3925205937005,-0.2564102564102564
S025,corridor,transition,102,1070001,1,PR1_HT1_EC1,Full,S025@corridor@transition:i102:nsga2:s1070001:r1:PR1_HT1_EC1:f7b5fefe44d6,99da49bc5facfcdb946cf238748a769dea3acd25be847396ffc15775a1845096,27,6.770896936374542,1905.7958260844514,-0.28225806451612906
S025,corridor,transition,102,1070001,1,PR1_HT1_EC1,Full,S025@corridor@transition:i102:nsga2:s1070001:r1:PR1_HT1_EC1:f7b5fefe44d6,99da49bc5facfcdb946cf238748a769dea3acd25be847396ffc15775a1845096,28,6.773533906523888,1876.6271992802517,-0.21367521367521367
S025,corridor,transition,102,1070001,1,PR1_HT1_EC1,Full,S025@corridor@transition:i102:nsga2:s1070001:r1:PR1_HT1_EC1:f7b5fefe44d6,99da49bc5facfcdb946cf238748a769dea3acd25be847396ffc15775a1845096,29,6.774338475453999,1925.1205225275542,-0.31413612565445026
S025,corridor,transition,102,1070001,1,PR1_HT1_EC1,Full,S025@corridor@transition:i102:nsga2:s1070001:r1:PR1_HT1_EC1:f7b5fefe44d6,99da49bc5facfcdb946cf238748a769dea3acd25be847396ffc15775a1845096,30,6.78744463534915,1878.8862420110522,-0.2617801047120419
S025,corridor,transition,102,1070001,1,PR1_HT1_EC1,Full,S025@corridor@transition:i102:nsga2:s1070001:r1:PR1_HT1_EC1:f7b5fefe44d6,99da49bc5facfcdb946cf238748a769dea3acd25be847396ffc15775a1845096,31,6.933130450588063,1888.7934179680049,-0.27624309392265195
S025,corridor,transition,102,1070001,1,PR1_HT1_EC1,Full,S025@corridor@transition:i102:nsga2:s1070001:r1:PR1_HT1_EC1:f7b5fefe44d6,99da49bc5facfcdb946cf238748a769dea3acd25be847396ffc15775a1845096,32,6.9397489097892135,1862.7277069597153,-0.22099447513812154
S025,corridor,transition,102,1070001,1,PR1_HT1_EC1,Full,S025@corridor@transition:i102:nsga2:s1070001:r1:PR1_HT1_EC1:f7b5fefe44d6,99da49bc5facfcdb946cf238748a769dea3acd25be847396ffc15775a1845096,33,6.959342770378365,1839.8017670963472,-0.16574585635359115
S025,corridor,transition,102,1070001,1,PR1_HT1_EC1,Full,S025@corridor@transition:i102:nsga2:s1070001:r1:PR1_HT1_EC1:f7b5fefe44d6,99da49bc5facfcdb946cf238748a769dea3acd25be847396ffc15775a1845096,34,6.965338827456287,1829.933383125022,-0.08547008547008547
S025,corridor,transition,102,1070001,1,PR1_HT1_EC1,Full,S025@corridor@transition:i102:nsga2:s1070001:r1:PR1_HT1_EC1:f7b5fefe44d6,99da49bc5facfcdb946cf238748a769dea3acd25be847396ffc15775a1845096,35,7.060177773835461,1564.5634409487348,-0.16129032258064516
S025,corridor,transition,102,1070001,1,PR1_HT1_EC1,Full,S025@corridor@transition:i102:nsga2:s1070001:r1:PR1_HT1_EC1:f7b5fefe44d6,99da49bc5facfcdb946cf238748a769dea3acd25be847396ffc15775a1845096,36,7.0641065408932615,1658.6280963464533,-0.17094017094017094
S025,corridor,transition,102,1070001,1,PR1_HT1_EC1,Full,S025@corridor@transition:i102:nsga2:s1070001:r1:PR1_HT1_EC1:f7b5fefe44d6,99da49bc5facfcdb946cf238748a769dea3acd25be847396ffc15775a1845096,37,7.064883632643514,1577.2605149828419,-0.16574585635359115
S025,corridor,transition,102,1070001,1,PR1_HT1_EC1,Full,S025@corridor@transition:i102:nsga2:s1070001:r1:PR1_HT1_EC1:f7b5fefe44d6,99da49bc5facfcdb946cf238748a769dea3acd25be847396ffc15775a1845096,38,7.085193892201905,1562.9045471238046,-0.10471204188481675
S025,corridor,transition,102,1070001,1,PR1_HT1_EC1,Full,S025@corridor@transition:i102:nsga2:s1070001:r1:PR1_HT1_EC1:f7b5fefe44d6,99da49bc5facfcdb946cf238748a769dea3acd25be847396ffc15775a1845096,39,7.234783420530259,927.9534440252401,-0.0
S025,corridor,transition,102,1070001,1,PR1_HT1_EC1,Full,S025@corridor@transition:i102:nsga2:s1070001:r1:PR1_HT1_EC1:f7b5fefe44d6,99da49bc5facfcdb946cf238748a769dea3acd25be847396ffc15775a1845096,40,7.235980720618634,893.8221366006355,-0.0
S025,corridor,transition,102,1070001,1,PR1_HT1_EC1,Full,S025@corridor@transition:i102:nsga2:s1070001:r1:PR1_HT1_EC1:f7b5fefe44d6,99da49bc5facfcdb946cf238748a769dea3acd25be847396ffc15775a1845096,41,7.246970225000428,868.0126994385129,-0.0
S025,corridor,transition,102,1070001,1,PR1_HT1_EC1,Full,S025@corridor@transition:i102:nsga2:s1070001:r1:PR1_HT1_EC1:f7b5fefe44d6,99da49bc5facfcdb946cf238748a769dea3acd25be847396ffc15775a1845096,42,7.273481869812727,744.1091496740238,-0.0
S025,corridor,transition,102,1070001,1,PR1_HT1_EC1,Full,S025@corridor@transition:i102:nsga2:s1070001:r1:PR1_HT1_EC1:f7b5fefe44d6,99da49bc5facfcdb946cf238748a769dea3acd25be847396ffc15775a1845096,43,7.299694189603029,497.23063206382767,-0.0
