case_id,scenario_family,zone,instance_seed,solver_seed,solver_repeat,model_id,model,run_key,physical_instance_hash,solution_id,decision_hash,is_representative,execution_minus_planning_F1,execution_minus_planning_F2,execution_minus_planning_F3,changed_F1,changed_F2,changed_F3
WEN38,benchmark,original,1,60000,0,PR0_HT1_EC1,No-PR,WEN38:i1:nsga2:s60000:r0:PR0_HT1_EC1:b9f998d6cc5d,cf9bc95d906238978e0c5ab26a1947d4104e026d3bac972323bf05453ec86ca7,p0001,741f40313babe82b,True,-0.2496456413888719,60854.83333333334,0.2654444483223415,True,True,True
WEN38,benchmark,original,1,60000,0,PR0_HT1_EC1,No-PR,WEN38:i1:nsga2:s60000:r0:PR0_HT1_EC1:b9f998d6cc5d,cf9bc95d906238978e0c5ab26a1947d4104e026d3bac972323bf05453ec86ca7,p0002,ad88ad06695e5816,False,-0.11843185099027842,1363.6666666666715,0.322087655174073,True,True,True
WEN38,benchmark,original,1,60000,0,PR0_HT1_EC1,No-PR,WEN38:i1:nsga2:s60000:r0:PR0_HT1_EC1:b9f998d6cc5d,cf9bc95d906238978e0c5ab26a1947d4104e026d3bac972323bf05453ec86ca7,p0003,17349585d354d0e6,False,-0.16645995747720077,9305.333333333328,0.2798237330835036,True,True,True
WEN38,benchmark,original,1,60000,0,PR0_HT1_EC1,No-PR,WEN38:i1:nsga2:s60000:r0:PR0_HT1_EC1:b9f998d6cc5d,cf9bc95d906238978e0c5ab26a1947d4104e026d3bac972323bf05453ec86ca7,p0004,6ca2be21ec93867a,False,-0.3012055810781469,52426.5,0.21532645020215568,True,True,True
WEN38,benchmark,original,1,60000,0,PR0_HT1_EC1,No-PR,WEN38:i1:nsga2:s60000:r0:PR0_HT1_EC1:b9f998d6cc5d,cf9bc95d906238978e0c5ab26a1947d4104e026d3bac972323bf05453ec86ca7,p0005,d395df58948ad092,False,-0.07840789296661788,16723.166666666686,0.2780056800274906,True,True,True
WEN38,benchmark,original,1,60000,0,PR0_HT1_EC1,No-PR,WEN38:i1:nsga2:s60000:r0:PR0_HT1_EC1:b9f998d6cc5d,cf9bc95d906238978e0c5ab26a1947d4104e026d3bac972323bf05453ec86ca7,p0006,0ab462427e134102,False,-0.20694542877353417,10641.666666666672,0.21642377098123688,True,True,True
WEN38,benchmark,original,1,60000,0,PR0_HT1_EC1,No-PR,WEN38:i1:nsga2:s60000:r0:PR0_HT1_EC1:b9f998d6cc5d,cf9bc95d906238978e0c5ab26a1947d4104e026d3bac972323bf05453ec86ca7,p0007,b47d7fd61598c3a5,False,-0.30173635719371195,66262.16666666669,0.17847276694465108,True,True,True
WEN38,benchmark,original,1,60000,0,PR0_HT1_EC1,No-PR,WEN38:i1:nsga2:s60000:r0:PR0_HT1_EC1:b9f998d6cc5d,cf9bc95d906238978e0c5ab26a1947d4104e026d3bac972323bf05453ec86ca7,p0008,6e5971497379b107,False,-0.1262402551370836,17980.666666666686,0.19464977120787808,True,True,True
WEN38,benchmark,original,1,60000,0,PR0_HT1_EC1,No-PR,WEN38:i1:nsga2:s60000:r0:PR0_HT1_EC1:b9f998d6cc5d,cf9bc95d906238978e0c5ab26a1947d4104e026d3bac972323bf05453ec86ca7,p0009,cd5d6b1d7f0f1a90,False,-0.1262402551370836,19691.0,0.19464977120787808,True,True,True
WEN38,benchmark,original,1,60000,0,PR0_HT1_EC1,No-PR,WEN38:i1:nsga2:s60000:r0:PR0_HT1_EC1:b9f998d6cc5d,cf9bc95d906238978e0c5ab26a1947d4104e026d3bac972323bf05453ec86ca7,p0010,5292245e1bb165b8,False,-0.07550412329644418,10121.0,0.10850611646765174,True,True,True
WEN38,benchmark,original,1,60000,0,PR0_HT1_EC1,No-PR,WEN38:i1:nsga2:s60000:r0:PR0_HT1_EC1:b9f998d6cc5d,cf9bc95d906238978e0c5ab26a1947d4104e026d3bac972323bf05453ec86ca7,p0011,b704bae00d8af914,False,-0.16299612327331747,83986.33333333334,0.10645667392145697,True,True,True
WEN38,benchmark,original,1,60000,0,PR0_HT1_EC1,No-PR,WEN38:i1:nsga2:s60000:r0:PR0_HT1_EC1:b9f998d6cc5d,cf9bc95d906238978e0c5ab26a1947d4104e026d3bac972323bf05453ec86ca7,p0012,ffca51704f820b8a,False,-0.050761871013097704,30143.666666666686,0.16833148353725846,True,True,True
WEN38,benchmark,original,1,60000,0,PR0_HT1_EC1,No-PR,WEN38:i1:nsga2:s60000:r0:PR0_HT1_EC1:b9f998d6cc5d,cf9bc95d906238978e0c5ab26a1947d4104e026d3bac972323bf05453ec86ca7,p0013,aee1797920e4ff3e,False,-0.035312850819229524,15274.333333333314,0.15353311136004777,True,True,True
WEN38,benchmark,original,1,60000,0,PR0_HT1_EC1,No-PR,WEN38:i1:nsga2:s60000:r0:PR0_HT1_EC1:b9f998d6cc5d,cf9bc95d906238978e0c5ab26a1947d4104e026d3bac972323bf05453ec86ca7,p0014,0a8d2af1a1fb0019,False,-0.1668143160884128,72409.33333333331,-0.08972811992316565,True,True,True
WEN38,benchmark,original,1,60000,0,PR0_HT1_EC1,No-PR,WEN38:i1:nsga2:s60000:r0:PR0_HT1_EC1:b9f998d6cc5d,cf9bc95d906238978e0c5ab26a1947d4104e026d3bac972323bf05453ec86ca7,p0015,9b388ac05df3f319,False,-0.1615088278011383,29879.66666666667,0.07405908539294614,True,True,True
WEN38,benchmark,original,1,60000,0,PR0_HT1_EC1,No-PR,WEN38:i1:nsga2:s60000:r0:PR0_HT1_EC1:b9f998d6cc5d,cf9bc95d906238978e0c5ab26a1947d4104e026d3bac972323bf05453ec86ca7,p0016,ebbf16f63e800fe0,False,-0.06553175634916819,6243.333333333343,0.06267922982624441,True,True,True
WEN38,benchmark,original,1,60000,0,PR0_HT1_EC1,No-PR,WEN38:i1:nsga2:s60000:r0:PR0_HT1_EC1:b9f998d6cc5d,cf9bc95d906238978e0c5ab26a1947d4104e026d3bac972323bf05453ec86ca7,p0017,9b8e5b47ebe2dbf3,False,-0.07952229313768155,2311.3333333333285,0.06267922982624441,True,True,True
WEN38,benchmark,original,1,60000,0,PR0_HT1_EC1,No-PR,WEN38:i1:nsga2:s60000:r0:PR0_HT1_EC1:b9f998d6cc5d,cf9bc95d906238978e0c5ab26a1947d4104e026d3bac972323bf05453ec86ca7,p0018,5d15237e1aa77f92,False,-0.14071046935341247,73715.66666666669,0.0,True,True,False
WEN38,benchmark,original,1,60000,0,PR0_HT1_EC1,No-PR,WEN38:i1:nsga2:s60000:r0:PR0_HT1_EC1:b9f998d6cc5d,cf9bc95d906238978e0c5ab26a1947d4104e026d3bac972323bf05453ec86ca7,p0019,97fd843d04c5a4a0,False,-0.08770375620119619,6947.0,0.0,True,True,False
WEN38,benchmark,original,1,60000,0,PR0_HT1_EC1,No-PR,WEN38:i1:nsga2:s60000:r0:PR0_HT1_EC1:b9f998d6cc5d,cf9bc95d906238978e0c5ab26a1947d4104e026d3bac972323bf05453ec86ca7,p0020,586befea503409f1,False,-0.18295072972852777,67877.0,1.8189894035458565e-12,True,True,False
WEN38,benchmark,original,1,60000,0,PR0_HT1_EC1,No-PR,WEN38:i1:nsga2:s60000:r0:PR0_HT1_EC1:b9f998d6cc5d,cf9bc95d906238978e0c5ab26a1947d4104e026d3bac972323bf05453ec86ca7,p0021,b0d1129e2b0ccaf2,False,-0.05203969907555894,19298.0,1.8189894035458565e-12,True,True,False
WEN38,benchmark,original,1,60000,0,PR0_HT1_EC1,No-PR,WEN38:i1:nsga2:s60000:r0:PR0_HT1_EC1:b9f998d6cc5d,cf9bc95d906238978e0c5ab26a1947d4104e026d3bac972323bf05453ec86ca7,p0022,1a7f27658c10fc11,False,-0.007719237262884704,1841.333333333343,0.044676409188468824,True,True,True
WEN38,benchmark,original,1,60000,0,PR0_HT1_EC1,No-PR,WEN38:i1:nsga2:s60000:r0:PR0_HT1_EC1:b9f998d6cc5d,cf9bc95d906238978e0c5ab26a1947d4104e026d3bac972323bf05453ec86ca7,p0023,0e764fa044faff56,False,-0.02840570579420021,34989.666666666686,0.0,True,True,False
WEN38,benchmark,original,1,60000,0,PR0_HT1_EC1,No-PR,WEN38:i1:nsga2:s60000:r0:PR0_HT1_EC1:b9f998d6cc5d,cf9bc95d906238978e0c5ab26a1947d4104e026d3bac972323bf05453ec86ca7,p0024,e338d6821b581a22,False,-0.03089452452608299,20655.333333333343,0.0,True,True,False
WEN38,benchmark,original,1,60000,0,PR0_HT1_EC1,No-PR,WEN38:i1:nsga2:s60000:r0:PR0_HT1_EC1:b9f998d6cc5d,cf9bc95d906238978e0c5ab26a1947d4104e026d3bac972323bf05453ec86ca7,p0025,95131642e1b621b2,False,-0.0047031359115621285,19898.666666666686,0.0,True,True,False
WEN38,benchmark,original,1,60000,0,PR0_HT1_EC1,No-PR,WEN38:i1:nsga2:s60000:r0:PR0_HT1_EC1:b9f998d6cc5d,cf9bc95d906238978e0c5ab26a1947d4104e026d3bac972323bf05453ec86ca7,p0026,dbceb56e1d67cd67,False,0.001055191516513787,18955.000000000015,0.0,True,True,False
WEN38,benchmark,original,1,60000,0,PR0_HT1_EC1,No-PR,WEN38:i1:nsga2:s60000:r0:PR0_HT1_EC1:b9f998d6cc5d,cf9bc95d906238978e0c5ab26a1947d4104e026d3bac972323bf05453ec86ca7,p0027,52573b9eb4914e84,False,0.001274204671281698,338.0,0.0,True,True,False
WEN38,benchmark,original,1,60000,0,PR0_HT1_EC1,No-PR,WEN38:i1:nsga2:s60000:r0:PR0_HT1_EC1:b9f998d6cc5d,cf9bc95d906238978e0c5ab26a1947d4104e026d3bac972323bf05453ec86ca7,p0028,33886f1b1aa46f1a,False,-0.11869640754825994,56176.33333333337,0.0,True,True,False
WEN38,benchmark,original,1,60000,0,PR0_HT1_EC1,No-PR,WEN38:i1:nsga2:s60000:r0:PR0_HT1_EC1:b9f998d6cc5d,cf9bc95d906238978e0c5ab26a1947d4104e026d3bac972323bf05453ec86ca7,p0029,4082d07f6c6aeec9,False,0.003177211477715769,5889.3333333333285,0.0,True,True,False
WEN38,benchmark,original,1,60000,0,PR0_HT1_EC1,No-PR,WEN38:i1:nsga2:s60000:r0:PR0_HT1_EC1:b9f998d6cc5d,cf9bc95d906238978e0c5ab26a1947d4104e026d3bac972323bf05453ec86ca7,p0030,cde2489b5d4cebd6,False,-0.0665436121357188,43316.16666666666,0.0,True,True,False
WEN38,benchmark,original,1,60000,0,PR0_HT1_EC1,No-PR,WEN38:i1:nsga2:s60000:r0:PR0_HT1_EC1:b9f998d6cc5d,cf9bc95d906238978e0c5ab26a1947d4104e026d3bac972323bf05453ec86ca7,p0031,327da1850d49131d,False,-0.13389977236598583,41630.33333333334,0.0,True,True,False
WEN38,benchmark,original,1,60000,0,PR0_HT1_EC1,No-PR,WEN38:i1:nsga2:s60000:r0:PR0_HT1_EC1:b9f998d6cc5d,cf9bc95d906238978e0c5ab26a1947d4104e026d3bac972323bf05453ec86ca7,p0032,ed0c9f7b8bc2e79c,False,-0.311809373849639,74809.83333333334,0.0,True,True,False
WEN38,benchmark,original,1,60000,0,PR0_HT1_EC1,No-PR,WEN38:i1:nsga2:s60000:r0:PR0_HT1_EC1:b9f998d6cc5d,cf9bc95d906238978e0c5ab26a1947d4104e026d3bac972323bf05453ec86ca7,p0033,bdae7e7613e727cb,False,-0.29310487428556353,86022.33333333334,0.0,True,True,False
WEN38,benchmark,original,1,60000,0,PR1_HT0_EC1,No-HT,WEN38:i1:nsga2:s60000:r0:PR1_HT0_EC1:ed89f90c2cee,cf9bc95d906238978e0c5ab26a1947d4104e026d3bac972323bf05453ec86ca7,p0001,823b3154a1b29d06,True,-0.0017717930545710914,18724.66666666667,0.0049394912321076845,True,True,True
WEN38,benchmark,original,1,60000,0,PR1_HT0_EC1,No-HT,WEN38:i1:nsga2:s60000:r0:PR1_HT0_EC1:ed89f90c2cee,cf9bc95d906238978e0c5ab26a1947d4104e026d3bac972323bf05453ec86ca7,p0002,0eaffc912ec56fc0,False,0.0,29596.000000000015,0.38638367601836804,False,True,True
WEN38,benchmark,original,1,60000,0,PR1_HT0_EC1,No-HT,WEN38:i1:nsga2:s60000:r0:PR1_HT0_EC1:ed89f90c2cee,cf9bc95d906238978e0c5ab26a1947d4104e026d3bac972323bf05453ec86ca7,p0003,65f379b8eb4cbc59,False,0.0,11974.666666666672,0.0,False,True,False
WEN38,benchmark,original,1,60000,0,PR1_HT0_EC1,No-HT,WEN38:i1:nsga2:s60000:r0:PR1_HT0_EC1:ed89f90c2cee,cf9bc95d906238978e0c5ab26a1947d4104e026d3bac972323bf05453ec86ca7,p0004,13bd992ff5871c64,False,0.0,32104.66666666667,0.0,False,True,False
WEN38,benchmark,original,1,60000,0,PR1_HT0_EC1,No-HT,WEN38:i1:nsga2:s60000:r0:PR1_HT0_EC1:ed89f90c2cee,cf9bc95d906238978e0c5ab26a1947d4104e026d3bac972323bf05453ec86ca7,p0005,8473f1bbc18e0689,False,0.0,2535.3333333333285,0.0,False,True,False
WEN38,benchmark,original,1,60000,0,PR1_HT0_EC1,No-HT,WEN38:i1:nsga2:s60000:r0:PR1_HT0_EC1:ed89f90c2cee,cf9bc95d906238978e0c5ab26a1947d4104e026d3bac972323bf05453ec86ca7,p0006,3d54557fb698b2f4,False,0.0,1167.3333333333285,0.0,False,True,False
WEN38,benchmark,original,1,60000,0,PR1_HT0_EC1,No-HT,WEN38:i1:nsga2:s60000:r0:PR1_HT0_EC1:ed89f90c2cee,cf9bc95d906238978e0c5ab26a1947d4104e026d3bac972323bf05453ec86ca7,p0007,0628a31467e6cd38,False,0.0,3787.333333333343,0.0,False,True,False
WEN38,benchmark,original,1,60000,0,PR1_HT0_EC1,No-HT,WEN38:i1:nsga2:s60000:r0:PR1_HT0_EC1:ed89f90c2cee,cf9bc95d906238978e0c5ab26a1947d4104e026d3bac972323bf05453ec86ca7,p0008,349d797b46d59b0b,False,0.0,1657.333333333343,0.0,False,True,False
WEN38,benchmark,original,1,60000,0,PR1_HT0_EC1,No-HT,WEN38:i1:nsga2:s60000:r0:PR1_HT0_EC1:ed89f90c2cee,cf9bc95d906238978e0c5ab26a1947d4104e026d3bac972323bf05453ec86ca7,p0009,2b666c387ce97324,False,0.0,1436.6666666666715,0.0,False,True,False
WEN38,benchmark,original,1,60000,0,PR1_HT0_EC1,No-HT,WEN38:i1:nsga2:s60000:r0:PR1_HT0_EC1:ed89f90c2cee,cf9bc95d906238978e0c5ab26a1947d4104e026d3bac972323bf05453ec86ca7,p0010,de0ab012ee68320e,False,0.0,1090.6666666666715,0.0,False,True,False
WEN38,benchmark,original,1,60000,0,PR1_HT0_EC1,No-HT,WEN38:i1:nsga2:s60000:r0:PR1_HT0_EC1:ed89f90c2cee,cf9bc95d906238978e0c5ab26a1947d4104e026d3bac972323bf05453ec86ca7,p0011,cb0bc04318b70424,False,0.0,16473.66666666667,0.0,False,True,False
WEN38,benchmark,original,1,60000,0,PR1_HT0_EC1,No-HT,WEN38:i1:nsga2:s60000:r0:PR1_HT0_EC1:ed89f90c2cee,cf9bc95d906238978e0c5ab26a1947d4104e026d3bac972323bf05453ec86ca7,p0012,d9faa6636edc14e9,False,0.0,1410.0,0.0,False,True,False
WEN38,benchmark,original,1,60000,0,PR1_HT0_EC1,No-HT,WEN38:i1:nsga2:s60000:r0:PR1_HT0_EC1:ed89f90c2cee,cf9bc95d906238978e0c5ab26a1947d4104e026d3bac972323bf05453ec86ca7,p0013,3b817475c343d06d,False,0.0,2629.3333333333285,0.0,False,True,False
WEN38,benchmark,original,1,60000,0,PR1_HT0_EC1,No-HT,WEN38:i1:nsga2:s60000:r0:PR1_HT0_EC1:ed89f90c2cee,cf9bc95d906238978e0c5ab26a1947d4104e026d3bac972323bf05453ec86ca7,p0014,256cba2aa4db3cc6,False,-0.0017717930545710914,5050.6666666666715,0.0,True,True,False
WEN38,benchmark,original,1,60000,0,PR1_HT0_EC1,No-HT,WEN38:i1:nsga2:s60000:r0:PR1_HT0_EC1:ed89f90c2cee,cf9bc95d906238978e0c5ab26a1947d4104e026d3bac972323bf05453ec86ca7,p0015,32da8282eb3267b1,False,0.0,1828.0,0.0,False,True,False
WEN38,benchmark,original,1,60000,0,PR1_HT0_EC1,No-HT,WEN38:i1:nsga2:s60000:r0:PR1_HT0_EC1:ed89f90c2cee,cf9bc95d906238978e0c5ab26a1947d4104e026d3bac972323bf05453ec86ca7,p0016,e89af2cf5c6c91b5,False,0.0,-1849.3333333333285,0.0,False,True,False
WEN38,benchmark,original,1,60000,0,PR1_HT0_EC1,No-HT,WEN38:i1:nsga2:s60000:r0:PR1_HT0_EC1:ed89f90c2cee,cf9bc95d906238978e0c5ab26a1947d4104e026d3bac972323bf05453ec86ca7,p0017,13b7061c51f42e09,False,0.0,-1821.9999999999854,0.0,False,True,False
WEN38,benchmark,original,1,60000,0,PR1_HT0_EC1,No-HT,WEN38:i1:nsga2:s60000:r0:PR1_HT0_EC1:ed89f90c2cee,cf9bc95d906238978e0c5ab26a1947d4104e026d3bac972323bf05453ec86ca7,p0018,d8fa005ca6a58c6a,False,0.0,2488.0000000000146,0.0,False,True,False
WEN38,benchmark,original,1,60000,0,PR1_HT0_EC1,No-HT,WEN38:i1:nsga2:s60000:r0:PR1_HT0_EC1:ed89f90c2cee,cf9bc95d906238978e0c5ab26a1947d4104e026d3bac972323bf05453ec86ca7,p0019,9578c410313c8f85,False,0.0,27040.33333333333,0.0,False,True,False
WEN38,benchmark,original,1,60000,0,PR1_HT0_EC1,No-HT,WEN38:i1:nsga2:s60000:r0:PR1_HT0_EC1:ed89f90c2cee,cf9bc95d906238978e0c5ab26a1947d4104e026d3bac972323bf05453ec86ca7,p0020,b24c3e68c60a5fcf,False,0.028171509567463282,32574.66666666667,0.0,True,True,False
WEN38,benchmark,original,1,60000,0,PR1_HT0_EC1,No-HT,WEN38:i1:nsga2:s60000:r0:PR1_HT0_EC1:ed89f90c2cee,cf9bc95d906238978e0c5ab26a1947d4104e026d3bac972323bf05453ec86ca7,p0021,eafc50026fe0c431,False,0.0008858965272855457,-1644.666666666657,0.0,True,True,False
WEN38,benchmark,original,1,60000,0,PR1_HT0_EC1,No-HT,WEN38:i1:nsga2:s60000:r0:PR1_HT0_EC1:ed89f90c2cee,cf9bc95d906238978e0c5ab26a1947d4104e026d3bac972323bf05453ec86ca7,p0022,c5090d86cc5df8d7,False,0.0,3650.0,0.0,False,True,False
WEN38,benchmark,original,1,60000,0,PR1_HT0_EC1,No-HT,WEN38:i1:nsga2:s60000:r0:PR1_HT0_EC1:ed89f90c2cee,cf9bc95d906238978e0c5ab26a1947d4104e026d3bac972323bf05453ec86ca7,p0023,871da730e60c9e29,False,0.0,20030.000000000015,0.0,False,True,False
WEN38,benchmark,original,1,60000,0,PR1_HT0_EC1,No-HT,WEN38:i1:nsga2:s60000:r0:PR1_HT0_EC1:ed89f90c2cee,cf9bc95d906238978e0c5ab26a1947d4104e026d3bac972323bf05453ec86ca7,p0024,42a17b3e07189a3d,False,0.0008858965272855457,624.0,0.0,True,True,False
WEN38,benchmark,original,1,60000,0,PR1_HT0_EC1,No-HT,WEN38:i1:nsga2:s60000:r0:PR1_HT0_EC1:ed89f90c2cee,cf9bc95d906238978e0c5ab26a1947d4104e026d3bac972323bf05453ec86ca7,p0025,7a1879d38309a977,False,0.0016539561898358812,-4495.333333333343,0.0,True,True,False
WEN38,benchmark,original,1,60000,0,PR1_HT0_EC1,No-HT,WEN38:i1:nsga2:s60000:r0:PR1_HT0_EC1:ed89f90c2cee,cf9bc95d906238978e0c5ab26a1947d4104e026d3bac972323bf05453ec86ca7,p0026,8514d78bc3869dbf,False,0.0,-328.66666666665697,0.0,False,True,False
WEN38,benchmark,original,1,60000,0,PR1_HT0_EC1,No-HT,WEN38:i1:nsga2:s60000:r0:PR1_HT0_EC1:ed89f90c2cee,cf9bc95d906238978e0c5ab26a1947d4104e026d3bac972323bf05453ec86ca7,p0027,f386901bf79cba43,False,0.0,0.0,0.0,False,False,False
WEN38,benchmark,original,1,60000,0,PR1_HT0_EC1,No-HT,WEN38:i1:nsga2:s60000:r0:PR1_HT0_EC1:ed89f90c2cee,cf9bc95d906238978e0c5ab26a1947d4104e026d3bac972323bf05453ec86ca7,p0028,37f84360e1c822f9,False,0.0,14849.000000000015,0.0,False,True,False
WEN38,benchmark,original,1,60000,0,PR1_HT1_EC0,No-EC,WEN38:i1:nsga2:s60000:r0:PR1_HT1_EC0:233634bab1fc,cf9bc95d906238978e0c5ab26a1947d4104e026d3bac972323bf05453ec86ca7,p0001,b12291b3eff8fca1,True,0.0,0.0,0.0,False,False,False
WEN38,benchmark,original,1,60000,0,PR1_HT1_EC0,No-EC,WEN38:i1:nsga2:s60000:r0:PR1_HT1_EC0:233634bab1fc,cf9bc95d906238978e0c5ab26a1947d4104e026d3bac972323bf05453ec86ca7,p0002,b9ceedab27d79900,False,0.0,0.0,0.0,False,False,False
WEN38,benchmark,original,1,60000,0,PR1_HT1_EC0,No-EC,WEN38:i1:nsga2:s60000:r0:PR1_HT1_EC0:233634bab1fc,cf9bc95d906238978e0c5ab26a1947d4104e026d3bac972323bf05453ec86ca7,p0003,2a6c2e9b4479abf8,False,0.0,0.0,0.0,False,False,False
WEN38,benchmark,original,1,60000,0,PR1_HT1_EC0,No-EC,WEN38:i1:nsga2:s60000:r0:PR1_HT1_EC0:233634bab1fc,cf9bc95d906238978e0c5ab26a1947d4104e026d3bac972323bf05453ec86ca7,p0004,d97db80c03b86b82,False,0.0,0.0,0.0,False,False,False
WEN38,benchmark,original,1,60000,0,PR1_HT1_EC0,No-EC,WEN38:i1:nsga2:s60000:r0:PR1_HT1_EC0:233634bab1fc,cf9bc95d906238978e0c5ab26a1947d4104e026d3bac972323bf05453ec86ca7,p0005,31f1b5fa3437d22a,False,0.0,0.0,0.0,False,False,False
WEN38,benchmark,original,1,60000,0,PR1_HT1_EC0,No-EC,WEN38:i1:nsga2:s60000:r0:PR1_HT1_EC0:233634bab1fc,cf9bc95d906238978e0c5ab26a1947d4104e026d3bac972323bf05453ec86ca7,p0006,3dbdfbe22eaee946,False,0.0,0.0,0.0,False,False,False
WEN38,benchmark,original,1,60000,0,PR1_HT1_EC0,No-EC,WEN38:i1:nsga2:s60000:r0:PR1_HT1_EC0:233634bab1fc,cf9bc95d906238978e0c5ab26a1947d4104e026d3bac972323bf05453ec86ca7,p0007,68541049b5f8a9b2,False,0.0,0.0,0.0,False,False,False
WEN38,benchmark,original,1,60000,0,PR1_HT1_EC0,No-EC,WEN38:i1:nsga2:s60000:r0:PR1_HT1_EC0:233634bab1fc,cf9bc95d906238978e0c5ab26a1947d4104e026d3bac972323bf05453ec86ca7,p0008,3fbe934d389c7f0d,False,0.0,0.0,0.0,False,False,False
WEN38,benchmark,original,1,60000,0,PR1_HT1_EC0,No-EC,WEN38:i1:nsga2:s60000:r0:PR1_HT1_EC0:233634bab1fc,cf9bc95d906238978e0c5ab26a1947d4104e026d3bac972323bf05453ec86ca7,p0009,0673595e0e591a1c,False,0.0,0.0,0.0,False,False,False
WEN38,benchmark,original,1,60000,0,PR1_HT1_EC0,No-EC,WEN38:i1:nsga2:s60000:r0:PR1_HT1_EC0:233634bab1fc,cf9bc95d906238978e0c5ab26a1947d4104e026d3bac972323bf05453ec86ca7,p0010,1f27e716b21bfc54,False,0.0,0.0,0.0,False,False,False
WEN38,benchmark,original,1,60000,0,PR1_HT1_EC0,No-EC,WEN38:i1:nsga2:s60000:r0:PR1_HT1_EC0:233634bab1fc,cf9bc95d906238978e0c5ab26a1947d4104e026d3bac972323bf05453ec86ca7,p0011,5c1d5d2bb7805c0b,False,0.0,0.0,0.0,False,False,False
WEN38,benchmark,original,1,60000,0,PR1_HT1_EC0,No-EC,WEN38:i1:nsga2:s60000:r0:PR1_HT1_EC0:233634bab1fc,cf9bc95d906238978e0c5ab26a1947d4104e026d3bac972323bf05453ec86ca7,p0012,44371d7b0456c749,False,0.0,0.0,0.0,False,False,False
WEN38,benchmark,original,1,60000,0,PR1_HT1_EC0,No-EC,WEN38:i1:nsga2:s60000:r0:PR1_HT1_EC0:233634bab1fc,cf9bc95d906238978e0c5ab26a1947d4104e026d3bac972323bf05453ec86ca7,p0013,1e0183d0006cdbdd,False,0.0,0.0,0.0,False,False,False
WEN38,benchmark,original,1,60000,0,PR1_HT1_EC0,No-EC,WEN38:i1:nsga2:s60000:r0:PR1_HT1_EC0:233634bab1fc,cf9bc95d906238978e0c5ab26a1947d4104e026d3bac972323bf05453ec86ca7,p0014,0aafa43267a398c2,False,0.0,0.0,0.0,False,False,False
WEN38,benchmark,original,1,60000,0,PR1_HT1_EC0,No-EC,WEN38:i1:nsga2:s60000:r0:PR1_HT1_EC0:233634bab1fc,cf9bc95d906238978e0c5ab26a1947d4104e026d3bac972323bf05453ec86ca7,p0015,9186667fc2356080,False,0.0,0.0,0.0,False,False,False
WEN38,benchmark,original,1,60000,0,PR1_HT1_EC0,No-EC,WEN38:i1:nsga2:s60000:r0:PR1_HT1_EC0:233634bab1fc,cf9bc95d906238978e0c5ab26a1947d4104e026d3bac972323bf05453ec86ca7,p0016,b91d277d8c4017fa,False,0.0,0.0,0.0,False,False,False
WEN38,benchmark,original,1,60000,0,PR1_HT1_EC0,No-EC,WEN38:i1:nsga2:s60000:r0:PR1_HT1_EC0:233634bab1fc,cf9bc95d906238978e0c5ab26a1947d4104e026d3bac972323bf05453ec86ca7,p0017,106af5df51248833,False,0.0,0.0,0.0,False,False,False
WEN38,benchmark,original,1,60000,0,PR1_HT1_EC0,No-EC,WEN38:i1:nsga2:s60000:r0:PR1_HT1_EC0:233634bab1fc,cf9bc95d906238978e0c5ab26a1947d4104e026d3bac972323bf05453ec86ca7,p0018,a37353b90ee72f34,False,0.0,0.0,0.0,False,False,False
WEN38,benchmark,original,1,60000,0,PR1_HT1_EC1,Full,WEN38:i1:nsga2:s60000:r0:PR1_HT1_EC1:ac79a73486e1,cf9bc95d906238978e0c5ab26a1947d4104e026d3bac972323bf05453ec86ca7,p0001,b12291b3eff8fca1,True,0.0,0.0,0.0,False,False,False
WEN38,benchmark,original,1,60000,0,PR1_HT1_EC1,Full,WEN38:i1:nsga2:s60000:r0:PR1_HT1_EC1:ac79a73486e1,cf9bc95d906238978e0c5ab26a1947d4104e026d3bac972323bf05453ec86ca7,p0002,b9ceedab27d79900,False,0.0,0.0,0.0,False,False,False
WEN38,benchmark,original,1,60000,0,PR1_HT1_EC1,Full,WEN38:i1:nsga2:s60000:r0:PR1_HT1_EC1:ac79a73486e1,cf9bc95d906238978e0c5ab26a1947d4104e026d3bac972323bf05453ec86ca7,p0003,2a6c2e9b4479abf8,False,0.0,0.0,0.0,False,False,False
WEN38,benchmark,original,1,60000,0,PR1_HT1_EC1,Full,WEN38:i1:nsga2:s60000:r0:PR1_HT1_EC1:ac79a73486e1,cf9bc95d906238978e0c5ab26a1947d4104e026d3bac972323bf05453ec86ca7,p0004,d97db80c03b86b82,False,0.0,0.0,0.0,False,False,False
WEN38,benchmark,original,1,60000,0,PR1_HT1_EC1,Full,WEN38:i1:nsga2:s60000:r0:PR1_HT1_EC1:ac79a73486e1,cf9bc95d906238978e0c5ab26a1947d4104e026d3bac972323bf05453ec86ca7,p0005,31f1b5fa3437d22a,False,0.0,0.0,0.0,False,False,False
WEN38,benchmark,original,1,60000,0,PR1_HT1_EC1,Full,WEN38:i1:nsga2:s60000:r0:PR1_HT1_EC1:ac79a73486e1,cf9bc95d906238978e0c5ab26a1947d4104e026d3bac972323bf05453ec86ca7,p0006,3dbdfbe22eaee946,False,0.0,0.0,0.0,False,False,False
WEN38,benchmark,original,1,60000,0,PR1_HT1_EC1,Full,WEN38:i1:nsga2:s60000:r0:PR1_HT1_EC1:ac79a73486e1,cf9bc95d906238978e0c5ab26a1947d4104e026d3bac972323bf05453ec86ca7,p0007,68541049b5f8a9b2,False,0.0,0.0,0.0,False,False,False
WEN38,benchmark,original,1,60000,0,PR1_HT1_EC1,Full,WEN38:i1:nsga2:s60000:r0:PR1_HT1_EC1:ac79a73486e1,cf9bc95d906238978e0c5ab26a1947d4104e026d3bac972323bf05453ec86ca7,p0008,3fbe934d389c7f0d,False,0.0,0.0,0.0,False,False,False
WEN38,benchmark,original,1,60000,0,PR1_HT1_EC1,Full,WEN38:i1:nsga2:s60000:r0:PR1_HT1_EC1:ac79a73486e1,cf9bc95d906238978e0c5ab26a1947d4104e026d3bac972323bf05453ec86ca7,p0009,0673595e0e591a1c,False,0.0,0.0,0.0,False,False,False
WEN38,benchmark,original,1,60000,0,PR1_HT1_EC1,Full,WEN38:i1:nsga2:s60000:r0:PR1_HT1_EC1:ac79a73486e1,cf9bc95d906238978e0c5ab26a1947d4104e026d3bac972323bf05453ec86ca7,p0010,1f27e716b21bfc54,False,0.0,0.0,0.0,False,False,False
WEN38,benchmark,original,1,60000,0,PR1_HT1_EC1,Full,WEN38:i1:nsga2:s60000:r0:PR1_HT1_EC1:ac79a73486e1,cf9bc95d906238978e0c5ab26a1947d4104e026d3bac972323bf05453ec86ca7,p0011,5c1d5d2bb7805c0b,False,0.0,0.0,0.0,False,False,False
WEN38,benchmark,original,1,60000,0,PR1_HT1_EC1,Full,WEN38:i1:nsga2:s60000:r0:PR1_HT1_EC1:ac79a73486e1,cf9bc95d906238978e0c5ab26a1947d4104e026d3bac972323bf05453ec86ca7,p0012,44371d7b0456c749,False,0.0,0.0,0.0,False,False,False
WEN38,benchmark,original,1,60000,0,PR1_HT1_EC1,Full,WEN38:i1:nsga2:s60000:r0:PR1_HT1_EC1:ac79a73486e1,cf9bc95d906238978e0c5ab26a1947d4104e026d3bac972323bf05453ec86ca7,p0013,1e0183d0006cdbdd,False,0.0,0.0,0.0,False,False,False
WEN38,benchmark,original,1,60000,0,PR1_HT1_EC1,Full,WEN38:i1:nsga2:s60000:r0:PR1_HT1_EC1:ac79a73486e1,cf9bc95d906238978e0c5ab26a1947d4104e026d3bac972323bf05453ec86ca7,p0014,0aafa43267a398c2,False,0.0,0.0,0.0,False,False,False
WEN38,benchmark,original,1,60000,0,PR1_HT1_EC1,Full,WEN38:i1:nsga2:s60000:r0:PR1_HT1_EC1:ac79a73486e1,cf9bc95d906238978e0c5ab26a1947d4104e026d3bac972323bf05453ec86ca7,p0015,9186667fc2356080,False,0.0,0.0,0.0,False,False,False
WEN38,benchmark,original,1,60000,0,PR1_HT1_EC1,Full,WEN38:i1:nsga2:s60000:r0:PR1_HT1_EC1:ac79a73486e1,cf9bc95d906238978e0c5ab26a1947d4104e026d3bac972323bf05453ec86ca7,p0016,b91d277d8c4017fa,False,0.0,0.0,0.0,False,False,False
WEN38,benchmark,original,1,60000,0,PR1_HT1_EC1,Full,WEN38:i1:nsga2:s60000:r0:PR1_HT1_EC1:ac79a73486e1,cf9bc95d906238978e0c5ab26a1947d4104e026d3bac972323bf05453ec86ca7,p0017,106af5df51248833,False,0.0,0.0,0.0,False,False,False
WEN38,benchmark,original,1,60000,0,PR1_HT1_EC1,Full,WEN38:i1:nsga2:s60000:r0:PR1_HT1_EC1:ac79a73486e1,cf9bc95d906238978e0c5ab26a1947d4104e026d3bac972323bf05453ec86ca7,p0018,a37353b90ee72f34,False,0.0,0.0,0.0,False,False,False
WEN38,benchmark,original,1,60001,1,PR0_HT1_EC1,No-PR,WEN38:i1:nsga2:s60001:r1:PR0_HT1_EC1:2aca52bb3fb1,cf9bc95d906238978e0c5ab26a1947d4104e026d3bac972323bf05453ec86ca7,p0001,609e9c49d346fc9a,False,-0.10125797306941431,-3361.5,0.33313902652480465,True,True,True
WEN38,benchmark,original,1,60001,1,PR0_HT1_EC1,No-PR,WEN38:i1:nsga2:s60001:r1:PR0_HT1_EC1:2aca52bb3fb1,cf9bc95d906238978e0c5ab26a1947d4104e026d3bac972323bf05453ec86ca7,p0002,908884f0f4c4611e,False,-0.17925396333251786,46731.666666666686,0.33313902652480465,True,True,True
WEN38,benchmark,original,1,60001,1,PR0_HT1_EC1,No-PR,WEN38:i1:nsga2:s60001:r1:PR0_HT1_EC1:2aca52bb3fb1,cf9bc95d906238978e0c5ab26a1947d4104e026d3bac972323bf05453ec86ca7,p0003,2eb26b0b0d637875,False,-0.12969525159522277,988.3333333333285,0.33313902652480465,True,True,True
WEN38,benchmark,original,1,60001,1,PR0_HT1_EC1,No-PR,WEN38:i1:nsga2:s60001:r1:PR0_HT1_EC1:2aca52bb3fb1,cf9bc95d906238978e0c5ab26a1947d4104e026d3bac972323bf05453ec86ca7,p0004,7660a3b94feb8f4b,True,-0.1012579730690435,16436.666666666657,0.33313902652389515,True,True,True
WEN38,benchmark,original,1,60001,1,PR0_HT1_EC1,No-PR,WEN38:i1:nsga2:s60001:r1:PR0_HT1_EC1:2aca52bb3fb1,cf9bc95d906238978e0c5ab26a1947d4104e026d3bac972323bf05453ec86ca7,p0005,ed9abc828f4d63d7,False,-0.1296952515945904,17699.66666666667,0.24338624338815862,True,True,True
WEN38,benchmark,original,1,60001,1,PR0_HT1_EC1,No-PR,WEN38:i1:nsga2:s60001:r1:PR0_HT1_EC1:2aca52bb3fb1,cf9bc95d906238978e0c5ab26a1947d4104e026d3bac972323bf05453ec86ca7,p0006,55abe023552b9a31,False,-0.10125797306944895,-2640.5,0.19464977120969706,True,True,True
WEN38,benchmark,original,1,60001,1,PR0_HT1_EC1,No-PR,WEN38:i1:nsga2:s60001:r1:PR0_HT1_EC1:2aca52bb3fb1,cf9bc95d906238978e0c5ab26a1947d4104e026d3bac972323bf05453ec86ca7,p0007,0b886958f0843f53,False,-0.09996055817046656,25503.333333333343,9.094947017729282e-13,True,True,False
WEN38,benchmark,original,1,60001,1,PR0_HT1_EC1,No-PR,WEN38:i1:nsga2:s60001:r1:PR0_HT1_EC1:2aca52bb3fb1,cf9bc95d906238978e0c5ab26a1947d4104e026d3bac972323bf05453ec86ca7,p0008,64329bf3808db1f9,False,-0.12969525159525297,10030.833333333328,0.19464977120969706,True,True,True
WEN38,benchmark,original,1,60001,1,PR0_HT1_EC1,No-PR,WEN38:i1:nsga2:s60001:r1:PR0_HT1_EC1:2aca52bb3fb1,cf9bc95d906238978e0c5ab26a1947d4104e026d3bac972323bf05453ec86ca7,p0009,28f766519c97d641,False,-0.19144223954711848,47156.0,0.19464977120969706,True,True,True
WEN38,benchmark,original,1,60001,1,PR0_HT1_EC1,No-PR,WEN38:i1:nsga2:s60001:r1:PR0_HT1_EC1:2aca52bb3fb1,cf9bc95d906238978e0c5ab26a1947d4104e026d3bac972323bf05453ec86ca7,p0010,931ff3e188f3a951,False,-0.1161410347271703,43029.0,0.10893554208087153,True,True,True
WEN38,benchmark,original,1,60001,1,PR0_HT1_EC1,No-PR,WEN38:i1:nsga2:s60001:r1:PR0_HT1_EC1:2aca52bb3fb1,cf9bc95d906238978e0c5ab26a1947d4104e026d3bac972323bf05453ec86ca7,p0011,803ffe28702ff3f8,False,-0.11234152295485034,22622.333333333343,0.11163120575838548,True,True,True
WEN38,benchmark,original,1,60001,1,PR0_HT1_EC1,No-PR,WEN38:i1:nsga2:s60001:r1:PR0_HT1_EC1:2aca52bb3fb1,cf9bc95d906238978e0c5ab26a1947d4104e026d3bac972323bf05453ec86ca7,p0012,43e4a44d56170112,False,-0.09474807174403121,19309.333333333343,0.15353311136004777,True,True,True
WEN38,benchmark,original,1,60001,1,PR0_HT1_EC1,No-PR,WEN38:i1:nsga2:s60001:r1:PR0_HT1_EC1:2aca52bb3fb1,cf9bc95d906238978e0c5ab26a1947d4104e026d3bac972323bf05453ec86ca7,p0013,0c648bf33c8b3155,False,-0.1296952515952201,15987.333333333343,0.15353311136004777,True,True,True
WEN38,benchmark,original,1,60001,1,PR0_HT1_EC1,No-PR,WEN38:i1:nsga2:s60001:r1:PR0_HT1_EC1:2aca52bb3fb1,cf9bc95d906238978e0c5ab26a1947d4104e026d3bac972323bf05453ec86ca7,p0014,93bba6d2dd132723,False,-0.19551736357223293,48970.66666666666,0.15353311136004777,True,True,True
WEN38,benchmark,original,1,60001,1,PR0_HT1_EC1,No-PR,WEN38:i1:nsga2:s60001:r1:PR0_HT1_EC1:2aca52bb3fb1,cf9bc95d906238978e0c5ab26a1947d4104e026d3bac972323bf05453ec86ca7,p0015,59d203ae22d9b8a9,False,-0.1279418840806783,30879.00000000003,0.06267922982624441,True,True,True
WEN38,benchmark,original,1,60001,1,PR0_HT1_EC1,No-PR,WEN38:i1:nsga2:s60001:r1:PR0_HT1_EC1:2aca52bb3fb1,cf9bc95d906238978e0c5ab26a1947d4104e026d3bac972323bf05453ec86ca7,p0016,cc9f1dbf4ba4a5ac,False,-0.15122253720792367,24869.333333333343,0.06267922982624441,True,True,True
WEN38,benchmark,original,1,60001,1,PR0_HT1_EC1,No-PR,WEN38:i1:nsga2:s60001:r1:PR0_HT1_EC1:2aca52bb3fb1,cf9bc95d906238978e0c5ab26a1947d4104e026d3bac972323bf05453ec86ca7,p0017,3d68cc4dabfd8964,False,-0.06498505042800673,16597.00000000003,0.05998356614873046,True,True,True
WEN38,benchmark,original,1,60001,1,PR0_HT1_EC1,No-PR,WEN38:i1:nsga2:s60001:r1:PR0_HT1_EC1:2aca52bb3fb1,cf9bc95d906238978e0c5ab26a1947d4104e026d3bac972323bf05453ec86ca7,p0018,1698ca0568eb4c75,False,-0.12969525159460593,18480.333333333343,0.05998356614873046,True,True,True
WEN38,benchmark,original,1,60001,1,PR0_HT1_EC1,No-PR,WEN38:i1:nsga2:s60001:r1:PR0_HT1_EC1:2aca52bb3fb1,cf9bc95d906238978e0c5ab26a1947d4104e026d3bac972323bf05453ec86ca7,p0019,e050a2c964ac12e9,False,-0.16032782303706483,43252.666666666686,0.0,True,True,False
WEN38,benchmark,original,1,60001,1,PR0_HT1_EC1,No-PR,WEN38:i1:nsga2:s60001:r1:PR0_HT1_EC1:2aca52bb3fb1,cf9bc95d906238978e0c5ab26a1947d4104e026d3bac972323bf05453ec86ca7,p0020,4a3fcea45d4325bb,False,-0.0034369816454020707,16677.0,0.0,True,True,False
WEN38,benchmark,original,1,60001,1,PR0_HT1_EC1,No-PR,WEN38:i1:nsga2:s60001:r1:PR0_HT1_EC1:2aca52bb3fb1,cf9bc95d906238978e0c5ab26a1947d4104e026d3bac972323bf05453ec86ca7,p0021,63ee2a3cdfdd2310,False,0.0005595816769172757,19399.0,0.0,True,True,False
WEN38,benchmark,original,1,60001,1,PR0_HT1_EC1,No-PR,WEN38:i1:nsga2:s60001:r1:PR0_HT1_EC1:2aca52bb3fb1,cf9bc95d906238978e0c5ab26a1947d4104e026d3bac972323bf05453ec86ca7,p0022,299c140c6a1eb40f,False,-0.023210489014862112,729.3333333333285,0.0,True,True,False
WEN38,benchmark,original,1,60001,1,PR0_HT1_EC1,No-PR,WEN38:i1:nsga2:s60001:r1:PR0_HT1_EC1:2aca52bb3fb1,cf9bc95d906238978e0c5ab26a1947d4104e026d3bac972323bf05453ec86ca7,p0023,f7b58876178441e2,False,-0.038807308782790706,3566.0,0.0,True,True,False
WEN38,benchmark,original,1,60001,1,PR0_HT1_EC1,No-PR,WEN38:i1:nsga2:s60001:r1:PR0_HT1_EC1:2aca52bb3fb1,cf9bc95d906238978e0c5ab26a1947d4104e026d3bac972323bf05453ec86ca7,p0024,e9e431be2401f945,False,-0.1079690275505305,28023.333333333343,0.0,True,True,False
WEN38,benchmark,original,1,60001,1,PR0_HT1_EC1,No-PR,WEN38:i1:nsga2:s60001:r1:PR0_HT1_EC1:2aca52bb3fb1,cf9bc95d906238978e0c5ab26a1947d4104e026d3bac972323bf05453ec86ca7,p0025,1d8514b38703590a,False,-0.09718284904410046,29928.0,0.0,True,True,False
WEN38,benchmark,original,1,60001,1,PR0_HT1_EC1,No-PR,WEN38:i1:nsga2:s60001:r1:PR0_HT1_EC1:2aca52bb3fb1,cf9bc95d906238978e0c5ab26a1947d4104e026d3bac972323bf05453ec86ca7,p0026,9a1006455666bf22,False,0.0037146962207303957,3796.0,0.0,True,True,False
WEN38,benchmark,original,1,60001,1,PR0_HT1_EC1,No-PR,WEN38:i1:nsga2:s60001:r1:PR0_HT1_EC1:2aca52bb3fb1,cf9bc95d906238978e0c5ab26a1947d4104e026d3bac972323bf05453ec86ca7,p0027,5ddd2979bb017870,False,0.004155798004153333,-102.0,0.0,True,True,False
WEN38,benchmark,original,1,60001,1,PR0_HT1_EC1,No-PR,WEN38:i1:nsga2:s60001:r1:PR0_HT1_EC1:2aca52bb3fb1,cf9bc95d906238978e0c5ab26a1947d4104e026d3bac972323bf05453ec86ca7,p0028,049b406d55ba8c25,False,-0.008327427357531114,7373.3333333333285,0.0,True,True,False
WEN38,benchmark,original,1,60001,1,PR0_HT1_EC1,No-PR,WEN38:i1:nsga2:s60001:r1:PR0_HT1_EC1:2aca52bb3fb1,cf9bc95d906238978e0c5ab26a1947d4104e026d3bac972323bf05453ec86ca7,p0029,3f13abeebc18a137,False,0.001476884785161836,-5283.333333333343,0.0,True,True,False
WEN38,benchmark,original,1,60001,1,PR0_HT1_EC1,No-PR,WEN38:i1:nsga2:s60001:r1:PR0_HT1_EC1:2aca52bb3fb1,cf9bc95d906238978e0c5ab26a1947d4104e026d3bac972323bf05453ec86ca7,p0030,6b3bc5f1cc87e5f3,False,0.003686375628782379,-6535.0,0.0,True,True,False
WEN38,benchmark,original,1,60001,1,PR0_HT1_EC1,No-PR,WEN38:i1:nsga2:s60001:r1:PR0_HT1_EC1:2aca52bb3fb1,cf9bc95d906238978e0c5ab26a1947d4104e026d3bac972323bf05453ec86ca7,p0031,cc92eaabbc643f5d,False,0.002969033292975709,10343.666666666657,0.0,True,True,False
WEN38,benchmark,original,1,60001,1,PR0_HT1_EC1,No-PR,WEN38:i1:nsga2:s60001:r1:PR0_HT1_EC1:2aca52bb3fb1,cf9bc95d906238978e0c5ab26a1947d4104e026d3bac972323bf05453ec86ca7,p0032,33ec58edd6c31c02,False,-0.060028178557805845,18031.333333333343,0.0,True,True,False
WEN38,benchmark,original,1,60001,1,PR0_HT1_EC1,No-PR,WEN38:i1:nsga2:s60001:r1:PR0_HT1_EC1:2aca52bb3fb1,cf9bc95d906238978e0c5ab26a1947d4104e026d3bac972323bf05453ec86ca7,p0033,3a53d661d3bc9c8b,False,-0.064493267186025,15622.333333333343,0.0,True,True,False
WEN38,benchmark,original,1,60001,1,PR1_HT0_EC1,No-HT,WEN38:i1:nsga2:s60001:r1:PR1_HT0_EC1:810cc032fd7d,cf9bc95d906238978e0c5ab26a1947d4104e026d3bac972323bf05453ec86ca7,p0001,e51cc80a803239cc,True,0.0,29631.66666666667,0.0,False,True,False
WEN38,benchmark,original,1,60001,1,PR1_HT0_EC1,No-HT,WEN38:i1:nsga2:s60001:r1:PR1_HT0_EC1:810cc032fd7d,cf9bc95d906238978e0c5ab26a1947d4104e026d3bac972323bf05453ec86ca7,p0002,a31030aea196a05e,False,0.0,33847.33333333334,0.0,False,True,False
WEN38,benchmark,original,1,60001,1,PR1_HT0_EC1,No-HT,WEN38:i1:nsga2:s60001:r1:PR1_HT0_EC1:810cc032fd7d,cf9bc95d906238978e0c5ab26a1947d4104e026d3bac972323bf05453ec86ca7,p0003,4dd360afbe4be619,False,0.0,30525.333333333343,0.0,False,True,False
WEN38,benchmark,original,1,60001,1,PR1_HT0_EC1,No-HT,WEN38:i1:nsga2:s60001:r1:PR1_HT0_EC1:810cc032fd7d,cf9bc95d906238978e0c5ab26a1947d4104e026d3bac972323bf05453ec86ca7,p0004,34d9a5a52a11ba39,False,0.0,32219.333333333343,0.0,False,True,False
WEN38,benchmark,original,1,60001,1,PR1_HT0_EC1,No-HT,WEN38:i1:nsga2:s60001:r1:PR1_HT0_EC1:810cc032fd7d,cf9bc95d906238978e0c5ab26a1947d4104e026d3bac972323bf05453ec86ca7,p0005,553b0dd8f6257ee6,False,0.0,20315.333333333343,0.0,False,True,False
WEN38,benchmark,original,1,60001,1,PR1_HT0_EC1,No-HT,WEN38:i1:nsga2:s60001:r1:PR1_HT0_EC1:810cc032fd7d,cf9bc95d906238978e0c5ab26a1947d4104e026d3bac972323bf05453ec86ca7,p0006,f044d29c09e0e2ad,False,0.0008858965272855457,4081.333333333343,0.0,True,True,False
WEN38,benchmark,original,1,60001,1,PR1_HT0_EC1,No-HT,WEN38:i1:nsga2:s60001:r1:PR1_HT0_EC1:810cc032fd7d,cf9bc95d906238978e0c5ab26a1947d4104e026d3bac972323bf05453ec86ca7,p0007,d8427ff9054341a0,False,0.0,10434.666666666672,0.0,False,True,False
WEN38,benchmark,original,1,60001,1,PR1_HT0_EC1,No-HT,WEN38:i1:nsga2:s60001:r1:PR1_HT0_EC1:810cc032fd7d,cf9bc95d906238978e0c5ab26a1947d4104e026d3bac972323bf05453ec86ca7,p0008,182df6eb8553659d,False,-0.0008858965272855457,20080.000000000015,0.0,True,True,False
WEN38,benchmark,original,1,60001,1,PR1_HT0_EC1,No-HT,WEN38:i1:nsga2:s60001:r1:PR1_HT0_EC1:810cc032fd7d,cf9bc95d906238978e0c5ab26a1947d4104e026d3bac972323bf05453ec86ca7,p0009,ede992a0fdf97cc5,False,0.014794472005641879,32287.333333333343,0.0,True,True,False
WEN38,benchmark,original,1,60001,1,PR1_HT0_EC1,No-HT,WEN38:i1:nsga2:s60001:r1:PR1_HT0_EC1:810cc032fd7d,cf9bc95d906238978e0c5ab26a1947d4104e026d3bac972323bf05453ec86ca7,p0010,bf787f00e2b79b78,False,0.1057760453578025,20183.666666666657,0.0,True,True,False
WEN38,benchmark,original,1,60001,1,PR1_HT0_EC1,No-HT,WEN38:i1:nsga2:s60001:r1:PR1_HT0_EC1:810cc032fd7d,cf9bc95d906238978e0c5ab26a1947d4104e026d3bac972323bf05453ec86ca7,p0011,1d3ac1d263de6619,False,0.0,23988.666666666686,0.0,False,True,False
WEN38,benchmark,original,1,60001,1,PR1_HT0_EC1,No-HT,WEN38:i1:nsga2:s60001:r1:PR1_HT0_EC1:810cc032fd7d,cf9bc95d906238978e0c5ab26a1947d4104e026d3bac972323bf05453ec86ca7,p0012,6505c58f21ce6fb8,False,0.06996255931240825,28904.99999999997,0.0,True,True,False
WEN38,benchmark,original,1,60001,1,PR1_HT0_EC1,No-HT,WEN38:i1:nsga2:s60001:r1:PR1_HT0_EC1:810cc032fd7d,cf9bc95d906238978e0c5ab26a1947d4104e026d3bac972323bf05453ec86ca7,p0013,9460080e97615dd4,False,0.0,3727.3333333333285,0.0,False,True,False
WEN38,benchmark,original,1,60001,1,PR1_HT0_EC1,No-HT,WEN38:i1:nsga2:s60001:r1:PR1_HT0_EC1:810cc032fd7d,cf9bc95d906238978e0c5ab26a1947d4104e026d3bac972323bf05453ec86ca7,p0014,83300ca2d35a66a2,False,0.0,7118.0,0.0,False,True,False
WEN38,benchmark,original,1,60001,1,PR1_HT0_EC1,No-HT,WEN38:i1:nsga2:s60001:r1:PR1_HT0_EC1:810cc032fd7d,cf9bc95d906238978e0c5ab26a1947d4104e026d3bac972323bf05453ec86ca7,p0015,b2f58527be7cae56,False,0.0,0.0,0.0,False,False,False
WEN38,benchmark,original,1,60001,1,PR1_HT0_EC1,No-HT,WEN38:i1:nsga2:s60001:r1:PR1_HT0_EC1:810cc032fd7d,cf9bc95d906238978e0c5ab26a1947d4104e026d3bac972323bf05453ec86ca7,p0016,8fb2b84b4f8ed2d2,False,0.0,9658.666666666672,0.0,False,True,False
WEN38,benchmark,original,1,60001,1,PR1_HT0_EC1,No-HT,WEN38:i1:nsga2:s60001:r1:PR1_HT0_EC1:810cc032fd7d,cf9bc95d906238978e0c5ab26a1947d4104e026d3bac972323bf05453ec86ca7,p0017,5ce73a073d953ef4,False,0.0008858965272855457,7028.999999999985,0.0,True,True,False
WEN38,benchmark,original,1,60001,1,PR1_HT0_EC1,No-HT,WEN38:i1:nsga2:s60001:r1:PR1_HT0_EC1:810cc032fd7d,cf9bc95d906238978e0c5ab26a1947d4104e026d3bac972323bf05453ec86ca7,p0018,f90dfff3313d9bf2,False,0.0,25.333333333343035,0.0,False,True,False
WEN38,benchmark,original,1,60001,1,PR1_HT0_EC1,No-HT,WEN38:i1:nsga2:s60001:r1:PR1_HT0_EC1:810cc032fd7d,cf9bc95d906238978e0c5ab26a1947d4104e026d3bac972323bf05453ec86ca7,p0019,911ba5b2425b2ebf,False,0.0,3354.0,0.0,False,True,False
WEN38,benchmark,original,1,60001,1,PR1_HT1_EC0,No-EC,WEN38:i1:nsga2:s60001:r1:PR1_HT1_EC0:f2ee064e9de3,cf9bc95d906238978e0c5ab26a1947d4104e026d3bac972323bf05453ec86ca7,p0001,aacc90007cf45364,True,0.0,0.0,0.0,False,False,False
WEN38,benchmark,original,1,60001,1,PR1_HT1_EC0,No-EC,WEN38:i1:nsga2:s60001:r1:PR1_HT1_EC0:f2ee064e9de3,cf9bc95d906238978e0c5ab26a1947d4104e026d3bac972323bf05453ec86ca7,p0002,6d58023f9c397599,False,0.0,0.0,0.0,False,False,False
WEN38,benchmark,original,1,60001,1,PR1_HT1_EC0,No-EC,WEN38:i1:nsga2:s60001:r1:PR1_HT1_EC0:f2ee064e9de3,cf9bc95d906238978e0c5ab26a1947d4104e026d3bac972323bf05453ec86ca7,p0003,2030112ba4cbed7e,False,0.0,0.0,0.0,False,False,False
WEN38,benchmark,original,1,60001,1,PR1_HT1_EC0,No-EC,WEN38:i1:nsga2:s60001:r1:PR1_HT1_EC0:f2ee064e9de3,cf9bc95d906238978e0c5ab26a1947d4104e026d3bac972323bf05453ec86ca7,p0004,497d705823d73103,False,0.0,0.0,0.0,False,False,False
WEN38,benchmark,original,1,60001,1,PR1_HT1_EC0,No-EC,WEN38:i1:nsga2:s60001:r1:PR1_HT1_EC0:f2ee064e9de3,cf9bc95d906238978e0c5ab26a1947d4104e026d3bac972323bf05453ec86ca7,p0005,1a3d4381bc2072ec,False,0.0,0.0,0.0,False,False,False
WEN38,benchmark,original,1,60001,1,PR1_HT1_EC0,No-EC,WEN38:i1:nsga2:s60001:r1:PR1_HT1_EC0:f2ee064e9de3,cf9bc95d906238978e0c5ab26a1947d4104e026d3bac972323bf05453ec86ca7,p0006,e66ddf489ef000ca,False,0.0,0.0,0.0,False,False,False
WEN38,benchmark,original,1,60001,1,PR1_HT1_EC0,No-EC,WEN38:i1:nsga2:s60001:r1:PR1_HT1_EC0:f2ee064e9de3,cf9bc95d906238978e0c5ab26a1947d4104e026d3bac972323bf05453ec86ca7,p0007,f49b9520ad8e9d04,False,0.0,0.0,0.0,False,False,False
WEN38,benchmark,original,1,60001,1,PR1_HT1_EC0,No-EC,WEN38:i1:nsga2:s60001:r1:PR1_HT1_EC0:f2ee064e9de3,cf9bc95d906238978e0c5ab26a1947d4104e026d3bac972323bf05453ec86ca7,p0008,2aa9af2c016c5edb,False,0.0,0.0,0.0,False,False,False
WEN38,benchmark,original,1,60001,1,PR1_HT1_EC0,No-EC,WEN38:i1:nsga2:s60001:r1:PR1_HT1_EC0:f2ee064e9de3,cf9bc95d906238978e0c5ab26a1947d4104e026d3bac972323bf05453ec86ca7,p0009,e061df229fe6cf88,False,0.0,0.0,0.0,False,False,False
WEN38,benchmark,original,1,60001,1,PR1_HT1_EC0,No-EC,WEN38:i1:nsga2:s60001:r1:PR1_HT1_EC0:f2ee064e9de3,cf9bc95d906238978e0c5ab26a1947d4104e026d3bac972323bf05453ec86ca7,p0010,e6ae7ee2b46a0c4e,False,0.0,0.0,0.0,False,False,False
WEN38,benchmark,original,1,60001,1,PR1_HT1_EC0,No-EC,WEN38:i1:nsga2:s60001:r1:PR1_HT1_EC0:f2ee064e9de3,cf9bc95d906238978e0c5ab26a1947d4104e026d3bac972323bf05453ec86ca7,p0011,87193ecce38089c2,False,0.0,0.0,0.0,False,False,False
WEN38,benchmark,original,1,60001,1,PR1_HT1_EC0,No-EC,WEN38:i1:nsga2:s60001:r1:PR1_HT1_EC0:f2ee064e9de3,cf9bc95d906238978e0c5ab26a1947d4104e026d3bac972323bf05453ec86ca7,p0012,e17fec6192053e3d,False,0.0,0.0,0.0,False,False,False
WEN38,benchmark,original,1,60001,1,PR1_HT1_EC0,No-EC,WEN38:i1:nsga2:s60001:r1:PR1_HT1_EC0:f2ee064e9de3,cf9bc95d906238978e0c5ab26a1947d4104e026d3bac972323bf05453ec86ca7,p0013,8b2ffa4dccdbdf35,False,0.0,0.0,0.0,False,False,False
WEN38,benchmark,original,1,60001,1,PR1_HT1_EC0,No-EC,WEN38:i1:nsga2:s60001:r1:PR1_HT1_EC0:f2ee064e9de3,cf9bc95d906238978e0c5ab26a1947d4104e026d3bac972323bf05453ec86ca7,p0014,d55ec2113cd562c9,False,0.0,0.0,0.0,False,False,False
WEN38,benchmark,original,1,60001,1,PR1_HT1_EC0,No-EC,WEN38:i1:nsga2:s60001:r1:PR1_HT1_EC0:f2ee064e9de3,cf9bc95d906238978e0c5ab26a1947d4104e026d3bac972323bf05453ec86ca7,p0015,1d4d6d9f25601fe0,False,0.0,0.0,0.0,False,False,False
WEN38,benchmark,original,1,60001,1,PR1_HT1_EC0,No-EC,WEN38:i1:nsga2:s60001:r1:PR1_HT1_EC0:f2ee064e9de3,cf9bc95d906238978e0c5ab26a1947d4104e026d3bac972323bf05453ec86ca7,p0016,2e5ac41dc3e2e4c8,False,0.0,0.0,0.0,False,False,False
WEN38,benchmark,original,1,60001,1,PR1_HT1_EC0,No-EC,WEN38:i1:nsga2:s60001:r1:PR1_HT1_EC0:f2ee064e9de3,cf9bc95d906238978e0c5ab26a1947d4104e026d3bac972323bf05453ec86ca7,p0017,746738a84f30be00,False,0.0,0.0,0.0,False,False,False
WEN38,benchmark,original,1,60001,1,PR1_HT1_EC0,No-EC,WEN38:i1:nsga2:s60001:r1:PR1_HT1_EC0:f2ee064e9de3,cf9bc95d906238978e0c5ab26a1947d4104e026d3bac972323bf05453ec86ca7,p0018,a2fca10043e88480,False,0.0,0.0,0.0,False,False,False
WEN38,benchmark,original,1,60001,1,PR1_HT1_EC0,No-EC,WEN38:i1:nsga2:s60001:r1:PR1_HT1_EC0:f2ee064e9de3,cf9bc95d906238978e0c5ab26a1947d4104e026d3bac972323bf05453ec86ca7,p0019,f6c98589ec07e127,False,0.0,0.0,0.0,False,False,False
WEN38,benchmark,original,1,60001,1,PR1_HT1_EC0,No-EC,WEN38:i1:nsga2:s60001:r1:PR1_HT1_EC0:f2ee064e9de3,cf9bc95d906238978e0c5ab26a1947d4104e026d3bac972323bf05453ec86ca7,p0020,a9ede19b7d0ed823,False,0.0,0.0,0.0,False,False,False
WEN38,benchmark,original,1,60001,1,PR1_HT1_EC0,No-EC,WEN38:i1:nsga2:s60001:r1:PR1_HT1_EC0:f2ee064e9de3,cf9bc95d906238978e0c5ab26a1947d4104e026d3bac972323bf05453ec86ca7,p0021,03f4e7afdac5c284,False,0.0,0.0,0.0,False,False,False
WEN38,benchmark,original,1,60001,1,PR1_HT1_EC0,No-EC,WEN38:i1:nsga2:s60001:r1:PR1_HT1_EC0:f2ee064e9de3,cf9bc95d906238978e0c5ab26a1947d4104e026d3bac972323bf05453ec86ca7,p0022,5ca364720b7007ee,False,0.0,0.0,0.0,False,False,False
WEN38,benchmark,original,1,60001,1,PR1_HT1_EC0,No-EC,WEN38:i1:nsga2:s60001:r1:PR1_HT1_EC0:f2ee064e9de3,cf9bc95d906238978e0c5ab26a1947d4104e026d3bac972323bf05453ec86ca7,p0023,1350bc637d0ac81f,False,0.0,0.0,0.0,False,False,False
WEN38,benchmark,original,1,60001,1,PR1_HT1_EC0,No-EC,WEN38:i1:nsga2:s60001:r1:PR1_HT1_EC0:f2ee064e9de3,cf9bc95d906238978e0c5ab26a1947d4104e026d3bac972323bf05453ec86ca7,p0024,de94e6bcba7d4aff,False,0.0,0.0,0.0,False,False,False
WEN38,benchmark,original,1,60001,1,PR1_HT1_EC0,No-EC,WEN38:i1:nsga2:s60001:r1:PR1_HT1_EC0:f2ee064e9de3,cf9bc95d906238978e0c5ab26a1947d4104e026d3bac972323bf05453ec86ca7,p0025,870ae6c51b8652c7,False,0.0,0.0,0.0,False,False,False
WEN38,benchmark,original,1,60001,1,PR1_HT1_EC0,No-EC,WEN38:i1:nsga2:s60001:r1:PR1_HT1_EC0:f2ee064e9de3,cf9bc95d906238978e0c5ab26a1947d4104e026d3bac972323bf05453ec86ca7,p0026,6066f33572ce6fc4,False,0.0,0.0,0.0,False,False,False
WEN38,benchmark,original,1,60001,1,PR1_HT1_EC0,No-EC,WEN38:i1:nsga2:s60001:r1:PR1_HT1_EC0:f2ee064e9de3,cf9bc95d906238978e0c5ab26a1947d4104e026d3bac972323bf05453ec86ca7,p0027,1e699834ec4ff0d7,False,0.0,0.0,0.0,False,False,False
WEN38,benchmark,original,1,60001,1,PR1_HT1_EC1,Full,WEN38:i1:nsga2:s60001:r1:PR1_HT1_EC1:ceb9ada93d38,cf9bc95d906238978e0c5ab26a1947d4104e026d3bac972323bf05453ec86ca7,p0001,aacc90007cf45364,True,0.0,0.0,0.0,False,False,False
WEN38,benchmark,original,1,60001,1,PR1_HT1_EC1,Full,WEN38:i1:nsga2:s60001:r1:PR1_HT1_EC1:ceb9ada93d38,cf9bc95d906238978e0c5ab26a1947d4104e026d3bac972323bf05453ec86ca7,p0002,6d58023f9c397599,False,0.0,0.0,0.0,False,False,False
WEN38,benchmark,original,1,60001,1,PR1_HT1_EC1,Full,WEN38:i1:nsga2:s60001:r1:PR1_HT1_EC1:ceb9ada93d38,cf9bc95d906238978e0c5ab26a1947d4104e026d3bac972323bf05453ec86ca7,p0003,2030112ba4cbed7e,False,0.0,0.0,0.0,False,False,False
WEN38,benchmark,original,1,60001,1,PR1_HT1_EC1,Full,WEN38:i1:nsga2:s60001:r1:PR1_HT1_EC1:ceb9ada93d38,cf9bc95d906238978e0c5ab26a1947d4104e026d3bac972323bf05453ec86ca7,p0004,497d705823d73103,False,0.0,0.0,0.0,False,False,False
WEN38,benchmark,original,1,60001,1,PR1_HT1_EC1,Full,WEN38:i1:nsga2:s60001:r1:PR1_HT1_EC1:ceb9ada93d38,cf9bc95d906238978e0c5ab26a1947d4104e026d3bac972323bf05453ec86ca7,p0005,1a3d4381bc2072ec,False,0.0,0.0,0.0,False,False,False
WEN38,benchmark,original,1,60001,1,PR1_HT1_EC1,Full,WEN38:i1:nsga2:s60001:r1:PR1_HT1_EC1:ceb9ada93d38,cf9bc95d906238978e0c5ab26a1947d4104e026d3bac972323bf05453ec86ca7,p0006,e66ddf489ef000ca,False,0.0,0.0,0.0,False,False,False
WEN38,benchmark,original,1,60001,1,PR1_HT1_EC1,Full,WEN38:i1:nsga2:s60001:r1:PR1_HT1_EC1:ceb9ada93d38,cf9bc95d906238978e0c5ab26a1947d4104e026d3bac972323bf05453ec86ca7,p0007,f49b9520ad8e9d04,False,0.0,0.0,0.0,False,False,False
WEN38,benchmark,original,1,60001,1,PR1_HT1_EC1,Full,WEN38:i1:nsga2:s60001:r1:PR1_HT1_EC1:ceb9ada93d38,cf9bc95d906238978e0c5ab26a1947d4104e026d3bac972323bf05453ec86ca7,p0008,2aa9af2c016c5edb,False,0.0,0.0,0.0,False,False,False
WEN38,benchmark,original,1,60001,1,PR1_HT1_EC1,Full,WEN38:i1:nsga2:s60001:r1:PR1_HT1_EC1:ceb9ada93d38,cf9bc95d906238978e0c5ab26a1947d4104e026d3bac972323bf05453ec86ca7,p0009,e061df229fe6cf88,False,0.0,0.0,0.0,False,False,False
WEN38,benchmark,original,1,60001,1,PR1_HT1_EC1,Full,WEN38:i1:nsga2:s60001:r1:PR1_HT1_EC1:ceb9ada93d38,cf9bc95d906238978e0c5ab26a1947d4104e026d3bac972323bf05453ec86ca7,p0010,e6ae7ee2b46a0c4e,False,0.0,0.0,0.0,False,False,False
WEN38,benchmark,original,1,60001,1,PR1_HT1_EC1,Full,WEN38:i1:nsga2:s60001:r1:PR1_HT1_EC1:ceb9ada93d38,cf9bc95d906238978e0c5ab26a1947d4104e026d3bac972323bf05453ec86ca7,p0011,87193ecce38089c2,False,0.0,0.0,0.0,False,False,False
WEN38,benchmark,original,1,60001,1,PR1_HT1_EC1,Full,WEN38:i1:nsga2:s60001:r1:PR1_HT1_EC1:ceb9ada93d38,cf9bc95d906238978e0c5ab26a1947d4104e026d3bac972323bf05453ec86ca7,p0012,e17fec6192053e3d,False,0.0,0.0,0.0,False,False,False
WEN38,benchmark,original,1,60001,1,PR1_HT1_EC1,Full,WEN38:i1:nsga2:s60001:r1:PR1_HT1_EC1:ceb9ada93d38,cf9bc95d906238978e0c5ab26a1947d4104e026d3bac972323bf05453ec86ca7,p0013,8b2ffa4dccdbdf35,False,0.0,0.0,0.0,False,False,False
WEN38,benchmark,original,1,60001,1,PR1_HT1_EC1,Full,WEN38:i1:nsga2:s60001:r1:PR1_HT1_EC1:ceb9ada93d38,cf9bc95d906238978e0c5ab26a1947d4104e026d3bac972323bf05453ec86ca7,p0014,d55ec2113cd562c9,False,0.0,0.0,0.0,False,False,False
WEN38,benchmark,original,1,60001,1,PR1_HT1_EC1,Full,WEN38:i1:nsga2:s60001:r1:PR1_HT1_EC1:ceb9ada93d38,cf9bc95d906238978e0c5ab26a1947d4104e026d3bac972323bf05453ec86ca7,p0015,1d4d6d9f25601fe0,False,0.0,0.0,0.0,False,False,False
WEN38,benchmark,original,1,60001,1,PR1_HT1_EC1,Full,WEN38:i1:nsga2:s60001:r1:PR1_HT1_EC1:ceb9ada93d38,cf9bc95d906238978e0c5ab26a1947d4104e026d3bac972323bf05453ec86ca7,p0016,2e5ac41dc3e2e4c8,False,0.0,0.0,0.0,False,False,False
WEN38,benchmark,original,1,60001,1,PR1_HT1_EC1,Full,WEN38:i1:nsga2:s60001:r1:PR1_HT1_EC1:ceb9ada93d38,cf9bc95d906238978e0c5ab26a1947d4104e026d3bac972323bf05453ec86ca7,p0017,746738a84f30be00,False,0.0,0.0,0.0,False,False,False
WEN38,benchmark,original,1,60001,1,PR1_HT1_EC1,Full,WEN38:i1:nsga2:s60001:r1:PR1_HT1_EC1:ceb9ada93d38,cf9bc95d906238978e0c5ab26a1947d4104e026d3bac972323bf05453ec86ca7,p0018,a2fca10043e88480,False,0.0,0.0,0.0,False,False,False
WEN38,benchmark,original,1,60001,1,PR1_HT1_EC1,Full,WEN38:i1:nsga2:s60001:r1:PR1_HT1_EC1:ceb9ada93d38,cf9bc95d906238978e0c5ab26a1947d4104e026d3bac972323bf05453ec86ca7,p0019,f6c98589ec07e127,False,0.0,0.0,0.0,False,False,False
WEN38,benchmark,original,1,60001,1,PR1_HT1_EC1,Full,WEN38:i1:nsga2:s60001:r1:PR1_HT1_EC1:ceb9ada93d38,cf9bc95d906238978e0c5ab26a1947d4104e026d3bac972323bf05453ec86ca7,p0020,a9ede19b7d0ed823,False,0.0,0.0,0.0,False,False,False
WEN38,benchmark,original,1,60001,1,PR1_HT1_EC1,Full,WEN38:i1:nsga2:s60001:r1:PR1_HT1_EC1:ceb9ada93d38,cf9bc95d906238978e0c5ab26a1947d4104e026d3bac972323bf05453ec86ca7,p0021,03f4e7afdac5c284,False,0.0,0.0,0.0,False,False,False
WEN38,benchmark,original,1,60001,1,PR1_HT1_EC1,Full,WEN38:i1:nsga2:s60001:r1:PR1_HT1_EC1:ceb9ada93d38,cf9bc95d906238978e0c5ab26a1947d4104e026d3bac972323bf05453ec86ca7,p0022,5ca364720b7007ee,False,0.0,0.0,0.0,False,False,False
WEN38,benchmark,original,1,60001,1,PR1_HT1_EC1,Full,WEN38:i1:nsga2:s60001:r1:PR1_HT1_EC1:ceb9ada93d38,cf9bc95d906238978e0c5ab26a1947d4104e026d3bac972323bf05453ec86ca7,p0023,1350bc637d0ac81f,False,0.0,0.0,0.0,False,False,False
WEN38,benchmark,original,1,60001,1,PR1_HT1_EC1,Full,WEN38:i1:nsga2:s60001:r1:PR1_HT1_EC1:ceb9ada93d38,cf9bc95d906238978e0c5ab26a1947d4104e026d3bac972323bf05453ec86ca7,p0024,de94e6bcba7d4aff,False,0.0,0.0,0.0,False,False,False
WEN38,benchmark,original,1,60001,1,PR1_HT1_EC1,Full,WEN38:i1:nsga2:s60001:r1:PR1_HT1_EC1:ceb9ada93d38,cf9bc95d906238978e0c5ab26a1947d4104e026d3bac972323bf05453ec86ca7,p0025,870ae6c51b8652c7,False,0.0,0.0,0.0,False,False,False
WEN38,benchmark,original,1,60001,1,PR1_HT1_EC1,Full,WEN38:i1:nsga2:s60001:r1:PR1_HT1_EC1:ceb9ada93d38,cf9bc95d906238978e0c5ab26a1947d4104e026d3bac972323bf05453ec86ca7,p0026,6066f33572ce6fc4,False,0.0,0.0,0.0,False,False,False
WEN38,benchmark,original,1,60001,1,PR1_HT1_EC1,Full,WEN38:i1:nsga2:s60001:r1:PR1_HT1_EC1:ceb9ada93d38,cf9bc95d906238978e0c5ab26a1947d4104e026d3bac972323bf05453ec86ca7,p0027,1e699834ec4ff0d7,False,0.0,0.0,0.0,False,False,False
S025,corridor,binding,101,1060000,0,PR0_HT1_EC1,No-PR,S025@corridor@binding:i101:nsga2:s1060000:r0:PR0_HT1_EC1:8353cfdc536a,645b3a3c554829d2bd7eb3bdb04173d87542d672d7bd6ed69c292de4d1047953,p0001,de702e077b8c03d7,False,0.021598179798311357,145.4640074118529,0.0,True,True,False
S025,corridor,binding,101,1060000,0,PR0_HT1_EC1,No-PR,S025@corridor@binding:i101:nsga2:s1060000:r0:PR0_HT1_EC1:8353cfdc536a,645b3a3c554829d2bd7eb3bdb04173d87542d672d7bd6ed69c292de4d1047953,p0002,30a22335100b69a9,True,0.025976781227237566,114.8070361898067,0.0,True,True,False
S025,corridor,binding,101,1060000,0,PR0_HT1_EC1,No-PR,S025@corridor@binding:i101:nsga2:s1060000:r0:PR0_HT1_EC1:8353cfdc536a,645b3a3c554829d2bd7eb3bdb04173d87542d672d7bd6ed69c292de4d1047953,p0003,4bedd855915b82ec,False,-0.03799392097265564,103.9232982751829,0.0,True,True,False
S025,corridor,binding,101,1060000,0,PR0_HT1_EC1,No-PR,S025@corridor@binding:i101:nsga2:s1060000:r0:PR0_HT1_EC1:8353cfdc536a,645b3a3c554829d2bd7eb3bdb04173d87542d672d7bd6ed69c292de4d1047953,p0004,5a0e6d1160338142,False,0.0,0.0,0.0,False,False,False
S025,corridor,binding,101,1060000,0,PR0_HT1_EC1,No-PR,S025@corridor@binding:i101:nsga2:s1060000:r0:PR0_HT1_EC1:8353cfdc536a,645b3a3c554829d2bd7eb3bdb04173d87542d672d7bd6ed69c292de4d1047953,p0005,0c64570674ff3a45,False,0.0,0.0,0.0,False,False,False
S025,corridor,binding,101,1060000,0,PR1_HT0_EC1,No-HT,S025@corridor@binding:i101:nsga2:s1060000:r0:PR1_HT0_EC1:3856e2908251,645b3a3c554829d2bd7eb3bdb04173d87542d672d7bd6ed69c292de4d1047953,p0001,dc514ff044302fc4,True,0.0,0.0,0.0,False,False,False
S025,corridor,binding,101,1060000,0,PR1_HT0_EC1,No-HT,S025@corridor@binding:i101:nsga2:s1060000:r0:PR1_HT0_EC1:3856e2908251,645b3a3c554829d2bd7eb3bdb04173d87542d672d7bd6ed69c292de4d1047953,p0002,28cb28c289de81ba,False,0.0,0.0,0.0,False,False,False
S025,corridor,binding,101,1060000,0,PR1_HT0_EC1,No-HT,S025@corridor@binding:i101:nsga2:s1060000:r0:PR1_HT0_EC1:3856e2908251,645b3a3c554829d2bd7eb3bdb04173d87542d672d7bd6ed69c292de4d1047953,p0003,34a541f36ca10733,False,0.0,0.0,0.0,False,False,False
S025,corridor,binding,101,1060000,0,PR1_HT0_EC1,No-HT,S025@corridor@binding:i101:nsga2:s1060000:r0:PR1_HT0_EC1:3856e2908251,645b3a3c554829d2bd7eb3bdb04173d87542d672d7bd6ed69c292de4d1047953,p0004,e64a4ace8818d65d,False,0.0,0.0,0.0,False,False,False
S025,corridor,binding,101,1060000,0,PR1_HT0_EC1,No-HT,S025@corridor@binding:i101:nsga2:s1060000:r0:PR1_HT0_EC1:3856e2908251,645b3a3c554829d2bd7eb3bdb04173d87542d672d7bd6ed69c292de4d1047953,p0005,48d2341bc8f2da12,False,0.0,0.0,0.0,False,False,False
S025,corridor,binding,101,1060000,0,PR1_HT1_EC0,No-EC,S025@corridor@binding:i101:nsga2:s1060000:r0:PR1_HT1_EC0:854b0a538e45,645b3a3c554829d2bd7eb3bdb04173d87542d672d7bd6ed69c292de4d1047953,p0001,17f5967e22085cf5,False,2.725260486233135,-3759.8283931446867,0.8678714859437232,True,True,True
S025,corridor,binding,101,1060000,0,PR1_HT1_EC0,No-EC,S025@corridor@binding:i101:nsga2:s1060000:r0:PR1_HT1_EC0:854b0a538e45,645b3a3c554829d2bd7eb3bdb04173d87542d672d7bd6ed69c292de4d1047953,p0002,f7b3d930cdf94093,False,2.7138481696859973,-3753.016262677598,0.8678714859437232,True,True,True
S025,corridor,binding,101,1060000,0,PR1_HT1_EC0,No-EC,S025@corridor@binding:i101:nsga2:s1060000:r0:PR1_HT1_EC0:854b0a538e45,645b3a3c554829d2bd7eb3bdb04173d87542d672d7bd6ed69c292de4d1047953,p0003,1cf0727b6e4aef4b,True,2.72976664887839,-3782.78630515002,0.8678714859436998,True,True,True
S025,corridor,binding,101,1060000,0,PR1_HT1_EC0,No-EC,S025@corridor@binding:i101:nsga2:s1060000:r0:PR1_HT1_EC0:854b0a538e45,645b3a3c554829d2bd7eb3bdb04173d87542d672d7bd6ed69c292de4d1047953,p0004,c372f185ca3aab9f,False,1.434484927903699,-2945.8471235127718,0.5792682926829268,True,True,True
S025,corridor,binding,101,1060000,0,PR1_HT1_EC0,No-EC,S025@corridor@binding:i101:nsga2:s1060000:r0:PR1_HT1_EC0:854b0a538e45,645b3a3c554829d2bd7eb3bdb04173d87542d672d7bd6ed69c292de4d1047953,p0005,52a18a0c9bf3b6c7,False,1.402050518373203,-2836.391336568877,0.5612244897959183,True,True,True
S025,corridor,binding,101,1060000,0,PR1_HT1_EC0,No-EC,S025@corridor@binding:i101:nsga2:s1060000:r0:PR1_HT1_EC0:854b0a538e45,645b3a3c554829d2bd7eb3bdb04173d87542d672d7bd6ed69c292de4d1047953,p0006,cefa1863f33f9578,False,1.4317025430875177,-2878.226224759379,0.5612244897959183,True,True,True
S025,corridor,binding,101,1060000,0,PR1_HT1_EC0,No-EC,S025@corridor@binding:i101:nsga2:s1060000:r0:PR1_HT1_EC0:854b0a538e45,645b3a3c554829d2bd7eb3bdb04173d87542d672d7bd6ed69c292de4d1047953,p0007,89c855ddcf0294ba,False,1.4217266603989485,-2945.303386700101,0.5182926829268293,True,True,True
S025,corridor,binding,101,1060000,0,PR1_HT1_EC0,No-EC,S025@corridor@binding:i101:nsga2:s1060000:r0:PR1_HT1_EC0:854b0a538e45,645b3a3c554829d2bd7eb3bdb04173d87542d672d7bd6ed69c292de4d1047953,p0008,994c553c480671f9,False,1.4597071593719413,-2945.303386700101,0.5,True,True,True
S025,corridor,binding,101,1060000,0,PR1_HT1_EC0,No-EC,S025@corridor@binding:i101:nsga2:s1060000:r0:PR1_HT1_EC0:854b0a538e45,645b3a3c554829d2bd7eb3bdb04173d87542d672d7bd6ed69c292de4d1047953,p0009,b229ab1a27545f4d,False,1.2213036969508035,-2451.0029499175107,0.5,True,True,True
S025,corridor,binding,101,1060000,0,PR1_HT1_EC0,No-EC,S025@corridor@binding:i101:nsga2:s1060000:r0:PR1_HT1_EC0:854b0a538e45,645b3a3c554829d2bd7eb3bdb04173d87542d672d7bd6ed69c292de4d1047953,p0010,985dccd2a5c40ea5,False,1.4047939174900668,-2837.3798204484583,0.4878048780487805,True,True,True
S025,corridor,binding,101,1060000,0,PR1_HT1_EC0,No-EC,S025@corridor@binding:i101:nsga2:s1060000:r0:PR1_HT1_EC0:854b0a538e45,645b3a3c554829d2bd7eb3bdb04173d87542d672d7bd6ed69c292de4d1047953,p0011,4b55a74c39476d0e,False,1.1376028508851839,-2478.1466212860155,0.45918367346938777,True,True,True
S025,corridor,binding,101,1060000,0,PR1_HT1_EC0,No-EC,S025@corridor@binding:i101:nsga2:s1060000:r0:PR1_HT1_EC0:854b0a538e45,645b3a3c554829d2bd7eb3bdb04173d87542d672d7bd6ed69c292de4d1047953,p0012,1be58d91cec11329,False,1.4646312822759144,-2796.474104542347,0.44871794871794873,True,True,True
S025,corridor,binding,101,1060000,0,PR1_HT1_EC0,No-EC,S025@corridor@binding:i101:nsga2:s1060000:r0:PR1_HT1_EC0:854b0a538e45,645b3a3c554829d2bd7eb3bdb04173d87542d672d7bd6ed69c292de4d1047953,p0013,433ef2fb19b0298c,False,1.4302362269491375,-2837.3798204484583,0.4166666666666667,True,True,True
S025,corridor,binding,101,1060000,0,PR1_HT1_EC0,No-EC,S025@corridor@binding:i101:nsga2:s1060000:r0:PR1_HT1_EC0:854b0a538e45,645b3a3c554829d2bd7eb3bdb04173d87542d672d7bd6ed69c292de4d1047953,p0014,44a77cee2e030ab5,False,1.226092448525673,-2451.5466867301816,0.4166666666666667,True,True,True
S025,corridor,binding,101,1060000,0,PR1_HT1_EC0,No-EC,S025@corridor@binding:i101:nsga2:s1060000:r0:PR1_HT1_EC0:854b0a538e45,645b3a3c554829d2bd7eb3bdb04173d87542d672d7bd6ed69c292de4d1047953,p0015,922e667a7d1455af,False,1.2165200144000687,-2453.2497193469544,0.38461538461538464,True,True,True
S025,corridor,binding,101,1060000,0,PR1_HT1_EC0,No-EC,S025@corridor@binding:i101:nsga2:s1060000:r0:PR1_HT1_EC0:854b0a538e45,645b3a3c554829d2bd7eb3bdb04173d87542d672d7bd6ed69c292de4d1047953,p0016,b0289d5140841153,False,0.9753997217079027,-2350.234621344252,0.35714285714285715,True,True,True
S025,corridor,binding,101,1060000,0,PR1_HT1_EC0,No-EC,S025@corridor@binding:i101:nsga2:s1060000:r0:PR1_HT1_EC0:854b0a538e45,645b3a3c554829d2bd7eb3bdb04173d87542d672d7bd6ed69c292de4d1047953,p0017,34a711359985335f,False,1.0001820482834658,-2324.486203096804,0.3353658536585366,True,True,True
S025,corridor,binding,101,1060000,0,PR1_HT1_EC0,No-EC,S025@corridor@binding:i101:nsga2:s1060000:r0:PR1_HT1_EC0:854b0a538e45,645b3a3c554829d2bd7eb3bdb04173d87542d672d7bd6ed69c292de4d1047953,p0018,4dc9fa278cb9d15f,False,0.9035182522265854,-2347.9878519148083,0.28061224489795916,True,True,True
S025,corridor,binding,101,1060000,0,PR1_HT1_EC0,No-EC,S025@corridor@binding:i101:nsga2:s1060000:r0:PR1_HT1_EC0:854b0a538e45,645b3a3c554829d2bd7eb3bdb04173d87542d672d7bd6ed69c292de4d1047953,p0019,99eff3763cb46d83,False,1.0209421308360698,-2371.489500732813,0.2564102564102564,True,True,True
S025,corridor,binding,101,1060000,0,PR1_HT1_EC0,No-EC,S025@corridor@binding:i101:nsga2:s1060000:r0:PR1_HT1_EC0:854b0a538e45,645b3a3c554829d2bd7eb3bdb04173d87542d672d7bd6ed69c292de4d1047953,p0020,ba3c8b4eb0d9487e,False,1.0070981119304028,-2405.930543818121,0.25,True,True,True
S025,corridor,binding,101,1060000,0,PR1_HT1_EC0,No-EC,S025@corridor@binding:i101:nsga2:s1060000:r0:PR1_HT1_EC0:854b0a538e45,645b3a3c554829d2bd7eb3bdb04173d87542d672d7bd6ed69c292de4d1047953,p0021,8e6cff53446ca7ad,False,0.6771014485215812,-1386.869522135426,0.20408163265306123,True,True,True
S025,corridor,binding,101,1060000,0,PR1_HT1_EC0,No-EC,S025@corridor@binding:i101:nsga2:s1060000:r0:PR1_HT1_EC0:854b0a538e45,645b3a3c554829d2bd7eb3bdb04173d87542d672d7bd6ed69c292de4d1047953,p0022,1087cdc0e79eba39,False,0.6827291581977644,-1409.8274341407598,0.20408163265306123,True,True,True
S025,corridor,binding,101,1060000,0,PR1_HT1_EC0,No-EC,S025@corridor@binding:i101:nsga2:s1060000:r0:PR1_HT1_EC0:854b0a538e45,645b3a3c554829d2bd7eb3bdb04173d87542d672d7bd6ed69c292de4d1047953,p0023,ecac52184f0c90b1,False,0.7313122054623591,-1409.2836973280891,0.19230769230769232,True,True,True
S025,corridor,binding,101,1060000,0,PR1_HT1_EC0,No-EC,S025@corridor@binding:i101:nsga2:s1060000:r0:PR1_HT1_EC0:854b0a538e45,645b3a3c554829d2bd7eb3bdb04173d87542d672d7bd6ed69c292de4d1047953,p0024,9eb27a6da5b1ba26,False,0.7392441051786145,-1411.5304667575324,0.19230769230769232,True,True,True
S025,corridor,binding,101,1060000,0,PR1_HT1_EC0,No-EC,S025@corridor@binding:i101:nsga2:s1060000:r0:PR1_HT1_EC0:854b0a538e45,645b3a3c554829d2bd7eb3bdb04173d87542d672d7bd6ed69c292de4d1047953,p0025,4ef2881dce43bf3e,False,0.98085440096082,-2351.6298744653086,0.16666666666666666,True,True,True
S025,corridor,binding,101,1060000,0,PR1_HT1_EC0,No-EC,S025@corridor@binding:i101:nsga2:s1060000:r0:PR1_HT1_EC0:854b0a538e45,645b3a3c554829d2bd7eb3bdb04173d87542d672d7bd6ed69c292de4d1047953,p0026,4e91815dcc1a1ba7,False,1.018427484743552,-2325.5736767221456,0.16666666666666666,True,True,True
S025,corridor,binding,101,1060000,0,PR1_HT1_EC0,No-EC,S025@corridor@binding:i101:nsga2:s1060000:r0:PR1_HT1_EC0:854b0a538e45,645b3a3c554829d2bd7eb3bdb04173d87542d672d7bd6ed69c292de4d1047953,p0027,177c5fb193fc59a5,False,0.661903880132523,-1294.4831859360715,0.15306122448979592,True,True,True
S025,corridor,binding,101,1060000,0,PR1_HT1_EC0,No-EC,S025@corridor@binding:i101:nsga2:s1060000:r0:PR1_HT1_EC0:854b0a538e45,645b3a3c554829d2bd7eb3bdb04173d87542d672d7bd6ed69c292de4d1047953,p0028,4b855c6f0330cac9,False,0.6844752807320944,-1274.5245699228067,0.10204081632653061,True,True,True
S025,corridor,binding,101,1060000,0,PR1_HT1_EC0,No-EC,S025@corridor@binding:i101:nsga2:s1060000:r0:PR1_HT1_EC0:854b0a538e45,645b3a3c554829d2bd7eb3bdb04173d87542d672d7bd6ed69c292de4d1047953,p0029,a083044d8f78c210,False,0.38592325227970914,182.54137588777314,0.0,True,True,False
S025,corridor,binding,101,1060000,0,PR1_HT1_EC0,No-EC,S025@corridor@binding:i101:nsga2:s1060000:r0:PR1_HT1_EC0:854b0a538e45,645b3a3c554829d2bd7eb3bdb04173d87542d672d7bd6ed69c292de4d1047953,p0030,4da2e6927f0da410,False,0.7006060137938004,-1336.9549668877603,0.0,True,True,False
S025,corridor,binding,101,1060000,0,PR1_HT1_EC0,No-EC,S025@corridor@binding:i101:nsga2:s1060000:r0:PR1_HT1_EC0:854b0a538e45,645b3a3c554829d2bd7eb3bdb04173d87542d672d7bd6ed69c292de4d1047953,p0031,889fdbd3e2360614,False,0.4163183890578246,-282.80944180920267,0.0,True,True,False
S025,corridor,binding,101,1060000,0,PR1_HT1_EC0,No-EC,S025@corridor@binding:i101:nsga2:s1060000:r0:PR1_HT1_EC0:854b0a538e45,645b3a3c554829d2bd7eb3bdb04173d87542d672d7bd6ed69c292de4d1047953,p0032,b80b0f0dc69a5d8c,False,0.40972667264801643,-188.80284653718434,0.0,True,True,False
S025,corridor,binding,101,1060000,0,PR1_HT1_EC0,No-EC,S025@corridor@binding:i101:nsga2:s1060000:r0:PR1_HT1_EC0:854b0a538e45,645b3a3c554829d2bd7eb3bdb04173d87542d672d7bd6ed69c292de4d1047953,p0033,4afba8e246326d35,False,0.49804861313631665,-984.7742265392038,0.0,True,True,False
S025,corridor,binding,101,1060000,0,PR1_HT1_EC0,No-EC,S025@corridor@binding:i101:nsga2:s1060000:r0:PR1_HT1_EC0:854b0a538e45,645b3a3c554829d2bd7eb3bdb04173d87542d672d7bd6ed69c292de4d1047953,p0034,7e166ff977d9ef81,False,0.5219689548466171,-1047.1098091370818,0.0,True,True,False
S025,corridor,binding,101,1060000,0,PR1_HT1_EC0,No-EC,S025@corridor@binding:i101:nsga2:s1060000:r0:PR1_HT1_EC0:854b0a538e45,645b3a3c554829d2bd7eb3bdb04173d87542d672d7bd6ed69c292de4d1047953,p0035,a9565a8beb63fdb9,False,0.516658961071994,-1009.1273916655945,0.0,True,True,False
S025,corridor,binding,101,1060000,0,PR1_HT1_EC0,No-EC,S025@corridor@binding:i101:nsga2:s1060000:r0:PR1_HT1_EC0:854b0a538e45,645b3a3c554829d2bd7eb3bdb04173d87542d672d7bd6ed69c292de4d1047953,p0036,1e9a8acae592f858,False,0.49514543415520595,-979.6651286888876,0.0,True,True,False
S025,corridor,binding,101,1060000,0,PR1_HT1_EC0,No-EC,S025@corridor@binding:i101:nsga2:s1060000:r0:PR1_HT1_EC0:854b0a538e45,645b3a3c554829d2bd7eb3bdb04173d87542d672d7bd6ed69c292de4d1047953,p0037,74047ea86277f249,False,0.5941726632973161,-1099.0482250320754,0.0,True,True,False
S025,corridor,binding,101,1060000,0,PR1_HT1_EC0,No-EC,S025@corridor@binding:i101:nsga2:s1060000:r0:PR1_HT1_EC0:854b0a538e45,645b3a3c554829d2bd7eb3bdb04173d87542d672d7bd6ed69c292de4d1047953,p0038,3ed489cf05fa65aa,False,0.5993940468723515,-1190.5002713789354,0.0,True,True,False
S025,corridor,binding,101,1060000,0,PR1_HT1_EC0,No-EC,S025@corridor@binding:i101:nsga2:s1060000:r0:PR1_HT1_EC0:854b0a538e45,645b3a3c554829d2bd7eb3bdb04173d87542d672d7bd6ed69c292de4d1047953,p0039,304958a71d22eccd,False,0.5637635680759479,-1075.5465762140705,0.0,True,True,False
S025,corridor,binding,101,1060000,0,PR1_HT1_EC0,No-EC,S025@corridor@binding:i101:nsga2:s1060000:r0:PR1_HT1_EC0:854b0a538e45,645b3a3c554829d2bd7eb3bdb04173d87542d672d7bd6ed69c292de4d1047953,p0040,effcaf52c5d11abe,False,0.41183235983447464,-257.67658255318554,0.0,True,True,False
S025,corridor,binding,101,1060000,0,PR1_HT1_EC1,Full,S025@corridor@binding:i101:nsga2:s1060000:r0:PR1_HT1_EC1:6abe6f291736,645b3a3c554829d2bd7eb3bdb04173d87542d672d7bd6ed69c292de4d1047953,p0001,dc514ff044302fc4,True,0.0,0.0,0.0,False,False,False
S025,corridor,binding,101,1060000,0,PR1_HT1_EC1,Full,S025@corridor@binding:i101:nsga2:s1060000:r0:PR1_HT1_EC1:6abe6f291736,645b3a3c554829d2bd7eb3bdb04173d87542d672d7bd6ed69c292de4d1047953,p0002,28cb28c289de81ba,False,0.0,0.0,0.0,False,False,False
S025,corridor,binding,101,1060000,0,PR1_HT1_EC1,Full,S025@corridor@binding:i101:nsga2:s1060000:r0:PR1_HT1_EC1:6abe6f291736,645b3a3c554829d2bd7eb3bdb04173d87542d672d7bd6ed69c292de4d1047953,p0003,34a541f36ca10733,False,0.0,0.0,0.0,False,False,False
S025,corridor,binding,101,1060000,0,PR1_HT1_EC1,Full,S025@corridor@binding:i101:nsga2:s1060000:r0:PR1_HT1_EC1:6abe6f291736,645b3a3c554829d2bd7eb3bdb04173d87542d672d7bd6ed69c292de4d1047953,p0004,e64a4ace8818d65d,False,0.0,0.0,0.0,False,False,False
S025,corridor,binding,101,1060000,0,PR1_HT1_EC1,Full,S025@corridor@binding:i101:nsga2:s1060000:r0:PR1_HT1_EC1:6abe6f291736,645b3a3c554829d2bd7eb3bdb04173d87542d672d7bd6ed69c292de4d1047953,p0005,48d2341bc8f2da12,False,0.0,0.0,0.0,False,False,False
S025,corridor,binding,101,1060001,1,PR0_HT1_EC1,No-PR,S025@corridor@binding:i101:nsga2:s1060001:r1:PR0_HT1_EC1:4b9ec6e4ad81,645b3a3c554829d2bd7eb3bdb04173d87542d672d7bd6ed69c292de4d1047953,p0001,bbb6154797241ada,True,0.025976781227237566,114.8070361898067,0.0,True,True,False
S025,corridor,binding,101,1060001,1,PR0_HT1_EC1,No-PR,S025@corridor@binding:i101:nsga2:s1060001:r1:PR0_HT1_EC1:4b9ec6e4ad81,645b3a3c554829d2bd7eb3bdb04173d87542d672d7bd6ed69c292de4d1047953,p0002,2a137671946c2f62,False,0.021598179798311357,145.4640074118529,0.0,True,True,False
S025,corridor,binding,101,1060001,1,PR0_HT1_EC1,No-PR,S025@corridor@binding:i101:nsga2:s1060001:r1:PR0_HT1_EC1:4b9ec6e4ad81,645b3a3c554829d2bd7eb3bdb04173d87542d672d7bd6ed69c292de4d1047953,p0003,8076ac76be62f784,False,-0.03799392097265564,103.9232982751829,0.0,True,True,False
S025,corridor,binding,101,1060001,1,PR0_HT1_EC1,No-PR,S025@corridor@binding:i101:nsga2:s1060001:r1:PR0_HT1_EC1:4b9ec6e4ad81,645b3a3c554829d2bd7eb3bdb04173d87542d672d7bd6ed69c292de4d1047953,p0004,701d3ec799fe7331,False,0.0,0.0,0.0,False,False,False
S025,corridor,binding,101,1060001,1,PR0_HT1_EC1,No-PR,S025@corridor@binding:i101:nsga2:s1060001:r1:PR0_HT1_EC1:4b9ec6e4ad81,645b3a3c554829d2bd7eb3bdb04173d87542d672d7bd6ed69c292de4d1047953,p0005,ae6eaab1a7e0abf7,False,0.0,0.0,0.0,False,False,False
S025,corridor,binding,101,1060001,1,PR1_HT0_EC1,No-HT,S025@corridor@binding:i101:nsga2:s1060001:r1:PR1_HT0_EC1:9b2b37d019cc,645b3a3c554829d2bd7eb3bdb04173d87542d672d7bd6ed69c292de4d1047953,p0001,07394de1f8455fb2,True,0.0,0.0,0.0,False,False,False
S025,corridor,binding,101,1060001,1,PR1_HT0_EC1,No-HT,S025@corridor@binding:i101:nsga2:s1060001:r1:PR1_HT0_EC1:9b2b37d019cc,645b3a3c554829d2bd7eb3bdb04173d87542d672d7bd6ed69c292de4d1047953,p0002,cee00508654754d2,False,0.0,0.0,0.0,False,False,False
S025,corridor,binding,101,1060001,1,PR1_HT0_EC1,No-HT,S025@corridor@binding:i101:nsga2:s1060001:r1:PR1_HT0_EC1:9b2b37d019cc,645b3a3c554829d2bd7eb3bdb04173d87542d672d7bd6ed69c292de4d1047953,p0003,0ad02fa191f2a34d,False,0.0,0.0,0.0,False,False,False
S025,corridor,binding,101,1060001,1,PR1_HT0_EC1,No-HT,S025@corridor@binding:i101:nsga2:s1060001:r1:PR1_HT0_EC1:9b2b37d019cc,645b3a3c554829d2bd7eb3bdb04173d87542d672d7bd6ed69c292de4d1047953,p0004,1c6016b980052832,False,0.0,0.0,0.0,False,False,False
S025,corridor,binding,101,1060001,1,PR1_HT0_EC1,No-HT,S025@corridor@binding:i101:nsga2:s1060001:r1:PR1_HT0_EC1:9b2b37d019cc,645b3a3c554829d2bd7eb3bdb04173d87542d672d7bd6ed69c292de4d1047953,p0005,c85457e8824e5b29,False,0.0,0.0,0.0,False,False,False
S025,corridor,binding,101,1060001,1,PR1_HT1_EC0,No-EC,S025@corridor@binding:i101:nsga2:s1060001:r1:PR1_HT1_EC0:41a513b2b48a,645b3a3c554829d2bd7eb3bdb04173d87542d672d7bd6ed69c292de4d1047953,p0001,cde6c0b29343e286,True,2.72976664887839,-3775.1082588547174,0.8678714859436998,True,True,True
S025,corridor,binding,101,1060001,1,PR1_HT1_EC0,No-EC,S025@corridor@binding:i101:nsga2:s1060001:r1:PR1_HT1_EC0:41a513b2b48a,645b3a3c554829d2bd7eb3bdb04173d87542d672d7bd6ed69c292de4d1047953,p0002,d7d8f4216d54b61f,False,2.7002422650290194,-3730.058350672265,0.8678714859436649,True,True,True
S025,corridor,binding,101,1060001,1,PR1_HT1_EC0,No-EC,S025@corridor@binding:i101:nsga2:s1060001:r1:PR1_HT1_EC0:41a513b2b48a,645b3a3c554829d2bd7eb3bdb04173d87542d672d7bd6ed69c292de4d1047953,p0003,468011bdc9e2de6a,False,2.7138481696859973,-3753.016262677598,0.8678714859437232,True,True,True
S025,corridor,binding,101,1060001,1,PR1_HT1_EC0,No-EC,S025@corridor@binding:i101:nsga2:s1060001:r1:PR1_HT1_EC0:41a513b2b48a,645b3a3c554829d2bd7eb3bdb04173d87542d672d7bd6ed69c292de4d1047953,p0004,a04955248dc4d9f6,False,2.725260486233135,-3759.8283931446867,0.8678714859437232,True,True,True
S025,corridor,binding,101,1060001,1,PR1_HT1_EC0,No-EC,S025@corridor@binding:i101:nsga2:s1060001:r1:PR1_HT1_EC0:41a513b2b48a,645b3a3c554829d2bd7eb3bdb04173d87542d672d7bd6ed69c292de4d1047953,p0005,40101ead267182f7,False,1.434484927903699,-2787.8219738872913,0.5792682926829268,True,True,True
S025,corridor,binding,101,1060001,1,PR1_HT1_EC0,No-EC,S025@corridor@binding:i101:nsga2:s1060001:r1:PR1_HT1_EC0:41a513b2b48a,645b3a3c554829d2bd7eb3bdb04173d87542d672d7bd6ed69c292de4d1047953,p0006,c074bb4f3b1fdc02,False,1.402050518373203,-2836.391336568877,0.5612244897959183,True,True,True
S025,corridor,binding,101,1060001,1,PR1_HT1_EC0,No-EC,S025@corridor@binding:i101:nsga2:s1060001:r1:PR1_HT1_EC0:41a513b2b48a,645b3a3c554829d2bd7eb3bdb04173d87542d672d7bd6ed69c292de4d1047953,p0007,b4a2b042dad81920,False,1.4597071593719413,-2792.2165230004166,0.5,True,True,True
S025,corridor,binding,101,1060001,1,PR1_HT1_EC0,No-EC,S025@corridor@binding:i101:nsga2:s1060001:r1:PR1_HT1_EC0:41a513b2b48a,645b3a3c554829d2bd7eb3bdb04173d87542d672d7bd6ed69c292de4d1047953,p0008,6dfa80e04e5919d7,False,1.2213036969508035,-2451.0029499175107,0.5,True,True,True
S025,corridor,binding,101,1060001,1,PR1_HT1_EC0,No-EC,S025@corridor@binding:i101:nsga2:s1060001:r1:PR1_HT1_EC0:41a513b2b48a,645b3a3c554829d2bd7eb3bdb04173d87542d672d7bd6ed69c292de4d1047953,p0009,067792ec464a0150,False,1.4646312822759144,-2949.560968242032,0.44871794871794873,True,True,True
S025,corridor,binding,101,1060001,1,PR1_HT1_EC0,No-EC,S025@corridor@binding:i101:nsga2:s1060001:r1:PR1_HT1_EC0:41a513b2b48a,645b3a3c554829d2bd7eb3bdb04173d87542d672d7bd6ed69c292de4d1047953,p0010,b16a9496cdb03dea,False,1.2094074487659405,-2428.045037912177,0.44871794871794873,True,True,True
S025,corridor,binding,101,1060001,1,PR1_HT1_EC0,No-EC,S025@corridor@binding:i101:nsga2:s1060001:r1:PR1_HT1_EC0:41a513b2b48a,645b3a3c554829d2bd7eb3bdb04173d87542d672d7bd6ed69c292de4d1047953,p0011,23d5b91228933f15,False,1.4622430600242273,-2768.5779066112173,0.4166666666666667,True,True,True
S025,corridor,binding,101,1060001,1,PR1_HT1_EC0,No-EC,S025@corridor@binding:i101:nsga2:s1060001:r1:PR1_HT1_EC0:41a513b2b48a,645b3a3c554829d2bd7eb3bdb04173d87542d672d7bd6ed69c292de4d1047953,p0012,be015661f313f078,False,0.9883987888051404,-2349.3831050358654,0.36585365853658536,True,True,True
S025,corridor,binding,101,1060001,1,PR1_HT1_EC0,No-EC,S025@corridor@binding:i101:nsga2:s1060001:r1:PR1_HT1_EC0:41a513b2b48a,645b3a3c554829d2bd7eb3bdb04173d87542d672d7bd6ed69c292de4d1047953,p0013,339a15a8a6ef7f92,False,1.0646716295155114,-2478.1466212860155,0.36585365853658536,True,True,True
S025,corridor,binding,101,1060001,1,PR1_HT1_EC0,No-EC,S025@corridor@binding:i101:nsga2:s1060001:r1:PR1_HT1_EC0:41a513b2b48a,645b3a3c554829d2bd7eb3bdb04173d87542d672d7bd6ed69c292de4d1047953,p0014,76aa89236e78ebea,False,1.0001820482834658,-2324.486203096804,0.3353658536585366,True,True,True
S025,corridor,binding,101,1060001,1,PR1_HT1_EC0,No-EC,S025@corridor@binding:i101:nsga2:s1060001:r1:PR1_HT1_EC0:41a513b2b48a,645b3a3c554829d2bd7eb3bdb04173d87542d672d7bd6ed69c292de4d1047953,p0015,e9e21ac184db1498,False,1.1451698261622818,-2478.146621286015,0.3333333333333333,True,True,True
S025,corridor,binding,101,1060001,1,PR1_HT1_EC0,No-EC,S025@corridor@binding:i101:nsga2:s1060001:r1:PR1_HT1_EC0:41a513b2b48a,645b3a3c554829d2bd7eb3bdb04173d87542d672d7bd6ed69c292de4d1047953,p0016,7912670dc5fbb7ed,False,1.0416899929036116,-2430.591488440227,0.2564102564102564,True,True,True
S025,corridor,binding,101,1060001,1,PR1_HT1_EC0,No-EC,S025@corridor@binding:i101:nsga2:s1060001:r1:PR1_HT1_EC0:41a513b2b48a,645b3a3c554829d2bd7eb3bdb04173d87542d672d7bd6ed69c292de4d1047953,p0017,637d492448999406,False,0.7284502063252107,-1387.1773016311417,0.25510204081632654,True,True,True
S025,corridor,binding,101,1060001,1,PR1_HT1_EC0,No-EC,S025@corridor@binding:i101:nsga2:s1060001:r1:PR1_HT1_EC0:41a513b2b48a,645b3a3c554829d2bd7eb3bdb04173d87542d672d7bd6ed69c292de4d1047953,p0018,84819052b6e41a5b,False,0.9944651332069041,-2349.3831050358654,0.25,True,True,True
S025,corridor,binding,101,1060001,1,PR1_HT1_EC0,No-EC,S025@corridor@binding:i101:nsga2:s1060001:r1:PR1_HT1_EC0:41a513b2b48a,645b3a3c554829d2bd7eb3bdb04173d87542d672d7bd6ed69c292de4d1047953,p0019,575f7d9b64b6f811,False,0.7238770376111363,-1363.3678733174215,0.24390243902439024,True,True,True
S025,corridor,binding,101,1060001,1,PR1_HT1_EC0,No-EC,S025@corridor@binding:i101:nsga2:s1060001:r1:PR1_HT1_EC0:41a513b2b48a,645b3a3c554829d2bd7eb3bdb04173d87542d672d7bd6ed69c292de4d1047953,p0020,26ac73063e9d7d56,False,0.7328310798763091,-1409.82743414076,0.19230769230769232,True,True,True
S025,corridor,binding,101,1060001,1,PR1_HT1_EC0,No-EC,S025@corridor@binding:i101:nsga2:s1060001:r1:PR1_HT1_EC0:41a513b2b48a,645b3a3c554829d2bd7eb3bdb04173d87542d672d7bd6ed69c292de4d1047953,p0021,2c549ce1f8669e9d,False,0.7313122054623591,-1409.2836973280891,0.19230769230769232,True,True,True
S025,corridor,binding,101,1060001,1,PR1_HT1_EC0,No-EC,S025@corridor@binding:i101:nsga2:s1060001:r1:PR1_HT1_EC0:41a513b2b48a,645b3a3c554829d2bd7eb3bdb04173d87542d672d7bd6ed69c292de4d1047953,p0022,fc9737bacfc850e2,False,1.011953447179227,-2394.447412738147,0.19230769230769232,True,True,True
S025,corridor,binding,101,1060001,1,PR1_HT1_EC0,No-EC,S025@corridor@binding:i101:nsga2:s1060001:r1:PR1_HT1_EC0:41a513b2b48a,645b3a3c554829d2bd7eb3bdb04173d87542d672d7bd6ed69c292de4d1047953,p0023,aaf842450f2bc341,False,0.6820084326724105,-1388.5725547521984,0.18292682926829268,True,True,True
S025,corridor,binding,101,1060001,1,PR1_HT1_EC0,No-EC,S025@corridor@binding:i101:nsga2:s1060001:r1:PR1_HT1_EC0:41a513b2b48a,645b3a3c554829d2bd7eb3bdb04173d87542d672d7bd6ed69c292de4d1047953,p0024,3a200aac0cabf280,False,0.730976883877843,-1363.3678733174215,0.16666666666666666,True,True,True
S025,corridor,binding,101,1060001,1,PR1_HT1_EC0,No-EC,S025@corridor@binding:i101:nsga2:s1060001:r1:PR1_HT1_EC0:41a513b2b48a,645b3a3c554829d2bd7eb3bdb04173d87542d672d7bd6ed69c292de4d1047953,p0025,1946b47b0a378817,False,0.7344183422447026,-1386.869522135426,0.16666666666666666,True,True,True
S025,corridor,binding,101,1060001,1,PR1_HT1_EC0,No-EC,S025@corridor@binding:i101:nsga2:s1060001:r1:PR1_HT1_EC0:41a513b2b48a,645b3a3c554829d2bd7eb3bdb04173d87542d672d7bd6ed69c292de4d1047953,p0026,aa19ecd037343251,False,1.017905312275893,-2325.5736767221456,0.16666666666666666,True,True,True
S025,corridor,binding,101,1060001,1,PR1_HT1_EC0,No-EC,S025@corridor@binding:i101:nsga2:s1060001:r1:PR1_HT1_EC0:41a513b2b48a,645b3a3c554829d2bd7eb3bdb04173d87542d672d7bd6ed69c292de4d1047953,p0027,043aa8b9d211db22,False,0.6514122960848141,-1388.0288179395275,0.12195121951219512,True,True,True
S025,corridor,binding,101,1060001,1,PR1_HT1_EC0,No-EC,S025@corridor@binding:i101:nsga2:s1060001:r1:PR1_HT1_EC0:41a513b2b48a,645b3a3c554829d2bd7eb3bdb04173d87542d672d7bd6ed69c292de4d1047953,p0028,947386b43aadff72,False,0.38592325227970914,182.54137588777314,0.0,True,True,False
S025,corridor,binding,101,1060001,1,PR1_HT1_EC0,No-EC,S025@corridor@binding:i101:nsga2:s1060001:r1:PR1_HT1_EC0:41a513b2b48a,645b3a3c554829d2bd7eb3bdb04173d87542d672d7bd6ed69c292de4d1047953,p0029,8ce9b0c32db37d16,False,0.6636972765012885,-1287.3971203265928,0.0,True,True,False
S025,corridor,binding,101,1060001,1,PR1_HT1_EC0,No-EC,S025@corridor@binding:i101:nsga2:s1060001:r1:PR1_HT1_EC0:41a513b2b48a,645b3a3c554829d2bd7eb3bdb04173d87542d672d7bd6ed69c292de4d1047953,p0030,5158fd3aa05e6f2d,False,0.6976315054405049,-1288.2486366349794,0.0,True,True,False
S025,corridor,binding,101,1060001,1,PR1_HT1_EC0,No-EC,S025@corridor@binding:i101:nsga2:s1060001:r1:PR1_HT1_EC0:41a513b2b48a,645b3a3c554829d2bd7eb3bdb04173d87542d672d7bd6ed69c292de4d1047953,p0031,d6a9e3ba52323427,False,0.693477488706975,-1263.8954715085883,0.0,True,True,False
S025,corridor,binding,101,1060001,1,PR1_HT1_EC0,No-EC,S025@corridor@binding:i101:nsga2:s1060001:r1:PR1_HT1_EC0:41a513b2b48a,645b3a3c554829d2bd7eb3bdb04173d87542d672d7bd6ed69c292de4d1047953,p0032,f2aa96908f6d8998,False,0.4163183890578246,-263.0562981060176,0.0,True,True,False
S025,corridor,binding,101,1060001,1,PR1_HT1_EC0,No-EC,S025@corridor@binding:i101:nsga2:s1060001:r1:PR1_HT1_EC0:41a513b2b48a,645b3a3c554829d2bd7eb3bdb04173d87542d672d7bd6ed69c292de4d1047953,p0033,8d5a63dcd227d2d2,False,0.40972667264801643,-169.04970283399928,0.0,True,True,False
S025,corridor,binding,101,1060001,1,PR1_HT1_EC0,No-EC,S025@corridor@binding:i101:nsga2:s1060001:r1:PR1_HT1_EC0:41a513b2b48a,645b3a3c554829d2bd7eb3bdb04173d87542d672d7bd6ed69c292de4d1047953,p0034,095f1a4c37cef303,False,0.5201379225104912,-974.0503137579097,0.0,True,True,False
S025,corridor,binding,101,1060001,1,PR1_HT1_EC0,No-EC,S025@corridor@binding:i101:nsga2:s1060001:r1:PR1_HT1_EC0:41a513b2b48a,645b3a3c554829d2bd7eb3bdb04173d87542d672d7bd6ed69c292de4d1047953,p0035,ebfe678f1d3ea05d,False,0.516658961071994,-954.8062464818355,0.0,True,True,False
S025,corridor,binding,101,1060001,1,PR1_HT1_EC0,No-EC,S025@corridor@binding:i101:nsga2:s1060001:r1:PR1_HT1_EC0:41a513b2b48a,645b3a3c554829d2bd7eb3bdb04173d87542d672d7bd6ed69c292de4d1047953,p0036,8639fedc8a1c58a1,False,0.5941726632973161,-1103.4427741452007,0.0,True,True,False
S025,corridor,binding,101,1060001,1,PR1_HT1_EC0,No-EC,S025@corridor@binding:i101:nsga2:s1060001:r1:PR1_HT1_EC0:41a513b2b48a,645b3a3c554829d2bd7eb3bdb04173d87542d672d7bd6ed69c292de4d1047953,p0037,a22e679368923521,False,0.5988417957542875,-1193.0548203040933,0.0,True,True,False
S025,corridor,binding,101,1060001,1,PR1_HT1_EC0,No-EC,S025@corridor@binding:i101:nsga2:s1060001:r1:PR1_HT1_EC0:41a513b2b48a,645b3a3c554829d2bd7eb3bdb04173d87542d672d7bd6ed69c292de4d1047953,p0038,3dadf5e3f47ea6ef,False,0.49804861313631665,-930.4530813554449,0.0,True,True,False
S025,corridor,binding,101,1060001,1,PR1_HT1_EC0,No-EC,S025@corridor@binding:i101:nsga2:s1060001:r1:PR1_HT1_EC0:41a513b2b48a,645b3a3c554829d2bd7eb3bdb04173d87542d672d7bd6ed69c292de4d1047953,p0039,3a9af4cd4ff90ef9,False,0.565961701708007,-1069.5859620553683,0.0,True,True,False
S025,corridor,binding,101,1060001,1,PR1_HT1_EC1,Full,S025@corridor@binding:i101:nsga2:s1060001:r1:PR1_HT1_EC1:a1f1bd291f41,645b3a3c554829d2bd7eb3bdb04173d87542d672d7bd6ed69c292de4d1047953,p0001,07394de1f8455fb2,True,0.0,0.0,0.0,False,False,False
S025,corridor,binding,101,1060001,1,PR1_HT1_EC1,Full,S025@corridor@binding:i101:nsga2:s1060001:r1:PR1_HT1_EC1:a1f1bd291f41,645b3a3c554829d2bd7eb3bdb04173d87542d672d7bd6ed69c292de4d1047953,p0002,cee00508654754d2,False,0.0,0.0,0.0,False,False,False
S025,corridor,binding,101,1060001,1,PR1_HT1_EC1,Full,S025@corridor@binding:i101:nsga2:s1060001:r1:PR1_HT1_EC1:a1f1bd291f41,645b3a3c554829d2bd7eb3bdb04173d87542d672d7bd6ed69c292de4d1047953,p0003,0ad02fa191f2a34d,False,0.0,0.0,0.0,False,False,False
S025,corridor,binding,101,1060001,1,PR1_HT1_EC1,Full,S025@corridor@binding:i101:nsga2:s1060001:r1:PR1_HT1_EC1:a1f1bd291f41,645b3a3c554829d2bd7eb3bdb04173d87542d672d7bd6ed69c292de4d1047953,p0004,1c6016b980052832,False,0.0,0.0,0.0,False,False,False
S025,corridor,binding,101,1060001,1,PR1_HT1_EC1,Full,S025@corridor@binding:i101:nsga2:s1060001:r1:PR1_HT1_EC1:a1f1bd291f41,645b3a3c554829d2bd7eb3bdb04173d87542d672d7bd6ed69c292de4d1047953,p0005,c85457e8824e5b29,False,0.0,0.0,0.0,False,False,False
S025,corridor,binding,102,1070000,0,PR0_HT1_EC1,No-PR,S025@corridor@binding:i102:nsga2:s1070000:r0:PR0_HT1_EC1:e5cad6c85852,25e7b74fd7208cd542569f2bc9871358dcab9b95f9b86f53900f2c41ac0c7e8c,p0001,5ffdde9becab8ce4,True,-0.5409491119703826,733.8925268970515,-0.13089005235602091,True,True,True
S025,corridor,binding,102,1070000,0,PR0_HT1_EC1,No-PR,S025@corridor@binding:i102:nsga2:s1070000:r0:PR0_HT1_EC1:e5cad6c85852,25e7b74fd7208cd542569f2bc9871358dcab9b95f9b86f53900f2c41ac0c7e8c,p0002,b9c8999c5524da7c,False,-0.5592210752661044,742.9568935291913,-0.10471204188481675,True,True,True
S025,corridor,binding,102,1070000,0,PR0_HT1_EC1,No-PR,S025@corridor@binding:i102:nsga2:s1070000:r0:PR0_HT1_EC1:e5cad6c85852,25e7b74fd7208cd542569f2bc9871358dcab9b95f9b86f53900f2c41ac0c7e8c,p0003,a1006138108ae0a8,False,-0.5076160945762371,744.7535387939606,-0.07853403141361259,True,True,True
S025,corridor,binding,102,1070000,0,PR0_HT1_EC1,No-PR,S025@corridor@binding:i102:nsga2:s1070000:r0:PR0_HT1_EC1:e5cad6c85852,25e7b74fd7208cd542569f2bc9871358dcab9b95f9b86f53900f2c41ac0c7e8c,p0004,d1c66113fbd935a6,False,-0.5361355925532205,765.8828333925585,-0.15706806282722507,True,True,True
S025,corridor,binding,102,1070000,0,PR0_HT1_EC1,No-PR,S025@corridor@binding:i102:nsga2:s1070000:r0:PR0_HT1_EC1:e5cad6c85852,25e7b74fd7208cd542569f2bc9871358dcab9b95f9b86f53900f2c41ac0c7e8c,p0005,30f53b8ddf164c96,False,-0.20441870315148858,387.25675073421235,-0.027624309392265123,True,True,True
S025,corridor,binding,102,1070000,0,PR0_HT1_EC1,No-PR,S025@corridor@binding:i102:nsga2:s1070000:r0:PR0_HT1_EC1:e5cad6c85852,25e7b74fd7208cd542569f2bc9871358dcab9b95f9b86f53900f2c41ac0c7e8c,p0006,259ae60cf43c5ee2,False,-0.4005432924299779,359.1991037764924,-0.07853403141361259,True,True,True
S025,corridor,binding,102,1070000,0,PR0_HT1_EC1,No-PR,S025@corridor@binding:i102:nsga2:s1070000:r0:PR0_HT1_EC1:e5cad6c85852,25e7b74fd7208cd542569f2bc9871358dcab9b95f9b86f53900f2c41ac0c7e8c,p0007,ec938c77906d8c26,False,-0.306903091400498,387.80047154972135,-0.08287292817679554,True,True,True
S025,corridor,binding,102,1070000,0,PR0_HT1_EC1,No-PR,S025@corridor@binding:i102:nsga2:s1070000:r0:PR0_HT1_EC1:e5cad6c85852,25e7b74fd7208cd542569f2bc9871358dcab9b95f9b86f53900f2c41ac0c7e8c,p0008,62379f98987c1019,False,-0.3061258697309386,398.0486203211649,-0.05524861878453036,True,True,True
S025,corridor,binding,102,1070000,0,PR0_HT1_EC1,No-PR,S025@corridor@binding:i102:nsga2:s1070000:r0:PR0_HT1_EC1:e5cad6c85852,25e7b74fd7208cd542569f2bc9871358dcab9b95f9b86f53900f2c41ac0c7e8c,p0009,583a6069f6e99644,False,-0.2515129831237273,379.52840528417164,-0.04032258064516131,True,True,True
S025,corridor,binding,102,1070000,0,PR0_HT1_EC1,No-PR,S025@corridor@binding:i102:nsga2:s1070000:r0:PR0_HT1_EC1:e5cad6c85852,25e7b74fd7208cd542569f2bc9871358dcab9b95f9b86f53900f2c41ac0c7e8c,p0010,b3aaa31431f3bb17,False,-0.42913101665613684,354.14939934454105,-0.11049723756906082,True,True,True
S025,corridor,binding,102,1070000,0,PR0_HT1_EC1,No-PR,S025@corridor@binding:i102:nsga2:s1070000:r0:PR0_HT1_EC1:e5cad6c85852,25e7b74fd7208cd542569f2bc9871358dcab9b95f9b86f53900f2c41ac0c7e8c,p0011,5fed49d84cc62e7c,False,-0.34782596865365445,565.3619143315482,-0.10471204188481675,True,True,True
S025,corridor,binding,102,1070000,0,PR0_HT1_EC1,No-PR,S025@corridor@binding:i102:nsga2:s1070000:r0:PR0_HT1_EC1:e5cad6c85852,25e7b74fd7208cd542569f2bc9871358dcab9b95f9b86f53900f2c41ac0c7e8c,p0012,35f08bafde1fe2c3,False,-0.38306388474609143,554.3237341223717,-0.10471204188481675,True,True,True
S025,corridor,binding,102,1070000,0,PR0_HT1_EC1,No-PR,S025@corridor@binding:i102:nsga2:s1070000:r0:PR0_HT1_EC1:e5cad6c85852,25e7b74fd7208cd542569f2bc9871358dcab9b95f9b86f53900f2c41ac0c7e8c,p0013,ee2382bc8549978f,False,-0.3635949278224233,568.5147147086623,-0.07853403141361254,True,True,True
S025,corridor,binding,102,1070000,0,PR0_HT1_EC1,No-PR,S025@corridor@binding:i102:nsga2:s1070000:r0:PR0_HT1_EC1:e5cad6c85852,25e7b74fd7208cd542569f2bc9871358dcab9b95f9b86f53900f2c41ac0c7e8c,p0014,9c52607ce549c698,False,-0.3865113367961035,544.1965018082851,-0.13089005235602097,True,True,True
S025,corridor,binding,102,1070000,0,PR0_HT1_EC1,No-PR,S025@corridor@binding:i102:nsga2:s1070000:r0:PR0_HT1_EC1:e5cad6c85852,25e7b74fd7208cd542569f2bc9871358dcab9b95f9b86f53900f2c41ac0c7e8c,p0015,5d520f5f5b1ae757,False,-0.3674144257204315,568.5147147086623,-0.12820512820512822,True,True,True
S025,corridor,binding,102,1070000,0,PR0_HT1_EC1,No-PR,S025@corridor@binding:i102:nsga2:s1070000:r0:PR0_HT1_EC1:e5cad6c85852,25e7b74fd7208cd542569f2bc9871358dcab9b95f9b86f53900f2c41ac0c7e8c,p0016,b3abaf5d1a8164ef,False,-0.5073317624374356,584.3645891198835,-0.16574585635359118,True,True,True
S025,corridor,binding,102,1070000,0,PR0_HT1_EC1,No-PR,S025@corridor@binding:i102:nsga2:s1070000:r0:PR0_HT1_EC1:e5cad6c85852,25e7b74fd7208cd542569f2bc9871358dcab9b95f9b86f53900f2c41ac0c7e8c,p0017,9f0e457f1ccc01b4,False,-0.2709704273444711,586.073032795915,-0.08287292817679556,True,True,True
S025,corridor,binding,102,1070000,0,PR0_HT1_EC1,No-PR,S025@corridor@binding:i102:nsga2:s1070000:r0:PR0_HT1_EC1:e5cad6c85852,25e7b74fd7208cd542569f2bc9871358dcab9b95f9b86f53900f2c41ac0c7e8c,p0018,e8fc11e283de0d4b,False,-0.3642181423046118,623.4833198905762,-0.16574585635359118,True,True,True
S025,corridor,binding,102,1070000,0,PR0_HT1_EC1,No-PR,S025@corridor@binding:i102:nsga2:s1070000:r0:PR0_HT1_EC1:e5cad6c85852,25e7b74fd7208cd542569f2bc9871358dcab9b95f9b86f53900f2c41ac0c7e8c,p0019,92c9274a51b46a97,False,-0.372789861985118,617.3296670945076,-0.13812154696132597,True,True,True
S025,corridor,binding,102,1070000,0,PR0_HT1_EC1,No-PR,S025@corridor@binding:i102:nsga2:s1070000:r0:PR0_HT1_EC1:e5cad6c85852,25e7b74fd7208cd542569f2bc9871358dcab9b95f9b86f53900f2c41ac0c7e8c,p0020,f6ea7dadfe8a86ed,False,-0.14064142411827874,348.7693728655038,0.0,True,True,False
S025,corridor,binding,102,1070000,0,PR0_HT1_EC1,No-PR,S025@corridor@binding:i102:nsga2:s1070000:r0:PR0_HT1_EC1:e5cad6c85852,25e7b74fd7208cd542569f2bc9871358dcab9b95f9b86f53900f2c41ac0c7e8c,p0021,79bee65bcb834776,False,-0.15312221186268804,584.6021961960816,0.0,True,True,False
S025,corridor,binding,102,1070000,0,PR0_HT1_EC1,No-PR,S025@corridor@binding:i102:nsga2:s1070000:r0:PR0_HT1_EC1:e5cad6c85852,25e7b74fd7208cd542569f2bc9871358dcab9b95f9b86f53900f2c41ac0c7e8c,p0022,5bbd4725fa6ff274,False,-0.28431425026855983,606.758187626905,-0.042735042735042736,True,True,True
S025,corridor,binding,102,1070000,0,PR0_HT1_EC1,No-PR,S025@corridor@binding:i102:nsga2:s1070000:r0:PR0_HT1_EC1:e5cad6c85852,25e7b74fd7208cd542569f2bc9871358dcab9b95f9b86f53900f2c41ac0c7e8c,p0023,44ce3c11f81e3257,False,-0.25993264588159715,588.8082916504627,-0.04032258064516129,True,True,True
S025,corridor,binding,102,1070000,0,PR0_HT1_EC1,No-PR,S025@corridor@binding:i102:nsga2:s1070000:r0:PR0_HT1_EC1:e5cad6c85852,25e7b74fd7208cd542569f2bc9871358dcab9b95f9b86f53900f2c41ac0c7e8c,p0024,1ef2f4581b77f5b0,False,-0.18058246842556613,609.7066347839018,-0.08287292817679558,True,True,True
S025,corridor,binding,102,1070000,0,PR0_HT1_EC1,No-PR,S025@corridor@binding:i102:nsga2:s1070000:r0:PR0_HT1_EC1:e5cad6c85852,25e7b74fd7208cd542569f2bc9871358dcab9b95f9b86f53900f2c41ac0c7e8c,p0025,27ed518e0d7e7851,False,0.0,0.0,0.0,False,False,False
S025,corridor,binding,102,1070000,0,PR1_HT0_EC1,No-HT,S025@corridor@binding:i102:nsga2:s1070000:r0:PR1_HT0_EC1:75cc4e2aff9b,25e7b74fd7208cd542569f2bc9871358dcab9b95f9b86f53900f2c41ac0c7e8c,p0001,529c95016a337f97,False,0.027883015306384706,184.26992640774733,0.0,True,True,False
S025,corridor,binding,102,1070000,0,PR1_HT0_EC1,No-HT,S025@corridor@binding:i102:nsga2:s1070000:r0:PR1_HT0_EC1:75cc4e2aff9b,25e7b74fd7208cd542569f2bc9871358dcab9b95f9b86f53900f2c41ac0c7e8c,p0002,32ebd783f4016e89,True,0.027883015306384706,50.43972516028589,0.0,True,True,False
S025,corridor,binding,102,1070000,0,PR1_HT0_EC1,No-HT,S025@corridor@binding:i102:nsga2:s1070000:r0:PR1_HT0_EC1:75cc4e2aff9b,25e7b74fd7208cd542569f2bc9871358dcab9b95f9b86f53900f2c41ac0c7e8c,p0003,3d9a756dbc4feed7,False,0.041858298737460053,249.33160075919386,0.05524861878453036,True,True,True
S025,corridor,binding,102,1070000,0,PR1_HT0_EC1,No-HT,S025@corridor@binding:i102:nsga2:s1070000:r0:PR1_HT0_EC1:75cc4e2aff9b,25e7b74fd7208cd542569f2bc9871358dcab9b95f9b86f53900f2c41ac0c7e8c,p0004,541fb3188a00ea85,False,-0.0016079206935222246,23.477127336285776,0.0,True,True,False
S025,corridor,binding,102,1070000,0,PR1_HT0_EC1,No-HT,S025@corridor@binding:i102:nsga2:s1070000:r0:PR1_HT0_EC1:75cc4e2aff9b,25e7b74fd7208cd542569f2bc9871358dcab9b95f9b86f53900f2c41ac0c7e8c,p0005,554bd0a4da8f0687,False,0.11845757252814781,280.0051690147852,0.2016129032258065,True,True,True
S025,corridor,binding,102,1070000,0,PR1_HT0_EC1,No-HT,S025@corridor@binding:i102:nsga2:s1070000:r0:PR1_HT0_EC1:75cc4e2aff9b,25e7b74fd7208cd542569f2bc9871358dcab9b95f9b86f53900f2c41ac0c7e8c,p0006,0a7a5a807c89082f,False,0.04567490918161532,154.9327520799343,0.02617801047120416,True,True,True
S025,corridor,binding,102,1070000,0,PR1_HT0_EC1,No-HT,S025@corridor@binding:i102:nsga2:s1070000:r0:PR1_HT0_EC1:75cc4e2aff9b,25e7b74fd7208cd542569f2bc9871358dcab9b95f9b86f53900f2c41ac0c7e8c,p0007,f40019febc8822da,False,0.04567490918161532,229.07097410304095,0.02617801047120416,True,True,True
S025,corridor,binding,102,1070000,0,PR1_HT0_EC1,No-HT,S025@corridor@binding:i102:nsga2:s1070000:r0:PR1_HT0_EC1:75cc4e2aff9b,25e7b74fd7208cd542569f2bc9871358dcab9b95f9b86f53900f2c41ac0c7e8c,p0008,7fb87c044e287776,False,0.15780275704411917,62.16249754173259,-0.1282051282051282,True,True,True
S025,corridor,binding,102,1070000,0,PR1_HT0_EC1,No-HT,S025@corridor@binding:i102:nsga2:s1070000:r0:PR1_HT0_EC1:75cc4e2aff9b,25e7b74fd7208cd542569f2bc9871358dcab9b95f9b86f53900f2c41ac0c7e8c,p0009,50fd4479acfe8317,False,0.22675833441043824,260.88938586789163,0.0,True,True,False
S025,corridor,binding,102,1070000,0,PR1_HT0_EC1,No-HT,S025@corridor@binding:i102:nsga2:s1070000:r0:PR1_HT0_EC1:75cc4e2aff9b,25e7b74fd7208cd542569f2bc9871358dcab9b95f9b86f53900f2c41ac0c7e8c,p0010,eea88ba436fbc781,False,0.07820699092270811,197.16708844429286,0.0,True,True,False
S025,corridor,binding,102,1070000,0,PR1_HT0_EC1,No-HT,S025@corridor@binding:i102:nsga2:s1070000:r0:PR1_HT0_EC1:75cc4e2aff9b,25e7b74fd7208cd542569f2bc9871358dcab9b95f9b86f53900f2c41ac0c7e8c,p0011,20393ad98027a5fd,False,0.0351970489120319,108.2417804773072,-0.05235602094240843,True,True,True
S025,corridor,binding,102,1070000,0,PR1_HT0_EC1,No-HT,S025@corridor@binding:i102:nsga2:s1070000:r0:PR1_HT0_EC1:75cc4e2aff9b,25e7b74fd7208cd542569f2bc9871358dcab9b95f9b86f53900f2c41ac0c7e8c,p0012,3d37f0d9fe1f0edb,False,0.008415937725917644,107.33421172270391,-0.027624309392265234,True,True,True
S025,corridor,binding,102,1070000,0,PR1_HT0_EC1,No-HT,S025@corridor@binding:i102:nsga2:s1070000:r0:PR1_HT0_EC1:75cc4e2aff9b,25e7b74fd7208cd542569f2bc9871358dcab9b95f9b86f53900f2c41ac0c7e8c,p0013,9211e90071830d2e,False,0.024698756423732426,194.84987261902688,0.0,True,True,False
S025,corridor,binding,102,1070000,0,PR1_HT0_EC1,No-HT,S025@corridor@binding:i102:nsga2:s1070000:r0:PR1_HT0_EC1:75cc4e2aff9b,25e7b74fd7208cd542569f2bc9871358dcab9b95f9b86f53900f2c41ac0c7e8c,p0014,1a19f06d2fc215df,False,0.017667161664719266,127.77564239445474,-0.02762430939226518,True,True,True
S025,corridor,binding,102,1070000,0,PR1_HT0_EC1,No-HT,S025@corridor@binding:i102:nsga2:s1070000:r0:PR1_HT0_EC1:75cc4e2aff9b,25e7b74fd7208cd542569f2bc9871358dcab9b95f9b86f53900f2c41ac0c7e8c,p0015,2be5e41b13394da5,False,0.12758465312776135,61.88461667529555,0.05524861878453036,True,True,True
S025,corridor,binding,102,1070000,0,PR1_HT0_EC1,No-HT,S025@corridor@binding:i102:nsga2:s1070000:r0:PR1_HT0_EC1:75cc4e2aff9b,25e7b74fd7208cd542569f2bc9871358dcab9b95f9b86f53900f2c41ac0c7e8c,p0016,17b7edf84bcadef9,False,0.0,61.71962940254889,0.0,False,True,False
S025,corridor,binding,102,1070000,0,PR1_HT0_EC1,No-HT,S025@corridor@binding:i102:nsga2:s1070000:r0:PR1_HT0_EC1:75cc4e2aff9b,25e7b74fd7208cd542569f2bc9871358dcab9b95f9b86f53900f2c41ac0c7e8c,p0017,b187bc91a862519c,False,0.0,61.719629402549344,0.0,False,True,False
S025,corridor,binding,102,1070000,0,PR1_HT0_EC1,No-HT,S025@corridor@binding:i102:nsga2:s1070000:r0:PR1_HT0_EC1:75cc4e2aff9b,25e7b74fd7208cd542569f2bc9871358dcab9b95f9b86f53900f2c41ac0c7e8c,p0018,19076210383b49c1,False,0.09911936652837028,230.50166826558188,0.04273504273504275,True,True,True
S025,corridor,binding,102,1070000,0,PR1_HT0_EC1,No-HT,S025@corridor@binding:i102:nsga2:s1070000:r0:PR1_HT0_EC1:75cc4e2aff9b,25e7b74fd7208cd542569f2bc9871358dcab9b95f9b86f53900f2c41ac0c7e8c,p0019,b6c4be265694365e,False,0.013279385387876097,83.65823838106235,0.0,True,True,False
S025,corridor,binding,102,1070000,0,PR1_HT0_EC1,No-HT,S025@corridor@binding:i102:nsga2:s1070000:r0:PR1_HT0_EC1:75cc4e2aff9b,25e7b74fd7208cd542569f2bc9871358dcab9b95f9b86f53900f2c41ac0c7e8c,p0020,74d45843c41ee5bf,False,0.0151446061512992,76.07559726158615,0.0,True,True,False
S025,corridor,binding,102,1070000,0,PR1_HT0_EC1,No-HT,S025@corridor@binding:i102:nsga2:s1070000:r0:PR1_HT0_EC1:75cc4e2aff9b,25e7b74fd7208cd542569f2bc9871358dcab9b95f9b86f53900f2c41ac0c7e8c,p0021,15db1205eef737e0,False,0.014770107502617869,83.65823838106235,0.0,True,True,False
S025,corridor,binding,102,1070000,0,PR1_HT0_EC1,No-HT,S025@corridor@binding:i102:nsga2:s1070000:r0:PR1_HT0_EC1:75cc4e2aff9b,25e7b74fd7208cd542569f2bc9871358dcab9b95f9b86f53900f2c41ac0c7e8c,p0022,7a56b2fe03d20e92,False,0.027602554616930064,142.763955248201,0.0,True,True,False
S025,corridor,binding,102,1070000,0,PR1_HT0_EC1,No-HT,S025@corridor@binding:i102:nsga2:s1070000:r0:PR1_HT0_EC1:75cc4e2aff9b,25e7b74fd7208cd542569f2bc9871358dcab9b95f9b86f53900f2c41ac0c7e8c,p0023,53e1cbef194fc249,False,0.0279320181332654,142.763955248201,0.0,True,True,False
S025,corridor,binding,102,1070000,0,PR1_HT0_EC1,No-HT,S025@corridor@binding:i102:nsga2:s1070000:r0:PR1_HT0_EC1:75cc4e2aff9b,25e7b74fd7208cd542569f2bc9871358dcab9b95f9b86f53900f2c41ac0c7e8c,p0024,643c29e2219be245,False,0.016524563468601983,83.65823838106235,0.0,True,True,False
S025,corridor,binding,102,1070000,0,PR1_HT0_EC1,No-HT,S025@corridor@binding:i102:nsga2:s1070000:r0:PR1_HT0_EC1:75cc4e2aff9b,25e7b74fd7208cd542569f2bc9871358dcab9b95f9b86f53900f2c41ac0c7e8c,p0025,16b2a4d2405f50b8,False,0.03270225934831661,142.76395524820146,0.0,True,True,False
S025,corridor,binding,102,1070000,0,PR1_HT0_EC1,No-HT,S025@corridor@binding:i102:nsga2:s1070000:r0:PR1_HT0_EC1:75cc4e2aff9b,25e7b74fd7208cd542569f2bc9871358dcab9b95f9b86f53900f2c41ac0c7e8c,p0026,cf08f5dd505be06a,False,0.06003583801571111,185.57755133287424,0.055248618784530384,True,True,True
S025,corridor,binding,102,1070000,0,PR1_HT0_EC1,No-HT,S025@corridor@binding:i102:nsga2:s1070000:r0:PR1_HT0_EC1:75cc4e2aff9b,25e7b74fd7208cd542569f2bc9871358dcab9b95f9b86f53900f2c41ac0c7e8c,p0027,fc0e93df56b47074,False,0.02621588266237307,209.4965055370376,0.0,True,True,False
S025,corridor,binding,102,1070000,0,PR1_HT0_EC1,No-HT,S025@corridor@binding:i102:nsga2:s1070000:r0:PR1_HT0_EC1:75cc4e2aff9b,25e7b74fd7208cd542569f2bc9871358dcab9b95f9b86f53900f2c41ac0c7e8c,p0028,37485f151810837e,False,0.07164322778873355,240.1902107864912,0.12096774193548387,True,True,True
S025,corridor,binding,102,1070000,0,PR1_HT0_EC1,No-HT,S025@corridor@binding:i102:nsga2:s1070000:r0:PR1_HT0_EC1:75cc4e2aff9b,25e7b74fd7208cd542569f2bc9871358dcab9b95f9b86f53900f2c41ac0c7e8c,p0029,56084a7c0911ddc9,False,0.06533710319175423,223.2010474498618,0.08547008547008546,True,True,True
S025,corridor,binding,102,1070000,0,PR1_HT0_EC1,No-HT,S025@corridor@binding:i102:nsga2:s1070000:r0:PR1_HT0_EC1:75cc4e2aff9b,25e7b74fd7208cd542569f2bc9871358dcab9b95f9b86f53900f2c41ac0c7e8c,p0030,433c950c51857d58,False,0.046674543823379544,218.25160180797798,0.0,True,True,False
S025,corridor,binding,102,1070000,0,PR1_HT0_EC1,No-HT,S025@corridor@binding:i102:nsga2:s1070000:r0:PR1_HT0_EC1:75cc4e2aff9b,25e7b74fd7208cd542569f2bc9871358dcab9b95f9b86f53900f2c41ac0c7e8c,p0031,7516a76e6da9e066,False,0.022433885171709633,165.61928758001113,-0.040322580645161296,True,True,True
S025,corridor,binding,102,1070000,0,PR1_HT0_EC1,No-HT,S025@corridor@binding:i102:nsga2:s1070000:r0:PR1_HT0_EC1:75cc4e2aff9b,25e7b74fd7208cd542569f2bc9871358dcab9b95f9b86f53900f2c41ac0c7e8c,p0032,1b8f042aec018a0c,False,0.025348194052220663,178.31636161411802,-0.040322580645161296,True,True,True
S025,corridor,binding,102,1070000,0,PR1_HT0_EC1,No-HT,S025@corridor@binding:i102:nsga2:s1070000:r0:PR1_HT0_EC1:75cc4e2aff9b,25e7b74fd7208cd542569f2bc9871358dcab9b95f9b86f53900f2c41ac0c7e8c,p0033,c5656b0ac7adf519,False,0.0,0.0,0.0,False,False,False
S025,corridor,binding,102,1070000,0,PR1_HT0_EC1,No-HT,S025@corridor@binding:i102:nsga2:s1070000:r0:PR1_HT0_EC1:75cc4e2aff9b,25e7b74fd7208cd542569f2bc9871358dcab9b95f9b86f53900f2c41ac0c7e8c,p0034,e8386a6fde09b1de,False,0.01340548491714788,112.5715394817662,0.0,True,True,False
S025,corridor,binding,102,1070000,0,PR1_HT0_EC1,No-HT,S025@corridor@binding:i102:nsga2:s1070000:r0:PR1_HT0_EC1:75cc4e2aff9b,25e7b74fd7208cd542569f2bc9871358dcab9b95f9b86f53900f2c41ac0c7e8c,p0035,50313e3d19e9f44b,False,0.005355779859200993,94.37636440406368,0.0,True,True,False
S025,corridor,binding,102,1070000,0,PR1_HT0_EC1,No-HT,S025@corridor@binding:i102:nsga2:s1070000:r0:PR1_HT0_EC1:75cc4e2aff9b,25e7b74fd7208cd542569f2bc9871358dcab9b95f9b86f53900f2c41ac0c7e8c,p0036,c8d9b8c4215ca2a5,False,0.009533529855890954,83.65823838106235,0.0,True,True,False
S025,corridor,binding,102,1070000,0,PR1_HT0_EC1,No-HT,S025@corridor@binding:i102:nsga2:s1070000:r0:PR1_HT0_EC1:75cc4e2aff9b,25e7b74fd7208cd542569f2bc9871358dcab9b95f9b86f53900f2c41ac0c7e8c,p0037,a8ceb7b8f388bf21,False,0.0105298266696634,76.07559726158638,0.0,True,True,False
S025,corridor,binding,102,1070000,0,PR1_HT0_EC1,No-HT,S025@corridor@binding:i102:nsga2:s1070000:r0:PR1_HT0_EC1:75cc4e2aff9b,25e7b74fd7208cd542569f2bc9871358dcab9b95f9b86f53900f2c41ac0c7e8c,p0038,f4b37e324d2635a0,False,0.009920486446118204,76.07559726158638,0.0,True,True,False
S025,corridor,binding,102,1070000,0,PR1_HT0_EC1,No-HT,S025@corridor@binding:i102:nsga2:s1070000:r0:PR1_HT0_EC1:75cc4e2aff9b,25e7b74fd7208cd542569f2bc9871358dcab9b95f9b86f53900f2c41ac0c7e8c,p0039,0d07dc772c9e367e,False,0.01310615989515096,136.80789577928067,0.0,True,True,False
S025,corridor,binding,102,1070000,0,PR1_HT0_EC1,No-HT,S025@corridor@binding:i102:nsga2:s1070000:r0:PR1_HT0_EC1:75cc4e2aff9b,25e7b74fd7208cd542569f2bc9871358dcab9b95f9b86f53900f2c41ac0c7e8c,p0040,33cf1dc357db76a3,False,0.00029932502199692124,123.43925880509812,0.0,True,True,False
S025,corridor,binding,102,1070000,0,PR1_HT0_EC1,No-HT,S025@corridor@binding:i102:nsga2:s1070000:r0:PR1_HT0_EC1:75cc4e2aff9b,25e7b74fd7208cd542569f2bc9871358dcab9b95f9b86f53900f2c41ac0c7e8c,p0041,a4fbc96e1382c4ab,False,0.01310615989515096,152.15119452317242,0.0,True,True,False
S025,corridor,binding,102,1070000,0,PR1_HT0_EC1,No-HT,S025@corridor@binding:i102:nsga2:s1070000:r0:PR1_HT0_EC1:75cc4e2aff9b,25e7b74fd7208cd542569f2bc9871358dcab9b95f9b86f53900f2c41ac0c7e8c,p0042,300fa09ef8d58997,False,0.006553079947575036,70.96116434695557,0.0,True,True,False
S025,corridor,binding,102,1070000,0,PR1_HT1_EC0,No-EC,S025@corridor@binding:i102:nsga2:s1070000:r0:PR1_HT1_EC0:6d64fbb47f71,25e7b74fd7208cd542569f2bc9871358dcab9b95f9b86f53900f2c41ac0c7e8c,p0001,fc50ce85bcabe4b2,False,0.5309489254179738,119.2046838670276,0.27723958115461533,True,True,True
S025,corridor,binding,102,1070000,0,PR1_HT1_EC0,No-EC,S025@corridor@binding:i102:nsga2:s1070000:r0:PR1_HT1_EC0:6d64fbb47f71,25e7b74fd7208cd542569f2bc9871358dcab9b95f9b86f53900f2c41ac0c7e8c,p0002,0d9d3152bdf41867,True,0.6401074441301926,-99.88716024774749,0.24017106342305128,True,True,True
S025,corridor,binding,102,1070000,0,PR1_HT1_EC0,No-EC,S025@corridor@binding:i102:nsga2:s1070000:r0:PR1_HT1_EC0:6d64fbb47f71,25e7b74fd7208cd542569f2bc9871358dcab9b95f9b86f53900f2c41ac0c7e8c,p0003,d5e2eb940881c856,False,0.45401520553826824,276.95592108493884,0.2772395811545687,True,True,True
S025,corridor,binding,102,1070000,0,PR1_HT1_EC0,No-EC,S025@corridor@binding:i102:nsga2:s1070000:r0:PR1_HT1_EC0:6d64fbb47f71,25e7b74fd7208cd542569f2bc9871358dcab9b95f9b86f53900f2c41ac0c7e8c,p0004,bb6023e24f046608,False,0.6112220849264087,258.8570642252075,0.36270966662470117,True,True,True
S025,corridor,binding,102,1070000,0,PR1_HT1_EC0,No-EC,S025@corridor@binding:i102:nsga2:s1070000:r0:PR1_HT1_EC0:6d64fbb47f71,25e7b74fd7208cd542569f2bc9871358dcab9b95f9b86f53900f2c41ac0c7e8c,p0005,ce45fa4c6daf552d,False,0.3996500650384833,43.34091266136329,0.2879581151832461,True,True,True
S025,corridor,binding,102,1070000,0,PR1_HT1_EC0,No-EC,S025@corridor@binding:i102:nsga2:s1070000:r0:PR1_HT1_EC0:6d64fbb47f71,25e7b74fd7208cd542569f2bc9871358dcab9b95f9b86f53900f2c41ac0c7e8c,p0006,49f4df3ec843c65e,False,0.34760475370580046,127.41302517333588,0.24193548387096775,True,True,True
S025,corridor,binding,102,1070000,0,PR1_HT1_EC0,No-EC,S025@corridor@binding:i102:nsga2:s1070000:r0:PR1_HT1_EC0:6d64fbb47f71,25e7b74fd7208cd542569f2bc9871358dcab9b95f9b86f53900f2c41ac0c7e8c,p0007,ec778c6af82bbd24,False,0.3399415580592642,126.69854011959933,0.2136752136752137,True,True,True
S025,corridor,binding,102,1070000,0,PR1_HT1_EC0,No-EC,S025@corridor@binding:i102:nsga2:s1070000:r0:PR1_HT1_EC0:6d64fbb47f71,25e7b74fd7208cd542569f2bc9871358dcab9b95f9b86f53900f2c41ac0c7e8c,p0008,81e95628efeb39b4,False,0.30779439027553934,151.47533881787876,0.282258064516129,True,True,True
S025,corridor,binding,102,1070000,0,PR1_HT1_EC0,No-EC,S025@corridor@binding:i102:nsga2:s1070000:r0:PR1_HT1_EC0:6d64fbb47f71,25e7b74fd7208cd542569f2bc9871358dcab9b95f9b86f53900f2c41ac0c7e8c,p0009,dd109b2a5901c795,False,0.3396956642777429,147.49380907499472,0.282258064516129,True,True,True
S025,corridor,binding,102,1070000,0,PR1_HT1_EC0,No-EC,S025@corridor@binding:i102:nsga2:s1070000:r0:PR1_HT1_EC0:6d64fbb47f71,25e7b74fd7208cd542569f2bc9871358dcab9b95f9b86f53900f2c41ac0c7e8c,p0010,cf38b59c081b1f78,False,0.26536825835371136,116.37725833922877,0.0854700854700855,True,True,True
S025,corridor,binding,102,1070000,0,PR1_HT1_EC0,No-EC,S025@corridor@binding:i102:nsga2:s1070000:r0:PR1_HT1_EC0:6d64fbb47f71,25e7b74fd7208cd542569f2bc9871358dcab9b95f9b86f53900f2c41ac0c7e8c,p0011,7d71bc1c6588a0fd,False,0.4705112269782843,-538.5079193482547,0.23560209424083767,True,True,True
S025,corridor,binding,102,1070000,0,PR1_HT1_EC0,No-EC,S025@corridor@binding:i102:nsga2:s1070000:r0:PR1_HT1_EC0:6d64fbb47f71,25e7b74fd7208cd542569f2bc9871358dcab9b95f9b86f53900f2c41ac0c7e8c,p0012,9d6a84ced497b179,False,0.49151856401161975,-425.15408302814103,0.3225806451612903,True,True,True
S025,corridor,binding,102,1070000,0,PR1_HT1_EC0,No-EC,S025@corridor@binding:i102:nsga2:s1070000:r0:PR1_HT1_EC0:6d64fbb47f71,25e7b74fd7208cd542569f2bc9871358dcab9b95f9b86f53900f2c41ac0c7e8c,p0013,db8de39b36f5d060,False,0.4262538844290997,-486.5467165576947,0.23560209424083772,True,True,True
S025,corridor,binding,102,1070000,0,PR1_HT1_EC0,No-EC,S025@corridor@binding:i102:nsga2:s1070000:r0:PR1_HT1_EC0:6d64fbb47f71,25e7b74fd7208cd542569f2bc9871358dcab9b95f9b86f53900f2c41ac0c7e8c,p0014,3ce3e37f425d37e8,False,0.44817767386137763,-420.0591907003245,0.32258064516129037,True,True,True
S025,corridor,binding,102,1070000,0,PR1_HT1_EC0,No-EC,S025@corridor@binding:i102:nsga2:s1070000:r0:PR1_HT1_EC0:6d64fbb47f71,25e7b74fd7208cd542569f2bc9871358dcab9b95f9b86f53900f2c41ac0c7e8c,p0015,07e8e00b0f8a42f5,False,0.4039518351361533,-431.58089478668035,0.25641025641025644,True,True,True
S025,corridor,binding,102,1070000,0,PR1_HT1_EC0,No-EC,S025@corridor@binding:i102:nsga2:s1070000:r0:PR1_HT1_EC0:6d64fbb47f71,25e7b74fd7208cd542569f2bc9871358dcab9b95f9b86f53900f2c41ac0c7e8c,p0016,929113d9f1cf656f,False,0.48337562146982904,-466.40655602572497,0.12820512820512814,True,True,True
S025,corridor,binding,102,1070000,0,PR1_HT1_EC0,No-EC,S025@corridor@binding:i102:nsga2:s1070000:r0:PR1_HT1_EC0:6d64fbb47f71,25e7b74fd7208cd542569f2bc9871358dcab9b95f9b86f53900f2c41ac0c7e8c,p0017,26abb00d9d86cffa,False,0.24799729696025263,-120.397195716439,0.15706806282722513,True,True,True
S025,corridor,binding,102,1070000,0,PR1_HT1_EC0,No-EC,S025@corridor@binding:i102:nsga2:s1070000:r0:PR1_HT1_EC0:6d64fbb47f71,25e7b74fd7208cd542569f2bc9871358dcab9b95f9b86f53900f2c41ac0c7e8c,p0018,a6dc1a5b70f24482,False,0.16263569159822833,-84.78575396586075,0.13089005235602091,True,True,True
S025,corridor,binding,102,1070000,0,PR1_HT1_EC0,No-EC,S025@corridor@binding:i102:nsga2:s1070000:r0:PR1_HT1_EC0:6d64fbb47f71,25e7b74fd7208cd542569f2bc9871358dcab9b95f9b86f53900f2c41ac0c7e8c,p0019,5a42808a4be2a188,False,0.16263569159798497,-90.13267884499965,0.13089005235602091,True,True,True
S025,corridor,binding,102,1070000,0,PR1_HT1_EC0,No-EC,S025@corridor@binding:i102:nsga2:s1070000:r0:PR1_HT1_EC0:6d64fbb47f71,25e7b74fd7208cd542569f2bc9871358dcab9b95f9b86f53900f2c41ac0c7e8c,p0020,66ec51c679f0a811,False,0.20344558209767172,-106.04122785740219,0.10471204188481675,True,True,True
S025,corridor,binding,102,1070000,0,PR1_HT1_EC0,No-EC,S025@corridor@binding:i102:nsga2:s1070000:r0:PR1_HT1_EC0:6d64fbb47f71,25e7b74fd7208cd542569f2bc9871358dcab9b95f9b86f53900f2c41ac0c7e8c,p0021,1f60b4eb9d1159e0,False,0.22481118122338817,-53.71474535509469,0.08547008547008544,True,True,True
S025,corridor,binding,102,1070000,0,PR1_HT1_EC0,No-EC,S025@corridor@binding:i102:nsga2:s1070000:r0:PR1_HT1_EC0:6d64fbb47f71,25e7b74fd7208cd542569f2bc9871358dcab9b95f9b86f53900f2c41ac0c7e8c,p0022,c660e1f0049d7304,False,0.251239584158621,-128.74169534211615,0.21367521367521367,True,True,True
S025,corridor,binding,102,1070000,0,PR1_HT1_EC0,No-EC,S025@corridor@binding:i102:nsga2:s1070000:r0:PR1_HT1_EC0:6d64fbb47f71,25e7b74fd7208cd542569f2bc9871358dcab9b95f9b86f53900f2c41ac0c7e8c,p0023,ee9317cfd79dfd74,False,0.17106327289910084,-144.35530051630303,0.19337016574585636,True,True,True
S025,corridor,binding,102,1070000,0,PR1_HT1_EC0,No-EC,S025@corridor@binding:i102:nsga2:s1070000:r0:PR1_HT1_EC0:6d64fbb47f71,25e7b74fd7208cd542569f2bc9871358dcab9b95f9b86f53900f2c41ac0c7e8c,p0024,b6f996c24147d4c9,False,0.24079926264650808,-26.710610503123917,0.24193548387096772,True,True,True
S025,corridor,binding,102,1070000,0,PR1_HT1_EC0,No-EC,S025@corridor@binding:i102:nsga2:s1070000:r0:PR1_HT1_EC0:6d64fbb47f71,25e7b74fd7208cd542569f2bc9871358dcab9b95f9b86f53900f2c41ac0c7e8c,p0025,b9bd6c1a72193a4f,False,0.16920793195761963,-49.08599218804375,0.18324607329842935,True,True,True
S025,corridor,binding,102,1070000,0,PR1_HT1_EC0,No-EC,S025@corridor@binding:i102:nsga2:s1070000:r0:PR1_HT1_EC0:6d64fbb47f71,25e7b74fd7208cd542569f2bc9871358dcab9b95f9b86f53900f2c41ac0c7e8c,p0026,21581d8c61163e9a,False,0.10867576378514432,6.810400372406548,0.12096774193548387,True,True,True
S025,corridor,binding,102,1070000,0,PR1_HT1_EC0,No-EC,S025@corridor@binding:i102:nsga2:s1070000:r0:PR1_HT1_EC0:6d64fbb47f71,25e7b74fd7208cd542569f2bc9871358dcab9b95f9b86f53900f2c41ac0c7e8c,p0027,dc7efe3606389d3c,False,0.08534073580112267,129.63573142158225,0.15706806282722513,True,True,True
S025,corridor,binding,102,1070000,0,PR1_HT1_EC0,No-EC,S025@corridor@binding:i102:nsga2:s1070000:r0:PR1_HT1_EC0:6d64fbb47f71,25e7b74fd7208cd542569f2bc9871358dcab9b95f9b86f53900f2c41ac0c7e8c,p0028,ebc22ec78c55a67e,False,0.04885765335771808,210.03969558565336,0.10471204188481675,True,True,True
S025,corridor,binding,102,1070000,0,PR1_HT1_EC0,No-EC,S025@corridor@binding:i102:nsga2:s1070000:r0:PR1_HT1_EC0:6d64fbb47f71,25e7b74fd7208cd542569f2bc9871358dcab9b95f9b86f53900f2c41ac0c7e8c,p0029,c0c1fc241f77c507,False,0.1379001664502777,-29.900260902414175,0.1282051282051282,True,True,True
S025,corridor,binding,102,1070000,0,PR1_HT1_EC0,No-EC,S025@corridor@binding:i102:nsga2:s1070000:r0:PR1_HT1_EC0:6d64fbb47f71,25e7b74fd7208cd542569f2bc9871358dcab9b95f9b86f53900f2c41ac0c7e8c,p0030,57d175baffb1590e,False,0.07076799637584319,192.0283314417968,0.2016129032258065,True,True,True
S025,corridor,binding,102,1070000,0,PR1_HT1_EC0,No-EC,S025@corridor@binding:i102:nsga2:s1070000:r0:PR1_HT1_EC0:6d64fbb47f71,25e7b74fd7208cd542569f2bc9871358dcab9b95f9b86f53900f2c41ac0c7e8c,p0031,2721de4a6854565a,False,0.08357582223519344,-62.74303050655658,0.15706806282722513,True,True,True
S025,corridor,binding,102,1070000,0,PR1_HT1_EC0,No-EC,S025@corridor@binding:i102:nsga2:s1070000:r0:PR1_HT1_EC0:6d64fbb47f71,25e7b74fd7208cd542569f2bc9871358dcab9b95f9b86f53900f2c41ac0c7e8c,p0032,538220dc36aff393,False,0.044893539014707606,138.90831120116377,0.07853403141361257,True,True,True
S025,corridor,binding,102,1070000,0,PR1_HT1_EC0,No-EC,S025@corridor@binding:i102:nsga2:s1070000:r0:PR1_HT1_EC0:6d64fbb47f71,25e7b74fd7208cd542569f2bc9871358dcab9b95f9b86f53900f2c41ac0c7e8c,p0033,633994e84433dd53,False,0.08018703537813554,-66.18554036406408,0.21367521367521364,True,True,True
S025,corridor,binding,102,1070000,0,PR1_HT1_EC0,No-EC,S025@corridor@binding:i102:nsga2:s1070000:r0:PR1_HT1_EC0:6d64fbb47f71,25e7b74fd7208cd542569f2bc9871358dcab9b95f9b86f53900f2c41ac0c7e8c,p0034,0e01ee2cbe6870e6,False,0.0775046897530478,205.87865637361892,0.16129032258064518,True,True,True
S025,corridor,binding,102,1070000,0,PR1_HT1_EC0,No-EC,S025@corridor@binding:i102:nsga2:s1070000:r0:PR1_HT1_EC0:6d64fbb47f71,25e7b74fd7208cd542569f2bc9871358dcab9b95f9b86f53900f2c41ac0c7e8c,p0035,89a39ddc0427e7fa,False,0.05951576863673669,179.28357290579925,0.1282051282051282,True,True,True
S025,corridor,binding,102,1070000,0,PR1_HT1_EC0,No-EC,S025@corridor@binding:i102:nsga2:s1070000:r0:PR1_HT1_EC0:6d64fbb47f71,25e7b74fd7208cd542569f2bc9871358dcab9b95f9b86f53900f2c41ac0c7e8c,p0036,539c8197b9fe0771,False,0.09559678069255728,-99.34034605669353,0.15706806282722513,True,True,True
S025,corridor,binding,102,1070000,0,PR1_HT1_EC0,No-EC,S025@corridor@binding:i102:nsga2:s1070000:r0:PR1_HT1_EC0:6d64fbb47f71,25e7b74fd7208cd542569f2bc9871358dcab9b95f9b86f53900f2c41ac0c7e8c,p0037,44dc953eab97cdf2,False,0.07046966234004248,-29.90399275870641,0.10471204188481675,True,True,True
S025,corridor,binding,102,1070000,0,PR1_HT1_EC0,No-EC,S025@corridor@binding:i102:nsga2:s1070000:r0:PR1_HT1_EC0:6d64fbb47f71,25e7b74fd7208cd542569f2bc9871358dcab9b95f9b86f53900f2c41ac0c7e8c,p0038,f15db4dec8a964a3,False,0.07274749018249427,-43.27262973288907,0.1282051282051282,True,True,True
S025,corridor,binding,102,1070000,0,PR1_HT1_EC0,No-EC,S025@corridor@binding:i102:nsga2:s1070000:r0:PR1_HT1_EC0:6d64fbb47f71,25e7b74fd7208cd542569f2bc9871358dcab9b95f9b86f53900f2c41ac0c7e8c,p0039,f6ac60db45fe92fd,False,0.09351845636098499,-296.1804860737975,0.16574585635359115,True,True,True
S025,corridor,binding,102,1070000,0,PR1_HT1_EC0,No-EC,S025@corridor@binding:i102:nsga2:s1070000:r0:PR1_HT1_EC0:6d64fbb47f71,25e7b74fd7208cd542569f2bc9871358dcab9b95f9b86f53900f2c41ac0c7e8c,p0040,0a50e80eda4f8784,False,0.09822431516903762,-230.36465913825737,0.16129032258064516,True,True,True
S025,corridor,binding,102,1070000,0,PR1_HT1_EC0,No-EC,S025@corridor@binding:i102:nsga2:s1070000:r0:PR1_HT1_EC0:6d64fbb47f71,25e7b74fd7208cd542569f2bc9871358dcab9b95f9b86f53900f2c41ac0c7e8c,p0041,06a7db589f8f9d2a,False,0.05736350244489152,-65.21123871140207,0.05235602094240838,True,True,True
S025,corridor,binding,102,1070000,0,PR1_HT1_EC0,No-EC,S025@corridor@binding:i102:nsga2:s1070000:r0:PR1_HT1_EC0:6d64fbb47f71,25e7b74fd7208cd542569f2bc9871358dcab9b95f9b86f53900f2c41ac0c7e8c,p0042,674d9d2a9383d5a4,False,0.09784796156223763,-219.32647892908108,0.1282051282051282,True,True,True
S025,corridor,binding,102,1070000,0,PR1_HT1_EC0,No-EC,S025@corridor@binding:i102:nsga2:s1070000:r0:PR1_HT1_EC0:6d64fbb47f71,25e7b74fd7208cd542569f2bc9871358dcab9b95f9b86f53900f2c41ac0c7e8c,p0043,94f10a966cac0dd3,False,0.0887623205751984,-282.6740976597757,0.10471204188481675,True,True,True
S025,corridor,binding,102,1070000,0,PR1_HT1_EC0,No-EC,S025@corridor@binding:i102:nsga2:s1070000:r0:PR1_HT1_EC0:6d64fbb47f71,25e7b74fd7208cd542569f2bc9871358dcab9b95f9b86f53900f2c41ac0c7e8c,p0044,3bc12b283bc695b5,False,0.0,252.4385733540198,0.0,False,True,False
S025,corridor,binding,102,1070000,0,PR1_HT1_EC0,No-EC,S025@corridor@binding:i102:nsga2:s1070000:r0:PR1_HT1_EC0:6d64fbb47f71,25e7b74fd7208cd542569f2bc9871358dcab9b95f9b86f53900f2c41ac0c7e8c,p0045,ffe70fe6e6cc549d,False,0.006553079947575924,211.30876674126625,0.0,True,True,False
S025,corridor,binding,102,1070000,0,PR1_HT1_EC0,No-EC,S025@corridor@binding:i102:nsga2:s1070000:r0:PR1_HT1_EC0:6d64fbb47f71,25e7b74fd7208cd542569f2bc9871358dcab9b95f9b86f53900f2c41ac0c7e8c,p0046,ff1ce977931c92f2,False,0.006553079947575036,226.67838148045848,0.0,True,True,False
S025,corridor,binding,102,1070000,0,PR1_HT1_EC0,No-EC,S025@corridor@binding:i102:nsga2:s1070000:r0:PR1_HT1_EC0:6d64fbb47f71,25e7b74fd7208cd542569f2bc9871358dcab9b95f9b86f53900f2c41ac0c7e8c,p0047,70c2bc86b1bea398,False,0.006553079947575036,211.30876674126625,0.0,True,True,False
S025,corridor,binding,102,1070000,0,PR1_HT1_EC0,No-EC,S025@corridor@binding:i102:nsga2:s1070000:r0:PR1_HT1_EC0:6d64fbb47f71,25e7b74fd7208cd542569f2bc9871358dcab9b95f9b86f53900f2c41ac0c7e8c,p0048,a6cfe6dc4300923a,False,0.0,252.4385733540198,0.0,False,True,False
S025,corridor,binding,102,1070000,0,PR1_HT1_EC0,No-EC,S025@corridor@binding:i102:nsga2:s1070000:r0:PR1_HT1_EC0:6d64fbb47f71,25e7b74fd7208cd542569f2bc9871358dcab9b95f9b86f53900f2c41ac0c7e8c,p0049,4dd48daf2b99b470,False,0.006553079947575924,189.7228009718308,0.0,True,True,False
S025,corridor,binding,102,1070000,0,PR1_HT1_EC0,No-EC,S025@corridor@binding:i102:nsga2:s1070000:r0:PR1_HT1_EC0:6d64fbb47f71,25e7b74fd7208cd542569f2bc9871358dcab9b95f9b86f53900f2c41ac0c7e8c,p0050,fa578f940c6f8fee,False,0.005355779859200993,208.5735278020063,0.0,True,True,False
S025,corridor,binding,102,1070000,0,PR1_HT1_EC1,Full,S025@corridor@binding:i102:nsga2:s1070000:r0:PR1_HT1_EC1:d5a7da3e9b05,25e7b74fd7208cd542569f2bc9871358dcab9b95f9b86f53900f2c41ac0c7e8c,p0001,bd3f4ce24defb3a5,True,0.0,0.0,0.0,False,False,False
S025,corridor,binding,102,1070000,0,PR1_HT1_EC1,Full,S025@corridor@binding:i102:nsga2:s1070000:r0:PR1_HT1_EC1:d5a7da3e9b05,25e7b74fd7208cd542569f2bc9871358dcab9b95f9b86f53900f2c41ac0c7e8c,p0002,21b0eb7d58ec37d2,False,0.0,0.0,0.0,False,False,False
S025,corridor,binding,102,1070000,0,PR1_HT1_EC1,Full,S025@corridor@binding:i102:nsga2:s1070000:r0:PR1_HT1_EC1:d5a7da3e9b05,25e7b74fd7208cd542569f2bc9871358dcab9b95f9b86f53900f2c41ac0c7e8c,p0003,8d969cd2817ebcd2,False,0.0,0.0,0.0,False,False,False
S025,corridor,binding,102,1070000,0,PR1_HT1_EC1,Full,S025@corridor@binding:i102:nsga2:s1070000:r0:PR1_HT1_EC1:d5a7da3e9b05,25e7b74fd7208cd542569f2bc9871358dcab9b95f9b86f53900f2c41ac0c7e8c,p0004,d1e80a7583a7a7cb,False,0.0,0.0,0.0,False,False,False
S025,corridor,binding,102,1070000,0,PR1_HT1_EC1,Full,S025@corridor@binding:i102:nsga2:s1070000:r0:PR1_HT1_EC1:d5a7da3e9b05,25e7b74fd7208cd542569f2bc9871358dcab9b95f9b86f53900f2c41ac0c7e8c,p0005,df1c639fdf734db5,False,0.0,0.0,0.0,False,False,False
S025,corridor,binding,102,1070000,0,PR1_HT1_EC1,Full,S025@corridor@binding:i102:nsga2:s1070000:r0:PR1_HT1_EC1:d5a7da3e9b05,25e7b74fd7208cd542569f2bc9871358dcab9b95f9b86f53900f2c41ac0c7e8c,p0006,19c06c13d895f453,False,0.0,0.0,0.0,False,False,False
S025,corridor,binding,102,1070000,0,PR1_HT1_EC1,Full,S025@corridor@binding:i102:nsga2:s1070000:r0:PR1_HT1_EC1:d5a7da3e9b05,25e7b74fd7208cd542569f2bc9871358dcab9b95f9b86f53900f2c41ac0c7e8c,p0007,315a083b626b059f,False,0.0,0.0,0.0,False,False,False
S025,corridor,binding,102,1070000,0,PR1_HT1_EC1,Full,S025@corridor@binding:i102:nsga2:s1070000:r0:PR1_HT1_EC1:d5a7da3e9b05,25e7b74fd7208cd542569f2bc9871358dcab9b95f9b86f53900f2c41ac0c7e8c,p0008,188fa52bdc4be629,False,0.0,0.0,0.0,False,False,False
S025,corridor,binding,102,1070000,0,PR1_HT1_EC1,Full,S025@corridor@binding:i102:nsga2:s1070000:r0:PR1_HT1_EC1:d5a7da3e9b05,25e7b74fd7208cd542569f2bc9871358dcab9b95f9b86f53900f2c41ac0c7e8c,p0009,f453e3165a78c342,False,0.0,0.0,0.0,False,False,False
S025,corridor,binding,102,1070000,0,PR1_HT1_EC1,Full,S025@corridor@binding:i102:nsga2:s1070000:r0:PR1_HT1_EC1:d5a7da3e9b05,25e7b74fd7208cd542569f2bc9871358dcab9b95f9b86f53900f2c41ac0c7e8c,p0010,65d633b73f36541e,False,0.0,0.0,0.0,False,False,False
S025,corridor,binding,102,1070000,0,PR1_HT1_EC1,Full,S025@corridor@binding:i102:nsga2:s1070000:r0:PR1_HT1_EC1:d5a7da3e9b05,25e7b74fd7208cd542569f2bc9871358dcab9b95f9b86f53900f2c41ac0c7e8c,p0011,3d1a4540469ff94a,False,0.0,0.0,0.0,False,False,False
S025,corridor,binding,102,1070000,0,PR1_HT1_EC1,Full,S025@corridor@binding:i102:nsga2:s1070000:r0:PR1_HT1_EC1:d5a7da3e9b05,25e7b74fd7208cd542569f2bc9871358dcab9b95f9b86f53900f2c41ac0c7e8c,p0012,e476c4bcd1667a43,False,0.0,0.0,0.0,False,False,False
S025,corridor,binding,102,1070000,0,PR1_HT1_EC1,Full,S025@corridor@binding:i102:nsga2:s1070000:r0:PR1_HT1_EC1:d5a7da3e9b05,25e7b74fd7208cd542569f2bc9871358dcab9b95f9b86f53900f2c41ac0c7e8c,p0013,bdc59e69eba40608,False,0.0,0.0,0.0,False,False,False
S025,corridor,binding,102,1070000,0,PR1_HT1_EC1,Full,S025@corridor@binding:i102:nsga2:s1070000:r0:PR1_HT1_EC1:d5a7da3e9b05,25e7b74fd7208cd542569f2bc9871358dcab9b95f9b86f53900f2c41ac0c7e8c,p0014,546c35189b000f68,False,0.0,0.0,0.0,False,False,False
S025,corridor,binding,102,1070000,0,PR1_HT1_EC1,Full,S025@corridor@binding:i102:nsga2:s1070000:r0:PR1_HT1_EC1:d5a7da3e9b05,25e7b74fd7208cd542569f2bc9871358dcab9b95f9b86f53900f2c41ac0c7e8c,p0015,cad9dc84949d3967,False,0.0,0.0,0.0,False,False,False
S025,corridor,binding,102,1070000,0,PR1_HT1_EC1,Full,S025@corridor@binding:i102:nsga2:s1070000:r0:PR1_HT1_EC1:d5a7da3e9b05,25e7b74fd7208cd542569f2bc9871358dcab9b95f9b86f53900f2c41ac0c7e8c,p0016,726a98ab6161609b,False,0.0,0.0,0.0,False,False,False
S025,corridor,binding,102,1070000,0,PR1_HT1_EC1,Full,S025@corridor@binding:i102:nsga2:s1070000:r0:PR1_HT1_EC1:d5a7da3e9b05,25e7b74fd7208cd542569f2bc9871358dcab9b95f9b86f53900f2c41ac0c7e8c,p0017,593d735696ed9cad,False,0.0,0.0,0.0,False,False,False
S025,corridor,binding,102,1070000,0,PR1_HT1_EC1,Full,S025@corridor@binding:i102:nsga2:s1070000:r0:PR1_HT1_EC1:d5a7da3e9b05,25e7b74fd7208cd542569f2bc9871358dcab9b95f9b86f53900f2c41ac0c7e8c,p0018,7984c39c5d8026cc,False,0.0,0.0,0.0,False,False,False
S025,corridor,binding,102,1070000,0,PR1_HT1_EC1,Full,S025@corridor@binding:i102:nsga2:s1070000:r0:PR1_HT1_EC1:d5a7da3e9b05,25e7b74fd7208cd542569f2bc9871358dcab9b95f9b86f53900f2c41ac0c7e8c,p0019,84b2b424c9947370,False,0.0,0.0,0.0,False,False,False
S025,corridor,binding,102,1070000,0,PR1_HT1_EC1,Full,S025@corridor@binding:i102:nsga2:s1070000:r0:PR1_HT1_EC1:d5a7da3e9b05,25e7b74fd7208cd542569f2bc9871358dcab9b95f9b86f53900f2c41ac0c7e8c,p0020,56e6f398dc3b25b2,False,0.0,0.0,0.0,False,False,False
S025,corridor,binding,102,1070000,0,PR1_HT1_EC1,Full,S025@corridor@binding:i102:nsga2:s1070000:r0:PR1_HT1_EC1:d5a7da3e9b05,25e7b74fd7208cd542569f2bc9871358dcab9b95f9b86f53900f2c41ac0c7e8c,p0021,6a44503ce1c1942b,False,0.0,0.0,0.0,False,False,False
S025,corridor,binding,102,1070000,0,PR1_HT1_EC1,Full,S025@corridor@binding:i102:nsga2:s1070000:r0:PR1_HT1_EC1:d5a7da3e9b05,25e7b74fd7208cd542569f2bc9871358dcab9b95f9b86f53900f2c41ac0c7e8c,p0022,4b90b70ccf899a9d,False,0.0,0.0,0.0,False,False,False
S025,corridor,binding,102,1070000,0,PR1_HT1_EC1,Full,S025@corridor@binding:i102:nsga2:s1070000:r0:PR1_HT1_EC1:d5a7da3e9b05,25e7b74fd7208cd542569f2bc9871358dcab9b95f9b86f53900f2c41ac0c7e8c,p0023,8c9de011002d7952,False,0.0,0.0,0.0,False,False,False
S025,corridor,binding,102,1070000,0,PR1_HT1_EC1,Full,S025@corridor@binding:i102:nsga2:s1070000:r0:PR1_HT1_EC1:d5a7da3e9b05,25e7b74fd7208cd542569f2bc9871358dcab9b95f9b86f53900f2c41ac0c7e8c,p0024,5bc2cab6162c29f9,False,0.0,0.0,0.0,False,False,False
S025,corridor,binding,102,1070000,0,PR1_HT1_EC1,Full,S025@corridor@binding:i102:nsga2:s1070000:r0:PR1_HT1_EC1:d5a7da3e9b05,25e7b74fd7208cd542569f2bc9871358dcab9b95f9b86f53900f2c41ac0c7e8c,p0025,fd4a9f6195cda5c4,False,0.0,0.0,0.0,False,False,False
S025,corridor,binding,102,1070000,0,PR1_HT1_EC1,Full,S025@corridor@binding:i102:nsga2:s1070000:r0:PR1_HT1_EC1:d5a7da3e9b05,25e7b74fd7208cd542569f2bc9871358dcab9b95f9b86f53900f2c41ac0c7e8c,p0026,9a3ba780c50954d1,False,0.0,0.0,0.0,False,False,False
S025,corridor,binding,102,1070000,0,PR1_HT1_EC1,Full,S025@corridor@binding:i102:nsga2:s1070000:r0:PR1_HT1_EC1:d5a7da3e9b05,25e7b74fd7208cd542569f2bc9871358dcab9b95f9b86f53900f2c41ac0c7e8c,p0027,0ecb9396e777a9fb,False,0.0,0.0,0.0,False,False,False
S025,corridor,binding,102,1070000,0,PR1_HT1_EC1,Full,S025@corridor@binding:i102:nsga2:s1070000:r0:PR1_HT1_EC1:d5a7da3e9b05,25e7b74fd7208cd542569f2bc9871358dcab9b95f9b86f53900f2c41ac0c7e8c,p0028,99e596ac2338db71,False,0.0,0.0,0.0,False,False,False
S025,corridor,binding,102,1070000,0,PR1_HT1_EC1,Full,S025@corridor@binding:i102:nsga2:s1070000:r0:PR1_HT1_EC1:d5a7da3e9b05,25e7b74fd7208cd542569f2bc9871358dcab9b95f9b86f53900f2c41ac0c7e8c,p0029,3073044f7b273396,False,0.0,0.0,0.0,False,False,False
S025,corridor,binding,102,1070000,0,PR1_HT1_EC1,Full,S025@corridor@binding:i102:nsga2:s1070000:r0:PR1_HT1_EC1:d5a7da3e9b05,25e7b74fd7208cd542569f2bc9871358dcab9b95f9b86f53900f2c41ac0c7e8c,p0030,246480e29b8176dd,False,0.0,0.0,0.0,False,False,False
S025,corridor,binding,102,1070000,0,PR1_HT1_EC1,Full,S025@corridor@binding:i102:nsga2:s1070000:r0:PR1_HT1_EC1:d5a7da3e9b05,25e7b74fd7208cd542569f2bc9871358dcab9b95f9b86f53900f2c41ac0c7e8c,p0031,779b3dd1acf2ea1e,False,0.0,0.0,0.0,False,False,False
S025,corridor,binding,102,1070000,0,PR1_HT1_EC1,Full,S025@corridor@binding:i102:nsga2:s1070000:r0:PR1_HT1_EC1:d5a7da3e9b05,25e7b74fd7208cd542569f2bc9871358dcab9b95f9b86f53900f2c41ac0c7e8c,p0032,22bf8b961bc442dc,False,0.0,0.0,0.0,False,False,False
S025,corridor,binding,102,1070000,0,PR1_HT1_EC1,Full,S025@corridor@binding:i102:nsga2:s1070000:r0:PR1_HT1_EC1:d5a7da3e9b05,25e7b74fd7208cd542569f2bc9871358dcab9b95f9b86f53900f2c41ac0c7e8c,p0033,a95b61250a2a64c2,False,0.0,0.0,0.0,False,False,False
S025,corridor,binding,102,1070000,0,PR1_HT1_EC1,Full,S025@corridor@binding:i102:nsga2:s1070000:r0:PR1_HT1_EC1:d5a7da3e9b05,25e7b74fd7208cd542569f2bc9871358dcab9b95f9b86f53900f2c41ac0c7e8c,p0034,d50b7c244d852126,False,0.0,0.0,0.0,False,False,False
S025,corridor,binding,102,1070000,0,PR1_HT1_EC1,Full,S025@corridor@binding:i102:nsga2:s1070000:r0:PR1_HT1_EC1:d5a7da3e9b05,25e7b74fd7208cd542569f2bc9871358dcab9b95f9b86f53900f2c41ac0c7e8c,p0035,c6d4d7a2906ff849,False,0.0,0.0,0.0,False,False,False
S025,corridor,binding,102,1070000,0,PR1_HT1_EC1,Full,S025@corridor@binding:i102:nsga2:s1070000:r0:PR1_HT1_EC1:d5a7da3e9b05,25e7b74fd7208cd542569f2bc9871358dcab9b95f9b86f53900f2c41ac0c7e8c,p0036,ed95168385dd218a,False,0.0,0.0,0.0,False,False,False
S025,corridor,binding,102,1070001,1,PR0_HT1_EC1,No-PR,S025@corridor@binding:i102:nsga2:s1070001:r1:PR0_HT1_EC1:e7f73c353cd1,25e7b74fd7208cd542569f2bc9871358dcab9b95f9b86f53900f2c41ac0c7e8c,p0001,ed538a0f27a004be,True,-0.5651196075030125,712.926645017601,-0.15706806282722507,True,True,True
S025,corridor,binding,102,1070001,1,PR0_HT1_EC1,No-PR,S025@corridor@binding:i102:nsga2:s1070001:r1:PR0_HT1_EC1:e7f73c353cd1,25e7b74fd7208cd542569f2bc9871358dcab9b95f9b86f53900f2c41ac0c7e8c,p0002,42ed67616654040e,False,-0.5592210752661044,742.9568935291913,-0.10471204188481675,True,True,True
S025,corridor,binding,102,1070001,1,PR0_HT1_EC1,No-PR,S025@corridor@binding:i102:nsga2:s1070001:r1:PR0_HT1_EC1:e7f73c353cd1,25e7b74fd7208cd542569f2bc9871358dcab9b95f9b86f53900f2c41ac0c7e8c,p0003,34f975875445f035,False,-0.5076160945762371,744.7535387939606,-0.07853403141361259,True,True,True
S025,corridor,binding,102,1070001,1,PR0_HT1_EC1,No-PR,S025@corridor@binding:i102:nsga2:s1070001:r1:PR0_HT1_EC1:e7f73c353cd1,25e7b74fd7208cd542569f2bc9871358dcab9b95f9b86f53900f2c41ac0c7e8c,p0004,f3f918d05059e27e,False,-0.5361355925532205,761.8443356457647,-0.15706806282722507,True,True,True
S025,corridor,binding,102,1070001,1,PR0_HT1_EC1,No-PR,S025@corridor@binding:i102:nsga2:s1070001:r1:PR0_HT1_EC1:e7f73c353cd1,25e7b74fd7208cd542569f2bc9871358dcab9b95f9b86f53900f2c41ac0c7e8c,p0005,dc9a9d9a33a937c4,False,-0.33003438737628965,318.8742221985576,-0.07853403141361259,True,True,True
S025,corridor,binding,102,1070001,1,PR0_HT1_EC1,No-PR,S025@corridor@binding:i102:nsga2:s1070001:r1:PR0_HT1_EC1:e7f73c353cd1,25e7b74fd7208cd542569f2bc9871358dcab9b95f9b86f53900f2c41ac0c7e8c,p0006,7dee3d4c2cb8a80e,False,-0.47547878950375644,749.7277975224802,-0.1282051282051283,True,True,True
S025,corridor,binding,102,1070001,1,PR0_HT1_EC1,No-PR,S025@corridor@binding:i102:nsga2:s1070001:r1:PR0_HT1_EC1:e7f73c353cd1,25e7b74fd7208cd542569f2bc9871358dcab9b95f9b86f53900f2c41ac0c7e8c,p0007,b69e466480ccfd89,False,-0.24395917734005756,369.64737620640153,-0.05235602094240832,True,True,True
S025,corridor,binding,102,1070001,1,PR0_HT1_EC1,No-PR,S025@corridor@binding:i102:nsga2:s1070001:r1:PR0_HT1_EC1:e7f73c353cd1,25e7b74fd7208cd542569f2bc9871358dcab9b95f9b86f53900f2c41ac0c7e8c,p0008,c33e76f1f34dabe3,False,-0.3741790019106155,363.74701908341285,-0.1047120418848167,True,True,True
S025,corridor,binding,102,1070001,1,PR0_HT1_EC1,No-PR,S025@corridor@binding:i102:nsga2:s1070001:r1:PR0_HT1_EC1:e7f73c353cd1,25e7b74fd7208cd542569f2bc9871358dcab9b95f9b86f53900f2c41ac0c7e8c,p0009,72fceb3167f97247,False,-0.34782596865365445,565.3619143315482,-0.10471204188481675,True,True,True
S025,corridor,binding,102,1070001,1,PR0_HT1_EC1,No-PR,S025@corridor@binding:i102:nsga2:s1070001:r1:PR0_HT1_EC1:e7f73c353cd1,25e7b74fd7208cd542569f2bc9871358dcab9b95f9b86f53900f2c41ac0c7e8c,p0010,28998138eb81fb2c,False,-0.38306388474609143,554.3237341223717,-0.10471204188481675,True,True,True
S025,corridor,binding,102,1070001,1,PR0_HT1_EC1,No-PR,S025@corridor@binding:i102:nsga2:s1070001:r1:PR0_HT1_EC1:e7f73c353cd1,25e7b74fd7208cd542569f2bc9871358dcab9b95f9b86f53900f2c41ac0c7e8c,p0011,1b0b2c9c32537502,False,-0.37917051914968436,568.9709759330065,-0.05235602094240838,True,True,True
S025,corridor,binding,102,1070001,1,PR0_HT1_EC1,No-PR,S025@corridor@binding:i102:nsga2:s1070001:r1:PR0_HT1_EC1:e7f73c353cd1,25e7b74fd7208cd542569f2bc9871358dcab9b95f9b86f53900f2c41ac0c7e8c,p0012,c1bdacdea6ee1b2f,False,-0.3865113367961035,544.1965018082851,-0.13089005235602097,True,True,True
S025,corridor,binding,102,1070001,1,PR0_HT1_EC1,No-PR,S025@corridor@binding:i102:nsga2:s1070001:r1:PR0_HT1_EC1:e7f73c353cd1,25e7b74fd7208cd542569f2bc9871358dcab9b95f9b86f53900f2c41ac0c7e8c,p0013,77b95f419febdccc,False,-0.3674144257204315,568.5147147086623,-0.12820512820512822,True,True,True
S025,corridor,binding,102,1070001,1,PR0_HT1_EC1,No-PR,S025@corridor@binding:i102:nsga2:s1070001:r1:PR0_HT1_EC1:e7f73c353cd1,25e7b74fd7208cd542569f2bc9871358dcab9b95f9b86f53900f2c41ac0c7e8c,p0014,11c5892f3a5618b9,False,-0.44212335325909446,584.4531934028657,-0.16574585635359118,True,True,True
S025,corridor,binding,102,1070001,1,PR0_HT1_EC1,No-PR,S025@corridor@binding:i102:nsga2:s1070001:r1:PR0_HT1_EC1:e7f73c353cd1,25e7b74fd7208cd542569f2bc9871358dcab9b95f9b86f53900f2c41ac0c7e8c,p0015,fda1ad10394f56a3,False,-0.2709704273444711,586.073032795915,-0.08287292817679556,True,True,True
S025,corridor,binding,102,1070001,1,PR0_HT1_EC1,No-PR,S025@corridor@binding:i102:nsga2:s1070001:r1:PR0_HT1_EC1:e7f73c353cd1,25e7b74fd7208cd542569f2bc9871358dcab9b95f9b86f53900f2c41ac0c7e8c,p0016,ca7ce13164027ef6,False,-0.4004464072504845,574.6679376429497,-0.08064516129032256,True,True,True
S025,corridor,binding,102,1070001,1,PR0_HT1_EC1,No-PR,S025@corridor@binding:i102:nsga2:s1070001:r1:PR0_HT1_EC1:e7f73c353cd1,25e7b74fd7208cd542569f2bc9871358dcab9b95f9b86f53900f2c41ac0c7e8c,p0017,67c129f44e9dac6c,False,-0.2973963130700392,601.9229072071355,-0.11049723756906077,True,True,True
S025,corridor,binding,102,1070001,1,PR0_HT1_EC1,No-PR,S025@corridor@binding:i102:nsga2:s1070001:r1:PR0_HT1_EC1:e7f73c353cd1,25e7b74fd7208cd542569f2bc9871358dcab9b95f9b86f53900f2c41ac0c7e8c,p0018,474bf025e69be486,False,-0.31902656913204996,623.4833198905756,-0.08064516129032258,True,True,True
S025,corridor,binding,102,1070001,1,PR0_HT1_EC1,No-PR,S025@corridor@binding:i102:nsga2:s1070001:r1:PR0_HT1_EC1:e7f73c353cd1,25e7b74fd7208cd542569f2bc9871358dcab9b95f9b86f53900f2c41ac0c7e8c,p0019,4a3a295411310183,False,-0.16488764584863436,631.3602256255544,-0.02617801047120419,True,True,True
S025,corridor,binding,102,1070001,1,PR0_HT1_EC1,No-PR,S025@corridor@binding:i102:nsga2:s1070001:r1:PR0_HT1_EC1:e7f73c353cd1,25e7b74fd7208cd542569f2bc9871358dcab9b95f9b86f53900f2c41ac0c7e8c,p0020,95a77e5df8670b97,False,-0.34888240175152596,632.8028123783458,-0.1282051282051282,True,True,True
S025,corridor,binding,102,1070001,1,PR0_HT1_EC1,No-PR,S025@corridor@binding:i102:nsga2:s1070001:r1:PR0_HT1_EC1:e7f73c353cd1,25e7b74fd7208cd542569f2bc9871358dcab9b95f9b86f53900f2c41ac0c7e8c,p0021,99689e59e17d885d,False,-0.18058246842556613,609.7066347839018,-0.08287292817679558,True,True,True
S025,corridor,binding,102,1070001,1,PR0_HT1_EC1,No-PR,S025@corridor@binding:i102:nsga2:s1070001:r1:PR0_HT1_EC1:e7f73c353cd1,25e7b74fd7208cd542569f2bc9871358dcab9b95f9b86f53900f2c41ac0c7e8c,p0022,478c86fc46e2af91,False,-0.18099624637956957,597.4772867351278,-0.042735042735042736,True,True,True
S025,corridor,binding,102,1070001,1,PR0_HT1_EC1,No-PR,S025@corridor@binding:i102:nsga2:s1070001:r1:PR0_HT1_EC1:e7f73c353cd1,25e7b74fd7208cd542569f2bc9871358dcab9b95f9b86f53900f2c41ac0c7e8c,p0023,53c9c819d2979606,False,0.0,0.0,0.0,False,False,False
S025,corridor,binding,102,1070001,1,PR1_HT0_EC1,No-HT,S025@corridor@binding:i102:nsga2:s1070001:r1:PR1_HT0_EC1:d952fda92850,25e7b74fd7208cd542569f2bc9871358dcab9b95f9b86f53900f2c41ac0c7e8c,p0001,5e4396a853cb724f,True,0.027883015306384706,124.57794718339392,0.0,True,True,False
S025,corridor,binding,102,1070001,1,PR1_HT0_EC1,No-HT,S025@corridor@binding:i102:nsga2:s1070001:r1:PR1_HT0_EC1:d952fda92850,25e7b74fd7208cd542569f2bc9871358dcab9b95f9b86f53900f2c41ac0c7e8c,p0002,ff9cb23651187da8,False,0.027883015306384706,258.4081484308549,0.0,True,True,False
S025,corridor,binding,102,1070001,1,PR1_HT0_EC1,No-HT,S025@corridor@binding:i102:nsga2:s1070001:r1:PR1_HT0_EC1:d952fda92850,25e7b74fd7208cd542569f2bc9871358dcab9b95f9b86f53900f2c41ac0c7e8c,p0003,8192898bdfb286e8,False,0.04727161906802202,223.12315551928532,0.0,True,True,False
S025,corridor,binding,102,1070001,1,PR1_HT0_EC1,No-HT,S025@corridor@binding:i102:nsga2:s1070001:r1:PR1_HT0_EC1:d952fda92850,25e7b74fd7208cd542569f2bc9871358dcab9b95f9b86f53900f2c41ac0c7e8c,p0004,2b51650eeeff60c9,False,0.04299568114731489,232.7323474050536,0.0,True,True,False
S025,corridor,binding,102,1070001,1,PR1_HT0_EC1,No-HT,S025@corridor@binding:i102:nsga2:s1070001:r1:PR1_HT0_EC1:d952fda92850,25e7b74fd7208cd542569f2bc9871358dcab9b95f9b86f53900f2c41ac0c7e8c,p0005,917f46f4f54f79f4,False,0.20929139728072155,206.05657734570696,0.1282051282051282,True,True,True
S025,corridor,binding,102,1070001,1,PR1_HT0_EC1,No-HT,S025@corridor@binding:i102:nsga2:s1070001:r1:PR1_HT0_EC1:d952fda92850,25e7b74fd7208cd542569f2bc9871358dcab9b95f9b86f53900f2c41ac0c7e8c,p0006,791e219ec1df8b50,False,0.1136556256799377,101.67605799256398,0.05524861878453047,True,True,True
S025,corridor,binding,102,1070001,1,PR1_HT0_EC1,No-HT,S025@corridor@binding:i102:nsga2:s1070001:r1:PR1_HT0_EC1:d952fda92850,25e7b74fd7208cd542569f2bc9871358dcab9b95f9b86f53900f2c41ac0c7e8c,p0007,18e01725a34e557c,False,0.045674909181686374,134.12366446682108,0.02617801047120416,True,True,True
S025,corridor,binding,102,1070001,1,PR1_HT0_EC1,No-HT,S025@corridor@binding:i102:nsga2:s1070001:r1:PR1_HT0_EC1:d952fda92850,25e7b74fd7208cd542569f2bc9871358dcab9b95f9b86f53900f2c41ac0c7e8c,p0008,e70ceb29e9f3209a,False,0.04567490918161532,154.9327520799343,0.02617801047120416,True,True,True
S025,corridor,binding,102,1070001,1,PR1_HT0_EC1,No-HT,S025@corridor@binding:i102:nsga2:s1070001:r1:PR1_HT0_EC1:d952fda92850,25e7b74fd7208cd542569f2bc9871358dcab9b95f9b86f53900f2c41ac0c7e8c,p0009,cf516b0d03a8a754,False,0.017724317378387866,183.58178690832756,0.027624309392265234,True,True,True
S025,corridor,binding,102,1070001,1,PR1_HT0_EC1,No-HT,S025@corridor@binding:i102:nsga2:s1070001:r1:PR1_HT0_EC1:d952fda92850,25e7b74fd7208cd542569f2bc9871358dcab9b95f9b86f53900f2c41ac0c7e8c,p0010,813685ccf0cc02ad,False,-0.05562727100240483,131.6763004233826,0.05235602094240843,True,True,True
S025,corridor,binding,102,1070001,1,PR1_HT0_EC1,No-HT,S025@corridor@binding:i102:nsga2:s1070001:r1:PR1_HT0_EC1:d952fda92850,25e7b74fd7208cd542569f2bc9871358dcab9b95f9b86f53900f2c41ac0c7e8c,p0011,4770835cfe81761f,False,0.18178782128088855,273.06685500247704,0.042735042735042694,True,True,True
S025,corridor,binding,102,1070001,1,PR1_HT0_EC1,No-HT,S025@corridor@binding:i102:nsga2:s1070001:r1:PR1_HT0_EC1:d952fda92850,25e7b74fd7208cd542569f2bc9871358dcab9b95f9b86f53900f2c41ac0c7e8c,p0012,e010e57433d09c9d,False,0.058133288313543474,125.20537081265229,0.16129032258064524,True,True,True
S025,corridor,binding,102,1070001,1,PR1_HT0_EC1,No-HT,S025@corridor@binding:i102:nsga2:s1070001:r1:PR1_HT0_EC1:d952fda92850,25e7b74fd7208cd542569f2bc9871358dcab9b95f9b86f53900f2c41ac0c7e8c,p0013,17741f0f91930990,False,0.02864396896445598,98.29153744464429,-0.07853403141361259,True,True,True
S025,corridor,binding,102,1070001,1,PR1_HT0_EC1,No-HT,S025@corridor@binding:i102:nsga2:s1070001:r1:PR1_HT0_EC1:d952fda92850,25e7b74fd7208cd542569f2bc9871358dcab9b95f9b86f53900f2c41ac0c7e8c,p0014,17c0f0c59e70626d,False,0.0472290434871514,190.35511364788817,-0.05235602094240843,True,True,True
S025,corridor,binding,102,1070001,1,PR1_HT0_EC1,No-HT,S025@corridor@binding:i102:nsga2:s1070001:r1:PR1_HT0_EC1:d952fda92850,25e7b74fd7208cd542569f2bc9871358dcab9b95f9b86f53900f2c41ac0c7e8c,p0015,f3079c285dc68694,False,0.008415937725916756,192.53542704162328,-0.027624309392265234,True,True,True
S025,corridor,binding,102,1070001,1,PR1_HT0_EC1,No-HT,S025@corridor@binding:i102:nsga2:s1070001:r1:PR1_HT0_EC1:d952fda92850,25e7b74fd7208cd542569f2bc9871358dcab9b95f9b86f53900f2c41ac0c7e8c,p0016,39ae7ddd15f900fe,False,0.017667161664720155,127.77564239445474,-0.02762430939226518,True,True,True
S025,corridor,binding,102,1070001,1,PR1_HT0_EC1,No-HT,S025@corridor@binding:i102:nsga2:s1070001:r1:PR1_HT0_EC1:d952fda92850,25e7b74fd7208cd542569f2bc9871358dcab9b95f9b86f53900f2c41ac0c7e8c,p0017,1bdb8a40f2c94d49,False,0.12546307405952817,78.54380546643188,0.05235602094240838,True,True,True
S025,corridor,binding,102,1070001,1,PR1_HT0_EC1,No-HT,S025@corridor@binding:i102:nsga2:s1070001:r1:PR1_HT0_EC1:d952fda92850,25e7b74fd7208cd542569f2bc9871358dcab9b95f9b86f53900f2c41ac0c7e8c,p0018,27189f6958ca015f,False,0.025929036669746885,222.90599791391332,0.0,True,True,False
S025,corridor,binding,102,1070001,1,PR1_HT0_EC1,No-HT,S025@corridor@binding:i102:nsga2:s1070001:r1:PR1_HT0_EC1:d952fda92850,25e7b74fd7208cd542569f2bc9871358dcab9b95f9b86f53900f2c41ac0c7e8c,p0019,c1f8b0f55be8eb6d,False,0.0991193665283685,230.50166826558188,0.04273504273504275,True,True,True
S025,corridor,binding,102,1070001,1,PR1_HT0_EC1,No-HT,S025@corridor@binding:i102:nsga2:s1070001:r1:PR1_HT0_EC1:d952fda92850,25e7b74fd7208cd542569f2bc9871358dcab9b95f9b86f53900f2c41ac0c7e8c,p0020,8ba6dc33ee1adf64,False,0.013279385387876097,83.65823838106235,0.0,True,True,False
S025,corridor,binding,102,1070001,1,PR1_HT0_EC1,No-HT,S025@corridor@binding:i102:nsga2:s1070001:r1:PR1_HT0_EC1:d952fda92850,25e7b74fd7208cd542569f2bc9871358dcab9b95f9b86f53900f2c41ac0c7e8c,p0021,36dc2ea354f047a2,False,0.014953683346329072,76.07559726158615,0.0,True,True,False
S025,corridor,binding,102,1070001,1,PR1_HT0_EC1,No-HT,S025@corridor@binding:i102:nsga2:s1070001:r1:PR1_HT0_EC1:d952fda92850,25e7b74fd7208cd542569f2bc9871358dcab9b95f9b86f53900f2c41ac0c7e8c,p0022,41f34774eb5487c3,False,0.01477010750261698,83.65823838106235,0.0,True,True,False
S025,corridor,binding,102,1070001,1,PR1_HT0_EC1,No-HT,S025@corridor@binding:i102:nsga2:s1070001:r1:PR1_HT0_EC1:d952fda92850,25e7b74fd7208cd542569f2bc9871358dcab9b95f9b86f53900f2c41ac0c7e8c,p0023,83184eb21016ac85,False,0.039025829166881465,158.28532228161885,0.052356020942408404,True,True,True
S025,corridor,binding,102,1070001,1,PR1_HT0_EC1,No-HT,S025@corridor@binding:i102:nsga2:s1070001:r1:PR1_HT0_EC1:d952fda92850,25e7b74fd7208cd542569f2bc9871358dcab9b95f9b86f53900f2c41ac0c7e8c,p0024,2b0cbf8407a08089,False,0.0279320181332654,142.763955248201,0.0,True,True,False
S025,corridor,binding,102,1070001,1,PR1_HT0_EC1,No-HT,S025@corridor@binding:i102:nsga2:s1070001:r1:PR1_HT0_EC1:d952fda92850,25e7b74fd7208cd542569f2bc9871358dcab9b95f9b86f53900f2c41ac0c7e8c,p0025,361d3e02da3f795b,False,0.027276123429630594,112.11686550495256,0.05235602094240838,True,True,True
S025,corridor,binding,102,1070001,1,PR1_HT0_EC1,No-HT,S025@corridor@binding:i102:nsga2:s1070001:r1:PR1_HT0_EC1:d952fda92850,25e7b74fd7208cd542569f2bc9871358dcab9b95f9b86f53900f2c41ac0c7e8c,p0026,1002c8f6dd926593,False,0.02969963120701191,142.76395524820055,0.0,True,True,False
S025,corridor,binding,102,1070001,1,PR1_HT0_EC1,No-HT,S025@corridor@binding:i102:nsga2:s1070001:r1:PR1_HT0_EC1:d952fda92850,25e7b74fd7208cd542569f2bc9871358dcab9b95f9b86f53900f2c41ac0c7e8c,p0027,332b5cd9c91b88fa,False,0.033469748276737654,107.33421172270369,-0.02762430939226518,True,True,True
S025,corridor,binding,102,1070001,1,PR1_HT0_EC1,No-HT,S025@corridor@binding:i102:nsga2:s1070001:r1:PR1_HT0_EC1:d952fda92850,25e7b74fd7208cd542569f2bc9871358dcab9b95f9b86f53900f2c41ac0c7e8c,p0028,4e1d282693b87172,False,0.03115517040687621,163.39975519624932,0.0,True,True,False
S025,corridor,binding,102,1070001,1,PR1_HT0_EC1,No-HT,S025@corridor@binding:i102:nsga2:s1070001:r1:PR1_HT0_EC1:d952fda92850,25e7b74fd7208cd542569f2bc9871358dcab9b95f9b86f53900f2c41ac0c7e8c,p0029,30e063c355e82bf4,False,0.06565156536848615,188.38734793230242,0.07853403141361257,True,True,True
S025,corridor,binding,102,1070001,1,PR1_HT0_EC1,No-HT,S025@corridor@binding:i102:nsga2:s1070001:r1:PR1_HT0_EC1:d952fda92850,25e7b74fd7208cd542569f2bc9871358dcab9b95f9b86f53900f2c41ac0c7e8c,p0030,8d4ae6264024aa9c,False,0.06533710319175245,223.20104744986156,0.08547008547008546,True,True,True
S025,corridor,binding,102,1070001,1,PR1_HT0_EC1,No-HT,S025@corridor@binding:i102:nsga2:s1070001:r1:PR1_HT0_EC1:d952fda92850,25e7b74fd7208cd542569f2bc9871358dcab9b95f9b86f53900f2c41ac0c7e8c,p0031,4ea4c7a473ee5c6b,False,0.046674543823379544,218.25160180797798,0.0,True,True,False
S025,corridor,binding,102,1070001,1,PR1_HT0_EC1,No-HT,S025@corridor@binding:i102:nsga2:s1070001:r1:PR1_HT0_EC1:d952fda92850,25e7b74fd7208cd542569f2bc9871358dcab9b95f9b86f53900f2c41ac0c7e8c,p0032,4bde3744e8532bef,False,0.04816914070494871,239.50561861422284,-0.042735042735042736,True,True,True
S025,corridor,binding,102,1070001,1,PR1_HT0_EC1,No-HT,S025@corridor@binding:i102:nsga2:s1070001:r1:PR1_HT0_EC1:d952fda92850,25e7b74fd7208cd542569f2bc9871358dcab9b95f9b86f53900f2c41ac0c7e8c,p0033,fee2ee2d437ebd78,False,0.0,0.0,0.0,False,False,False
S025,corridor,binding,102,1070001,1,PR1_HT0_EC1,No-HT,S025@corridor@binding:i102:nsga2:s1070001:r1:PR1_HT0_EC1:d952fda92850,25e7b74fd7208cd542569f2bc9871358dcab9b95f9b86f53900f2c41ac0c7e8c,p0034,eafab01dfa4e6245,False,0.01340548491714788,112.5715394817662,0.0,True,True,False
S025,corridor,binding,102,1070001,1,PR1_HT0_EC1,No-HT,S025@corridor@binding:i102:nsga2:s1070001:r1:PR1_HT0_EC1:d952fda92850,25e7b74fd7208cd542569f2bc9871358dcab9b95f9b86f53900f2c41ac0c7e8c,p0035,520f3afcd1a75bf7,False,0.01310615989515096,126.82782290129887,0.0,True,True,False
S025,corridor,binding,102,1070001,1,PR1_HT0_EC1,No-HT,S025@corridor@binding:i102:nsga2:s1070001:r1:PR1_HT0_EC1:d952fda92850,25e7b74fd7208cd542569f2bc9871358dcab9b95f9b86f53900f2c41ac0c7e8c,p0036,4ea485196a571ee9,False,0.00029932502199692124,123.43925880509812,0.0,True,True,False
S025,corridor,binding,102,1070001,1,PR1_HT0_EC1,No-HT,S025@corridor@binding:i102:nsga2:s1070001:r1:PR1_HT0_EC1:d952fda92850,25e7b74fd7208cd542569f2bc9871358dcab9b95f9b86f53900f2c41ac0c7e8c,p0037,0d38083cdeb54de7,False,0.01310615989515096,117.16547467974749,0.0,True,True,False
S025,corridor,binding,102,1070001,1,PR1_HT0_EC1,No-HT,S025@corridor@binding:i102:nsga2:s1070001:r1:PR1_HT0_EC1:d952fda92850,25e7b74fd7208cd542569f2bc9871358dcab9b95f9b86f53900f2c41ac0c7e8c,p0038,8ddb60415a3b0316,False,0.0105298266696634,76.07559726158638,0.0,True,True,False
S025,corridor,binding,102,1070001,1,PR1_HT0_EC1,No-HT,S025@corridor@binding:i102:nsga2:s1070001:r1:PR1_HT0_EC1:d952fda92850,25e7b74fd7208cd542569f2bc9871358dcab9b95f9b86f53900f2c41ac0c7e8c,p0039,1daf8fc462c8b352,False,0.008885056251436652,83.65823838106235,0.0,True,True,False
S025,corridor,binding,102,1070001,1,PR1_HT0_EC1,No-HT,S025@corridor@binding:i102:nsga2:s1070001:r1:PR1_HT0_EC1:d952fda92850,25e7b74fd7208cd542569f2bc9871358dcab9b95f9b86f53900f2c41ac0c7e8c,p0040,fb89a899f8d9f17a,False,0.009845655190227731,70.96116434695568,0.0,True,True,False
S025,corridor,binding,102,1070001,1,PR1_HT0_EC1,No-HT,S025@corridor@binding:i102:nsga2:s1070001:r1:PR1_HT0_EC1:d952fda92850,25e7b74fd7208cd542569f2bc9871358dcab9b95f9b86f53900f2c41ac0c7e8c,p0041,86aa99c975e6eae5,False,0.01310615989515096,142.7639552482009,0.0,True,True,False
S025,corridor,binding,102,1070001,1,PR1_HT0_EC1,No-HT,S025@corridor@binding:i102:nsga2:s1070001:r1:PR1_HT0_EC1:d952fda92850,25e7b74fd7208cd542569f2bc9871358dcab9b95f9b86f53900f2c41ac0c7e8c,p0042,0a79d0e367b9054d,False,0.005355779859200993,94.37636440406368,0.0,True,True,False
S025,corridor,binding,102,1070001,1,PR1_HT0_EC1,No-HT,S025@corridor@binding:i102:nsga2:s1070001:r1:PR1_HT0_EC1:d952fda92850,25e7b74fd7208cd542569f2bc9871358dcab9b95f9b86f53900f2c41ac0c7e8c,p0043,b5c1800a0092aa33,False,0.013106159895150071,116.57574666711025,0.0,True,True,False
S025,corridor,binding,102,1070001,1,PR1_HT1_EC0,No-EC,S025@corridor@binding:i102:nsga2:s1070001:r1:PR1_HT1_EC0:1400af4ac24c,25e7b74fd7208cd542569f2bc9871358dcab9b95f9b86f53900f2c41ac0c7e8c,p0001,3e9039048ffa5f58,False,0.5150918238733313,55.77306174108162,0.31101405041296515,True,True,True
S025,corridor,binding,102,1070001,1,PR1_HT1_EC0,No-EC,S025@corridor@binding:i102:nsga2:s1070001:r1:PR1_HT1_EC0:1400af4ac24c,25e7b74fd7208cd542569f2bc9871358dcab9b95f9b86f53900f2c41ac0c7e8c,p0002,aa165ac468b6c4a0,False,0.5298052668341313,193.13431105067866,0.3110140504129577,True,True,True
S025,corridor,binding,102,1070001,1,PR1_HT1_EC0,No-EC,S025@corridor@binding:i102:nsga2:s1070001:r1:PR1_HT1_EC0:1400af4ac24c,25e7b74fd7208cd542569f2bc9871358dcab9b95f9b86f53900f2c41ac0c7e8c,p0003,51014ec09f7ad08b,False,0.4667567942021993,171.07764088094518,0.14903445294948714,True,True,True
S025,corridor,binding,102,1070001,1,PR1_HT1_EC0,No-EC,S025@corridor@binding:i102:nsga2:s1070001:r1:PR1_HT1_EC0:1400af4ac24c,25e7b74fd7208cd542569f2bc9871358dcab9b95f9b86f53900f2c41ac0c7e8c,p0004,bd0f9cccf9ba143f,True,0.6401074441301926,-99.88716024774749,0.24017106342305128,True,True,True
S025,corridor,binding,102,1070001,1,PR1_HT1_EC0,No-EC,S025@corridor@binding:i102:nsga2:s1070001:r1:PR1_HT1_EC0:1400af4ac24c,25e7b74fd7208cd542569f2bc9871358dcab9b95f9b86f53900f2c41ac0c7e8c,p0005,ee73208bdaf3a193,False,0.3930969850909083,-46.475721335873004,0.26178010471204194,True,True,True
S025,corridor,binding,102,1070001,1,PR1_HT1_EC0,No-EC,S025@corridor@binding:i102:nsga2:s1070001:r1:PR1_HT1_EC0:1400af4ac24c,25e7b74fd7208cd542569f2bc9871358dcab9b95f9b86f53900f2c41ac0c7e8c,p0006,56c7ea36c95be9dc,False,0.34760475370580046,127.41302517333588,0.24193548387096775,True,True,True
S025,corridor,binding,102,1070001,1,PR1_HT1_EC0,No-EC,S025@corridor@binding:i102:nsga2:s1070001:r1:PR1_HT1_EC0:1400af4ac24c,25e7b74fd7208cd542569f2bc9871358dcab9b95f9b86f53900f2c41ac0c7e8c,p0007,a680b37c687f8524,False,0.3593620738154515,39.26108018244486,0.2136752136752137,True,True,True
S025,corridor,binding,102,1070001,1,PR1_HT1_EC0,No-EC,S025@corridor@binding:i102:nsga2:s1070001:r1:PR1_HT1_EC0:1400af4ac24c,25e7b74fd7208cd542569f2bc9871358dcab9b95f9b86f53900f2c41ac0c7e8c,p0008,cdf56d71b340984c,False,0.3396956642777429,147.49380907499472,0.282258064516129,True,True,True
S025,corridor,binding,102,1070001,1,PR1_HT1_EC0,No-EC,S025@corridor@binding:i102:nsga2:s1070001:r1:PR1_HT1_EC0:1400af4ac24c,25e7b74fd7208cd542569f2bc9871358dcab9b95f9b86f53900f2c41ac0c7e8c,p0009,68dbc11fcaaadb53,False,0.3012413103279634,204.2968886292756,0.24193548387096775,True,True,True
S025,corridor,binding,102,1070001,1,PR1_HT1_EC0,No-EC,S025@corridor@binding:i102:nsga2:s1070001:r1:PR1_HT1_EC0:1400af4ac24c,25e7b74fd7208cd542569f2bc9871358dcab9b95f9b86f53900f2c41ac0c7e8c,p0010,7a699c9ca4eb8a6d,False,0.26536825835371136,116.37725833922877,0.0854700854700855,True,True,True
S025,corridor,binding,102,1070001,1,PR1_HT1_EC0,No-EC,S025@corridor@binding:i102:nsga2:s1070001:r1:PR1_HT1_EC0:1400af4ac24c,25e7b74fd7208cd542569f2bc9871358dcab9b95f9b86f53900f2c41ac0c7e8c,p0011,63f4e0d9c6b04660,False,0.4705112269782843,-538.5079193482547,0.23560209424083767,True,True,True
S025,corridor,binding,102,1070001,1,PR1_HT1_EC0,No-EC,S025@corridor@binding:i102:nsga2:s1070001:r1:PR1_HT1_EC0:1400af4ac24c,25e7b74fd7208cd542569f2bc9871358dcab9b95f9b86f53900f2c41ac0c7e8c,p0012,75346c41e0d3e54d,False,0.49151856401161975,-425.15408302814103,0.3225806451612903,True,True,True
S025,corridor,binding,102,1070001,1,PR1_HT1_EC0,No-EC,S025@corridor@binding:i102:nsga2:s1070001:r1:PR1_HT1_EC0:1400af4ac24c,25e7b74fd7208cd542569f2bc9871358dcab9b95f9b86f53900f2c41ac0c7e8c,p0013,13c33b747c1b3b10,False,0.44817767386137763,-420.0591907003245,0.32258064516129037,True,True,True
S025,corridor,binding,102,1070001,1,PR1_HT1_EC0,No-EC,S025@corridor@binding:i102:nsga2:s1070001:r1:PR1_HT1_EC0:1400af4ac24c,25e7b74fd7208cd542569f2bc9871358dcab9b95f9b86f53900f2c41ac0c7e8c,p0014,7bcd0e6d38fa182a,False,0.3789621867155111,-386.4645710381101,0.282258064516129,True,True,True
S025,corridor,binding,102,1070001,1,PR1_HT1_EC0,No-EC,S025@corridor@binding:i102:nsga2:s1070001:r1:PR1_HT1_EC0:1400af4ac24c,25e7b74fd7208cd542569f2bc9871358dcab9b95f9b86f53900f2c41ac0c7e8c,p0015,b4209e76d878161b,False,0.28999339791886225,-218.18334387575123,0.13812154696132595,True,True,True
S025,corridor,binding,102,1070001,1,PR1_HT1_EC0,No-EC,S025@corridor@binding:i102:nsga2:s1070001:r1:PR1_HT1_EC0:1400af4ac24c,25e7b74fd7208cd542569f2bc9871358dcab9b95f9b86f53900f2c41ac0c7e8c,p0016,b9f2d7dbdda60827,False,0.16263569159822833,-140.01344668378943,0.13089005235602091,True,True,True
S025,corridor,binding,102,1070001,1,PR1_HT1_EC0,No-EC,S025@corridor@binding:i102:nsga2:s1070001:r1:PR1_HT1_EC0:1400af4ac24c,25e7b74fd7208cd542569f2bc9871358dcab9b95f9b86f53900f2c41ac0c7e8c,p0017,3e9a264020cd83b1,False,0.20344558209767172,-161.95205566230334,0.10471204188481675,True,True,True
S025,corridor,binding,102,1070001,1,PR1_HT1_EC0,No-EC,S025@corridor@binding:i102:nsga2:s1070001:r1:PR1_HT1_EC0:1400af4ac24c,25e7b74fd7208cd542569f2bc9871358dcab9b95f9b86f53900f2c41ac0c7e8c,p0018,bdfc20842f4f102a,False,0.24065145356758055,-106.92648944746406,0.08064516129032256,True,True,True
S025,corridor,binding,102,1070001,1,PR1_HT1_EC0,No-EC,S025@corridor@binding:i102:nsga2:s1070001:r1:PR1_HT1_EC0:1400af4ac24c,25e7b74fd7208cd542569f2bc9871358dcab9b95f9b86f53900f2c41ac0c7e8c,p0019,f99d07a57bdb0540,False,0.251239584158621,-50.50118437586934,0.21367521367521367,True,True,True
S025,corridor,binding,102,1070001,1,PR1_HT1_EC0,No-EC,S025@corridor@binding:i102:nsga2:s1070001:r1:PR1_HT1_EC0:1400af4ac24c,25e7b74fd7208cd542569f2bc9871358dcab9b95f9b86f53900f2c41ac0c7e8c,p0020,67c129f44e9dac6c,False,0.16793059395986987,-259.2961495693712,0.19337016574585636,True,True,True
S025,corridor,binding,102,1070001,1,PR1_HT1_EC0,No-EC,S025@corridor@binding:i102:nsga2:s1070001:r1:PR1_HT1_EC0:1400af4ac24c,25e7b74fd7208cd542569f2bc9871358dcab9b95f9b86f53900f2c41ac0c7e8c,p0021,0a2d7a21f5486e3a,False,0.23424618269893216,26.11093930827292,0.20161290322580644,True,True,True
S025,corridor,binding,102,1070001,1,PR1_HT1_EC0,No-EC,S025@corridor@binding:i102:nsga2:s1070001:r1:PR1_HT1_EC0:1400af4ac24c,25e7b74fd7208cd542569f2bc9871358dcab9b95f9b86f53900f2c41ac0c7e8c,p0022,f009f7463f4e5a23,False,0.15100632634542865,-12.802190881806837,0.2136752136752137,True,True,True
S025,corridor,binding,102,1070001,1,PR1_HT1_EC0,No-EC,S025@corridor@binding:i102:nsga2:s1070001:r1:PR1_HT1_EC0:1400af4ac24c,25e7b74fd7208cd542569f2bc9871358dcab9b95f9b86f53900f2c41ac0c7e8c,p0023,0232da29c8e9d835,False,0.10867576378514432,6.810400372406548,0.12096774193548387,True,True,True
S025,corridor,binding,102,1070001,1,PR1_HT1_EC0,No-EC,S025@corridor@binding:i102:nsga2:s1070001:r1:PR1_HT1_EC0:1400af4ac24c,25e7b74fd7208cd542569f2bc9871358dcab9b95f9b86f53900f2c41ac0c7e8c,p0024,02d43bf1955eec34,False,0.08534073580112267,129.63573142158225,0.15706806282722513,True,True,True
S025,corridor,binding,102,1070001,1,PR1_HT1_EC0,No-EC,S025@corridor@binding:i102:nsga2:s1070001:r1:PR1_HT1_EC0:1400af4ac24c,25e7b74fd7208cd542569f2bc9871358dcab9b95f9b86f53900f2c41ac0c7e8c,p0025,a31fca247f634a58,False,0.07076799637584319,192.0283314417968,0.2016129032258065,True,True,True
S025,corridor,binding,102,1070001,1,PR1_HT1_EC0,No-EC,S025@corridor@binding:i102:nsga2:s1070001:r1:PR1_HT1_EC0:1400af4ac24c,25e7b74fd7208cd542569f2bc9871358dcab9b95f9b86f53900f2c41ac0c7e8c,p0026,fa50b1a3cd5344de,False,0.09055650935716208,-84.93562420576814,0.19337016574585636,True,True,True
S025,corridor,binding,102,1070001,1,PR1_HT1_EC0,No-EC,S025@corridor@binding:i102:nsga2:s1070001:r1:PR1_HT1_EC0:1400af4ac24c,25e7b74fd7208cd542569f2bc9871358dcab9b95f9b86f53900f2c41ac0c7e8c,p0027,d95edc2d49aa2bad,False,0.044893539014707606,138.90831120116377,0.07853403141361257,True,True,True
S025,corridor,binding,102,1070001,1,PR1_HT1_EC0,No-EC,S025@corridor@binding:i102:nsga2:s1070001:r1:PR1_HT1_EC0:1400af4ac24c,25e7b74fd7208cd542569f2bc9871358dcab9b95f9b86f53900f2c41ac0c7e8c,p0028,a87232fb5a08a4a0,False,0.07792425749556653,164.47775726765872,0.17094017094017092,True,True,True
S025,corridor,binding,102,1070001,1,PR1_HT1_EC0,No-EC,S025@corridor@binding:i102:nsga2:s1070001:r1:PR1_HT1_EC0:1400af4ac24c,25e7b74fd7208cd542569f2bc9871358dcab9b95f9b86f53900f2c41ac0c7e8c,p0029,0acd55e6b6ac3ed4,False,0.0775046897530478,205.87865637361892,0.16129032258064518,True,True,True
S025,corridor,binding,102,1070001,1,PR1_HT1_EC0,No-EC,S025@corridor@binding:i102:nsga2:s1070001:r1:PR1_HT1_EC0:1400af4ac24c,25e7b74fd7208cd542569f2bc9871358dcab9b95f9b86f53900f2c41ac0c7e8c,p0030,db571e707b2bec5c,False,0.08278994581943522,-82.46741600092219,0.13812154696132595,True,True,True
S025,corridor,binding,102,1070001,1,PR1_HT1_EC0,No-EC,S025@corridor@binding:i102:nsga2:s1070001:r1:PR1_HT1_EC0:1400af4ac24c,25e7b74fd7208cd542569f2bc9871358dcab9b95f9b86f53900f2c41ac0c7e8c,p0031,7de2253c853c8d9b,False,0.05951576863673669,179.28357290579925,0.1282051282051282,True,True,True
S025,corridor,binding,102,1070001,1,PR1_HT1_EC0,No-EC,S025@corridor@binding:i102:nsga2:s1070001:r1:PR1_HT1_EC0:1400af4ac24c,25e7b74fd7208cd542569f2bc9871358dcab9b95f9b86f53900f2c41ac0c7e8c,p0032,cec1c6b40ffc1b5b,False,0.09198789472677493,-352.2283407142918,0.17094017094017094,True,True,True
S025,corridor,binding,102,1070001,1,PR1_HT1_EC0,No-EC,S025@corridor@binding:i102:nsga2:s1070001:r1:PR1_HT1_EC0:1400af4ac24c,25e7b74fd7208cd542569f2bc9871358dcab9b95f9b86f53900f2c41ac0c7e8c,p0033,42a31adb5690637c,False,0.06434418956686017,-64.65590905218505,0.08287292817679558,True,True,True
S025,corridor,binding,102,1070001,1,PR1_HT1_EC0,No-EC,S025@corridor@binding:i102:nsga2:s1070001:r1:PR1_HT1_EC0:1400af4ac24c,25e7b74fd7208cd542569f2bc9871358dcab9b95f9b86f53900f2c41ac0c7e8c,p0034,8978aa70b18b31e4,False,0.09822431516903762,-230.36465913825737,0.16129032258064516,True,True,True
S025,corridor,binding,102,1070001,1,PR1_HT1_EC0,No-EC,S025@corridor@binding:i102:nsga2:s1070001:r1:PR1_HT1_EC0:1400af4ac24c,25e7b74fd7208cd542569f2bc9871358dcab9b95f9b86f53900f2c41ac0c7e8c,p0035,c3c5676ac1515c73,False,0.09278226399265321,-284.63573019729233,0.10471204188481675,True,True,True
S025,corridor,binding,102,1070001,1,PR1_HT1_EC0,No-EC,S025@corridor@binding:i102:nsga2:s1070001:r1:PR1_HT1_EC0:1400af4ac24c,25e7b74fd7208cd542569f2bc9871358dcab9b95f9b86f53900f2c41ac0c7e8c,p0036,fdb278878143a63e,False,0.05397471558783362,-75.44010454066347,0.042735042735042736,True,True,True
S025,corridor,binding,102,1070001,1,PR1_HT1_EC0,No-EC,S025@corridor@binding:i102:nsga2:s1070001:r1:PR1_HT1_EC0:1400af4ac24c,25e7b74fd7208cd542569f2bc9871358dcab9b95f9b86f53900f2c41ac0c7e8c,p0037,6fbbec013d74fc9a,False,0.0,252.4385733540198,0.0,False,True,False
S025,corridor,binding,102,1070001,1,PR1_HT1_EC0,No-EC,S025@corridor@binding:i102:nsga2:s1070001:r1:PR1_HT1_EC0:1400af4ac24c,25e7b74fd7208cd542569f2bc9871358dcab9b95f9b86f53900f2c41ac0c7e8c,p0038,65f0b1fc6acbe4d2,False,0.0,252.4385733540198,0.0,False,True,False
S025,corridor,binding,102,1070001,1,PR1_HT1_EC0,No-EC,S025@corridor@binding:i102:nsga2:s1070001:r1:PR1_HT1_EC0:1400af4ac24c,25e7b74fd7208cd542569f2bc9871358dcab9b95f9b86f53900f2c41ac0c7e8c,p0039,795bd1418d862de7,False,0.006553079947575036,224.79755496001894,0.0,True,True,False
S025,corridor,binding,102,1070001,1,PR1_HT1_EC0,No-EC,S025@corridor@binding:i102:nsga2:s1070001:r1:PR1_HT1_EC0:1400af4ac24c,25e7b74fd7208cd542569f2bc9871358dcab9b95f9b86f53900f2c41ac0c7e8c,p0040,22e56564b13fe6c0,False,0.006553079947575924,209.4279402208267,0.0,True,True,False
S025,corridor,binding,102,1070001,1,PR1_HT1_EC0,No-EC,S025@corridor@binding:i102:nsga2:s1070001:r1:PR1_HT1_EC0:1400af4ac24c,25e7b74fd7208cd542569f2bc9871358dcab9b95f9b86f53900f2c41ac0c7e8c,p0041,951aeff294510a56,False,0.006553079947575924,200.04070094585506,0.0,True,True,False
S025,corridor,binding,102,1070001,1,PR1_HT1_EC0,No-EC,S025@corridor@binding:i102:nsga2:s1070001:r1:PR1_HT1_EC0:1400af4ac24c,25e7b74fd7208cd542569f2bc9871358dcab9b95f9b86f53900f2c41ac0c7e8c,p0042,eda5f50914e3d853,False,0.005355779859200993,224.79755496001894,0.0,True,True,False
S025,corridor,binding,102,1070001,1,PR1_HT1_EC1,Full,S025@corridor@binding:i102:nsga2:s1070001:r1:PR1_HT1_EC1:4bf2708ae859,25e7b74fd7208cd542569f2bc9871358dcab9b95f9b86f53900f2c41ac0c7e8c,p0001,f887ecb5eae402f6,True,0.0,0.0,0.0,False,False,False
S025,corridor,binding,102,1070001,1,PR1_HT1_EC1,Full,S025@corridor@binding:i102:nsga2:s1070001:r1:PR1_HT1_EC1:4bf2708ae859,25e7b74fd7208cd542569f2bc9871358dcab9b95f9b86f53900f2c41ac0c7e8c,p0002,6e52cef6d7cd2a0b,False,0.0,0.0,0.0,False,False,False
S025,corridor,binding,102,1070001,1,PR1_HT1_EC1,Full,S025@corridor@binding:i102:nsga2:s1070001:r1:PR1_HT1_EC1:4bf2708ae859,25e7b74fd7208cd542569f2bc9871358dcab9b95f9b86f53900f2c41ac0c7e8c,p0003,323748ee62db5af2,False,0.0,0.0,0.0,False,False,False
S025,corridor,binding,102,1070001,1,PR1_HT1_EC1,Full,S025@corridor@binding:i102:nsga2:s1070001:r1:PR1_HT1_EC1:4bf2708ae859,25e7b74fd7208cd542569f2bc9871358dcab9b95f9b86f53900f2c41ac0c7e8c,p0004,c0ba0464b7afbe2c,False,0.0,0.0,0.0,False,False,False
S025,corridor,binding,102,1070001,1,PR1_HT1_EC1,Full,S025@corridor@binding:i102:nsga2:s1070001:r1:PR1_HT1_EC1:4bf2708ae859,25e7b74fd7208cd542569f2bc9871358dcab9b95f9b86f53900f2c41ac0c7e8c,p0005,9cff0660a7e42203,False,0.0,0.0,0.0,False,False,False
S025,corridor,binding,102,1070001,1,PR1_HT1_EC1,Full,S025@corridor@binding:i102:nsga2:s1070001:r1:PR1_HT1_EC1:4bf2708ae859,25e7b74fd7208cd542569f2bc9871358dcab9b95f9b86f53900f2c41ac0c7e8c,p0006,cd26c3afda11ae50,False,0.0,0.0,0.0,False,False,False
S025,corridor,binding,102,1070001,1,PR1_HT1_EC1,Full,S025@corridor@binding:i102:nsga2:s1070001:r1:PR1_HT1_EC1:4bf2708ae859,25e7b74fd7208cd542569f2bc9871358dcab9b95f9b86f53900f2c41ac0c7e8c,p0007,fe0d38d223b1662a,False,0.0,0.0,0.0,False,False,False
S025,corridor,binding,102,1070001,1,PR1_HT1_EC1,Full,S025@corridor@binding:i102:nsga2:s1070001:r1:PR1_HT1_EC1:4bf2708ae859,25e7b74fd7208cd542569f2bc9871358dcab9b95f9b86f53900f2c41ac0c7e8c,p0008,4bcc4720b8f82c32,False,0.0,0.0,0.0,False,False,False
S025,corridor,binding,102,1070001,1,PR1_HT1_EC1,Full,S025@corridor@binding:i102:nsga2:s1070001:r1:PR1_HT1_EC1:4bf2708ae859,25e7b74fd7208cd542569f2bc9871358dcab9b95f9b86f53900f2c41ac0c7e8c,p0009,69c54243450f6fc0,False,0.0,0.0,0.0,False,False,False
S025,corridor,binding,102,1070001,1,PR1_HT1_EC1,Full,S025@corridor@binding:i102:nsga2:s1070001:r1:PR1_HT1_EC1:4bf2708ae859,25e7b74fd7208cd542569f2bc9871358dcab9b95f9b86f53900f2c41ac0c7e8c,p0010,63fe538b7d288bb5,False,0.0,0.0,0.0,False,False,False
S025,corridor,binding,102,1070001,1,PR1_HT1_EC1,Full,S025@corridor@binding:i102:nsga2:s1070001:r1:PR1_HT1_EC1:4bf2708ae859,25e7b74fd7208cd542569f2bc9871358dcab9b95f9b86f53900f2c41ac0c7e8c,p0011,ba55f7e84f960218,False,0.0,0.0,0.0,False,False,False
S025,corridor,binding,102,1070001,1,PR1_HT1_EC1,Full,S025@corridor@binding:i102:nsga2:s1070001:r1:PR1_HT1_EC1:4bf2708ae859,25e7b74fd7208cd542569f2bc9871358dcab9b95f9b86f53900f2c41ac0c7e8c,p0012,3ecc2428f799507a,False,0.0,0.0,0.0,False,False,False
S025,corridor,binding,102,1070001,1,PR1_HT1_EC1,Full,S025@corridor@binding:i102:nsga2:s1070001:r1:PR1_HT1_EC1:4bf2708ae859,25e7b74fd7208cd542569f2bc9871358dcab9b95f9b86f53900f2c41ac0c7e8c,p0013,c7b9e9602ac88c3d,False,0.0,0.0,0.0,False,False,False
S025,corridor,binding,102,1070001,1,PR1_HT1_EC1,Full,S025@corridor@binding:i102:nsga2:s1070001:r1:PR1_HT1_EC1:4bf2708ae859,25e7b74fd7208cd542569f2bc9871358dcab9b95f9b86f53900f2c41ac0c7e8c,p0014,af7bda45d1ae26c5,False,0.0,0.0,0.0,False,False,False
S025,corridor,binding,102,1070001,1,PR1_HT1_EC1,Full,S025@corridor@binding:i102:nsga2:s1070001:r1:PR1_HT1_EC1:4bf2708ae859,25e7b74fd7208cd542569f2bc9871358dcab9b95f9b86f53900f2c41ac0c7e8c,p0015,72f4a7180b9b3add,False,0.0,0.0,0.0,False,False,False
S025,corridor,binding,102,1070001,1,PR1_HT1_EC1,Full,S025@corridor@binding:i102:nsga2:s1070001:r1:PR1_HT1_EC1:4bf2708ae859,25e7b74fd7208cd542569f2bc9871358dcab9b95f9b86f53900f2c41ac0c7e8c,p0016,47521b05d1e1b538,False,0.0,0.0,0.0,False,False,False
S025,corridor,binding,102,1070001,1,PR1_HT1_EC1,Full,S025@corridor@binding:i102:nsga2:s1070001:r1:PR1_HT1_EC1:4bf2708ae859,25e7b74fd7208cd542569f2bc9871358dcab9b95f9b86f53900f2c41ac0c7e8c,p0017,8ed9cf468693ab66,False,0.0,0.0,0.0,False,False,False
S025,corridor,binding,102,1070001,1,PR1_HT1_EC1,Full,S025@corridor@binding:i102:nsga2:s1070001:r1:PR1_HT1_EC1:4bf2708ae859,25e7b74fd7208cd542569f2bc9871358dcab9b95f9b86f53900f2c41ac0c7e8c,p0018,656ab4d989c3ac56,False,0.0,0.0,0.0,False,False,False
S025,corridor,binding,102,1070001,1,PR1_HT1_EC1,Full,S025@corridor@binding:i102:nsga2:s1070001:r1:PR1_HT1_EC1:4bf2708ae859,25e7b74fd7208cd542569f2bc9871358dcab9b95f9b86f53900f2c41ac0c7e8c,p0019,1acfb0babae41ce0,False,0.0,0.0,0.0,False,False,False
S025,corridor,binding,102,1070001,1,PR1_HT1_EC1,Full,S025@corridor@binding:i102:nsga2:s1070001:r1:PR1_HT1_EC1:4bf2708ae859,25e7b74fd7208cd542569f2bc9871358dcab9b95f9b86f53900f2c41ac0c7e8c,p0020,ed9371d9fce771cc,False,0.0,0.0,0.0,False,False,False
S025,corridor,binding,102,1070001,1,PR1_HT1_EC1,Full,S025@corridor@binding:i102:nsga2:s1070001:r1:PR1_HT1_EC1:4bf2708ae859,25e7b74fd7208cd542569f2bc9871358dcab9b95f9b86f53900f2c41ac0c7e8c,p0021,361d3e02da3f795b,False,0.0,0.0,0.0,False,False,False
S025,corridor,binding,102,1070001,1,PR1_HT1_EC1,Full,S025@corridor@binding:i102:nsga2:s1070001:r1:PR1_HT1_EC1:4bf2708ae859,25e7b74fd7208cd542569f2bc9871358dcab9b95f9b86f53900f2c41ac0c7e8c,p0022,ae522c3393e3bfbd,False,0.0,0.0,0.0,False,False,False
S025,corridor,binding,102,1070001,1,PR1_HT1_EC1,Full,S025@corridor@binding:i102:nsga2:s1070001:r1:PR1_HT1_EC1:4bf2708ae859,25e7b74fd7208cd542569f2bc9871358dcab9b95f9b86f53900f2c41ac0c7e8c,p0023,df511c093e388b38,False,0.0,0.0,0.0,False,False,False
S025,corridor,binding,102,1070001,1,PR1_HT1_EC1,Full,S025@corridor@binding:i102:nsga2:s1070001:r1:PR1_HT1_EC1:4bf2708ae859,25e7b74fd7208cd542569f2bc9871358dcab9b95f9b86f53900f2c41ac0c7e8c,p0024,90f7b34c8042a487,False,0.0,0.0,0.0,False,False,False
S025,corridor,binding,102,1070001,1,PR1_HT1_EC1,Full,S025@corridor@binding:i102:nsga2:s1070001:r1:PR1_HT1_EC1:4bf2708ae859,25e7b74fd7208cd542569f2bc9871358dcab9b95f9b86f53900f2c41ac0c7e8c,p0025,1c468a9873eee3b9,False,0.0,0.0,0.0,False,False,False
S025,corridor,binding,102,1070001,1,PR1_HT1_EC1,Full,S025@corridor@binding:i102:nsga2:s1070001:r1:PR1_HT1_EC1:4bf2708ae859,25e7b74fd7208cd542569f2bc9871358dcab9b95f9b86f53900f2c41ac0c7e8c,p0026,c36f1d99412d2bad,False,0.0,0.0,0.0,False,False,False
S025,corridor,binding,102,1070001,1,PR1_HT1_EC1,Full,S025@corridor@binding:i102:nsga2:s1070001:r1:PR1_HT1_EC1:4bf2708ae859,25e7b74fd7208cd542569f2bc9871358dcab9b95f9b86f53900f2c41ac0c7e8c,p0027,127675de5d13e6c8,False,0.0,0.0,0.0,False,False,False
S025,corridor,binding,102,1070001,1,PR1_HT1_EC1,Full,S025@corridor@binding:i102:nsga2:s1070001:r1:PR1_HT1_EC1:4bf2708ae859,25e7b74fd7208cd542569f2bc9871358dcab9b95f9b86f53900f2c41ac0c7e8c,p0028,01d172c40d24bacf,False,0.0,0.0,0.0,False,False,False
S025,corridor,binding,102,1070001,1,PR1_HT1_EC1,Full,S025@corridor@binding:i102:nsga2:s1070001:r1:PR1_HT1_EC1:4bf2708ae859,25e7b74fd7208cd542569f2bc9871358dcab9b95f9b86f53900f2c41ac0c7e8c,p0029,e7a04a93302b5de8,False,0.0,0.0,0.0,False,False,False
S025,corridor,binding,102,1070001,1,PR1_HT1_EC1,Full,S025@corridor@binding:i102:nsga2:s1070001:r1:PR1_HT1_EC1:4bf2708ae859,25e7b74fd7208cd542569f2bc9871358dcab9b95f9b86f53900f2c41ac0c7e8c,p0030,9e671a068b846db5,False,0.0,0.0,0.0,False,False,False
S025,corridor,binding,102,1070001,1,PR1_HT1_EC1,Full,S025@corridor@binding:i102:nsga2:s1070001:r1:PR1_HT1_EC1:4bf2708ae859,25e7b74fd7208cd542569f2bc9871358dcab9b95f9b86f53900f2c41ac0c7e8c,p0031,1f2542b945351ce5,False,0.0,0.0,0.0,False,False,False
S025,corridor,binding,102,1070001,1,PR1_HT1_EC1,Full,S025@corridor@binding:i102:nsga2:s1070001:r1:PR1_HT1_EC1:4bf2708ae859,25e7b74fd7208cd542569f2bc9871358dcab9b95f9b86f53900f2c41ac0c7e8c,p0032,998c757ac6d7c649,False,0.0,0.0,0.0,False,False,False
S025,corridor,binding,102,1070001,1,PR1_HT1_EC1,Full,S025@corridor@binding:i102:nsga2:s1070001:r1:PR1_HT1_EC1:4bf2708ae859,25e7b74fd7208cd542569f2bc9871358dcab9b95f9b86f53900f2c41ac0c7e8c,p0033,eca8097b8b0a0d57,False,0.0,0.0,0.0,False,False,False
S025,corridor,binding,102,1070001,1,PR1_HT1_EC1,Full,S025@corridor@binding:i102:nsga2:s1070001:r1:PR1_HT1_EC1:4bf2708ae859,25e7b74fd7208cd542569f2bc9871358dcab9b95f9b86f53900f2c41ac0c7e8c,p0034,3911dde8dbc278f4,False,0.0,0.0,0.0,False,False,False
S025,corridor,binding,102,1070001,1,PR1_HT1_EC1,Full,S025@corridor@binding:i102:nsga2:s1070001:r1:PR1_HT1_EC1:4bf2708ae859,25e7b74fd7208cd542569f2bc9871358dcab9b95f9b86f53900f2c41ac0c7e8c,p0035,aaa35c7863806086,False,0.0,0.0,0.0,False,False,False
S025,corridor,binding,102,1070001,1,PR1_HT1_EC1,Full,S025@corridor@binding:i102:nsga2:s1070001:r1:PR1_HT1_EC1:4bf2708ae859,25e7b74fd7208cd542569f2bc9871358dcab9b95f9b86f53900f2c41ac0c7e8c,p0036,67b4c4f9810b985b,False,0.0,0.0,0.0,False,False,False
S025,corridor,inactive,101,1060000,0,PR0_HT1_EC1,No-PR,S025@corridor@inactive:i101:nsga2:s1060000:r0:PR0_HT1_EC1:695392aa124e,1efe1d1907c2fa4b02522f8fdf5dd2f7ca474637751fc5d683586fd07890f5aa,p0001,446d1119ac6df040,True,-1.3564580328192495,2595.2727636153772,-0.33536585365853655,True,True,True
S025,corridor,inactive,101,1060000,0,PR0_HT1_EC1,No-PR,S025@corridor@inactive:i101:nsga2:s1060000:r0:PR0_HT1_EC1:695392aa124e,1efe1d1907c2fa4b02522f8fdf5dd2f7ca474637751fc5d683586fd07890f5aa,p0002,e9347e6b83ca52fd,False,-1.4870715749795957,2506.3636864582086,-0.4086878124743107,True,True,True
S025,corridor,inactive,101,1060000,0,PR0_HT1_EC1,No-PR,S025@corridor@inactive:i101:nsga2:s1060000:r0:PR0_HT1_EC1:695392aa124e,1efe1d1907c2fa4b02522f8fdf5dd2f7ca474637751fc5d683586fd07890f5aa,p0003,da5fd6b9870e7540,False,-1.582990527424971,2421.7121908429694,-0.4410422176510243,True,True,True
S025,corridor,inactive,101,1060000,0,PR0_HT1_EC1,No-PR,S025@corridor@inactive:i101:nsga2:s1060000:r0:PR0_HT1_EC1:695392aa124e,1efe1d1907c2fa4b02522f8fdf5dd2f7ca474637751fc5d683586fd07890f5aa,p0004,37d40eb04086c9a8,False,-1.5083444036613098,2373.2418179071437,-0.45120481927688155,True,True,True
S025,corridor,inactive,101,1060000,0,PR0_HT1_EC1,No-PR,S025@corridor@inactive:i101:nsga2:s1060000:r0:PR0_HT1_EC1:695392aa124e,1efe1d1907c2fa4b02522f8fdf5dd2f7ca474637751fc5d683586fd07890f5aa,p0005,955175d47052a60f,False,-1.5869804362956446,2355.812972038586,-0.48325610132833857,True,True,True
S025,corridor,inactive,101,1060000,0,PR0_HT1_EC1,No-PR,S025@corridor@inactive:i101:nsga2:s1060000:r0:PR0_HT1_EC1:695392aa124e,1efe1d1907c2fa4b02522f8fdf5dd2f7ca474637751fc5d683586fd07890f5aa,p0006,1a369a7ebd4fa0d2,False,-1.4709255909766616,2486.688071160208,-0.4832561013284316,True,True,True
S025,corridor,inactive,101,1060000,0,PR0_HT1_EC1,No-PR,S025@corridor@inactive:i101:nsga2:s1060000:r0:PR0_HT1_EC1:695392aa124e,1efe1d1907c2fa4b02522f8fdf5dd2f7ca474637751fc5d683586fd07890f5aa,p0007,1463e4d12a8695d6,False,-1.5636268532215896,2429.624993980383,-0.5345381526103665,True,True,True
S025,corridor,inactive,101,1060000,0,PR0_HT1_EC1,No-PR,S025@corridor@inactive:i101:nsga2:s1060000:r0:PR0_HT1_EC1:695392aa124e,1efe1d1907c2fa4b02522f8fdf5dd2f7ca474637751fc5d683586fd07890f5aa,p0008,d36c8a20d00144e8,False,-0.9279995042449984,2541.1383452934306,-0.35714285714285715,True,True,True
S025,corridor,inactive,101,1060000,0,PR0_HT1_EC1,No-PR,S025@corridor@inactive:i101:nsga2:s1060000:r0:PR0_HT1_EC1:695392aa124e,1efe1d1907c2fa4b02522f8fdf5dd2f7ca474637751fc5d683586fd07890f5aa,p0009,b7a6cc207ac4a6c2,False,-0.9385223100218312,2588.993159237826,-0.25641025641025644,True,True,True
S025,corridor,inactive,101,1060000,0,PR0_HT1_EC1,No-PR,S025@corridor@inactive:i101:nsga2:s1060000:r0:PR0_HT1_EC1:695392aa124e,1efe1d1907c2fa4b02522f8fdf5dd2f7ca474637751fc5d683586fd07890f5aa,p0010,f24e72f15800d1dc,False,-0.9014702032709678,2596.930741155691,-0.3353658536585366,True,True,True
S025,corridor,inactive,101,1060000,0,PR0_HT1_EC1,No-PR,S025@corridor@inactive:i101:nsga2:s1060000:r0:PR0_HT1_EC1:695392aa124e,1efe1d1907c2fa4b02522f8fdf5dd2f7ca474637751fc5d683586fd07890f5aa,p0011,ff924f37ec85617a,False,-0.964271078192052,2587.2901266210542,-0.4573170731707317,True,True,True
S025,corridor,inactive,101,1060000,0,PR0_HT1_EC1,No-PR,S025@corridor@inactive:i101:nsga2:s1060000:r0:PR0_HT1_EC1:695392aa124e,1efe1d1907c2fa4b02522f8fdf5dd2f7ca474637751fc5d683586fd07890f5aa,p0012,cffc2b4d8023adab,False,-0.9882471523819802,2592.5361920425657,-0.4166666666666667,True,True,True
S025,corridor,inactive,101,1060000,0,PR0_HT1_EC1,No-PR,S025@corridor@inactive:i101:nsga2:s1060000:r0:PR0_HT1_EC1:695392aa124e,1efe1d1907c2fa4b02522f8fdf5dd2f7ca474637751fc5d683586fd07890f5aa,p0013,23a12f087caa0b70,False,0.0,0.0,0.0,False,False,False
S025,corridor,inactive,101,1060000,0,PR1_HT0_EC1,No-HT,S025@corridor@inactive:i101:nsga2:s1060000:r0:PR1_HT0_EC1:b339f64ad983,1efe1d1907c2fa4b02522f8fdf5dd2f7ca474637751fc5d683586fd07890f5aa,p0001,7d342e706d518418,True,0.5207403042450984,933.5014587955884,0.0,True,True,False
S025,corridor,inactive,101,1060000,0,PR1_HT0_EC1,No-HT,S025@corridor@inactive:i101:nsga2:s1060000:r0:PR1_HT0_EC1:b339f64ad983,1efe1d1907c2fa4b02522f8fdf5dd2f7ca474637751fc5d683586fd07890f5aa,p0002,d62d704ee8ec5bed,False,0.38213974607316725,262.54266960387804,0.15243902439024393,True,True,True
S025,corridor,inactive,101,1060000,0,PR1_HT0_EC1,No-HT,S025@corridor@inactive:i101:nsga2:s1060000:r0:PR1_HT0_EC1:b339f64ad983,1efe1d1907c2fa4b02522f8fdf5dd2f7ca474637751fc5d683586fd07890f5aa,p0003,352da40309e46315,False,0.45463913583548443,322.555485214868,0.19230769230769235,True,True,True
S025,corridor,inactive,101,1060000,0,PR1_HT0_EC1,No-HT,S025@corridor@inactive:i101:nsga2:s1060000:r0:PR1_HT0_EC1:b339f64ad983,1efe1d1907c2fa4b02522f8fdf5dd2f7ca474637751fc5d683586fd07890f5aa,p0004,8526907b8923027c,False,0.27938536552585,267.48095552967425,0.15243902439024387,True,True,True
S025,corridor,inactive,101,1060000,0,PR1_HT0_EC1,No-HT,S025@corridor@inactive:i101:nsga2:s1060000:r0:PR1_HT0_EC1:b339f64ad983,1efe1d1907c2fa4b02522f8fdf5dd2f7ca474637751fc5d683586fd07890f5aa,p0005,779488f6f6987823,False,0.2862443376390793,239.41394567402403,0.10204081632653061,True,True,True
S025,corridor,inactive,101,1060000,0,PR1_HT0_EC1,No-HT,S025@corridor@inactive:i101:nsga2:s1060000:r0:PR1_HT0_EC1:b339f64ad983,1efe1d1907c2fa4b02522f8fdf5dd2f7ca474637751fc5d683586fd07890f5aa,p0006,85bda92542025f60,False,0.3390244241731244,337.37034299225706,0.19230769230769235,True,True,True
S025,corridor,inactive,101,1060000,0,PR1_HT0_EC1,No-HT,S025@corridor@inactive:i101:nsga2:s1060000:r0:PR1_HT0_EC1:b339f64ad983,1efe1d1907c2fa4b02522f8fdf5dd2f7ca474637751fc5d683586fd07890f5aa,p0007,a1ad3782e7257223,False,0.25960099752360755,-235.02686484106198,0.15306122448979592,True,True,True
S025,corridor,inactive,101,1060000,0,PR1_HT0_EC1,No-HT,S025@corridor@inactive:i101:nsga2:s1060000:r0:PR1_HT0_EC1:b339f64ad983,1efe1d1907c2fa4b02522f8fdf5dd2f7ca474637751fc5d683586fd07890f5aa,p0008,88859f9cafa43868,False,0.291986401371906,-316.12176833576814,0.24390243902439027,True,True,True
S025,corridor,inactive,101,1060000,0,PR1_HT0_EC1,No-HT,S025@corridor@inactive:i101:nsga2:s1060000:r0:PR1_HT0_EC1:b339f64ad983,1efe1d1907c2fa4b02522f8fdf5dd2f7ca474637751fc5d683586fd07890f5aa,p0009,27f7f2a79c7d99db,False,0.342994746688559,290.0592658605324,0.16666666666666666,True,True,True
S025,corridor,inactive,101,1060000,0,PR1_HT0_EC1,No-HT,S025@corridor@inactive:i101:nsga2:s1060000:r0:PR1_HT0_EC1:b339f64ad983,1efe1d1907c2fa4b02522f8fdf5dd2f7ca474637751fc5d683586fd07890f5aa,p0010,8ef19870f06df293,False,0.3095893163053445,-202.0195894792896,0.32051282051282054,True,True,True
S025,corridor,inactive,101,1060000,0,PR1_HT0_EC1,No-HT,S025@corridor@inactive:i101:nsga2:s1060000:r0:PR1_HT0_EC1:b339f64ad983,1efe1d1907c2fa4b02522f8fdf5dd2f7ca474637751fc5d683586fd07890f5aa,p0011,0a42ca3bc5b235b5,False,0.3459030677601467,-212.64868789350749,0.32051282051282054,True,True,True
S025,corridor,inactive,101,1060000,0,PR1_HT0_EC1,No-HT,S025@corridor@inactive:i101:nsga2:s1060000:r0:PR1_HT0_EC1:b339f64ad983,1efe1d1907c2fa4b02522f8fdf5dd2f7ca474637751fc5d683586fd07890f5aa,p0012,e155e73e02e53695,False,0.1994187158309213,214.2092642392472,0.20408163265306123,True,True,True
S025,corridor,inactive,101,1060000,0,PR1_HT0_EC1,No-HT,S025@corridor@inactive:i101:nsga2:s1060000:r0:PR1_HT0_EC1:b339f64ad983,1efe1d1907c2fa4b02522f8fdf5dd2f7ca474637751fc5d683586fd07890f5aa,p0013,cd0df59f35b993cd,False,0.26395103147463583,-260.3293724735081,0.21341463414634146,True,True,True
S025,corridor,inactive,101,1060000,0,PR1_HT0_EC1,No-HT,S025@corridor@inactive:i101:nsga2:s1060000:r0:PR1_HT0_EC1:b339f64ad983,1efe1d1907c2fa4b02522f8fdf5dd2f7ca474637751fc5d683586fd07890f5aa,p0014,a8791837668a928a,False,0.18282635693855553,239.04102078587312,0.21341463414634146,True,True,True
S025,corridor,inactive,101,1060000,0,PR1_HT0_EC1,No-HT,S025@corridor@inactive:i101:nsga2:s1060000:r0:PR1_HT0_EC1:b339f64ad983,1efe1d1907c2fa4b02522f8fdf5dd2f7ca474637751fc5d683586fd07890f5aa,p0015,f0e06f58d3156b05,False,0.34537790514739264,-158.39716909014942,0.2564102564102564,True,True,True
S025,corridor,inactive,101,1060000,0,PR1_HT0_EC1,No-HT,S025@corridor@inactive:i101:nsga2:s1060000:r0:PR1_HT0_EC1:b339f64ad983,1efe1d1907c2fa4b02522f8fdf5dd2f7ca474637751fc5d683586fd07890f5aa,p0016,dcca337c41c77991,False,0.30628608240793653,-182.98629153349611,0.08333333333333334,True,True,True
S025,corridor,inactive,101,1060000,0,PR1_HT0_EC1,No-HT,S025@corridor@inactive:i101:nsga2:s1060000:r0:PR1_HT0_EC1:b339f64ad983,1efe1d1907c2fa4b02522f8fdf5dd2f7ca474637751fc5d683586fd07890f5aa,p0017,9442b37650cac0c6,False,0.3041625340852736,-121.84884050396386,0.08333333333333333,True,True,True
S025,corridor,inactive,101,1060000,0,PR1_HT0_EC1,No-HT,S025@corridor@inactive:i101:nsga2:s1060000:r0:PR1_HT0_EC1:b339f64ad983,1efe1d1907c2fa4b02522f8fdf5dd2f7ca474637751fc5d683586fd07890f5aa,p0018,26fc94f05ef73ef0,False,0.10636447230496593,309.84509036895247,0.05102040816326531,True,True,True
S025,corridor,inactive,101,1060000,0,PR1_HT0_EC1,No-HT,S025@corridor@inactive:i101:nsga2:s1060000:r0:PR1_HT0_EC1:b339f64ad983,1efe1d1907c2fa4b02522f8fdf5dd2f7ca474637751fc5d683586fd07890f5aa,p0019,8e97ce663fbd2698,False,0.0,0.0,0.0,False,False,False
S025,corridor,inactive,101,1060000,0,PR1_HT0_EC1,No-HT,S025@corridor@inactive:i101:nsga2:s1060000:r0:PR1_HT0_EC1:b339f64ad983,1efe1d1907c2fa4b02522f8fdf5dd2f7ca474637751fc5d683586fd07890f5aa,p0020,2182454afea16e63,False,0.10653152030215018,336.7528044205012,0.0,True,True,False
S025,corridor,inactive,101,1060000,0,PR1_HT0_EC1,No-HT,S025@corridor@inactive:i101:nsga2:s1060000:r0:PR1_HT0_EC1:b339f64ad983,1efe1d1907c2fa4b02522f8fdf5dd2f7ca474637751fc5d683586fd07890f5aa,p0021,90f79a737206f8db,False,0.031402204562835045,22.414175192662924,0.0,True,True,False
S025,corridor,inactive,101,1060000,0,PR1_HT0_EC1,No-HT,S025@corridor@inactive:i101:nsga2:s1060000:r0:PR1_HT0_EC1:b339f64ad983,1efe1d1907c2fa4b02522f8fdf5dd2f7ca474637751fc5d683586fd07890f5aa,p0022,d024afe3fb8ce7bb,False,0.04345650077483665,47.003297636009165,0.0,True,True,False
S025,corridor,inactive,101,1060000,0,PR1_HT0_EC1,No-HT,S025@corridor@inactive:i101:nsga2:s1060000:r0:PR1_HT0_EC1:b339f64ad983,1efe1d1907c2fa4b02522f8fdf5dd2f7ca474637751fc5d683586fd07890f5aa,p0023,6737ae1d25342d99,False,0.04461615458771373,24.35316512639065,0.0,True,True,False
S025,corridor,inactive,101,1060000,0,PR1_HT0_EC1,No-HT,S025@corridor@inactive:i101:nsga2:s1060000:r0:PR1_HT0_EC1:b339f64ad983,1efe1d1907c2fa4b02522f8fdf5dd2f7ca474637751fc5d683586fd07890f5aa,p0024,3ef2b9315f76ee45,False,0.057647001379174334,-1.7030326167721341,0.0,True,True,False
S025,corridor,inactive,101,1060000,0,PR1_HT0_EC1,No-HT,S025@corridor@inactive:i101:nsga2:s1060000:r0:PR1_HT0_EC1:b339f64ad983,1efe1d1907c2fa4b02522f8fdf5dd2f7ca474637751fc5d683586fd07890f5aa,p0025,c039121078a96d75,False,0.053160972155823494,19.107099704879147,0.0,True,True,False
S025,corridor,inactive,101,1060000,0,PR1_HT0_EC1,No-HT,S025@corridor@inactive:i101:nsga2:s1060000:r0:PR1_HT0_EC1:b339f64ad983,1efe1d1907c2fa4b02522f8fdf5dd2f7ca474637751fc5d683586fd07890f5aa,p0026,97c2d6c0ac644954,False,0.10746787151002124,334.1982554953429,0.0,True,True,False
S025,corridor,inactive,101,1060000,0,PR1_HT0_EC1,No-HT,S025@corridor@inactive:i101:nsga2:s1060000:r0:PR1_HT0_EC1:b339f64ad983,1efe1d1907c2fa4b02522f8fdf5dd2f7ca474637751fc5d683586fd07890f5aa,p0027,5a87518f47be883f,False,0.09651182702248917,280.96040855824117,0.0,True,True,False
S025,corridor,inactive,101,1060000,0,PR1_HT0_EC1,No-HT,S025@corridor@inactive:i101:nsga2:s1060000:r0:PR1_HT0_EC1:b339f64ad983,1efe1d1907c2fa4b02522f8fdf5dd2f7ca474637751fc5d683586fd07890f5aa,p0028,8f79453178507af1,False,0.1174993304597658,263.69330904132926,0.0,True,True,False
S025,corridor,inactive,101,1060000,0,PR1_HT0_EC1,No-HT,S025@corridor@inactive:i101:nsga2:s1060000:r0:PR1_HT0_EC1:b339f64ad983,1efe1d1907c2fa4b02522f8fdf5dd2f7ca474637751fc5d683586fd07890f5aa,p0029,6cd7a9312e55a7e5,False,0.12550329490162948,349.01311327273197,0.0,True,True,False
S025,corridor,inactive,101,1060000,0,PR1_HT1_EC0,No-EC,S025@corridor@inactive:i101:nsga2:s1060000:r0:PR1_HT1_EC0:a86ce6b22107,1efe1d1907c2fa4b02522f8fdf5dd2f7ca474637751fc5d683586fd07890f5aa,p0001,17f5967e22085cf5,False,0.0,0.0,0.0,False,False,False
S025,corridor,inactive,101,1060000,0,PR1_HT1_EC0,No-EC,S025@corridor@inactive:i101:nsga2:s1060000:r0:PR1_HT1_EC0:a86ce6b22107,1efe1d1907c2fa4b02522f8fdf5dd2f7ca474637751fc5d683586fd07890f5aa,p0002,f7b3d930cdf94093,False,0.0,0.0,0.0,False,False,False
S025,corridor,inactive,101,1060000,0,PR1_HT1_EC0,No-EC,S025@corridor@inactive:i101:nsga2:s1060000:r0:PR1_HT1_EC0:a86ce6b22107,1efe1d1907c2fa4b02522f8fdf5dd2f7ca474637751fc5d683586fd07890f5aa,p0003,1cf0727b6e4aef4b,True,0.0,0.0,0.0,False,False,False
S025,corridor,inactive,101,1060000,0,PR1_HT1_EC0,No-EC,S025@corridor@inactive:i101:nsga2:s1060000:r0:PR1_HT1_EC0:a86ce6b22107,1efe1d1907c2fa4b02522f8fdf5dd2f7ca474637751fc5d683586fd07890f5aa,p0004,c372f185ca3aab9f,False,0.0,0.0,0.0,False,False,False
S025,corridor,inactive,101,1060000,0,PR1_HT1_EC0,No-EC,S025@corridor@inactive:i101:nsga2:s1060000:r0:PR1_HT1_EC0:a86ce6b22107,1efe1d1907c2fa4b02522f8fdf5dd2f7ca474637751fc5d683586fd07890f5aa,p0005,52a18a0c9bf3b6c7,False,0.0,0.0,0.0,False,False,False
S025,corridor,inactive,101,1060000,0,PR1_HT1_EC0,No-EC,S025@corridor@inactive:i101:nsga2:s1060000:r0:PR1_HT1_EC0:a86ce6b22107,1efe1d1907c2fa4b02522f8fdf5dd2f7ca474637751fc5d683586fd07890f5aa,p0006,cefa1863f33f9578,False,0.0,0.0,0.0,False,False,False
S025,corridor,inactive,101,1060000,0,PR1_HT1_EC0,No-EC,S025@corridor@inactive:i101:nsga2:s1060000:r0:PR1_HT1_EC0:a86ce6b22107,1efe1d1907c2fa4b02522f8fdf5dd2f7ca474637751fc5d683586fd07890f5aa,p0007,89c855ddcf0294ba,False,0.0,0.0,0.0,False,False,False
S025,corridor,inactive,101,1060000,0,PR1_HT1_EC0,No-EC,S025@corridor@inactive:i101:nsga2:s1060000:r0:PR1_HT1_EC0:a86ce6b22107,1efe1d1907c2fa4b02522f8fdf5dd2f7ca474637751fc5d683586fd07890f5aa,p0008,994c553c480671f9,False,0.0,0.0,0.0,False,False,False
S025,corridor,inactive,101,1060000,0,PR1_HT1_EC0,No-EC,S025@corridor@inactive:i101:nsga2:s1060000:r0:PR1_HT1_EC0:a86ce6b22107,1efe1d1907c2fa4b02522f8fdf5dd2f7ca474637751fc5d683586fd07890f5aa,p0009,b229ab1a27545f4d,False,0.0,0.0,0.0,False,False,False
S025,corridor,inactive,101,1060000,0,PR1_HT1_EC0,No-EC,S025@corridor@inactive:i101:nsga2:s1060000:r0:PR1_HT1_EC0:a86ce6b22107,1efe1d1907c2fa4b02522f8fdf5dd2f7ca474637751fc5d683586fd07890f5aa,p0010,985dccd2a5c40ea5,False,0.0,0.0,0.0,False,False,False
S025,corridor,inactive,101,1060000,0,PR1_HT1_EC0,No-EC,S025@corridor@inactive:i101:nsga2:s1060000:r0:PR1_HT1_EC0:a86ce6b22107,1efe1d1907c2fa4b02522f8fdf5dd2f7ca474637751fc5d683586fd07890f5aa,p0011,4b55a74c39476d0e,False,0.0,0.0,0.0,False,False,False
S025,corridor,inactive,101,1060000,0,PR1_HT1_EC0,No-EC,S025@corridor@inactive:i101:nsga2:s1060000:r0:PR1_HT1_EC0:a86ce6b22107,1efe1d1907c2fa4b02522f8fdf5dd2f7ca474637751fc5d683586fd07890f5aa,p0012,1be58d91cec11329,False,0.0,0.0,0.0,False,False,False
S025,corridor,inactive,101,1060000,0,PR1_HT1_EC0,No-EC,S025@corridor@inactive:i101:nsga2:s1060000:r0:PR1_HT1_EC0:a86ce6b22107,1efe1d1907c2fa4b02522f8fdf5dd2f7ca474637751fc5d683586fd07890f5aa,p0013,433ef2fb19b0298c,False,0.0,0.0,0.0,False,False,False
S025,corridor,inactive,101,1060000,0,PR1_HT1_EC0,No-EC,S025@corridor@inactive:i101:nsga2:s1060000:r0:PR1_HT1_EC0:a86ce6b22107,1efe1d1907c2fa4b02522f8fdf5dd2f7ca474637751fc5d683586fd07890f5aa,p0014,44a77cee2e030ab5,False,0.0,0.0,0.0,False,False,False
S025,corridor,inactive,101,1060000,0,PR1_HT1_EC0,No-EC,S025@corridor@inactive:i101:nsga2:s1060000:r0:PR1_HT1_EC0:a86ce6b22107,1efe1d1907c2fa4b02522f8fdf5dd2f7ca474637751fc5d683586fd07890f5aa,p0015,922e667a7d1455af,False,0.0,0.0,0.0,False,False,False
S025,corridor,inactive,101,1060000,0,PR1_HT1_EC0,No-EC,S025@corridor@inactive:i101:nsga2:s1060000:r0:PR1_HT1_EC0:a86ce6b22107,1efe1d1907c2fa4b02522f8fdf5dd2f7ca474637751fc5d683586fd07890f5aa,p0016,b0289d5140841153,False,0.0,0.0,0.0,False,False,False
S025,corridor,inactive,101,1060000,0,PR1_HT1_EC0,No-EC,S025@corridor@inactive:i101:nsga2:s1060000:r0:PR1_HT1_EC0:a86ce6b22107,1efe1d1907c2fa4b02522f8fdf5dd2f7ca474637751fc5d683586fd07890f5aa,p0017,34a711359985335f,False,0.0,0.0,0.0,False,False,False
S025,corridor,inactive,101,1060000,0,PR1_HT1_EC0,No-EC,S025@corridor@inactive:i101:nsga2:s1060000:r0:PR1_HT1_EC0:a86ce6b22107,1efe1d1907c2fa4b02522f8fdf5dd2f7ca474637751fc5d683586fd07890f5aa,p0018,4dc9fa278cb9d15f,False,0.0,0.0,0.0,False,False,False
S025,corridor,inactive,101,1060000,0,PR1_HT1_EC0,No-EC,S025@corridor@inactive:i101:nsga2:s1060000:r0:PR1_HT1_EC0:a86ce6b22107,1efe1d1907c2fa4b02522f8fdf5dd2f7ca474637751fc5d683586fd07890f5aa,p0019,99eff3763cb46d83,False,0.0,0.0,0.0,False,False,False
S025,corridor,inactive,101,1060000,0,PR1_HT1_EC0,No-EC,S025@corridor@inactive:i101:nsga2:s1060000:r0:PR1_HT1_EC0:a86ce6b22107,1efe1d1907c2fa4b02522f8fdf5dd2f7ca474637751fc5d683586fd07890f5aa,p0020,ba3c8b4eb0d9487e,False,0.0,0.0,0.0,False,False,False
S025,corridor,inactive,101,1060000,0,PR1_HT1_EC0,No-EC,S025@corridor@inactive:i101:nsga2:s1060000:r0:PR1_HT1_EC0:a86ce6b22107,1efe1d1907c2fa4b02522f8fdf5dd2f7ca474637751fc5d683586fd07890f5aa,p0021,8e6cff53446ca7ad,False,0.0,0.0,0.0,False,False,False
S025,corridor,inactive,101,1060000,0,PR1_HT1_EC0,No-EC,S025@corridor@inactive:i101:nsga2:s1060000:r0:PR1_HT1_EC0:a86ce6b22107,1efe1d1907c2fa4b02522f8fdf5dd2f7ca474637751fc5d683586fd07890f5aa,p0022,1087cdc0e79eba39,False,0.0,0.0,0.0,False,False,False
S025,corridor,inactive,101,1060000,0,PR1_HT1_EC0,No-EC,S025@corridor@inactive:i101:nsga2:s1060000:r0:PR1_HT1_EC0:a86ce6b22107,1efe1d1907c2fa4b02522f8fdf5dd2f7ca474637751fc5d683586fd07890f5aa,p0023,ecac52184f0c90b1,False,0.0,0.0,0.0,False,False,False
S025,corridor,inactive,101,1060000,0,PR1_HT1_EC0,No-EC,S025@corridor@inactive:i101:nsga2:s1060000:r0:PR1_HT1_EC0:a86ce6b22107,1efe1d1907c2fa4b02522f8fdf5dd2f7ca474637751fc5d683586fd07890f5aa,p0024,9eb27a6da5b1ba26,False,0.0,0.0,0.0,False,False,False
S025,corridor,inactive,101,1060000,0,PR1_HT1_EC0,No-EC,S025@corridor@inactive:i101:nsga2:s1060000:r0:PR1_HT1_EC0:a86ce6b22107,1efe1d1907c2fa4b02522f8fdf5dd2f7ca474637751fc5d683586fd07890f5aa,p0025,4ef2881dce43bf3e,False,0.0,0.0,0.0,False,False,False
S025,corridor,inactive,101,1060000,0,PR1_HT1_EC0,No-EC,S025@corridor@inactive:i101:nsga2:s1060000:r0:PR1_HT1_EC0:a86ce6b22107,1efe1d1907c2fa4b02522f8fdf5dd2f7ca474637751fc5d683586fd07890f5aa,p0026,4e91815dcc1a1ba7,False,0.0,0.0,0.0,False,False,False
S025,corridor,inactive,101,1060000,0,PR1_HT1_EC0,No-EC,S025@corridor@inactive:i101:nsga2:s1060000:r0:PR1_HT1_EC0:a86ce6b22107,1efe1d1907c2fa4b02522f8fdf5dd2f7ca474637751fc5d683586fd07890f5aa,p0027,177c5fb193fc59a5,False,0.0,0.0,0.0,False,False,False
S025,corridor,inactive,101,1060000,0,PR1_HT1_EC0,No-EC,S025@corridor@inactive:i101:nsga2:s1060000:r0:PR1_HT1_EC0:a86ce6b22107,1efe1d1907c2fa4b02522f8fdf5dd2f7ca474637751fc5d683586fd07890f5aa,p0028,4b855c6f0330cac9,False,0.0,0.0,0.0,False,False,False
S025,corridor,inactive,101,1060000,0,PR1_HT1_EC0,No-EC,S025@corridor@inactive:i101:nsga2:s1060000:r0:PR1_HT1_EC0:a86ce6b22107,1efe1d1907c2fa4b02522f8fdf5dd2f7ca474637751fc5d683586fd07890f5aa,p0029,a083044d8f78c210,False,0.0,0.0,0.0,False,False,False
S025,corridor,inactive,101,1060000,0,PR1_HT1_EC0,No-EC,S025@corridor@inactive:i101:nsga2:s1060000:r0:PR1_HT1_EC0:a86ce6b22107,1efe1d1907c2fa4b02522f8fdf5dd2f7ca474637751fc5d683586fd07890f5aa,p0030,4da2e6927f0da410,False,0.0,0.0,0.0,False,False,False
S025,corridor,inactive,101,1060000,0,PR1_HT1_EC0,No-EC,S025@corridor@inactive:i101:nsga2:s1060000:r0:PR1_HT1_EC0:a86ce6b22107,1efe1d1907c2fa4b02522f8fdf5dd2f7ca474637751fc5d683586fd07890f5aa,p0031,889fdbd3e2360614,False,0.0,0.0,0.0,False,False,False
S025,corridor,inactive,101,1060000,0,PR1_HT1_EC0,No-EC,S025@corridor@inactive:i101:nsga2:s1060000:r0:PR1_HT1_EC0:a86ce6b22107,1efe1d1907c2fa4b02522f8fdf5dd2f7ca474637751fc5d683586fd07890f5aa,p0032,b80b0f0dc69a5d8c,False,0.0,0.0,0.0,False,False,False
S025,corridor,inactive,101,1060000,0,PR1_HT1_EC0,No-EC,S025@corridor@inactive:i101:nsga2:s1060000:r0:PR1_HT1_EC0:a86ce6b22107,1efe1d1907c2fa4b02522f8fdf5dd2f7ca474637751fc5d683586fd07890f5aa,p0033,4afba8e246326d35,False,0.0,0.0,0.0,False,False,False
S025,corridor,inactive,101,1060000,0,PR1_HT1_EC0,No-EC,S025@corridor@inactive:i101:nsga2:s1060000:r0:PR1_HT1_EC0:a86ce6b22107,1efe1d1907c2fa4b02522f8fdf5dd2f7ca474637751fc5d683586fd07890f5aa,p0034,7e166ff977d9ef81,False,0.0,0.0,0.0,False,False,False
S025,corridor,inactive,101,1060000,0,PR1_HT1_EC0,No-EC,S025@corridor@inactive:i101:nsga2:s1060000:r0:PR1_HT1_EC0:a86ce6b22107,1efe1d1907c2fa4b02522f8fdf5dd2f7ca474637751fc5d683586fd07890f5aa,p0035,a9565a8beb63fdb9,False,0.0,0.0,0.0,False,False,False
S025,corridor,inactive,101,1060000,0,PR1_HT1_EC0,No-EC,S025@corridor@inactive:i101:nsga2:s1060000:r0:PR1_HT1_EC0:a86ce6b22107,1efe1d1907c2fa4b02522f8fdf5dd2f7ca474637751fc5d683586fd07890f5aa,p0036,1e9a8acae592f858,False,0.0,0.0,0.0,False,False,False
S025,corridor,inactive,101,1060000,0,PR1_HT1_EC0,No-EC,S025@corridor@inactive:i101:nsga2:s1060000:r0:PR1_HT1_EC0:a86ce6b22107,1efe1d1907c2fa4b02522f8fdf5dd2f7ca474637751fc5d683586fd07890f5aa,p0037,74047ea86277f249,False,0.0,0.0,0.0,False,False,False
S025,corridor,inactive,101,1060000,0,PR1_HT1_EC0,No-EC,S025@corridor@inactive:i101:nsga2:s1060000:r0:PR1_HT1_EC0:a86ce6b22107,1efe1d1907c2fa4b02522f8fdf5dd2f7ca474637751fc5d683586fd07890f5aa,p0038,3ed489cf05fa65aa,False,0.0,0.0,0.0,False,False,False
S025,corridor,inactive,101,1060000,0,PR1_HT1_EC0,No-EC,S025@corridor@inactive:i101:nsga2:s1060000:r0:PR1_HT1_EC0:a86ce6b22107,1efe1d1907c2fa4b02522f8fdf5dd2f7ca474637751fc5d683586fd07890f5aa,p0039,304958a71d22eccd,False,0.0,0.0,0.0,False,False,False
S025,corridor,inactive,101,1060000,0,PR1_HT1_EC0,No-EC,S025@corridor@inactive:i101:nsga2:s1060000:r0:PR1_HT1_EC0:a86ce6b22107,1efe1d1907c2fa4b02522f8fdf5dd2f7ca474637751fc5d683586fd07890f5aa,p0040,effcaf52c5d11abe,False,0.0,0.0,0.0,False,False,False
S025,corridor,inactive,101,1060000,0,PR1_HT1_EC1,Full,S025@corridor@inactive:i101:nsga2:s1060000:r0:PR1_HT1_EC1:936edd1f2272,1efe1d1907c2fa4b02522f8fdf5dd2f7ca474637751fc5d683586fd07890f5aa,p0001,17f5967e22085cf5,False,0.0,0.0,0.0,False,False,False
S025,corridor,inactive,101,1060000,0,PR1_HT1_EC1,Full,S025@corridor@inactive:i101:nsga2:s1060000:r0:PR1_HT1_EC1:936edd1f2272,1efe1d1907c2fa4b02522f8fdf5dd2f7ca474637751fc5d683586fd07890f5aa,p0002,f7b3d930cdf94093,False,0.0,0.0,0.0,False,False,False
S025,corridor,inactive,101,1060000,0,PR1_HT1_EC1,Full,S025@corridor@inactive:i101:nsga2:s1060000:r0:PR1_HT1_EC1:936edd1f2272,1efe1d1907c2fa4b02522f8fdf5dd2f7ca474637751fc5d683586fd07890f5aa,p0003,1cf0727b6e4aef4b,True,0.0,0.0,0.0,False,False,False
S025,corridor,inactive,101,1060000,0,PR1_HT1_EC1,Full,S025@corridor@inactive:i101:nsga2:s1060000:r0:PR1_HT1_EC1:936edd1f2272,1efe1d1907c2fa4b02522f8fdf5dd2f7ca474637751fc5d683586fd07890f5aa,p0004,c372f185ca3aab9f,False,0.0,0.0,0.0,False,False,False
S025,corridor,inactive,101,1060000,0,PR1_HT1_EC1,Full,S025@corridor@inactive:i101:nsga2:s1060000:r0:PR1_HT1_EC1:936edd1f2272,1efe1d1907c2fa4b02522f8fdf5dd2f7ca474637751fc5d683586fd07890f5aa,p0005,52a18a0c9bf3b6c7,False,0.0,0.0,0.0,False,False,False
S025,corridor,inactive,101,1060000,0,PR1_HT1_EC1,Full,S025@corridor@inactive:i101:nsga2:s1060000:r0:PR1_HT1_EC1:936edd1f2272,1efe1d1907c2fa4b02522f8fdf5dd2f7ca474637751fc5d683586fd07890f5aa,p0006,cefa1863f33f9578,False,0.0,0.0,0.0,False,False,False
S025,corridor,inactive,101,1060000,0,PR1_HT1_EC1,Full,S025@corridor@inactive:i101:nsga2:s1060000:r0:PR1_HT1_EC1:936edd1f2272,1efe1d1907c2fa4b02522f8fdf5dd2f7ca474637751fc5d683586fd07890f5aa,p0007,89c855ddcf0294ba,False,0.0,0.0,0.0,False,False,False
S025,corridor,inactive,101,1060000,0,PR1_HT1_EC1,Full,S025@corridor@inactive:i101:nsga2:s1060000:r0:PR1_HT1_EC1:936edd1f2272,1efe1d1907c2fa4b02522f8fdf5dd2f7ca474637751fc5d683586fd07890f5aa,p0008,994c553c480671f9,False,0.0,0.0,0.0,False,False,False
S025,corridor,inactive,101,1060000,0,PR1_HT1_EC1,Full,S025@corridor@inactive:i101:nsga2:s1060000:r0:PR1_HT1_EC1:936edd1f2272,1efe1d1907c2fa4b02522f8fdf5dd2f7ca474637751fc5d683586fd07890f5aa,p0009,b229ab1a27545f4d,False,0.0,0.0,0.0,False,False,False
S025,corridor,inactive,101,1060000,0,PR1_HT1_EC1,Full,S025@corridor@inactive:i101:nsga2:s1060000:r0:PR1_HT1_EC1:936edd1f2272,1efe1d1907c2fa4b02522f8fdf5dd2f7ca474637751fc5d683586fd07890f5aa,p0010,985dccd2a5c40ea5,False,0.0,0.0,0.0,False,False,False
S025,corridor,inactive,101,1060000,0,PR1_HT1_EC1,Full,S025@corridor@inactive:i101:nsga2:s1060000:r0:PR1_HT1_EC1:936edd1f2272,1efe1d1907c2fa4b02522f8fdf5dd2f7ca474637751fc5d683586fd07890f5aa,p0011,4b55a74c39476d0e,False,0.0,0.0,0.0,False,False,False
S025,corridor,inactive,101,1060000,0,PR1_HT1_EC1,Full,S025@corridor@inactive:i101:nsga2:s1060000:r0:PR1_HT1_EC1:936edd1f2272,1efe1d1907c2fa4b02522f8fdf5dd2f7ca474637751fc5d683586fd07890f5aa,p0012,1be58d91cec11329,False,0.0,0.0,0.0,False,False,False
S025,corridor,inactive,101,1060000,0,PR1_HT1_EC1,Full,S025@corridor@inactive:i101:nsga2:s1060000:r0:PR1_HT1_EC1:936edd1f2272,1efe1d1907c2fa4b02522f8fdf5dd2f7ca474637751fc5d683586fd07890f5aa,p0013,433ef2fb19b0298c,False,0.0,0.0,0.0,False,False,False
S025,corridor,inactive,101,1060000,0,PR1_HT1_EC1,Full,S025@corridor@inactive:i101:nsga2:s1060000:r0:PR1_HT1_EC1:936edd1f2272,1efe1d1907c2fa4b02522f8fdf5dd2f7ca474637751fc5d683586fd07890f5aa,p0014,44a77cee2e030ab5,False,0.0,0.0,0.0,False,False,False
S025,corridor,inactive,101,1060000,0,PR1_HT1_EC1,Full,S025@corridor@inactive:i101:nsga2:s1060000:r0:PR1_HT1_EC1:936edd1f2272,1efe1d1907c2fa4b02522f8fdf5dd2f7ca474637751fc5d683586fd07890f5aa,p0015,922e667a7d1455af,False,0.0,0.0,0.0,False,False,False
S025,corridor,inactive,101,1060000,0,PR1_HT1_EC1,Full,S025@corridor@inactive:i101:nsga2:s1060000:r0:PR1_HT1_EC1:936edd1f2272,1efe1d1907c2fa4b02522f8fdf5dd2f7ca474637751fc5d683586fd07890f5aa,p0016,b0289d5140841153,False,0.0,0.0,0.0,False,False,False
S025,corridor,inactive,101,1060000,0,PR1_HT1_EC1,Full,S025@corridor@inactive:i101:nsga2:s1060000:r0:PR1_HT1_EC1:936edd1f2272,1efe1d1907c2fa4b02522f8fdf5dd2f7ca474637751fc5d683586fd07890f5aa,p0017,34a711359985335f,False,0.0,0.0,0.0,False,False,False
S025,corridor,inactive,101,1060000,0,PR1_HT1_EC1,Full,S025@corridor@inactive:i101:nsga2:s1060000:r0:PR1_HT1_EC1:936edd1f2272,1efe1d1907c2fa4b02522f8fdf5dd2f7ca474637751fc5d683586fd07890f5aa,p0018,4dc9fa278cb9d15f,False,0.0,0.0,0.0,False,False,False
S025,corridor,inactive,101,1060000,0,PR1_HT1_EC1,Full,S025@corridor@inactive:i101:nsga2:s1060000:r0:PR1_HT1_EC1:936edd1f2272,1efe1d1907c2fa4b02522f8fdf5dd2f7ca474637751fc5d683586fd07890f5aa,p0019,99eff3763cb46d83,False,0.0,0.0,0.0,False,False,False
S025,corridor,inactive,101,1060000,0,PR1_HT1_EC1,Full,S025@corridor@inactive:i101:nsga2:s1060000:r0:PR1_HT1_EC1:936edd1f2272,1efe1d1907c2fa4b02522f8fdf5dd2f7ca474637751fc5d683586fd07890f5aa,p0020,ba3c8b4eb0d9487e,False,0.0,0.0,0.0,False,False,False
S025,corridor,inactive,101,1060000,0,PR1_HT1_EC1,Full,S025@corridor@inactive:i101:nsga2:s1060000:r0:PR1_HT1_EC1:936edd1f2272,1efe1d1907c2fa4b02522f8fdf5dd2f7ca474637751fc5d683586fd07890f5aa,p0021,8e6cff53446ca7ad,False,0.0,0.0,0.0,False,False,False
S025,corridor,inactive,101,1060000,0,PR1_HT1_EC1,Full,S025@corridor@inactive:i101:nsga2:s1060000:r0:PR1_HT1_EC1:936edd1f2272,1efe1d1907c2fa4b02522f8fdf5dd2f7ca474637751fc5d683586fd07890f5aa,p0022,1087cdc0e79eba39,False,0.0,0.0,0.0,False,False,False
S025,corridor,inactive,101,1060000,0,PR1_HT1_EC1,Full,S025@corridor@inactive:i101:nsga2:s1060000:r0:PR1_HT1_EC1:936edd1f2272,1efe1d1907c2fa4b02522f8fdf5dd2f7ca474637751fc5d683586fd07890f5aa,p0023,ecac52184f0c90b1,False,0.0,0.0,0.0,False,False,False
S025,corridor,inactive,101,1060000,0,PR1_HT1_EC1,Full,S025@corridor@inactive:i101:nsga2:s1060000:r0:PR1_HT1_EC1:936edd1f2272,1efe1d1907c2fa4b02522f8fdf5dd2f7ca474637751fc5d683586fd07890f5aa,p0024,9eb27a6da5b1ba26,False,0.0,0.0,0.0,False,False,False
S025,corridor,inactive,101,1060000,0,PR1_HT1_EC1,Full,S025@corridor@inactive:i101:nsga2:s1060000:r0:PR1_HT1_EC1:936edd1f2272,1efe1d1907c2fa4b02522f8fdf5dd2f7ca474637751fc5d683586fd07890f5aa,p0025,4ef2881dce43bf3e,False,0.0,0.0,0.0,False,False,False
S025,corridor,inactive,101,1060000,0,PR1_HT1_EC1,Full,S025@corridor@inactive:i101:nsga2:s1060000:r0:PR1_HT1_EC1:936edd1f2272,1efe1d1907c2fa4b02522f8fdf5dd2f7ca474637751fc5d683586fd07890f5aa,p0026,4e91815dcc1a1ba7,False,0.0,0.0,0.0,False,False,False
S025,corridor,inactive,101,1060000,0,PR1_HT1_EC1,Full,S025@corridor@inactive:i101:nsga2:s1060000:r0:PR1_HT1_EC1:936edd1f2272,1efe1d1907c2fa4b02522f8fdf5dd2f7ca474637751fc5d683586fd07890f5aa,p0027,177c5fb193fc59a5,False,0.0,0.0,0.0,False,False,False
S025,corridor,inactive,101,1060000,0,PR1_HT1_EC1,Full,S025@corridor@inactive:i101:nsga2:s1060000:r0:PR1_HT1_EC1:936edd1f2272,1efe1d1907c2fa4b02522f8fdf5dd2f7ca474637751fc5d683586fd07890f5aa,p0028,4b855c6f0330cac9,False,0.0,0.0,0.0,False,False,False
S025,corridor,inactive,101,1060000,0,PR1_HT1_EC1,Full,S025@corridor@inactive:i101:nsga2:s1060000:r0:PR1_HT1_EC1:936edd1f2272,1efe1d1907c2fa4b02522f8fdf5dd2f7ca474637751fc5d683586fd07890f5aa,p0029,a083044d8f78c210,False,0.0,0.0,0.0,False,False,False
S025,corridor,inactive,101,1060000,0,PR1_HT1_EC1,Full,S025@corridor@inactive:i101:nsga2:s1060000:r0:PR1_HT1_EC1:936edd1f2272,1efe1d1907c2fa4b02522f8fdf5dd2f7ca474637751fc5d683586fd07890f5aa,p0030,4da2e6927f0da410,False,0.0,0.0,0.0,False,False,False
S025,corridor,inactive,101,1060000,0,PR1_HT1_EC1,Full,S025@corridor@inactive:i101:nsga2:s1060000:r0:PR1_HT1_EC1:936edd1f2272,1efe1d1907c2fa4b02522f8fdf5dd2f7ca474637751fc5d683586fd07890f5aa,p0031,889fdbd3e2360614,False,0.0,0.0,0.0,False,False,False
S025,corridor,inactive,101,1060000,0,PR1_HT1_EC1,Full,S025@corridor@inactive:i101:nsga2:s1060000:r0:PR1_HT1_EC1:936edd1f2272,1efe1d1907c2fa4b02522f8fdf5dd2f7ca474637751fc5d683586fd07890f5aa,p0032,b80b0f0dc69a5d8c,False,0.0,0.0,0.0,False,False,False
S025,corridor,inactive,101,1060000,0,PR1_HT1_EC1,Full,S025@corridor@inactive:i101:nsga2:s1060000:r0:PR1_HT1_EC1:936edd1f2272,1efe1d1907c2fa4b02522f8fdf5dd2f7ca474637751fc5d683586fd07890f5aa,p0033,4afba8e246326d35,False,0.0,0.0,0.0,False,False,False
S025,corridor,inactive,101,1060000,0,PR1_HT1_EC1,Full,S025@corridor@inactive:i101:nsga2:s1060000:r0:PR1_HT1_EC1:936edd1f2272,1efe1d1907c2fa4b02522f8fdf5dd2f7ca474637751fc5d683586fd07890f5aa,p0034,7e166ff977d9ef81,False,0.0,0.0,0.0,False,False,False
S025,corridor,inactive,101,1060000,0,PR1_HT1_EC1,Full,S025@corridor@inactive:i101:nsga2:s1060000:r0:PR1_HT1_EC1:936edd1f2272,1efe1d1907c2fa4b02522f8fdf5dd2f7ca474637751fc5d683586fd07890f5aa,p0035,a9565a8beb63fdb9,False,0.0,0.0,0.0,False,False,False
S025,corridor,inactive,101,1060000,0,PR1_HT1_EC1,Full,S025@corridor@inactive:i101:nsga2:s1060000:r0:PR1_HT1_EC1:936edd1f2272,1efe1d1907c2fa4b02522f8fdf5dd2f7ca474637751fc5d683586fd07890f5aa,p0036,1e9a8acae592f858,False,0.0,0.0,0.0,False,False,False
S025,corridor,inactive,101,1060000,0,PR1_HT1_EC1,Full,S025@corridor@inactive:i101:nsga2:s1060000:r0:PR1_HT1_EC1:936edd1f2272,1efe1d1907c2fa4b02522f8fdf5dd2f7ca474637751fc5d683586fd07890f5aa,p0037,74047ea86277f249,False,0.0,0.0,0.0,False,False,False
S025,corridor,inactive,101,1060000,0,PR1_HT1_EC1,Full,S025@corridor@inactive:i101:nsga2:s1060000:r0:PR1_HT1_EC1:936edd1f2272,1efe1d1907c2fa4b02522f8fdf5dd2f7ca474637751fc5d683586fd07890f5aa,p0038,3ed489cf05fa65aa,False,0.0,0.0,0.0,False,False,False
S025,corridor,inactive,101,1060000,0,PR1_HT1_EC1,Full,S025@corridor@inactive:i101:nsga2:s1060000:r0:PR1_HT1_EC1:936edd1f2272,1efe1d1907c2fa4b02522f8fdf5dd2f7ca474637751fc5d683586fd07890f5aa,p0039,304958a71d22eccd,False,0.0,0.0,0.0,False,False,False
S025,corridor,inactive,101,1060000,0,PR1_HT1_EC1,Full,S025@corridor@inactive:i101:nsga2:s1060000:r0:PR1_HT1_EC1:936edd1f2272,1efe1d1907c2fa4b02522f8fdf5dd2f7ca474637751fc5d683586fd07890f5aa,p0040,effcaf52c5d11abe,False,0.0,0.0,0.0,False,False,False
S025,corridor,inactive,101,1060001,1,PR0_HT1_EC1,No-PR,S025@corridor@inactive:i101:nsga2:s1060001:r1:PR0_HT1_EC1:4033821e0b6c,1efe1d1907c2fa4b02522f8fdf5dd2f7ca474637751fc5d683586fd07890f5aa,p0001,b14bac020e17e995,True,-1.3564580328192495,2595.2727636153772,-0.33536585365853655,True,True,True
S025,corridor,inactive,101,1060001,1,PR0_HT1_EC1,No-PR,S025@corridor@inactive:i101:nsga2:s1060001:r1:PR0_HT1_EC1:4033821e0b6c,1efe1d1907c2fa4b02522f8fdf5dd2f7ca474637751fc5d683586fd07890f5aa,p0002,c388a08d78411e8f,False,-1.4870715749795957,2506.3636864582086,-0.4086878124743107,True,True,True
S025,corridor,inactive,101,1060001,1,PR0_HT1_EC1,No-PR,S025@corridor@inactive:i101:nsga2:s1060001:r1:PR0_HT1_EC1:4033821e0b6c,1efe1d1907c2fa4b02522f8fdf5dd2f7ca474637751fc5d683586fd07890f5aa,p0003,abf3ca00274b3a4f,False,-1.582990527424971,2421.7121908429694,-0.4410422176510243,True,True,True
S025,corridor,inactive,101,1060001,1,PR0_HT1_EC1,No-PR,S025@corridor@inactive:i101:nsga2:s1060001:r1:PR0_HT1_EC1:4033821e0b6c,1efe1d1907c2fa4b02522f8fdf5dd2f7ca474637751fc5d683586fd07890f5aa,p0004,74fa99b30781e79e,False,-1.5083444036613098,2373.2418179071437,-0.45120481927688155,True,True,True
S025,corridor,inactive,101,1060001,1,PR0_HT1_EC1,No-PR,S025@corridor@inactive:i101:nsga2:s1060001:r1:PR0_HT1_EC1:4033821e0b6c,1efe1d1907c2fa4b02522f8fdf5dd2f7ca474637751fc5d683586fd07890f5aa,p0005,96ff126027edab05,False,-1.5869804362956446,2355.812972038586,-0.48325610132833857,True,True,True
S025,corridor,inactive,101,1060001,1,PR0_HT1_EC1,No-PR,S025@corridor@inactive:i101:nsga2:s1060001:r1:PR0_HT1_EC1:4033821e0b6c,1efe1d1907c2fa4b02522f8fdf5dd2f7ca474637751fc5d683586fd07890f5aa,p0006,452e7f8196437f06,False,-1.4709255909766616,2486.688071160208,-0.4832561013284316,True,True,True
S025,corridor,inactive,101,1060001,1,PR0_HT1_EC1,No-PR,S025@corridor@inactive:i101:nsga2:s1060001:r1:PR0_HT1_EC1:4033821e0b6c,1efe1d1907c2fa4b02522f8fdf5dd2f7ca474637751fc5d683586fd07890f5aa,p0007,0496ab3f6df8adae,False,-1.5636268532215896,2429.624993980383,-0.5345381526103665,True,True,True
S025,corridor,inactive,101,1060001,1,PR0_HT1_EC1,No-PR,S025@corridor@inactive:i101:nsga2:s1060001:r1:PR0_HT1_EC1:4033821e0b6c,1efe1d1907c2fa4b02522f8fdf5dd2f7ca474637751fc5d683586fd07890f5aa,p0008,55c04d1839ce5782,False,-0.9279995042449984,2541.1383452934306,-0.35714285714285715,True,True,True
S025,corridor,inactive,101,1060001,1,PR0_HT1_EC1,No-PR,S025@corridor@inactive:i101:nsga2:s1060001:r1:PR0_HT1_EC1:4033821e0b6c,1efe1d1907c2fa4b02522f8fdf5dd2f7ca474637751fc5d683586fd07890f5aa,p0009,20e40bf09d821acd,False,-0.9385223100218312,2588.993159237826,-0.25641025641025644,True,True,True
S025,corridor,inactive,101,1060001,1,PR0_HT1_EC1,No-PR,S025@corridor@inactive:i101:nsga2:s1060001:r1:PR0_HT1_EC1:4033821e0b6c,1efe1d1907c2fa4b02522f8fdf5dd2f7ca474637751fc5d683586fd07890f5aa,p0010,6388b2ef0fb36fda,False,-0.9014702032709678,2596.930741155691,-0.3353658536585366,True,True,True
S025,corridor,inactive,101,1060001,1,PR0_HT1_EC1,No-PR,S025@corridor@inactive:i101:nsga2:s1060001:r1:PR0_HT1_EC1:4033821e0b6c,1efe1d1907c2fa4b02522f8fdf5dd2f7ca474637751fc5d683586fd07890f5aa,p0011,0d32533a9d523f30,False,-0.964271078192052,2587.2901266210542,-0.4573170731707317,True,True,True
S025,corridor,inactive,101,1060001,1,PR0_HT1_EC1,No-PR,S025@corridor@inactive:i101:nsga2:s1060001:r1:PR0_HT1_EC1:4033821e0b6c,1efe1d1907c2fa4b02522f8fdf5dd2f7ca474637751fc5d683586fd07890f5aa,p0012,395303fbeb3b49e2,False,-0.9882471523819802,2592.5361920425657,-0.4166666666666667,True,True,True
S025,corridor,inactive,101,1060001,1,PR0_HT1_EC1,No-PR,S025@corridor@inactive:i101:nsga2:s1060001:r1:PR0_HT1_EC1:4033821e0b6c,1efe1d1907c2fa4b02522f8fdf5dd2f7ca474637751fc5d683586fd07890f5aa,p0013,1681fe9e64c59eab,False,0.0,0.0,0.0,False,False,False
S025,corridor,inactive,101,1060001,1,PR1_HT0_EC1,No-HT,S025@corridor@inactive:i101:nsga2:s1060001:r1:PR1_HT0_EC1:6b766fe2ff8b,1efe1d1907c2fa4b02522f8fdf5dd2f7ca474637751fc5d683586fd07890f5aa,p0001,2f5eeafea146cb41,True,0.5207403042450984,933.5014587955884,0.0,True,True,False
S025,corridor,inactive,101,1060001,1,PR1_HT0_EC1,No-HT,S025@corridor@inactive:i101:nsga2:s1060001:r1:PR1_HT0_EC1:6b766fe2ff8b,1efe1d1907c2fa4b02522f8fdf5dd2f7ca474637751fc5d683586fd07890f5aa,p0002,e9b8465010da8d8f,False,0.38213974607316725,262.5426696038776,0.15243902439024393,True,True,True
S025,corridor,inactive,101,1060001,1,PR1_HT0_EC1,No-HT,S025@corridor@inactive:i101:nsga2:s1060001:r1:PR1_HT0_EC1:6b766fe2ff8b,1efe1d1907c2fa4b02522f8fdf5dd2f7ca474637751fc5d683586fd07890f5aa,p0003,550800f6a4f95905,False,0.36938147856841663,202.35572462849177,0.09146341463414642,True,True,True
S025,corridor,inactive,101,1060001,1,PR1_HT0_EC1,No-HT,S025@corridor@inactive:i101:nsga2:s1060001:r1:PR1_HT0_EC1:6b766fe2ff8b,1efe1d1907c2fa4b02522f8fdf5dd2f7ca474637751fc5d683586fd07890f5aa,p0004,b0487f2a2c0d17e9,False,0.45463913583548443,322.555485214868,0.19230769230769235,True,True,True
S025,corridor,inactive,101,1060001,1,PR1_HT0_EC1,No-HT,S025@corridor@inactive:i101:nsga2:s1060001:r1:PR1_HT0_EC1:6b766fe2ff8b,1efe1d1907c2fa4b02522f8fdf5dd2f7ca474637751fc5d683586fd07890f5aa,p0005,d85cd242d83ec4f6,False,0.28152085080624634,221.56513151900617,0.15243902439024387,True,True,True
S025,corridor,inactive,101,1060001,1,PR1_HT0_EC1,No-HT,S025@corridor@inactive:i101:nsga2:s1060001:r1:PR1_HT0_EC1:6b766fe2ff8b,1efe1d1907c2fa4b02522f8fdf5dd2f7ca474637751fc5d683586fd07890f5aa,p0006,ebba379988a46a6a,False,0.21249341274215539,262.3718576793581,0.10204081632653061,True,True,True
S025,corridor,inactive,101,1060001,1,PR1_HT0_EC1,No-HT,S025@corridor@inactive:i101:nsga2:s1060001:r1:PR1_HT0_EC1:6b766fe2ff8b,1efe1d1907c2fa4b02522f8fdf5dd2f7ca474637751fc5d683586fd07890f5aa,p0007,dd012f88d59f5aa9,False,0.3390244241731244,337.37034299225706,0.19230769230769235,True,True,True
S025,corridor,inactive,101,1060001,1,PR1_HT0_EC1,No-HT,S025@corridor@inactive:i101:nsga2:s1060001:r1:PR1_HT0_EC1:6b766fe2ff8b,1efe1d1907c2fa4b02522f8fdf5dd2f7ca474637751fc5d683586fd07890f5aa,p0008,a19c8611e1bd20c0,False,0.31319830601532583,-392.7242965196797,0.24390243902439024,True,True,True
S025,corridor,inactive,101,1060001,1,PR1_HT0_EC1,No-HT,S025@corridor@inactive:i101:nsga2:s1060001:r1:PR1_HT0_EC1:6b766fe2ff8b,1efe1d1907c2fa4b02522f8fdf5dd2f7ca474637751fc5d683586fd07890f5aa,p0009,6aa414b54d4fe7b6,False,0.290997976837553,-337.95754633020033,0.3333333333333333,True,True,True
S025,corridor,inactive,101,1060001,1,PR1_HT0_EC1,No-HT,S025@corridor@inactive:i101:nsga2:s1060001:r1:PR1_HT0_EC1:6b766fe2ff8b,1efe1d1907c2fa4b02522f8fdf5dd2f7ca474637751fc5d683586fd07890f5aa,p0010,0cef6c16997ca299,False,0.2846139526130598,291.7622984773052,0.16666666666666666,True,True,True
S025,corridor,inactive,101,1060001,1,PR1_HT0_EC1,No-HT,S025@corridor@inactive:i101:nsga2:s1060001:r1:PR1_HT0_EC1:6b766fe2ff8b,1efe1d1907c2fa4b02522f8fdf5dd2f7ca474637751fc5d683586fd07890f5aa,p0011,87353c59dd51e07d,False,0.3459030677601467,-212.64868789350749,0.32051282051282054,True,True,True
S025,corridor,inactive,101,1060001,1,PR1_HT0_EC1,No-HT,S025@corridor@inactive:i101:nsga2:s1060001:r1:PR1_HT0_EC1:6b766fe2ff8b,1efe1d1907c2fa4b02522f8fdf5dd2f7ca474637751fc5d683586fd07890f5aa,p0012,58f5dc06ea458e23,False,0.22221506841450722,19.364094168221527,0.2806122448979592,True,True,True
S025,corridor,inactive,101,1060001,1,PR1_HT0_EC1,No-HT,S025@corridor@inactive:i101:nsga2:s1060001:r1:PR1_HT0_EC1:6b766fe2ff8b,1efe1d1907c2fa4b02522f8fdf5dd2f7ca474637751fc5d683586fd07890f5aa,p0013,7548e2eee507e65c,False,0.26395103147463583,-260.3293724735081,0.21341463414634146,True,True,True
S025,corridor,inactive,101,1060001,1,PR1_HT0_EC1,No-HT,S025@corridor@inactive:i101:nsga2:s1060001:r1:PR1_HT0_EC1:6b766fe2ff8b,1efe1d1907c2fa4b02522f8fdf5dd2f7ca474637751fc5d683586fd07890f5aa,p0014,e1d6919dcadc6af1,False,0.2915084210425887,-210.60937035447023,0.3048780487804878,True,True,True
S025,corridor,inactive,101,1060001,1,PR1_HT0_EC1,No-HT,S025@corridor@inactive:i101:nsga2:s1060001:r1:PR1_HT0_EC1:6b766fe2ff8b,1efe1d1907c2fa4b02522f8fdf5dd2f7ca474637751fc5d683586fd07890f5aa,p0015,1bb034a6f597e674,False,0.34537790514739264,-158.39716909014942,0.2564102564102564,True,True,True
S025,corridor,inactive,101,1060001,1,PR1_HT0_EC1,No-HT,S025@corridor@inactive:i101:nsga2:s1060001:r1:PR1_HT0_EC1:6b766fe2ff8b,1efe1d1907c2fa4b02522f8fdf5dd2f7ca474637751fc5d683586fd07890f5aa,p0016,36b625df1bfced3d,False,0.346637181755308,-212.6486878935084,0.25,True,True,True
S025,corridor,inactive,101,1060001,1,PR1_HT0_EC1,No-HT,S025@corridor@inactive:i101:nsga2:s1060001:r1:PR1_HT0_EC1:6b766fe2ff8b,1efe1d1907c2fa4b02522f8fdf5dd2f7ca474637751fc5d683586fd07890f5aa,p0017,4f9eb20ef5853095,False,0.3495435502252029,-158.39716909014942,0.25,True,True,True
S025,corridor,inactive,101,1060001,1,PR1_HT0_EC1,No-HT,S025@corridor@inactive:i101:nsga2:s1060001:r1:PR1_HT0_EC1:6b766fe2ff8b,1efe1d1907c2fa4b02522f8fdf5dd2f7ca474637751fc5d683586fd07890f5aa,p0018,ec7f0a8d72af6bb5,False,0.21402060929602662,-253.93266761454515,0.18292682926829268,True,True,True
S025,corridor,inactive,101,1060001,1,PR1_HT0_EC1,No-HT,S025@corridor@inactive:i101:nsga2:s1060001:r1:PR1_HT0_EC1:6b766fe2ff8b,1efe1d1907c2fa4b02522f8fdf5dd2f7ca474637751fc5d683586fd07890f5aa,p0019,002f1c5baf5ade5a,False,0.16587737185765938,245.9529570309569,0.16666666666666666,True,True,True
S025,corridor,inactive,101,1060001,1,PR1_HT0_EC1,No-HT,S025@corridor@inactive:i101:nsga2:s1060001:r1:PR1_HT0_EC1:6b766fe2ff8b,1efe1d1907c2fa4b02522f8fdf5dd2f7ca474637751fc5d683586fd07890f5aa,p0020,55886cbb6111637e,False,0.3041625340852736,-121.84884050396386,0.08333333333333333,True,True,True
S025,corridor,inactive,101,1060001,1,PR1_HT0_EC1,No-HT,S025@corridor@inactive:i101:nsga2:s1060001:r1:PR1_HT0_EC1:6b766fe2ff8b,1efe1d1907c2fa4b02522f8fdf5dd2f7ca474637751fc5d683586fd07890f5aa,p0021,4d257909c7bc4ef6,False,0.0,0.0,0.0,False,False,False
S025,corridor,inactive,101,1060001,1,PR1_HT0_EC1,No-HT,S025@corridor@inactive:i101:nsga2:s1060001:r1:PR1_HT0_EC1:6b766fe2ff8b,1efe1d1907c2fa4b02522f8fdf5dd2f7ca474637751fc5d683586fd07890f5aa,p0022,249f00f6f38491d0,False,0.05981372297677012,-73.05949537917195,0.0,True,True,False
S025,corridor,inactive,101,1060001,1,PR1_HT0_EC1,No-HT,S025@corridor@inactive:i101:nsga2:s1060001:r1:PR1_HT0_EC1:6b766fe2ff8b,1efe1d1907c2fa4b02522f8fdf5dd2f7ca474637751fc5d683586fd07890f5aa,p0023,9f1e2cccffed09ce,False,0.12550329490162948,334.1982554953429,0.0,True,True,False
S025,corridor,inactive,101,1060001,1,PR1_HT0_EC1,No-HT,S025@corridor@inactive:i101:nsga2:s1060001:r1:PR1_HT0_EC1:6b766fe2ff8b,1efe1d1907c2fa4b02522f8fdf5dd2f7ca474637751fc5d683586fd07890f5aa,p0024,11f28eea52c77ef2,False,0.10653152030215018,336.7528044205012,0.0,True,True,False
S025,corridor,inactive,101,1060001,1,PR1_HT0_EC1,No-HT,S025@corridor@inactive:i101:nsga2:s1060001:r1:PR1_HT0_EC1:6b766fe2ff8b,1efe1d1907c2fa4b02522f8fdf5dd2f7ca474637751fc5d683586fd07890f5aa,p0025,7a0b61b0693d075c,False,0.09550475923765056,364.6490023516312,0.0,True,True,False
S025,corridor,inactive,101,1060001,1,PR1_HT0_EC1,No-HT,S025@corridor@inactive:i101:nsga2:s1060001:r1:PR1_HT0_EC1:6b766fe2ff8b,1efe1d1907c2fa4b02522f8fdf5dd2f7ca474637751fc5d683586fd07890f5aa,p0026,827cd90dee2c4e31,False,0.08737026939781956,334.1982554953429,0.0,True,True,False
S025,corridor,inactive,101,1060001,1,PR1_HT0_EC1,No-HT,S025@corridor@inactive:i101:nsga2:s1060001:r1:PR1_HT0_EC1:6b766fe2ff8b,1efe1d1907c2fa4b02522f8fdf5dd2f7ca474637751fc5d683586fd07890f5aa,p0027,4ed62a57e988a261,False,0.04345650077483665,47.003297636009165,0.0,True,True,False
S025,corridor,inactive,101,1060001,1,PR1_HT0_EC1,No-HT,S025@corridor@inactive:i101:nsga2:s1060001:r1:PR1_HT0_EC1:6b766fe2ff8b,1efe1d1907c2fa4b02522f8fdf5dd2f7ca474637751fc5d683586fd07890f5aa,p0028,0c170259c81589c7,False,0.10715791965101218,304.5643645618809,0.0,True,True,False
S025,corridor,inactive,101,1060001,1,PR1_HT0_EC1,No-HT,S025@corridor@inactive:i101:nsga2:s1060001:r1:PR1_HT0_EC1:6b766fe2ff8b,1efe1d1907c2fa4b02522f8fdf5dd2f7ca474637751fc5d683586fd07890f5aa,p0029,7ca4a8245c45f575,False,0.057647001379174334,-1.7030326167721341,0.0,True,True,False
S025,corridor,inactive,101,1060001,1,PR1_HT1_EC0,No-EC,S025@corridor@inactive:i101:nsga2:s1060001:r1:PR1_HT1_EC0:8bbc9a1f3321,1efe1d1907c2fa4b02522f8fdf5dd2f7ca474637751fc5d683586fd07890f5aa,p0001,cde6c0b29343e286,True,0.0,0.0,0.0,False,False,False
S025,corridor,inactive,101,1060001,1,PR1_HT1_EC0,No-EC,S025@corridor@inactive:i101:nsga2:s1060001:r1:PR1_HT1_EC0:8bbc9a1f3321,1efe1d1907c2fa4b02522f8fdf5dd2f7ca474637751fc5d683586fd07890f5aa,p0002,d7d8f4216d54b61f,False,0.0,0.0,0.0,False,False,False
S025,corridor,inactive,101,1060001,1,PR1_HT1_EC0,No-EC,S025@corridor@inactive:i101:nsga2:s1060001:r1:PR1_HT1_EC0:8bbc9a1f3321,1efe1d1907c2fa4b02522f8fdf5dd2f7ca474637751fc5d683586fd07890f5aa,p0003,468011bdc9e2de6a,False,0.0,0.0,0.0,False,False,False
S025,corridor,inactive,101,1060001,1,PR1_HT1_EC0,No-EC,S025@corridor@inactive:i101:nsga2:s1060001:r1:PR1_HT1_EC0:8bbc9a1f3321,1efe1d1907c2fa4b02522f8fdf5dd2f7ca474637751fc5d683586fd07890f5aa,p0004,a04955248dc4d9f6,False,0.0,0.0,0.0,False,False,False
S025,corridor,inactive,101,1060001,1,PR1_HT1_EC0,No-EC,S025@corridor@inactive:i101:nsga2:s1060001:r1:PR1_HT1_EC0:8bbc9a1f3321,1efe1d1907c2fa4b02522f8fdf5dd2f7ca474637751fc5d683586fd07890f5aa,p0005,40101ead267182f7,False,0.0,0.0,0.0,False,False,False
S025,corridor,inactive,101,1060001,1,PR1_HT1_EC0,No-EC,S025@corridor@inactive:i101:nsga2:s1060001:r1:PR1_HT1_EC0:8bbc9a1f3321,1efe1d1907c2fa4b02522f8fdf5dd2f7ca474637751fc5d683586fd07890f5aa,p0006,c074bb4f3b1fdc02,False,0.0,0.0,0.0,False,False,False
S025,corridor,inactive,101,1060001,1,PR1_HT1_EC0,No-EC,S025@corridor@inactive:i101:nsga2:s1060001:r1:PR1_HT1_EC0:8bbc9a1f3321,1efe1d1907c2fa4b02522f8fdf5dd2f7ca474637751fc5d683586fd07890f5aa,p0007,b4a2b042dad81920,False,0.0,0.0,0.0,False,False,False
S025,corridor,inactive,101,1060001,1,PR1_HT1_EC0,No-EC,S025@corridor@inactive:i101:nsga2:s1060001:r1:PR1_HT1_EC0:8bbc9a1f3321,1efe1d1907c2fa4b02522f8fdf5dd2f7ca474637751fc5d683586fd07890f5aa,p0008,6dfa80e04e5919d7,False,0.0,0.0,0.0,False,False,False
S025,corridor,inactive,101,1060001,1,PR1_HT1_EC0,No-EC,S025@corridor@inactive:i101:nsga2:s1060001:r1:PR1_HT1_EC0:8bbc9a1f3321,1efe1d1907c2fa4b02522f8fdf5dd2f7ca474637751fc5d683586fd07890f5aa,p0009,067792ec464a0150,False,0.0,0.0,0.0,False,False,False
S025,corridor,inactive,101,1060001,1,PR1_HT1_EC0,No-EC,S025@corridor@inactive:i101:nsga2:s1060001:r1:PR1_HT1_EC0:8bbc9a1f3321,1efe1d1907c2fa4b02522f8fdf5dd2f7ca474637751fc5d683586fd07890f5aa,p0010,b16a9496cdb03dea,False,0.0,0.0,0.0,False,False,False
S025,corridor,inactive,101,1060001,1,PR1_HT1_EC0,No-EC,S025@corridor@inactive:i101:nsga2:s1060001:r1:PR1_HT1_EC0:8bbc9a1f3321,1efe1d1907c2fa4b02522f8fdf5dd2f7ca474637751fc5d683586fd07890f5aa,p0011,23d5b91228933f15,False,0.0,0.0,0.0,False,False,False
S025,corridor,inactive,101,1060001,1,PR1_HT1_EC0,No-EC,S025@corridor@inactive:i101:nsga2:s1060001:r1:PR1_HT1_EC0:8bbc9a1f3321,1efe1d1907c2fa4b02522f8fdf5dd2f7ca474637751fc5d683586fd07890f5aa,p0012,be015661f313f078,False,0.0,0.0,0.0,False,False,False
S025,corridor,inactive,101,1060001,1,PR1_HT1_EC0,No-EC,S025@corridor@inactive:i101:nsga2:s1060001:r1:PR1_HT1_EC0:8bbc9a1f3321,1efe1d1907c2fa4b02522f8fdf5dd2f7ca474637751fc5d683586fd07890f5aa,p0013,339a15a8a6ef7f92,False,0.0,0.0,0.0,False,False,False
S025,corridor,inactive,101,1060001,1,PR1_HT1_EC0,No-EC,S025@corridor@inactive:i101:nsga2:s1060001:r1:PR1_HT1_EC0:8bbc9a1f3321,1efe1d1907c2fa4b02522f8fdf5dd2f7ca474637751fc5d683586fd07890f5aa,p0014,76aa89236e78ebea,False,0.0,0.0,0.0,False,False,False
S025,corridor,inactive,101,1060001,1,PR1_HT1_EC0,No-EC,S025@corridor@inactive:i101:nsga2:s1060001:r1:PR1_HT1_EC0:8bbc9a1f3321,1efe1d1907c2fa4b02522f8fdf5dd2f7ca474637751fc5d683586fd07890f5aa,p0015,e9e21ac184db1498,False,0.0,0.0,0.0,False,False,False
S025,corridor,inactive,101,1060001,1,PR1_HT1_EC0,No-EC,S025@corridor@inactive:i101:nsga2:s1060001:r1:PR1_HT1_EC0:8bbc9a1f3321,1efe1d1907c2fa4b02522f8fdf5dd2f7ca474637751fc5d683586fd07890f5aa,p0016,7912670dc5fbb7ed,False,0.0,0.0,0.0,False,False,False
S025,corridor,inactive,101,1060001,1,PR1_HT1_EC0,No-EC,S025@corridor@inactive:i101:nsga2:s1060001:r1:PR1_HT1_EC0:8bbc9a1f3321,1efe1d1907c2fa4b02522f8fdf5dd2f7ca474637751fc5d683586fd07890f5aa,p0017,637d492448999406,False,0.0,0.0,0.0,False,False,False
S025,corridor,inactive,101,1060001,1,PR1_HT1_EC0,No-EC,S025@corridor@inactive:i101:nsga2:s1060001:r1:PR1_HT1_EC0:8bbc9a1f3321,1efe1d1907c2fa4b02522f8fdf5dd2f7ca474637751fc5d683586fd07890f5aa,p0018,84819052b6e41a5b,False,0.0,0.0,0.0,False,False,False
S025,corridor,inactive,101,1060001,1,PR1_HT1_EC0,No-EC,S025@corridor@inactive:i101:nsga2:s1060001:r1:PR1_HT1_EC0:8bbc9a1f3321,1efe1d1907c2fa4b02522f8fdf5dd2f7ca474637751fc5d683586fd07890f5aa,p0019,575f7d9b64b6f811,False,0.0,0.0,0.0,False,False,False
S025,corridor,inactive,101,1060001,1,PR1_HT1_EC0,No-EC,S025@corridor@inactive:i101:nsga2:s1060001:r1:PR1_HT1_EC0:8bbc9a1f3321,1efe1d1907c2fa4b02522f8fdf5dd2f7ca474637751fc5d683586fd07890f5aa,p0020,26ac73063e9d7d56,False,0.0,0.0,0.0,False,False,False
S025,corridor,inactive,101,1060001,1,PR1_HT1_EC0,No-EC,S025@corridor@inactive:i101:nsga2:s1060001:r1:PR1_HT1_EC0:8bbc9a1f3321,1efe1d1907c2fa4b02522f8fdf5dd2f7ca474637751fc5d683586fd07890f5aa,p0021,2c549ce1f8669e9d,False,0.0,0.0,0.0,False,False,False
S025,corridor,inactive,101,1060001,1,PR1_HT1_EC0,No-EC,S025@corridor@inactive:i101:nsga2:s1060001:r1:PR1_HT1_EC0:8bbc9a1f3321,1efe1d1907c2fa4b02522f8fdf5dd2f7ca474637751fc5d683586fd07890f5aa,p0022,fc9737bacfc850e2,False,0.0,0.0,0.0,False,False,False
S025,corridor,inactive,101,1060001,1,PR1_HT1_EC0,No-EC,S025@corridor@inactive:i101:nsga2:s1060001:r1:PR1_HT1_EC0:8bbc9a1f3321,1efe1d1907c2fa4b02522f8fdf5dd2f7ca474637751fc5d683586fd07890f5aa,p0023,aaf842450f2bc341,False,0.0,0.0,0.0,False,False,False
S025,corridor,inactive,101,1060001,1,PR1_HT1_EC0,No-EC,S025@corridor@inactive:i101:nsga2:s1060001:r1:PR1_HT1_EC0:8bbc9a1f3321,1efe1d1907c2fa4b02522f8fdf5dd2f7ca474637751fc5d683586fd07890f5aa,p0024,3a200aac0cabf280,False,0.0,0.0,0.0,False,False,False
S025,corridor,inactive,101,1060001,1,PR1_HT1_EC0,No-EC,S025@corridor@inactive:i101:nsga2:s1060001:r1:PR1_HT1_EC0:8bbc9a1f3321,1efe1d1907c2fa4b02522f8fdf5dd2f7ca474637751fc5d683586fd07890f5aa,p0025,1946b47b0a378817,False,0.0,0.0,0.0,False,False,False
S025,corridor,inactive,101,1060001,1,PR1_HT1_EC0,No-EC,S025@corridor@inactive:i101:nsga2:s1060001:r1:PR1_HT1_EC0:8bbc9a1f3321,1efe1d1907c2fa4b02522f8fdf5dd2f7ca474637751fc5d683586fd07890f5aa,p0026,aa19ecd037343251,False,0.0,0.0,0.0,False,False,False
S025,corridor,inactive,101,1060001,1,PR1_HT1_EC0,No-EC,S025@corridor@inactive:i101:nsga2:s1060001:r1:PR1_HT1_EC0:8bbc9a1f3321,1efe1d1907c2fa4b02522f8fdf5dd2f7ca474637751fc5d683586fd07890f5aa,p0027,043aa8b9d211db22,False,0.0,0.0,0.0,False,False,False
S025,corridor,inactive,101,1060001,1,PR1_HT1_EC0,No-EC,S025@corridor@inactive:i101:nsga2:s1060001:r1:PR1_HT1_EC0:8bbc9a1f3321,1efe1d1907c2fa4b02522f8fdf5dd2f7ca474637751fc5d683586fd07890f5aa,p0028,947386b43aadff72,False,0.0,0.0,0.0,False,False,False
S025,corridor,inactive,101,1060001,1,PR1_HT1_EC0,No-EC,S025@corridor@inactive:i101:nsga2:s1060001:r1:PR1_HT1_EC0:8bbc9a1f3321,1efe1d1907c2fa4b02522f8fdf5dd2f7ca474637751fc5d683586fd07890f5aa,p0029,8ce9b0c32db37d16,False,0.0,0.0,0.0,False,False,False
S025,corridor,inactive,101,1060001,1,PR1_HT1_EC0,No-EC,S025@corridor@inactive:i101:nsga2:s1060001:r1:PR1_HT1_EC0:8bbc9a1f3321,1efe1d1907c2fa4b02522f8fdf5dd2f7ca474637751fc5d683586fd07890f5aa,p0030,5158fd3aa05e6f2d,False,0.0,0.0,0.0,False,False,False
S025,corridor,inactive,101,1060001,1,PR1_HT1_EC0,No-EC,S025@corridor@inactive:i101:nsga2:s1060001:r1:PR1_HT1_EC0:8bbc9a1f3321,1efe1d1907c2fa4b02522f8fdf5dd2f7ca474637751fc5d683586fd07890f5aa,p0031,d6a9e3ba52323427,False,0.0,0.0,0.0,False,False,False
S025,corridor,inactive,101,1060001,1,PR1_HT1_EC0,No-EC,S025@corridor@inactive:i101:nsga2:s1060001:r1:PR1_HT1_EC0:8bbc9a1f3321,1efe1d1907c2fa4b02522f8fdf5dd2f7ca474637751fc5d683586fd07890f5aa,p0032,f2aa96908f6d8998,False,0.0,0.0,0.0,False,False,False
S025,corridor,inactive,101,1060001,1,PR1_HT1_EC0,No-EC,S025@corridor@inactive:i101:nsga2:s1060001:r1:PR1_HT1_EC0:8bbc9a1f3321,1efe1d1907c2fa4b02522f8fdf5dd2f7ca474637751fc5d683586fd07890f5aa,p0033,8d5a63dcd227d2d2,False,0.0,0.0,0.0,False,False,False
S025,corridor,inactive,101,1060001,1,PR1_HT1_EC0,No-EC,S025@corridor@inactive:i101:nsga2:s1060001:r1:PR1_HT1_EC0:8bbc9a1f3321,1efe1d1907c2fa4b02522f8fdf5dd2f7ca474637751fc5d683586fd07890f5aa,p0034,095f1a4c37cef303,False,0.0,0.0,0.0,False,False,False
S025,corridor,inactive,101,1060001,1,PR1_HT1_EC0,No-EC,S025@corridor@inactive:i101:nsga2:s1060001:r1:PR1_HT1_EC0:8bbc9a1f3321,1efe1d1907c2fa4b02522f8fdf5dd2f7ca474637751fc5d683586fd07890f5aa,p0035,ebfe678f1d3ea05d,False,0.0,0.0,0.0,False,False,False
S025,corridor,inactive,101,1060001,1,PR1_HT1_EC0,No-EC,S025@corridor@inactive:i101:nsga2:s1060001:r1:PR1_HT1_EC0:8bbc9a1f3321,1efe1d1907c2fa4b02522f8fdf5dd2f7ca474637751fc5d683586fd07890f5aa,p0036,8639fedc8a1c58a1,False,0.0,0.0,0.0,False,False,False
S025,corridor,inactive,101,1060001,1,PR1_HT1_EC0,No-EC,S025@corridor@inactive:i101:nsga2:s1060001:r1:PR1_HT1_EC0:8bbc9a1f3321,1efe1d1907c2fa4b02522f8fdf5dd2f7ca474637751fc5d683586fd07890f5aa,p0037,a22e679368923521,False,0.0,0.0,0.0,False,False,False
S025,corridor,inactive,101,1060001,1,PR1_HT1_EC0,No-EC,S025@corridor@inactive:i101:nsga2:s1060001:r1:PR1_HT1_EC0:8bbc9a1f3321,1efe1d1907c2fa4b02522f8fdf5dd2f7ca474637751fc5d683586fd07890f5aa,p0038,3dadf5e3f47ea6ef,False,0.0,0.0,0.0,False,False,False
S025,corridor,inactive,101,1060001,1,PR1_HT1_EC0,No-EC,S025@corridor@inactive:i101:nsga2:s1060001:r1:PR1_HT1_EC0:8bbc9a1f3321,1efe1d1907c2fa4b02522f8fdf5dd2f7ca474637751fc5d683586fd07890f5aa,p0039,3a9af4cd4ff90ef9,False,0.0,0.0,0.0,False,False,False
S025,corridor,inactive,101,1060001,1,PR1_HT1_EC1,Full,S025@corridor@inactive:i101:nsga2:s1060001:r1:PR1_HT1_EC1:67564d14e5f7,1efe1d1907c2fa4b02522f8fdf5dd2f7ca474637751fc5d683586fd07890f5aa,p0001,cde6c0b29343e286,True,0.0,0.0,0.0,False,False,False
S025,corridor,inactive,101,1060001,1,PR1_HT1_EC1,Full,S025@corridor@inactive:i101:nsga2:s1060001:r1:PR1_HT1_EC1:67564d14e5f7,1efe1d1907c2fa4b02522f8fdf5dd2f7ca474637751fc5d683586fd07890f5aa,p0002,d7d8f4216d54b61f,False,0.0,0.0,0.0,False,False,False
S025,corridor,inactive,101,1060001,1,PR1_HT1_EC1,Full,S025@corridor@inactive:i101:nsga2:s1060001:r1:PR1_HT1_EC1:67564d14e5f7,1efe1d1907c2fa4b02522f8fdf5dd2f7ca474637751fc5d683586fd07890f5aa,p0003,468011bdc9e2de6a,False,0.0,0.0,0.0,False,False,False
S025,corridor,inactive,101,1060001,1,PR1_HT1_EC1,Full,S025@corridor@inactive:i101:nsga2:s1060001:r1:PR1_HT1_EC1:67564d14e5f7,1efe1d1907c2fa4b02522f8fdf5dd2f7ca474637751fc5d683586fd07890f5aa,p0004,a04955248dc4d9f6,False,0.0,0.0,0.0,False,False,False
S025,corridor,inactive,101,1060001,1,PR1_HT1_EC1,Full,S025@corridor@inactive:i101:nsga2:s1060001:r1:PR1_HT1_EC1:67564d14e5f7,1efe1d1907c2fa4b02522f8fdf5dd2f7ca474637751fc5d683586fd07890f5aa,p0005,40101ead267182f7,False,0.0,0.0,0.0,False,False,False
S025,corridor,inactive,101,1060001,1,PR1_HT1_EC1,Full,S025@corridor@inactive:i101:nsga2:s1060001:r1:PR1_HT1_EC1:67564d14e5f7,1efe1d1907c2fa4b02522f8fdf5dd2f7ca474637751fc5d683586fd07890f5aa,p0006,c074bb4f3b1fdc02,False,0.0,0.0,0.0,False,False,False
S025,corridor,inactive,101,1060001,1,PR1_HT1_EC1,Full,S025@corridor@inactive:i101:nsga2:s1060001:r1:PR1_HT1_EC1:67564d14e5f7,1efe1d1907c2fa4b02522f8fdf5dd2f7ca474637751fc5d683586fd07890f5aa,p0007,b4a2b042dad81920,False,0.0,0.0,0.0,False,False,False
S025,corridor,inactive,101,1060001,1,PR1_HT1_EC1,Full,S025@corridor@inactive:i101:nsga2:s1060001:r1:PR1_HT1_EC1:67564d14e5f7,1efe1d1907c2fa4b02522f8fdf5dd2f7ca474637751fc5d683586fd07890f5aa,p0008,6dfa80e04e5919d7,False,0.0,0.0,0.0,False,False,False
S025,corridor,inactive,101,1060001,1,PR1_HT1_EC1,Full,S025@corridor@inactive:i101:nsga2:s1060001:r1:PR1_HT1_EC1:67564d14e5f7,1efe1d1907c2fa4b02522f8fdf5dd2f7ca474637751fc5d683586fd07890f5aa,p0009,067792ec464a0150,False,0.0,0.0,0.0,False,False,False
S025,corridor,inactive,101,1060001,1,PR1_HT1_EC1,Full,S025@corridor@inactive:i101:nsga2:s1060001:r1:PR1_HT1_EC1:67564d14e5f7,1efe1d1907c2fa4b02522f8fdf5dd2f7ca474637751fc5d683586fd07890f5aa,p0010,b16a9496cdb03dea,False,0.0,0.0,0.0,False,False,False
S025,corridor,inactive,101,1060001,1,PR1_HT1_EC1,Full,S025@corridor@inactive:i101:nsga2:s1060001:r1:PR1_HT1_EC1:67564d14e5f7,1efe1d1907c2fa4b02522f8fdf5dd2f7ca474637751fc5d683586fd07890f5aa,p0011,23d5b91228933f15,False,0.0,0.0,0.0,False,False,False
S025,corridor,inactive,101,1060001,1,PR1_HT1_EC1,Full,S025@corridor@inactive:i101:nsga2:s1060001:r1:PR1_HT1_EC1:67564d14e5f7,1efe1d1907c2fa4b02522f8fdf5dd2f7ca474637751fc5d683586fd07890f5aa,p0012,be015661f313f078,False,0.0,0.0,0.0,False,False,False
S025,corridor,inactive,101,1060001,1,PR1_HT1_EC1,Full,S025@corridor@inactive:i101:nsga2:s1060001:r1:PR1_HT1_EC1:67564d14e5f7,1efe1d1907c2fa4b02522f8fdf5dd2f7ca474637751fc5d683586fd07890f5aa,p0013,339a15a8a6ef7f92,False,0.0,0.0,0.0,False,False,False
S025,corridor,inactive,101,1060001,1,PR1_HT1_EC1,Full,S025@corridor@inactive:i101:nsga2:s1060001:r1:PR1_HT1_EC1:67564d14e5f7,1efe1d1907c2fa4b02522f8fdf5dd2f7ca474637751fc5d683586fd07890f5aa,p0014,76aa89236e78ebea,False,0.0,0.0,0.0,False,False,False
S025,corridor,inactive,101,1060001,1,PR1_HT1_EC1,Full,S025@corridor@inactive:i101:nsga2:s1060001:r1:PR1_HT1_EC1:67564d14e5f7,1efe1d1907c2fa4b02522f8fdf5dd2f7ca474637751fc5d683586fd07890f5aa,p0015,e9e21ac184db1498,False,0.0,0.0,0.0,False,False,False
S025,corridor,inactive,101,1060001,1,PR1_HT1_EC1,Full,S025@corridor@inactive:i101:nsga2:s1060001:r1:PR1_HT1_EC1:67564d14e5f7,1efe1d1907c2fa4b02522f8fdf5dd2f7ca474637751fc5d683586fd07890f5aa,p0016,7912670dc5fbb7ed,False,0.0,0.0,0.0,False,False,False
S025,corridor,inactive,101,1060001,1,PR1_HT1_EC1,Full,S025@corridor@inactive:i101:nsga2:s1060001:r1:PR1_HT1_EC1:67564d14e5f7,1efe1d1907c2fa4b02522f8fdf5dd2f7ca474637751fc5d683586fd07890f5aa,p0017,637d492448999406,False,0.0,0.0,0.0,False,False,False
S025,corridor,inactive,101,1060001,1,PR1_HT1_EC1,Full,S025@corridor@inactive:i101:nsga2:s1060001:r1:PR1_HT1_EC1:67564d14e5f7,1efe1d1907c2fa4b02522f8fdf5dd2f7ca474637751fc5d683586fd07890f5aa,p0018,84819052b6e41a5b,False,0.0,0.0,0.0,False,False,False
S025,corridor,inactive,101,1060001,1,PR1_HT1_EC1,Full,S025@corridor@inactive:i101:nsga2:s1060001:r1:PR1_HT1_EC1:67564d14e5f7,1efe1d1907c2fa4b02522f8fdf5dd2f7ca474637751fc5d683586fd07890f5aa,p0019,575f7d9b64b6f811,False,0.0,0.0,0.0,False,False,False
S025,corridor,inactive,101,1060001,1,PR1_HT1_EC1,Full,S025@corridor@inactive:i101:nsga2:s1060001:r1:PR1_HT1_EC1:67564d14e5f7,1efe1d1907c2fa4b02522f8fdf5dd2f7ca474637751fc5d683586fd07890f5aa,p0020,26ac73063e9d7d56,False,0.0,0.0,0.0,False,False,False
S025,corridor,inactive,101,1060001,1,PR1_HT1_EC1,Full,S025@corridor@inactive:i101:nsga2:s1060001:r1:PR1_HT1_EC1:67564d14e5f7,1efe1d1907c2fa4b02522f8fdf5dd2f7ca474637751fc5d683586fd07890f5aa,p0021,2c549ce1f8669e9d,False,0.0,0.0,0.0,False,False,False
S025,corridor,inactive,101,1060001,1,PR1_HT1_EC1,Full,S025@corridor@inactive:i101:nsga2:s1060001:r1:PR1_HT1_EC1:67564d14e5f7,1efe1d1907c2fa4b02522f8fdf5dd2f7ca474637751fc5d683586fd07890f5aa,p0022,fc9737bacfc850e2,False,0.0,0.0,0.0,False,False,False
S025,corridor,inactive,101,1060001,1,PR1_HT1_EC1,Full,S025@corridor@inactive:i101:nsga2:s1060001:r1:PR1_HT1_EC1:67564d14e5f7,1efe1d1907c2fa4b02522f8fdf5dd2f7ca474637751fc5d683586fd07890f5aa,p0023,aaf842450f2bc341,False,0.0,0.0,0.0,False,False,False
S025,corridor,inactive,101,1060001,1,PR1_HT1_EC1,Full,S025@corridor@inactive:i101:nsga2:s1060001:r1:PR1_HT1_EC1:67564d14e5f7,1efe1d1907c2fa4b02522f8fdf5dd2f7ca474637751fc5d683586fd07890f5aa,p0024,3a200aac0cabf280,False,0.0,0.0,0.0,False,False,False
S025,corridor,inactive,101,1060001,1,PR1_HT1_EC1,Full,S025@corridor@inactive:i101:nsga2:s1060001:r1:PR1_HT1_EC1:67564d14e5f7,1efe1d1907c2fa4b02522f8fdf5dd2f7ca474637751fc5d683586fd07890f5aa,p0025,1946b47b0a378817,False,0.0,0.0,0.0,False,False,False
S025,corridor,inactive,101,1060001,1,PR1_HT1_EC1,Full,S025@corridor@inactive:i101:nsga2:s1060001:r1:PR1_HT1_EC1:67564d14e5f7,1efe1d1907c2fa4b02522f8fdf5dd2f7ca474637751fc5d683586fd07890f5aa,p0026,aa19ecd037343251,False,0.0,0.0,0.0,False,False,False
S025,corridor,inactive,101,1060001,1,PR1_HT1_EC1,Full,S025@corridor@inactive:i101:nsga2:s1060001:r1:PR1_HT1_EC1:67564d14e5f7,1efe1d1907c2fa4b02522f8fdf5dd2f7ca474637751fc5d683586fd07890f5aa,p0027,043aa8b9d211db22,False,0.0,0.0,0.0,False,False,False
S025,corridor,inactive,101,1060001,1,PR1_HT1_EC1,Full,S025@corridor@inactive:i101:nsga2:s1060001:r1:PR1_HT1_EC1:67564d14e5f7,1efe1d1907c2fa4b02522f8fdf5dd2f7ca474637751fc5d683586fd07890f5aa,p0028,947386b43aadff72,False,0.0,0.0,0.0,False,False,False
S025,corridor,inactive,101,1060001,1,PR1_HT1_EC1,Full,S025@corridor@inactive:i101:nsga2:s1060001:r1:PR1_HT1_EC1:67564d14e5f7,1efe1d1907c2fa4b02522f8fdf5dd2f7ca474637751fc5d683586fd07890f5aa,p0029,8ce9b0c32db37d16,False,0.0,0.0,0.0,False,False,False
S025,corridor,inactive,101,1060001,1,PR1_HT1_EC1,Full,S025@corridor@inactive:i101:nsga2:s1060001:r1:PR1_HT1_EC1:67564d14e5f7,1efe1d1907c2fa4b02522f8fdf5dd2f7ca474637751fc5d683586fd07890f5aa,p0030,5158fd3aa05e6f2d,False,0.0,0.0,0.0,False,False,False
S025,corridor,inactive,101,1060001,1,PR1_HT1_EC1,Full,S025@corridor@inactive:i101:nsga2:s1060001:r1:PR1_HT1_EC1:67564d14e5f7,1efe1d1907c2fa4b02522f8fdf5dd2f7ca474637751fc5d683586fd07890f5aa,p0031,d6a9e3ba52323427,False,0.0,0.0,0.0,False,False,False
S025,corridor,inactive,101,1060001,1,PR1_HT1_EC1,Full,S025@corridor@inactive:i101:nsga2:s1060001:r1:PR1_HT1_EC1:67564d14e5f7,1efe1d1907c2fa4b02522f8fdf5dd2f7ca474637751fc5d683586fd07890f5aa,p0032,f2aa96908f6d8998,False,0.0,0.0,0.0,False,False,False
S025,corridor,inactive,101,1060001,1,PR1_HT1_EC1,Full,S025@corridor@inactive:i101:nsga2:s1060001:r1:PR1_HT1_EC1:67564d14e5f7,1efe1d1907c2fa4b02522f8fdf5dd2f7ca474637751fc5d683586fd07890f5aa,p0033,8d5a63dcd227d2d2,False,0.0,0.0,0.0,False,False,False
S025,corridor,inactive,101,1060001,1,PR1_HT1_EC1,Full,S025@corridor@inactive:i101:nsga2:s1060001:r1:PR1_HT1_EC1:67564d14e5f7,1efe1d1907c2fa4b02522f8fdf5dd2f7ca474637751fc5d683586fd07890f5aa,p0034,095f1a4c37cef303,False,0.0,0.0,0.0,False,False,False
S025,corridor,inactive,101,1060001,1,PR1_HT1_EC1,Full,S025@corridor@inactive:i101:nsga2:s1060001:r1:PR1_HT1_EC1:67564d14e5f7,1efe1d1907c2fa4b02522f8fdf5dd2f7ca474637751fc5d683586fd07890f5aa,p0035,ebfe678f1d3ea05d,False,0.0,0.0,0.0,False,False,False
S025,corridor,inactive,101,1060001,1,PR1_HT1_EC1,Full,S025@corridor@inactive:i101:nsga2:s1060001:r1:PR1_HT1_EC1:67564d14e5f7,1efe1d1907c2fa4b02522f8fdf5dd2f7ca474637751fc5d683586fd07890f5aa,p0036,8639fedc8a1c58a1,False,0.0,0.0,0.0,False,False,False
S025,corridor,inactive,101,1060001,1,PR1_HT1_EC1,Full,S025@corridor@inactive:i101:nsga2:s1060001:r1:PR1_HT1_EC1:67564d14e5f7,1efe1d1907c2fa4b02522f8fdf5dd2f7ca474637751fc5d683586fd07890f5aa,p0037,a22e679368923521,False,0.0,0.0,0.0,False,False,False
S025,corridor,inactive,101,1060001,1,PR1_HT1_EC1,Full,S025@corridor@inactive:i101:nsga2:s1060001:r1:PR1_HT1_EC1:67564d14e5f7,1efe1d1907c2fa4b02522f8fdf5dd2f7ca474637751fc5d683586fd07890f5aa,p0038,3dadf5e3f47ea6ef,False,0.0,0.0,0.0,False,False,False
S025,corridor,inactive,101,1060001,1,PR1_HT1_EC1,Full,S025@corridor@inactive:i101:nsga2:s1060001:r1:PR1_HT1_EC1:67564d14e5f7,1efe1d1907c2fa4b02522f8fdf5dd2f7ca474637751fc5d683586fd07890f5aa,p0039,3a9af4cd4ff90ef9,False,0.0,0.0,0.0,False,False,False
S025,corridor,inactive,102,1070000,0,PR0_HT1_EC1,No-PR,S025@corridor@inactive:i102:nsga2:s1070000:r0:PR0_HT1_EC1:b000292d4414,2e814cd9fcac3903c94a188170ea145cdf0012758210e24bec0ee8270490ed48,p0001,ec28acedbe95bb7e,True,-0.33069905068043415,714.0576247182576,0.0,True,True,False
S025,corridor,inactive,102,1070000,0,PR0_HT1_EC1,No-PR,S025@corridor@inactive:i102:nsga2:s1070000:r0:PR0_HT1_EC1:b000292d4414,2e814cd9fcac3903c94a188170ea145cdf0012758210e24bec0ee8270490ed48,p0002,4c41b061ed00adfe,False,-0.3144680823929624,423.9750582231345,-0.05235602094240843,True,True,True
S025,corridor,inactive,102,1070000,0,PR0_HT1_EC1,No-PR,S025@corridor@inactive:i102:nsga2:s1070000:r0:PR0_HT1_EC1:b000292d4414,2e814cd9fcac3903c94a188170ea145cdf0012758210e24bec0ee8270490ed48,p0003,60a7a71ada2129d6,False,-0.24036027493434187,414.3127100015827,-0.040322580645161255,True,True,True
S025,corridor,inactive,102,1070000,0,PR0_HT1_EC1,No-PR,S025@corridor@inactive:i102:nsga2:s1070000:r0:PR0_HT1_EC1:b000292d4414,2e814cd9fcac3903c94a188170ea145cdf0012758210e24bec0ee8270490ed48,p0004,52ef437ad6c398de,False,-0.38918536252693325,401.08021554428524,-0.08064516129032251,True,True,True
S025,corridor,inactive,102,1070000,0,PR0_HT1_EC1,No-PR,S025@corridor@inactive:i102:nsga2:s1070000:r0:PR0_HT1_EC1:b000292d4414,2e814cd9fcac3903c94a188170ea145cdf0012758210e24bec0ee8270490ed48,p0005,5463c3984578e4ce,False,-0.2910378507278093,879.6481918837992,0.04032258064516131,True,True,True
S025,corridor,inactive,102,1070000,0,PR0_HT1_EC1,No-PR,S025@corridor@inactive:i102:nsga2:s1070000:r0:PR0_HT1_EC1:b000292d4414,2e814cd9fcac3903c94a188170ea145cdf0012758210e24bec0ee8270490ed48,p0006,72b77703bba2f71c,False,-0.15508286544723493,423.9750582231343,0.0,True,True,False
S025,corridor,inactive,102,1070000,0,PR0_HT1_EC1,No-PR,S025@corridor@inactive:i102:nsga2:s1070000:r0:PR0_HT1_EC1:b000292d4414,2e814cd9fcac3903c94a188170ea145cdf0012758210e24bec0ee8270490ed48,p0007,3ba76f66ba8fbcc3,False,-0.19466448953197002,401.08021554428524,-0.08064516129032259,True,True,True
S025,corridor,inactive,102,1070000,0,PR0_HT1_EC1,No-PR,S025@corridor@inactive:i102:nsga2:s1070000:r0:PR0_HT1_EC1:b000292d4414,2e814cd9fcac3903c94a188170ea145cdf0012758210e24bec0ee8270490ed48,p0008,656e6c66558a6b26,False,-0.19674643454312335,403.33925827508574,-0.08547008547008547,True,True,True
S025,corridor,inactive,102,1070000,0,PR0_HT1_EC1,No-PR,S025@corridor@inactive:i102:nsga2:s1070000:r0:PR0_HT1_EC1:b000292d4414,2e814cd9fcac3903c94a188170ea145cdf0012758210e24bec0ee8270490ed48,p0009,4bb5cd5086b1a2f1,False,-0.20198437188088914,858.2215032863553,0.040322580645161296,True,True,True
S025,corridor,inactive,102,1070000,0,PR0_HT1_EC1,No-PR,S025@corridor@inactive:i102:nsga2:s1070000:r0:PR0_HT1_EC1:b000292d4414,2e814cd9fcac3903c94a188170ea145cdf0012758210e24bec0ee8270490ed48,p0010,ad316931e7926ee3,False,-0.2422497359341369,839.738433397542,-0.1282051282051282,True,True,True
S025,corridor,inactive,102,1070000,0,PR0_HT1_EC1,No-PR,S025@corridor@inactive:i102:nsga2:s1070000:r0:PR0_HT1_EC1:b000292d4414,2e814cd9fcac3903c94a188170ea145cdf0012758210e24bec0ee8270490ed48,p0011,36e6ed63c47e90d1,False,0.0,0.0,0.0,False,False,False
S025,corridor,inactive,102,1070000,0,PR1_HT0_EC1,No-HT,S025@corridor@inactive:i102:nsga2:s1070000:r0:PR1_HT0_EC1:d467400fa28a,2e814cd9fcac3903c94a188170ea145cdf0012758210e24bec0ee8270490ed48,p0001,bdef86effae56540,True,0.666193304931828,179.4418757790254,0.024469820554719468,True,True,True
S025,corridor,inactive,102,1070000,0,PR1_HT0_EC1,No-HT,S025@corridor@inactive:i102:nsga2:s1070000:r0:PR1_HT0_EC1:d467400fa28a,2e814cd9fcac3903c94a188170ea145cdf0012758210e24bec0ee8270490ed48,p0002,c8413f1e470840ad,False,0.4630473266382893,-37.52771644070981,0.10940114718715133,True,True,True
S025,corridor,inactive,102,1070000,0,PR1_HT0_EC1,No-HT,S025@corridor@inactive:i102:nsga2:s1070000:r0:PR1_HT0_EC1:d467400fa28a,2e814cd9fcac3903c94a188170ea145cdf0012758210e24bec0ee8270490ed48,p0003,34d29aaa915a4172,False,0.7423369536160003,-519.2444072403346,0.2617801047120419,True,True,True
S025,corridor,inactive,102,1070000,0,PR1_HT0_EC1,No-HT,S025@corridor@inactive:i102:nsga2:s1070000:r0:PR1_HT0_EC1:d467400fa28a,2e814cd9fcac3903c94a188170ea145cdf0012758210e24bec0ee8270490ed48,p0004,de31bcf868b1b423,False,0.4444342908593386,-137.7396539406991,0.16129032258064513,True,True,True
S025,corridor,inactive,102,1070000,0,PR1_HT0_EC1,No-HT,S025@corridor@inactive:i102:nsga2:s1070000:r0:PR1_HT0_EC1:d467400fa28a,2e814cd9fcac3903c94a188170ea145cdf0012758210e24bec0ee8270490ed48,p0005,cd3937c7f3f4894e,False,0.5317890410229023,-396.5718087362202,0.28225806451612906,True,True,True
S025,corridor,inactive,102,1070000,0,PR1_HT0_EC1,No-HT,S025@corridor@inactive:i102:nsga2:s1070000:r0:PR1_HT0_EC1:d467400fa28a,2e814cd9fcac3903c94a188170ea145cdf0012758210e24bec0ee8270490ed48,p0006,f321701502bf57b6,False,0.2205852907384207,-120.57725346732809,0.16129032258064513,True,True,True
S025,corridor,inactive,102,1070000,0,PR1_HT0_EC1,No-HT,S025@corridor@inactive:i102:nsga2:s1070000:r0:PR1_HT0_EC1:d467400fa28a,2e814cd9fcac3903c94a188170ea145cdf0012758210e24bec0ee8270490ed48,p0007,08c1f25ad7c0f765,False,0.13060374008512365,-134.939269290026,0.08547008547008547,True,True,True
S025,corridor,inactive,102,1070000,0,PR1_HT0_EC1,No-HT,S025@corridor@inactive:i102:nsga2:s1070000:r0:PR1_HT0_EC1:d467400fa28a,2e814cd9fcac3903c94a188170ea145cdf0012758210e24bec0ee8270490ed48,p0008,27aeb14074ecab76,False,0.1349664616286077,-160.75207102428817,0.16129032258064518,True,True,True
S025,corridor,inactive,102,1070000,0,PR1_HT0_EC1,No-HT,S025@corridor@inactive:i102:nsga2:s1070000:r0:PR1_HT0_EC1:d467400fa28a,2e814cd9fcac3903c94a188170ea145cdf0012758210e24bec0ee8270490ed48,p0009,1bb4c98c5dd8a41e,False,0.06049572499715428,-114.97708126929115,0.12096774193548387,True,True,True
S025,corridor,inactive,102,1070000,0,PR1_HT0_EC1,No-HT,S025@corridor@inactive:i102:nsga2:s1070000:r0:PR1_HT0_EC1:d467400fa28a,2e814cd9fcac3903c94a188170ea145cdf0012758210e24bec0ee8270490ed48,p0010,3bac212d6a116dd4,False,0.04768889012400024,-108.88487928348604,0.042735042735042736,True,True,True
S025,corridor,inactive,102,1070000,0,PR1_HT0_EC1,No-HT,S025@corridor@inactive:i102:nsga2:s1070000:r0:PR1_HT0_EC1:d467400fa28a,2e814cd9fcac3903c94a188170ea145cdf0012758210e24bec0ee8270490ed48,p0011,e3c6de3f5102cec6,False,0.0,0.0,0.0,False,False,False
S025,corridor,inactive,102,1070000,0,PR1_HT1_EC0,No-EC,S025@corridor@inactive:i102:nsga2:s1070000:r0:PR1_HT1_EC0:bac39318c609,2e814cd9fcac3903c94a188170ea145cdf0012758210e24bec0ee8270490ed48,p0001,fc50ce85bcabe4b2,False,0.0,0.0,0.0,False,False,False
S025,corridor,inactive,102,1070000,0,PR1_HT1_EC0,No-EC,S025@corridor@inactive:i102:nsga2:s1070000:r0:PR1_HT1_EC0:bac39318c609,2e814cd9fcac3903c94a188170ea145cdf0012758210e24bec0ee8270490ed48,p0002,0d9d3152bdf41867,True,0.0,0.0,0.0,False,False,False
S025,corridor,inactive,102,1070000,0,PR1_HT1_EC0,No-EC,S025@corridor@inactive:i102:nsga2:s1070000:r0:PR1_HT1_EC0:bac39318c609,2e814cd9fcac3903c94a188170ea145cdf0012758210e24bec0ee8270490ed48,p0003,d5e2eb940881c856,False,0.0,0.0,0.0,False,False,False
S025,corridor,inactive,102,1070000,0,PR1_HT1_EC0,No-EC,S025@corridor@inactive:i102:nsga2:s1070000:r0:PR1_HT1_EC0:bac39318c609,2e814cd9fcac3903c94a188170ea145cdf0012758210e24bec0ee8270490ed48,p0004,bb6023e24f046608,False,0.0,0.0,0.0,False,False,False
S025,corridor,inactive,102,1070000,0,PR1_HT1_EC0,No-EC,S025@corridor@inactive:i102:nsga2:s1070000:r0:PR1_HT1_EC0:bac39318c609,2e814cd9fcac3903c94a188170ea145cdf0012758210e24bec0ee8270490ed48,p0005,ce45fa4c6daf552d,False,0.0,0.0,0.0,False,False,False
S025,corridor,inactive,102,1070000,0,PR1_HT1_EC0,No-EC,S025@corridor@inactive:i102:nsga2:s1070000:r0:PR1_HT1_EC0:bac39318c609,2e814cd9fcac3903c94a188170ea145cdf0012758210e24bec0ee8270490ed48,p0006,49f4df3ec843c65e,False,0.0,0.0,0.0,False,False,False
S025,corridor,inactive,102,1070000,0,PR1_HT1_EC0,No-EC,S025@corridor@inactive:i102:nsga2:s1070000:r0:PR1_HT1_EC0:bac39318c609,2e814cd9fcac3903c94a188170ea145cdf0012758210e24bec0ee8270490ed48,p0007,ec778c6af82bbd24,False,0.0,0.0,0.0,False,False,False
S025,corridor,inactive,102,1070000,0,PR1_HT1_EC0,No-EC,S025@corridor@inactive:i102:nsga2:s1070000:r0:PR1_HT1_EC0:bac39318c609,2e814cd9fcac3903c94a188170ea145cdf0012758210e24bec0ee8270490ed48,p0008,81e95628efeb39b4,False,0.0,0.0,0.0,False,False,False
S025,corridor,inactive,102,1070000,0,PR1_HT1_EC0,No-EC,S025@corridor@inactive:i102:nsga2:s1070000:r0:PR1_HT1_EC0:bac39318c609,2e814cd9fcac3903c94a188170ea145cdf0012758210e24bec0ee8270490ed48,p0009,dd109b2a5901c795,False,0.0,0.0,0.0,False,False,False
S025,corridor,inactive,102,1070000,0,PR1_HT1_EC0,No-EC,S025@corridor@inactive:i102:nsga2:s1070000:r0:PR1_HT1_EC0:bac39318c609,2e814cd9fcac3903c94a188170ea145cdf0012758210e24bec0ee8270490ed48,p0010,cf38b59c081b1f78,False,0.0,0.0,0.0,False,False,False
S025,corridor,inactive,102,1070000,0,PR1_HT1_EC0,No-EC,S025@corridor@inactive:i102:nsga2:s1070000:r0:PR1_HT1_EC0:bac39318c609,2e814cd9fcac3903c94a188170ea145cdf0012758210e24bec0ee8270490ed48,p0011,7d71bc1c6588a0fd,False,0.0,0.0,0.0,False,False,False
S025,corridor,inactive,102,1070000,0,PR1_HT1_EC0,No-EC,S025@corridor@inactive:i102:nsga2:s1070000:r0:PR1_HT1_EC0:bac39318c609,2e814cd9fcac3903c94a188170ea145cdf0012758210e24bec0ee8270490ed48,p0012,9d6a84ced497b179,False,0.0,0.0,0.0,False,False,False
S025,corridor,inactive,102,1070000,0,PR1_HT1_EC0,No-EC,S025@corridor@inactive:i102:nsga2:s1070000:r0:PR1_HT1_EC0:bac39318c609,2e814cd9fcac3903c94a188170ea145cdf0012758210e24bec0ee8270490ed48,p0013,db8de39b36f5d060,False,0.0,0.0,0.0,False,False,False
S025,corridor,inactive,102,1070000,0,PR1_HT1_EC0,No-EC,S025@corridor@inactive:i102:nsga2:s1070000:r0:PR1_HT1_EC0:bac39318c609,2e814cd9fcac3903c94a188170ea145cdf0012758210e24bec0ee8270490ed48,p0014,3ce3e37f425d37e8,False,0.0,0.0,0.0,False,False,False
S025,corridor,inactive,102,1070000,0,PR1_HT1_EC0,No-EC,S025@corridor@inactive:i102:nsga2:s1070000:r0:PR1_HT1_EC0:bac39318c609,2e814cd9fcac3903c94a188170ea145cdf0012758210e24bec0ee8270490ed48,p0015,07e8e00b0f8a42f5,False,0.0,0.0,0.0,False,False,False
S025,corridor,inactive,102,1070000,0,PR1_HT1_EC0,No-EC,S025@corridor@inactive:i102:nsga2:s1070000:r0:PR1_HT1_EC0:bac39318c609,2e814cd9fcac3903c94a188170ea145cdf0012758210e24bec0ee8270490ed48,p0016,929113d9f1cf656f,False,0.0,0.0,0.0,False,False,False
S025,corridor,inactive,102,1070000,0,PR1_HT1_EC0,No-EC,S025@corridor@inactive:i102:nsga2:s1070000:r0:PR1_HT1_EC0:bac39318c609,2e814cd9fcac3903c94a188170ea145cdf0012758210e24bec0ee8270490ed48,p0017,26abb00d9d86cffa,False,0.0,0.0,0.0,False,False,False
S025,corridor,inactive,102,1070000,0,PR1_HT1_EC0,No-EC,S025@corridor@inactive:i102:nsga2:s1070000:r0:PR1_HT1_EC0:bac39318c609,2e814cd9fcac3903c94a188170ea145cdf0012758210e24bec0ee8270490ed48,p0018,a6dc1a5b70f24482,False,0.0,0.0,0.0,False,False,False
S025,corridor,inactive,102,1070000,0,PR1_HT1_EC0,No-EC,S025@corridor@inactive:i102:nsga2:s1070000:r0:PR1_HT1_EC0:bac39318c609,2e814cd9fcac3903c94a188170ea145cdf0012758210e24bec0ee8270490ed48,p0019,5a42808a4be2a188,False,0.0,0.0,0.0,False,False,False
S025,corridor,inactive,102,1070000,0,PR1_HT1_EC0,No-EC,S025@corridor@inactive:i102:nsga2:s1070000:r0:PR1_HT1_EC0:bac39318c609,2e814cd9fcac3903c94a188170ea145cdf0012758210e24bec0ee8270490ed48,p0020,66ec51c679f0a811,False,0.0,0.0,0.0,False,False,False
S025,corridor,inactive,102,1070000,0,PR1_HT1_EC0,No-EC,S025@corridor@inactive:i102:nsga2:s1070000:r0:PR1_HT1_EC0:bac39318c609,2e814cd9fcac3903c94a188170ea145cdf0012758210e24bec0ee8270490ed48,p0021,1f60b4eb9d1159e0,False,0.0,0.0,0.0,False,False,False
S025,corridor,inactive,102,1070000,0,PR1_HT1_EC0,No-EC,S025@corridor@inactive:i102:nsga2:s1070000:r0:PR1_HT1_EC0:bac39318c609,2e814cd9fcac3903c94a188170ea145cdf0012758210e24bec0ee8270490ed48,p0022,c660e1f0049d7304,False,0.0,0.0,0.0,False,False,False
S025,corridor,inactive,102,1070000,0,PR1_HT1_EC0,No-EC,S025@corridor@inactive:i102:nsga2:s1070000:r0:PR1_HT1_EC0:bac39318c609,2e814cd9fcac3903c94a188170ea145cdf0012758210e24bec0ee8270490ed48,p0023,ee9317cfd79dfd74,False,0.0,0.0,0.0,False,False,False
S025,corridor,inactive,102,1070000,0,PR1_HT1_EC0,No-EC,S025@corridor@inactive:i102:nsga2:s1070000:r0:PR1_HT1_EC0:bac39318c609,2e814cd9fcac3903c94a188170ea145cdf0012758210e24bec0ee8270490ed48,p0024,b6f996c24147d4c9,False,0.0,0.0,0.0,False,False,False
S025,corridor,inactive,102,1070000,0,PR1_HT1_EC0,No-EC,S025@corridor@inactive:i102:nsga2:s1070000:r0:PR1_HT1_EC0:bac39318c609,2e814cd9fcac3903c94a188170ea145cdf0012758210e24bec0ee8270490ed48,p0025,b9bd6c1a72193a4f,False,0.0,0.0,0.0,False,False,False
S025,corridor,inactive,102,1070000,0,PR1_HT1_EC0,No-EC,S025@corridor@inactive:i102:nsga2:s1070000:r0:PR1_HT1_EC0:bac39318c609,2e814cd9fcac3903c94a188170ea145cdf0012758210e24bec0ee8270490ed48,p0026,21581d8c61163e9a,False,0.0,0.0,0.0,False,False,False
S025,corridor,inactive,102,1070000,0,PR1_HT1_EC0,No-EC,S025@corridor@inactive:i102:nsga2:s1070000:r0:PR1_HT1_EC0:bac39318c609,2e814cd9fcac3903c94a188170ea145cdf0012758210e24bec0ee8270490ed48,p0027,dc7efe3606389d3c,False,0.0,0.0,0.0,False,False,False
S025,corridor,inactive,102,1070000,0,PR1_HT1_EC0,No-EC,S025@corridor@inactive:i102:nsga2:s1070000:r0:PR1_HT1_EC0:bac39318c609,2e814cd9fcac3903c94a188170ea145cdf0012758210e24bec0ee8270490ed48,p0028,ebc22ec78c55a67e,False,0.0,0.0,0.0,False,False,False
S025,corridor,inactive,102,1070000,0,PR1_HT1_EC0,No-EC,S025@corridor@inactive:i102:nsga2:s1070000:r0:PR1_HT1_EC0:bac39318c609,2e814cd9fcac3903c94a188170ea145cdf0012758210e24bec0ee8270490ed48,p0029,c0c1fc241f77c507,False,0.0,0.0,0.0,False,False,False
S025,corridor,inactive,102,1070000,0,PR1_HT1_EC0,No-EC,S025@corridor@inactive:i102:nsga2:s1070000:r0:PR1_HT1_EC0:bac39318c609,2e814cd9fcac3903c94a188170ea145cdf0012758210e24bec0ee8270490ed48,p0030,57d175baffb1590e,False,0.0,0.0,0.0,False,False,False
S025,corridor,inactive,102,1070000,0,PR1_HT1_EC0,No-EC,S025@corridor@inactive:i102:nsga2:s1070000:r0:PR1_HT1_EC0:bac39318c609,2e814cd9fcac3903c94a188170ea145cdf0012758210e24bec0ee8270490ed48,p0031,2721de4a6854565a,False,0.0,0.0,0.0,False,False,False
S025,corridor,inactive,102,1070000,0,PR1_HT1_EC0,No-EC,S025@corridor@inactive:i102:nsga2:s1070000:r0:PR1_HT1_EC0:bac39318c609,2e814cd9fcac3903c94a188170ea145cdf0012758210e24bec0ee8270490ed48,p0032,538220dc36aff393,False,0.0,0.0,0.0,False,False,False
S025,corridor,inactive,102,1070000,0,PR1_HT1_EC0,No-EC,S025@corridor@inactive:i102:nsga2:s1070000:r0:PR1_HT1_EC0:bac39318c609,2e814cd9fcac3903c94a188170ea145cdf0012758210e24bec0ee8270490ed48,p0033,633994e84433dd53,False,0.0,0.0,0.0,False,False,False
S025,corridor,inactive,102,1070000,0,PR1_HT1_EC0,No-EC,S025@corridor@inactive:i102:nsga2:s1070000:r0:PR1_HT1_EC0:bac39318c609,2e814cd9fcac3903c94a188170ea145cdf0012758210e24bec0ee8270490ed48,p0034,0e01ee2cbe6870e6,False,0.0,0.0,0.0,False,False,False
S025,corridor,inactive,102,1070000,0,PR1_HT1_EC0,No-EC,S025@corridor@inactive:i102:nsga2:s1070000:r0:PR1_HT1_EC0:bac39318c609,2e814cd9fcac3903c94a188170ea145cdf0012758210e24bec0ee8270490ed48,p0035,89a39ddc0427e7fa,False,0.0,0.0,0.0,False,False,False
S025,corridor,inactive,102,1070000,0,PR1_HT1_EC0,No-EC,S025@corridor@inactive:i102:nsga2:s1070000:r0:PR1_HT1_EC0:bac39318c609,2e814cd9fcac3903c94a188170ea145cdf0012758210e24bec0ee8270490ed48,p0036,539c8197b9fe0771,False,0.0,0.0,0.0,False,False,False
S025,corridor,inactive,102,1070000,0,PR1_HT1_EC0,No-EC,S025@corridor@inactive:i102:nsga2:s1070000:r0:PR1_HT1_EC0:bac39318c609,2e814cd9fcac3903c94a188170ea145cdf0012758210e24bec0ee8270490ed48,p0037,44dc953eab97cdf2,False,0.0,0.0,0.0,False,False,False
S025,corridor,inactive,102,1070000,0,PR1_HT1_EC0,No-EC,S025@corridor@inactive:i102:nsga2:s1070000:r0:PR1_HT1_EC0:bac39318c609,2e814cd9fcac3903c94a188170ea145cdf0012758210e24bec0ee8270490ed48,p0038,f15db4dec8a964a3,False,0.0,0.0,0.0,False,False,False
S025,corridor,inactive,102,1070000,0,PR1_HT1_EC0,No-EC,S025@corridor@inactive:i102:nsga2:s1070000:r0:PR1_HT1_EC0:bac39318c609,2e814cd9fcac3903c94a188170ea145cdf0012758210e24bec0ee8270490ed48,p0039,f6ac60db45fe92fd,False,0.0,0.0,0.0,False,False,False
S025,corridor,inactive,102,1070000,0,PR1_HT1_EC0,No-EC,S025@corridor@inactive:i102:nsga2:s1070000:r0:PR1_HT1_EC0:bac39318c609,2e814cd9fcac3903c94a188170ea145cdf0012758210e24bec0ee8270490ed48,p0040,0a50e80eda4f8784,False,0.0,0.0,0.0,False,False,False
S025,corridor,inactive,102,1070000,0,PR1_HT1_EC0,No-EC,S025@corridor@inactive:i102:nsga2:s1070000:r0:PR1_HT1_EC0:bac39318c609,2e814cd9fcac3903c94a188170ea145cdf0012758210e24bec0ee8270490ed48,p0041,06a7db589f8f9d2a,False,0.0,0.0,0.0,False,False,False
S025,corridor,inactive,102,1070000,0,PR1_HT1_EC0,No-EC,S025@corridor@inactive:i102:nsga2:s1070000:r0:PR1_HT1_EC0:bac39318c609,2e814cd9fcac3903c94a188170ea145cdf0012758210e24bec0ee8270490ed48,p0042,674d9d2a9383d5a4,False,0.0,0.0,0.0,False,False,False
S025,corridor,inactive,102,1070000,0,PR1_HT1_EC0,No-EC,S025@corridor@inactive:i102:nsga2:s1070000:r0:PR1_HT1_EC0:bac39318c609,2e814cd9fcac3903c94a188170ea145cdf0012758210e24bec0ee8270490ed48,p0043,94f10a966cac0dd3,False,0.0,0.0,0.0,False,False,False
S025,corridor,inactive,102,1070000,0,PR1_HT1_EC0,No-EC,S025@corridor@inactive:i102:nsga2:s1070000:r0:PR1_HT1_EC0:bac39318c609,2e814cd9fcac3903c94a188170ea145cdf0012758210e24bec0ee8270490ed48,p0044,3bc12b283bc695b5,False,0.0,0.0,0.0,False,False,False
S025,corridor,inactive,102,1070000,0,PR1_HT1_EC0,No-EC,S025@corridor@inactive:i102:nsga2:s1070000:r0:PR1_HT1_EC0:bac39318c609,2e814cd9fcac3903c94a188170ea145cdf0012758210e24bec0ee8270490ed48,p0045,ffe70fe6e6cc549d,False,0.0,0.0,0.0,False,False,False
S025,corridor,inactive,102,1070000,0,PR1_HT1_EC0,No-EC,S025@corridor@inactive:i102:nsga2:s1070000:r0:PR1_HT1_EC0:bac39318c609,2e814cd9fcac3903c94a188170ea145cdf0012758210e24bec0ee8270490ed48,p0046,ff1ce977931c92f2,False,0.0,0.0,0.0,False,False,False
S025,corridor,inactive,102,1070000,0,PR1_HT1_EC0,No-EC,S025@corridor@inactive:i102:nsga2:s1070000:r0:PR1_HT1_EC0:bac39318c609,2e814cd9fcac3903c94a188170ea145cdf0012758210e24bec0ee8270490ed48,p0047,70c2bc86b1bea398,False,0.0,0.0,0.0,False,False,False
S025,corridor,inactive,102,1070000,0,PR1_HT1_EC0,No-EC,S025@corridor@inactive:i102:nsga2:s1070000:r0:PR1_HT1_EC0:bac39318c609,2e814cd9fcac3903c94a188170ea145cdf0012758210e24bec0ee8270490ed48,p0048,a6cfe6dc4300923a,False,0.0,0.0,0.0,False,False,False
S025,corridor,inactive,102,1070000,0,PR1_HT1_EC0,No-EC,S025@corridor@inactive:i102:nsga2:s1070000:r0:PR1_HT1_EC0:bac39318c609,2e814cd9fcac3903c94a188170ea145cdf0012758210e24bec0ee8270490ed48,p0049,4dd48daf2b99b470,False,0.0,0.0,0.0,False,False,False
S025,corridor,inactive,102,1070000,0,PR1_HT1_EC0,No-EC,S025@corridor@inactive:i102:nsga2:s1070000:r0:PR1_HT1_EC0:bac39318c609,2e814cd9fcac3903c94a188170ea145cdf0012758210e24bec0ee8270490ed48,p0050,fa578f940c6f8fee,False,0.0,0.0,0.0,False,False,False
S025,corridor,inactive,102,1070000,0,PR1_HT1_EC1,Full,S025@corridor@inactive:i102:nsga2:s1070000:r0:PR1_HT1_EC1:5ea31455e620,2e814cd9fcac3903c94a188170ea145cdf0012758210e24bec0ee8270490ed48,p0001,fc50ce85bcabe4b2,False,0.0,0.0,0.0,False,False,False
S025,corridor,inactive,102,1070000,0,PR1_HT1_EC1,Full,S025@corridor@inactive:i102:nsga2:s1070000:r0:PR1_HT1_EC1:5ea31455e620,2e814cd9fcac3903c94a188170ea145cdf0012758210e24bec0ee8270490ed48,p0002,0d9d3152bdf41867,True,0.0,0.0,0.0,False,False,False
S025,corridor,inactive,102,1070000,0,PR1_HT1_EC1,Full,S025@corridor@inactive:i102:nsga2:s1070000:r0:PR1_HT1_EC1:5ea31455e620,2e814cd9fcac3903c94a188170ea145cdf0012758210e24bec0ee8270490ed48,p0003,d5e2eb940881c856,False,0.0,0.0,0.0,False,False,False
S025,corridor,inactive,102,1070000,0,PR1_HT1_EC1,Full,S025@corridor@inactive:i102:nsga2:s1070000:r0:PR1_HT1_EC1:5ea31455e620,2e814cd9fcac3903c94a188170ea145cdf0012758210e24bec0ee8270490ed48,p0004,bb6023e24f046608,False,0.0,0.0,0.0,False,False,False
S025,corridor,inactive,102,1070000,0,PR1_HT1_EC1,Full,S025@corridor@inactive:i102:nsga2:s1070000:r0:PR1_HT1_EC1:5ea31455e620,2e814cd9fcac3903c94a188170ea145cdf0012758210e24bec0ee8270490ed48,p0005,ce45fa4c6daf552d,False,0.0,0.0,0.0,False,False,False
S025,corridor,inactive,102,1070000,0,PR1_HT1_EC1,Full,S025@corridor@inactive:i102:nsga2:s1070000:r0:PR1_HT1_EC1:5ea31455e620,2e814cd9fcac3903c94a188170ea145cdf0012758210e24bec0ee8270490ed48,p0006,49f4df3ec843c65e,False,0.0,0.0,0.0,False,False,False
S025,corridor,inactive,102,1070000,0,PR1_HT1_EC1,Full,S025@corridor@inactive:i102:nsga2:s1070000:r0:PR1_HT1_EC1:5ea31455e620,2e814cd9fcac3903c94a188170ea145cdf0012758210e24bec0ee8270490ed48,p0007,ec778c6af82bbd24,False,0.0,0.0,0.0,False,False,False
S025,corridor,inactive,102,1070000,0,PR1_HT1_EC1,Full,S025@corridor@inactive:i102:nsga2:s1070000:r0:PR1_HT1_EC1:5ea31455e620,2e814cd9fcac3903c94a188170ea145cdf0012758210e24bec0ee8270490ed48,p0008,81e95628efeb39b4,False,0.0,0.0,0.0,False,False,False
S025,corridor,inactive,102,1070000,0,PR1_HT1_EC1,Full,S025@corridor@inactive:i102:nsga2:s1070000:r0:PR1_HT1_EC1:5ea31455e620,2e814cd9fcac3903c94a188170ea145cdf0012758210e24bec0ee8270490ed48,p0009,dd109b2a5901c795,False,0.0,0.0,0.0,False,False,False
S025,corridor,inactive,102,1070000,0,PR1_HT1_EC1,Full,S025@corridor@inactive:i102:nsga2:s1070000:r0:PR1_HT1_EC1:5ea31455e620,2e814cd9fcac3903c94a188170ea145cdf0012758210e24bec0ee8270490ed48,p0010,cf38b59c081b1f78,False,0.0,0.0,0.0,False,False,False
S025,corridor,inactive,102,1070000,0,PR1_HT1_EC1,Full,S025@corridor@inactive:i102:nsga2:s1070000:r0:PR1_HT1_EC1:5ea31455e620,2e814cd9fcac3903c94a188170ea145cdf0012758210e24bec0ee8270490ed48,p0011,7d71bc1c6588a0fd,False,0.0,0.0,0.0,False,False,False
S025,corridor,inactive,102,1070000,0,PR1_HT1_EC1,Full,S025@corridor@inactive:i102:nsga2:s1070000:r0:PR1_HT1_EC1:5ea31455e620,2e814cd9fcac3903c94a188170ea145cdf0012758210e24bec0ee8270490ed48,p0012,9d6a84ced497b179,False,0.0,0.0,0.0,False,False,False
S025,corridor,inactive,102,1070000,0,PR1_HT1_EC1,Full,S025@corridor@inactive:i102:nsga2:s1070000:r0:PR1_HT1_EC1:5ea31455e620,2e814cd9fcac3903c94a188170ea145cdf0012758210e24bec0ee8270490ed48,p0013,db8de39b36f5d060,False,0.0,0.0,0.0,False,False,False
S025,corridor,inactive,102,1070000,0,PR1_HT1_EC1,Full,S025@corridor@inactive:i102:nsga2:s1070000:r0:PR1_HT1_EC1:5ea31455e620,2e814cd9fcac3903c94a188170ea145cdf0012758210e24bec0ee8270490ed48,p0014,3ce3e37f425d37e8,False,0.0,0.0,0.0,False,False,False
S025,corridor,inactive,102,1070000,0,PR1_HT1_EC1,Full,S025@corridor@inactive:i102:nsga2:s1070000:r0:PR1_HT1_EC1:5ea31455e620,2e814cd9fcac3903c94a188170ea145cdf0012758210e24bec0ee8270490ed48,p0015,07e8e00b0f8a42f5,False,0.0,0.0,0.0,False,False,False
S025,corridor,inactive,102,1070000,0,PR1_HT1_EC1,Full,S025@corridor@inactive:i102:nsga2:s1070000:r0:PR1_HT1_EC1:5ea31455e620,2e814cd9fcac3903c94a188170ea145cdf0012758210e24bec0ee8270490ed48,p0016,929113d9f1cf656f,False,0.0,0.0,0.0,False,False,False
S025,corridor,inactive,102,1070000,0,PR1_HT1_EC1,Full,S025@corridor@inactive:i102:nsga2:s1070000:r0:PR1_HT1_EC1:5ea31455e620,2e814cd9fcac3903c94a188170ea145cdf0012758210e24bec0ee8270490ed48,p0017,26abb00d9d86cffa,False,0.0,0.0,0.0,False,False,False
S025,corridor,inactive,102,1070000,0,PR1_HT1_EC1,Full,S025@corridor@inactive:i102:nsga2:s1070000:r0:PR1_HT1_EC1:5ea31455e620,2e814cd9fcac3903c94a188170ea145cdf0012758210e24bec0ee8270490ed48,p0018,a6dc1a5b70f24482,False,0.0,0.0,0.0,False,False,False
S025,corridor,inactive,102,1070000,0,PR1_HT1_EC1,Full,S025@corridor@inactive:i102:nsga2:s1070000:r0:PR1_HT1_EC1:5ea31455e620,2e814cd9fcac3903c94a188170ea145cdf0012758210e24bec0ee8270490ed48,p0019,5a42808a4be2a188,False,0.0,0.0,0.0,False,False,False
S025,corridor,inactive,102,1070000,0,PR1_HT1_EC1,Full,S025@corridor@inactive:i102:nsga2:s1070000:r0:PR1_HT1_EC1:5ea31455e620,2e814cd9fcac3903c94a188170ea145cdf0012758210e24bec0ee8270490ed48,p0020,66ec51c679f0a811,False,0.0,0.0,0.0,False,False,False
S025,corridor,inactive,102,1070000,0,PR1_HT1_EC1,Full,S025@corridor@inactive:i102:nsga2:s1070000:r0:PR1_HT1_EC1:5ea31455e620,2e814cd9fcac3903c94a188170ea145cdf0012758210e24bec0ee8270490ed48,p0021,1f60b4eb9d1159e0,False,0.0,0.0,0.0,False,False,False
S025,corridor,inactive,102,1070000,0,PR1_HT1_EC1,Full,S025@corridor@inactive:i102:nsga2:s1070000:r0:PR1_HT1_EC1:5ea31455e620,2e814cd9fcac3903c94a188170ea145cdf0012758210e24bec0ee8270490ed48,p0022,c660e1f0049d7304,False,0.0,0.0,0.0,False,False,False
S025,corridor,inactive,102,1070000,0,PR1_HT1_EC1,Full,S025@corridor@inactive:i102:nsga2:s1070000:r0:PR1_HT1_EC1:5ea31455e620,2e814cd9fcac3903c94a188170ea145cdf0012758210e24bec0ee8270490ed48,p0023,ee9317cfd79dfd74,False,0.0,0.0,0.0,False,False,False
S025,corridor,inactive,102,1070000,0,PR1_HT1_EC1,Full,S025@corridor@inactive:i102:nsga2:s1070000:r0:PR1_HT1_EC1:5ea31455e620,2e814cd9fcac3903c94a188170ea145cdf0012758210e24bec0ee8270490ed48,p0024,b6f996c24147d4c9,False,0.0,0.0,0.0,False,False,False
S025,corridor,inactive,102,1070000,0,PR1_HT1_EC1,Full,S025@corridor@inactive:i102:nsga2:s1070000:r0:PR1_HT1_EC1:5ea31455e620,2e814cd9fcac3903c94a188170ea145cdf0012758210e24bec0ee8270490ed48,p0025,b9bd6c1a72193a4f,False,0.0,0.0,0.0,False,False,False
S025,corridor,inactive,102,1070000,0,PR1_HT1_EC1,Full,S025@corridor@inactive:i102:nsga2:s1070000:r0:PR1_HT1_EC1:5ea31455e620,2e814cd9fcac3903c94a188170ea145cdf0012758210e24bec0ee8270490ed48,p0026,21581d8c61163e9a,False,0.0,0.0,0.0,False,False,False
S025,corridor,inactive,102,1070000,0,PR1_HT1_EC1,Full,S025@corridor@inactive:i102:nsga2:s1070000:r0:PR1_HT1_EC1:5ea31455e620,2e814cd9fcac3903c94a188170ea145cdf0012758210e24bec0ee8270490ed48,p0027,dc7efe3606389d3c,False,0.0,0.0,0.0,False,False,False
S025,corridor,inactive,102,1070000,0,PR1_HT1_EC1,Full,S025@corridor@inactive:i102:nsga2:s1070000:r0:PR1_HT1_EC1:5ea31455e620,2e814cd9fcac3903c94a188170ea145cdf0012758210e24bec0ee8270490ed48,p0028,ebc22ec78c55a67e,False,0.0,0.0,0.0,False,False,False
S025,corridor,inactive,102,1070000,0,PR1_HT1_EC1,Full,S025@corridor@inactive:i102:nsga2:s1070000:r0:PR1_HT1_EC1:5ea31455e620,2e814cd9fcac3903c94a188170ea145cdf0012758210e24bec0ee8270490ed48,p0029,c0c1fc241f77c507,False,0.0,0.0,0.0,False,False,False
S025,corridor,inactive,102,1070000,0,PR1_HT1_EC1,Full,S025@corridor@inactive:i102:nsga2:s1070000:r0:PR1_HT1_EC1:5ea31455e620,2e814cd9fcac3903c94a188170ea145cdf0012758210e24bec0ee8270490ed48,p0030,57d175baffb1590e,False,0.0,0.0,0.0,False,False,False
S025,corridor,inactive,102,1070000,0,PR1_HT1_EC1,Full,S025@corridor@inactive:i102:nsga2:s1070000:r0:PR1_HT1_EC1:5ea31455e620,2e814cd9fcac3903c94a188170ea145cdf0012758210e24bec0ee8270490ed48,p0031,2721de4a6854565a,False,0.0,0.0,0.0,False,False,False
S025,corridor,inactive,102,1070000,0,PR1_HT1_EC1,Full,S025@corridor@inactive:i102:nsga2:s1070000:r0:PR1_HT1_EC1:5ea31455e620,2e814cd9fcac3903c94a188170ea145cdf0012758210e24bec0ee8270490ed48,p0032,538220dc36aff393,False,0.0,0.0,0.0,False,False,False
S025,corridor,inactive,102,1070000,0,PR1_HT1_EC1,Full,S025@corridor@inactive:i102:nsga2:s1070000:r0:PR1_HT1_EC1:5ea31455e620,2e814cd9fcac3903c94a188170ea145cdf0012758210e24bec0ee8270490ed48,p0033,633994e84433dd53,False,0.0,0.0,0.0,False,False,False
S025,corridor,inactive,102,1070000,0,PR1_HT1_EC1,Full,S025@corridor@inactive:i102:nsga2:s1070000:r0:PR1_HT1_EC1:5ea31455e620,2e814cd9fcac3903c94a188170ea145cdf0012758210e24bec0ee8270490ed48,p0034,0e01ee2cbe6870e6,False,0.0,0.0,0.0,False,False,False
S025,corridor,inactive,102,1070000,0,PR1_HT1_EC1,Full,S025@corridor@inactive:i102:nsga2:s1070000:r0:PR1_HT1_EC1:5ea31455e620,2e814cd9fcac3903c94a188170ea145cdf0012758210e24bec0ee8270490ed48,p0035,89a39ddc0427e7fa,False,0.0,0.0,0.0,False,False,False
S025,corridor,inactive,102,1070000,0,PR1_HT1_EC1,Full,S025@corridor@inactive:i102:nsga2:s1070000:r0:PR1_HT1_EC1:5ea31455e620,2e814cd9fcac3903c94a188170ea145cdf0012758210e24bec0ee8270490ed48,p0036,539c8197b9fe0771,False,0.0,0.0,0.0,False,False,False
S025,corridor,inactive,102,1070000,0,PR1_HT1_EC1,Full,S025@corridor@inactive:i102:nsga2:s1070000:r0:PR1_HT1_EC1:5ea31455e620,2e814cd9fcac3903c94a188170ea145cdf0012758210e24bec0ee8270490ed48,p0037,44dc953eab97cdf2,False,0.0,0.0,0.0,False,False,False
S025,corridor,inactive,102,1070000,0,PR1_HT1_EC1,Full,S025@corridor@inactive:i102:nsga2:s1070000:r0:PR1_HT1_EC1:5ea31455e620,2e814cd9fcac3903c94a188170ea145cdf0012758210e24bec0ee8270490ed48,p0038,f15db4dec8a964a3,False,0.0,0.0,0.0,False,False,False
S025,corridor,inactive,102,1070000,0,PR1_HT1_EC1,Full,S025@corridor@inactive:i102:nsga2:s1070000:r0:PR1_HT1_EC1:5ea31455e620,2e814cd9fcac3903c94a188170ea145cdf0012758210e24bec0ee8270490ed48,p0039,f6ac60db45fe92fd,False,0.0,0.0,0.0,False,False,False
S025,corridor,inactive,102,1070000,0,PR1_HT1_EC1,Full,S025@corridor@inactive:i102:nsga2:s1070000:r0:PR1_HT1_EC1:5ea31455e620,2e814cd9fcac3903c94a188170ea145cdf0012758210e24bec0ee8270490ed48,p0040,0a50e80eda4f8784,False,0.0,0.0,0.0,False,False,False
S025,corridor,inactive,102,1070000,0,PR1_HT1_EC1,Full,S025@corridor@inactive:i102:nsga2:s1070000:r0:PR1_HT1_EC1:5ea31455e620,2e814cd9fcac3903c94a188170ea145cdf0012758210e24bec0ee8270490ed48,p0041,06a7db589f8f9d2a,False,0.0,0.0,0.0,False,False,False
S025,corridor,inactive,102,1070000,0,PR1_HT1_EC1,Full,S025@corridor@inactive:i102:nsga2:s1070000:r0:PR1_HT1_EC1:5ea31455e620,2e814cd9fcac3903c94a188170ea145cdf0012758210e24bec0ee8270490ed48,p0042,674d9d2a9383d5a4,False,0.0,0.0,0.0,False,False,False
S025,corridor,inactive,102,1070000,0,PR1_HT1_EC1,Full,S025@corridor@inactive:i102:nsga2:s1070000:r0:PR1_HT1_EC1:5ea31455e620,2e814cd9fcac3903c94a188170ea145cdf0012758210e24bec0ee8270490ed48,p0043,94f10a966cac0dd3,False,0.0,0.0,0.0,False,False,False
S025,corridor,inactive,102,1070000,0,PR1_HT1_EC1,Full,S025@corridor@inactive:i102:nsga2:s1070000:r0:PR1_HT1_EC1:5ea31455e620,2e814cd9fcac3903c94a188170ea145cdf0012758210e24bec0ee8270490ed48,p0044,3bc12b283bc695b5,False,0.0,0.0,0.0,False,False,False
S025,corridor,inactive,102,1070000,0,PR1_HT1_EC1,Full,S025@corridor@inactive:i102:nsga2:s1070000:r0:PR1_HT1_EC1:5ea31455e620,2e814cd9fcac3903c94a188170ea145cdf0012758210e24bec0ee8270490ed48,p0045,ffe70fe6e6cc549d,False,0.0,0.0,0.0,False,False,False
S025,corridor,inactive,102,1070000,0,PR1_HT1_EC1,Full,S025@corridor@inactive:i102:nsga2:s1070000:r0:PR1_HT1_EC1:5ea31455e620,2e814cd9fcac3903c94a188170ea145cdf0012758210e24bec0ee8270490ed48,p0046,ff1ce977931c92f2,False,0.0,0.0,0.0,False,False,False
S025,corridor,inactive,102,1070000,0,PR1_HT1_EC1,Full,S025@corridor@inactive:i102:nsga2:s1070000:r0:PR1_HT1_EC1:5ea31455e620,2e814cd9fcac3903c94a188170ea145cdf0012758210e24bec0ee8270490ed48,p0047,70c2bc86b1bea398,False,0.0,0.0,0.0,False,False,False
S025,corridor,inactive,102,1070000,0,PR1_HT1_EC1,Full,S025@corridor@inactive:i102:nsga2:s1070000:r0:PR1_HT1_EC1:5ea31455e620,2e814cd9fcac3903c94a188170ea145cdf0012758210e24bec0ee8270490ed48,p0048,a6cfe6dc4300923a,False,0.0,0.0,0.0,False,False,False
S025,corridor,inactive,102,1070000,0,PR1_HT1_EC1,Full,S025@corridor@inactive:i102:nsga2:s1070000:r0:PR1_HT1_EC1:5ea31455e620,2e814cd9fcac3903c94a188170ea145cdf0012758210e24bec0ee8270490ed48,p0049,4dd48daf2b99b470,False,0.0,0.0,0.0,False,False,False
S025,corridor,inactive,102,1070000,0,PR1_HT1_EC1,Full,S025@corridor@inactive:i102:nsga2:s1070000:r0:PR1_HT1_EC1:5ea31455e620,2e814cd9fcac3903c94a188170ea145cdf0012758210e24bec0ee8270490ed48,p0050,fa578f940c6f8fee,False,0.0,0.0,0.0,False,False,False
S025,corridor,inactive,102,1070001,1,PR0_HT1_EC1,No-PR,S025@corridor@inactive:i102:nsga2:s1070001:r1:PR0_HT1_EC1:058a193aaa0a,2e814cd9fcac3903c94a188170ea145cdf0012758210e24bec0ee8270490ed48,p0001,1ef01e5e00d2b089,True,-0.33069905068043415,714.0576247182576,0.0,True,True,False
S025,corridor,inactive,102,1070001,1,PR0_HT1_EC1,No-PR,S025@corridor@inactive:i102:nsga2:s1070001:r1:PR0_HT1_EC1:058a193aaa0a,2e814cd9fcac3903c94a188170ea145cdf0012758210e24bec0ee8270490ed48,p0002,09eac199b7185d66,False,-0.3144680823929624,423.9750582231345,-0.05235602094240843,True,True,True
S025,corridor,inactive,102,1070001,1,PR0_HT1_EC1,No-PR,S025@corridor@inactive:i102:nsga2:s1070001:r1:PR0_HT1_EC1:058a193aaa0a,2e814cd9fcac3903c94a188170ea145cdf0012758210e24bec0ee8270490ed48,p0003,8390b33d0a2a1f93,False,-0.24036027493434187,414.3127100015827,-0.040322580645161255,True,True,True
S025,corridor,inactive,102,1070001,1,PR0_HT1_EC1,No-PR,S025@corridor@inactive:i102:nsga2:s1070001:r1:PR0_HT1_EC1:058a193aaa0a,2e814cd9fcac3903c94a188170ea145cdf0012758210e24bec0ee8270490ed48,p0004,2953efa5b4f8e71c,False,-0.2910378507278093,879.6481918837992,0.04032258064516131,True,True,True
S025,corridor,inactive,102,1070001,1,PR0_HT1_EC1,No-PR,S025@corridor@inactive:i102:nsga2:s1070001:r1:PR0_HT1_EC1:058a193aaa0a,2e814cd9fcac3903c94a188170ea145cdf0012758210e24bec0ee8270490ed48,p0005,544822acb9ce7910,False,-0.15508286544723493,423.9750582231343,0.0,True,True,False
S025,corridor,inactive,102,1070001,1,PR0_HT1_EC1,No-PR,S025@corridor@inactive:i102:nsga2:s1070001:r1:PR0_HT1_EC1:058a193aaa0a,2e814cd9fcac3903c94a188170ea145cdf0012758210e24bec0ee8270490ed48,p0006,5cd5968a047c502c,False,-0.20198437188088914,858.2215032863553,0.040322580645161296,True,True,True
S025,corridor,inactive,102,1070001,1,PR0_HT1_EC1,No-PR,S025@corridor@inactive:i102:nsga2:s1070001:r1:PR0_HT1_EC1:058a193aaa0a,2e814cd9fcac3903c94a188170ea145cdf0012758210e24bec0ee8270490ed48,p0007,98601bec686c3295,False,-0.23232499434340603,823.7235717135748,-0.13089005235602094,True,True,True
S025,corridor,inactive,102,1070001,1,PR0_HT1_EC1,No-PR,S025@corridor@inactive:i102:nsga2:s1070001:r1:PR0_HT1_EC1:058a193aaa0a,2e814cd9fcac3903c94a188170ea145cdf0012758210e24bec0ee8270490ed48,p0008,267252e7b4d857b2,False,0.0,0.0,0.0,False,False,False
S025,corridor,inactive,102,1070001,1,PR1_HT0_EC1,No-HT,S025@corridor@inactive:i102:nsga2:s1070001:r1:PR1_HT0_EC1:2dd37455a867,2e814cd9fcac3903c94a188170ea145cdf0012758210e24bec0ee8270490ed48,p0001,a1ec65e0f543a200,True,0.666193304931828,179.4418757790254,0.024469820554719468,True,True,True
S025,corridor,inactive,102,1070001,1,PR1_HT0_EC1,No-HT,S025@corridor@inactive:i102:nsga2:s1070001:r1:PR1_HT0_EC1:2dd37455a867,2e814cd9fcac3903c94a188170ea145cdf0012758210e24bec0ee8270490ed48,p0002,1650e605ab8ae098,False,0.4630473266382893,-37.52771644070981,0.10940114718715133,True,True,True
S025,corridor,inactive,102,1070001,1,PR1_HT0_EC1,No-HT,S025@corridor@inactive:i102:nsga2:s1070001:r1:PR1_HT0_EC1:2dd37455a867,2e814cd9fcac3903c94a188170ea145cdf0012758210e24bec0ee8270490ed48,p0003,35125a5ab49fe4d0,False,0.4444342908593386,-137.7396539406991,0.16129032258064513,True,True,True
S025,corridor,inactive,102,1070001,1,PR1_HT0_EC1,No-HT,S025@corridor@inactive:i102:nsga2:s1070001:r1:PR1_HT0_EC1:2dd37455a867,2e814cd9fcac3903c94a188170ea145cdf0012758210e24bec0ee8270490ed48,p0004,25abae9b12132fe6,False,0.5317890410229023,-396.5718087362202,0.28225806451612906,True,True,True
S025,corridor,inactive,102,1070001,1,PR1_HT0_EC1,No-HT,S025@corridor@inactive:i102:nsga2:s1070001:r1:PR1_HT0_EC1:2dd37455a867,2e814cd9fcac3903c94a188170ea145cdf0012758210e24bec0ee8270490ed48,p0005,a83c4eef84222023,False,0.2205852907384207,-120.57725346732809,0.16129032258064513,True,True,True
S025,corridor,inactive,102,1070001,1,PR1_HT0_EC1,No-HT,S025@corridor@inactive:i102:nsga2:s1070001:r1:PR1_HT0_EC1:2dd37455a867,2e814cd9fcac3903c94a188170ea145cdf0012758210e24bec0ee8270490ed48,p0006,758cbfc90d19d96b,False,0.1349664616286077,-160.75207102428817,0.16129032258064518,True,True,True
S025,corridor,inactive,102,1070001,1,PR1_HT0_EC1,No-HT,S025@corridor@inactive:i102:nsga2:s1070001:r1:PR1_HT0_EC1:2dd37455a867,2e814cd9fcac3903c94a188170ea145cdf0012758210e24bec0ee8270490ed48,p0007,3d0dcc54e29bff1e,False,0.06049572499715428,-114.97708126929115,0.12096774193548387,True,True,True
S025,corridor,inactive,102,1070001,1,PR1_HT0_EC1,No-HT,S025@corridor@inactive:i102:nsga2:s1070001:r1:PR1_HT0_EC1:2dd37455a867,2e814cd9fcac3903c94a188170ea145cdf0012758210e24bec0ee8270490ed48,p0008,cdf9042960ed6bdb,False,0.0,0.0,0.0,False,False,False
S025,corridor,inactive,102,1070001,1,PR1_HT1_EC0,No-EC,S025@corridor@inactive:i102:nsga2:s1070001:r1:PR1_HT1_EC0:a0d4a79acbb1,2e814cd9fcac3903c94a188170ea145cdf0012758210e24bec0ee8270490ed48,p0001,3e9039048ffa5f58,False,0.0,0.0,0.0,False,False,False
S025,corridor,inactive,102,1070001,1,PR1_HT1_EC0,No-EC,S025@corridor@inactive:i102:nsga2:s1070001:r1:PR1_HT1_EC0:a0d4a79acbb1,2e814cd9fcac3903c94a188170ea145cdf0012758210e24bec0ee8270490ed48,p0002,aa165ac468b6c4a0,False,0.0,0.0,0.0,False,False,False
S025,corridor,inactive,102,1070001,1,PR1_HT1_EC0,No-EC,S025@corridor@inactive:i102:nsga2:s1070001:r1:PR1_HT1_EC0:a0d4a79acbb1,2e814cd9fcac3903c94a188170ea145cdf0012758210e24bec0ee8270490ed48,p0003,51014ec09f7ad08b,False,0.0,0.0,0.0,False,False,False
S025,corridor,inactive,102,1070001,1,PR1_HT1_EC0,No-EC,S025@corridor@inactive:i102:nsga2:s1070001:r1:PR1_HT1_EC0:a0d4a79acbb1,2e814cd9fcac3903c94a188170ea145cdf0012758210e24bec0ee8270490ed48,p0004,bd0f9cccf9ba143f,True,0.0,0.0,0.0,False,False,False
S025,corridor,inactive,102,1070001,1,PR1_HT1_EC0,No-EC,S025@corridor@inactive:i102:nsga2:s1070001:r1:PR1_HT1_EC0:a0d4a79acbb1,2e814cd9fcac3903c94a188170ea145cdf0012758210e24bec0ee8270490ed48,p0005,ee73208bdaf3a193,False,0.0,0.0,0.0,False,False,False
S025,corridor,inactive,102,1070001,1,PR1_HT1_EC0,No-EC,S025@corridor@inactive:i102:nsga2:s1070001:r1:PR1_HT1_EC0:a0d4a79acbb1,2e814cd9fcac3903c94a188170ea145cdf0012758210e24bec0ee8270490ed48,p0006,56c7ea36c95be9dc,False,0.0,0.0,0.0,False,False,False
S025,corridor,inactive,102,1070001,1,PR1_HT1_EC0,No-EC,S025@corridor@inactive:i102:nsga2:s1070001:r1:PR1_HT1_EC0:a0d4a79acbb1,2e814cd9fcac3903c94a188170ea145cdf0012758210e24bec0ee8270490ed48,p0007,a680b37c687f8524,False,0.0,0.0,0.0,False,False,False
S025,corridor,inactive,102,1070001,1,PR1_HT1_EC0,No-EC,S025@corridor@inactive:i102:nsga2:s1070001:r1:PR1_HT1_EC0:a0d4a79acbb1,2e814cd9fcac3903c94a188170ea145cdf0012758210e24bec0ee8270490ed48,p0008,cdf56d71b340984c,False,0.0,0.0,0.0,False,False,False
S025,corridor,inactive,102,1070001,1,PR1_HT1_EC0,No-EC,S025@corridor@inactive:i102:nsga2:s1070001:r1:PR1_HT1_EC0:a0d4a79acbb1,2e814cd9fcac3903c94a188170ea145cdf0012758210e24bec0ee8270490ed48,p0009,68dbc11fcaaadb53,False,0.0,0.0,0.0,False,False,False
S025,corridor,inactive,102,1070001,1,PR1_HT1_EC0,No-EC,S025@corridor@inactive:i102:nsga2:s1070001:r1:PR1_HT1_EC0:a0d4a79acbb1,2e814cd9fcac3903c94a188170ea145cdf0012758210e24bec0ee8270490ed48,p0010,7a699c9ca4eb8a6d,False,0.0,0.0,0.0,False,False,False
S025,corridor,inactive,102,1070001,1,PR1_HT1_EC0,No-EC,S025@corridor@inactive:i102:nsga2:s1070001:r1:PR1_HT1_EC0:a0d4a79acbb1,2e814cd9fcac3903c94a188170ea145cdf0012758210e24bec0ee8270490ed48,p0011,63f4e0d9c6b04660,False,0.0,0.0,0.0,False,False,False
S025,corridor,inactive,102,1070001,1,PR1_HT1_EC0,No-EC,S025@corridor@inactive:i102:nsga2:s1070001:r1:PR1_HT1_EC0:a0d4a79acbb1,2e814cd9fcac3903c94a188170ea145cdf0012758210e24bec0ee8270490ed48,p0012,75346c41e0d3e54d,False,0.0,0.0,0.0,False,False,False
S025,corridor,inactive,102,1070001,1,PR1_HT1_EC0,No-EC,S025@corridor@inactive:i102:nsga2:s1070001:r1:PR1_HT1_EC0:a0d4a79acbb1,2e814cd9fcac3903c94a188170ea145cdf0012758210e24bec0ee8270490ed48,p0013,13c33b747c1b3b10,False,0.0,0.0,0.0,False,False,False
S025,corridor,inactive,102,1070001,1,PR1_HT1_EC0,No-EC,S025@corridor@inactive:i102:nsga2:s1070001:r1:PR1_HT1_EC0:a0d4a79acbb1,2e814cd9fcac3903c94a188170ea145cdf0012758210e24bec0ee8270490ed48,p0014,7bcd0e6d38fa182a,False,0.0,0.0,0.0,False,False,False
S025,corridor,inactive,102,1070001,1,PR1_HT1_EC0,No-EC,S025@corridor@inactive:i102:nsga2:s1070001:r1:PR1_HT1_EC0:a0d4a79acbb1,2e814cd9fcac3903c94a188170ea145cdf0012758210e24bec0ee8270490ed48,p0015,b4209e76d878161b,False,0.0,0.0,0.0,False,False,False
S025,corridor,inactive,102,1070001,1,PR1_HT1_EC0,No-EC,S025@corridor@inactive:i102:nsga2:s1070001:r1:PR1_HT1_EC0:a0d4a79acbb1,2e814cd9fcac3903c94a188170ea145cdf0012758210e24bec0ee8270490ed48,p0016,b9f2d7dbdda60827,False,0.0,0.0,0.0,False,False,False
S025,corridor,inactive,102,1070001,1,PR1_HT1_EC0,No-EC,S025@corridor@inactive:i102:nsga2:s1070001:r1:PR1_HT1_EC0:a0d4a79acbb1,2e814cd9fcac3903c94a188170ea145cdf0012758210e24bec0ee8270490ed48,p0017,3e9a264020cd83b1,False,0.0,0.0,0.0,False,False,False
S025,corridor,inactive,102,1070001,1,PR1_HT1_EC0,No-EC,S025@corridor@inactive:i102:nsga2:s1070001:r1:PR1_HT1_EC0:a0d4a79acbb1,2e814cd9fcac3903c94a188170ea145cdf0012758210e24bec0ee8270490ed48,p0018,bdfc20842f4f102a,False,0.0,0.0,0.0,False,False,False
S025,corridor,inactive,102,1070001,1,PR1_HT1_EC0,No-EC,S025@corridor@inactive:i102:nsga2:s1070001:r1:PR1_HT1_EC0:a0d4a79acbb1,2e814cd9fcac3903c94a188170ea145cdf0012758210e24bec0ee8270490ed48,p0019,f99d07a57bdb0540,False,0.0,0.0,0.0,False,False,False
S025,corridor,inactive,102,1070001,1,PR1_HT1_EC0,No-EC,S025@corridor@inactive:i102:nsga2:s1070001:r1:PR1_HT1_EC0:a0d4a79acbb1,2e814cd9fcac3903c94a188170ea145cdf0012758210e24bec0ee8270490ed48,p0020,67c129f44e9dac6c,False,0.0,0.0,0.0,False,False,False
S025,corridor,inactive,102,1070001,1,PR1_HT1_EC0,No-EC,S025@corridor@inactive:i102:nsga2:s1070001:r1:PR1_HT1_EC0:a0d4a79acbb1,2e814cd9fcac3903c94a188170ea145cdf0012758210e24bec0ee8270490ed48,p0021,0a2d7a21f5486e3a,False,0.0,0.0,0.0,False,False,False
S025,corridor,inactive,102,1070001,1,PR1_HT1_EC0,No-EC,S025@corridor@inactive:i102:nsga2:s1070001:r1:PR1_HT1_EC0:a0d4a79acbb1,2e814cd9fcac3903c94a188170ea145cdf0012758210e24bec0ee8270490ed48,p0022,f009f7463f4e5a23,False,0.0,0.0,0.0,False,False,False
S025,corridor,inactive,102,1070001,1,PR1_HT1_EC0,No-EC,S025@corridor@inactive:i102:nsga2:s1070001:r1:PR1_HT1_EC0:a0d4a79acbb1,2e814cd9fcac3903c94a188170ea145cdf0012758210e24bec0ee8270490ed48,p0023,0232da29c8e9d835,False,0.0,0.0,0.0,False,False,False
S025,corridor,inactive,102,1070001,1,PR1_HT1_EC0,No-EC,S025@corridor@inactive:i102:nsga2:s1070001:r1:PR1_HT1_EC0:a0d4a79acbb1,2e814cd9fcac3903c94a188170ea145cdf0012758210e24bec0ee8270490ed48,p0024,02d43bf1955eec34,False,0.0,0.0,0.0,False,False,False
S025,corridor,inactive,102,1070001,1,PR1_HT1_EC0,No-EC,S025@corridor@inactive:i102:nsga2:s1070001:r1:PR1_HT1_EC0:a0d4a79acbb1,2e814cd9fcac3903c94a188170ea145cdf0012758210e24bec0ee8270490ed48,p0025,a31fca247f634a58,False,0.0,0.0,0.0,False,False,False
S025,corridor,inactive,102,1070001,1,PR1_HT1_EC0,No-EC,S025@corridor@inactive:i102:nsga2:s1070001:r1:PR1_HT1_EC0:a0d4a79acbb1,2e814cd9fcac3903c94a188170ea145cdf0012758210e24bec0ee8270490ed48,p0026,fa50b1a3cd5344de,False,0.0,0.0,0.0,False,False,False
S025,corridor,inactive,102,1070001,1,PR1_HT1_EC0,No-EC,S025@corridor@inactive:i102:nsga2:s1070001:r1:PR1_HT1_EC0:a0d4a79acbb1,2e814cd9fcac3903c94a188170ea145cdf0012758210e24bec0ee8270490ed48,p0027,d95edc2d49aa2bad,False,0.0,0.0,0.0,False,False,False
S025,corridor,inactive,102,1070001,1,PR1_HT1_EC0,No-EC,S025@corridor@inactive:i102:nsga2:s1070001:r1:PR1_HT1_EC0:a0d4a79acbb1,2e814cd9fcac3903c94a188170ea145cdf0012758210e24bec0ee8270490ed48,p0028,a87232fb5a08a4a0,False,0.0,0.0,0.0,False,False,False
S025,corridor,inactive,102,1070001,1,PR1_HT1_EC0,No-EC,S025@corridor@inactive:i102:nsga2:s1070001:r1:PR1_HT1_EC0:a0d4a79acbb1,2e814cd9fcac3903c94a188170ea145cdf0012758210e24bec0ee8270490ed48,p0029,0acd55e6b6ac3ed4,False,0.0,0.0,0.0,False,False,False
S025,corridor,inactive,102,1070001,1,PR1_HT1_EC0,No-EC,S025@corridor@inactive:i102:nsga2:s1070001:r1:PR1_HT1_EC0:a0d4a79acbb1,2e814cd9fcac3903c94a188170ea145cdf0012758210e24bec0ee8270490ed48,p0030,db571e707b2bec5c,False,0.0,0.0,0.0,False,False,False
S025,corridor,inactive,102,1070001,1,PR1_HT1_EC0,No-EC,S025@corridor@inactive:i102:nsga2:s1070001:r1:PR1_HT1_EC0:a0d4a79acbb1,2e814cd9fcac3903c94a188170ea145cdf0012758210e24bec0ee8270490ed48,p0031,7de2253c853c8d9b,False,0.0,0.0,0.0,False,False,False
S025,corridor,inactive,102,1070001,1,PR1_HT1_EC0,No-EC,S025@corridor@inactive:i102:nsga2:s1070001:r1:PR1_HT1_EC0:a0d4a79acbb1,2e814cd9fcac3903c94a188170ea145cdf0012758210e24bec0ee8270490ed48,p0032,cec1c6b40ffc1b5b,False,0.0,0.0,0.0,False,False,False
S025,corridor,inactive,102,1070001,1,PR1_HT1_EC0,No-EC,S025@corridor@inactive:i102:nsga2:s1070001:r1:PR1_HT1_EC0:a0d4a79acbb1,2e814cd9fcac3903c94a188170ea145cdf0012758210e24bec0ee8270490ed48,p0033,42a31adb5690637c,False,0.0,0.0,0.0,False,False,False
S025,corridor,inactive,102,1070001,1,PR1_HT1_EC0,No-EC,S025@corridor@inactive:i102:nsga2:s1070001:r1:PR1_HT1_EC0:a0d4a79acbb1,2e814cd9fcac3903c94a188170ea145cdf0012758210e24bec0ee8270490ed48,p0034,8978aa70b18b31e4,False,0.0,0.0,0.0,False,False,False
S025,corridor,inactive,102,1070001,1,PR1_HT1_EC0,No-EC,S025@corridor@inactive:i102:nsga2:s1070001:r1:PR1_HT1_EC0:a0d4a79acbb1,2e814cd9fcac3903c94a188170ea145cdf0012758210e24bec0ee8270490ed48,p0035,c3c5676ac1515c73,False,0.0,0.0,0.0,False,False,False
S025,corridor,inactive,102,1070001,1,PR1_HT1_EC0,No-EC,S025@corridor@inactive:i102:nsga2:s1070001:r1:PR1_HT1_EC0:a0d4a79acbb1,2e814cd9fcac3903c94a188170ea145cdf0012758210e24bec0ee8270490ed48,p0036,fdb278878143a63e,False,0.0,0.0,0.0,False,False,False
S025,corridor,inactive,102,1070001,1,PR1_HT1_EC0,No-EC,S025@corridor@inactive:i102:nsga2:s1070001:r1:PR1_HT1_EC0:a0d4a79acbb1,2e814cd9fcac3903c94a188170ea145cdf0012758210e24bec0ee8270490ed48,p0037,6fbbec013d74fc9a,False,0.0,0.0,0.0,False,False,False
S025,corridor,inactive,102,1070001,1,PR1_HT1_EC0,No-EC,S025@corridor@inactive:i102:nsga2:s1070001:r1:PR1_HT1_EC0:a0d4a79acbb1,2e814cd9fcac3903c94a188170ea145cdf0012758210e24bec0ee8270490ed48,p0038,65f0b1fc6acbe4d2,False,0.0,0.0,0.0,False,False,False
S025,corridor,inactive,102,1070001,1,PR1_HT1_EC0,No-EC,S025@corridor@inactive:i102:nsga2:s1070001:r1:PR1_HT1_EC0:a0d4a79acbb1,2e814cd9fcac3903c94a188170ea145cdf0012758210e24bec0ee8270490ed48,p0039,795bd1418d862de7,False,0.0,0.0,0.0,False,False,False
S025,corridor,inactive,102,1070001,1,PR1_HT1_EC0,No-EC,S025@corridor@inactive:i102:nsga2:s1070001:r1:PR1_HT1_EC0:a0d4a79acbb1,2e814cd9fcac3903c94a188170ea145cdf0012758210e24bec0ee8270490ed48,p0040,22e56564b13fe6c0,False,0.0,0.0,0.0,False,False,False
S025,corridor,inactive,102,1070001,1,PR1_HT1_EC0,No-EC,S025@corridor@inactive:i102:nsga2:s1070001:r1:PR1_HT1_EC0:a0d4a79acbb1,2e814cd9fcac3903c94a188170ea145cdf0012758210e24bec0ee8270490ed48,p0041,951aeff294510a56,False,0.0,0.0,0.0,False,False,False
S025,corridor,inactive,102,1070001,1,PR1_HT1_EC0,No-EC,S025@corridor@inactive:i102:nsga2:s1070001:r1:PR1_HT1_EC0:a0d4a79acbb1,2e814cd9fcac3903c94a188170ea145cdf0012758210e24bec0ee8270490ed48,p0042,eda5f50914e3d853,False,0.0,0.0,0.0,False,False,False
S025,corridor,inactive,102,1070001,1,PR1_HT1_EC1,Full,S025@corridor@inactive:i102:nsga2:s1070001:r1:PR1_HT1_EC1:92d9f9fb0c34,2e814cd9fcac3903c94a188170ea145cdf0012758210e24bec0ee8270490ed48,p0001,3e9039048ffa5f58,False,0.0,0.0,0.0,False,False,False
S025,corridor,inactive,102,1070001,1,PR1_HT1_EC1,Full,S025@corridor@inactive:i102:nsga2:s1070001:r1:PR1_HT1_EC1:92d9f9fb0c34,2e814cd9fcac3903c94a188170ea145cdf0012758210e24bec0ee8270490ed48,p0002,aa165ac468b6c4a0,False,0.0,0.0,0.0,False,False,False
S025,corridor,inactive,102,1070001,1,PR1_HT1_EC1,Full,S025@corridor@inactive:i102:nsga2:s1070001:r1:PR1_HT1_EC1:92d9f9fb0c34,2e814cd9fcac3903c94a188170ea145cdf0012758210e24bec0ee8270490ed48,p0003,51014ec09f7ad08b,False,0.0,0.0,0.0,False,False,False
S025,corridor,inactive,102,1070001,1,PR1_HT1_EC1,Full,S025@corridor@inactive:i102:nsga2:s1070001:r1:PR1_HT1_EC1:92d9f9fb0c34,2e814cd9fcac3903c94a188170ea145cdf0012758210e24bec0ee8270490ed48,p0004,bd0f9cccf9ba143f,True,0.0,0.0,0.0,False,False,False
S025,corridor,inactive,102,1070001,1,PR1_HT1_EC1,Full,S025@corridor@inactive:i102:nsga2:s1070001:r1:PR1_HT1_EC1:92d9f9fb0c34,2e814cd9fcac3903c94a188170ea145cdf0012758210e24bec0ee8270490ed48,p0005,ee73208bdaf3a193,False,0.0,0.0,0.0,False,False,False
S025,corridor,inactive,102,1070001,1,PR1_HT1_EC1,Full,S025@corridor@inactive:i102:nsga2:s1070001:r1:PR1_HT1_EC1:92d9f9fb0c34,2e814cd9fcac3903c94a188170ea145cdf0012758210e24bec0ee8270490ed48,p0006,56c7ea36c95be9dc,False,0.0,0.0,0.0,False,False,False
S025,corridor,inactive,102,1070001,1,PR1_HT1_EC1,Full,S025@corridor@inactive:i102:nsga2:s1070001:r1:PR1_HT1_EC1:92d9f9fb0c34,2e814cd9fcac3903c94a188170ea145cdf0012758210e24bec0ee8270490ed48,p0007,a680b37c687f8524,False,0.0,0.0,0.0,False,False,False
S025,corridor,inactive,102,1070001,1,PR1_HT1_EC1,Full,S025@corridor@inactive:i102:nsga2:s1070001:r1:PR1_HT1_EC1:92d9f9fb0c34,2e814cd9fcac3903c94a188170ea145cdf0012758210e24bec0ee8270490ed48,p0008,cdf56d71b340984c,False,0.0,0.0,0.0,False,False,False
S025,corridor,inactive,102,1070001,1,PR1_HT1_EC1,Full,S025@corridor@inactive:i102:nsga2:s1070001:r1:PR1_HT1_EC1:92d9f9fb0c34,2e814cd9fcac3903c94a188170ea145cdf0012758210e24bec0ee8270490ed48,p0009,68dbc11fcaaadb53,False,0.0,0.0,0.0,False,False,False
S025,corridor,inactive,102,1070001,1,PR1_HT1_EC1,Full,S025@corridor@inactive:i102:nsga2:s1070001:r1:PR1_HT1_EC1:92d9f9fb0c34,2e814cd9fcac3903c94a188170ea145cdf0012758210e24bec0ee8270490ed48,p0010,7a699c9ca4eb8a6d,False,0.0,0.0,0.0,False,False,False
S025,corridor,inactive,102,1070001,1,PR1_HT1_EC1,Full,S025@corridor@inactive:i102:nsga2:s1070001:r1:PR1_HT1_EC1:92d9f9fb0c34,2e814cd9fcac3903c94a188170ea145cdf0012758210e24bec0ee8270490ed48,p0011,63f4e0d9c6b04660,False,0.0,0.0,0.0,False,False,False
S025,corridor,inactive,102,1070001,1,PR1_HT1_EC1,Full,S025@corridor@inactive:i102:nsga2:s1070001:r1:PR1_HT1_EC1:92d9f9fb0c34,2e814cd9fcac3903c94a188170ea145cdf0012758210e24bec0ee8270490ed48,p0012,75346c41e0d3e54d,False,0.0,0.0,0.0,False,False,False
S025,corridor,inactive,102,1070001,1,PR1_HT1_EC1,Full,S025@corridor@inactive:i102:nsga2:s1070001:r1:PR1_HT1_EC1:92d9f9fb0c34,2e814cd9fcac3903c94a188170ea145cdf0012758210e24bec0ee8270490ed48,p0013,13c33b747c1b3b10,False,0.0,0.0,0.0,False,False,False
S025,corridor,inactive,102,1070001,1,PR1_HT1_EC1,Full,S025@corridor@inactive:i102:nsga2:s1070001:r1:PR1_HT1_EC1:92d9f9fb0c34,2e814cd9fcac3903c94a188170ea145cdf0012758210e24bec0ee8270490ed48,p0014,7bcd0e6d38fa182a,False,0.0,0.0,0.0,False,False,False
S025,corridor,inactive,102,1070001,1,PR1_HT1_EC1,Full,S025@corridor@inactive:i102:nsga2:s1070001:r1:PR1_HT1_EC1:92d9f9fb0c34,2e814cd9fcac3903c94a188170ea145cdf0012758210e24bec0ee8270490ed48,p0015,b4209e76d878161b,False,0.0,0.0,0.0,False,False,False
S025,corridor,inactive,102,1070001,1,PR1_HT1_EC1,Full,S025@corridor@inactive:i102:nsga2:s1070001:r1:PR1_HT1_EC1:92d9f9fb0c34,2e814cd9fcac3903c94a188170ea145cdf0012758210e24bec0ee8270490ed48,p0016,b9f2d7dbdda60827,False,0.0,0.0,0.0,False,False,False
S025,corridor,inactive,102,1070001,1,PR1_HT1_EC1,Full,S025@corridor@inactive:i102:nsga2:s1070001:r1:PR1_HT1_EC1:92d9f9fb0c34,2e814cd9fcac3903c94a188170ea145cdf0012758210e24bec0ee8270490ed48,p0017,3e9a264020cd83b1,False,0.0,0.0,0.0,False,False,False
S025,corridor,inactive,102,1070001,1,PR1_HT1_EC1,Full,S025@corridor@inactive:i102:nsga2:s1070001:r1:PR1_HT1_EC1:92d9f9fb0c34,2e814cd9fcac3903c94a188170ea145cdf0012758210e24bec0ee8270490ed48,p0018,bdfc20842f4f102a,False,0.0,0.0,0.0,False,False,False
S025,corridor,inactive,102,1070001,1,PR1_HT1_EC1,Full,S025@corridor@inactive:i102:nsga2:s1070001:r1:PR1_HT1_EC1:92d9f9fb0c34,2e814cd9fcac3903c94a188170ea145cdf0012758210e24bec0ee8270490ed48,p0019,f99d07a57bdb0540,False,0.0,0.0,0.0,False,False,False
S025,corridor,inactive,102,1070001,1,PR1_HT1_EC1,Full,S025@corridor@inactive:i102:nsga2:s1070001:r1:PR1_HT1_EC1:92d9f9fb0c34,2e814cd9fcac3903c94a188170ea145cdf0012758210e24bec0ee8270490ed48,p0020,67c129f44e9dac6c,False,0.0,0.0,0.0,False,False,False
S025,corridor,inactive,102,1070001,1,PR1_HT1_EC1,Full,S025@corridor@inactive:i102:nsga2:s1070001:r1:PR1_HT1_EC1:92d9f9fb0c34,2e814cd9fcac3903c94a188170ea145cdf0012758210e24bec0ee8270490ed48,p0021,0a2d7a21f5486e3a,False,0.0,0.0,0.0,False,False,False
S025,corridor,inactive,102,1070001,1,PR1_HT1_EC1,Full,S025@corridor@inactive:i102:nsga2:s1070001:r1:PR1_HT1_EC1:92d9f9fb0c34,2e814cd9fcac3903c94a188170ea145cdf0012758210e24bec0ee8270490ed48,p0022,f009f7463f4e5a23,False,0.0,0.0,0.0,False,False,False
S025,corridor,inactive,102,1070001,1,PR1_HT1_EC1,Full,S025@corridor@inactive:i102:nsga2:s1070001:r1:PR1_HT1_EC1:92d9f9fb0c34,2e814cd9fcac3903c94a188170ea145cdf0012758210e24bec0ee8270490ed48,p0023,0232da29c8e9d835,False,0.0,0.0,0.0,False,False,False
S025,corridor,inactive,102,1070001,1,PR1_HT1_EC1,Full,S025@corridor@inactive:i102:nsga2:s1070001:r1:PR1_HT1_EC1:92d9f9fb0c34,2e814cd9fcac3903c94a188170ea145cdf0012758210e24bec0ee8270490ed48,p0024,02d43bf1955eec34,False,0.0,0.0,0.0,False,False,False
S025,corridor,inactive,102,1070001,1,PR1_HT1_EC1,Full,S025@corridor@inactive:i102:nsga2:s1070001:r1:PR1_HT1_EC1:92d9f9fb0c34,2e814cd9fcac3903c94a188170ea145cdf0012758210e24bec0ee8270490ed48,p0025,a31fca247f634a58,False,0.0,0.0,0.0,False,False,False
S025,corridor,inactive,102,1070001,1,PR1_HT1_EC1,Full,S025@corridor@inactive:i102:nsga2:s1070001:r1:PR1_HT1_EC1:92d9f9fb0c34,2e814cd9fcac3903c94a188170ea145cdf0012758210e24bec0ee8270490ed48,p0026,fa50b1a3cd5344de,False,0.0,0.0,0.0,False,False,False
S025,corridor,inactive,102,1070001,1,PR1_HT1_EC1,Full,S025@corridor@inactive:i102:nsga2:s1070001:r1:PR1_HT1_EC1:92d9f9fb0c34,2e814cd9fcac3903c94a188170ea145cdf0012758210e24bec0ee8270490ed48,p0027,d95edc2d49aa2bad,False,0.0,0.0,0.0,False,False,False
S025,corridor,inactive,102,1070001,1,PR1_HT1_EC1,Full,S025@corridor@inactive:i102:nsga2:s1070001:r1:PR1_HT1_EC1:92d9f9fb0c34,2e814cd9fcac3903c94a188170ea145cdf0012758210e24bec0ee8270490ed48,p0028,a87232fb5a08a4a0,False,0.0,0.0,0.0,False,False,False
S025,corridor,inactive,102,1070001,1,PR1_HT1_EC1,Full,S025@corridor@inactive:i102:nsga2:s1070001:r1:PR1_HT1_EC1:92d9f9fb0c34,2e814cd9fcac3903c94a188170ea145cdf0012758210e24bec0ee8270490ed48,p0029,0acd55e6b6ac3ed4,False,0.0,0.0,0.0,False,False,False
S025,corridor,inactive,102,1070001,1,PR1_HT1_EC1,Full,S025@corridor@inactive:i102:nsga2:s1070001:r1:PR1_HT1_EC1:92d9f9fb0c34,2e814cd9fcac3903c94a188170ea145cdf0012758210e24bec0ee8270490ed48,p0030,db571e707b2bec5c,False,0.0,0.0,0.0,False,False,False
S025,corridor,inactive,102,1070001,1,PR1_HT1_EC1,Full,S025@corridor@inactive:i102:nsga2:s1070001:r1:PR1_HT1_EC1:92d9f9fb0c34,2e814cd9fcac3903c94a188170ea145cdf0012758210e24bec0ee8270490ed48,p0031,7de2253c853c8d9b,False,0.0,0.0,0.0,False,False,False
S025,corridor,inactive,102,1070001,1,PR1_HT1_EC1,Full,S025@corridor@inactive:i102:nsga2:s1070001:r1:PR1_HT1_EC1:92d9f9fb0c34,2e814cd9fcac3903c94a188170ea145cdf0012758210e24bec0ee8270490ed48,p0032,cec1c6b40ffc1b5b,False,0.0,0.0,0.0,False,False,False
S025,corridor,inactive,102,1070001,1,PR1_HT1_EC1,Full,S025@corridor@inactive:i102:nsga2:s1070001:r1:PR1_HT1_EC1:92d9f9fb0c34,2e814cd9fcac3903c94a188170ea145cdf0012758210e24bec0ee8270490ed48,p0033,42a31adb5690637c,False,0.0,0.0,0.0,False,False,False
S025,corridor,inactive,102,1070001,1,PR1_HT1_EC1,Full,S025@corridor@inactive:i102:nsga2:s1070001:r1:PR1_HT1_EC1:92d9f9fb0c34,2e814cd9fcac3903c94a188170ea145cdf0012758210e24bec0ee8270490ed48,p0034,8978aa70b18b31e4,False,0.0,0.0,0.0,False,False,False
S025,corridor,inactive,102,1070001,1,PR1_HT1_EC1,Full,S025@corridor@inactive:i102:nsga2:s1070001:r1:PR1_HT1_EC1:92d9f9fb0c34,2e814cd9fcac3903c94a188170ea145cdf0012758210e24bec0ee8270490ed48,p0035,c3c5676ac1515c73,False,0.0,0.0,0.0,False,False,False
S025,corridor,inactive,102,1070001,1,PR1_HT1_EC1,Full,S025@corridor@inactive:i102:nsga2:s1070001:r1:PR1_HT1_EC1:92d9f9fb0c34,2e814cd9fcac3903c94a188170ea145cdf0012758210e24bec0ee8270490ed48,p0036,fdb278878143a63e,False,0.0,0.0,0.0,False,False,False
S025,corridor,inactive,102,1070001,1,PR1_HT1_EC1,Full,S025@corridor@inactive:i102:nsga2:s1070001:r1:PR1_HT1_EC1:92d9f9fb0c34,2e814cd9fcac3903c94a188170ea145cdf0012758210e24bec0ee8270490ed48,p0037,6fbbec013d74fc9a,False,0.0,0.0,0.0,False,False,False
S025,corridor,inactive,102,1070001,1,PR1_HT1_EC1,Full,S025@corridor@inactive:i102:nsga2:s1070001:r1:PR1_HT1_EC1:92d9f9fb0c34,2e814cd9fcac3903c94a188170ea145cdf0012758210e24bec0ee8270490ed48,p0038,65f0b1fc6acbe4d2,False,0.0,0.0,0.0,False,False,False
S025,corridor,inactive,102,1070001,1,PR1_HT1_EC1,Full,S025@corridor@inactive:i102:nsga2:s1070001:r1:PR1_HT1_EC1:92d9f9fb0c34,2e814cd9fcac3903c94a188170ea145cdf0012758210e24bec0ee8270490ed48,p0039,795bd1418d862de7,False,0.0,0.0,0.0,False,False,False
S025,corridor,inactive,102,1070001,1,PR1_HT1_EC1,Full,S025@corridor@inactive:i102:nsga2:s1070001:r1:PR1_HT1_EC1:92d9f9fb0c34,2e814cd9fcac3903c94a188170ea145cdf0012758210e24bec0ee8270490ed48,p0040,22e56564b13fe6c0,False,0.0,0.0,0.0,False,False,False
S025,corridor,inactive,102,1070001,1,PR1_HT1_EC1,Full,S025@corridor@inactive:i102:nsga2:s1070001:r1:PR1_HT1_EC1:92d9f9fb0c34,2e814cd9fcac3903c94a188170ea145cdf0012758210e24bec0ee8270490ed48,p0041,951aeff294510a56,False,0.0,0.0,0.0,False,False,False
S025,corridor,inactive,102,1070001,1,PR1_HT1_EC1,Full,S025@corridor@inactive:i102:nsga2:s1070001:r1:PR1_HT1_EC1:92d9f9fb0c34,2e814cd9fcac3903c94a188170ea145cdf0012758210e24bec0ee8270490ed48,p0042,eda5f50914e3d853,False,0.0,0.0,0.0,False,False,False
S025,corridor,transition,101,1060000,0,PR0_HT1_EC1,No-PR,S025@corridor@transition:i101:nsga2:s1060000:r0:PR0_HT1_EC1:e4e07a86b37e,79c24d8b68c20dd6cc4f88b5fd4815d867fd618cb4ef402aacd5d34ea36f9c84,p0001,3c42cb3606067948,False,-0.03809318852700905,159.71569413744282,0.0,True,True,False
S025,corridor,transition,101,1060000,0,PR0_HT1_EC1,No-PR,S025@corridor@transition:i101:nsga2:s1060000:r0:PR0_HT1_EC1:e4e07a86b37e,79c24d8b68c20dd6cc4f88b5fd4815d867fd618cb4ef402aacd5d34ea36f9c84,p0002,aa7a2a73687e3deb,False,-0.03809318852698329,159.71569413744305,0.0,True,True,False
S025,corridor,transition,101,1060000,0,PR0_HT1_EC1,No-PR,S025@corridor@transition:i101:nsga2:s1060000:r0:PR0_HT1_EC1:e4e07a86b37e,79c24d8b68c20dd6cc4f88b5fd4815d867fd618cb4ef402aacd5d34ea36f9c84,p0003,12107015ae80e154,True,-0.12771450543871854,110.77100834178486,0.0,True,True,False
S025,corridor,transition,101,1060000,0,PR0_HT1_EC1,No-PR,S025@corridor@transition:i101:nsga2:s1060000:r0:PR0_HT1_EC1:e4e07a86b37e,79c24d8b68c20dd6cc4f88b5fd4815d867fd618cb4ef402aacd5d34ea36f9c84,p0004,babd5b55c9963b3c,False,-0.12289609604827678,138.76033285064386,0.0,True,True,False
S025,corridor,transition,101,1060000,0,PR0_HT1_EC1,No-PR,S025@corridor@transition:i101:nsga2:s1060000:r0:PR0_HT1_EC1:e4e07a86b37e,79c24d8b68c20dd6cc4f88b5fd4815d867fd618cb4ef402aacd5d34ea36f9c84,p0005,3498640c4b18126e,False,-0.1228960960483052,138.76033285064386,0.0,True,True,False
S025,corridor,transition,101,1060000,0,PR0_HT1_EC1,No-PR,S025@corridor@transition:i101:nsga2:s1060000:r0:PR0_HT1_EC1:e4e07a86b37e,79c24d8b68c20dd6cc4f88b5fd4815d867fd618cb4ef402aacd5d34ea36f9c84,p0006,782fe9af69485404,False,-0.0727779588760269,81.10639155212448,0.0,True,True,False
S025,corridor,transition,101,1060000,0,PR0_HT1_EC1,No-PR,S025@corridor@transition:i101:nsga2:s1060000:r0:PR0_HT1_EC1:e4e07a86b37e,79c24d8b68c20dd6cc4f88b5fd4815d867fd618cb4ef402aacd5d34ea36f9c84,p0007,355649f358d494b5,False,-0.07277795887605443,81.1063915521247,0.0,True,True,False
S025,corridor,transition,101,1060000,0,PR0_HT1_EC1,No-PR,S025@corridor@transition:i101:nsga2:s1060000:r0:PR0_HT1_EC1:e4e07a86b37e,79c24d8b68c20dd6cc4f88b5fd4815d867fd618cb4ef402aacd5d34ea36f9c84,p0008,a30f8023357396e6,False,-0.04648946979907542,103.9232982751829,0.0,True,True,False
S025,corridor,transition,101,1060000,0,PR0_HT1_EC1,No-PR,S025@corridor@transition:i101:nsga2:s1060000:r0:PR0_HT1_EC1:e4e07a86b37e,79c24d8b68c20dd6cc4f88b5fd4815d867fd618cb4ef402aacd5d34ea36f9c84,p0009,31c02b898fc5d362,False,-0.04648946979907631,103.92329827518301,0.0,True,True,False
S025,corridor,transition,101,1060000,0,PR0_HT1_EC1,No-PR,S025@corridor@transition:i101:nsga2:s1060000:r0:PR0_HT1_EC1:e4e07a86b37e,79c24d8b68c20dd6cc4f88b5fd4815d867fd618cb4ef402aacd5d34ea36f9c84,p0010,bbb4a869f3242460,False,0.0,0.0,0.0,False,False,False
S025,corridor,transition,101,1060000,0,PR0_HT1_EC1,No-PR,S025@corridor@transition:i101:nsga2:s1060000:r0:PR0_HT1_EC1:e4e07a86b37e,79c24d8b68c20dd6cc4f88b5fd4815d867fd618cb4ef402aacd5d34ea36f9c84,p0011,98faec5ea93d0909,False,0.0,0.0,0.0,False,False,False
S025,corridor,transition,101,1060000,0,PR1_HT0_EC1,No-HT,S025@corridor@transition:i101:nsga2:s1060000:r0:PR1_HT0_EC1:0d714d56d220,79c24d8b68c20dd6cc4f88b5fd4815d867fd618cb4ef402aacd5d34ea36f9c84,p0001,7b71b8538835f00e,False,-0.017699979248245512,55.30165877306035,0.0,True,True,False
S025,corridor,transition,101,1060000,0,PR1_HT0_EC1,No-HT,S025@corridor@transition:i101:nsga2:s1060000:r0:PR1_HT0_EC1:0d714d56d220,79c24d8b68c20dd6cc4f88b5fd4815d867fd618cb4ef402aacd5d34ea36f9c84,p0002,01d81c1a556ecd20,False,0.0,79.65482389945078,0.0,False,True,False
S025,corridor,transition,101,1060000,0,PR1_HT0_EC1,No-HT,S025@corridor@transition:i101:nsga2:s1060000:r0:PR1_HT0_EC1:0d714d56d220,79c24d8b68c20dd6cc4f88b5fd4815d867fd618cb4ef402aacd5d34ea36f9c84,p0003,6c4f15967df554b7,False,0.0,79.65482389945078,0.0,False,True,False
S025,corridor,transition,101,1060000,0,PR1_HT0_EC1,No-HT,S025@corridor@transition:i101:nsga2:s1060000:r0:PR1_HT0_EC1:0d714d56d220,79c24d8b68c20dd6cc4f88b5fd4815d867fd618cb4ef402aacd5d34ea36f9c84,p0004,311e54f0c837f8ba,False,-0.017699979248245512,79.654823899451,0.0,True,True,False
S025,corridor,transition,101,1060000,0,PR1_HT0_EC1,No-HT,S025@corridor@transition:i101:nsga2:s1060000:r0:PR1_HT0_EC1:0d714d56d220,79c24d8b68c20dd6cc4f88b5fd4815d867fd618cb4ef402aacd5d34ea36f9c84,p0005,6e16ec8be2dedf7c,False,-0.01638773940745164,82.27517569569898,0.0,True,True,False
S025,corridor,transition,101,1060000,0,PR1_HT0_EC1,No-HT,S025@corridor@transition:i101:nsga2:s1060000:r0:PR1_HT0_EC1:0d714d56d220,79c24d8b68c20dd6cc4f88b5fd4815d867fd618cb4ef402aacd5d34ea36f9c84,p0006,b3a9e7a7ecd8442b,True,0.007598784194529529,13.151451477827322,0.0,True,True,False
S025,corridor,transition,101,1060000,0,PR1_HT0_EC1,No-HT,S025@corridor@transition:i101:nsga2:s1060000:r0:PR1_HT0_EC1:0d714d56d220,79c24d8b68c20dd6cc4f88b5fd4815d867fd618cb4ef402aacd5d34ea36f9c84,p0007,708a0da55b6f9a49,False,0.0,0.0,0.0,False,False,False
S025,corridor,transition,101,1060000,0,PR1_HT0_EC1,No-HT,S025@corridor@transition:i101:nsga2:s1060000:r0:PR1_HT0_EC1:0d714d56d220,79c24d8b68c20dd6cc4f88b5fd4815d867fd618cb4ef402aacd5d34ea36f9c84,p0008,0d61c1914c82e202,False,0.0,0.0,0.0,False,False,False
S025,corridor,transition,101,1060000,0,PR1_HT0_EC1,No-HT,S025@corridor@transition:i101:nsga2:s1060000:r0:PR1_HT0_EC1:0d714d56d220,79c24d8b68c20dd6cc4f88b5fd4815d867fd618cb4ef402aacd5d34ea36f9c84,p0009,9e3765b3afae802c,False,0.0,0.0,0.0,False,False,False
S025,corridor,transition,101,1060000,0,PR1_HT0_EC1,No-HT,S025@corridor@transition:i101:nsga2:s1060000:r0:PR1_HT0_EC1:0d714d56d220,79c24d8b68c20dd6cc4f88b5fd4815d867fd618cb4ef402aacd5d34ea36f9c84,p0010,17dcc72544c6b81e,False,0.0,0.0,0.0,False,False,False
S025,corridor,transition,101,1060000,0,PR1_HT0_EC1,No-HT,S025@corridor@transition:i101:nsga2:s1060000:r0:PR1_HT0_EC1:0d714d56d220,79c24d8b68c20dd6cc4f88b5fd4815d867fd618cb4ef402aacd5d34ea36f9c84,p0011,a8972a117dffd24d,False,0.0,0.0,0.0,False,False,False
S025,corridor,transition,101,1060000,0,PR1_HT0_EC1,No-HT,S025@corridor@transition:i101:nsga2:s1060000:r0:PR1_HT0_EC1:0d714d56d220,79c24d8b68c20dd6cc4f88b5fd4815d867fd618cb4ef402aacd5d34ea36f9c84,p0012,8dd63fcd407edde2,False,0.0,0.0,0.0,False,False,False
S025,corridor,transition,101,1060000,0,PR1_HT0_EC1,No-HT,S025@corridor@transition:i101:nsga2:s1060000:r0:PR1_HT0_EC1:0d714d56d220,79c24d8b68c20dd6cc4f88b5fd4815d867fd618cb4ef402aacd5d34ea36f9c84,p0013,694df61ceba2528a,False,0.0,0.0,0.0,False,False,False
S025,corridor,transition,101,1060000,0,PR1_HT0_EC1,No-HT,S025@corridor@transition:i101:nsga2:s1060000:r0:PR1_HT0_EC1:0d714d56d220,79c24d8b68c20dd6cc4f88b5fd4815d867fd618cb4ef402aacd5d34ea36f9c84,p0014,64cba29933fc6f2e,False,0.0,0.0,0.0,False,False,False
S025,corridor,transition,101,1060000,0,PR1_HT0_EC1,No-HT,S025@corridor@transition:i101:nsga2:s1060000:r0:PR1_HT0_EC1:0d714d56d220,79c24d8b68c20dd6cc4f88b5fd4815d867fd618cb4ef402aacd5d34ea36f9c84,p0015,8091dda83f2dfffc,False,0.0,0.0,0.0,False,False,False
S025,corridor,transition,101,1060000,0,PR1_HT0_EC1,No-HT,S025@corridor@transition:i101:nsga2:s1060000:r0:PR1_HT0_EC1:0d714d56d220,79c24d8b68c20dd6cc4f88b5fd4815d867fd618cb4ef402aacd5d34ea36f9c84,p0016,daa3ae1b91f250e7,False,0.0,0.0,0.0,False,False,False
S025,corridor,transition,101,1060000,0,PR1_HT1_EC0,No-EC,S025@corridor@transition:i101:nsga2:s1060000:r0:PR1_HT1_EC0:7d29063592f4,79c24d8b68c20dd6cc4f88b5fd4815d867fd618cb4ef402aacd5d34ea36f9c84,p0001,17f5967e22085cf5,False,2.297116738213152,-3636.081537477245,0.8678714859437232,True,True,True
S025,corridor,transition,101,1060000,0,PR1_HT1_EC0,No-EC,S025@corridor@transition:i101:nsga2:s1060000:r0:PR1_HT1_EC0:7d29063592f4,79c24d8b68c20dd6cc4f88b5fd4815d867fd618cb4ef402aacd5d34ea36f9c84,p0002,f7b3d930cdf94093,False,2.2775596368650595,-3629.269407010157,0.8678714859437232,True,True,True
S025,corridor,transition,101,1060000,0,PR1_HT1_EC0,No-EC,S025@corridor@transition:i101:nsga2:s1060000:r0:PR1_HT1_EC0:7d29063592f4,79c24d8b68c20dd6cc4f88b5fd4815d867fd618cb4ef402aacd5d34ea36f9c84,p0003,1cf0727b6e4aef4b,True,2.3016229008584066,-3659.039449482578,0.8678714859436998,True,True,True
S025,corridor,transition,101,1060000,0,PR1_HT1_EC0,No-EC,S025@corridor@transition:i101:nsga2:s1060000:r0:PR1_HT1_EC0:7d29063592f4,79c24d8b68c20dd6cc4f88b5fd4815d867fd618cb4ef402aacd5d34ea36f9c84,p0004,c372f185ca3aab9f,False,1.1845561665053879,-3042.133961779199,0.5792682926829268,True,True,True
S025,corridor,transition,101,1060000,0,PR1_HT1_EC0,No-EC,S025@corridor@transition:i101:nsga2:s1060000:r0:PR1_HT1_EC0:7d29063592f4,79c24d8b68c20dd6cc4f88b5fd4815d867fd618cb4ef402aacd5d34ea36f9c84,p0005,52a18a0c9bf3b6c7,False,1.1816201291211046,-3060.052585855222,0.5612244897959183,True,True,True
S025,corridor,transition,101,1060000,0,PR1_HT1_EC0,No-EC,S025@corridor@transition:i101:nsga2:s1060000:r0:PR1_HT1_EC0:7d29063592f4,79c24d8b68c20dd6cc4f88b5fd4815d867fd618cb4ef402aacd5d34ea36f9c84,p0006,cefa1863f33f9578,False,1.1326666388320525,-3067.2798752688504,0.5612244897959183,True,True,True
S025,corridor,transition,101,1060000,0,PR1_HT1_EC0,No-EC,S025@corridor@transition:i101:nsga2:s1060000:r0:PR1_HT1_EC0:7d29063592f4,79c24d8b68c20dd6cc4f88b5fd4815d867fd618cb4ef402aacd5d34ea36f9c84,p0007,89c855ddcf0294ba,False,1.1717978990006372,-3041.5902249665282,0.5182926829268293,True,True,True
S025,corridor,transition,101,1060000,0,PR1_HT1_EC0,No-EC,S025@corridor@transition:i101:nsga2:s1060000:r0:PR1_HT1_EC0:7d29063592f4,79c24d8b68c20dd6cc4f88b5fd4815d867fd618cb4ef402aacd5d34ea36f9c84,p0008,994c553c480671f9,False,1.20977839797363,-3041.5902249665282,0.5,True,True,True
S025,corridor,transition,101,1060000,0,PR1_HT1_EC0,No-EC,S025@corridor@transition:i101:nsga2:s1060000:r0:PR1_HT1_EC0:7d29063592f4,79c24d8b68c20dd6cc4f88b5fd4815d867fd618cb4ef402aacd5d34ea36f9c84,p0009,b229ab1a27545f4d,False,0.9713749355524923,-2547.289788183938,0.5,True,True,True
S025,corridor,transition,101,1060000,0,PR1_HT1_EC0,No-EC,S025@corridor@transition:i101:nsga2:s1060000:r0:PR1_HT1_EC0:7d29063592f4,79c24d8b68c20dd6cc4f88b5fd4815d867fd618cb4ef402aacd5d34ea36f9c84,p0010,985dccd2a5c40ea5,False,1.1843635282379683,-3061.0410697348034,0.4878048780487805,True,True,True
S025,corridor,transition,101,1060000,0,PR1_HT1_EC0,No-EC,S025@corridor@transition:i101:nsga2:s1060000:r0:PR1_HT1_EC0:7d29063592f4,79c24d8b68c20dd6cc4f88b5fd4815d867fd618cb4ef402aacd5d34ea36f9c84,p0011,4b55a74c39476d0e,False,0.9095736774385559,-2604.125816678074,0.45918367346938777,True,True,True
S025,corridor,transition,101,1060000,0,PR1_HT1_EC0,No-EC,S025@corridor@transition:i101:nsga2:s1060000:r0:PR1_HT1_EC0:7d29063592f4,79c24d8b68c20dd6cc4f88b5fd4815d867fd618cb4ef402aacd5d34ea36f9c84,p0012,1be58d91cec11329,False,1.199504952488546,-3020.135353828692,0.44871794871794873,True,True,True
S025,corridor,transition,101,1060000,0,PR1_HT1_EC0,No-EC,S025@corridor@transition:i101:nsga2:s1060000:r0:PR1_HT1_EC0:7d29063592f4,79c24d8b68c20dd6cc4f88b5fd4815d867fd618cb4ef402aacd5d34ea36f9c84,p0013,433ef2fb19b0298c,False,1.209805837697039,-3061.0410697348034,0.4166666666666667,True,True,True
S025,corridor,transition,101,1060000,0,PR1_HT1_EC0,No-EC,S025@corridor@transition:i101:nsga2:s1060000:r0:PR1_HT1_EC0:7d29063592f4,79c24d8b68c20dd6cc4f88b5fd4815d867fd618cb4ef402aacd5d34ea36f9c84,p0014,44a77cee2e030ab5,False,0.9761636871273618,-2547.833524996609,0.4166666666666667,True,True,True
S025,corridor,transition,101,1060000,0,PR1_HT1_EC0,No-EC,S025@corridor@transition:i101:nsga2:s1060000:r0:PR1_HT1_EC0:7d29063592f4,79c24d8b68c20dd6cc4f88b5fd4815d867fd618cb4ef402aacd5d34ea36f9c84,p0015,922e667a7d1455af,False,0.9665912530017575,-2579.2289147390125,0.38461538461538464,True,True,True
S025,corridor,transition,101,1060000,0,PR1_HT1_EC0,No-EC,S025@corridor@transition:i101:nsga2:s1060000:r0:PR1_HT1_EC0:7d29063592f4,79c24d8b68c20dd6cc4f88b5fd4815d867fd618cb4ef402aacd5d34ea36f9c84,p0016,b0289d5140841153,False,0.7600774714606207,-2573.895870630597,0.35714285714285715,True,True,True
S025,corridor,transition,101,1060000,0,PR1_HT1_EC0,No-EC,S025@corridor@transition:i101:nsga2:s1060000:r0:PR1_HT1_EC0:7d29063592f4,79c24d8b68c20dd6cc4f88b5fd4815d867fd618cb4ef402aacd5d34ea36f9c84,p0017,34a711359985335f,False,0.7806484236632709,-2548.147452383149,0.3353658536585366,True,True,True
S025,corridor,transition,101,1060000,0,PR1_HT1_EC0,No-EC,S025@corridor@transition:i101:nsga2:s1060000:r0:PR1_HT1_EC0:7d29063592f4,79c24d8b68c20dd6cc4f88b5fd4815d867fd618cb4ef402aacd5d34ea36f9c84,p0018,4dc9fa278cb9d15f,False,0.6881960019793034,-2571.6491012011534,0.28061224489795916,True,True,True
S025,corridor,transition,101,1060000,0,PR1_HT1_EC0,No-EC,S025@corridor@transition:i101:nsga2:s1060000:r0:PR1_HT1_EC0:7d29063592f4,79c24d8b68c20dd6cc4f88b5fd4815d867fd618cb4ef402aacd5d34ea36f9c84,p0019,99eff3763cb46d83,False,0.8014085062158749,-2595.1507500191583,0.2564102564102564,True,True,True
S025,corridor,transition,101,1060000,0,PR1_HT1_EC0,No-EC,S025@corridor@transition:i101:nsga2:s1060000:r0:PR1_HT1_EC0:7d29063592f4,79c24d8b68c20dd6cc4f88b5fd4815d867fd618cb4ef402aacd5d34ea36f9c84,p0020,ba3c8b4eb0d9487e,False,0.7578662872147977,-2594.984194327593,0.25,True,True,True
S025,corridor,transition,101,1060000,0,PR1_HT1_EC0,No-EC,S025@corridor@transition:i101:nsga2:s1060000:r0:PR1_HT1_EC0:7d29063592f4,79c24d8b68c20dd6cc4f88b5fd4815d867fd618cb4ef402aacd5d34ea36f9c84,p0021,8e6cff53446ca7ad,False,0.4617791982742876,-1610.530771421771,0.20408163265306123,True,True,True
S025,corridor,transition,101,1060000,0,PR1_HT1_EC0,No-EC,S025@corridor@transition:i101:nsga2:s1060000:r0:PR1_HT1_EC0:7d29063592f4,79c24d8b68c20dd6cc4f88b5fd4815d867fd618cb4ef402aacd5d34ea36f9c84,p0022,1087cdc0e79eba39,False,0.4734493146593639,-1633.4886834271051,0.20408163265306123,True,True,True
S025,corridor,transition,101,1060000,0,PR1_HT1_EC0,No-EC,S025@corridor@transition:i101:nsga2:s1060000:r0:PR1_HT1_EC0:7d29063592f4,79c24d8b68c20dd6cc4f88b5fd4815d867fd618cb4ef402aacd5d34ea36f9c84,p0023,ecac52184f0c90b1,False,0.5117785808421527,-1632.9449466144342,0.19230769230769232,True,True,True
S025,corridor,transition,101,1060000,0,PR1_HT1_EC0,No-EC,S025@corridor@transition:i101:nsga2:s1060000:r0:PR1_HT1_EC0:7d29063592f4,79c24d8b68c20dd6cc4f88b5fd4815d867fd618cb4ef402aacd5d34ea36f9c84,p0024,9eb27a6da5b1ba26,False,0.5197104805584081,-1635.1917160438775,0.19230769230769232,True,True,True
S025,corridor,transition,101,1060000,0,PR1_HT1_EC0,No-EC,S025@corridor@transition:i101:nsga2:s1060000:r0:PR1_HT1_EC0:7d29063592f4,79c24d8b68c20dd6cc4f88b5fd4815d867fd618cb4ef402aacd5d34ea36f9c84,p0025,4ef2881dce43bf3e,False,0.765532150713538,-2575.2911237516537,0.16666666666666666,True,True,True
S025,corridor,transition,101,1060000,0,PR1_HT1_EC0,No-EC,S025@corridor@transition:i101:nsga2:s1060000:r0:PR1_HT1_EC0:7d29063592f4,79c24d8b68c20dd6cc4f88b5fd4815d867fd618cb4ef402aacd5d34ea36f9c84,p0026,4e91815dcc1a1ba7,False,0.7988938601233571,-2549.2349260084907,0.16666666666666666,True,True,True
S025,corridor,transition,101,1060000,0,PR1_HT1_EC0,No-EC,S025@corridor@transition:i101:nsga2:s1060000:r0:PR1_HT1_EC0:7d29063592f4,79c24d8b68c20dd6cc4f88b5fd4815d867fd618cb4ef402aacd5d34ea36f9c84,p0027,177c5fb193fc59a5,False,0.4465816298852294,-1518.1444352224169,0.15306122448979592,True,True,True
S025,corridor,transition,101,1060000,0,PR1_HT1_EC0,No-EC,S025@corridor@transition:i101:nsga2:s1060000:r0:PR1_HT1_EC0:7d29063592f4,79c24d8b68c20dd6cc4f88b5fd4815d867fd618cb4ef402aacd5d34ea36f9c84,p0028,4b855c6f0330cac9,False,0.464941656111888,-1498.1858192091518,0.10204081632653061,True,True,True
S025,corridor,transition,101,1060000,0,PR1_HT1_EC0,No-EC,S025@corridor@transition:i101:nsga2:s1060000:r0:PR1_HT1_EC0:7d29063592f4,79c24d8b68c20dd6cc4f88b5fd4815d867fd618cb4ef402aacd5d34ea36f9c84,p0029,a083044d8f78c210,False,0.18918598024308952,-41.119873398572054,0.0,True,True,False
S025,corridor,transition,101,1060000,0,PR1_HT1_EC0,No-EC,S025@corridor@transition:i101:nsga2:s1060000:r0:PR1_HT1_EC0:7d29063592f4,79c24d8b68c20dd6cc4f88b5fd4815d867fd618cb4ef402aacd5d34ea36f9c84,p0030,4da2e6927f0da410,False,0.48107238917359396,-1560.6162161741054,0.0,True,True,False
S025,corridor,transition,101,1060000,0,PR1_HT1_EC0,No-EC,S025@corridor@transition:i101:nsga2:s1060000:r0:PR1_HT1_EC0:7d29063592f4,79c24d8b68c20dd6cc4f88b5fd4815d867fd618cb4ef402aacd5d34ea36f9c84,p0031,889fdbd3e2360614,False,0.21958111702120497,-506.47069109554786,0.0,True,True,False
S025,corridor,transition,101,1060000,0,PR1_HT1_EC0,No-EC,S025@corridor@transition:i101:nsga2:s1060000:r0:PR1_HT1_EC0:7d29063592f4,79c24d8b68c20dd6cc4f88b5fd4815d867fd618cb4ef402aacd5d34ea36f9c84,p0032,b80b0f0dc69a5d8c,False,0.21298940061139682,-412.46409582352953,0.0,True,True,False
S025,corridor,transition,101,1060000,0,PR1_HT1_EC0,No-EC,S025@corridor@transition:i101:nsga2:s1060000:r0:PR1_HT1_EC0:7d29063592f4,79c24d8b68c20dd6cc4f88b5fd4815d867fd618cb4ef402aacd5d34ea36f9c84,p0033,4afba8e246326d35,False,0.30131134109969704,-1208.435475825549,0.0,True,True,False
S025,corridor,transition,101,1060000,0,PR1_HT1_EC0,No-EC,S025@corridor@transition:i101:nsga2:s1060000:r0:PR1_HT1_EC0:7d29063592f4,79c24d8b68c20dd6cc4f88b5fd4815d867fd618cb4ef402aacd5d34ea36f9c84,p0034,7e166ff977d9ef81,False,0.3252316828099975,-1270.771058423427,0.0,True,True,False
S025,corridor,transition,101,1060000,0,PR1_HT1_EC0,No-EC,S025@corridor@transition:i101:nsga2:s1060000:r0:PR1_HT1_EC0:7d29063592f4,79c24d8b68c20dd6cc4f88b5fd4815d867fd618cb4ef402aacd5d34ea36f9c84,p0035,a9565a8beb63fdb9,False,0.31992168903537443,-1232.7886409519397,0.0,True,True,False
S025,corridor,transition,101,1060000,0,PR1_HT1_EC0,No-EC,S025@corridor@transition:i101:nsga2:s1060000:r0:PR1_HT1_EC0:7d29063592f4,79c24d8b68c20dd6cc4f88b5fd4815d867fd618cb4ef402aacd5d34ea36f9c84,p0036,1e9a8acae592f858,False,0.29840816211858634,-1203.3263779752328,0.0,True,True,False
S025,corridor,transition,101,1060000,0,PR1_HT1_EC0,No-EC,S025@corridor@transition:i101:nsga2:s1060000:r0:PR1_HT1_EC0:7d29063592f4,79c24d8b68c20dd6cc4f88b5fd4815d867fd618cb4ef402aacd5d34ea36f9c84,p0037,74047ea86277f249,False,0.38983660706616696,-1322.7094743184207,0.0,True,True,False
S025,corridor,transition,101,1060000,0,PR1_HT1_EC0,No-EC,S025@corridor@transition:i101:nsga2:s1060000:r0:PR1_HT1_EC0:7d29063592f4,79c24d8b68c20dd6cc4f88b5fd4815d867fd618cb4ef402aacd5d34ea36f9c84,p0038,3ed489cf05fa65aa,False,0.3950579906412024,-1414.1615206652807,0.0,True,True,False
S025,corridor,transition,101,1060000,0,PR1_HT1_EC0,No-EC,S025@corridor@transition:i101:nsga2:s1060000:r0:PR1_HT1_EC0:7d29063592f4,79c24d8b68c20dd6cc4f88b5fd4815d867fd618cb4ef402aacd5d34ea36f9c84,p0039,304958a71d22eccd,False,0.3594275118447987,-1299.2078255004155,0.0,True,True,False
S025,corridor,transition,101,1060000,0,PR1_HT1_EC0,No-EC,S025@corridor@transition:i101:nsga2:s1060000:r0:PR1_HT1_EC0:7d29063592f4,79c24d8b68c20dd6cc4f88b5fd4815d867fd618cb4ef402aacd5d34ea36f9c84,p0040,effcaf52c5d11abe,False,0.21509508779785502,-481.33783183953074,0.0,True,True,False
S025,corridor,transition,101,1060000,0,PR1_HT1_EC1,Full,S025@corridor@transition:i101:nsga2:s1060000:r0:PR1_HT1_EC1:85955ada0066,79c24d8b68c20dd6cc4f88b5fd4815d867fd618cb4ef402aacd5d34ea36f9c84,p0001,d0f49674b4792a03,False,0.0,0.0,0.0,False,False,False
S025,corridor,transition,101,1060000,0,PR1_HT1_EC1,Full,S025@corridor@transition:i101:nsga2:s1060000:r0:PR1_HT1_EC1:85955ada0066,79c24d8b68c20dd6cc4f88b5fd4815d867fd618cb4ef402aacd5d34ea36f9c84,p0002,f1c72a2baa816c12,False,0.0,0.0,0.0,False,False,False
S025,corridor,transition,101,1060000,0,PR1_HT1_EC1,Full,S025@corridor@transition:i101:nsga2:s1060000:r0:PR1_HT1_EC1:85955ada0066,79c24d8b68c20dd6cc4f88b5fd4815d867fd618cb4ef402aacd5d34ea36f9c84,p0003,c5c9948a60647079,False,0.0,0.0,0.0,False,False,False
S025,corridor,transition,101,1060000,0,PR1_HT1_EC1,Full,S025@corridor@transition:i101:nsga2:s1060000:r0:PR1_HT1_EC1:85955ada0066,79c24d8b68c20dd6cc4f88b5fd4815d867fd618cb4ef402aacd5d34ea36f9c84,p0004,14e829ddb9c1c4cb,False,0.0,0.0,0.0,False,False,False
S025,corridor,transition,101,1060000,0,PR1_HT1_EC1,Full,S025@corridor@transition:i101:nsga2:s1060000:r0:PR1_HT1_EC1:85955ada0066,79c24d8b68c20dd6cc4f88b5fd4815d867fd618cb4ef402aacd5d34ea36f9c84,p0005,1ffbf8ebe1e37f1d,False,0.0,0.0,0.0,False,False,False
S025,corridor,transition,101,1060000,0,PR1_HT1_EC1,Full,S025@corridor@transition:i101:nsga2:s1060000:r0:PR1_HT1_EC1:85955ada0066,79c24d8b68c20dd6cc4f88b5fd4815d867fd618cb4ef402aacd5d34ea36f9c84,p0006,0547a617834a41d6,True,0.0,0.0,0.0,False,False,False
S025,corridor,transition,101,1060000,0,PR1_HT1_EC1,Full,S025@corridor@transition:i101:nsga2:s1060000:r0:PR1_HT1_EC1:85955ada0066,79c24d8b68c20dd6cc4f88b5fd4815d867fd618cb4ef402aacd5d34ea36f9c84,p0007,2fe78fb05a5af894,False,0.0,0.0,0.0,False,False,False
S025,corridor,transition,101,1060000,0,PR1_HT1_EC1,Full,S025@corridor@transition:i101:nsga2:s1060000:r0:PR1_HT1_EC1:85955ada0066,79c24d8b68c20dd6cc4f88b5fd4815d867fd618cb4ef402aacd5d34ea36f9c84,p0008,cbdaabe7827af7e2,False,0.0,0.0,0.0,False,False,False
S025,corridor,transition,101,1060000,0,PR1_HT1_EC1,Full,S025@corridor@transition:i101:nsga2:s1060000:r0:PR1_HT1_EC1:85955ada0066,79c24d8b68c20dd6cc4f88b5fd4815d867fd618cb4ef402aacd5d34ea36f9c84,p0009,4c8c6d03ede90628,False,0.0,0.0,0.0,False,False,False
S025,corridor,transition,101,1060000,0,PR1_HT1_EC1,Full,S025@corridor@transition:i101:nsga2:s1060000:r0:PR1_HT1_EC1:85955ada0066,79c24d8b68c20dd6cc4f88b5fd4815d867fd618cb4ef402aacd5d34ea36f9c84,p0010,3217843295bf0600,False,0.0,0.0,0.0,False,False,False
S025,corridor,transition,101,1060000,0,PR1_HT1_EC1,Full,S025@corridor@transition:i101:nsga2:s1060000:r0:PR1_HT1_EC1:85955ada0066,79c24d8b68c20dd6cc4f88b5fd4815d867fd618cb4ef402aacd5d34ea36f9c84,p0011,04cd93eee24f9d95,False,0.0,0.0,0.0,False,False,False
S025,corridor,transition,101,1060000,0,PR1_HT1_EC1,Full,S025@corridor@transition:i101:nsga2:s1060000:r0:PR1_HT1_EC1:85955ada0066,79c24d8b68c20dd6cc4f88b5fd4815d867fd618cb4ef402aacd5d34ea36f9c84,p0012,afe25f8777aacff2,False,0.0,0.0,0.0,False,False,False
S025,corridor,transition,101,1060000,0,PR1_HT1_EC1,Full,S025@corridor@transition:i101:nsga2:s1060000:r0:PR1_HT1_EC1:85955ada0066,79c24d8b68c20dd6cc4f88b5fd4815d867fd618cb4ef402aacd5d34ea36f9c84,p0013,57ea7e27237f6f1b,False,0.0,0.0,0.0,False,False,False
S025,corridor,transition,101,1060001,1,PR0_HT1_EC1,No-PR,S025@corridor@transition:i101:nsga2:s1060001:r1:PR0_HT1_EC1:ff8fa5c2dc8c,79c24d8b68c20dd6cc4f88b5fd4815d867fd618cb4ef402aacd5d34ea36f9c84,p0001,43fdee5e47fa0aa7,False,-0.07277795887605443,81.1063915521247,0.0,True,True,False
S025,corridor,transition,101,1060001,1,PR0_HT1_EC1,No-PR,S025@corridor@transition:i101:nsga2:s1060001:r1:PR0_HT1_EC1:ff8fa5c2dc8c,79c24d8b68c20dd6cc4f88b5fd4815d867fd618cb4ef402aacd5d34ea36f9c84,p0002,101258b2a0fcf51e,True,-0.12771450543871854,110.77100834178486,0.0,True,True,False
S025,corridor,transition,101,1060001,1,PR0_HT1_EC1,No-PR,S025@corridor@transition:i101:nsga2:s1060001:r1:PR0_HT1_EC1:ff8fa5c2dc8c,79c24d8b68c20dd6cc4f88b5fd4815d867fd618cb4ef402aacd5d34ea36f9c84,p0003,531d4a72a27ed3b4,False,-0.03809318852698329,159.71569413744305,0.0,True,True,False
S025,corridor,transition,101,1060001,1,PR0_HT1_EC1,No-PR,S025@corridor@transition:i101:nsga2:s1060001:r1:PR0_HT1_EC1:ff8fa5c2dc8c,79c24d8b68c20dd6cc4f88b5fd4815d867fd618cb4ef402aacd5d34ea36f9c84,p0004,f3ca388ad3f5cc2f,False,-0.03809318852700905,159.71569413744282,0.0,True,True,False
S025,corridor,transition,101,1060001,1,PR0_HT1_EC1,No-PR,S025@corridor@transition:i101:nsga2:s1060001:r1:PR0_HT1_EC1:ff8fa5c2dc8c,79c24d8b68c20dd6cc4f88b5fd4815d867fd618cb4ef402aacd5d34ea36f9c84,p0005,23d073539782a2d8,False,-0.1228960960483052,141.38068464689195,0.0,True,True,False
S025,corridor,transition,101,1060001,1,PR0_HT1_EC1,No-PR,S025@corridor@transition:i101:nsga2:s1060001:r1:PR0_HT1_EC1:ff8fa5c2dc8c,79c24d8b68c20dd6cc4f88b5fd4815d867fd618cb4ef402aacd5d34ea36f9c84,p0006,f753b87e11a3f609,False,-0.12289609604827678,141.38068464689195,0.0,True,True,False
S025,corridor,transition,101,1060001,1,PR0_HT1_EC1,No-PR,S025@corridor@transition:i101:nsga2:s1060001:r1:PR0_HT1_EC1:ff8fa5c2dc8c,79c24d8b68c20dd6cc4f88b5fd4815d867fd618cb4ef402aacd5d34ea36f9c84,p0007,e6d4b17524b5a5f9,False,-0.0727779588760269,81.10639155212448,0.0,True,True,False
S025,corridor,transition,101,1060001,1,PR0_HT1_EC1,No-PR,S025@corridor@transition:i101:nsga2:s1060001:r1:PR0_HT1_EC1:ff8fa5c2dc8c,79c24d8b68c20dd6cc4f88b5fd4815d867fd618cb4ef402aacd5d34ea36f9c84,p0008,85e7f77a2e83715e,False,-0.04648946979907631,103.92329827518301,0.0,True,True,False
S025,corridor,transition,101,1060001,1,PR0_HT1_EC1,No-PR,S025@corridor@transition:i101:nsga2:s1060001:r1:PR0_HT1_EC1:ff8fa5c2dc8c,79c24d8b68c20dd6cc4f88b5fd4815d867fd618cb4ef402aacd5d34ea36f9c84,p0009,ccfa44096935f556,False,-0.04648946979907542,103.9232982751829,0.0,True,True,False
S025,corridor,transition,101,1060001,1,PR0_HT1_EC1,No-PR,S025@corridor@transition:i101:nsga2:s1060001:r1:PR0_HT1_EC1:ff8fa5c2dc8c,79c24d8b68c20dd6cc4f88b5fd4815d867fd618cb4ef402aacd5d34ea36f9c84,p0010,8f2fe240ecc4caa0,False,0.0,0.0,0.0,False,False,False
S025,corridor,transition,101,1060001,1,PR0_HT1_EC1,No-PR,S025@corridor@transition:i101:nsga2:s1060001:r1:PR0_HT1_EC1:ff8fa5c2dc8c,79c24d8b68c20dd6cc4f88b5fd4815d867fd618cb4ef402aacd5d34ea36f9c84,p0011,dfa6cf5acdd6db7e,False,0.0,0.0,0.0,False,False,False
S025,corridor,transition,101,1060001,1,PR1_HT0_EC1,No-HT,S025@corridor@transition:i101:nsga2:s1060001:r1:PR1_HT0_EC1:7bff5436b0c7,79c24d8b68c20dd6cc4f88b5fd4815d867fd618cb4ef402aacd5d34ea36f9c84,p0001,7da243c77b12c1dc,False,-0.01638773940745164,82.27517569569898,0.0,True,True,False
S025,corridor,transition,101,1060001,1,PR1_HT0_EC1,No-HT,S025@corridor@transition:i101:nsga2:s1060001:r1:PR1_HT0_EC1:7bff5436b0c7,79c24d8b68c20dd6cc4f88b5fd4815d867fd618cb4ef402aacd5d34ea36f9c84,p0002,f7d835fc00787332,False,-0.017699979248245512,55.30165877306035,0.0,True,True,False
S025,corridor,transition,101,1060001,1,PR1_HT0_EC1,No-HT,S025@corridor@transition:i101:nsga2:s1060001:r1:PR1_HT0_EC1:7bff5436b0c7,79c24d8b68c20dd6cc4f88b5fd4815d867fd618cb4ef402aacd5d34ea36f9c84,p0003,d68de0edc8e5a9f5,False,0.0,79.65482389945078,0.0,False,True,False
S025,corridor,transition,101,1060001,1,PR1_HT0_EC1,No-HT,S025@corridor@transition:i101:nsga2:s1060001:r1:PR1_HT0_EC1:7bff5436b0c7,79c24d8b68c20dd6cc4f88b5fd4815d867fd618cb4ef402aacd5d34ea36f9c84,p0004,c20ba164071ba0a2,False,-0.017699979248245512,82.27517569569909,0.0,True,True,False
S025,corridor,transition,101,1060001,1,PR1_HT0_EC1,No-HT,S025@corridor@transition:i101:nsga2:s1060001:r1:PR1_HT0_EC1:7bff5436b0c7,79c24d8b68c20dd6cc4f88b5fd4815d867fd618cb4ef402aacd5d34ea36f9c84,p0005,51800acdc82e4376,False,0.0,79.65482389945078,0.0,False,True,False
S025,corridor,transition,101,1060001,1,PR1_HT0_EC1,No-HT,S025@corridor@transition:i101:nsga2:s1060001:r1:PR1_HT0_EC1:7bff5436b0c7,79c24d8b68c20dd6cc4f88b5fd4815d867fd618cb4ef402aacd5d34ea36f9c84,p0006,77798c044e580b82,False,-0.01638773940745164,82.27517569569875,0.0,True,True,False
S025,corridor,transition,101,1060001,1,PR1_HT0_EC1,No-HT,S025@corridor@transition:i101:nsga2:s1060001:r1:PR1_HT0_EC1:7bff5436b0c7,79c24d8b68c20dd6cc4f88b5fd4815d867fd618cb4ef402aacd5d34ea36f9c84,p0007,144b581acdad7514,True,0.0,0.0,0.0,False,False,False
S025,corridor,transition,101,1060001,1,PR1_HT0_EC1,No-HT,S025@corridor@transition:i101:nsga2:s1060001:r1:PR1_HT0_EC1:7bff5436b0c7,79c24d8b68c20dd6cc4f88b5fd4815d867fd618cb4ef402aacd5d34ea36f9c84,p0008,a8172454d035e2eb,False,0.0,0.0,0.0,False,False,False
S025,corridor,transition,101,1060001,1,PR1_HT0_EC1,No-HT,S025@corridor@transition:i101:nsga2:s1060001:r1:PR1_HT0_EC1:7bff5436b0c7,79c24d8b68c20dd6cc4f88b5fd4815d867fd618cb4ef402aacd5d34ea36f9c84,p0009,b132d50298edfae2,False,0.0,0.0,0.0,False,False,False
S025,corridor,transition,101,1060001,1,PR1_HT0_EC1,No-HT,S025@corridor@transition:i101:nsga2:s1060001:r1:PR1_HT0_EC1:7bff5436b0c7,79c24d8b68c20dd6cc4f88b5fd4815d867fd618cb4ef402aacd5d34ea36f9c84,p0010,402722c218e0c21f,False,0.0,0.0,0.0,False,False,False
S025,corridor,transition,101,1060001,1,PR1_HT0_EC1,No-HT,S025@corridor@transition:i101:nsga2:s1060001:r1:PR1_HT0_EC1:7bff5436b0c7,79c24d8b68c20dd6cc4f88b5fd4815d867fd618cb4ef402aacd5d34ea36f9c84,p0011,76aafb37f80acefc,False,0.0,0.0,0.0,False,False,False
S025,corridor,transition,101,1060001,1,PR1_HT0_EC1,No-HT,S025@corridor@transition:i101:nsga2:s1060001:r1:PR1_HT0_EC1:7bff5436b0c7,79c24d8b68c20dd6cc4f88b5fd4815d867fd618cb4ef402aacd5d34ea36f9c84,p0012,3b3f7dfca014c851,False,0.0,0.0,0.0,False,False,False
S025,corridor,transition,101,1060001,1,PR1_HT0_EC1,No-HT,S025@corridor@transition:i101:nsga2:s1060001:r1:PR1_HT0_EC1:7bff5436b0c7,79c24d8b68c20dd6cc4f88b5fd4815d867fd618cb4ef402aacd5d34ea36f9c84,p0013,f1fddd273c24a217,False,0.0,0.0,0.0,False,False,False
S025,corridor,transition,101,1060001,1,PR1_HT0_EC1,No-HT,S025@corridor@transition:i101:nsga2:s1060001:r1:PR1_HT0_EC1:7bff5436b0c7,79c24d8b68c20dd6cc4f88b5fd4815d867fd618cb4ef402aacd5d34ea36f9c84,p0014,25be616d71e26f92,False,0.0,0.0,0.0,False,False,False
S025,corridor,transition,101,1060001,1,PR1_HT0_EC1,No-HT,S025@corridor@transition:i101:nsga2:s1060001:r1:PR1_HT0_EC1:7bff5436b0c7,79c24d8b68c20dd6cc4f88b5fd4815d867fd618cb4ef402aacd5d34ea36f9c84,p0015,10b27547794cfc93,False,0.0,0.0,0.0,False,False,False
S025,corridor,transition,101,1060001,1,PR1_HT0_EC1,No-HT,S025@corridor@transition:i101:nsga2:s1060001:r1:PR1_HT0_EC1:7bff5436b0c7,79c24d8b68c20dd6cc4f88b5fd4815d867fd618cb4ef402aacd5d34ea36f9c84,p0016,448b4746920610ca,False,0.0,0.0,0.0,False,False,False
S025,corridor,transition,101,1060001,1,PR1_HT0_EC1,No-HT,S025@corridor@transition:i101:nsga2:s1060001:r1:PR1_HT0_EC1:7bff5436b0c7,79c24d8b68c20dd6cc4f88b5fd4815d867fd618cb4ef402aacd5d34ea36f9c84,p0017,15eda668e341fe7a,False,0.0,0.0,0.0,False,False,False
S025,corridor,transition,101,1060001,1,PR1_HT1_EC0,No-EC,S025@corridor@transition:i101:nsga2:s1060001:r1:PR1_HT1_EC0:fcee649143dd,79c24d8b68c20dd6cc4f88b5fd4815d867fd618cb4ef402aacd5d34ea36f9c84,p0001,cde6c0b29343e286,True,2.3092216850529352,-3826.4554013276606,0.8678714859436998,True,True,True
S025,corridor,transition,101,1060001,1,PR1_HT1_EC0,No-EC,S025@corridor@transition:i101:nsga2:s1060001:r1:PR1_HT1_EC0:fcee649143dd,79c24d8b68c20dd6cc4f88b5fd4815d867fd618cb4ef402aacd5d34ea36f9c84,p0002,d7d8f4216d54b61f,False,2.2639537322080816,-3621.718373203412,0.8678714859436649,True,True,True
S025,corridor,transition,101,1060001,1,PR1_HT1_EC0,No-EC,S025@corridor@transition:i101:nsga2:s1060001:r1:PR1_HT1_EC0:fcee649143dd,79c24d8b68c20dd6cc4f88b5fd4815d867fd618cb4ef402aacd5d34ea36f9c84,p0003,468011bdc9e2de6a,False,2.2775596368650595,-3629.269407010157,0.8678714859437232,True,True,True
S025,corridor,transition,101,1060001,1,PR1_HT1_EC0,No-EC,S025@corridor@transition:i101:nsga2:s1060001:r1:PR1_HT1_EC0:fcee649143dd,79c24d8b68c20dd6cc4f88b5fd4815d867fd618cb4ef402aacd5d34ea36f9c84,p0004,a04955248dc4d9f6,False,2.297116738213152,-3636.081537477245,0.8678714859437232,True,True,True
S025,corridor,transition,101,1060001,1,PR1_HT1_EC0,No-EC,S025@corridor@transition:i101:nsga2:s1060001:r1:PR1_HT1_EC0:fcee649143dd,79c24d8b68c20dd6cc4f88b5fd4815d867fd618cb4ef402aacd5d34ea36f9c84,p0005,40101ead267182f7,False,1.1693585981163306,-3011.4832231736364,0.5792682926829268,True,True,True
S025,corridor,transition,101,1060001,1,PR1_HT1_EC0,No-EC,S025@corridor@transition:i101:nsga2:s1060001:r1:PR1_HT1_EC0:fcee649143dd,79c24d8b68c20dd6cc4f88b5fd4815d867fd618cb4ef402aacd5d34ea36f9c84,p0006,c074bb4f3b1fdc02,False,1.1816201291211046,-3060.052585855222,0.5612244897959183,True,True,True
S025,corridor,transition,101,1060001,1,PR1_HT1_EC0,No-EC,S025@corridor@transition:i101:nsga2:s1060001:r1:PR1_HT1_EC0:fcee649143dd,79c24d8b68c20dd6cc4f88b5fd4815d867fd618cb4ef402aacd5d34ea36f9c84,p0007,b4a2b042dad81920,False,1.1945808295845728,-3015.8777722867617,0.5,True,True,True
S025,corridor,transition,101,1060001,1,PR1_HT1_EC0,No-EC,S025@corridor@transition:i101:nsga2:s1060001:r1:PR1_HT1_EC0:fcee649143dd,79c24d8b68c20dd6cc4f88b5fd4815d867fd618cb4ef402aacd5d34ea36f9c84,p0008,6dfa80e04e5919d7,False,0.9713749355524923,-2547.289788183938,0.5,True,True,True
S025,corridor,transition,101,1060001,1,PR1_HT1_EC0,No-EC,S025@corridor@transition:i101:nsga2:s1060001:r1:PR1_HT1_EC0:fcee649143dd,79c24d8b68c20dd6cc4f88b5fd4815d867fd618cb4ef402aacd5d34ea36f9c84,p0009,067792ec464a0150,False,1.2147025208776032,-3075.54016363409,0.44871794871794873,True,True,True
S025,corridor,transition,101,1060001,1,PR1_HT1_EC0,No-EC,S025@corridor@transition:i101:nsga2:s1060001:r1:PR1_HT1_EC0:fcee649143dd,79c24d8b68c20dd6cc4f88b5fd4815d867fd618cb4ef402aacd5d34ea36f9c84,p0010,b16a9496cdb03dea,False,0.9594786873676293,-2524.3318761786045,0.44871794871794873,True,True,True
S025,corridor,transition,101,1060001,1,PR1_HT1_EC0,No-EC,S025@corridor@transition:i101:nsga2:s1060001:r1:PR1_HT1_EC0:fcee649143dd,79c24d8b68c20dd6cc4f88b5fd4815d867fd618cb4ef402aacd5d34ea36f9c84,p0011,23d5b91228933f15,False,1.1971167302368588,-2992.2391558975623,0.4166666666666667,True,True,True
S025,corridor,transition,101,1060001,1,PR1_HT1_EC0,No-EC,S025@corridor@transition:i101:nsga2:s1060001:r1:PR1_HT1_EC0:fcee649143dd,79c24d8b68c20dd6cc4f88b5fd4815d867fd618cb4ef402aacd5d34ea36f9c84,p0012,be015661f313f078,False,0.7730765385578584,-2573.0443543222104,0.36585365853658536,True,True,True
S025,corridor,transition,101,1060001,1,PR1_HT1_EC0,No-EC,S025@corridor@transition:i101:nsga2:s1060001:r1:PR1_HT1_EC0:fcee649143dd,79c24d8b68c20dd6cc4f88b5fd4815d867fd618cb4ef402aacd5d34ea36f9c84,p0013,339a15a8a6ef7f92,False,0.8366424560688834,-2574.433459552443,0.36585365853658536,True,True,True
S025,corridor,transition,101,1060001,1,PR1_HT1_EC0,No-EC,S025@corridor@transition:i101:nsga2:s1060001:r1:PR1_HT1_EC0:fcee649143dd,79c24d8b68c20dd6cc4f88b5fd4815d867fd618cb4ef402aacd5d34ea36f9c84,p0014,76aa89236e78ebea,False,0.7806484236632709,-2548.147452383149,0.3353658536585366,True,True,True
S025,corridor,transition,101,1060001,1,PR1_HT1_EC0,No-EC,S025@corridor@transition:i101:nsga2:s1060001:r1:PR1_HT1_EC0:fcee649143dd,79c24d8b68c20dd6cc4f88b5fd4815d867fd618cb4ef402aacd5d34ea36f9c84,p0015,e9e21ac184db1498,False,0.9171406527156538,-2604.1258166780735,0.3333333333333333,True,True,True
S025,corridor,transition,101,1060001,1,PR1_HT1_EC0,No-EC,S025@corridor@transition:i101:nsga2:s1060001:r1:PR1_HT1_EC0:fcee649143dd,79c24d8b68c20dd6cc4f88b5fd4815d867fd618cb4ef402aacd5d34ea36f9c84,p0016,7912670dc5fbb7ed,False,0.7882467938150937,-2619.645138949699,0.2564102564102564,True,True,True
S025,corridor,transition,101,1060001,1,PR1_HT1_EC0,No-EC,S025@corridor@transition:i101:nsga2:s1060001:r1:PR1_HT1_EC0:fcee649143dd,79c24d8b68c20dd6cc4f88b5fd4815d867fd618cb4ef402aacd5d34ea36f9c84,p0017,637d492448999406,False,0.5089165817050043,-1610.8385509174868,0.25510204081632654,True,True,True
S025,corridor,transition,101,1060001,1,PR1_HT1_EC0,No-EC,S025@corridor@transition:i101:nsga2:s1060001:r1:PR1_HT1_EC0:fcee649143dd,79c24d8b68c20dd6cc4f88b5fd4815d867fd618cb4ef402aacd5d34ea36f9c84,p0018,84819052b6e41a5b,False,0.7791428829596221,-2573.0443543222104,0.25,True,True,True
S025,corridor,transition,101,1060001,1,PR1_HT1_EC0,No-EC,S025@corridor@transition:i101:nsga2:s1060001:r1:PR1_HT1_EC0:fcee649143dd,79c24d8b68c20dd6cc4f88b5fd4815d867fd618cb4ef402aacd5d34ea36f9c84,p0019,575f7d9b64b6f811,False,0.5043434129909299,-1587.0291226037666,0.24390243902439024,True,True,True
S025,corridor,transition,101,1060001,1,PR1_HT1_EC0,No-EC,S025@corridor@transition:i101:nsga2:s1060001:r1:PR1_HT1_EC0:fcee649143dd,79c24d8b68c20dd6cc4f88b5fd4815d867fd618cb4ef402aacd5d34ea36f9c84,p0020,26ac73063e9d7d56,False,0.5132974552561027,-1633.4886834271051,0.19230769230769232,True,True,True
S025,corridor,transition,101,1060001,1,PR1_HT1_EC0,No-EC,S025@corridor@transition:i101:nsga2:s1060001:r1:PR1_HT1_EC0:fcee649143dd,79c24d8b68c20dd6cc4f88b5fd4815d867fd618cb4ef402aacd5d34ea36f9c84,p0021,2c549ce1f8669e9d,False,0.5117785808421527,-1632.9449466144342,0.19230769230769232,True,True,True
S025,corridor,transition,101,1060001,1,PR1_HT1_EC0,No-EC,S025@corridor@transition:i101:nsga2:s1060001:r1:PR1_HT1_EC0:fcee649143dd,79c24d8b68c20dd6cc4f88b5fd4815d867fd618cb4ef402aacd5d34ea36f9c84,p0022,fc9737bacfc850e2,False,0.7924198225590322,-2618.108662024492,0.19230769230769232,True,True,True
S025,corridor,transition,101,1060001,1,PR1_HT1_EC0,No-EC,S025@corridor@transition:i101:nsga2:s1060001:r1:PR1_HT1_EC0:fcee649143dd,79c24d8b68c20dd6cc4f88b5fd4815d867fd618cb4ef402aacd5d34ea36f9c84,p0023,aaf842450f2bc341,False,0.46668618242511695,-1612.2338040385434,0.18292682926829268,True,True,True
S025,corridor,transition,101,1060001,1,PR1_HT1_EC0,No-EC,S025@corridor@transition:i101:nsga2:s1060001:r1:PR1_HT1_EC0:fcee649143dd,79c24d8b68c20dd6cc4f88b5fd4815d867fd618cb4ef402aacd5d34ea36f9c84,p0024,3a200aac0cabf280,False,0.5114432592576366,-1587.0291226037666,0.16666666666666666,True,True,True
S025,corridor,transition,101,1060001,1,PR1_HT1_EC0,No-EC,S025@corridor@transition:i101:nsga2:s1060001:r1:PR1_HT1_EC0:fcee649143dd,79c24d8b68c20dd6cc4f88b5fd4815d867fd618cb4ef402aacd5d34ea36f9c84,p0025,1946b47b0a378817,False,0.5148847176244962,-1610.530771421771,0.16666666666666666,True,True,True
S025,corridor,transition,101,1060001,1,PR1_HT1_EC0,No-EC,S025@corridor@transition:i101:nsga2:s1060001:r1:PR1_HT1_EC0:fcee649143dd,79c24d8b68c20dd6cc4f88b5fd4815d867fd618cb4ef402aacd5d34ea36f9c84,p0026,aa19ecd037343251,False,0.7983716876556981,-2549.2349260084907,0.16666666666666666,True,True,True
S025,corridor,transition,101,1060001,1,PR1_HT1_EC0,No-EC,S025@corridor@transition:i101:nsga2:s1060001:r1:PR1_HT1_EC0:fcee649143dd,79c24d8b68c20dd6cc4f88b5fd4815d867fd618cb4ef402aacd5d34ea36f9c84,p0027,043aa8b9d211db22,False,0.43609004583752053,-1611.6900672258726,0.12195121951219512,True,True,True
S025,corridor,transition,101,1060001,1,PR1_HT1_EC0,No-EC,S025@corridor@transition:i101:nsga2:s1060001:r1:PR1_HT1_EC0:fcee649143dd,79c24d8b68c20dd6cc4f88b5fd4815d867fd618cb4ef402aacd5d34ea36f9c84,p0028,947386b43aadff72,False,0.18918598024308952,-41.119873398572054,0.0,True,True,False
S025,corridor,transition,101,1060001,1,PR1_HT1_EC0,No-EC,S025@corridor@transition:i101:nsga2:s1060001:r1:PR1_HT1_EC0:fcee649143dd,79c24d8b68c20dd6cc4f88b5fd4815d867fd618cb4ef402aacd5d34ea36f9c84,p0029,8ce9b0c32db37d16,False,0.44837502625399495,-1511.0583696129381,0.0,True,True,False
S025,corridor,transition,101,1060001,1,PR1_HT1_EC0,No-EC,S025@corridor@transition:i101:nsga2:s1060001:r1:PR1_HT1_EC0:fcee649143dd,79c24d8b68c20dd6cc4f88b5fd4815d867fd618cb4ef402aacd5d34ea36f9c84,p0030,5158fd3aa05e6f2d,False,0.47809788082029847,-1511.9098859213245,0.0,True,True,False
S025,corridor,transition,101,1060001,1,PR1_HT1_EC0,No-EC,S025@corridor@transition:i101:nsga2:s1060001:r1:PR1_HT1_EC0:fcee649143dd,79c24d8b68c20dd6cc4f88b5fd4815d867fd618cb4ef402aacd5d34ea36f9c84,p0031,d6a9e3ba52323427,False,0.4739438640867686,-1487.5567207949337,0.0,True,True,False
S025,corridor,transition,101,1060001,1,PR1_HT1_EC0,No-EC,S025@corridor@transition:i101:nsga2:s1060001:r1:PR1_HT1_EC0:fcee649143dd,79c24d8b68c20dd6cc4f88b5fd4815d867fd618cb4ef402aacd5d34ea36f9c84,p0032,f2aa96908f6d8998,False,0.21958111702120497,-486.7175473923628,0.0,True,True,False
S025,corridor,transition,101,1060001,1,PR1_HT1_EC0,No-EC,S025@corridor@transition:i101:nsga2:s1060001:r1:PR1_HT1_EC0:fcee649143dd,79c24d8b68c20dd6cc4f88b5fd4815d867fd618cb4ef402aacd5d34ea36f9c84,p0033,8d5a63dcd227d2d2,False,0.21298940061139682,-392.7109521203445,0.0,True,True,False
S025,corridor,transition,101,1060001,1,PR1_HT1_EC0,No-EC,S025@corridor@transition:i101:nsga2:s1060001:r1:PR1_HT1_EC0:fcee649143dd,79c24d8b68c20dd6cc4f88b5fd4815d867fd618cb4ef402aacd5d34ea36f9c84,p0034,095f1a4c37cef303,False,0.32340065047387156,-1197.711563044255,0.0,True,True,False
S025,corridor,transition,101,1060001,1,PR1_HT1_EC0,No-EC,S025@corridor@transition:i101:nsga2:s1060001:r1:PR1_HT1_EC0:fcee649143dd,79c24d8b68c20dd6cc4f88b5fd4815d867fd618cb4ef402aacd5d34ea36f9c84,p0035,ebfe678f1d3ea05d,False,0.31992168903537443,-1178.4674957681807,0.0,True,True,False
S025,corridor,transition,101,1060001,1,PR1_HT1_EC0,No-EC,S025@corridor@transition:i101:nsga2:s1060001:r1:PR1_HT1_EC0:fcee649143dd,79c24d8b68c20dd6cc4f88b5fd4815d867fd618cb4ef402aacd5d34ea36f9c84,p0036,8639fedc8a1c58a1,False,0.38983660706616696,-1327.104023431546,0.0,True,True,False
S025,corridor,transition,101,1060001,1,PR1_HT1_EC0,No-EC,S025@corridor@transition:i101:nsga2:s1060001:r1:PR1_HT1_EC0:fcee649143dd,79c24d8b68c20dd6cc4f88b5fd4815d867fd618cb4ef402aacd5d34ea36f9c84,p0037,a22e679368923521,False,0.3945057395231384,-1416.7160695904386,0.0,True,True,False
S025,corridor,transition,101,1060001,1,PR1_HT1_EC0,No-EC,S025@corridor@transition:i101:nsga2:s1060001:r1:PR1_HT1_EC0:fcee649143dd,79c24d8b68c20dd6cc4f88b5fd4815d867fd618cb4ef402aacd5d34ea36f9c84,p0038,3dadf5e3f47ea6ef,False,0.30131134109969704,-1154.11433064179,0.0,True,True,False
S025,corridor,transition,101,1060001,1,PR1_HT1_EC0,No-EC,S025@corridor@transition:i101:nsga2:s1060001:r1:PR1_HT1_EC0:fcee649143dd,79c24d8b68c20dd6cc4f88b5fd4815d867fd618cb4ef402aacd5d34ea36f9c84,p0039,3a9af4cd4ff90ef9,False,0.3616256454768578,-1293.2472113417134,0.0,True,True,False
S025,corridor,transition,101,1060001,1,PR1_HT1_EC1,Full,S025@corridor@transition:i101:nsga2:s1060001:r1:PR1_HT1_EC1:5981db62a04a,79c24d8b68c20dd6cc4f88b5fd4815d867fd618cb4ef402aacd5d34ea36f9c84,p0001,d68de0edc8e5a9f5,False,0.0,0.0,0.0,False,False,False
S025,corridor,transition,101,1060001,1,PR1_HT1_EC1,Full,S025@corridor@transition:i101:nsga2:s1060001:r1:PR1_HT1_EC1:5981db62a04a,79c24d8b68c20dd6cc4f88b5fd4815d867fd618cb4ef402aacd5d34ea36f9c84,p0002,5d4cf4d372a4048a,False,0.0,0.0,0.0,False,False,False
S025,corridor,transition,101,1060001,1,PR1_HT1_EC1,Full,S025@corridor@transition:i101:nsga2:s1060001:r1:PR1_HT1_EC1:5981db62a04a,79c24d8b68c20dd6cc4f88b5fd4815d867fd618cb4ef402aacd5d34ea36f9c84,p0003,01a73c1572d449c7,False,0.0,0.0,0.0,False,False,False
S025,corridor,transition,101,1060001,1,PR1_HT1_EC1,Full,S025@corridor@transition:i101:nsga2:s1060001:r1:PR1_HT1_EC1:5981db62a04a,79c24d8b68c20dd6cc4f88b5fd4815d867fd618cb4ef402aacd5d34ea36f9c84,p0004,a3d99c41e465de13,False,0.0,0.0,0.0,False,False,False
S025,corridor,transition,101,1060001,1,PR1_HT1_EC1,Full,S025@corridor@transition:i101:nsga2:s1060001:r1:PR1_HT1_EC1:5981db62a04a,79c24d8b68c20dd6cc4f88b5fd4815d867fd618cb4ef402aacd5d34ea36f9c84,p0005,cd18f4daab890a5c,False,0.0,0.0,0.0,False,False,False
S025,corridor,transition,101,1060001,1,PR1_HT1_EC1,Full,S025@corridor@transition:i101:nsga2:s1060001:r1:PR1_HT1_EC1:5981db62a04a,79c24d8b68c20dd6cc4f88b5fd4815d867fd618cb4ef402aacd5d34ea36f9c84,p0006,90ef2f3fe6865887,True,0.0,0.0,0.0,False,False,False
S025,corridor,transition,101,1060001,1,PR1_HT1_EC1,Full,S025@corridor@transition:i101:nsga2:s1060001:r1:PR1_HT1_EC1:5981db62a04a,79c24d8b68c20dd6cc4f88b5fd4815d867fd618cb4ef402aacd5d34ea36f9c84,p0007,0d237c9f0eaf13b7,False,0.0,0.0,0.0,False,False,False
S025,corridor,transition,101,1060001,1,PR1_HT1_EC1,Full,S025@corridor@transition:i101:nsga2:s1060001:r1:PR1_HT1_EC1:5981db62a04a,79c24d8b68c20dd6cc4f88b5fd4815d867fd618cb4ef402aacd5d34ea36f9c84,p0008,762411102c43b8bc,False,0.0,0.0,0.0,False,False,False
S025,corridor,transition,101,1060001,1,PR1_HT1_EC1,Full,S025@corridor@transition:i101:nsga2:s1060001:r1:PR1_HT1_EC1:5981db62a04a,79c24d8b68c20dd6cc4f88b5fd4815d867fd618cb4ef402aacd5d34ea36f9c84,p0009,9f3ac71ae2953e80,False,0.0,0.0,0.0,False,False,False
S025,corridor,transition,101,1060001,1,PR1_HT1_EC1,Full,S025@corridor@transition:i101:nsga2:s1060001:r1:PR1_HT1_EC1:5981db62a04a,79c24d8b68c20dd6cc4f88b5fd4815d867fd618cb4ef402aacd5d34ea36f9c84,p0010,234b055ba55fd2f7,False,0.0,0.0,0.0,False,False,False
S025,corridor,transition,101,1060001,1,PR1_HT1_EC1,Full,S025@corridor@transition:i101:nsga2:s1060001:r1:PR1_HT1_EC1:5981db62a04a,79c24d8b68c20dd6cc4f88b5fd4815d867fd618cb4ef402aacd5d34ea36f9c84,p0011,d3ada5a0ccb00119,False,0.0,0.0,0.0,False,False,False
S025,corridor,transition,101,1060001,1,PR1_HT1_EC1,Full,S025@corridor@transition:i101:nsga2:s1060001:r1:PR1_HT1_EC1:5981db62a04a,79c24d8b68c20dd6cc4f88b5fd4815d867fd618cb4ef402aacd5d34ea36f9c84,p0012,3a187a1e0f6de221,False,0.0,0.0,0.0,False,False,False
S025,corridor,transition,101,1060001,1,PR1_HT1_EC1,Full,S025@corridor@transition:i101:nsga2:s1060001:r1:PR1_HT1_EC1:5981db62a04a,79c24d8b68c20dd6cc4f88b5fd4815d867fd618cb4ef402aacd5d34ea36f9c84,p0013,c35e743c090a05fe,False,0.0,0.0,0.0,False,False,False
S025,corridor,transition,101,1060001,1,PR1_HT1_EC1,Full,S025@corridor@transition:i101:nsga2:s1060001:r1:PR1_HT1_EC1:5981db62a04a,79c24d8b68c20dd6cc4f88b5fd4815d867fd618cb4ef402aacd5d34ea36f9c84,p0014,930d64555993e9b1,False,0.0,0.0,0.0,False,False,False
S025,corridor,transition,101,1060001,1,PR1_HT1_EC1,Full,S025@corridor@transition:i101:nsga2:s1060001:r1:PR1_HT1_EC1:5981db62a04a,79c24d8b68c20dd6cc4f88b5fd4815d867fd618cb4ef402aacd5d34ea36f9c84,p0015,8cb6c742b636ed63,False,0.0,0.0,0.0,False,False,False
S025,corridor,transition,101,1060001,1,PR1_HT1_EC1,Full,S025@corridor@transition:i101:nsga2:s1060001:r1:PR1_HT1_EC1:5981db62a04a,79c24d8b68c20dd6cc4f88b5fd4815d867fd618cb4ef402aacd5d34ea36f9c84,p0016,f5e367dc90be133b,False,0.0,0.0,0.0,False,False,False
S025,corridor,transition,102,1070000,0,PR0_HT1_EC1,No-PR,S025@corridor@transition:i102:nsga2:s1070000:r0:PR0_HT1_EC1:9d86b7f399ae,99da49bc5facfcdb946cf238748a769dea3acd25be847396ffc15775a1845096,p0001,ec28acedbe95bb7e,True,-0.33069905068043415,714.0576247182576,0.0,True,True,False
S025,corridor,transition,102,1070000,0,PR0_HT1_EC1,No-PR,S025@corridor@transition:i102:nsga2:s1070000:r0:PR0_HT1_EC1:9d86b7f399ae,99da49bc5facfcdb946cf238748a769dea3acd25be847396ffc15775a1845096,p0002,4c41b061ed00adfe,False,-0.3144680823929624,423.9750582231345,-0.05235602094240843,True,True,True
S025,corridor,transition,102,1070000,0,PR0_HT1_EC1,No-PR,S025@corridor@transition:i102:nsga2:s1070000:r0:PR0_HT1_EC1:9d86b7f399ae,99da49bc5facfcdb946cf238748a769dea3acd25be847396ffc15775a1845096,p0003,60a7a71ada2129d6,False,-0.24036027493434187,414.3127100015827,-0.040322580645161255,True,True,True
S025,corridor,transition,102,1070000,0,PR0_HT1_EC1,No-PR,S025@corridor@transition:i102:nsga2:s1070000:r0:PR0_HT1_EC1:9d86b7f399ae,99da49bc5facfcdb946cf238748a769dea3acd25be847396ffc15775a1845096,p0004,52ef437ad6c398de,False,-0.38918536252693325,401.08021554428524,-0.08064516129032251,True,True,True
S025,corridor,transition,102,1070000,0,PR0_HT1_EC1,No-PR,S025@corridor@transition:i102:nsga2:s1070000:r0:PR0_HT1_EC1:9d86b7f399ae,99da49bc5facfcdb946cf238748a769dea3acd25be847396ffc15775a1845096,p0005,5463c3984578e4ce,False,-0.2910378507278093,879.6481918837992,0.04032258064516131,True,True,True
S025,corridor,transition,102,1070000,0,PR0_HT1_EC1,No-PR,S025@corridor@transition:i102:nsga2:s1070000:r0:PR0_HT1_EC1:9d86b7f399ae,99da49bc5facfcdb946cf238748a769dea3acd25be847396ffc15775a1845096,p0006,72b77703bba2f71c,False,-0.15508286544723493,423.9750582231343,0.0,True,True,False
S025,corridor,transition,102,1070000,0,PR0_HT1_EC1,No-PR,S025@corridor@transition:i102:nsga2:s1070000:r0:PR0_HT1_EC1:9d86b7f399ae,99da49bc5facfcdb946cf238748a769dea3acd25be847396ffc15775a1845096,p0007,3ba76f66ba8fbcc3,False,-0.19466448953197002,401.08021554428524,-0.08064516129032259,True,True,True
S025,corridor,transition,102,1070000,0,PR0_HT1_EC1,No-PR,S025@corridor@transition:i102:nsga2:s1070000:r0:PR0_HT1_EC1:9d86b7f399ae,99da49bc5facfcdb946cf238748a769dea3acd25be847396ffc15775a1845096,p0008,656e6c66558a6b26,False,-0.19674643454312335,403.33925827508574,-0.08547008547008547,True,True,True
S025,corridor,transition,102,1070000,0,PR0_HT1_EC1,No-PR,S025@corridor@transition:i102:nsga2:s1070000:r0:PR0_HT1_EC1:9d86b7f399ae,99da49bc5facfcdb946cf238748a769dea3acd25be847396ffc15775a1845096,p0009,4bb5cd5086b1a2f1,False,-0.20198437188088914,858.2215032863553,0.040322580645161296,True,True,True
S025,corridor,transition,102,1070000,0,PR0_HT1_EC1,No-PR,S025@corridor@transition:i102:nsga2:s1070000:r0:PR0_HT1_EC1:9d86b7f399ae,99da49bc5facfcdb946cf238748a769dea3acd25be847396ffc15775a1845096,p0010,ad316931e7926ee3,False,-0.2422497359341369,839.738433397542,-0.1282051282051282,True,True,True
S025,corridor,transition,102,1070000,0,PR0_HT1_EC1,No-PR,S025@corridor@transition:i102:nsga2:s1070000:r0:PR0_HT1_EC1:9d86b7f399ae,99da49bc5facfcdb946cf238748a769dea3acd25be847396ffc15775a1845096,p0011,36e6ed63c47e90d1,False,0.0,0.0,0.0,False,False,False
S025,corridor,transition,102,1070000,0,PR1_HT0_EC1,No-HT,S025@corridor@transition:i102:nsga2:s1070000:r0:PR1_HT0_EC1:0f8ad9cd5a7c,99da49bc5facfcdb946cf238748a769dea3acd25be847396ffc15775a1845096,p0001,f8f445298b19c215,True,0.5192175626444788,334.99730881068854,0.022179372211558412,True,True,True
S025,corridor,transition,102,1070000,0,PR1_HT0_EC1,No-HT,S025@corridor@transition:i102:nsga2:s1070000:r0:PR1_HT0_EC1:0f8ad9cd5a7c,99da49bc5facfcdb946cf238748a769dea3acd25be847396ffc15775a1845096,p0002,5739e6a4f96f9e90,False,0.5486833387123653,264.5394246269698,0.01950835620014979,True,True,True
S025,corridor,transition,102,1070000,0,PR1_HT0_EC1,No-HT,S025@corridor@transition:i102:nsga2:s1070000:r0:PR1_HT0_EC1:0f8ad9cd5a7c,99da49bc5facfcdb946cf238748a769dea3acd25be847396ffc15775a1845096,p0003,23269c5aa98a08a6,False,0.4630473266382893,-37.313801817342664,0.10940114718715133,True,True,True
S025,corridor,transition,102,1070000,0,PR1_HT0_EC1,No-HT,S025@corridor@transition:i102:nsga2:s1070000:r0:PR1_HT0_EC1:0f8ad9cd5a7c,99da49bc5facfcdb946cf238748a769dea3acd25be847396ffc15775a1845096,p0004,5d0aa9318c44eb59,False,0.49449585552692454,-267.2111916504082,0.16574585635359113,True,True,True
S025,corridor,transition,102,1070000,0,PR1_HT0_EC1,No-HT,S025@corridor@transition:i102:nsga2:s1070000:r0:PR1_HT0_EC1:0f8ad9cd5a7c,99da49bc5facfcdb946cf238748a769dea3acd25be847396ffc15775a1845096,p0005,6fb8966c6bcdbb5d,False,0.6098568846846861,-143.1621788988041,0.24193548387096775,True,True,True
S025,corridor,transition,102,1070000,0,PR1_HT0_EC1,No-HT,S025@corridor@transition:i102:nsga2:s1070000:r0:PR1_HT0_EC1:0f8ad9cd5a7c,99da49bc5facfcdb946cf238748a769dea3acd25be847396ffc15775a1845096,p0006,c5c638d5c3d9a663,False,0.3666391664830604,-140.0309429044728,0.16129032258064518,True,True,True
S025,corridor,transition,102,1070000,0,PR1_HT0_EC1,No-HT,S025@corridor@transition:i102:nsga2:s1070000:r0:PR1_HT0_EC1:0f8ad9cd5a7c,99da49bc5facfcdb946cf238748a769dea3acd25be847396ffc15775a1845096,p0007,3da07a52fb207450,False,0.2205852907384207,-120.57725346732809,0.16129032258064513,True,True,True
S025,corridor,transition,102,1070000,0,PR1_HT0_EC1,No-HT,S025@corridor@transition:i102:nsga2:s1070000:r0:PR1_HT0_EC1:0f8ad9cd5a7c,99da49bc5facfcdb946cf238748a769dea3acd25be847396ffc15775a1845096,p0008,dc437494256d5eb6,False,0.23208049057967806,-133.75715877912262,0.08064516129032256,True,True,True
S025,corridor,transition,102,1070000,0,PR1_HT0_EC1,No-HT,S025@corridor@transition:i102:nsga2:s1070000:r0:PR1_HT0_EC1:0f8ad9cd5a7c,99da49bc5facfcdb946cf238748a769dea3acd25be847396ffc15775a1845096,p0009,c159294d4f9256a6,False,0.3166411669675213,-138.21755845323992,0.24193548387096775,True,True,True
S025,corridor,transition,102,1070000,0,PR1_HT0_EC1,No-HT,S025@corridor@transition:i102:nsga2:s1070000:r0:PR1_HT0_EC1:0f8ad9cd5a7c,99da49bc5facfcdb946cf238748a769dea3acd25be847396ffc15775a1845096,p0010,2948d6c5e756be7b,False,0.13060374008512365,-134.939269290026,0.08547008547008547,True,True,True
S025,corridor,transition,102,1070000,0,PR1_HT0_EC1,No-HT,S025@corridor@transition:i102:nsga2:s1070000:r0:PR1_HT0_EC1:0f8ad9cd5a7c,99da49bc5facfcdb946cf238748a769dea3acd25be847396ffc15775a1845096,p0011,598501af70f1fd8a,False,0.05432538137322407,66.83406231717981,0.0,True,True,False
S025,corridor,transition,102,1070000,0,PR1_HT0_EC1,No-HT,S025@corridor@transition:i102:nsga2:s1070000:r0:PR1_HT0_EC1:0f8ad9cd5a7c,99da49bc5facfcdb946cf238748a769dea3acd25be847396ffc15775a1845096,p0012,6e1e15960c8fcc82,False,0.06693198029322378,55.79588210800307,0.08287292817679558,True,True,True
S025,corridor,transition,102,1070000,0,PR1_HT0_EC1,No-HT,S025@corridor@transition:i102:nsga2:s1070000:r0:PR1_HT0_EC1:0f8ad9cd5a7c,99da49bc5facfcdb946cf238748a769dea3acd25be847396ffc15775a1845096,p0013,7ed4ed42bd7131a3,False,0.0772365458748494,100.48241444494533,0.04032258064516128,True,True,True
S025,corridor,transition,102,1070000,0,PR1_HT0_EC1,No-HT,S025@corridor@transition:i102:nsga2:s1070000:r0:PR1_HT0_EC1:0f8ad9cd5a7c,99da49bc5facfcdb946cf238748a769dea3acd25be847396ffc15775a1845096,p0014,325e852c20eba4de,False,0.04476272819045768,114.83838230398237,0.0,True,True,False
S025,corridor,transition,102,1070000,0,PR1_HT0_EC1,No-HT,S025@corridor@transition:i102:nsga2:s1070000:r0:PR1_HT0_EC1:0f8ad9cd5a7c,99da49bc5facfcdb946cf238748a769dea3acd25be847396ffc15775a1845096,p0015,fbf6aa8fa4067967,False,0.050167913071419434,76.07559726158615,0.0,True,True,False
S025,corridor,transition,102,1070000,0,PR1_HT0_EC1,No-HT,S025@corridor@transition:i102:nsga2:s1070000:r0:PR1_HT0_EC1:0f8ad9cd5a7c,99da49bc5facfcdb946cf238748a769dea3acd25be847396ffc15775a1845096,p0016,edd5f397c069504b,False,0.06049572499715428,-114.97708126929115,0.12096774193548387,True,True,True
S025,corridor,transition,102,1070000,0,PR1_HT0_EC1,No-HT,S025@corridor@transition:i102:nsga2:s1070000:r0:PR1_HT0_EC1:0f8ad9cd5a7c,99da49bc5facfcdb946cf238748a769dea3acd25be847396ffc15775a1845096,p0017,845b0617d6f7862e,False,0.0,0.0,0.0,False,False,False
S025,corridor,transition,102,1070000,0,PR1_HT0_EC1,No-HT,S025@corridor@transition:i102:nsga2:s1070000:r0:PR1_HT0_EC1:0f8ad9cd5a7c,99da49bc5facfcdb946cf238748a769dea3acd25be847396ffc15775a1845096,p0018,c1036326d9f0f9e4,False,0.06585150485635438,-106.37360509279574,0.0,True,True,False
S025,corridor,transition,102,1070000,0,PR1_HT0_EC1,No-HT,S025@corridor@transition:i102:nsga2:s1070000:r0:PR1_HT0_EC1:0f8ad9cd5a7c,99da49bc5facfcdb946cf238748a769dea3acd25be847396ffc15775a1845096,p0019,573b49a75dbfa7a9,False,0.07801692896792112,-188.99823576470294,0.0,True,True,False
S025,corridor,transition,102,1070000,0,PR1_HT1_EC0,No-EC,S025@corridor@transition:i102:nsga2:s1070000:r0:PR1_HT1_EC0:8fbc426fe68e,99da49bc5facfcdb946cf238748a769dea3acd25be847396ffc15775a1845096,p0001,fc50ce85bcabe4b2,False,0.0,0.0,0.0,False,False,False
S025,corridor,transition,102,1070000,0,PR1_HT1_EC0,No-EC,S025@corridor@transition:i102:nsga2:s1070000:r0:PR1_HT1_EC0:8fbc426fe68e,99da49bc5facfcdb946cf238748a769dea3acd25be847396ffc15775a1845096,p0002,0d9d3152bdf41867,True,0.0,0.0,0.0,False,False,False
S025,corridor,transition,102,1070000,0,PR1_HT1_EC0,No-EC,S025@corridor@transition:i102:nsga2:s1070000:r0:PR1_HT1_EC0:8fbc426fe68e,99da49bc5facfcdb946cf238748a769dea3acd25be847396ffc15775a1845096,p0003,d5e2eb940881c856,False,0.0,0.0,0.0,False,False,False
S025,corridor,transition,102,1070000,0,PR1_HT1_EC0,No-EC,S025@corridor@transition:i102:nsga2:s1070000:r0:PR1_HT1_EC0:8fbc426fe68e,99da49bc5facfcdb946cf238748a769dea3acd25be847396ffc15775a1845096,p0004,bb6023e24f046608,False,0.0,0.0,0.0,False,False,False
S025,corridor,transition,102,1070000,0,PR1_HT1_EC0,No-EC,S025@corridor@transition:i102:nsga2:s1070000:r0:PR1_HT1_EC0:8fbc426fe68e,99da49bc5facfcdb946cf238748a769dea3acd25be847396ffc15775a1845096,p0005,ce45fa4c6daf552d,False,0.0,0.0,0.0,False,False,False
S025,corridor,transition,102,1070000,0,PR1_HT1_EC0,No-EC,S025@corridor@transition:i102:nsga2:s1070000:r0:PR1_HT1_EC0:8fbc426fe68e,99da49bc5facfcdb946cf238748a769dea3acd25be847396ffc15775a1845096,p0006,49f4df3ec843c65e,False,0.0,0.0,0.0,False,False,False
S025,corridor,transition,102,1070000,0,PR1_HT1_EC0,No-EC,S025@corridor@transition:i102:nsga2:s1070000:r0:PR1_HT1_EC0:8fbc426fe68e,99da49bc5facfcdb946cf238748a769dea3acd25be847396ffc15775a1845096,p0007,ec778c6af82bbd24,False,0.0,0.0,0.0,False,False,False
S025,corridor,transition,102,1070000,0,PR1_HT1_EC0,No-EC,S025@corridor@transition:i102:nsga2:s1070000:r0:PR1_HT1_EC0:8fbc426fe68e,99da49bc5facfcdb946cf238748a769dea3acd25be847396ffc15775a1845096,p0008,81e95628efeb39b4,False,0.0,0.0,0.0,False,False,False
S025,corridor,transition,102,1070000,0,PR1_HT1_EC0,No-EC,S025@corridor@transition:i102:nsga2:s1070000:r0:PR1_HT1_EC0:8fbc426fe68e,99da49bc5facfcdb946cf238748a769dea3acd25be847396ffc15775a1845096,p0009,dd109b2a5901c795,False,0.0,0.0,0.0,False,False,False
S025,corridor,transition,102,1070000,0,PR1_HT1_EC0,No-EC,S025@corridor@transition:i102:nsga2:s1070000:r0:PR1_HT1_EC0:8fbc426fe68e,99da49bc5facfcdb946cf238748a769dea3acd25be847396ffc15775a1845096,p0010,cf38b59c081b1f78,False,0.0,0.0,0.0,False,False,False
S025,corridor,transition,102,1070000,0,PR1_HT1_EC0,No-EC,S025@corridor@transition:i102:nsga2:s1070000:r0:PR1_HT1_EC0:8fbc426fe68e,99da49bc5facfcdb946cf238748a769dea3acd25be847396ffc15775a1845096,p0011,7d71bc1c6588a0fd,False,0.0,0.0,0.0,False,False,False
S025,corridor,transition,102,1070000,0,PR1_HT1_EC0,No-EC,S025@corridor@transition:i102:nsga2:s1070000:r0:PR1_HT1_EC0:8fbc426fe68e,99da49bc5facfcdb946cf238748a769dea3acd25be847396ffc15775a1845096,p0012,9d6a84ced497b179,False,0.0,0.0,0.0,False,False,False
S025,corridor,transition,102,1070000,0,PR1_HT1_EC0,No-EC,S025@corridor@transition:i102:nsga2:s1070000:r0:PR1_HT1_EC0:8fbc426fe68e,99da49bc5facfcdb946cf238748a769dea3acd25be847396ffc15775a1845096,p0013,db8de39b36f5d060,False,0.0,1.860311415819524,0.0,False,True,False
S025,corridor,transition,102,1070000,0,PR1_HT1_EC0,No-EC,S025@corridor@transition:i102:nsga2:s1070000:r0:PR1_HT1_EC0:8fbc426fe68e,99da49bc5facfcdb946cf238748a769dea3acd25be847396ffc15775a1845096,p0014,3ce3e37f425d37e8,False,0.0,-26.231520496981375,0.0,False,True,False
S025,corridor,transition,102,1070000,0,PR1_HT1_EC0,No-EC,S025@corridor@transition:i102:nsga2:s1070000:r0:PR1_HT1_EC0:8fbc426fe68e,99da49bc5facfcdb946cf238748a769dea3acd25be847396ffc15775a1845096,p0015,07e8e00b0f8a42f5,False,0.0,16.153990987175803,0.0,False,True,False
S025,corridor,transition,102,1070000,0,PR1_HT1_EC0,No-EC,S025@corridor@transition:i102:nsga2:s1070000:r0:PR1_HT1_EC0:8fbc426fe68e,99da49bc5facfcdb946cf238748a769dea3acd25be847396ffc15775a1845096,p0016,929113d9f1cf656f,False,0.0,16.153990987175348,0.0,False,True,False
S025,corridor,transition,102,1070000,0,PR1_HT1_EC0,No-EC,S025@corridor@transition:i102:nsga2:s1070000:r0:PR1_HT1_EC0:8fbc426fe68e,99da49bc5facfcdb946cf238748a769dea3acd25be847396ffc15775a1845096,p0017,26abb00d9d86cffa,False,0.0,0.0,0.0,False,False,False
S025,corridor,transition,102,1070000,0,PR1_HT1_EC0,No-EC,S025@corridor@transition:i102:nsga2:s1070000:r0:PR1_HT1_EC0:8fbc426fe68e,99da49bc5facfcdb946cf238748a769dea3acd25be847396ffc15775a1845096,p0018,a6dc1a5b70f24482,False,0.0,0.0,0.0,False,False,False
S025,corridor,transition,102,1070000,0,PR1_HT1_EC0,No-EC,S025@corridor@transition:i102:nsga2:s1070000:r0:PR1_HT1_EC0:8fbc426fe68e,99da49bc5facfcdb946cf238748a769dea3acd25be847396ffc15775a1845096,p0019,5a42808a4be2a188,False,0.0,0.0,0.0,False,False,False
S025,corridor,transition,102,1070000,0,PR1_HT1_EC0,No-EC,S025@corridor@transition:i102:nsga2:s1070000:r0:PR1_HT1_EC0:8fbc426fe68e,99da49bc5facfcdb946cf238748a769dea3acd25be847396ffc15775a1845096,p0020,66ec51c679f0a811,False,0.0,0.0,0.0,False,False,False
S025,corridor,transition,102,1070000,0,PR1_HT1_EC0,No-EC,S025@corridor@transition:i102:nsga2:s1070000:r0:PR1_HT1_EC0:8fbc426fe68e,99da49bc5facfcdb946cf238748a769dea3acd25be847396ffc15775a1845096,p0021,1f60b4eb9d1159e0,False,0.0,0.0,0.0,False,False,False
S025,corridor,transition,102,1070000,0,PR1_HT1_EC0,No-EC,S025@corridor@transition:i102:nsga2:s1070000:r0:PR1_HT1_EC0:8fbc426fe68e,99da49bc5facfcdb946cf238748a769dea3acd25be847396ffc15775a1845096,p0022,c660e1f0049d7304,False,0.0,0.0,0.0,False,False,False
S025,corridor,transition,102,1070000,0,PR1_HT1_EC0,No-EC,S025@corridor@transition:i102:nsga2:s1070000:r0:PR1_HT1_EC0:8fbc426fe68e,99da49bc5facfcdb946cf238748a769dea3acd25be847396ffc15775a1845096,p0023,ee9317cfd79dfd74,False,0.0,0.0,0.0,False,False,False
S025,corridor,transition,102,1070000,0,PR1_HT1_EC0,No-EC,S025@corridor@transition:i102:nsga2:s1070000:r0:PR1_HT1_EC0:8fbc426fe68e,99da49bc5facfcdb946cf238748a769dea3acd25be847396ffc15775a1845096,p0024,b6f996c24147d4c9,False,0.0,0.0,0.0,False,False,False
S025,corridor,transition,102,1070000,0,PR1_HT1_EC0,No-EC,S025@corridor@transition:i102:nsga2:s1070000:r0:PR1_HT1_EC0:8fbc426fe68e,99da49bc5facfcdb946cf238748a769dea3acd25be847396ffc15775a1845096,p0025,b9bd6c1a72193a4f,False,0.0,0.0,0.0,False,False,False
S025,corridor,transition,102,1070000,0,PR1_HT1_EC0,No-EC,S025@corridor@transition:i102:nsga2:s1070000:r0:PR1_HT1_EC0:8fbc426fe68e,99da49bc5facfcdb946cf238748a769dea3acd25be847396ffc15775a1845096,p0026,21581d8c61163e9a,False,0.0,0.0,0.0,False,False,False
S025,corridor,transition,102,1070000,0,PR1_HT1_EC0,No-EC,S025@corridor@transition:i102:nsga2:s1070000:r0:PR1_HT1_EC0:8fbc426fe68e,99da49bc5facfcdb946cf238748a769dea3acd25be847396ffc15775a1845096,p0027,dc7efe3606389d3c,False,0.0,0.0,0.0,False,False,False
S025,corridor,transition,102,1070000,0,PR1_HT1_EC0,No-EC,S025@corridor@transition:i102:nsga2:s1070000:r0:PR1_HT1_EC0:8fbc426fe68e,99da49bc5facfcdb946cf238748a769dea3acd25be847396ffc15775a1845096,p0028,ebc22ec78c55a67e,False,0.0,0.0,0.0,False,False,False
S025,corridor,transition,102,1070000,0,PR1_HT1_EC0,No-EC,S025@corridor@transition:i102:nsga2:s1070000:r0:PR1_HT1_EC0:8fbc426fe68e,99da49bc5facfcdb946cf238748a769dea3acd25be847396ffc15775a1845096,p0029,c0c1fc241f77c507,False,0.0,0.0,0.0,False,False,False
S025,corridor,transition,102,1070000,0,PR1_HT1_EC0,No-EC,S025@corridor@transition:i102:nsga2:s1070000:r0:PR1_HT1_EC0:8fbc426fe68e,99da49bc5facfcdb946cf238748a769dea3acd25be847396ffc15775a1845096,p0030,57d175baffb1590e,False,0.0,0.0,0.0,False,False,False
S025,corridor,transition,102,1070000,0,PR1_HT1_EC0,No-EC,S025@corridor@transition:i102:nsga2:s1070000:r0:PR1_HT1_EC0:8fbc426fe68e,99da49bc5facfcdb946cf238748a769dea3acd25be847396ffc15775a1845096,p0031,2721de4a6854565a,False,0.0,0.0,0.0,False,False,False
S025,corridor,transition,102,1070000,0,PR1_HT1_EC0,No-EC,S025@corridor@transition:i102:nsga2:s1070000:r0:PR1_HT1_EC0:8fbc426fe68e,99da49bc5facfcdb946cf238748a769dea3acd25be847396ffc15775a1845096,p0032,538220dc36aff393,False,0.0,0.0,0.0,False,False,False
S025,corridor,transition,102,1070000,0,PR1_HT1_EC0,No-EC,S025@corridor@transition:i102:nsga2:s1070000:r0:PR1_HT1_EC0:8fbc426fe68e,99da49bc5facfcdb946cf238748a769dea3acd25be847396ffc15775a1845096,p0033,633994e84433dd53,False,0.0,0.0,0.0,False,False,False
S025,corridor,transition,102,1070000,0,PR1_HT1_EC0,No-EC,S025@corridor@transition:i102:nsga2:s1070000:r0:PR1_HT1_EC0:8fbc426fe68e,99da49bc5facfcdb946cf238748a769dea3acd25be847396ffc15775a1845096,p0034,0e01ee2cbe6870e6,False,0.0,0.0,0.0,False,False,False
S025,corridor,transition,102,1070000,0,PR1_HT1_EC0,No-EC,S025@corridor@transition:i102:nsga2:s1070000:r0:PR1_HT1_EC0:8fbc426fe68e,99da49bc5facfcdb946cf238748a769dea3acd25be847396ffc15775a1845096,p0035,89a39ddc0427e7fa,False,0.0,0.0,0.0,False,False,False
S025,corridor,transition,102,1070000,0,PR1_HT1_EC0,No-EC,S025@corridor@transition:i102:nsga2:s1070000:r0:PR1_HT1_EC0:8fbc426fe68e,99da49bc5facfcdb946cf238748a769dea3acd25be847396ffc15775a1845096,p0036,539c8197b9fe0771,False,0.0,0.0,0.0,False,False,False
S025,corridor,transition,102,1070000,0,PR1_HT1_EC0,No-EC,S025@corridor@transition:i102:nsga2:s1070000:r0:PR1_HT1_EC0:8fbc426fe68e,99da49bc5facfcdb946cf238748a769dea3acd25be847396ffc15775a1845096,p0037,44dc953eab97cdf2,False,0.0,0.0,0.0,False,False,False
S025,corridor,transition,102,1070000,0,PR1_HT1_EC0,No-EC,S025@corridor@transition:i102:nsga2:s1070000:r0:PR1_HT1_EC0:8fbc426fe68e,99da49bc5facfcdb946cf238748a769dea3acd25be847396ffc15775a1845096,p0038,f15db4dec8a964a3,False,0.0,0.0,0.0,False,False,False
S025,corridor,transition,102,1070000,0,PR1_HT1_EC0,No-EC,S025@corridor@transition:i102:nsga2:s1070000:r0:PR1_HT1_EC0:8fbc426fe68e,99da49bc5facfcdb946cf238748a769dea3acd25be847396ffc15775a1845096,p0039,f6ac60db45fe92fd,False,0.0,0.0,0.0,False,False,False
S025,corridor,transition,102,1070000,0,PR1_HT1_EC0,No-EC,S025@corridor@transition:i102:nsga2:s1070000:r0:PR1_HT1_EC0:8fbc426fe68e,99da49bc5facfcdb946cf238748a769dea3acd25be847396ffc15775a1845096,p0040,0a50e80eda4f8784,False,0.0,0.0,0.0,False,False,False
S025,corridor,transition,102,1070000,0,PR1_HT1_EC0,No-EC,S025@corridor@transition:i102:nsga2:s1070000:r0:PR1_HT1_EC0:8fbc426fe68e,99da49bc5facfcdb946cf238748a769dea3acd25be847396ffc15775a1845096,p0041,06a7db589f8f9d2a,False,0.0,0.0,0.0,False,False,False
S025,corridor,transition,102,1070000,0,PR1_HT1_EC0,No-EC,S025@corridor@transition:i102:nsga2:s1070000:r0:PR1_HT1_EC0:8fbc426fe68e,99da49bc5facfcdb946cf238748a769dea3acd25be847396ffc15775a1845096,p0042,674d9d2a9383d5a4,False,0.0,0.0,0.0,False,False,False
S025,corridor,transition,102,1070000,0,PR1_HT1_EC0,No-EC,S025@corridor@transition:i102:nsga2:s1070000:r0:PR1_HT1_EC0:8fbc426fe68e,99da49bc5facfcdb946cf238748a769dea3acd25be847396ffc15775a1845096,p0043,94f10a966cac0dd3,False,0.0,0.0,0.0,False,False,False
S025,corridor,transition,102,1070000,0,PR1_HT1_EC0,No-EC,S025@corridor@transition:i102:nsga2:s1070000:r0:PR1_HT1_EC0:8fbc426fe68e,99da49bc5facfcdb946cf238748a769dea3acd25be847396ffc15775a1845096,p0044,3bc12b283bc695b5,False,0.0,0.0,0.0,False,False,False
S025,corridor,transition,102,1070000,0,PR1_HT1_EC0,No-EC,S025@corridor@transition:i102:nsga2:s1070000:r0:PR1_HT1_EC0:8fbc426fe68e,99da49bc5facfcdb946cf238748a769dea3acd25be847396ffc15775a1845096,p0045,ffe70fe6e6cc549d,False,0.0,0.0,0.0,False,False,False
S025,corridor,transition,102,1070000,0,PR1_HT1_EC0,No-EC,S025@corridor@transition:i102:nsga2:s1070000:r0:PR1_HT1_EC0:8fbc426fe68e,99da49bc5facfcdb946cf238748a769dea3acd25be847396ffc15775a1845096,p0046,ff1ce977931c92f2,False,0.0,0.0,0.0,False,False,False
S025,corridor,transition,102,1070000,0,PR1_HT1_EC0,No-EC,S025@corridor@transition:i102:nsga2:s1070000:r0:PR1_HT1_EC0:8fbc426fe68e,99da49bc5facfcdb946cf238748a769dea3acd25be847396ffc15775a1845096,p0047,70c2bc86b1bea398,False,0.0,0.0,0.0,False,False,False
S025,corridor,transition,102,1070000,0,PR1_HT1_EC0,No-EC,S025@corridor@transition:i102:nsga2:s1070000:r0:PR1_HT1_EC0:8fbc426fe68e,99da49bc5facfcdb946cf238748a769dea3acd25be847396ffc15775a1845096,p0048,a6cfe6dc4300923a,False,0.0,0.0,0.0,False,False,False
S025,corridor,transition,102,1070000,0,PR1_HT1_EC0,No-EC,S025@corridor@transition:i102:nsga2:s1070000:r0:PR1_HT1_EC0:8fbc426fe68e,99da49bc5facfcdb946cf238748a769dea3acd25be847396ffc15775a1845096,p0049,4dd48daf2b99b470,False,0.0,0.0,0.0,False,False,False
S025,corridor,transition,102,1070000,0,PR1_HT1_EC0,No-EC,S025@corridor@transition:i102:nsga2:s1070000:r0:PR1_HT1_EC0:8fbc426fe68e,99da49bc5facfcdb946cf238748a769dea3acd25be847396ffc15775a1845096,p0050,fa578f940c6f8fee,False,0.0,0.0,0.0,False,False,False
S025,corridor,transition,102,1070000,0,PR1_HT1_EC1,Full,S025@corridor@transition:i102:nsga2:s1070000:r0:PR1_HT1_EC1:53750258a23e,99da49bc5facfcdb946cf238748a769dea3acd25be847396ffc15775a1845096,p0001,42ce622f2263979e,False,0.0,0.0,0.0,False,False,False
S025,corridor,transition,102,1070000,0,PR1_HT1_EC1,Full,S025@corridor@transition:i102:nsga2:s1070000:r0:PR1_HT1_EC1:53750258a23e,99da49bc5facfcdb946cf238748a769dea3acd25be847396ffc15775a1845096,p0002,01fd922e6c6bab01,False,0.0,0.0,0.0,False,False,False
S025,corridor,transition,102,1070000,0,PR1_HT1_EC1,Full,S025@corridor@transition:i102:nsga2:s1070000:r0:PR1_HT1_EC1:53750258a23e,99da49bc5facfcdb946cf238748a769dea3acd25be847396ffc15775a1845096,p0003,96f82c4bc0e9d293,False,0.0,0.0,0.0,False,False,False
S025,corridor,transition,102,1070000,0,PR1_HT1_EC1,Full,S025@corridor@transition:i102:nsga2:s1070000:r0:PR1_HT1_EC1:53750258a23e,99da49bc5facfcdb946cf238748a769dea3acd25be847396ffc15775a1845096,p0004,42bb8af4a0f11844,False,0.0,0.0,0.0,False,False,False
S025,corridor,transition,102,1070000,0,PR1_HT1_EC1,Full,S025@corridor@transition:i102:nsga2:s1070000:r0:PR1_HT1_EC1:53750258a23e,99da49bc5facfcdb946cf238748a769dea3acd25be847396ffc15775a1845096,p0005,e9436986301a756e,False,0.0,0.0,0.0,False,False,False
S025,corridor,transition,102,1070000,0,PR1_HT1_EC1,Full,S025@corridor@transition:i102:nsga2:s1070000:r0:PR1_HT1_EC1:53750258a23e,99da49bc5facfcdb946cf238748a769dea3acd25be847396ffc15775a1845096,p0006,9c3658b2a0db775f,True,0.0,0.0,0.0,False,False,False
S025,corridor,transition,102,1070000,0,PR1_HT1_EC1,Full,S025@corridor@transition:i102:nsga2:s1070000:r0:PR1_HT1_EC1:53750258a23e,99da49bc5facfcdb946cf238748a769dea3acd25be847396ffc15775a1845096,p0007,805ae7aaab738d78,False,0.0,0.0,0.0,False,False,False
S025,corridor,transition,102,1070000,0,PR1_HT1_EC1,Full,S025@corridor@transition:i102:nsga2:s1070000:r0:PR1_HT1_EC1:53750258a23e,99da49bc5facfcdb946cf238748a769dea3acd25be847396ffc15775a1845096,p0008,3a3de1d450394501,False,0.0,0.0,0.0,False,False,False
S025,corridor,transition,102,1070000,0,PR1_HT1_EC1,Full,S025@corridor@transition:i102:nsga2:s1070000:r0:PR1_HT1_EC1:53750258a23e,99da49bc5facfcdb946cf238748a769dea3acd25be847396ffc15775a1845096,p0009,032f57b3d14df0b6,False,0.0,0.0,0.0,False,False,False
S025,corridor,transition,102,1070000,0,PR1_HT1_EC1,Full,S025@corridor@transition:i102:nsga2:s1070000:r0:PR1_HT1_EC1:53750258a23e,99da49bc5facfcdb946cf238748a769dea3acd25be847396ffc15775a1845096,p0010,4b9280956e669a6a,False,0.0,0.0,0.0,False,False,False
S025,corridor,transition,102,1070000,0,PR1_HT1_EC1,Full,S025@corridor@transition:i102:nsga2:s1070000:r0:PR1_HT1_EC1:53750258a23e,99da49bc5facfcdb946cf238748a769dea3acd25be847396ffc15775a1845096,p0011,ff393cf8f8094bd7,False,0.0,0.0,0.0,False,False,False
S025,corridor,transition,102,1070000,0,PR1_HT1_EC1,Full,S025@corridor@transition:i102:nsga2:s1070000:r0:PR1_HT1_EC1:53750258a23e,99da49bc5facfcdb946cf238748a769dea3acd25be847396ffc15775a1845096,p0012,cdec131c9b045012,False,0.0,0.0,0.0,False,False,False
S025,corridor,transition,102,1070000,0,PR1_HT1_EC1,Full,S025@corridor@transition:i102:nsga2:s1070000:r0:PR1_HT1_EC1:53750258a23e,99da49bc5facfcdb946cf238748a769dea3acd25be847396ffc15775a1845096,p0013,bb3b0f61f5fa667c,False,0.0,0.0,0.0,False,False,False
S025,corridor,transition,102,1070000,0,PR1_HT1_EC1,Full,S025@corridor@transition:i102:nsga2:s1070000:r0:PR1_HT1_EC1:53750258a23e,99da49bc5facfcdb946cf238748a769dea3acd25be847396ffc15775a1845096,p0014,839ffd2a9413d7f4,False,0.0,0.0,0.0,False,False,False
S025,corridor,transition,102,1070000,0,PR1_HT1_EC1,Full,S025@corridor@transition:i102:nsga2:s1070000:r0:PR1_HT1_EC1:53750258a23e,99da49bc5facfcdb946cf238748a769dea3acd25be847396ffc15775a1845096,p0015,7545b00823226646,False,0.0,0.0,0.0,False,False,False
S025,corridor,transition,102,1070000,0,PR1_HT1_EC1,Full,S025@corridor@transition:i102:nsga2:s1070000:r0:PR1_HT1_EC1:53750258a23e,99da49bc5facfcdb946cf238748a769dea3acd25be847396ffc15775a1845096,p0016,ad284ed9bb5f2bc8,False,0.0,0.0,0.0,False,False,False
S025,corridor,transition,102,1070000,0,PR1_HT1_EC1,Full,S025@corridor@transition:i102:nsga2:s1070000:r0:PR1_HT1_EC1:53750258a23e,99da49bc5facfcdb946cf238748a769dea3acd25be847396ffc15775a1845096,p0017,59c39bd33ef64e56,False,0.0,0.0,0.0,False,False,False
S025,corridor,transition,102,1070000,0,PR1_HT1_EC1,Full,S025@corridor@transition:i102:nsga2:s1070000:r0:PR1_HT1_EC1:53750258a23e,99da49bc5facfcdb946cf238748a769dea3acd25be847396ffc15775a1845096,p0018,7cbc02d64d791d9d,False,0.0,0.0,0.0,False,False,False
S025,corridor,transition,102,1070000,0,PR1_HT1_EC1,Full,S025@corridor@transition:i102:nsga2:s1070000:r0:PR1_HT1_EC1:53750258a23e,99da49bc5facfcdb946cf238748a769dea3acd25be847396ffc15775a1845096,p0019,6aeed0ac11ab4dcd,False,0.0,0.0,0.0,False,False,False
S025,corridor,transition,102,1070000,0,PR1_HT1_EC1,Full,S025@corridor@transition:i102:nsga2:s1070000:r0:PR1_HT1_EC1:53750258a23e,99da49bc5facfcdb946cf238748a769dea3acd25be847396ffc15775a1845096,p0020,f5ac9e12dbdf513a,False,0.0,0.0,0.0,False,False,False
S025,corridor,transition,102,1070000,0,PR1_HT1_EC1,Full,S025@corridor@transition:i102:nsga2:s1070000:r0:PR1_HT1_EC1:53750258a23e,99da49bc5facfcdb946cf238748a769dea3acd25be847396ffc15775a1845096,p0021,6ddf5728ffbce4b7,False,0.0,0.0,0.0,False,False,False
S025,corridor,transition,102,1070000,0,PR1_HT1_EC1,Full,S025@corridor@transition:i102:nsga2:s1070000:r0:PR1_HT1_EC1:53750258a23e,99da49bc5facfcdb946cf238748a769dea3acd25be847396ffc15775a1845096,p0022,b9bd6c1a72193a4f,False,0.0,0.0,0.0,False,False,False
S025,corridor,transition,102,1070000,0,PR1_HT1_EC1,Full,S025@corridor@transition:i102:nsga2:s1070000:r0:PR1_HT1_EC1:53750258a23e,99da49bc5facfcdb946cf238748a769dea3acd25be847396ffc15775a1845096,p0023,8f75a07b588ca81b,False,0.0,0.0,0.0,False,False,False
S025,corridor,transition,102,1070000,0,PR1_HT1_EC1,Full,S025@corridor@transition:i102:nsga2:s1070000:r0:PR1_HT1_EC1:53750258a23e,99da49bc5facfcdb946cf238748a769dea3acd25be847396ffc15775a1845096,p0024,1b7189b25e06d77b,False,0.0,0.0,0.0,False,False,False
S025,corridor,transition,102,1070000,0,PR1_HT1_EC1,Full,S025@corridor@transition:i102:nsga2:s1070000:r0:PR1_HT1_EC1:53750258a23e,99da49bc5facfcdb946cf238748a769dea3acd25be847396ffc15775a1845096,p0025,ceb896d36b09a416,False,0.0,0.0,0.0,False,False,False
S025,corridor,transition,102,1070000,0,PR1_HT1_EC1,Full,S025@corridor@transition:i102:nsga2:s1070000:r0:PR1_HT1_EC1:53750258a23e,99da49bc5facfcdb946cf238748a769dea3acd25be847396ffc15775a1845096,p0026,3bac87766dd1ab22,False,0.0,0.0,0.0,False,False,False
S025,corridor,transition,102,1070000,0,PR1_HT1_EC1,Full,S025@corridor@transition:i102:nsga2:s1070000:r0:PR1_HT1_EC1:53750258a23e,99da49bc5facfcdb946cf238748a769dea3acd25be847396ffc15775a1845096,p0027,4f1d4bc135f18f8d,False,0.0,0.0,0.0,False,False,False
S025,corridor,transition,102,1070000,0,PR1_HT1_EC1,Full,S025@corridor@transition:i102:nsga2:s1070000:r0:PR1_HT1_EC1:53750258a23e,99da49bc5facfcdb946cf238748a769dea3acd25be847396ffc15775a1845096,p0028,c1c226b58c48e18d,False,0.0,0.0,0.0,False,False,False
S025,corridor,transition,102,1070000,0,PR1_HT1_EC1,Full,S025@corridor@transition:i102:nsga2:s1070000:r0:PR1_HT1_EC1:53750258a23e,99da49bc5facfcdb946cf238748a769dea3acd25be847396ffc15775a1845096,p0029,45fc42d13764beaa,False,0.0,0.0,0.0,False,False,False
S025,corridor,transition,102,1070000,0,PR1_HT1_EC1,Full,S025@corridor@transition:i102:nsga2:s1070000:r0:PR1_HT1_EC1:53750258a23e,99da49bc5facfcdb946cf238748a769dea3acd25be847396ffc15775a1845096,p0030,8ef4bac82e801e37,False,0.0,0.0,0.0,False,False,False
S025,corridor,transition,102,1070000,0,PR1_HT1_EC1,Full,S025@corridor@transition:i102:nsga2:s1070000:r0:PR1_HT1_EC1:53750258a23e,99da49bc5facfcdb946cf238748a769dea3acd25be847396ffc15775a1845096,p0031,18253433f1b9503e,False,0.0,0.0,0.0,False,False,False
S025,corridor,transition,102,1070000,0,PR1_HT1_EC1,Full,S025@corridor@transition:i102:nsga2:s1070000:r0:PR1_HT1_EC1:53750258a23e,99da49bc5facfcdb946cf238748a769dea3acd25be847396ffc15775a1845096,p0032,aa1b4f3f9073b939,False,0.0,0.0,0.0,False,False,False
S025,corridor,transition,102,1070000,0,PR1_HT1_EC1,Full,S025@corridor@transition:i102:nsga2:s1070000:r0:PR1_HT1_EC1:53750258a23e,99da49bc5facfcdb946cf238748a769dea3acd25be847396ffc15775a1845096,p0033,c4f95e7f863d2201,False,0.0,0.0,0.0,False,False,False
S025,corridor,transition,102,1070000,0,PR1_HT1_EC1,Full,S025@corridor@transition:i102:nsga2:s1070000:r0:PR1_HT1_EC1:53750258a23e,99da49bc5facfcdb946cf238748a769dea3acd25be847396ffc15775a1845096,p0034,f60a54597e571621,False,0.0,0.0,0.0,False,False,False
S025,corridor,transition,102,1070000,0,PR1_HT1_EC1,Full,S025@corridor@transition:i102:nsga2:s1070000:r0:PR1_HT1_EC1:53750258a23e,99da49bc5facfcdb946cf238748a769dea3acd25be847396ffc15775a1845096,p0035,595252e33c3c5a1f,False,0.0,0.0,0.0,False,False,False
S025,corridor,transition,102,1070000,0,PR1_HT1_EC1,Full,S025@corridor@transition:i102:nsga2:s1070000:r0:PR1_HT1_EC1:53750258a23e,99da49bc5facfcdb946cf238748a769dea3acd25be847396ffc15775a1845096,p0036,539c8197b9fe0771,False,0.0,0.0,0.0,False,False,False
S025,corridor,transition,102,1070000,0,PR1_HT1_EC1,Full,S025@corridor@transition:i102:nsga2:s1070000:r0:PR1_HT1_EC1:53750258a23e,99da49bc5facfcdb946cf238748a769dea3acd25be847396ffc15775a1845096,p0037,24567b37e28cf5d0,False,0.0,0.0,0.0,False,False,False
S025,corridor,transition,102,1070000,0,PR1_HT1_EC1,Full,S025@corridor@transition:i102:nsga2:s1070000:r0:PR1_HT1_EC1:53750258a23e,99da49bc5facfcdb946cf238748a769dea3acd25be847396ffc15775a1845096,p0038,cbb27857bdc123b1,False,0.0,0.0,0.0,False,False,False
S025,corridor,transition,102,1070000,0,PR1_HT1_EC1,Full,S025@corridor@transition:i102:nsga2:s1070000:r0:PR1_HT1_EC1:53750258a23e,99da49bc5facfcdb946cf238748a769dea3acd25be847396ffc15775a1845096,p0039,535de3f5eb577447,False,0.0,0.0,0.0,False,False,False
S025,corridor,transition,102,1070000,0,PR1_HT1_EC1,Full,S025@corridor@transition:i102:nsga2:s1070000:r0:PR1_HT1_EC1:53750258a23e,99da49bc5facfcdb946cf238748a769dea3acd25be847396ffc15775a1845096,p0040,76cc032ffa932694,False,0.0,0.0,0.0,False,False,False
S025,corridor,transition,102,1070000,0,PR1_HT1_EC1,Full,S025@corridor@transition:i102:nsga2:s1070000:r0:PR1_HT1_EC1:53750258a23e,99da49bc5facfcdb946cf238748a769dea3acd25be847396ffc15775a1845096,p0041,ff1ce977931c92f2,False,0.0,0.0,0.0,False,False,False
S025,corridor,transition,102,1070000,0,PR1_HT1_EC1,Full,S025@corridor@transition:i102:nsga2:s1070000:r0:PR1_HT1_EC1:53750258a23e,99da49bc5facfcdb946cf238748a769dea3acd25be847396ffc15775a1845096,p0042,4522d47e60b84822,False,0.0,0.0,0.0,False,False,False
S025,corridor,transition,102,1070000,0,PR1_HT1_EC1,Full,S025@corridor@transition:i102:nsga2:s1070000:r0:PR1_HT1_EC1:53750258a23e,99da49bc5facfcdb946cf238748a769dea3acd25be847396ffc15775a1845096,p0043,e72066cc89cbae38,False,0.0,0.0,0.0,False,False,False
S025,corridor,transition,102,1070000,0,PR1_HT1_EC1,Full,S025@corridor@transition:i102:nsga2:s1070000:r0:PR1_HT1_EC1:53750258a23e,99da49bc5facfcdb946cf238748a769dea3acd25be847396ffc15775a1845096,p0044,fa578f940c6f8fee,False,0.0,0.0,0.0,False,False,False
S025,corridor,transition,102,1070000,0,PR1_HT1_EC1,Full,S025@corridor@transition:i102:nsga2:s1070000:r0:PR1_HT1_EC1:53750258a23e,99da49bc5facfcdb946cf238748a769dea3acd25be847396ffc15775a1845096,p0045,1b56d233c7b46c81,False,0.0,0.0,0.0,False,False,False
S025,corridor,transition,102,1070001,1,PR0_HT1_EC1,No-PR,S025@corridor@transition:i102:nsga2:s1070001:r1:PR0_HT1_EC1:fdeb76700c41,99da49bc5facfcdb946cf238748a769dea3acd25be847396ffc15775a1845096,p0001,1ef01e5e00d2b089,True,-0.33069905068043415,714.0576247182576,0.0,True,True,False
S025,corridor,transition,102,1070001,1,PR0_HT1_EC1,No-PR,S025@corridor@transition:i102:nsga2:s1070001:r1:PR0_HT1_EC1:fdeb76700c41,99da49bc5facfcdb946cf238748a769dea3acd25be847396ffc15775a1845096,p0002,09eac199b7185d66,False,-0.3144680823929624,423.9750582231345,-0.05235602094240843,True,True,True
S025,corridor,transition,102,1070001,1,PR0_HT1_EC1,No-PR,S025@corridor@transition:i102:nsga2:s1070001:r1:PR0_HT1_EC1:fdeb76700c41,99da49bc5facfcdb946cf238748a769dea3acd25be847396ffc15775a1845096,p0003,8390b33d0a2a1f93,False,-0.24036027493434187,414.3127100015827,-0.040322580645161255,True,True,True
S025,corridor,transition,102,1070001,1,PR0_HT1_EC1,No-PR,S025@corridor@transition:i102:nsga2:s1070001:r1:PR0_HT1_EC1:fdeb76700c41,99da49bc5facfcdb946cf238748a769dea3acd25be847396ffc15775a1845096,p0004,2953efa5b4f8e71c,False,-0.2910378507278093,879.6481918837992,0.04032258064516131,True,True,True
S025,corridor,transition,102,1070001,1,PR0_HT1_EC1,No-PR,S025@corridor@transition:i102:nsga2:s1070001:r1:PR0_HT1_EC1:fdeb76700c41,99da49bc5facfcdb946cf238748a769dea3acd25be847396ffc15775a1845096,p0005,544822acb9ce7910,False,-0.15508286544723493,423.9750582231343,0.0,True,True,False
S025,corridor,transition,102,1070001,1,PR0_HT1_EC1,No-PR,S025@corridor@transition:i102:nsga2:s1070001:r1:PR0_HT1_EC1:fdeb76700c41,99da49bc5facfcdb946cf238748a769dea3acd25be847396ffc15775a1845096,p0006,5cd5968a047c502c,False,-0.20198437188088914,858.2215032863553,0.040322580645161296,True,True,True
S025,corridor,transition,102,1070001,1,PR0_HT1_EC1,No-PR,S025@corridor@transition:i102:nsga2:s1070001:r1:PR0_HT1_EC1:fdeb76700c41,99da49bc5facfcdb946cf238748a769dea3acd25be847396ffc15775a1845096,p0007,98601bec686c3295,False,-0.23232499434340603,823.7235717135748,-0.13089005235602094,True,True,True
S025,corridor,transition,102,1070001,1,PR0_HT1_EC1,No-PR,S025@corridor@transition:i102:nsga2:s1070001:r1:PR0_HT1_EC1:fdeb76700c41,99da49bc5facfcdb946cf238748a769dea3acd25be847396ffc15775a1845096,p0008,267252e7b4d857b2,False,0.0,0.0,0.0,False,False,False
S025,corridor,transition,102,1070001,1,PR1_HT0_EC1,No-HT,S025@corridor@transition:i102:nsga2:s1070001:r1:PR1_HT0_EC1:55440403c437,99da49bc5facfcdb946cf238748a769dea3acd25be847396ffc15775a1845096,p0001,191bd136a82e1244,False,0.2553371015509285,180.74775519444165,0.02217937221149835,True,True,True
S025,corridor,transition,102,1070001,1,PR1_HT0_EC1,No-HT,S025@corridor@transition:i102:nsga2:s1070001:r1:PR1_HT0_EC1:55440403c437,99da49bc5facfcdb946cf238748a769dea3acd25be847396ffc15775a1845096,p0002,2e46223950d8d453,True,0.43987922146752734,165.27327756436853,0.02217937221154964,True,True,True
S025,corridor,transition,102,1070001,1,PR1_HT0_EC1,No-HT,S025@corridor@transition:i102:nsga2:s1070001:r1:PR1_HT0_EC1:55440403c437,99da49bc5facfcdb946cf238748a769dea3acd25be847396ffc15775a1845096,p0003,83451bcc419303ed,False,0.5329835297977228,294.29854712569977,0.01950835620014435,True,True,True
S025,corridor,transition,102,1070001,1,PR1_HT0_EC1,No-HT,S025@corridor@transition:i102:nsga2:s1070001:r1:PR1_HT0_EC1:55440403c437,99da49bc5facfcdb946cf238748a769dea3acd25be847396ffc15775a1845096,p0004,86fd19f5ba6d8730,False,0.5395366097452179,172.64734943162648,0.019508356200100163,True,True,True
S025,corridor,transition,102,1070001,1,PR1_HT0_EC1,No-HT,S025@corridor@transition:i102:nsga2:s1070001:r1:PR1_HT0_EC1:55440403c437,99da49bc5facfcdb946cf238748a769dea3acd25be847396ffc15775a1845096,p0005,e67d562062f0ad08,False,0.4630473266382893,-37.313801817342664,0.10940114718715133,True,True,True
S025,corridor,transition,102,1070001,1,PR1_HT0_EC1,No-HT,S025@corridor@transition:i102:nsga2:s1070001:r1:PR1_HT0_EC1:55440403c437,99da49bc5facfcdb946cf238748a769dea3acd25be847396ffc15775a1845096,p0006,b83eeceb1729c6cb,False,0.19204878342236587,60.998919305615345,0.05524861878453036,True,True,True
S025,corridor,transition,102,1070001,1,PR1_HT0_EC1,No-HT,S025@corridor@transition:i102:nsga2:s1070001:r1:PR1_HT0_EC1:55440403c437,99da49bc5facfcdb946cf238748a769dea3acd25be847396ffc15775a1845096,p0007,839ffd2a9413d7f4,False,0.21943044401975698,105.68545164255784,0.08064516129032251,True,True,True
S025,corridor,transition,102,1070001,1,PR1_HT0_EC1,No-HT,S025@corridor@transition:i102:nsga2:s1070001:r1:PR1_HT0_EC1:55440403c437,99da49bc5facfcdb946cf238748a769dea3acd25be847396ffc15775a1845096,p0008,8a6c696decb73f58,False,0.2153794896355432,-184.50952475722534,0.11049723756906077,True,True,True
S025,corridor,transition,102,1070001,1,PR1_HT0_EC1,No-HT,S025@corridor@transition:i102:nsga2:s1070001:r1:PR1_HT0_EC1:55440403c437,99da49bc5facfcdb946cf238748a769dea3acd25be847396ffc15775a1845096,p0009,67c129f44e9dac6c,False,0.26751717118216867,-179.33588754315178,0.08287292817679559,True,True,True
S025,corridor,transition,102,1070001,1,PR1_HT0_EC1,No-HT,S025@corridor@transition:i102:nsga2:s1070001:r1:PR1_HT0_EC1:55440403c437,99da49bc5facfcdb946cf238748a769dea3acd25be847396ffc15775a1845096,p0010,a3621f94a3fff0a3,False,0.3666391664830604,-140.0309429044728,0.16129032258064518,True,True,True
S025,corridor,transition,102,1070001,1,PR1_HT0_EC1,No-HT,S025@corridor@transition:i102:nsga2:s1070001:r1:PR1_HT0_EC1:55440403c437,99da49bc5facfcdb946cf238748a769dea3acd25be847396ffc15775a1845096,p0011,d8c3f31ac0a57985,False,0.2205852907384207,-120.57725346732809,0.16129032258064513,True,True,True
S025,corridor,transition,102,1070001,1,PR1_HT0_EC1,No-HT,S025@corridor@transition:i102:nsga2:s1070001:r1:PR1_HT0_EC1:55440403c437,99da49bc5facfcdb946cf238748a769dea3acd25be847396ffc15775a1845096,p0012,9b5eb72c24ac8b2f,False,0.0820685069452125,27.083946389928542,0.11049723756906077,True,True,True
S025,corridor,transition,102,1070001,1,PR1_HT0_EC1,No-HT,S025@corridor@transition:i102:nsga2:s1070001:r1:PR1_HT0_EC1:55440403c437,99da49bc5facfcdb946cf238748a769dea3acd25be847396ffc15775a1845096,p0013,cb486a1858471cef,False,0.06693198029322378,55.79588210800307,0.08287292817679558,True,True,True
S025,corridor,transition,102,1070001,1,PR1_HT0_EC1,No-HT,S025@corridor@transition:i102:nsga2:s1070001:r1:PR1_HT0_EC1:55440403c437,99da49bc5facfcdb946cf238748a769dea3acd25be847396ffc15775a1845096,p0014,e68f98b8c776d830,False,0.0772365458748494,100.48241444494533,0.04032258064516128,True,True,True
S025,corridor,transition,102,1070001,1,PR1_HT0_EC1,No-HT,S025@corridor@transition:i102:nsga2:s1070001:r1:PR1_HT0_EC1:55440403c437,99da49bc5facfcdb946cf238748a769dea3acd25be847396ffc15775a1845096,p0015,0b060a158caaa674,False,0.04476272819045768,114.83838230398237,0.0,True,True,False
S025,corridor,transition,102,1070001,1,PR1_HT0_EC1,No-HT,S025@corridor@transition:i102:nsga2:s1070001:r1:PR1_HT0_EC1:55440403c437,99da49bc5facfcdb946cf238748a769dea3acd25be847396ffc15775a1845096,p0016,2cd94eee609934e1,False,0.06049572499715428,-114.97708126929115,0.12096774193548387,True,True,True
S025,corridor,transition,102,1070001,1,PR1_HT0_EC1,No-HT,S025@corridor@transition:i102:nsga2:s1070001:r1:PR1_HT0_EC1:55440403c437,99da49bc5facfcdb946cf238748a769dea3acd25be847396ffc15775a1845096,p0017,34a97646ba1194c2,False,0.0,0.0,0.0,False,False,False
S025,corridor,transition,102,1070001,1,PR1_HT0_EC1,No-HT,S025@corridor@transition:i102:nsga2:s1070001:r1:PR1_HT0_EC1:55440403c437,99da49bc5facfcdb946cf238748a769dea3acd25be847396ffc15775a1845096,p0018,e230574ccc6277a0,False,0.06704880494472931,-138.78255754898987,0.0,True,True,False
S025,corridor,transition,102,1070001,1,PR1_HT0_EC1,No-HT,S025@corridor@transition:i102:nsga2:s1070001:r1:PR1_HT0_EC1:55440403c437,99da49bc5facfcdb946cf238748a769dea3acd25be847396ffc15775a1845096,p0019,031382dd0ebb0e8f,False,0.05152666451422583,-145.0229979790014,0.0,True,True,False
S025,corridor,transition,102,1070001,1,PR1_HT0_EC1,No-HT,S025@corridor@transition:i102:nsga2:s1070001:r1:PR1_HT0_EC1:55440403c437,99da49bc5facfcdb946cf238748a769dea3acd25be847396ffc15775a1845096,p0020,71a181d0bb9db506,False,0.07801692896792112,-188.99823576470294,0.0,True,True,False
S025,corridor,transition,102,1070001,1,PR1_HT1_EC0,No-EC,S025@corridor@transition:i102:nsga2:s1070001:r1:PR1_HT1_EC0:4fe4758377fe,99da49bc5facfcdb946cf238748a769dea3acd25be847396ffc15775a1845096,p0001,3e9039048ffa5f58,False,0.0,0.0,0.0,False,False,False
S025,corridor,transition,102,1070001,1,PR1_HT1_EC0,No-EC,S025@corridor@transition:i102:nsga2:s1070001:r1:PR1_HT1_EC0:4fe4758377fe,99da49bc5facfcdb946cf238748a769dea3acd25be847396ffc15775a1845096,p0002,aa165ac468b6c4a0,False,0.0,0.0,0.0,False,False,False
S025,corridor,transition,102,1070001,1,PR1_HT1_EC0,No-EC,S025@corridor@transition:i102:nsga2:s1070001:r1:PR1_HT1_EC0:4fe4758377fe,99da49bc5facfcdb946cf238748a769dea3acd25be847396ffc15775a1845096,p0003,51014ec09f7ad08b,False,0.0,0.0,0.0,False,False,False
S025,corridor,transition,102,1070001,1,PR1_HT1_EC0,No-EC,S025@corridor@transition:i102:nsga2:s1070001:r1:PR1_HT1_EC0:4fe4758377fe,99da49bc5facfcdb946cf238748a769dea3acd25be847396ffc15775a1845096,p0004,bd0f9cccf9ba143f,True,0.0,0.0,0.0,False,False,False
S025,corridor,transition,102,1070001,1,PR1_HT1_EC0,No-EC,S025@corridor@transition:i102:nsga2:s1070001:r1:PR1_HT1_EC0:4fe4758377fe,99da49bc5facfcdb946cf238748a769dea3acd25be847396ffc15775a1845096,p0005,ee73208bdaf3a193,False,0.0,0.2139146233671454,0.0,False,True,False
S025,corridor,transition,102,1070001,1,PR1_HT1_EC0,No-EC,S025@corridor@transition:i102:nsga2:s1070001:r1:PR1_HT1_EC0:4fe4758377fe,99da49bc5facfcdb946cf238748a769dea3acd25be847396ffc15775a1845096,p0006,56c7ea36c95be9dc,False,0.0,0.0,0.0,False,False,False
S025,corridor,transition,102,1070001,1,PR1_HT1_EC0,No-EC,S025@corridor@transition:i102:nsga2:s1070001:r1:PR1_HT1_EC0:4fe4758377fe,99da49bc5facfcdb946cf238748a769dea3acd25be847396ffc15775a1845096,p0007,a680b37c687f8524,False,0.0,0.2139146233671454,0.0,False,True,False
S025,corridor,transition,102,1070001,1,PR1_HT1_EC0,No-EC,S025@corridor@transition:i102:nsga2:s1070001:r1:PR1_HT1_EC0:4fe4758377fe,99da49bc5facfcdb946cf238748a769dea3acd25be847396ffc15775a1845096,p0008,cdf56d71b340984c,False,0.0,0.0,0.0,False,False,False
S025,corridor,transition,102,1070001,1,PR1_HT1_EC0,No-EC,S025@corridor@transition:i102:nsga2:s1070001:r1:PR1_HT1_EC0:4fe4758377fe,99da49bc5facfcdb946cf238748a769dea3acd25be847396ffc15775a1845096,p0009,68dbc11fcaaadb53,False,0.0,0.0,0.0,False,False,False
S025,corridor,transition,102,1070001,1,PR1_HT1_EC0,No-EC,S025@corridor@transition:i102:nsga2:s1070001:r1:PR1_HT1_EC0:4fe4758377fe,99da49bc5facfcdb946cf238748a769dea3acd25be847396ffc15775a1845096,p0010,7a699c9ca4eb8a6d,False,0.0,0.0,0.0,False,False,False
S025,corridor,transition,102,1070001,1,PR1_HT1_EC0,No-EC,S025@corridor@transition:i102:nsga2:s1070001:r1:PR1_HT1_EC0:4fe4758377fe,99da49bc5facfcdb946cf238748a769dea3acd25be847396ffc15775a1845096,p0011,63f4e0d9c6b04660,False,0.0,0.0,0.0,False,False,False
S025,corridor,transition,102,1070001,1,PR1_HT1_EC0,No-EC,S025@corridor@transition:i102:nsga2:s1070001:r1:PR1_HT1_EC0:4fe4758377fe,99da49bc5facfcdb946cf238748a769dea3acd25be847396ffc15775a1845096,p0012,75346c41e0d3e54d,False,0.0,0.0,0.0,False,False,False
S025,corridor,transition,102,1070001,1,PR1_HT1_EC0,No-EC,S025@corridor@transition:i102:nsga2:s1070001:r1:PR1_HT1_EC0:4fe4758377fe,99da49bc5facfcdb946cf238748a769dea3acd25be847396ffc15775a1845096,p0013,13c33b747c1b3b10,False,0.0,-26.231520496981375,0.0,False,True,False
S025,corridor,transition,102,1070001,1,PR1_HT1_EC0,No-EC,S025@corridor@transition:i102:nsga2:s1070001:r1:PR1_HT1_EC0:4fe4758377fe,99da49bc5facfcdb946cf238748a769dea3acd25be847396ffc15775a1845096,p0014,7bcd0e6d38fa182a,False,0.0,-2.3290789016377857,0.0,False,True,False
S025,corridor,transition,102,1070001,1,PR1_HT1_EC0,No-EC,S025@corridor@transition:i102:nsga2:s1070001:r1:PR1_HT1_EC0:4fe4758377fe,99da49bc5facfcdb946cf238748a769dea3acd25be847396ffc15775a1845096,p0015,b4209e76d878161b,False,0.0,0.0,0.0,False,False,False
S025,corridor,transition,102,1070001,1,PR1_HT1_EC0,No-EC,S025@corridor@transition:i102:nsga2:s1070001:r1:PR1_HT1_EC0:4fe4758377fe,99da49bc5facfcdb946cf238748a769dea3acd25be847396ffc15775a1845096,p0016,b9f2d7dbdda60827,False,0.0,0.0,0.0,False,False,False
S025,corridor,transition,102,1070001,1,PR1_HT1_EC0,No-EC,S025@corridor@transition:i102:nsga2:s1070001:r1:PR1_HT1_EC0:4fe4758377fe,99da49bc5facfcdb946cf238748a769dea3acd25be847396ffc15775a1845096,p0017,3e9a264020cd83b1,False,0.0,0.0,0.0,False,False,False
S025,corridor,transition,102,1070001,1,PR1_HT1_EC0,No-EC,S025@corridor@transition:i102:nsga2:s1070001:r1:PR1_HT1_EC0:4fe4758377fe,99da49bc5facfcdb946cf238748a769dea3acd25be847396ffc15775a1845096,p0018,bdfc20842f4f102a,False,0.0,0.0,0.0,False,False,False
S025,corridor,transition,102,1070001,1,PR1_HT1_EC0,No-EC,S025@corridor@transition:i102:nsga2:s1070001:r1:PR1_HT1_EC0:4fe4758377fe,99da49bc5facfcdb946cf238748a769dea3acd25be847396ffc15775a1845096,p0019,f99d07a57bdb0540,False,0.0,0.0,0.0,False,False,False
S025,corridor,transition,102,1070001,1,PR1_HT1_EC0,No-EC,S025@corridor@transition:i102:nsga2:s1070001:r1:PR1_HT1_EC0:4fe4758377fe,99da49bc5facfcdb946cf238748a769dea3acd25be847396ffc15775a1845096,p0020,67c129f44e9dac6c,False,0.0,0.0,0.0,False,False,False
S025,corridor,transition,102,1070001,1,PR1_HT1_EC0,No-EC,S025@corridor@transition:i102:nsga2:s1070001:r1:PR1_HT1_EC0:4fe4758377fe,99da49bc5facfcdb946cf238748a769dea3acd25be847396ffc15775a1845096,p0021,0a2d7a21f5486e3a,False,0.0,0.0,0.0,False,False,False
S025,corridor,transition,102,1070001,1,PR1_HT1_EC0,No-EC,S025@corridor@transition:i102:nsga2:s1070001:r1:PR1_HT1_EC0:4fe4758377fe,99da49bc5facfcdb946cf238748a769dea3acd25be847396ffc15775a1845096,p0022,f009f7463f4e5a23,False,0.0,0.0,0.0,False,False,False
S025,corridor,transition,102,1070001,1,PR1_HT1_EC0,No-EC,S025@corridor@transition:i102:nsga2:s1070001:r1:PR1_HT1_EC0:4fe4758377fe,99da49bc5facfcdb946cf238748a769dea3acd25be847396ffc15775a1845096,p0023,0232da29c8e9d835,False,0.0,0.0,0.0,False,False,False
S025,corridor,transition,102,1070001,1,PR1_HT1_EC0,No-EC,S025@corridor@transition:i102:nsga2:s1070001:r1:PR1_HT1_EC0:4fe4758377fe,99da49bc5facfcdb946cf238748a769dea3acd25be847396ffc15775a1845096,p0024,02d43bf1955eec34,False,0.0,0.0,0.0,False,False,False
S025,corridor,transition,102,1070001,1,PR1_HT1_EC0,No-EC,S025@corridor@transition:i102:nsga2:s1070001:r1:PR1_HT1_EC0:4fe4758377fe,99da49bc5facfcdb946cf238748a769dea3acd25be847396ffc15775a1845096,p0025,a31fca247f634a58,False,0.0,0.0,0.0,False,False,False
S025,corridor,transition,102,1070001,1,PR1_HT1_EC0,No-EC,S025@corridor@transition:i102:nsga2:s1070001:r1:PR1_HT1_EC0:4fe4758377fe,99da49bc5facfcdb946cf238748a769dea3acd25be847396ffc15775a1845096,p0026,fa50b1a3cd5344de,False,0.0,0.0,0.0,False,False,False
S025,corridor,transition,102,1070001,1,PR1_HT1_EC0,No-EC,S025@corridor@transition:i102:nsga2:s1070001:r1:PR1_HT1_EC0:4fe4758377fe,99da49bc5facfcdb946cf238748a769dea3acd25be847396ffc15775a1845096,p0027,d95edc2d49aa2bad,False,0.0,0.0,0.0,False,False,False
S025,corridor,transition,102,1070001,1,PR1_HT1_EC0,No-EC,S025@corridor@transition:i102:nsga2:s1070001:r1:PR1_HT1_EC0:4fe4758377fe,99da49bc5facfcdb946cf238748a769dea3acd25be847396ffc15775a1845096,p0028,a87232fb5a08a4a0,False,0.0,0.0,0.0,False,False,False
S025,corridor,transition,102,1070001,1,PR1_HT1_EC0,No-EC,S025@corridor@transition:i102:nsga2:s1070001:r1:PR1_HT1_EC0:4fe4758377fe,99da49bc5facfcdb946cf238748a769dea3acd25be847396ffc15775a1845096,p0029,0acd55e6b6ac3ed4,False,0.0,0.0,0.0,False,False,False
S025,corridor,transition,102,1070001,1,PR1_HT1_EC0,No-EC,S025@corridor@transition:i102:nsga2:s1070001:r1:PR1_HT1_EC0:4fe4758377fe,99da49bc5facfcdb946cf238748a769dea3acd25be847396ffc15775a1845096,p0030,db571e707b2bec5c,False,0.0,0.0,0.0,False,False,False
S025,corridor,transition,102,1070001,1,PR1_HT1_EC0,No-EC,S025@corridor@transition:i102:nsga2:s1070001:r1:PR1_HT1_EC0:4fe4758377fe,99da49bc5facfcdb946cf238748a769dea3acd25be847396ffc15775a1845096,p0031,7de2253c853c8d9b,False,0.0,0.0,0.0,False,False,False
S025,corridor,transition,102,1070001,1,PR1_HT1_EC0,No-EC,S025@corridor@transition:i102:nsga2:s1070001:r1:PR1_HT1_EC0:4fe4758377fe,99da49bc5facfcdb946cf238748a769dea3acd25be847396ffc15775a1845096,p0032,cec1c6b40ffc1b5b,False,0.0,0.0,0.0,False,False,False
S025,corridor,transition,102,1070001,1,PR1_HT1_EC0,No-EC,S025@corridor@transition:i102:nsga2:s1070001:r1:PR1_HT1_EC0:4fe4758377fe,99da49bc5facfcdb946cf238748a769dea3acd25be847396ffc15775a1845096,p0033,42a31adb5690637c,False,0.0,0.0,0.0,False,False,False
S025,corridor,transition,102,1070001,1,PR1_HT1_EC0,No-EC,S025@corridor@transition:i102:nsga2:s1070001:r1:PR1_HT1_EC0:4fe4758377fe,99da49bc5facfcdb946cf238748a769dea3acd25be847396ffc15775a1845096,p0034,8978aa70b18b31e4,False,0.0,0.0,0.0,False,False,False
S025,corridor,transition,102,1070001,1,PR1_HT1_EC0,No-EC,S025@corridor@transition:i102:nsga2:s1070001:r1:PR1_HT1_EC0:4fe4758377fe,99da49bc5facfcdb946cf238748a769dea3acd25be847396ffc15775a1845096,p0035,c3c5676ac1515c73,False,0.0,0.0,0.0,False,False,False
S025,corridor,transition,102,1070001,1,PR1_HT1_EC0,No-EC,S025@corridor@transition:i102:nsga2:s1070001:r1:PR1_HT1_EC0:4fe4758377fe,99da49bc5facfcdb946cf238748a769dea3acd25be847396ffc15775a1845096,p0036,fdb278878143a63e,False,0.0,0.0,0.0,False,False,False
S025,corridor,transition,102,1070001,1,PR1_HT1_EC0,No-EC,S025@corridor@transition:i102:nsga2:s1070001:r1:PR1_HT1_EC0:4fe4758377fe,99da49bc5facfcdb946cf238748a769dea3acd25be847396ffc15775a1845096,p0037,6fbbec013d74fc9a,False,0.0,0.0,0.0,False,False,False
S025,corridor,transition,102,1070001,1,PR1_HT1_EC0,No-EC,S025@corridor@transition:i102:nsga2:s1070001:r1:PR1_HT1_EC0:4fe4758377fe,99da49bc5facfcdb946cf238748a769dea3acd25be847396ffc15775a1845096,p0038,65f0b1fc6acbe4d2,False,0.0,0.0,0.0,False,False,False
S025,corridor,transition,102,1070001,1,PR1_HT1_EC0,No-EC,S025@corridor@transition:i102:nsga2:s1070001:r1:PR1_HT1_EC0:4fe4758377fe,99da49bc5facfcdb946cf238748a769dea3acd25be847396ffc15775a1845096,p0039,795bd1418d862de7,False,0.0,0.0,0.0,False,False,False
S025,corridor,transition,102,1070001,1,PR1_HT1_EC0,No-EC,S025@corridor@transition:i102:nsga2:s1070001:r1:PR1_HT1_EC0:4fe4758377fe,99da49bc5facfcdb946cf238748a769dea3acd25be847396ffc15775a1845096,p0040,22e56564b13fe6c0,False,0.0,0.0,0.0,False,False,False
S025,corridor,transition,102,1070001,1,PR1_HT1_EC0,No-EC,S025@corridor@transition:i102:nsga2:s1070001:r1:PR1_HT1_EC0:4fe4758377fe,99da49bc5facfcdb946cf238748a769dea3acd25be847396ffc15775a1845096,p0041,951aeff294510a56,False,0.0,0.0,0.0,False,False,False
S025,corridor,transition,102,1070001,1,PR1_HT1_EC0,No-EC,S025@corridor@transition:i102:nsga2:s1070001:r1:PR1_HT1_EC0:4fe4758377fe,99da49bc5facfcdb946cf238748a769dea3acd25be847396ffc15775a1845096,p0042,eda5f50914e3d853,False,0.0,0.0,0.0,False,False,False
S025,corridor,transition,102,1070001,1,PR1_HT1_EC1,Full,S025@corridor@transition:i102:nsga2:s1070001:r1:PR1_HT1_EC1:f7b5fefe44d6,99da49bc5facfcdb946cf238748a769dea3acd25be847396ffc15775a1845096,p0001,b31d7104e4a40200,False,0.0,0.0,0.0,False,False,False
S025,corridor,transition,102,1070001,1,PR1_HT1_EC1,Full,S025@corridor@transition:i102:nsga2:s1070001:r1:PR1_HT1_EC1:f7b5fefe44d6,99da49bc5facfcdb946cf238748a769dea3acd25be847396ffc15775a1845096,p0002,cd505077009aaa3f,False,0.0,0.0,0.0,False,False,False
S025,corridor,transition,102,1070001,1,PR1_HT1_EC1,Full,S025@corridor@transition:i102:nsga2:s1070001:r1:PR1_HT1_EC1:f7b5fefe44d6,99da49bc5facfcdb946cf238748a769dea3acd25be847396ffc15775a1845096,p0003,c2a0702cdaeae475,True,0.0,0.0,0.0,False,False,False
S025,corridor,transition,102,1070001,1,PR1_HT1_EC1,Full,S025@corridor@transition:i102:nsga2:s1070001:r1:PR1_HT1_EC1:f7b5fefe44d6,99da49bc5facfcdb946cf238748a769dea3acd25be847396ffc15775a1845096,p0004,72d6a863197f6f6a,False,0.0,0.0,0.0,False,False,False
S025,corridor,transition,102,1070001,1,PR1_HT1_EC1,Full,S025@corridor@transition:i102:nsga2:s1070001:r1:PR1_HT1_EC1:f7b5fefe44d6,99da49bc5facfcdb946cf238748a769dea3acd25be847396ffc15775a1845096,p0005,ee73208bdaf3a193,False,0.0,0.0,0.0,False,False,False
S025,corridor,transition,102,1070001,1,PR1_HT1_EC1,Full,S025@corridor@transition:i102:nsga2:s1070001:r1:PR1_HT1_EC1:f7b5fefe44d6,99da49bc5facfcdb946cf238748a769dea3acd25be847396ffc15775a1845096,p0006,6eb9c0cf1f8988d5,False,0.0,0.0,0.0,False,False,False
S025,corridor,transition,102,1070001,1,PR1_HT1_EC1,Full,S025@corridor@transition:i102:nsga2:s1070001:r1:PR1_HT1_EC1:f7b5fefe44d6,99da49bc5facfcdb946cf238748a769dea3acd25be847396ffc15775a1845096,p0007,7d38fa00c550ea67,False,0.0,0.0,0.0,False,False,False
S025,corridor,transition,102,1070001,1,PR1_HT1_EC1,Full,S025@corridor@transition:i102:nsga2:s1070001:r1:PR1_HT1_EC1:f7b5fefe44d6,99da49bc5facfcdb946cf238748a769dea3acd25be847396ffc15775a1845096,p0008,cdf56d71b340984c,False,0.0,0.0,0.0,False,False,False
S025,corridor,transition,102,1070001,1,PR1_HT1_EC1,Full,S025@corridor@transition:i102:nsga2:s1070001:r1:PR1_HT1_EC1:f7b5fefe44d6,99da49bc5facfcdb946cf238748a769dea3acd25be847396ffc15775a1845096,p0009,68dbc11fcaaadb53,False,0.0,0.0,0.0,False,False,False
S025,corridor,transition,102,1070001,1,PR1_HT1_EC1,Full,S025@corridor@transition:i102:nsga2:s1070001:r1:PR1_HT1_EC1:f7b5fefe44d6,99da49bc5facfcdb946cf238748a769dea3acd25be847396ffc15775a1845096,p0010,7a699c9ca4eb8a6d,False,0.0,0.0,0.0,False,False,False
S025,corridor,transition,102,1070001,1,PR1_HT1_EC1,Full,S025@corridor@transition:i102:nsga2:s1070001:r1:PR1_HT1_EC1:f7b5fefe44d6,99da49bc5facfcdb946cf238748a769dea3acd25be847396ffc15775a1845096,p0011,63f4e0d9c6b04660,False,0.0,0.0,0.0,False,False,False
S025,corridor,transition,102,1070001,1,PR1_HT1_EC1,Full,S025@corridor@transition:i102:nsga2:s1070001:r1:PR1_HT1_EC1:f7b5fefe44d6,99da49bc5facfcdb946cf238748a769dea3acd25be847396ffc15775a1845096,p0012,6a7c2447fdc0ef76,False,0.0,0.0,0.0,False,False,False
S025,corridor,transition,102,1070001,1,PR1_HT1_EC1,Full,S025@corridor@transition:i102:nsga2:s1070001:r1:PR1_HT1_EC1:f7b5fefe44d6,99da49bc5facfcdb946cf238748a769dea3acd25be847396ffc15775a1845096,p0013,75346c41e0d3e54d,False,0.0,0.0,0.0,False,False,False
S025,corridor,transition,102,1070001,1,PR1_HT1_EC1,Full,S025@corridor@transition:i102:nsga2:s1070001:r1:PR1_HT1_EC1:f7b5fefe44d6,99da49bc5facfcdb946cf238748a769dea3acd25be847396ffc15775a1845096,p0014,be3a8691c42aaed4,False,0.0,0.0,0.0,False,False,False
S025,corridor,transition,102,1070001,1,PR1_HT1_EC1,Full,S025@corridor@transition:i102:nsga2:s1070001:r1:PR1_HT1_EC1:f7b5fefe44d6,99da49bc5facfcdb946cf238748a769dea3acd25be847396ffc15775a1845096,p0015,f286d528297c032f,False,0.0,0.0,0.0,False,False,False
S025,corridor,transition,102,1070001,1,PR1_HT1_EC1,Full,S025@corridor@transition:i102:nsga2:s1070001:r1:PR1_HT1_EC1:f7b5fefe44d6,99da49bc5facfcdb946cf238748a769dea3acd25be847396ffc15775a1845096,p0016,7bcd0e6d38fa182a,False,0.0,0.0,0.0,False,False,False
S025,corridor,transition,102,1070001,1,PR1_HT1_EC1,Full,S025@corridor@transition:i102:nsga2:s1070001:r1:PR1_HT1_EC1:f7b5fefe44d6,99da49bc5facfcdb946cf238748a769dea3acd25be847396ffc15775a1845096,p0017,fef58cc3f23b9b64,False,0.0,0.0,0.0,False,False,False
S025,corridor,transition,102,1070001,1,PR1_HT1_EC1,Full,S025@corridor@transition:i102:nsga2:s1070001:r1:PR1_HT1_EC1:f7b5fefe44d6,99da49bc5facfcdb946cf238748a769dea3acd25be847396ffc15775a1845096,p0018,bbf1fa46cd5a1550,False,0.0,0.0,0.0,False,False,False
S025,corridor,transition,102,1070001,1,PR1_HT1_EC1,Full,S025@corridor@transition:i102:nsga2:s1070001:r1:PR1_HT1_EC1:f7b5fefe44d6,99da49bc5facfcdb946cf238748a769dea3acd25be847396ffc15775a1845096,p0019,a654c7fdc30a2e8e,False,0.0,0.0,0.0,False,False,False
S025,corridor,transition,102,1070001,1,PR1_HT1_EC1,Full,S025@corridor@transition:i102:nsga2:s1070001:r1:PR1_HT1_EC1:f7b5fefe44d6,99da49bc5facfcdb946cf238748a769dea3acd25be847396ffc15775a1845096,p0020,8845667d03e93bf3,False,0.0,0.0,0.0,False,False,False
S025,corridor,transition,102,1070001,1,PR1_HT1_EC1,Full,S025@corridor@transition:i102:nsga2:s1070001:r1:PR1_HT1_EC1:f7b5fefe44d6,99da49bc5facfcdb946cf238748a769dea3acd25be847396ffc15775a1845096,p0021,66f6750015a4a43f,False,0.0,0.0,0.0,False,False,False
S025,corridor,transition,102,1070001,1,PR1_HT1_EC1,Full,S025@corridor@transition:i102:nsga2:s1070001:r1:PR1_HT1_EC1:f7b5fefe44d6,99da49bc5facfcdb946cf238748a769dea3acd25be847396ffc15775a1845096,p0022,4eefdc2f0a639377,False,0.0,0.0,0.0,False,False,False
S025,corridor,transition,102,1070001,1,PR1_HT1_EC1,Full,S025@corridor@transition:i102:nsga2:s1070001:r1:PR1_HT1_EC1:f7b5fefe44d6,99da49bc5facfcdb946cf238748a769dea3acd25be847396ffc15775a1845096,p0023,92faad0d2c98e466,False,0.0,0.0,0.0,False,False,False
S025,corridor,transition,102,1070001,1,PR1_HT1_EC1,Full,S025@corridor@transition:i102:nsga2:s1070001:r1:PR1_HT1_EC1:f7b5fefe44d6,99da49bc5facfcdb946cf238748a769dea3acd25be847396ffc15775a1845096,p0024,fe6716ab1a16c5e4,False,0.0,0.0,0.0,False,False,False
S025,corridor,transition,102,1070001,1,PR1_HT1_EC1,Full,S025@corridor@transition:i102:nsga2:s1070001:r1:PR1_HT1_EC1:f7b5fefe44d6,99da49bc5facfcdb946cf238748a769dea3acd25be847396ffc15775a1845096,p0025,929d2dd836d7d2d7,False,0.0,0.0,0.0,False,False,False
S025,corridor,transition,102,1070001,1,PR1_HT1_EC1,Full,S025@corridor@transition:i102:nsga2:s1070001:r1:PR1_HT1_EC1:f7b5fefe44d6,99da49bc5facfcdb946cf238748a769dea3acd25be847396ffc15775a1845096,p0026,02d43bf1955eec34,False,0.0,0.0,0.0,False,False,False
S025,corridor,transition,102,1070001,1,PR1_HT1_EC1,Full,S025@corridor@transition:i102:nsga2:s1070001:r1:PR1_HT1_EC1:f7b5fefe44d6,99da49bc5facfcdb946cf238748a769dea3acd25be847396ffc15775a1845096,p0027,a31fca247f634a58,False,0.0,0.0,0.0,False,False,False
S025,corridor,transition,102,1070001,1,PR1_HT1_EC1,Full,S025@corridor@transition:i102:nsga2:s1070001:r1:PR1_HT1_EC1:f7b5fefe44d6,99da49bc5facfcdb946cf238748a769dea3acd25be847396ffc15775a1845096,p0028,fa50b1a3cd5344de,False,0.0,0.0,0.0,False,False,False
S025,corridor,transition,102,1070001,1,PR1_HT1_EC1,Full,S025@corridor@transition:i102:nsga2:s1070001:r1:PR1_HT1_EC1:f7b5fefe44d6,99da49bc5facfcdb946cf238748a769dea3acd25be847396ffc15775a1845096,p0029,04e1d4407d6ec7e4,False,0.0,0.0,0.0,False,False,False
S025,corridor,transition,102,1070001,1,PR1_HT1_EC1,Full,S025@corridor@transition:i102:nsga2:s1070001:r1:PR1_HT1_EC1:f7b5fefe44d6,99da49bc5facfcdb946cf238748a769dea3acd25be847396ffc15775a1845096,p0030,a87232fb5a08a4a0,False,0.0,0.0,0.0,False,False,False
S025,corridor,transition,102,1070001,1,PR1_HT1_EC1,Full,S025@corridor@transition:i102:nsga2:s1070001:r1:PR1_HT1_EC1:f7b5fefe44d6,99da49bc5facfcdb946cf238748a769dea3acd25be847396ffc15775a1845096,p0031,fb258dbafd631e27,False,0.0,0.0,0.0,False,False,False
S025,corridor,transition,102,1070001,1,PR1_HT1_EC1,Full,S025@corridor@transition:i102:nsga2:s1070001:r1:PR1_HT1_EC1:f7b5fefe44d6,99da49bc5facfcdb946cf238748a769dea3acd25be847396ffc15775a1845096,p0032,890cf8bddc85fdfb,False,0.0,0.0,0.0,False,False,False
S025,corridor,transition,102,1070001,1,PR1_HT1_EC1,Full,S025@corridor@transition:i102:nsga2:s1070001:r1:PR1_HT1_EC1:f7b5fefe44d6,99da49bc5facfcdb946cf238748a769dea3acd25be847396ffc15775a1845096,p0033,7de2253c853c8d9b,False,0.0,0.0,0.0,False,False,False
S025,corridor,transition,102,1070001,1,PR1_HT1_EC1,Full,S025@corridor@transition:i102:nsga2:s1070001:r1:PR1_HT1_EC1:f7b5fefe44d6,99da49bc5facfcdb946cf238748a769dea3acd25be847396ffc15775a1845096,p0034,cec1c6b40ffc1b5b,False,0.0,0.0,0.0,False,False,False
S025,corridor,transition,102,1070001,1,PR1_HT1_EC1,Full,S025@corridor@transition:i102:nsga2:s1070001:r1:PR1_HT1_EC1:f7b5fefe44d6,99da49bc5facfcdb946cf238748a769dea3acd25be847396ffc15775a1845096,p0035,c3a23dacb7147fab,False,0.0,0.0,0.0,False,False,False
S025,corridor,transition,102,1070001,1,PR1_HT1_EC1,Full,S025@corridor@transition:i102:nsga2:s1070001:r1:PR1_HT1_EC1:f7b5fefe44d6,99da49bc5facfcdb946cf238748a769dea3acd25be847396ffc15775a1845096,p0036,86f1a75348e73edb,False,0.0,0.0,0.0,False,False,False
S025,corridor,transition,102,1070001,1,PR1_HT1_EC1,Full,S025@corridor@transition:i102:nsga2:s1070001:r1:PR1_HT1_EC1:f7b5fefe44d6,99da49bc5facfcdb946cf238748a769dea3acd25be847396ffc15775a1845096,p0037,9f3aee9475262da9,False,0.0,0.0,0.0,False,False,False
S025,corridor,transition,102,1070001,1,PR1_HT1_EC1,Full,S025@corridor@transition:i102:nsga2:s1070001:r1:PR1_HT1_EC1:f7b5fefe44d6,99da49bc5facfcdb946cf238748a769dea3acd25be847396ffc15775a1845096,p0038,c0a8de908ca681c7,False,0.0,0.0,0.0,False,False,False
S025,corridor,transition,102,1070001,1,PR1_HT1_EC1,Full,S025@corridor@transition:i102:nsga2:s1070001:r1:PR1_HT1_EC1:f7b5fefe44d6,99da49bc5facfcdb946cf238748a769dea3acd25be847396ffc15775a1845096,p0039,fdb278878143a63e,False,0.0,0.0,0.0,False,False,False
S025,corridor,transition,102,1070001,1,PR1_HT1_EC1,Full,S025@corridor@transition:i102:nsga2:s1070001:r1:PR1_HT1_EC1:f7b5fefe44d6,99da49bc5facfcdb946cf238748a769dea3acd25be847396ffc15775a1845096,p0040,cff686ad32204413,False,0.0,0.0,0.0,False,False,False
S025,corridor,transition,102,1070001,1,PR1_HT1_EC1,Full,S025@corridor@transition:i102:nsga2:s1070001:r1:PR1_HT1_EC1:f7b5fefe44d6,99da49bc5facfcdb946cf238748a769dea3acd25be847396ffc15775a1845096,p0041,65f0b1fc6acbe4d2,False,0.0,0.0,0.0,False,False,False
S025,corridor,transition,102,1070001,1,PR1_HT1_EC1,Full,S025@corridor@transition:i102:nsga2:s1070001:r1:PR1_HT1_EC1:f7b5fefe44d6,99da49bc5facfcdb946cf238748a769dea3acd25be847396ffc15775a1845096,p0042,4d7f579e2c4f47fb,False,0.0,0.0,0.0,False,False,False
S025,corridor,transition,102,1070001,1,PR1_HT1_EC1,Full,S025@corridor@transition:i102:nsga2:s1070001:r1:PR1_HT1_EC1:f7b5fefe44d6,99da49bc5facfcdb946cf238748a769dea3acd25be847396ffc15775a1845096,p0043,951aeff294510a56,False,0.0,0.0,0.0,False,False,False
S025,corridor,transition,102,1070001,1,PR1_HT1_EC1,Full,S025@corridor@transition:i102:nsga2:s1070001:r1:PR1_HT1_EC1:f7b5fefe44d6,99da49bc5facfcdb946cf238748a769dea3acd25be847396ffc15775a1845096,p0044,ef68dc8af9aefed5,False,0.0,0.0,0.0,False,False,False
