case_id,scenario_family,zone,instance_seed,solver_seed,solver_repeat,model_id,model,run_key,physical_instance_hash,solution_id,planning_model,planning_model_fingerprint,execution_model,execution_model_fingerprint,algorithm,decision_hash,planning_F1,planning_F2,planning_F3,replay_F1,replay_F2,replay_F3,replay_minus_planning_F1,replay_minus_planning_F2,replay_minus_planning_F3,replay_final_total_satisfaction,replay_final_min_satisfaction,replay_zero_service_ratio,replay_remaining_supply,representative_selected_before_replay,identity_checked,replay_success,replay_error
WEN38,benchmark,original,1,60000,0,PR0_HT1_EC1,No-PR,WEN38:i1:nsga2:s60000:r0:PR0_HT1_EC1:b9f998d6cc5d,cf9bc95d906238978e0c5ab26a1947d4104e026d3bac972323bf05453ec86ca7,p0001,v2,5a3987e94130527bc1b444c25fcb2f83e76b24620c83c0f6215f19f2d3e15bf7,full,0211d5313450418ddc20712d3c36e63ff4b64637bfb9f717eca80fcb394b1e6b,nsga2,741f40313babe82b,2.9072110276029433,99235.0,-0.4480096501820299,2.6575653862140713,160089.83333333334,-0.1825652018596884,-0.2496456413888719,60854.83333333334,0.2654444483223415,0.7973068745570517,0.1825652018596884,0.0,0.0,True,False,True,
WEN38,benchmark,original,1,60000,0,PR0_HT1_EC1,No-PR,WEN38:i1:nsga2:s60000:r0:PR0_HT1_EC1:b9f998d6cc5d,cf9bc95d906238978e0c5ab26a1947d4104e026d3bac972323bf05453ec86ca7,p0002,v2,5a3987e94130527bc1b444c25fcb2f83e76b24620c83c0f6215f19f2d3e15bf7,full,0211d5313450418ddc20712d3c36e63ff4b64637bfb9f717eca80fcb394b1e6b,nsga2,ad88ad06695e5816,2.865358139889053,129575.0,-0.39614674056520016,2.7469262888987744,130938.66666666667,-0.07405908539112716,-0.11843185099027842,1363.6666666666715,0.322087655174073,0.7973068745570517,0.07405908539112716,0.0,0.0,False,False,True,
WEN38,benchmark,original,1,60000,0,PR0_HT1_EC1,No-PR,WEN38:i1:nsga2:s60000:r0:PR0_HT1_EC1:b9f998d6cc5d,cf9bc95d906238978e0c5ab26a1947d4104e026d3bac972323bf05453ec86ca7,p0003,v2,5a3987e94130527bc1b444c25fcb2f83e76b24620c83c0f6215f19f2d3e15bf7,full,0211d5313450418ddc20712d3c36e63ff4b64637bfb9f717eca80fcb394b1e6b,nsga2,17349585d354d0e6,3.1478481099446736,96012.0,-0.2798237330835036,2.981388152467473,105317.33333333333,-0.0,-0.16645995747720077,9305.333333333328,0.2798237330835036,0.7973068745569667,0.0,0.17142857142857143,9.595169103704393e-10,False,False,True,
WEN38,benchmark,original,1,60000,0,PR0_HT1_EC1,No-PR,WEN38:i1:nsga2:s60000:r0:PR0_HT1_EC1:b9f998d6cc5d,cf9bc95d906238978e0c5ab26a1947d4104e026d3bac972323bf05453ec86ca7,p0004,v2,5a3987e94130527bc1b444c25fcb2f83e76b24620c83c0f6215f19f2d3e15bf7,full,0211d5313450418ddc20712d3c36e63ff4b64637bfb9f717eca80fcb394b1e6b,nsga2,6ca2be21ec93867a,2.8870506232157416,119622.0,-0.2780056800265811,2.5858450421375947,172048.5,-0.06267922982442542,-0.3012055810781469,52426.5,0.21532645020215568,0.7973068745570517,0.06267922982442542,0.0,0.0,False,False,True,
WEN38,benchmark,original,1,60000,0,PR0_HT1_EC1,No-PR,WEN38:i1:nsga2:s60000:r0:PR0_HT1_EC1:b9f998d6cc5d,cf9bc95d906238978e0c5ab26a1947d4104e026d3bac972323bf05453ec86ca7,p0005,v2,5a3987e94130527bc1b444c25fcb2f83e76b24620c83c0f6215f19f2d3e15bf7,full,0211d5313450418ddc20712d3c36e63ff4b64637bfb9f717eca80fcb394b1e6b,nsga2,d395df58948ad092,2.7863836731604392,123010.0,-0.2780056800274906,2.7079757801938213,139733.1666666667,-0.0,-0.07840789296661788,16723.166666666686,0.2780056800274906,0.7973068745569739,0.0,0.17142857142857143,8.790266292635351e-10,False,False,True,
WEN38,benchmark,original,1,60000,0,PR0_HT1_EC1,No-PR,WEN38:i1:nsga2:s60000:r0:PR0_HT1_EC1:b9f998d6cc5d,cf9bc95d906238978e0c5ab26a1947d4104e026d3bac972323bf05453ec86ca7,p0006,v2,5a3987e94130527bc1b444c25fcb2f83e76b24620c83c0f6215f19f2d3e15bf7,full,0211d5313450418ddc20712d3c36e63ff4b64637bfb9f717eca80fcb394b1e6b,nsga2,0ab462427e134102,2.967097632847925,98853.0,-0.27640733712996735,2.760152204074391,109494.66666666667,-0.05998356614873046,-0.20694542877353417,10641.666666666672,0.21642377098123688,0.7973068745570517,0.05998356614873046,0.0,0.0,False,False,True,
WEN38,benchmark,original,1,60000,0,PR0_HT1_EC1,No-PR,WEN38:i1:nsga2:s60000:r0:PR0_HT1_EC1:b9f998d6cc5d,cf9bc95d906238978e0c5ab26a1947d4104e026d3bac972323bf05453ec86ca7,p0007,v2,5a3987e94130527bc1b444c25fcb2f83e76b24620c83c0f6215f19f2d3e15bf7,full,0211d5313450418ddc20712d3c36e63ff4b64637bfb9f717eca80fcb394b1e6b,nsga2,b47d7fd61598c3a5,2.998901318177646,98448.0,-0.25253185233759723,2.697164960983934,164710.1666666667,-0.07405908539294614,-0.30173635719371195,66262.16666666669,0.17847276694465108,0.7973068745570517,0.07405908539294614,0.0,0.0,False,False,True,
WEN38,benchmark,original,1,60000,0,PR0_HT1_EC1,No-PR,WEN38:i1:nsga2:s60000:r0:PR0_HT1_EC1:b9f998d6cc5d,cf9bc95d906238978e0c5ab26a1947d4104e026d3bac972323bf05453ec86ca7,p0008,v2,5a3987e94130527bc1b444c25fcb2f83e76b24620c83c0f6215f19f2d3e15bf7,full,0211d5313450418ddc20712d3c36e63ff4b64637bfb9f717eca80fcb394b1e6b,nsga2,6e5971497379b107,2.7719149745048215,131147.0,-0.19464977120787808,2.645674719367738,149127.6666666667,-0.0,-0.1262402551370836,17980.666666666686,0.19464977120787808,0.7973068745570072,0.0,0.17142857142857143,5.011315806768835e-10,False,False,True,
WEN38,benchmark,original,1,60000,0,PR0_HT1_EC1,No-PR,WEN38:i1:nsga2:s60000:r0:PR0_HT1_EC1:b9f998d6cc5d,cf9bc95d906238978e0c5ab26a1947d4104e026d3bac972323bf05453ec86ca7,p0009,v2,5a3987e94130527bc1b444c25fcb2f83e76b24620c83c0f6215f19f2d3e15bf7,full,0211d5313450418ddc20712d3c36e63ff4b64637bfb9f717eca80fcb394b1e6b,nsga2,cd5d6b1d7f0f1a90,2.770584211709588,133797.0,-0.19464977120787808,2.6443439565725044,153488.0,-0.0,-0.1262402551370836,19691.0,0.19464977120787808,0.7973068745570072,0.0,0.17142857142857143,5.011315806768835e-10,False,False,True,
WEN38,benchmark,original,1,60000,0,PR0_HT1_EC1,No-PR,WEN38:i1:nsga2:s60000:r0:PR0_HT1_EC1:b9f998d6cc5d,cf9bc95d906238978e0c5ab26a1947d4104e026d3bac972323bf05453ec86ca7,p0010,v2,5a3987e94130527bc1b444c25fcb2f83e76b24620c83c0f6215f19f2d3e15bf7,full,0211d5313450418ddc20712d3c36e63ff4b64637bfb9f717eca80fcb394b1e6b,nsga2,5292245e1bb165b8,2.753476445119917,130581.0,-0.1825652018596884,2.677972321823473,140702.0,-0.07405908539203665,-0.07550412329644418,10121.0,0.10850611646765174,0.797306874557039,0.07405908539203665,0.0,1.4301804185379297e-10,False,False,True,
WEN38,benchmark,original,1,60000,0,PR0_HT1_EC1,No-PR,WEN38:i1:nsga2:s60000:r0:PR0_HT1_EC1:b9f998d6cc5d,cf9bc95d906238978e0c5ab26a1947d4104e026d3bac972323bf05453ec86ca7,p0011,v2,5a3987e94130527bc1b444c25fcb2f83e76b24620c83c0f6215f19f2d3e15bf7,full,0211d5313450418ddc20712d3c36e63ff4b64637bfb9f717eca80fcb394b1e6b,nsga2,b704bae00d8af914,2.701771622925598,104731.5,-0.1805157593144031,2.5387754996522807,188717.83333333334,-0.07405908539294614,-0.16299612327331747,83986.33333333334,0.10645667392145697,0.7973068745570517,0.07405908539294614,0.0,0.0,False,False,True,
WEN38,benchmark,original,1,60000,0,PR0_HT1_EC1,No-PR,WEN38:i1:nsga2:s60000:r0:PR0_HT1_EC1:b9f998d6cc5d,cf9bc95d906238978e0c5ab26a1947d4104e026d3bac972323bf05453ec86ca7,p0012,v2,5a3987e94130527bc1b444c25fcb2f83e76b24620c83c0f6215f19f2d3e15bf7,full,0211d5313450418ddc20712d3c36e63ff4b64637bfb9f717eca80fcb394b1e6b,nsga2,ffca51704f820b8a,2.6909026811688648,100454.0,-0.16833148353725846,2.640140810155767,130597.66666666669,-0.0,-0.050761871013097704,30143.666666666686,0.16833148353725846,0.7973068745570517,0.0,0.02857142857142857,0.0,False,False,True,
WEN38,benchmark,original,1,60000,0,PR0_HT1_EC1,No-PR,WEN38:i1:nsga2:s60000:r0:PR0_HT1_EC1:b9f998d6cc5d,cf9bc95d906238978e0c5ab26a1947d4104e026d3bac972323bf05453ec86ca7,p0013,v2,5a3987e94130527bc1b444c25fcb2f83e76b24620c83c0f6215f19f2d3e15bf7,full,0211d5313450418ddc20712d3c36e63ff4b64637bfb9f717eca80fcb394b1e6b,nsga2,aee1797920e4ff3e,2.6669558894040044,121514.0,-0.15353311136004777,2.631643038584775,136788.3333333333,-0.0,-0.035312850819229524,15274.333333333314,0.15353311136004777,0.7973068745570202,0.0,0.17142857142857143,3.574314177967608e-10,False,False,True,
WEN38,benchmark,original,1,60000,0,PR0_HT1_EC1,No-PR,WEN38:i1:nsga2:s60000:r0:PR0_HT1_EC1:b9f998d6cc5d,cf9bc95d906238978e0c5ab26a1947d4104e026d3bac972323bf05453ec86ca7,p0014,v2,5a3987e94130527bc1b444c25fcb2f83e76b24620c83c0f6215f19f2d3e15bf7,full,0211d5313450418ddc20712d3c36e63ff4b64637bfb9f717eca80fcb394b1e6b,nsga2,0a8d2af1a1fb0019,2.8539686463138514,88622.0,-0.15353311136004777,2.6871543302254386,161031.3333333333,-0.24326123128321342,-0.1668143160884128,72409.33333333331,-0.08972811992316565,0.7973068745569767,0.24326123128321342,0.0,8.467395673505962e-10,False,False,True,
WEN38,benchmark,original,1,60000,0,PR0_HT1_EC1,No-PR,WEN38:i1:nsga2:s60000:r0:PR0_HT1_EC1:b9f998d6cc5d,cf9bc95d906238978e0c5ab26a1947d4104e026d3bac972323bf05453ec86ca7,p0015,v2,5a3987e94130527bc1b444c25fcb2f83e76b24620c83c0f6215f19f2d3e15bf7,full,0211d5313450418ddc20712d3c36e63ff4b64637bfb9f717eca80fcb394b1e6b,nsga2,9b388ac05df3f319,2.770960141707414,83459.0,-0.07405908539294614,2.6094513139062756,113338.66666666667,-0.0,-0.1615088278011383,29879.66666666667,0.07405908539294614,0.7973068745570507,0.0,0.17142857142857143,1.000444171950221e-11,False,False,True,
WEN38,benchmark,original,1,60000,0,PR0_HT1_EC1,No-PR,WEN38:i1:nsga2:s60000:r0:PR0_HT1_EC1:b9f998d6cc5d,cf9bc95d906238978e0c5ab26a1947d4104e026d3bac972323bf05453ec86ca7,p0016,v2,5a3987e94130527bc1b444c25fcb2f83e76b24620c83c0f6215f19f2d3e15bf7,full,0211d5313450418ddc20712d3c36e63ff4b64637bfb9f717eca80fcb394b1e6b,nsga2,ebbf16f63e800fe0,2.642210757826171,123565.0,-0.06267922982624441,2.576679001477003,129808.33333333334,-0.0,-0.06553175634916819,6243.333333333343,0.06267922982624441,0.7973068745570434,0.0,0.17142857142857143,9.367795428261161e-11,False,False,True,
WEN38,benchmark,original,1,60000,0,PR0_HT1_EC1,No-PR,WEN38:i1:nsga2:s60000:r0:PR0_HT1_EC1:b9f998d6cc5d,cf9bc95d906238978e0c5ab26a1947d4104e026d3bac972323bf05453ec86ca7,p0017,v2,5a3987e94130527bc1b444c25fcb2f83e76b24620c83c0f6215f19f2d3e15bf7,full,0211d5313450418ddc20712d3c36e63ff4b64637bfb9f717eca80fcb394b1e6b,nsga2,9b8e5b47ebe2dbf3,2.5594339242448028,125079.0,-0.06267922982624441,2.479911631107121,127390.33333333333,-0.0,-0.07952229313768155,2311.3333333333285,0.06267922982624441,0.7973068745570434,0.0,0.17142857142857143,9.367795428261161e-11,False,False,True,
WEN38,benchmark,original,1,60000,0,PR0_HT1_EC1,No-PR,WEN38:i1:nsga2:s60000:r0:PR0_HT1_EC1:b9f998d6cc5d,cf9bc95d906238978e0c5ab26a1947d4104e026d3bac972323bf05453ec86ca7,p0018,v2,5a3987e94130527bc1b444c25fcb2f83e76b24620c83c0f6215f19f2d3e15bf7,full,0211d5313450418ddc20712d3c36e63ff4b64637bfb9f717eca80fcb394b1e6b,nsga2,5d15237e1aa77f92,2.7070870020914803,96094.0,-0.05998356614873046,2.566376532738068,169809.6666666667,-0.05998356614873046,-0.14071046935341247,73715.66666666669,0.0,0.7973068745570517,0.05998356614873046,0.0,0.0,False,False,True,
WEN38,benchmark,original,1,60000,0,PR0_HT1_EC1,No-PR,WEN38:i1:nsga2:s60000:r0:PR0_HT1_EC1:b9f998d6cc5d,cf9bc95d906238978e0c5ab26a1947d4104e026d3bac972323bf05453ec86ca7,p0019,v2,5a3987e94130527bc1b444c25fcb2f83e76b24620c83c0f6215f19f2d3e15bf7,full,0211d5313450418ddc20712d3c36e63ff4b64637bfb9f717eca80fcb394b1e6b,nsga2,97fd843d04c5a4a0,2.684645201481664,96806.0,-0.05998356614873046,2.5969414452804678,103753.0,-0.05998356614873046,-0.08770375620119619,6947.0,0.0,0.7973068745570517,0.05998356614873046,0.0,0.0,False,False,True,
WEN38,benchmark,original,1,60000,0,PR0_HT1_EC1,No-PR,WEN38:i1:nsga2:s60000:r0:PR0_HT1_EC1:b9f998d6cc5d,cf9bc95d906238978e0c5ab26a1947d4104e026d3bac972323bf05453ec86ca7,p0020,v2,5a3987e94130527bc1b444c25fcb2f83e76b24620c83c0f6215f19f2d3e15bf7,full,0211d5313450418ddc20712d3c36e63ff4b64637bfb9f717eca80fcb394b1e6b,nsga2,586befea503409f1,2.760123585606329,95758.0,-0.05998356614873046,2.577172855877801,163635.0,-0.05998356614691147,-0.18295072972852777,67877.0,1.8189894035458565e-12,0.7973068745569772,0.05998356614691147,0.0,8.403731044381857e-10,False,False,True,
WEN38,benchmark,original,1,60000,0,PR0_HT1_EC1,No-PR,WEN38:i1:nsga2:s60000:r0:PR0_HT1_EC1:b9f998d6cc5d,cf9bc95d906238978e0c5ab26a1947d4104e026d3bac972323bf05453ec86ca7,p0021,v2,5a3987e94130527bc1b444c25fcb2f83e76b24620c83c0f6215f19f2d3e15bf7,full,0211d5313450418ddc20712d3c36e63ff4b64637bfb9f717eca80fcb394b1e6b,nsga2,b0d1129e2b0ccaf2,2.5992123905964517,112117.0,-0.044676409188468824,2.5471726915208928,131415.0,-0.044676409186649835,-0.05203969907555894,19298.0,1.8189894035458565e-12,0.7973068745570517,0.044676409186649835,0.0,0.0,False,False,True,
WEN38,benchmark,original,1,60000,0,PR0_HT1_EC1,No-PR,WEN38:i1:nsga2:s60000:r0:PR0_HT1_EC1:b9f998d6cc5d,cf9bc95d906238978e0c5ab26a1947d4104e026d3bac972323bf05453ec86ca7,p0022,v2,5a3987e94130527bc1b444c25fcb2f83e76b24620c83c0f6215f19f2d3e15bf7,full,0211d5313450418ddc20712d3c36e63ff4b64637bfb9f717eca80fcb394b1e6b,nsga2,1a7f27658c10fc11,2.474876709485531,136490.0,-0.044676409188468824,2.467157472222646,138331.33333333334,-0.0,-0.007719237262884704,1841.333333333343,0.044676409188468824,0.7973068745570517,0.0,0.11428571428571428,0.0,False,False,True,
WEN38,benchmark,original,1,60000,0,PR0_HT1_EC1,No-PR,WEN38:i1:nsga2:s60000:r0:PR0_HT1_EC1:b9f998d6cc5d,cf9bc95d906238978e0c5ab26a1947d4104e026d3bac972323bf05453ec86ca7,p0023,v2,5a3987e94130527bc1b444c25fcb2f83e76b24620c83c0f6215f19f2d3e15bf7,full,0211d5313450418ddc20712d3c36e63ff4b64637bfb9f717eca80fcb394b1e6b,nsga2,0e764fa044faff56,2.49260244543295,101608.0,-0.0,2.4641967396387496,136597.6666666667,-0.0,-0.02840570579420021,34989.666666666686,0.0,0.7973068745570517,0.0,0.08571428571428572,0.0,False,False,True,
WEN38,benchmark,original,1,60000,0,PR0_HT1_EC1,No-PR,WEN38:i1:nsga2:s60000:r0:PR0_HT1_EC1:b9f998d6cc5d,cf9bc95d906238978e0c5ab26a1947d4104e026d3bac972323bf05453ec86ca7,p0024,v2,5a3987e94130527bc1b444c25fcb2f83e76b24620c83c0f6215f19f2d3e15bf7,full,0211d5313450418ddc20712d3c36e63ff4b64637bfb9f717eca80fcb394b1e6b,nsga2,e338d6821b581a22,2.497411988272612,101285.0,-0.0,2.466517463746529,121940.33333333334,-0.0,-0.03089452452608299,20655.333333333343,0.0,0.7973068745570517,0.0,0.08571428571428572,0.0,False,False,True,
WEN38,benchmark,original,1,60000,0,PR0_HT1_EC1,No-PR,WEN38:i1:nsga2:s60000:r0:PR0_HT1_EC1:b9f998d6cc5d,cf9bc95d906238978e0c5ab26a1947d4104e026d3bac972323bf05453ec86ca7,p0025,v2,5a3987e94130527bc1b444c25fcb2f83e76b24620c83c0f6215f19f2d3e15bf7,full,0211d5313450418ddc20712d3c36e63ff4b64637bfb9f717eca80fcb394b1e6b,nsga2,95131642e1b621b2,2.4693919564180877,102964.0,-0.0,2.4646888205065256,122862.66666666669,-0.0,-0.0047031359115621285,19898.666666666686,0.0,0.7973068745570517,0.0,0.08571428571428572,0.0,False,False,True,
WEN38,benchmark,original,1,60000,0,PR0_HT1_EC1,No-PR,WEN38:i1:nsga2:s60000:r0:PR0_HT1_EC1:b9f998d6cc5d,cf9bc95d906238978e0c5ab26a1947d4104e026d3bac972323bf05453ec86ca7,p0026,v2,5a3987e94130527bc1b444c25fcb2f83e76b24620c83c0f6215f19f2d3e15bf7,full,0211d5313450418ddc20712d3c36e63ff4b64637bfb9f717eca80fcb394b1e6b,nsga2,dbceb56e1d67cd67,2.463633628990012,105834.0,-0.0,2.4646888205065256,124789.00000000001,-0.0,0.001055191516513787,18955.000000000015,0.0,0.7973068745570517,0.0,0.05714285714285714,0.0,False,False,True,
WEN38,benchmark,original,1,60000,0,PR0_HT1_EC1,No-PR,WEN38:i1:nsga2:s60000:r0:PR0_HT1_EC1:b9f998d6cc5d,cf9bc95d906238978e0c5ab26a1947d4104e026d3bac972323bf05453ec86ca7,p0027,v2,5a3987e94130527bc1b444c25fcb2f83e76b24620c83c0f6215f19f2d3e15bf7,full,0211d5313450418ddc20712d3c36e63ff4b64637bfb9f717eca80fcb394b1e6b,nsga2,52573b9eb4914e84,2.4595950978945553,128676.0,-0.0,2.460869302565837,129014.0,-0.0,0.001274204671281698,338.0,0.0,0.7973068745570517,0.0,0.08571428571428572,0.0,False,False,True,
WEN38,benchmark,original,1,60000,0,PR0_HT1_EC1,No-PR,WEN38:i1:nsga2:s60000:r0:PR0_HT1_EC1:b9f998d6cc5d,cf9bc95d906238978e0c5ab26a1947d4104e026d3bac972323bf05453ec86ca7,p0028,v2,5a3987e94130527bc1b444c25fcb2f83e76b24620c83c0f6215f19f2d3e15bf7,full,0211d5313450418ddc20712d3c36e63ff4b64637bfb9f717eca80fcb394b1e6b,nsga2,33886f1b1aa46f1a,2.6184363452387585,93825.0,-0.0,2.4997399376904985,150001.33333333337,-0.0,-0.11869640754825994,56176.33333333337,0.0,0.7973068745570517,0.0,0.08571428571428572,0.0,False,False,True,
WEN38,benchmark,original,1,60000,0,PR0_HT1_EC1,No-PR,WEN38:i1:nsga2:s60000:r0:PR0_HT1_EC1:b9f998d6cc5d,cf9bc95d906238978e0c5ab26a1947d4104e026d3bac972323bf05453ec86ca7,p0029,v2,5a3987e94130527bc1b444c25fcb2f83e76b24620c83c0f6215f19f2d3e15bf7,full,0211d5313450418ddc20712d3c36e63ff4b64637bfb9f717eca80fcb394b1e6b,nsga2,4082d07f6c6aeec9,2.4609239426851235,108072.0,-0.0,2.4641011541628393,113961.33333333333,-0.0,0.003177211477715769,5889.3333333333285,0.0,0.7973068745570517,0.0,0.17142857142857143,0.0,False,False,True,
WEN38,benchmark,original,1,60000,0,PR0_HT1_EC1,No-PR,WEN38:i1:nsga2:s60000:r0:PR0_HT1_EC1:b9f998d6cc5d,cf9bc95d906238978e0c5ab26a1947d4104e026d3bac972323bf05453ec86ca7,p0030,v2,5a3987e94130527bc1b444c25fcb2f83e76b24620c83c0f6215f19f2d3e15bf7,full,0211d5313450418ddc20712d3c36e63ff4b64637bfb9f717eca80fcb394b1e6b,nsga2,cde2489b5d4cebd6,2.5391219926928605,93992.0,-0.0,2.4725783805571417,137308.16666666666,-0.0,-0.0665436121357188,43316.16666666666,0.0,0.7973068745570517,0.0,0.14285714285714285,0.0,False,False,True,
WEN38,benchmark,original,1,60000,0,PR0_HT1_EC1,No-PR,WEN38:i1:nsga2:s60000:r0:PR0_HT1_EC1:b9f998d6cc5d,cf9bc95d906238978e0c5ab26a1947d4104e026d3bac972323bf05453ec86ca7,p0031,v2,5a3987e94130527bc1b444c25fcb2f83e76b24620c83c0f6215f19f2d3e15bf7,full,0211d5313450418ddc20712d3c36e63ff4b64637bfb9f717eca80fcb394b1e6b,nsga2,327da1850d49131d,2.684967174437272,86312.0,-0.0,2.5510674020712862,127942.33333333334,-0.0,-0.13389977236598583,41630.33333333334,0.0,0.7973068745569796,0.0,0.05714285714285714,8.149072527885437e-10,False,False,True,
WEN38,benchmark,original,1,60000,0,PR0_HT1_EC1,No-PR,WEN38:i1:nsga2:s60000:r0:PR0_HT1_EC1:b9f998d6cc5d,cf9bc95d906238978e0c5ab26a1947d4104e026d3bac972323bf05453ec86ca7,p0032,v2,5a3987e94130527bc1b444c25fcb2f83e76b24620c83c0f6215f19f2d3e15bf7,full,0211d5313450418ddc20712d3c36e63ff4b64637bfb9f717eca80fcb394b1e6b,nsga2,ed0c9f7b8bc2e79c,2.9615764559098183,78405.0,-0.0,2.6497670820601793,153214.83333333334,-0.0,-0.311809373849639,74809.83333333334,0.0,0.7973068745569837,0.0,0.11428571428571428,7.667040335945785e-10,False,False,True,
WEN38,benchmark,original,1,60000,0,PR0_HT1_EC1,No-PR,WEN38:i1:nsga2:s60000:r0:PR0_HT1_EC1:b9f998d6cc5d,cf9bc95d906238978e0c5ab26a1947d4104e026d3bac972323bf05453ec86ca7,p0033,v2,5a3987e94130527bc1b444c25fcb2f83e76b24620c83c0f6215f19f2d3e15bf7,full,0211d5313450418ddc20712d3c36e63ff4b64637bfb9f717eca80fcb394b1e6b,nsga2,bdae7e7613e727cb,2.8979690852508204,82071.0,-0.0,2.604864210965257,168093.33333333334,-0.0,-0.29310487428556353,86022.33333333334,0.0,0.7973068745570356,0.0,0.05714285714285714,1.8189894035458565e-10,False,False,True,
WEN38,benchmark,original,1,60000,0,PR1_HT0_EC1,No-HT,WEN38:i1:nsga2:s60000:r0:PR1_HT0_EC1:ed89f90c2cee,cf9bc95d906238978e0c5ab26a1947d4104e026d3bac972323bf05453ec86ca7,p0001,v2,716feb78a89b882a20ab8d73b90dc7f2cce92e24a8065d5faecffada3f9967e4,full,0211d5313450418ddc20712d3c36e63ff4b64637bfb9f717eca80fcb394b1e6b,nsga2,823b3154a1b29d06,2.464202792774178,125195.66666666667,-0.45048160039550567,2.462430999719607,143920.33333333334,-0.445542109163398,-0.0017717930545710914,18724.66666666667,0.0049394912321076845,0.7973068745570517,0.445542109163398,0.0,0.0,True,False,True,
WEN38,benchmark,original,1,60000,0,PR1_HT0_EC1,No-HT,WEN38:i1:nsga2:s60000:r0:PR1_HT0_EC1:ed89f90c2cee,cf9bc95d906238978e0c5ab26a1947d4104e026d3bac972323bf05453ec86ca7,p0002,v2,716feb78a89b882a20ab8d73b90dc7f2cce92e24a8065d5faecffada3f9967e4,full,0211d5313450418ddc20712d3c36e63ff4b64637bfb9f717eca80fcb394b1e6b,nsga2,0eaffc912ec56fc0,2.7847801275321826,119200.33333333333,-0.4140845070432988,2.7847801275321826,148796.33333333334,-0.027700831024930747,0.0,29596.000000000015,0.38638367601836804,0.7973068745570517,0.027700831024930747,0.0,0.0,False,False,True,
WEN38,benchmark,original,1,60000,0,PR1_HT0_EC1,No-HT,WEN38:i1:nsga2:s60000:r0:PR1_HT0_EC1:ed89f90c2cee,cf9bc95d906238978e0c5ab26a1947d4104e026d3bac972323bf05453ec86ca7,p0003,v2,716feb78a89b882a20ab8d73b90dc7f2cce92e24a8065d5faecffada3f9967e4,full,0211d5313450418ddc20712d3c36e63ff4b64637bfb9f717eca80fcb394b1e6b,nsga2,65f379b8eb4cbc59,2.8545001842294964,114054.0,-0.40057636887740955,2.8545001842294964,126028.66666666667,-0.40057636887740955,0.0,11974.666666666672,0.0,0.7973068745570517,0.40057636887740955,0.0,0.0,False,False,True,
WEN38,benchmark,original,1,60000,0,PR1_HT0_EC1,No-HT,WEN38:i1:nsga2:s60000:r0:PR1_HT0_EC1:ed89f90c2cee,cf9bc95d906238978e0c5ab26a1947d4104e026d3bac972323bf05453ec86ca7,p0004,v2,716feb78a89b882a20ab8d73b90dc7f2cce92e24a8065d5faecffada3f9967e4,full,0211d5313450418ddc20712d3c36e63ff4b64637bfb9f717eca80fcb394b1e6b,nsga2,13bd992ff5871c64,2.8679058402596476,97689.33333333333,-0.39582783205878513,2.8679058402596476,129794.0,-0.39582783205878513,0.0,32104.66666666667,0.0,0.7973068745570336,0.39582783205878513,0.0,2.02817318495363e-10,False,False,True,
WEN38,benchmark,original,1,60000,0,PR1_HT0_EC1,No-HT,WEN38:i1:nsga2:s60000:r0:PR1_HT0_EC1:ed89f90c2cee,cf9bc95d906238978e0c5ab26a1947d4104e026d3bac972323bf05453ec86ca7,p0005,v2,716feb78a89b882a20ab8d73b90dc7f2cce92e24a8065d5faecffada3f9967e4,full,0211d5313450418ddc20712d3c36e63ff4b64637bfb9f717eca80fcb394b1e6b,nsga2,8473f1bbc18e0689,2.769935102309254,118348.16666666667,-0.34591194968743366,2.769935102309254,120883.5,-0.34591194968743366,0.0,2535.3333333333285,0.0,0.7973068745570125,0.34591194968743366,0.0,4.420144250616431e-10,False,False,True,
WEN38,benchmark,original,1,60000,0,PR1_HT0_EC1,No-HT,WEN38:i1:nsga2:s60000:r0:PR1_HT0_EC1:ed89f90c2cee,cf9bc95d906238978e0c5ab26a1947d4104e026d3bac972323bf05453ec86ca7,p0006,v2,716feb78a89b882a20ab8d73b90dc7f2cce92e24a8065d5faecffada3f9967e4,full,0211d5313450418ddc20712d3c36e63ff4b64637bfb9f717eca80fcb394b1e6b,nsga2,3d54557fb698b2f4,2.782859773640217,97379.50000000001,-0.3385371494669016,2.782859773640217,98546.83333333334,-0.3385371494669016,0.0,1167.3333333333285,0.0,0.7973068745570517,0.3385371494669016,0.0,0.0,False,False,True,
WEN38,benchmark,original,1,60000,0,PR1_HT0_EC1,No-HT,WEN38:i1:nsga2:s60000:r0:PR1_HT0_EC1:ed89f90c2cee,cf9bc95d906238978e0c5ab26a1947d4104e026d3bac972323bf05453ec86ca7,p0007,v2,716feb78a89b882a20ab8d73b90dc7f2cce92e24a8065d5faecffada3f9967e4,full,0211d5313450418ddc20712d3c36e63ff4b64637bfb9f717eca80fcb394b1e6b,nsga2,0628a31467e6cd38,2.648440651982799,118697.0,-0.2798237330835036,2.648440651982799,122484.33333333334,-0.2798237330835036,0.0,3787.333333333343,0.0,0.7973068745570517,0.2798237330835036,0.0,0.0,False,False,True,
WEN38,benchmark,original,1,60000,0,PR1_HT0_EC1,No-HT,WEN38:i1:nsga2:s60000:r0:PR1_HT0_EC1:ed89f90c2cee,cf9bc95d906238978e0c5ab26a1947d4104e026d3bac972323bf05453ec86ca7,p0008,v2,716feb78a89b882a20ab8d73b90dc7f2cce92e24a8065d5faecffada3f9967e4,full,0211d5313450418ddc20712d3c36e63ff4b64637bfb9f717eca80fcb394b1e6b,nsga2,349d797b46d59b0b,2.9476079092478535,97259.16666666666,-0.2798237330835036,2.9476079092478535,98916.5,-0.2798237330835036,0.0,1657.333333333343,0.0,0.7973068745570517,0.2798237330835036,0.0,0.0,False,False,True,
WEN38,benchmark,original,1,60000,0,PR1_HT0_EC1,No-HT,WEN38:i1:nsga2:s60000:r0:PR1_HT0_EC1:ed89f90c2cee,cf9bc95d906238978e0c5ab26a1947d4104e026d3bac972323bf05453ec86ca7,p0009,v2,716feb78a89b882a20ab8d73b90dc7f2cce92e24a8065d5faecffada3f9967e4,full,0211d5313450418ddc20712d3c36e63ff4b64637bfb9f717eca80fcb394b1e6b,nsga2,2b666c387ce97324,2.8210419139659972,92069.0,-0.1825652018596884,2.8210419139659972,93505.66666666667,-0.1825652018596884,0.0,1436.6666666666715,0.0,0.7973068745569946,0.1825652018596884,0.0,6.458549250965007e-10,False,False,True,
WEN38,benchmark,original,1,60000,0,PR1_HT0_EC1,No-HT,WEN38:i1:nsga2:s60000:r0:PR1_HT0_EC1:ed89f90c2cee,cf9bc95d906238978e0c5ab26a1947d4104e026d3bac972323bf05453ec86ca7,p0010,v2,716feb78a89b882a20ab8d73b90dc7f2cce92e24a8065d5faecffada3f9967e4,full,0211d5313450418ddc20712d3c36e63ff4b64637bfb9f717eca80fcb394b1e6b,nsga2,de0ab012ee68320e,2.668756300925935,97197.5,-0.15353311136004777,2.668756300925935,98288.16666666667,-0.15353311136004777,0.0,1090.6666666666715,0.0,0.7973068745570517,0.15353311136004777,0.0,0.0,False,False,True,
WEN38,benchmark,original,1,60000,0,PR1_HT0_EC1,No-HT,WEN38:i1:nsga2:s60000:r0:PR1_HT0_EC1:ed89f90c2cee,cf9bc95d906238978e0c5ab26a1947d4104e026d3bac972323bf05453ec86ca7,p0011,v2,716feb78a89b882a20ab8d73b90dc7f2cce92e24a8065d5faecffada3f9967e4,full,0211d5313450418ddc20712d3c36e63ff4b64637bfb9f717eca80fcb394b1e6b,nsga2,cb0bc04318b70424,2.6231326297707662,109135.66666666667,-0.15353311136004777,2.6231326297707662,125609.33333333334,-0.15353311136004777,0.0,16473.66666666667,0.0,0.7973068745570517,0.15353311136004777,0.0,0.0,False,False,True,
WEN38,benchmark,original,1,60000,0,PR1_HT0_EC1,No-HT,WEN38:i1:nsga2:s60000:r0:PR1_HT0_EC1:ed89f90c2cee,cf9bc95d906238978e0c5ab26a1947d4104e026d3bac972323bf05453ec86ca7,p0012,v2,716feb78a89b882a20ab8d73b90dc7f2cce92e24a8065d5faecffada3f9967e4,full,0211d5313450418ddc20712d3c36e63ff4b64637bfb9f717eca80fcb394b1e6b,nsga2,d9faa6636edc14e9,2.561442897805704,113844.16666666667,-0.15353311136004777,2.561442897805704,115254.16666666667,-0.15353311136004777,0.0,1410.0,0.0,0.7973068745570517,0.15353311136004777,0.0,0.0,False,False,True,
WEN38,benchmark,original,1,60000,0,PR1_HT0_EC1,No-HT,WEN38:i1:nsga2:s60000:r0:PR1_HT0_EC1:ed89f90c2cee,cf9bc95d906238978e0c5ab26a1947d4104e026d3bac972323bf05453ec86ca7,p0013,v2,716feb78a89b882a20ab8d73b90dc7f2cce92e24a8065d5faecffada3f9967e4,full,0211d5313450418ddc20712d3c36e63ff4b64637bfb9f717eca80fcb394b1e6b,nsga2,3b817475c343d06d,2.9269951386295685,90754.33333333334,-0.07405908539294614,2.9269951386295685,93383.66666666667,-0.07405908539294614,0.0,2629.3333333333285,0.0,0.7973068745570374,0.07405908539294614,0.0,1.6075318853836507e-10,False,False,True,
WEN38,benchmark,original,1,60000,0,PR1_HT0_EC1,No-HT,WEN38:i1:nsga2:s60000:r0:PR1_HT0_EC1:ed89f90c2cee,cf9bc95d906238978e0c5ab26a1947d4104e026d3bac972323bf05453ec86ca7,p0014,v2,716feb78a89b882a20ab8d73b90dc7f2cce92e24a8065d5faecffada3f9967e4,full,0211d5313450418ddc20712d3c36e63ff4b64637bfb9f717eca80fcb394b1e6b,nsga2,256cba2aa4db3cc6,2.551497825546323,123850.83333333334,-0.07405908539294614,2.549726032491752,128901.50000000001,-0.07405908539294614,-0.0017717930545710914,5050.6666666666715,0.0,0.7973068745570517,0.07405908539294614,0.0,0.0,False,False,True,
WEN38,benchmark,original,1,60000,0,PR1_HT0_EC1,No-HT,WEN38:i1:nsga2:s60000:r0:PR1_HT0_EC1:ed89f90c2cee,cf9bc95d906238978e0c5ab26a1947d4104e026d3bac972323bf05453ec86ca7,p0015,v2,716feb78a89b882a20ab8d73b90dc7f2cce92e24a8065d5faecffada3f9967e4,full,0211d5313450418ddc20712d3c36e63ff4b64637bfb9f717eca80fcb394b1e6b,nsga2,32da8282eb3267b1,2.9530404965316848,80641.33333333334,-0.04467640918755933,2.9530404965316848,82469.33333333334,-0.04467640918755933,0.0,1828.0,0.0,0.7973068745570517,0.04467640918755933,0.0,0.0,False,False,True,
WEN38,benchmark,original,1,60000,0,PR1_HT0_EC1,No-HT,WEN38:i1:nsga2:s60000:r0:PR1_HT0_EC1:ed89f90c2cee,cf9bc95d906238978e0c5ab26a1947d4104e026d3bac972323bf05453ec86ca7,p0016,v2,716feb78a89b882a20ab8d73b90dc7f2cce92e24a8065d5faecffada3f9967e4,full,0211d5313450418ddc20712d3c36e63ff4b64637bfb9f717eca80fcb394b1e6b,nsga2,e89af2cf5c6c91b5,2.518693996515501,109555.0,-0.0026155187479162123,2.518693996515501,107705.66666666667,-0.0026155187479162123,0.0,-1849.3333333333285,0.0,0.797306874557011,0.0026155187479162123,0.0,4.602043190971017e-10,False,False,True,
WEN38,benchmark,original,1,60000,0,PR1_HT0_EC1,No-HT,WEN38:i1:nsga2:s60000:r0:PR1_HT0_EC1:ed89f90c2cee,cf9bc95d906238978e0c5ab26a1947d4104e026d3bac972323bf05453ec86ca7,p0017,v2,716feb78a89b882a20ab8d73b90dc7f2cce92e24a8065d5faecffada3f9967e4,full,0211d5313450418ddc20712d3c36e63ff4b64637bfb9f717eca80fcb394b1e6b,nsga2,13b7061c51f42e09,2.4976886485682535,95942.66666666666,-0.0,2.4976886485682535,94120.66666666667,-0.0,0.0,-1821.9999999999854,0.0,0.7973068745570389,0.0,0.17142857142857143,1.446096575818956e-10,False,False,True,
WEN38,benchmark,original,1,60000,0,PR1_HT0_EC1,No-HT,WEN38:i1:nsga2:s60000:r0:PR1_HT0_EC1:ed89f90c2cee,cf9bc95d906238978e0c5ab26a1947d4104e026d3bac972323bf05453ec86ca7,p0018,v2,716feb78a89b882a20ab8d73b90dc7f2cce92e24a8065d5faecffada3f9967e4,full,0211d5313450418ddc20712d3c36e63ff4b64637bfb9f717eca80fcb394b1e6b,nsga2,d8fa005ca6a58c6a,2.547448447871857,92765.33333333333,-0.0,2.547448447871857,95253.33333333334,-0.0,0.0,2488.0000000000146,0.0,0.7973068745570517,0.0,0.11428571428571428,0.0,False,False,True,
WEN38,benchmark,original,1,60000,0,PR1_HT0_EC1,No-HT,WEN38:i1:nsga2:s60000:r0:PR1_HT0_EC1:ed89f90c2cee,cf9bc95d906238978e0c5ab26a1947d4104e026d3bac972323bf05453ec86ca7,p0019,v2,716feb78a89b882a20ab8d73b90dc7f2cce92e24a8065d5faecffada3f9967e4,full,0211d5313450418ddc20712d3c36e63ff4b64637bfb9f717eca80fcb394b1e6b,nsga2,9578c410313c8f85,2.7062297240294635,88780.00000000001,-0.0,2.7062297240294635,115820.33333333334,-0.0,0.0,27040.33333333333,0.0,0.797306874557034,0.0,0.14285714285714285,2.000888343900442e-10,False,False,True,
WEN38,benchmark,original,1,60000,0,PR1_HT0_EC1,No-HT,WEN38:i1:nsga2:s60000:r0:PR1_HT0_EC1:ed89f90c2cee,cf9bc95d906238978e0c5ab26a1947d4104e026d3bac972323bf05453ec86ca7,p0020,v2,716feb78a89b882a20ab8d73b90dc7f2cce92e24a8065d5faecffada3f9967e4,full,0211d5313450418ddc20712d3c36e63ff4b64637bfb9f717eca80fcb394b1e6b,nsga2,b24c3e68c60a5fcf,2.6416468342521444,89036.66666666667,-0.0,2.6698183438196077,121611.33333333334,-0.0,0.028171509567463282,32574.66666666667,0.0,0.7973068745570517,0.0,0.11428571428571428,0.0,False,False,True,
WEN38,benchmark,original,1,60000,0,PR1_HT0_EC1,No-HT,WEN38:i1:nsga2:s60000:r0:PR1_HT0_EC1:ed89f90c2cee,cf9bc95d906238978e0c5ab26a1947d4104e026d3bac972323bf05453ec86ca7,p0021,v2,716feb78a89b882a20ab8d73b90dc7f2cce92e24a8065d5faecffada3f9967e4,full,0211d5313450418ddc20712d3c36e63ff4b64637bfb9f717eca80fcb394b1e6b,nsga2,eafc50026fe0c431,2.472008781887694,102286.33333333333,-0.0,2.4728946784149795,100641.66666666667,-0.0,0.0008858965272855457,-1644.666666666657,0.0,0.7973068745569786,0.0,0.11428571428571428,8.26673840492731e-10,False,False,True,
WEN38,benchmark,original,1,60000,0,PR1_HT0_EC1,No-HT,WEN38:i1:nsga2:s60000:r0:PR1_HT0_EC1:ed89f90c2cee,cf9bc95d906238978e0c5ab26a1947d4104e026d3bac972323bf05453ec86ca7,p0022,v2,716feb78a89b882a20ab8d73b90dc7f2cce92e24a8065d5faecffada3f9967e4,full,0211d5313450418ddc20712d3c36e63ff4b64637bfb9f717eca80fcb394b1e6b,nsga2,c5090d86cc5df8d7,2.944447300216542,83095.33333333334,-0.0,2.944447300216542,86745.33333333334,-0.0,0.0,3650.0,0.0,0.797306874557045,0.0,0.17142857142857143,7.571543392259628e-11,False,False,True,
WEN38,benchmark,original,1,60000,0,PR1_HT0_EC1,No-HT,WEN38:i1:nsga2:s60000:r0:PR1_HT0_EC1:ed89f90c2cee,cf9bc95d906238978e0c5ab26a1947d4104e026d3bac972323bf05453ec86ca7,p0023,v2,716feb78a89b882a20ab8d73b90dc7f2cce92e24a8065d5faecffada3f9967e4,full,0211d5313450418ddc20712d3c36e63ff4b64637bfb9f717eca80fcb394b1e6b,nsga2,871da730e60c9e29,2.856743544016024,85004.66666666666,-0.0,2.856743544016024,105034.66666666667,-0.0,0.0,20030.000000000015,0.0,0.7973068745570008,0.0,0.17142857142857143,5.757101462222636e-10,False,False,True,
WEN38,benchmark,original,1,60000,0,PR1_HT0_EC1,No-HT,WEN38:i1:nsga2:s60000:r0:PR1_HT0_EC1:ed89f90c2cee,cf9bc95d906238978e0c5ab26a1947d4104e026d3bac972323bf05453ec86ca7,p0024,v2,716feb78a89b882a20ab8d73b90dc7f2cce92e24a8065d5faecffada3f9967e4,full,0211d5313450418ddc20712d3c36e63ff4b64637bfb9f717eca80fcb394b1e6b,nsga2,42a17b3e07189a3d,2.4634850634019214,108097.33333333334,-0.0,2.464370959929207,108721.33333333334,-0.0,0.0008858965272855457,624.0,0.0,0.7973068745570517,0.0,0.11428571428571428,0.0,False,False,True,
WEN38,benchmark,original,1,60000,0,PR1_HT0_EC1,No-HT,WEN38:i1:nsga2:s60000:r0:PR1_HT0_EC1:ed89f90c2cee,cf9bc95d906238978e0c5ab26a1947d4104e026d3bac972323bf05453ec86ca7,p0025,v2,716feb78a89b882a20ab8d73b90dc7f2cce92e24a8065d5faecffada3f9967e4,full,0211d5313450418ddc20712d3c36e63ff4b64637bfb9f717eca80fcb394b1e6b,nsga2,7a1879d38309a977,2.4596409945835287,138526.33333333334,-0.0,2.4612949507733646,134031.0,-0.0,0.0016539561898358812,-4495.333333333343,0.0,0.7973068745570517,0.0,0.2,0.0,False,False,True,
WEN38,benchmark,original,1,60000,0,PR1_HT0_EC1,No-HT,WEN38:i1:nsga2:s60000:r0:PR1_HT0_EC1:ed89f90c2cee,cf9bc95d906238978e0c5ab26a1947d4104e026d3bac972323bf05453ec86ca7,p0026,v2,716feb78a89b882a20ab8d73b90dc7f2cce92e24a8065d5faecffada3f9967e4,full,0211d5313450418ddc20712d3c36e63ff4b64637bfb9f717eca80fcb394b1e6b,nsga2,8514d78bc3869dbf,2.461025863688497,123929.33333333333,-0.0,2.461025863688497,123600.66666666667,-0.0,0.0,-328.66666666665697,0.0,0.7973068745570517,0.0,0.11428571428571428,0.0,False,False,True,
WEN38,benchmark,original,1,60000,0,PR1_HT0_EC1,No-HT,WEN38:i1:nsga2:s60000:r0:PR1_HT0_EC1:ed89f90c2cee,cf9bc95d906238978e0c5ab26a1947d4104e026d3bac972323bf05453ec86ca7,p0027,v2,716feb78a89b882a20ab8d73b90dc7f2cce92e24a8065d5faecffada3f9967e4,full,0211d5313450418ddc20712d3c36e63ff4b64637bfb9f717eca80fcb394b1e6b,nsga2,f386901bf79cba43,2.4652372501390794,102928.5,-0.0,2.4652372501390794,102928.5,-0.0,0.0,0.0,0.0,0.7973068745570517,0.0,0.17142857142857143,0.0,False,False,True,
WEN38,benchmark,original,1,60000,0,PR1_HT0_EC1,No-HT,WEN38:i1:nsga2:s60000:r0:PR1_HT0_EC1:ed89f90c2cee,cf9bc95d906238978e0c5ab26a1947d4104e026d3bac972323bf05453ec86ca7,p0028,v2,716feb78a89b882a20ab8d73b90dc7f2cce92e24a8065d5faecffada3f9967e4,full,0211d5313450418ddc20712d3c36e63ff4b64637bfb9f717eca80fcb394b1e6b,nsga2,37f84360e1c822f9,2.461828283663606,116382.66666666667,-0.0,2.461828283663606,131231.6666666667,-0.0,0.0,14849.000000000015,0.0,0.7973068745570517,0.0,0.11428571428571428,0.0,False,False,True,
WEN38,benchmark,original,1,60000,0,PR1_HT1_EC0,No-EC,WEN38:i1:nsga2:s60000:r0:PR1_HT1_EC0:233634bab1fc,cf9bc95d906238978e0c5ab26a1947d4104e026d3bac972323bf05453ec86ca7,p0001,v2,eff43348491cb4cfafd4d33265d0430f45b06053eb35313886f5a3d54a9c7886,full,0211d5313450418ddc20712d3c36e63ff4b64637bfb9f717eca80fcb394b1e6b,nsga2,b12291b3eff8fca1,2.6443045238338136,115276.66666666669,-0.4349222030141391,2.6443045238338136,115276.66666666669,-0.4349222030141391,0.0,0.0,0.0,0.7973068745570517,0.4349222030141391,0.0,0.0,True,False,True,
WEN38,benchmark,original,1,60000,0,PR1_HT1_EC0,No-EC,WEN38:i1:nsga2:s60000:r0:PR1_HT1_EC0:233634bab1fc,cf9bc95d906238978e0c5ab26a1947d4104e026d3bac972323bf05453ec86ca7,p0002,v2,eff43348491cb4cfafd4d33265d0430f45b06053eb35313886f5a3d54a9c7886,full,0211d5313450418ddc20712d3c36e63ff4b64637bfb9f717eca80fcb394b1e6b,nsga2,b9ceedab27d79900,2.813422170893209,100573.66666666669,-0.3947089947105269,2.813422170893209,100573.66666666669,-0.3947089947105269,0.0,0.0,0.0,0.7973068745570517,0.3947089947105269,0.0,0.0,False,False,True,
WEN38,benchmark,original,1,60000,0,PR1_HT1_EC0,No-EC,WEN38:i1:nsga2:s60000:r0:PR1_HT1_EC0:233634bab1fc,cf9bc95d906238978e0c5ab26a1947d4104e026d3bac972323bf05453ec86ca7,p0003,v2,eff43348491cb4cfafd4d33265d0430f45b06053eb35313886f5a3d54a9c7886,full,0211d5313450418ddc20712d3c36e63ff4b64637bfb9f717eca80fcb394b1e6b,nsga2,2a6c2e9b4479abf8,2.577834698758217,148007.0,-0.3079249848779,2.577834698758217,148007.0,-0.3079249848779,0.0,0.0,0.0,0.79730687455697,0.3079249848779,0.0,9.222276275977492e-10,False,False,True,
WEN38,benchmark,original,1,60000,0,PR1_HT1_EC0,No-EC,WEN38:i1:nsga2:s60000:r0:PR1_HT1_EC0:233634bab1fc,cf9bc95d906238978e0c5ab26a1947d4104e026d3bac972323bf05453ec86ca7,p0004,v2,eff43348491cb4cfafd4d33265d0430f45b06053eb35313886f5a3d54a9c7886,full,0211d5313450418ddc20712d3c36e63ff4b64637bfb9f717eca80fcb394b1e6b,nsga2,d97db80c03b86b82,2.625708514521433,137953.0,-0.27640733712996735,2.625708514521433,137953.0,-0.27640733712996735,0.0,0.0,0.0,0.7973068745570517,0.27640733712996735,0.0,0.0,False,False,True,
WEN38,benchmark,original,1,60000,0,PR1_HT1_EC0,No-EC,WEN38:i1:nsga2:s60000:r0:PR1_HT1_EC0:233634bab1fc,cf9bc95d906238978e0c5ab26a1947d4104e026d3bac972323bf05453ec86ca7,p0005,v2,eff43348491cb4cfafd4d33265d0430f45b06053eb35313886f5a3d54a9c7886,full,0211d5313450418ddc20712d3c36e63ff4b64637bfb9f717eca80fcb394b1e6b,nsga2,31f1b5fa3437d22a,2.623936721466862,138323.6666666667,-0.27640733712996735,2.623936721466862,138323.6666666667,-0.27640733712996735,0.0,0.0,0.0,0.7973068745570517,0.27640733712996735,0.0,0.0,False,False,True,
WEN38,benchmark,original,1,60000,0,PR1_HT1_EC0,No-EC,WEN38:i1:nsga2:s60000:r0:PR1_HT1_EC0:233634bab1fc,cf9bc95d906238978e0c5ab26a1947d4104e026d3bac972323bf05453ec86ca7,p0006,v2,eff43348491cb4cfafd4d33265d0430f45b06053eb35313886f5a3d54a9c7886,full,0211d5313450418ddc20712d3c36e63ff4b64637bfb9f717eca80fcb394b1e6b,nsga2,3dbdfbe22eaee946,2.567061111632916,162625.66666666666,-0.07405908539112716,2.567061111632916,162625.66666666666,-0.07405908539112716,0.0,0.0,0.0,0.7973068745570517,0.07405908539112716,0.0,0.0,False,False,True,
WEN38,benchmark,original,1,60000,0,PR1_HT1_EC0,No-EC,WEN38:i1:nsga2:s60000:r0:PR1_HT1_EC0:233634bab1fc,cf9bc95d906238978e0c5ab26a1947d4104e026d3bac972323bf05453ec86ca7,p0007,v2,eff43348491cb4cfafd4d33265d0430f45b06053eb35313886f5a3d54a9c7886,full,0211d5313450418ddc20712d3c36e63ff4b64637bfb9f717eca80fcb394b1e6b,nsga2,68541049b5f8a9b2,2.575588914858886,157304.33333333334,-0.07405908539294614,2.575588914858886,157304.33333333334,-0.07405908539294614,0.0,0.0,0.0,0.7973068745570517,0.07405908539294614,0.0,0.0,False,False,True,
WEN38,benchmark,original,1,60000,0,PR1_HT1_EC0,No-EC,WEN38:i1:nsga2:s60000:r0:PR1_HT1_EC0:233634bab1fc,cf9bc95d906238978e0c5ab26a1947d4104e026d3bac972323bf05453ec86ca7,p0008,v2,eff43348491cb4cfafd4d33265d0430f45b06053eb35313886f5a3d54a9c7886,full,0211d5313450418ddc20712d3c36e63ff4b64637bfb9f717eca80fcb394b1e6b,nsga2,3fbe934d389c7f0d,2.5738376443132864,156988.5,-0.06267922982624441,2.5738376443132864,156988.5,-0.06267922982624441,0.0,0.0,0.0,0.7973068745570517,0.06267922982624441,0.0,0.0,False,False,True,
WEN38,benchmark,original,1,60000,0,PR1_HT1_EC0,No-EC,WEN38:i1:nsga2:s60000:r0:PR1_HT1_EC0:233634bab1fc,cf9bc95d906238978e0c5ab26a1947d4104e026d3bac972323bf05453ec86ca7,p0009,v2,eff43348491cb4cfafd4d33265d0430f45b06053eb35313886f5a3d54a9c7886,full,0211d5313450418ddc20712d3c36e63ff4b64637bfb9f717eca80fcb394b1e6b,nsga2,0673595e0e591a1c,2.615424297044368,95595.66666666667,-0.0,2.615424297044368,95595.66666666667,-0.0,0.0,0.0,0.0,0.7973068745570453,0.0,0.08571428571428572,7.185008144006133e-11,False,False,True,
WEN38,benchmark,original,1,60000,0,PR1_HT1_EC0,No-EC,WEN38:i1:nsga2:s60000:r0:PR1_HT1_EC0:233634bab1fc,cf9bc95d906238978e0c5ab26a1947d4104e026d3bac972323bf05453ec86ca7,p0010,v2,eff43348491cb4cfafd4d33265d0430f45b06053eb35313886f5a3d54a9c7886,full,0211d5313450418ddc20712d3c36e63ff4b64637bfb9f717eca80fcb394b1e6b,nsga2,1f27e716b21bfc54,2.468174745302771,104723.66666666666,-0.0,2.468174745302771,104723.66666666666,-0.0,0.0,0.0,0.0,0.7973068745570517,0.0,0.11428571428571428,0.0,False,False,True,
WEN38,benchmark,original,1,60000,0,PR1_HT1_EC0,No-EC,WEN38:i1:nsga2:s60000:r0:PR1_HT1_EC0:233634bab1fc,cf9bc95d906238978e0c5ab26a1947d4104e026d3bac972323bf05453ec86ca7,p0011,v2,eff43348491cb4cfafd4d33265d0430f45b06053eb35313886f5a3d54a9c7886,full,0211d5313450418ddc20712d3c36e63ff4b64637bfb9f717eca80fcb394b1e6b,nsga2,5c1d5d2bb7805c0b,2.4659920070583734,104801.66666666666,-0.0,2.4659920070583734,104801.66666666666,-0.0,0.0,0.0,0.0,0.7973068745570517,0.0,0.11428571428571428,0.0,False,False,True,
WEN38,benchmark,original,1,60000,0,PR1_HT1_EC0,No-EC,WEN38:i1:nsga2:s60000:r0:PR1_HT1_EC0:233634bab1fc,cf9bc95d906238978e0c5ab26a1947d4104e026d3bac972323bf05453ec86ca7,p0012,v2,eff43348491cb4cfafd4d33265d0430f45b06053eb35313886f5a3d54a9c7886,full,0211d5313450418ddc20712d3c36e63ff4b64637bfb9f717eca80fcb394b1e6b,nsga2,44371d7b0456c749,2.4856404557963767,104199.33333333333,-0.0,2.4856404557963767,104199.33333333333,-0.0,0.0,0.0,0.0,0.7973068745570517,0.0,0.17142857142857143,0.0,False,False,True,
WEN38,benchmark,original,1,60000,0,PR1_HT1_EC0,No-EC,WEN38:i1:nsga2:s60000:r0:PR1_HT1_EC0:233634bab1fc,cf9bc95d906238978e0c5ab26a1947d4104e026d3bac972323bf05453ec86ca7,p0013,v2,eff43348491cb4cfafd4d33265d0430f45b06053eb35313886f5a3d54a9c7886,full,0211d5313450418ddc20712d3c36e63ff4b64637bfb9f717eca80fcb394b1e6b,nsga2,1e0183d0006cdbdd,2.6513031063993626,94550.66666666667,-0.0,2.6513031063993626,94550.66666666667,-0.0,0.0,0.0,0.0,0.7973068745570517,0.0,0.11428571428571428,0.0,False,False,True,
WEN38,benchmark,original,1,60000,0,PR1_HT1_EC0,No-EC,WEN38:i1:nsga2:s60000:r0:PR1_HT1_EC0:233634bab1fc,cf9bc95d906238978e0c5ab26a1947d4104e026d3bac972323bf05453ec86ca7,p0014,v2,eff43348491cb4cfafd4d33265d0430f45b06053eb35313886f5a3d54a9c7886,full,0211d5313450418ddc20712d3c36e63ff4b64637bfb9f717eca80fcb394b1e6b,nsga2,0aafa43267a398c2,2.4636498837653784,105643.33333333333,-0.0,2.4636498837653784,105643.33333333333,-0.0,0.0,0.0,0.0,0.7973068745570517,0.0,0.2,0.0,False,False,True,
WEN38,benchmark,original,1,60000,0,PR1_HT1_EC0,No-EC,WEN38:i1:nsga2:s60000:r0:PR1_HT1_EC0:233634bab1fc,cf9bc95d906238978e0c5ab26a1947d4104e026d3bac972323bf05453ec86ca7,p0015,v2,eff43348491cb4cfafd4d33265d0430f45b06053eb35313886f5a3d54a9c7886,full,0211d5313450418ddc20712d3c36e63ff4b64637bfb9f717eca80fcb394b1e6b,nsga2,9186667fc2356080,2.517355551473173,101013.33333333334,-0.0,2.517355551473173,101013.33333333334,-0.0,0.0,0.0,0.0,0.7973068745570517,0.0,0.17142857142857143,0.0,False,False,True,
WEN38,benchmark,original,1,60000,0,PR1_HT1_EC0,No-EC,WEN38:i1:nsga2:s60000:r0:PR1_HT1_EC0:233634bab1fc,cf9bc95d906238978e0c5ab26a1947d4104e026d3bac972323bf05453ec86ca7,p0016,v2,eff43348491cb4cfafd4d33265d0430f45b06053eb35313886f5a3d54a9c7886,full,0211d5313450418ddc20712d3c36e63ff4b64637bfb9f717eca80fcb394b1e6b,nsga2,b91d277d8c4017fa,2.460869941929812,122940.33333333333,-0.0,2.460869941929812,122940.33333333333,-0.0,0.0,0.0,0.0,0.7973068745570517,0.0,0.14285714285714285,0.0,False,False,True,
WEN38,benchmark,original,1,60000,0,PR1_HT1_EC0,No-EC,WEN38:i1:nsga2:s60000:r0:PR1_HT1_EC0:233634bab1fc,cf9bc95d906238978e0c5ab26a1947d4104e026d3bac972323bf05453ec86ca7,p0017,v2,eff43348491cb4cfafd4d33265d0430f45b06053eb35313886f5a3d54a9c7886,full,0211d5313450418ddc20712d3c36e63ff4b64637bfb9f717eca80fcb394b1e6b,nsga2,106af5df51248833,2.565902681169515,98028.16666666667,-0.0,2.565902681169515,98028.16666666667,-0.0,0.0,0.0,0.0,0.797306874556984,0.0,0.14285714285714285,7.630660547874868e-10,False,False,True,
WEN38,benchmark,original,1,60000,0,PR1_HT1_EC0,No-EC,WEN38:i1:nsga2:s60000:r0:PR1_HT1_EC0:233634bab1fc,cf9bc95d906238978e0c5ab26a1947d4104e026d3bac972323bf05453ec86ca7,p0018,v2,eff43348491cb4cfafd4d33265d0430f45b06053eb35313886f5a3d54a9c7886,full,0211d5313450418ddc20712d3c36e63ff4b64637bfb9f717eca80fcb394b1e6b,nsga2,a37353b90ee72f34,2.564130888114944,99899.5,-0.0,2.564130888114944,99899.5,-0.0,0.0,0.0,0.0,0.797306874556984,0.0,0.14285714285714285,7.630660547874868e-10,False,False,True,
WEN38,benchmark,original,1,60000,0,PR1_HT1_EC1,Full,WEN38:i1:nsga2:s60000:r0:PR1_HT1_EC1:ac79a73486e1,cf9bc95d906238978e0c5ab26a1947d4104e026d3bac972323bf05453ec86ca7,p0001,v2,0211d5313450418ddc20712d3c36e63ff4b64637bfb9f717eca80fcb394b1e6b,full,0211d5313450418ddc20712d3c36e63ff4b64637bfb9f717eca80fcb394b1e6b,nsga2,b12291b3eff8fca1,2.6443045238338136,115276.66666666669,-0.4349222030141391,2.6443045238338136,115276.66666666669,-0.4349222030141391,0.0,0.0,0.0,0.7973068745570517,0.4349222030141391,0.0,0.0,True,True,True,
WEN38,benchmark,original,1,60000,0,PR1_HT1_EC1,Full,WEN38:i1:nsga2:s60000:r0:PR1_HT1_EC1:ac79a73486e1,cf9bc95d906238978e0c5ab26a1947d4104e026d3bac972323bf05453ec86ca7,p0002,v2,0211d5313450418ddc20712d3c36e63ff4b64637bfb9f717eca80fcb394b1e6b,full,0211d5313450418ddc20712d3c36e63ff4b64637bfb9f717eca80fcb394b1e6b,nsga2,b9ceedab27d79900,2.813422170893209,100573.66666666669,-0.3947089947105269,2.813422170893209,100573.66666666669,-0.3947089947105269,0.0,0.0,0.0,0.7973068745570517,0.3947089947105269,0.0,0.0,False,True,True,
WEN38,benchmark,original,1,60000,0,PR1_HT1_EC1,Full,WEN38:i1:nsga2:s60000:r0:PR1_HT1_EC1:ac79a73486e1,cf9bc95d906238978e0c5ab26a1947d4104e026d3bac972323bf05453ec86ca7,p0003,v2,0211d5313450418ddc20712d3c36e63ff4b64637bfb9f717eca80fcb394b1e6b,full,0211d5313450418ddc20712d3c36e63ff4b64637bfb9f717eca80fcb394b1e6b,nsga2,2a6c2e9b4479abf8,2.577834698758217,148007.0,-0.3079249848779,2.577834698758217,148007.0,-0.3079249848779,0.0,0.0,0.0,0.79730687455697,0.3079249848779,0.0,9.222276275977492e-10,False,True,True,
WEN38,benchmark,original,1,60000,0,PR1_HT1_EC1,Full,WEN38:i1:nsga2:s60000:r0:PR1_HT1_EC1:ac79a73486e1,cf9bc95d906238978e0c5ab26a1947d4104e026d3bac972323bf05453ec86ca7,p0004,v2,0211d5313450418ddc20712d3c36e63ff4b64637bfb9f717eca80fcb394b1e6b,full,0211d5313450418ddc20712d3c36e63ff4b64637bfb9f717eca80fcb394b1e6b,nsga2,d97db80c03b86b82,2.625708514521433,137953.0,-0.27640733712996735,2.625708514521433,137953.0,-0.27640733712996735,0.0,0.0,0.0,0.7973068745570517,0.27640733712996735,0.0,0.0,False,True,True,
WEN38,benchmark,original,1,60000,0,PR1_HT1_EC1,Full,WEN38:i1:nsga2:s60000:r0:PR1_HT1_EC1:ac79a73486e1,cf9bc95d906238978e0c5ab26a1947d4104e026d3bac972323bf05453ec86ca7,p0005,v2,0211d5313450418ddc20712d3c36e63ff4b64637bfb9f717eca80fcb394b1e6b,full,0211d5313450418ddc20712d3c36e63ff4b64637bfb9f717eca80fcb394b1e6b,nsga2,31f1b5fa3437d22a,2.623936721466862,138323.6666666667,-0.27640733712996735,2.623936721466862,138323.6666666667,-0.27640733712996735,0.0,0.0,0.0,0.7973068745570517,0.27640733712996735,0.0,0.0,False,True,True,
WEN38,benchmark,original,1,60000,0,PR1_HT1_EC1,Full,WEN38:i1:nsga2:s60000:r0:PR1_HT1_EC1:ac79a73486e1,cf9bc95d906238978e0c5ab26a1947d4104e026d3bac972323bf05453ec86ca7,p0006,v2,0211d5313450418ddc20712d3c36e63ff4b64637bfb9f717eca80fcb394b1e6b,full,0211d5313450418ddc20712d3c36e63ff4b64637bfb9f717eca80fcb394b1e6b,nsga2,3dbdfbe22eaee946,2.567061111632916,162625.66666666666,-0.07405908539112716,2.567061111632916,162625.66666666666,-0.07405908539112716,0.0,0.0,0.0,0.7973068745570517,0.07405908539112716,0.0,0.0,False,True,True,
WEN38,benchmark,original,1,60000,0,PR1_HT1_EC1,Full,WEN38:i1:nsga2:s60000:r0:PR1_HT1_EC1:ac79a73486e1,cf9bc95d906238978e0c5ab26a1947d4104e026d3bac972323bf05453ec86ca7,p0007,v2,0211d5313450418ddc20712d3c36e63ff4b64637bfb9f717eca80fcb394b1e6b,full,0211d5313450418ddc20712d3c36e63ff4b64637bfb9f717eca80fcb394b1e6b,nsga2,68541049b5f8a9b2,2.575588914858886,157304.33333333334,-0.07405908539294614,2.575588914858886,157304.33333333334,-0.07405908539294614,0.0,0.0,0.0,0.7973068745570517,0.07405908539294614,0.0,0.0,False,True,True,
WEN38,benchmark,original,1,60000,0,PR1_HT1_EC1,Full,WEN38:i1:nsga2:s60000:r0:PR1_HT1_EC1:ac79a73486e1,cf9bc95d906238978e0c5ab26a1947d4104e026d3bac972323bf05453ec86ca7,p0008,v2,0211d5313450418ddc20712d3c36e63ff4b64637bfb9f717eca80fcb394b1e6b,full,0211d5313450418ddc20712d3c36e63ff4b64637bfb9f717eca80fcb394b1e6b,nsga2,3fbe934d389c7f0d,2.5738376443132864,156988.5,-0.06267922982624441,2.5738376443132864,156988.5,-0.06267922982624441,0.0,0.0,0.0,0.7973068745570517,0.06267922982624441,0.0,0.0,False,True,True,
WEN38,benchmark,original,1,60000,0,PR1_HT1_EC1,Full,WEN38:i1:nsga2:s60000:r0:PR1_HT1_EC1:ac79a73486e1,cf9bc95d906238978e0c5ab26a1947d4104e026d3bac972323bf05453ec86ca7,p0009,v2,0211d5313450418ddc20712d3c36e63ff4b64637bfb9f717eca80fcb394b1e6b,full,0211d5313450418ddc20712d3c36e63ff4b64637bfb9f717eca80fcb394b1e6b,nsga2,0673595e0e591a1c,2.615424297044368,95595.66666666667,-0.0,2.615424297044368,95595.66666666667,-0.0,0.0,0.0,0.0,0.7973068745570453,0.0,0.08571428571428572,7.185008144006133e-11,False,True,True,
WEN38,benchmark,original,1,60000,0,PR1_HT1_EC1,Full,WEN38:i1:nsga2:s60000:r0:PR1_HT1_EC1:ac79a73486e1,cf9bc95d906238978e0c5ab26a1947d4104e026d3bac972323bf05453ec86ca7,p0010,v2,0211d5313450418ddc20712d3c36e63ff4b64637bfb9f717eca80fcb394b1e6b,full,0211d5313450418ddc20712d3c36e63ff4b64637bfb9f717eca80fcb394b1e6b,nsga2,1f27e716b21bfc54,2.468174745302771,104723.66666666666,-0.0,2.468174745302771,104723.66666666666,-0.0,0.0,0.0,0.0,0.7973068745570517,0.0,0.11428571428571428,0.0,False,True,True,
WEN38,benchmark,original,1,60000,0,PR1_HT1_EC1,Full,WEN38:i1:nsga2:s60000:r0:PR1_HT1_EC1:ac79a73486e1,cf9bc95d906238978e0c5ab26a1947d4104e026d3bac972323bf05453ec86ca7,p0011,v2,0211d5313450418ddc20712d3c36e63ff4b64637bfb9f717eca80fcb394b1e6b,full,0211d5313450418ddc20712d3c36e63ff4b64637bfb9f717eca80fcb394b1e6b,nsga2,5c1d5d2bb7805c0b,2.4659920070583734,104801.66666666666,-0.0,2.4659920070583734,104801.66666666666,-0.0,0.0,0.0,0.0,0.7973068745570517,0.0,0.11428571428571428,0.0,False,True,True,
WEN38,benchmark,original,1,60000,0,PR1_HT1_EC1,Full,WEN38:i1:nsga2:s60000:r0:PR1_HT1_EC1:ac79a73486e1,cf9bc95d906238978e0c5ab26a1947d4104e026d3bac972323bf05453ec86ca7,p0012,v2,0211d5313450418ddc20712d3c36e63ff4b64637bfb9f717eca80fcb394b1e6b,full,0211d5313450418ddc20712d3c36e63ff4b64637bfb9f717eca80fcb394b1e6b,nsga2,44371d7b0456c749,2.4856404557963767,104199.33333333333,-0.0,2.4856404557963767,104199.33333333333,-0.0,0.0,0.0,0.0,0.7973068745570517,0.0,0.17142857142857143,0.0,False,True,True,
WEN38,benchmark,original,1,60000,0,PR1_HT1_EC1,Full,WEN38:i1:nsga2:s60000:r0:PR1_HT1_EC1:ac79a73486e1,cf9bc95d906238978e0c5ab26a1947d4104e026d3bac972323bf05453ec86ca7,p0013,v2,0211d5313450418ddc20712d3c36e63ff4b64637bfb9f717eca80fcb394b1e6b,full,0211d5313450418ddc20712d3c36e63ff4b64637bfb9f717eca80fcb394b1e6b,nsga2,1e0183d0006cdbdd,2.6513031063993626,94550.66666666667,-0.0,2.6513031063993626,94550.66666666667,-0.0,0.0,0.0,0.0,0.7973068745570517,0.0,0.11428571428571428,0.0,False,True,True,
WEN38,benchmark,original,1,60000,0,PR1_HT1_EC1,Full,WEN38:i1:nsga2:s60000:r0:PR1_HT1_EC1:ac79a73486e1,cf9bc95d906238978e0c5ab26a1947d4104e026d3bac972323bf05453ec86ca7,p0014,v2,0211d5313450418ddc20712d3c36e63ff4b64637bfb9f717eca80fcb394b1e6b,full,0211d5313450418ddc20712d3c36e63ff4b64637bfb9f717eca80fcb394b1e6b,nsga2,0aafa43267a398c2,2.4636498837653784,105643.33333333333,-0.0,2.4636498837653784,105643.33333333333,-0.0,0.0,0.0,0.0,0.7973068745570517,0.0,0.2,0.0,False,True,True,
WEN38,benchmark,original,1,60000,0,PR1_HT1_EC1,Full,WEN38:i1:nsga2:s60000:r0:PR1_HT1_EC1:ac79a73486e1,cf9bc95d906238978e0c5ab26a1947d4104e026d3bac972323bf05453ec86ca7,p0015,v2,0211d5313450418ddc20712d3c36e63ff4b64637bfb9f717eca80fcb394b1e6b,full,0211d5313450418ddc20712d3c36e63ff4b64637bfb9f717eca80fcb394b1e6b,nsga2,9186667fc2356080,2.517355551473173,101013.33333333334,-0.0,2.517355551473173,101013.33333333334,-0.0,0.0,0.0,0.0,0.7973068745570517,0.0,0.17142857142857143,0.0,False,True,True,
WEN38,benchmark,original,1,60000,0,PR1_HT1_EC1,Full,WEN38:i1:nsga2:s60000:r0:PR1_HT1_EC1:ac79a73486e1,cf9bc95d906238978e0c5ab26a1947d4104e026d3bac972323bf05453ec86ca7,p0016,v2,0211d5313450418ddc20712d3c36e63ff4b64637bfb9f717eca80fcb394b1e6b,full,0211d5313450418ddc20712d3c36e63ff4b64637bfb9f717eca80fcb394b1e6b,nsga2,b91d277d8c4017fa,2.460869941929812,122940.33333333333,-0.0,2.460869941929812,122940.33333333333,-0.0,0.0,0.0,0.0,0.7973068745570517,0.0,0.14285714285714285,0.0,False,True,True,
WEN38,benchmark,original,1,60000,0,PR1_HT1_EC1,Full,WEN38:i1:nsga2:s60000:r0:PR1_HT1_EC1:ac79a73486e1,cf9bc95d906238978e0c5ab26a1947d4104e026d3bac972323bf05453ec86ca7,p0017,v2,0211d5313450418ddc20712d3c36e63ff4b64637bfb9f717eca80fcb394b1e6b,full,0211d5313450418ddc20712d3c36e63ff4b64637bfb9f717eca80fcb394b1e6b,nsga2,106af5df51248833,2.565902681169515,98028.16666666667,-0.0,2.565902681169515,98028.16666666667,-0.0,0.0,0.0,0.0,0.797306874556984,0.0,0.14285714285714285,7.630660547874868e-10,False,True,True,
WEN38,benchmark,original,1,60000,0,PR1_HT1_EC1,Full,WEN38:i1:nsga2:s60000:r0:PR1_HT1_EC1:ac79a73486e1,cf9bc95d906238978e0c5ab26a1947d4104e026d3bac972323bf05453ec86ca7,p0018,v2,0211d5313450418ddc20712d3c36e63ff4b64637bfb9f717eca80fcb394b1e6b,full,0211d5313450418ddc20712d3c36e63ff4b64637bfb9f717eca80fcb394b1e6b,nsga2,a37353b90ee72f34,2.564130888114944,99899.5,-0.0,2.564130888114944,99899.5,-0.0,0.0,0.0,0.0,0.797306874556984,0.0,0.14285714285714285,7.630660547874868e-10,False,True,True,
WEN38,benchmark,original,1,60001,1,PR0_HT1_EC1,No-PR,WEN38:i1:nsga2:s60001:r1:PR0_HT1_EC1:2aca52bb3fb1,cf9bc95d906238978e0c5ab26a1947d4104e026d3bac972323bf05453ec86ca7,p0001,v2,5a3987e94130527bc1b444c25fcb2f83e76b24620c83c0f6215f19f2d3e15bf7,full,0211d5313450418ddc20712d3c36e63ff4b64637bfb9f717eca80fcb394b1e6b,nsga2,609e9c49d346fc9a,2.947280103228524,122711.0,-0.33313902652480465,2.8460221301591098,119349.5,-0.0,-0.10125797306941431,-3361.5,0.33313902652480465,0.7973068745570202,0.0,0.17142857142857143,3.574314177967608e-10,False,False,True,
WEN38,benchmark,original,1,60001,1,PR0_HT1_EC1,No-PR,WEN38:i1:nsga2:s60001:r1:PR0_HT1_EC1:2aca52bb3fb1,cf9bc95d906238978e0c5ab26a1947d4104e026d3bac972323bf05453ec86ca7,p0002,v2,5a3987e94130527bc1b444c25fcb2f83e76b24620c83c0f6215f19f2d3e15bf7,full,0211d5313450418ddc20712d3c36e63ff4b64637bfb9f717eca80fcb394b1e6b,nsga2,908884f0f4c4611e,2.954278685794751,112097.0,-0.33313902652480465,2.7750247224622333,158828.6666666667,-0.0,-0.17925396333251786,46731.666666666686,0.33313902652480465,0.7973068745570202,0.0,0.17142857142857143,3.574314177967608e-10,False,False,True,
WEN38,benchmark,original,1,60001,1,PR0_HT1_EC1,No-PR,WEN38:i1:nsga2:s60001:r1:PR0_HT1_EC1:2aca52bb3fb1,cf9bc95d906238978e0c5ab26a1947d4104e026d3bac972323bf05453ec86ca7,p0003,v2,5a3987e94130527bc1b444c25fcb2f83e76b24620c83c0f6215f19f2d3e15bf7,full,0211d5313450418ddc20712d3c36e63ff4b64637bfb9f717eca80fcb394b1e6b,nsga2,2eb26b0b0d637875,3.178233327893027,108019.0,-0.33313902652480465,3.0485380762978043,109007.33333333333,-0.0,-0.12969525159522277,988.3333333333285,0.33313902652480465,0.7973068745570202,0.0,0.17142857142857143,3.574314177967608e-10,False,False,True,
WEN38,benchmark,original,1,60001,1,PR0_HT1_EC1,No-PR,WEN38:i1:nsga2:s60001:r1:PR0_HT1_EC1:2aca52bb3fb1,cf9bc95d906238978e0c5ab26a1947d4104e026d3bac972323bf05453ec86ca7,p0004,v2,5a3987e94130527bc1b444c25fcb2f83e76b24620c83c0f6215f19f2d3e15bf7,full,0211d5313450418ddc20712d3c36e63ff4b64637bfb9f717eca80fcb394b1e6b,nsga2,7660a3b94feb8f4b,2.877201896163914,140733.0,-0.33313902652389515,2.7759439230948706,157169.66666666666,-0.0,-0.1012579730690435,16436.666666666657,0.33313902652389515,0.7973068745570211,0.0,0.17142857142857143,3.4515323932282627e-10,True,False,True,
WEN38,benchmark,original,1,60001,1,PR0_HT1_EC1,No-PR,WEN38:i1:nsga2:s60001:r1:PR0_HT1_EC1:2aca52bb3fb1,cf9bc95d906238978e0c5ab26a1947d4104e026d3bac972323bf05453ec86ca7,p0005,v2,5a3987e94130527bc1b444c25fcb2f83e76b24620c83c0f6215f19f2d3e15bf7,full,0211d5313450418ddc20712d3c36e63ff4b64637bfb9f717eca80fcb394b1e6b,nsga2,ed9abc828f4d63d7,3.029344623717413,92714.0,-0.24338624338815862,2.8996493721228225,110413.66666666667,-0.0,-0.1296952515945904,17699.66666666667,0.24338624338815862,0.7973068745569893,0.0,0.17142857142857143,7.039488991722465e-10,False,False,True,
WEN38,benchmark,original,1,60001,1,PR0_HT1_EC1,No-PR,WEN38:i1:nsga2:s60001:r1:PR0_HT1_EC1:2aca52bb3fb1,cf9bc95d906238978e0c5ab26a1947d4104e026d3bac972323bf05453ec86ca7,p0006,v2,5a3987e94130527bc1b444c25fcb2f83e76b24620c83c0f6215f19f2d3e15bf7,full,0211d5313450418ddc20712d3c36e63ff4b64637bfb9f717eca80fcb394b1e6b,nsga2,55abe023552b9a31,2.876910632122958,107655.0,-0.19464977120969706,2.775652659053509,105014.5,-0.0,-0.10125797306944895,-2640.5,0.19464977120969706,0.7973068745570072,0.0,0.17142857142857143,5.011315806768835e-10,False,False,True,
WEN38,benchmark,original,1,60001,1,PR0_HT1_EC1,No-PR,WEN38:i1:nsga2:s60001:r1:PR0_HT1_EC1:2aca52bb3fb1,cf9bc95d906238978e0c5ab26a1947d4104e026d3bac972323bf05453ec86ca7,p0007,v2,5a3987e94130527bc1b444c25fcb2f83e76b24620c83c0f6215f19f2d3e15bf7,full,0211d5313450418ddc20712d3c36e63ff4b64637bfb9f717eca80fcb394b1e6b,nsga2,0b886958f0843f53,2.821417456537655,121561.0,-0.19464977120969706,2.7214568983671885,147064.33333333334,-0.19464977120878757,-0.09996055817046656,25503.333333333343,9.094947017729282e-13,0.7973068745569935,0.19464977120878757,0.0,6.584741640836e-10,False,False,True,
WEN38,benchmark,original,1,60001,1,PR0_HT1_EC1,No-PR,WEN38:i1:nsga2:s60001:r1:PR0_HT1_EC1:2aca52bb3fb1,cf9bc95d906238978e0c5ab26a1947d4104e026d3bac972323bf05453ec86ca7,p0008,v2,5a3987e94130527bc1b444c25fcb2f83e76b24620c83c0f6215f19f2d3e15bf7,full,0211d5313450418ddc20712d3c36e63ff4b64637bfb9f717eca80fcb394b1e6b,nsga2,64329bf3808db1f9,3.0272765596437656,105951.0,-0.19464977120969706,2.8975813080485127,115981.83333333333,-0.0,-0.12969525159525297,10030.833333333328,0.19464977120969706,0.7973068745570072,0.0,0.17142857142857143,5.011315806768835e-10,False,False,True,
WEN38,benchmark,original,1,60001,1,PR0_HT1_EC1,No-PR,WEN38:i1:nsga2:s60001:r1:PR0_HT1_EC1:2aca52bb3fb1,cf9bc95d906238978e0c5ab26a1947d4104e026d3bac972323bf05453ec86ca7,p0009,v2,5a3987e94130527bc1b444c25fcb2f83e76b24620c83c0f6215f19f2d3e15bf7,full,0211d5313450418ddc20712d3c36e63ff4b64637bfb9f717eca80fcb394b1e6b,nsga2,28f766519c97d641,2.7403701589242377,125915.0,-0.19464977120969706,2.5489279193771193,173071.0,-0.0,-0.19144223954711848,47156.0,0.19464977120969706,0.7973068745570072,0.0,0.17142857142857143,5.011315806768835e-10,False,False,True,
WEN38,benchmark,original,1,60001,1,PR0_HT1_EC1,No-PR,WEN38:i1:nsga2:s60001:r1:PR0_HT1_EC1:2aca52bb3fb1,cf9bc95d906238978e0c5ab26a1947d4104e026d3bac972323bf05453ec86ca7,p0010,v2,5a3987e94130527bc1b444c25fcb2f83e76b24620c83c0f6215f19f2d3e15bf7,full,0211d5313450418ddc20712d3c36e63ff4b64637bfb9f717eca80fcb394b1e6b,nsga2,931ff3e188f3a951,2.777808097558154,125764.5,-0.17161477190711594,2.6616670628309835,168793.5,-0.06267922982624441,-0.1161410347271703,43029.0,0.10893554208087153,0.7973068745570517,0.06267922982624441,0.0,0.0,False,False,True,
WEN38,benchmark,original,1,60001,1,PR0_HT1_EC1,No-PR,WEN38:i1:nsga2:s60001:r1:PR0_HT1_EC1:2aca52bb3fb1,cf9bc95d906238978e0c5ab26a1947d4104e026d3bac972323bf05453ec86ca7,p0011,v2,5a3987e94130527bc1b444c25fcb2f83e76b24620c83c0f6215f19f2d3e15bf7,full,0211d5313450418ddc20712d3c36e63ff4b64637bfb9f717eca80fcb394b1e6b,nsga2,803ffe28702ff3f8,2.793370589599132,99950.0,-0.17161477190711594,2.6810290666442818,122572.33333333334,-0.05998356614873046,-0.11234152295485034,22622.333333333343,0.11163120575838548,0.7973068745570517,0.05998356614873046,0.0,0.0,False,False,True,
WEN38,benchmark,original,1,60001,1,PR0_HT1_EC1,No-PR,WEN38:i1:nsga2:s60001:r1:PR0_HT1_EC1:2aca52bb3fb1,cf9bc95d906238978e0c5ab26a1947d4104e026d3bac972323bf05453ec86ca7,p0012,v2,5a3987e94130527bc1b444c25fcb2f83e76b24620c83c0f6215f19f2d3e15bf7,full,0211d5313450418ddc20712d3c36e63ff4b64637bfb9f717eca80fcb394b1e6b,nsga2,43e4a44d56170112,2.694725221392572,109381.0,-0.15353311136004777,2.5999771496485407,128690.33333333334,-0.0,-0.09474807174403121,19309.333333333343,0.15353311136004777,0.7973068745570477,0.0,0.17142857142857143,4.5361048250924796e-11,False,False,True,
WEN38,benchmark,original,1,60001,1,PR0_HT1_EC1,No-PR,WEN38:i1:nsga2:s60001:r1:PR0_HT1_EC1:2aca52bb3fb1,cf9bc95d906238978e0c5ab26a1947d4104e026d3bac972323bf05453ec86ca7,p0013,v2,5a3987e94130527bc1b444c25fcb2f83e76b24620c83c0f6215f19f2d3e15bf7,full,0211d5313450418ddc20712d3c36e63ff4b64637bfb9f717eca80fcb394b1e6b,nsga2,0c648bf33c8b3155,3.0116068242987,76121.0,-0.15353311136004777,2.88191157270348,92108.33333333334,-0.0,-0.1296952515952201,15987.333333333343,0.15353311136004777,0.7973068745570514,0.0,0.17142857142857143,4.547473508864641e-12,False,False,True,
WEN38,benchmark,original,1,60001,1,PR0_HT1_EC1,No-PR,WEN38:i1:nsga2:s60001:r1:PR0_HT1_EC1:2aca52bb3fb1,cf9bc95d906238978e0c5ab26a1947d4104e026d3bac972323bf05453ec86ca7,p0014,v2,5a3987e94130527bc1b444c25fcb2f83e76b24620c83c0f6215f19f2d3e15bf7,full,0211d5313450418ddc20712d3c36e63ff4b64637bfb9f717eca80fcb394b1e6b,nsga2,93bba6d2dd132723,2.9527222907639876,97613.0,-0.15353311136004777,2.7572049271917547,146583.66666666666,-0.0,-0.19551736357223293,48970.66666666666,0.15353311136004777,0.7973068745569893,0.0,0.17142857142857143,7.039488991722465e-10,False,False,True,
WEN38,benchmark,original,1,60001,1,PR0_HT1_EC1,No-PR,WEN38:i1:nsga2:s60001:r1:PR0_HT1_EC1:2aca52bb3fb1,cf9bc95d906238978e0c5ab26a1947d4104e026d3bac972323bf05453ec86ca7,p0015,v2,5a3987e94130527bc1b444c25fcb2f83e76b24620c83c0f6215f19f2d3e15bf7,full,0211d5313450418ddc20712d3c36e63ff4b64637bfb9f717eca80fcb394b1e6b,nsga2,59d203ae22d9b8a9,2.7820311140512324,107189.0,-0.06267922982624441,2.654089229970554,138068.00000000003,-0.0,-0.1279418840806783,30879.00000000003,0.06267922982624441,0.7973068745570434,0.0,0.17142857142857143,9.367795428261161e-11,False,False,True,
WEN38,benchmark,original,1,60001,1,PR0_HT1_EC1,No-PR,WEN38:i1:nsga2:s60001:r1:PR0_HT1_EC1:2aca52bb3fb1,cf9bc95d906238978e0c5ab26a1947d4104e026d3bac972323bf05453ec86ca7,p0016,v2,5a3987e94130527bc1b444c25fcb2f83e76b24620c83c0f6215f19f2d3e15bf7,full,0211d5313450418ddc20712d3c36e63ff4b64637bfb9f717eca80fcb394b1e6b,nsga2,cc9f1dbf4ba4a5ac,2.855249672136294,99119.0,-0.06267922982624441,2.70402713492837,123988.33333333334,-0.0,-0.15122253720792367,24869.333333333343,0.06267922982624441,0.7973068745570434,0.0,0.17142857142857143,9.367795428261161e-11,False,False,True,
WEN38,benchmark,original,1,60001,1,PR0_HT1_EC1,No-PR,WEN38:i1:nsga2:s60001:r1:PR0_HT1_EC1:2aca52bb3fb1,cf9bc95d906238978e0c5ab26a1947d4104e026d3bac972323bf05453ec86ca7,p0017,v2,5a3987e94130527bc1b444c25fcb2f83e76b24620c83c0f6215f19f2d3e15bf7,full,0211d5313450418ddc20712d3c36e63ff4b64637bfb9f717eca80fcb394b1e6b,nsga2,3d68cc4dabfd8964,2.56951103858884,139604.0,-0.05998356614873046,2.5045259881608333,156201.00000000003,-0.0,-0.06498505042800673,16597.00000000003,0.05998356614873046,0.797306874557034,0.0,0.17142857142857143,1.9917933968827128e-10,False,False,True,
WEN38,benchmark,original,1,60001,1,PR0_HT1_EC1,No-PR,WEN38:i1:nsga2:s60001:r1:PR0_HT1_EC1:2aca52bb3fb1,cf9bc95d906238978e0c5ab26a1947d4104e026d3bac972323bf05453ec86ca7,p0018,v2,5a3987e94130527bc1b444c25fcb2f83e76b24620c83c0f6215f19f2d3e15bf7,full,0211d5313450418ddc20712d3c36e63ff4b64637bfb9f717eca80fcb394b1e6b,nsga2,1698ca0568eb4c75,2.9900108179065676,94438.0,-0.05998356614873046,2.8603155663119617,112918.33333333334,-0.0,-0.12969525159460593,18480.333333333343,0.05998356614873046,0.7973068745570285,0.0,0.17142857142857143,2.6193447411060333e-10,False,False,True,
WEN38,benchmark,original,1,60001,1,PR0_HT1_EC1,No-PR,WEN38:i1:nsga2:s60001:r1:PR0_HT1_EC1:2aca52bb3fb1,cf9bc95d906238978e0c5ab26a1947d4104e026d3bac972323bf05453ec86ca7,p0019,v2,5a3987e94130527bc1b444c25fcb2f83e76b24620c83c0f6215f19f2d3e15bf7,full,0211d5313450418ddc20712d3c36e63ff4b64637bfb9f717eca80fcb394b1e6b,nsga2,e050a2c964ac12e9,2.916863532566369,95590.0,-0.05998356614873046,2.756535709529304,138842.6666666667,-0.05998356614873046,-0.16032782303706483,43252.666666666686,0.0,0.7973068745570517,0.05998356614873046,0.0,0.0,False,False,True,
WEN38,benchmark,original,1,60001,1,PR0_HT1_EC1,No-PR,WEN38:i1:nsga2:s60001:r1:PR0_HT1_EC1:2aca52bb3fb1,cf9bc95d906238978e0c5ab26a1947d4104e026d3bac972323bf05453ec86ca7,p0020,v2,5a3987e94130527bc1b444c25fcb2f83e76b24620c83c0f6215f19f2d3e15bf7,full,0211d5313450418ddc20712d3c36e63ff4b64637bfb9f717eca80fcb394b1e6b,nsga2,4a3fcea45d4325bb,2.4657917663740854,121211.0,-0.0,2.4623547847286833,137888.0,-0.0,-0.0034369816454020707,16677.0,0.0,0.7973068745569718,0.0,0.14285714285714285,9.022187441587448e-10,False,False,True,
WEN38,benchmark,original,1,60001,1,PR0_HT1_EC1,No-PR,WEN38:i1:nsga2:s60001:r1:PR0_HT1_EC1:2aca52bb3fb1,cf9bc95d906238978e0c5ab26a1947d4104e026d3bac972323bf05453ec86ca7,p0021,v2,5a3987e94130527bc1b444c25fcb2f83e76b24620c83c0f6215f19f2d3e15bf7,full,0211d5313450418ddc20712d3c36e63ff4b64637bfb9f717eca80fcb394b1e6b,nsga2,63ee2a3cdfdd2310,2.4669882226017146,115391.5,-0.0,2.467547804278632,134790.5,-0.0,0.0005595816769172757,19399.0,0.0,0.7973068745570517,0.0,0.11428571428571428,0.0,False,False,True,
WEN38,benchmark,original,1,60001,1,PR0_HT1_EC1,No-PR,WEN38:i1:nsga2:s60001:r1:PR0_HT1_EC1:2aca52bb3fb1,cf9bc95d906238978e0c5ab26a1947d4104e026d3bac972323bf05453ec86ca7,p0022,v2,5a3987e94130527bc1b444c25fcb2f83e76b24620c83c0f6215f19f2d3e15bf7,full,0211d5313450418ddc20712d3c36e63ff4b64637bfb9f717eca80fcb394b1e6b,nsga2,299c140c6a1eb40f,2.5965841701363837,91004.0,-0.0,2.5733736811215215,91733.33333333333,-0.0,-0.023210489014862112,729.3333333333285,0.0,0.7973068745570421,0.0,0.14285714285714285,1.0913936421275139e-10,False,False,True,
WEN38,benchmark,original,1,60001,1,PR0_HT1_EC1,No-PR,WEN38:i1:nsga2:s60001:r1:PR0_HT1_EC1:2aca52bb3fb1,cf9bc95d906238978e0c5ab26a1947d4104e026d3bac972323bf05453ec86ca7,p0023,v2,5a3987e94130527bc1b444c25fcb2f83e76b24620c83c0f6215f19f2d3e15bf7,full,0211d5313450418ddc20712d3c36e63ff4b64637bfb9f717eca80fcb394b1e6b,nsga2,f7b58876178441e2,2.507622724363099,108518.0,-0.0,2.468815415580308,112084.0,-0.0,-0.038807308782790706,3566.0,0.0,0.7973068745570517,0.0,0.17142857142857143,0.0,False,False,True,
WEN38,benchmark,original,1,60001,1,PR0_HT1_EC1,No-PR,WEN38:i1:nsga2:s60001:r1:PR0_HT1_EC1:2aca52bb3fb1,cf9bc95d906238978e0c5ab26a1947d4104e026d3bac972323bf05453ec86ca7,p0024,v2,5a3987e94130527bc1b444c25fcb2f83e76b24620c83c0f6215f19f2d3e15bf7,full,0211d5313450418ddc20712d3c36e63ff4b64637bfb9f717eca80fcb394b1e6b,nsga2,e9e431be2401f945,2.6622092339370074,87277.0,-0.0,2.554240206386477,115300.33333333334,-0.0,-0.1079690275505305,28023.333333333343,0.0,0.7973068745570434,0.0,0.17142857142857143,9.367795428261161e-11,False,False,True,
WEN38,benchmark,original,1,60001,1,PR0_HT1_EC1,No-PR,WEN38:i1:nsga2:s60001:r1:PR0_HT1_EC1:2aca52bb3fb1,cf9bc95d906238978e0c5ab26a1947d4104e026d3bac972323bf05453ec86ca7,p0025,v2,5a3987e94130527bc1b444c25fcb2f83e76b24620c83c0f6215f19f2d3e15bf7,full,0211d5313450418ddc20712d3c36e63ff4b64637bfb9f717eca80fcb394b1e6b,nsga2,1d8514b38703590a,2.8839491347169597,85711.0,-0.0,2.7867662856728592,115639.0,-0.0,-0.09718284904410046,29928.0,0.0,0.7973068745570058,0.0,0.17142857142857143,5.181846063351259e-10,False,False,True,
WEN38,benchmark,original,1,60001,1,PR0_HT1_EC1,No-PR,WEN38:i1:nsga2:s60001:r1:PR0_HT1_EC1:2aca52bb3fb1,cf9bc95d906238978e0c5ab26a1947d4104e026d3bac972323bf05453ec86ca7,p0026,v2,5a3987e94130527bc1b444c25fcb2f83e76b24620c83c0f6215f19f2d3e15bf7,full,0211d5313450418ddc20712d3c36e63ff4b64637bfb9f717eca80fcb394b1e6b,nsga2,9a1006455666bf22,2.465294999098508,126675.0,-0.0,2.4690096953192384,130471.0,-0.0,0.0037146962207303957,3796.0,0.0,0.7973068745570517,0.0,0.11428571428571428,0.0,False,False,True,
WEN38,benchmark,original,1,60001,1,PR0_HT1_EC1,No-PR,WEN38:i1:nsga2:s60001:r1:PR0_HT1_EC1:2aca52bb3fb1,cf9bc95d906238978e0c5ab26a1947d4104e026d3bac972323bf05453ec86ca7,p0027,v2,5a3987e94130527bc1b444c25fcb2f83e76b24620c83c0f6215f19f2d3e15bf7,full,0211d5313450418ddc20712d3c36e63ff4b64637bfb9f717eca80fcb394b1e6b,nsga2,5ddd2979bb017870,2.46504755163671,131967.0,-0.0,2.469203349640863,131865.0,-0.0,0.004155798004153333,-102.0,0.0,0.7973068745570517,0.0,0.11428571428571428,0.0,False,False,True,
WEN38,benchmark,original,1,60001,1,PR0_HT1_EC1,No-PR,WEN38:i1:nsga2:s60001:r1:PR0_HT1_EC1:2aca52bb3fb1,cf9bc95d906238978e0c5ab26a1947d4104e026d3bac972323bf05453ec86ca7,p0028,v2,5a3987e94130527bc1b444c25fcb2f83e76b24620c83c0f6215f19f2d3e15bf7,full,0211d5313450418ddc20712d3c36e63ff4b64637bfb9f717eca80fcb394b1e6b,nsga2,049b406d55ba8c25,2.5152425849635565,105857.5,-0.0,2.5069151576060253,113230.83333333333,-0.0,-0.008327427357531114,7373.3333333333285,0.0,0.7973068745570504,0.0,0.17142857142857143,1.4551915228366852e-11,False,False,True,
WEN38,benchmark,original,1,60001,1,PR0_HT1_EC1,No-PR,WEN38:i1:nsga2:s60001:r1:PR0_HT1_EC1:2aca52bb3fb1,cf9bc95d906238978e0c5ab26a1947d4104e026d3bac972323bf05453ec86ca7,p0029,v2,5a3987e94130527bc1b444c25fcb2f83e76b24620c83c0f6215f19f2d3e15bf7,full,0211d5313450418ddc20712d3c36e63ff4b64637bfb9f717eca80fcb394b1e6b,nsga2,3f13abeebc18a137,2.463312858715078,149668.5,-0.0,2.4647897435002397,144385.16666666666,-0.0,0.001476884785161836,-5283.333333333343,0.0,0.7973068745570075,0.0,0.08571428571428572,4.984030965715647e-10,False,False,True,
WEN38,benchmark,original,1,60001,1,PR0_HT1_EC1,No-PR,WEN38:i1:nsga2:s60001:r1:PR0_HT1_EC1:2aca52bb3fb1,cf9bc95d906238978e0c5ab26a1947d4104e026d3bac972323bf05453ec86ca7,p0030,v2,5a3987e94130527bc1b444c25fcb2f83e76b24620c83c0f6215f19f2d3e15bf7,full,0211d5313450418ddc20712d3c36e63ff4b64637bfb9f717eca80fcb394b1e6b,nsga2,6b3bc5f1cc87e5f3,2.4616141850399993,156116.5,-0.0,2.4653005606687817,149581.5,-0.0,0.003686375628782379,-6535.0,0.0,0.7973068745570517,0.0,0.08571428571428572,0.0,False,False,True,
WEN38,benchmark,original,1,60001,1,PR0_HT1_EC1,No-PR,WEN38:i1:nsga2:s60001:r1:PR0_HT1_EC1:2aca52bb3fb1,cf9bc95d906238978e0c5ab26a1947d4104e026d3bac972323bf05453ec86ca7,p0031,v2,5a3987e94130527bc1b444c25fcb2f83e76b24620c83c0f6215f19f2d3e15bf7,full,0211d5313450418ddc20712d3c36e63ff4b64637bfb9f717eca80fcb394b1e6b,nsga2,cc92eaabbc643f5d,2.4642843213436096,149085.0,-0.0,2.4672533546365853,159428.66666666666,-0.0,0.002969033292975709,10343.666666666657,0.0,0.7973068745570517,0.0,0.08571428571428572,0.0,False,False,True,
WEN38,benchmark,original,1,60001,1,PR0_HT1_EC1,No-PR,WEN38:i1:nsga2:s60001:r1:PR0_HT1_EC1:2aca52bb3fb1,cf9bc95d906238978e0c5ab26a1947d4104e026d3bac972323bf05453ec86ca7,p0032,v2,5a3987e94130527bc1b444c25fcb2f83e76b24620c83c0f6215f19f2d3e15bf7,full,0211d5313450418ddc20712d3c36e63ff4b64637bfb9f717eca80fcb394b1e6b,nsga2,33ec58edd6c31c02,2.5285826190268477,104328.0,-0.0,2.468554440469042,122359.33333333334,-0.0,-0.060028178557805845,18031.333333333343,0.0,0.7973068745570517,0.0,0.17142857142857143,0.0,False,False,True,
WEN38,benchmark,original,1,60001,1,PR0_HT1_EC1,No-PR,WEN38:i1:nsga2:s60001:r1:PR0_HT1_EC1:2aca52bb3fb1,cf9bc95d906238978e0c5ab26a1947d4104e026d3bac972323bf05453ec86ca7,p0033,v2,5a3987e94130527bc1b444c25fcb2f83e76b24620c83c0f6215f19f2d3e15bf7,full,0211d5313450418ddc20712d3c36e63ff4b64637bfb9f717eca80fcb394b1e6b,nsga2,3a53d661d3bc9c8b,2.5557520568847645,95873.0,-0.0,2.4912587896987395,111495.33333333334,-0.0,-0.064493267186025,15622.333333333343,0.0,0.7973068745570075,0.0,0.17142857142857143,4.993125912733376e-10,False,False,True,
WEN38,benchmark,original,1,60001,1,PR1_HT0_EC1,No-HT,WEN38:i1:nsga2:s60001:r1:PR1_HT0_EC1:810cc032fd7d,cf9bc95d906238978e0c5ab26a1947d4104e026d3bac972323bf05453ec86ca7,p0001,v2,716feb78a89b882a20ab8d73b90dc7f2cce92e24a8065d5faecffada3f9967e4,full,0211d5313450418ddc20712d3c36e63ff4b64637bfb9f717eca80fcb394b1e6b,nsga2,e51cc80a803239cc,2.7652941711196948,115553.66666666667,-0.33313902652480465,2.7652941711196948,145185.33333333334,-0.33313902652480465,0.0,29631.66666666667,0.0,0.7973068745570037,0.33313902652480465,0.0,5.411493475548923e-10,True,False,True,
WEN38,benchmark,original,1,60001,1,PR1_HT0_EC1,No-HT,WEN38:i1:nsga2:s60001:r1:PR1_HT0_EC1:810cc032fd7d,cf9bc95d906238978e0c5ab26a1947d4104e026d3bac972323bf05453ec86ca7,p0002,v2,716feb78a89b882a20ab8d73b90dc7f2cce92e24a8065d5faecffada3f9967e4,full,0211d5313450418ddc20712d3c36e63ff4b64637bfb9f717eca80fcb394b1e6b,nsga2,a31030aea196a05e,2.7701666020197657,114955.33333333334,-0.33313902652480465,2.7701666020197657,148802.6666666667,-0.33313902652480465,0.0,33847.33333333334,0.0,0.7973068745570037,0.33313902652480465,0.0,5.411493475548923e-10,False,False,True,
WEN38,benchmark,original,1,60001,1,PR1_HT0_EC1,No-HT,WEN38:i1:nsga2:s60001:r1:PR1_HT0_EC1:810cc032fd7d,cf9bc95d906238978e0c5ab26a1947d4104e026d3bac972323bf05453ec86ca7,p0003,v2,716feb78a89b882a20ab8d73b90dc7f2cce92e24a8065d5faecffada3f9967e4,full,0211d5313450418ddc20712d3c36e63ff4b64637bfb9f717eca80fcb394b1e6b,nsga2,4dd360afbe4be619,2.803711760625413,103727.83333333334,-0.2798237330835036,2.803711760625413,134253.1666666667,-0.2798237330835036,0.0,30525.333333333343,0.0,0.7973068745570517,0.2798237330835036,0.0,0.0,False,False,True,
WEN38,benchmark,original,1,60001,1,PR1_HT0_EC1,No-HT,WEN38:i1:nsga2:s60001:r1:PR1_HT0_EC1:810cc032fd7d,cf9bc95d906238978e0c5ab26a1947d4104e026d3bac972323bf05453ec86ca7,p0004,v2,716feb78a89b882a20ab8d73b90dc7f2cce92e24a8065d5faecffada3f9967e4,full,0211d5313450418ddc20712d3c36e63ff4b64637bfb9f717eca80fcb394b1e6b,nsga2,34d9a5a52a11ba39,2.8041547088890555,100313.83333333334,-0.2798237330835036,2.8041547088890555,132533.1666666667,-0.2798237330835036,0.0,32219.333333333343,0.0,0.7973068745570517,0.2798237330835036,0.0,0.0,False,False,True,
WEN38,benchmark,original,1,60001,1,PR1_HT0_EC1,No-HT,WEN38:i1:nsga2:s60001:r1:PR1_HT0_EC1:810cc032fd7d,cf9bc95d906238978e0c5ab26a1947d4104e026d3bac972323bf05453ec86ca7,p0005,v2,716feb78a89b882a20ab8d73b90dc7f2cce92e24a8065d5faecffada3f9967e4,full,0211d5313450418ddc20712d3c36e63ff4b64637bfb9f717eca80fcb394b1e6b,nsga2,553b0dd8f6257ee6,2.767655771964921,108802.5,-0.2798237330835036,2.767655771964921,129117.83333333334,-0.2798237330835036,0.0,20315.333333333343,0.0,0.7973068745570517,0.2798237330835036,0.0,0.0,False,False,True,
WEN38,benchmark,original,1,60001,1,PR1_HT0_EC1,No-HT,WEN38:i1:nsga2:s60001:r1:PR1_HT0_EC1:810cc032fd7d,cf9bc95d906238978e0c5ab26a1947d4104e026d3bac972323bf05453ec86ca7,p0006,v2,716feb78a89b882a20ab8d73b90dc7f2cce92e24a8065d5faecffada3f9967e4,full,0211d5313450418ddc20712d3c36e63ff4b64637bfb9f717eca80fcb394b1e6b,nsga2,f044d29c09e0e2ad,2.6254392271277984,119502.0,-0.24338624338815862,2.626325123655084,123583.33333333334,-0.24338624338815862,0.0008858965272855457,4081.333333333343,0.0,0.7973068745570517,0.24338624338815862,0.0,0.0,False,False,True,
WEN38,benchmark,original,1,60001,1,PR1_HT0_EC1,No-HT,WEN38:i1:nsga2:s60001:r1:PR1_HT0_EC1:810cc032fd7d,cf9bc95d906238978e0c5ab26a1947d4104e026d3bac972323bf05453ec86ca7,p0007,v2,716feb78a89b882a20ab8d73b90dc7f2cce92e24a8065d5faecffada3f9967e4,full,0211d5313450418ddc20712d3c36e63ff4b64637bfb9f717eca80fcb394b1e6b,nsga2,d8427ff9054341a0,2.6265324551681397,110003.33333333334,-0.19464977120969706,2.6265324551681397,120438.00000000001,-0.19464977120969706,0.0,10434.666666666672,0.0,0.797306874556969,0.19464977120969706,0.0,9.331415640190244e-10,False,False,True,
WEN38,benchmark,original,1,60001,1,PR1_HT0_EC1,No-HT,WEN38:i1:nsga2:s60001:r1:PR1_HT0_EC1:810cc032fd7d,cf9bc95d906238978e0c5ab26a1947d4104e026d3bac972323bf05453ec86ca7,p0008,v2,716feb78a89b882a20ab8d73b90dc7f2cce92e24a8065d5faecffada3f9967e4,full,0211d5313450418ddc20712d3c36e63ff4b64637bfb9f717eca80fcb394b1e6b,nsga2,182df6eb8553659d,2.6001544806491133,119530.66666666667,-0.15353311136004777,2.5992685841218277,139610.6666666667,-0.15353311136004777,-0.0008858965272855457,20080.000000000015,0.0,0.7973068745570517,0.15353311136004777,0.0,0.0,False,False,True,
WEN38,benchmark,original,1,60001,1,PR1_HT0_EC1,No-HT,WEN38:i1:nsga2:s60001:r1:PR1_HT0_EC1:810cc032fd7d,cf9bc95d906238978e0c5ab26a1947d4104e026d3bac972323bf05453ec86ca7,p0009,v2,716feb78a89b882a20ab8d73b90dc7f2cce92e24a8065d5faecffada3f9967e4,full,0211d5313450418ddc20712d3c36e63ff4b64637bfb9f717eca80fcb394b1e6b,nsga2,ede992a0fdf97cc5,2.5261259270947436,136352.6666666667,-0.07405908539294614,2.5409203991003855,168640.00000000003,-0.07405908539294614,0.014794472005641879,32287.333333333343,0.0,0.7973068745570517,0.07405908539294614,0.0,0.0,False,False,True,
WEN38,benchmark,original,1,60001,1,PR1_HT0_EC1,No-HT,WEN38:i1:nsga2:s60001:r1:PR1_HT0_EC1:810cc032fd7d,cf9bc95d906238978e0c5ab26a1947d4104e026d3bac972323bf05453ec86ca7,p0010,v2,716feb78a89b882a20ab8d73b90dc7f2cce92e24a8065d5faecffada3f9967e4,full,0211d5313450418ddc20712d3c36e63ff4b64637bfb9f717eca80fcb394b1e6b,nsga2,bf787f00e2b79b78,2.5795454876900177,136103.00000000003,-0.07405908539294614,2.68532153304782,156286.6666666667,-0.07405908539294614,0.1057760453578025,20183.666666666657,0.0,0.7973068745570517,0.07405908539294614,0.0,0.0,False,False,True,
WEN38,benchmark,original,1,60001,1,PR1_HT0_EC1,No-HT,WEN38:i1:nsga2:s60001:r1:PR1_HT0_EC1:810cc032fd7d,cf9bc95d906238978e0c5ab26a1947d4104e026d3bac972323bf05453ec86ca7,p0011,v2,716feb78a89b882a20ab8d73b90dc7f2cce92e24a8065d5faecffada3f9967e4,full,0211d5313450418ddc20712d3c36e63ff4b64637bfb9f717eca80fcb394b1e6b,nsga2,1d3ac1d263de6619,2.544591826519823,122811.0,-0.044676409188468824,2.544591826519823,146799.6666666667,-0.044676409188468824,0.0,23988.666666666686,0.0,0.7973068745570517,0.044676409188468824,0.0,0.0,False,False,True,
WEN38,benchmark,original,1,60001,1,PR1_HT0_EC1,No-HT,WEN38:i1:nsga2:s60001:r1:PR1_HT0_EC1:810cc032fd7d,cf9bc95d906238978e0c5ab26a1947d4104e026d3bac972323bf05453ec86ca7,p0012,v2,716feb78a89b882a20ab8d73b90dc7f2cce92e24a8065d5faecffada3f9967e4,full,0211d5313450418ddc20712d3c36e63ff4b64637bfb9f717eca80fcb394b1e6b,nsga2,6505c58f21ce6fb8,2.4600952830944935,136438.6666666667,-0.0,2.530057842406902,165343.66666666666,-0.0,0.06996255931240825,28904.99999999997,0.0,0.797306874557005,0.0,0.05714285714285714,5.265974323265254e-10,False,False,True,
WEN38,benchmark,original,1,60001,1,PR1_HT0_EC1,No-HT,WEN38:i1:nsga2:s60001:r1:PR1_HT0_EC1:810cc032fd7d,cf9bc95d906238978e0c5ab26a1947d4104e026d3bac972323bf05453ec86ca7,p0013,v2,716feb78a89b882a20ab8d73b90dc7f2cce92e24a8065d5faecffada3f9967e4,full,0211d5313450418ddc20712d3c36e63ff4b64637bfb9f717eca80fcb394b1e6b,nsga2,9460080e97615dd4,2.4637616282346846,126944.0,-0.0,2.4637616282346846,130671.33333333333,-0.0,0.0,3727.3333333333285,0.0,0.7973068745570517,0.0,0.11428571428571428,0.0,False,False,True,
WEN38,benchmark,original,1,60001,1,PR1_HT0_EC1,No-HT,WEN38:i1:nsga2:s60001:r1:PR1_HT0_EC1:810cc032fd7d,cf9bc95d906238978e0c5ab26a1947d4104e026d3bac972323bf05453ec86ca7,p0014,v2,716feb78a89b882a20ab8d73b90dc7f2cce92e24a8065d5faecffada3f9967e4,full,0211d5313450418ddc20712d3c36e63ff4b64637bfb9f717eca80fcb394b1e6b,nsga2,83300ca2d35a66a2,2.4615536705044176,132915.33333333334,-0.0,2.4615536705044176,140033.33333333334,-0.0,0.0,7118.0,0.0,0.7973068745570517,0.0,0.14285714285714285,0.0,False,False,True,
WEN38,benchmark,original,1,60001,1,PR1_HT0_EC1,No-HT,WEN38:i1:nsga2:s60001:r1:PR1_HT0_EC1:810cc032fd7d,cf9bc95d906238978e0c5ab26a1947d4104e026d3bac972323bf05453ec86ca7,p0015,v2,716feb78a89b882a20ab8d73b90dc7f2cce92e24a8065d5faecffada3f9967e4,full,0211d5313450418ddc20712d3c36e63ff4b64637bfb9f717eca80fcb394b1e6b,nsga2,b2f58527be7cae56,2.46460794757422,125578.5,-0.0,2.46460794757422,125578.5,-0.0,0.0,0.0,0.0,0.7973068745570517,0.0,0.2,0.0,False,False,True,
WEN38,benchmark,original,1,60001,1,PR1_HT0_EC1,No-HT,WEN38:i1:nsga2:s60001:r1:PR1_HT0_EC1:810cc032fd7d,cf9bc95d906238978e0c5ab26a1947d4104e026d3bac972323bf05453ec86ca7,p0016,v2,716feb78a89b882a20ab8d73b90dc7f2cce92e24a8065d5faecffada3f9967e4,full,0211d5313450418ddc20712d3c36e63ff4b64637bfb9f717eca80fcb394b1e6b,nsga2,8fb2b84b4f8ed2d2,3.09972011016965,80998.16666666667,-0.0,3.09972011016965,90656.83333333334,-0.0,0.0,9658.666666666672,0.0,0.7973068745570235,0.0,0.14285714285714285,3.183231456205249e-10,False,False,True,
WEN38,benchmark,original,1,60001,1,PR1_HT0_EC1,No-HT,WEN38:i1:nsga2:s60001:r1:PR1_HT0_EC1:810cc032fd7d,cf9bc95d906238978e0c5ab26a1947d4104e026d3bac972323bf05453ec86ca7,p0017,v2,716feb78a89b882a20ab8d73b90dc7f2cce92e24a8065d5faecffada3f9967e4,full,0211d5313450418ddc20712d3c36e63ff4b64637bfb9f717eca80fcb394b1e6b,nsga2,5ce73a073d953ef4,2.4656323794338073,91979.33333333334,-0.0,2.466518275961093,99008.33333333333,-0.0,0.0008858965272855457,7028.999999999985,0.0,0.7973068745570517,0.0,0.17142857142857143,0.0,False,False,True,
WEN38,benchmark,original,1,60001,1,PR1_HT0_EC1,No-HT,WEN38:i1:nsga2:s60001:r1:PR1_HT0_EC1:810cc032fd7d,cf9bc95d906238978e0c5ab26a1947d4104e026d3bac972323bf05453ec86ca7,p0018,v2,716feb78a89b882a20ab8d73b90dc7f2cce92e24a8065d5faecffada3f9967e4,full,0211d5313450418ddc20712d3c36e63ff4b64637bfb9f717eca80fcb394b1e6b,nsga2,f90dfff3313d9bf2,2.4938038890014775,87697.0,-0.0,2.4938038890014775,87722.33333333334,-0.0,0.0,25.333333333343035,0.0,0.7973068745570517,0.0,0.17142857142857143,0.0,False,False,True,
WEN38,benchmark,original,1,60001,1,PR1_HT0_EC1,No-HT,WEN38:i1:nsga2:s60001:r1:PR1_HT0_EC1:810cc032fd7d,cf9bc95d906238978e0c5ab26a1947d4104e026d3bac972323bf05453ec86ca7,p0019,v2,716feb78a89b882a20ab8d73b90dc7f2cce92e24a8065d5faecffada3f9967e4,full,0211d5313450418ddc20712d3c36e63ff4b64637bfb9f717eca80fcb394b1e6b,nsga2,911ba5b2425b2ebf,2.4626149197074616,130127.83333333334,-0.0,2.4626149197074616,133481.83333333334,-0.0,0.0,3354.0,0.0,0.7973068745570517,0.0,0.11428571428571428,0.0,False,False,True,
WEN38,benchmark,original,1,60001,1,PR1_HT1_EC0,No-EC,WEN38:i1:nsga2:s60001:r1:PR1_HT1_EC0:f2ee064e9de3,cf9bc95d906238978e0c5ab26a1947d4104e026d3bac972323bf05453ec86ca7,p0001,v2,eff43348491cb4cfafd4d33265d0430f45b06053eb35313886f5a3d54a9c7886,full,0211d5313450418ddc20712d3c36e63ff4b64637bfb9f717eca80fcb394b1e6b,nsga2,aacc90007cf45364,2.6287423963597236,149233.6666666667,-0.4430379746845574,2.6287423963597236,149233.6666666667,-0.4430379746845574,0.0,0.0,0.0,0.7973068745570517,0.4430379746845574,0.0,0.0,True,False,True,
WEN38,benchmark,original,1,60001,1,PR1_HT1_EC0,No-EC,WEN38:i1:nsga2:s60001:r1:PR1_HT1_EC0:f2ee064e9de3,cf9bc95d906238978e0c5ab26a1947d4104e026d3bac972323bf05453ec86ca7,p0002,v2,eff43348491cb4cfafd4d33265d0430f45b06053eb35313886f5a3d54a9c7886,full,0211d5313450418ddc20712d3c36e63ff4b64637bfb9f717eca80fcb394b1e6b,nsga2,6d58023f9c397599,2.819212883975501,136905.16666666666,-0.4140845070432988,2.819212883975501,136905.16666666666,-0.4140845070432988,0.0,0.0,0.0,0.7973068745570517,0.4140845070432988,0.0,0.0,False,False,True,
WEN38,benchmark,original,1,60001,1,PR1_HT1_EC0,No-EC,WEN38:i1:nsga2:s60001:r1:PR1_HT1_EC0:f2ee064e9de3,cf9bc95d906238978e0c5ab26a1947d4104e026d3bac972323bf05453ec86ca7,p0003,v2,eff43348491cb4cfafd4d33265d0430f45b06053eb35313886f5a3d54a9c7886,full,0211d5313450418ddc20712d3c36e63ff4b64637bfb9f717eca80fcb394b1e6b,nsga2,2030112ba4cbed7e,2.601521554629481,125017.33333333334,-0.4019864087831593,2.601521554629481,125017.33333333334,-0.4019864087831593,0.0,0.0,0.0,0.7973068745570517,0.4019864087831593,0.0,0.0,False,False,True,
WEN38,benchmark,original,1,60001,1,PR1_HT1_EC0,No-EC,WEN38:i1:nsga2:s60001:r1:PR1_HT1_EC0:f2ee064e9de3,cf9bc95d906238978e0c5ab26a1947d4104e026d3bac972323bf05453ec86ca7,p0004,v2,eff43348491cb4cfafd4d33265d0430f45b06053eb35313886f5a3d54a9c7886,full,0211d5313450418ddc20712d3c36e63ff4b64637bfb9f717eca80fcb394b1e6b,nsga2,497d705823d73103,2.5355181678493537,148835.6666666667,-0.35428462087384105,2.5355181678493537,148835.6666666667,-0.35428462087384105,0.0,0.0,0.0,0.7973068745570482,0.35428462087384105,0.0,4.001776687800884e-11,False,False,True,
WEN38,benchmark,original,1,60001,1,PR1_HT1_EC0,No-EC,WEN38:i1:nsga2:s60001:r1:PR1_HT1_EC0:f2ee064e9de3,cf9bc95d906238978e0c5ab26a1947d4104e026d3bac972323bf05453ec86ca7,p0005,v2,eff43348491cb4cfafd4d33265d0430f45b06053eb35313886f5a3d54a9c7886,full,0211d5313450418ddc20712d3c36e63ff4b64637bfb9f717eca80fcb394b1e6b,nsga2,1a3d4381bc2072ec,2.5356972936172317,147531.6666666667,-0.3521242599035759,2.5356972936172317,147531.6666666667,-0.3521242599035759,0.0,0.0,0.0,0.7973068745570517,0.3521242599035759,0.0,0.0,False,False,True,
WEN38,benchmark,original,1,60001,1,PR1_HT1_EC0,No-EC,WEN38:i1:nsga2:s60001:r1:PR1_HT1_EC0:f2ee064e9de3,cf9bc95d906238978e0c5ab26a1947d4104e026d3bac972323bf05453ec86ca7,p0006,v2,eff43348491cb4cfafd4d33265d0430f45b06053eb35313886f5a3d54a9c7886,full,0211d5313450418ddc20712d3c36e63ff4b64637bfb9f717eca80fcb394b1e6b,nsga2,e66ddf489ef000ca,2.8067883978448336,103847.00000000001,-0.2847764926555101,2.8067883978448336,103847.00000000001,-0.2847764926555101,0.0,0.0,0.0,0.7973068745570517,0.2847764926555101,0.0,0.0,False,False,True,
WEN38,benchmark,original,1,60001,1,PR1_HT1_EC0,No-EC,WEN38:i1:nsga2:s60001:r1:PR1_HT1_EC0:f2ee064e9de3,cf9bc95d906238978e0c5ab26a1947d4104e026d3bac972323bf05453ec86ca7,p0007,v2,eff43348491cb4cfafd4d33265d0430f45b06053eb35313886f5a3d54a9c7886,full,0211d5313450418ddc20712d3c36e63ff4b64637bfb9f717eca80fcb394b1e6b,nsga2,f49b9520ad8e9d04,2.5875185564348566,139377.1666666667,-0.2847764926555101,2.5875185564348566,139377.1666666667,-0.2847764926555101,0.0,0.0,0.0,0.7973068745570517,0.2847764926555101,0.0,0.0,False,False,True,
WEN38,benchmark,original,1,60001,1,PR1_HT1_EC0,No-EC,WEN38:i1:nsga2:s60001:r1:PR1_HT1_EC0:f2ee064e9de3,cf9bc95d906238978e0c5ab26a1947d4104e026d3bac972323bf05453ec86ca7,p0008,v2,eff43348491cb4cfafd4d33265d0430f45b06053eb35313886f5a3d54a9c7886,full,0211d5313450418ddc20712d3c36e63ff4b64637bfb9f717eca80fcb394b1e6b,nsga2,2aa9af2c016c5edb,2.605951037265932,120912.0,-0.27640733712996735,2.605951037265932,120912.0,-0.27640733712996735,0.0,0.0,0.0,0.7973068745570517,0.27640733712996735,0.0,0.0,False,False,True,
WEN38,benchmark,original,1,60001,1,PR1_HT1_EC0,No-EC,WEN38:i1:nsga2:s60001:r1:PR1_HT1_EC0:f2ee064e9de3,cf9bc95d906238978e0c5ab26a1947d4104e026d3bac972323bf05453ec86ca7,p0009,v2,eff43348491cb4cfafd4d33265d0430f45b06053eb35313886f5a3d54a9c7886,full,0211d5313450418ddc20712d3c36e63ff4b64637bfb9f717eca80fcb394b1e6b,nsga2,e061df229fe6cf88,2.6120875416491964,107706.66666666666,-0.15353311136004777,2.6120875416491964,107706.66666666666,-0.15353311136004777,0.0,0.0,0.0,0.7973068745570517,0.15353311136004777,0.0,0.0,False,False,True,
WEN38,benchmark,original,1,60001,1,PR1_HT1_EC0,No-EC,WEN38:i1:nsga2:s60001:r1:PR1_HT1_EC0:f2ee064e9de3,cf9bc95d906238978e0c5ab26a1947d4104e026d3bac972323bf05453ec86ca7,p0010,v2,eff43348491cb4cfafd4d33265d0430f45b06053eb35313886f5a3d54a9c7886,full,0211d5313450418ddc20712d3c36e63ff4b64637bfb9f717eca80fcb394b1e6b,nsga2,e6ae7ee2b46a0c4e,2.5754352829199636,144345.6666666667,-0.06267922982624441,2.5754352829199636,144345.6666666667,-0.06267922982624441,0.0,0.0,0.0,0.7973068745570517,0.06267922982624441,0.0,0.0,False,False,True,
WEN38,benchmark,original,1,60001,1,PR1_HT1_EC0,No-EC,WEN38:i1:nsga2:s60001:r1:PR1_HT1_EC0:f2ee064e9de3,cf9bc95d906238978e0c5ab26a1947d4104e026d3bac972323bf05453ec86ca7,p0011,v2,eff43348491cb4cfafd4d33265d0430f45b06053eb35313886f5a3d54a9c7886,full,0211d5313450418ddc20712d3c36e63ff4b64637bfb9f717eca80fcb394b1e6b,nsga2,87193ecce38089c2,2.576321179447249,143616.33333333334,-0.06267922982624441,2.576321179447249,143616.33333333334,-0.06267922982624441,0.0,0.0,0.0,0.7973068745570517,0.06267922982624441,0.0,0.0,False,False,True,
WEN38,benchmark,original,1,60001,1,PR1_HT1_EC0,No-EC,WEN38:i1:nsga2:s60001:r1:PR1_HT1_EC0:f2ee064e9de3,cf9bc95d906238978e0c5ab26a1947d4104e026d3bac972323bf05453ec86ca7,p0012,v2,eff43348491cb4cfafd4d33265d0430f45b06053eb35313886f5a3d54a9c7886,full,0211d5313450418ddc20712d3c36e63ff4b64637bfb9f717eca80fcb394b1e6b,nsga2,e17fec6192053e3d,2.46460794757422,125578.5,-0.0,2.46460794757422,125578.5,-0.0,0.0,0.0,0.0,0.7973068745570517,0.0,0.2,0.0,False,False,True,
WEN38,benchmark,original,1,60001,1,PR1_HT1_EC0,No-EC,WEN38:i1:nsga2:s60001:r1:PR1_HT1_EC0:f2ee064e9de3,cf9bc95d906238978e0c5ab26a1947d4104e026d3bac972323bf05453ec86ca7,p0013,v2,eff43348491cb4cfafd4d33265d0430f45b06053eb35313886f5a3d54a9c7886,full,0211d5313450418ddc20712d3c36e63ff4b64637bfb9f717eca80fcb394b1e6b,nsga2,8b2ffa4dccdbdf35,2.865346158298019,81636.66666666667,-0.0,2.865346158298019,81636.66666666667,-0.0,0.0,0.0,0.0,0.7973068745569747,0.0,0.14285714285714285,8.685674401931465e-10,False,False,True,
WEN38,benchmark,original,1,60001,1,PR1_HT1_EC0,No-EC,WEN38:i1:nsga2:s60001:r1:PR1_HT1_EC0:f2ee064e9de3,cf9bc95d906238978e0c5ab26a1947d4104e026d3bac972323bf05453ec86ca7,p0014,v2,eff43348491cb4cfafd4d33265d0430f45b06053eb35313886f5a3d54a9c7886,full,0211d5313450418ddc20712d3c36e63ff4b64637bfb9f717eca80fcb394b1e6b,nsga2,d55ec2113cd562c9,2.8362887522026927,85992.66666666667,-0.0,2.8362887522026927,85992.66666666667,-0.0,0.0,0.0,0.0,0.7973068745570517,0.0,0.05714285714285714,0.0,False,False,True,
WEN38,benchmark,original,1,60001,1,PR1_HT1_EC0,No-EC,WEN38:i1:nsga2:s60001:r1:PR1_HT1_EC0:f2ee064e9de3,cf9bc95d906238978e0c5ab26a1947d4104e026d3bac972323bf05453ec86ca7,p0015,v2,eff43348491cb4cfafd4d33265d0430f45b06053eb35313886f5a3d54a9c7886,full,0211d5313450418ddc20712d3c36e63ff4b64637bfb9f717eca80fcb394b1e6b,nsga2,1d4d6d9f25601fe0,2.4907891065604746,97519.66666666667,-0.0,2.4907891065604746,97519.66666666667,-0.0,0.0,0.0,0.0,0.7973068745570075,0.0,0.17142857142857143,4.993125912733376e-10,False,False,True,
WEN38,benchmark,original,1,60001,1,PR1_HT1_EC0,No-EC,WEN38:i1:nsga2:s60001:r1:PR1_HT1_EC0:f2ee064e9de3,cf9bc95d906238978e0c5ab26a1947d4104e026d3bac972323bf05453ec86ca7,p0016,v2,eff43348491cb4cfafd4d33265d0430f45b06053eb35313886f5a3d54a9c7886,full,0211d5313450418ddc20712d3c36e63ff4b64637bfb9f717eca80fcb394b1e6b,nsga2,2e5ac41dc3e2e4c8,2.4649200773085607,113927.66666666666,-0.0,2.4649200773085607,113927.66666666666,-0.0,0.0,0.0,0.0,0.7973068745570171,0.0,0.05714285714285714,3.9108272176235914e-10,False,False,True,
WEN38,benchmark,original,1,60001,1,PR1_HT1_EC0,No-EC,WEN38:i1:nsga2:s60001:r1:PR1_HT1_EC0:f2ee064e9de3,cf9bc95d906238978e0c5ab26a1947d4104e026d3bac972323bf05453ec86ca7,p0017,v2,eff43348491cb4cfafd4d33265d0430f45b06053eb35313886f5a3d54a9c7886,full,0211d5313450418ddc20712d3c36e63ff4b64637bfb9f717eca80fcb394b1e6b,nsga2,746738a84f30be00,2.4641227704337894,130911.33333333334,-0.0,2.4641227704337894,130911.33333333334,-0.0,0.0,0.0,0.0,0.7973068745570517,0.0,0.17142857142857143,0.0,False,False,True,
WEN38,benchmark,original,1,60001,1,PR1_HT1_EC0,No-EC,WEN38:i1:nsga2:s60001:r1:PR1_HT1_EC0:f2ee064e9de3,cf9bc95d906238978e0c5ab26a1947d4104e026d3bac972323bf05453ec86ca7,p0018,v2,eff43348491cb4cfafd4d33265d0430f45b06053eb35313886f5a3d54a9c7886,full,0211d5313450418ddc20712d3c36e63ff4b64637bfb9f717eca80fcb394b1e6b,nsga2,a2fca10043e88480,2.463679822170146,136278.6666666667,-0.0,2.463679822170146,136278.6666666667,-0.0,0.0,0.0,0.0,0.7973068745570517,0.0,0.14285714285714285,0.0,False,False,True,
WEN38,benchmark,original,1,60001,1,PR1_HT1_EC0,No-EC,WEN38:i1:nsga2:s60001:r1:PR1_HT1_EC0:f2ee064e9de3,cf9bc95d906238978e0c5ab26a1947d4104e026d3bac972323bf05453ec86ca7,p0019,v2,eff43348491cb4cfafd4d33265d0430f45b06053eb35313886f5a3d54a9c7886,full,0211d5313450418ddc20712d3c36e63ff4b64637bfb9f717eca80fcb394b1e6b,nsga2,f6c98589ec07e127,2.463702607574656,131319.33333333334,-0.0,2.463702607574656,131319.33333333334,-0.0,0.0,0.0,0.0,0.7973068745570517,0.0,0.14285714285714285,0.0,False,False,True,
WEN38,benchmark,original,1,60001,1,PR1_HT1_EC0,No-EC,WEN38:i1:nsga2:s60001:r1:PR1_HT1_EC0:f2ee064e9de3,cf9bc95d906238978e0c5ab26a1947d4104e026d3bac972323bf05453ec86ca7,p0020,v2,eff43348491cb4cfafd4d33265d0430f45b06053eb35313886f5a3d54a9c7886,full,0211d5313450418ddc20712d3c36e63ff4b64637bfb9f717eca80fcb394b1e6b,nsga2,a9ede19b7d0ed823,2.463111098473618,137647.33333333334,-0.0,2.463111098473618,137647.33333333334,-0.0,0.0,0.0,0.0,0.7973068745570517,0.0,0.14285714285714285,0.0,False,False,True,
WEN38,benchmark,original,1,60001,1,PR1_HT1_EC0,No-EC,WEN38:i1:nsga2:s60001:r1:PR1_HT1_EC0:f2ee064e9de3,cf9bc95d906238978e0c5ab26a1947d4104e026d3bac972323bf05453ec86ca7,p0021,v2,eff43348491cb4cfafd4d33265d0430f45b06053eb35313886f5a3d54a9c7886,full,0211d5313450418ddc20712d3c36e63ff4b64637bfb9f717eca80fcb394b1e6b,nsga2,03f4e7afdac5c284,2.4648866587150406,116372.66666666666,-0.0,2.4648866587150406,116372.66666666666,-0.0,0.0,0.0,0.0,0.7973068745570517,0.0,0.17142857142857143,0.0,False,False,True,
WEN38,benchmark,original,1,60001,1,PR1_HT1_EC0,No-EC,WEN38:i1:nsga2:s60001:r1:PR1_HT1_EC0:f2ee064e9de3,cf9bc95d906238978e0c5ab26a1947d4104e026d3bac972323bf05453ec86ca7,p0022,v2,eff43348491cb4cfafd4d33265d0430f45b06053eb35313886f5a3d54a9c7886,full,0211d5313450418ddc20712d3c36e63ff4b64637bfb9f717eca80fcb394b1e6b,nsga2,5ca364720b7007ee,2.4622224676977886,155034.33333333334,-0.0,2.4622224676977886,155034.33333333334,-0.0,0.0,0.0,0.0,0.7973068745570517,0.0,0.17142857142857143,0.0,False,False,True,
WEN38,benchmark,original,1,60001,1,PR1_HT1_EC0,No-EC,WEN38:i1:nsga2:s60001:r1:PR1_HT1_EC0:f2ee064e9de3,cf9bc95d906238978e0c5ab26a1947d4104e026d3bac972323bf05453ec86ca7,p0023,v2,eff43348491cb4cfafd4d33265d0430f45b06053eb35313886f5a3d54a9c7886,full,0211d5313450418ddc20712d3c36e63ff4b64637bfb9f717eca80fcb394b1e6b,nsga2,1350bc637d0ac81f,2.4658059738356037,107426.0,-0.0,2.4658059738356037,107426.0,-0.0,0.0,0.0,0.0,0.7973068745570517,0.0,0.17142857142857143,0.0,False,False,True,
WEN38,benchmark,original,1,60001,1,PR1_HT1_EC0,No-EC,WEN38:i1:nsga2:s60001:r1:PR1_HT1_EC0:f2ee064e9de3,cf9bc95d906238978e0c5ab26a1947d4104e026d3bac972323bf05453ec86ca7,p0024,v2,eff43348491cb4cfafd4d33265d0430f45b06053eb35313886f5a3d54a9c7886,full,0211d5313450418ddc20712d3c36e63ff4b64637bfb9f717eca80fcb394b1e6b,nsga2,de94e6bcba7d4aff,2.4617190621606095,164368.33333333334,-0.0,2.4617190621606095,164368.33333333334,-0.0,0.0,0.0,0.0,0.7973068745570517,0.0,0.08571428571428572,0.0,False,False,True,
WEN38,benchmark,original,1,60001,1,PR1_HT1_EC0,No-EC,WEN38:i1:nsga2:s60001:r1:PR1_HT1_EC0:f2ee064e9de3,cf9bc95d906238978e0c5ab26a1947d4104e026d3bac972323bf05453ec86ca7,p0025,v2,eff43348491cb4cfafd4d33265d0430f45b06053eb35313886f5a3d54a9c7886,full,0211d5313450418ddc20712d3c36e63ff4b64637bfb9f717eca80fcb394b1e6b,nsga2,870ae6c51b8652c7,2.819511038589445,93970.0,-0.0,2.819511038589445,93970.0,-0.0,0.0,0.0,0.0,0.7973068745570282,0.0,0.05714285714285714,2.646629582159221e-10,False,False,True,
WEN38,benchmark,original,1,60001,1,PR1_HT1_EC0,No-EC,WEN38:i1:nsga2:s60001:r1:PR1_HT1_EC0:f2ee064e9de3,cf9bc95d906238978e0c5ab26a1947d4104e026d3bac972323bf05453ec86ca7,p0026,v2,eff43348491cb4cfafd4d33265d0430f45b06053eb35313886f5a3d54a9c7886,full,0211d5313450418ddc20712d3c36e63ff4b64637bfb9f717eca80fcb394b1e6b,nsga2,6066f33572ce6fc4,2.4623110573509694,139137.83333333334,-0.0,2.4623110573509694,139137.83333333334,-0.0,0.0,0.0,0.0,0.7973068745569837,0.0,0.05714285714285714,7.676135282963514e-10,False,False,True,
WEN38,benchmark,original,1,60001,1,PR1_HT1_EC0,No-EC,WEN38:i1:nsga2:s60001:r1:PR1_HT1_EC0:f2ee064e9de3,cf9bc95d906238978e0c5ab26a1947d4104e026d3bac972323bf05453ec86ca7,p0027,v2,eff43348491cb4cfafd4d33265d0430f45b06053eb35313886f5a3d54a9c7886,full,0211d5313450418ddc20712d3c36e63ff4b64637bfb9f717eca80fcb394b1e6b,nsga2,1e699834ec4ff0d7,2.664867774172405,95443.66666666667,-0.0,2.664867774172405,95443.66666666667,-0.0,0.0,0.0,0.0,0.7973068745570435,0.0,0.14285714285714285,9.276845958083868e-11,False,False,True,
WEN38,benchmark,original,1,60001,1,PR1_HT1_EC1,Full,WEN38:i1:nsga2:s60001:r1:PR1_HT1_EC1:ceb9ada93d38,cf9bc95d906238978e0c5ab26a1947d4104e026d3bac972323bf05453ec86ca7,p0001,v2,0211d5313450418ddc20712d3c36e63ff4b64637bfb9f717eca80fcb394b1e6b,full,0211d5313450418ddc20712d3c36e63ff4b64637bfb9f717eca80fcb394b1e6b,nsga2,aacc90007cf45364,2.6287423963597236,149233.6666666667,-0.4430379746845574,2.6287423963597236,149233.6666666667,-0.4430379746845574,0.0,0.0,0.0,0.7973068745570517,0.4430379746845574,0.0,0.0,True,True,True,
WEN38,benchmark,original,1,60001,1,PR1_HT1_EC1,Full,WEN38:i1:nsga2:s60001:r1:PR1_HT1_EC1:ceb9ada93d38,cf9bc95d906238978e0c5ab26a1947d4104e026d3bac972323bf05453ec86ca7,p0002,v2,0211d5313450418ddc20712d3c36e63ff4b64637bfb9f717eca80fcb394b1e6b,full,0211d5313450418ddc20712d3c36e63ff4b64637bfb9f717eca80fcb394b1e6b,nsga2,6d58023f9c397599,2.819212883975501,136905.16666666666,-0.4140845070432988,2.819212883975501,136905.16666666666,-0.4140845070432988,0.0,0.0,0.0,0.7973068745570517,0.4140845070432988,0.0,0.0,False,True,True,
WEN38,benchmark,original,1,60001,1,PR1_HT1_EC1,Full,WEN38:i1:nsga2:s60001:r1:PR1_HT1_EC1:ceb9ada93d38,cf9bc95d906238978e0c5ab26a1947d4104e026d3bac972323bf05453ec86ca7,p0003,v2,0211d5313450418ddc20712d3c36e63ff4b64637bfb9f717eca80fcb394b1e6b,full,0211d5313450418ddc20712d3c36e63ff4b64637bfb9f717eca80fcb394b1e6b,nsga2,2030112ba4cbed7e,2.601521554629481,125017.33333333334,-0.4019864087831593,2.601521554629481,125017.33333333334,-0.4019864087831593,0.0,0.0,0.0,0.7973068745570517,0.4019864087831593,0.0,0.0,False,True,True,
WEN38,benchmark,original,1,60001,1,PR1_HT1_EC1,Full,WEN38:i1:nsga2:s60001:r1:PR1_HT1_EC1:ceb9ada93d38,cf9bc95d906238978e0c5ab26a1947d4104e026d3bac972323bf05453ec86ca7,p0004,v2,0211d5313450418ddc20712d3c36e63ff4b64637bfb9f717eca80fcb394b1e6b,full,0211d5313450418ddc20712d3c36e63ff4b64637bfb9f717eca80fcb394b1e6b,nsga2,497d705823d73103,2.5355181678493537,148835.6666666667,-0.35428462087384105,2.5355181678493537,148835.6666666667,-0.35428462087384105,0.0,0.0,0.0,0.7973068745570482,0.35428462087384105,0.0,4.001776687800884e-11,False,True,True,
WEN38,benchmark,original,1,60001,1,PR1_HT1_EC1,Full,WEN38:i1:nsga2:s60001:r1:PR1_HT1_EC1:ceb9ada93d38,cf9bc95d906238978e0c5ab26a1947d4104e026d3bac972323bf05453ec86ca7,p0005,v2,0211d5313450418ddc20712d3c36e63ff4b64637bfb9f717eca80fcb394b1e6b,full,0211d5313450418ddc20712d3c36e63ff4b64637bfb9f717eca80fcb394b1e6b,nsga2,1a3d4381bc2072ec,2.5356972936172317,147531.6666666667,-0.3521242599035759,2.5356972936172317,147531.6666666667,-0.3521242599035759,0.0,0.0,0.0,0.7973068745570517,0.3521242599035759,0.0,0.0,False,True,True,
WEN38,benchmark,original,1,60001,1,PR1_HT1_EC1,Full,WEN38:i1:nsga2:s60001:r1:PR1_HT1_EC1:ceb9ada93d38,cf9bc95d906238978e0c5ab26a1947d4104e026d3bac972323bf05453ec86ca7,p0006,v2,0211d5313450418ddc20712d3c36e63ff4b64637bfb9f717eca80fcb394b1e6b,full,0211d5313450418ddc20712d3c36e63ff4b64637bfb9f717eca80fcb394b1e6b,nsga2,e66ddf489ef000ca,2.8067883978448336,103847.00000000001,-0.2847764926555101,2.8067883978448336,103847.00000000001,-0.2847764926555101,0.0,0.0,0.0,0.7973068745570517,0.2847764926555101,0.0,0.0,False,True,True,
WEN38,benchmark,original,1,60001,1,PR1_HT1_EC1,Full,WEN38:i1:nsga2:s60001:r1:PR1_HT1_EC1:ceb9ada93d38,cf9bc95d906238978e0c5ab26a1947d4104e026d3bac972323bf05453ec86ca7,p0007,v2,0211d5313450418ddc20712d3c36e63ff4b64637bfb9f717eca80fcb394b1e6b,full,0211d5313450418ddc20712d3c36e63ff4b64637bfb9f717eca80fcb394b1e6b,nsga2,f49b9520ad8e9d04,2.5875185564348566,139377.1666666667,-0.2847764926555101,2.5875185564348566,139377.1666666667,-0.2847764926555101,0.0,0.0,0.0,0.7973068745570517,0.2847764926555101,0.0,0.0,False,True,True,
WEN38,benchmark,original,1,60001,1,PR1_HT1_EC1,Full,WEN38:i1:nsga2:s60001:r1:PR1_HT1_EC1:ceb9ada93d38,cf9bc95d906238978e0c5ab26a1947d4104e026d3bac972323bf05453ec86ca7,p0008,v2,0211d5313450418ddc20712d3c36e63ff4b64637bfb9f717eca80fcb394b1e6b,full,0211d5313450418ddc20712d3c36e63ff4b64637bfb9f717eca80fcb394b1e6b,nsga2,2aa9af2c016c5edb,2.605951037265932,120912.0,-0.27640733712996735,2.605951037265932,120912.0,-0.27640733712996735,0.0,0.0,0.0,0.7973068745570517,0.27640733712996735,0.0,0.0,False,True,True,
WEN38,benchmark,original,1,60001,1,PR1_HT1_EC1,Full,WEN38:i1:nsga2:s60001:r1:PR1_HT1_EC1:ceb9ada93d38,cf9bc95d906238978e0c5ab26a1947d4104e026d3bac972323bf05453ec86ca7,p0009,v2,0211d5313450418ddc20712d3c36e63ff4b64637bfb9f717eca80fcb394b1e6b,full,0211d5313450418ddc20712d3c36e63ff4b64637bfb9f717eca80fcb394b1e6b,nsga2,e061df229fe6cf88,2.6120875416491964,107706.66666666666,-0.15353311136004777,2.6120875416491964,107706.66666666666,-0.15353311136004777,0.0,0.0,0.0,0.7973068745570517,0.15353311136004777,0.0,0.0,False,True,True,
WEN38,benchmark,original,1,60001,1,PR1_HT1_EC1,Full,WEN38:i1:nsga2:s60001:r1:PR1_HT1_EC1:ceb9ada93d38,cf9bc95d906238978e0c5ab26a1947d4104e026d3bac972323bf05453ec86ca7,p0010,v2,0211d5313450418ddc20712d3c36e63ff4b64637bfb9f717eca80fcb394b1e6b,full,0211d5313450418ddc20712d3c36e63ff4b64637bfb9f717eca80fcb394b1e6b,nsga2,e6ae7ee2b46a0c4e,2.5754352829199636,144345.6666666667,-0.06267922982624441,2.5754352829199636,144345.6666666667,-0.06267922982624441,0.0,0.0,0.0,0.7973068745570517,0.06267922982624441,0.0,0.0,False,True,True,
WEN38,benchmark,original,1,60001,1,PR1_HT1_EC1,Full,WEN38:i1:nsga2:s60001:r1:PR1_HT1_EC1:ceb9ada93d38,cf9bc95d906238978e0c5ab26a1947d4104e026d3bac972323bf05453ec86ca7,p0011,v2,0211d5313450418ddc20712d3c36e63ff4b64637bfb9f717eca80fcb394b1e6b,full,0211d5313450418ddc20712d3c36e63ff4b64637bfb9f717eca80fcb394b1e6b,nsga2,87193ecce38089c2,2.576321179447249,143616.33333333334,-0.06267922982624441,2.576321179447249,143616.33333333334,-0.06267922982624441,0.0,0.0,0.0,0.7973068745570517,0.06267922982624441,0.0,0.0,False,True,True,
WEN38,benchmark,original,1,60001,1,PR1_HT1_EC1,Full,WEN38:i1:nsga2:s60001:r1:PR1_HT1_EC1:ceb9ada93d38,cf9bc95d906238978e0c5ab26a1947d4104e026d3bac972323bf05453ec86ca7,p0012,v2,0211d5313450418ddc20712d3c36e63ff4b64637bfb9f717eca80fcb394b1e6b,full,0211d5313450418ddc20712d3c36e63ff4b64637bfb9f717eca80fcb394b1e6b,nsga2,e17fec6192053e3d,2.46460794757422,125578.5,-0.0,2.46460794757422,125578.5,-0.0,0.0,0.0,0.0,0.7973068745570517,0.0,0.2,0.0,False,True,True,
WEN38,benchmark,original,1,60001,1,PR1_HT1_EC1,Full,WEN38:i1:nsga2:s60001:r1:PR1_HT1_EC1:ceb9ada93d38,cf9bc95d906238978e0c5ab26a1947d4104e026d3bac972323bf05453ec86ca7,p0013,v2,0211d5313450418ddc20712d3c36e63ff4b64637bfb9f717eca80fcb394b1e6b,full,0211d5313450418ddc20712d3c36e63ff4b64637bfb9f717eca80fcb394b1e6b,nsga2,8b2ffa4dccdbdf35,2.865346158298019,81636.66666666667,-0.0,2.865346158298019,81636.66666666667,-0.0,0.0,0.0,0.0,0.7973068745569747,0.0,0.14285714285714285,8.685674401931465e-10,False,True,True,
WEN38,benchmark,original,1,60001,1,PR1_HT1_EC1,Full,WEN38:i1:nsga2:s60001:r1:PR1_HT1_EC1:ceb9ada93d38,cf9bc95d906238978e0c5ab26a1947d4104e026d3bac972323bf05453ec86ca7,p0014,v2,0211d5313450418ddc20712d3c36e63ff4b64637bfb9f717eca80fcb394b1e6b,full,0211d5313450418ddc20712d3c36e63ff4b64637bfb9f717eca80fcb394b1e6b,nsga2,d55ec2113cd562c9,2.8362887522026927,85992.66666666667,-0.0,2.8362887522026927,85992.66666666667,-0.0,0.0,0.0,0.0,0.7973068745570517,0.0,0.05714285714285714,0.0,False,True,True,
WEN38,benchmark,original,1,60001,1,PR1_HT1_EC1,Full,WEN38:i1:nsga2:s60001:r1:PR1_HT1_EC1:ceb9ada93d38,cf9bc95d906238978e0c5ab26a1947d4104e026d3bac972323bf05453ec86ca7,p0015,v2,0211d5313450418ddc20712d3c36e63ff4b64637bfb9f717eca80fcb394b1e6b,full,0211d5313450418ddc20712d3c36e63ff4b64637bfb9f717eca80fcb394b1e6b,nsga2,1d4d6d9f25601fe0,2.4907891065604746,97519.66666666667,-0.0,2.4907891065604746,97519.66666666667,-0.0,0.0,0.0,0.0,0.7973068745570075,0.0,0.17142857142857143,4.993125912733376e-10,False,True,True,
WEN38,benchmark,original,1,60001,1,PR1_HT1_EC1,Full,WEN38:i1:nsga2:s60001:r1:PR1_HT1_EC1:ceb9ada93d38,cf9bc95d906238978e0c5ab26a1947d4104e026d3bac972323bf05453ec86ca7,p0016,v2,0211d5313450418ddc20712d3c36e63ff4b64637bfb9f717eca80fcb394b1e6b,full,0211d5313450418ddc20712d3c36e63ff4b64637bfb9f717eca80fcb394b1e6b,nsga2,2e5ac41dc3e2e4c8,2.4649200773085607,113927.66666666666,-0.0,2.4649200773085607,113927.66666666666,-0.0,0.0,0.0,0.0,0.7973068745570171,0.0,0.05714285714285714,3.9108272176235914e-10,False,True,True,
WEN38,benchmark,original,1,60001,1,PR1_HT1_EC1,Full,WEN38:i1:nsga2:s60001:r1:PR1_HT1_EC1:ceb9ada93d38,cf9bc95d906238978e0c5ab26a1947d4104e026d3bac972323bf05453ec86ca7,p0017,v2,0211d5313450418ddc20712d3c36e63ff4b64637bfb9f717eca80fcb394b1e6b,full,0211d5313450418ddc20712d3c36e63ff4b64637bfb9f717eca80fcb394b1e6b,nsga2,746738a84f30be00,2.4641227704337894,130911.33333333334,-0.0,2.4641227704337894,130911.33333333334,-0.0,0.0,0.0,0.0,0.7973068745570517,0.0,0.17142857142857143,0.0,False,True,True,
WEN38,benchmark,original,1,60001,1,PR1_HT1_EC1,Full,WEN38:i1:nsga2:s60001:r1:PR1_HT1_EC1:ceb9ada93d38,cf9bc95d906238978e0c5ab26a1947d4104e026d3bac972323bf05453ec86ca7,p0018,v2,0211d5313450418ddc20712d3c36e63ff4b64637bfb9f717eca80fcb394b1e6b,full,0211d5313450418ddc20712d3c36e63ff4b64637bfb9f717eca80fcb394b1e6b,nsga2,a2fca10043e88480,2.463679822170146,136278.6666666667,-0.0,2.463679822170146,136278.6666666667,-0.0,0.0,0.0,0.0,0.7973068745570517,0.0,0.14285714285714285,0.0,False,True,True,
WEN38,benchmark,original,1,60001,1,PR1_HT1_EC1,Full,WEN38:i1:nsga2:s60001:r1:PR1_HT1_EC1:ceb9ada93d38,cf9bc95d906238978e0c5ab26a1947d4104e026d3bac972323bf05453ec86ca7,p0019,v2,0211d5313450418ddc20712d3c36e63ff4b64637bfb9f717eca80fcb394b1e6b,full,0211d5313450418ddc20712d3c36e63ff4b64637bfb9f717eca80fcb394b1e6b,nsga2,f6c98589ec07e127,2.463702607574656,131319.33333333334,-0.0,2.463702607574656,131319.33333333334,-0.0,0.0,0.0,0.0,0.7973068745570517,0.0,0.14285714285714285,0.0,False,True,True,
WEN38,benchmark,original,1,60001,1,PR1_HT1_EC1,Full,WEN38:i1:nsga2:s60001:r1:PR1_HT1_EC1:ceb9ada93d38,cf9bc95d906238978e0c5ab26a1947d4104e026d3bac972323bf05453ec86ca7,p0020,v2,0211d5313450418ddc20712d3c36e63ff4b64637bfb9f717eca80fcb394b1e6b,full,0211d5313450418ddc20712d3c36e63ff4b64637bfb9f717eca80fcb394b1e6b,nsga2,a9ede19b7d0ed823,2.463111098473618,137647.33333333334,-0.0,2.463111098473618,137647.33333333334,-0.0,0.0,0.0,0.0,0.7973068745570517,0.0,0.14285714285714285,0.0,False,True,True,
WEN38,benchmark,original,1,60001,1,PR1_HT1_EC1,Full,WEN38:i1:nsga2:s60001:r1:PR1_HT1_EC1:ceb9ada93d38,cf9bc95d906238978e0c5ab26a1947d4104e026d3bac972323bf05453ec86ca7,p0021,v2,0211d5313450418ddc20712d3c36e63ff4b64637bfb9f717eca80fcb394b1e6b,full,0211d5313450418ddc20712d3c36e63ff4b64637bfb9f717eca80fcb394b1e6b,nsga2,03f4e7afdac5c284,2.4648866587150406,116372.66666666666,-0.0,2.4648866587150406,116372.66666666666,-0.0,0.0,0.0,0.0,0.7973068745570517,0.0,0.17142857142857143,0.0,False,True,True,
WEN38,benchmark,original,1,60001,1,PR1_HT1_EC1,Full,WEN38:i1:nsga2:s60001:r1:PR1_HT1_EC1:ceb9ada93d38,cf9bc95d906238978e0c5ab26a1947d4104e026d3bac972323bf05453ec86ca7,p0022,v2,0211d5313450418ddc20712d3c36e63ff4b64637bfb9f717eca80fcb394b1e6b,full,0211d5313450418ddc20712d3c36e63ff4b64637bfb9f717eca80fcb394b1e6b,nsga2,5ca364720b7007ee,2.4622224676977886,155034.33333333334,-0.0,2.4622224676977886,155034.33333333334,-0.0,0.0,0.0,0.0,0.7973068745570517,0.0,0.17142857142857143,0.0,False,True,True,
WEN38,benchmark,original,1,60001,1,PR1_HT1_EC1,Full,WEN38:i1:nsga2:s60001:r1:PR1_HT1_EC1:ceb9ada93d38,cf9bc95d906238978e0c5ab26a1947d4104e026d3bac972323bf05453ec86ca7,p0023,v2,0211d5313450418ddc20712d3c36e63ff4b64637bfb9f717eca80fcb394b1e6b,full,0211d5313450418ddc20712d3c36e63ff4b64637bfb9f717eca80fcb394b1e6b,nsga2,1350bc637d0ac81f,2.4658059738356037,107426.0,-0.0,2.4658059738356037,107426.0,-0.0,0.0,0.0,0.0,0.7973068745570517,0.0,0.17142857142857143,0.0,False,True,True,
WEN38,benchmark,original,1,60001,1,PR1_HT1_EC1,Full,WEN38:i1:nsga2:s60001:r1:PR1_HT1_EC1:ceb9ada93d38,cf9bc95d906238978e0c5ab26a1947d4104e026d3bac972323bf05453ec86ca7,p0024,v2,0211d5313450418ddc20712d3c36e63ff4b64637bfb9f717eca80fcb394b1e6b,full,0211d5313450418ddc20712d3c36e63ff4b64637bfb9f717eca80fcb394b1e6b,nsga2,de94e6bcba7d4aff,2.4617190621606095,164368.33333333334,-0.0,2.4617190621606095,164368.33333333334,-0.0,0.0,0.0,0.0,0.7973068745570517,0.0,0.08571428571428572,0.0,False,True,True,
WEN38,benchmark,original,1,60001,1,PR1_HT1_EC1,Full,WEN38:i1:nsga2:s60001:r1:PR1_HT1_EC1:ceb9ada93d38,cf9bc95d906238978e0c5ab26a1947d4104e026d3bac972323bf05453ec86ca7,p0025,v2,0211d5313450418ddc20712d3c36e63ff4b64637bfb9f717eca80fcb394b1e6b,full,0211d5313450418ddc20712d3c36e63ff4b64637bfb9f717eca80fcb394b1e6b,nsga2,870ae6c51b8652c7,2.819511038589445,93970.0,-0.0,2.819511038589445,93970.0,-0.0,0.0,0.0,0.0,0.7973068745570282,0.0,0.05714285714285714,2.646629582159221e-10,False,True,True,
WEN38,benchmark,original,1,60001,1,PR1_HT1_EC1,Full,WEN38:i1:nsga2:s60001:r1:PR1_HT1_EC1:ceb9ada93d38,cf9bc95d906238978e0c5ab26a1947d4104e026d3bac972323bf05453ec86ca7,p0026,v2,0211d5313450418ddc20712d3c36e63ff4b64637bfb9f717eca80fcb394b1e6b,full,0211d5313450418ddc20712d3c36e63ff4b64637bfb9f717eca80fcb394b1e6b,nsga2,6066f33572ce6fc4,2.4623110573509694,139137.83333333334,-0.0,2.4623110573509694,139137.83333333334,-0.0,0.0,0.0,0.0,0.7973068745569837,0.0,0.05714285714285714,7.676135282963514e-10,False,True,True,
WEN38,benchmark,original,1,60001,1,PR1_HT1_EC1,Full,WEN38:i1:nsga2:s60001:r1:PR1_HT1_EC1:ceb9ada93d38,cf9bc95d906238978e0c5ab26a1947d4104e026d3bac972323bf05453ec86ca7,p0027,v2,0211d5313450418ddc20712d3c36e63ff4b64637bfb9f717eca80fcb394b1e6b,full,0211d5313450418ddc20712d3c36e63ff4b64637bfb9f717eca80fcb394b1e6b,nsga2,1e699834ec4ff0d7,2.664867774172405,95443.66666666667,-0.0,2.664867774172405,95443.66666666667,-0.0,0.0,0.0,0.0,0.7973068745570435,0.0,0.14285714285714285,9.276845958083868e-11,False,True,True,
S025,corridor,binding,101,1060000,0,PR0_HT1_EC1,No-PR,S025@corridor@binding:i101:nsga2:s1060000:r0:PR0_HT1_EC1:8353cfdc536a,645b3a3c554829d2bd7eb3bdb04173d87542d672d7bd6ed69c292de4d1047953,p0001,v2,de8b8e8a34ece7f905423c9621cbf8d1a1d8961cc2c69f808b39887881b58fb8,full,3db3e16c9e8b69de801b09fab80fce6ef5ba042230707f3cdbc933e0743523e8,nsga2,de702e077b8c03d7,7.268996960487343,993.0801635014218,-0.0,7.290595140285654,1138.5441709132747,-0.0,0.021598179798311357,145.4640074118529,0.0,0.2712519981416009,0.0,0.5,413.71618522282665,False,False,True,
S025,corridor,binding,101,1060000,0,PR0_HT1_EC1,No-PR,S025@corridor@binding:i101:nsga2:s1060000:r0:PR0_HT1_EC1:8353cfdc536a,645b3a3c554829d2bd7eb3bdb04173d87542d672d7bd6ed69c292de4d1047953,p0002,v2,de8b8e8a34ece7f905423c9621cbf8d1a1d8961cc2c69f808b39887881b58fb8,full,3db3e16c9e8b69de801b09fab80fce6ef5ba042230707f3cdbc933e0743523e8,nsga2,30a22335100b69a9,7.244965805471891,1025.9576283076326,-0.0,7.270942586699128,1140.7646644974393,-0.0,0.025976781227237566,114.8070361898067,0.0,0.2712519981416009,0.0,0.5,413.71618522282665,True,False,True,
S025,corridor,binding,101,1060000,0,PR0_HT1_EC1,No-PR,S025@corridor@binding:i101:nsga2:s1060000:r0:PR0_HT1_EC1:8353cfdc536a,645b3a3c554829d2bd7eb3bdb04173d87542d672d7bd6ed69c292de4d1047953,p0003,v2,de8b8e8a34ece7f905423c9621cbf8d1a1d8961cc2c69f808b39887881b58fb8,full,3db3e16c9e8b69de801b09fab80fce6ef5ba042230707f3cdbc933e0743523e8,nsga2,4bedd855915b82ec,7.282959726444535,929.7265282240293,-0.0,7.244965805471879,1033.6498264992122,-0.0,-0.03799392097265564,103.9232982751829,0.0,0.26595744680840283,0.0,0.5,417.200000000071,False,False,True,
S025,corridor,binding,101,1060000,0,PR0_HT1_EC1,No-PR,S025@corridor@binding:i101:nsga2:s1060000:r0:PR0_HT1_EC1:8353cfdc536a,645b3a3c554829d2bd7eb3bdb04173d87542d672d7bd6ed69c292de4d1047953,p0004,v2,de8b8e8a34ece7f905423c9621cbf8d1a1d8961cc2c69f808b39887881b58fb8,full,3db3e16c9e8b69de801b09fab80fce6ef5ba042230707f3cdbc933e0743523e8,nsga2,5a0e6d1160338142,7.314589665654514,853.6717993018128,-0.0,7.314589665654514,853.6717993018128,-0.0,0.0,0.0,0.0,0.24316109422476506,0.0,0.6666666666666666,432.20000000010464,False,False,True,
S025,corridor,binding,101,1060000,0,PR0_HT1_EC1,No-PR,S025@corridor@binding:i101:nsga2:s1060000:r0:PR0_HT1_EC1:8353cfdc536a,645b3a3c554829d2bd7eb3bdb04173d87542d672d7bd6ed69c292de4d1047953,p0005,v2,de8b8e8a34ece7f905423c9621cbf8d1a1d8961cc2c69f808b39887881b58fb8,full,3db3e16c9e8b69de801b09fab80fce6ef5ba042230707f3cdbc933e0743523e8,nsga2,0c64570674ff3a45,7.290558510639063,886.5492641080237,-0.0,7.290558510639063,886.5492641080237,-0.0,0.0,0.0,0.0,0.24316109422481344,0.0,0.6666666666666666,432.2000000000728,False,False,True,
S025,corridor,binding,101,1060000,0,PR1_HT0_EC1,No-HT,S025@corridor@binding:i101:nsga2:s1060000:r0:PR1_HT0_EC1:3856e2908251,645b3a3c554829d2bd7eb3bdb04173d87542d672d7bd6ed69c292de4d1047953,p0001,v2,20ebd73a2a1187f31d4627f21616478e6c3c33883daf0b50ae2cbc6aba42f775,full,3db3e16c9e8b69de801b09fab80fce6ef5ba042230707f3cdbc933e0743523e8,nsga2,dc514ff044302fc4,7.244965805471879,1033.6498264992122,-0.0,7.244965805471879,1033.6498264992122,-0.0,0.0,0.0,0.0,0.26595744680840283,0.0,0.5,417.200000000071,True,False,True,
S025,corridor,binding,101,1060000,0,PR1_HT0_EC1,No-HT,S025@corridor@binding:i101:nsga2:s1060000:r0:PR1_HT0_EC1:3856e2908251,645b3a3c554829d2bd7eb3bdb04173d87542d672d7bd6ed69c292de4d1047953,p0002,v2,20ebd73a2a1187f31d4627f21616478e6c3c33883daf0b50ae2cbc6aba42f775,full,3db3e16c9e8b69de801b09fab80fce6ef5ba042230707f3cdbc933e0743523e8,nsga2,28cb28c289de81ba,7.290558510639063,886.5492641080237,-0.0,7.290558510639063,886.5492641080237,-0.0,0.0,0.0,0.0,0.24316109422481344,0.0,0.6666666666666666,432.2000000000728,False,False,True,
S025,corridor,binding,101,1060000,0,PR1_HT0_EC1,No-HT,S025@corridor@binding:i101:nsga2:s1060000:r0:PR1_HT0_EC1:3856e2908251,645b3a3c554829d2bd7eb3bdb04173d87542d672d7bd6ed69c292de4d1047953,p0003,v2,20ebd73a2a1187f31d4627f21616478e6c3c33883daf0b50ae2cbc6aba42f775,full,3db3e16c9e8b69de801b09fab80fce6ef5ba042230707f3cdbc933e0743523e8,nsga2,34a541f36ca10733,7.314589665654514,853.6717993018128,-0.0,7.314589665654514,853.6717993018128,-0.0,0.0,0.0,0.0,0.24316109422476506,0.0,0.6666666666666666,432.20000000010464,False,False,True,
S025,corridor,binding,101,1060000,0,PR1_HT0_EC1,No-HT,S025@corridor@binding:i101:nsga2:s1060000:r0:PR1_HT0_EC1:3856e2908251,645b3a3c554829d2bd7eb3bdb04173d87542d672d7bd6ed69c292de4d1047953,p0004,v2,20ebd73a2a1187f31d4627f21616478e6c3c33883daf0b50ae2cbc6aba42f775,full,3db3e16c9e8b69de801b09fab80fce6ef5ba042230707f3cdbc933e0743523e8,nsga2,e64a4ace8818d65d,7.267762158055477,998.4583669482848,-0.0,7.267762158055477,998.4583669482848,-0.0,0.0,0.0,0.0,0.2583586626138712,0.0,0.5,422.2000000000728,False,False,True,
S025,corridor,binding,101,1060000,0,PR1_HT0_EC1,No-HT,S025@corridor@binding:i101:nsga2:s1060000:r0:PR1_HT0_EC1:3856e2908251,645b3a3c554829d2bd7eb3bdb04173d87542d672d7bd6ed69c292de4d1047953,p0005,v2,20ebd73a2a1187f31d4627f21616478e6c3c33883daf0b50ae2cbc6aba42f775,full,3db3e16c9e8b69de801b09fab80fce6ef5ba042230707f3cdbc933e0743523e8,nsga2,48d2341bc8f2da12,7.282959726444535,942.5038155281543,-0.0,7.282959726444535,942.5038155281543,-0.0,0.0,0.0,0.0,0.25075987841934233,0.0,0.5,427.2000000000728,False,False,True,
S025,corridor,binding,101,1060000,0,PR1_HT1_EC0,No-EC,S025@corridor@binding:i101:nsga2:s1060000:r0:PR1_HT1_EC0:854b0a538e45,645b3a3c554829d2bd7eb3bdb04173d87542d672d7bd6ed69c292de4d1047953,p0001,v2,b804b0bc9aee9949b649092388424f1532bed4a0320656bce8da3ecd7d67d5c5,full,3db3e16c9e8b69de801b09fab80fce6ef5ba042230707f3cdbc933e0743523e8,nsga2,17f5967e22085cf5,4.532757880055506,5027.05519257525,-0.8678714859437232,7.258018366288641,1267.2267994305632,-0.0,2.725260486233135,-3759.8283931446867,0.8678714859437232,0.2811550151975684,0.0,0.5,407.20000000000005,False,False,True,
S025,corridor,binding,101,1060000,0,PR1_HT1_EC0,No-EC,S025@corridor@binding:i101:nsga2:s1060000:r0:PR1_HT1_EC0:854b0a538e45,645b3a3c554829d2bd7eb3bdb04173d87542d672d7bd6ed69c292de4d1047953,p0002,v2,b804b0bc9aee9949b649092388424f1532bed4a0320656bce8da3ecd7d67d5c5,full,3db3e16c9e8b69de801b09fab80fce6ef5ba042230707f3cdbc933e0743523e8,nsga2,f7b3d930cdf94093,4.544170196602644,5024.500643650092,-0.8678714859437232,7.258018366288641,1271.4843809724935,-0.0,2.7138481696859973,-3753.016262677598,0.8678714859437232,0.2811550151975684,0.0,0.5,407.20000000000005,False,False,True,
S025,corridor,binding,101,1060000,0,PR1_HT1_EC0,No-EC,S025@corridor@binding:i101:nsga2:s1060000:r0:PR1_HT1_EC0:854b0a538e45,645b3a3c554829d2bd7eb3bdb04173d87542d672d7bd6ed69c292de4d1047953,p0003,v2,b804b0bc9aee9949b649092388424f1532bed4a0320656bce8da3ecd7d67d5c5,full,3db3e16c9e8b69de801b09fab80fce6ef5ba042230707f3cdbc933e0743523e8,nsga2,1cf0727b6e4aef4b,4.528251717410251,5050.013104580583,-0.8678714859436998,7.258018366288641,1267.2267994305632,-0.0,2.72976664887839,-3782.78630515002,0.8678714859436998,0.2811550151975684,0.0,0.5,407.20000000000005,True,False,True,
S025,corridor,binding,101,1060000,0,PR1_HT1_EC0,No-EC,S025@corridor@binding:i101:nsga2:s1060000:r0:PR1_HT1_EC0:854b0a538e45,645b3a3c554829d2bd7eb3bdb04173d87542d672d7bd6ed69c292de4d1047953,p0004,v2,b804b0bc9aee9949b649092388424f1532bed4a0320656bce8da3ecd7d67d5c5,full,3db3e16c9e8b69de801b09fab80fce6ef5ba042230707f3cdbc933e0743523e8,nsga2,c372f185ca3aab9f,5.81048087756818,4067.3713031685447,-0.5792682926829268,7.244965805471879,1121.524179655773,-0.0,1.434484927903699,-2945.8471235127718,0.5792682926829268,0.26595744680840283,0.0,0.5,417.200000000071,False,False,True,
S025,corridor,binding,101,1060000,0,PR1_HT1_EC0,No-EC,S025@corridor@binding:i101:nsga2:s1060000:r0:PR1_HT1_EC0:854b0a538e45,645b3a3c554829d2bd7eb3bdb04173d87542d672d7bd6ed69c292de4d1047953,p0005,v2,b804b0bc9aee9949b649092388424f1532bed4a0320656bce8da3ecd7d67d5c5,full,3db3e16c9e8b69de801b09fab80fce6ef5ba042230707f3cdbc933e0743523e8,nsga2,52a18a0c9bf3b6c7,5.842915287098676,3870.041163068089,-0.5612244897959183,7.244965805471879,1033.6498264992122,-0.0,1.402050518373203,-2836.391336568877,0.5612244897959183,0.26595744680840283,0.0,0.5,417.200000000071,False,False,True,
S025,corridor,binding,101,1060000,0,PR1_HT1_EC0,No-EC,S025@corridor@binding:i101:nsga2:s1060000:r0:PR1_HT1_EC0:854b0a538e45,645b3a3c554829d2bd7eb3bdb04173d87542d672d7bd6ed69c292de4d1047953,p0006,v2,b804b0bc9aee9949b649092388424f1532bed4a0320656bce8da3ecd7d67d5c5,full,3db3e16c9e8b69de801b09fab80fce6ef5ba042230707f3cdbc933e0743523e8,nsga2,cefa1863f33f9578,5.8372944173995975,3949.503532906394,-0.5612244897959183,7.268996960487115,1071.277308147015,-0.0,1.4317025430875177,-2878.226224759379,0.5612244897959183,0.2659574468083973,0.0,0.5,417.2000000000746,False,False,True,
S025,corridor,binding,101,1060000,0,PR1_HT1_EC0,No-EC,S025@corridor@binding:i101:nsga2:s1060000:r0:PR1_HT1_EC0:854b0a538e45,645b3a3c554829d2bd7eb3bdb04173d87542d672d7bd6ed69c292de4d1047953,p0007,v2,b804b0bc9aee9949b649092388424f1532bed4a0320656bce8da3ecd7d67d5c5,full,3db3e16c9e8b69de801b09fab80fce6ef5ba042230707f3cdbc933e0743523e8,nsga2,89c855ddcf0294ba,5.823239145072931,4066.827566355874,-0.5182926829268293,7.244965805471879,1121.524179655773,-0.0,1.4217266603989485,-2945.303386700101,0.5182926829268293,0.26595744680840283,0.0,0.5,417.200000000071,False,False,True,
S025,corridor,binding,101,1060000,0,PR1_HT1_EC0,No-EC,S025@corridor@binding:i101:nsga2:s1060000:r0:PR1_HT1_EC0:854b0a538e45,645b3a3c554829d2bd7eb3bdb04173d87542d672d7bd6ed69c292de4d1047953,p0008,v2,b804b0bc9aee9949b649092388424f1532bed4a0320656bce8da3ecd7d67d5c5,full,3db3e16c9e8b69de801b09fab80fce6ef5ba042230707f3cdbc933e0743523e8,nsga2,994c553c480671f9,5.785258646099938,4066.827566355874,-0.5,7.244965805471879,1121.524179655773,-0.0,1.4597071593719413,-2945.303386700101,0.5,0.26595744680840283,0.0,0.5,417.200000000071,False,False,True,
S025,corridor,binding,101,1060000,0,PR1_HT1_EC0,No-EC,S025@corridor@binding:i101:nsga2:s1060000:r0:PR1_HT1_EC0:854b0a538e45,645b3a3c554829d2bd7eb3bdb04173d87542d672d7bd6ed69c292de4d1047953,p0009,v2,b804b0bc9aee9949b649092388424f1532bed4a0320656bce8da3ecd7d67d5c5,full,3db3e16c9e8b69de801b09fab80fce6ef5ba042230707f3cdbc933e0743523e8,nsga2,b229ab1a27545f4d,6.0236621085210755,3572.5271295732837,-0.5,7.244965805471879,1121.524179655773,-0.0,1.2213036969508035,-2451.0029499175107,0.5,0.26595744680840283,0.0,0.5,417.200000000071,False,False,True,
S025,corridor,binding,101,1060000,0,PR1_HT1_EC0,No-EC,S025@corridor@binding:i101:nsga2:s1060000:r0:PR1_HT1_EC0:854b0a538e45,645b3a3c554829d2bd7eb3bdb04173d87542d672d7bd6ed69c292de4d1047953,p0010,v2,b804b0bc9aee9949b649092388424f1532bed4a0320656bce8da3ecd7d67d5c5,full,3db3e16c9e8b69de801b09fab80fce6ef5ba042230707f3cdbc933e0743523e8,nsga2,985dccd2a5c40ea5,5.840171887981812,3871.0296469476707,-0.4878048780487805,7.244965805471879,1033.6498264992122,-0.0,1.4047939174900668,-2837.3798204484583,0.4878048780487805,0.26595744680840283,0.0,0.5,417.200000000071,False,False,True,
S025,corridor,binding,101,1060000,0,PR1_HT1_EC0,No-EC,S025@corridor@binding:i101:nsga2:s1060000:r0:PR1_HT1_EC0:854b0a538e45,645b3a3c554829d2bd7eb3bdb04173d87542d672d7bd6ed69c292de4d1047953,p0011,v2,b804b0bc9aee9949b649092388424f1532bed4a0320656bce8da3ecd7d67d5c5,full,3db3e16c9e8b69de801b09fab80fce6ef5ba042230707f3cdbc933e0743523e8,nsga2,4b55a74c39476d0e,6.107362954586695,3526.6113055626165,-0.45918367346938777,7.244965805471879,1048.464684276601,-0.0,1.1376028508851839,-2478.1466212860155,0.45918367346938777,0.26595744680840283,0.0,0.5,417.200000000071,False,False,True,
S025,corridor,binding,101,1060000,0,PR1_HT1_EC0,No-EC,S025@corridor@binding:i101:nsga2:s1060000:r0:PR1_HT1_EC0:854b0a538e45,645b3a3c554829d2bd7eb3bdb04173d87542d672d7bd6ed69c292de4d1047953,p0012,v2,b804b0bc9aee9949b649092388424f1532bed4a0320656bce8da3ecd7d67d5c5,full,3db3e16c9e8b69de801b09fab80fce6ef5ba042230707f3cdbc933e0743523e8,nsga2,1be58d91cec11329,5.780334523195965,3900.628877495573,-0.44871794871794873,7.244965805471879,1104.1547729532258,-0.0,1.4646312822759144,-2796.474104542347,0.44871794871794873,0.26595744680840283,0.0,0.5,417.200000000071,False,False,True,
S025,corridor,binding,101,1060000,0,PR1_HT1_EC0,No-EC,S025@corridor@binding:i101:nsga2:s1060000:r0:PR1_HT1_EC0:854b0a538e45,645b3a3c554829d2bd7eb3bdb04173d87542d672d7bd6ed69c292de4d1047953,p0013,v2,b804b0bc9aee9949b649092388424f1532bed4a0320656bce8da3ecd7d67d5c5,full,3db3e16c9e8b69de801b09fab80fce6ef5ba042230707f3cdbc933e0743523e8,nsga2,433ef2fb19b0298c,5.8147295785227415,3871.0296469476707,-0.4166666666666667,7.244965805471879,1033.6498264992122,-0.0,1.4302362269491375,-2837.3798204484583,0.4166666666666667,0.26595744680840283,0.0,0.5,417.200000000071,False,False,True,
S025,corridor,binding,101,1060000,0,PR1_HT1_EC0,No-EC,S025@corridor@binding:i101:nsga2:s1060000:r0:PR1_HT1_EC0:854b0a538e45,645b3a3c554829d2bd7eb3bdb04173d87542d672d7bd6ed69c292de4d1047953,p0014,v2,b804b0bc9aee9949b649092388424f1532bed4a0320656bce8da3ecd7d67d5c5,full,3db3e16c9e8b69de801b09fab80fce6ef5ba042230707f3cdbc933e0743523e8,nsga2,44a77cee2e030ab5,6.018873356946206,3573.0708663859546,-0.4166666666666667,7.244965805471879,1121.524179655773,-0.0,1.226092448525673,-2451.5466867301816,0.4166666666666667,0.26595744680840283,0.0,0.5,417.200000000071,False,False,True,
S025,corridor,binding,101,1060000,0,PR1_HT1_EC0,No-EC,S025@corridor@binding:i101:nsga2:s1060000:r0:PR1_HT1_EC0:854b0a538e45,645b3a3c554829d2bd7eb3bdb04173d87542d672d7bd6ed69c292de4d1047953,p0015,v2,b804b0bc9aee9949b649092388424f1532bed4a0320656bce8da3ecd7d67d5c5,full,3db3e16c9e8b69de801b09fab80fce6ef5ba042230707f3cdbc933e0743523e8,nsga2,922e667a7d1455af,6.02844579107181,3572.219350077569,-0.38461538461538464,7.244965805471879,1118.9696307306147,-0.0,1.2165200144000687,-2453.2497193469544,0.38461538461538464,0.26595744680840283,0.0,0.5,417.200000000071,False,False,True,
S025,corridor,binding,101,1060000,0,PR1_HT1_EC0,No-EC,S025@corridor@binding:i101:nsga2:s1060000:r0:PR1_HT1_EC0:854b0a538e45,645b3a3c554829d2bd7eb3bdb04173d87542d672d7bd6ed69c292de4d1047953,p0016,v2,b804b0bc9aee9949b649092388424f1532bed4a0320656bce8da3ecd7d67d5c5,full,3db3e16c9e8b69de801b09fab80fce6ef5ba042230707f3cdbc933e0743523e8,nsga2,b0289d5140841153,6.292362436347563,3350.5837555790513,-0.35714285714285715,7.267762158055466,1000.3491342347992,-0.0,0.9753997217079027,-2350.234621344252,0.35714285714285715,0.25835866261387397,0.0,0.5,422.200000000071,False,False,True,
S025,corridor,binding,101,1060000,0,PR1_HT1_EC0,No-EC,S025@corridor@binding:i101:nsga2:s1060000:r0:PR1_HT1_EC0:854b0a538e45,645b3a3c554829d2bd7eb3bdb04173d87542d672d7bd6ed69c292de4d1047953,p0017,v2,b804b0bc9aee9949b649092388424f1532bed4a0320656bce8da3ecd7d67d5c5,full,3db3e16c9e8b69de801b09fab80fce6ef5ba042230707f3cdbc933e0743523e8,nsga2,34a711359985335f,6.267580109772,3373.5416675843844,-0.3353658536585366,7.267762158055466,1049.0554644875806,-0.0,1.0001820482834658,-2324.486203096804,0.3353658536585366,0.25835866261387397,0.0,0.5,422.200000000071,False,False,True,
S025,corridor,binding,101,1060000,0,PR1_HT1_EC0,No-EC,S025@corridor@binding:i101:nsga2:s1060000:r0:PR1_HT1_EC0:854b0a538e45,645b3a3c554829d2bd7eb3bdb04173d87542d672d7bd6ed69c292de4d1047953,p0018,v2,b804b0bc9aee9949b649092388424f1532bed4a0320656bce8da3ecd7d67d5c5,full,3db3e16c9e8b69de801b09fab80fce6ef5ba042230707f3cdbc933e0743523e8,nsga2,4dc9fa278cb9d15f,6.36424390582888,3348.3369861496076,-0.28061224489795916,7.267762158055466,1000.3491342347992,-0.0,0.9035182522265854,-2347.9878519148083,0.28061224489795916,0.25835866261387397,0.0,0.5,422.200000000071,False,False,True,
S025,corridor,binding,101,1060000,0,PR1_HT1_EC0,No-EC,S025@corridor@binding:i101:nsga2:s1060000:r0:PR1_HT1_EC0:854b0a538e45,645b3a3c554829d2bd7eb3bdb04173d87542d672d7bd6ed69c292de4d1047953,p0019,v2,b804b0bc9aee9949b649092388424f1532bed4a0320656bce8da3ecd7d67d5c5,full,3db3e16c9e8b69de801b09fab80fce6ef5ba042230707f3cdbc933e0743523e8,nsga2,99eff3763cb46d83,6.246820027219396,3420.544965220394,-0.2564102564102564,7.267762158055466,1049.0554644875806,-0.0,1.0209421308360698,-2371.489500732813,0.2564102564102564,0.25835866261387397,0.0,0.5,422.200000000071,False,False,True,
S025,corridor,binding,101,1060000,0,PR1_HT1_EC0,No-EC,S025@corridor@binding:i101:nsga2:s1060000:r0:PR1_HT1_EC0:854b0a538e45,645b3a3c554829d2bd7eb3bdb04173d87542d672d7bd6ed69c292de4d1047953,p0020,v2,b804b0bc9aee9949b649092388424f1532bed4a0320656bce8da3ecd7d67d5c5,full,3db3e16c9e8b69de801b09fab80fce6ef5ba042230707f3cdbc933e0743523e8,nsga2,ba3c8b4eb0d9487e,6.284695201140526,3373.4022132467094,-0.25,7.2917933130709285,967.4716694285883,-0.0,1.0070981119304028,-2405.930543818121,0.25,0.2583586626138228,0.0,0.5,422.20000000010464,False,False,True,
S025,corridor,binding,101,1060000,0,PR1_HT1_EC0,No-EC,S025@corridor@binding:i101:nsga2:s1060000:r0:PR1_HT1_EC0:854b0a538e45,645b3a3c554829d2bd7eb3bdb04173d87542d672d7bd6ed69c292de4d1047953,p0021,v2,b804b0bc9aee9949b649092388424f1532bed4a0320656bce8da3ecd7d67d5c5,full,3db3e16c9e8b69de801b09fab80fce6ef5ba042230707f3cdbc933e0743523e8,nsga2,8e6cff53446ca7ad,6.590660709533896,2387.2186563702253,-0.20408163265306123,7.267762158055477,1000.3491342347992,-0.0,0.6771014485215812,-1386.869522135426,0.20408163265306123,0.2583586626138712,0.0,0.5,422.2000000000728,False,False,True,
S025,corridor,binding,101,1060000,0,PR1_HT1_EC0,No-EC,S025@corridor@binding:i101:nsga2:s1060000:r0:PR1_HT1_EC0:854b0a538e45,645b3a3c554829d2bd7eb3bdb04173d87542d672d7bd6ed69c292de4d1047953,p0022,v2,b804b0bc9aee9949b649092388424f1532bed4a0320656bce8da3ecd7d67d5c5,full,3db3e16c9e8b69de801b09fab80fce6ef5ba042230707f3cdbc933e0743523e8,nsga2,1087cdc0e79eba39,6.585032999857713,2456.0923923862265,-0.20408163265306123,7.267762158055477,1046.2649582454667,-0.0,0.6827291581977644,-1409.8274341407598,0.20408163265306123,0.2583586626138712,0.0,0.5,422.2000000000728,False,False,True,
S025,corridor,binding,101,1060000,0,PR1_HT1_EC0,No-EC,S025@corridor@binding:i101:nsga2:s1060000:r0:PR1_HT1_EC0:854b0a538e45,645b3a3c554829d2bd7eb3bdb04173d87542d672d7bd6ed69c292de4d1047953,p0023,v2,b804b0bc9aee9949b649092388424f1532bed4a0320656bce8da3ecd7d67d5c5,full,3db3e16c9e8b69de801b09fab80fce6ef5ba042230707f3cdbc933e0743523e8,nsga2,ecac52184f0c90b1,6.536449952593118,2458.3391618156697,-0.19230769230769232,7.267762158055477,1049.0554644875806,-0.0,0.7313122054623591,-1409.2836973280891,0.19230769230769232,0.2583586626138712,0.0,0.5,422.2000000000728,False,False,True,
S025,corridor,binding,101,1060000,0,PR1_HT1_EC0,No-EC,S025@corridor@binding:i101:nsga2:s1060000:r0:PR1_HT1_EC0:854b0a538e45,645b3a3c554829d2bd7eb3bdb04173d87542d672d7bd6ed69c292de4d1047953,p0024,v2,b804b0bc9aee9949b649092388424f1532bed4a0320656bce8da3ecd7d67d5c5,full,3db3e16c9e8b69de801b09fab80fce6ef5ba042230707f3cdbc933e0743523e8,nsga2,9eb27a6da5b1ba26,6.528518052876863,2458.8828986283406,-0.19230769230769232,7.267762158055477,1047.3524318708082,-0.0,0.7392441051786145,-1411.5304667575324,0.19230769230769232,0.2583586626138712,0.0,0.5,422.2000000000728,False,False,True,
S025,corridor,binding,101,1060000,0,PR1_HT1_EC0,No-EC,S025@corridor@binding:i101:nsga2:s1060000:r0:PR1_HT1_EC0:854b0a538e45,645b3a3c554829d2bd7eb3bdb04173d87542d672d7bd6ed69c292de4d1047953,p0025,v2,b804b0bc9aee9949b649092388424f1532bed4a0320656bce8da3ecd7d67d5c5,full,3db3e16c9e8b69de801b09fab80fce6ef5ba042230707f3cdbc933e0743523e8,nsga2,4ef2881dce43bf3e,6.286907757094646,3351.979008700108,-0.16666666666666666,7.267762158055466,1000.3491342347992,-0.0,0.98085440096082,-2351.6298744653086,0.16666666666666666,0.25835866261387397,0.0,0.5,422.200000000071,False,False,True,
S025,corridor,binding,101,1060000,0,PR1_HT1_EC0,No-EC,S025@corridor@binding:i101:nsga2:s1060000:r0:PR1_HT1_EC0:854b0a538e45,645b3a3c554829d2bd7eb3bdb04173d87542d672d7bd6ed69c292de4d1047953,p0026,v2,b804b0bc9aee9949b649092388424f1532bed4a0320656bce8da3ecd7d67d5c5,full,3db3e16c9e8b69de801b09fab80fce6ef5ba042230707f3cdbc933e0743523e8,nsga2,4e91815dcc1a1ba7,6.249334673311914,3374.629141209726,-0.16666666666666666,7.267762158055466,1049.0554644875806,-0.0,1.018427484743552,-2325.5736767221456,0.16666666666666666,0.25835866261387397,0.0,0.5,422.200000000071,False,False,True,
S025,corridor,binding,101,1060000,0,PR1_HT1_EC0,No-EC,S025@corridor@binding:i101:nsga2:s1060000:r0:PR1_HT1_EC0:854b0a538e45,645b3a3c554829d2bd7eb3bdb04173d87542d672d7bd6ed69c292de4d1047953,p0027,v2,b804b0bc9aee9949b649092388424f1532bed4a0320656bce8da3ecd7d67d5c5,full,3db3e16c9e8b69de801b09fab80fce6ef5ba042230707f3cdbc933e0743523e8,nsga2,177c5fb193fc59a5,6.605858277922954,2292.9415528843565,-0.15306122448979592,7.267762158055477,998.4583669482848,-0.0,0.661903880132523,-1294.4831859360715,0.15306122448979592,0.2583586626138712,0.0,0.5,422.2000000000728,False,False,True,
S025,corridor,binding,101,1060000,0,PR1_HT1_EC0,No-EC,S025@corridor@binding:i101:nsga2:s1060000:r0:PR1_HT1_EC0:854b0a538e45,645b3a3c554829d2bd7eb3bdb04173d87542d672d7bd6ed69c292de4d1047953,p0028,v2,b804b0bc9aee9949b649092388424f1532bed4a0320656bce8da3ecd7d67d5c5,full,3db3e16c9e8b69de801b09fab80fce6ef5ba042230707f3cdbc933e0743523e8,nsga2,4b855c6f0330cac9,6.583286877323383,2319.9862345071006,-0.10204081632653061,7.267762158055477,1045.4616645842939,-0.0,0.6844752807320944,-1274.5245699228067,0.10204081632653061,0.2583586626138712,0.0,0.5,422.2000000000728,False,False,True,
S025,corridor,binding,101,1060000,0,PR1_HT1_EC0,No-EC,S025@corridor@binding:i101:nsga2:s1060000:r0:PR1_HT1_EC0:854b0a538e45,645b3a3c554829d2bd7eb3bdb04173d87542d672d7bd6ed69c292de4d1047953,p0029,v2,b804b0bc9aee9949b649092388424f1532bed4a0320656bce8da3ecd7d67d5c5,full,3db3e16c9e8b69de801b09fab80fce6ef5ba042230707f3cdbc933e0743523e8,nsga2,a083044d8f78c210,6.904635258359354,704.0078882202506,-0.0,7.290558510639063,886.5492641080237,-0.0,0.38592325227970914,182.54137588777314,0.0,0.24316109422481344,0.0,0.6666666666666666,432.2000000000728,False,False,True,
S025,corridor,binding,101,1060000,0,PR1_HT1_EC0,No-EC,S025@corridor@binding:i101:nsga2:s1060000:r0:PR1_HT1_EC0:854b0a538e45,645b3a3c554829d2bd7eb3bdb04173d87542d672d7bd6ed69c292de4d1047953,p0030,v2,b804b0bc9aee9949b649092388424f1532bed4a0320656bce8da3ecd7d67d5c5,full,3db3e16c9e8b69de801b09fab80fce6ef5ba042230707f3cdbc933e0743523e8,nsga2,4da2e6927f0da410,6.567156144261677,2382.416631472054,-0.0,7.267762158055477,1045.4616645842939,-0.0,0.7006060137938004,-1336.9549668877603,0.0,0.2583586626138712,0.0,0.5,422.2000000000728,False,False,True,
S025,corridor,binding,101,1060000,0,PR1_HT1_EC0,No-EC,S025@corridor@binding:i101:nsga2:s1060000:r0:PR1_HT1_EC0:854b0a538e45,645b3a3c554829d2bd7eb3bdb04173d87542d672d7bd6ed69c292de4d1047953,p0031,v2,b804b0bc9aee9949b649092388424f1532bed4a0320656bce8da3ecd7d67d5c5,full,3db3e16c9e8b69de801b09fab80fce6ef5ba042230707f3cdbc933e0743523e8,nsga2,889fdbd3e2360614,6.874240121581239,1169.3587059172264,-0.0,7.290558510639063,886.5492641080237,-0.0,0.4163183890578246,-282.80944180920267,0.0,0.24316109422481344,0.0,0.6666666666666666,432.2000000000728,False,False,True,
S025,corridor,binding,101,1060000,0,PR1_HT1_EC0,No-EC,S025@corridor@binding:i101:nsga2:s1060000:r0:PR1_HT1_EC0:854b0a538e45,645b3a3c554829d2bd7eb3bdb04173d87542d672d7bd6ed69c292de4d1047953,p0032,v2,b804b0bc9aee9949b649092388424f1532bed4a0320656bce8da3ecd7d67d5c5,full,3db3e16c9e8b69de801b09fab80fce6ef5ba042230707f3cdbc933e0743523e8,nsga2,b80b0f0dc69a5d8c,6.880831837991047,1075.352110645208,-0.0,7.290558510639063,886.5492641080237,-0.0,0.40972667264801643,-188.80284653718434,0.0,0.24316109422481344,0.0,0.6666666666666666,432.2000000000728,False,False,True,
S025,corridor,binding,101,1060000,0,PR1_HT1_EC0,No-EC,S025@corridor@binding:i101:nsga2:s1060000:r0:PR1_HT1_EC0:854b0a538e45,645b3a3c554829d2bd7eb3bdb04173d87542d672d7bd6ed69c292de4d1047953,p0033,v2,b804b0bc9aee9949b649092388424f1532bed4a0320656bce8da3ecd7d67d5c5,full,3db3e16c9e8b69de801b09fab80fce6ef5ba042230707f3cdbc933e0743523e8,nsga2,4afba8e246326d35,6.792509897502747,1871.3234906472276,-0.0,7.290558510639063,886.5492641080237,-0.0,0.49804861313631665,-984.7742265392038,0.0,0.24316109422481344,0.0,0.6666666666666666,432.2000000000728,False,False,True,
S025,corridor,binding,101,1060000,0,PR1_HT1_EC0,No-EC,S025@corridor@binding:i101:nsga2:s1060000:r0:PR1_HT1_EC0:854b0a538e45,645b3a3c554829d2bd7eb3bdb04173d87542d672d7bd6ed69c292de4d1047953,p0034,v2,b804b0bc9aee9949b649092388424f1532bed4a0320656bce8da3ecd7d67d5c5,full,3db3e16c9e8b69de801b09fab80fce6ef5ba042230707f3cdbc933e0743523e8,nsga2,7e166ff977d9ef81,6.768589555792446,1933.6590732451054,-0.0,7.290558510639063,886.5492641080237,-0.0,0.5219689548466171,-1047.1098091370818,0.0,0.24316109422481344,0.0,0.6666666666666666,432.2000000000728,False,False,True,
S025,corridor,binding,101,1060000,0,PR1_HT1_EC0,No-EC,S025@corridor@binding:i101:nsga2:s1060000:r0:PR1_HT1_EC0:854b0a538e45,645b3a3c554829d2bd7eb3bdb04173d87542d672d7bd6ed69c292de4d1047953,p0035,v2,b804b0bc9aee9949b649092388424f1532bed4a0320656bce8da3ecd7d67d5c5,full,3db3e16c9e8b69de801b09fab80fce6ef5ba042230707f3cdbc933e0743523e8,nsga2,a9565a8beb63fdb9,6.773899549567069,1895.6766557736182,-0.0,7.290558510639063,886.5492641080237,-0.0,0.516658961071994,-1009.1273916655945,0.0,0.24316109422481344,0.0,0.6666666666666666,432.2000000000728,False,False,True,
S025,corridor,binding,101,1060000,0,PR1_HT1_EC0,No-EC,S025@corridor@binding:i101:nsga2:s1060000:r0:PR1_HT1_EC0:854b0a538e45,645b3a3c554829d2bd7eb3bdb04173d87542d672d7bd6ed69c292de4d1047953,p0036,v2,b804b0bc9aee9949b649092388424f1532bed4a0320656bce8da3ecd7d67d5c5,full,3db3e16c9e8b69de801b09fab80fce6ef5ba042230707f3cdbc933e0743523e8,nsga2,1e9a8acae592f858,6.795413076483857,1866.2143927969114,-0.0,7.290558510639063,886.5492641080237,-0.0,0.49514543415520595,-979.6651286888876,0.0,0.24316109422481344,0.0,0.6666666666666666,432.2000000000728,False,False,True,
S025,corridor,binding,101,1060000,0,PR1_HT1_EC0,No-EC,S025@corridor@binding:i101:nsga2:s1060000:r0:PR1_HT1_EC0:854b0a538e45,645b3a3c554829d2bd7eb3bdb04173d87542d672d7bd6ed69c292de4d1047953,p0037,v2,b804b0bc9aee9949b649092388424f1532bed4a0320656bce8da3ecd7d67d5c5,full,3db3e16c9e8b69de801b09fab80fce6ef5ba042230707f3cdbc933e0743523e8,nsga2,74047ea86277f249,6.688787063147219,2065.9052056866203,-0.0,7.282959726444535,966.8569806545449,-0.0,0.5941726632973161,-1099.0482250320754,0.0,0.25075987841934233,0.0,0.5,427.2000000000728,False,False,True,
S025,corridor,binding,101,1060000,0,PR1_HT1_EC0,No-EC,S025@corridor@binding:i101:nsga2:s1060000:r0:PR1_HT1_EC0:854b0a538e45,645b3a3c554829d2bd7eb3bdb04173d87542d672d7bd6ed69c292de4d1047953,p0038,v2,b804b0bc9aee9949b649092388424f1532bed4a0320656bce8da3ecd7d67d5c5,full,3db3e16c9e8b69de801b09fab80fce6ef5ba042230707f3cdbc933e0743523e8,nsga2,3ed489cf05fa65aa,6.683565679572183,2156.5057357250944,-0.0,7.282959726444535,966.0054643461589,-0.0,0.5993940468723515,-1190.5002713789354,0.0,0.25075987841934233,0.0,0.5,427.2000000000728,False,False,True,
S025,corridor,binding,101,1060000,0,PR1_HT1_EC0,No-EC,S025@corridor@binding:i101:nsga2:s1060000:r0:PR1_HT1_EC0:854b0a538e45,645b3a3c554829d2bd7eb3bdb04173d87542d672d7bd6ed69c292de4d1047953,p0039,v2,b804b0bc9aee9949b649092388424f1532bed4a0320656bce8da3ecd7d67d5c5,full,3db3e16c9e8b69de801b09fab80fce6ef5ba042230707f3cdbc933e0743523e8,nsga2,304958a71d22eccd,6.719196158368587,2018.0503917422247,-0.0,7.282959726444535,942.5038155281543,-0.0,0.5637635680759479,-1075.5465762140705,0.0,0.25075987841934233,0.0,0.5,427.2000000000728,False,False,True,
S025,corridor,binding,101,1060000,0,PR1_HT1_EC0,No-EC,S025@corridor@binding:i101:nsga2:s1060000:r0:PR1_HT1_EC0:854b0a538e45,645b3a3c554829d2bd7eb3bdb04173d87542d672d7bd6ed69c292de4d1047953,p0040,v2,b804b0bc9aee9949b649092388424f1532bed4a0320656bce8da3ecd7d67d5c5,full,3db3e16c9e8b69de801b09fab80fce6ef5ba042230707f3cdbc933e0743523e8,nsga2,effcaf52c5d11abe,6.878726150804589,1144.2258466612093,-0.0,7.290558510639063,886.5492641080237,-0.0,0.41183235983447464,-257.67658255318554,0.0,0.24316109422481344,0.0,0.6666666666666666,432.2000000000728,False,False,True,
S025,corridor,binding,101,1060000,0,PR1_HT1_EC1,Full,S025@corridor@binding:i101:nsga2:s1060000:r0:PR1_HT1_EC1:6abe6f291736,645b3a3c554829d2bd7eb3bdb04173d87542d672d7bd6ed69c292de4d1047953,p0001,v2,3db3e16c9e8b69de801b09fab80fce6ef5ba042230707f3cdbc933e0743523e8,full,3db3e16c9e8b69de801b09fab80fce6ef5ba042230707f3cdbc933e0743523e8,nsga2,dc514ff044302fc4,7.244965805471879,1033.6498264992122,-0.0,7.244965805471879,1033.6498264992122,-0.0,0.0,0.0,0.0,0.26595744680840283,0.0,0.5,417.200000000071,True,True,True,
S025,corridor,binding,101,1060000,0,PR1_HT1_EC1,Full,S025@corridor@binding:i101:nsga2:s1060000:r0:PR1_HT1_EC1:6abe6f291736,645b3a3c554829d2bd7eb3bdb04173d87542d672d7bd6ed69c292de4d1047953,p0002,v2,3db3e16c9e8b69de801b09fab80fce6ef5ba042230707f3cdbc933e0743523e8,full,3db3e16c9e8b69de801b09fab80fce6ef5ba042230707f3cdbc933e0743523e8,nsga2,28cb28c289de81ba,7.290558510639063,886.5492641080237,-0.0,7.290558510639063,886.5492641080237,-0.0,0.0,0.0,0.0,0.24316109422481344,0.0,0.6666666666666666,432.2000000000728,False,True,True,
S025,corridor,binding,101,1060000,0,PR1_HT1_EC1,Full,S025@corridor@binding:i101:nsga2:s1060000:r0:PR1_HT1_EC1:6abe6f291736,645b3a3c554829d2bd7eb3bdb04173d87542d672d7bd6ed69c292de4d1047953,p0003,v2,3db3e16c9e8b69de801b09fab80fce6ef5ba042230707f3cdbc933e0743523e8,full,3db3e16c9e8b69de801b09fab80fce6ef5ba042230707f3cdbc933e0743523e8,nsga2,34a541f36ca10733,7.314589665654514,853.6717993018128,-0.0,7.314589665654514,853.6717993018128,-0.0,0.0,0.0,0.0,0.24316109422476506,0.0,0.6666666666666666,432.20000000010464,False,True,True,
S025,corridor,binding,101,1060000,0,PR1_HT1_EC1,Full,S025@corridor@binding:i101:nsga2:s1060000:r0:PR1_HT1_EC1:6abe6f291736,645b3a3c554829d2bd7eb3bdb04173d87542d672d7bd6ed69c292de4d1047953,p0004,v2,3db3e16c9e8b69de801b09fab80fce6ef5ba042230707f3cdbc933e0743523e8,full,3db3e16c9e8b69de801b09fab80fce6ef5ba042230707f3cdbc933e0743523e8,nsga2,e64a4ace8818d65d,7.267762158055477,998.4583669482848,-0.0,7.267762158055477,998.4583669482848,-0.0,0.0,0.0,0.0,0.2583586626138712,0.0,0.5,422.2000000000728,False,True,True,
S025,corridor,binding,101,1060000,0,PR1_HT1_EC1,Full,S025@corridor@binding:i101:nsga2:s1060000:r0:PR1_HT1_EC1:6abe6f291736,645b3a3c554829d2bd7eb3bdb04173d87542d672d7bd6ed69c292de4d1047953,p0005,v2,3db3e16c9e8b69de801b09fab80fce6ef5ba042230707f3cdbc933e0743523e8,full,3db3e16c9e8b69de801b09fab80fce6ef5ba042230707f3cdbc933e0743523e8,nsga2,48d2341bc8f2da12,7.282959726444535,942.5038155281543,-0.0,7.282959726444535,942.5038155281543,-0.0,0.0,0.0,0.0,0.25075987841934233,0.0,0.5,427.2000000000728,False,True,True,
S025,corridor,binding,101,1060001,1,PR0_HT1_EC1,No-PR,S025@corridor@binding:i101:nsga2:s1060001:r1:PR0_HT1_EC1:4b9ec6e4ad81,645b3a3c554829d2bd7eb3bdb04173d87542d672d7bd6ed69c292de4d1047953,p0001,v2,de8b8e8a34ece7f905423c9621cbf8d1a1d8961cc2c69f808b39887881b58fb8,full,3db3e16c9e8b69de801b09fab80fce6ef5ba042230707f3cdbc933e0743523e8,nsga2,bbb6154797241ada,7.244965805471891,1025.9576283076326,-0.0,7.270942586699128,1140.7646644974393,-0.0,0.025976781227237566,114.8070361898067,0.0,0.2712519981416009,0.0,0.5,413.71618522282665,True,False,True,
S025,corridor,binding,101,1060001,1,PR0_HT1_EC1,No-PR,S025@corridor@binding:i101:nsga2:s1060001:r1:PR0_HT1_EC1:4b9ec6e4ad81,645b3a3c554829d2bd7eb3bdb04173d87542d672d7bd6ed69c292de4d1047953,p0002,v2,de8b8e8a34ece7f905423c9621cbf8d1a1d8961cc2c69f808b39887881b58fb8,full,3db3e16c9e8b69de801b09fab80fce6ef5ba042230707f3cdbc933e0743523e8,nsga2,2a137671946c2f62,7.268996960487343,993.0801635014218,-0.0,7.290595140285654,1138.5441709132747,-0.0,0.021598179798311357,145.4640074118529,0.0,0.2712519981416009,0.0,0.5,413.71618522282665,False,False,True,
S025,corridor,binding,101,1060001,1,PR0_HT1_EC1,No-PR,S025@corridor@binding:i101:nsga2:s1060001:r1:PR0_HT1_EC1:4b9ec6e4ad81,645b3a3c554829d2bd7eb3bdb04173d87542d672d7bd6ed69c292de4d1047953,p0003,v2,de8b8e8a34ece7f905423c9621cbf8d1a1d8961cc2c69f808b39887881b58fb8,full,3db3e16c9e8b69de801b09fab80fce6ef5ba042230707f3cdbc933e0743523e8,nsga2,8076ac76be62f784,7.282959726444535,929.7265282240293,-0.0,7.244965805471879,1033.6498264992122,-0.0,-0.03799392097265564,103.9232982751829,0.0,0.26595744680840283,0.0,0.5,417.200000000071,False,False,True,
S025,corridor,binding,101,1060001,1,PR0_HT1_EC1,No-PR,S025@corridor@binding:i101:nsga2:s1060001:r1:PR0_HT1_EC1:4b9ec6e4ad81,645b3a3c554829d2bd7eb3bdb04173d87542d672d7bd6ed69c292de4d1047953,p0004,v2,de8b8e8a34ece7f905423c9621cbf8d1a1d8961cc2c69f808b39887881b58fb8,full,3db3e16c9e8b69de801b09fab80fce6ef5ba042230707f3cdbc933e0743523e8,nsga2,701d3ec799fe7331,7.290558510639063,886.5492641080237,-0.0,7.290558510639063,886.5492641080237,-0.0,0.0,0.0,0.0,0.24316109422481344,0.0,0.6666666666666666,432.2000000000728,False,False,True,
S025,corridor,binding,101,1060001,1,PR0_HT1_EC1,No-PR,S025@corridor@binding:i101:nsga2:s1060001:r1:PR0_HT1_EC1:4b9ec6e4ad81,645b3a3c554829d2bd7eb3bdb04173d87542d672d7bd6ed69c292de4d1047953,p0005,v2,de8b8e8a34ece7f905423c9621cbf8d1a1d8961cc2c69f808b39887881b58fb8,full,3db3e16c9e8b69de801b09fab80fce6ef5ba042230707f3cdbc933e0743523e8,nsga2,ae6eaab1a7e0abf7,7.314589665654514,853.6717993018128,-0.0,7.314589665654514,853.6717993018128,-0.0,0.0,0.0,0.0,0.24316109422476506,0.0,0.6666666666666666,432.20000000010464,False,False,True,
S025,corridor,binding,101,1060001,1,PR1_HT0_EC1,No-HT,S025@corridor@binding:i101:nsga2:s1060001:r1:PR1_HT0_EC1:9b2b37d019cc,645b3a3c554829d2bd7eb3bdb04173d87542d672d7bd6ed69c292de4d1047953,p0001,v2,20ebd73a2a1187f31d4627f21616478e6c3c33883daf0b50ae2cbc6aba42f775,full,3db3e16c9e8b69de801b09fab80fce6ef5ba042230707f3cdbc933e0743523e8,nsga2,07394de1f8455fb2,7.244965805471879,1033.6498264992122,-0.0,7.244965805471879,1033.6498264992122,-0.0,0.0,0.0,0.0,0.26595744680840283,0.0,0.5,417.200000000071,True,False,True,
S025,corridor,binding,101,1060001,1,PR1_HT0_EC1,No-HT,S025@corridor@binding:i101:nsga2:s1060001:r1:PR1_HT0_EC1:9b2b37d019cc,645b3a3c554829d2bd7eb3bdb04173d87542d672d7bd6ed69c292de4d1047953,p0002,v2,20ebd73a2a1187f31d4627f21616478e6c3c33883daf0b50ae2cbc6aba42f775,full,3db3e16c9e8b69de801b09fab80fce6ef5ba042230707f3cdbc933e0743523e8,nsga2,cee00508654754d2,7.290558510639063,886.5492641080237,-0.0,7.290558510639063,886.5492641080237,-0.0,0.0,0.0,0.0,0.24316109422481344,0.0,0.6666666666666666,432.2000000000728,False,False,True,
S025,corridor,binding,101,1060001,1,PR1_HT0_EC1,No-HT,S025@corridor@binding:i101:nsga2:s1060001:r1:PR1_HT0_EC1:9b2b37d019cc,645b3a3c554829d2bd7eb3bdb04173d87542d672d7bd6ed69c292de4d1047953,p0003,v2,20ebd73a2a1187f31d4627f21616478e6c3c33883daf0b50ae2cbc6aba42f775,full,3db3e16c9e8b69de801b09fab80fce6ef5ba042230707f3cdbc933e0743523e8,nsga2,0ad02fa191f2a34d,7.314589665654514,853.6717993018128,-0.0,7.314589665654514,853.6717993018128,-0.0,0.0,0.0,0.0,0.24316109422476506,0.0,0.6666666666666666,432.20000000010464,False,False,True,
S025,corridor,binding,101,1060001,1,PR1_HT0_EC1,No-HT,S025@corridor@binding:i101:nsga2:s1060001:r1:PR1_HT0_EC1:9b2b37d019cc,645b3a3c554829d2bd7eb3bdb04173d87542d672d7bd6ed69c292de4d1047953,p0004,v2,20ebd73a2a1187f31d4627f21616478e6c3c33883daf0b50ae2cbc6aba42f775,full,3db3e16c9e8b69de801b09fab80fce6ef5ba042230707f3cdbc933e0743523e8,nsga2,1c6016b980052832,7.267762158055477,998.4583669482848,-0.0,7.267762158055477,998.4583669482848,-0.0,0.0,0.0,0.0,0.2583586626138712,0.0,0.5,422.2000000000728,False,False,True,
S025,corridor,binding,101,1060001,1,PR1_HT0_EC1,No-HT,S025@corridor@binding:i101:nsga2:s1060001:r1:PR1_HT0_EC1:9b2b37d019cc,645b3a3c554829d2bd7eb3bdb04173d87542d672d7bd6ed69c292de4d1047953,p0005,v2,20ebd73a2a1187f31d4627f21616478e6c3c33883daf0b50ae2cbc6aba42f775,full,3db3e16c9e8b69de801b09fab80fce6ef5ba042230707f3cdbc933e0743523e8,nsga2,c85457e8824e5b29,7.282959726444535,942.5038155281543,-0.0,7.282959726444535,942.5038155281543,-0.0,0.0,0.0,0.0,0.25075987841934233,0.0,0.5,427.2000000000728,False,False,True,
S025,corridor,binding,101,1060001,1,PR1_HT1_EC0,No-EC,S025@corridor@binding:i101:nsga2:s1060001:r1:PR1_HT1_EC0:41a513b2b48a,645b3a3c554829d2bd7eb3bdb04173d87542d672d7bd6ed69c292de4d1047953,p0001,v2,b804b0bc9aee9949b649092388424f1532bed4a0320656bce8da3ecd7d67d5c5,full,3db3e16c9e8b69de801b09fab80fce6ef5ba042230707f3cdbc933e0743523e8,nsga2,cde6c0b29343e286,4.528251717410251,5033.3811674421795,-0.8678714859436998,7.258018366288641,1258.272908587462,-0.0,2.72976664887839,-3775.1082588547174,0.8678714859436998,0.2811550151975684,0.0,0.5,407.20000000000005,True,False,True,
S025,corridor,binding,101,1060001,1,PR1_HT1_EC0,No-EC,S025@corridor@binding:i101:nsga2:s1060001:r1:PR1_HT1_EC0:41a513b2b48a,645b3a3c554829d2bd7eb3bdb04173d87542d672d7bd6ed69c292de4d1047953,p0002,v2,b804b0bc9aee9949b649092388424f1532bed4a0320656bce8da3ecd7d67d5c5,full,3db3e16c9e8b69de801b09fab80fce6ef5ba042230707f3cdbc933e0743523e8,nsga2,d7d8f4216d54b61f,4.557776101259622,5001.5427316447585,-0.8678714859436649,7.258018366288641,1271.4843809724935,-0.0,2.7002422650290194,-3730.058350672265,0.8678714859436649,0.2811550151975684,0.0,0.5,407.20000000000005,False,False,True,
S025,corridor,binding,101,1060001,1,PR1_HT1_EC0,No-EC,S025@corridor@binding:i101:nsga2:s1060001:r1:PR1_HT1_EC0:41a513b2b48a,645b3a3c554829d2bd7eb3bdb04173d87542d672d7bd6ed69c292de4d1047953,p0003,v2,b804b0bc9aee9949b649092388424f1532bed4a0320656bce8da3ecd7d67d5c5,full,3db3e16c9e8b69de801b09fab80fce6ef5ba042230707f3cdbc933e0743523e8,nsga2,468011bdc9e2de6a,4.544170196602644,5024.500643650092,-0.8678714859437232,7.258018366288641,1271.4843809724935,-0.0,2.7138481696859973,-3753.016262677598,0.8678714859437232,0.2811550151975684,0.0,0.5,407.20000000000005,False,False,True,
S025,corridor,binding,101,1060001,1,PR1_HT1_EC0,No-EC,S025@corridor@binding:i101:nsga2:s1060001:r1:PR1_HT1_EC0:41a513b2b48a,645b3a3c554829d2bd7eb3bdb04173d87542d672d7bd6ed69c292de4d1047953,p0004,v2,b804b0bc9aee9949b649092388424f1532bed4a0320656bce8da3ecd7d67d5c5,full,3db3e16c9e8b69de801b09fab80fce6ef5ba042230707f3cdbc933e0743523e8,nsga2,a04955248dc4d9f6,4.532757880055506,5027.05519257525,-0.8678714859437232,7.258018366288641,1267.2267994305632,-0.0,2.725260486233135,-3759.8283931446867,0.8678714859437232,0.2811550151975684,0.0,0.5,407.20000000000005,False,False,True,
S025,corridor,binding,101,1060001,1,PR1_HT1_EC0,No-EC,S025@corridor@binding:i101:nsga2:s1060001:r1:PR1_HT1_EC0:41a513b2b48a,645b3a3c554829d2bd7eb3bdb04173d87542d672d7bd6ed69c292de4d1047953,p0005,v2,b804b0bc9aee9949b649092388424f1532bed4a0320656bce8da3ecd7d67d5c5,full,3db3e16c9e8b69de801b09fab80fce6ef5ba042230707f3cdbc933e0743523e8,nsga2,40101ead267182f7,5.81048087756818,3894.531295765675,-0.5792682926829268,7.244965805471879,1106.7093218783841,-0.0,1.434484927903699,-2787.8219738872913,0.5792682926829268,0.26595744680840283,0.0,0.5,417.200000000071,False,False,True,
S025,corridor,binding,101,1060001,1,PR1_HT1_EC0,No-EC,S025@corridor@binding:i101:nsga2:s1060001:r1:PR1_HT1_EC0:41a513b2b48a,645b3a3c554829d2bd7eb3bdb04173d87542d672d7bd6ed69c292de4d1047953,p0006,v2,b804b0bc9aee9949b649092388424f1532bed4a0320656bce8da3ecd7d67d5c5,full,3db3e16c9e8b69de801b09fab80fce6ef5ba042230707f3cdbc933e0743523e8,nsga2,c074bb4f3b1fdc02,5.842915287098676,3870.041163068089,-0.5612244897959183,7.244965805471879,1033.6498264992122,-0.0,1.402050518373203,-2836.391336568877,0.5612244897959183,0.26595744680840283,0.0,0.5,417.200000000071,False,False,True,
S025,corridor,binding,101,1060001,1,PR1_HT1_EC0,No-EC,S025@corridor@binding:i101:nsga2:s1060001:r1:PR1_HT1_EC0:41a513b2b48a,645b3a3c554829d2bd7eb3bdb04173d87542d672d7bd6ed69c292de4d1047953,p0007,v2,b804b0bc9aee9949b649092388424f1532bed4a0320656bce8da3ecd7d67d5c5,full,3db3e16c9e8b69de801b09fab80fce6ef5ba042230707f3cdbc933e0743523e8,nsga2,b4a2b042dad81920,5.785258646099938,3898.9258448788005,-0.5,7.244965805471879,1106.7093218783841,-0.0,1.4597071593719413,-2792.2165230004166,0.5,0.26595744680840283,0.0,0.5,417.200000000071,False,False,True,
S025,corridor,binding,101,1060001,1,PR1_HT1_EC0,No-EC,S025@corridor@binding:i101:nsga2:s1060001:r1:PR1_HT1_EC0:41a513b2b48a,645b3a3c554829d2bd7eb3bdb04173d87542d672d7bd6ed69c292de4d1047953,p0008,v2,b804b0bc9aee9949b649092388424f1532bed4a0320656bce8da3ecd7d67d5c5,full,3db3e16c9e8b69de801b09fab80fce6ef5ba042230707f3cdbc933e0743523e8,nsga2,6dfa80e04e5919d7,6.0236621085210755,3572.5271295732837,-0.5,7.244965805471879,1121.524179655773,-0.0,1.2213036969508035,-2451.0029499175107,0.5,0.26595744680840283,0.0,0.5,417.200000000071,False,False,True,
S025,corridor,binding,101,1060001,1,PR1_HT1_EC0,No-EC,S025@corridor@binding:i101:nsga2:s1060001:r1:PR1_HT1_EC0:41a513b2b48a,645b3a3c554829d2bd7eb3bdb04173d87542d672d7bd6ed69c292de4d1047953,p0009,v2,b804b0bc9aee9949b649092388424f1532bed4a0320656bce8da3ecd7d67d5c5,full,3db3e16c9e8b69de801b09fab80fce6ef5ba042230707f3cdbc933e0743523e8,nsga2,067792ec464a0150,5.780334523195965,4068.530598972646,-0.44871794871794873,7.244965805471879,1118.9696307306147,-0.0,1.4646312822759144,-2949.560968242032,0.44871794871794873,0.26595744680840283,0.0,0.5,417.200000000071,False,False,True,
S025,corridor,binding,101,1060001,1,PR1_HT1_EC0,No-EC,S025@corridor@binding:i101:nsga2:s1060001:r1:PR1_HT1_EC0:41a513b2b48a,645b3a3c554829d2bd7eb3bdb04173d87542d672d7bd6ed69c292de4d1047953,p0010,v2,b804b0bc9aee9949b649092388424f1532bed4a0320656bce8da3ecd7d67d5c5,full,3db3e16c9e8b69de801b09fab80fce6ef5ba042230707f3cdbc933e0743523e8,nsga2,b16a9496cdb03dea,6.0355583567059385,3549.56921756795,-0.44871794871794873,7.244965805471879,1121.524179655773,-0.0,1.2094074487659405,-2428.045037912177,0.44871794871794873,0.26595744680840283,0.0,0.5,417.200000000071,False,False,True,
S025,corridor,binding,101,1060001,1,PR1_HT1_EC0,No-EC,S025@corridor@binding:i101:nsga2:s1060001:r1:PR1_HT1_EC0:41a513b2b48a,645b3a3c554829d2bd7eb3bdb04173d87542d672d7bd6ed69c292de4d1047953,p0011,v2,b804b0bc9aee9949b649092388424f1532bed4a0320656bce8da3ecd7d67d5c5,full,3db3e16c9e8b69de801b09fab80fce6ef5ba042230707f3cdbc933e0743523e8,nsga2,23d5b91228933f15,5.782722745447652,3872.732679564443,-0.4166666666666667,7.244965805471879,1104.1547729532258,-0.0,1.4622430600242273,-2768.5779066112173,0.4166666666666667,0.26595744680840283,0.0,0.5,417.200000000071,False,False,True,
S025,corridor,binding,101,1060001,1,PR1_HT1_EC0,No-EC,S025@corridor@binding:i101:nsga2:s1060001:r1:PR1_HT1_EC0:41a513b2b48a,645b3a3c554829d2bd7eb3bdb04173d87542d672d7bd6ed69c292de4d1047953,p0012,v2,b804b0bc9aee9949b649092388424f1532bed4a0320656bce8da3ecd7d67d5c5,full,3db3e16c9e8b69de801b09fab80fce6ef5ba042230707f3cdbc933e0743523e8,nsga2,be015661f313f078,6.2793633692503255,3349.7322392706646,-0.36585365853658536,7.267762158055466,1000.3491342347992,-0.0,0.9883987888051404,-2349.3831050358654,0.36585365853658536,0.25835866261387397,0.0,0.5,422.200000000071,False,False,True,
S025,corridor,binding,101,1060001,1,PR1_HT1_EC0,No-EC,S025@corridor@binding:i101:nsga2:s1060001:r1:PR1_HT1_EC0:41a513b2b48a,645b3a3c554829d2bd7eb3bdb04173d87542d672d7bd6ed69c292de4d1047953,p0013,v2,b804b0bc9aee9949b649092388424f1532bed4a0320656bce8da3ecd7d67d5c5,full,3db3e16c9e8b69de801b09fab80fce6ef5ba042230707f3cdbc933e0743523e8,nsga2,339a15a8a6ef7f92,6.180294175956368,3526.6113055626165,-0.36585365853658536,7.244965805471879,1048.464684276601,-0.0,1.0646716295155114,-2478.1466212860155,0.36585365853658536,0.26595744680840283,0.0,0.5,417.200000000071,False,False,True,
S025,corridor,binding,101,1060001,1,PR1_HT1_EC0,No-EC,S025@corridor@binding:i101:nsga2:s1060001:r1:PR1_HT1_EC0:41a513b2b48a,645b3a3c554829d2bd7eb3bdb04173d87542d672d7bd6ed69c292de4d1047953,p0014,v2,b804b0bc9aee9949b649092388424f1532bed4a0320656bce8da3ecd7d67d5c5,full,3db3e16c9e8b69de801b09fab80fce6ef5ba042230707f3cdbc933e0743523e8,nsga2,76aa89236e78ebea,6.267580109772,3373.5416675843844,-0.3353658536585366,7.267762158055466,1049.0554644875806,-0.0,1.0001820482834658,-2324.486203096804,0.3353658536585366,0.25835866261387397,0.0,0.5,422.200000000071,False,False,True,
S025,corridor,binding,101,1060001,1,PR1_HT1_EC0,No-EC,S025@corridor@binding:i101:nsga2:s1060001:r1:PR1_HT1_EC0:41a513b2b48a,645b3a3c554829d2bd7eb3bdb04173d87542d672d7bd6ed69c292de4d1047953,p0015,v2,b804b0bc9aee9949b649092388424f1532bed4a0320656bce8da3ecd7d67d5c5,full,3db3e16c9e8b69de801b09fab80fce6ef5ba042230707f3cdbc933e0743523e8,nsga2,e9e21ac184db1498,6.099795979309597,3526.611305562616,-0.3333333333333333,7.244965805471879,1048.464684276601,-0.0,1.1451698261622818,-2478.146621286015,0.3333333333333333,0.26595744680840283,0.0,0.5,417.200000000071,False,False,True,
S025,corridor,binding,101,1060001,1,PR1_HT1_EC0,No-EC,S025@corridor@binding:i101:nsga2:s1060001:r1:PR1_HT1_EC0:41a513b2b48a,645b3a3c554829d2bd7eb3bdb04173d87542d672d7bd6ed69c292de4d1047953,p0016,v2,b804b0bc9aee9949b649092388424f1532bed4a0320656bce8da3ecd7d67d5c5,full,3db3e16c9e8b69de801b09fab80fce6ef5ba042230707f3cdbc933e0743523e8,nsga2,7912670dc5fbb7ed,6.250103320167317,3445.0664555048243,-0.2564102564102564,7.2917933130709285,1014.4749670645974,-0.0,1.0416899929036116,-2430.591488440227,0.2564102564102564,0.2583586626138228,0.0,0.5,422.20000000010464,False,False,True,
S025,corridor,binding,101,1060001,1,PR1_HT1_EC0,No-EC,S025@corridor@binding:i101:nsga2:s1060001:r1:PR1_HT1_EC0:41a513b2b48a,645b3a3c554829d2bd7eb3bdb04173d87542d672d7bd6ed69c292de4d1047953,p0017,v2,b804b0bc9aee9949b649092388424f1532bed4a0320656bce8da3ecd7d67d5c5,full,3db3e16c9e8b69de801b09fab80fce6ef5ba042230707f3cdbc933e0743523e8,nsga2,637d492448999406,6.539311951730267,2434.52973350195,-0.25510204081632654,7.267762158055477,1047.3524318708082,-0.0,0.7284502063252107,-1387.1773016311417,0.25510204081632654,0.2583586626138712,0.0,0.5,422.2000000000728,False,False,True,
S025,corridor,binding,101,1060001,1,PR1_HT1_EC0,No-EC,S025@corridor@binding:i101:nsga2:s1060001:r1:PR1_HT1_EC0:41a513b2b48a,645b3a3c554829d2bd7eb3bdb04173d87542d672d7bd6ed69c292de4d1047953,p0018,v2,b804b0bc9aee9949b649092388424f1532bed4a0320656bce8da3ecd7d67d5c5,full,3db3e16c9e8b69de801b09fab80fce6ef5ba042230707f3cdbc933e0743523e8,nsga2,84819052b6e41a5b,6.273297024848562,3349.7322392706646,-0.25,7.267762158055466,1000.3491342347992,-0.0,0.9944651332069041,-2349.3831050358654,0.25,0.25835866261387397,0.0,0.5,422.200000000071,False,False,True,
S025,corridor,binding,101,1060001,1,PR1_HT1_EC0,No-EC,S025@corridor@binding:i101:nsga2:s1060001:r1:PR1_HT1_EC0:41a513b2b48a,645b3a3c554829d2bd7eb3bdb04173d87542d672d7bd6ed69c292de4d1047953,p0019,v2,b804b0bc9aee9949b649092388424f1532bed4a0320656bce8da3ecd7d67d5c5,full,3db3e16c9e8b69de801b09fab80fce6ef5ba042230707f3cdbc933e0743523e8,nsga2,575f7d9b64b6f811,6.543885120444341,2412.423337805002,-0.24390243902439024,7.267762158055477,1049.0554644875806,-0.0,0.7238770376111363,-1363.3678733174215,0.24390243902439024,0.2583586626138712,0.0,0.5,422.2000000000728,False,False,True,
S025,corridor,binding,101,1060001,1,PR1_HT1_EC0,No-EC,S025@corridor@binding:i101:nsga2:s1060001:r1:PR1_HT1_EC0:41a513b2b48a,645b3a3c554829d2bd7eb3bdb04173d87542d672d7bd6ed69c292de4d1047953,p0020,v2,b804b0bc9aee9949b649092388424f1532bed4a0320656bce8da3ecd7d67d5c5,full,3db3e16c9e8b69de801b09fab80fce6ef5ba042230707f3cdbc933e0743523e8,nsga2,26ac73063e9d7d56,6.534931078179168,2458.8828986283406,-0.19230769230769232,7.267762158055477,1049.0554644875806,-0.0,0.7328310798763091,-1409.82743414076,0.19230769230769232,0.2583586626138712,0.0,0.5,422.2000000000728,False,False,True,
S025,corridor,binding,101,1060001,1,PR1_HT1_EC0,No-EC,S025@corridor@binding:i101:nsga2:s1060001:r1:PR1_HT1_EC0:41a513b2b48a,645b3a3c554829d2bd7eb3bdb04173d87542d672d7bd6ed69c292de4d1047953,p0021,v2,b804b0bc9aee9949b649092388424f1532bed4a0320656bce8da3ecd7d67d5c5,full,3db3e16c9e8b69de801b09fab80fce6ef5ba042230707f3cdbc933e0743523e8,nsga2,2c549ce1f8669e9d,6.536449952593118,2458.3391618156697,-0.19230769230769232,7.267762158055477,1049.0554644875806,-0.0,0.7313122054623591,-1409.2836973280891,0.19230769230769232,0.2583586626138712,0.0,0.5,422.2000000000728,False,False,True,
S025,corridor,binding,101,1060001,1,PR1_HT1_EC0,No-EC,S025@corridor@binding:i101:nsga2:s1060001:r1:PR1_HT1_EC0:41a513b2b48a,645b3a3c554829d2bd7eb3bdb04173d87542d672d7bd6ed69c292de4d1047953,p0022,v2,b804b0bc9aee9949b649092388424f1532bed4a0320656bce8da3ecd7d67d5c5,full,3db3e16c9e8b69de801b09fab80fce6ef5ba042230707f3cdbc933e0743523e8,nsga2,fc9737bacfc850e2,6.255808710876239,3443.5028772257274,-0.19230769230769232,7.267762158055466,1049.0554644875806,-0.0,1.011953447179227,-2394.447412738147,0.19230769230769232,0.25835866261387397,0.0,0.5,422.200000000071,False,False,True,
S025,corridor,binding,101,1060001,1,PR1_HT1_EC0,No-EC,S025@corridor@binding:i101:nsga2:s1060001:r1:PR1_HT1_EC0:41a513b2b48a,645b3a3c554829d2bd7eb3bdb04173d87542d672d7bd6ed69c292de4d1047953,p0023,v2,b804b0bc9aee9949b649092388424f1532bed4a0320656bce8da3ecd7d67d5c5,full,3db3e16c9e8b69de801b09fab80fce6ef5ba042230707f3cdbc933e0743523e8,nsga2,aaf842450f2bc341,6.585753725383067,2388.9216889869977,-0.18292682926829268,7.267762158055477,1000.3491342347992,-0.0,0.6820084326724105,-1388.5725547521984,0.18292682926829268,0.2583586626138712,0.0,0.5,422.2000000000728,False,False,True,
S025,corridor,binding,101,1060001,1,PR1_HT1_EC0,No-EC,S025@corridor@binding:i101:nsga2:s1060001:r1:PR1_HT1_EC0:41a513b2b48a,645b3a3c554829d2bd7eb3bdb04173d87542d672d7bd6ed69c292de4d1047953,p0024,v2,b804b0bc9aee9949b649092388424f1532bed4a0320656bce8da3ecd7d67d5c5,full,3db3e16c9e8b69de801b09fab80fce6ef5ba042230707f3cdbc933e0743523e8,nsga2,3a200aac0cabf280,6.536785274177634,2412.423337805002,-0.16666666666666666,7.267762158055477,1049.0554644875806,-0.0,0.730976883877843,-1363.3678733174215,0.16666666666666666,0.2583586626138712,0.0,0.5,422.2000000000728,False,False,True,
S025,corridor,binding,101,1060001,1,PR1_HT1_EC0,No-EC,S025@corridor@binding:i101:nsga2:s1060001:r1:PR1_HT1_EC0:41a513b2b48a,645b3a3c554829d2bd7eb3bdb04173d87542d672d7bd6ed69c292de4d1047953,p0025,v2,b804b0bc9aee9949b649092388424f1532bed4a0320656bce8da3ecd7d67d5c5,full,3db3e16c9e8b69de801b09fab80fce6ef5ba042230707f3cdbc933e0743523e8,nsga2,1946b47b0a378817,6.533343815810775,2435.9249866230066,-0.16666666666666666,7.267762158055477,1049.0554644875806,-0.0,0.7344183422447026,-1386.869522135426,0.16666666666666666,0.2583586626138712,0.0,0.5,422.2000000000728,False,False,True,
S025,corridor,binding,101,1060001,1,PR1_HT1_EC0,No-EC,S025@corridor@binding:i101:nsga2:s1060001:r1:PR1_HT1_EC0:41a513b2b48a,645b3a3c554829d2bd7eb3bdb04173d87542d672d7bd6ed69c292de4d1047953,p0026,v2,b804b0bc9aee9949b649092388424f1532bed4a0320656bce8da3ecd7d67d5c5,full,3db3e16c9e8b69de801b09fab80fce6ef5ba042230707f3cdbc933e0743523e8,nsga2,aa19ecd037343251,6.249856845779573,3374.629141209726,-0.16666666666666666,7.267762158055466,1049.0554644875806,-0.0,1.017905312275893,-2325.5736767221456,0.16666666666666666,0.25835866261387397,0.0,0.5,422.200000000071,False,False,True,
S025,corridor,binding,101,1060001,1,PR1_HT1_EC0,No-EC,S025@corridor@binding:i101:nsga2:s1060001:r1:PR1_HT1_EC0:41a513b2b48a,645b3a3c554829d2bd7eb3bdb04173d87542d672d7bd6ed69c292de4d1047953,p0027,v2,b804b0bc9aee9949b649092388424f1532bed4a0320656bce8da3ecd7d67d5c5,full,3db3e16c9e8b69de801b09fab80fce6ef5ba042230707f3cdbc933e0743523e8,nsga2,043aa8b9d211db22,6.616349861970663,2388.3779521743268,-0.12195121951219512,7.267762158055477,1000.3491342347992,-0.0,0.6514122960848141,-1388.0288179395275,0.12195121951219512,0.2583586626138712,0.0,0.5,422.2000000000728,False,False,True,
S025,corridor,binding,101,1060001,1,PR1_HT1_EC0,No-EC,S025@corridor@binding:i101:nsga2:s1060001:r1:PR1_HT1_EC0:41a513b2b48a,645b3a3c554829d2bd7eb3bdb04173d87542d672d7bd6ed69c292de4d1047953,p0028,v2,b804b0bc9aee9949b649092388424f1532bed4a0320656bce8da3ecd7d67d5c5,full,3db3e16c9e8b69de801b09fab80fce6ef5ba042230707f3cdbc933e0743523e8,nsga2,947386b43aadff72,6.904635258359354,704.0078882202506,-0.0,7.290558510639063,886.5492641080237,-0.0,0.38592325227970914,182.54137588777314,0.0,0.24316109422481344,0.0,0.6666666666666666,432.2000000000728,False,False,True,
S025,corridor,binding,101,1060001,1,PR1_HT1_EC0,No-EC,S025@corridor@binding:i101:nsga2:s1060001:r1:PR1_HT1_EC0:41a513b2b48a,645b3a3c554829d2bd7eb3bdb04173d87542d672d7bd6ed69c292de4d1047953,p0029,v2,b804b0bc9aee9949b649092388424f1532bed4a0320656bce8da3ecd7d67d5c5,full,3db3e16c9e8b69de801b09fab80fce6ef5ba042230707f3cdbc933e0743523e8,nsga2,8ce9b0c32db37d16,6.604064881554189,2285.8554872748778,-0.0,7.267762158055477,998.4583669482848,-0.0,0.6636972765012885,-1287.3971203265928,0.0,0.2583586626138712,0.0,0.5,422.2000000000728,False,False,True,
S025,corridor,binding,101,1060001,1,PR1_HT1_EC0,No-EC,S025@corridor@binding:i101:nsga2:s1060001:r1:PR1_HT1_EC0:41a513b2b48a,645b3a3c554829d2bd7eb3bdb04173d87542d672d7bd6ed69c292de4d1047953,p0030,v2,b804b0bc9aee9949b649092388424f1532bed4a0320656bce8da3ecd7d67d5c5,full,3db3e16c9e8b69de801b09fab80fce6ef5ba042230707f3cdbc933e0743523e8,nsga2,5158fd3aa05e6f2d,6.5701306526149725,2333.7103012192733,-0.0,7.267762158055477,1045.4616645842939,-0.0,0.6976315054405049,-1288.2486366349794,0.0,0.2583586626138712,0.0,0.5,422.2000000000728,False,False,True,
S025,corridor,binding,101,1060001,1,PR1_HT1_EC0,No-EC,S025@corridor@binding:i101:nsga2:s1060001:r1:PR1_HT1_EC0:41a513b2b48a,645b3a3c554829d2bd7eb3bdb04173d87542d672d7bd6ed69c292de4d1047953,p0031,v2,b804b0bc9aee9949b649092388424f1532bed4a0320656bce8da3ecd7d67d5c5,full,3db3e16c9e8b69de801b09fab80fce6ef5ba042230707f3cdbc933e0743523e8,nsga2,d6a9e3ba52323427,6.574284669348502,2311.0601687096546,-0.0,7.267762158055477,1047.1646972010662,-0.0,0.693477488706975,-1263.8954715085883,0.0,0.2583586626138712,0.0,0.5,422.2000000000728,False,False,True,
S025,corridor,binding,101,1060001,1,PR1_HT1_EC0,No-EC,S025@corridor@binding:i101:nsga2:s1060001:r1:PR1_HT1_EC0:41a513b2b48a,645b3a3c554829d2bd7eb3bdb04173d87542d672d7bd6ed69c292de4d1047953,p0032,v2,b804b0bc9aee9949b649092388424f1532bed4a0320656bce8da3ecd7d67d5c5,full,3db3e16c9e8b69de801b09fab80fce6ef5ba042230707f3cdbc933e0743523e8,nsga2,f2aa96908f6d8998,6.874240121581239,1149.6055622140414,-0.0,7.290558510639063,886.5492641080237,-0.0,0.4163183890578246,-263.0562981060176,0.0,0.24316109422481344,0.0,0.6666666666666666,432.2000000000728,False,False,True,
S025,corridor,binding,101,1060001,1,PR1_HT1_EC0,No-EC,S025@corridor@binding:i101:nsga2:s1060001:r1:PR1_HT1_EC0:41a513b2b48a,645b3a3c554829d2bd7eb3bdb04173d87542d672d7bd6ed69c292de4d1047953,p0033,v2,b804b0bc9aee9949b649092388424f1532bed4a0320656bce8da3ecd7d67d5c5,full,3db3e16c9e8b69de801b09fab80fce6ef5ba042230707f3cdbc933e0743523e8,nsga2,8d5a63dcd227d2d2,6.880831837991047,1055.598966942023,-0.0,7.290558510639063,886.5492641080237,-0.0,0.40972667264801643,-169.04970283399928,0.0,0.24316109422481344,0.0,0.6666666666666666,432.2000000000728,False,False,True,
S025,corridor,binding,101,1060001,1,PR1_HT1_EC0,No-EC,S025@corridor@binding:i101:nsga2:s1060001:r1:PR1_HT1_EC0:41a513b2b48a,645b3a3c554829d2bd7eb3bdb04173d87542d672d7bd6ed69c292de4d1047953,p0034,v2,b804b0bc9aee9949b649092388424f1532bed4a0320656bce8da3ecd7d67d5c5,full,3db3e16c9e8b69de801b09fab80fce6ef5ba042230707f3cdbc933e0743523e8,nsga2,095f1a4c37cef303,6.770420588128572,1860.5995778659335,-0.0,7.290558510639063,886.5492641080237,-0.0,0.5201379225104912,-974.0503137579097,0.0,0.24316109422481344,0.0,0.6666666666666666,432.2000000000728,False,False,True,
S025,corridor,binding,101,1060001,1,PR1_HT1_EC0,No-EC,S025@corridor@binding:i101:nsga2:s1060001:r1:PR1_HT1_EC0:41a513b2b48a,645b3a3c554829d2bd7eb3bdb04173d87542d672d7bd6ed69c292de4d1047953,p0035,v2,b804b0bc9aee9949b649092388424f1532bed4a0320656bce8da3ecd7d67d5c5,full,3db3e16c9e8b69de801b09fab80fce6ef5ba042230707f3cdbc933e0743523e8,nsga2,ebfe678f1d3ea05d,6.773899549567069,1841.3555105898593,-0.0,7.290558510639063,886.5492641080237,-0.0,0.516658961071994,-954.8062464818355,0.0,0.24316109422481344,0.0,0.6666666666666666,432.2000000000728,False,False,True,
S025,corridor,binding,101,1060001,1,PR1_HT1_EC0,No-EC,S025@corridor@binding:i101:nsga2:s1060001:r1:PR1_HT1_EC0:41a513b2b48a,645b3a3c554829d2bd7eb3bdb04173d87542d672d7bd6ed69c292de4d1047953,p0036,v2,b804b0bc9aee9949b649092388424f1532bed4a0320656bce8da3ecd7d67d5c5,full,3db3e16c9e8b69de801b09fab80fce6ef5ba042230707f3cdbc933e0743523e8,nsga2,8639fedc8a1c58a1,6.688787063147219,2070.2997547997456,-0.0,7.282959726444535,966.8569806545449,-0.0,0.5941726632973161,-1103.4427741452007,0.0,0.25075987841934233,0.0,0.5,427.2000000000728,False,False,True,
S025,corridor,binding,101,1060001,1,PR1_HT1_EC0,No-EC,S025@corridor@binding:i101:nsga2:s1060001:r1:PR1_HT1_EC0:41a513b2b48a,645b3a3c554829d2bd7eb3bdb04173d87542d672d7bd6ed69c292de4d1047953,p0037,v2,b804b0bc9aee9949b649092388424f1532bed4a0320656bce8da3ecd7d67d5c5,full,3db3e16c9e8b69de801b09fab80fce6ef5ba042230707f3cdbc933e0743523e8,nsga2,a22e679368923521,6.684117930690247,2159.911800958638,-0.0,7.282959726444535,966.8569806545449,-0.0,0.5988417957542875,-1193.0548203040933,0.0,0.25075987841934233,0.0,0.5,427.2000000000728,False,False,True,
S025,corridor,binding,101,1060001,1,PR1_HT1_EC0,No-EC,S025@corridor@binding:i101:nsga2:s1060001:r1:PR1_HT1_EC0:41a513b2b48a,645b3a3c554829d2bd7eb3bdb04173d87542d672d7bd6ed69c292de4d1047953,p0038,v2,b804b0bc9aee9949b649092388424f1532bed4a0320656bce8da3ecd7d67d5c5,full,3db3e16c9e8b69de801b09fab80fce6ef5ba042230707f3cdbc933e0743523e8,nsga2,3dadf5e3f47ea6ef,6.792509897502747,1817.0023454634686,-0.0,7.290558510639063,886.5492641080237,-0.0,0.49804861313631665,-930.4530813554449,0.0,0.24316109422481344,0.0,0.6666666666666666,432.2000000000728,False,False,True,
S025,corridor,binding,101,1060001,1,PR1_HT1_EC0,No-EC,S025@corridor@binding:i101:nsga2:s1060001:r1:PR1_HT1_EC0:41a513b2b48a,645b3a3c554829d2bd7eb3bdb04173d87542d672d7bd6ed69c292de4d1047953,p0039,v2,b804b0bc9aee9949b649092388424f1532bed4a0320656bce8da3ecd7d67d5c5,full,3db3e16c9e8b69de801b09fab80fce6ef5ba042230707f3cdbc933e0743523e8,nsga2,3a9af4cd4ff90ef9,6.716998024736528,2012.0897775835226,-0.0,7.282959726444535,942.5038155281543,-0.0,0.565961701708007,-1069.5859620553683,0.0,0.25075987841934233,0.0,0.5,427.2000000000728,False,False,True,
S025,corridor,binding,101,1060001,1,PR1_HT1_EC1,Full,S025@corridor@binding:i101:nsga2:s1060001:r1:PR1_HT1_EC1:a1f1bd291f41,645b3a3c554829d2bd7eb3bdb04173d87542d672d7bd6ed69c292de4d1047953,p0001,v2,3db3e16c9e8b69de801b09fab80fce6ef5ba042230707f3cdbc933e0743523e8,full,3db3e16c9e8b69de801b09fab80fce6ef5ba042230707f3cdbc933e0743523e8,nsga2,07394de1f8455fb2,7.244965805471879,1033.6498264992122,-0.0,7.244965805471879,1033.6498264992122,-0.0,0.0,0.0,0.0,0.26595744680840283,0.0,0.5,417.200000000071,True,True,True,
S025,corridor,binding,101,1060001,1,PR1_HT1_EC1,Full,S025@corridor@binding:i101:nsga2:s1060001:r1:PR1_HT1_EC1:a1f1bd291f41,645b3a3c554829d2bd7eb3bdb04173d87542d672d7bd6ed69c292de4d1047953,p0002,v2,3db3e16c9e8b69de801b09fab80fce6ef5ba042230707f3cdbc933e0743523e8,full,3db3e16c9e8b69de801b09fab80fce6ef5ba042230707f3cdbc933e0743523e8,nsga2,cee00508654754d2,7.290558510639063,886.5492641080237,-0.0,7.290558510639063,886.5492641080237,-0.0,0.0,0.0,0.0,0.24316109422481344,0.0,0.6666666666666666,432.2000000000728,False,True,True,
S025,corridor,binding,101,1060001,1,PR1_HT1_EC1,Full,S025@corridor@binding:i101:nsga2:s1060001:r1:PR1_HT1_EC1:a1f1bd291f41,645b3a3c554829d2bd7eb3bdb04173d87542d672d7bd6ed69c292de4d1047953,p0003,v2,3db3e16c9e8b69de801b09fab80fce6ef5ba042230707f3cdbc933e0743523e8,full,3db3e16c9e8b69de801b09fab80fce6ef5ba042230707f3cdbc933e0743523e8,nsga2,0ad02fa191f2a34d,7.314589665654514,853.6717993018128,-0.0,7.314589665654514,853.6717993018128,-0.0,0.0,0.0,0.0,0.24316109422476506,0.0,0.6666666666666666,432.20000000010464,False,True,True,
S025,corridor,binding,101,1060001,1,PR1_HT1_EC1,Full,S025@corridor@binding:i101:nsga2:s1060001:r1:PR1_HT1_EC1:a1f1bd291f41,645b3a3c554829d2bd7eb3bdb04173d87542d672d7bd6ed69c292de4d1047953,p0004,v2,3db3e16c9e8b69de801b09fab80fce6ef5ba042230707f3cdbc933e0743523e8,full,3db3e16c9e8b69de801b09fab80fce6ef5ba042230707f3cdbc933e0743523e8,nsga2,1c6016b980052832,7.267762158055477,998.4583669482848,-0.0,7.267762158055477,998.4583669482848,-0.0,0.0,0.0,0.0,0.2583586626138712,0.0,0.5,422.2000000000728,False,True,True,
S025,corridor,binding,101,1060001,1,PR1_HT1_EC1,Full,S025@corridor@binding:i101:nsga2:s1060001:r1:PR1_HT1_EC1:a1f1bd291f41,645b3a3c554829d2bd7eb3bdb04173d87542d672d7bd6ed69c292de4d1047953,p0005,v2,3db3e16c9e8b69de801b09fab80fce6ef5ba042230707f3cdbc933e0743523e8,full,3db3e16c9e8b69de801b09fab80fce6ef5ba042230707f3cdbc933e0743523e8,nsga2,c85457e8824e5b29,7.282959726444535,942.5038155281543,-0.0,7.282959726444535,942.5038155281543,-0.0,0.0,0.0,0.0,0.25075987841934233,0.0,0.5,427.2000000000728,False,True,True,
S025,corridor,binding,102,1070000,0,PR0_HT1_EC1,No-PR,S025@corridor@binding:i102:nsga2:s1070000:r0:PR0_HT1_EC1:e5cad6c85852,25e7b74fd7208cd542569f2bc9871358dcab9b95f9b86f53900f2c41ac0c7e8c,p0001,v2,34877783eec7440b56376c5b8b4077ab80c8132f98c7afd480fcfa11ca04dfaa,full,99e91ee5a24ca4ce220d739ca40d54d4e88d7cf6047bb2c40226cf1e973b867a,nsga2,5ffdde9becab8ce4,5.133333707910856,3558.7017038626827,-0.7068062827225131,4.592384595940473,4292.594230759734,-0.837696335078534,-0.5409491119703826,733.8925268970515,-0.13089005235602091,0.8905291424978491,0.837696335078534,0.0,7.226264274141286,True,False,True,
S025,corridor,binding,102,1070000,0,PR0_HT1_EC1,No-PR,S025@corridor@binding:i102:nsga2:s1070000:r0:PR0_HT1_EC1:e5cad6c85852,25e7b74fd7208cd542569f2bc9871358dcab9b95f9b86f53900f2c41ac0c7e8c,p0002,v2,34877783eec7440b56376c5b8b4077ab80c8132f98c7afd480fcfa11ca04dfaa,full,99e91ee5a24ca4ce220d739ca40d54d4e88d7cf6047bb2c40226cf1e973b867a,nsga2,b9c8999c5524da7c,5.19920876752066,3548.8588050225503,-0.680628272251309,4.6399876922545555,4291.815698551742,-0.7853403141361257,-0.5592210752661044,742.9568935291913,-0.10471204188481675,0.8774229826026985,0.7853403141361257,0.0,17.226264274141272,False,False,True,
S025,corridor,binding,102,1070000,0,PR0_HT1_EC1,No-PR,S025@corridor@binding:i102:nsga2:s1070000:r0:PR0_HT1_EC1:e5cad6c85852,25e7b74fd7208cd542569f2bc9871358dcab9b95f9b86f53900f2c41ac0c7e8c,p0003,v2,34877783eec7440b56376c5b8b4077ab80c8132f98c7afd480fcfa11ca04dfaa,full,99e91ee5a24ca4ce220d739ca40d54d4e88d7cf6047bb2c40226cf1e973b867a,nsga2,a1006138108ae0a8,5.320471693024606,3488.196260683637,-0.6282722513089005,4.812855598448369,4232.9497994775975,-0.7068062827225131,-0.5076160945762371,744.7535387939606,-0.07853403141361259,0.8277198954657118,0.7068062827225131,0.0,55.149719759662005,False,False,True,
S025,corridor,binding,102,1070000,0,PR0_HT1_EC1,No-PR,S025@corridor@binding:i102:nsga2:s1070000:r0:PR0_HT1_EC1:e5cad6c85852,25e7b74fd7208cd542569f2bc9871358dcab9b95f9b86f53900f2c41ac0c7e8c,p0004,v2,34877783eec7440b56376c5b8b4077ab80c8132f98c7afd480fcfa11ca04dfaa,full,99e91ee5a24ca4ce220d739ca40d54d4e88d7cf6047bb2c40226cf1e973b867a,nsga2,d1c66113fbd935a6,5.295761837827501,3462.1175204431547,-0.5759162303664922,4.759626245274281,4228.000353835713,-0.7329842931937173,-0.5361355925532205,765.8828333925585,-0.15706806282722507,0.8443129357656123,0.7329842931937173,0.0,42.48923001083794,False,False,True,
S025,corridor,binding,102,1070000,0,PR0_HT1_EC1,No-PR,S025@corridor@binding:i102:nsga2:s1070000:r0:PR0_HT1_EC1:e5cad6c85852,25e7b74fd7208cd542569f2bc9871358dcab9b95f9b86f53900f2c41ac0c7e8c,p0005,v2,34877783eec7440b56376c5b8b4077ab80c8132f98c7afd480fcfa11ca04dfaa,full,99e91ee5a24ca4ce220d739ca40d54d4e88d7cf6047bb2c40226cf1e973b867a,nsga2,30f53b8ddf164c96,5.8255401959908255,3046.716350771651,-0.5524861878453039,5.621121492839337,3433.9731015058633,-0.580110497237569,-0.20441870315148858,387.25675073421235,-0.027624309392265123,0.7257366395787113,0.580110497237569,0.0,132.96294400144342,False,False,True,
S025,corridor,binding,102,1070000,0,PR0_HT1_EC1,No-PR,S025@corridor@binding:i102:nsga2:s1070000:r0:PR0_HT1_EC1:e5cad6c85852,25e7b74fd7208cd542569f2bc9871358dcab9b95f9b86f53900f2c41ac0c7e8c,p0006,v2,34877783eec7440b56376c5b8b4077ab80c8132f98c7afd480fcfa11ca04dfaa,full,99e91ee5a24ca4ce220d739ca40d54d4e88d7cf6047bb2c40226cf1e973b867a,nsga2,259ae60cf43c5ee2,5.896266993703941,3040.0993968711127,-0.5235602094240838,5.495723701273963,3399.298500647605,-0.6020942408376964,-0.4005432924299779,359.1991037764924,-0.07853403141361259,0.73911796006842,0.6020942408376964,0.0,122.75299646779564,False,False,True,
S025,corridor,binding,102,1070000,0,PR0_HT1_EC1,No-PR,S025@corridor@binding:i102:nsga2:s1070000:r0:PR0_HT1_EC1:e5cad6c85852,25e7b74fd7208cd542569f2bc9871358dcab9b95f9b86f53900f2c41ac0c7e8c,p0007,v2,34877783eec7440b56376c5b8b4077ab80c8132f98c7afd480fcfa11ca04dfaa,full,99e91ee5a24ca4ce220d739ca40d54d4e88d7cf6047bb2c40226cf1e973b867a,nsga2,ec938c77906d8c26,5.8642433887136285,3010.242438305375,-0.4972375690607735,5.5573402973131305,3398.0429098550962,-0.580110497237569,-0.306903091400498,387.80047154972135,-0.08287292817679554,0.734509349503116,0.580110497237569,0.0,126.26936632912259,False,False,True,
S025,corridor,binding,102,1070000,0,PR0_HT1_EC1,No-PR,S025@corridor@binding:i102:nsga2:s1070000:r0:PR0_HT1_EC1:e5cad6c85852,25e7b74fd7208cd542569f2bc9871358dcab9b95f9b86f53900f2c41ac0c7e8c,p0008,v2,34877783eec7440b56376c5b8b4077ab80c8132f98c7afd480fcfa11ca04dfaa,full,99e91ee5a24ca4ce220d739ca40d54d4e88d7cf6047bb2c40226cf1e973b867a,nsga2,62379f98987c1019,5.898031697738184,3004.9630181179973,-0.4696132596685083,5.591905828007246,3403.011638439162,-0.5248618784530387,-0.3061258697309386,398.0486203211649,-0.05524861878453036,0.7113721337296414,0.5248618784530387,0.0,143.92306196428365,False,False,True,
S025,corridor,binding,102,1070000,0,PR0_HT1_EC1,No-PR,S025@corridor@binding:i102:nsga2:s1070000:r0:PR0_HT1_EC1:e5cad6c85852,25e7b74fd7208cd542569f2bc9871358dcab9b95f9b86f53900f2c41ac0c7e8c,p0009,v2,34877783eec7440b56376c5b8b4077ab80c8132f98c7afd480fcfa11ca04dfaa,full,99e91ee5a24ca4ce220d739ca40d54d4e88d7cf6047bb2c40226cf1e973b867a,nsga2,583a6069f6e99644,5.796603103435917,3038.7004043905263,-0.4435483870967742,5.54509012031219,3418.228809674698,-0.4838709677419355,-0.2515129831237273,379.52840528417164,-0.04032258064516131,0.7293611031919308,0.4838709677419355,0.0,130.19747826455693,False,False,True,
S025,corridor,binding,102,1070000,0,PR0_HT1_EC1,No-PR,S025@corridor@binding:i102:nsga2:s1070000:r0:PR0_HT1_EC1:e5cad6c85852,25e7b74fd7208cd542569f2bc9871358dcab9b95f9b86f53900f2c41ac0c7e8c,p0010,v2,34877783eec7440b56376c5b8b4077ab80c8132f98c7afd480fcfa11ca04dfaa,full,99e91ee5a24ca4ce220d739ca40d54d4e88d7cf6047bb2c40226cf1e973b867a,nsga2,b3aaa31431f3bb17,5.930837201606376,3001.4566111143254,-0.4419889502762431,5.5017061849502396,3355.6060104588664,-0.5524861878453039,-0.42913101665613684,354.14939934454105,-0.11049723756906082,0.7332253165083217,0.5524861878453039,0.0,127.2490835041506,False,False,True,
S025,corridor,binding,102,1070000,0,PR0_HT1_EC1,No-PR,S025@corridor@binding:i102:nsga2:s1070000:r0:PR0_HT1_EC1:e5cad6c85852,25e7b74fd7208cd542569f2bc9871358dcab9b95f9b86f53900f2c41ac0c7e8c,p0011,v2,34877783eec7440b56376c5b8b4077ab80c8132f98c7afd480fcfa11ca04dfaa,full,99e91ee5a24ca4ce220d739ca40d54d4e88d7cf6047bb2c40226cf1e973b867a,nsga2,5fed49d84cc62e7c,6.691340208744889,2126.7059676417116,-0.31413612565445026,6.343514240091235,2692.06788197326,-0.418848167539267,-0.34782596865365445,565.3619143315482,-0.10471204188481675,0.5828370065800209,0.418848167539267,0.0,241.99536397944416,False,False,True,
S025,corridor,binding,102,1070000,0,PR0_HT1_EC1,No-PR,S025@corridor@binding:i102:nsga2:s1070000:r0:PR0_HT1_EC1:e5cad6c85852,25e7b74fd7208cd542569f2bc9871358dcab9b95f9b86f53900f2c41ac0c7e8c,p0012,v2,34877783eec7440b56376c5b8b4077ab80c8132f98c7afd480fcfa11ca04dfaa,full,99e91ee5a24ca4ce220d739ca40d54d4e88d7cf6047bb2c40226cf1e973b867a,nsga2,35f08bafde1fe2c3,6.708957624329953,2108.2228977528985,-0.2879581151832461,6.3258937395838615,2662.54663187527,-0.39267015706806285,-0.38306388474609143,554.3237341223717,-0.10471204188481675,0.5800381271786307,0.39267015706806285,0.0,244.1309089627049,False,False,True,
S025,corridor,binding,102,1070000,0,PR0_HT1_EC1,No-PR,S025@corridor@binding:i102:nsga2:s1070000:r0:PR0_HT1_EC1:e5cad6c85852,25e7b74fd7208cd542569f2bc9871358dcab9b95f9b86f53900f2c41ac0c7e8c,p0013,v2,34877783eec7440b56376c5b8b4077ab80c8132f98c7afd480fcfa11ca04dfaa,full,99e91ee5a24ca4ce220d739ca40d54d4e88d7cf6047bb2c40226cf1e973b867a,nsga2,ee2382bc8549978f,6.716916332070461,2055.7757077915408,-0.2879581151832461,6.353321404248038,2624.290422500203,-0.36649214659685864,-0.3635949278224233,568.5147147086623,-0.07853403141361254,0.561409258594559,0.36649214659685864,0.0,258.34473569235155,False,False,True,
S025,corridor,binding,102,1070000,0,PR0_HT1_EC1,No-PR,S025@corridor@binding:i102:nsga2:s1070000:r0:PR0_HT1_EC1:e5cad6c85852,25e7b74fd7208cd542569f2bc9871358dcab9b95f9b86f53900f2c41ac0c7e8c,p0014,v2,34877783eec7440b56376c5b8b4077ab80c8132f98c7afd480fcfa11ca04dfaa,full,99e91ee5a24ca4ce220d739ca40d54d4e88d7cf6047bb2c40226cf1e973b867a,nsga2,9c52607ce549c698,6.715510704277529,2091.7480685826113,-0.2617801047120419,6.328999367481425,2635.9445703908964,-0.39267015706806285,-0.3865113367961035,544.1965018082851,-0.13089005235602097,0.5814437549708303,0.39267015706806285,0.0,243.05841495725656,False,False,True,
S025,corridor,binding,102,1070000,0,PR0_HT1_EC1,No-PR,S025@corridor@binding:i102:nsga2:s1070000:r0:PR0_HT1_EC1:e5cad6c85852,25e7b74fd7208cd542569f2bc9871358dcab9b95f9b86f53900f2c41ac0c7e8c,p0015,v2,34877783eec7440b56376c5b8b4077ab80c8132f98c7afd480fcfa11ca04dfaa,full,99e91ee5a24ca4ce220d739ca40d54d4e88d7cf6047bb2c40226cf1e973b867a,nsga2,5d520f5f5b1ae757,6.71105150779773,2071.119006535432,-0.21367521367521367,6.343637082077299,2639.6337212440944,-0.3418803418803419,-0.3674144257204315,568.5147147086623,-0.12820512820512822,0.5700144430768662,0.3418803418803419,0.0,251.77897993235126,False,False,True,
S025,corridor,binding,102,1070000,0,PR0_HT1_EC1,No-PR,S025@corridor@binding:i102:nsga2:s1070000:r0:PR0_HT1_EC1:e5cad6c85852,25e7b74fd7208cd542569f2bc9871358dcab9b95f9b86f53900f2c41ac0c7e8c,p0016,v2,34877783eec7440b56376c5b8b4077ab80c8132f98c7afd480fcfa11ca04dfaa,full,99e91ee5a24ca4ce220d739ca40d54d4e88d7cf6047bb2c40226cf1e973b867a,nsga2,b3abaf5d1a8164ef,6.741131498372694,2052.7878946871733,-0.19337016574585636,6.233799735935259,2637.152483807057,-0.35911602209944754,-0.5073317624374356,584.3645891198835,-0.16574585635359118,0.5927112506615321,0.35911602209944754,0.0,234.4613157452511,False,False,True,
S025,corridor,binding,102,1070000,0,PR0_HT1_EC1,No-PR,S025@corridor@binding:i102:nsga2:s1070000:r0:PR0_HT1_EC1:e5cad6c85852,25e7b74fd7208cd542569f2bc9871358dcab9b95f9b86f53900f2c41ac0c7e8c,p0017,v2,34877783eec7440b56376c5b8b4077ab80c8132f98c7afd480fcfa11ca04dfaa,full,99e91ee5a24ca4ce220d739ca40d54d4e88d7cf6047bb2c40226cf1e973b867a,nsga2,9f0e457f1ccc01b4,7.016674459221366,1600.1656806191427,-0.13812154696132597,6.745704031876895,2186.2387134150576,-0.22099447513812154,-0.2709704273444711,586.073032795915,-0.08287292817679556,0.4638188580476645,0.22099447513812154,0.0,332.8062113096321,False,False,True,
S025,corridor,binding,102,1070000,0,PR0_HT1_EC1,No-PR,S025@corridor@binding:i102:nsga2:s1070000:r0:PR0_HT1_EC1:e5cad6c85852,25e7b74fd7208cd542569f2bc9871358dcab9b95f9b86f53900f2c41ac0c7e8c,p0018,v2,34877783eec7440b56376c5b8b4077ab80c8132f98c7afd480fcfa11ca04dfaa,full,99e91ee5a24ca4ce220d739ca40d54d4e88d7cf6047bb2c40226cf1e973b867a,nsga2,e8fc11e283de0d4b,7.01205630173802,1575.5808469308445,-0.11049723756906077,6.647838159433408,2199.0641668214207,-0.27624309392265195,-0.3642181423046118,623.4833198905762,-0.16574585635359118,0.5041686689916596,0.27624309392265195,0.0,302.0193055593638,False,False,True,
S025,corridor,binding,102,1070000,0,PR0_HT1_EC1,No-PR,S025@corridor@binding:i102:nsga2:s1070000:r0:PR0_HT1_EC1:e5cad6c85852,25e7b74fd7208cd542569f2bc9871358dcab9b95f9b86f53900f2c41ac0c7e8c,p0019,v2,34877783eec7440b56376c5b8b4077ab80c8132f98c7afd480fcfa11ca04dfaa,full,99e91ee5a24ca4ce220d739ca40d54d4e88d7cf6047bb2c40226cf1e973b867a,nsga2,92c9274a51b46a97,7.023227539168941,1562.8837728967376,-0.11049723756906077,6.650437677183823,2180.213439991245,-0.24861878453038674,-0.372789861985118,617.3296670945076,-0.13812154696132597,0.49850753967766165,0.24861878453038674,0.0,306.33874722594425,False,False,True,
S025,corridor,binding,102,1070000,0,PR0_HT1_EC1,No-PR,S025@corridor@binding:i102:nsga2:s1070000:r0:PR0_HT1_EC1:e5cad6c85852,25e7b74fd7208cd542569f2bc9871358dcab9b95f9b86f53900f2c41ac0c7e8c,p0020,v2,34877783eec7440b56376c5b8b4077ab80c8132f98c7afd480fcfa11ca04dfaa,full,99e91ee5a24ca4ce220d739ca40d54d4e88d7cf6047bb2c40226cf1e973b867a,nsga2,f6ea7dadfe8a86ed,6.981869484872164,1717.4035279494067,-0.08064516129032258,6.841228060753886,2066.1729008149105,-0.08064516129032258,-0.14064142411827874,348.7693728655038,0.0,0.43964582800782137,0.08064516129032258,0.0,351.25023323003245,False,False,True,
S025,corridor,binding,102,1070000,0,PR0_HT1_EC1,No-PR,S025@corridor@binding:i102:nsga2:s1070000:r0:PR0_HT1_EC1:e5cad6c85852,25e7b74fd7208cd542569f2bc9871358dcab9b95f9b86f53900f2c41ac0c7e8c,p0021,v2,34877783eec7440b56376c5b8b4077ab80c8132f98c7afd480fcfa11ca04dfaa,full,99e91ee5a24ca4ce220d739ca40d54d4e88d7cf6047bb2c40226cf1e973b867a,nsga2,79bee65bcb834776,7.189372963967109,1171.4625256359184,-0.07853403141361257,7.036250752104421,1756.064721832,-0.07853403141361257,-0.15312221186268804,584.6021961960816,0.0,0.3587098294499735,0.07853403141361257,0.0,413.00440012967033,False,False,True,
S025,corridor,binding,102,1070000,0,PR0_HT1_EC1,No-PR,S025@corridor@binding:i102:nsga2:s1070000:r0:PR0_HT1_EC1:e5cad6c85852,25e7b74fd7208cd542569f2bc9871358dcab9b95f9b86f53900f2c41ac0c7e8c,p0022,v2,34877783eec7440b56376c5b8b4077ab80c8132f98c7afd480fcfa11ca04dfaa,full,99e91ee5a24ca4ce220d739ca40d54d4e88d7cf6047bb2c40226cf1e973b867a,nsga2,5bbd4725fa6ff274,7.009406724216497,1660.9387261240831,-0.042735042735042736,6.725092473947937,2267.696913750988,-0.08547008547008547,-0.28431425026855983,606.758187626905,-0.042735042735042736,0.46666577770675044,0.08547008547008547,0.0,330.6340116097495,False,False,True,
S025,corridor,binding,102,1070000,0,PR0_HT1_EC1,No-PR,S025@corridor@binding:i102:nsga2:s1070000:r0:PR0_HT1_EC1:e5cad6c85852,25e7b74fd7208cd542569f2bc9871358dcab9b95f9b86f53900f2c41ac0c7e8c,p0023,v2,34877783eec7440b56376c5b8b4077ab80c8132f98c7afd480fcfa11ca04dfaa,full,99e91ee5a24ca4ce220d739ca40d54d4e88d7cf6047bb2c40226cf1e973b867a,nsga2,44ce3c11f81e3257,7.000203142474521,1676.9225429728754,-0.04032258064516129,6.740270496592924,2265.730834623338,-0.08064516129032258,-0.25993264588159715,588.8082916504627,-0.04032258064516129,0.45949988883502774,0.08064516129032258,0.0,336.10158481887396,False,False,True,
S025,corridor,binding,102,1070000,0,PR0_HT1_EC1,No-PR,S025@corridor@binding:i102:nsga2:s1070000:r0:PR0_HT1_EC1:e5cad6c85852,25e7b74fd7208cd542569f2bc9871358dcab9b95f9b86f53900f2c41ac0c7e8c,p0024,v2,34877783eec7440b56376c5b8b4077ab80c8132f98c7afd480fcfa11ca04dfaa,full,99e91ee5a24ca4ce220d739ca40d54d4e88d7cf6047bb2c40226cf1e973b867a,nsga2,1ef2f4581b77f5b0,7.2003410879903,1157.2715450496278,-0.027624309392265192,7.019758619564734,1766.9781798335296,-0.11049723756906077,-0.18058246842556613,609.7066347839018,-0.08287292817679558,0.37085697085098857,0.11049723756906077,0.0,403.73613124069584,False,False,True,
S025,corridor,binding,102,1070000,0,PR0_HT1_EC1,No-PR,S025@corridor@binding:i102:nsga2:s1070000:r0:PR0_HT1_EC1:e5cad6c85852,25e7b74fd7208cd542569f2bc9871358dcab9b95f9b86f53900f2c41ac0c7e8c,p0025,v2,34877783eec7440b56376c5b8b4077ab80c8132f98c7afd480fcfa11ca04dfaa,full,99e91ee5a24ca4ce220d739ca40d54d4e88d7cf6047bb2c40226cf1e973b867a,nsga2,27ed518e0d7e7851,7.299257317606529,748.1008775205676,-0.0,7.299257317606529,748.1008775205676,-0.0,0.0,0.0,0.0,0.19659239842719534,0.0,0.6666666666666666,536.7000000000501,False,False,True,
S025,corridor,binding,102,1070000,0,PR1_HT0_EC1,No-HT,S025@corridor@binding:i102:nsga2:s1070000:r0:PR1_HT0_EC1:75cc4e2aff9b,25e7b74fd7208cd542569f2bc9871358dcab9b95f9b86f53900f2c41ac0c7e8c,p0001,v2,8ddaf5e0d22d5e7800a00a44f6a13d1ecd33623ff23765fb2b1f88170e3611d7,full,99e91ee5a24ca4ce220d739ca40d54d4e88d7cf6047bb2c40226cf1e973b867a,nsga2,529c95016a337f97,4.6125415489446695,4176.896473443326,-0.7853403141361257,4.640424564251054,4361.166399851073,-0.7853403141361257,0.027883015306384706,184.26992640774733,0.0,0.8774229826026985,0.7853403141361257,0.0,17.226264274141272,False,False,True,
S025,corridor,binding,102,1070000,0,PR1_HT0_EC1,No-HT,S025@corridor@binding:i102:nsga2:s1070000:r0:PR1_HT0_EC1:75cc4e2aff9b,25e7b74fd7208cd542569f2bc9871358dcab9b95f9b86f53900f2c41ac0c7e8c,p0002,v2,8ddaf5e0d22d5e7800a00a44f6a13d1ecd33623ff23765fb2b1f88170e3611d7,full,99e91ee5a24ca4ce220d739ca40d54d4e88d7cf6047bb2c40226cf1e973b867a,nsga2,32ebd783f4016e89,4.612104676948171,4293.190998286051,-0.7853403141361257,4.6399876922545555,4343.630723446337,-0.7853403141361257,0.027883015306384706,50.43972516028589,0.0,0.8774229826026985,0.7853403141361257,0.0,17.226264274141272,True,False,True,
S025,corridor,binding,102,1070000,0,PR1_HT0_EC1,No-HT,S025@corridor@binding:i102:nsga2:s1070000:r0:PR1_HT0_EC1:75cc4e2aff9b,25e7b74fd7208cd542569f2bc9871358dcab9b95f9b86f53900f2c41ac0c7e8c,p0003,v2,8ddaf5e0d22d5e7800a00a44f6a13d1ecd33623ff23765fb2b1f88170e3611d7,full,99e91ee5a24ca4ce220d739ca40d54d4e88d7cf6047bb2c40226cf1e973b867a,nsga2,3d9a756dbc4feed7,4.650946149961094,4061.5136807494655,-0.7734806629834254,4.692804448698554,4310.845281508659,-0.7182320441988951,0.041858298737460053,249.33160075919386,0.05524861878453036,0.8623525321735179,0.7182320441988951,0.0,28.725017951605892,False,False,True,
S025,corridor,binding,102,1070000,0,PR1_HT0_EC1,No-HT,S025@corridor@binding:i102:nsga2:s1070000:r0:PR1_HT0_EC1:75cc4e2aff9b,25e7b74fd7208cd542569f2bc9871358dcab9b95f9b86f53900f2c41ac0c7e8c,p0004,v2,8ddaf5e0d22d5e7800a00a44f6a13d1ecd33623ff23765fb2b1f88170e3611d7,full,99e91ee5a24ca4ce220d739ca40d54d4e88d7cf6047bb2c40226cf1e973b867a,nsga2,541fb3188a00ea85,4.603927051882469,4286.984205630744,-0.7692307692307693,4.602319131188946,4310.46133296703,-0.7692307692307693,-0.0016079206935222246,23.477127336285776,0.0,0.8836998283156708,0.7692307692307693,0.0,12.437030995143218,False,False,True,
S025,corridor,binding,102,1070000,0,PR1_HT0_EC1,No-HT,S025@corridor@binding:i102:nsga2:s1070000:r0:PR1_HT0_EC1:75cc4e2aff9b,25e7b74fd7208cd542569f2bc9871358dcab9b95f9b86f53900f2c41ac0c7e8c,p0005,v2,8ddaf5e0d22d5e7800a00a44f6a13d1ecd33623ff23765fb2b1f88170e3611d7,full,99e91ee5a24ca4ce220d739ca40d54d4e88d7cf6047bb2c40226cf1e973b867a,nsga2,554bd0a4da8f0687,4.687624204564076,4053.1203098669707,-0.7258064516129032,4.806081777092224,4333.125478881756,-0.5241935483870968,0.11845757252814781,280.0051690147852,0.2016129032258065,0.8177931328726101,0.5241935483870968,0.0,62.723839618198625,False,False,True,
S025,corridor,binding,102,1070000,0,PR1_HT0_EC1,No-HT,S025@corridor@binding:i102:nsga2:s1070000:r0:PR1_HT0_EC1:75cc4e2aff9b,25e7b74fd7208cd542569f2bc9871358dcab9b95f9b86f53900f2c41ac0c7e8c,p0006,v2,8ddaf5e0d22d5e7800a00a44f6a13d1ecd33623ff23765fb2b1f88170e3611d7,full,99e91ee5a24ca4ce220d739ca40d54d4e88d7cf6047bb2c40226cf1e973b867a,nsga2,0a7a5a807c89082f,5.49629105691119,3344.145695575756,-0.6282722513089005,5.541965966092805,3499.07844765569,-0.6020942408376964,0.04567490918161532,154.9327520799343,0.02617801047120416,0.7423448829116427,0.6020942408376964,0.0,120.2908543384168,False,False,True,
S025,corridor,binding,102,1070000,0,PR1_HT0_EC1,No-HT,S025@corridor@binding:i102:nsga2:s1070000:r0:PR1_HT0_EC1:75cc4e2aff9b,25e7b74fd7208cd542569f2bc9871358dcab9b95f9b86f53900f2c41ac0c7e8c,p0007,v2,8ddaf5e0d22d5e7800a00a44f6a13d1ecd33623ff23765fb2b1f88170e3611d7,full,99e91ee5a24ca4ce220d739ca40d54d4e88d7cf6047bb2c40226cf1e973b867a,nsga2,f40019febc8822da,5.496727928907689,3247.4944195323515,-0.6282722513089005,5.542402838089305,3476.5653936353924,-0.6020942408376964,0.04567490918161532,229.07097410304095,0.02617801047120416,0.7423448829116425,0.6020942408376964,0.0,120.2908543384168,False,False,True,
S025,corridor,binding,102,1070000,0,PR1_HT0_EC1,No-HT,S025@corridor@binding:i102:nsga2:s1070000:r0:PR1_HT0_EC1:75cc4e2aff9b,25e7b74fd7208cd542569f2bc9871358dcab9b95f9b86f53900f2c41ac0c7e8c,p0008,v2,8ddaf5e0d22d5e7800a00a44f6a13d1ecd33623ff23765fb2b1f88170e3611d7,full,99e91ee5a24ca4ce220d739ca40d54d4e88d7cf6047bb2c40226cf1e973b867a,nsga2,7fb87c044e287776,4.590228808261473,4262.460808508376,-0.5982905982905983,4.748031565305592,4324.623306050109,-0.7264957264957265,0.15780275704411917,62.16249754173259,-0.1282051282051282,0.8528503938871883,0.7264957264957265,0.0,35.97514946407533,False,False,True,
S025,corridor,binding,102,1070000,0,PR1_HT0_EC1,No-HT,S025@corridor@binding:i102:nsga2:s1070000:r0:PR1_HT0_EC1:75cc4e2aff9b,25e7b74fd7208cd542569f2bc9871358dcab9b95f9b86f53900f2c41ac0c7e8c,p0009,v2,8ddaf5e0d22d5e7800a00a44f6a13d1ecd33623ff23765fb2b1f88170e3611d7,full,99e91ee5a24ca4ce220d739ca40d54d4e88d7cf6047bb2c40226cf1e973b867a,nsga2,50fd4479acfe8317,4.590665680257971,4047.4993012850114,-0.5982905982905983,4.8174240146684095,4308.388687152903,-0.5982905982905983,0.22675833441043824,260.88938586789163,0.0,0.8286217900816681,0.5982905982905983,0.0,54.4615741676872,False,False,True,
S025,corridor,binding,102,1070000,0,PR1_HT0_EC1,No-HT,S025@corridor@binding:i102:nsga2:s1070000:r0:PR1_HT0_EC1:75cc4e2aff9b,25e7b74fd7208cd542569f2bc9871358dcab9b95f9b86f53900f2c41ac0c7e8c,p0010,v2,8ddaf5e0d22d5e7800a00a44f6a13d1ecd33623ff23765fb2b1f88170e3611d7,full,99e91ee5a24ca4ce220d739ca40d54d4e88d7cf6047bb2c40226cf1e973b867a,nsga2,eea88ba436fbc781,5.542914501916629,3236.8060130615704,-0.580110497237569,5.621121492839337,3433.9731015058633,-0.580110497237569,0.07820699092270811,197.16708844429286,0.0,0.7257366395787113,0.580110497237569,0.0,132.96294400144342,False,False,True,
S025,corridor,binding,102,1070000,0,PR1_HT0_EC1,No-HT,S025@corridor@binding:i102:nsga2:s1070000:r0:PR1_HT0_EC1:75cc4e2aff9b,25e7b74fd7208cd542569f2bc9871358dcab9b95f9b86f53900f2c41ac0c7e8c,p0011,v2,8ddaf5e0d22d5e7800a00a44f6a13d1ecd33623ff23765fb2b1f88170e3611d7,full,99e91ee5a24ca4ce220d739ca40d54d4e88d7cf6047bb2c40226cf1e973b867a,nsga2,20393ad98027a5fd,5.460526652361931,3291.056720170298,-0.5497382198952879,5.495723701273963,3399.298500647605,-0.6020942408376964,0.0351970489120319,108.2417804773072,-0.05235602094240843,0.73911796006842,0.6020942408376964,0.0,122.75299646779564,False,False,True,
S025,corridor,binding,102,1070000,0,PR1_HT0_EC1,No-HT,S025@corridor@binding:i102:nsga2:s1070000:r0:PR1_HT0_EC1:75cc4e2aff9b,25e7b74fd7208cd542569f2bc9871358dcab9b95f9b86f53900f2c41ac0c7e8c,p0012,v2,8ddaf5e0d22d5e7800a00a44f6a13d1ecd33623ff23765fb2b1f88170e3611d7,full,99e91ee5a24ca4ce220d739ca40d54d4e88d7cf6047bb2c40226cf1e973b867a,nsga2,3d37f0d9fe1f0edb,5.4937271192208215,3249.840126633442,-0.5248618784530387,5.502143056946739,3357.174338356146,-0.5524861878453039,0.008415937725917644,107.33421172270391,-0.027624309392265234,0.7332253165083216,0.5524861878453039,0.0,127.2490835041506,False,False,True,
S025,corridor,binding,102,1070000,0,PR1_HT0_EC1,No-HT,S025@corridor@binding:i102:nsga2:s1070000:r0:PR1_HT0_EC1:75cc4e2aff9b,25e7b74fd7208cd542569f2bc9871358dcab9b95f9b86f53900f2c41ac0c7e8c,p0013,v2,8ddaf5e0d22d5e7800a00a44f6a13d1ecd33623ff23765fb2b1f88170e3611d7,full,99e91ee5a24ca4ce220d739ca40d54d4e88d7cf6047bb2c40226cf1e973b867a,nsga2,9211e90071830d2e,5.491423239153892,3237.843279422273,-0.5128205128205128,5.516121995577625,3432.6931520413,-0.5128205128205128,0.024698756423732426,194.84987261902688,0.0,0.7301735685387817,0.5128205128205128,0.0,129.5775672049097,False,False,True,
S025,corridor,binding,102,1070000,0,PR1_HT0_EC1,No-HT,S025@corridor@binding:i102:nsga2:s1070000:r0:PR1_HT0_EC1:75cc4e2aff9b,25e7b74fd7208cd542569f2bc9871358dcab9b95f9b86f53900f2c41ac0c7e8c,p0014,v2,8ddaf5e0d22d5e7800a00a44f6a13d1ecd33623ff23765fb2b1f88170e3611d7,full,99e91ee5a24ca4ce220d739ca40d54d4e88d7cf6047bb2c40226cf1e973b867a,nsga2,1a19f06d2fc215df,5.57490963392218,3150.7486288091777,-0.4972375690607735,5.5925767955869,3278.5242712036325,-0.5248618784530387,0.017667161664719266,127.77564239445474,-0.02762430939226518,0.7153231837459394,0.5248618784530387,0.0,140.90841080184822,False,False,True,
S025,corridor,binding,102,1070000,0,PR1_HT0_EC1,No-HT,S025@corridor@binding:i102:nsga2:s1070000:r0:PR1_HT0_EC1:75cc4e2aff9b,25e7b74fd7208cd542569f2bc9871358dcab9b95f9b86f53900f2c41ac0c7e8c,p0015,v2,8ddaf5e0d22d5e7800a00a44f6a13d1ecd33623ff23765fb2b1f88170e3611d7,full,99e91ee5a24ca4ce220d739ca40d54d4e88d7cf6047bb2c40226cf1e973b867a,nsga2,2be5e41b13394da5,6.239117185187363,2598.3587942678755,-0.4143646408839779,6.366701838315124,2660.243410943171,-0.35911602209944754,0.12758465312776135,61.88461667529555,0.05524861878453036,0.5633700329375818,0.35911602209944754,0.0,256.8486648686252,False,False,True,
S025,corridor,binding,102,1070000,0,PR1_HT0_EC1,No-HT,S025@corridor@binding:i102:nsga2:s1070000:r0:PR1_HT0_EC1:75cc4e2aff9b,25e7b74fd7208cd542569f2bc9871358dcab9b95f9b86f53900f2c41ac0c7e8c,p0016,v2,8ddaf5e0d22d5e7800a00a44f6a13d1ecd33623ff23765fb2b1f88170e3611d7,full,99e91ee5a24ca4ce220d739ca40d54d4e88d7cf6047bb2c40226cf1e973b867a,nsga2,17b7edf84bcadef9,6.349701178664418,2588.126222176639,-0.39267015706806285,6.349701178664418,2649.845851579188,-0.39267015706806285,0.0,61.71962940254889,0.0,0.5714584303637269,0.39267015706806285,0.0,250.67721763247647,False,False,True,
S025,corridor,binding,102,1070000,0,PR1_HT0_EC1,No-HT,S025@corridor@binding:i102:nsga2:s1070000:r0:PR1_HT0_EC1:75cc4e2aff9b,25e7b74fd7208cd542569f2bc9871358dcab9b95f9b86f53900f2c41ac0c7e8c,p0017,v2,8ddaf5e0d22d5e7800a00a44f6a13d1ecd33623ff23765fb2b1f88170e3611d7,full,99e91ee5a24ca4ce220d739ca40d54d4e88d7cf6047bb2c40226cf1e973b867a,nsga2,b187bc91a862519c,6.351929365950159,2575.4001136405736,-0.3867403314917127,6.351929365950159,2637.119743043123,-0.3867403314917127,0.0,61.719629402549344,0.0,0.5699342472691901,0.3867403314917127,0.0,251.84016933360812,False,False,True,
S025,corridor,binding,102,1070000,0,PR1_HT0_EC1,No-HT,S025@corridor@binding:i102:nsga2:s1070000:r0:PR1_HT0_EC1:75cc4e2aff9b,25e7b74fd7208cd542569f2bc9871358dcab9b95f9b86f53900f2c41ac0c7e8c,p0018,v2,8ddaf5e0d22d5e7800a00a44f6a13d1ecd33623ff23765fb2b1f88170e3611d7,full,99e91ee5a24ca4ce220d739ca40d54d4e88d7cf6047bb2c40226cf1e973b867a,nsga2,19076210383b49c1,6.305682754091911,2558.49930092661,-0.38461538461538464,6.404802120620281,2789.000969192192,-0.3418803418803419,0.09911936652837028,230.50166826558188,0.04273504273504275,0.5589171830988336,0.3418803418803419,0.0,260.24618929559,False,False,True,
S025,corridor,binding,102,1070000,0,PR1_HT0_EC1,No-HT,S025@corridor@binding:i102:nsga2:s1070000:r0:PR1_HT0_EC1:75cc4e2aff9b,25e7b74fd7208cd542569f2bc9871358dcab9b95f9b86f53900f2c41ac0c7e8c,p0019,v2,8ddaf5e0d22d5e7800a00a44f6a13d1ecd33623ff23765fb2b1f88170e3611d7,full,99e91ee5a24ca4ce220d739ca40d54d4e88d7cf6047bb2c40226cf1e973b867a,nsga2,b6c4be265694365e,6.340042018860162,2540.6321841191407,-0.36649214659685864,6.353321404248038,2624.290422500203,-0.36649214659685864,0.013279385387876097,83.65823838106235,0.0,0.561409258594559,0.36649214659685864,0.0,258.34473569235155,False,False,True,
S025,corridor,binding,102,1070000,0,PR1_HT0_EC1,No-HT,S025@corridor@binding:i102:nsga2:s1070000:r0:PR1_HT0_EC1:75cc4e2aff9b,25e7b74fd7208cd542569f2bc9871358dcab9b95f9b86f53900f2c41ac0c7e8c,p0020,v2,8ddaf5e0d22d5e7800a00a44f6a13d1ecd33623ff23765fb2b1f88170e3611d7,full,99e91ee5a24ca4ce220d739ca40d54d4e88d7cf6047bb2c40226cf1e973b867a,nsga2,74d45843c41ee5bf,6.21865512978396,2561.0768865454706,-0.35911602209944754,6.233799735935259,2637.152483807057,-0.35911602209944754,0.0151446061512992,76.07559726158615,0.0,0.5927112506615321,0.35911602209944754,0.0,234.4613157452511,False,False,True,
S025,corridor,binding,102,1070000,0,PR1_HT0_EC1,No-HT,S025@corridor@binding:i102:nsga2:s1070000:r0:PR1_HT0_EC1:75cc4e2aff9b,25e7b74fd7208cd542569f2bc9871358dcab9b95f9b86f53900f2c41ac0c7e8c,p0021,v2,8ddaf5e0d22d5e7800a00a44f6a13d1ecd33623ff23765fb2b1f88170e3611d7,full,99e91ee5a24ca4ce220d739ca40d54d4e88d7cf6047bb2c40226cf1e973b867a,nsga2,15db1205eef737e0,6.329303846571181,2557.543810760312,-0.3418803418803419,6.3440739540737985,2641.2020491413746,-0.3418803418803419,0.014770107502617869,83.65823838106235,0.0,0.570014443076866,0.3418803418803419,0.0,251.77897993235126,False,False,True,
S025,corridor,binding,102,1070000,0,PR1_HT0_EC1,No-HT,S025@corridor@binding:i102:nsga2:s1070000:r0:PR1_HT0_EC1:75cc4e2aff9b,25e7b74fd7208cd542569f2bc9871358dcab9b95f9b86f53900f2c41ac0c7e8c,p0022,v2,8ddaf5e0d22d5e7800a00a44f6a13d1ecd33623ff23765fb2b1f88170e3611d7,full,99e91ee5a24ca4ce220d739ca40d54d4e88d7cf6047bb2c40226cf1e973b867a,nsga2,7a56b2fe03d20e92,6.620235604816478,2056.3002115732197,-0.27624309392265195,6.647838159433408,2199.0641668214207,-0.27624309392265195,0.027602554616930064,142.763955248201,0.0,0.5041686689916596,0.27624309392265195,0.0,302.0193055593638,False,False,True,
S025,corridor,binding,102,1070000,0,PR1_HT0_EC1,No-HT,S025@corridor@binding:i102:nsga2:s1070000:r0:PR1_HT0_EC1:75cc4e2aff9b,25e7b74fd7208cd542569f2bc9871358dcab9b95f9b86f53900f2c41ac0c7e8c,p0023,v2,8ddaf5e0d22d5e7800a00a44f6a13d1ecd33623ff23765fb2b1f88170e3611d7,full,99e91ee5a24ca4ce220d739ca40d54d4e88d7cf6047bb2c40226cf1e973b867a,nsga2,53e1cbef194fc249,6.6225056590505575,2037.4494847430442,-0.24861878453038674,6.650437677183823,2180.213439991245,-0.24861878453038674,0.0279320181332654,142.763955248201,0.0,0.49850753967766165,0.24861878453038674,0.0,306.33874722594425,False,False,True,
S025,corridor,binding,102,1070000,0,PR1_HT0_EC1,No-HT,S025@corridor@binding:i102:nsga2:s1070000:r0:PR1_HT0_EC1:75cc4e2aff9b,25e7b74fd7208cd542569f2bc9871358dcab9b95f9b86f53900f2c41ac0c7e8c,p0024,v2,8ddaf5e0d22d5e7800a00a44f6a13d1ecd33623ff23765fb2b1f88170e3611d7,full,99e91ee5a24ca4ce220d739ca40d54d4e88d7cf6047bb2c40226cf1e973b867a,nsga2,643c29e2219be245,6.21038390816814,2591.492858170313,-0.24193548387096775,6.226908471636742,2675.1510965513753,-0.24193548387096775,0.016524563468601983,83.65823838106235,0.0,0.5903309175417626,0.24193548387096775,0.0,236.27750991563505,False,False,True,
S025,corridor,binding,102,1070000,0,PR1_HT0_EC1,No-HT,S025@corridor@binding:i102:nsga2:s1070000:r0:PR1_HT0_EC1:75cc4e2aff9b,25e7b74fd7208cd542569f2bc9871358dcab9b95f9b86f53900f2c41ac0c7e8c,p0025,v2,8ddaf5e0d22d5e7800a00a44f6a13d1ecd33623ff23765fb2b1f88170e3611d7,full,99e91ee5a24ca4ce220d739ca40d54d4e88d7cf6047bb2c40226cf1e973b867a,nsga2,16b2a4d2405f50b8,6.613657248772226,2119.0804662049104,-0.17094017094017094,6.646359508120542,2261.844421453112,-0.17094017094017094,0.03270225934831661,142.76395524820146,0.0,0.5016307647263513,0.17094017094017094,0.0,303.95572651379393,False,False,True,
S025,corridor,binding,102,1070000,0,PR1_HT0_EC1,No-HT,S025@corridor@binding:i102:nsga2:s1070000:r0:PR1_HT0_EC1:75cc4e2aff9b,25e7b74fd7208cd542569f2bc9871358dcab9b95f9b86f53900f2c41ac0c7e8c,p0026,v2,8ddaf5e0d22d5e7800a00a44f6a13d1ecd33623ff23765fb2b1f88170e3611d7,full,99e91ee5a24ca4ce220d739ca40d54d4e88d7cf6047bb2c40226cf1e973b867a,nsga2,cf08f5dd505be06a,6.9566611699854395,1569.171280451881,-0.16574585635359115,7.016697008001151,1754.7488317847553,-0.11049723756906077,0.06003583801571111,185.57755133287424,0.055248618784530384,0.3721226322821246,0.11049723756906077,0.0,402.770431568739,False,False,True,
S025,corridor,binding,102,1070000,0,PR1_HT0_EC1,No-HT,S025@corridor@binding:i102:nsga2:s1070000:r0:PR1_HT0_EC1:75cc4e2aff9b,25e7b74fd7208cd542569f2bc9871358dcab9b95f9b86f53900f2c41ac0c7e8c,p0027,v2,8ddaf5e0d22d5e7800a00a44f6a13d1ecd33623ff23765fb2b1f88170e3611d7,full,99e91ee5a24ca4ce220d739ca40d54d4e88d7cf6047bb2c40226cf1e973b867a,nsga2,fc0e93df56b47074,6.831643719766527,1858.8102552445025,-0.16574585635359115,6.8578596024289,2068.30676078154,-0.16574585635359115,0.02621588266237307,209.4965055370376,0.0,0.43401003391932685,0.16574585635359115,0.0,355.5503441195537,False,False,True,
S025,corridor,binding,102,1070000,0,PR1_HT0_EC1,No-HT,S025@corridor@binding:i102:nsga2:s1070000:r0:PR1_HT0_EC1:75cc4e2aff9b,25e7b74fd7208cd542569f2bc9871358dcab9b95f9b86f53900f2c41ac0c7e8c,p0028,v2,8ddaf5e0d22d5e7800a00a44f6a13d1ecd33623ff23765fb2b1f88170e3611d7,full,99e91ee5a24ca4ce220d739ca40d54d4e88d7cf6047bb2c40226cf1e973b867a,nsga2,37485f151810837e,6.94330095701873,1567.6773738996976,-0.16129032258064516,7.014944184807463,1807.8675846861888,-0.04032258064516129,0.07164322778873355,240.1902107864912,0.12096774193548387,0.3729240295127237,0.04032258064516129,0.0,402.15896548179194,False,False,True,
S025,corridor,binding,102,1070000,0,PR1_HT0_EC1,No-HT,S025@corridor@binding:i102:nsga2:s1070000:r0:PR1_HT0_EC1:75cc4e2aff9b,25e7b74fd7208cd542569f2bc9871358dcab9b95f9b86f53900f2c41ac0c7e8c,p0029,v2,8ddaf5e0d22d5e7800a00a44f6a13d1ecd33623ff23765fb2b1f88170e3611d7,full,99e91ee5a24ca4ce220d739ca40d54d4e88d7cf6047bb2c40226cf1e973b867a,nsga2,56084a7c0911ddc9,6.947176713808008,1559.9297455074748,-0.1282051282051282,7.012513816999762,1783.1307929573366,-0.042735042735042736,0.06533710319175423,223.2010474498618,0.08547008547008546,0.3753543973204244,0.042735042735042736,0.0,400.30459484451626,False,False,True,
S025,corridor,binding,102,1070000,0,PR1_HT0_EC1,No-HT,S025@corridor@binding:i102:nsga2:s1070000:r0:PR1_HT0_EC1:75cc4e2aff9b,25e7b74fd7208cd542569f2bc9871358dcab9b95f9b86f53900f2c41ac0c7e8c,p0030,v2,8ddaf5e0d22d5e7800a00a44f6a13d1ecd33623ff23765fb2b1f88170e3611d7,full,99e91ee5a24ca4ce220d739ca40d54d4e88d7cf6047bb2c40226cf1e973b867a,nsga2,433c950c51857d58,6.973084075741355,1548.7265780255516,-0.11049723756906077,7.019758619564734,1766.9781798335296,-0.11049723756906077,0.046674543823379544,218.25160180797798,0.0,0.37085697085098857,0.11049723756906077,0.0,403.73613124069584,False,False,True,
S025,corridor,binding,102,1070000,0,PR1_HT0_EC1,No-HT,S025@corridor@binding:i102:nsga2:s1070000:r0:PR1_HT0_EC1:75cc4e2aff9b,25e7b74fd7208cd542569f2bc9871358dcab9b95f9b86f53900f2c41ac0c7e8c,p0031,v2,8ddaf5e0d22d5e7800a00a44f6a13d1ecd33623ff23765fb2b1f88170e3611d7,full,99e91ee5a24ca4ce220d739ca40d54d4e88d7cf6047bb2c40226cf1e973b867a,nsga2,7516a76e6da9e066,6.821582496423527,1946.564691158556,-0.08064516129032258,6.844016381595237,2112.183978738567,-0.12096774193548387,0.022433885171709633,165.61928758001113,-0.040322580645161296,0.44375673616848293,0.12096774193548387,0.0,348.1136103034477,False,False,True,
S025,corridor,binding,102,1070000,0,PR1_HT0_EC1,No-HT,S025@corridor@binding:i102:nsga2:s1070000:r0:PR1_HT0_EC1:75cc4e2aff9b,25e7b74fd7208cd542569f2bc9871358dcab9b95f9b86f53900f2c41ac0c7e8c,p0032,v2,8ddaf5e0d22d5e7800a00a44f6a13d1ecd33623ff23765fb2b1f88170e3611d7,full,99e91ee5a24ca4ce220d739ca40d54d4e88d7cf6047bb2c40226cf1e973b867a,nsga2,1b8f042aec018a0c,6.818668187543016,1963.5317429945783,-0.08064516129032258,6.844016381595237,2141.8481046086963,-0.12096774193548387,0.025348194052220663,178.31636161411802,-0.040322580645161296,0.44375673616848293,0.12096774193548387,0.0,348.1136103034476,False,False,True,
S025,corridor,binding,102,1070000,0,PR1_HT0_EC1,No-HT,S025@corridor@binding:i102:nsga2:s1070000:r0:PR1_HT0_EC1:75cc4e2aff9b,25e7b74fd7208cd542569f2bc9871358dcab9b95f9b86f53900f2c41ac0c7e8c,p0033,v2,8ddaf5e0d22d5e7800a00a44f6a13d1ecd33623ff23765fb2b1f88170e3611d7,full,99e91ee5a24ca4ce220d739ca40d54d4e88d7cf6047bb2c40226cf1e973b867a,nsga2,c5656b0ac7adf519,7.299257317606529,748.1008775205676,-0.0,7.299257317606529,748.1008775205676,-0.0,0.0,0.0,0.0,0.19659239842719534,0.0,0.6666666666666666,536.7000000000501,False,False,True,
S025,corridor,binding,102,1070000,0,PR1_HT0_EC1,No-HT,S025@corridor@binding:i102:nsga2:s1070000:r0:PR1_HT0_EC1:75cc4e2aff9b,25e7b74fd7208cd542569f2bc9871358dcab9b95f9b86f53900f2c41ac0c7e8c,p0034,v2,8ddaf5e0d22d5e7800a00a44f6a13d1ecd33623ff23765fb2b1f88170e3611d7,full,99e91ee5a24ca4ce220d739ca40d54d4e88d7cf6047bb2c40226cf1e973b867a,nsga2,e8386a6fde09b1de,7.231909187639802,953.919260040997,-0.0,7.24531467255695,1066.4907995227632,-0.0,0.01340548491714788,112.5715394817662,0.0,0.250535043476774,0.0,0.3333333333333333,495.54176182722153,False,False,True,
S025,corridor,binding,102,1070000,0,PR1_HT0_EC1,No-HT,S025@corridor@binding:i102:nsga2:s1070000:r0:PR1_HT0_EC1:75cc4e2aff9b,25e7b74fd7208cd542569f2bc9871358dcab9b95f9b86f53900f2c41ac0c7e8c,p0035,v2,8ddaf5e0d22d5e7800a00a44f6a13d1ecd33623ff23765fb2b1f88170e3611d7,full,99e91ee5a24ca4ce220d739ca40d54d4e88d7cf6047bb2c40226cf1e973b867a,nsga2,50313e3d19e9f44b,7.247730653092304,936.8536063286947,-0.0,7.253086432951505,1031.2299707327584,-0.0,0.005355779859200993,94.37636440406368,0.0,0.2427632830822202,0.0,0.3333333333333333,501.4716150082661,False,False,True,
S025,corridor,binding,102,1070000,0,PR1_HT0_EC1,No-HT,S025@corridor@binding:i102:nsga2:s1070000:r0:PR1_HT0_EC1:75cc4e2aff9b,25e7b74fd7208cd542569f2bc9871358dcab9b95f9b86f53900f2c41ac0c7e8c,p0036,v2,8ddaf5e0d22d5e7800a00a44f6a13d1ecd33623ff23765fb2b1f88170e3611d7,full,99e91ee5a24ca4ce220d739ca40d54d4e88d7cf6047bb2c40226cf1e973b867a,nsga2,c8d9b8c4215ca2a5,7.144433560071601,1265.124828655942,-0.0,7.153967089927492,1348.7830670370045,-0.0,0.009533529855890954,83.65823838106235,0.0,0.3091172263683556,0.0,0.16666666666666666,450.84355628094477,False,False,True,
S025,corridor,binding,102,1070000,0,PR1_HT0_EC1,No-HT,S025@corridor@binding:i102:nsga2:s1070000:r0:PR1_HT0_EC1:75cc4e2aff9b,25e7b74fd7208cd542569f2bc9871358dcab9b95f9b86f53900f2c41ac0c7e8c,p0037,v2,8ddaf5e0d22d5e7800a00a44f6a13d1ecd33623ff23765fb2b1f88170e3611d7,full,99e91ee5a24ca4ce220d739ca40d54d4e88d7cf6047bb2c40226cf1e973b867a,nsga2,a8ceb7b8f388bf21,7.1434372632578285,1274.201376327602,-0.0,7.153967089927492,1350.2769735891884,-0.0,0.0105298266696634,76.07559726158638,0.0,0.3091172263683556,0.0,0.16666666666666666,450.84355628094477,False,False,True,
S025,corridor,binding,102,1070000,0,PR1_HT0_EC1,No-HT,S025@corridor@binding:i102:nsga2:s1070000:r0:PR1_HT0_EC1:75cc4e2aff9b,25e7b74fd7208cd542569f2bc9871358dcab9b95f9b86f53900f2c41ac0c7e8c,p0038,v2,8ddaf5e0d22d5e7800a00a44f6a13d1ecd33623ff23765fb2b1f88170e3611d7,full,99e91ee5a24ca4ce220d739ca40d54d4e88d7cf6047bb2c40226cf1e973b867a,nsga2,f4b37e324d2635a0,7.146173949173918,1203.4361037501778,-0.0,7.156094435620036,1279.5117010117642,-0.0,0.009920486446118204,76.07559726158638,0.0,0.30698988067581134,0.0,0.16666666666666666,452.46672104435606,False,False,True,
S025,corridor,binding,102,1070000,0,PR1_HT0_EC1,No-HT,S025@corridor@binding:i102:nsga2:s1070000:r0:PR1_HT0_EC1:75cc4e2aff9b,25e7b74fd7208cd542569f2bc9871358dcab9b95f9b86f53900f2c41ac0c7e8c,p0039,v2,8ddaf5e0d22d5e7800a00a44f6a13d1ecd33623ff23765fb2b1f88170e3611d7,full,99e91ee5a24ca4ce220d739ca40d54d4e88d7cf6047bb2c40226cf1e973b867a,nsga2,0d07dc772c9e367e,7.2611361380094515,895.1376391291094,-0.0,7.274242297904602,1031.94553490839,-0.0,0.01310615989515096,136.80789577928067,0.0,0.2216074181291224,0.0,0.5,517.6135399674797,False,False,True,
S025,corridor,binding,102,1070000,0,PR1_HT0_EC1,No-HT,S025@corridor@binding:i102:nsga2:s1070000:r0:PR1_HT0_EC1:75cc4e2aff9b,25e7b74fd7208cd542569f2bc9871358dcab9b95f9b86f53900f2c41ac0c7e8c,p0040,v2,8ddaf5e0d22d5e7800a00a44f6a13d1ecd33623ff23765fb2b1f88170e3611d7,full,99e91ee5a24ca4ce220d739ca40d54d4e88d7cf6047bb2c40226cf1e973b867a,nsga2,33cf1dc357db76a3,7.272745672794231,871.5401363256656,-0.0,7.2730449978162275,994.9793951307637,-0.0,0.00029932502199692124,123.43925880509812,0.0,0.22280471821749676,0.0,0.5,516.7000000000501,False,False,True,
S025,corridor,binding,102,1070000,0,PR1_HT0_EC1,No-HT,S025@corridor@binding:i102:nsga2:s1070000:r0:PR1_HT0_EC1:75cc4e2aff9b,25e7b74fd7208cd542569f2bc9871358dcab9b95f9b86f53900f2c41ac0c7e8c,p0041,v2,8ddaf5e0d22d5e7800a00a44f6a13d1ecd33623ff23765fb2b1f88170e3611d7,full,99e91ee5a24ca4ce220d739ca40d54d4e88d7cf6047bb2c40226cf1e973b867a,nsga2,a4fbc96e1382c4ab,7.2599388379210765,900.25207204374,-0.0,7.2730449978162275,1052.4032665669124,-0.0,0.01310615989515096,152.15119452317242,0.0,0.22280471821749676,0.0,0.5,516.7000000000501,False,False,True,
S025,corridor,binding,102,1070000,0,PR1_HT0_EC1,No-HT,S025@corridor@binding:i102:nsga2:s1070000:r0:PR1_HT0_EC1:75cc4e2aff9b,25e7b74fd7208cd542569f2bc9871358dcab9b95f9b86f53900f2c41ac0c7e8c,p0042,v2,8ddaf5e0d22d5e7800a00a44f6a13d1ecd33623ff23765fb2b1f88170e3611d7,full,99e91ee5a24ca4ce220d739ca40d54d4e88d7cf6047bb2c40226cf1e973b867a,nsga2,300fa09ef8d58997,7.261573010005951,882.3499991673522,-0.0,7.268126089953526,953.3111635143077,-0.0,0.006553079947575036,70.96116434695557,0.0,0.2281604980766976,0.0,0.3333333333333333,512.6135399674797,False,False,True,
S025,corridor,binding,102,1070000,0,PR1_HT1_EC0,No-EC,S025@corridor@binding:i102:nsga2:s1070000:r0:PR1_HT1_EC0:6d64fbb47f71,25e7b74fd7208cd542569f2bc9871358dcab9b95f9b86f53900f2c41ac0c7e8c,p0001,v2,aad1b8a2a825534eddf1e3b5e952ede46d3a6de761138cd1d40bf9c0e385cbe0,full,99e91ee5a24ca4ce220d739ca40d54d4e88d7cf6047bb2c40226cf1e973b867a,nsga2,fc50ce85bcabe4b2,4.215202153176456,4210.121476932916,-0.8755301794452136,4.74615107859443,4329.326160799944,-0.5982905982905983,0.5309489254179738,119.2046838670276,0.27723958115461533,0.8430290368463589,0.5982905982905983,0.0,43.46884488622814,False,False,True,
S025,corridor,binding,102,1070000,0,PR1_HT1_EC0,No-EC,S025@corridor@binding:i102:nsga2:s1070000:r0:PR1_HT1_EC0:6d64fbb47f71,25e7b74fd7208cd542569f2bc9871358dcab9b95f9b86f53900f2c41ac0c7e8c,p0002,v2,aad1b8a2a825534eddf1e3b5e952ede46d3a6de761138cd1d40bf9c0e385cbe0,full,99e91ee5a24ca4ce220d739ca40d54d4e88d7cf6047bb2c40226cf1e973b867a,nsga2,0d9d3152bdf41867,4.211523217373897,4285.524384253617,-0.8755301794451508,4.85163066150409,4185.63722400587,-0.6353591160220995,0.6401074441301926,-99.88716024774749,0.24017106342305128,0.8082286132293023,0.6353591160220995,0.0,70.02156810604248,True,False,True,
S025,corridor,binding,102,1070000,0,PR1_HT1_EC0,No-EC,S025@corridor@binding:i102:nsga2:s1070000:r0:PR1_HT1_EC0:6d64fbb47f71,25e7b74fd7208cd542569f2bc9871358dcab9b95f9b86f53900f2c41ac0c7e8c,p0003,v2,aad1b8a2a825534eddf1e3b5e952ede46d3a6de761138cd1d40bf9c0e385cbe0,full,99e91ee5a24ca4ce220d739ca40d54d4e88d7cf6047bb2c40226cf1e973b867a,nsga2,d5e2eb940881c856,4.328848892747315,4071.847026242334,-0.875530179445167,4.782864098285583,4348.802947327273,-0.5982905982905983,0.45401520553826824,276.95592108493884,0.2772395811545687,0.8242217184853589,0.5982905982905983,0.0,57.81882879567125,False,False,True,
S025,corridor,binding,102,1070000,0,PR1_HT1_EC0,No-EC,S025@corridor@binding:i102:nsga2:s1070000:r0:PR1_HT1_EC0:6d64fbb47f71,25e7b74fd7208cd542569f2bc9871358dcab9b95f9b86f53900f2c41ac0c7e8c,p0004,v2,aad1b8a2a825534eddf1e3b5e952ede46d3a6de761138cd1d40bf9c0e385cbe0,full,99e91ee5a24ca4ce220d739ca40d54d4e88d7cf6047bb2c40226cf1e973b867a,nsga2,bb6023e24f046608,4.242581553045056,4080.301270960677,-0.8755301794452139,4.853803637971465,4339.158335185884,-0.5128205128205128,0.6112220849264087,258.8570642252075,0.36270966662470117,0.8036319509278277,0.5128205128205128,0.0,73.52882144206757,False,False,True,
S025,corridor,binding,102,1070000,0,PR1_HT1_EC0,No-EC,S025@corridor@binding:i102:nsga2:s1070000:r0:PR1_HT1_EC0:6d64fbb47f71,25e7b74fd7208cd542569f2bc9871358dcab9b95f9b86f53900f2c41ac0c7e8c,p0005,v2,aad1b8a2a825534eddf1e3b5e952ede46d3a6de761138cd1d40bf9c0e385cbe0,full,99e91ee5a24ca4ce220d739ca40d54d4e88d7cf6047bb2c40226cf1e973b867a,nsga2,ce45fa4c6daf552d,5.190415718365358,3445.4862932207698,-0.7853403141361257,5.590065783403841,3488.827205882133,-0.4973821989528796,0.3996500650384833,43.34091266136329,0.2879581151832461,0.704629156171627,0.4973821989528796,0.0,149.0679538410485,False,False,True,
S025,corridor,binding,102,1070000,0,PR1_HT1_EC0,No-EC,S025@corridor@binding:i102:nsga2:s1070000:r0:PR1_HT1_EC0:6d64fbb47f71,25e7b74fd7208cd542569f2bc9871358dcab9b95f9b86f53900f2c41ac0c7e8c,p0006,v2,aad1b8a2a825534eddf1e3b5e952ede46d3a6de761138cd1d40bf9c0e385cbe0,full,99e91ee5a24ca4ce220d739ca40d54d4e88d7cf6047bb2c40226cf1e973b867a,nsga2,49f4df3ec843c65e,5.184052788449702,3368.1875074483582,-0.7661290322580645,5.531657542155503,3495.600532621694,-0.5241935483870968,0.34760475370580046,127.41302517333588,0.24193548387096775,0.7306550579629789,0.5241935483870968,0.0,129.21019077424714,False,False,True,
S025,corridor,binding,102,1070000,0,PR1_HT1_EC0,No-EC,S025@corridor@binding:i102:nsga2:s1070000:r0:PR1_HT1_EC0:6d64fbb47f71,25e7b74fd7208cd542569f2bc9871358dcab9b95f9b86f53900f2c41ac0c7e8c,p0007,v2,aad1b8a2a825534eddf1e3b5e952ede46d3a6de761138cd1d40bf9c0e385cbe0,full,99e91ee5a24ca4ce220d739ca40d54d4e88d7cf6047bb2c40226cf1e973b867a,nsga2,ec778c6af82bbd24,5.216153165520179,3359.6840550463307,-0.6837606837606838,5.556094723579443,3486.38259516593,-0.4700854700854701,0.3399415580592642,126.69854011959933,0.2136752136752137,0.7259442038740735,0.4700854700854701,0.0,132.80457244408203,False,False,True,
S025,corridor,binding,102,1070000,0,PR1_HT1_EC0,No-EC,S025@corridor@binding:i102:nsga2:s1070000:r0:PR1_HT1_EC0:6d64fbb47f71,25e7b74fd7208cd542569f2bc9871358dcab9b95f9b86f53900f2c41ac0c7e8c,p0008,v2,aad1b8a2a825534eddf1e3b5e952ede46d3a6de761138cd1d40bf9c0e385cbe0,full,99e91ee5a24ca4ce220d739ca40d54d4e88d7cf6047bb2c40226cf1e973b867a,nsga2,81e95628efeb39b4,5.2798583583346925,3325.3417910280573,-0.6451612903225806,5.587652748610232,3476.817129845936,-0.3629032258064516,0.30779439027553934,151.47533881787876,0.282258064516129,0.6962890945067662,0.3629032258064516,0.0,155.43142089133747,False,False,True,
S025,corridor,binding,102,1070000,0,PR1_HT1_EC0,No-EC,S025@corridor@binding:i102:nsga2:s1070000:r0:PR1_HT1_EC0:6d64fbb47f71,25e7b74fd7208cd542569f2bc9871358dcab9b95f9b86f53900f2c41ac0c7e8c,p0009,v2,aad1b8a2a825534eddf1e3b5e952ede46d3a6de761138cd1d40bf9c0e385cbe0,full,99e91ee5a24ca4ce220d739ca40d54d4e88d7cf6047bb2c40226cf1e973b867a,nsga2,dd109b2a5901c795,5.264158824522969,3356.2954909501304,-0.6451612903225806,5.603854488800712,3503.789300025125,-0.3629032258064516,0.3396956642777429,147.49380907499472,0.282258064516129,0.6948629058872866,0.3629032258064516,0.0,156.51960280800034,False,False,True,
S025,corridor,binding,102,1070000,0,PR1_HT1_EC0,No-EC,S025@corridor@binding:i102:nsga2:s1070000:r0:PR1_HT1_EC0:6d64fbb47f71,25e7b74fd7208cd542569f2bc9871358dcab9b95f9b86f53900f2c41ac0c7e8c,p0010,v2,aad1b8a2a825534eddf1e3b5e952ede46d3a6de761138cd1d40bf9c0e385cbe0,full,99e91ee5a24ca4ce220d739ca40d54d4e88d7cf6047bb2c40226cf1e973b867a,nsga2,cf38b59c081b1f78,5.2761100844332045,3327.600833758858,-0.6410256410256411,5.541478342786916,3443.9780920980866,-0.5555555555555556,0.26536825835371136,116.37725833922877,0.0854700854700855,0.7279528842481946,0.5555555555555556,0.0,131.27194931862758,False,False,True,
S025,corridor,binding,102,1070000,0,PR1_HT1_EC0,No-EC,S025@corridor@binding:i102:nsga2:s1070000:r0:PR1_HT1_EC0:6d64fbb47f71,25e7b74fd7208cd542569f2bc9871358dcab9b95f9b86f53900f2c41ac0c7e8c,p0011,v2,aad1b8a2a825534eddf1e3b5e952ede46d3a6de761138cd1d40bf9c0e385cbe0,full,99e91ee5a24ca4ce220d739ca40d54d4e88d7cf6047bb2c40226cf1e973b867a,nsga2,7d71bc1c6588a0fd,5.8403151566972875,3226.055394651502,-0.6282722513089005,6.310826383675572,2687.547475303247,-0.39267015706806285,0.4705112269782843,-538.5079193482547,0.23560209424083767,0.5759492865972669,0.39267015706806285,0.0,247.25069432628544,False,False,True,
S025,corridor,binding,102,1070000,0,PR1_HT1_EC0,No-EC,S025@corridor@binding:i102:nsga2:s1070000:r0:PR1_HT1_EC0:6d64fbb47f71,25e7b74fd7208cd542569f2bc9871358dcab9b95f9b86f53900f2c41ac0c7e8c,p0012,v2,aad1b8a2a825534eddf1e3b5e952ede46d3a6de761138cd1d40bf9c0e385cbe0,full,99e91ee5a24ca4ce220d739ca40d54d4e88d7cf6047bb2c40226cf1e973b867a,nsga2,9d6a84ced497b179,5.834563059641514,3139.9195874972784,-0.6048387096774194,6.326081623653134,2714.7655044691373,-0.28225806451612906,0.49151856401161975,-425.15408302814103,0.3225806451612903,0.5650096461433739,0.28225806451612906,0.0,255.59763999260565,False,False,True,
S025,corridor,binding,102,1070000,0,PR1_HT1_EC0,No-EC,S025@corridor@binding:i102:nsga2:s1070000:r0:PR1_HT1_EC0:6d64fbb47f71,25e7b74fd7208cd542569f2bc9871358dcab9b95f9b86f53900f2c41ac0c7e8c,p0013,v2,aad1b8a2a825534eddf1e3b5e952ede46d3a6de761138cd1d40bf9c0e385cbe0,full,99e91ee5a24ca4ce220d739ca40d54d4e88d7cf6047bb2c40226cf1e973b867a,nsga2,db8de39b36f5d060,5.903889914936996,3139.38988435757,-0.5759162303664922,6.330143799366096,2652.843167799875,-0.3403141361256545,0.4262538844290997,-486.5467165576947,0.23560209424083772,0.5656543822868076,0.3403141361256545,0.0,255.10570631516572,False,False,True,
S025,corridor,binding,102,1070000,0,PR1_HT1_EC0,No-EC,S025@corridor@binding:i102:nsga2:s1070000:r0:PR1_HT1_EC0:6d64fbb47f71,25e7b74fd7208cd542569f2bc9871358dcab9b95f9b86f53900f2c41ac0c7e8c,p0014,v2,aad1b8a2a825534eddf1e3b5e952ede46d3a6de761138cd1d40bf9c0e385cbe0,full,99e91ee5a24ca4ce220d739ca40d54d4e88d7cf6047bb2c40226cf1e973b867a,nsga2,3ce3e37f425d37e8,5.868847354243383,3114.476355525128,-0.5645161290322581,6.31702502810476,2694.4171648248034,-0.24193548387096775,0.44817767386137763,-420.0591907003245,0.32258064516129037,0.5689804032299506,0.24193548387096775,0.0,252.56795233554772,False,False,True,
S025,corridor,binding,102,1070000,0,PR1_HT1_EC0,No-EC,S025@corridor@binding:i102:nsga2:s1070000:r0:PR1_HT1_EC0:6d64fbb47f71,25e7b74fd7208cd542569f2bc9871358dcab9b95f9b86f53900f2c41ac0c7e8c,p0015,v2,aad1b8a2a825534eddf1e3b5e952ede46d3a6de761138cd1d40bf9c0e385cbe0,full,99e91ee5a24ca4ce220d739ca40d54d4e88d7cf6047bb2c40226cf1e973b867a,nsga2,07e8e00b0f8a42f5,5.950388281666236,3100.060727975451,-0.5555555555555556,6.35434011680239,2668.4798331887705,-0.29914529914529914,0.4039518351361533,-431.58089478668035,0.25641025641025644,0.5671153633600234,0.29914529914529914,0.0,253.99097775630213,False,False,True,
S025,corridor,binding,102,1070000,0,PR1_HT1_EC0,No-EC,S025@corridor@binding:i102:nsga2:s1070000:r0:PR1_HT1_EC0:6d64fbb47f71,25e7b74fd7208cd542569f2bc9871358dcab9b95f9b86f53900f2c41ac0c7e8c,p0016,v2,aad1b8a2a825534eddf1e3b5e952ede46d3a6de761138cd1d40bf9c0e385cbe0,full,99e91ee5a24ca4ce220d739ca40d54d4e88d7cf6047bb2c40226cf1e973b867a,nsga2,929113d9f1cf656f,5.811200794745219,3125.6303578702054,-0.5128205128205128,6.294576416215048,2659.2238018444805,-0.38461538461538464,0.48337562146982904,-466.40655602572497,0.12820512820512814,0.5859381771111417,0.38461538461538464,0.0,239.62917086419884,False,False,True,
S025,corridor,binding,102,1070000,0,PR1_HT1_EC0,No-EC,S025@corridor@binding:i102:nsga2:s1070000:r0:PR1_HT1_EC0:6d64fbb47f71,25e7b74fd7208cd542569f2bc9871358dcab9b95f9b86f53900f2c41ac0c7e8c,p0017,v2,aad1b8a2a825534eddf1e3b5e952ede46d3a6de761138cd1d40bf9c0e385cbe0,full,99e91ee5a24ca4ce220d739ca40d54d4e88d7cf6047bb2c40226cf1e973b867a,nsga2,26abb00d9d86cffa,6.16129706530286,2885.304944717846,-0.4712041884816754,6.409294362263113,2764.907749001407,-0.31413612565445026,0.24799729696025263,-120.397195716439,0.15706806282722513,0.5502859191452417,0.31413612565445026,0.0,266.83184369218054,False,False,True,
S025,corridor,binding,102,1070000,0,PR1_HT1_EC0,No-EC,S025@corridor@binding:i102:nsga2:s1070000:r0:PR1_HT1_EC0:6d64fbb47f71,25e7b74fd7208cd542569f2bc9871358dcab9b95f9b86f53900f2c41ac0c7e8c,p0018,v2,aad1b8a2a825534eddf1e3b5e952ede46d3a6de761138cd1d40bf9c0e385cbe0,full,99e91ee5a24ca4ce220d739ca40d54d4e88d7cf6047bb2c40226cf1e973b867a,nsga2,a6dc1a5b70f24482,6.247220754374321,2860.961588677967,-0.4712041884816754,6.409856445972549,2776.1758347121063,-0.3403141361256545,0.16263569159822833,-84.78575396586075,0.13089005235602091,0.5560631675380632,0.3403141361256545,0.0,262.42380316845777,False,False,True,
S025,corridor,binding,102,1070000,0,PR1_HT1_EC0,No-EC,S025@corridor@binding:i102:nsga2:s1070000:r0:PR1_HT1_EC0:6d64fbb47f71,25e7b74fd7208cd542569f2bc9871358dcab9b95f9b86f53900f2c41ac0c7e8c,p0019,v2,aad1b8a2a825534eddf1e3b5e952ede46d3a6de761138cd1d40bf9c0e385cbe0,full,99e91ee5a24ca4ce220d739ca40d54d4e88d7cf6047bb2c40226cf1e973b867a,nsga2,5a42808a4be2a188,6.240105590717552,2863.220631408768,-0.4712041884816754,6.402741282315537,2773.0879525637683,-0.3403141361256545,0.16263569159798497,-90.13267884499965,0.13089005235602091,0.5568389990928171,0.3403141361256545,0.0,261.83184369218054,False,False,True,
S025,corridor,binding,102,1070000,0,PR1_HT1_EC0,No-EC,S025@corridor@binding:i102:nsga2:s1070000:r0:PR1_HT1_EC0:6d64fbb47f71,25e7b74fd7208cd542569f2bc9871358dcab9b95f9b86f53900f2c41ac0c7e8c,p0020,v2,aad1b8a2a825534eddf1e3b5e952ede46d3a6de761138cd1d40bf9c0e385cbe0,full,99e91ee5a24ca4ce220d739ca40d54d4e88d7cf6047bb2c40226cf1e973b867a,nsga2,66ec51c679f0a811,6.216235048083722,2870.2402687705535,-0.4712041884816754,6.419680630181394,2764.1990409131513,-0.36649214659685864,0.20344558209767172,-106.04122785740219,0.10471204188481675,0.5523780038400019,0.36649214659685864,0.0,265.2355830700785,False,False,True,
S025,corridor,binding,102,1070000,0,PR1_HT1_EC0,No-EC,S025@corridor@binding:i102:nsga2:s1070000:r0:PR1_HT1_EC0:6d64fbb47f71,25e7b74fd7208cd542569f2bc9871358dcab9b95f9b86f53900f2c41ac0c7e8c,p0021,v2,aad1b8a2a825534eddf1e3b5e952ede46d3a6de761138cd1d40bf9c0e385cbe0,full,99e91ee5a24ca4ce220d739ca40d54d4e88d7cf6047bb2c40226cf1e973b867a,nsga2,1f60b4eb9d1159e0,6.188108260170005,2849.3354078395855,-0.42735042735042733,6.412919441393393,2795.620662484491,-0.3418803418803419,0.22481118122338817,-53.71474535509469,0.08547008547008544,0.5575580567268621,0.3418803418803419,0.0,261.2832027174042,False,False,True,
S025,corridor,binding,102,1070000,0,PR1_HT1_EC0,No-EC,S025@corridor@binding:i102:nsga2:s1070000:r0:PR1_HT1_EC0:6d64fbb47f71,25e7b74fd7208cd542569f2bc9871358dcab9b95f9b86f53900f2c41ac0c7e8c,p0022,v2,aad1b8a2a825534eddf1e3b5e952ede46d3a6de761138cd1d40bf9c0e385cbe0,full,99e91ee5a24ca4ce220d739ca40d54d4e88d7cf6047bb2c40226cf1e973b867a,nsga2,c660e1f0049d7304,6.136650285928104,2926.576544613943,-0.42735042735042733,6.387889870086725,2797.834849271827,-0.21367521367521367,0.251239584158621,-128.74169534211615,0.21367521367521367,0.5536488938823034,0.21367521367521367,0.0,264.2658939678024,False,False,True,
S025,corridor,binding,102,1070000,0,PR1_HT1_EC0,No-EC,S025@corridor@binding:i102:nsga2:s1070000:r0:PR1_HT1_EC0:6d64fbb47f71,25e7b74fd7208cd542569f2bc9871358dcab9b95f9b86f53900f2c41ac0c7e8c,p0023,v2,aad1b8a2a825534eddf1e3b5e952ede46d3a6de761138cd1d40bf9c0e385cbe0,full,99e91ee5a24ca4ce220d739ca40d54d4e88d7cf6047bb2c40226cf1e973b867a,nsga2,ee9317cfd79dfd74,6.537558421884067,2352.964114138894,-0.4143646408839779,6.708621694783168,2208.608813622591,-0.22099447513812154,0.17106327289910084,-144.35530051630303,0.19337016574585636,0.4762090288320354,0.22099447513812154,0.0,323.352511001157,False,False,True,
S025,corridor,binding,102,1070000,0,PR1_HT1_EC0,No-EC,S025@corridor@binding:i102:nsga2:s1070000:r0:PR1_HT1_EC0:6d64fbb47f71,25e7b74fd7208cd542569f2bc9871358dcab9b95f9b86f53900f2c41ac0c7e8c,p0024,v2,aad1b8a2a825534eddf1e3b5e952ede46d3a6de761138cd1d40bf9c0e385cbe0,full,99e91ee5a24ca4ce220d739ca40d54d4e88d7cf6047bb2c40226cf1e973b867a,nsga2,b6f996c24147d4c9,6.183605873666641,2867.7653213926164,-0.4032258064516129,6.424405136313149,2841.0547108894925,-0.16129032258064516,0.24079926264650808,-26.710610503123917,0.24193548387096772,0.5344771127038827,0.16129032258064516,0.0,278.89396300693744,False,False,True,
S025,corridor,binding,102,1070000,0,PR1_HT1_EC0,No-EC,S025@corridor@binding:i102:nsga2:s1070000:r0:PR1_HT1_EC0:6d64fbb47f71,25e7b74fd7208cd542569f2bc9871358dcab9b95f9b86f53900f2c41ac0c7e8c,p0025,v2,aad1b8a2a825534eddf1e3b5e952ede46d3a6de761138cd1d40bf9c0e385cbe0,full,99e91ee5a24ca4ce220d739ca40d54d4e88d7cf6047bb2c40226cf1e973b867a,nsga2,b9bd6c1a72193a4f,6.556417512573782,2291.0567142947484,-0.39267015706806285,6.725625444531402,2241.9707221067047,-0.2094240837696335,0.16920793195761963,-49.08599218804375,0.18324607329842935,0.46720739278832274,0.2094240837696335,0.0,330.22075930250975,False,False,True,
S025,corridor,binding,102,1070000,0,PR1_HT1_EC0,No-EC,S025@corridor@binding:i102:nsga2:s1070000:r0:PR1_HT1_EC0:6d64fbb47f71,25e7b74fd7208cd542569f2bc9871358dcab9b95f9b86f53900f2c41ac0c7e8c,p0026,v2,aad1b8a2a825534eddf1e3b5e952ede46d3a6de761138cd1d40bf9c0e385cbe0,full,99e91ee5a24ca4ce220d739ca40d54d4e88d7cf6047bb2c40226cf1e973b867a,nsga2,21581d8c61163e9a,6.509870318094218,2273.5170909695184,-0.3629032258064516,6.618546081879362,2280.327491341925,-0.24193548387096775,0.10867576378514432,6.810400372406548,0.12096774193548387,0.5190741938149519,0.24193548387096775,0.0,290.6463901191917,False,False,True,
S025,corridor,binding,102,1070000,0,PR1_HT1_EC0,No-EC,S025@corridor@binding:i102:nsga2:s1070000:r0:PR1_HT1_EC0:6d64fbb47f71,25e7b74fd7208cd542569f2bc9871358dcab9b95f9b86f53900f2c41ac0c7e8c,p0027,v2,aad1b8a2a825534eddf1e3b5e952ede46d3a6de761138cd1d40bf9c0e385cbe0,full,99e91ee5a24ca4ce220d739ca40d54d4e88d7cf6047bb2c40226cf1e973b867a,nsga2,dc7efe3606389d3c,6.774338475453999,1925.1205225275542,-0.31413612565445026,6.859679211255122,2054.7562539491364,-0.15706806282722513,0.08534073580112267,129.63573142158225,0.15706806282722513,0.42916554496227044,0.15706806282722513,0.0,359.24668919378763,False,False,True,
S025,corridor,binding,102,1070000,0,PR1_HT1_EC0,No-EC,S025@corridor@binding:i102:nsga2:s1070000:r0:PR1_HT1_EC0:6d64fbb47f71,25e7b74fd7208cd542569f2bc9871358dcab9b95f9b86f53900f2c41ac0c7e8c,p0028,v2,aad1b8a2a825534eddf1e3b5e952ede46d3a6de761138cd1d40bf9c0e385cbe0,full,99e91ee5a24ca4ce220d739ca40d54d4e88d7cf6047bb2c40226cf1e973b867a,nsga2,ebc22ec78c55a67e,6.822819118066349,1887.4190688672031,-0.31413612565445026,6.871676771424067,2097.4587644528565,-0.2094240837696335,0.04885765335771808,210.03969558565336,0.10471204188481675,0.4367697278642244,0.2094240837696335,0.0,353.4446976395968,False,False,True,
S025,corridor,binding,102,1070000,0,PR1_HT1_EC0,No-EC,S025@corridor@binding:i102:nsga2:s1070000:r0:PR1_HT1_EC0:6d64fbb47f71,25e7b74fd7208cd542569f2bc9871358dcab9b95f9b86f53900f2c41ac0c7e8c,p0029,v2,aad1b8a2a825534eddf1e3b5e952ede46d3a6de761138cd1d40bf9c0e385cbe0,full,99e91ee5a24ca4ce220d739ca40d54d4e88d7cf6047bb2c40226cf1e973b867a,nsga2,c0c1fc241f77c507,6.508459341670265,2292.367817799694,-0.29914529914529914,6.646359508120542,2262.46755689728,-0.17094017094017094,0.1379001664502777,-29.900260902414175,0.1282051282051282,0.5016307647263513,0.17094017094017094,0.0,303.95572651379393,False,False,True,
S025,corridor,binding,102,1070000,0,PR1_HT1_EC0,No-EC,S025@corridor@binding:i102:nsga2:s1070000:r0:PR1_HT1_EC0:6d64fbb47f71,25e7b74fd7208cd542569f2bc9871358dcab9b95f9b86f53900f2c41ac0c7e8c,p0030,v2,aad1b8a2a825534eddf1e3b5e952ede46d3a6de761138cd1d40bf9c0e385cbe0,full,99e91ee5a24ca4ce220d739ca40d54d4e88d7cf6047bb2c40226cf1e973b867a,nsga2,57d175baffb1590e,6.770896936374542,1905.7958260844514,-0.28225806451612906,6.841664932750385,2097.824157526248,-0.08064516129032258,0.07076799637584319,192.0283314417968,0.2016129032258065,0.4396458280078212,0.08064516129032258,0.0,351.25023323003245,False,False,True,
S025,corridor,binding,102,1070000,0,PR1_HT1_EC0,No-EC,S025@corridor@binding:i102:nsga2:s1070000:r0:PR1_HT1_EC0:6d64fbb47f71,25e7b74fd7208cd542569f2bc9871358dcab9b95f9b86f53900f2c41ac0c7e8c,p0031,v2,aad1b8a2a825534eddf1e3b5e952ede46d3a6de761138cd1d40bf9c0e385cbe0,full,99e91ee5a24ca4ce220d739ca40d54d4e88d7cf6047bb2c40226cf1e973b867a,nsga2,2721de4a6854565a,6.941346367879781,1850.8846612186808,-0.2617801047120419,7.0249221901149745,1788.1416307121242,-0.10471204188481675,0.08357582223519344,-62.74303050655658,0.15706806282722513,0.36689996521115414,0.10471204188481675,0.0,406.7553265438894,False,False,True,
S025,corridor,binding,102,1070000,0,PR1_HT1_EC0,No-EC,S025@corridor@binding:i102:nsga2:s1070000:r0:PR1_HT1_EC0:6d64fbb47f71,25e7b74fd7208cd542569f2bc9871358dcab9b95f9b86f53900f2c41ac0c7e8c,p0032,v2,aad1b8a2a825534eddf1e3b5e952ede46d3a6de761138cd1d40bf9c0e385cbe0,full,99e91ee5a24ca4ce220d739ca40d54d4e88d7cf6047bb2c40226cf1e973b867a,nsga2,538220dc36aff393,6.784855669744627,1876.6271992802517,-0.2617801047120419,6.829749208759335,2015.5355104814155,-0.18324607329842932,0.044893539014707606,138.90831120116377,0.07853403141361257,0.44501471525573527,0.18324607329842932,0.0,347.153772259874,False,False,True,
S025,corridor,binding,102,1070000,0,PR1_HT1_EC0,No-EC,S025@corridor@binding:i102:nsga2:s1070000:r0:PR1_HT1_EC0:6d64fbb47f71,25e7b74fd7208cd542569f2bc9871358dcab9b95f9b86f53900f2c41ac0c7e8c,p0033,v2,aad1b8a2a825534eddf1e3b5e952ede46d3a6de761138cd1d40bf9c0e385cbe0,full,99e91ee5a24ca4ce220d739ca40d54d4e88d7cf6047bb2c40226cf1e973b867a,nsga2,633994e84433dd53,6.934484912008222,1850.8846612186805,-0.2564102564102564,7.014671947386358,1784.6991208546165,-0.042735042735042736,0.08018703537813554,-66.18554036406408,0.21367521367521364,0.37458456489341735,0.042735042735042736,0.0,400.89197698632256,False,False,True,
S025,corridor,binding,102,1070000,0,PR1_HT1_EC0,No-EC,S025@corridor@binding:i102:nsga2:s1070000:r0:PR1_HT1_EC0:6d64fbb47f71,25e7b74fd7208cd542569f2bc9871358dcab9b95f9b86f53900f2c41ac0c7e8c,p0034,v2,aad1b8a2a825534eddf1e3b5e952ede46d3a6de761138cd1d40bf9c0e385cbe0,full,99e91ee5a24ca4ce220d739ca40d54d4e88d7cf6047bb2c40226cf1e973b867a,nsga2,0e01ee2cbe6870e6,6.762755129787318,1877.756720645652,-0.24193548387096775,6.840259819540366,2083.635377019271,-0.08064516129032258,0.0775046897530478,205.87865637361892,0.16129032258064518,0.4400131741816184,0.08064516129032258,0.0,350.96994809942515,False,False,True,
S025,corridor,binding,102,1070000,0,PR1_HT1_EC0,No-EC,S025@corridor@binding:i102:nsga2:s1070000:r0:PR1_HT1_EC0:6d64fbb47f71,25e7b74fd7208cd542569f2bc9871358dcab9b95f9b86f53900f2c41ac0c7e8c,p0035,v2,aad1b8a2a825534eddf1e3b5e952ede46d3a6de761138cd1d40bf9c0e385cbe0,full,99e91ee5a24ca4ce220d739ca40d54d4e88d7cf6047bb2c40226cf1e973b867a,nsga2,89a39ddc0427e7fa,6.773533906523888,1876.6271992802517,-0.21367521367521367,6.833049675160625,2055.910772186051,-0.08547008547008547,0.05951576863673669,179.28357290579925,0.1282051282051282,0.44506029243324335,0.08547008547008547,0.0,347.1189968734354,False,False,True,
S025,corridor,binding,102,1070000,0,PR1_HT1_EC0,No-EC,S025@corridor@binding:i102:nsga2:s1070000:r0:PR1_HT1_EC0:6d64fbb47f71,25e7b74fd7208cd542569f2bc9871358dcab9b95f9b86f53900f2c41ac0c7e8c,p0036,v2,aad1b8a2a825534eddf1e3b5e952ede46d3a6de761138cd1d40bf9c0e385cbe0,full,99e91ee5a24ca4ce220d739ca40d54d4e88d7cf6047bb2c40226cf1e973b867a,nsga2,539c8197b9fe0771,6.9480269103416665,1839.9842324493438,-0.2094240837696335,7.043623691034224,1740.6438863926503,-0.05235602094240838,0.09559678069255728,-99.34034605669353,0.15706806282722513,0.3515124198934191,0.05235602094240838,0.0,418.4960236213212,False,False,True,
S025,corridor,binding,102,1070000,0,PR1_HT1_EC0,No-EC,S025@corridor@binding:i102:nsga2:s1070000:r0:PR1_HT1_EC0:6d64fbb47f71,25e7b74fd7208cd542569f2bc9871358dcab9b95f9b86f53900f2c41ac0c7e8c,p0037,v2,aad1b8a2a825534eddf1e3b5e952ede46d3a6de761138cd1d40bf9c0e385cbe0,full,99e91ee5a24ca4ce220d739ca40d54d4e88d7cf6047bb2c40226cf1e973b867a,nsga2,44dc953eab97cdf2,6.957484841620203,1827.287158415237,-0.2094240837696335,7.027954503960245,1797.3831656565305,-0.10471204188481675,0.07046966234004248,-29.90399275870641,0.10471204188481675,0.3656636014983314,0.10471204188481675,0.0,407.69867205677315,False,False,True,
S025,corridor,binding,102,1070000,0,PR1_HT1_EC0,No-EC,S025@corridor@binding:i102:nsga2:s1070000:r0:PR1_HT1_EC0:6d64fbb47f71,25e7b74fd7208cd542569f2bc9871358dcab9b95f9b86f53900f2c41ac0c7e8c,p0038,v2,aad1b8a2a825534eddf1e3b5e952ede46d3a6de761138cd1d40bf9c0e385cbe0,full,99e91ee5a24ca4ce220d739ca40d54d4e88d7cf6047bb2c40226cf1e973b867a,nsga2,f15db4dec8a964a3,6.944844794472122,1841.6431262742742,-0.17094017094017094,7.017592284654616,1798.3704965413851,-0.042735042735042736,0.07274749018249427,-43.27262973288907,0.1282051282051282,0.37327844470842353,0.042735042735042736,0.0,401.88854668747285,False,False,True,
S025,corridor,binding,102,1070000,0,PR1_HT1_EC0,No-EC,S025@corridor@binding:i102:nsga2:s1070000:r0:PR1_HT1_EC0:6d64fbb47f71,25e7b74fd7208cd542569f2bc9871358dcab9b95f9b86f53900f2c41ac0c7e8c,p0039,v2,aad1b8a2a825534eddf1e3b5e952ede46d3a6de761138cd1d40bf9c0e385cbe0,full,99e91ee5a24ca4ce220d739ca40d54d4e88d7cf6047bb2c40226cf1e973b867a,nsga2,f6ac60db45fe92fd,7.064883632643514,1586.5020499272482,-0.16574585635359115,7.158402089004499,1290.3215638534507,-0.0,0.09351845636098499,-296.1804860737975,0.16574585635359115,0.30511909928784864,0.0,0.16666666666666666,453.8941272433715,False,False,True,
S025,corridor,binding,102,1070000,0,PR1_HT1_EC0,No-EC,S025@corridor@binding:i102:nsga2:s1070000:r0:PR1_HT1_EC0:6d64fbb47f71,25e7b74fd7208cd542569f2bc9871358dcab9b95f9b86f53900f2c41ac0c7e8c,p0040,v2,aad1b8a2a825534eddf1e3b5e952ede46d3a6de761138cd1d40bf9c0e385cbe0,full,99e91ee5a24ca4ce220d739ca40d54d4e88d7cf6047bb2c40226cf1e973b867a,nsga2,0a50e80eda4f8784,7.060177773835461,1564.5634409487348,-0.16129032258064516,7.158402089004499,1334.1987818104774,-0.0,0.09822431516903762,-230.36465913825737,0.16129032258064516,0.30511909928784864,0.0,0.16666666666666666,453.8941272433715,False,False,True,
S025,corridor,binding,102,1070000,0,PR1_HT1_EC0,No-EC,S025@corridor@binding:i102:nsga2:s1070000:r0:PR1_HT1_EC0:6d64fbb47f71,25e7b74fd7208cd542569f2bc9871358dcab9b95f9b86f53900f2c41ac0c7e8c,p0041,v2,aad1b8a2a825534eddf1e3b5e952ede46d3a6de761138cd1d40bf9c0e385cbe0,full,99e91ee5a24ca4ce220d739ca40d54d4e88d7cf6047bb2c40226cf1e973b867a,nsga2,06a7db589f8f9d2a,6.967558687670083,1809.4756514664994,-0.15706806282722513,7.0249221901149745,1744.2644127550973,-0.10471204188481675,0.05736350244489152,-65.21123871140207,0.05235602094240838,0.36689996521115414,0.10471204188481675,0.0,406.7553265438894,False,False,True,
S025,corridor,binding,102,1070000,0,PR1_HT1_EC0,No-EC,S025@corridor@binding:i102:nsga2:s1070000:r0:PR1_HT1_EC0:6d64fbb47f71,25e7b74fd7208cd542569f2bc9871358dcab9b95f9b86f53900f2c41ac0c7e8c,p0042,v2,aad1b8a2a825534eddf1e3b5e952ede46d3a6de761138cd1d40bf9c0e385cbe0,full,99e91ee5a24ca4ce220d739ca40d54d4e88d7cf6047bb2c40226cf1e973b867a,nsga2,674d9d2a9383d5a4,7.056556000361754,1569.6778738633654,-0.1282051282051282,7.154403961923991,1350.3513949342844,-0.0,0.09784796156223763,-219.32647892908108,0.1282051282051282,0.3091172263683555,0.0,0.16666666666666666,450.84355628094477,False,False,True,
S025,corridor,binding,102,1070000,0,PR1_HT1_EC0,No-EC,S025@corridor@binding:i102:nsga2:s1070000:r0:PR1_HT1_EC0:6d64fbb47f71,25e7b74fd7208cd542569f2bc9871358dcab9b95f9b86f53900f2c41ac0c7e8c,p0043,v2,aad1b8a2a825534eddf1e3b5e952ede46d3a6de761138cd1d40bf9c0e385cbe0,full,99e91ee5a24ca4ce220d739ca40d54d4e88d7cf6047bb2c40226cf1e973b867a,nsga2,94f10a966cac0dd3,7.096258227839591,1559.4490080341043,-0.10471204188481675,7.18502054841479,1276.7749103743286,-0.0,0.0887623205751984,-282.6740976597757,0.10471204188481675,0.2847543948031358,0.0,0.16666666666666666,469.4323967652074,False,False,True,
S025,corridor,binding,102,1070000,0,PR1_HT1_EC0,No-EC,S025@corridor@binding:i102:nsga2:s1070000:r0:PR1_HT1_EC0:6d64fbb47f71,25e7b74fd7208cd542569f2bc9871358dcab9b95f9b86f53900f2c41ac0c7e8c,p0044,v2,aad1b8a2a825534eddf1e3b5e952ede46d3a6de761138cd1d40bf9c0e385cbe0,full,99e91ee5a24ca4ce220d739ca40d54d4e88d7cf6047bb2c40226cf1e973b867a,nsga2,3bc12b283bc695b5,7.299694189603029,497.23063206382767,-0.0,7.299694189603029,749.6692054178475,-0.0,0.0,252.4385733540198,0.0,0.19659239842719517,0.0,0.6666666666666666,536.7000000000501,False,False,True,
S025,corridor,binding,102,1070000,0,PR1_HT1_EC0,No-EC,S025@corridor@binding:i102:nsga2:s1070000:r0:PR1_HT1_EC0:6d64fbb47f71,25e7b74fd7208cd542569f2bc9871358dcab9b95f9b86f53900f2c41ac0c7e8c,p0045,v2,aad1b8a2a825534eddf1e3b5e952ede46d3a6de761138cd1d40bf9c0e385cbe0,full,99e91ee5a24ca4ce220d739ca40d54d4e88d7cf6047bb2c40226cf1e973b867a,nsga2,ffe70fe6e6cc549d,7.234783420530259,916.415996318924,-0.0,7.241336500477835,1127.7247630601903,-0.0,0.006553079947575924,211.30876674126625,0.0,0.2549500875523896,0.0,0.3333333333333333,492.1730831975267,False,False,True,
S025,corridor,binding,102,1070000,0,PR1_HT1_EC0,No-EC,S025@corridor@binding:i102:nsga2:s1070000:r0:PR1_HT1_EC0:6d64fbb47f71,25e7b74fd7208cd542569f2bc9871358dcab9b95f9b86f53900f2c41ac0c7e8c,p0046,v2,aad1b8a2a825534eddf1e3b5e952ede46d3a6de761138cd1d40bf9c0e385cbe0,full,99e91ee5a24ca4ce220d739ca40d54d4e88d7cf6047bb2c40226cf1e973b867a,nsga2,ff1ce977931c92f2,7.239198464605875,859.8638158283977,-0.0,7.24575154455345,1086.5421973088562,-0.0,0.006553079947575036,226.67838148045848,0.0,0.25053504347677386,0.0,0.3333333333333333,495.54176182722153,False,False,True,
S025,corridor,binding,102,1070000,0,PR1_HT1_EC0,No-EC,S025@corridor@binding:i102:nsga2:s1070000:r0:PR1_HT1_EC0:6d64fbb47f71,25e7b74fd7208cd542569f2bc9871358dcab9b95f9b86f53900f2c41ac0c7e8c,p0047,v2,aad1b8a2a825534eddf1e3b5e952ede46d3a6de761138cd1d40bf9c0e385cbe0,full,99e91ee5a24ca4ce220d739ca40d54d4e88d7cf6047bb2c40226cf1e973b867a,nsga2,70c2bc86b1bea398,7.23536069021565,868.3966426845489,-0.0,7.241913770163225,1079.705409425815,-0.0,0.006553079947575036,211.30876674126625,0.0,0.25437281786699906,0.0,0.3333333333333333,492.6135399674797,False,False,True,
S025,corridor,binding,102,1070000,0,PR1_HT1_EC0,No-EC,S025@corridor@binding:i102:nsga2:s1070000:r0:PR1_HT1_EC0:6d64fbb47f71,25e7b74fd7208cd542569f2bc9871358dcab9b95f9b86f53900f2c41ac0c7e8c,p0048,v2,aad1b8a2a825534eddf1e3b5e952ede46d3a6de761138cd1d40bf9c0e385cbe0,full,99e91ee5a24ca4ce220d739ca40d54d4e88d7cf6047bb2c40226cf1e973b867a,nsga2,a6cfe6dc4300923a,7.273481869812727,744.1091496740238,-0.0,7.273481869812727,996.5477230280436,-0.0,0.0,252.4385733540198,0.0,0.22280471821749662,0.0,0.5,516.7000000000501,False,False,True,
S025,corridor,binding,102,1070000,0,PR1_HT1_EC0,No-EC,S025@corridor@binding:i102:nsga2:s1070000:r0:PR1_HT1_EC0:6d64fbb47f71,25e7b74fd7208cd542569f2bc9871358dcab9b95f9b86f53900f2c41ac0c7e8c,p0049,v2,aad1b8a2a825534eddf1e3b5e952ede46d3a6de761138cd1d40bf9c0e385cbe0,full,99e91ee5a24ca4ce220d739ca40d54d4e88d7cf6047bb2c40226cf1e973b867a,nsga2,4dd48daf2b99b470,7.241614445141227,851.6025974786835,-0.0,7.248167525088803,1041.3253984505143,-0.0,0.006553079947575924,189.7228009718308,0.0,0.24811906294142103,0.0,0.3333333333333333,497.38515497569574,False,False,True,
S025,corridor,binding,102,1070000,0,PR1_HT1_EC0,No-EC,S025@corridor@binding:i102:nsga2:s1070000:r0:PR1_HT1_EC0:6d64fbb47f71,25e7b74fd7208cd542569f2bc9871358dcab9b95f9b86f53900f2c41ac0c7e8c,p0050,v2,aad1b8a2a825534eddf1e3b5e952ede46d3a6de761138cd1d40bf9c0e385cbe0,full,99e91ee5a24ca4ce220d739ca40d54d4e88d7cf6047bb2c40226cf1e973b867a,nsga2,fa578f940c6f8fee,7.248167525088803,833.8813920139082,-0.0,7.253523304948004,1042.4549198159145,-0.0,0.005355779859200993,208.5735278020063,0.0,0.24276328308222003,0.0,0.3333333333333333,501.4716150082661,False,False,True,
S025,corridor,binding,102,1070000,0,PR1_HT1_EC1,Full,S025@corridor@binding:i102:nsga2:s1070000:r0:PR1_HT1_EC1:d5a7da3e9b05,25e7b74fd7208cd542569f2bc9871358dcab9b95f9b86f53900f2c41ac0c7e8c,p0001,v2,99e91ee5a24ca4ce220d739ca40d54d4e88d7cf6047bb2c40226cf1e973b867a,full,99e91ee5a24ca4ce220d739ca40d54d4e88d7cf6047bb2c40226cf1e973b867a,nsga2,bd3f4ce24defb3a5,4.667452695887644,4306.980980790693,-0.7853403141361257,4.667452695887644,4306.980980790693,-0.7853403141361257,0.0,0.0,0.0,0.877422982602798,0.7853403141361257,0.0,17.226264274065073,True,True,True,
S025,corridor,binding,102,1070000,0,PR1_HT1_EC1,Full,S025@corridor@binding:i102:nsga2:s1070000:r0:PR1_HT1_EC1:d5a7da3e9b05,25e7b74fd7208cd542569f2bc9871358dcab9b95f9b86f53900f2c41ac0c7e8c,p0002,v2,99e91ee5a24ca4ce220d739ca40d54d4e88d7cf6047bb2c40226cf1e973b867a,full,99e91ee5a24ca4ce220d739ca40d54d4e88d7cf6047bb2c40226cf1e973b867a,nsga2,21b0eb7d58ec37d2,4.568201803353472,4317.450545622188,-0.7692307692307693,4.568201803353472,4317.450545622188,-0.7692307692307693,0.0,0.0,0.0,0.8836998283155548,0.7692307692307693,0.0,12.437030995231652,False,True,True,
S025,corridor,binding,102,1070000,0,PR1_HT1_EC1,Full,S025@corridor@binding:i102:nsga2:s1070000:r0:PR1_HT1_EC1:d5a7da3e9b05,25e7b74fd7208cd542569f2bc9871358dcab9b95f9b86f53900f2c41ac0c7e8c,p0003,v2,99e91ee5a24ca4ce220d739ca40d54d4e88d7cf6047bb2c40226cf1e973b867a,full,99e91ee5a24ca4ce220d739ca40d54d4e88d7cf6047bb2c40226cf1e973b867a,nsga2,8d969cd2817ebcd2,4.602319131188946,4310.46133296703,-0.7692307692307693,4.602319131188946,4310.46133296703,-0.7692307692307693,0.0,0.0,0.0,0.8836998283156708,0.7692307692307693,0.0,12.437030995143218,False,True,True,
S025,corridor,binding,102,1070000,0,PR1_HT1_EC1,Full,S025@corridor@binding:i102:nsga2:s1070000:r0:PR1_HT1_EC1:d5a7da3e9b05,25e7b74fd7208cd542569f2bc9871358dcab9b95f9b86f53900f2c41ac0c7e8c,p0004,v2,99e91ee5a24ca4ce220d739ca40d54d4e88d7cf6047bb2c40226cf1e973b867a,full,99e91ee5a24ca4ce220d739ca40d54d4e88d7cf6047bb2c40226cf1e973b867a,nsga2,d1e80a7583a7a7cb,4.691077308220082,4231.550859194607,-0.7458563535911602,4.691077308220082,4231.550859194607,-0.7458563535911602,0.0,0.0,0.0,0.8629815183832368,0.7458563535911602,0.0,28.245101473590438,False,True,True,
S025,corridor,binding,102,1070000,0,PR1_HT1_EC1,Full,S025@corridor@binding:i102:nsga2:s1070000:r0:PR1_HT1_EC1:d5a7da3e9b05,25e7b74fd7208cd542569f2bc9871358dcab9b95f9b86f53900f2c41ac0c7e8c,p0005,v2,99e91ee5a24ca4ce220d739ca40d54d4e88d7cf6047bb2c40226cf1e973b867a,full,99e91ee5a24ca4ce220d739ca40d54d4e88d7cf6047bb2c40226cf1e973b867a,nsga2,df1c639fdf734db5,4.759626245274281,4201.49836139531,-0.7329842931937173,4.759626245274281,4201.49836139531,-0.7329842931937173,0.0,0.0,0.0,0.8443129357656123,0.7329842931937173,0.0,42.48923001083794,False,True,True,
S025,corridor,binding,102,1070000,0,PR1_HT1_EC1,Full,S025@corridor@binding:i102:nsga2:s1070000:r0:PR1_HT1_EC1:d5a7da3e9b05,25e7b74fd7208cd542569f2bc9871358dcab9b95f9b86f53900f2c41ac0c7e8c,p0006,v2,99e91ee5a24ca4ce220d739ca40d54d4e88d7cf6047bb2c40226cf1e973b867a,full,99e91ee5a24ca4ce220d739ca40d54d4e88d7cf6047bb2c40226cf1e973b867a,nsga2,19c06c13d895f453,4.736668755270111,4230.770669971405,-0.7258064516129032,4.736668755270111,4230.770669971405,-0.7258064516129032,0.0,0.0,0.0,0.8544788428149162,0.7258064516129032,0.0,34.73264293221901,False,True,True,
S025,corridor,binding,102,1070000,0,PR1_HT1_EC1,Full,S025@corridor@binding:i102:nsga2:s1070000:r0:PR1_HT1_EC1:d5a7da3e9b05,25e7b74fd7208cd542569f2bc9871358dcab9b95f9b86f53900f2c41ac0c7e8c,p0007,v2,99e91ee5a24ca4ce220d739ca40d54d4e88d7cf6047bb2c40226cf1e973b867a,full,99e91ee5a24ca4ce220d739ca40d54d4e88d7cf6047bb2c40226cf1e973b867a,nsga2,315a083b626b059f,4.770252612056524,4197.639096940303,-0.7068062827225131,4.770252612056524,4197.639096940303,-0.7068062827225131,0.0,0.0,0.0,0.839603452465789,0.7068062827225131,0.0,46.08256576860303,False,True,True,
S025,corridor,binding,102,1070000,0,PR1_HT1_EC1,Full,S025@corridor@binding:i102:nsga2:s1070000:r0:PR1_HT1_EC1:d5a7da3e9b05,25e7b74fd7208cd542569f2bc9871358dcab9b95f9b86f53900f2c41ac0c7e8c,p0008,v2,99e91ee5a24ca4ce220d739ca40d54d4e88d7cf6047bb2c40226cf1e973b867a,full,99e91ee5a24ca4ce220d739ca40d54d4e88d7cf6047bb2c40226cf1e973b867a,nsga2,188fa52bdc4be629,4.7587356002214145,4186.686310352726,-0.6854838709677419,4.7587356002214145,4186.686310352726,-0.6854838709677419,0.0,0.0,0.0,0.8437557035216875,0.6854838709677419,0.0,42.914398212952534,False,True,True,
S025,corridor,binding,102,1070000,0,PR1_HT1_EC1,Full,S025@corridor@binding:i102:nsga2:s1070000:r0:PR1_HT1_EC1:d5a7da3e9b05,25e7b74fd7208cd542569f2bc9871358dcab9b95f9b86f53900f2c41ac0c7e8c,p0009,v2,99e91ee5a24ca4ce220d739ca40d54d4e88d7cf6047bb2c40226cf1e973b867a,full,99e91ee5a24ca4ce220d739ca40d54d4e88d7cf6047bb2c40226cf1e973b867a,nsga2,f453e3165a78c342,4.74549656482115,4226.601413552724,-0.6629834254143646,4.74549656482115,4226.601413552724,-0.6629834254143646,0.0,0.0,0.0,0.8381190988640324,0.6629834254143646,0.0,47.21512756674339,False,True,True,
S025,corridor,binding,102,1070000,0,PR1_HT1_EC1,Full,S025@corridor@binding:i102:nsga2:s1070000:r0:PR1_HT1_EC1:d5a7da3e9b05,25e7b74fd7208cd542569f2bc9871358dcab9b95f9b86f53900f2c41ac0c7e8c,p0010,v2,99e91ee5a24ca4ce220d739ca40d54d4e88d7cf6047bb2c40226cf1e973b867a,full,99e91ee5a24ca4ce220d739ca40d54d4e88d7cf6047bb2c40226cf1e973b867a,nsga2,65d633b73f36541e,4.8039406557095585,4153.069102388294,-0.6629834254143646,4.8039406557095585,4153.069102388294,-0.6629834254143646,0.0,0.0,0.0,0.8256252215950662,0.6629834254143646,0.0,56.74795592296451,False,True,True,
S025,corridor,binding,102,1070000,0,PR1_HT1_EC1,Full,S025@corridor@binding:i102:nsga2:s1070000:r0:PR1_HT1_EC1:d5a7da3e9b05,25e7b74fd7208cd542569f2bc9871358dcab9b95f9b86f53900f2c41ac0c7e8c,p0011,v2,99e91ee5a24ca4ce220d739ca40d54d4e88d7cf6047bb2c40226cf1e973b867a,full,99e91ee5a24ca4ce220d739ca40d54d4e88d7cf6047bb2c40226cf1e973b867a,nsga2,3d1a4540469ff94a,4.827222293387573,4103.64246103491,-0.6353591160220995,4.827222293387573,4103.64246103491,-0.6353591160220995,0.0,0.0,0.0,0.8142339784771029,0.6353591160220995,0.0,65.43947442197036,False,True,True,
S025,corridor,binding,102,1070000,0,PR1_HT1_EC1,Full,S025@corridor@binding:i102:nsga2:s1070000:r0:PR1_HT1_EC1:d5a7da3e9b05,25e7b74fd7208cd542569f2bc9871358dcab9b95f9b86f53900f2c41ac0c7e8c,p0012,v2,99e91ee5a24ca4ce220d739ca40d54d4e88d7cf6047bb2c40226cf1e973b867a,full,99e91ee5a24ca4ce220d739ca40d54d4e88d7cf6047bb2c40226cf1e973b867a,nsga2,e476c4bcd1667a43,5.507755695849084,3383.192229877503,-0.6020942408376964,5.507755695849084,3383.192229877503,-0.6020942408376964,0.0,0.0,0.0,0.7350446732336428,0.6020942408376964,0.0,125.86091432273076,False,True,True,
S025,corridor,binding,102,1070000,0,PR1_HT1_EC1,Full,S025@corridor@binding:i102:nsga2:s1070000:r0:PR1_HT1_EC1:d5a7da3e9b05,25e7b74fd7208cd542569f2bc9871358dcab9b95f9b86f53900f2c41ac0c7e8c,p0013,v2,99e91ee5a24ca4ce220d739ca40d54d4e88d7cf6047bb2c40226cf1e973b867a,full,99e91ee5a24ca4ce220d739ca40d54d4e88d7cf6047bb2c40226cf1e973b867a,nsga2,bdc59e69eba40608,5.495723701273963,3399.298500647605,-0.6020942408376964,5.495723701273963,3399.298500647605,-0.6020942408376964,0.0,0.0,0.0,0.73911796006842,0.6020942408376964,0.0,122.75299646779564,False,True,True,
S025,corridor,binding,102,1070000,0,PR1_HT1_EC1,Full,S025@corridor@binding:i102:nsga2:s1070000:r0:PR1_HT1_EC1:d5a7da3e9b05,25e7b74fd7208cd542569f2bc9871358dcab9b95f9b86f53900f2c41ac0c7e8c,p0014,v2,99e91ee5a24ca4ce220d739ca40d54d4e88d7cf6047bb2c40226cf1e973b867a,full,99e91ee5a24ca4ce220d739ca40d54d4e88d7cf6047bb2c40226cf1e973b867a,nsga2,546c35189b000f68,5.5017061849502396,3342.5876218371027,-0.5524861878453039,5.5017061849502396,3342.5876218371027,-0.5524861878453039,0.0,0.0,0.0,0.7332253165083217,0.5524861878453039,0.0,127.2490835041506,False,True,True,
S025,corridor,binding,102,1070000,0,PR1_HT1_EC1,Full,S025@corridor@binding:i102:nsga2:s1070000:r0:PR1_HT1_EC1:d5a7da3e9b05,25e7b74fd7208cd542569f2bc9871358dcab9b95f9b86f53900f2c41ac0c7e8c,p0015,v2,99e91ee5a24ca4ce220d739ca40d54d4e88d7cf6047bb2c40226cf1e973b867a,full,99e91ee5a24ca4ce220d739ca40d54d4e88d7cf6047bb2c40226cf1e973b867a,nsga2,cad9dc84949d3967,5.5921399235904,3276.9559433063523,-0.5248618784530387,5.5921399235904,3276.9559433063523,-0.5248618784530387,0.0,0.0,0.0,0.7153231837459395,0.5248618784530387,0.0,140.90841080184822,False,True,True,
S025,corridor,binding,102,1070000,0,PR1_HT1_EC1,Full,S025@corridor@binding:i102:nsga2:s1070000:r0:PR1_HT1_EC1:d5a7da3e9b05,25e7b74fd7208cd542569f2bc9871358dcab9b95f9b86f53900f2c41ac0c7e8c,p0016,v2,99e91ee5a24ca4ce220d739ca40d54d4e88d7cf6047bb2c40226cf1e973b867a,full,99e91ee5a24ca4ce220d739ca40d54d4e88d7cf6047bb2c40226cf1e973b867a,nsga2,726a98ab6161609b,6.3165081717523215,2679.3708079391527,-0.39267015706806285,6.3165081717523215,2679.3708079391527,-0.39267015706806285,0.0,0.0,0.0,0.5849921974330973,0.39267015706806285,0.0,240.35095335854692,False,True,True,
S025,corridor,binding,102,1070000,0,PR1_HT1_EC1,Full,S025@corridor@binding:i102:nsga2:s1070000:r0:PR1_HT1_EC1:d5a7da3e9b05,25e7b74fd7208cd542569f2bc9871358dcab9b95f9b86f53900f2c41ac0c7e8c,p0017,v2,99e91ee5a24ca4ce220d739ca40d54d4e88d7cf6047bb2c40226cf1e973b867a,full,99e91ee5a24ca4ce220d739ca40d54d4e88d7cf6047bb2c40226cf1e973b867a,nsga2,593d735696ed9cad,6.326330611580361,2664.11495977255,-0.39267015706806285,6.326330611580361,2664.11495977255,-0.39267015706806285,0.0,0.0,0.0,0.5800381271786306,0.39267015706806285,0.0,244.1309089627049,False,True,True,
S025,corridor,binding,102,1070000,0,PR1_HT1_EC1,Full,S025@corridor@binding:i102:nsga2:s1070000:r0:PR1_HT1_EC1:d5a7da3e9b05,25e7b74fd7208cd542569f2bc9871358dcab9b95f9b86f53900f2c41ac0c7e8c,p0018,v2,99e91ee5a24ca4ce220d739ca40d54d4e88d7cf6047bb2c40226cf1e973b867a,full,99e91ee5a24ca4ce220d739ca40d54d4e88d7cf6047bb2c40226cf1e973b867a,nsga2,7984c39c5d8026cc,6.349701178664418,2649.845851579188,-0.39267015706806285,6.349701178664418,2649.845851579188,-0.39267015706806285,0.0,0.0,0.0,0.5714584303637269,0.39267015706806285,0.0,250.67721763247647,False,True,True,
S025,corridor,binding,102,1070000,0,PR1_HT1_EC1,Full,S025@corridor@binding:i102:nsga2:s1070000:r0:PR1_HT1_EC1:d5a7da3e9b05,25e7b74fd7208cd542569f2bc9871358dcab9b95f9b86f53900f2c41ac0c7e8c,p0019,v2,99e91ee5a24ca4ce220d739ca40d54d4e88d7cf6047bb2c40226cf1e973b867a,full,99e91ee5a24ca4ce220d739ca40d54d4e88d7cf6047bb2c40226cf1e973b867a,nsga2,84b2b424c9947370,6.28494983757362,2598.1154803523073,-0.3867403314917127,6.28494983757362,2598.1154803523073,-0.3867403314917127,0.0,0.0,0.0,0.5862460987472151,0.3867403314917127,0.0,239.39422665587495,False,True,True,
S025,corridor,binding,102,1070000,0,PR1_HT1_EC1,Full,S025@corridor@binding:i102:nsga2:s1070000:r0:PR1_HT1_EC1:d5a7da3e9b05,25e7b74fd7208cd542569f2bc9871358dcab9b95f9b86f53900f2c41ac0c7e8c,p0020,v2,99e91ee5a24ca4ce220d739ca40d54d4e88d7cf6047bb2c40226cf1e973b867a,full,99e91ee5a24ca4ce220d739ca40d54d4e88d7cf6047bb2c40226cf1e973b867a,nsga2,56e6f398dc3b25b2,6.2716254611338265,2665.4031023394236,-0.38461538461538464,6.2716254611338265,2665.4031023394236,-0.38461538461538464,0.0,0.0,0.0,0.5913554214590655,0.38461538461538464,0.0,235.49581342673304,False,True,True,
S025,corridor,binding,102,1070000,0,PR1_HT1_EC1,Full,S025@corridor@binding:i102:nsga2:s1070000:r0:PR1_HT1_EC1:d5a7da3e9b05,25e7b74fd7208cd542569f2bc9871358dcab9b95f9b86f53900f2c41ac0c7e8c,p0021,v2,99e91ee5a24ca4ce220d739ca40d54d4e88d7cf6047bb2c40226cf1e973b867a,full,99e91ee5a24ca4ce220d739ca40d54d4e88d7cf6047bb2c40226cf1e973b867a,nsga2,6a44503ce1c1942b,6.233799735935259,2637.152483807057,-0.35911602209944754,6.233799735935259,2637.152483807057,-0.35911602209944754,0.0,0.0,0.0,0.5927112506615321,0.35911602209944754,0.0,234.4613157452511,False,True,True,
S025,corridor,binding,102,1070000,0,PR1_HT1_EC1,Full,S025@corridor@binding:i102:nsga2:s1070000:r0:PR1_HT1_EC1:d5a7da3e9b05,25e7b74fd7208cd542569f2bc9871358dcab9b95f9b86f53900f2c41ac0c7e8c,p0022,v2,99e91ee5a24ca4ce220d739ca40d54d4e88d7cf6047bb2c40226cf1e973b867a,full,99e91ee5a24ca4ce220d739ca40d54d4e88d7cf6047bb2c40226cf1e973b867a,nsga2,4b90b70ccf899a9d,6.650437677183823,2180.213439991245,-0.24861878453038674,6.650437677183823,2180.213439991245,-0.24861878453038674,0.0,0.0,0.0,0.49850753967766165,0.24861878453038674,0.0,306.33874722594425,False,True,True,
S025,corridor,binding,102,1070000,0,PR1_HT1_EC1,Full,S025@corridor@binding:i102:nsga2:s1070000:r0:PR1_HT1_EC1:d5a7da3e9b05,25e7b74fd7208cd542569f2bc9871358dcab9b95f9b86f53900f2c41ac0c7e8c,p0023,v2,99e91ee5a24ca4ce220d739ca40d54d4e88d7cf6047bb2c40226cf1e973b867a,full,99e91ee5a24ca4ce220d739ca40d54d4e88d7cf6047bb2c40226cf1e973b867a,nsga2,8c9de011002d7952,6.2264715996402415,2673.5827686540956,-0.24193548387096775,6.2264715996402415,2673.5827686540956,-0.24193548387096775,0.0,0.0,0.0,0.5903309175417628,0.24193548387096775,0.0,236.27750991563505,False,True,True,
S025,corridor,binding,102,1070000,0,PR1_HT1_EC1,Full,S025@corridor@binding:i102:nsga2:s1070000:r0:PR1_HT1_EC1:d5a7da3e9b05,25e7b74fd7208cd542569f2bc9871358dcab9b95f9b86f53900f2c41ac0c7e8c,p0024,v2,99e91ee5a24ca4ce220d739ca40d54d4e88d7cf6047bb2c40226cf1e973b867a,full,99e91ee5a24ca4ce220d739ca40d54d4e88d7cf6047bb2c40226cf1e973b867a,nsga2,5bc2cab6162c29f9,6.872851271871004,2004.5393143120607,-0.22099447513812154,6.872851271871004,2004.5393143120607,-0.22099447513812154,0.0,0.0,0.0,0.43667999287692333,0.22099447513812154,0.0,353.5131654349075,False,True,True,
S025,corridor,binding,102,1070000,0,PR1_HT1_EC1,Full,S025@corridor@binding:i102:nsga2:s1070000:r0:PR1_HT1_EC1:d5a7da3e9b05,25e7b74fd7208cd542569f2bc9871358dcab9b95f9b86f53900f2c41ac0c7e8c,p0025,v2,99e91ee5a24ca4ce220d739ca40d54d4e88d7cf6047bb2c40226cf1e973b867a,full,99e91ee5a24ca4ce220d739ca40d54d4e88d7cf6047bb2c40226cf1e973b867a,nsga2,fd4a9f6195cda5c4,6.822759256815259,2023.6295308056872,-0.2094240837696335,6.822759256815259,2023.6295308056872,-0.2094240837696335,0.0,0.0,0.0,0.4515677952033108,0.2094240837696335,0.0,342.153772259874,False,True,True,
S025,corridor,binding,102,1070000,0,PR1_HT1_EC1,Full,S025@corridor@binding:i102:nsga2:s1070000:r0:PR1_HT1_EC1:d5a7da3e9b05,25e7b74fd7208cd542569f2bc9871358dcab9b95f9b86f53900f2c41ac0c7e8c,p0026,v2,99e91ee5a24ca4ce220d739ca40d54d4e88d7cf6047bb2c40226cf1e973b867a,full,99e91ee5a24ca4ce220d739ca40d54d4e88d7cf6047bb2c40226cf1e973b867a,nsga2,9a3ba780c50954d1,7.016697008001151,1754.7488317847553,-0.11049723756906077,7.016697008001151,1754.7488317847553,-0.11049723756906077,0.0,0.0,0.0,0.3721226322821246,0.11049723756906077,0.0,402.770431568739,False,True,True,
S025,corridor,binding,102,1070000,0,PR1_HT1_EC1,Full,S025@corridor@binding:i102:nsga2:s1070000:r0:PR1_HT1_EC1:d5a7da3e9b05,25e7b74fd7208cd542569f2bc9871358dcab9b95f9b86f53900f2c41ac0c7e8c,p0027,v2,99e91ee5a24ca4ce220d739ca40d54d4e88d7cf6047bb2c40226cf1e973b867a,full,99e91ee5a24ca4ce220d739ca40d54d4e88d7cf6047bb2c40226cf1e973b867a,nsga2,0ecb9396e777a9fb,7.0249221901149745,1744.2644127550973,-0.10471204188481675,7.0249221901149745,1744.2644127550973,-0.10471204188481675,0.0,0.0,0.0,0.36689996521115414,0.10471204188481675,0.0,406.7553265438894,False,True,True,
S025,corridor,binding,102,1070000,0,PR1_HT1_EC1,Full,S025@corridor@binding:i102:nsga2:s1070000:r0:PR1_HT1_EC1:d5a7da3e9b05,25e7b74fd7208cd542569f2bc9871358dcab9b95f9b86f53900f2c41ac0c7e8c,p0028,v2,99e91ee5a24ca4ce220d739ca40d54d4e88d7cf6047bb2c40226cf1e973b867a,full,99e91ee5a24ca4ce220d739ca40d54d4e88d7cf6047bb2c40226cf1e973b867a,nsga2,99e596ac2338db71,7.040263172987516,1714.9081499298543,-0.055248618784530384,7.040263172987516,1714.9081499298543,-0.055248618784530384,0.0,0.0,0.0,0.354872937940127,0.055248618784530384,0.0,415.9319483516831,False,True,True,
S025,corridor,binding,102,1070000,0,PR1_HT1_EC1,Full,S025@corridor@binding:i102:nsga2:s1070000:r0:PR1_HT1_EC1:d5a7da3e9b05,25e7b74fd7208cd542569f2bc9871358dcab9b95f9b86f53900f2c41ac0c7e8c,p0029,v2,99e91ee5a24ca4ce220d739ca40d54d4e88d7cf6047bb2c40226cf1e973b867a,full,99e91ee5a24ca4ce220d739ca40d54d4e88d7cf6047bb2c40226cf1e973b867a,nsga2,3073044f7b273396,7.014235075389857,1783.1307929573363,-0.042735042735042736,7.014235075389857,1783.1307929573363,-0.042735042735042736,0.0,0.0,0.0,0.37458456489341746,0.042735042735042736,0.0,400.89197698632256,False,True,True,
S025,corridor,binding,102,1070000,0,PR1_HT1_EC1,Full,S025@corridor@binding:i102:nsga2:s1070000:r0:PR1_HT1_EC1:d5a7da3e9b05,25e7b74fd7208cd542569f2bc9871358dcab9b95f9b86f53900f2c41ac0c7e8c,p0030,v2,99e91ee5a24ca4ce220d739ca40d54d4e88d7cf6047bb2c40226cf1e973b867a,full,99e91ee5a24ca4ce220d739ca40d54d4e88d7cf6047bb2c40226cf1e973b867a,nsga2,246480e29b8176dd,7.012950688996262,1784.6991208546162,-0.042735042735042736,7.012950688996262,1784.6991208546162,-0.042735042735042736,0.0,0.0,0.0,0.3753543973204243,0.042735042735042736,0.0,400.30459484451626,False,True,True,
S025,corridor,binding,102,1070000,0,PR1_HT1_EC1,Full,S025@corridor@binding:i102:nsga2:s1070000:r0:PR1_HT1_EC1:d5a7da3e9b05,25e7b74fd7208cd542569f2bc9871358dcab9b95f9b86f53900f2c41ac0c7e8c,p0031,v2,99e91ee5a24ca4ce220d739ca40d54d4e88d7cf6047bb2c40226cf1e973b867a,full,99e91ee5a24ca4ce220d739ca40d54d4e88d7cf6047bb2c40226cf1e973b867a,nsga2,779b3dd1acf2ea1e,7.299257317606529,748.1008775205676,-0.0,7.299257317606529,748.1008775205676,-0.0,0.0,0.0,0.0,0.19659239842719534,0.0,0.6666666666666666,536.7000000000501,False,True,True,
S025,corridor,binding,102,1070000,0,PR1_HT1_EC1,Full,S025@corridor@binding:i102:nsga2:s1070000:r0:PR1_HT1_EC1:d5a7da3e9b05,25e7b74fd7208cd542569f2bc9871358dcab9b95f9b86f53900f2c41ac0c7e8c,p0032,v2,99e91ee5a24ca4ce220d739ca40d54d4e88d7cf6047bb2c40226cf1e973b867a,full,99e91ee5a24ca4ce220d739ca40d54d4e88d7cf6047bb2c40226cf1e973b867a,nsga2,22bf8b961bc442dc,7.253086432951505,1040.8865919186346,-0.0,7.253086432951505,1040.8865919186346,-0.0,0.0,0.0,0.0,0.2427632830822202,0.0,0.3333333333333333,501.4716150082661,False,True,True,
S025,corridor,binding,102,1070000,0,PR1_HT1_EC1,Full,S025@corridor@binding:i102:nsga2:s1070000:r0:PR1_HT1_EC1:d5a7da3e9b05,25e7b74fd7208cd542569f2bc9871358dcab9b95f9b86f53900f2c41ac0c7e8c,p0033,v2,99e91ee5a24ca4ce220d739ca40d54d4e88d7cf6047bb2c40226cf1e973b867a,full,99e91ee5a24ca4ce220d739ca40d54d4e88d7cf6047bb2c40226cf1e973b867a,nsga2,a95b61250a2a64c2,7.181238469917254,1302.0946370974461,-0.0,7.181238469917254,1302.0946370974461,-0.0,0.0,0.0,0.0,0.28809960130417156,0.0,0.16666666666666666,466.8800042049172,False,True,True,
S025,corridor,binding,102,1070000,0,PR1_HT1_EC1,Full,S025@corridor@binding:i102:nsga2:s1070000:r0:PR1_HT1_EC1:d5a7da3e9b05,25e7b74fd7208cd542569f2bc9871358dcab9b95f9b86f53900f2c41ac0c7e8c,p0034,v2,99e91ee5a24ca4ce220d739ca40d54d4e88d7cf6047bb2c40226cf1e973b867a,full,99e91ee5a24ca4ce220d739ca40d54d4e88d7cf6047bb2c40226cf1e973b867a,nsga2,d50b7c244d852126,7.2664919178686525,976.3276693053263,-0.0,7.2664919178686525,976.3276693053263,-0.0,0.0,0.0,0.0,0.22935779816507212,0.0,0.5,511.70000000005007,False,True,True,
S025,corridor,binding,102,1070000,0,PR1_HT1_EC1,Full,S025@corridor@binding:i102:nsga2:s1070000:r0:PR1_HT1_EC1:d5a7da3e9b05,25e7b74fd7208cd542569f2bc9871358dcab9b95f9b86f53900f2c41ac0c7e8c,p0035,v2,99e91ee5a24ca4ce220d739ca40d54d4e88d7cf6047bb2c40226cf1e973b867a,full,99e91ee5a24ca4ce220d739ca40d54d4e88d7cf6047bb2c40226cf1e973b867a,nsga2,c6d4d7a2906ff849,7.272745672794231,933.2597657282147,-0.0,7.272745672794231,933.2597657282147,-0.0,0.0,0.0,0.0,0.2231040432394941,0.0,0.5,516.4716150082661,False,True,True,
S025,corridor,binding,102,1070000,0,PR1_HT1_EC1,Full,S025@corridor@binding:i102:nsga2:s1070000:r0:PR1_HT1_EC1:d5a7da3e9b05,25e7b74fd7208cd542569f2bc9871358dcab9b95f9b86f53900f2c41ac0c7e8c,p0036,v2,99e91ee5a24ca4ce220d739ca40d54d4e88d7cf6047bb2c40226cf1e973b867a,full,99e91ee5a24ca4ce220d739ca40d54d4e88d7cf6047bb2c40226cf1e973b867a,nsga2,ed95168385dd218a,7.2676892179570265,973.6814445955413,-0.0,7.2676892179570265,973.6814445955413,-0.0,0.0,0.0,0.0,0.22816049807669775,0.0,0.3333333333333333,512.6135399674797,False,True,True,
S025,corridor,binding,102,1070001,1,PR0_HT1_EC1,No-PR,S025@corridor@binding:i102:nsga2:s1070001:r1:PR0_HT1_EC1:e7f73c353cd1,25e7b74fd7208cd542569f2bc9871358dcab9b95f9b86f53900f2c41ac0c7e8c,p0001,v2,34877783eec7440b56376c5b8b4077ab80c8132f98c7afd480fcfa11ca04dfaa,full,99e91ee5a24ca4ce220d739ca40d54d4e88d7cf6047bb2c40226cf1e973b867a,nsga2,ed538a0f27a004be,5.133333707910856,3595.0664797445843,-0.7068062827225131,4.568214100407843,4307.993124762185,-0.8638743455497382,-0.5651196075030125,712.926645017601,-0.15706806282722507,0.8970822224453796,0.8638743455497382,0.0,2.2262642741754632,True,False,True,
S025,corridor,binding,102,1070001,1,PR0_HT1_EC1,No-PR,S025@corridor@binding:i102:nsga2:s1070001:r1:PR0_HT1_EC1:e7f73c353cd1,25e7b74fd7208cd542569f2bc9871358dcab9b95f9b86f53900f2c41ac0c7e8c,p0002,v2,34877783eec7440b56376c5b8b4077ab80c8132f98c7afd480fcfa11ca04dfaa,full,99e91ee5a24ca4ce220d739ca40d54d4e88d7cf6047bb2c40226cf1e973b867a,nsga2,42ed67616654040e,5.19920876752066,3548.8588050225503,-0.680628272251309,4.6399876922545555,4291.815698551742,-0.7853403141361257,-0.5592210752661044,742.9568935291913,-0.10471204188481675,0.8774229826026985,0.7853403141361257,0.0,17.226264274141272,False,False,True,
S025,corridor,binding,102,1070001,1,PR0_HT1_EC1,No-PR,S025@corridor@binding:i102:nsga2:s1070001:r1:PR0_HT1_EC1:e7f73c353cd1,25e7b74fd7208cd542569f2bc9871358dcab9b95f9b86f53900f2c41ac0c7e8c,p0003,v2,34877783eec7440b56376c5b8b4077ab80c8132f98c7afd480fcfa11ca04dfaa,full,99e91ee5a24ca4ce220d739ca40d54d4e88d7cf6047bb2c40226cf1e973b867a,nsga2,34f975875445f035,5.320471693024606,3488.196260683637,-0.6282722513089005,4.812855598448369,4232.9497994775975,-0.7068062827225131,-0.5076160945762371,744.7535387939606,-0.07853403141361259,0.8277198954657118,0.7068062827225131,0.0,55.149719759662005,False,False,True,
S025,corridor,binding,102,1070001,1,PR0_HT1_EC1,No-PR,S025@corridor@binding:i102:nsga2:s1070001:r1:PR0_HT1_EC1:e7f73c353cd1,25e7b74fd7208cd542569f2bc9871358dcab9b95f9b86f53900f2c41ac0c7e8c,p0004,v2,34877783eec7440b56376c5b8b4077ab80c8132f98c7afd480fcfa11ca04dfaa,full,99e91ee5a24ca4ce220d739ca40d54d4e88d7cf6047bb2c40226cf1e973b867a,nsga2,f3f918d05059e27e,5.295761837827501,3439.6540257495453,-0.5759162303664922,4.759626245274281,4201.49836139531,-0.7329842931937173,-0.5361355925532205,761.8443356457647,-0.15706806282722507,0.8443129357656123,0.7329842931937173,0.0,42.48923001083794,False,False,True,
S025,corridor,binding,102,1070001,1,PR0_HT1_EC1,No-PR,S025@corridor@binding:i102:nsga2:s1070001:r1:PR0_HT1_EC1:e7f73c353cd1,25e7b74fd7208cd542569f2bc9871358dcab9b95f9b86f53900f2c41ac0c7e8c,p0005,v2,34877783eec7440b56376c5b8b4077ab80c8132f98c7afd480fcfa11ca04dfaa,full,99e91ee5a24ca4ce220d739ca40d54d4e88d7cf6047bb2c40226cf1e973b867a,nsga2,dc9a9d9a33a937c4,5.872000353469095,3180.2042254571325,-0.5235602094240838,5.541965966092805,3499.07844765569,-0.6020942408376964,-0.33003438737628965,318.8742221985576,-0.07853403141361259,0.7423448829116427,0.6020942408376964,0.0,120.2908543384168,False,False,True,
S025,corridor,binding,102,1070001,1,PR0_HT1_EC1,No-PR,S025@corridor@binding:i102:nsga2:s1070001:r1:PR0_HT1_EC1:e7f73c353cd1,25e7b74fd7208cd542569f2bc9871358dcab9b95f9b86f53900f2c41ac0c7e8c,p0006,v2,34877783eec7440b56376c5b8b4077ab80c8132f98c7afd480fcfa11ca04dfaa,full,99e91ee5a24ca4ce220d739ca40d54d4e88d7cf6047bb2c40226cf1e973b867a,nsga2,7dee3d4c2cb8a80e,5.266017205925072,3487.689685016308,-0.5128205128205128,4.790538416421316,4237.417482538788,-0.6410256410256411,-0.47547878950375644,749.7277975224802,-0.1282051282051283,0.8261350435767916,0.6410256410256411,0.0,56.35896175090795,False,False,True,
S025,corridor,binding,102,1070001,1,PR0_HT1_EC1,No-PR,S025@corridor@binding:i102:nsga2:s1070001:r1:PR0_HT1_EC1:e7f73c353cd1,25e7b74fd7208cd542569f2bc9871358dcab9b95f9b86f53900f2c41ac0c7e8c,p0007,v2,34877783eec7440b56376c5b8b4077ab80c8132f98c7afd480fcfa11ca04dfaa,full,99e91ee5a24ca4ce220d739ca40d54d4e88d7cf6047bb2c40226cf1e973b867a,nsga2,b69e466480ccfd89,5.844465752927213,3075.5082324482364,-0.4973821989528796,5.600506575587155,3445.155608654638,-0.5497382198952879,-0.24395917734005756,369.64737620640153,-0.05235602094240832,0.7195063080779204,0.5497382198952879,0.0,137.7166869365469,False,False,True,
S025,corridor,binding,102,1070001,1,PR0_HT1_EC1,No-PR,S025@corridor@binding:i102:nsga2:s1070001:r1:PR0_HT1_EC1:e7f73c353cd1,25e7b74fd7208cd542569f2bc9871358dcab9b95f9b86f53900f2c41ac0c7e8c,p0008,v2,34877783eec7440b56376c5b8b4077ab80c8132f98c7afd480fcfa11ca04dfaa,full,99e91ee5a24ca4ce220d739ca40d54d4e88d7cf6047bb2c40226cf1e973b867a,nsga2,c33e76f1f34dabe3,5.887082149914944,3043.8854477539962,-0.44502617801047123,5.5129031480043285,3407.632466837409,-0.5497382198952879,-0.3741790019106155,363.74701908341285,-0.1047120418848167,0.7278553968207818,0.5497382198952879,0.0,131.3463322257436,False,False,True,
S025,corridor,binding,102,1070001,1,PR0_HT1_EC1,No-PR,S025@corridor@binding:i102:nsga2:s1070001:r1:PR0_HT1_EC1:e7f73c353cd1,25e7b74fd7208cd542569f2bc9871358dcab9b95f9b86f53900f2c41ac0c7e8c,p0009,v2,34877783eec7440b56376c5b8b4077ab80c8132f98c7afd480fcfa11ca04dfaa,full,99e91ee5a24ca4ce220d739ca40d54d4e88d7cf6047bb2c40226cf1e973b867a,nsga2,72fceb3167f97247,6.691340208744889,2126.7059676417116,-0.31413612565445026,6.343514240091235,2692.06788197326,-0.418848167539267,-0.34782596865365445,565.3619143315482,-0.10471204188481675,0.5828370065800209,0.418848167539267,0.0,241.99536397944416,False,False,True,
S025,corridor,binding,102,1070001,1,PR0_HT1_EC1,No-PR,S025@corridor@binding:i102:nsga2:s1070001:r1:PR0_HT1_EC1:e7f73c353cd1,25e7b74fd7208cd542569f2bc9871358dcab9b95f9b86f53900f2c41ac0c7e8c,p0010,v2,34877783eec7440b56376c5b8b4077ab80c8132f98c7afd480fcfa11ca04dfaa,full,99e91ee5a24ca4ce220d739ca40d54d4e88d7cf6047bb2c40226cf1e973b867a,nsga2,28998138eb81fb2c,6.708957624329953,2108.2228977528985,-0.2879581151832461,6.3258937395838615,2662.54663187527,-0.39267015706806285,-0.38306388474609143,554.3237341223717,-0.10471204188481675,0.5800381271786307,0.39267015706806285,0.0,244.1309089627049,False,False,True,
S025,corridor,binding,102,1070001,1,PR0_HT1_EC1,No-PR,S025@corridor@binding:i102:nsga2:s1070001:r1:PR0_HT1_EC1:e7f73c353cd1,25e7b74fd7208cd542569f2bc9871358dcab9b95f9b86f53900f2c41ac0c7e8c,p0011,v2,34877783eec7440b56376c5b8b4077ab80c8132f98c7afd480fcfa11ca04dfaa,full,99e91ee5a24ca4ce220d739ca40d54d4e88d7cf6047bb2c40226cf1e973b867a,nsga2,1b0b2c9c32537502,6.716916332070461,2033.3122130979316,-0.2879581151832461,6.337745812920777,2602.283189030938,-0.3403141361256545,-0.37917051914968436,568.9709759330065,-0.05235602094240838,0.5638786900266691,0.3403141361256545,0.0,256.4605595096516,False,False,True,
S025,corridor,binding,102,1070001,1,PR0_HT1_EC1,No-PR,S025@corridor@binding:i102:nsga2:s1070001:r1:PR0_HT1_EC1:e7f73c353cd1,25e7b74fd7208cd542569f2bc9871358dcab9b95f9b86f53900f2c41ac0c7e8c,p0012,v2,34877783eec7440b56376c5b8b4077ab80c8132f98c7afd480fcfa11ca04dfaa,full,99e91ee5a24ca4ce220d739ca40d54d4e88d7cf6047bb2c40226cf1e973b867a,nsga2,c1bdacdea6ee1b2f,6.715510704277529,2091.7480685826113,-0.2617801047120419,6.328999367481425,2635.9445703908964,-0.39267015706806285,-0.3865113367961035,544.1965018082851,-0.13089005235602097,0.5814437549708303,0.39267015706806285,0.0,243.05841495725656,False,False,True,
S025,corridor,binding,102,1070001,1,PR0_HT1_EC1,No-PR,S025@corridor@binding:i102:nsga2:s1070001:r1:PR0_HT1_EC1:e7f73c353cd1,25e7b74fd7208cd542569f2bc9871358dcab9b95f9b86f53900f2c41ac0c7e8c,p0013,v2,34877783eec7440b56376c5b8b4077ab80c8132f98c7afd480fcfa11ca04dfaa,full,99e91ee5a24ca4ce220d739ca40d54d4e88d7cf6047bb2c40226cf1e973b867a,nsga2,77b95f419febdccc,6.71105150779773,2071.119006535432,-0.21367521367521367,6.343637082077299,2639.6337212440944,-0.3418803418803419,-0.3674144257204315,568.5147147086623,-0.12820512820512822,0.5700144430768662,0.3418803418803419,0.0,251.77897993235126,False,False,True,
S025,corridor,binding,102,1070001,1,PR0_HT1_EC1,No-PR,S025@corridor@binding:i102:nsga2:s1070001:r1:PR0_HT1_EC1:e7f73c353cd1,25e7b74fd7208cd542569f2bc9871358dcab9b95f9b86f53900f2c41ac0c7e8c,p0014,v2,34877783eec7440b56376c5b8b4077ab80c8132f98c7afd480fcfa11ca04dfaa,full,99e91ee5a24ca4ce220d739ca40d54d4e88d7cf6047bb2c40226cf1e973b867a,nsga2,11c5892f3a5618b9,6.741131498372694,2033.1326877231093,-0.19337016574585636,6.2990081451136,2617.585881125975,-0.35911602209944754,-0.44212335325909446,584.4531934028657,-0.16574585635359118,0.5788276888464958,0.35911602209944754,0.0,245.05447341012382,False,False,True,
S025,corridor,binding,102,1070001,1,PR0_HT1_EC1,No-PR,S025@corridor@binding:i102:nsga2:s1070001:r1:PR0_HT1_EC1:e7f73c353cd1,25e7b74fd7208cd542569f2bc9871358dcab9b95f9b86f53900f2c41ac0c7e8c,p0015,v2,34877783eec7440b56376c5b8b4077ab80c8132f98c7afd480fcfa11ca04dfaa,full,99e91ee5a24ca4ce220d739ca40d54d4e88d7cf6047bb2c40226cf1e973b867a,nsga2,fda1ad10394f56a3,7.016674459221366,1600.1656806191427,-0.13812154696132597,6.745704031876895,2186.2387134150576,-0.22099447513812154,-0.2709704273444711,586.073032795915,-0.08287292817679556,0.4638188580476645,0.22099447513812154,0.0,332.8062113096321,False,False,True,
S025,corridor,binding,102,1070001,1,PR0_HT1_EC1,No-PR,S025@corridor@binding:i102:nsga2:s1070001:r1:PR0_HT1_EC1:e7f73c353cd1,25e7b74fd7208cd542569f2bc9871358dcab9b95f9b86f53900f2c41ac0c7e8c,p0016,v2,34877783eec7440b56376c5b8b4077ab80c8132f98c7afd480fcfa11ca04dfaa,full,99e91ee5a24ca4ce220d739ca40d54d4e88d7cf6047bb2c40226cf1e973b867a,nsga2,ca7ce13164027ef6,6.693540447489418,2119.4194583826884,-0.12096774193548387,6.293094040238933,2694.087396025638,-0.20161290322580644,-0.4004464072504845,574.6679376429497,-0.08064516129032256,0.5660401618510139,0.20161290322580644,0.0,254.81135650767635,False,False,True,
S025,corridor,binding,102,1070001,1,PR0_HT1_EC1,No-PR,S025@corridor@binding:i102:nsga2:s1070001:r1:PR0_HT1_EC1:e7f73c353cd1,25e7b74fd7208cd542569f2bc9871358dcab9b95f9b86f53900f2c41ac0c7e8c,p0017,v2,34877783eec7440b56376c5b8b4077ab80c8132f98c7afd480fcfa11ca04dfaa,full,99e91ee5a24ca4ce220d739ca40d54d4e88d7cf6047bb2c40226cf1e973b867a,nsga2,67c129f44e9dac6c,7.01205630173802,1585.8097127601056,-0.11049723756906077,6.7146599886679805,2187.732619967241,-0.22099447513812154,-0.2973963130700392,601.9229072071355,-0.11049723756906077,0.4750183062629288,0.22099447513812154,0.0,324.2610323213854,False,False,True,
S025,corridor,binding,102,1070001,1,PR0_HT1_EC1,No-PR,S025@corridor@binding:i102:nsga2:s1070001:r1:PR0_HT1_EC1:e7f73c353cd1,25e7b74fd7208cd542569f2bc9871358dcab9b95f9b86f53900f2c41ac0c7e8c,p0018,v2,34877783eec7440b56376c5b8b4077ab80c8132f98c7afd480fcfa11ca04dfaa,full,99e91ee5a24ca4ce220d739ca40d54d4e88d7cf6047bb2c40226cf1e973b867a,nsga2,474bf025e69be486,6.981869484872164,1641.3966738663846,-0.08064516129032258,6.662842915740114,2264.87999375696,-0.16129032258064516,-0.31902656913204996,623.4833198905756,-0.08064516129032258,0.49340419935873336,0.16129032258064516,0.0,310.23259588928653,False,False,True,
S025,corridor,binding,102,1070001,1,PR0_HT1_EC1,No-PR,S025@corridor@binding:i102:nsga2:s1070001:r1:PR0_HT1_EC1:e7f73c353cd1,25e7b74fd7208cd542569f2bc9871358dcab9b95f9b86f53900f2c41ac0c7e8c,p0019,v2,34877783eec7440b56376c5b8b4077ab80c8132f98c7afd480fcfa11ca04dfaa,full,99e91ee5a24ca4ce220d739ca40d54d4e88d7cf6047bb2c40226cf1e973b867a,nsga2,4a3a295411310183,7.195926043914684,1210.3363523889675,-0.05235602094240838,7.03103839806605,1841.696578014522,-0.07853403141361257,-0.16488764584863436,631.3602256255544,-0.02617801047120419,0.3603468852635789,0.07853403141361257,0.0,411.7553265438894,False,False,True,
S025,corridor,binding,102,1070001,1,PR0_HT1_EC1,No-PR,S025@corridor@binding:i102:nsga2:s1070001:r1:PR0_HT1_EC1:e7f73c353cd1,25e7b74fd7208cd542569f2bc9871358dcab9b95f9b86f53900f2c41ac0c7e8c,p0020,v2,34877783eec7440b56376c5b8b4077ab80c8132f98c7afd480fcfa11ca04dfaa,full,99e91ee5a24ca4ce220d739ca40d54d4e88d7cf6047bb2c40226cf1e973b867a,nsga2,95a77e5df8670b97,6.994805037875567,1627.473281177486,-0.042735042735042736,6.645922636124041,2260.2760935558317,-0.17094017094017094,-0.34888240175152596,632.8028123783458,-0.1282051282051282,0.5016307647263514,0.17094017094017094,0.0,303.95572651379393,False,False,True,
S025,corridor,binding,102,1070001,1,PR0_HT1_EC1,No-PR,S025@corridor@binding:i102:nsga2:s1070001:r1:PR0_HT1_EC1:e7f73c353cd1,25e7b74fd7208cd542569f2bc9871358dcab9b95f9b86f53900f2c41ac0c7e8c,p0021,v2,34877783eec7440b56376c5b8b4077ab80c8132f98c7afd480fcfa11ca04dfaa,full,99e91ee5a24ca4ce220d739ca40d54d4e88d7cf6047bb2c40226cf1e973b867a,nsga2,99689e59e17d885d,7.2003410879903,1157.2715450496278,-0.027624309392265192,7.019758619564734,1766.9781798335296,-0.11049723756906077,-0.18058246842556613,609.7066347839018,-0.08287292817679558,0.37085697085098857,0.11049723756906077,0.0,403.73613124069584,False,False,True,
S025,corridor,binding,102,1070001,1,PR0_HT1_EC1,No-PR,S025@corridor@binding:i102:nsga2:s1070001:r1:PR0_HT1_EC1:e7f73c353cd1,25e7b74fd7208cd542569f2bc9871358dcab9b95f9b86f53900f2c41ac0c7e8c,p0022,v2,34877783eec7440b56376c5b8b4077ab80c8132f98c7afd480fcfa11ca04dfaa,full,99e91ee5a24ca4ce220d739ca40d54d4e88d7cf6047bb2c40226cf1e973b867a,nsga2,478c86fc46e2af91,7.193510063379332,1185.6535062222088,-0.0,7.012513816999762,1783.1307929573366,-0.042735042735042736,-0.18099624637956957,597.4772867351278,-0.042735042735042736,0.3753543973204244,0.042735042735042736,0.0,400.30459484451626,False,False,True,
S025,corridor,binding,102,1070001,1,PR0_HT1_EC1,No-PR,S025@corridor@binding:i102:nsga2:s1070001:r1:PR0_HT1_EC1:e7f73c353cd1,25e7b74fd7208cd542569f2bc9871358dcab9b95f9b86f53900f2c41ac0c7e8c,p0023,v2,34877783eec7440b56376c5b8b4077ab80c8132f98c7afd480fcfa11ca04dfaa,full,99e91ee5a24ca4ce220d739ca40d54d4e88d7cf6047bb2c40226cf1e973b867a,nsga2,53c9c819d2979606,7.299257317606529,748.1008775205676,-0.0,7.299257317606529,748.1008775205676,-0.0,0.0,0.0,0.0,0.19659239842719534,0.0,0.6666666666666666,536.7000000000501,False,False,True,
S025,corridor,binding,102,1070001,1,PR1_HT0_EC1,No-HT,S025@corridor@binding:i102:nsga2:s1070001:r1:PR1_HT0_EC1:d952fda92850,25e7b74fd7208cd542569f2bc9871358dcab9b95f9b86f53900f2c41ac0c7e8c,p0001,v2,8ddaf5e0d22d5e7800a00a44f6a13d1ecd33623ff23765fb2b1f88170e3611d7,full,99e91ee5a24ca4ce220d739ca40d54d4e88d7cf6047bb2c40226cf1e973b867a,nsga2,5e4396a853cb724f,4.612104676948171,4167.237751368348,-0.7853403141361257,4.6399876922545555,4291.815698551742,-0.7853403141361257,0.027883015306384706,124.57794718339392,0.0,0.8774229826026985,0.7853403141361257,0.0,17.226264274141272,True,False,True,
S025,corridor,binding,102,1070001,1,PR1_HT0_EC1,No-HT,S025@corridor@binding:i102:nsga2:s1070001:r1:PR1_HT0_EC1:d952fda92850,25e7b74fd7208cd542569f2bc9871358dcab9b95f9b86f53900f2c41ac0c7e8c,p0002,v2,8ddaf5e0d22d5e7800a00a44f6a13d1ecd33623ff23765fb2b1f88170e3611d7,full,99e91ee5a24ca4ce220d739ca40d54d4e88d7cf6047bb2c40226cf1e973b867a,nsga2,ff9cb23651187da8,4.6125415489446695,4050.9432265256223,-0.7853403141361257,4.640424564251054,4309.351374956477,-0.7853403141361257,0.027883015306384706,258.4081484308549,0.0,0.8774229826026985,0.7853403141361257,0.0,17.226264274141272,False,False,True,
S025,corridor,binding,102,1070001,1,PR1_HT0_EC1,No-HT,S025@corridor@binding:i102:nsga2:s1070001:r1:PR1_HT0_EC1:d952fda92850,25e7b74fd7208cd542569f2bc9871358dcab9b95f9b86f53900f2c41ac0c7e8c,p0003,v2,8ddaf5e0d22d5e7800a00a44f6a13d1ecd33623ff23765fb2b1f88170e3611d7,full,99e91ee5a24ca4ce220d739ca40d54d4e88d7cf6047bb2c40226cf1e973b867a,nsga2,8192898bdfb286e8,4.7225463507508,4042.3998050410664,-0.7591623036649214,4.769817969818822,4265.522960560352,-0.7591623036649214,0.04727161906802202,223.12315551928532,0.0,0.8487280467527916,0.7591623036649214,0.0,39.12050032762008,False,False,True,
S025,corridor,binding,102,1070001,1,PR1_HT0_EC1,No-HT,S025@corridor@binding:i102:nsga2:s1070001:r1:PR1_HT0_EC1:d952fda92850,25e7b74fd7208cd542569f2bc9871358dcab9b95f9b86f53900f2c41ac0c7e8c,p0004,v2,8ddaf5e0d22d5e7800a00a44f6a13d1ecd33623ff23765fb2b1f88170e3611d7,full,99e91ee5a24ca4ce220d739ca40d54d4e88d7cf6047bb2c40226cf1e973b867a,nsga2,2b51650eeeff60c9,4.729099430698375,3995.188462526976,-0.7329842931937173,4.77209511184569,4227.920809932029,-0.7329842931937173,0.04299568114731489,232.7323474050536,0.0,0.8402396489310376,0.7329842931937173,0.0,45.597147865618396,False,False,True,
S025,corridor,binding,102,1070001,1,PR1_HT0_EC1,No-HT,S025@corridor@binding:i102:nsga2:s1070001:r1:PR1_HT0_EC1:d952fda92850,25e7b74fd7208cd542569f2bc9871358dcab9b95f9b86f53900f2c41ac0c7e8c,p0005,v2,8ddaf5e0d22d5e7800a00a44f6a13d1ecd33623ff23765fb2b1f88170e3611d7,full,99e91ee5a24ca4ce220d739ca40d54d4e88d7cf6047bb2c40226cf1e973b867a,nsga2,917f46f4f54f79f4,4.569679661875524,4032.8077097755145,-0.6837606837606838,4.7789710591562455,4238.864287121221,-0.5555555555555556,0.20929139728072155,206.05657734570696,0.1282051282051282,0.8276501009952514,0.5555555555555556,0.0,55.20297294062327,False,False,True,
S025,corridor,binding,102,1070001,1,PR1_HT0_EC1,No-HT,S025@corridor@binding:i102:nsga2:s1070001:r1:PR1_HT0_EC1:d952fda92850,25e7b74fd7208cd542569f2bc9871358dcab9b95f9b86f53900f2c41ac0c7e8c,p0006,v2,8ddaf5e0d22d5e7800a00a44f6a13d1ecd33623ff23765fb2b1f88170e3611d7,full,99e91ee5a24ca4ce220d739ca40d54d4e88d7cf6047bb2c40226cf1e973b867a,nsga2,791e219ec1df8b50,5.518637104590407,3254.502384813164,-0.6353591160220995,5.632292730270344,3356.178442805728,-0.580110497237569,0.1136556256799377,101.67605799256398,0.05524861878453047,0.72111848209528,0.580110497237569,0.0,136.48659816130152,False,False,True,
S025,corridor,binding,102,1070001,1,PR1_HT0_EC1,No-HT,S025@corridor@binding:i102:nsga2:s1070001:r1:PR1_HT0_EC1:d952fda92850,25e7b74fd7208cd542569f2bc9871358dcab9b95f9b86f53900f2c41ac0c7e8c,p0007,v2,8ddaf5e0d22d5e7800a00a44f6a13d1ecd33623ff23765fb2b1f88170e3611d7,full,99e91ee5a24ca4ce220d739ca40d54d4e88d7cf6047bb2c40226cf1e973b867a,nsga2,18e01725a34e557c,5.507355392548629,3273.3966425451813,-0.6282722513089005,5.553030301730315,3407.5203070120024,-0.6020942408376964,0.045674909181686374,134.12366446682108,0.02617801047120416,0.737833627221708,0.6020942408376964,0.0,123.73294242983698,False,False,True,
S025,corridor,binding,102,1070001,1,PR1_HT0_EC1,No-HT,S025@corridor@binding:i102:nsga2:s1070001:r1:PR1_HT0_EC1:d952fda92850,25e7b74fd7208cd542569f2bc9871358dcab9b95f9b86f53900f2c41ac0c7e8c,p0008,v2,8ddaf5e0d22d5e7800a00a44f6a13d1ecd33623ff23765fb2b1f88170e3611d7,full,99e91ee5a24ca4ce220d739ca40d54d4e88d7cf6047bb2c40226cf1e973b867a,nsga2,e70ceb29e9f3209a,5.49629105691119,3344.145695575756,-0.6282722513089005,5.541965966092805,3499.07844765569,-0.6020942408376964,0.04567490918161532,154.9327520799343,0.02617801047120416,0.7423448829116427,0.6020942408376964,0.0,120.2908543384168,False,False,True,
S025,corridor,binding,102,1070001,1,PR1_HT0_EC1,No-HT,S025@corridor@binding:i102:nsga2:s1070001:r1:PR1_HT0_EC1:d952fda92850,25e7b74fd7208cd542569f2bc9871358dcab9b95f9b86f53900f2c41ac0c7e8c,p0009,v2,8ddaf5e0d22d5e7800a00a44f6a13d1ecd33623ff23765fb2b1f88170e3611d7,full,99e91ee5a24ca4ce220d739ca40d54d4e88d7cf6047bb2c40226cf1e973b867a,nsga2,cf516b0d03a8a754,5.5507872173655555,3222.7113922806993,-0.6077348066298343,5.568511534743943,3406.293179189027,-0.580110497237569,0.017724317378387866,183.58178690832756,0.027624309392265234,0.7298911920198782,0.580110497237569,0.0,129.7930204888331,False,False,True,
S025,corridor,binding,102,1070001,1,PR1_HT0_EC1,No-HT,S025@corridor@binding:i102:nsga2:s1070001:r1:PR1_HT0_EC1:d952fda92850,25e7b74fd7208cd542569f2bc9871358dcab9b95f9b86f53900f2c41ac0c7e8c,p0010,v2,8ddaf5e0d22d5e7800a00a44f6a13d1ecd33623ff23765fb2b1f88170e3611d7,full,99e91ee5a24ca4ce220d739ca40d54d4e88d7cf6047bb2c40226cf1e973b867a,nsga2,813685ccf0cc02ad,5.557466083369363,3169.6444183240824,-0.6020942408376964,5.501838812366958,3301.320718747465,-0.5497382198952879,-0.05562727100240483,131.6763004233826,0.05235602094240843,0.7323666525105771,0.5497382198952879,0.0,127.9042441344298,False,False,True,
S025,corridor,binding,102,1070001,1,PR1_HT0_EC1,No-HT,S025@corridor@binding:i102:nsga2:s1070001:r1:PR1_HT0_EC1:d952fda92850,25e7b74fd7208cd542569f2bc9871358dcab9b95f9b86f53900f2c41ac0c7e8c,p0011,v2,8ddaf5e0d22d5e7800a00a44f6a13d1ecd33623ff23765fb2b1f88170e3611d7,full,99e91ee5a24ca4ce220d739ca40d54d4e88d7cf6047bb2c40226cf1e973b867a,nsga2,4770835cfe81761f,4.603282907008635,3986.5185570579756,-0.5982905982905983,4.785070728289524,4259.585412060453,-0.5555555555555556,0.18178782128088855,273.06685500247704,0.042735042735042694,0.8259180891018808,0.5555555555555556,0.0,56.52449801526495,False,False,True,
S025,corridor,binding,102,1070001,1,PR1_HT0_EC1,No-HT,S025@corridor@binding:i102:nsga2:s1070001:r1:PR1_HT0_EC1:d952fda92850,25e7b74fd7208cd542569f2bc9871358dcab9b95f9b86f53900f2c41ac0c7e8c,p0012,v2,8ddaf5e0d22d5e7800a00a44f6a13d1ecd33623ff23765fb2b1f88170e3611d7,full,99e91ee5a24ca4ce220d739ca40d54d4e88d7cf6047bb2c40226cf1e973b867a,nsga2,e010e57433d09c9d,5.538731248543092,3236.9347368259514,-0.5645161290322581,5.596864536856636,3362.1401076386037,-0.4032258064516129,0.058133288313543474,125.20537081265229,0.16129032258064524,0.7014159858348621,0.4032258064516129,0.0,151.5196028080004,False,False,True,
S025,corridor,binding,102,1070001,1,PR1_HT0_EC1,No-HT,S025@corridor@binding:i102:nsga2:s1070001:r1:PR1_HT0_EC1:d952fda92850,25e7b74fd7208cd542569f2bc9871358dcab9b95f9b86f53900f2c41ac0c7e8c,p0013,v2,8ddaf5e0d22d5e7800a00a44f6a13d1ecd33623ff23765fb2b1f88170e3611d7,full,99e91ee5a24ca4ce220d739ca40d54d4e88d7cf6047bb2c40226cf1e973b867a,nsga2,17741f0f91930990,5.460526652361931,3208.342474883799,-0.5497382198952879,5.489170621326387,3306.634012328443,-0.6282722513089005,0.02864396896445598,98.29153744464429,-0.07853403141361259,0.7456710400159954,0.6282722513089005,0.0,117.75299646779564,False,False,True,
S025,corridor,binding,102,1070001,1,PR1_HT0_EC1,No-HT,S025@corridor@binding:i102:nsga2:s1070001:r1:PR1_HT0_EC1:d952fda92850,25e7b74fd7208cd542569f2bc9871358dcab9b95f9b86f53900f2c41ac0c7e8c,p0014,v2,8ddaf5e0d22d5e7800a00a44f6a13d1ecd33623ff23765fb2b1f88170e3611d7,full,99e91ee5a24ca4ce220d739ca40d54d4e88d7cf6047bb2c40226cf1e973b867a,nsga2,17c0f0c59e70626d,5.460963524358432,3194.4054441268945,-0.5497382198952879,5.508192567845583,3384.7605577747827,-0.6020942408376964,0.0472290434871514,190.35511364788817,-0.05235602094240843,0.7350446732336425,0.6020942408376964,0.0,125.86091432273076,False,False,True,
S025,corridor,binding,102,1070001,1,PR1_HT0_EC1,No-HT,S025@corridor@binding:i102:nsga2:s1070001:r1:PR1_HT0_EC1:d952fda92850,25e7b74fd7208cd542569f2bc9871358dcab9b95f9b86f53900f2c41ac0c7e8c,p0015,v2,8ddaf5e0d22d5e7800a00a44f6a13d1ecd33623ff23765fb2b1f88170e3611d7,full,99e91ee5a24ca4ce220d739ca40d54d4e88d7cf6047bb2c40226cf1e973b867a,nsga2,f3079c285dc68694,5.493290247224323,3165.5575534496634,-0.5248618784530387,5.5017061849502396,3358.0929804912867,-0.5524861878453039,0.008415937725916756,192.53542704162328,-0.027624309392265234,0.7332253165083217,0.5524861878453039,0.0,127.2490835041506,False,False,True,
S025,corridor,binding,102,1070001,1,PR1_HT0_EC1,No-HT,S025@corridor@binding:i102:nsga2:s1070001:r1:PR1_HT0_EC1:d952fda92850,25e7b74fd7208cd542569f2bc9871358dcab9b95f9b86f53900f2c41ac0c7e8c,p0016,v2,8ddaf5e0d22d5e7800a00a44f6a13d1ecd33623ff23765fb2b1f88170e3611d7,full,99e91ee5a24ca4ce220d739ca40d54d4e88d7cf6047bb2c40226cf1e973b867a,nsga2,39ae7ddd15f900fe,5.57447276192568,3149.1803009118976,-0.4972375690607735,5.5921399235904,3276.9559433063523,-0.5248618784530387,0.017667161664720155,127.77564239445474,-0.02762430939226518,0.7153231837459395,0.5248618784530387,0.0,140.90841080184822,False,False,True,
S025,corridor,binding,102,1070001,1,PR1_HT0_EC1,No-HT,S025@corridor@binding:i102:nsga2:s1070001:r1:PR1_HT0_EC1:d952fda92850,25e7b74fd7208cd542569f2bc9871358dcab9b95f9b86f53900f2c41ac0c7e8c,p0017,v2,8ddaf5e0d22d5e7800a00a44f6a13d1ecd33623ff23765fb2b1f88170e3611d7,full,99e91ee5a24ca4ce220d739ca40d54d4e88d7cf6047bb2c40226cf1e973b867a,nsga2,1bdb8a40f2c94d49,6.200430665524333,2584.0028264088382,-0.44502617801047123,6.3258937395838615,2662.54663187527,-0.39267015706806285,0.12546307405952817,78.54380546643188,0.05235602094240838,0.5800381271786307,0.39267015706806285,0.0,244.1309089627049,False,False,True,
S025,corridor,binding,102,1070001,1,PR1_HT0_EC1,No-HT,S025@corridor@binding:i102:nsga2:s1070001:r1:PR1_HT0_EC1:d952fda92850,25e7b74fd7208cd542569f2bc9871358dcab9b95f9b86f53900f2c41ac0c7e8c,p0018,v2,8ddaf5e0d22d5e7800a00a44f6a13d1ecd33623ff23765fb2b1f88170e3611d7,full,99e91ee5a24ca4ce220d739ca40d54d4e88d7cf6047bb2c40226cf1e973b867a,nsga2,27189f6958ca015f,6.357577080814317,2580.3295441544587,-0.39267015706806285,6.383506117484064,2803.235542068372,-0.39267015706806285,0.025929036669746885,222.90599791391332,0.0,0.5708483632398768,0.39267015706806285,0.0,251.1426988479742,False,False,True,
S025,corridor,binding,102,1070001,1,PR1_HT0_EC1,No-HT,S025@corridor@binding:i102:nsga2:s1070001:r1:PR1_HT0_EC1:d952fda92850,25e7b74fd7208cd542569f2bc9871358dcab9b95f9b86f53900f2c41ac0c7e8c,p0019,v2,8ddaf5e0d22d5e7800a00a44f6a13d1ecd33623ff23765fb2b1f88170e3611d7,full,99e91ee5a24ca4ce220d739ca40d54d4e88d7cf6047bb2c40226cf1e973b867a,nsga2,c1f8b0f55be8eb6d,6.306119626088412,2575.689448442753,-0.38461538461538464,6.4052389926167805,2806.191116708335,-0.3418803418803419,0.0991193665283685,230.50166826558188,0.04273504273504275,0.5589171830988335,0.3418803418803419,0.0,260.24618929559,False,False,True,
S025,corridor,binding,102,1070001,1,PR1_HT0_EC1,No-HT,S025@corridor@binding:i102:nsga2:s1070001:r1:PR1_HT0_EC1:d952fda92850,25e7b74fd7208cd542569f2bc9871358dcab9b95f9b86f53900f2c41ac0c7e8c,p0020,v2,8ddaf5e0d22d5e7800a00a44f6a13d1ecd33623ff23765fb2b1f88170e3611d7,full,99e91ee5a24ca4ce220d739ca40d54d4e88d7cf6047bb2c40226cf1e973b867a,nsga2,8ba6dc33ee1adf64,6.340042018860162,2540.6321841191407,-0.36649214659685864,6.353321404248038,2624.290422500203,-0.36649214659685864,0.013279385387876097,83.65823838106235,0.0,0.561409258594559,0.36649214659685864,0.0,258.34473569235155,False,False,True,
S025,corridor,binding,102,1070001,1,PR1_HT0_EC1,No-HT,S025@corridor@binding:i102:nsga2:s1070001:r1:PR1_HT0_EC1:d952fda92850,25e7b74fd7208cd542569f2bc9871358dcab9b95f9b86f53900f2c41ac0c7e8c,p0021,v2,8ddaf5e0d22d5e7800a00a44f6a13d1ecd33623ff23765fb2b1f88170e3611d7,full,99e91ee5a24ca4ce220d739ca40d54d4e88d7cf6047bb2c40226cf1e973b867a,nsga2,36dc2ea354f047a2,6.2236191227019475,2562.570793097654,-0.35911602209944754,6.238572806048277,2638.6463903592403,-0.35911602209944754,0.014953683346329072,76.07559726158615,0.0,0.5920564745035809,0.35911602209944754,0.0,234.96090995376784,False,False,True,
S025,corridor,binding,102,1070001,1,PR1_HT0_EC1,No-HT,S025@corridor@binding:i102:nsga2:s1070001:r1:PR1_HT0_EC1:d952fda92850,25e7b74fd7208cd542569f2bc9871358dcab9b95f9b86f53900f2c41ac0c7e8c,p0022,v2,8ddaf5e0d22d5e7800a00a44f6a13d1ecd33623ff23765fb2b1f88170e3611d7,full,99e91ee5a24ca4ce220d739ca40d54d4e88d7cf6047bb2c40226cf1e973b867a,nsga2,41f34774eb5487c3,6.328866974574682,2555.975482863032,-0.3418803418803419,6.343637082077299,2639.6337212440944,-0.3418803418803419,0.01477010750261698,83.65823838106235,0.0,0.5700144430768662,0.3418803418803419,0.0,251.77897993235126,False,False,True,
S025,corridor,binding,102,1070001,1,PR1_HT0_EC1,No-HT,S025@corridor@binding:i102:nsga2:s1070001:r1:PR1_HT0_EC1:d952fda92850,25e7b74fd7208cd542569f2bc9871358dcab9b95f9b86f53900f2c41ac0c7e8c,p0023,v2,8ddaf5e0d22d5e7800a00a44f6a13d1ecd33623ff23765fb2b1f88170e3611d7,full,99e91ee5a24ca4ce220d739ca40d54d4e88d7cf6047bb2c40226cf1e973b867a,nsga2,83184eb21016ac85,6.629141065075851,2065.0642053522556,-0.2879581151832461,6.668166894242733,2223.3495276338745,-0.2356020942408377,0.039025829166881465,158.28532228161885,0.052356020942408404,0.48899423991046986,0.2356020942408377,0.0,313.5973949483116,False,False,True,
S025,corridor,binding,102,1070001,1,PR1_HT0_EC1,No-HT,S025@corridor@binding:i102:nsga2:s1070001:r1:PR1_HT0_EC1:d952fda92850,25e7b74fd7208cd542569f2bc9871358dcab9b95f9b86f53900f2c41ac0c7e8c,p0024,v2,8ddaf5e0d22d5e7800a00a44f6a13d1ecd33623ff23765fb2b1f88170e3611d7,full,99e91ee5a24ca4ce220d739ca40d54d4e88d7cf6047bb2c40226cf1e973b867a,nsga2,2b0cbf8407a08089,6.6225056590505575,2037.4494847430442,-0.24861878453038674,6.650437677183823,2180.213439991245,-0.24861878453038674,0.0279320181332654,142.763955248201,0.0,0.49850753967766165,0.24861878453038674,0.0,306.33874722594425,False,False,True,
S025,corridor,binding,102,1070001,1,PR1_HT0_EC1,No-HT,S025@corridor@binding:i102:nsga2:s1070001:r1:PR1_HT0_EC1:d952fda92850,25e7b74fd7208cd542569f2bc9871358dcab9b95f9b86f53900f2c41ac0c7e8c,p0025,v2,8ddaf5e0d22d5e7800a00a44f6a13d1ecd33623ff23765fb2b1f88170e3611d7,full,99e91ee5a24ca4ce220d739ca40d54d4e88d7cf6047bb2c40226cf1e973b867a,nsga2,361d3e02da3f795b,6.802473085329704,1903.418644976463,-0.2356020942408377,6.829749208759335,2015.5355104814155,-0.18324607329842932,0.027276123429630594,112.11686550495256,0.05235602094240838,0.44501471525573527,0.18324607329842932,0.0,347.153772259874,False,False,True,
S025,corridor,binding,102,1070001,1,PR1_HT0_EC1,No-HT,S025@corridor@binding:i102:nsga2:s1070001:r1:PR1_HT0_EC1:d952fda92850,25e7b74fd7208cd542569f2bc9871358dcab9b95f9b86f53900f2c41ac0c7e8c,p0026,v2,8ddaf5e0d22d5e7800a00a44f6a13d1ecd33623ff23765fb2b1f88170e3611d7,full,99e91ee5a24ca4ce220d739ca40d54d4e88d7cf6047bb2c40226cf1e973b867a,nsga2,1002c8f6dd926593,6.613410040725691,2117.512138307631,-0.21367521367521367,6.643109671932703,2260.2760935558317,-0.21367521367521367,0.02969963120701191,142.76395524820055,0.0,0.5071900063489402,0.21367521367521367,0.0,299.71402515575875,False,False,True,
S025,corridor,binding,102,1070001,1,PR1_HT0_EC1,No-HT,S025@corridor@binding:i102:nsga2:s1070001:r1:PR1_HT0_EC1:d952fda92850,25e7b74fd7208cd542569f2bc9871358dcab9b95f9b86f53900f2c41ac0c7e8c,p0027,v2,8ddaf5e0d22d5e7800a00a44f6a13d1ecd33623ff23765fb2b1f88170e3611d7,full,99e91ee5a24ca4ce220d739ca40d54d4e88d7cf6047bb2c40226cf1e973b867a,nsga2,332b5cd9c91b88fa,6.800112456825976,1875.4769487723358,-0.19337016574585636,6.833582205102713,1982.8111604950395,-0.22099447513812154,0.033469748276737654,107.33421172270369,-0.02762430939226518,0.45173435129793754,0.22099447513812154,0.0,342.0266899596737,False,False,True,
S025,corridor,binding,102,1070001,1,PR1_HT0_EC1,No-HT,S025@corridor@binding:i102:nsga2:s1070001:r1:PR1_HT0_EC1:d952fda92850,25e7b74fd7208cd542569f2bc9871358dcab9b95f9b86f53900f2c41ac0c7e8c,p0028,v2,8ddaf5e0d22d5e7800a00a44f6a13d1ecd33623ff23765fb2b1f88170e3611d7,full,99e91ee5a24ca4ce220d739ca40d54d4e88d7cf6047bb2c40226cf1e973b867a,nsga2,4e1d282693b87172,6.614767465717165,2097.4994738037503,-0.17094017094017094,6.645922636124041,2260.8992289999997,-0.17094017094017094,0.03115517040687621,163.39975519624932,0.0,0.5016307647263514,0.17094017094017094,0.0,303.95572651379393,False,False,True,
S025,corridor,binding,102,1070001,1,PR1_HT0_EC1,No-HT,S025@corridor@binding:i102:nsga2:s1070001:r1:PR1_HT0_EC1:d952fda92850,25e7b74fd7208cd542569f2bc9871358dcab9b95f9b86f53900f2c41ac0c7e8c,p0029,v2,8ddaf5e0d22d5e7800a00a44f6a13d1ecd33623ff23765fb2b1f88170e3611d7,full,99e91ee5a24ca4ce220d739ca40d54d4e88d7cf6047bb2c40226cf1e973b867a,nsga2,30e063c355e82bf4,6.970599186735935,1567.6773738996976,-0.15706806282722513,7.036250752104421,1756.064721832,-0.07853403141361257,0.06565156536848615,188.38734793230242,0.07853403141361257,0.3587098294499735,0.07853403141361257,0.0,413.00440012967033,False,False,True,
S025,corridor,binding,102,1070001,1,PR1_HT0_EC1,No-HT,S025@corridor@binding:i102:nsga2:s1070001:r1:PR1_HT0_EC1:d952fda92850,25e7b74fd7208cd542569f2bc9871358dcab9b95f9b86f53900f2c41ac0c7e8c,p0030,v2,8ddaf5e0d22d5e7800a00a44f6a13d1ecd33623ff23765fb2b1f88170e3611d7,full,99e91ee5a24ca4ce220d739ca40d54d4e88d7cf6047bb2c40226cf1e973b867a,nsga2,8d4ae6264024aa9c,6.947613585804509,1561.4980734047547,-0.1282051282051282,7.012950688996262,1784.6991208546162,-0.042735042735042736,0.06533710319175245,223.20104744986156,0.08547008547008546,0.3753543973204243,0.042735042735042736,0.0,400.30459484451626,False,False,True,
S025,corridor,binding,102,1070001,1,PR1_HT0_EC1,No-HT,S025@corridor@binding:i102:nsga2:s1070001:r1:PR1_HT0_EC1:d952fda92850,25e7b74fd7208cd542569f2bc9871358dcab9b95f9b86f53900f2c41ac0c7e8c,p0031,v2,8ddaf5e0d22d5e7800a00a44f6a13d1ecd33623ff23765fb2b1f88170e3611d7,full,99e91ee5a24ca4ce220d739ca40d54d4e88d7cf6047bb2c40226cf1e973b867a,nsga2,4ea4c7a473ee5c6b,6.973084075741355,1548.7265780255516,-0.11049723756906077,7.019758619564734,1766.9781798335296,-0.11049723756906077,0.046674543823379544,218.25160180797798,0.0,0.37085697085098857,0.11049723756906077,0.0,403.73613124069584,False,False,True,
S025,corridor,binding,102,1070001,1,PR1_HT0_EC1,No-HT,S025@corridor@binding:i102:nsga2:s1070001:r1:PR1_HT0_EC1:d952fda92850,25e7b74fd7208cd542569f2bc9871358dcab9b95f9b86f53900f2c41ac0c7e8c,p0032,v2,8ddaf5e0d22d5e7800a00a44f6a13d1ecd33623ff23765fb2b1f88170e3611d7,full,99e91ee5a24ca4ce220d739ca40d54d4e88d7cf6047bb2c40226cf1e973b867a,nsga2,4bde3744e8532bef,6.968986271953168,1557.2965500298824,-0.0,7.017155412658116,1796.8021686441052,-0.042735042735042736,0.04816914070494871,239.50561861422284,-0.042735042735042736,0.37327844470842364,0.042735042735042736,0.0,401.88854668747285,False,False,True,
S025,corridor,binding,102,1070001,1,PR1_HT0_EC1,No-HT,S025@corridor@binding:i102:nsga2:s1070001:r1:PR1_HT0_EC1:d952fda92850,25e7b74fd7208cd542569f2bc9871358dcab9b95f9b86f53900f2c41ac0c7e8c,p0033,v2,8ddaf5e0d22d5e7800a00a44f6a13d1ecd33623ff23765fb2b1f88170e3611d7,full,99e91ee5a24ca4ce220d739ca40d54d4e88d7cf6047bb2c40226cf1e973b867a,nsga2,fee2ee2d437ebd78,7.299257317606529,748.1008775205676,-0.0,7.299257317606529,748.1008775205676,-0.0,0.0,0.0,0.0,0.19659239842719534,0.0,0.6666666666666666,536.7000000000501,False,False,True,
S025,corridor,binding,102,1070001,1,PR1_HT0_EC1,No-HT,S025@corridor@binding:i102:nsga2:s1070001:r1:PR1_HT0_EC1:d952fda92850,25e7b74fd7208cd542569f2bc9871358dcab9b95f9b86f53900f2c41ac0c7e8c,p0034,v2,8ddaf5e0d22d5e7800a00a44f6a13d1ecd33623ff23765fb2b1f88170e3611d7,full,99e91ee5a24ca4ce220d739ca40d54d4e88d7cf6047bb2c40226cf1e973b867a,nsga2,eafab01dfa4e6245,7.232346059636302,955.4875879382769,-0.0,7.24575154455345,1068.059127420043,-0.0,0.01340548491714788,112.5715394817662,0.0,0.25053504347677386,0.0,0.3333333333333333,495.54176182722153,False,False,True,
S025,corridor,binding,102,1070001,1,PR1_HT0_EC1,No-HT,S025@corridor@binding:i102:nsga2:s1070001:r1:PR1_HT0_EC1:d952fda92850,25e7b74fd7208cd542569f2bc9871358dcab9b95f9b86f53900f2c41ac0c7e8c,p0035,v2,8ddaf5e0d22d5e7800a00a44f6a13d1ecd33623ff23765fb2b1f88170e3611d7,full,99e91ee5a24ca4ce220d739ca40d54d4e88d7cf6047bb2c40226cf1e973b867a,nsga2,520f3afcd1a75bf7,7.261573010005951,874.2379855883459,-0.0,7.274679169901102,1001.0658084896447,-0.0,0.01310615989515096,126.82782290129887,0.0,0.22160741812912224,0.0,0.5,517.6135399674797,False,False,True,
S025,corridor,binding,102,1070001,1,PR1_HT0_EC1,No-HT,S025@corridor@binding:i102:nsga2:s1070001:r1:PR1_HT0_EC1:d952fda92850,25e7b74fd7208cd542569f2bc9871358dcab9b95f9b86f53900f2c41ac0c7e8c,p0036,v2,8ddaf5e0d22d5e7800a00a44f6a13d1ecd33623ff23765fb2b1f88170e3611d7,full,99e91ee5a24ca4ce220d739ca40d54d4e88d7cf6047bb2c40226cf1e973b867a,nsga2,4ea485196a571ee9,7.272745672794231,871.5401363256656,-0.0,7.2730449978162275,994.9793951307637,-0.0,0.00029932502199692124,123.43925880509812,0.0,0.22280471821749676,0.0,0.5,516.7000000000501,False,False,True,
S025,corridor,binding,102,1070001,1,PR1_HT0_EC1,No-HT,S025@corridor@binding:i102:nsga2:s1070001:r1:PR1_HT0_EC1:d952fda92850,25e7b74fd7208cd542569f2bc9871358dcab9b95f9b86f53900f2c41ac0c7e8c,p0037,v2,8ddaf5e0d22d5e7800a00a44f6a13d1ecd33623ff23765fb2b1f88170e3611d7,full,99e91ee5a24ca4ce220d739ca40d54d4e88d7cf6047bb2c40226cf1e973b867a,nsga2,0d38083cdeb54de7,7.2611361380094515,882.3320059126173,-0.0,7.274242297904602,999.4974805923648,-0.0,0.01310615989515096,117.16547467974749,0.0,0.2216074181291224,0.0,0.5,517.6135399674797,False,False,True,
S025,corridor,binding,102,1070001,1,PR1_HT0_EC1,No-HT,S025@corridor@binding:i102:nsga2:s1070001:r1:PR1_HT0_EC1:d952fda92850,25e7b74fd7208cd542569f2bc9871358dcab9b95f9b86f53900f2c41ac0c7e8c,p0038,v2,8ddaf5e0d22d5e7800a00a44f6a13d1ecd33623ff23765fb2b1f88170e3611d7,full,99e91ee5a24ca4ce220d739ca40d54d4e88d7cf6047bb2c40226cf1e973b867a,nsga2,8ddb60415a3b0316,7.1434372632578285,1281.9490047198249,-0.0,7.153967089927492,1358.0246019814113,-0.0,0.0105298266696634,76.07559726158638,0.0,0.3091172263683556,0.0,0.16666666666666666,450.84355628094477,False,False,True,
S025,corridor,binding,102,1070001,1,PR1_HT0_EC1,No-HT,S025@corridor@binding:i102:nsga2:s1070001:r1:PR1_HT0_EC1:d952fda92850,25e7b74fd7208cd542569f2bc9871358dcab9b95f9b86f53900f2c41ac0c7e8c,p0039,v2,8ddaf5e0d22d5e7800a00a44f6a13d1ecd33623ff23765fb2b1f88170e3611d7,full,99e91ee5a24ca4ce220d739ca40d54d4e88d7cf6047bb2c40226cf1e973b867a,nsga2,1daf8fc462c8b352,7.162988084103697,1218.4363987163838,-0.0,7.1718731403551335,1302.0946370974461,-0.0,0.008885056251436652,83.65823838106235,0.0,0.2912111759407141,0.0,0.16666666666666666,464.50587275723524,False,False,True,
S025,corridor,binding,102,1070001,1,PR1_HT0_EC1,No-HT,S025@corridor@binding:i102:nsga2:s1070001:r1:PR1_HT0_EC1:d952fda92850,25e7b74fd7208cd542569f2bc9871358dcab9b95f9b86f53900f2c41ac0c7e8c,p0040,v2,8ddaf5e0d22d5e7800a00a44f6a13d1ecd33623ff23765fb2b1f88170e3611d7,full,99e91ee5a24ca4ce220d739ca40d54d4e88d7cf6047bb2c40226cf1e973b867a,nsga2,fb89a899f8d9f17a,7.149918441721934,1261.6692895662418,-0.0,7.159764096912162,1332.6304539131975,-0.0,0.009845655190227731,70.96116434695568,0.0,0.30451751947205974,0.0,0.16666666666666666,454.35313264281854,False,False,True,
S025,corridor,binding,102,1070001,1,PR1_HT0_EC1,No-HT,S025@corridor@binding:i102:nsga2:s1070001:r1:PR1_HT0_EC1:d952fda92850,25e7b74fd7208cd542569f2bc9871358dcab9b95f9b86f53900f2c41ac0c7e8c,p0041,v2,8ddaf5e0d22d5e7800a00a44f6a13d1ecd33623ff23765fb2b1f88170e3611d7,full,99e91ee5a24ca4ce220d739ca40d54d4e88d7cf6047bb2c40226cf1e973b867a,nsga2,86aa99c975e6eae5,7.2599388379210765,890.8648327687685,-0.0,7.2730449978162275,1033.6287880169693,-0.0,0.01310615989515096,142.7639552482009,0.0,0.22280471821749676,0.0,0.5,516.7000000000501,False,False,True,
S025,corridor,binding,102,1070001,1,PR1_HT0_EC1,No-HT,S025@corridor@binding:i102:nsga2:s1070001:r1:PR1_HT0_EC1:d952fda92850,25e7b74fd7208cd542569f2bc9871358dcab9b95f9b86f53900f2c41ac0c7e8c,p0042,v2,8ddaf5e0d22d5e7800a00a44f6a13d1ecd33623ff23765fb2b1f88170e3611d7,full,99e91ee5a24ca4ce220d739ca40d54d4e88d7cf6047bb2c40226cf1e973b867a,nsga2,0a79d0e367b9054d,7.247730653092304,936.8536063286947,-0.0,7.253086432951505,1031.2299707327584,-0.0,0.005355779859200993,94.37636440406368,0.0,0.2427632830822202,0.0,0.3333333333333333,501.4716150082661,False,False,True,
S025,corridor,binding,102,1070001,1,PR1_HT0_EC1,No-HT,S025@corridor@binding:i102:nsga2:s1070001:r1:PR1_HT0_EC1:d952fda92850,25e7b74fd7208cd542569f2bc9871358dcab9b95f9b86f53900f2c41ac0c7e8c,p0043,v2,8ddaf5e0d22d5e7800a00a44f6a13d1ecd33623ff23765fb2b1f88170e3611d7,full,99e91ee5a24ca4ce220d739ca40d54d4e88d7cf6047bb2c40226cf1e973b867a,nsga2,b5c1800a0092aa33,7.2322085126618,959.5716740415291,-0.0,7.24531467255695,1076.1474207086394,-0.0,0.013106159895150071,116.57574666711025,0.0,0.250535043476774,0.0,0.3333333333333333,495.54176182722153,False,False,True,
S025,corridor,binding,102,1070001,1,PR1_HT1_EC0,No-EC,S025@corridor@binding:i102:nsga2:s1070001:r1:PR1_HT1_EC0:1400af4ac24c,25e7b74fd7208cd542569f2bc9871358dcab9b95f9b86f53900f2c41ac0c7e8c,p0001,v2,aad1b8a2a825534eddf1e3b5e952ede46d3a6de761138cd1d40bf9c0e385cbe0,full,99e91ee5a24ca4ce220d739ca40d54d4e88d7cf6047bb2c40226cf1e973b867a,nsga2,3e9039048ffa5f58,4.241883126193066,4175.098120591132,-0.8755301794452233,4.756974950066398,4230.871182332214,-0.5645161290322581,0.5150918238733313,55.77306174108162,0.31101405041296515,0.8299850908938521,0.5645161290322581,0.0,53.421375647990914,False,False,True,
S025,corridor,binding,102,1070001,1,PR1_HT1_EC0,No-EC,S025@corridor@binding:i102:nsga2:s1070001:r1:PR1_HT1_EC0:1400af4ac24c,25e7b74fd7208cd542569f2bc9871358dcab9b95f9b86f53900f2c41ac0c7e8c,p0002,v2,aad1b8a2a825534eddf1e3b5e952ede46d3a6de761138cd1d40bf9c0e385cbe0,full,99e91ee5a24ca4ce220d739ca40d54d4e88d7cf6047bb2c40226cf1e973b867a,nsga2,aa165ac468b6c4a0,4.282981135461567,4064.0234156053266,-0.8755301794452158,4.812786402295698,4257.157726656005,-0.5645161290322581,0.5298052668341313,193.13431105067866,0.3110140504129577,0.8229373354737705,0.5645161290322581,0.0,58.79881303351313,False,False,True,
S025,corridor,binding,102,1070001,1,PR1_HT1_EC0,No-EC,S025@corridor@binding:i102:nsga2:s1070001:r1:PR1_HT1_EC0:1400af4ac24c,25e7b74fd7208cd542569f2bc9871358dcab9b95f9b86f53900f2c41ac0c7e8c,p0003,v2,aad1b8a2a825534eddf1e3b5e952ede46d3a6de761138cd1d40bf9c0e385cbe0,full,99e91ee5a24ca4ce220d739ca40d54d4e88d7cf6047bb2c40226cf1e973b867a,nsga2,51014ec09f7ad08b,4.281711643099891,4123.217991937008,-0.8755301794452136,4.7484684373020905,4294.295632817953,-0.7264957264957265,0.4667567942021993,171.07764088094518,0.14903445294948714,0.8528503938871883,0.7264957264957265,0.0,35.97514946407533,False,False,True,
S025,corridor,binding,102,1070001,1,PR1_HT1_EC0,No-EC,S025@corridor@binding:i102:nsga2:s1070001:r1:PR1_HT1_EC0:1400af4ac24c,25e7b74fd7208cd542569f2bc9871358dcab9b95f9b86f53900f2c41ac0c7e8c,p0004,v2,aad1b8a2a825534eddf1e3b5e952ede46d3a6de761138cd1d40bf9c0e385cbe0,full,99e91ee5a24ca4ce220d739ca40d54d4e88d7cf6047bb2c40226cf1e973b867a,nsga2,bd0f9cccf9ba143f,4.211523217373897,4285.524384253617,-0.8755301794451508,4.85163066150409,4185.63722400587,-0.6353591160220995,0.6401074441301926,-99.88716024774749,0.24017106342305128,0.8082286132293023,0.6353591160220995,0.0,70.02156810604248,True,False,True,
S025,corridor,binding,102,1070001,1,PR1_HT1_EC0,No-EC,S025@corridor@binding:i102:nsga2:s1070001:r1:PR1_HT1_EC0:1400af4ac24c,25e7b74fd7208cd542569f2bc9871358dcab9b95f9b86f53900f2c41ac0c7e8c,p0005,v2,aad1b8a2a825534eddf1e3b5e952ede46d3a6de761138cd1d40bf9c0e385cbe0,full,99e91ee5a24ca4ce220d739ca40d54d4e88d7cf6047bb2c40226cf1e973b867a,nsga2,ee73208bdaf3a193,5.190415718365358,3443.3471469871,-0.7853403141361257,5.583512703456266,3396.871425651227,-0.5235602094240838,0.3930969850909083,-46.475721335873004,0.26178010471204194,0.7111822361192024,0.5235602094240838,0.0,144.0679538410485,False,False,True,
S025,corridor,binding,102,1070001,1,PR1_HT1_EC0,No-EC,S025@corridor@binding:i102:nsga2:s1070001:r1:PR1_HT1_EC0:1400af4ac24c,25e7b74fd7208cd542569f2bc9871358dcab9b95f9b86f53900f2c41ac0c7e8c,p0006,v2,aad1b8a2a825534eddf1e3b5e952ede46d3a6de761138cd1d40bf9c0e385cbe0,full,99e91ee5a24ca4ce220d739ca40d54d4e88d7cf6047bb2c40226cf1e973b867a,nsga2,56c7ea36c95be9dc,5.184052788449702,3368.1875074483582,-0.7661290322580645,5.531657542155503,3495.600532621694,-0.5241935483870968,0.34760475370580046,127.41302517333588,0.24193548387096775,0.7306550579629789,0.5241935483870968,0.0,129.21019077424714,False,False,True,
S025,corridor,binding,102,1070001,1,PR1_HT1_EC0,No-EC,S025@corridor@binding:i102:nsga2:s1070001:r1:PR1_HT1_EC0:1400af4ac24c,25e7b74fd7208cd542569f2bc9871358dcab9b95f9b86f53900f2c41ac0c7e8c,p0007,v2,aad1b8a2a825534eddf1e3b5e952ede46d3a6de761138cd1d40bf9c0e385cbe0,full,99e91ee5a24ca4ce220d739ca40d54d4e88d7cf6047bb2c40226cf1e973b867a,nsga2,a680b37c687f8524,5.216153165520179,3357.544908812661,-0.6837606837606838,5.575515239335631,3396.805988995106,-0.4700854700854701,0.3593620738154515,39.26108018244486,0.2136752136752137,0.7143275190507407,0.4700854700854701,0.0,141.66810296428488,False,False,True,
S025,corridor,binding,102,1070001,1,PR1_HT1_EC0,No-EC,S025@corridor@binding:i102:nsga2:s1070001:r1:PR1_HT1_EC0:1400af4ac24c,25e7b74fd7208cd542569f2bc9871358dcab9b95f9b86f53900f2c41ac0c7e8c,p0008,v2,aad1b8a2a825534eddf1e3b5e952ede46d3a6de761138cd1d40bf9c0e385cbe0,full,99e91ee5a24ca4ce220d739ca40d54d4e88d7cf6047bb2c40226cf1e973b867a,nsga2,cdf56d71b340984c,5.264158824522969,3356.2954909501304,-0.6451612903225806,5.603854488800712,3503.789300025125,-0.3629032258064516,0.3396956642777429,147.49380907499472,0.282258064516129,0.6948629058872866,0.3629032258064516,0.0,156.51960280800034,False,False,True,
S025,corridor,binding,102,1070001,1,PR1_HT1_EC0,No-EC,S025@corridor@binding:i102:nsga2:s1070001:r1:PR1_HT1_EC0:1400af4ac24c,25e7b74fd7208cd542569f2bc9871358dcab9b95f9b86f53900f2c41ac0c7e8c,p0009,v2,aad1b8a2a825534eddf1e3b5e952ede46d3a6de761138cd1d40bf9c0e385cbe0,full,99e91ee5a24ca4ce220d739ca40d54d4e88d7cf6047bb2c40226cf1e973b867a,nsga2,68dbc11fcaaadb53,5.2798583583346925,3325.3417910280573,-0.6451612903225806,5.581099668662656,3529.638679657333,-0.4032258064516129,0.3012413103279634,204.2968886292756,0.24193548387096775,0.7028421744543416,0.4032258064516129,0.0,150.43142089133747,False,False,True,
S025,corridor,binding,102,1070001,1,PR1_HT1_EC0,No-EC,S025@corridor@binding:i102:nsga2:s1070001:r1:PR1_HT1_EC0:1400af4ac24c,25e7b74fd7208cd542569f2bc9871358dcab9b95f9b86f53900f2c41ac0c7e8c,p0010,v2,aad1b8a2a825534eddf1e3b5e952ede46d3a6de761138cd1d40bf9c0e385cbe0,full,99e91ee5a24ca4ce220d739ca40d54d4e88d7cf6047bb2c40226cf1e973b867a,nsga2,7a699c9ca4eb8a6d,5.2761100844332045,3327.600833758858,-0.6410256410256411,5.541478342786916,3443.9780920980866,-0.5555555555555556,0.26536825835371136,116.37725833922877,0.0854700854700855,0.7279528842481946,0.5555555555555556,0.0,131.27194931862758,False,False,True,
S025,corridor,binding,102,1070001,1,PR1_HT1_EC0,No-EC,S025@corridor@binding:i102:nsga2:s1070001:r1:PR1_HT1_EC0:1400af4ac24c,25e7b74fd7208cd542569f2bc9871358dcab9b95f9b86f53900f2c41ac0c7e8c,p0011,v2,aad1b8a2a825534eddf1e3b5e952ede46d3a6de761138cd1d40bf9c0e385cbe0,full,99e91ee5a24ca4ce220d739ca40d54d4e88d7cf6047bb2c40226cf1e973b867a,nsga2,63f4e0d9c6b04660,5.8403151566972875,3226.055394651502,-0.6282722513089005,6.310826383675572,2687.547475303247,-0.39267015706806285,0.4705112269782843,-538.5079193482547,0.23560209424083767,0.5759492865972669,0.39267015706806285,0.0,247.25069432628544,False,False,True,
S025,corridor,binding,102,1070001,1,PR1_HT1_EC0,No-EC,S025@corridor@binding:i102:nsga2:s1070001:r1:PR1_HT1_EC0:1400af4ac24c,25e7b74fd7208cd542569f2bc9871358dcab9b95f9b86f53900f2c41ac0c7e8c,p0012,v2,aad1b8a2a825534eddf1e3b5e952ede46d3a6de761138cd1d40bf9c0e385cbe0,full,99e91ee5a24ca4ce220d739ca40d54d4e88d7cf6047bb2c40226cf1e973b867a,nsga2,75346c41e0d3e54d,5.834563059641514,3139.9195874972784,-0.6048387096774194,6.326081623653134,2714.7655044691373,-0.28225806451612906,0.49151856401161975,-425.15408302814103,0.3225806451612903,0.5650096461433739,0.28225806451612906,0.0,255.59763999260565,False,False,True,
S025,corridor,binding,102,1070001,1,PR1_HT1_EC0,No-EC,S025@corridor@binding:i102:nsga2:s1070001:r1:PR1_HT1_EC0:1400af4ac24c,25e7b74fd7208cd542569f2bc9871358dcab9b95f9b86f53900f2c41ac0c7e8c,p0013,v2,aad1b8a2a825534eddf1e3b5e952ede46d3a6de761138cd1d40bf9c0e385cbe0,full,99e91ee5a24ca4ce220d739ca40d54d4e88d7cf6047bb2c40226cf1e973b867a,nsga2,13c33b747c1b3b10,5.868847354243383,3114.476355525128,-0.5645161290322581,6.31702502810476,2694.4171648248034,-0.24193548387096775,0.44817767386137763,-420.0591907003245,0.32258064516129037,0.5689804032299506,0.24193548387096775,0.0,252.56795233554772,False,False,True,
S025,corridor,binding,102,1070001,1,PR1_HT1_EC0,No-EC,S025@corridor@binding:i102:nsga2:s1070001:r1:PR1_HT1_EC0:1400af4ac24c,25e7b74fd7208cd542569f2bc9871358dcab9b95f9b86f53900f2c41ac0c7e8c,p0014,v2,aad1b8a2a825534eddf1e3b5e952ede46d3a6de761138cd1d40bf9c0e385cbe0,full,99e91ee5a24ca4ce220d739ca40d54d4e88d7cf6047bb2c40226cf1e973b867a,nsga2,7bcd0e6d38fa182a,5.847946284921231,3061.6156675894854,-0.5241935483870968,6.226908471636742,2675.1510965513753,-0.24193548387096775,0.3789621867155111,-386.4645710381101,0.282258064516129,0.5903309175417626,0.24193548387096775,0.0,236.27750991563505,False,False,True,
S025,corridor,binding,102,1070001,1,PR1_HT1_EC0,No-EC,S025@corridor@binding:i102:nsga2:s1070001:r1:PR1_HT1_EC0:1400af4ac24c,25e7b74fd7208cd542569f2bc9871358dcab9b95f9b86f53900f2c41ac0c7e8c,p0015,v2,aad1b8a2a825534eddf1e3b5e952ede46d3a6de761138cd1d40bf9c0e385cbe0,full,99e91ee5a24ca4ce220d739ca40d54d4e88d7cf6047bb2c40226cf1e973b867a,nsga2,b4209e76d878161b,6.128653478432058,2993.4659637434133,-0.4972375690607735,6.418646876350921,2775.282619867662,-0.35911602209944754,0.28999339791886225,-218.18334387575123,0.13812154696132595,0.550867442409804,0.35911602209944754,0.0,266.3881414413196,False,False,True,
S025,corridor,binding,102,1070001,1,PR1_HT1_EC0,No-EC,S025@corridor@binding:i102:nsga2:s1070001:r1:PR1_HT1_EC0:1400af4ac24c,25e7b74fd7208cd542569f2bc9871358dcab9b95f9b86f53900f2c41ac0c7e8c,p0016,v2,aad1b8a2a825534eddf1e3b5e952ede46d3a6de761138cd1d40bf9c0e385cbe0,full,99e91ee5a24ca4ce220d739ca40d54d4e88d7cf6047bb2c40226cf1e973b867a,nsga2,b9f2d7dbdda60827,6.247220754374321,2931.955255342588,-0.4712041884816754,6.409856445972549,2791.9418086587984,-0.3403141361256545,0.16263569159822833,-140.01344668378943,0.13089005235602091,0.5560631675380632,0.3403141361256545,0.0,262.42380316845777,False,False,True,
S025,corridor,binding,102,1070001,1,PR1_HT1_EC0,No-EC,S025@corridor@binding:i102:nsga2:s1070001:r1:PR1_HT1_EC0:1400af4ac24c,25e7b74fd7208cd542569f2bc9871358dcab9b95f9b86f53900f2c41ac0c7e8c,p0017,v2,aad1b8a2a825534eddf1e3b5e952ede46d3a6de761138cd1d40bf9c0e385cbe0,full,99e91ee5a24ca4ce220d739ca40d54d4e88d7cf6047bb2c40226cf1e973b867a,nsga2,3e9a264020cd83b1,6.216235048083722,2944.652329376695,-0.4712041884816754,6.419680630181394,2782.7002737143916,-0.36649214659685864,0.20344558209767172,-161.95205566230334,0.10471204188481675,0.5523780038400019,0.36649214659685864,0.0,265.2355830700785,False,False,True,
S025,corridor,binding,102,1070001,1,PR1_HT1_EC0,No-EC,S025@corridor@binding:i102:nsga2:s1070001:r1:PR1_HT1_EC0:1400af4ac24c,25e7b74fd7208cd542569f2bc9871358dcab9b95f9b86f53900f2c41ac0c7e8c,p0018,v2,aad1b8a2a825534eddf1e3b5e952ede46d3a6de761138cd1d40bf9c0e385cbe0,full,99e91ee5a24ca4ce220d739ca40d54d4e88d7cf6047bb2c40226cf1e973b867a,nsga2,bdfc20842f4f102a,6.15490016541864,2897.3547614739614,-0.4435483870967742,6.395551618986221,2790.4282720264973,-0.3629032258064516,0.24065145356758055,-106.92648944746406,0.08064516129032256,0.5647904303812538,0.3629032258064516,0.0,255.7649016191034,False,False,True,
S025,corridor,binding,102,1070001,1,PR1_HT1_EC0,No-EC,S025@corridor@binding:i102:nsga2:s1070001:r1:PR1_HT1_EC0:1400af4ac24c,25e7b74fd7208cd542569f2bc9871358dcab9b95f9b86f53900f2c41ac0c7e8c,p0019,v2,aad1b8a2a825534eddf1e3b5e952ede46d3a6de761138cd1d40bf9c0e385cbe0,full,99e91ee5a24ca4ce220d739ca40d54d4e88d7cf6047bb2c40226cf1e973b867a,nsga2,f99d07a57bdb0540,6.136650285928104,2926.576544613943,-0.42735042735042733,6.387889870086725,2876.0753602380737,-0.21367521367521367,0.251239584158621,-50.50118437586934,0.21367521367521367,0.5536488938823034,0.21367521367521367,0.0,264.2658939678024,False,False,True,
S025,corridor,binding,102,1070001,1,PR1_HT1_EC0,No-EC,S025@corridor@binding:i102:nsga2:s1070001:r1:PR1_HT1_EC0:1400af4ac24c,25e7b74fd7208cd542569f2bc9871358dcab9b95f9b86f53900f2c41ac0c7e8c,p0020,v2,aad1b8a2a825534eddf1e3b5e952ede46d3a6de761138cd1d40bf9c0e385cbe0,full,99e91ee5a24ca4ce220d739ca40d54d4e88d7cf6047bb2c40226cf1e973b867a,nsga2,67c129f44e9dac6c,6.546729394708111,2447.0287695366123,-0.4143646408839779,6.7146599886679805,2187.732619967241,-0.22099447513812154,0.16793059395986987,-259.2961495693712,0.19337016574585636,0.4750183062629288,0.22099447513812154,0.0,324.2610323213854,False,False,True,
S025,corridor,binding,102,1070001,1,PR1_HT1_EC0,No-EC,S025@corridor@binding:i102:nsga2:s1070001:r1:PR1_HT1_EC0:1400af4ac24c,25e7b74fd7208cd542569f2bc9871358dcab9b95f9b86f53900f2c41ac0c7e8c,p0021,v2,aad1b8a2a825534eddf1e3b5e952ede46d3a6de761138cd1d40bf9c0e385cbe0,full,99e91ee5a24ca4ce220d739ca40d54d4e88d7cf6047bb2c40226cf1e973b867a,nsga2,0a2d7a21f5486e3a,6.183605873666641,2867.7653213926164,-0.4032258064516129,6.417852056365573,2893.8762607008894,-0.20161290322580644,0.23424618269893216,26.11093930827292,0.20161290322580644,0.541030192651458,0.20161290322580644,0.0,273.89396300693744,False,False,True,
S025,corridor,binding,102,1070001,1,PR1_HT1_EC0,No-EC,S025@corridor@binding:i102:nsga2:s1070001:r1:PR1_HT1_EC0:1400af4ac24c,25e7b74fd7208cd542569f2bc9871358dcab9b95f9b86f53900f2c41ac0c7e8c,p0022,v2,aad1b8a2a825534eddf1e3b5e952ede46d3a6de761138cd1d40bf9c0e385cbe0,full,99e91ee5a24ca4ce220d739ca40d54d4e88d7cf6047bb2c40226cf1e973b867a,nsga2,f009f7463f4e5a23,6.495353181775114,2274.6466123349187,-0.38461538461538464,6.646359508120542,2261.844421453112,-0.17094017094017094,0.15100632634542865,-12.802190881806837,0.2136752136752137,0.5016307647263513,0.17094017094017094,0.0,303.95572651379393,False,False,True,
S025,corridor,binding,102,1070001,1,PR1_HT1_EC0,No-EC,S025@corridor@binding:i102:nsga2:s1070001:r1:PR1_HT1_EC0:1400af4ac24c,25e7b74fd7208cd542569f2bc9871358dcab9b95f9b86f53900f2c41ac0c7e8c,p0023,v2,aad1b8a2a825534eddf1e3b5e952ede46d3a6de761138cd1d40bf9c0e385cbe0,full,99e91ee5a24ca4ce220d739ca40d54d4e88d7cf6047bb2c40226cf1e973b867a,nsga2,0232da29c8e9d835,6.509870318094218,2273.5170909695184,-0.3629032258064516,6.618546081879362,2280.327491341925,-0.24193548387096775,0.10867576378514432,6.810400372406548,0.12096774193548387,0.5190741938149519,0.24193548387096775,0.0,290.6463901191917,False,False,True,
S025,corridor,binding,102,1070001,1,PR1_HT1_EC0,No-EC,S025@corridor@binding:i102:nsga2:s1070001:r1:PR1_HT1_EC0:1400af4ac24c,25e7b74fd7208cd542569f2bc9871358dcab9b95f9b86f53900f2c41ac0c7e8c,p0024,v2,aad1b8a2a825534eddf1e3b5e952ede46d3a6de761138cd1d40bf9c0e385cbe0,full,99e91ee5a24ca4ce220d739ca40d54d4e88d7cf6047bb2c40226cf1e973b867a,nsga2,02d43bf1955eec34,6.774338475453999,1925.1205225275542,-0.31413612565445026,6.859679211255122,2054.7562539491364,-0.15706806282722513,0.08534073580112267,129.63573142158225,0.15706806282722513,0.42916554496227044,0.15706806282722513,0.0,359.24668919378763,False,False,True,
S025,corridor,binding,102,1070001,1,PR1_HT1_EC0,No-EC,S025@corridor@binding:i102:nsga2:s1070001:r1:PR1_HT1_EC0:1400af4ac24c,25e7b74fd7208cd542569f2bc9871358dcab9b95f9b86f53900f2c41ac0c7e8c,p0025,v2,aad1b8a2a825534eddf1e3b5e952ede46d3a6de761138cd1d40bf9c0e385cbe0,full,99e91ee5a24ca4ce220d739ca40d54d4e88d7cf6047bb2c40226cf1e973b867a,nsga2,a31fca247f634a58,6.770896936374542,1905.7958260844514,-0.28225806451612906,6.841664932750385,2097.824157526248,-0.08064516129032258,0.07076799637584319,192.0283314417968,0.2016129032258065,0.4396458280078212,0.08064516129032258,0.0,351.25023323003245,False,False,True,
S025,corridor,binding,102,1070001,1,PR1_HT1_EC0,No-EC,S025@corridor@binding:i102:nsga2:s1070001:r1:PR1_HT1_EC0:1400af4ac24c,25e7b74fd7208cd542569f2bc9871358dcab9b95f9b86f53900f2c41ac0c7e8c,p0026,v2,aad1b8a2a825534eddf1e3b5e952ede46d3a6de761138cd1d40bf9c0e385cbe0,full,99e91ee5a24ca4ce220d739ca40d54d4e88d7cf6047bb2c40226cf1e973b867a,nsga2,fa50b1a3cd5344de,6.933130450588063,1888.7934179680049,-0.27624309392265195,7.023686959945225,1803.8577937622367,-0.08287292817679558,0.09055650935716208,-84.93562420576814,0.19337016574585636,0.36556955233454913,0.08287292817679558,0.0,407.770431568739,False,False,True,
S025,corridor,binding,102,1070001,1,PR1_HT1_EC0,No-EC,S025@corridor@binding:i102:nsga2:s1070001:r1:PR1_HT1_EC0:1400af4ac24c,25e7b74fd7208cd542569f2bc9871358dcab9b95f9b86f53900f2c41ac0c7e8c,p0027,v2,aad1b8a2a825534eddf1e3b5e952ede46d3a6de761138cd1d40bf9c0e385cbe0,full,99e91ee5a24ca4ce220d739ca40d54d4e88d7cf6047bb2c40226cf1e973b867a,nsga2,d95edc2d49aa2bad,6.784855669744627,1876.6271992802517,-0.2617801047120419,6.829749208759335,2015.5355104814155,-0.18324607329842932,0.044893539014707606,138.90831120116377,0.07853403141361257,0.44501471525573527,0.18324607329842932,0.0,347.153772259874,False,False,True,
S025,corridor,binding,102,1070001,1,PR1_HT1_EC0,No-EC,S025@corridor@binding:i102:nsga2:s1070001:r1:PR1_HT1_EC0:1400af4ac24c,25e7b74fd7208cd542569f2bc9871358dcab9b95f9b86f53900f2c41ac0c7e8c,p0028,v2,aad1b8a2a825534eddf1e3b5e952ede46d3a6de761138cd1d40bf9c0e385cbe0,full,99e91ee5a24ca4ce220d739ca40d54d4e88d7cf6047bb2c40226cf1e973b867a,nsga2,a87232fb5a08a4a0,6.766003359969503,1898.3925205937005,-0.2564102564102564,6.843927617465069,2062.870277861359,-0.08547008547008547,0.07792425749556653,164.47775726765872,0.17094017094017092,0.442169762657298,0.08547008547008547,0.0,349.32447109248164,False,False,True,
S025,corridor,binding,102,1070001,1,PR1_HT1_EC0,No-EC,S025@corridor@binding:i102:nsga2:s1070001:r1:PR1_HT1_EC0:1400af4ac24c,25e7b74fd7208cd542569f2bc9871358dcab9b95f9b86f53900f2c41ac0c7e8c,p0029,v2,aad1b8a2a825534eddf1e3b5e952ede46d3a6de761138cd1d40bf9c0e385cbe0,full,99e91ee5a24ca4ce220d739ca40d54d4e88d7cf6047bb2c40226cf1e973b867a,nsga2,0acd55e6b6ac3ed4,6.762755129787318,1877.756720645652,-0.24193548387096775,6.840259819540366,2083.635377019271,-0.08064516129032258,0.0775046897530478,205.87865637361892,0.16129032258064518,0.4400131741816184,0.08064516129032258,0.0,350.96994809942515,False,False,True,
S025,corridor,binding,102,1070001,1,PR1_HT1_EC0,No-EC,S025@corridor@binding:i102:nsga2:s1070001:r1:PR1_HT1_EC0:1400af4ac24c,25e7b74fd7208cd542569f2bc9871358dcab9b95f9b86f53900f2c41ac0c7e8c,p0030,v2,aad1b8a2a825534eddf1e3b5e952ede46d3a6de761138cd1d40bf9c0e385cbe0,full,99e91ee5a24ca4ce220d739ca40d54d4e88d7cf6047bb2c40226cf1e973b867a,nsga2,db571e707b2bec5c,6.9397489097892135,1862.7277069597153,-0.22099447513812154,7.022538855608649,1780.2602909587931,-0.08287292817679558,0.08278994581943522,-82.46741600092219,0.13812154696132595,0.36604417537141826,0.08287292817679558,0.0,407.40829419160787,False,False,True,
S025,corridor,binding,102,1070001,1,PR1_HT1_EC0,No-EC,S025@corridor@binding:i102:nsga2:s1070001:r1:PR1_HT1_EC0:1400af4ac24c,25e7b74fd7208cd542569f2bc9871358dcab9b95f9b86f53900f2c41ac0c7e8c,p0031,v2,aad1b8a2a825534eddf1e3b5e952ede46d3a6de761138cd1d40bf9c0e385cbe0,full,99e91ee5a24ca4ce220d739ca40d54d4e88d7cf6047bb2c40226cf1e973b867a,nsga2,7de2253c853c8d9b,6.773533906523888,1876.6271992802517,-0.21367521367521367,6.833049675160625,2055.910772186051,-0.08547008547008547,0.05951576863673669,179.28357290579925,0.1282051282051282,0.44506029243324335,0.08547008547008547,0.0,347.1189968734354,False,False,True,
S025,corridor,binding,102,1070001,1,PR1_HT1_EC0,No-EC,S025@corridor@binding:i102:nsga2:s1070001:r1:PR1_HT1_EC0:1400af4ac24c,25e7b74fd7208cd542569f2bc9871358dcab9b95f9b86f53900f2c41ac0c7e8c,p0032,v2,aad1b8a2a825534eddf1e3b5e952ede46d3a6de761138cd1d40bf9c0e385cbe0,full,99e91ee5a24ca4ce220d739ca40d54d4e88d7cf6047bb2c40226cf1e973b867a,nsga2,cec1c6b40ffc1b5b,7.0641065408932615,1658.6280963464533,-0.17094017094017094,7.156094435620036,1306.3997556321615,-0.0,0.09198789472677493,-352.2283407142918,0.17094017094017094,0.30698988067581134,0.0,0.16666666666666666,452.46672104435606,False,False,True,
S025,corridor,binding,102,1070001,1,PR1_HT1_EC0,No-EC,S025@corridor@binding:i102:nsga2:s1070001:r1:PR1_HT1_EC0:1400af4ac24c,25e7b74fd7208cd542569f2bc9871358dcab9b95f9b86f53900f2c41ac0c7e8c,p0033,v2,aad1b8a2a825534eddf1e3b5e952ede46d3a6de761138cd1d40bf9c0e385cbe0,full,99e91ee5a24ca4ce220d739ca40d54d4e88d7cf6047bb2c40226cf1e973b867a,nsga2,42a31adb5690637c,6.959342770378365,1839.8017670963472,-0.16574585635359115,7.023686959945225,1775.1458580441622,-0.08287292817679558,0.06434418956686017,-64.65590905218505,0.08287292817679558,0.36556955233454913,0.08287292817679558,0.0,407.770431568739,False,False,True,
S025,corridor,binding,102,1070001,1,PR1_HT1_EC0,No-EC,S025@corridor@binding:i102:nsga2:s1070001:r1:PR1_HT1_EC0:1400af4ac24c,25e7b74fd7208cd542569f2bc9871358dcab9b95f9b86f53900f2c41ac0c7e8c,p0034,v2,aad1b8a2a825534eddf1e3b5e952ede46d3a6de761138cd1d40bf9c0e385cbe0,full,99e91ee5a24ca4ce220d739ca40d54d4e88d7cf6047bb2c40226cf1e973b867a,nsga2,8978aa70b18b31e4,7.060177773835461,1564.5634409487348,-0.16129032258064516,7.158402089004499,1334.1987818104774,-0.0,0.09822431516903762,-230.36465913825737,0.16129032258064516,0.30511909928784864,0.0,0.16666666666666666,453.8941272433715,False,False,True,
S025,corridor,binding,102,1070001,1,PR1_HT1_EC0,No-EC,S025@corridor@binding:i102:nsga2:s1070001:r1:PR1_HT1_EC0:1400af4ac24c,25e7b74fd7208cd542569f2bc9871358dcab9b95f9b86f53900f2c41ac0c7e8c,p0035,v2,aad1b8a2a825534eddf1e3b5e952ede46d3a6de761138cd1d40bf9c0e385cbe0,full,99e91ee5a24ca4ce220d739ca40d54d4e88d7cf6047bb2c40226cf1e973b867a,nsga2,c3c5676ac1515c73,7.085193892201905,1562.9045471238046,-0.10471204188481675,7.177976156194558,1278.2688169265123,-0.0,0.09278226399265321,-284.63573019729233,0.10471204188481675,0.2867423321861644,0.0,0.16666666666666666,467.91560054195656,False,False,True,
S025,corridor,binding,102,1070001,1,PR1_HT1_EC0,No-EC,S025@corridor@binding:i102:nsga2:s1070001:r1:PR1_HT1_EC0:1400af4ac24c,25e7b74fd7208cd542569f2bc9871358dcab9b95f9b86f53900f2c41ac0c7e8c,p0036,v2,aad1b8a2a825534eddf1e3b5e952ede46d3a6de761138cd1d40bf9c0e385cbe0,full,99e91ee5a24ca4ce220d739ca40d54d4e88d7cf6047bb2c40226cf1e973b867a,nsga2,fdb278878143a63e,6.965338827456287,1829.933383125022,-0.08547008547008547,7.01931354304412,1754.4932785843584,-0.042735042735042736,0.05397471558783362,-75.44010454066347,0.042735042735042736,0.37250861228200777,0.042735042735042736,0.0,402.47592882882805,False,False,True,
S025,corridor,binding,102,1070001,1,PR1_HT1_EC0,No-EC,S025@corridor@binding:i102:nsga2:s1070001:r1:PR1_HT1_EC0:1400af4ac24c,25e7b74fd7208cd542569f2bc9871358dcab9b95f9b86f53900f2c41ac0c7e8c,p0037,v2,aad1b8a2a825534eddf1e3b5e952ede46d3a6de761138cd1d40bf9c0e385cbe0,full,99e91ee5a24ca4ce220d739ca40d54d4e88d7cf6047bb2c40226cf1e973b867a,nsga2,6fbbec013d74fc9a,7.299694189603029,497.23063206382767,-0.0,7.299694189603029,749.6692054178475,-0.0,0.0,252.4385733540198,0.0,0.19659239842719517,0.0,0.6666666666666666,536.7000000000501,False,False,True,
S025,corridor,binding,102,1070001,1,PR1_HT1_EC0,No-EC,S025@corridor@binding:i102:nsga2:s1070001:r1:PR1_HT1_EC0:1400af4ac24c,25e7b74fd7208cd542569f2bc9871358dcab9b95f9b86f53900f2c41ac0c7e8c,p0038,v2,aad1b8a2a825534eddf1e3b5e952ede46d3a6de761138cd1d40bf9c0e385cbe0,full,99e91ee5a24ca4ce220d739ca40d54d4e88d7cf6047bb2c40226cf1e973b867a,nsga2,65f0b1fc6acbe4d2,7.273481869812727,744.1091496740238,-0.0,7.273481869812727,996.5477230280436,-0.0,0.0,252.4385733540198,0.0,0.22280471821749662,0.0,0.5,516.7000000000501,False,False,True,
S025,corridor,binding,102,1070001,1,PR1_HT1_EC0,No-EC,S025@corridor@binding:i102:nsga2:s1070001:r1:PR1_HT1_EC0:1400af4ac24c,25e7b74fd7208cd542569f2bc9871358dcab9b95f9b86f53900f2c41ac0c7e8c,p0039,v2,aad1b8a2a825534eddf1e3b5e952ede46d3a6de761138cd1d40bf9c0e385cbe0,full,99e91ee5a24ca4ce220d739ca40d54d4e88d7cf6047bb2c40226cf1e973b867a,nsga2,795bd1418d862de7,7.239198464605875,871.4012635347137,-0.0,7.24575154455345,1096.1988184947327,-0.0,0.006553079947575036,224.79755496001894,0.0,0.25053504347677386,0.0,0.3333333333333333,495.54176182722153,False,False,True,
S025,corridor,binding,102,1070001,1,PR1_HT1_EC0,No-EC,S025@corridor@binding:i102:nsga2:s1070001:r1:PR1_HT1_EC0:1400af4ac24c,25e7b74fd7208cd542569f2bc9871358dcab9b95f9b86f53900f2c41ac0c7e8c,p0040,v2,aad1b8a2a825534eddf1e3b5e952ede46d3a6de761138cd1d40bf9c0e385cbe0,full,99e91ee5a24ca4ce220d739ca40d54d4e88d7cf6047bb2c40226cf1e973b867a,nsga2,22e56564b13fe6c0,7.234783420530259,927.9534440252401,-0.0,7.241336500477835,1137.3813842460668,-0.0,0.006553079947575924,209.4279402208267,0.0,0.2549500875523896,0.0,0.3333333333333333,492.1730831975267,False,False,True,
S025,corridor,binding,102,1070001,1,PR1_HT1_EC0,No-EC,S025@corridor@binding:i102:nsga2:s1070001:r1:PR1_HT1_EC0:1400af4ac24c,25e7b74fd7208cd542569f2bc9871358dcab9b95f9b86f53900f2c41ac0c7e8c,p0041,v2,aad1b8a2a825534eddf1e3b5e952ede46d3a6de761138cd1d40bf9c0e385cbe0,full,99e91ee5a24ca4ce220d739ca40d54d4e88d7cf6047bb2c40226cf1e973b867a,nsga2,951aeff294510a56,7.246970225000428,868.0126994385129,-0.0,7.253523304948004,1068.053400384368,-0.0,0.006553079947575924,200.04070094585506,0.0,0.24276328308222003,0.0,0.3333333333333333,501.4716150082661,False,False,True,
S025,corridor,binding,102,1070001,1,PR1_HT1_EC0,No-EC,S025@corridor@binding:i102:nsga2:s1070001:r1:PR1_HT1_EC0:1400af4ac24c,25e7b74fd7208cd542569f2bc9871358dcab9b95f9b86f53900f2c41ac0c7e8c,p0042,v2,aad1b8a2a825534eddf1e3b5e952ede46d3a6de761138cd1d40bf9c0e385cbe0,full,99e91ee5a24ca4ce220d739ca40d54d4e88d7cf6047bb2c40226cf1e973b867a,nsga2,eda5f50914e3d853,7.235980720618634,893.8221366006355,-0.0,7.241336500477835,1118.6196915606545,-0.0,0.005355779859200993,224.79755496001894,0.0,0.2549500875523896,0.0,0.3333333333333333,492.1730831975267,False,False,True,
S025,corridor,binding,102,1070001,1,PR1_HT1_EC1,Full,S025@corridor@binding:i102:nsga2:s1070001:r1:PR1_HT1_EC1:4bf2708ae859,25e7b74fd7208cd542569f2bc9871358dcab9b95f9b86f53900f2c41ac0c7e8c,p0001,v2,99e91ee5a24ca4ce220d739ca40d54d4e88d7cf6047bb2c40226cf1e973b867a,full,99e91ee5a24ca4ce220d739ca40d54d4e88d7cf6047bb2c40226cf1e973b867a,nsga2,f887ecb5eae402f6,4.568214100407843,4307.993124762185,-0.8638743455497382,4.568214100407843,4307.993124762185,-0.8638743455497382,0.0,0.0,0.0,0.8970822224453796,0.8638743455497382,0.0,2.2262642741754632,True,True,True,
S025,corridor,binding,102,1070001,1,PR1_HT1_EC1,Full,S025@corridor@binding:i102:nsga2:s1070001:r1:PR1_HT1_EC1:4bf2708ae859,25e7b74fd7208cd542569f2bc9871358dcab9b95f9b86f53900f2c41ac0c7e8c,p0002,v2,99e91ee5a24ca4ce220d739ca40d54d4e88d7cf6047bb2c40226cf1e973b867a,full,99e91ee5a24ca4ce220d739ca40d54d4e88d7cf6047bb2c40226cf1e973b867a,nsga2,6e52cef6d7cd2a0b,4.6399876922545555,4291.815698551742,-0.7853403141361257,4.6399876922545555,4291.815698551742,-0.7853403141361257,0.0,0.0,0.0,0.8774229826026985,0.7853403141361257,0.0,17.226264274141272,False,True,True,
S025,corridor,binding,102,1070001,1,PR1_HT1_EC1,Full,S025@corridor@binding:i102:nsga2:s1070001:r1:PR1_HT1_EC1:4bf2708ae859,25e7b74fd7208cd542569f2bc9871358dcab9b95f9b86f53900f2c41ac0c7e8c,p0003,v2,99e91ee5a24ca4ce220d739ca40d54d4e88d7cf6047bb2c40226cf1e973b867a,full,99e91ee5a24ca4ce220d739ca40d54d4e88d7cf6047bb2c40226cf1e973b867a,nsga2,323748ee62db5af2,4.691077308220082,4231.550859194607,-0.7458563535911602,4.691077308220082,4231.550859194607,-0.7458563535911602,0.0,0.0,0.0,0.8629815183832368,0.7458563535911602,0.0,28.245101473590438,False,True,True,
S025,corridor,binding,102,1070001,1,PR1_HT1_EC1,Full,S025@corridor@binding:i102:nsga2:s1070001:r1:PR1_HT1_EC1:4bf2708ae859,25e7b74fd7208cd542569f2bc9871358dcab9b95f9b86f53900f2c41ac0c7e8c,p0004,v2,99e91ee5a24ca4ce220d739ca40d54d4e88d7cf6047bb2c40226cf1e973b867a,full,99e91ee5a24ca4ce220d739ca40d54d4e88d7cf6047bb2c40226cf1e973b867a,nsga2,c0ba0464b7afbe2c,4.759626245274281,4228.000353835713,-0.7329842931937173,4.759626245274281,4228.000353835713,-0.7329842931937173,0.0,0.0,0.0,0.8443129357656123,0.7329842931937173,0.0,42.48923001083794,False,True,True,
S025,corridor,binding,102,1070001,1,PR1_HT1_EC1,Full,S025@corridor@binding:i102:nsga2:s1070001:r1:PR1_HT1_EC1:4bf2708ae859,25e7b74fd7208cd542569f2bc9871358dcab9b95f9b86f53900f2c41ac0c7e8c,p0005,v2,99e91ee5a24ca4ce220d739ca40d54d4e88d7cf6047bb2c40226cf1e973b867a,full,99e91ee5a24ca4ce220d739ca40d54d4e88d7cf6047bb2c40226cf1e973b867a,nsga2,9cff0660a7e42203,4.690150580698733,4266.184628446603,-0.7182320441988951,4.690150580698733,4266.184628446603,-0.7182320441988951,0.0,0.0,0.0,0.8624101954370214,0.7182320441988951,0.0,28.68102088155281,False,True,True,
S025,corridor,binding,102,1070001,1,PR1_HT1_EC1,Full,S025@corridor@binding:i102:nsga2:s1070001:r1:PR1_HT1_EC1:4bf2708ae859,25e7b74fd7208cd542569f2bc9871358dcab9b95f9b86f53900f2c41ac0c7e8c,p0006,v2,99e91ee5a24ca4ce220d739ca40d54d4e88d7cf6047bb2c40226cf1e973b867a,full,99e91ee5a24ca4ce220d739ca40d54d4e88d7cf6047bb2c40226cf1e973b867a,nsga2,cd26c3afda11ae50,4.691195850151421,4230.398541037006,-0.7068062827225131,4.691195850151421,4230.398541037006,-0.7068062827225131,0.0,0.0,0.0,0.8548965759283711,0.7068062827225131,0.0,34.413912566652996,False,True,True,
S025,corridor,binding,102,1070001,1,PR1_HT1_EC1,Full,S025@corridor@binding:i102:nsga2:s1070001:r1:PR1_HT1_EC1:4bf2708ae859,25e7b74fd7208cd542569f2bc9871358dcab9b95f9b86f53900f2c41ac0c7e8c,p0007,v2,99e91ee5a24ca4ce220d739ca40d54d4e88d7cf6047bb2c40226cf1e973b867a,full,99e91ee5a24ca4ce220d739ca40d54d4e88d7cf6047bb2c40226cf1e973b867a,nsga2,fe0d38d223b1662a,4.760274518653501,4178.938681960503,-0.6837606837606838,4.760274518653501,4178.938681960503,-0.6837606837606838,0.0,0.0,0.0,0.8432927814494566,0.6837606837606838,0.0,43.267607754064514,False,True,True,
S025,corridor,binding,102,1070001,1,PR1_HT1_EC1,Full,S025@corridor@binding:i102:nsga2:s1070001:r1:PR1_HT1_EC1:4bf2708ae859,25e7b74fd7208cd542569f2bc9871358dcab9b95f9b86f53900f2c41ac0c7e8c,p0008,v2,99e91ee5a24ca4ce220d739ca40d54d4e88d7cf6047bb2c40226cf1e973b867a,full,99e91ee5a24ca4ce220d739ca40d54d4e88d7cf6047bb2c40226cf1e973b867a,nsga2,4bcc4720b8f82c32,4.810449771640183,4176.292457250718,-0.6629834254143646,4.810449771640183,4176.292457250718,-0.6629834254143646,0.0,0.0,0.0,0.828352420631188,0.6629834254143646,0.0,54.66710305840374,False,True,True,
S025,corridor,binding,102,1070001,1,PR1_HT1_EC1,Full,S025@corridor@binding:i102:nsga2:s1070001:r1:PR1_HT1_EC1:4bf2708ae859,25e7b74fd7208cd542569f2bc9871358dcab9b95f9b86f53900f2c41ac0c7e8c,p0009,v2,99e91ee5a24ca4ce220d739ca40d54d4e88d7cf6047bb2c40226cf1e973b867a,full,99e91ee5a24ca4ce220d739ca40d54d4e88d7cf6047bb2c40226cf1e973b867a,nsga2,69c54243450f6fc0,5.507755695849084,3383.192229877503,-0.6020942408376964,5.507755695849084,3383.192229877503,-0.6020942408376964,0.0,0.0,0.0,0.7350446732336428,0.6020942408376964,0.0,125.86091432273076,False,True,True,
S025,corridor,binding,102,1070001,1,PR1_HT1_EC1,Full,S025@corridor@binding:i102:nsga2:s1070001:r1:PR1_HT1_EC1:4bf2708ae859,25e7b74fd7208cd542569f2bc9871358dcab9b95f9b86f53900f2c41ac0c7e8c,p0010,v2,99e91ee5a24ca4ce220d739ca40d54d4e88d7cf6047bb2c40226cf1e973b867a,full,99e91ee5a24ca4ce220d739ca40d54d4e88d7cf6047bb2c40226cf1e973b867a,nsga2,63fe538b7d288bb5,5.495723701273963,3399.298500647605,-0.6020942408376964,5.495723701273963,3399.298500647605,-0.6020942408376964,0.0,0.0,0.0,0.73911796006842,0.6020942408376964,0.0,122.75299646779564,False,True,True,
S025,corridor,binding,102,1070001,1,PR1_HT1_EC1,Full,S025@corridor@binding:i102:nsga2:s1070001:r1:PR1_HT1_EC1:4bf2708ae859,25e7b74fd7208cd542569f2bc9871358dcab9b95f9b86f53900f2c41ac0c7e8c,p0011,v2,99e91ee5a24ca4ce220d739ca40d54d4e88d7cf6047bb2c40226cf1e973b867a,full,99e91ee5a24ca4ce220d739ca40d54d4e88d7cf6047bb2c40226cf1e973b867a,nsga2,ba55f7e84f960218,6.343514240091235,2692.06788197326,-0.418848167539267,6.343514240091235,2692.06788197326,-0.418848167539267,0.0,0.0,0.0,0.5828370065800209,0.418848167539267,0.0,241.99536397944416,False,True,True,
S025,corridor,binding,102,1070001,1,PR1_HT1_EC1,Full,S025@corridor@binding:i102:nsga2:s1070001:r1:PR1_HT1_EC1:4bf2708ae859,25e7b74fd7208cd542569f2bc9871358dcab9b95f9b86f53900f2c41ac0c7e8c,p0012,v2,99e91ee5a24ca4ce220d739ca40d54d4e88d7cf6047bb2c40226cf1e973b867a,full,99e91ee5a24ca4ce220d739ca40d54d4e88d7cf6047bb2c40226cf1e973b867a,nsga2,3ecc2428f799507a,6.3258937395838615,2662.54663187527,-0.39267015706806285,6.3258937395838615,2662.54663187527,-0.39267015706806285,0.0,0.0,0.0,0.5800381271786307,0.39267015706806285,0.0,244.1309089627049,False,True,True,
S025,corridor,binding,102,1070001,1,PR1_HT1_EC1,Full,S025@corridor@binding:i102:nsga2:s1070001:r1:PR1_HT1_EC1:4bf2708ae859,25e7b74fd7208cd542569f2bc9871358dcab9b95f9b86f53900f2c41ac0c7e8c,p0013,v2,99e91ee5a24ca4ce220d739ca40d54d4e88d7cf6047bb2c40226cf1e973b867a,full,99e91ee5a24ca4ce220d739ca40d54d4e88d7cf6047bb2c40226cf1e973b867a,nsga2,c7b9e9602ac88c3d,6.310389511679071,2685.979147405967,-0.39267015706806285,6.310389511679071,2685.979147405967,-0.39267015706806285,0.0,0.0,0.0,0.575949286597267,0.39267015706806285,0.0,247.25069432628544,False,True,True,
S025,corridor,binding,102,1070001,1,PR1_HT1_EC1,Full,S025@corridor@binding:i102:nsga2:s1070001:r1:PR1_HT1_EC1:4bf2708ae859,25e7b74fd7208cd542569f2bc9871358dcab9b95f9b86f53900f2c41ac0c7e8c,p0014,v2,99e91ee5a24ca4ce220d739ca40d54d4e88d7cf6047bb2c40226cf1e973b867a,full,99e91ee5a24ca4ce220d739ca40d54d4e88d7cf6047bb2c40226cf1e973b867a,nsga2,af7bda45d1ae26c5,6.295273769029534,2604.8273503637674,-0.36649214659685864,6.295273769029534,2604.8273503637674,-0.36649214659685864,0.0,0.0,0.0,0.580014241348041,0.36649214659685864,0.0,244.14913385144473,False,True,True,
S025,corridor,binding,102,1070001,1,PR1_HT1_EC1,Full,S025@corridor@binding:i102:nsga2:s1070001:r1:PR1_HT1_EC1:4bf2708ae859,25e7b74fd7208cd542569f2bc9871358dcab9b95f9b86f53900f2c41ac0c7e8c,p0015,v2,99e91ee5a24ca4ce220d739ca40d54d4e88d7cf6047bb2c40226cf1e973b867a,full,99e91ee5a24ca4ce220d739ca40d54d4e88d7cf6047bb2c40226cf1e973b867a,nsga2,72f4a7180b9b3add,6.254166654824829,2669.4849458875774,-0.3629032258064516,6.254166654824829,2669.4849458875774,-0.3629032258064516,0.0,0.0,0.0,0.5972063837246017,0.3629032258064516,0.0,231.03152921812904,False,True,True,
S025,corridor,binding,102,1070001,1,PR1_HT1_EC1,Full,S025@corridor@binding:i102:nsga2:s1070001:r1:PR1_HT1_EC1:4bf2708ae859,25e7b74fd7208cd542569f2bc9871358dcab9b95f9b86f53900f2c41ac0c7e8c,p0016,v2,99e91ee5a24ca4ce220d739ca40d54d4e88d7cf6047bb2c40226cf1e973b867a,full,99e91ee5a24ca4ce220d739ca40d54d4e88d7cf6047bb2c40226cf1e973b867a,nsga2,47521b05d1e1b538,6.233799735935259,2637.152483807057,-0.35911602209944754,6.233799735935259,2637.152483807057,-0.35911602209944754,0.0,0.0,0.0,0.5927112506615321,0.35911602209944754,0.0,234.4613157452511,False,True,True,
S025,corridor,binding,102,1070001,1,PR1_HT1_EC1,Full,S025@corridor@binding:i102:nsga2:s1070001:r1:PR1_HT1_EC1:4bf2708ae859,25e7b74fd7208cd542569f2bc9871358dcab9b95f9b86f53900f2c41ac0c7e8c,p0017,v2,99e91ee5a24ca4ce220d739ca40d54d4e88d7cf6047bb2c40226cf1e973b867a,full,99e91ee5a24ca4ce220d739ca40d54d4e88d7cf6047bb2c40226cf1e973b867a,nsga2,8ed9cf468693ab66,6.64827503142991,2200.6324947187004,-0.27624309392265195,6.64827503142991,2200.6324947187004,-0.27624309392265195,0.0,0.0,0.0,0.5041686689916595,0.27624309392265195,0.0,302.0193055593638,False,True,True,
S025,corridor,binding,102,1070001,1,PR1_HT1_EC1,Full,S025@corridor@binding:i102:nsga2:s1070001:r1:PR1_HT1_EC1:4bf2708ae859,25e7b74fd7208cd542569f2bc9871358dcab9b95f9b86f53900f2c41ac0c7e8c,p0018,v2,99e91ee5a24ca4ce220d739ca40d54d4e88d7cf6047bb2c40226cf1e973b867a,full,99e91ee5a24ca4ce220d739ca40d54d4e88d7cf6047bb2c40226cf1e973b867a,nsga2,656ab4d989c3ac56,6.650437677183823,2180.213439991245,-0.24861878453038674,6.650437677183823,2180.213439991245,-0.24861878453038674,0.0,0.0,0.0,0.49850753967766165,0.24861878453038674,0.0,306.33874722594425,False,True,True,
S025,corridor,binding,102,1070001,1,PR1_HT1_EC1,Full,S025@corridor@binding:i102:nsga2:s1070001:r1:PR1_HT1_EC1:4bf2708ae859,25e7b74fd7208cd542569f2bc9871358dcab9b95f9b86f53900f2c41ac0c7e8c,p0019,v2,99e91ee5a24ca4ce220d739ca40d54d4e88d7cf6047bb2c40226cf1e973b867a,full,99e91ee5a24ca4ce220d739ca40d54d4e88d7cf6047bb2c40226cf1e973b867a,nsga2,1acfb0babae41ce0,6.618109209882861,2278.759163444645,-0.24193548387096775,6.618109209882861,2278.759163444645,-0.24193548387096775,0.0,0.0,0.0,0.519074193814952,0.24193548387096775,0.0,290.6463901191917,False,True,True,
S025,corridor,binding,102,1070001,1,PR1_HT1_EC1,Full,S025@corridor@binding:i102:nsga2:s1070001:r1:PR1_HT1_EC1:4bf2708ae859,25e7b74fd7208cd542569f2bc9871358dcab9b95f9b86f53900f2c41ac0c7e8c,p0020,v2,99e91ee5a24ca4ce220d739ca40d54d4e88d7cf6047bb2c40226cf1e973b867a,full,99e91ee5a24ca4ce220d739ca40d54d4e88d7cf6047bb2c40226cf1e973b867a,nsga2,ed9371d9fce771cc,6.822759256815259,2084.625052430906,-0.2094240837696335,6.822759256815259,2084.625052430906,-0.2094240837696335,0.0,0.0,0.0,0.4515677952033108,0.2094240837696335,0.0,342.153772259874,False,True,True,
S025,corridor,binding,102,1070001,1,PR1_HT1_EC1,Full,S025@corridor@binding:i102:nsga2:s1070001:r1:PR1_HT1_EC1:4bf2708ae859,25e7b74fd7208cd542569f2bc9871358dcab9b95f9b86f53900f2c41ac0c7e8c,p0021,v2,99e91ee5a24ca4ce220d739ca40d54d4e88d7cf6047bb2c40226cf1e973b867a,full,99e91ee5a24ca4ce220d739ca40d54d4e88d7cf6047bb2c40226cf1e973b867a,nsga2,361d3e02da3f795b,6.829749208759335,2015.5355104814155,-0.18324607329842932,6.829749208759335,2015.5355104814155,-0.18324607329842932,0.0,0.0,0.0,0.44501471525573527,0.18324607329842932,0.0,347.153772259874,False,True,True,
S025,corridor,binding,102,1070001,1,PR1_HT1_EC1,Full,S025@corridor@binding:i102:nsga2:s1070001:r1:PR1_HT1_EC1:4bf2708ae859,25e7b74fd7208cd542569f2bc9871358dcab9b95f9b86f53900f2c41ac0c7e8c,p0022,v2,99e91ee5a24ca4ce220d739ca40d54d4e88d7cf6047bb2c40226cf1e973b867a,full,99e91ee5a24ca4ce220d739ca40d54d4e88d7cf6047bb2c40226cf1e973b867a,nsga2,ae522c3393e3bfbd,6.645922636124041,2260.2760935558317,-0.17094017094017094,6.645922636124041,2260.2760935558317,-0.17094017094017094,0.0,0.0,0.0,0.5016307647263514,0.17094017094017094,0.0,303.95572651379393,False,True,True,
S025,corridor,binding,102,1070001,1,PR1_HT1_EC1,Full,S025@corridor@binding:i102:nsga2:s1070001:r1:PR1_HT1_EC1:4bf2708ae859,25e7b74fd7208cd542569f2bc9871358dcab9b95f9b86f53900f2c41ac0c7e8c,p0023,v2,99e91ee5a24ca4ce220d739ca40d54d4e88d7cf6047bb2c40226cf1e973b867a,full,99e91ee5a24ca4ce220d739ca40d54d4e88d7cf6047bb2c40226cf1e973b867a,nsga2,df511c093e388b38,7.016697008001151,1726.036896066681,-0.11049723756906077,7.016697008001151,1726.036896066681,-0.11049723756906077,0.0,0.0,0.0,0.3721226322821246,0.11049723756906077,0.0,402.770431568739,False,True,True,
S025,corridor,binding,102,1070001,1,PR1_HT1_EC1,Full,S025@corridor@binding:i102:nsga2:s1070001:r1:PR1_HT1_EC1:4bf2708ae859,25e7b74fd7208cd542569f2bc9871358dcab9b95f9b86f53900f2c41ac0c7e8c,p0024,v2,99e91ee5a24ca4ce220d739ca40d54d4e88d7cf6047bb2c40226cf1e973b867a,full,99e91ee5a24ca4ce220d739ca40d54d4e88d7cf6047bb2c40226cf1e973b867a,nsga2,90f7b34c8042a487,7.039826300991017,1713.3398220325744,-0.055248618784530384,7.039826300991017,1713.3398220325744,-0.055248618784530384,0.0,0.0,0.0,0.35487293794012714,0.055248618784530384,0.0,415.9319483516831,False,True,True,
S025,corridor,binding,102,1070001,1,PR1_HT1_EC1,Full,S025@corridor@binding:i102:nsga2:s1070001:r1:PR1_HT1_EC1:4bf2708ae859,25e7b74fd7208cd542569f2bc9871358dcab9b95f9b86f53900f2c41ac0c7e8c,p0025,v2,99e91ee5a24ca4ce220d739ca40d54d4e88d7cf6047bb2c40226cf1e973b867a,full,99e91ee5a24ca4ce220d739ca40d54d4e88d7cf6047bb2c40226cf1e973b867a,nsga2,1c468a9873eee3b9,7.012950688996262,1784.6991208546162,-0.042735042735042736,7.012950688996262,1784.6991208546162,-0.042735042735042736,0.0,0.0,0.0,0.3753543973204243,0.042735042735042736,0.0,400.30459484451626,False,True,True,
S025,corridor,binding,102,1070001,1,PR1_HT1_EC1,Full,S025@corridor@binding:i102:nsga2:s1070001:r1:PR1_HT1_EC1:4bf2708ae859,25e7b74fd7208cd542569f2bc9871358dcab9b95f9b86f53900f2c41ac0c7e8c,p0026,v2,99e91ee5a24ca4ce220d739ca40d54d4e88d7cf6047bb2c40226cf1e973b867a,full,99e91ee5a24ca4ce220d739ca40d54d4e88d7cf6047bb2c40226cf1e973b867a,nsga2,c36f1d99412d2bad,7.014235075389857,1755.9127637914457,-0.042735042735042736,7.014235075389857,1755.9127637914457,-0.042735042735042736,0.0,0.0,0.0,0.37458456489341746,0.042735042735042736,0.0,400.89197698632256,False,True,True,
S025,corridor,binding,102,1070001,1,PR1_HT1_EC1,Full,S025@corridor@binding:i102:nsga2:s1070001:r1:PR1_HT1_EC1:4bf2708ae859,25e7b74fd7208cd542569f2bc9871358dcab9b95f9b86f53900f2c41ac0c7e8c,p0027,v2,99e91ee5a24ca4ce220d739ca40d54d4e88d7cf6047bb2c40226cf1e973b867a,full,99e91ee5a24ca4ce220d739ca40d54d4e88d7cf6047bb2c40226cf1e973b867a,nsga2,127675de5d13e6c8,7.299257317606529,748.1008775205676,-0.0,7.299257317606529,748.1008775205676,-0.0,0.0,0.0,0.0,0.19659239842719534,0.0,0.6666666666666666,536.7000000000501,False,True,True,
S025,corridor,binding,102,1070001,1,PR1_HT1_EC1,Full,S025@corridor@binding:i102:nsga2:s1070001:r1:PR1_HT1_EC1:4bf2708ae859,25e7b74fd7208cd542569f2bc9871358dcab9b95f9b86f53900f2c41ac0c7e8c,p0028,v2,99e91ee5a24ca4ce220d739ca40d54d4e88d7cf6047bb2c40226cf1e973b867a,full,99e91ee5a24ca4ce220d739ca40d54d4e88d7cf6047bb2c40226cf1e973b867a,nsga2,01d172c40d24bacf,7.253086432951505,1031.2299707327584,-0.0,7.253086432951505,1031.2299707327584,-0.0,0.0,0.0,0.0,0.2427632830822202,0.0,0.3333333333333333,501.4716150082661,False,True,True,
S025,corridor,binding,102,1070001,1,PR1_HT1_EC1,Full,S025@corridor@binding:i102:nsga2:s1070001:r1:PR1_HT1_EC1:4bf2708ae859,25e7b74fd7208cd542569f2bc9871358dcab9b95f9b86f53900f2c41ac0c7e8c,p0029,v2,99e91ee5a24ca4ce220d739ca40d54d4e88d7cf6047bb2c40226cf1e973b867a,full,99e91ee5a24ca4ce220d739ca40d54d4e88d7cf6047bb2c40226cf1e973b867a,nsga2,e7a04a93302b5de8,7.241913770163225,1079.705409425815,-0.0,7.241913770163225,1079.705409425815,-0.0,0.0,0.0,0.0,0.25437281786699906,0.0,0.3333333333333333,492.6135399674797,False,True,True,
S025,corridor,binding,102,1070001,1,PR1_HT1_EC1,Full,S025@corridor@binding:i102:nsga2:s1070001:r1:PR1_HT1_EC1:4bf2708ae859,25e7b74fd7208cd542569f2bc9871358dcab9b95f9b86f53900f2c41ac0c7e8c,p0030,v2,99e91ee5a24ca4ce220d739ca40d54d4e88d7cf6047bb2c40226cf1e973b867a,full,99e91ee5a24ca4ce220d739ca40d54d4e88d7cf6047bb2c40226cf1e973b867a,nsga2,9e671a068b846db5,7.240899628481335,1107.394742477498,-0.0,7.240899628481335,1107.394742477498,-0.0,0.0,0.0,0.0,0.2549500875523898,0.0,0.3333333333333333,492.1730831975267,False,True,True,
S025,corridor,binding,102,1070001,1,PR1_HT1_EC1,Full,S025@corridor@binding:i102:nsga2:s1070001:r1:PR1_HT1_EC1:4bf2708ae859,25e7b74fd7208cd542569f2bc9871358dcab9b95f9b86f53900f2c41ac0c7e8c,p0031,v2,99e91ee5a24ca4ce220d739ca40d54d4e88d7cf6047bb2c40226cf1e973b867a,full,99e91ee5a24ca4ce220d739ca40d54d4e88d7cf6047bb2c40226cf1e973b867a,nsga2,1f2542b945351ce5,7.177976156194558,1278.2688169265123,-0.0,7.177976156194558,1278.2688169265123,-0.0,0.0,0.0,0.0,0.2867423321861644,0.0,0.16666666666666666,467.91560054195656,False,True,True,
S025,corridor,binding,102,1070001,1,PR1_HT1_EC1,Full,S025@corridor@binding:i102:nsga2:s1070001:r1:PR1_HT1_EC1:4bf2708ae859,25e7b74fd7208cd542569f2bc9871358dcab9b95f9b86f53900f2c41ac0c7e8c,p0032,v2,99e91ee5a24ca4ce220d739ca40d54d4e88d7cf6047bb2c40226cf1e973b867a,full,99e91ee5a24ca4ce220d739ca40d54d4e88d7cf6047bb2c40226cf1e973b867a,nsga2,998c757ac6d7c649,7.157965217007999,1288.7532359561706,-0.0,7.157965217007999,1288.7532359561706,-0.0,0.0,0.0,0.0,0.30511909928784875,0.0,0.16666666666666666,453.8941272433715,False,True,True,
S025,corridor,binding,102,1070001,1,PR1_HT1_EC1,Full,S025@corridor@binding:i102:nsga2:s1070001:r1:PR1_HT1_EC1:4bf2708ae859,25e7b74fd7208cd542569f2bc9871358dcab9b95f9b86f53900f2c41ac0c7e8c,p0033,v2,99e91ee5a24ca4ce220d739ca40d54d4e88d7cf6047bb2c40226cf1e973b867a,full,99e91ee5a24ca4ce220d739ca40d54d4e88d7cf6047bb2c40226cf1e973b867a,nsga2,eca8097b8b0a0d57,7.153967089927492,1350.2769735891884,-0.0,7.153967089927492,1350.2769735891884,-0.0,0.0,0.0,0.0,0.3091172263683556,0.0,0.16666666666666666,450.84355628094477,False,True,True,
S025,corridor,binding,102,1070001,1,PR1_HT1_EC1,Full,S025@corridor@binding:i102:nsga2:s1070001:r1:PR1_HT1_EC1:4bf2708ae859,25e7b74fd7208cd542569f2bc9871358dcab9b95f9b86f53900f2c41ac0c7e8c,p0034,v2,99e91ee5a24ca4ce220d739ca40d54d4e88d7cf6047bb2c40226cf1e973b867a,full,99e91ee5a24ca4ce220d739ca40d54d4e88d7cf6047bb2c40226cf1e973b867a,nsga2,3911dde8dbc278f4,7.272745672794231,933.2597657282147,-0.0,7.272745672794231,933.2597657282147,-0.0,0.0,0.0,0.0,0.2231040432394941,0.0,0.5,516.4716150082661,False,True,True,
S025,corridor,binding,102,1070001,1,PR1_HT1_EC1,Full,S025@corridor@binding:i102:nsga2:s1070001:r1:PR1_HT1_EC1:4bf2708ae859,25e7b74fd7208cd542569f2bc9871358dcab9b95f9b86f53900f2c41ac0c7e8c,p0035,v2,99e91ee5a24ca4ce220d739ca40d54d4e88d7cf6047bb2c40226cf1e973b867a,full,99e91ee5a24ca4ce220d739ca40d54d4e88d7cf6047bb2c40226cf1e973b867a,nsga2,aaa35c7863806086,7.2664919178686525,976.3276693053263,-0.0,7.2664919178686525,976.3276693053263,-0.0,0.0,0.0,0.0,0.22935779816507212,0.0,0.5,511.70000000005007,False,True,True,
S025,corridor,binding,102,1070001,1,PR1_HT1_EC1,Full,S025@corridor@binding:i102:nsga2:s1070001:r1:PR1_HT1_EC1:4bf2708ae859,25e7b74fd7208cd542569f2bc9871358dcab9b95f9b86f53900f2c41ac0c7e8c,p0036,v2,99e91ee5a24ca4ce220d739ca40d54d4e88d7cf6047bb2c40226cf1e973b867a,full,99e91ee5a24ca4ce220d739ca40d54d4e88d7cf6047bb2c40226cf1e973b867a,nsga2,67b4c4f9810b985b,7.241336500477835,1099.0071003064409,-0.0,7.241336500477835,1099.0071003064409,-0.0,0.0,0.0,0.0,0.2549500875523896,0.0,0.3333333333333333,492.1730831975267,False,True,True,
S025,corridor,inactive,101,1060000,0,PR0_HT1_EC1,No-PR,S025@corridor@inactive:i101:nsga2:s1060000:r0:PR0_HT1_EC1:695392aa124e,1efe1d1907c2fa4b02522f8fdf5dd2f7ca474637751fc5d683586fd07890f5aa,p0001,v2,7c4430d802cf762c616343b8b136bbf4fc8b2573e97612c562b51bd7bf35315e,full,9d4be61a61fa0afcf9d0e9a7d81c4d0b248ef00c80c717970c5b39a157f09478,nsga2,446d1119ac6df040,6.103297387295841,2744.4582868741086,-0.4878048780487805,4.746839354476592,5339.731050489486,-0.823170731707317,-1.3564580328192495,2595.2727636153772,-0.33536585365853655,0.888858778579279,0.823170731707317,0.0,7.330923694834496,True,False,True,
S025,corridor,inactive,101,1060000,0,PR0_HT1_EC1,No-PR,S025@corridor@inactive:i101:nsga2:s1060000:r0:PR0_HT1_EC1:695392aa124e,1efe1d1907c2fa4b02522f8fdf5dd2f7ca474637751fc5d683586fd07890f5aa,p0002,v2,7c4430d802cf762c616343b8b136bbf4fc8b2573e97612c562b51bd7bf35315e,full,9d4be61a61fa0afcf9d0e9a7d81c4d0b248ef00c80c717970c5b39a157f09478,nsga2,e9347e6b83ca52fd,6.109209043669399,2678.210921962025,-0.45918367346938777,4.622137468689803,5184.574608420234,-0.8678714859436985,-1.4870715749795957,2506.3636864582086,-0.4086878124743107,0.8999999999998556,0.8678714859436985,0.0,9.50635126173438e-11,False,False,True,
S025,corridor,inactive,101,1060000,0,PR0_HT1_EC1,No-PR,S025@corridor@inactive:i101:nsga2:s1060000:r0:PR0_HT1_EC1:695392aa124e,1efe1d1907c2fa4b02522f8fdf5dd2f7ca474637751fc5d683586fd07890f5aa,p0003,v2,7c4430d802cf762c616343b8b136bbf4fc8b2573e97612c562b51bd7bf35315e,full,9d4be61a61fa0afcf9d0e9a7d81c4d0b248ef00c80c717970c5b39a157f09478,nsga2,da5fd6b9870e7540,6.176111684977119,2647.3534058642613,-0.4268292682926829,4.593121157552148,5069.065596707231,-0.8678714859437072,-1.582990527424971,2421.7121908429694,-0.4410422176510243,0.8999999999998624,0.8678714859437072,0.0,9.062262051884318e-11,False,False,True,
S025,corridor,inactive,101,1060000,0,PR0_HT1_EC1,No-PR,S025@corridor@inactive:i101:nsga2:s1060000:r0:PR0_HT1_EC1:695392aa124e,1efe1d1907c2fa4b02522f8fdf5dd2f7ca474637751fc5d683586fd07890f5aa,p0004,v2,7c4430d802cf762c616343b8b136bbf4fc8b2573e97612c562b51bd7bf35315e,full,9d4be61a61fa0afcf9d0e9a7d81c4d0b248ef00c80c717970c5b39a157f09478,nsga2,37d40eb04086c9a8,6.084279786437312,2729.065031898489,-0.4166666666666667,4.575935382776002,5102.306849805633,-0.8678714859435482,-1.5083444036613098,2373.2418179071437,-0.45120481927688155,0.8999999999997421,0.8678714859435482,0.0,1.6975576500044554e-10,False,False,True,
S025,corridor,inactive,101,1060000,0,PR0_HT1_EC1,No-PR,S025@corridor@inactive:i101:nsga2:s1060000:r0:PR0_HT1_EC1:695392aa124e,1efe1d1907c2fa4b02522f8fdf5dd2f7ca474637751fc5d683586fd07890f5aa,p0005,v2,7c4430d802cf762c616343b8b136bbf4fc8b2573e97612c562b51bd7bf35315e,full,9d4be61a61fa0afcf9d0e9a7d81c4d0b248ef00c80c717970c5b39a157f09478,nsga2,955175d47052a60f,6.1197383163511505,2672.629909477798,-0.38461538461538464,4.532757880055506,5028.442881516384,-0.8678714859437232,-1.5869804362956446,2355.812972038586,-0.48325610132833857,0.8999999999998745,0.8678714859437232,0.0,8.262190931418445e-11,False,False,True,
S025,corridor,inactive,101,1060000,0,PR0_HT1_EC1,No-PR,S025@corridor@inactive:i101:nsga2:s1060000:r0:PR0_HT1_EC1:695392aa124e,1efe1d1907c2fa4b02522f8fdf5dd2f7ca474637751fc5d683586fd07890f5aa,p0006,v2,7c4430d802cf762c616343b8b136bbf4fc8b2573e97612c562b51bd7bf35315e,full,9d4be61a61fa0afcf9d0e9a7d81c4d0b248ef00c80c717970c5b39a157f09478,nsga2,1a369a7ebd4fa0d2,6.072311269753633,2678.210921962025,-0.38461538461538464,4.601385678776971,5164.898993122233,-0.8678714859438162,-1.4709255909766616,2486.688071160208,-0.4832561013284316,0.899999999999945,0.8678714859438162,0.0,3.629452294262592e-11,False,False,True,
S025,corridor,inactive,101,1060000,0,PR0_HT1_EC1,No-PR,S025@corridor@inactive:i101:nsga2:s1060000:r0:PR0_HT1_EC1:695392aa124e,1efe1d1907c2fa4b02522f8fdf5dd2f7ca474637751fc5d683586fd07890f5aa,p0007,v2,7c4430d802cf762c616343b8b136bbf4fc8b2573e97612c562b51bd7bf35315e,full,9d4be61a61fa0afcf9d0e9a7d81c4d0b248ef00c80c717970c5b39a157f09478,nsga2,1463e4d12a8695d6,6.091878570631841,2603.7561734617966,-0.3333333333333333,4.528251717410251,5033.3811674421795,-0.8678714859436998,-1.5636268532215896,2429.624993980383,-0.5345381526103665,0.8999999999998567,0.8678714859436998,0.0,9.43387590268685e-11,False,False,True,
S025,corridor,inactive,101,1060000,0,PR0_HT1_EC1,No-PR,S025@corridor@inactive:i101:nsga2:s1060000:r0:PR0_HT1_EC1:695392aa124e,1efe1d1907c2fa4b02522f8fdf5dd2f7ca474637751fc5d683586fd07890f5aa,p0008,v2,7c4430d802cf762c616343b8b136bbf4fc8b2573e97612c562b51bd7bf35315e,full,9d4be61a61fa0afcf9d0e9a7d81c4d0b248ef00c80c717970c5b39a157f09478,nsga2,d36c8a20d00144e8,6.766880592278993,1332.445850579398,-0.15306122448979592,5.838881088033995,3873.584195872829,-0.5102040816326531,-0.9279995042449984,2541.1383452934306,-0.35714285714285715,0.67614996357209,0.5102040816326531,0.0,147.29332396956488,False,False,True,
S025,corridor,inactive,101,1060000,0,PR0_HT1_EC1,No-PR,S025@corridor@inactive:i101:nsga2:s1060000:r0:PR0_HT1_EC1:695392aa124e,1efe1d1907c2fa4b02522f8fdf5dd2f7ca474637751fc5d683586fd07890f5aa,p0009,v2,7c4430d802cf762c616343b8b136bbf4fc8b2573e97612c562b51bd7bf35315e,full,9d4be61a61fa0afcf9d0e9a7d81c4d0b248ef00c80c717970c5b39a157f09478,nsga2,b7a6cc207ac4a6c2,6.761265426448645,1332.445850579398,-0.1282051282051282,5.822743116426814,3921.4390098172244,-0.38461538461538464,-0.9385223100218312,2588.993159237826,-0.25641025641025644,0.6794532153669949,0.38461538461538464,0.0,145.11978428851745,False,False,True,
S025,corridor,inactive,101,1060000,0,PR0_HT1_EC1,No-PR,S025@corridor@inactive:i101:nsga2:s1060000:r0:PR0_HT1_EC1:695392aa124e,1efe1d1907c2fa4b02522f8fdf5dd2f7ca474637751fc5d683586fd07890f5aa,p0010,v2,7c4430d802cf762c616343b8b136bbf4fc8b2573e97612c562b51bd7bf35315e,full,9d4be61a61fa0afcf9d0e9a7d81c4d0b248ef00c80c717970c5b39a157f09478,nsga2,f24e72f15800d1dc,6.772312654875925,1330.7428179626258,-0.12195121951219512,5.8708424516049575,3927.673559118317,-0.4573170731707317,-0.9014702032709678,2596.930741155691,-0.3353658536585366,0.6666915977375641,0.4573170731707317,0.0,153.51692868868292,False,False,True,
S025,corridor,inactive,101,1060000,0,PR0_HT1_EC1,No-PR,S025@corridor@inactive:i101:nsga2:s1060000:r0:PR0_HT1_EC1:695392aa124e,1efe1d1907c2fa4b02522f8fdf5dd2f7ca474637751fc5d683586fd07890f5aa,p0011,v2,7c4430d802cf762c616343b8b136bbf4fc8b2573e97612c562b51bd7bf35315e,full,9d4be61a61fa0afcf9d0e9a7d81c4d0b248ef00c80c717970c5b39a157f09478,nsga2,ff924f37ec85617a,6.787510223264983,1311.6357182577467,-0.06097560975609756,5.823239145072931,3898.925844878801,-0.5182926829268293,-0.964271078192052,2587.2901266210542,-0.4573170731707317,0.6853665736435112,0.5182926829268293,0.0,141.22879454256972,False,False,True,
S025,corridor,inactive,101,1060000,0,PR0_HT1_EC1,No-PR,S025@corridor@inactive:i101:nsga2:s1060000:r0:PR0_HT1_EC1:695392aa124e,1efe1d1907c2fa4b02522f8fdf5dd2f7ca474637751fc5d683586fd07890f5aa,p0012,v2,7c4430d802cf762c616343b8b136bbf4fc8b2573e97612c562b51bd7bf35315e,full,9d4be61a61fa0afcf9d0e9a7d81c4d0b248ef00c80c717970c5b39a157f09478,nsga2,cffc2b4d8023adab,6.770969897829632,1280.1964875218773,-0.0,5.782722745447652,3872.732679564443,-0.4166666666666667,-0.9882471523819802,2592.5361920425657,-0.4166666666666667,0.7015672383155297,0.4166666666666667,0.0,130.56875718838154,False,False,True,
S025,corridor,inactive,101,1060000,0,PR0_HT1_EC1,No-PR,S025@corridor@inactive:i101:nsga2:s1060000:r0:PR0_HT1_EC1:695392aa124e,1efe1d1907c2fa4b02522f8fdf5dd2f7ca474637751fc5d683586fd07890f5aa,p0013,v2,7c4430d802cf762c616343b8b136bbf4fc8b2573e97612c562b51bd7bf35315e,full,9d4be61a61fa0afcf9d0e9a7d81c4d0b248ef00c80c717970c5b39a157f09478,nsga2,23a12f087caa0b70,6.904635258359354,704.0078882202506,-0.0,6.904635258359354,704.0078882202506,-0.0,0.0,0.0,0.0,0.2431610942248377,0.0,0.6666666666666666,432.20000000005683,False,False,True,
S025,corridor,inactive,101,1060000,0,PR1_HT0_EC1,No-HT,S025@corridor@inactive:i101:nsga2:s1060000:r0:PR1_HT0_EC1:b339f64ad983,1efe1d1907c2fa4b02522f8fdf5dd2f7ca474637751fc5d683586fd07890f5aa,p0001,v2,d7516583c0a6075e4089331c75d2b121a7208aa8bd36ceed1846958bb3ecb73e,full,9d4be61a61fa0afcf9d0e9a7d81c4d0b248ef00c80c717970c5b39a157f09478,nsga2,7d342e706d518418,4.0120175758104075,4094.9414227207953,-0.8678714859437232,4.532757880055506,5028.442881516384,-0.8678714859437232,0.5207403042450984,933.5014587955884,0.0,0.8999999999998745,0.8678714859437232,0.0,8.262190931418445e-11,True,False,True,
S025,corridor,inactive,101,1060000,0,PR1_HT0_EC1,No-HT,S025@corridor@inactive:i101:nsga2:s1060000:r0:PR1_HT0_EC1:b339f64ad983,1efe1d1907c2fa4b02522f8fdf5dd2f7ca474637751fc5d683586fd07890f5aa,p0002,v2,d7516583c0a6075e4089331c75d2b121a7208aa8bd36ceed1846958bb3ecb73e,full,9d4be61a61fa0afcf9d0e9a7d81c4d0b248ef00c80c717970c5b39a157f09478,nsga2,d62d704ee8ec5bed,5.441099398999763,3636.383175274923,-0.6707317073170732,5.823239145072931,3898.925844878801,-0.5182926829268293,0.38213974607316725,262.54266960387804,0.15243902439024393,0.6853665736435112,0.5182926829268293,0.0,141.22879454256972,False,False,True,
S025,corridor,inactive,101,1060000,0,PR1_HT0_EC1,No-HT,S025@corridor@inactive:i101:nsga2:s1060000:r0:PR1_HT0_EC1:b339f64ad983,1efe1d1907c2fa4b02522f8fdf5dd2f7ca474637751fc5d683586fd07890f5aa,p0003,v2,d7516583c0a6075e4089331c75d2b121a7208aa8bd36ceed1846958bb3ecb73e,full,9d4be61a61fa0afcf9d0e9a7d81c4d0b248ef00c80c717970c5b39a157f09478,nsga2,352da40309e46315,5.32569538736048,3578.073392280705,-0.6410256410256411,5.780334523195965,3900.628877495573,-0.44871794871794873,0.45463913583548443,322.555485214868,0.19230769230769235,0.701531714904225,0.44871794871794873,0.0,130.59213159302004,False,False,True,
S025,corridor,inactive,101,1060000,0,PR1_HT0_EC1,No-HT,S025@corridor@inactive:i101:nsga2:s1060000:r0:PR1_HT0_EC1:b339f64ad983,1efe1d1907c2fa4b02522f8fdf5dd2f7ca474637751fc5d683586fd07890f5aa,p0004,v2,d7516583c0a6075e4089331c75d2b121a7208aa8bd36ceed1846958bb3ecb73e,full,9d4be61a61fa0afcf9d0e9a7d81c4d0b248ef00c80c717970c5b39a157f09478,nsga2,8526907b8923027c,5.986059258965754,3129.018624060044,-0.4878048780487805,6.265444624491604,3396.4995795897185,-0.3353658536585366,0.27938536552585,267.48095552967425,0.15243902439024387,0.5579130203931979,0.3353658536585366,0.0,225.09323258127586,False,False,True,
S025,corridor,inactive,101,1060000,0,PR1_HT0_EC1,No-HT,S025@corridor@inactive:i101:nsga2:s1060000:r0:PR1_HT0_EC1:b339f64ad983,1efe1d1907c2fa4b02522f8fdf5dd2f7ca474637751fc5d683586fd07890f5aa,p0005,v2,d7516583c0a6075e4089331c75d2b121a7208aa8bd36ceed1846958bb3ecb73e,full,9d4be61a61fa0afcf9d0e9a7d81c4d0b248ef00c80c717970c5b39a157f09478,nsga2,779488f6f6987823,5.985625619742168,3134.1277219103604,-0.45918367346938777,6.271869957381247,3373.5416675843844,-0.35714285714285715,0.2862443376390793,239.41394567402403,0.10204081632653061,0.554578014166973,0.35714285714285715,0.0,227.28766667813176,False,False,True,
S025,corridor,inactive,101,1060000,0,PR1_HT0_EC1,No-HT,S025@corridor@inactive:i101:nsga2:s1060000:r0:PR1_HT0_EC1:b339f64ad983,1efe1d1907c2fa4b02522f8fdf5dd2f7ca474637751fc5d683586fd07890f5aa,p0006,v2,d7516583c0a6075e4089331c75d2b121a7208aa8bd36ceed1846958bb3ecb73e,full,9d4be61a61fa0afcf9d0e9a7d81c4d0b248ef00c80c717970c5b39a157f09478,nsga2,85bda92542025f60,5.8996807197022285,3084.026138536523,-0.44871794871794873,6.238705143875353,3421.39648152878,-0.2564102564102564,0.3390244241731244,337.37034299225706,0.19230769230769235,0.5716120946111615,0.2564102564102564,0.0,216.07924174585577,False,False,True,
S025,corridor,inactive,101,1060000,0,PR1_HT0_EC1,No-HT,S025@corridor@inactive:i101:nsga2:s1060000:r0:PR1_HT0_EC1:b339f64ad983,1efe1d1907c2fa4b02522f8fdf5dd2f7ca474637751fc5d683586fd07890f5aa,p0007,v2,d7516583c0a6075e4089331c75d2b121a7208aa8bd36ceed1846958bb3ecb73e,full,9d4be61a61fa0afcf9d0e9a7d81c4d0b248ef00c80c717970c5b39a157f09478,nsga2,a1ad3782e7257223,6.3254320023341055,2691.1192572272885,-0.35714285714285715,6.585032999857713,2456.0923923862265,-0.20408163265306123,0.25960099752360755,-235.02686484106198,0.15306122448979592,0.449243024664707,0.20408163265306123,0.0,296.59808977062283,False,False,True,
S025,corridor,inactive,101,1060000,0,PR1_HT0_EC1,No-HT,S025@corridor@inactive:i101:nsga2:s1060000:r0:PR1_HT0_EC1:b339f64ad983,1efe1d1907c2fa4b02522f8fdf5dd2f7ca474637751fc5d683586fd07890f5aa,p0008,v2,d7516583c0a6075e4089331c75d2b121a7208aa8bd36ceed1846958bb3ecb73e,full,9d4be61a61fa0afcf9d0e9a7d81c4d0b248ef00c80c717970c5b39a157f09478,nsga2,88859f9cafa43868,6.299608325580023,2691.9317562919737,-0.3353658536585366,6.591594726951929,2375.8099879562055,-0.09146341463414634,0.291986401371906,-316.12176833576814,0.24390243902439027,0.4358570253470823,0.09146341463414634,0.0,305.4060773216199,False,False,True,
S025,corridor,inactive,101,1060000,0,PR1_HT0_EC1,No-HT,S025@corridor@inactive:i101:nsga2:s1060000:r0:PR1_HT0_EC1:b339f64ad983,1efe1d1907c2fa4b02522f8fdf5dd2f7ca474637751fc5d683586fd07890f5aa,p0009,v2,d7516583c0a6075e4089331c75d2b121a7208aa8bd36ceed1846958bb3ecb73e,full,9d4be61a61fa0afcf9d0e9a7d81c4d0b248ef00c80c717970c5b39a157f09478,nsga2,27f7f2a79c7d99db,5.898134142849786,3085.42139165758,-0.3333333333333333,6.241128889538345,3375.4806575181124,-0.16666666666666666,0.342994746688559,290.0592658605324,0.16666666666666666,0.5691883489481698,0.16666666666666666,0.0,217.6740663921043,False,False,True,
S025,corridor,inactive,101,1060000,0,PR1_HT0_EC1,No-HT,S025@corridor@inactive:i101:nsga2:s1060000:r0:PR1_HT0_EC1:b339f64ad983,1efe1d1907c2fa4b02522f8fdf5dd2f7ca474637751fc5d683586fd07890f5aa,p0010,v2,d7516583c0a6075e4089331c75d2b121a7208aa8bd36ceed1846958bb3ecb73e,full,9d4be61a61fa0afcf9d0e9a7d81c4d0b248ef00c80c717970c5b39a157f09478,nsga2,8ef19870f06df293,6.260728116314927,2643.7716496183434,-0.32051282051282054,6.570317432620271,2441.752060139054,-0.0,0.3095893163053445,-202.0195894792896,0.32051282051282054,0.44225718194829927,0.0,0.16666666666666666,301.1947742780191,False,False,True,
S025,corridor,inactive,101,1060000,0,PR1_HT0_EC1,No-HT,S025@corridor@inactive:i101:nsga2:s1060000:r0:PR1_HT0_EC1:b339f64ad983,1efe1d1907c2fa4b02522f8fdf5dd2f7ca474637751fc5d683586fd07890f5aa,p0011,v2,d7516583c0a6075e4089331c75d2b121a7208aa8bd36ceed1846958bb3ecb73e,full,9d4be61a61fa0afcf9d0e9a7d81c4d0b248ef00c80c717970c5b39a157f09478,nsga2,0a42ca3bc5b235b5,6.22125307650153,2650.857715227822,-0.32051282051282054,6.567156144261677,2438.2090273343147,-0.0,0.3459030677601467,-212.64868789350749,0.32051282051282054,0.4445945057556067,0.0,0.16666666666666666,299.65681521281084,False,False,True,
S025,corridor,inactive,101,1060000,0,PR1_HT0_EC1,No-HT,S025@corridor@inactive:i101:nsga2:s1060000:r0:PR1_HT0_EC1:b339f64ad983,1efe1d1907c2fa4b02522f8fdf5dd2f7ca474637751fc5d683586fd07890f5aa,p0012,v2,d7516583c0a6075e4089331c75d2b121a7208aa8bd36ceed1846958bb3ecb73e,full,9d4be61a61fa0afcf9d0e9a7d81c4d0b248ef00c80c717970c5b39a157f09478,nsga2,e155e73e02e53695,6.383868161492462,2413.330358828578,-0.30612244897959184,6.583286877323383,2627.5396230678252,-0.10204081632653061,0.1994187158309213,214.2092642392472,0.20408163265306123,0.4292877372451875,0.10204081632653061,0.0,309.7286688926667,False,False,True,
S025,corridor,inactive,101,1060000,0,PR1_HT0_EC1,No-HT,S025@corridor@inactive:i101:nsga2:s1060000:r0:PR1_HT0_EC1:b339f64ad983,1efe1d1907c2fa4b02522f8fdf5dd2f7ca474637751fc5d683586fd07890f5aa,p0013,v2,d7516583c0a6075e4089331c75d2b121a7208aa8bd36ceed1846958bb3ecb73e,full,9d4be61a61fa0afcf9d0e9a7d81c4d0b248ef00c80c717970c5b39a157f09478,nsga2,cd0df59f35b993cd,6.339988972735261,2640.365584384799,-0.3048780487804878,6.603940004209897,2380.036211911291,-0.09146341463414634,0.26395103147463583,-260.3293724735081,0.21341463414634146,0.42812628048506945,0.09146341463414634,0.0,310.49290744082435,False,False,True,
S025,corridor,inactive,101,1060000,0,PR1_HT0_EC1,No-HT,S025@corridor@inactive:i101:nsga2:s1060000:r0:PR1_HT0_EC1:b339f64ad983,1efe1d1907c2fa4b02522f8fdf5dd2f7ca474637751fc5d683586fd07890f5aa,p0014,v2,d7516583c0a6075e4089331c75d2b121a7208aa8bd36ceed1846958bb3ecb73e,full,9d4be61a61fa0afcf9d0e9a7d81c4d0b248ef00c80c717970c5b39a157f09478,nsga2,a8791837668a928a,6.397370193721409,2336.701521016476,-0.3048780487804878,6.580196550659965,2575.742541802349,-0.09146341463414634,0.18282635693855553,239.04102078587312,0.21341463414634146,0.43585702534710374,0.09146341463414634,0.0,305.4060773216058,False,False,True,
S025,corridor,inactive,101,1060000,0,PR1_HT0_EC1,No-HT,S025@corridor@inactive:i101:nsga2:s1060000:r0:PR1_HT0_EC1:b339f64ad983,1efe1d1907c2fa4b02522f8fdf5dd2f7ca474637751fc5d683586fd07890f5aa,p0015,v2,d7516583c0a6075e4089331c75d2b121a7208aa8bd36ceed1846958bb3ecb73e,full,9d4be61a61fa0afcf9d0e9a7d81c4d0b248ef00c80c717970c5b39a157f09478,nsga2,f0e06f58d3156b05,6.3381877744247905,2314.902904815244,-0.2564102564102564,6.683565679572183,2156.5057357250944,-0.0,0.34537790514739264,-158.39716909014942,0.2564102564102564,0.3737776756122735,0.0,0.3333333333333333,346.2542894471241,False,False,True,
S025,corridor,inactive,101,1060000,0,PR1_HT0_EC1,No-HT,S025@corridor@inactive:i101:nsga2:s1060000:r0:PR1_HT0_EC1:b339f64ad983,1efe1d1907c2fa4b02522f8fdf5dd2f7ca474637751fc5d683586fd07890f5aa,p0016,v2,d7516583c0a6075e4089331c75d2b121a7208aa8bd36ceed1846958bb3ecb73e,full,9d4be61a61fa0afcf9d0e9a7d81c4d0b248ef00c80c717970c5b39a157f09478,nsga2,dcca337c41c77991,6.231917138798334,2642.581252132547,-0.25,6.53820322120627,2459.594960599051,-0.16666666666666666,0.30628608240793653,-182.98629153349611,0.08333333333333334,0.48494560510295603,0.16666666666666666,0.0,273.105791842255,False,False,True,
S025,corridor,inactive,101,1060000,0,PR1_HT0_EC1,No-HT,S025@corridor@inactive:i101:nsga2:s1060000:r0:PR1_HT0_EC1:b339f64ad983,1efe1d1907c2fa4b02522f8fdf5dd2f7ca474637751fc5d683586fd07890f5aa,p0017,v2,d7516583c0a6075e4089331c75d2b121a7208aa8bd36ceed1846958bb3ecb73e,full,9d4be61a61fa0afcf9d0e9a7d81c4d0b248ef00c80c717970c5b39a157f09478,nsga2,9442b37650cac0c6,6.379955396604974,2281.760641462602,-0.08333333333333333,6.684117930690247,2159.911800958638,-0.0,0.3041625340852736,-121.84884050396386,0.08333333333333333,0.37249301155959835,0.0,0.3333333333333333,347.09959839378433,False,False,True,
S025,corridor,inactive,101,1060000,0,PR1_HT0_EC1,No-HT,S025@corridor@inactive:i101:nsga2:s1060000:r0:PR1_HT0_EC1:b339f64ad983,1efe1d1907c2fa4b02522f8fdf5dd2f7ca474637751fc5d683586fd07890f5aa,p0018,v2,d7516583c0a6075e4089331c75d2b121a7208aa8bd36ceed1846958bb3ecb73e,full,9d4be61a61fa0afcf9d0e9a7d81c4d0b248ef00c80c717970c5b39a157f09478,nsga2,26fc94f05ef73ef0,6.674447224330731,1581.5105270825043,-0.05102040816326531,6.780811696635697,1891.3556174514567,-0.0,0.10636447230496593,309.84509036895247,0.05102040816326531,0.34798769546232183,0.0,0.16666666666666666,363.2240963857923,False,False,True,
S025,corridor,inactive,101,1060000,0,PR1_HT0_EC1,No-HT,S025@corridor@inactive:i101:nsga2:s1060000:r0:PR1_HT0_EC1:b339f64ad983,1efe1d1907c2fa4b02522f8fdf5dd2f7ca474637751fc5d683586fd07890f5aa,p0019,v2,d7516583c0a6075e4089331c75d2b121a7208aa8bd36ceed1846958bb3ecb73e,full,9d4be61a61fa0afcf9d0e9a7d81c4d0b248ef00c80c717970c5b39a157f09478,nsga2,8e97ce663fbd2698,6.904635258359354,704.0078882202506,-0.0,6.904635258359354,704.0078882202506,-0.0,0.0,0.0,0.0,0.2431610942248377,0.0,0.6666666666666666,432.20000000005683,False,False,True,
S025,corridor,inactive,101,1060000,0,PR1_HT0_EC1,No-HT,S025@corridor@inactive:i101:nsga2:s1060000:r0:PR1_HT0_EC1:b339f64ad983,1efe1d1907c2fa4b02522f8fdf5dd2f7ca474637751fc5d683586fd07890f5aa,p0020,v2,d7516583c0a6075e4089331c75d2b121a7208aa8bd36ceed1846958bb3ecb73e,full,9d4be61a61fa0afcf9d0e9a7d81c4d0b248ef00c80c717970c5b39a157f09478,nsga2,2182454afea16e63,6.665536996928794,1598.6093014413764,-0.0,6.772068517230944,1935.3621058618776,-0.0,0.10653152030215018,336.7528044205012,0.0,0.34533269857513227,0.0,0.3333333333333333,364.971084337563,False,False,True,
S025,corridor,inactive,101,1060000,0,PR1_HT0_EC1,No-HT,S025@corridor@inactive:i101:nsga2:s1060000:r0:PR1_HT0_EC1:b339f64ad983,1efe1d1907c2fa4b02522f8fdf5dd2f7ca474637751fc5d683586fd07890f5aa,p0021,v2,d7516583c0a6075e4089331c75d2b121a7208aa8bd36ceed1846958bb3ecb73e,full,9d4be61a61fa0afcf9d0e9a7d81c4d0b248ef00c80c717970c5b39a157f09478,nsga2,90f79a737206f8db,6.847323946241754,1121.8116714685464,-0.0,6.878726150804589,1144.2258466612093,-0.0,0.031402204562835045,22.414175192662924,0.0,0.2690702017796025,0.0,0.3333333333333333,415.1518072290216,False,False,True,
S025,corridor,inactive,101,1060000,0,PR1_HT0_EC1,No-HT,S025@corridor@inactive:i101:nsga2:s1060000:r0:PR1_HT0_EC1:b339f64ad983,1efe1d1907c2fa4b02522f8fdf5dd2f7ca474637751fc5d683586fd07890f5aa,p0022,v2,d7516583c0a6075e4089331c75d2b121a7208aa8bd36ceed1846958bb3ecb73e,full,9d4be61a61fa0afcf9d0e9a7d81c4d0b248ef00c80c717970c5b39a157f09478,nsga2,d024afe3fb8ce7bb,6.830783620806402,1122.3554082812173,-0.0,6.874240121581239,1169.3587059172264,-0.0,0.04345650077483665,47.003297636009165,0.0,0.27355623100295323,0.0,0.5,412.20000000005683,False,False,True,
S025,corridor,inactive,101,1060000,0,PR1_HT0_EC1,No-HT,S025@corridor@inactive:i101:nsga2:s1060000:r0:PR1_HT0_EC1:b339f64ad983,1efe1d1907c2fa4b02522f8fdf5dd2f7ca474637751fc5d683586fd07890f5aa,p0023,v2,d7516583c0a6075e4089331c75d2b121a7208aa8bd36ceed1846958bb3ecb73e,full,9d4be61a61fa0afcf9d0e9a7d81c4d0b248ef00c80c717970c5b39a157f09478,nsga2,6737ae1d25342d99,6.829623966993525,1128.658462321195,-0.0,6.874240121581239,1153.0116274475856,-0.0,0.04461615458771373,24.35316512639065,0.0,0.27355623100295323,0.0,0.5,412.20000000005683,False,False,True,
S025,corridor,inactive,101,1060000,0,PR1_HT0_EC1,No-HT,S025@corridor@inactive:i101:nsga2:s1060000:r0:PR1_HT0_EC1:b339f64ad983,1efe1d1907c2fa4b02522f8fdf5dd2f7ca474637751fc5d683586fd07890f5aa,p0024,v2,d7516583c0a6075e4089331c75d2b121a7208aa8bd36ceed1846958bb3ecb73e,full,9d4be61a61fa0afcf9d0e9a7d81c4d0b248ef00c80c717970c5b39a157f09478,nsga2,3ef2b9315f76ee45,6.816593120202064,1151.3085948308135,-0.0,6.874240121581239,1149.6055622140414,-0.0,0.057647001379174334,-1.7030326167721341,0.0,0.27355623100295323,0.0,0.5,412.20000000005683,False,False,True,
S025,corridor,inactive,101,1060000,0,PR1_HT0_EC1,No-HT,S025@corridor@inactive:i101:nsga2:s1060000:r0:PR1_HT0_EC1:b339f64ad983,1efe1d1907c2fa4b02522f8fdf5dd2f7ca474637751fc5d683586fd07890f5aa,p0025,v2,d7516583c0a6075e4089331c75d2b121a7208aa8bd36ceed1846958bb3ecb73e,full,9d4be61a61fa0afcf9d0e9a7d81c4d0b248ef00c80c717970c5b39a157f09478,nsga2,c039121078a96d75,6.821079149425415,1130.4984625091622,-0.0,6.874240121581239,1149.6055622140414,-0.0,0.053160972155823494,19.107099704879147,0.0,0.27355623100295323,0.0,0.5,412.20000000005683,False,False,True,
S025,corridor,inactive,101,1060000,0,PR1_HT0_EC1,No-HT,S025@corridor@inactive:i101:nsga2:s1060000:r0:PR1_HT0_EC1:b339f64ad983,1efe1d1907c2fa4b02522f8fdf5dd2f7ca474637751fc5d683586fd07890f5aa,p0026,v2,d7516583c0a6075e4089331c75d2b121a7208aa8bd36ceed1846958bb3ecb73e,full,9d4be61a61fa0afcf9d0e9a7d81c4d0b248ef00c80c717970c5b39a157f09478,nsga2,97c2d6c0ac644954,6.661945648833711,1606.5468833592413,-0.0,6.769413520343733,1940.7451388545842,-0.0,0.10746787151002124,334.1982554953429,0.0,0.34798769546234326,0.0,0.16666666666666666,363.2240963857782,False,False,True,
S025,corridor,inactive,101,1060000,0,PR1_HT0_EC1,No-HT,S025@corridor@inactive:i101:nsga2:s1060000:r0:PR1_HT0_EC1:b339f64ad983,1efe1d1907c2fa4b02522f8fdf5dd2f7ca474637751fc5d683586fd07890f5aa,p0027,v2,d7516583c0a6075e4089331c75d2b121a7208aa8bd36ceed1846958bb3ecb73e,full,9d4be61a61fa0afcf9d0e9a7d81c4d0b248ef00c80c717970c5b39a157f09478,nsga2,5a87518f47be883f,6.67738772254458,1560.395102031618,-0.0,6.773899549567069,1841.3555105898593,-0.0,0.09651182702248917,280.96040855824117,0.0,0.3435016662390064,0.0,0.3333333333333333,366.17590361473384,False,False,True,
S025,corridor,inactive,101,1060000,0,PR1_HT0_EC1,No-HT,S025@corridor@inactive:i101:nsga2:s1060000:r0:PR1_HT0_EC1:b339f64ad983,1efe1d1907c2fa4b02522f8fdf5dd2f7ca474637751fc5d683586fd07890f5aa,p0028,v2,d7516583c0a6075e4089331c75d2b121a7208aa8bd36ceed1846958bb3ecb73e,full,9d4be61a61fa0afcf9d0e9a7d81c4d0b248ef00c80c717970c5b39a157f09478,nsga2,8f79453178507af1,6.684227498488735,1556.9890367980738,-0.0,6.8017268289485004,1820.682345839403,-0.0,0.1174993304597658,263.69330904132926,0.0,0.32226610326738364,0.0,0.16666666666666666,380.1489040500616,False,False,True,
S025,corridor,inactive,101,1060000,0,PR1_HT0_EC1,No-HT,S025@corridor@inactive:i101:nsga2:s1060000:r0:PR1_HT0_EC1:b339f64ad983,1efe1d1907c2fa4b02522f8fdf5dd2f7ca474637751fc5d683586fd07890f5aa,p0029,v2,d7516583c0a6075e4089331c75d2b121a7208aa8bd36ceed1846958bb3ecb73e,full,9d4be61a61fa0afcf9d0e9a7d81c4d0b248ef00c80c717970c5b39a157f09478,nsga2,6cd7a9312e55a7e5,6.643086260890817,1638.9671051561327,-0.0,6.768589555792446,1987.9802184288646,-0.0,0.12550329490162948,349.01311327273197,0.0,0.3488116600136302,0.0,0.3333333333333333,362.6819277110314,False,False,True,
S025,corridor,inactive,101,1060000,0,PR1_HT1_EC0,No-EC,S025@corridor@inactive:i101:nsga2:s1060000:r0:PR1_HT1_EC0:a86ce6b22107,1efe1d1907c2fa4b02522f8fdf5dd2f7ca474637751fc5d683586fd07890f5aa,p0001,v2,179b483864702c06d2fd6588dbbdaffaa29d0c92d040844319c17a1c6906a610,full,9d4be61a61fa0afcf9d0e9a7d81c4d0b248ef00c80c717970c5b39a157f09478,nsga2,17f5967e22085cf5,4.532757880055506,5027.05519257525,-0.8678714859437232,4.532757880055506,5027.05519257525,-0.8678714859437232,0.0,0.0,0.0,0.8999999999998745,0.8678714859437232,0.0,8.262190931418445e-11,False,False,True,
S025,corridor,inactive,101,1060000,0,PR1_HT1_EC0,No-EC,S025@corridor@inactive:i101:nsga2:s1060000:r0:PR1_HT1_EC0:a86ce6b22107,1efe1d1907c2fa4b02522f8fdf5dd2f7ca474637751fc5d683586fd07890f5aa,p0002,v2,179b483864702c06d2fd6588dbbdaffaa29d0c92d040844319c17a1c6906a610,full,9d4be61a61fa0afcf9d0e9a7d81c4d0b248ef00c80c717970c5b39a157f09478,nsga2,f7b3d930cdf94093,4.544170196602644,5024.500643650092,-0.8678714859437232,4.544170196602644,5024.500643650092,-0.8678714859437232,0.0,0.0,0.0,0.8999999999998745,0.8678714859437232,0.0,8.260769845946925e-11,False,False,True,
S025,corridor,inactive,101,1060000,0,PR1_HT1_EC0,No-EC,S025@corridor@inactive:i101:nsga2:s1060000:r0:PR1_HT1_EC0:a86ce6b22107,1efe1d1907c2fa4b02522f8fdf5dd2f7ca474637751fc5d683586fd07890f5aa,p0003,v2,179b483864702c06d2fd6588dbbdaffaa29d0c92d040844319c17a1c6906a610,full,9d4be61a61fa0afcf9d0e9a7d81c4d0b248ef00c80c717970c5b39a157f09478,nsga2,1cf0727b6e4aef4b,4.528251717410251,5050.013104580583,-0.8678714859436998,4.528251717410251,5050.013104580583,-0.8678714859436998,0.0,0.0,0.0,0.8999999999998567,0.8678714859436998,0.0,9.43387590268685e-11,True,False,True,
S025,corridor,inactive,101,1060000,0,PR1_HT1_EC0,No-EC,S025@corridor@inactive:i101:nsga2:s1060000:r0:PR1_HT1_EC0:a86ce6b22107,1efe1d1907c2fa4b02522f8fdf5dd2f7ca474637751fc5d683586fd07890f5aa,p0004,v2,179b483864702c06d2fd6588dbbdaffaa29d0c92d040844319c17a1c6906a610,full,9d4be61a61fa0afcf9d0e9a7d81c4d0b248ef00c80c717970c5b39a157f09478,nsga2,c372f185ca3aab9f,5.81048087756818,4067.3713031685447,-0.5792682926829268,5.81048087756818,4067.3713031685447,-0.5792682926829268,0.0,0.0,0.0,0.7002603264286574,0.5792682926829268,0.0,131.42870520994347,False,False,True,
S025,corridor,inactive,101,1060000,0,PR1_HT1_EC0,No-EC,S025@corridor@inactive:i101:nsga2:s1060000:r0:PR1_HT1_EC0:a86ce6b22107,1efe1d1907c2fa4b02522f8fdf5dd2f7ca474637751fc5d683586fd07890f5aa,p0005,v2,179b483864702c06d2fd6588dbbdaffaa29d0c92d040844319c17a1c6906a610,full,9d4be61a61fa0afcf9d0e9a7d81c4d0b248ef00c80c717970c5b39a157f09478,nsga2,52a18a0c9bf3b6c7,5.842915287098676,3870.041163068089,-0.5612244897959183,5.842915287098676,3870.041163068089,-0.5612244897959183,0.0,0.0,0.0,0.6926082434737245,0.5612244897959183,0.0,136.46377579428935,False,False,True,
S025,corridor,inactive,101,1060000,0,PR1_HT1_EC0,No-EC,S025@corridor@inactive:i101:nsga2:s1060000:r0:PR1_HT1_EC0:a86ce6b22107,1efe1d1907c2fa4b02522f8fdf5dd2f7ca474637751fc5d683586fd07890f5aa,p0006,v2,179b483864702c06d2fd6588dbbdaffaa29d0c92d040844319c17a1c6906a610,full,9d4be61a61fa0afcf9d0e9a7d81c4d0b248ef00c80c717970c5b39a157f09478,nsga2,cefa1863f33f9578,5.8372944173995975,3949.503532906394,-0.5612244897959183,5.8372944173995975,3949.503532906394,-0.5612244897959183,0.0,0.0,0.0,0.6911229413981823,0.5612244897959183,0.0,137.44110455999612,False,False,True,
S025,corridor,inactive,101,1060000,0,PR1_HT1_EC0,No-EC,S025@corridor@inactive:i101:nsga2:s1060000:r0:PR1_HT1_EC0:a86ce6b22107,1efe1d1907c2fa4b02522f8fdf5dd2f7ca474637751fc5d683586fd07890f5aa,p0007,v2,179b483864702c06d2fd6588dbbdaffaa29d0c92d040844319c17a1c6906a610,full,9d4be61a61fa0afcf9d0e9a7d81c4d0b248ef00c80c717970c5b39a157f09478,nsga2,89c855ddcf0294ba,5.823239145072931,4066.827566355874,-0.5182926829268293,5.823239145072931,4066.827566355874,-0.5182926829268293,0.0,0.0,0.0,0.6853665736435112,0.5182926829268293,0.0,141.22879454256972,False,False,True,
S025,corridor,inactive,101,1060000,0,PR1_HT1_EC0,No-EC,S025@corridor@inactive:i101:nsga2:s1060000:r0:PR1_HT1_EC0:a86ce6b22107,1efe1d1907c2fa4b02522f8fdf5dd2f7ca474637751fc5d683586fd07890f5aa,p0008,v2,179b483864702c06d2fd6588dbbdaffaa29d0c92d040844319c17a1c6906a610,full,9d4be61a61fa0afcf9d0e9a7d81c4d0b248ef00c80c717970c5b39a157f09478,nsga2,994c553c480671f9,5.785258646099938,4066.827566355874,-0.5,5.785258646099938,4066.827566355874,-0.5,0.0,0.0,0.0,0.7077592939044729,0.5,0.0,126.49438461085691,False,False,True,
S025,corridor,inactive,101,1060000,0,PR1_HT1_EC0,No-EC,S025@corridor@inactive:i101:nsga2:s1060000:r0:PR1_HT1_EC0:a86ce6b22107,1efe1d1907c2fa4b02522f8fdf5dd2f7ca474637751fc5d683586fd07890f5aa,p0009,v2,179b483864702c06d2fd6588dbbdaffaa29d0c92d040844319c17a1c6906a610,full,9d4be61a61fa0afcf9d0e9a7d81c4d0b248ef00c80c717970c5b39a157f09478,nsga2,b229ab1a27545f4d,6.0236621085210755,3572.5271295732837,-0.5,6.0236621085210755,3572.5271295732837,-0.5,0.0,0.0,0.0,0.6497799476900699,0.5,0.0,164.64479441993413,False,False,True,
S025,corridor,inactive,101,1060000,0,PR1_HT1_EC0,No-EC,S025@corridor@inactive:i101:nsga2:s1060000:r0:PR1_HT1_EC0:a86ce6b22107,1efe1d1907c2fa4b02522f8fdf5dd2f7ca474637751fc5d683586fd07890f5aa,p0010,v2,179b483864702c06d2fd6588dbbdaffaa29d0c92d040844319c17a1c6906a610,full,9d4be61a61fa0afcf9d0e9a7d81c4d0b248ef00c80c717970c5b39a157f09478,nsga2,985dccd2a5c40ea5,5.840171887981812,3871.0296469476707,-0.4878048780487805,5.840171887981812,3871.0296469476707,-0.4878048780487805,0.0,0.0,0.0,0.6823525754933508,0.4878048780487805,0.0,143.21200532537512,False,False,True,
S025,corridor,inactive,101,1060000,0,PR1_HT1_EC0,No-EC,S025@corridor@inactive:i101:nsga2:s1060000:r0:PR1_HT1_EC0:a86ce6b22107,1efe1d1907c2fa4b02522f8fdf5dd2f7ca474637751fc5d683586fd07890f5aa,p0011,v2,179b483864702c06d2fd6588dbbdaffaa29d0c92d040844319c17a1c6906a610,full,9d4be61a61fa0afcf9d0e9a7d81c4d0b248ef00c80c717970c5b39a157f09478,nsga2,4b55a74c39476d0e,6.107362954586695,3526.6113055626165,-0.45918367346938777,6.107362954586695,3526.6113055626165,-0.45918367346938777,0.0,0.0,0.0,0.6158135307747613,0.45918367346938777,0.0,186.99469675020714,False,False,True,
S025,corridor,inactive,101,1060000,0,PR1_HT1_EC0,No-EC,S025@corridor@inactive:i101:nsga2:s1060000:r0:PR1_HT1_EC0:a86ce6b22107,1efe1d1907c2fa4b02522f8fdf5dd2f7ca474637751fc5d683586fd07890f5aa,p0012,v2,179b483864702c06d2fd6588dbbdaffaa29d0c92d040844319c17a1c6906a610,full,9d4be61a61fa0afcf9d0e9a7d81c4d0b248ef00c80c717970c5b39a157f09478,nsga2,1be58d91cec11329,5.780334523195965,3900.628877495573,-0.44871794871794873,5.780334523195965,3900.628877495573,-0.44871794871794873,0.0,0.0,0.0,0.701531714904225,0.44871794871794873,0.0,130.59213159302004,False,False,True,
S025,corridor,inactive,101,1060000,0,PR1_HT1_EC0,No-EC,S025@corridor@inactive:i101:nsga2:s1060000:r0:PR1_HT1_EC0:a86ce6b22107,1efe1d1907c2fa4b02522f8fdf5dd2f7ca474637751fc5d683586fd07890f5aa,p0013,v2,179b483864702c06d2fd6588dbbdaffaa29d0c92d040844319c17a1c6906a610,full,9d4be61a61fa0afcf9d0e9a7d81c4d0b248ef00c80c717970c5b39a157f09478,nsga2,433ef2fb19b0298c,5.8147295785227415,3871.0296469476707,-0.4166666666666667,5.8147295785227415,3871.0296469476707,-0.4166666666666667,0.0,0.0,0.0,0.7017285405506583,0.4166666666666667,0.0,130.4626203176669,False,False,True,
S025,corridor,inactive,101,1060000,0,PR1_HT1_EC0,No-EC,S025@corridor@inactive:i101:nsga2:s1060000:r0:PR1_HT1_EC0:a86ce6b22107,1efe1d1907c2fa4b02522f8fdf5dd2f7ca474637751fc5d683586fd07890f5aa,p0014,v2,179b483864702c06d2fd6588dbbdaffaa29d0c92d040844319c17a1c6906a610,full,9d4be61a61fa0afcf9d0e9a7d81c4d0b248ef00c80c717970c5b39a157f09478,nsga2,44a77cee2e030ab5,6.018873356946206,3573.0708663859546,-0.4166666666666667,6.018873356946206,3573.0708663859546,-0.4166666666666667,0.0,0.0,0.0,0.6457929804302929,0.4166666666666667,0.0,167.26821887686737,False,False,True,
S025,corridor,inactive,101,1060000,0,PR1_HT1_EC0,No-EC,S025@corridor@inactive:i101:nsga2:s1060000:r0:PR1_HT1_EC0:a86ce6b22107,1efe1d1907c2fa4b02522f8fdf5dd2f7ca474637751fc5d683586fd07890f5aa,p0015,v2,179b483864702c06d2fd6588dbbdaffaa29d0c92d040844319c17a1c6906a610,full,9d4be61a61fa0afcf9d0e9a7d81c4d0b248ef00c80c717970c5b39a157f09478,nsga2,922e667a7d1455af,6.02844579107181,3572.219350077569,-0.38461538461538464,6.02844579107181,3572.219350077569,-0.38461538461538464,0.0,0.0,0.0,0.6371538040040292,0.38461538461538464,0.0,172.95279696534888,False,False,True,
S025,corridor,inactive,101,1060000,0,PR1_HT1_EC0,No-EC,S025@corridor@inactive:i101:nsga2:s1060000:r0:PR1_HT1_EC0:a86ce6b22107,1efe1d1907c2fa4b02522f8fdf5dd2f7ca474637751fc5d683586fd07890f5aa,p0016,v2,179b483864702c06d2fd6588dbbdaffaa29d0c92d040844319c17a1c6906a610,full,9d4be61a61fa0afcf9d0e9a7d81c4d0b248ef00c80c717970c5b39a157f09478,nsga2,b0289d5140841153,6.292362436347563,3350.5837555790513,-0.35714285714285715,6.292362436347563,3350.5837555790513,-0.35714285714285715,0.0,0.0,0.0,0.5566569358002285,0.35714285714285715,0.0,225.91973624344973,False,False,True,
S025,corridor,inactive,101,1060000,0,PR1_HT1_EC0,No-EC,S025@corridor@inactive:i101:nsga2:s1060000:r0:PR1_HT1_EC0:a86ce6b22107,1efe1d1907c2fa4b02522f8fdf5dd2f7ca474637751fc5d683586fd07890f5aa,p0017,v2,179b483864702c06d2fd6588dbbdaffaa29d0c92d040844319c17a1c6906a610,full,9d4be61a61fa0afcf9d0e9a7d81c4d0b248ef00c80c717970c5b39a157f09478,nsga2,34a711359985335f,6.267580109772,3373.5416675843844,-0.3353658536585366,6.267580109772,3373.5416675843844,-0.3353658536585366,0.0,0.0,0.0,0.5574600258698217,0.3353658536585366,0.0,225.3913029776574,False,False,True,
S025,corridor,inactive,101,1060000,0,PR1_HT1_EC0,No-EC,S025@corridor@inactive:i101:nsga2:s1060000:r0:PR1_HT1_EC0:a86ce6b22107,1efe1d1907c2fa4b02522f8fdf5dd2f7ca474637751fc5d683586fd07890f5aa,p0018,v2,179b483864702c06d2fd6588dbbdaffaa29d0c92d040844319c17a1c6906a610,full,9d4be61a61fa0afcf9d0e9a7d81c4d0b248ef00c80c717970c5b39a157f09478,nsga2,4dc9fa278cb9d15f,6.36424390582888,3348.3369861496076,-0.28061224489795916,6.36424390582888,3348.3369861496076,-0.28061224489795916,0.0,0.0,0.0,0.5177143931431583,0.28061224489795916,0.0,251.5439293118019,False,False,True,
S025,corridor,inactive,101,1060000,0,PR1_HT1_EC0,No-EC,S025@corridor@inactive:i101:nsga2:s1060000:r0:PR1_HT1_EC0:a86ce6b22107,1efe1d1907c2fa4b02522f8fdf5dd2f7ca474637751fc5d683586fd07890f5aa,p0019,v2,179b483864702c06d2fd6588dbbdaffaa29d0c92d040844319c17a1c6906a610,full,9d4be61a61fa0afcf9d0e9a7d81c4d0b248ef00c80c717970c5b39a157f09478,nsga2,99eff3763cb46d83,6.246820027219396,3420.544965220394,-0.2564102564102564,6.246820027219396,3420.544965220394,-0.2564102564102564,0.0,0.0,0.0,0.5694910845888803,0.2564102564102564,0.0,217.47486634051683,False,False,True,
S025,corridor,inactive,101,1060000,0,PR1_HT1_EC0,No-EC,S025@corridor@inactive:i101:nsga2:s1060000:r0:PR1_HT1_EC0:a86ce6b22107,1efe1d1907c2fa4b02522f8fdf5dd2f7ca474637751fc5d683586fd07890f5aa,p0020,v2,179b483864702c06d2fd6588dbbdaffaa29d0c92d040844319c17a1c6906a610,full,9d4be61a61fa0afcf9d0e9a7d81c4d0b248ef00c80c717970c5b39a157f09478,nsga2,ba3c8b4eb0d9487e,6.284695201140526,3373.4022132467094,-0.25,6.284695201140526,3373.4022132467094,-0.25,0.0,0.0,0.0,0.5693717473796965,0.25,0.0,217.55339022415973,False,False,True,
S025,corridor,inactive,101,1060000,0,PR1_HT1_EC0,No-EC,S025@corridor@inactive:i101:nsga2:s1060000:r0:PR1_HT1_EC0:a86ce6b22107,1efe1d1907c2fa4b02522f8fdf5dd2f7ca474637751fc5d683586fd07890f5aa,p0021,v2,179b483864702c06d2fd6588dbbdaffaa29d0c92d040844319c17a1c6906a610,full,9d4be61a61fa0afcf9d0e9a7d81c4d0b248ef00c80c717970c5b39a157f09478,nsga2,8e6cff53446ca7ad,6.590660709533896,2387.2186563702253,-0.20408163265306123,6.590660709533896,2387.2186563702253,-0.20408163265306123,0.0,0.0,0.0,0.4479134611747981,0.20408163265306123,0.0,297.4729425469829,False,False,True,
S025,corridor,inactive,101,1060000,0,PR1_HT1_EC0,No-EC,S025@corridor@inactive:i101:nsga2:s1060000:r0:PR1_HT1_EC0:a86ce6b22107,1efe1d1907c2fa4b02522f8fdf5dd2f7ca474637751fc5d683586fd07890f5aa,p0022,v2,179b483864702c06d2fd6588dbbdaffaa29d0c92d040844319c17a1c6906a610,full,9d4be61a61fa0afcf9d0e9a7d81c4d0b248ef00c80c717970c5b39a157f09478,nsga2,1087cdc0e79eba39,6.585032999857713,2456.0923923862265,-0.20408163265306123,6.585032999857713,2456.0923923862265,-0.20408163265306123,0.0,0.0,0.0,0.449243024664707,0.20408163265306123,0.0,296.59808977062283,False,False,True,
S025,corridor,inactive,101,1060000,0,PR1_HT1_EC0,No-EC,S025@corridor@inactive:i101:nsga2:s1060000:r0:PR1_HT1_EC0:a86ce6b22107,1efe1d1907c2fa4b02522f8fdf5dd2f7ca474637751fc5d683586fd07890f5aa,p0023,v2,179b483864702c06d2fd6588dbbdaffaa29d0c92d040844319c17a1c6906a610,full,9d4be61a61fa0afcf9d0e9a7d81c4d0b248ef00c80c717970c5b39a157f09478,nsga2,ecac52184f0c90b1,6.536449952593118,2458.3391618156697,-0.19230769230769232,6.536449952593118,2458.3391618156697,-0.19230769230769232,0.0,0.0,0.0,0.47960362341394935,0.19230769230769232,0.0,276.6208157936214,False,False,True,
S025,corridor,inactive,101,1060000,0,PR1_HT1_EC0,No-EC,S025@corridor@inactive:i101:nsga2:s1060000:r0:PR1_HT1_EC0:a86ce6b22107,1efe1d1907c2fa4b02522f8fdf5dd2f7ca474637751fc5d683586fd07890f5aa,p0024,v2,179b483864702c06d2fd6588dbbdaffaa29d0c92d040844319c17a1c6906a610,full,9d4be61a61fa0afcf9d0e9a7d81c4d0b248ef00c80c717970c5b39a157f09478,nsga2,9eb27a6da5b1ba26,6.528518052876863,2458.8828986283406,-0.19230769230769232,6.528518052876863,2458.8828986283406,-0.19230769230769232,0.0,0.0,0.0,0.48323259714042077,0.19230769230769232,0.0,274.2329510816032,False,False,True,
S025,corridor,inactive,101,1060000,0,PR1_HT1_EC0,No-EC,S025@corridor@inactive:i101:nsga2:s1060000:r0:PR1_HT1_EC0:a86ce6b22107,1efe1d1907c2fa4b02522f8fdf5dd2f7ca474637751fc5d683586fd07890f5aa,p0025,v2,179b483864702c06d2fd6588dbbdaffaa29d0c92d040844319c17a1c6906a610,full,9d4be61a61fa0afcf9d0e9a7d81c4d0b248ef00c80c717970c5b39a157f09478,nsga2,4ef2881dce43bf3e,6.286907757094646,3351.979008700108,-0.16666666666666666,6.286907757094646,3351.979008700108,-0.16666666666666666,0.0,0.0,0.0,0.5603182186843807,0.16666666666666666,0.0,223.51061210567758,False,False,True,
S025,corridor,inactive,101,1060000,0,PR1_HT1_EC0,No-EC,S025@corridor@inactive:i101:nsga2:s1060000:r0:PR1_HT1_EC0:a86ce6b22107,1efe1d1907c2fa4b02522f8fdf5dd2f7ca474637751fc5d683586fd07890f5aa,p0026,v2,179b483864702c06d2fd6588dbbdaffaa29d0c92d040844319c17a1c6906a610,full,9d4be61a61fa0afcf9d0e9a7d81c4d0b248ef00c80c717970c5b39a157f09478,nsga2,4e91815dcc1a1ba7,6.249334673311914,3374.629141209726,-0.16666666666666666,6.249334673311914,3374.629141209726,-0.16666666666666666,0.0,0.0,0.0,0.5669764384963623,0.16666666666666666,0.0,219.12950346939368,False,False,True,
S025,corridor,inactive,101,1060000,0,PR1_HT1_EC0,No-EC,S025@corridor@inactive:i101:nsga2:s1060000:r0:PR1_HT1_EC0:a86ce6b22107,1efe1d1907c2fa4b02522f8fdf5dd2f7ca474637751fc5d683586fd07890f5aa,p0027,v2,179b483864702c06d2fd6588dbbdaffaa29d0c92d040844319c17a1c6906a610,full,9d4be61a61fa0afcf9d0e9a7d81c4d0b248ef00c80c717970c5b39a157f09478,nsga2,177c5fb193fc59a5,6.605858277922954,2292.9415528843565,-0.15306122448979592,6.605858277922954,2292.9415528843565,-0.15306122448979592,0.0,0.0,0.0,0.43271589278574035,0.15306122448979592,0.0,307.4729425469829,False,False,True,
S025,corridor,inactive,101,1060000,0,PR1_HT1_EC0,No-EC,S025@corridor@inactive:i101:nsga2:s1060000:r0:PR1_HT1_EC0:a86ce6b22107,1efe1d1907c2fa4b02522f8fdf5dd2f7ca474637751fc5d683586fd07890f5aa,p0028,v2,179b483864702c06d2fd6588dbbdaffaa29d0c92d040844319c17a1c6906a610,full,9d4be61a61fa0afcf9d0e9a7d81c4d0b248ef00c80c717970c5b39a157f09478,nsga2,4b855c6f0330cac9,6.583286877323383,2319.9862345071006,-0.10204081632653061,6.583286877323383,2319.9862345071006,-0.10204081632653061,0.0,0.0,0.0,0.4292877372451875,0.10204081632653061,0.0,309.7286688926667,False,False,True,
S025,corridor,inactive,101,1060000,0,PR1_HT1_EC0,No-EC,S025@corridor@inactive:i101:nsga2:s1060000:r0:PR1_HT1_EC0:a86ce6b22107,1efe1d1907c2fa4b02522f8fdf5dd2f7ca474637751fc5d683586fd07890f5aa,p0029,v2,179b483864702c06d2fd6588dbbdaffaa29d0c92d040844319c17a1c6906a610,full,9d4be61a61fa0afcf9d0e9a7d81c4d0b248ef00c80c717970c5b39a157f09478,nsga2,a083044d8f78c210,6.904635258359354,704.0078882202506,-0.0,6.904635258359354,704.0078882202506,-0.0,0.0,0.0,0.0,0.2431610942248377,0.0,0.6666666666666666,432.20000000005683,False,False,True,
S025,corridor,inactive,101,1060000,0,PR1_HT1_EC0,No-EC,S025@corridor@inactive:i101:nsga2:s1060000:r0:PR1_HT1_EC0:a86ce6b22107,1efe1d1907c2fa4b02522f8fdf5dd2f7ca474637751fc5d683586fd07890f5aa,p0030,v2,179b483864702c06d2fd6588dbbdaffaa29d0c92d040844319c17a1c6906a610,full,9d4be61a61fa0afcf9d0e9a7d81c4d0b248ef00c80c717970c5b39a157f09478,nsga2,4da2e6927f0da410,6.567156144261677,2382.416631472054,-0.0,6.567156144261677,2382.416631472054,-0.0,0.0,0.0,0.0,0.4445945057556067,0.0,0.16666666666666666,299.65681521281084,False,False,True,
S025,corridor,inactive,101,1060000,0,PR1_HT1_EC0,No-EC,S025@corridor@inactive:i101:nsga2:s1060000:r0:PR1_HT1_EC0:a86ce6b22107,1efe1d1907c2fa4b02522f8fdf5dd2f7ca474637751fc5d683586fd07890f5aa,p0031,v2,179b483864702c06d2fd6588dbbdaffaa29d0c92d040844319c17a1c6906a610,full,9d4be61a61fa0afcf9d0e9a7d81c4d0b248ef00c80c717970c5b39a157f09478,nsga2,889fdbd3e2360614,6.874240121581239,1169.3587059172264,-0.0,6.874240121581239,1169.3587059172264,-0.0,0.0,0.0,0.0,0.27355623100295323,0.0,0.5,412.20000000005683,False,False,True,
S025,corridor,inactive,101,1060000,0,PR1_HT1_EC0,No-EC,S025@corridor@inactive:i101:nsga2:s1060000:r0:PR1_HT1_EC0:a86ce6b22107,1efe1d1907c2fa4b02522f8fdf5dd2f7ca474637751fc5d683586fd07890f5aa,p0032,v2,179b483864702c06d2fd6588dbbdaffaa29d0c92d040844319c17a1c6906a610,full,9d4be61a61fa0afcf9d0e9a7d81c4d0b248ef00c80c717970c5b39a157f09478,nsga2,b80b0f0dc69a5d8c,6.880831837991047,1075.352110645208,-0.0,6.880831837991047,1075.352110645208,-0.0,0.0,0.0,0.0,0.2669645145931444,0.0,0.5,416.537349397711,False,False,True,
S025,corridor,inactive,101,1060000,0,PR1_HT1_EC0,No-EC,S025@corridor@inactive:i101:nsga2:s1060000:r0:PR1_HT1_EC0:a86ce6b22107,1efe1d1907c2fa4b02522f8fdf5dd2f7ca474637751fc5d683586fd07890f5aa,p0033,v2,179b483864702c06d2fd6588dbbdaffaa29d0c92d040844319c17a1c6906a610,full,9d4be61a61fa0afcf9d0e9a7d81c4d0b248ef00c80c717970c5b39a157f09478,nsga2,4afba8e246326d35,6.792509897502747,1871.3234906472276,-0.0,6.792509897502747,1871.3234906472276,-0.0,0.0,0.0,0.0,0.33148303471313806,0.0,0.3333333333333333,374.0841631587552,False,False,True,
S025,corridor,inactive,101,1060000,0,PR1_HT1_EC0,No-EC,S025@corridor@inactive:i101:nsga2:s1060000:r0:PR1_HT1_EC0:a86ce6b22107,1efe1d1907c2fa4b02522f8fdf5dd2f7ca474637751fc5d683586fd07890f5aa,p0034,v2,179b483864702c06d2fd6588dbbdaffaa29d0c92d040844319c17a1c6906a610,full,9d4be61a61fa0afcf9d0e9a7d81c4d0b248ef00c80c717970c5b39a157f09478,nsga2,7e166ff977d9ef81,6.768589555792446,1933.6590732451054,-0.0,6.768589555792446,1933.6590732451054,-0.0,0.0,0.0,0.0,0.3488116600136302,0.0,0.3333333333333333,362.6819277110314,False,False,True,
S025,corridor,inactive,101,1060000,0,PR1_HT1_EC0,No-EC,S025@corridor@inactive:i101:nsga2:s1060000:r0:PR1_HT1_EC0:a86ce6b22107,1efe1d1907c2fa4b02522f8fdf5dd2f7ca474637751fc5d683586fd07890f5aa,p0035,v2,179b483864702c06d2fd6588dbbdaffaa29d0c92d040844319c17a1c6906a610,full,9d4be61a61fa0afcf9d0e9a7d81c4d0b248ef00c80c717970c5b39a157f09478,nsga2,a9565a8beb63fdb9,6.773899549567069,1895.6766557736182,-0.0,6.773899549567069,1895.6766557736182,-0.0,0.0,0.0,0.0,0.3435016662390064,0.0,0.3333333333333333,366.17590361473384,False,False,True,
S025,corridor,inactive,101,1060000,0,PR1_HT1_EC0,No-EC,S025@corridor@inactive:i101:nsga2:s1060000:r0:PR1_HT1_EC0:a86ce6b22107,1efe1d1907c2fa4b02522f8fdf5dd2f7ca474637751fc5d683586fd07890f5aa,p0036,v2,179b483864702c06d2fd6588dbbdaffaa29d0c92d040844319c17a1c6906a610,full,9d4be61a61fa0afcf9d0e9a7d81c4d0b248ef00c80c717970c5b39a157f09478,nsga2,1e9a8acae592f858,6.795413076483857,1866.2143927969114,-0.0,6.795413076483857,1866.2143927969114,-0.0,0.0,0.0,0.0,0.3285798557320273,0.0,0.3333333333333333,375.9944549283261,False,False,True,
S025,corridor,inactive,101,1060000,0,PR1_HT1_EC0,No-EC,S025@corridor@inactive:i101:nsga2:s1060000:r0:PR1_HT1_EC0:a86ce6b22107,1efe1d1907c2fa4b02522f8fdf5dd2f7ca474637751fc5d683586fd07890f5aa,p0037,v2,179b483864702c06d2fd6588dbbdaffaa29d0c92d040844319c17a1c6906a610,full,9d4be61a61fa0afcf9d0e9a7d81c4d0b248ef00c80c717970c5b39a157f09478,nsga2,74047ea86277f249,6.688787063147219,2065.9052056866203,-0.0,6.688787063147219,2065.9052056866203,-0.0,0.0,0.0,0.0,0.3678238791026265,0.0,0.16666666666666666,350.1718875504718,False,False,True,
S025,corridor,inactive,101,1060000,0,PR1_HT1_EC0,No-EC,S025@corridor@inactive:i101:nsga2:s1060000:r0:PR1_HT1_EC0:a86ce6b22107,1efe1d1907c2fa4b02522f8fdf5dd2f7ca474637751fc5d683586fd07890f5aa,p0038,v2,179b483864702c06d2fd6588dbbdaffaa29d0c92d040844319c17a1c6906a610,full,9d4be61a61fa0afcf9d0e9a7d81c4d0b248ef00c80c717970c5b39a157f09478,nsga2,3ed489cf05fa65aa,6.683565679572183,2156.5057357250944,-0.0,6.683565679572183,2156.5057357250944,-0.0,0.0,0.0,0.0,0.3737776756122735,0.0,0.3333333333333333,346.2542894471241,False,False,True,
S025,corridor,inactive,101,1060000,0,PR1_HT1_EC0,No-EC,S025@corridor@inactive:i101:nsga2:s1060000:r0:PR1_HT1_EC0:a86ce6b22107,1efe1d1907c2fa4b02522f8fdf5dd2f7ca474637751fc5d683586fd07890f5aa,p0039,v2,179b483864702c06d2fd6588dbbdaffaa29d0c92d040844319c17a1c6906a610,full,9d4be61a61fa0afcf9d0e9a7d81c4d0b248ef00c80c717970c5b39a157f09478,nsga2,304958a71d22eccd,6.719196158368587,2018.0503917422247,-0.0,6.719196158368587,2018.0503917422247,-0.0,0.0,0.0,0.0,0.35446875433164154,0.0,0.3333333333333333,358.9595596497799,False,False,True,
S025,corridor,inactive,101,1060000,0,PR1_HT1_EC0,No-EC,S025@corridor@inactive:i101:nsga2:s1060000:r0:PR1_HT1_EC0:a86ce6b22107,1efe1d1907c2fa4b02522f8fdf5dd2f7ca474637751fc5d683586fd07890f5aa,p0040,v2,179b483864702c06d2fd6588dbbdaffaa29d0c92d040844319c17a1c6906a610,full,9d4be61a61fa0afcf9d0e9a7d81c4d0b248ef00c80c717970c5b39a157f09478,nsga2,effcaf52c5d11abe,6.878726150804589,1144.2258466612093,-0.0,6.878726150804589,1144.2258466612093,-0.0,0.0,0.0,0.0,0.2690702017796025,0.0,0.3333333333333333,415.1518072290216,False,False,True,
S025,corridor,inactive,101,1060000,0,PR1_HT1_EC1,Full,S025@corridor@inactive:i101:nsga2:s1060000:r0:PR1_HT1_EC1:936edd1f2272,1efe1d1907c2fa4b02522f8fdf5dd2f7ca474637751fc5d683586fd07890f5aa,p0001,v2,9d4be61a61fa0afcf9d0e9a7d81c4d0b248ef00c80c717970c5b39a157f09478,full,9d4be61a61fa0afcf9d0e9a7d81c4d0b248ef00c80c717970c5b39a157f09478,nsga2,17f5967e22085cf5,4.532757880055506,5027.05519257525,-0.8678714859437232,4.532757880055506,5027.05519257525,-0.8678714859437232,0.0,0.0,0.0,0.8999999999998745,0.8678714859437232,0.0,8.262190931418445e-11,False,True,True,
S025,corridor,inactive,101,1060000,0,PR1_HT1_EC1,Full,S025@corridor@inactive:i101:nsga2:s1060000:r0:PR1_HT1_EC1:936edd1f2272,1efe1d1907c2fa4b02522f8fdf5dd2f7ca474637751fc5d683586fd07890f5aa,p0002,v2,9d4be61a61fa0afcf9d0e9a7d81c4d0b248ef00c80c717970c5b39a157f09478,full,9d4be61a61fa0afcf9d0e9a7d81c4d0b248ef00c80c717970c5b39a157f09478,nsga2,f7b3d930cdf94093,4.544170196602644,5024.500643650092,-0.8678714859437232,4.544170196602644,5024.500643650092,-0.8678714859437232,0.0,0.0,0.0,0.8999999999998745,0.8678714859437232,0.0,8.260769845946925e-11,False,True,True,
S025,corridor,inactive,101,1060000,0,PR1_HT1_EC1,Full,S025@corridor@inactive:i101:nsga2:s1060000:r0:PR1_HT1_EC1:936edd1f2272,1efe1d1907c2fa4b02522f8fdf5dd2f7ca474637751fc5d683586fd07890f5aa,p0003,v2,9d4be61a61fa0afcf9d0e9a7d81c4d0b248ef00c80c717970c5b39a157f09478,full,9d4be61a61fa0afcf9d0e9a7d81c4d0b248ef00c80c717970c5b39a157f09478,nsga2,1cf0727b6e4aef4b,4.528251717410251,5050.013104580583,-0.8678714859436998,4.528251717410251,5050.013104580583,-0.8678714859436998,0.0,0.0,0.0,0.8999999999998567,0.8678714859436998,0.0,9.43387590268685e-11,True,True,True,
S025,corridor,inactive,101,1060000,0,PR1_HT1_EC1,Full,S025@corridor@inactive:i101:nsga2:s1060000:r0:PR1_HT1_EC1:936edd1f2272,1efe1d1907c2fa4b02522f8fdf5dd2f7ca474637751fc5d683586fd07890f5aa,p0004,v2,9d4be61a61fa0afcf9d0e9a7d81c4d0b248ef00c80c717970c5b39a157f09478,full,9d4be61a61fa0afcf9d0e9a7d81c4d0b248ef00c80c717970c5b39a157f09478,nsga2,c372f185ca3aab9f,5.81048087756818,4067.3713031685447,-0.5792682926829268,5.81048087756818,4067.3713031685447,-0.5792682926829268,0.0,0.0,0.0,0.7002603264286574,0.5792682926829268,0.0,131.42870520994347,False,True,True,
S025,corridor,inactive,101,1060000,0,PR1_HT1_EC1,Full,S025@corridor@inactive:i101:nsga2:s1060000:r0:PR1_HT1_EC1:936edd1f2272,1efe1d1907c2fa4b02522f8fdf5dd2f7ca474637751fc5d683586fd07890f5aa,p0005,v2,9d4be61a61fa0afcf9d0e9a7d81c4d0b248ef00c80c717970c5b39a157f09478,full,9d4be61a61fa0afcf9d0e9a7d81c4d0b248ef00c80c717970c5b39a157f09478,nsga2,52a18a0c9bf3b6c7,5.842915287098676,3870.041163068089,-0.5612244897959183,5.842915287098676,3870.041163068089,-0.5612244897959183,0.0,0.0,0.0,0.6926082434737245,0.5612244897959183,0.0,136.46377579428935,False,True,True,
S025,corridor,inactive,101,1060000,0,PR1_HT1_EC1,Full,S025@corridor@inactive:i101:nsga2:s1060000:r0:PR1_HT1_EC1:936edd1f2272,1efe1d1907c2fa4b02522f8fdf5dd2f7ca474637751fc5d683586fd07890f5aa,p0006,v2,9d4be61a61fa0afcf9d0e9a7d81c4d0b248ef00c80c717970c5b39a157f09478,full,9d4be61a61fa0afcf9d0e9a7d81c4d0b248ef00c80c717970c5b39a157f09478,nsga2,cefa1863f33f9578,5.8372944173995975,3949.503532906394,-0.5612244897959183,5.8372944173995975,3949.503532906394,-0.5612244897959183,0.0,0.0,0.0,0.6911229413981823,0.5612244897959183,0.0,137.44110455999612,False,True,True,
S025,corridor,inactive,101,1060000,0,PR1_HT1_EC1,Full,S025@corridor@inactive:i101:nsga2:s1060000:r0:PR1_HT1_EC1:936edd1f2272,1efe1d1907c2fa4b02522f8fdf5dd2f7ca474637751fc5d683586fd07890f5aa,p0007,v2,9d4be61a61fa0afcf9d0e9a7d81c4d0b248ef00c80c717970c5b39a157f09478,full,9d4be61a61fa0afcf9d0e9a7d81c4d0b248ef00c80c717970c5b39a157f09478,nsga2,89c855ddcf0294ba,5.823239145072931,4066.827566355874,-0.5182926829268293,5.823239145072931,4066.827566355874,-0.5182926829268293,0.0,0.0,0.0,0.6853665736435112,0.5182926829268293,0.0,141.22879454256972,False,True,True,
S025,corridor,inactive,101,1060000,0,PR1_HT1_EC1,Full,S025@corridor@inactive:i101:nsga2:s1060000:r0:PR1_HT1_EC1:936edd1f2272,1efe1d1907c2fa4b02522f8fdf5dd2f7ca474637751fc5d683586fd07890f5aa,p0008,v2,9d4be61a61fa0afcf9d0e9a7d81c4d0b248ef00c80c717970c5b39a157f09478,full,9d4be61a61fa0afcf9d0e9a7d81c4d0b248ef00c80c717970c5b39a157f09478,nsga2,994c553c480671f9,5.785258646099938,4066.827566355874,-0.5,5.785258646099938,4066.827566355874,-0.5,0.0,0.0,0.0,0.7077592939044729,0.5,0.0,126.49438461085691,False,True,True,
S025,corridor,inactive,101,1060000,0,PR1_HT1_EC1,Full,S025@corridor@inactive:i101:nsga2:s1060000:r0:PR1_HT1_EC1:936edd1f2272,1efe1d1907c2fa4b02522f8fdf5dd2f7ca474637751fc5d683586fd07890f5aa,p0009,v2,9d4be61a61fa0afcf9d0e9a7d81c4d0b248ef00c80c717970c5b39a157f09478,full,9d4be61a61fa0afcf9d0e9a7d81c4d0b248ef00c80c717970c5b39a157f09478,nsga2,b229ab1a27545f4d,6.0236621085210755,3572.5271295732837,-0.5,6.0236621085210755,3572.5271295732837,-0.5,0.0,0.0,0.0,0.6497799476900699,0.5,0.0,164.64479441993413,False,True,True,
S025,corridor,inactive,101,1060000,0,PR1_HT1_EC1,Full,S025@corridor@inactive:i101:nsga2:s1060000:r0:PR1_HT1_EC1:936edd1f2272,1efe1d1907c2fa4b02522f8fdf5dd2f7ca474637751fc5d683586fd07890f5aa,p0010,v2,9d4be61a61fa0afcf9d0e9a7d81c4d0b248ef00c80c717970c5b39a157f09478,full,9d4be61a61fa0afcf9d0e9a7d81c4d0b248ef00c80c717970c5b39a157f09478,nsga2,985dccd2a5c40ea5,5.840171887981812,3871.0296469476707,-0.4878048780487805,5.840171887981812,3871.0296469476707,-0.4878048780487805,0.0,0.0,0.0,0.6823525754933508,0.4878048780487805,0.0,143.21200532537512,False,True,True,
S025,corridor,inactive,101,1060000,0,PR1_HT1_EC1,Full,S025@corridor@inactive:i101:nsga2:s1060000:r0:PR1_HT1_EC1:936edd1f2272,1efe1d1907c2fa4b02522f8fdf5dd2f7ca474637751fc5d683586fd07890f5aa,p0011,v2,9d4be61a61fa0afcf9d0e9a7d81c4d0b248ef00c80c717970c5b39a157f09478,full,9d4be61a61fa0afcf9d0e9a7d81c4d0b248ef00c80c717970c5b39a157f09478,nsga2,4b55a74c39476d0e,6.107362954586695,3526.6113055626165,-0.45918367346938777,6.107362954586695,3526.6113055626165,-0.45918367346938777,0.0,0.0,0.0,0.6158135307747613,0.45918367346938777,0.0,186.99469675020714,False,True,True,
S025,corridor,inactive,101,1060000,0,PR1_HT1_EC1,Full,S025@corridor@inactive:i101:nsga2:s1060000:r0:PR1_HT1_EC1:936edd1f2272,1efe1d1907c2fa4b02522f8fdf5dd2f7ca474637751fc5d683586fd07890f5aa,p0012,v2,9d4be61a61fa0afcf9d0e9a7d81c4d0b248ef00c80c717970c5b39a157f09478,full,9d4be61a61fa0afcf9d0e9a7d81c4d0b248ef00c80c717970c5b39a157f09478,nsga2,1be58d91cec11329,5.780334523195965,3900.628877495573,-0.44871794871794873,5.780334523195965,3900.628877495573,-0.44871794871794873,0.0,0.0,0.0,0.701531714904225,0.44871794871794873,0.0,130.59213159302004,False,True,True,
S025,corridor,inactive,101,1060000,0,PR1_HT1_EC1,Full,S025@corridor@inactive:i101:nsga2:s1060000:r0:PR1_HT1_EC1:936edd1f2272,1efe1d1907c2fa4b02522f8fdf5dd2f7ca474637751fc5d683586fd07890f5aa,p0013,v2,9d4be61a61fa0afcf9d0e9a7d81c4d0b248ef00c80c717970c5b39a157f09478,full,9d4be61a61fa0afcf9d0e9a7d81c4d0b248ef00c80c717970c5b39a157f09478,nsga2,433ef2fb19b0298c,5.8147295785227415,3871.0296469476707,-0.4166666666666667,5.8147295785227415,3871.0296469476707,-0.4166666666666667,0.0,0.0,0.0,0.7017285405506583,0.4166666666666667,0.0,130.4626203176669,False,True,True,
S025,corridor,inactive,101,1060000,0,PR1_HT1_EC1,Full,S025@corridor@inactive:i101:nsga2:s1060000:r0:PR1_HT1_EC1:936edd1f2272,1efe1d1907c2fa4b02522f8fdf5dd2f7ca474637751fc5d683586fd07890f5aa,p0014,v2,9d4be61a61fa0afcf9d0e9a7d81c4d0b248ef00c80c717970c5b39a157f09478,full,9d4be61a61fa0afcf9d0e9a7d81c4d0b248ef00c80c717970c5b39a157f09478,nsga2,44a77cee2e030ab5,6.018873356946206,3573.0708663859546,-0.4166666666666667,6.018873356946206,3573.0708663859546,-0.4166666666666667,0.0,0.0,0.0,0.6457929804302929,0.4166666666666667,0.0,167.26821887686737,False,True,True,
S025,corridor,inactive,101,1060000,0,PR1_HT1_EC1,Full,S025@corridor@inactive:i101:nsga2:s1060000:r0:PR1_HT1_EC1:936edd1f2272,1efe1d1907c2fa4b02522f8fdf5dd2f7ca474637751fc5d683586fd07890f5aa,p0015,v2,9d4be61a61fa0afcf9d0e9a7d81c4d0b248ef00c80c717970c5b39a157f09478,full,9d4be61a61fa0afcf9d0e9a7d81c4d0b248ef00c80c717970c5b39a157f09478,nsga2,922e667a7d1455af,6.02844579107181,3572.219350077569,-0.38461538461538464,6.02844579107181,3572.219350077569,-0.38461538461538464,0.0,0.0,0.0,0.6371538040040292,0.38461538461538464,0.0,172.95279696534888,False,True,True,
S025,corridor,inactive,101,1060000,0,PR1_HT1_EC1,Full,S025@corridor@inactive:i101:nsga2:s1060000:r0:PR1_HT1_EC1:936edd1f2272,1efe1d1907c2fa4b02522f8fdf5dd2f7ca474637751fc5d683586fd07890f5aa,p0016,v2,9d4be61a61fa0afcf9d0e9a7d81c4d0b248ef00c80c717970c5b39a157f09478,full,9d4be61a61fa0afcf9d0e9a7d81c4d0b248ef00c80c717970c5b39a157f09478,nsga2,b0289d5140841153,6.292362436347563,3350.5837555790513,-0.35714285714285715,6.292362436347563,3350.5837555790513,-0.35714285714285715,0.0,0.0,0.0,0.5566569358002285,0.35714285714285715,0.0,225.91973624344973,False,True,True,
S025,corridor,inactive,101,1060000,0,PR1_HT1_EC1,Full,S025@corridor@inactive:i101:nsga2:s1060000:r0:PR1_HT1_EC1:936edd1f2272,1efe1d1907c2fa4b02522f8fdf5dd2f7ca474637751fc5d683586fd07890f5aa,p0017,v2,9d4be61a61fa0afcf9d0e9a7d81c4d0b248ef00c80c717970c5b39a157f09478,full,9d4be61a61fa0afcf9d0e9a7d81c4d0b248ef00c80c717970c5b39a157f09478,nsga2,34a711359985335f,6.267580109772,3373.5416675843844,-0.3353658536585366,6.267580109772,3373.5416675843844,-0.3353658536585366,0.0,0.0,0.0,0.5574600258698217,0.3353658536585366,0.0,225.3913029776574,False,True,True,
S025,corridor,inactive,101,1060000,0,PR1_HT1_EC1,Full,S025@corridor@inactive:i101:nsga2:s1060000:r0:PR1_HT1_EC1:936edd1f2272,1efe1d1907c2fa4b02522f8fdf5dd2f7ca474637751fc5d683586fd07890f5aa,p0018,v2,9d4be61a61fa0afcf9d0e9a7d81c4d0b248ef00c80c717970c5b39a157f09478,full,9d4be61a61fa0afcf9d0e9a7d81c4d0b248ef00c80c717970c5b39a157f09478,nsga2,4dc9fa278cb9d15f,6.36424390582888,3348.3369861496076,-0.28061224489795916,6.36424390582888,3348.3369861496076,-0.28061224489795916,0.0,0.0,0.0,0.5177143931431583,0.28061224489795916,0.0,251.5439293118019,False,True,True,
S025,corridor,inactive,101,1060000,0,PR1_HT1_EC1,Full,S025@corridor@inactive:i101:nsga2:s1060000:r0:PR1_HT1_EC1:936edd1f2272,1efe1d1907c2fa4b02522f8fdf5dd2f7ca474637751fc5d683586fd07890f5aa,p0019,v2,9d4be61a61fa0afcf9d0e9a7d81c4d0b248ef00c80c717970c5b39a157f09478,full,9d4be61a61fa0afcf9d0e9a7d81c4d0b248ef00c80c717970c5b39a157f09478,nsga2,99eff3763cb46d83,6.246820027219396,3420.544965220394,-0.2564102564102564,6.246820027219396,3420.544965220394,-0.2564102564102564,0.0,0.0,0.0,0.5694910845888803,0.2564102564102564,0.0,217.47486634051683,False,True,True,
S025,corridor,inactive,101,1060000,0,PR1_HT1_EC1,Full,S025@corridor@inactive:i101:nsga2:s1060000:r0:PR1_HT1_EC1:936edd1f2272,1efe1d1907c2fa4b02522f8fdf5dd2f7ca474637751fc5d683586fd07890f5aa,p0020,v2,9d4be61a61fa0afcf9d0e9a7d81c4d0b248ef00c80c717970c5b39a157f09478,full,9d4be61a61fa0afcf9d0e9a7d81c4d0b248ef00c80c717970c5b39a157f09478,nsga2,ba3c8b4eb0d9487e,6.284695201140526,3373.4022132467094,-0.25,6.284695201140526,3373.4022132467094,-0.25,0.0,0.0,0.0,0.5693717473796965,0.25,0.0,217.55339022415973,False,True,True,
S025,corridor,inactive,101,1060000,0,PR1_HT1_EC1,Full,S025@corridor@inactive:i101:nsga2:s1060000:r0:PR1_HT1_EC1:936edd1f2272,1efe1d1907c2fa4b02522f8fdf5dd2f7ca474637751fc5d683586fd07890f5aa,p0021,v2,9d4be61a61fa0afcf9d0e9a7d81c4d0b248ef00c80c717970c5b39a157f09478,full,9d4be61a61fa0afcf9d0e9a7d81c4d0b248ef00c80c717970c5b39a157f09478,nsga2,8e6cff53446ca7ad,6.590660709533896,2387.2186563702253,-0.20408163265306123,6.590660709533896,2387.2186563702253,-0.20408163265306123,0.0,0.0,0.0,0.4479134611747981,0.20408163265306123,0.0,297.4729425469829,False,True,True,
S025,corridor,inactive,101,1060000,0,PR1_HT1_EC1,Full,S025@corridor@inactive:i101:nsga2:s1060000:r0:PR1_HT1_EC1:936edd1f2272,1efe1d1907c2fa4b02522f8fdf5dd2f7ca474637751fc5d683586fd07890f5aa,p0022,v2,9d4be61a61fa0afcf9d0e9a7d81c4d0b248ef00c80c717970c5b39a157f09478,full,9d4be61a61fa0afcf9d0e9a7d81c4d0b248ef00c80c717970c5b39a157f09478,nsga2,1087cdc0e79eba39,6.585032999857713,2456.0923923862265,-0.20408163265306123,6.585032999857713,2456.0923923862265,-0.20408163265306123,0.0,0.0,0.0,0.449243024664707,0.20408163265306123,0.0,296.59808977062283,False,True,True,
S025,corridor,inactive,101,1060000,0,PR1_HT1_EC1,Full,S025@corridor@inactive:i101:nsga2:s1060000:r0:PR1_HT1_EC1:936edd1f2272,1efe1d1907c2fa4b02522f8fdf5dd2f7ca474637751fc5d683586fd07890f5aa,p0023,v2,9d4be61a61fa0afcf9d0e9a7d81c4d0b248ef00c80c717970c5b39a157f09478,full,9d4be61a61fa0afcf9d0e9a7d81c4d0b248ef00c80c717970c5b39a157f09478,nsga2,ecac52184f0c90b1,6.536449952593118,2458.3391618156697,-0.19230769230769232,6.536449952593118,2458.3391618156697,-0.19230769230769232,0.0,0.0,0.0,0.47960362341394935,0.19230769230769232,0.0,276.6208157936214,False,True,True,
S025,corridor,inactive,101,1060000,0,PR1_HT1_EC1,Full,S025@corridor@inactive:i101:nsga2:s1060000:r0:PR1_HT1_EC1:936edd1f2272,1efe1d1907c2fa4b02522f8fdf5dd2f7ca474637751fc5d683586fd07890f5aa,p0024,v2,9d4be61a61fa0afcf9d0e9a7d81c4d0b248ef00c80c717970c5b39a157f09478,full,9d4be61a61fa0afcf9d0e9a7d81c4d0b248ef00c80c717970c5b39a157f09478,nsga2,9eb27a6da5b1ba26,6.528518052876863,2458.8828986283406,-0.19230769230769232,6.528518052876863,2458.8828986283406,-0.19230769230769232,0.0,0.0,0.0,0.48323259714042077,0.19230769230769232,0.0,274.2329510816032,False,True,True,
S025,corridor,inactive,101,1060000,0,PR1_HT1_EC1,Full,S025@corridor@inactive:i101:nsga2:s1060000:r0:PR1_HT1_EC1:936edd1f2272,1efe1d1907c2fa4b02522f8fdf5dd2f7ca474637751fc5d683586fd07890f5aa,p0025,v2,9d4be61a61fa0afcf9d0e9a7d81c4d0b248ef00c80c717970c5b39a157f09478,full,9d4be61a61fa0afcf9d0e9a7d81c4d0b248ef00c80c717970c5b39a157f09478,nsga2,4ef2881dce43bf3e,6.286907757094646,3351.979008700108,-0.16666666666666666,6.286907757094646,3351.979008700108,-0.16666666666666666,0.0,0.0,0.0,0.5603182186843807,0.16666666666666666,0.0,223.51061210567758,False,True,True,
S025,corridor,inactive,101,1060000,0,PR1_HT1_EC1,Full,S025@corridor@inactive:i101:nsga2:s1060000:r0:PR1_HT1_EC1:936edd1f2272,1efe1d1907c2fa4b02522f8fdf5dd2f7ca474637751fc5d683586fd07890f5aa,p0026,v2,9d4be61a61fa0afcf9d0e9a7d81c4d0b248ef00c80c717970c5b39a157f09478,full,9d4be61a61fa0afcf9d0e9a7d81c4d0b248ef00c80c717970c5b39a157f09478,nsga2,4e91815dcc1a1ba7,6.249334673311914,3374.629141209726,-0.16666666666666666,6.249334673311914,3374.629141209726,-0.16666666666666666,0.0,0.0,0.0,0.5669764384963623,0.16666666666666666,0.0,219.12950346939368,False,True,True,
S025,corridor,inactive,101,1060000,0,PR1_HT1_EC1,Full,S025@corridor@inactive:i101:nsga2:s1060000:r0:PR1_HT1_EC1:936edd1f2272,1efe1d1907c2fa4b02522f8fdf5dd2f7ca474637751fc5d683586fd07890f5aa,p0027,v2,9d4be61a61fa0afcf9d0e9a7d81c4d0b248ef00c80c717970c5b39a157f09478,full,9d4be61a61fa0afcf9d0e9a7d81c4d0b248ef00c80c717970c5b39a157f09478,nsga2,177c5fb193fc59a5,6.605858277922954,2292.9415528843565,-0.15306122448979592,6.605858277922954,2292.9415528843565,-0.15306122448979592,0.0,0.0,0.0,0.43271589278574035,0.15306122448979592,0.0,307.4729425469829,False,True,True,
S025,corridor,inactive,101,1060000,0,PR1_HT1_EC1,Full,S025@corridor@inactive:i101:nsga2:s1060000:r0:PR1_HT1_EC1:936edd1f2272,1efe1d1907c2fa4b02522f8fdf5dd2f7ca474637751fc5d683586fd07890f5aa,p0028,v2,9d4be61a61fa0afcf9d0e9a7d81c4d0b248ef00c80c717970c5b39a157f09478,full,9d4be61a61fa0afcf9d0e9a7d81c4d0b248ef00c80c717970c5b39a157f09478,nsga2,4b855c6f0330cac9,6.583286877323383,2319.9862345071006,-0.10204081632653061,6.583286877323383,2319.9862345071006,-0.10204081632653061,0.0,0.0,0.0,0.4292877372451875,0.10204081632653061,0.0,309.7286688926667,False,True,True,
S025,corridor,inactive,101,1060000,0,PR1_HT1_EC1,Full,S025@corridor@inactive:i101:nsga2:s1060000:r0:PR1_HT1_EC1:936edd1f2272,1efe1d1907c2fa4b02522f8fdf5dd2f7ca474637751fc5d683586fd07890f5aa,p0029,v2,9d4be61a61fa0afcf9d0e9a7d81c4d0b248ef00c80c717970c5b39a157f09478,full,9d4be61a61fa0afcf9d0e9a7d81c4d0b248ef00c80c717970c5b39a157f09478,nsga2,a083044d8f78c210,6.904635258359354,704.0078882202506,-0.0,6.904635258359354,704.0078882202506,-0.0,0.0,0.0,0.0,0.2431610942248377,0.0,0.6666666666666666,432.20000000005683,False,True,True,
S025,corridor,inactive,101,1060000,0,PR1_HT1_EC1,Full,S025@corridor@inactive:i101:nsga2:s1060000:r0:PR1_HT1_EC1:936edd1f2272,1efe1d1907c2fa4b02522f8fdf5dd2f7ca474637751fc5d683586fd07890f5aa,p0030,v2,9d4be61a61fa0afcf9d0e9a7d81c4d0b248ef00c80c717970c5b39a157f09478,full,9d4be61a61fa0afcf9d0e9a7d81c4d0b248ef00c80c717970c5b39a157f09478,nsga2,4da2e6927f0da410,6.567156144261677,2382.416631472054,-0.0,6.567156144261677,2382.416631472054,-0.0,0.0,0.0,0.0,0.4445945057556067,0.0,0.16666666666666666,299.65681521281084,False,True,True,
S025,corridor,inactive,101,1060000,0,PR1_HT1_EC1,Full,S025@corridor@inactive:i101:nsga2:s1060000:r0:PR1_HT1_EC1:936edd1f2272,1efe1d1907c2fa4b02522f8fdf5dd2f7ca474637751fc5d683586fd07890f5aa,p0031,v2,9d4be61a61fa0afcf9d0e9a7d81c4d0b248ef00c80c717970c5b39a157f09478,full,9d4be61a61fa0afcf9d0e9a7d81c4d0b248ef00c80c717970c5b39a157f09478,nsga2,889fdbd3e2360614,6.874240121581239,1169.3587059172264,-0.0,6.874240121581239,1169.3587059172264,-0.0,0.0,0.0,0.0,0.27355623100295323,0.0,0.5,412.20000000005683,False,True,True,
S025,corridor,inactive,101,1060000,0,PR1_HT1_EC1,Full,S025@corridor@inactive:i101:nsga2:s1060000:r0:PR1_HT1_EC1:936edd1f2272,1efe1d1907c2fa4b02522f8fdf5dd2f7ca474637751fc5d683586fd07890f5aa,p0032,v2,9d4be61a61fa0afcf9d0e9a7d81c4d0b248ef00c80c717970c5b39a157f09478,full,9d4be61a61fa0afcf9d0e9a7d81c4d0b248ef00c80c717970c5b39a157f09478,nsga2,b80b0f0dc69a5d8c,6.880831837991047,1075.352110645208,-0.0,6.880831837991047,1075.352110645208,-0.0,0.0,0.0,0.0,0.2669645145931444,0.0,0.5,416.537349397711,False,True,True,
S025,corridor,inactive,101,1060000,0,PR1_HT1_EC1,Full,S025@corridor@inactive:i101:nsga2:s1060000:r0:PR1_HT1_EC1:936edd1f2272,1efe1d1907c2fa4b02522f8fdf5dd2f7ca474637751fc5d683586fd07890f5aa,p0033,v2,9d4be61a61fa0afcf9d0e9a7d81c4d0b248ef00c80c717970c5b39a157f09478,full,9d4be61a61fa0afcf9d0e9a7d81c4d0b248ef00c80c717970c5b39a157f09478,nsga2,4afba8e246326d35,6.792509897502747,1871.3234906472276,-0.0,6.792509897502747,1871.3234906472276,-0.0,0.0,0.0,0.0,0.33148303471313806,0.0,0.3333333333333333,374.0841631587552,False,True,True,
S025,corridor,inactive,101,1060000,0,PR1_HT1_EC1,Full,S025@corridor@inactive:i101:nsga2:s1060000:r0:PR1_HT1_EC1:936edd1f2272,1efe1d1907c2fa4b02522f8fdf5dd2f7ca474637751fc5d683586fd07890f5aa,p0034,v2,9d4be61a61fa0afcf9d0e9a7d81c4d0b248ef00c80c717970c5b39a157f09478,full,9d4be61a61fa0afcf9d0e9a7d81c4d0b248ef00c80c717970c5b39a157f09478,nsga2,7e166ff977d9ef81,6.768589555792446,1933.6590732451054,-0.0,6.768589555792446,1933.6590732451054,-0.0,0.0,0.0,0.0,0.3488116600136302,0.0,0.3333333333333333,362.6819277110314,False,True,True,
S025,corridor,inactive,101,1060000,0,PR1_HT1_EC1,Full,S025@corridor@inactive:i101:nsga2:s1060000:r0:PR1_HT1_EC1:936edd1f2272,1efe1d1907c2fa4b02522f8fdf5dd2f7ca474637751fc5d683586fd07890f5aa,p0035,v2,9d4be61a61fa0afcf9d0e9a7d81c4d0b248ef00c80c717970c5b39a157f09478,full,9d4be61a61fa0afcf9d0e9a7d81c4d0b248ef00c80c717970c5b39a157f09478,nsga2,a9565a8beb63fdb9,6.773899549567069,1895.6766557736182,-0.0,6.773899549567069,1895.6766557736182,-0.0,0.0,0.0,0.0,0.3435016662390064,0.0,0.3333333333333333,366.17590361473384,False,True,True,
S025,corridor,inactive,101,1060000,0,PR1_HT1_EC1,Full,S025@corridor@inactive:i101:nsga2:s1060000:r0:PR1_HT1_EC1:936edd1f2272,1efe1d1907c2fa4b02522f8fdf5dd2f7ca474637751fc5d683586fd07890f5aa,p0036,v2,9d4be61a61fa0afcf9d0e9a7d81c4d0b248ef00c80c717970c5b39a157f09478,full,9d4be61a61fa0afcf9d0e9a7d81c4d0b248ef00c80c717970c5b39a157f09478,nsga2,1e9a8acae592f858,6.795413076483857,1866.2143927969114,-0.0,6.795413076483857,1866.2143927969114,-0.0,0.0,0.0,0.0,0.3285798557320273,0.0,0.3333333333333333,375.9944549283261,False,True,True,
S025,corridor,inactive,101,1060000,0,PR1_HT1_EC1,Full,S025@corridor@inactive:i101:nsga2:s1060000:r0:PR1_HT1_EC1:936edd1f2272,1efe1d1907c2fa4b02522f8fdf5dd2f7ca474637751fc5d683586fd07890f5aa,p0037,v2,9d4be61a61fa0afcf9d0e9a7d81c4d0b248ef00c80c717970c5b39a157f09478,full,9d4be61a61fa0afcf9d0e9a7d81c4d0b248ef00c80c717970c5b39a157f09478,nsga2,74047ea86277f249,6.688787063147219,2065.9052056866203,-0.0,6.688787063147219,2065.9052056866203,-0.0,0.0,0.0,0.0,0.3678238791026265,0.0,0.16666666666666666,350.1718875504718,False,True,True,
S025,corridor,inactive,101,1060000,0,PR1_HT1_EC1,Full,S025@corridor@inactive:i101:nsga2:s1060000:r0:PR1_HT1_EC1:936edd1f2272,1efe1d1907c2fa4b02522f8fdf5dd2f7ca474637751fc5d683586fd07890f5aa,p0038,v2,9d4be61a61fa0afcf9d0e9a7d81c4d0b248ef00c80c717970c5b39a157f09478,full,9d4be61a61fa0afcf9d0e9a7d81c4d0b248ef00c80c717970c5b39a157f09478,nsga2,3ed489cf05fa65aa,6.683565679572183,2156.5057357250944,-0.0,6.683565679572183,2156.5057357250944,-0.0,0.0,0.0,0.0,0.3737776756122735,0.0,0.3333333333333333,346.2542894471241,False,True,True,
S025,corridor,inactive,101,1060000,0,PR1_HT1_EC1,Full,S025@corridor@inactive:i101:nsga2:s1060000:r0:PR1_HT1_EC1:936edd1f2272,1efe1d1907c2fa4b02522f8fdf5dd2f7ca474637751fc5d683586fd07890f5aa,p0039,v2,9d4be61a61fa0afcf9d0e9a7d81c4d0b248ef00c80c717970c5b39a157f09478,full,9d4be61a61fa0afcf9d0e9a7d81c4d0b248ef00c80c717970c5b39a157f09478,nsga2,304958a71d22eccd,6.719196158368587,2018.0503917422247,-0.0,6.719196158368587,2018.0503917422247,-0.0,0.0,0.0,0.0,0.35446875433164154,0.0,0.3333333333333333,358.9595596497799,False,True,True,
S025,corridor,inactive,101,1060000,0,PR1_HT1_EC1,Full,S025@corridor@inactive:i101:nsga2:s1060000:r0:PR1_HT1_EC1:936edd1f2272,1efe1d1907c2fa4b02522f8fdf5dd2f7ca474637751fc5d683586fd07890f5aa,p0040,v2,9d4be61a61fa0afcf9d0e9a7d81c4d0b248ef00c80c717970c5b39a157f09478,full,9d4be61a61fa0afcf9d0e9a7d81c4d0b248ef00c80c717970c5b39a157f09478,nsga2,effcaf52c5d11abe,6.878726150804589,1144.2258466612093,-0.0,6.878726150804589,1144.2258466612093,-0.0,0.0,0.0,0.0,0.2690702017796025,0.0,0.3333333333333333,415.1518072290216,False,True,True,
S025,corridor,inactive,101,1060001,1,PR0_HT1_EC1,No-PR,S025@corridor@inactive:i101:nsga2:s1060001:r1:PR0_HT1_EC1:4033821e0b6c,1efe1d1907c2fa4b02522f8fdf5dd2f7ca474637751fc5d683586fd07890f5aa,p0001,v2,7c4430d802cf762c616343b8b136bbf4fc8b2573e97612c562b51bd7bf35315e,full,9d4be61a61fa0afcf9d0e9a7d81c4d0b248ef00c80c717970c5b39a157f09478,nsga2,b14bac020e17e995,6.103297387295841,2744.4582868741086,-0.4878048780487805,4.746839354476592,5339.731050489486,-0.823170731707317,-1.3564580328192495,2595.2727636153772,-0.33536585365853655,0.888858778579279,0.823170731707317,0.0,7.330923694834496,True,False,True,
S025,corridor,inactive,101,1060001,1,PR0_HT1_EC1,No-PR,S025@corridor@inactive:i101:nsga2:s1060001:r1:PR0_HT1_EC1:4033821e0b6c,1efe1d1907c2fa4b02522f8fdf5dd2f7ca474637751fc5d683586fd07890f5aa,p0002,v2,7c4430d802cf762c616343b8b136bbf4fc8b2573e97612c562b51bd7bf35315e,full,9d4be61a61fa0afcf9d0e9a7d81c4d0b248ef00c80c717970c5b39a157f09478,nsga2,c388a08d78411e8f,6.109209043669399,2678.210921962025,-0.45918367346938777,4.622137468689803,5184.574608420234,-0.8678714859436985,-1.4870715749795957,2506.3636864582086,-0.4086878124743107,0.8999999999998556,0.8678714859436985,0.0,9.50635126173438e-11,False,False,True,
S025,corridor,inactive,101,1060001,1,PR0_HT1_EC1,No-PR,S025@corridor@inactive:i101:nsga2:s1060001:r1:PR0_HT1_EC1:4033821e0b6c,1efe1d1907c2fa4b02522f8fdf5dd2f7ca474637751fc5d683586fd07890f5aa,p0003,v2,7c4430d802cf762c616343b8b136bbf4fc8b2573e97612c562b51bd7bf35315e,full,9d4be61a61fa0afcf9d0e9a7d81c4d0b248ef00c80c717970c5b39a157f09478,nsga2,abf3ca00274b3a4f,6.176111684977119,2647.3534058642613,-0.4268292682926829,4.593121157552148,5069.065596707231,-0.8678714859437072,-1.582990527424971,2421.7121908429694,-0.4410422176510243,0.8999999999998624,0.8678714859437072,0.0,9.062262051884318e-11,False,False,True,
S025,corridor,inactive,101,1060001,1,PR0_HT1_EC1,No-PR,S025@corridor@inactive:i101:nsga2:s1060001:r1:PR0_HT1_EC1:4033821e0b6c,1efe1d1907c2fa4b02522f8fdf5dd2f7ca474637751fc5d683586fd07890f5aa,p0004,v2,7c4430d802cf762c616343b8b136bbf4fc8b2573e97612c562b51bd7bf35315e,full,9d4be61a61fa0afcf9d0e9a7d81c4d0b248ef00c80c717970c5b39a157f09478,nsga2,74fa99b30781e79e,6.084279786437312,2729.065031898489,-0.4166666666666667,4.575935382776002,5102.306849805633,-0.8678714859435482,-1.5083444036613098,2373.2418179071437,-0.45120481927688155,0.8999999999997421,0.8678714859435482,0.0,1.6975576500044554e-10,False,False,True,
S025,corridor,inactive,101,1060001,1,PR0_HT1_EC1,No-PR,S025@corridor@inactive:i101:nsga2:s1060001:r1:PR0_HT1_EC1:4033821e0b6c,1efe1d1907c2fa4b02522f8fdf5dd2f7ca474637751fc5d683586fd07890f5aa,p0005,v2,7c4430d802cf762c616343b8b136bbf4fc8b2573e97612c562b51bd7bf35315e,full,9d4be61a61fa0afcf9d0e9a7d81c4d0b248ef00c80c717970c5b39a157f09478,nsga2,96ff126027edab05,6.1197383163511505,2672.629909477798,-0.38461538461538464,4.532757880055506,5028.442881516384,-0.8678714859437232,-1.5869804362956446,2355.812972038586,-0.48325610132833857,0.8999999999998745,0.8678714859437232,0.0,8.262190931418445e-11,False,False,True,
S025,corridor,inactive,101,1060001,1,PR0_HT1_EC1,No-PR,S025@corridor@inactive:i101:nsga2:s1060001:r1:PR0_HT1_EC1:4033821e0b6c,1efe1d1907c2fa4b02522f8fdf5dd2f7ca474637751fc5d683586fd07890f5aa,p0006,v2,7c4430d802cf762c616343b8b136bbf4fc8b2573e97612c562b51bd7bf35315e,full,9d4be61a61fa0afcf9d0e9a7d81c4d0b248ef00c80c717970c5b39a157f09478,nsga2,452e7f8196437f06,6.072311269753633,2678.210921962025,-0.38461538461538464,4.601385678776971,5164.898993122233,-0.8678714859438162,-1.4709255909766616,2486.688071160208,-0.4832561013284316,0.899999999999945,0.8678714859438162,0.0,3.629452294262592e-11,False,False,True,
S025,corridor,inactive,101,1060001,1,PR0_HT1_EC1,No-PR,S025@corridor@inactive:i101:nsga2:s1060001:r1:PR0_HT1_EC1:4033821e0b6c,1efe1d1907c2fa4b02522f8fdf5dd2f7ca474637751fc5d683586fd07890f5aa,p0007,v2,7c4430d802cf762c616343b8b136bbf4fc8b2573e97612c562b51bd7bf35315e,full,9d4be61a61fa0afcf9d0e9a7d81c4d0b248ef00c80c717970c5b39a157f09478,nsga2,0496ab3f6df8adae,6.091878570631841,2603.7561734617966,-0.3333333333333333,4.528251717410251,5033.3811674421795,-0.8678714859436998,-1.5636268532215896,2429.624993980383,-0.5345381526103665,0.8999999999998567,0.8678714859436998,0.0,9.43387590268685e-11,False,False,True,
S025,corridor,inactive,101,1060001,1,PR0_HT1_EC1,No-PR,S025@corridor@inactive:i101:nsga2:s1060001:r1:PR0_HT1_EC1:4033821e0b6c,1efe1d1907c2fa4b02522f8fdf5dd2f7ca474637751fc5d683586fd07890f5aa,p0008,v2,7c4430d802cf762c616343b8b136bbf4fc8b2573e97612c562b51bd7bf35315e,full,9d4be61a61fa0afcf9d0e9a7d81c4d0b248ef00c80c717970c5b39a157f09478,nsga2,55c04d1839ce5782,6.766880592278993,1332.445850579398,-0.15306122448979592,5.838881088033995,3873.584195872829,-0.5102040816326531,-0.9279995042449984,2541.1383452934306,-0.35714285714285715,0.67614996357209,0.5102040816326531,0.0,147.29332396956488,False,False,True,
S025,corridor,inactive,101,1060001,1,PR0_HT1_EC1,No-PR,S025@corridor@inactive:i101:nsga2:s1060001:r1:PR0_HT1_EC1:4033821e0b6c,1efe1d1907c2fa4b02522f8fdf5dd2f7ca474637751fc5d683586fd07890f5aa,p0009,v2,7c4430d802cf762c616343b8b136bbf4fc8b2573e97612c562b51bd7bf35315e,full,9d4be61a61fa0afcf9d0e9a7d81c4d0b248ef00c80c717970c5b39a157f09478,nsga2,20e40bf09d821acd,6.761265426448645,1332.445850579398,-0.1282051282051282,5.822743116426814,3921.4390098172244,-0.38461538461538464,-0.9385223100218312,2588.993159237826,-0.25641025641025644,0.6794532153669949,0.38461538461538464,0.0,145.11978428851745,False,False,True,
S025,corridor,inactive,101,1060001,1,PR0_HT1_EC1,No-PR,S025@corridor@inactive:i101:nsga2:s1060001:r1:PR0_HT1_EC1:4033821e0b6c,1efe1d1907c2fa4b02522f8fdf5dd2f7ca474637751fc5d683586fd07890f5aa,p0010,v2,7c4430d802cf762c616343b8b136bbf4fc8b2573e97612c562b51bd7bf35315e,full,9d4be61a61fa0afcf9d0e9a7d81c4d0b248ef00c80c717970c5b39a157f09478,nsga2,6388b2ef0fb36fda,6.772312654875925,1330.7428179626258,-0.12195121951219512,5.8708424516049575,3927.673559118317,-0.4573170731707317,-0.9014702032709678,2596.930741155691,-0.3353658536585366,0.6666915977375641,0.4573170731707317,0.0,153.51692868868292,False,False,True,
S025,corridor,inactive,101,1060001,1,PR0_HT1_EC1,No-PR,S025@corridor@inactive:i101:nsga2:s1060001:r1:PR0_HT1_EC1:4033821e0b6c,1efe1d1907c2fa4b02522f8fdf5dd2f7ca474637751fc5d683586fd07890f5aa,p0011,v2,7c4430d802cf762c616343b8b136bbf4fc8b2573e97612c562b51bd7bf35315e,full,9d4be61a61fa0afcf9d0e9a7d81c4d0b248ef00c80c717970c5b39a157f09478,nsga2,0d32533a9d523f30,6.787510223264983,1311.6357182577467,-0.06097560975609756,5.823239145072931,3898.925844878801,-0.5182926829268293,-0.964271078192052,2587.2901266210542,-0.4573170731707317,0.6853665736435112,0.5182926829268293,0.0,141.22879454256972,False,False,True,
S025,corridor,inactive,101,1060001,1,PR0_HT1_EC1,No-PR,S025@corridor@inactive:i101:nsga2:s1060001:r1:PR0_HT1_EC1:4033821e0b6c,1efe1d1907c2fa4b02522f8fdf5dd2f7ca474637751fc5d683586fd07890f5aa,p0012,v2,7c4430d802cf762c616343b8b136bbf4fc8b2573e97612c562b51bd7bf35315e,full,9d4be61a61fa0afcf9d0e9a7d81c4d0b248ef00c80c717970c5b39a157f09478,nsga2,395303fbeb3b49e2,6.770969897829632,1280.1964875218773,-0.0,5.782722745447652,3872.732679564443,-0.4166666666666667,-0.9882471523819802,2592.5361920425657,-0.4166666666666667,0.7015672383155297,0.4166666666666667,0.0,130.56875718838154,False,False,True,
S025,corridor,inactive,101,1060001,1,PR0_HT1_EC1,No-PR,S025@corridor@inactive:i101:nsga2:s1060001:r1:PR0_HT1_EC1:4033821e0b6c,1efe1d1907c2fa4b02522f8fdf5dd2f7ca474637751fc5d683586fd07890f5aa,p0013,v2,7c4430d802cf762c616343b8b136bbf4fc8b2573e97612c562b51bd7bf35315e,full,9d4be61a61fa0afcf9d0e9a7d81c4d0b248ef00c80c717970c5b39a157f09478,nsga2,1681fe9e64c59eab,6.904635258359354,704.0078882202506,-0.0,6.904635258359354,704.0078882202506,-0.0,0.0,0.0,0.0,0.2431610942248377,0.0,0.6666666666666666,432.20000000005683,False,False,True,
S025,corridor,inactive,101,1060001,1,PR1_HT0_EC1,No-HT,S025@corridor@inactive:i101:nsga2:s1060001:r1:PR1_HT0_EC1:6b766fe2ff8b,1efe1d1907c2fa4b02522f8fdf5dd2f7ca474637751fc5d683586fd07890f5aa,p0001,v2,d7516583c0a6075e4089331c75d2b121a7208aa8bd36ceed1846958bb3ecb73e,full,9d4be61a61fa0afcf9d0e9a7d81c4d0b248ef00c80c717970c5b39a157f09478,nsga2,2f5eeafea146cb41,4.0120175758104075,4094.9414227207953,-0.8678714859437232,4.532757880055506,5028.442881516384,-0.8678714859437232,0.5207403042450984,933.5014587955884,0.0,0.8999999999998745,0.8678714859437232,0.0,8.262190931418445e-11,True,False,True,
S025,corridor,inactive,101,1060001,1,PR1_HT0_EC1,No-HT,S025@corridor@inactive:i101:nsga2:s1060001:r1:PR1_HT0_EC1:6b766fe2ff8b,1efe1d1907c2fa4b02522f8fdf5dd2f7ca474637751fc5d683586fd07890f5aa,p0002,v2,d7516583c0a6075e4089331c75d2b121a7208aa8bd36ceed1846958bb3ecb73e,full,9d4be61a61fa0afcf9d0e9a7d81c4d0b248ef00c80c717970c5b39a157f09478,nsga2,e9b8465010da8d8f,5.452497575291727,3660.0531492509676,-0.6707317073170732,5.8346373213648945,3922.595818854845,-0.5182926829268293,0.38213974607316725,262.5426696038776,0.15243902439024393,0.6853665736434897,0.5182926829268293,0.0,141.2287945425838,False,False,True,
S025,corridor,inactive,101,1060001,1,PR1_HT0_EC1,No-HT,S025@corridor@inactive:i101:nsga2:s1060001:r1:PR1_HT0_EC1:6b766fe2ff8b,1efe1d1907c2fa4b02522f8fdf5dd2f7ca474637751fc5d683586fd07890f5aa,p0003,v2,d7516583c0a6075e4089331c75d2b121a7208aa8bd36ceed1846958bb3ecb73e,full,9d4be61a61fa0afcf9d0e9a7d81c4d0b248ef00c80c717970c5b39a157f09478,nsga2,550800f6a4f95905,5.441099398999763,3692.1755711371834,-0.6707317073170732,5.81048087756818,3894.531295765675,-0.5792682926829268,0.36938147856841663,202.35572462849177,0.09146341463414642,0.7002603264286574,0.5792682926829268,0.0,131.42870520994347,False,False,True,
S025,corridor,inactive,101,1060001,1,PR1_HT0_EC1,No-HT,S025@corridor@inactive:i101:nsga2:s1060001:r1:PR1_HT0_EC1:6b766fe2ff8b,1efe1d1907c2fa4b02522f8fdf5dd2f7ca474637751fc5d683586fd07890f5aa,p0004,v2,d7516583c0a6075e4089331c75d2b121a7208aa8bd36ceed1846958bb3ecb73e,full,9d4be61a61fa0afcf9d0e9a7d81c4d0b248ef00c80c717970c5b39a157f09478,nsga2,b0487f2a2c0d17e9,5.32569538736048,3578.073392280705,-0.6410256410256411,5.780334523195965,3900.628877495573,-0.44871794871794873,0.45463913583548443,322.555485214868,0.19230769230769235,0.701531714904225,0.44871794871794873,0.0,130.59213159302004,False,False,True,
S025,corridor,inactive,101,1060001,1,PR1_HT0_EC1,No-HT,S025@corridor@inactive:i101:nsga2:s1060001:r1:PR1_HT0_EC1:6b766fe2ff8b,1efe1d1907c2fa4b02522f8fdf5dd2f7ca474637751fc5d683586fd07890f5aa,p0005,v2,d7516583c0a6075e4089331c75d2b121a7208aa8bd36ceed1846958bb3ecb73e,full,9d4be61a61fa0afcf9d0e9a7d81c4d0b248ef00c80c717970c5b39a157f09478,nsga2,d85cd242d83ec4f6,5.986059258965754,3151.9765360653782,-0.4878048780487805,6.267580109772,3373.5416675843844,-0.3353658536585366,0.28152085080624634,221.56513151900617,0.15243902439024387,0.5574600258698217,0.3353658536585366,0.0,225.3913029776574,False,False,True,
S025,corridor,inactive,101,1060001,1,PR1_HT0_EC1,No-HT,S025@corridor@inactive:i101:nsga2:s1060001:r1:PR1_HT0_EC1:6b766fe2ff8b,1efe1d1907c2fa4b02522f8fdf5dd2f7ca474637751fc5d683586fd07890f5aa,p0006,v2,d7516583c0a6075e4089331c75d2b121a7208aa8bd36ceed1846958bb3ecb73e,full,9d4be61a61fa0afcf9d0e9a7d81c4d0b248ef00c80c717970c5b39a157f09478,nsga2,ebba379988a46a6a,6.061364675538845,3134.1277219103604,-0.45918367346938777,6.273858088281,3396.4995795897185,-0.35714285714285715,0.21249341274215539,262.3718576793581,0.10204081632653061,0.5542076628412779,0.35714285714285715,0.0,227.53135785043924,False,False,True,
S025,corridor,inactive,101,1060001,1,PR1_HT0_EC1,No-HT,S025@corridor@inactive:i101:nsga2:s1060001:r1:PR1_HT0_EC1:6b766fe2ff8b,1efe1d1907c2fa4b02522f8fdf5dd2f7ca474637751fc5d683586fd07890f5aa,p0007,v2,d7516583c0a6075e4089331c75d2b121a7208aa8bd36ceed1846958bb3ecb73e,full,9d4be61a61fa0afcf9d0e9a7d81c4d0b248ef00c80c717970c5b39a157f09478,nsga2,dd012f88d59f5aa9,5.8996807197022285,3084.026138536523,-0.44871794871794873,6.238705143875353,3421.39648152878,-0.2564102564102564,0.3390244241731244,337.37034299225706,0.19230769230769235,0.5716120946111615,0.2564102564102564,0.0,216.07924174585577,False,False,True,
S025,corridor,inactive,101,1060001,1,PR1_HT0_EC1,No-HT,S025@corridor@inactive:i101:nsga2:s1060001:r1:PR1_HT0_EC1:6b766fe2ff8b,1efe1d1907c2fa4b02522f8fdf5dd2f7ca474637751fc5d683586fd07890f5aa,p0008,v2,d7516583c0a6075e4089331c75d2b121a7208aa8bd36ceed1846958bb3ecb73e,full,9d4be61a61fa0afcf9d0e9a7d81c4d0b248ef00c80c717970c5b39a157f09478,nsga2,a19c8611e1bd20c0,6.287752987756799,2688.2203983291947,-0.36585365853658536,6.600951293772125,2295.496101809515,-0.12195121951219512,0.31319830601532583,-392.7242965196797,0.24390243902439024,0.43471969795545845,0.12195121951219512,0.0,306.15443874530837,False,False,True,
S025,corridor,inactive,101,1060001,1,PR1_HT0_EC1,No-HT,S025@corridor@inactive:i101:nsga2:s1060001:r1:PR1_HT0_EC1:6b766fe2ff8b,1efe1d1907c2fa4b02522f8fdf5dd2f7ca474637751fc5d683586fd07890f5aa,p0009,v2,d7516583c0a6075e4089331c75d2b121a7208aa8bd36ceed1846958bb3ecb73e,full,9d4be61a61fa0afcf9d0e9a7d81c4d0b248ef00c80c717970c5b39a157f09478,nsga2,6aa414b54d4fe7b6,6.2791326757774195,2671.6678475494737,-0.3333333333333333,6.5701306526149725,2333.7103012192733,-0.0,0.290997976837553,-337.95754633020033,0.3333333333333333,0.44345102973843753,0.0,0.16666666666666666,300.40922243210815,False,False,True,
S025,corridor,inactive,101,1060001,1,PR1_HT0_EC1,No-HT,S025@corridor@inactive:i101:nsga2:s1060001:r1:PR1_HT0_EC1:6b766fe2ff8b,1efe1d1907c2fa4b02522f8fdf5dd2f7ca474637751fc5d683586fd07890f5aa,p0010,v2,d7516583c0a6075e4089331c75d2b121a7208aa8bd36ceed1846958bb3ecb73e,full,9d4be61a61fa0afcf9d0e9a7d81c4d0b248ef00c80c717970c5b39a157f09478,nsga2,0cef6c16997ca299,5.964720720698854,3082.866842732421,-0.3333333333333333,6.249334673311914,3374.629141209726,-0.16666666666666666,0.2846139526130598,291.7622984773052,0.16666666666666666,0.5669764384963623,0.16666666666666666,0.0,219.12950346939368,False,False,True,
S025,corridor,inactive,101,1060001,1,PR1_HT0_EC1,No-HT,S025@corridor@inactive:i101:nsga2:s1060001:r1:PR1_HT0_EC1:6b766fe2ff8b,1efe1d1907c2fa4b02522f8fdf5dd2f7ca474637751fc5d683586fd07890f5aa,p0011,v2,d7516583c0a6075e4089331c75d2b121a7208aa8bd36ceed1846958bb3ecb73e,full,9d4be61a61fa0afcf9d0e9a7d81c4d0b248ef00c80c717970c5b39a157f09478,nsga2,87353c59dd51e07d,6.22125307650153,2650.857715227822,-0.32051282051282054,6.567156144261677,2438.2090273343147,-0.0,0.3459030677601467,-212.64868789350749,0.32051282051282054,0.4445945057556067,0.0,0.16666666666666666,299.65681521281084,False,False,True,
S025,corridor,inactive,101,1060001,1,PR1_HT0_EC1,No-HT,S025@corridor@inactive:i101:nsga2:s1060001:r1:PR1_HT0_EC1:6b766fe2ff8b,1efe1d1907c2fa4b02522f8fdf5dd2f7ca474637751fc5d683586fd07890f5aa,p0012,v2,d7516583c0a6075e4089331c75d2b121a7208aa8bd36ceed1846958bb3ecb73e,full,9d4be61a61fa0afcf9d0e9a7d81c4d0b248ef00c80c717970c5b39a157f09478,nsga2,58f5dc06ea458e23,6.383868161492462,2413.330358828578,-0.30612244897959184,6.606083229906969,2432.6944529967996,-0.025510204081632654,0.22221506841450722,19.364094168221527,0.2806122448979592,0.40649138466160084,0.025510204081632654,0.0,324.7286688926667,False,False,True,
S025,corridor,inactive,101,1060001,1,PR1_HT0_EC1,No-HT,S025@corridor@inactive:i101:nsga2:s1060001:r1:PR1_HT0_EC1:6b766fe2ff8b,1efe1d1907c2fa4b02522f8fdf5dd2f7ca474637751fc5d683586fd07890f5aa,p0013,v2,d7516583c0a6075e4089331c75d2b121a7208aa8bd36ceed1846958bb3ecb73e,full,9d4be61a61fa0afcf9d0e9a7d81c4d0b248ef00c80c717970c5b39a157f09478,nsga2,7548e2eee507e65c,6.339988972735261,2640.365584384799,-0.3048780487804878,6.603940004209897,2380.036211911291,-0.09146341463414634,0.26395103147463583,-260.3293724735081,0.21341463414634146,0.42812628048506945,0.09146341463414634,0.0,310.49290744082435,False,False,True,
S025,corridor,inactive,101,1060001,1,PR1_HT0_EC1,No-HT,S025@corridor@inactive:i101:nsga2:s1060001:r1:PR1_HT0_EC1:6b766fe2ff8b,1efe1d1907c2fa4b02522f8fdf5dd2f7ca474637751fc5d683586fd07890f5aa,p0014,v2,d7516583c0a6075e4089331c75d2b121a7208aa8bd36ceed1846958bb3ecb73e,full,9d4be61a61fa0afcf9d0e9a7d81c4d0b248ef00c80c717970c5b39a157f09478,nsga2,e1d6919dcadc6af1,6.408768370013374,2360.3714949925206,-0.3048780487804878,6.700276791055963,2149.7621246380504,-0.0,0.2915084210425887,-210.60937035447023,0.3048780487804878,0.3677323274858249,0.0,0.16666666666666666,350.23212851432726,False,False,True,
S025,corridor,inactive,101,1060001,1,PR1_HT0_EC1,No-HT,S025@corridor@inactive:i101:nsga2:s1060001:r1:PR1_HT0_EC1:6b766fe2ff8b,1efe1d1907c2fa4b02522f8fdf5dd2f7ca474637751fc5d683586fd07890f5aa,p0015,v2,d7516583c0a6075e4089331c75d2b121a7208aa8bd36ceed1846958bb3ecb73e,full,9d4be61a61fa0afcf9d0e9a7d81c4d0b248ef00c80c717970c5b39a157f09478,nsga2,1bb034a6f597e674,6.3381877744247905,2314.902904815244,-0.2564102564102564,6.683565679572183,2156.5057357250944,-0.0,0.34537790514739264,-158.39716909014942,0.2564102564102564,0.3737776756122735,0.0,0.3333333333333333,346.2542894471241,False,False,True,
S025,corridor,inactive,101,1060001,1,PR1_HT0_EC1,No-HT,S025@corridor@inactive:i101:nsga2:s1060001:r1:PR1_HT0_EC1:6b766fe2ff8b,1efe1d1907c2fa4b02522f8fdf5dd2f7ca474637751fc5d683586fd07890f5aa,p0016,v2,d7516583c0a6075e4089331c75d2b121a7208aa8bd36ceed1846958bb3ecb73e,full,9d4be61a61fa0afcf9d0e9a7d81c4d0b248ef00c80c717970c5b39a157f09478,nsga2,36b625df1bfced3d,6.220518962506369,2595.0653193655626,-0.25,6.567156144261677,2382.416631472054,-0.0,0.346637181755308,-212.6486878935084,0.25,0.4445945057556067,0.0,0.16666666666666666,299.65681521281084,False,False,True,
S025,corridor,inactive,101,1060001,1,PR1_HT0_EC1,No-HT,S025@corridor@inactive:i101:nsga2:s1060001:r1:PR1_HT0_EC1:6b766fe2ff8b,1efe1d1907c2fa4b02522f8fdf5dd2f7ca474637751fc5d683586fd07890f5aa,p0017,v2,d7516583c0a6075e4089331c75d2b121a7208aa8bd36ceed1846958bb3ecb73e,full,9d4be61a61fa0afcf9d0e9a7d81c4d0b248ef00c80c717970c5b39a157f09478,nsga2,4f9eb20ef5853095,6.33402212934698,2314.902904815244,-0.25,6.683565679572183,2156.5057357250944,-0.0,0.3495435502252029,-158.39716909014942,0.25,0.3737776756122735,0.0,0.3333333333333333,346.2542894471241,False,False,True,
S025,corridor,inactive,101,1060001,1,PR1_HT0_EC1,No-HT,S025@corridor@inactive:i101:nsga2:s1060001:r1:PR1_HT0_EC1:6b766fe2ff8b,1efe1d1907c2fa4b02522f8fdf5dd2f7ca474637751fc5d683586fd07890f5aa,p0018,v2,d7516583c0a6075e4089331c75d2b121a7208aa8bd36ceed1846958bb3ecb73e,full,9d4be61a61fa0afcf9d0e9a7d81c4d0b248ef00c80c717970c5b39a157f09478,nsga2,ec7f0a8d72af6bb5,6.514046106469323,2314.0513885068576,-0.18292682926829268,6.728066715765349,2060.1187208923125,-0.0,0.21402060929602662,-253.93266761454515,0.18292682926829268,0.3445271533215678,0.0,0.16666666666666666,365.50113311440845,False,False,True,
S025,corridor,inactive,101,1060001,1,PR1_HT0_EC1,No-HT,S025@corridor@inactive:i101:nsga2:s1060001:r1:PR1_HT0_EC1:6b766fe2ff8b,1efe1d1907c2fa4b02522f8fdf5dd2f7ca474637751fc5d683586fd07890f5aa,p0019,v2,d7516583c0a6075e4089331c75d2b121a7208aa8bd36ceed1846958bb3ecb73e,full,9d4be61a61fa0afcf9d0e9a7d81c4d0b248ef00c80c717970c5b39a157f09478,nsga2,002f1c5baf5ade5a,6.404253280757313,2311.359872010504,-0.16666666666666666,6.5701306526149725,2557.312829041461,-0.0,0.16587737185765938,245.9529570309569,0.16666666666666666,0.44345102973843753,0.0,0.16666666666666666,300.40922243210815,False,False,True,
S025,corridor,inactive,101,1060001,1,PR1_HT0_EC1,No-HT,S025@corridor@inactive:i101:nsga2:s1060001:r1:PR1_HT0_EC1:6b766fe2ff8b,1efe1d1907c2fa4b02522f8fdf5dd2f7ca474637751fc5d683586fd07890f5aa,p0020,v2,d7516583c0a6075e4089331c75d2b121a7208aa8bd36ceed1846958bb3ecb73e,full,9d4be61a61fa0afcf9d0e9a7d81c4d0b248ef00c80c717970c5b39a157f09478,nsga2,55886cbb6111637e,6.379955396604974,2281.760641462602,-0.08333333333333333,6.684117930690247,2159.911800958638,-0.0,0.3041625340852736,-121.84884050396386,0.08333333333333333,0.37249301155959835,0.0,0.3333333333333333,347.09959839378433,False,False,True,
S025,corridor,inactive,101,1060001,1,PR1_HT0_EC1,No-HT,S025@corridor@inactive:i101:nsga2:s1060001:r1:PR1_HT0_EC1:6b766fe2ff8b,1efe1d1907c2fa4b02522f8fdf5dd2f7ca474637751fc5d683586fd07890f5aa,p0021,v2,d7516583c0a6075e4089331c75d2b121a7208aa8bd36ceed1846958bb3ecb73e,full,9d4be61a61fa0afcf9d0e9a7d81c4d0b248ef00c80c717970c5b39a157f09478,nsga2,4d257909c7bc4ef6,6.904635258359354,704.0078882202506,-0.0,6.904635258359354,704.0078882202506,-0.0,0.0,0.0,0.0,0.2431610942248377,0.0,0.6666666666666666,432.20000000005683,False,False,True,
S025,corridor,inactive,101,1060001,1,PR1_HT0_EC1,No-HT,S025@corridor@inactive:i101:nsga2:s1060001:r1:PR1_HT0_EC1:6b766fe2ff8b,1efe1d1907c2fa4b02522f8fdf5dd2f7ca474637751fc5d683586fd07890f5aa,p0022,v2,d7516583c0a6075e4089331c75d2b121a7208aa8bd36ceed1846958bb3ecb73e,full,9d4be61a61fa0afcf9d0e9a7d81c4d0b248ef00c80c717970c5b39a157f09478,nsga2,249f00f6f38491d0,6.821018115014277,1128.658462321195,-0.0,6.880831837991047,1055.598966942023,-0.0,0.05981372297677012,-73.05949537917195,0.0,0.2669645145931444,0.0,0.5,416.537349397711,False,False,True,
S025,corridor,inactive,101,1060001,1,PR1_HT0_EC1,No-HT,S025@corridor@inactive:i101:nsga2:s1060001:r1:PR1_HT0_EC1:6b766fe2ff8b,1efe1d1907c2fa4b02522f8fdf5dd2f7ca474637751fc5d683586fd07890f5aa,p0023,v2,d7516583c0a6075e4089331c75d2b121a7208aa8bd36ceed1846958bb3ecb73e,full,9d4be61a61fa0afcf9d0e9a7d81c4d0b248ef00c80c717970c5b39a157f09478,nsga2,9f1e2cccffed09ce,6.643086260890817,1599.4608177497626,-0.0,6.768589555792446,1933.6590732451054,-0.0,0.12550329490162948,334.1982554953429,0.0,0.3488116600136302,0.0,0.3333333333333333,362.6819277110314,False,False,True,
S025,corridor,inactive,101,1060001,1,PR1_HT0_EC1,No-HT,S025@corridor@inactive:i101:nsga2:s1060001:r1:PR1_HT0_EC1:6b766fe2ff8b,1efe1d1907c2fa4b02522f8fdf5dd2f7ca474637751fc5d683586fd07890f5aa,p0024,v2,d7516583c0a6075e4089331c75d2b121a7208aa8bd36ceed1846958bb3ecb73e,full,9d4be61a61fa0afcf9d0e9a7d81c4d0b248ef00c80c717970c5b39a157f09478,nsga2,11f28eea52c77ef2,6.665536996928794,1598.6093014413764,-0.0,6.772068517230944,1935.3621058618776,-0.0,0.10653152030215018,336.7528044205012,0.0,0.34533269857513227,0.0,0.3333333333333333,364.971084337563,False,False,True,
S025,corridor,inactive,101,1060001,1,PR1_HT0_EC1,No-HT,S025@corridor@inactive:i101:nsga2:s1060001:r1:PR1_HT0_EC1:6b766fe2ff8b,1efe1d1907c2fa4b02522f8fdf5dd2f7ca474637751fc5d683586fd07890f5aa,p0025,v2,d7516583c0a6075e4089331c75d2b121a7208aa8bd36ceed1846958bb3ecb73e,full,9d4be61a61fa0afcf9d0e9a7d81c4d0b248ef00c80c717970c5b39a157f09478,nsga2,7a0b61b0693d075c,6.67738772254458,1560.395102031618,-0.0,6.772892481782231,1925.0441043832493,-0.0,0.09550475923765056,364.6490023516312,0.0,0.34450873402384535,0.0,0.16666666666666666,365.5132530123098,False,False,True,
S025,corridor,inactive,101,1060001,1,PR1_HT0_EC1,No-HT,S025@corridor@inactive:i101:nsga2:s1060001:r1:PR1_HT0_EC1:6b766fe2ff8b,1efe1d1907c2fa4b02522f8fdf5dd2f7ca474637751fc5d683586fd07890f5aa,p0026,v2,d7516583c0a6075e4089331c75d2b121a7208aa8bd36ceed1846958bb3ecb73e,full,9d4be61a61fa0afcf9d0e9a7d81c4d0b248ef00c80c717970c5b39a157f09478,nsga2,827cd90dee2c4e31,6.683050318730753,1526.4013223705906,-0.0,6.770420588128572,1860.5995778659335,-0.0,0.08737026939781956,334.1982554953429,0.0,0.3469806276775043,0.0,0.16666666666666666,363.8867469882022,False,False,True,
S025,corridor,inactive,101,1060001,1,PR1_HT0_EC1,No-HT,S025@corridor@inactive:i101:nsga2:s1060001:r1:PR1_HT0_EC1:6b766fe2ff8b,1efe1d1907c2fa4b02522f8fdf5dd2f7ca474637751fc5d683586fd07890f5aa,p0027,v2,d7516583c0a6075e4089331c75d2b121a7208aa8bd36ceed1846958bb3ecb73e,full,9d4be61a61fa0afcf9d0e9a7d81c4d0b248ef00c80c717970c5b39a157f09478,nsga2,4ed62a57e988a261,6.830783620806402,1122.3554082812173,-0.0,6.874240121581239,1169.3587059172264,-0.0,0.04345650077483665,47.003297636009165,0.0,0.27355623100295323,0.0,0.5,412.20000000005683,False,False,True,
S025,corridor,inactive,101,1060001,1,PR1_HT0_EC1,No-HT,S025@corridor@inactive:i101:nsga2:s1060001:r1:PR1_HT0_EC1:6b766fe2ff8b,1efe1d1907c2fa4b02522f8fdf5dd2f7ca474637751fc5d683586fd07890f5aa,p0028,v2,d7516583c0a6075e4089331c75d2b121a7208aa8bd36ceed1846958bb3ecb73e,full,9d4be61a61fa0afcf9d0e9a7d81c4d0b248ef00c80c717970c5b39a157f09478,nsga2,0c170259c81589c7,6.666741629916057,1591.1122912117373,-0.0,6.773899549567069,1895.6766557736182,-0.0,0.10715791965101218,304.5643645618809,0.0,0.3435016662390064,0.0,0.3333333333333333,366.17590361473384,False,False,True,
S025,corridor,inactive,101,1060001,1,PR1_HT0_EC1,No-HT,S025@corridor@inactive:i101:nsga2:s1060001:r1:PR1_HT0_EC1:6b766fe2ff8b,1efe1d1907c2fa4b02522f8fdf5dd2f7ca474637751fc5d683586fd07890f5aa,p0029,v2,d7516583c0a6075e4089331c75d2b121a7208aa8bd36ceed1846958bb3ecb73e,full,9d4be61a61fa0afcf9d0e9a7d81c4d0b248ef00c80c717970c5b39a157f09478,nsga2,7ca4a8245c45f575,6.816593120202064,1151.3085948308135,-0.0,6.874240121581239,1149.6055622140414,-0.0,0.057647001379174334,-1.7030326167721341,0.0,0.27355623100295323,0.0,0.5,412.20000000005683,False,False,True,
S025,corridor,inactive,101,1060001,1,PR1_HT1_EC0,No-EC,S025@corridor@inactive:i101:nsga2:s1060001:r1:PR1_HT1_EC0:8bbc9a1f3321,1efe1d1907c2fa4b02522f8fdf5dd2f7ca474637751fc5d683586fd07890f5aa,p0001,v2,179b483864702c06d2fd6588dbbdaffaa29d0c92d040844319c17a1c6906a610,full,9d4be61a61fa0afcf9d0e9a7d81c4d0b248ef00c80c717970c5b39a157f09478,nsga2,cde6c0b29343e286,4.528251717410251,5033.3811674421795,-0.8678714859436998,4.528251717410251,5033.3811674421795,-0.8678714859436998,0.0,0.0,0.0,0.8999999999998567,0.8678714859436998,0.0,9.43387590268685e-11,True,False,True,
S025,corridor,inactive,101,1060001,1,PR1_HT1_EC0,No-EC,S025@corridor@inactive:i101:nsga2:s1060001:r1:PR1_HT1_EC0:8bbc9a1f3321,1efe1d1907c2fa4b02522f8fdf5dd2f7ca474637751fc5d683586fd07890f5aa,p0002,v2,179b483864702c06d2fd6588dbbdaffaa29d0c92d040844319c17a1c6906a610,full,9d4be61a61fa0afcf9d0e9a7d81c4d0b248ef00c80c717970c5b39a157f09478,nsga2,d7d8f4216d54b61f,4.557776101259622,5001.5427316447585,-0.8678714859436649,4.557776101259622,5001.5427316447585,-0.8678714859436649,0.0,0.0,0.0,0.8999999999998304,0.8678714859436649,0.0,1.1167600177941495e-10,False,False,True,
S025,corridor,inactive,101,1060001,1,PR1_HT1_EC0,No-EC,S025@corridor@inactive:i101:nsga2:s1060001:r1:PR1_HT1_EC0:8bbc9a1f3321,1efe1d1907c2fa4b02522f8fdf5dd2f7ca474637751fc5d683586fd07890f5aa,p0003,v2,179b483864702c06d2fd6588dbbdaffaa29d0c92d040844319c17a1c6906a610,full,9d4be61a61fa0afcf9d0e9a7d81c4d0b248ef00c80c717970c5b39a157f09478,nsga2,468011bdc9e2de6a,4.544170196602644,5024.500643650092,-0.8678714859437232,4.544170196602644,5024.500643650092,-0.8678714859437232,0.0,0.0,0.0,0.8999999999998745,0.8678714859437232,0.0,8.260769845946925e-11,False,False,True,
S025,corridor,inactive,101,1060001,1,PR1_HT1_EC0,No-EC,S025@corridor@inactive:i101:nsga2:s1060001:r1:PR1_HT1_EC0:8bbc9a1f3321,1efe1d1907c2fa4b02522f8fdf5dd2f7ca474637751fc5d683586fd07890f5aa,p0004,v2,179b483864702c06d2fd6588dbbdaffaa29d0c92d040844319c17a1c6906a610,full,9d4be61a61fa0afcf9d0e9a7d81c4d0b248ef00c80c717970c5b39a157f09478,nsga2,a04955248dc4d9f6,4.532757880055506,5027.05519257525,-0.8678714859437232,4.532757880055506,5027.05519257525,-0.8678714859437232,0.0,0.0,0.0,0.8999999999998745,0.8678714859437232,0.0,8.262190931418445e-11,False,False,True,
S025,corridor,inactive,101,1060001,1,PR1_HT1_EC0,No-EC,S025@corridor@inactive:i101:nsga2:s1060001:r1:PR1_HT1_EC0:8bbc9a1f3321,1efe1d1907c2fa4b02522f8fdf5dd2f7ca474637751fc5d683586fd07890f5aa,p0005,v2,179b483864702c06d2fd6588dbbdaffaa29d0c92d040844319c17a1c6906a610,full,9d4be61a61fa0afcf9d0e9a7d81c4d0b248ef00c80c717970c5b39a157f09478,nsga2,40101ead267182f7,5.81048087756818,3894.531295765675,-0.5792682926829268,5.81048087756818,3894.531295765675,-0.5792682926829268,0.0,0.0,0.0,0.7002603264286574,0.5792682926829268,0.0,131.42870520994347,False,False,True,
S025,corridor,inactive,101,1060001,1,PR1_HT1_EC0,No-EC,S025@corridor@inactive:i101:nsga2:s1060001:r1:PR1_HT1_EC0:8bbc9a1f3321,1efe1d1907c2fa4b02522f8fdf5dd2f7ca474637751fc5d683586fd07890f5aa,p0006,v2,179b483864702c06d2fd6588dbbdaffaa29d0c92d040844319c17a1c6906a610,full,9d4be61a61fa0afcf9d0e9a7d81c4d0b248ef00c80c717970c5b39a157f09478,nsga2,c074bb4f3b1fdc02,5.842915287098676,3870.041163068089,-0.5612244897959183,5.842915287098676,3870.041163068089,-0.5612244897959183,0.0,0.0,0.0,0.6926082434737245,0.5612244897959183,0.0,136.46377579428935,False,False,True,
S025,corridor,inactive,101,1060001,1,PR1_HT1_EC0,No-EC,S025@corridor@inactive:i101:nsga2:s1060001:r1:PR1_HT1_EC0:8bbc9a1f3321,1efe1d1907c2fa4b02522f8fdf5dd2f7ca474637751fc5d683586fd07890f5aa,p0007,v2,179b483864702c06d2fd6588dbbdaffaa29d0c92d040844319c17a1c6906a610,full,9d4be61a61fa0afcf9d0e9a7d81c4d0b248ef00c80c717970c5b39a157f09478,nsga2,b4a2b042dad81920,5.785258646099938,3898.9258448788005,-0.5,5.785258646099938,3898.9258448788005,-0.5,0.0,0.0,0.0,0.7077592939044729,0.5,0.0,126.49438461085691,False,False,True,
S025,corridor,inactive,101,1060001,1,PR1_HT1_EC0,No-EC,S025@corridor@inactive:i101:nsga2:s1060001:r1:PR1_HT1_EC0:8bbc9a1f3321,1efe1d1907c2fa4b02522f8fdf5dd2f7ca474637751fc5d683586fd07890f5aa,p0008,v2,179b483864702c06d2fd6588dbbdaffaa29d0c92d040844319c17a1c6906a610,full,9d4be61a61fa0afcf9d0e9a7d81c4d0b248ef00c80c717970c5b39a157f09478,nsga2,6dfa80e04e5919d7,6.0236621085210755,3572.5271295732837,-0.5,6.0236621085210755,3572.5271295732837,-0.5,0.0,0.0,0.0,0.6497799476900699,0.5,0.0,164.64479441993413,False,False,True,
S025,corridor,inactive,101,1060001,1,PR1_HT1_EC0,No-EC,S025@corridor@inactive:i101:nsga2:s1060001:r1:PR1_HT1_EC0:8bbc9a1f3321,1efe1d1907c2fa4b02522f8fdf5dd2f7ca474637751fc5d683586fd07890f5aa,p0009,v2,179b483864702c06d2fd6588dbbdaffaa29d0c92d040844319c17a1c6906a610,full,9d4be61a61fa0afcf9d0e9a7d81c4d0b248ef00c80c717970c5b39a157f09478,nsga2,067792ec464a0150,5.780334523195965,4068.530598972646,-0.44871794871794873,5.780334523195965,4068.530598972646,-0.44871794871794873,0.0,0.0,0.0,0.701531714904225,0.44871794871794873,0.0,130.59213159302004,False,False,True,
S025,corridor,inactive,101,1060001,1,PR1_HT1_EC0,No-EC,S025@corridor@inactive:i101:nsga2:s1060001:r1:PR1_HT1_EC0:8bbc9a1f3321,1efe1d1907c2fa4b02522f8fdf5dd2f7ca474637751fc5d683586fd07890f5aa,p0010,v2,179b483864702c06d2fd6588dbbdaffaa29d0c92d040844319c17a1c6906a610,full,9d4be61a61fa0afcf9d0e9a7d81c4d0b248ef00c80c717970c5b39a157f09478,nsga2,b16a9496cdb03dea,6.0355583567059385,3549.56921756795,-0.44871794871794873,6.0355583567059385,3549.56921756795,-0.44871794871794873,0.0,0.0,0.0,0.640452659933458,0.44871794871794873,0.0,170.78214976378467,False,False,True,
S025,corridor,inactive,101,1060001,1,PR1_HT1_EC0,No-EC,S025@corridor@inactive:i101:nsga2:s1060001:r1:PR1_HT1_EC0:8bbc9a1f3321,1efe1d1907c2fa4b02522f8fdf5dd2f7ca474637751fc5d683586fd07890f5aa,p0011,v2,179b483864702c06d2fd6588dbbdaffaa29d0c92d040844319c17a1c6906a610,full,9d4be61a61fa0afcf9d0e9a7d81c4d0b248ef00c80c717970c5b39a157f09478,nsga2,23d5b91228933f15,5.782722745447652,3872.732679564443,-0.4166666666666667,5.782722745447652,3872.732679564443,-0.4166666666666667,0.0,0.0,0.0,0.7015672383155297,0.4166666666666667,0.0,130.56875718838154,False,False,True,
S025,corridor,inactive,101,1060001,1,PR1_HT1_EC0,No-EC,S025@corridor@inactive:i101:nsga2:s1060001:r1:PR1_HT1_EC0:8bbc9a1f3321,1efe1d1907c2fa4b02522f8fdf5dd2f7ca474637751fc5d683586fd07890f5aa,p0012,v2,179b483864702c06d2fd6588dbbdaffaa29d0c92d040844319c17a1c6906a610,full,9d4be61a61fa0afcf9d0e9a7d81c4d0b248ef00c80c717970c5b39a157f09478,nsga2,be015661f313f078,6.2793633692503255,3349.7322392706646,-0.36585365853658536,6.2793633692503255,3349.7322392706646,-0.36585365853658536,0.0,0.0,0.0,0.5647490187466376,0.36585365853658536,0.0,220.5951456647124,False,False,True,
S025,corridor,inactive,101,1060001,1,PR1_HT1_EC0,No-EC,S025@corridor@inactive:i101:nsga2:s1060001:r1:PR1_HT1_EC0:8bbc9a1f3321,1efe1d1907c2fa4b02522f8fdf5dd2f7ca474637751fc5d683586fd07890f5aa,p0013,v2,179b483864702c06d2fd6588dbbdaffaa29d0c92d040844319c17a1c6906a610,full,9d4be61a61fa0afcf9d0e9a7d81c4d0b248ef00c80c717970c5b39a157f09478,nsga2,339a15a8a6ef7f92,6.180294175956368,3526.6113055626165,-0.36585365853658536,6.180294175956368,3526.6113055626165,-0.36585365853658536,0.0,0.0,0.0,0.5750883477001997,0.36585365853658536,0.0,213.79186721326863,False,False,True,
S025,corridor,inactive,101,1060001,1,PR1_HT1_EC0,No-EC,S025@corridor@inactive:i101:nsga2:s1060001:r1:PR1_HT1_EC0:8bbc9a1f3321,1efe1d1907c2fa4b02522f8fdf5dd2f7ca474637751fc5d683586fd07890f5aa,p0014,v2,179b483864702c06d2fd6588dbbdaffaa29d0c92d040844319c17a1c6906a610,full,9d4be61a61fa0afcf9d0e9a7d81c4d0b248ef00c80c717970c5b39a157f09478,nsga2,76aa89236e78ebea,6.267580109772,3373.5416675843844,-0.3353658536585366,6.267580109772,3373.5416675843844,-0.3353658536585366,0.0,0.0,0.0,0.5574600258698217,0.3353658536585366,0.0,225.3913029776574,False,False,True,
S025,corridor,inactive,101,1060001,1,PR1_HT1_EC0,No-EC,S025@corridor@inactive:i101:nsga2:s1060001:r1:PR1_HT1_EC0:8bbc9a1f3321,1efe1d1907c2fa4b02522f8fdf5dd2f7ca474637751fc5d683586fd07890f5aa,p0015,v2,179b483864702c06d2fd6588dbbdaffaa29d0c92d040844319c17a1c6906a610,full,9d4be61a61fa0afcf9d0e9a7d81c4d0b248ef00c80c717970c5b39a157f09478,nsga2,e9e21ac184db1498,6.099795979309597,3526.611305562616,-0.3333333333333333,6.099795979309597,3526.611305562616,-0.3333333333333333,0.0,0.0,0.0,0.6192685980243792,0.3333333333333333,0.0,184.72126249995853,False,False,True,
S025,corridor,inactive,101,1060001,1,PR1_HT1_EC0,No-EC,S025@corridor@inactive:i101:nsga2:s1060001:r1:PR1_HT1_EC0:8bbc9a1f3321,1efe1d1907c2fa4b02522f8fdf5dd2f7ca474637751fc5d683586fd07890f5aa,p0016,v2,179b483864702c06d2fd6588dbbdaffaa29d0c92d040844319c17a1c6906a610,full,9d4be61a61fa0afcf9d0e9a7d81c4d0b248ef00c80c717970c5b39a157f09478,nsga2,7912670dc5fbb7ed,6.250103320167317,3445.0664555048243,-0.2564102564102564,6.250103320167317,3445.0664555048243,-0.2564102564102564,0.0,0.0,0.0,0.57161209461114,0.2564102564102564,0.0,216.07924174586987,False,False,True,
S025,corridor,inactive,101,1060001,1,PR1_HT1_EC0,No-EC,S025@corridor@inactive:i101:nsga2:s1060001:r1:PR1_HT1_EC0:8bbc9a1f3321,1efe1d1907c2fa4b02522f8fdf5dd2f7ca474637751fc5d683586fd07890f5aa,p0017,v2,179b483864702c06d2fd6588dbbdaffaa29d0c92d040844319c17a1c6906a610,full,9d4be61a61fa0afcf9d0e9a7d81c4d0b248ef00c80c717970c5b39a157f09478,nsga2,637d492448999406,6.539311951730267,2434.52973350195,-0.25510204081632654,6.539311951730267,2434.52973350195,-0.25510204081632654,0.0,0.0,0.0,0.47426973062314276,0.25510204081632654,0.0,280.1305172499721,False,False,True,
S025,corridor,inactive,101,1060001,1,PR1_HT1_EC0,No-EC,S025@corridor@inactive:i101:nsga2:s1060001:r1:PR1_HT1_EC0:8bbc9a1f3321,1efe1d1907c2fa4b02522f8fdf5dd2f7ca474637751fc5d683586fd07890f5aa,p0018,v2,179b483864702c06d2fd6588dbbdaffaa29d0c92d040844319c17a1c6906a610,full,9d4be61a61fa0afcf9d0e9a7d81c4d0b248ef00c80c717970c5b39a157f09478,nsga2,84819052b6e41a5b,6.273297024848562,3349.7322392706646,-0.25,6.273297024848562,3349.7322392706646,-0.25,0.0,0.0,0.0,0.569371747379718,0.25,0.0,217.55339022414563,False,False,True,
S025,corridor,inactive,101,1060001,1,PR1_HT1_EC0,No-EC,S025@corridor@inactive:i101:nsga2:s1060001:r1:PR1_HT1_EC0:8bbc9a1f3321,1efe1d1907c2fa4b02522f8fdf5dd2f7ca474637751fc5d683586fd07890f5aa,p0019,v2,179b483864702c06d2fd6588dbbdaffaa29d0c92d040844319c17a1c6906a610,full,9d4be61a61fa0afcf9d0e9a7d81c4d0b248ef00c80c717970c5b39a157f09478,nsga2,575f7d9b64b6f811,6.543885120444341,2412.423337805002,-0.24390243902439024,6.543885120444341,2412.423337805002,-0.24390243902439024,0.0,0.0,0.0,0.4731755233475667,0.24390243902439024,0.0,280.8505056373012,False,False,True,
S025,corridor,inactive,101,1060001,1,PR1_HT1_EC0,No-EC,S025@corridor@inactive:i101:nsga2:s1060001:r1:PR1_HT1_EC0:8bbc9a1f3321,1efe1d1907c2fa4b02522f8fdf5dd2f7ca474637751fc5d683586fd07890f5aa,p0020,v2,179b483864702c06d2fd6588dbbdaffaa29d0c92d040844319c17a1c6906a610,full,9d4be61a61fa0afcf9d0e9a7d81c4d0b248ef00c80c717970c5b39a157f09478,nsga2,26ac73063e9d7d56,6.534931078179168,2458.8828986283406,-0.19230769230769232,6.534931078179168,2458.8828986283406,-0.19230769230769232,0.0,0.0,0.0,0.48029853327661337,0.19230769230769232,0.0,276.16356510398845,False,False,True,
S025,corridor,inactive,101,1060001,1,PR1_HT1_EC0,No-EC,S025@corridor@inactive:i101:nsga2:s1060001:r1:PR1_HT1_EC0:8bbc9a1f3321,1efe1d1907c2fa4b02522f8fdf5dd2f7ca474637751fc5d683586fd07890f5aa,p0021,v2,179b483864702c06d2fd6588dbbdaffaa29d0c92d040844319c17a1c6906a610,full,9d4be61a61fa0afcf9d0e9a7d81c4d0b248ef00c80c717970c5b39a157f09478,nsga2,2c549ce1f8669e9d,6.536449952593118,2458.3391618156697,-0.19230769230769232,6.536449952593118,2458.3391618156697,-0.19230769230769232,0.0,0.0,0.0,0.47960362341394935,0.19230769230769232,0.0,276.6208157936214,False,False,True,
S025,corridor,inactive,101,1060001,1,PR1_HT1_EC0,No-EC,S025@corridor@inactive:i101:nsga2:s1060001:r1:PR1_HT1_EC0:8bbc9a1f3321,1efe1d1907c2fa4b02522f8fdf5dd2f7ca474637751fc5d683586fd07890f5aa,p0022,v2,179b483864702c06d2fd6588dbbdaffaa29d0c92d040844319c17a1c6906a610,full,9d4be61a61fa0afcf9d0e9a7d81c4d0b248ef00c80c717970c5b39a157f09478,nsga2,fc9737bacfc850e2,6.255808710876239,3443.5028772257274,-0.19230769230769232,6.255808710876239,3443.5028772257274,-0.19230769230769232,0.0,0.0,0.0,0.5616333759252724,0.19230769230769232,0.0,222.6452386411708,False,False,True,
S025,corridor,inactive,101,1060001,1,PR1_HT1_EC0,No-EC,S025@corridor@inactive:i101:nsga2:s1060001:r1:PR1_HT1_EC0:8bbc9a1f3321,1efe1d1907c2fa4b02522f8fdf5dd2f7ca474637751fc5d683586fd07890f5aa,p0023,v2,179b483864702c06d2fd6588dbbdaffaa29d0c92d040844319c17a1c6906a610,full,9d4be61a61fa0afcf9d0e9a7d81c4d0b248ef00c80c717970c5b39a157f09478,nsga2,aaf842450f2bc341,6.585753725383067,2388.9216889869977,-0.18292682926829268,6.585753725383067,2388.9216889869977,-0.18292682926829268,0.0,0.0,0.0,0.44991726634451623,0.18292682926829268,0.0,296.15443874530837,False,False,True,
S025,corridor,inactive,101,1060001,1,PR1_HT1_EC0,No-EC,S025@corridor@inactive:i101:nsga2:s1060001:r1:PR1_HT1_EC0:8bbc9a1f3321,1efe1d1907c2fa4b02522f8fdf5dd2f7ca474637751fc5d683586fd07890f5aa,p0024,v2,179b483864702c06d2fd6588dbbdaffaa29d0c92d040844319c17a1c6906a610,full,9d4be61a61fa0afcf9d0e9a7d81c4d0b248ef00c80c717970c5b39a157f09478,nsga2,3a200aac0cabf280,6.536785274177634,2412.423337805002,-0.16666666666666666,6.536785274177634,2412.423337805002,-0.16666666666666666,0.0,0.0,0.0,0.48027536961427303,0.16666666666666666,0.0,276.1788067938084,False,False,True,
S025,corridor,inactive,101,1060001,1,PR1_HT1_EC0,No-EC,S025@corridor@inactive:i101:nsga2:s1060001:r1:PR1_HT1_EC0:8bbc9a1f3321,1efe1d1907c2fa4b02522f8fdf5dd2f7ca474637751fc5d683586fd07890f5aa,p0025,v2,179b483864702c06d2fd6588dbbdaffaa29d0c92d040844319c17a1c6906a610,full,9d4be61a61fa0afcf9d0e9a7d81c4d0b248ef00c80c717970c5b39a157f09478,nsga2,1946b47b0a378817,6.533343815810775,2435.9249866230066,-0.16666666666666666,6.533343815810775,2435.9249866230066,-0.16666666666666666,0.0,0.0,0.0,0.4818857956450069,0.16666666666666666,0.0,275.1191464655855,False,False,True,
S025,corridor,inactive,101,1060001,1,PR1_HT1_EC0,No-EC,S025@corridor@inactive:i101:nsga2:s1060001:r1:PR1_HT1_EC0:8bbc9a1f3321,1efe1d1907c2fa4b02522f8fdf5dd2f7ca474637751fc5d683586fd07890f5aa,p0026,v2,179b483864702c06d2fd6588dbbdaffaa29d0c92d040844319c17a1c6906a610,full,9d4be61a61fa0afcf9d0e9a7d81c4d0b248ef00c80c717970c5b39a157f09478,nsga2,aa19ecd037343251,6.249856845779573,3374.629141209726,-0.16666666666666666,6.249856845779573,3374.629141209726,-0.16666666666666666,0.0,0.0,0.0,0.567588917793766,0.16666666666666666,0.0,218.72649209170203,False,False,True,
S025,corridor,inactive,101,1060001,1,PR1_HT1_EC0,No-EC,S025@corridor@inactive:i101:nsga2:s1060001:r1:PR1_HT1_EC0:8bbc9a1f3321,1efe1d1907c2fa4b02522f8fdf5dd2f7ca474637751fc5d683586fd07890f5aa,p0027,v2,179b483864702c06d2fd6588dbbdaffaa29d0c92d040844319c17a1c6906a610,full,9d4be61a61fa0afcf9d0e9a7d81c4d0b248ef00c80c717970c5b39a157f09478,nsga2,043aa8b9d211db22,6.616349861970663,2388.3779521743268,-0.12195121951219512,6.616349861970663,2388.3779521743268,-0.12195121951219512,0.0,0.0,0.0,0.4285380612026741,0.12195121951219512,0.0,310.22195572864047,False,False,True,
S025,corridor,inactive,101,1060001,1,PR1_HT1_EC0,No-EC,S025@corridor@inactive:i101:nsga2:s1060001:r1:PR1_HT1_EC0:8bbc9a1f3321,1efe1d1907c2fa4b02522f8fdf5dd2f7ca474637751fc5d683586fd07890f5aa,p0028,v2,179b483864702c06d2fd6588dbbdaffaa29d0c92d040844319c17a1c6906a610,full,9d4be61a61fa0afcf9d0e9a7d81c4d0b248ef00c80c717970c5b39a157f09478,nsga2,947386b43aadff72,6.904635258359354,704.0078882202506,-0.0,6.904635258359354,704.0078882202506,-0.0,0.0,0.0,0.0,0.2431610942248377,0.0,0.6666666666666666,432.20000000005683,False,False,True,
S025,corridor,inactive,101,1060001,1,PR1_HT1_EC0,No-EC,S025@corridor@inactive:i101:nsga2:s1060001:r1:PR1_HT1_EC0:8bbc9a1f3321,1efe1d1907c2fa4b02522f8fdf5dd2f7ca474637751fc5d683586fd07890f5aa,p0029,v2,179b483864702c06d2fd6588dbbdaffaa29d0c92d040844319c17a1c6906a610,full,9d4be61a61fa0afcf9d0e9a7d81c4d0b248ef00c80c717970c5b39a157f09478,nsga2,8ce9b0c32db37d16,6.604064881554189,2285.8554872748778,-0.0,6.604064881554189,2285.8554872748778,-0.0,0.0,0.0,0.0,0.43450928915450565,0.0,0.16666666666666666,306.29288773633533,False,False,True,
S025,corridor,inactive,101,1060001,1,PR1_HT1_EC0,No-EC,S025@corridor@inactive:i101:nsga2:s1060001:r1:PR1_HT1_EC0:8bbc9a1f3321,1efe1d1907c2fa4b02522f8fdf5dd2f7ca474637751fc5d683586fd07890f5aa,p0030,v2,179b483864702c06d2fd6588dbbdaffaa29d0c92d040844319c17a1c6906a610,full,9d4be61a61fa0afcf9d0e9a7d81c4d0b248ef00c80c717970c5b39a157f09478,nsga2,5158fd3aa05e6f2d,6.5701306526149725,2333.7103012192733,-0.0,6.5701306526149725,2333.7103012192733,-0.0,0.0,0.0,0.0,0.44345102973843753,0.0,0.16666666666666666,300.40922243210815,False,False,True,
S025,corridor,inactive,101,1060001,1,PR1_HT1_EC0,No-EC,S025@corridor@inactive:i101:nsga2:s1060001:r1:PR1_HT1_EC0:8bbc9a1f3321,1efe1d1907c2fa4b02522f8fdf5dd2f7ca474637751fc5d683586fd07890f5aa,p0031,v2,179b483864702c06d2fd6588dbbdaffaa29d0c92d040844319c17a1c6906a610,full,9d4be61a61fa0afcf9d0e9a7d81c4d0b248ef00c80c717970c5b39a157f09478,nsga2,d6a9e3ba52323427,6.574284669348502,2311.0601687096546,-0.0,6.574284669348502,2311.0601687096546,-0.0,0.0,0.0,0.0,0.44277597444340533,0.0,0.16666666666666666,300.8534088162393,False,False,True,
S025,corridor,inactive,101,1060001,1,PR1_HT1_EC0,No-EC,S025@corridor@inactive:i101:nsga2:s1060001:r1:PR1_HT1_EC0:8bbc9a1f3321,1efe1d1907c2fa4b02522f8fdf5dd2f7ca474637751fc5d683586fd07890f5aa,p0032,v2,179b483864702c06d2fd6588dbbdaffaa29d0c92d040844319c17a1c6906a610,full,9d4be61a61fa0afcf9d0e9a7d81c4d0b248ef00c80c717970c5b39a157f09478,nsga2,f2aa96908f6d8998,6.874240121581239,1149.6055622140414,-0.0,6.874240121581239,1149.6055622140414,-0.0,0.0,0.0,0.0,0.27355623100295323,0.0,0.5,412.20000000005683,False,False,True,
S025,corridor,inactive,101,1060001,1,PR1_HT1_EC0,No-EC,S025@corridor@inactive:i101:nsga2:s1060001:r1:PR1_HT1_EC0:8bbc9a1f3321,1efe1d1907c2fa4b02522f8fdf5dd2f7ca474637751fc5d683586fd07890f5aa,p0033,v2,179b483864702c06d2fd6588dbbdaffaa29d0c92d040844319c17a1c6906a610,full,9d4be61a61fa0afcf9d0e9a7d81c4d0b248ef00c80c717970c5b39a157f09478,nsga2,8d5a63dcd227d2d2,6.880831837991047,1055.598966942023,-0.0,6.880831837991047,1055.598966942023,-0.0,0.0,0.0,0.0,0.2669645145931444,0.0,0.5,416.537349397711,False,False,True,
S025,corridor,inactive,101,1060001,1,PR1_HT1_EC0,No-EC,S025@corridor@inactive:i101:nsga2:s1060001:r1:PR1_HT1_EC0:8bbc9a1f3321,1efe1d1907c2fa4b02522f8fdf5dd2f7ca474637751fc5d683586fd07890f5aa,p0034,v2,179b483864702c06d2fd6588dbbdaffaa29d0c92d040844319c17a1c6906a610,full,9d4be61a61fa0afcf9d0e9a7d81c4d0b248ef00c80c717970c5b39a157f09478,nsga2,095f1a4c37cef303,6.770420588128572,1860.5995778659335,-0.0,6.770420588128572,1860.5995778659335,-0.0,0.0,0.0,0.0,0.3469806276775043,0.0,0.16666666666666666,363.8867469882022,False,False,True,
S025,corridor,inactive,101,1060001,1,PR1_HT1_EC0,No-EC,S025@corridor@inactive:i101:nsga2:s1060001:r1:PR1_HT1_EC0:8bbc9a1f3321,1efe1d1907c2fa4b02522f8fdf5dd2f7ca474637751fc5d683586fd07890f5aa,p0035,v2,179b483864702c06d2fd6588dbbdaffaa29d0c92d040844319c17a1c6906a610,full,9d4be61a61fa0afcf9d0e9a7d81c4d0b248ef00c80c717970c5b39a157f09478,nsga2,ebfe678f1d3ea05d,6.773899549567069,1841.3555105898593,-0.0,6.773899549567069,1841.3555105898593,-0.0,0.0,0.0,0.0,0.3435016662390064,0.0,0.3333333333333333,366.17590361473384,False,False,True,
S025,corridor,inactive,101,1060001,1,PR1_HT1_EC0,No-EC,S025@corridor@inactive:i101:nsga2:s1060001:r1:PR1_HT1_EC0:8bbc9a1f3321,1efe1d1907c2fa4b02522f8fdf5dd2f7ca474637751fc5d683586fd07890f5aa,p0036,v2,179b483864702c06d2fd6588dbbdaffaa29d0c92d040844319c17a1c6906a610,full,9d4be61a61fa0afcf9d0e9a7d81c4d0b248ef00c80c717970c5b39a157f09478,nsga2,8639fedc8a1c58a1,6.688787063147219,2070.2997547997456,-0.0,6.688787063147219,2070.2997547997456,-0.0,0.0,0.0,0.0,0.3678238791026265,0.0,0.16666666666666666,350.1718875504718,False,False,True,
S025,corridor,inactive,101,1060001,1,PR1_HT1_EC0,No-EC,S025@corridor@inactive:i101:nsga2:s1060001:r1:PR1_HT1_EC0:8bbc9a1f3321,1efe1d1907c2fa4b02522f8fdf5dd2f7ca474637751fc5d683586fd07890f5aa,p0037,v2,179b483864702c06d2fd6588dbbdaffaa29d0c92d040844319c17a1c6906a610,full,9d4be61a61fa0afcf9d0e9a7d81c4d0b248ef00c80c717970c5b39a157f09478,nsga2,a22e679368923521,6.684117930690247,2159.911800958638,-0.0,6.684117930690247,2159.911800958638,-0.0,0.0,0.0,0.0,0.37249301155959835,0.0,0.3333333333333333,347.09959839378433,False,False,True,
S025,corridor,inactive,101,1060001,1,PR1_HT1_EC0,No-EC,S025@corridor@inactive:i101:nsga2:s1060001:r1:PR1_HT1_EC0:8bbc9a1f3321,1efe1d1907c2fa4b02522f8fdf5dd2f7ca474637751fc5d683586fd07890f5aa,p0038,v2,179b483864702c06d2fd6588dbbdaffaa29d0c92d040844319c17a1c6906a610,full,9d4be61a61fa0afcf9d0e9a7d81c4d0b248ef00c80c717970c5b39a157f09478,nsga2,3dadf5e3f47ea6ef,6.792509897502747,1817.0023454634686,-0.0,6.792509897502747,1817.0023454634686,-0.0,0.0,0.0,0.0,0.33148303471313806,0.0,0.3333333333333333,374.0841631587552,False,False,True,
S025,corridor,inactive,101,1060001,1,PR1_HT1_EC0,No-EC,S025@corridor@inactive:i101:nsga2:s1060001:r1:PR1_HT1_EC0:8bbc9a1f3321,1efe1d1907c2fa4b02522f8fdf5dd2f7ca474637751fc5d683586fd07890f5aa,p0039,v2,179b483864702c06d2fd6588dbbdaffaa29d0c92d040844319c17a1c6906a610,full,9d4be61a61fa0afcf9d0e9a7d81c4d0b248ef00c80c717970c5b39a157f09478,nsga2,3a9af4cd4ff90ef9,6.716998024736528,2012.0897775835226,-0.0,6.716998024736528,2012.0897775835226,-0.0,0.0,0.0,0.0,0.3566668879637003,0.0,0.16666666666666666,357.51318771988525,False,False,True,
S025,corridor,inactive,101,1060001,1,PR1_HT1_EC1,Full,S025@corridor@inactive:i101:nsga2:s1060001:r1:PR1_HT1_EC1:67564d14e5f7,1efe1d1907c2fa4b02522f8fdf5dd2f7ca474637751fc5d683586fd07890f5aa,p0001,v2,9d4be61a61fa0afcf9d0e9a7d81c4d0b248ef00c80c717970c5b39a157f09478,full,9d4be61a61fa0afcf9d0e9a7d81c4d0b248ef00c80c717970c5b39a157f09478,nsga2,cde6c0b29343e286,4.528251717410251,5033.3811674421795,-0.8678714859436998,4.528251717410251,5033.3811674421795,-0.8678714859436998,0.0,0.0,0.0,0.8999999999998567,0.8678714859436998,0.0,9.43387590268685e-11,True,True,True,
S025,corridor,inactive,101,1060001,1,PR1_HT1_EC1,Full,S025@corridor@inactive:i101:nsga2:s1060001:r1:PR1_HT1_EC1:67564d14e5f7,1efe1d1907c2fa4b02522f8fdf5dd2f7ca474637751fc5d683586fd07890f5aa,p0002,v2,9d4be61a61fa0afcf9d0e9a7d81c4d0b248ef00c80c717970c5b39a157f09478,full,9d4be61a61fa0afcf9d0e9a7d81c4d0b248ef00c80c717970c5b39a157f09478,nsga2,d7d8f4216d54b61f,4.557776101259622,5001.5427316447585,-0.8678714859436649,4.557776101259622,5001.5427316447585,-0.8678714859436649,0.0,0.0,0.0,0.8999999999998304,0.8678714859436649,0.0,1.1167600177941495e-10,False,True,True,
S025,corridor,inactive,101,1060001,1,PR1_HT1_EC1,Full,S025@corridor@inactive:i101:nsga2:s1060001:r1:PR1_HT1_EC1:67564d14e5f7,1efe1d1907c2fa4b02522f8fdf5dd2f7ca474637751fc5d683586fd07890f5aa,p0003,v2,9d4be61a61fa0afcf9d0e9a7d81c4d0b248ef00c80c717970c5b39a157f09478,full,9d4be61a61fa0afcf9d0e9a7d81c4d0b248ef00c80c717970c5b39a157f09478,nsga2,468011bdc9e2de6a,4.544170196602644,5024.500643650092,-0.8678714859437232,4.544170196602644,5024.500643650092,-0.8678714859437232,0.0,0.0,0.0,0.8999999999998745,0.8678714859437232,0.0,8.260769845946925e-11,False,True,True,
S025,corridor,inactive,101,1060001,1,PR1_HT1_EC1,Full,S025@corridor@inactive:i101:nsga2:s1060001:r1:PR1_HT1_EC1:67564d14e5f7,1efe1d1907c2fa4b02522f8fdf5dd2f7ca474637751fc5d683586fd07890f5aa,p0004,v2,9d4be61a61fa0afcf9d0e9a7d81c4d0b248ef00c80c717970c5b39a157f09478,full,9d4be61a61fa0afcf9d0e9a7d81c4d0b248ef00c80c717970c5b39a157f09478,nsga2,a04955248dc4d9f6,4.532757880055506,5027.05519257525,-0.8678714859437232,4.532757880055506,5027.05519257525,-0.8678714859437232,0.0,0.0,0.0,0.8999999999998745,0.8678714859437232,0.0,8.262190931418445e-11,False,True,True,
S025,corridor,inactive,101,1060001,1,PR1_HT1_EC1,Full,S025@corridor@inactive:i101:nsga2:s1060001:r1:PR1_HT1_EC1:67564d14e5f7,1efe1d1907c2fa4b02522f8fdf5dd2f7ca474637751fc5d683586fd07890f5aa,p0005,v2,9d4be61a61fa0afcf9d0e9a7d81c4d0b248ef00c80c717970c5b39a157f09478,full,9d4be61a61fa0afcf9d0e9a7d81c4d0b248ef00c80c717970c5b39a157f09478,nsga2,40101ead267182f7,5.81048087756818,3894.531295765675,-0.5792682926829268,5.81048087756818,3894.531295765675,-0.5792682926829268,0.0,0.0,0.0,0.7002603264286574,0.5792682926829268,0.0,131.42870520994347,False,True,True,
S025,corridor,inactive,101,1060001,1,PR1_HT1_EC1,Full,S025@corridor@inactive:i101:nsga2:s1060001:r1:PR1_HT1_EC1:67564d14e5f7,1efe1d1907c2fa4b02522f8fdf5dd2f7ca474637751fc5d683586fd07890f5aa,p0006,v2,9d4be61a61fa0afcf9d0e9a7d81c4d0b248ef00c80c717970c5b39a157f09478,full,9d4be61a61fa0afcf9d0e9a7d81c4d0b248ef00c80c717970c5b39a157f09478,nsga2,c074bb4f3b1fdc02,5.842915287098676,3870.041163068089,-0.5612244897959183,5.842915287098676,3870.041163068089,-0.5612244897959183,0.0,0.0,0.0,0.6926082434737245,0.5612244897959183,0.0,136.46377579428935,False,True,True,
S025,corridor,inactive,101,1060001,1,PR1_HT1_EC1,Full,S025@corridor@inactive:i101:nsga2:s1060001:r1:PR1_HT1_EC1:67564d14e5f7,1efe1d1907c2fa4b02522f8fdf5dd2f7ca474637751fc5d683586fd07890f5aa,p0007,v2,9d4be61a61fa0afcf9d0e9a7d81c4d0b248ef00c80c717970c5b39a157f09478,full,9d4be61a61fa0afcf9d0e9a7d81c4d0b248ef00c80c717970c5b39a157f09478,nsga2,b4a2b042dad81920,5.785258646099938,3898.9258448788005,-0.5,5.785258646099938,3898.9258448788005,-0.5,0.0,0.0,0.0,0.7077592939044729,0.5,0.0,126.49438461085691,False,True,True,
S025,corridor,inactive,101,1060001,1,PR1_HT1_EC1,Full,S025@corridor@inactive:i101:nsga2:s1060001:r1:PR1_HT1_EC1:67564d14e5f7,1efe1d1907c2fa4b02522f8fdf5dd2f7ca474637751fc5d683586fd07890f5aa,p0008,v2,9d4be61a61fa0afcf9d0e9a7d81c4d0b248ef00c80c717970c5b39a157f09478,full,9d4be61a61fa0afcf9d0e9a7d81c4d0b248ef00c80c717970c5b39a157f09478,nsga2,6dfa80e04e5919d7,6.0236621085210755,3572.5271295732837,-0.5,6.0236621085210755,3572.5271295732837,-0.5,0.0,0.0,0.0,0.6497799476900699,0.5,0.0,164.64479441993413,False,True,True,
S025,corridor,inactive,101,1060001,1,PR1_HT1_EC1,Full,S025@corridor@inactive:i101:nsga2:s1060001:r1:PR1_HT1_EC1:67564d14e5f7,1efe1d1907c2fa4b02522f8fdf5dd2f7ca474637751fc5d683586fd07890f5aa,p0009,v2,9d4be61a61fa0afcf9d0e9a7d81c4d0b248ef00c80c717970c5b39a157f09478,full,9d4be61a61fa0afcf9d0e9a7d81c4d0b248ef00c80c717970c5b39a157f09478,nsga2,067792ec464a0150,5.780334523195965,4068.530598972646,-0.44871794871794873,5.780334523195965,4068.530598972646,-0.44871794871794873,0.0,0.0,0.0,0.701531714904225,0.44871794871794873,0.0,130.59213159302004,False,True,True,
S025,corridor,inactive,101,1060001,1,PR1_HT1_EC1,Full,S025@corridor@inactive:i101:nsga2:s1060001:r1:PR1_HT1_EC1:67564d14e5f7,1efe1d1907c2fa4b02522f8fdf5dd2f7ca474637751fc5d683586fd07890f5aa,p0010,v2,9d4be61a61fa0afcf9d0e9a7d81c4d0b248ef00c80c717970c5b39a157f09478,full,9d4be61a61fa0afcf9d0e9a7d81c4d0b248ef00c80c717970c5b39a157f09478,nsga2,b16a9496cdb03dea,6.0355583567059385,3549.56921756795,-0.44871794871794873,6.0355583567059385,3549.56921756795,-0.44871794871794873,0.0,0.0,0.0,0.640452659933458,0.44871794871794873,0.0,170.78214976378467,False,True,True,
S025,corridor,inactive,101,1060001,1,PR1_HT1_EC1,Full,S025@corridor@inactive:i101:nsga2:s1060001:r1:PR1_HT1_EC1:67564d14e5f7,1efe1d1907c2fa4b02522f8fdf5dd2f7ca474637751fc5d683586fd07890f5aa,p0011,v2,9d4be61a61fa0afcf9d0e9a7d81c4d0b248ef00c80c717970c5b39a157f09478,full,9d4be61a61fa0afcf9d0e9a7d81c4d0b248ef00c80c717970c5b39a157f09478,nsga2,23d5b91228933f15,5.782722745447652,3872.732679564443,-0.4166666666666667,5.782722745447652,3872.732679564443,-0.4166666666666667,0.0,0.0,0.0,0.7015672383155297,0.4166666666666667,0.0,130.56875718838154,False,True,True,
S025,corridor,inactive,101,1060001,1,PR1_HT1_EC1,Full,S025@corridor@inactive:i101:nsga2:s1060001:r1:PR1_HT1_EC1:67564d14e5f7,1efe1d1907c2fa4b02522f8fdf5dd2f7ca474637751fc5d683586fd07890f5aa,p0012,v2,9d4be61a61fa0afcf9d0e9a7d81c4d0b248ef00c80c717970c5b39a157f09478,full,9d4be61a61fa0afcf9d0e9a7d81c4d0b248ef00c80c717970c5b39a157f09478,nsga2,be015661f313f078,6.2793633692503255,3349.7322392706646,-0.36585365853658536,6.2793633692503255,3349.7322392706646,-0.36585365853658536,0.0,0.0,0.0,0.5647490187466376,0.36585365853658536,0.0,220.5951456647124,False,True,True,
S025,corridor,inactive,101,1060001,1,PR1_HT1_EC1,Full,S025@corridor@inactive:i101:nsga2:s1060001:r1:PR1_HT1_EC1:67564d14e5f7,1efe1d1907c2fa4b02522f8fdf5dd2f7ca474637751fc5d683586fd07890f5aa,p0013,v2,9d4be61a61fa0afcf9d0e9a7d81c4d0b248ef00c80c717970c5b39a157f09478,full,9d4be61a61fa0afcf9d0e9a7d81c4d0b248ef00c80c717970c5b39a157f09478,nsga2,339a15a8a6ef7f92,6.180294175956368,3526.6113055626165,-0.36585365853658536,6.180294175956368,3526.6113055626165,-0.36585365853658536,0.0,0.0,0.0,0.5750883477001997,0.36585365853658536,0.0,213.79186721326863,False,True,True,
S025,corridor,inactive,101,1060001,1,PR1_HT1_EC1,Full,S025@corridor@inactive:i101:nsga2:s1060001:r1:PR1_HT1_EC1:67564d14e5f7,1efe1d1907c2fa4b02522f8fdf5dd2f7ca474637751fc5d683586fd07890f5aa,p0014,v2,9d4be61a61fa0afcf9d0e9a7d81c4d0b248ef00c80c717970c5b39a157f09478,full,9d4be61a61fa0afcf9d0e9a7d81c4d0b248ef00c80c717970c5b39a157f09478,nsga2,76aa89236e78ebea,6.267580109772,3373.5416675843844,-0.3353658536585366,6.267580109772,3373.5416675843844,-0.3353658536585366,0.0,0.0,0.0,0.5574600258698217,0.3353658536585366,0.0,225.3913029776574,False,True,True,
S025,corridor,inactive,101,1060001,1,PR1_HT1_EC1,Full,S025@corridor@inactive:i101:nsga2:s1060001:r1:PR1_HT1_EC1:67564d14e5f7,1efe1d1907c2fa4b02522f8fdf5dd2f7ca474637751fc5d683586fd07890f5aa,p0015,v2,9d4be61a61fa0afcf9d0e9a7d81c4d0b248ef00c80c717970c5b39a157f09478,full,9d4be61a61fa0afcf9d0e9a7d81c4d0b248ef00c80c717970c5b39a157f09478,nsga2,e9e21ac184db1498,6.099795979309597,3526.611305562616,-0.3333333333333333,6.099795979309597,3526.611305562616,-0.3333333333333333,0.0,0.0,0.0,0.6192685980243792,0.3333333333333333,0.0,184.72126249995853,False,True,True,
S025,corridor,inactive,101,1060001,1,PR1_HT1_EC1,Full,S025@corridor@inactive:i101:nsga2:s1060001:r1:PR1_HT1_EC1:67564d14e5f7,1efe1d1907c2fa4b02522f8fdf5dd2f7ca474637751fc5d683586fd07890f5aa,p0016,v2,9d4be61a61fa0afcf9d0e9a7d81c4d0b248ef00c80c717970c5b39a157f09478,full,9d4be61a61fa0afcf9d0e9a7d81c4d0b248ef00c80c717970c5b39a157f09478,nsga2,7912670dc5fbb7ed,6.250103320167317,3445.0664555048243,-0.2564102564102564,6.250103320167317,3445.0664555048243,-0.2564102564102564,0.0,0.0,0.0,0.57161209461114,0.2564102564102564,0.0,216.07924174586987,False,True,True,
S025,corridor,inactive,101,1060001,1,PR1_HT1_EC1,Full,S025@corridor@inactive:i101:nsga2:s1060001:r1:PR1_HT1_EC1:67564d14e5f7,1efe1d1907c2fa4b02522f8fdf5dd2f7ca474637751fc5d683586fd07890f5aa,p0017,v2,9d4be61a61fa0afcf9d0e9a7d81c4d0b248ef00c80c717970c5b39a157f09478,full,9d4be61a61fa0afcf9d0e9a7d81c4d0b248ef00c80c717970c5b39a157f09478,nsga2,637d492448999406,6.539311951730267,2434.52973350195,-0.25510204081632654,6.539311951730267,2434.52973350195,-0.25510204081632654,0.0,0.0,0.0,0.47426973062314276,0.25510204081632654,0.0,280.1305172499721,False,True,True,
S025,corridor,inactive,101,1060001,1,PR1_HT1_EC1,Full,S025@corridor@inactive:i101:nsga2:s1060001:r1:PR1_HT1_EC1:67564d14e5f7,1efe1d1907c2fa4b02522f8fdf5dd2f7ca474637751fc5d683586fd07890f5aa,p0018,v2,9d4be61a61fa0afcf9d0e9a7d81c4d0b248ef00c80c717970c5b39a157f09478,full,9d4be61a61fa0afcf9d0e9a7d81c4d0b248ef00c80c717970c5b39a157f09478,nsga2,84819052b6e41a5b,6.273297024848562,3349.7322392706646,-0.25,6.273297024848562,3349.7322392706646,-0.25,0.0,0.0,0.0,0.569371747379718,0.25,0.0,217.55339022414563,False,True,True,
S025,corridor,inactive,101,1060001,1,PR1_HT1_EC1,Full,S025@corridor@inactive:i101:nsga2:s1060001:r1:PR1_HT1_EC1:67564d14e5f7,1efe1d1907c2fa4b02522f8fdf5dd2f7ca474637751fc5d683586fd07890f5aa,p0019,v2,9d4be61a61fa0afcf9d0e9a7d81c4d0b248ef00c80c717970c5b39a157f09478,full,9d4be61a61fa0afcf9d0e9a7d81c4d0b248ef00c80c717970c5b39a157f09478,nsga2,575f7d9b64b6f811,6.543885120444341,2412.423337805002,-0.24390243902439024,6.543885120444341,2412.423337805002,-0.24390243902439024,0.0,0.0,0.0,0.4731755233475667,0.24390243902439024,0.0,280.8505056373012,False,True,True,
S025,corridor,inactive,101,1060001,1,PR1_HT1_EC1,Full,S025@corridor@inactive:i101:nsga2:s1060001:r1:PR1_HT1_EC1:67564d14e5f7,1efe1d1907c2fa4b02522f8fdf5dd2f7ca474637751fc5d683586fd07890f5aa,p0020,v2,9d4be61a61fa0afcf9d0e9a7d81c4d0b248ef00c80c717970c5b39a157f09478,full,9d4be61a61fa0afcf9d0e9a7d81c4d0b248ef00c80c717970c5b39a157f09478,nsga2,26ac73063e9d7d56,6.534931078179168,2458.8828986283406,-0.19230769230769232,6.534931078179168,2458.8828986283406,-0.19230769230769232,0.0,0.0,0.0,0.48029853327661337,0.19230769230769232,0.0,276.16356510398845,False,True,True,
S025,corridor,inactive,101,1060001,1,PR1_HT1_EC1,Full,S025@corridor@inactive:i101:nsga2:s1060001:r1:PR1_HT1_EC1:67564d14e5f7,1efe1d1907c2fa4b02522f8fdf5dd2f7ca474637751fc5d683586fd07890f5aa,p0021,v2,9d4be61a61fa0afcf9d0e9a7d81c4d0b248ef00c80c717970c5b39a157f09478,full,9d4be61a61fa0afcf9d0e9a7d81c4d0b248ef00c80c717970c5b39a157f09478,nsga2,2c549ce1f8669e9d,6.536449952593118,2458.3391618156697,-0.19230769230769232,6.536449952593118,2458.3391618156697,-0.19230769230769232,0.0,0.0,0.0,0.47960362341394935,0.19230769230769232,0.0,276.6208157936214,False,True,True,
S025,corridor,inactive,101,1060001,1,PR1_HT1_EC1,Full,S025@corridor@inactive:i101:nsga2:s1060001:r1:PR1_HT1_EC1:67564d14e5f7,1efe1d1907c2fa4b02522f8fdf5dd2f7ca474637751fc5d683586fd07890f5aa,p0022,v2,9d4be61a61fa0afcf9d0e9a7d81c4d0b248ef00c80c717970c5b39a157f09478,full,9d4be61a61fa0afcf9d0e9a7d81c4d0b248ef00c80c717970c5b39a157f09478,nsga2,fc9737bacfc850e2,6.255808710876239,3443.5028772257274,-0.19230769230769232,6.255808710876239,3443.5028772257274,-0.19230769230769232,0.0,0.0,0.0,0.5616333759252724,0.19230769230769232,0.0,222.6452386411708,False,True,True,
S025,corridor,inactive,101,1060001,1,PR1_HT1_EC1,Full,S025@corridor@inactive:i101:nsga2:s1060001:r1:PR1_HT1_EC1:67564d14e5f7,1efe1d1907c2fa4b02522f8fdf5dd2f7ca474637751fc5d683586fd07890f5aa,p0023,v2,9d4be61a61fa0afcf9d0e9a7d81c4d0b248ef00c80c717970c5b39a157f09478,full,9d4be61a61fa0afcf9d0e9a7d81c4d0b248ef00c80c717970c5b39a157f09478,nsga2,aaf842450f2bc341,6.585753725383067,2388.9216889869977,-0.18292682926829268,6.585753725383067,2388.9216889869977,-0.18292682926829268,0.0,0.0,0.0,0.44991726634451623,0.18292682926829268,0.0,296.15443874530837,False,True,True,
S025,corridor,inactive,101,1060001,1,PR1_HT1_EC1,Full,S025@corridor@inactive:i101:nsga2:s1060001:r1:PR1_HT1_EC1:67564d14e5f7,1efe1d1907c2fa4b02522f8fdf5dd2f7ca474637751fc5d683586fd07890f5aa,p0024,v2,9d4be61a61fa0afcf9d0e9a7d81c4d0b248ef00c80c717970c5b39a157f09478,full,9d4be61a61fa0afcf9d0e9a7d81c4d0b248ef00c80c717970c5b39a157f09478,nsga2,3a200aac0cabf280,6.536785274177634,2412.423337805002,-0.16666666666666666,6.536785274177634,2412.423337805002,-0.16666666666666666,0.0,0.0,0.0,0.48027536961427303,0.16666666666666666,0.0,276.1788067938084,False,True,True,
S025,corridor,inactive,101,1060001,1,PR1_HT1_EC1,Full,S025@corridor@inactive:i101:nsga2:s1060001:r1:PR1_HT1_EC1:67564d14e5f7,1efe1d1907c2fa4b02522f8fdf5dd2f7ca474637751fc5d683586fd07890f5aa,p0025,v2,9d4be61a61fa0afcf9d0e9a7d81c4d0b248ef00c80c717970c5b39a157f09478,full,9d4be61a61fa0afcf9d0e9a7d81c4d0b248ef00c80c717970c5b39a157f09478,nsga2,1946b47b0a378817,6.533343815810775,2435.9249866230066,-0.16666666666666666,6.533343815810775,2435.9249866230066,-0.16666666666666666,0.0,0.0,0.0,0.4818857956450069,0.16666666666666666,0.0,275.1191464655855,False,True,True,
S025,corridor,inactive,101,1060001,1,PR1_HT1_EC1,Full,S025@corridor@inactive:i101:nsga2:s1060001:r1:PR1_HT1_EC1:67564d14e5f7,1efe1d1907c2fa4b02522f8fdf5dd2f7ca474637751fc5d683586fd07890f5aa,p0026,v2,9d4be61a61fa0afcf9d0e9a7d81c4d0b248ef00c80c717970c5b39a157f09478,full,9d4be61a61fa0afcf9d0e9a7d81c4d0b248ef00c80c717970c5b39a157f09478,nsga2,aa19ecd037343251,6.249856845779573,3374.629141209726,-0.16666666666666666,6.249856845779573,3374.629141209726,-0.16666666666666666,0.0,0.0,0.0,0.567588917793766,0.16666666666666666,0.0,218.72649209170203,False,True,True,
S025,corridor,inactive,101,1060001,1,PR1_HT1_EC1,Full,S025@corridor@inactive:i101:nsga2:s1060001:r1:PR1_HT1_EC1:67564d14e5f7,1efe1d1907c2fa4b02522f8fdf5dd2f7ca474637751fc5d683586fd07890f5aa,p0027,v2,9d4be61a61fa0afcf9d0e9a7d81c4d0b248ef00c80c717970c5b39a157f09478,full,9d4be61a61fa0afcf9d0e9a7d81c4d0b248ef00c80c717970c5b39a157f09478,nsga2,043aa8b9d211db22,6.616349861970663,2388.3779521743268,-0.12195121951219512,6.616349861970663,2388.3779521743268,-0.12195121951219512,0.0,0.0,0.0,0.4285380612026741,0.12195121951219512,0.0,310.22195572864047,False,True,True,
S025,corridor,inactive,101,1060001,1,PR1_HT1_EC1,Full,S025@corridor@inactive:i101:nsga2:s1060001:r1:PR1_HT1_EC1:67564d14e5f7,1efe1d1907c2fa4b02522f8fdf5dd2f7ca474637751fc5d683586fd07890f5aa,p0028,v2,9d4be61a61fa0afcf9d0e9a7d81c4d0b248ef00c80c717970c5b39a157f09478,full,9d4be61a61fa0afcf9d0e9a7d81c4d0b248ef00c80c717970c5b39a157f09478,nsga2,947386b43aadff72,6.904635258359354,704.0078882202506,-0.0,6.904635258359354,704.0078882202506,-0.0,0.0,0.0,0.0,0.2431610942248377,0.0,0.6666666666666666,432.20000000005683,False,True,True,
S025,corridor,inactive,101,1060001,1,PR1_HT1_EC1,Full,S025@corridor@inactive:i101:nsga2:s1060001:r1:PR1_HT1_EC1:67564d14e5f7,1efe1d1907c2fa4b02522f8fdf5dd2f7ca474637751fc5d683586fd07890f5aa,p0029,v2,9d4be61a61fa0afcf9d0e9a7d81c4d0b248ef00c80c717970c5b39a157f09478,full,9d4be61a61fa0afcf9d0e9a7d81c4d0b248ef00c80c717970c5b39a157f09478,nsga2,8ce9b0c32db37d16,6.604064881554189,2285.8554872748778,-0.0,6.604064881554189,2285.8554872748778,-0.0,0.0,0.0,0.0,0.43450928915450565,0.0,0.16666666666666666,306.29288773633533,False,True,True,
S025,corridor,inactive,101,1060001,1,PR1_HT1_EC1,Full,S025@corridor@inactive:i101:nsga2:s1060001:r1:PR1_HT1_EC1:67564d14e5f7,1efe1d1907c2fa4b02522f8fdf5dd2f7ca474637751fc5d683586fd07890f5aa,p0030,v2,9d4be61a61fa0afcf9d0e9a7d81c4d0b248ef00c80c717970c5b39a157f09478,full,9d4be61a61fa0afcf9d0e9a7d81c4d0b248ef00c80c717970c5b39a157f09478,nsga2,5158fd3aa05e6f2d,6.5701306526149725,2333.7103012192733,-0.0,6.5701306526149725,2333.7103012192733,-0.0,0.0,0.0,0.0,0.44345102973843753,0.0,0.16666666666666666,300.40922243210815,False,True,True,
S025,corridor,inactive,101,1060001,1,PR1_HT1_EC1,Full,S025@corridor@inactive:i101:nsga2:s1060001:r1:PR1_HT1_EC1:67564d14e5f7,1efe1d1907c2fa4b02522f8fdf5dd2f7ca474637751fc5d683586fd07890f5aa,p0031,v2,9d4be61a61fa0afcf9d0e9a7d81c4d0b248ef00c80c717970c5b39a157f09478,full,9d4be61a61fa0afcf9d0e9a7d81c4d0b248ef00c80c717970c5b39a157f09478,nsga2,d6a9e3ba52323427,6.574284669348502,2311.0601687096546,-0.0,6.574284669348502,2311.0601687096546,-0.0,0.0,0.0,0.0,0.44277597444340533,0.0,0.16666666666666666,300.8534088162393,False,True,True,
S025,corridor,inactive,101,1060001,1,PR1_HT1_EC1,Full,S025@corridor@inactive:i101:nsga2:s1060001:r1:PR1_HT1_EC1:67564d14e5f7,1efe1d1907c2fa4b02522f8fdf5dd2f7ca474637751fc5d683586fd07890f5aa,p0032,v2,9d4be61a61fa0afcf9d0e9a7d81c4d0b248ef00c80c717970c5b39a157f09478,full,9d4be61a61fa0afcf9d0e9a7d81c4d0b248ef00c80c717970c5b39a157f09478,nsga2,f2aa96908f6d8998,6.874240121581239,1149.6055622140414,-0.0,6.874240121581239,1149.6055622140414,-0.0,0.0,0.0,0.0,0.27355623100295323,0.0,0.5,412.20000000005683,False,True,True,
S025,corridor,inactive,101,1060001,1,PR1_HT1_EC1,Full,S025@corridor@inactive:i101:nsga2:s1060001:r1:PR1_HT1_EC1:67564d14e5f7,1efe1d1907c2fa4b02522f8fdf5dd2f7ca474637751fc5d683586fd07890f5aa,p0033,v2,9d4be61a61fa0afcf9d0e9a7d81c4d0b248ef00c80c717970c5b39a157f09478,full,9d4be61a61fa0afcf9d0e9a7d81c4d0b248ef00c80c717970c5b39a157f09478,nsga2,8d5a63dcd227d2d2,6.880831837991047,1055.598966942023,-0.0,6.880831837991047,1055.598966942023,-0.0,0.0,0.0,0.0,0.2669645145931444,0.0,0.5,416.537349397711,False,True,True,
S025,corridor,inactive,101,1060001,1,PR1_HT1_EC1,Full,S025@corridor@inactive:i101:nsga2:s1060001:r1:PR1_HT1_EC1:67564d14e5f7,1efe1d1907c2fa4b02522f8fdf5dd2f7ca474637751fc5d683586fd07890f5aa,p0034,v2,9d4be61a61fa0afcf9d0e9a7d81c4d0b248ef00c80c717970c5b39a157f09478,full,9d4be61a61fa0afcf9d0e9a7d81c4d0b248ef00c80c717970c5b39a157f09478,nsga2,095f1a4c37cef303,6.770420588128572,1860.5995778659335,-0.0,6.770420588128572,1860.5995778659335,-0.0,0.0,0.0,0.0,0.3469806276775043,0.0,0.16666666666666666,363.8867469882022,False,True,True,
S025,corridor,inactive,101,1060001,1,PR1_HT1_EC1,Full,S025@corridor@inactive:i101:nsga2:s1060001:r1:PR1_HT1_EC1:67564d14e5f7,1efe1d1907c2fa4b02522f8fdf5dd2f7ca474637751fc5d683586fd07890f5aa,p0035,v2,9d4be61a61fa0afcf9d0e9a7d81c4d0b248ef00c80c717970c5b39a157f09478,full,9d4be61a61fa0afcf9d0e9a7d81c4d0b248ef00c80c717970c5b39a157f09478,nsga2,ebfe678f1d3ea05d,6.773899549567069,1841.3555105898593,-0.0,6.773899549567069,1841.3555105898593,-0.0,0.0,0.0,0.0,0.3435016662390064,0.0,0.3333333333333333,366.17590361473384,False,True,True,
S025,corridor,inactive,101,1060001,1,PR1_HT1_EC1,Full,S025@corridor@inactive:i101:nsga2:s1060001:r1:PR1_HT1_EC1:67564d14e5f7,1efe1d1907c2fa4b02522f8fdf5dd2f7ca474637751fc5d683586fd07890f5aa,p0036,v2,9d4be61a61fa0afcf9d0e9a7d81c4d0b248ef00c80c717970c5b39a157f09478,full,9d4be61a61fa0afcf9d0e9a7d81c4d0b248ef00c80c717970c5b39a157f09478,nsga2,8639fedc8a1c58a1,6.688787063147219,2070.2997547997456,-0.0,6.688787063147219,2070.2997547997456,-0.0,0.0,0.0,0.0,0.3678238791026265,0.0,0.16666666666666666,350.1718875504718,False,True,True,
S025,corridor,inactive,101,1060001,1,PR1_HT1_EC1,Full,S025@corridor@inactive:i101:nsga2:s1060001:r1:PR1_HT1_EC1:67564d14e5f7,1efe1d1907c2fa4b02522f8fdf5dd2f7ca474637751fc5d683586fd07890f5aa,p0037,v2,9d4be61a61fa0afcf9d0e9a7d81c4d0b248ef00c80c717970c5b39a157f09478,full,9d4be61a61fa0afcf9d0e9a7d81c4d0b248ef00c80c717970c5b39a157f09478,nsga2,a22e679368923521,6.684117930690247,2159.911800958638,-0.0,6.684117930690247,2159.911800958638,-0.0,0.0,0.0,0.0,0.37249301155959835,0.0,0.3333333333333333,347.09959839378433,False,True,True,
S025,corridor,inactive,101,1060001,1,PR1_HT1_EC1,Full,S025@corridor@inactive:i101:nsga2:s1060001:r1:PR1_HT1_EC1:67564d14e5f7,1efe1d1907c2fa4b02522f8fdf5dd2f7ca474637751fc5d683586fd07890f5aa,p0038,v2,9d4be61a61fa0afcf9d0e9a7d81c4d0b248ef00c80c717970c5b39a157f09478,full,9d4be61a61fa0afcf9d0e9a7d81c4d0b248ef00c80c717970c5b39a157f09478,nsga2,3dadf5e3f47ea6ef,6.792509897502747,1817.0023454634686,-0.0,6.792509897502747,1817.0023454634686,-0.0,0.0,0.0,0.0,0.33148303471313806,0.0,0.3333333333333333,374.0841631587552,False,True,True,
S025,corridor,inactive,101,1060001,1,PR1_HT1_EC1,Full,S025@corridor@inactive:i101:nsga2:s1060001:r1:PR1_HT1_EC1:67564d14e5f7,1efe1d1907c2fa4b02522f8fdf5dd2f7ca474637751fc5d683586fd07890f5aa,p0039,v2,9d4be61a61fa0afcf9d0e9a7d81c4d0b248ef00c80c717970c5b39a157f09478,full,9d4be61a61fa0afcf9d0e9a7d81c4d0b248ef00c80c717970c5b39a157f09478,nsga2,3a9af4cd4ff90ef9,6.716998024736528,2012.0897775835226,-0.0,6.716998024736528,2012.0897775835226,-0.0,0.0,0.0,0.0,0.3566668879637003,0.0,0.16666666666666666,357.51318771988525,False,True,True,
S025,corridor,inactive,102,1070000,0,PR0_HT1_EC1,No-PR,S025@corridor@inactive:i102:nsga2:s1070000:r0:PR0_HT1_EC1:b000292d4414,2e814cd9fcac3903c94a188170ea145cdf0012758210e24bec0ee8270490ed48,p0001,v2,40ce0ed53e7fe8c366332bf52a48de218ab766bedae9227d7ad63fe1b278b89f,full,326f76e99f5143fa83843f2e539e46bdb3745f86f7124dfcaa5f774bc9992662,nsga2,ec28acedbe95bb7e,4.721005461811413,3379.002190434665,-0.8755301794452158,4.390306411130979,4093.0598151529225,-0.8755301794452158,-0.33069905068043415,714.0576247182576,0.0,0.8999999999998918,0.8755301794452158,0.0,8.267875273304526e-11,True,False,True,
S025,corridor,inactive,102,1070000,0,PR0_HT1_EC1,No-PR,S025@corridor@inactive:i102:nsga2:s1070000:r0:PR0_HT1_EC1:b000292d4414,2e814cd9fcac3903c94a188170ea145cdf0012758210e24bec0ee8270490ed48,p0002,v2,40ce0ed53e7fe8c366332bf52a48de218ab766bedae9227d7ad63fe1b278b89f,full,326f76e99f5143fa83843f2e539e46bdb3745f86f7124dfcaa5f774bc9992662,nsga2,4c41b061ed00adfe,5.5048838007583205,3021.5112349976353,-0.7329842931937173,5.190415718365358,3445.4862932207698,-0.7853403141361257,-0.3144680823929624,423.9750582231345,-0.05235602094240843,0.8464918367591251,0.7853403141361257,0.0,40.82672855278756,False,False,True,
S025,corridor,inactive,102,1070000,0,PR0_HT1_EC1,No-PR,S025@corridor@inactive:i102:nsga2:s1070000:r0:PR0_HT1_EC1:b000292d4414,2e814cd9fcac3903c94a188170ea145cdf0012758210e24bec0ee8270490ed48,p0003,v2,40ce0ed53e7fe8c366332bf52a48de218ab766bedae9227d7ad63fe1b278b89f,full,326f76e99f5143fa83843f2e539e46bdb3745f86f7124dfcaa5f774bc9992662,nsga2,60a7a71ada2129d6,5.424413063384044,2953.8747974467756,-0.7258064516129032,5.184052788449702,3368.1875074483582,-0.7661290322580645,-0.24036027493434187,414.3127100015827,-0.040322580645161255,0.8471026696190072,0.7661290322580645,0.0,40.360663080697606,False,False,True,
S025,corridor,inactive,102,1070000,0,PR0_HT1_EC1,No-PR,S025@corridor@inactive:i102:nsga2:s1070000:r0:PR0_HT1_EC1:b000292d4414,2e814cd9fcac3903c94a188170ea145cdf0012758210e24bec0ee8270490ed48,p0004,v2,40ce0ed53e7fe8c366332bf52a48de218ab766bedae9227d7ad63fe1b278b89f,full,326f76e99f5143fa83843f2e539e46bdb3745f86f7124dfcaa5f774bc9992662,nsga2,52ef437ad6c398de,5.669043720861626,2924.261575483772,-0.5645161290322581,5.2798583583346925,3325.3417910280573,-0.6451612903225806,-0.38918536252693325,401.08021554428524,-0.08064516129032251,0.7989646196160911,0.6451612903225806,0.0,77.08999523292242,False,False,True,
S025,corridor,inactive,102,1070000,0,PR0_HT1_EC1,No-PR,S025@corridor@inactive:i102:nsga2:s1070000:r0:PR0_HT1_EC1:b000292d4414,2e814cd9fcac3903c94a188170ea145cdf0012758210e24bec0ee8270490ed48,p0005,v2,40ce0ed53e7fe8c366332bf52a48de218ab766bedae9227d7ad63fe1b278b89f,full,326f76e99f5143fa83843f2e539e46bdb3745f86f7124dfcaa5f774bc9992662,nsga2,5463c3984578e4ce,6.550311645636121,2000.087875344111,-0.4435483870967742,6.259273794908312,2879.73606722791,-0.4032258064516129,-0.2910378507278093,879.6481918837992,0.04032258064516131,0.6081318006639365,0.4032258064516129,0.0,222.69543609341645,False,False,True,
S025,corridor,inactive,102,1070000,0,PR0_HT1_EC1,No-PR,S025@corridor@inactive:i102:nsga2:s1070000:r0:PR0_HT1_EC1:b000292d4414,2e814cd9fcac3903c94a188170ea145cdf0012758210e24bec0ee8270490ed48,p0006,v2,40ce0ed53e7fe8c366332bf52a48de218ab766bedae9227d7ad63fe1b278b89f,full,326f76e99f5143fa83843f2e539e46bdb3745f86f7124dfcaa5f774bc9992662,nsga2,72b77703bba2f71c,6.925979801821777,1481.820767861317,-0.28225806451612906,6.770896936374542,1905.7958260844514,-0.28225806451612906,-0.15508286544723493,423.9750582231343,0.0,0.4866417255030375,0.28225806451612906,0.0,315.3923634411824,False,False,True,
S025,corridor,inactive,102,1070000,0,PR0_HT1_EC1,No-PR,S025@corridor@inactive:i102:nsga2:s1070000:r0:PR0_HT1_EC1:b000292d4414,2e814cd9fcac3903c94a188170ea145cdf0012758210e24bec0ee8270490ed48,p0007,v2,40ce0ed53e7fe8c366332bf52a48de218ab766bedae9227d7ad63fe1b278b89f,full,326f76e99f5143fa83843f2e539e46bdb3745f86f7124dfcaa5f774bc9992662,nsga2,3ba76f66ba8fbcc3,6.957419619319288,1476.6765051013667,-0.16129032258064516,6.762755129787318,1877.756720645652,-0.24193548387096775,-0.19466448953197002,401.08021554428524,-0.08064516129032259,0.486078046437685,0.24193548387096775,0.0,315.82245056804635,False,False,True,
S025,corridor,inactive,102,1070000,0,PR0_HT1_EC1,No-PR,S025@corridor@inactive:i102:nsga2:s1070000:r0:PR0_HT1_EC1:b000292d4414,2e814cd9fcac3903c94a188170ea145cdf0012758210e24bec0ee8270490ed48,p0008,v2,40ce0ed53e7fe8c366332bf52a48de218ab766bedae9227d7ad63fe1b278b89f,full,326f76e99f5143fa83843f2e539e46bdb3745f86f7124dfcaa5f774bc9992662,nsga2,656e6c66558a6b26,6.970280341067012,1473.287941005166,-0.1282051282051282,6.773533906523888,1876.6271992802517,-0.21367521367521367,-0.19674643454312335,403.33925827508574,-0.08547008547008547,0.47961449226506037,0.21367521367521367,0.0,320.75414240175894,False,False,True,
S025,corridor,inactive,102,1070000,0,PR0_HT1_EC1,No-PR,S025@corridor@inactive:i102:nsga2:s1070000:r0:PR0_HT1_EC1:b000292d4414,2e814cd9fcac3903c94a188170ea145cdf0012758210e24bec0ee8270490ed48,p0009,v2,40ce0ed53e7fe8c366332bf52a48de218ab766bedae9227d7ad63fe1b278b89f,full,326f76e99f5143fa83843f2e539e46bdb3745f86f7124dfcaa5f774bc9992662,nsga2,4bb5cd5086b1a2f1,7.1754849956214795,1008.6780196162929,-0.12096774193548387,6.97350062374059,1866.8995229026482,-0.08064516129032258,-0.20198437188088914,858.2215032863553,0.040322580645161296,0.39568451002000316,0.08064516129032258,0.0,384.7927188547376,False,False,True,
S025,corridor,inactive,102,1070000,0,PR0_HT1_EC1,No-PR,S025@corridor@inactive:i102:nsga2:s1070000:r0:PR0_HT1_EC1:b000292d4414,2e814cd9fcac3903c94a188170ea145cdf0012758210e24bec0ee8270490ed48,p0010,v2,40ce0ed53e7fe8c366332bf52a48de218ab766bedae9227d7ad63fe1b278b89f,full,326f76e99f5143fa83843f2e539e46bdb3745f86f7124dfcaa5f774bc9992662,nsga2,ad316931e7926ee3,7.187094530406259,1001.9046928767319,-0.042735042735042736,6.944844794472122,1841.643126274274,-0.17094017094017094,-0.2422497359341369,839.738433397542,-0.1282051282051282,0.4166813925482849,0.17094017094017094,0.0,368.7720974856586,False,False,True,
S025,corridor,inactive,102,1070000,0,PR0_HT1_EC1,No-PR,S025@corridor@inactive:i102:nsga2:s1070000:r0:PR0_HT1_EC1:b000292d4414,2e814cd9fcac3903c94a188170ea145cdf0012758210e24bec0ee8270490ed48,p0011,v2,40ce0ed53e7fe8c366332bf52a48de218ab766bedae9227d7ad63fe1b278b89f,full,326f76e99f5143fa83843f2e539e46bdb3745f86f7124dfcaa5f774bc9992662,nsga2,36e6ed63c47e90d1,7.299694189603029,497.23063206382767,-0.0,7.299694189603029,497.23063206382767,-0.0,0.0,0.0,0.0,0.19659239842719517,0.0,0.6666666666666666,536.7000000000501,False,False,True,
S025,corridor,inactive,102,1070000,0,PR1_HT0_EC1,No-HT,S025@corridor@inactive:i102:nsga2:s1070000:r0:PR1_HT0_EC1:d467400fa28a,2e814cd9fcac3903c94a188170ea145cdf0012758210e24bec0ee8270490ed48,p0001,v2,2e933b6bebf4435f8501ffbea87ad104adecb83c124d1114cbab9ce29c460af0,full,326f76e99f5143fa83843f2e539e46bdb3745f86f7124dfcaa5f774bc9992662,nsga2,bdef86effae56540,3.724113106199151,3913.617939373897,-0.8999999999999353,4.390306411130979,4093.0598151529225,-0.8755301794452158,0.666193304931828,179.4418757790254,0.024469820554719468,0.8999999999998918,0.8755301794452158,0.0,8.267875273304526e-11,True,False,True,
S025,corridor,inactive,102,1070000,0,PR1_HT0_EC1,No-HT,S025@corridor@inactive:i102:nsga2:s1070000:r0:PR1_HT0_EC1:d467400fa28a,2e814cd9fcac3903c94a188170ea145cdf0012758210e24bec0ee8270490ed48,p0002,v2,2e933b6bebf4435f8501ffbea87ad104adecb83c124d1114cbab9ce29c460af0,full,326f76e99f5143fa83843f2e539e46bdb3745f86f7124dfcaa5f774bc9992662,nsga2,c8413f1e470840ad,4.721005461811413,3403.5760776553984,-0.8755301794452158,5.184052788449702,3366.0483612146886,-0.7661290322580645,0.4630473266382893,-37.52771644070981,0.10940114718715133,0.8471026696190072,0.7661290322580645,0.0,40.360663080697606,False,False,True,
S025,corridor,inactive,102,1070000,0,PR1_HT0_EC1,No-HT,S025@corridor@inactive:i102:nsga2:s1070000:r0:PR1_HT0_EC1:d467400fa28a,2e814cd9fcac3903c94a188170ea145cdf0012758210e24bec0ee8270490ed48,p0003,v2,2e933b6bebf4435f8501ffbea87ad104adecb83c124d1114cbab9ce29c460af0,full,326f76e99f5143fa83843f2e539e46bdb3745f86f7124dfcaa5f774bc9992662,nsga2,34d29aaa915a4172,5.5048838007583205,3380.2059959183016,-0.7329842931937173,6.247220754374321,2860.961588677967,-0.4712041884816754,0.7423369536160003,-519.2444072403346,0.2617801047120419,0.6157198381894539,0.4712041884816754,0.0,216.9057634614466,False,False,True,
S025,corridor,inactive,102,1070000,0,PR1_HT0_EC1,No-HT,S025@corridor@inactive:i102:nsga2:s1070000:r0:PR1_HT0_EC1:d467400fa28a,2e814cd9fcac3903c94a188170ea145cdf0012758210e24bec0ee8270490ed48,p0004,v2,2e933b6bebf4435f8501ffbea87ad104adecb83c124d1114cbab9ce29c460af0,full,326f76e99f5143fa83843f2e539e46bdb3745f86f7124dfcaa5f774bc9992662,nsga2,de31bcf868b1b423,5.424413063384044,3252.216009465827,-0.7258064516129032,5.868847354243383,3114.476355525128,-0.5645161290322581,0.4444342908593386,-137.7396539406991,0.16129032258064513,0.7089647720694959,0.5645161290322581,0.0,145.7598789109747,False,False,True,
S025,corridor,inactive,102,1070000,0,PR1_HT0_EC1,No-HT,S025@corridor@inactive:i102:nsga2:s1070000:r0:PR1_HT0_EC1:d467400fa28a,2e814cd9fcac3903c94a188170ea145cdf0012758210e24bec0ee8270490ed48,p0005,v2,2e933b6bebf4435f8501ffbea87ad104adecb83c124d1114cbab9ce29c460af0,full,326f76e99f5143fa83843f2e539e46bdb3745f86f7124dfcaa5f774bc9992662,nsga2,cd3937c7f3f4894e,6.047788937022915,2677.966174809417,-0.6048387096774194,6.579577978045817,2281.394366073197,-0.3225806451612903,0.5317890410229023,-396.5718087362202,0.28225806451612906,0.5371069558912358,0.3225806451612903,0.0,276.88739265498714,False,False,True,
S025,corridor,inactive,102,1070000,0,PR1_HT0_EC1,No-HT,S025@corridor@inactive:i102:nsga2:s1070000:r0:PR1_HT0_EC1:d467400fa28a,2e814cd9fcac3903c94a188170ea145cdf0012758210e24bec0ee8270490ed48,p0006,v2,2e933b6bebf4435f8501ffbea87ad104adecb83c124d1114cbab9ce29c460af0,full,326f76e99f5143fa83843f2e539e46bdb3745f86f7124dfcaa5f774bc9992662,nsga2,f321701502bf57b6,6.550311645636121,2026.3730795517795,-0.4435483870967742,6.770896936374542,1905.7958260844514,-0.28225806451612906,0.2205852907384207,-120.57725346732809,0.16129032258064513,0.4866417255030375,0.28225806451612906,0.0,315.3923634411824,False,False,True,
S025,corridor,inactive,102,1070000,0,PR1_HT0_EC1,No-HT,S025@corridor@inactive:i102:nsga2:s1070000:r0:PR1_HT0_EC1:d467400fa28a,2e814cd9fcac3903c94a188170ea145cdf0012758210e24bec0ee8270490ed48,p0007,v2,2e933b6bebf4435f8501ffbea87ad104adecb83c124d1114cbab9ce29c460af0,full,326f76e99f5143fa83843f2e539e46bdb3745f86f7124dfcaa5f774bc9992662,nsga2,08c1f25ad7c0f765,6.642930166438765,2011.5664685702777,-0.29914529914529914,6.773533906523888,1876.6271992802517,-0.21367521367521367,0.13060374008512365,-134.939269290026,0.08547008547008547,0.47961449226506037,0.21367521367521367,0.0,320.75414240175894,False,False,True,
S025,corridor,inactive,102,1070000,0,PR1_HT0_EC1,No-HT,S025@corridor@inactive:i102:nsga2:s1070000:r0:PR1_HT0_EC1:d467400fa28a,2e814cd9fcac3903c94a188170ea145cdf0012758210e24bec0ee8270490ed48,p0008,v2,2e933b6bebf4435f8501ffbea87ad104adecb83c124d1114cbab9ce29c460af0,full,326f76e99f5143fa83843f2e539e46bdb3745f86f7124dfcaa5f774bc9992662,nsga2,27aeb14074ecab76,6.925979801821777,1759.9511949856433,-0.28225806451612906,7.060946263450385,1599.199123961355,-0.12096774193548387,0.1349664616286077,-160.75207102428817,0.16129032258064518,0.37162685559544434,0.12096774193548387,0.0,403.14870918067595,False,False,True,
S025,corridor,inactive,102,1070000,0,PR1_HT0_EC1,No-HT,S025@corridor@inactive:i102:nsga2:s1070000:r0:PR1_HT0_EC1:d467400fa28a,2e814cd9fcac3903c94a188170ea145cdf0012758210e24bec0ee8270490ed48,p0009,v2,2e933b6bebf4435f8501ffbea87ad104adecb83c124d1114cbab9ce29c460af0,full,326f76e99f5143fa83843f2e539e46bdb3745f86f7124dfcaa5f774bc9992662,nsga2,1bb4c98c5dd8a41e,7.1754849956214795,1034.9632238239615,-0.12096774193548387,7.235980720618634,919.9861425546703,-0.0,0.06049572499715428,-114.97708126929115,0.12096774193548387,0.2603058674115906,0.0,0.3333333333333333,488.08662316495634,False,False,True,
S025,corridor,inactive,102,1070000,0,PR1_HT0_EC1,No-HT,S025@corridor@inactive:i102:nsga2:s1070000:r0:PR1_HT0_EC1:d467400fa28a,2e814cd9fcac3903c94a188170ea145cdf0012758210e24bec0ee8270490ed48,p0010,v2,2e933b6bebf4435f8501ffbea87ad104adecb83c124d1114cbab9ce29c460af0,full,326f76e99f5143fa83843f2e539e46bdb3745f86f7124dfcaa5f774bc9992662,nsga2,3bac212d6a116dd4,7.187094530406259,1025.30087560241,-0.042735042735042736,7.234783420530259,916.415996318924,-0.0,0.04768889012400024,-108.88487928348604,0.042735042735042736,0.261503167499965,0.0,0.3333333333333333,487.1730831975267,False,False,True,
S025,corridor,inactive,102,1070000,0,PR1_HT0_EC1,No-HT,S025@corridor@inactive:i102:nsga2:s1070000:r0:PR1_HT0_EC1:d467400fa28a,2e814cd9fcac3903c94a188170ea145cdf0012758210e24bec0ee8270490ed48,p0011,v2,2e933b6bebf4435f8501ffbea87ad104adecb83c124d1114cbab9ce29c460af0,full,326f76e99f5143fa83843f2e539e46bdb3745f86f7124dfcaa5f774bc9992662,nsga2,e3c6de3f5102cec6,7.299694189603029,497.23063206382767,-0.0,7.299694189603029,497.23063206382767,-0.0,0.0,0.0,0.0,0.19659239842719517,0.0,0.6666666666666666,536.7000000000501,False,False,True,
S025,corridor,inactive,102,1070000,0,PR1_HT1_EC0,No-EC,S025@corridor@inactive:i102:nsga2:s1070000:r0:PR1_HT1_EC0:bac39318c609,2e814cd9fcac3903c94a188170ea145cdf0012758210e24bec0ee8270490ed48,p0001,v2,8efcc5ef502f2a9c0958acfa656708af9cb56924654883555f3396bf165cc52f,full,326f76e99f5143fa83843f2e539e46bdb3745f86f7124dfcaa5f774bc9992662,nsga2,fc50ce85bcabe4b2,4.215202153176456,4210.121476932916,-0.8755301794452136,4.215202153176456,4210.121476932916,-0.8755301794452136,0.0,0.0,0.0,0.89999999999989,0.8755301794452136,0.0,8.404299478570465e-11,False,False,True,
S025,corridor,inactive,102,1070000,0,PR1_HT1_EC0,No-EC,S025@corridor@inactive:i102:nsga2:s1070000:r0:PR1_HT1_EC0:bac39318c609,2e814cd9fcac3903c94a188170ea145cdf0012758210e24bec0ee8270490ed48,p0002,v2,8efcc5ef502f2a9c0958acfa656708af9cb56924654883555f3396bf165cc52f,full,326f76e99f5143fa83843f2e539e46bdb3745f86f7124dfcaa5f774bc9992662,nsga2,0d9d3152bdf41867,4.211523217373897,4285.524384253617,-0.8755301794451508,4.211523217373897,4285.524384253617,-0.8755301794451508,0.0,0.0,0.0,0.8999999999998395,0.8755301794451508,0.0,1.2255441106390208e-10,True,False,True,
S025,corridor,inactive,102,1070000,0,PR1_HT1_EC0,No-EC,S025@corridor@inactive:i102:nsga2:s1070000:r0:PR1_HT1_EC0:bac39318c609,2e814cd9fcac3903c94a188170ea145cdf0012758210e24bec0ee8270490ed48,p0003,v2,8efcc5ef502f2a9c0958acfa656708af9cb56924654883555f3396bf165cc52f,full,326f76e99f5143fa83843f2e539e46bdb3745f86f7124dfcaa5f774bc9992662,nsga2,d5e2eb940881c856,4.328848892747315,4071.847026242334,-0.875530179445167,4.328848892747315,4071.847026242334,-0.875530179445167,0.0,0.0,0.0,0.8999999999998524,0.875530179445167,0.0,1.1267786703683669e-10,False,False,True,
S025,corridor,inactive,102,1070000,0,PR1_HT1_EC0,No-EC,S025@corridor@inactive:i102:nsga2:s1070000:r0:PR1_HT1_EC0:bac39318c609,2e814cd9fcac3903c94a188170ea145cdf0012758210e24bec0ee8270490ed48,p0004,v2,8efcc5ef502f2a9c0958acfa656708af9cb56924654883555f3396bf165cc52f,full,326f76e99f5143fa83843f2e539e46bdb3745f86f7124dfcaa5f774bc9992662,nsga2,bb6023e24f046608,4.242581553045056,4080.301270960677,-0.8755301794452139,4.242581553045056,4080.301270960677,-0.8755301794452139,0.0,0.0,0.0,0.8999999999998901,0.8755301794452139,0.0,8.388667538383743e-11,False,False,True,
S025,corridor,inactive,102,1070000,0,PR1_HT1_EC0,No-EC,S025@corridor@inactive:i102:nsga2:s1070000:r0:PR1_HT1_EC0:bac39318c609,2e814cd9fcac3903c94a188170ea145cdf0012758210e24bec0ee8270490ed48,p0005,v2,8efcc5ef502f2a9c0958acfa656708af9cb56924654883555f3396bf165cc52f,full,326f76e99f5143fa83843f2e539e46bdb3745f86f7124dfcaa5f774bc9992662,nsga2,ce45fa4c6daf552d,5.190415718365358,3445.4862932207698,-0.7853403141361257,5.190415718365358,3445.4862932207698,-0.7853403141361257,0.0,0.0,0.0,0.8464918367591251,0.7853403141361257,0.0,40.82672855278756,False,False,True,
S025,corridor,inactive,102,1070000,0,PR1_HT1_EC0,No-EC,S025@corridor@inactive:i102:nsga2:s1070000:r0:PR1_HT1_EC0:bac39318c609,2e814cd9fcac3903c94a188170ea145cdf0012758210e24bec0ee8270490ed48,p0006,v2,8efcc5ef502f2a9c0958acfa656708af9cb56924654883555f3396bf165cc52f,full,326f76e99f5143fa83843f2e539e46bdb3745f86f7124dfcaa5f774bc9992662,nsga2,49f4df3ec843c65e,5.184052788449702,3368.1875074483582,-0.7661290322580645,5.184052788449702,3368.1875074483582,-0.7661290322580645,0.0,0.0,0.0,0.8471026696190072,0.7661290322580645,0.0,40.360663080697606,False,False,True,
S025,corridor,inactive,102,1070000,0,PR1_HT1_EC0,No-EC,S025@corridor@inactive:i102:nsga2:s1070000:r0:PR1_HT1_EC0:bac39318c609,2e814cd9fcac3903c94a188170ea145cdf0012758210e24bec0ee8270490ed48,p0007,v2,8efcc5ef502f2a9c0958acfa656708af9cb56924654883555f3396bf165cc52f,full,326f76e99f5143fa83843f2e539e46bdb3745f86f7124dfcaa5f774bc9992662,nsga2,ec778c6af82bbd24,5.216153165520179,3359.6840550463307,-0.6837606837606838,5.216153165520179,3359.6840550463307,-0.6837606837606838,0.0,0.0,0.0,0.823931449600816,0.6837606837606838,0.0,58.04030395457745,False,False,True,
S025,corridor,inactive,102,1070000,0,PR1_HT1_EC0,No-EC,S025@corridor@inactive:i102:nsga2:s1070000:r0:PR1_HT1_EC0:bac39318c609,2e814cd9fcac3903c94a188170ea145cdf0012758210e24bec0ee8270490ed48,p0008,v2,8efcc5ef502f2a9c0958acfa656708af9cb56924654883555f3396bf165cc52f,full,326f76e99f5143fa83843f2e539e46bdb3745f86f7124dfcaa5f774bc9992662,nsga2,81e95628efeb39b4,5.2798583583346925,3325.3417910280573,-0.6451612903225806,5.2798583583346925,3325.3417910280573,-0.6451612903225806,0.0,0.0,0.0,0.7989646196160911,0.6451612903225806,0.0,77.08999523292242,False,False,True,
S025,corridor,inactive,102,1070000,0,PR1_HT1_EC0,No-EC,S025@corridor@inactive:i102:nsga2:s1070000:r0:PR1_HT1_EC0:bac39318c609,2e814cd9fcac3903c94a188170ea145cdf0012758210e24bec0ee8270490ed48,p0009,v2,8efcc5ef502f2a9c0958acfa656708af9cb56924654883555f3396bf165cc52f,full,326f76e99f5143fa83843f2e539e46bdb3745f86f7124dfcaa5f774bc9992662,nsga2,dd109b2a5901c795,5.264158824522969,3356.2954909501304,-0.6451612903225806,5.264158824522969,3356.2954909501304,-0.6451612903225806,0.0,0.0,0.0,0.8058785496878806,0.6451612903225806,0.0,71.81466658814709,False,False,True,
S025,corridor,inactive,102,1070000,0,PR1_HT1_EC0,No-EC,S025@corridor@inactive:i102:nsga2:s1070000:r0:PR1_HT1_EC0:bac39318c609,2e814cd9fcac3903c94a188170ea145cdf0012758210e24bec0ee8270490ed48,p0010,v2,8efcc5ef502f2a9c0958acfa656708af9cb56924654883555f3396bf165cc52f,full,326f76e99f5143fa83843f2e539e46bdb3745f86f7124dfcaa5f774bc9992662,nsga2,cf38b59c081b1f78,5.2761100844332045,3327.600833758858,-0.6410256410256411,5.2761100844332045,3327.600833758858,-0.6410256410256411,0.0,0.0,0.0,0.8030366743824238,0.6410256410256411,0.0,73.9830174462107,False,False,True,
S025,corridor,inactive,102,1070000,0,PR1_HT1_EC0,No-EC,S025@corridor@inactive:i102:nsga2:s1070000:r0:PR1_HT1_EC0:bac39318c609,2e814cd9fcac3903c94a188170ea145cdf0012758210e24bec0ee8270490ed48,p0011,v2,8efcc5ef502f2a9c0958acfa656708af9cb56924654883555f3396bf165cc52f,full,326f76e99f5143fa83843f2e539e46bdb3745f86f7124dfcaa5f774bc9992662,nsga2,7d71bc1c6588a0fd,5.8403151566972875,3226.055394651502,-0.6282722513089005,5.8403151566972875,3226.055394651502,-0.6282722513089005,0.0,0.0,0.0,0.7240076133658494,0.6282722513089005,0.0,134.28219100185686,False,False,True,
S025,corridor,inactive,102,1070000,0,PR1_HT1_EC0,No-EC,S025@corridor@inactive:i102:nsga2:s1070000:r0:PR1_HT1_EC0:bac39318c609,2e814cd9fcac3903c94a188170ea145cdf0012758210e24bec0ee8270490ed48,p0012,v2,8efcc5ef502f2a9c0958acfa656708af9cb56924654883555f3396bf165cc52f,full,326f76e99f5143fa83843f2e539e46bdb3745f86f7124dfcaa5f774bc9992662,nsga2,9d6a84ced497b179,5.834563059641514,3139.9195874972784,-0.6048387096774194,5.834563059641514,3139.9195874972784,-0.6048387096774194,0.0,0.0,0.0,0.7249154090693141,0.6048387096774194,0.0,133.5895428801134,False,False,True,
S025,corridor,inactive,102,1070000,0,PR1_HT1_EC0,No-EC,S025@corridor@inactive:i102:nsga2:s1070000:r0:PR1_HT1_EC0:bac39318c609,2e814cd9fcac3903c94a188170ea145cdf0012758210e24bec0ee8270490ed48,p0013,v2,8efcc5ef502f2a9c0958acfa656708af9cb56924654883555f3396bf165cc52f,full,326f76e99f5143fa83843f2e539e46bdb3745f86f7124dfcaa5f774bc9992662,nsga2,db8de39b36f5d060,5.903889914936996,3139.38988435757,-0.5759162303664922,5.903889914936996,3139.38988435757,-0.5759162303664922,0.0,0.0,0.0,0.6956676862961194,0.5759162303664922,0.0,155.90555535606097,False,False,True,
S025,corridor,inactive,102,1070000,0,PR1_HT1_EC0,No-EC,S025@corridor@inactive:i102:nsga2:s1070000:r0:PR1_HT1_EC0:bac39318c609,2e814cd9fcac3903c94a188170ea145cdf0012758210e24bec0ee8270490ed48,p0014,v2,8efcc5ef502f2a9c0958acfa656708af9cb56924654883555f3396bf165cc52f,full,326f76e99f5143fa83843f2e539e46bdb3745f86f7124dfcaa5f774bc9992662,nsga2,3ce3e37f425d37e8,5.868847354243383,3114.476355525128,-0.5645161290322581,5.868847354243383,3114.476355525128,-0.5645161290322581,0.0,0.0,0.0,0.7089647720694959,0.5645161290322581,0.0,145.7598789109747,False,False,True,
S025,corridor,inactive,102,1070000,0,PR1_HT1_EC0,No-EC,S025@corridor@inactive:i102:nsga2:s1070000:r0:PR1_HT1_EC0:bac39318c609,2e814cd9fcac3903c94a188170ea145cdf0012758210e24bec0ee8270490ed48,p0015,v2,8efcc5ef502f2a9c0958acfa656708af9cb56924654883555f3396bf165cc52f,full,326f76e99f5143fa83843f2e539e46bdb3745f86f7124dfcaa5f774bc9992662,nsga2,07e8e00b0f8a42f5,5.950388281666236,3100.060727975451,-0.5555555555555556,5.950388281666236,3100.060727975451,-0.5555555555555556,0.0,0.0,0.0,0.6944840831289029,0.5555555555555556,0.0,156.8086445726471,False,False,True,
S025,corridor,inactive,102,1070000,0,PR1_HT1_EC0,No-EC,S025@corridor@inactive:i102:nsga2:s1070000:r0:PR1_HT1_EC0:bac39318c609,2e814cd9fcac3903c94a188170ea145cdf0012758210e24bec0ee8270490ed48,p0016,v2,8efcc5ef502f2a9c0958acfa656708af9cb56924654883555f3396bf165cc52f,full,326f76e99f5143fa83843f2e539e46bdb3745f86f7124dfcaa5f774bc9992662,nsga2,929113d9f1cf656f,5.811200794745219,3125.6303578702054,-0.5128205128205128,5.811200794745219,3125.6303578702054,-0.5128205128205128,0.0,0.0,0.0,0.7198497710308039,0.5128205128205128,0.0,137.45462470349648,False,False,True,
S025,corridor,inactive,102,1070000,0,PR1_HT1_EC0,No-EC,S025@corridor@inactive:i102:nsga2:s1070000:r0:PR1_HT1_EC0:bac39318c609,2e814cd9fcac3903c94a188170ea145cdf0012758210e24bec0ee8270490ed48,p0017,v2,8efcc5ef502f2a9c0958acfa656708af9cb56924654883555f3396bf165cc52f,full,326f76e99f5143fa83843f2e539e46bdb3745f86f7124dfcaa5f774bc9992662,nsga2,26abb00d9d86cffa,6.16129706530286,2885.304944717846,-0.4712041884816754,6.16129706530286,2885.304944717846,-0.4712041884816754,0.0,0.0,0.0,0.6379406927136497,0.4712041884816754,0.0,199.9512514594852,False,False,True,
S025,corridor,inactive,102,1070000,0,PR1_HT1_EC0,No-EC,S025@corridor@inactive:i102:nsga2:s1070000:r0:PR1_HT1_EC0:bac39318c609,2e814cd9fcac3903c94a188170ea145cdf0012758210e24bec0ee8270490ed48,p0018,v2,8efcc5ef502f2a9c0958acfa656708af9cb56924654883555f3396bf165cc52f,full,326f76e99f5143fa83843f2e539e46bdb3745f86f7124dfcaa5f774bc9992662,nsga2,a6dc1a5b70f24482,6.247220754374321,2860.961588677967,-0.4712041884816754,6.247220754374321,2860.961588677967,-0.4712041884816754,0.0,0.0,0.0,0.6157198381894539,0.4712041884816754,0.0,216.9057634614466,False,False,True,
S025,corridor,inactive,102,1070000,0,PR1_HT1_EC0,No-EC,S025@corridor@inactive:i102:nsga2:s1070000:r0:PR1_HT1_EC0:bac39318c609,2e814cd9fcac3903c94a188170ea145cdf0012758210e24bec0ee8270490ed48,p0019,v2,8efcc5ef502f2a9c0958acfa656708af9cb56924654883555f3396bf165cc52f,full,326f76e99f5143fa83843f2e539e46bdb3745f86f7124dfcaa5f774bc9992662,nsga2,5a42808a4be2a188,6.240105590717552,2863.220631408768,-0.4712041884816754,6.240105590717552,2863.220631408768,-0.4712041884816754,0.0,0.0,0.0,0.6164956697439601,0.4712041884816754,0.0,216.3138039853585,False,False,True,
S025,corridor,inactive,102,1070000,0,PR1_HT1_EC0,No-EC,S025@corridor@inactive:i102:nsga2:s1070000:r0:PR1_HT1_EC0:bac39318c609,2e814cd9fcac3903c94a188170ea145cdf0012758210e24bec0ee8270490ed48,p0020,v2,8efcc5ef502f2a9c0958acfa656708af9cb56924654883555f3396bf165cc52f,full,326f76e99f5143fa83843f2e539e46bdb3745f86f7124dfcaa5f774bc9992662,nsga2,66ec51c679f0a811,6.216235048083722,2870.2402687705535,-0.4712041884816754,6.216235048083722,2870.2402687705535,-0.4712041884816754,0.0,0.0,0.0,0.6221209895106964,0.4712041884816754,0.0,212.02168500333863,False,False,True,
S025,corridor,inactive,102,1070000,0,PR1_HT1_EC0,No-EC,S025@corridor@inactive:i102:nsga2:s1070000:r0:PR1_HT1_EC0:bac39318c609,2e814cd9fcac3903c94a188170ea145cdf0012758210e24bec0ee8270490ed48,p0021,v2,8efcc5ef502f2a9c0958acfa656708af9cb56924654883555f3396bf165cc52f,full,326f76e99f5143fa83843f2e539e46bdb3745f86f7124dfcaa5f774bc9992662,nsga2,1f60b4eb9d1159e0,6.188108260170005,2849.3354078395855,-0.42735042735042733,6.188108260170005,2849.3354078395855,-0.42735042735042733,0.0,0.0,0.0,0.6298820775726542,0.42735042735042733,0.0,206.09997481206474,False,False,True,
S025,corridor,inactive,102,1070000,0,PR1_HT1_EC0,No-EC,S025@corridor@inactive:i102:nsga2:s1070000:r0:PR1_HT1_EC0:bac39318c609,2e814cd9fcac3903c94a188170ea145cdf0012758210e24bec0ee8270490ed48,p0022,v2,8efcc5ef502f2a9c0958acfa656708af9cb56924654883555f3396bf165cc52f,full,326f76e99f5143fa83843f2e539e46bdb3745f86f7124dfcaa5f774bc9992662,nsga2,c660e1f0049d7304,6.136650285928104,2926.576544613943,-0.42735042735042733,6.136650285928104,2926.576544613943,-0.42735042735042733,0.0,0.0,0.0,0.6482631898556552,0.42735042735042733,0.0,192.0751861401351,False,False,True,
S025,corridor,inactive,102,1070000,0,PR1_HT1_EC0,No-EC,S025@corridor@inactive:i102:nsga2:s1070000:r0:PR1_HT1_EC0:bac39318c609,2e814cd9fcac3903c94a188170ea145cdf0012758210e24bec0ee8270490ed48,p0023,v2,8efcc5ef502f2a9c0958acfa656708af9cb56924654883555f3396bf165cc52f,full,326f76e99f5143fa83843f2e539e46bdb3745f86f7124dfcaa5f774bc9992662,nsga2,ee9317cfd79dfd74,6.537558421884067,2352.964114138894,-0.4143646408839779,6.537558421884067,2352.964114138894,-0.4143646408839779,0.0,0.0,0.0,0.5587160940919347,0.4143646408839779,0.0,260.39962020785384,False,False,True,
S025,corridor,inactive,102,1070000,0,PR1_HT1_EC0,No-EC,S025@corridor@inactive:i102:nsga2:s1070000:r0:PR1_HT1_EC0:bac39318c609,2e814cd9fcac3903c94a188170ea145cdf0012758210e24bec0ee8270490ed48,p0024,v2,8efcc5ef502f2a9c0958acfa656708af9cb56924654883555f3396bf165cc52f,full,326f76e99f5143fa83843f2e539e46bdb3745f86f7124dfcaa5f774bc9992662,nsga2,b6f996c24147d4c9,6.183605873666641,2867.7653213926164,-0.4032258064516129,6.183605873666641,2867.7653213926164,-0.4032258064516129,0.0,0.0,0.0,0.6302070243989251,0.4032258064516129,0.0,205.85204038362014,False,False,True,
S025,corridor,inactive,102,1070000,0,PR1_HT1_EC0,No-EC,S025@corridor@inactive:i102:nsga2:s1070000:r0:PR1_HT1_EC0:bac39318c609,2e814cd9fcac3903c94a188170ea145cdf0012758210e24bec0ee8270490ed48,p0025,v2,8efcc5ef502f2a9c0958acfa656708af9cb56924654883555f3396bf165cc52f,full,326f76e99f5143fa83843f2e539e46bdb3745f86f7124dfcaa5f774bc9992662,nsga2,b9bd6c1a72193a4f,6.556417512573782,2291.0567142947484,-0.39267015706806285,6.556417512573782,2291.0567142947484,-0.39267015706806285,0.0,0.0,0.0,0.5484557093352105,0.39267015706806285,0.0,268.2282937772344,False,False,True,
S025,corridor,inactive,102,1070000,0,PR1_HT1_EC0,No-EC,S025@corridor@inactive:i102:nsga2:s1070000:r0:PR1_HT1_EC0:bac39318c609,2e814cd9fcac3903c94a188170ea145cdf0012758210e24bec0ee8270490ed48,p0026,v2,8efcc5ef502f2a9c0958acfa656708af9cb56924654883555f3396bf165cc52f,full,326f76e99f5143fa83843f2e539e46bdb3745f86f7124dfcaa5f774bc9992662,nsga2,21581d8c61163e9a,6.509870318094218,2273.5170909695184,-0.3629032258064516,6.509870318094218,2273.5170909695184,-0.3629032258064516,0.0,0.0,0.0,0.5620054940501473,0.3629032258064516,0.0,257.88980803973755,False,False,True,
S025,corridor,inactive,102,1070000,0,PR1_HT1_EC0,No-EC,S025@corridor@inactive:i102:nsga2:s1070000:r0:PR1_HT1_EC0:bac39318c609,2e814cd9fcac3903c94a188170ea145cdf0012758210e24bec0ee8270490ed48,p0027,v2,8efcc5ef502f2a9c0958acfa656708af9cb56924654883555f3396bf165cc52f,full,326f76e99f5143fa83843f2e539e46bdb3745f86f7124dfcaa5f774bc9992662,nsga2,dc7efe3606389d3c,6.774338475453999,1925.1205225275542,-0.31413612565445026,6.774338475453999,1925.1205225275542,-0.31413612565445026,0.0,0.0,0.0,0.4848295755395665,0.31413612565445026,0.0,316.77503386331074,False,False,True,
S025,corridor,inactive,102,1070000,0,PR1_HT1_EC0,No-EC,S025@corridor@inactive:i102:nsga2:s1070000:r0:PR1_HT1_EC0:bac39318c609,2e814cd9fcac3903c94a188170ea145cdf0012758210e24bec0ee8270490ed48,p0028,v2,8efcc5ef502f2a9c0958acfa656708af9cb56924654883555f3396bf165cc52f,full,326f76e99f5143fa83843f2e539e46bdb3745f86f7124dfcaa5f774bc9992662,nsga2,ebc22ec78c55a67e,6.822819118066349,1887.4190688672031,-0.31413612565445026,6.822819118066349,1887.4190688672031,-0.31413612565445026,0.0,0.0,0.0,0.47003150820043804,0.31413612565445026,0.0,328.0659592430658,False,False,True,
S025,corridor,inactive,102,1070000,0,PR1_HT1_EC0,No-EC,S025@corridor@inactive:i102:nsga2:s1070000:r0:PR1_HT1_EC0:bac39318c609,2e814cd9fcac3903c94a188170ea145cdf0012758210e24bec0ee8270490ed48,p0029,v2,8efcc5ef502f2a9c0958acfa656708af9cb56924654883555f3396bf165cc52f,full,326f76e99f5143fa83843f2e539e46bdb3745f86f7124dfcaa5f774bc9992662,nsga2,c0c1fc241f77c507,6.508459341670265,2292.367817799694,-0.29914529914529914,6.508459341670265,2292.367817799694,-0.29914529914529914,0.0,0.0,0.0,0.5570135762111696,0.29914529914529914,0.0,261.6986413508776,False,False,True,
S025,corridor,inactive,102,1070000,0,PR1_HT1_EC0,No-EC,S025@corridor@inactive:i102:nsga2:s1070000:r0:PR1_HT1_EC0:bac39318c609,2e814cd9fcac3903c94a188170ea145cdf0012758210e24bec0ee8270490ed48,p0030,v2,8efcc5ef502f2a9c0958acfa656708af9cb56924654883555f3396bf165cc52f,full,326f76e99f5143fa83843f2e539e46bdb3745f86f7124dfcaa5f774bc9992662,nsga2,57d175baffb1590e,6.770896936374542,1905.7958260844514,-0.28225806451612906,6.770896936374542,1905.7958260844514,-0.28225806451612906,0.0,0.0,0.0,0.4866417255030375,0.28225806451612906,0.0,315.3923634411824,False,False,True,
S025,corridor,inactive,102,1070000,0,PR1_HT1_EC0,No-EC,S025@corridor@inactive:i102:nsga2:s1070000:r0:PR1_HT1_EC0:bac39318c609,2e814cd9fcac3903c94a188170ea145cdf0012758210e24bec0ee8270490ed48,p0031,v2,8efcc5ef502f2a9c0958acfa656708af9cb56924654883555f3396bf165cc52f,full,326f76e99f5143fa83843f2e539e46bdb3745f86f7124dfcaa5f774bc9992662,nsga2,2721de4a6854565a,6.941346367879781,1850.8846612186808,-0.2617801047120419,6.941346367879781,1850.8846612186808,-0.2617801047120419,0.0,0.0,0.0,0.4242634676560457,0.2617801047120419,0.0,362.9869741784371,False,False,True,
S025,corridor,inactive,102,1070000,0,PR1_HT1_EC0,No-EC,S025@corridor@inactive:i102:nsga2:s1070000:r0:PR1_HT1_EC0:bac39318c609,2e814cd9fcac3903c94a188170ea145cdf0012758210e24bec0ee8270490ed48,p0032,v2,8efcc5ef502f2a9c0958acfa656708af9cb56924654883555f3396bf165cc52f,full,326f76e99f5143fa83843f2e539e46bdb3745f86f7124dfcaa5f774bc9992662,nsga2,538220dc36aff393,6.784855669744627,1876.6271992802517,-0.2617801047120419,6.784855669744627,1876.6271992802517,-0.2617801047120419,0.0,0.0,0.0,0.47229083868568394,0.2617801047120419,0.0,326.3420900828231,False,False,True,
S025,corridor,inactive,102,1070000,0,PR1_HT1_EC0,No-EC,S025@corridor@inactive:i102:nsga2:s1070000:r0:PR1_HT1_EC0:bac39318c609,2e814cd9fcac3903c94a188170ea145cdf0012758210e24bec0ee8270490ed48,p0033,v2,8efcc5ef502f2a9c0958acfa656708af9cb56924654883555f3396bf165cc52f,full,326f76e99f5143fa83843f2e539e46bdb3745f86f7124dfcaa5f774bc9992662,nsga2,633994e84433dd53,6.934484912008222,1850.8846612186805,-0.2564102564102564,6.934484912008222,1850.8846612186805,-0.2564102564102564,0.0,0.0,0.0,0.4285592804812514,0.2564102564102564,0.0,359.70926899280516,False,False,True,
S025,corridor,inactive,102,1070000,0,PR1_HT1_EC0,No-EC,S025@corridor@inactive:i102:nsga2:s1070000:r0:PR1_HT1_EC0:bac39318c609,2e814cd9fcac3903c94a188170ea145cdf0012758210e24bec0ee8270490ed48,p0034,v2,8efcc5ef502f2a9c0958acfa656708af9cb56924654883555f3396bf165cc52f,full,326f76e99f5143fa83843f2e539e46bdb3745f86f7124dfcaa5f774bc9992662,nsga2,0e01ee2cbe6870e6,6.762755129787318,1877.756720645652,-0.24193548387096775,6.762755129787318,1877.756720645652,-0.24193548387096775,0.0,0.0,0.0,0.486078046437685,0.24193548387096775,0.0,315.82245056804635,False,False,True,
S025,corridor,inactive,102,1070000,0,PR1_HT1_EC0,No-EC,S025@corridor@inactive:i102:nsga2:s1070000:r0:PR1_HT1_EC0:bac39318c609,2e814cd9fcac3903c94a188170ea145cdf0012758210e24bec0ee8270490ed48,p0035,v2,8efcc5ef502f2a9c0958acfa656708af9cb56924654883555f3396bf165cc52f,full,326f76e99f5143fa83843f2e539e46bdb3745f86f7124dfcaa5f774bc9992662,nsga2,89a39ddc0427e7fa,6.773533906523888,1876.6271992802517,-0.21367521367521367,6.773533906523888,1876.6271992802517,-0.21367521367521367,0.0,0.0,0.0,0.47961449226506037,0.21367521367521367,0.0,320.75414240175894,False,False,True,
S025,corridor,inactive,102,1070000,0,PR1_HT1_EC0,No-EC,S025@corridor@inactive:i102:nsga2:s1070000:r0:PR1_HT1_EC0:bac39318c609,2e814cd9fcac3903c94a188170ea145cdf0012758210e24bec0ee8270490ed48,p0036,v2,8efcc5ef502f2a9c0958acfa656708af9cb56924654883555f3396bf165cc52f,full,326f76e99f5143fa83843f2e539e46bdb3745f86f7124dfcaa5f774bc9992662,nsga2,539c8197b9fe0771,6.9480269103416665,1839.9842324493438,-0.2094240837696335,6.9480269103416665,1839.9842324493438,-0.2094240837696335,0.0,0.0,0.0,0.4137772213421223,0.2094240837696335,0.0,370.9879801159607,False,False,True,
S025,corridor,inactive,102,1070000,0,PR1_HT1_EC0,No-EC,S025@corridor@inactive:i102:nsga2:s1070000:r0:PR1_HT1_EC0:bac39318c609,2e814cd9fcac3903c94a188170ea145cdf0012758210e24bec0ee8270490ed48,p0037,v2,8efcc5ef502f2a9c0958acfa656708af9cb56924654883555f3396bf165cc52f,full,326f76e99f5143fa83843f2e539e46bdb3745f86f7124dfcaa5f774bc9992662,nsga2,44dc953eab97cdf2,6.957484841620203,1827.287158415237,-0.2094240837696335,6.957484841620203,1827.287158415237,-0.2094240837696335,0.0,0.0,0.0,0.4099209440480723,0.2094240837696335,0.0,373.93031969132085,False,False,True,
S025,corridor,inactive,102,1070000,0,PR1_HT1_EC0,No-EC,S025@corridor@inactive:i102:nsga2:s1070000:r0:PR1_HT1_EC0:bac39318c609,2e814cd9fcac3903c94a188170ea145cdf0012758210e24bec0ee8270490ed48,p0038,v2,8efcc5ef502f2a9c0958acfa656708af9cb56924654883555f3396bf165cc52f,full,326f76e99f5143fa83843f2e539e46bdb3745f86f7124dfcaa5f774bc9992662,nsga2,f15db4dec8a964a3,6.944844794472122,1841.6431262742742,-0.17094017094017094,6.944844794472122,1841.6431262742742,-0.17094017094017094,0.0,0.0,0.0,0.4166813925482849,0.17094017094017094,0.0,368.7720974856586,False,False,True,
S025,corridor,inactive,102,1070000,0,PR1_HT1_EC0,No-EC,S025@corridor@inactive:i102:nsga2:s1070000:r0:PR1_HT1_EC0:bac39318c609,2e814cd9fcac3903c94a188170ea145cdf0012758210e24bec0ee8270490ed48,p0039,v2,8efcc5ef502f2a9c0958acfa656708af9cb56924654883555f3396bf165cc52f,full,326f76e99f5143fa83843f2e539e46bdb3745f86f7124dfcaa5f774bc9992662,nsga2,f6ac60db45fe92fd,7.064883632643514,1586.5020499272482,-0.16574585635359115,7.064883632643514,1586.5020499272482,-0.16574585635359115,0.0,0.0,0.0,0.37090723038955586,0.16574585635359115,0.0,403.69778321276885,False,False,True,
S025,corridor,inactive,102,1070000,0,PR1_HT1_EC0,No-EC,S025@corridor@inactive:i102:nsga2:s1070000:r0:PR1_HT1_EC0:bac39318c609,2e814cd9fcac3903c94a188170ea145cdf0012758210e24bec0ee8270490ed48,p0040,v2,8efcc5ef502f2a9c0958acfa656708af9cb56924654883555f3396bf165cc52f,full,326f76e99f5143fa83843f2e539e46bdb3745f86f7124dfcaa5f774bc9992662,nsga2,0a50e80eda4f8784,7.060177773835461,1564.5634409487348,-0.16129032258064516,7.060177773835461,1564.5634409487348,-0.16129032258064516,0.0,0.0,0.0,0.3756130891976084,0.16129032258064516,0.0,400.1072129422248,False,False,True,
S025,corridor,inactive,102,1070000,0,PR1_HT1_EC0,No-EC,S025@corridor@inactive:i102:nsga2:s1070000:r0:PR1_HT1_EC0:bac39318c609,2e814cd9fcac3903c94a188170ea145cdf0012758210e24bec0ee8270490ed48,p0041,v2,8efcc5ef502f2a9c0958acfa656708af9cb56924654883555f3396bf165cc52f,full,326f76e99f5143fa83843f2e539e46bdb3745f86f7124dfcaa5f774bc9992662,nsga2,06a7db589f8f9d2a,6.967558687670083,1809.4756514664994,-0.15706806282722513,6.967558687670083,1809.4756514664994,-0.15706806282722513,0.0,0.0,0.0,0.3980511478657443,0.15706806282722513,0.0,382.9869741784371,False,False,True,
S025,corridor,inactive,102,1070000,0,PR1_HT1_EC0,No-EC,S025@corridor@inactive:i102:nsga2:s1070000:r0:PR1_HT1_EC0:bac39318c609,2e814cd9fcac3903c94a188170ea145cdf0012758210e24bec0ee8270490ed48,p0042,v2,8efcc5ef502f2a9c0958acfa656708af9cb56924654883555f3396bf165cc52f,full,326f76e99f5143fa83843f2e539e46bdb3745f86f7124dfcaa5f774bc9992662,nsga2,674d9d2a9383d5a4,7.056556000361754,1569.6778738633654,-0.1282051282051282,7.056556000361754,1569.6778738633654,-0.1282051282051282,0.0,0.0,0.0,0.3748198185957004,0.1282051282051282,0.0,400.71247841148056,False,False,True,
S025,corridor,inactive,102,1070000,0,PR1_HT1_EC0,No-EC,S025@corridor@inactive:i102:nsga2:s1070000:r0:PR1_HT1_EC0:bac39318c609,2e814cd9fcac3903c94a188170ea145cdf0012758210e24bec0ee8270490ed48,p0043,v2,8efcc5ef502f2a9c0958acfa656708af9cb56924654883555f3396bf165cc52f,full,326f76e99f5143fa83843f2e539e46bdb3745f86f7124dfcaa5f774bc9992662,nsga2,94f10a966cac0dd3,7.096258227839591,1559.4490080341043,-0.10471204188481675,7.096258227839591,1559.4490080341043,-0.10471204188481675,0.0,0.0,0.0,0.3485016956764069,0.10471204188481675,0.0,420.79320619890154,False,False,True,
S025,corridor,inactive,102,1070000,0,PR1_HT1_EC0,No-EC,S025@corridor@inactive:i102:nsga2:s1070000:r0:PR1_HT1_EC0:bac39318c609,2e814cd9fcac3903c94a188170ea145cdf0012758210e24bec0ee8270490ed48,p0044,v2,8efcc5ef502f2a9c0958acfa656708af9cb56924654883555f3396bf165cc52f,full,326f76e99f5143fa83843f2e539e46bdb3745f86f7124dfcaa5f774bc9992662,nsga2,3bc12b283bc695b5,7.299694189603029,497.23063206382767,-0.0,7.299694189603029,497.23063206382767,-0.0,0.0,0.0,0.0,0.19659239842719517,0.0,0.6666666666666666,536.7000000000501,False,False,True,
S025,corridor,inactive,102,1070000,0,PR1_HT1_EC0,No-EC,S025@corridor@inactive:i102:nsga2:s1070000:r0:PR1_HT1_EC0:bac39318c609,2e814cd9fcac3903c94a188170ea145cdf0012758210e24bec0ee8270490ed48,p0045,v2,8efcc5ef502f2a9c0958acfa656708af9cb56924654883555f3396bf165cc52f,full,326f76e99f5143fa83843f2e539e46bdb3745f86f7124dfcaa5f774bc9992662,nsga2,ffe70fe6e6cc549d,7.234783420530259,916.415996318924,-0.0,7.234783420530259,916.415996318924,-0.0,0.0,0.0,0.0,0.261503167499965,0.0,0.3333333333333333,487.1730831975267,False,False,True,
S025,corridor,inactive,102,1070000,0,PR1_HT1_EC0,No-EC,S025@corridor@inactive:i102:nsga2:s1070000:r0:PR1_HT1_EC0:bac39318c609,2e814cd9fcac3903c94a188170ea145cdf0012758210e24bec0ee8270490ed48,p0046,v2,8efcc5ef502f2a9c0958acfa656708af9cb56924654883555f3396bf165cc52f,full,326f76e99f5143fa83843f2e539e46bdb3745f86f7124dfcaa5f774bc9992662,nsga2,ff1ce977931c92f2,7.239198464605875,859.8638158283977,-0.0,7.239198464605875,859.8638158283977,-0.0,0.0,0.0,0.0,0.2570881234243492,0.0,0.3333333333333333,490.54176182722153,False,False,True,
S025,corridor,inactive,102,1070000,0,PR1_HT1_EC0,No-EC,S025@corridor@inactive:i102:nsga2:s1070000:r0:PR1_HT1_EC0:bac39318c609,2e814cd9fcac3903c94a188170ea145cdf0012758210e24bec0ee8270490ed48,p0047,v2,8efcc5ef502f2a9c0958acfa656708af9cb56924654883555f3396bf165cc52f,full,326f76e99f5143fa83843f2e539e46bdb3745f86f7124dfcaa5f774bc9992662,nsga2,70c2bc86b1bea398,7.23536069021565,868.3966426845489,-0.0,7.23536069021565,868.3966426845489,-0.0,0.0,0.0,0.0,0.2609258978145744,0.0,0.3333333333333333,487.6135399674797,False,False,True,
S025,corridor,inactive,102,1070000,0,PR1_HT1_EC0,No-EC,S025@corridor@inactive:i102:nsga2:s1070000:r0:PR1_HT1_EC0:bac39318c609,2e814cd9fcac3903c94a188170ea145cdf0012758210e24bec0ee8270490ed48,p0048,v2,8efcc5ef502f2a9c0958acfa656708af9cb56924654883555f3396bf165cc52f,full,326f76e99f5143fa83843f2e539e46bdb3745f86f7124dfcaa5f774bc9992662,nsga2,a6cfe6dc4300923a,7.273481869812727,744.1091496740238,-0.0,7.273481869812727,744.1091496740238,-0.0,0.0,0.0,0.0,0.22280471821749662,0.0,0.5,516.7000000000501,False,False,True,
S025,corridor,inactive,102,1070000,0,PR1_HT1_EC0,No-EC,S025@corridor@inactive:i102:nsga2:s1070000:r0:PR1_HT1_EC0:bac39318c609,2e814cd9fcac3903c94a188170ea145cdf0012758210e24bec0ee8270490ed48,p0049,v2,8efcc5ef502f2a9c0958acfa656708af9cb56924654883555f3396bf165cc52f,full,326f76e99f5143fa83843f2e539e46bdb3745f86f7124dfcaa5f774bc9992662,nsga2,4dd48daf2b99b470,7.241614445141227,851.6025974786835,-0.0,7.241614445141227,851.6025974786835,-0.0,0.0,0.0,0.0,0.25467214288899637,0.0,0.16666666666666666,492.38515497569574,False,False,True,
S025,corridor,inactive,102,1070000,0,PR1_HT1_EC0,No-EC,S025@corridor@inactive:i102:nsga2:s1070000:r0:PR1_HT1_EC0:bac39318c609,2e814cd9fcac3903c94a188170ea145cdf0012758210e24bec0ee8270490ed48,p0050,v2,8efcc5ef502f2a9c0958acfa656708af9cb56924654883555f3396bf165cc52f,full,326f76e99f5143fa83843f2e539e46bdb3745f86f7124dfcaa5f774bc9992662,nsga2,fa578f940c6f8fee,7.248167525088803,833.8813920139082,-0.0,7.248167525088803,833.8813920139082,-0.0,0.0,0.0,0.0,0.24811906294142103,0.0,0.3333333333333333,497.38515497569574,False,False,True,
S025,corridor,inactive,102,1070000,0,PR1_HT1_EC1,Full,S025@corridor@inactive:i102:nsga2:s1070000:r0:PR1_HT1_EC1:5ea31455e620,2e814cd9fcac3903c94a188170ea145cdf0012758210e24bec0ee8270490ed48,p0001,v2,326f76e99f5143fa83843f2e539e46bdb3745f86f7124dfcaa5f774bc9992662,full,326f76e99f5143fa83843f2e539e46bdb3745f86f7124dfcaa5f774bc9992662,nsga2,fc50ce85bcabe4b2,4.215202153176456,4210.121476932916,-0.8755301794452136,4.215202153176456,4210.121476932916,-0.8755301794452136,0.0,0.0,0.0,0.89999999999989,0.8755301794452136,0.0,8.404299478570465e-11,False,True,True,
S025,corridor,inactive,102,1070000,0,PR1_HT1_EC1,Full,S025@corridor@inactive:i102:nsga2:s1070000:r0:PR1_HT1_EC1:5ea31455e620,2e814cd9fcac3903c94a188170ea145cdf0012758210e24bec0ee8270490ed48,p0002,v2,326f76e99f5143fa83843f2e539e46bdb3745f86f7124dfcaa5f774bc9992662,full,326f76e99f5143fa83843f2e539e46bdb3745f86f7124dfcaa5f774bc9992662,nsga2,0d9d3152bdf41867,4.211523217373897,4285.524384253617,-0.8755301794451508,4.211523217373897,4285.524384253617,-0.8755301794451508,0.0,0.0,0.0,0.8999999999998395,0.8755301794451508,0.0,1.2255441106390208e-10,True,True,True,
S025,corridor,inactive,102,1070000,0,PR1_HT1_EC1,Full,S025@corridor@inactive:i102:nsga2:s1070000:r0:PR1_HT1_EC1:5ea31455e620,2e814cd9fcac3903c94a188170ea145cdf0012758210e24bec0ee8270490ed48,p0003,v2,326f76e99f5143fa83843f2e539e46bdb3745f86f7124dfcaa5f774bc9992662,full,326f76e99f5143fa83843f2e539e46bdb3745f86f7124dfcaa5f774bc9992662,nsga2,d5e2eb940881c856,4.328848892747315,4071.847026242334,-0.875530179445167,4.328848892747315,4071.847026242334,-0.875530179445167,0.0,0.0,0.0,0.8999999999998524,0.875530179445167,0.0,1.1267786703683669e-10,False,True,True,
S025,corridor,inactive,102,1070000,0,PR1_HT1_EC1,Full,S025@corridor@inactive:i102:nsga2:s1070000:r0:PR1_HT1_EC1:5ea31455e620,2e814cd9fcac3903c94a188170ea145cdf0012758210e24bec0ee8270490ed48,p0004,v2,326f76e99f5143fa83843f2e539e46bdb3745f86f7124dfcaa5f774bc9992662,full,326f76e99f5143fa83843f2e539e46bdb3745f86f7124dfcaa5f774bc9992662,nsga2,bb6023e24f046608,4.242581553045056,4080.301270960677,-0.8755301794452139,4.242581553045056,4080.301270960677,-0.8755301794452139,0.0,0.0,0.0,0.8999999999998901,0.8755301794452139,0.0,8.388667538383743e-11,False,True,True,
S025,corridor,inactive,102,1070000,0,PR1_HT1_EC1,Full,S025@corridor@inactive:i102:nsga2:s1070000:r0:PR1_HT1_EC1:5ea31455e620,2e814cd9fcac3903c94a188170ea145cdf0012758210e24bec0ee8270490ed48,p0005,v2,326f76e99f5143fa83843f2e539e46bdb3745f86f7124dfcaa5f774bc9992662,full,326f76e99f5143fa83843f2e539e46bdb3745f86f7124dfcaa5f774bc9992662,nsga2,ce45fa4c6daf552d,5.190415718365358,3445.4862932207698,-0.7853403141361257,5.190415718365358,3445.4862932207698,-0.7853403141361257,0.0,0.0,0.0,0.8464918367591251,0.7853403141361257,0.0,40.82672855278756,False,True,True,
S025,corridor,inactive,102,1070000,0,PR1_HT1_EC1,Full,S025@corridor@inactive:i102:nsga2:s1070000:r0:PR1_HT1_EC1:5ea31455e620,2e814cd9fcac3903c94a188170ea145cdf0012758210e24bec0ee8270490ed48,p0006,v2,326f76e99f5143fa83843f2e539e46bdb3745f86f7124dfcaa5f774bc9992662,full,326f76e99f5143fa83843f2e539e46bdb3745f86f7124dfcaa5f774bc9992662,nsga2,49f4df3ec843c65e,5.184052788449702,3368.1875074483582,-0.7661290322580645,5.184052788449702,3368.1875074483582,-0.7661290322580645,0.0,0.0,0.0,0.8471026696190072,0.7661290322580645,0.0,40.360663080697606,False,True,True,
S025,corridor,inactive,102,1070000,0,PR1_HT1_EC1,Full,S025@corridor@inactive:i102:nsga2:s1070000:r0:PR1_HT1_EC1:5ea31455e620,2e814cd9fcac3903c94a188170ea145cdf0012758210e24bec0ee8270490ed48,p0007,v2,326f76e99f5143fa83843f2e539e46bdb3745f86f7124dfcaa5f774bc9992662,full,326f76e99f5143fa83843f2e539e46bdb3745f86f7124dfcaa5f774bc9992662,nsga2,ec778c6af82bbd24,5.216153165520179,3359.6840550463307,-0.6837606837606838,5.216153165520179,3359.6840550463307,-0.6837606837606838,0.0,0.0,0.0,0.823931449600816,0.6837606837606838,0.0,58.04030395457745,False,True,True,
S025,corridor,inactive,102,1070000,0,PR1_HT1_EC1,Full,S025@corridor@inactive:i102:nsga2:s1070000:r0:PR1_HT1_EC1:5ea31455e620,2e814cd9fcac3903c94a188170ea145cdf0012758210e24bec0ee8270490ed48,p0008,v2,326f76e99f5143fa83843f2e539e46bdb3745f86f7124dfcaa5f774bc9992662,full,326f76e99f5143fa83843f2e539e46bdb3745f86f7124dfcaa5f774bc9992662,nsga2,81e95628efeb39b4,5.2798583583346925,3325.3417910280573,-0.6451612903225806,5.2798583583346925,3325.3417910280573,-0.6451612903225806,0.0,0.0,0.0,0.7989646196160911,0.6451612903225806,0.0,77.08999523292242,False,True,True,
S025,corridor,inactive,102,1070000,0,PR1_HT1_EC1,Full,S025@corridor@inactive:i102:nsga2:s1070000:r0:PR1_HT1_EC1:5ea31455e620,2e814cd9fcac3903c94a188170ea145cdf0012758210e24bec0ee8270490ed48,p0009,v2,326f76e99f5143fa83843f2e539e46bdb3745f86f7124dfcaa5f774bc9992662,full,326f76e99f5143fa83843f2e539e46bdb3745f86f7124dfcaa5f774bc9992662,nsga2,dd109b2a5901c795,5.264158824522969,3356.2954909501304,-0.6451612903225806,5.264158824522969,3356.2954909501304,-0.6451612903225806,0.0,0.0,0.0,0.8058785496878806,0.6451612903225806,0.0,71.81466658814709,False,True,True,
S025,corridor,inactive,102,1070000,0,PR1_HT1_EC1,Full,S025@corridor@inactive:i102:nsga2:s1070000:r0:PR1_HT1_EC1:5ea31455e620,2e814cd9fcac3903c94a188170ea145cdf0012758210e24bec0ee8270490ed48,p0010,v2,326f76e99f5143fa83843f2e539e46bdb3745f86f7124dfcaa5f774bc9992662,full,326f76e99f5143fa83843f2e539e46bdb3745f86f7124dfcaa5f774bc9992662,nsga2,cf38b59c081b1f78,5.2761100844332045,3327.600833758858,-0.6410256410256411,5.2761100844332045,3327.600833758858,-0.6410256410256411,0.0,0.0,0.0,0.8030366743824238,0.6410256410256411,0.0,73.9830174462107,False,True,True,
S025,corridor,inactive,102,1070000,0,PR1_HT1_EC1,Full,S025@corridor@inactive:i102:nsga2:s1070000:r0:PR1_HT1_EC1:5ea31455e620,2e814cd9fcac3903c94a188170ea145cdf0012758210e24bec0ee8270490ed48,p0011,v2,326f76e99f5143fa83843f2e539e46bdb3745f86f7124dfcaa5f774bc9992662,full,326f76e99f5143fa83843f2e539e46bdb3745f86f7124dfcaa5f774bc9992662,nsga2,7d71bc1c6588a0fd,5.8403151566972875,3226.055394651502,-0.6282722513089005,5.8403151566972875,3226.055394651502,-0.6282722513089005,0.0,0.0,0.0,0.7240076133658494,0.6282722513089005,0.0,134.28219100185686,False,True,True,
S025,corridor,inactive,102,1070000,0,PR1_HT1_EC1,Full,S025@corridor@inactive:i102:nsga2:s1070000:r0:PR1_HT1_EC1:5ea31455e620,2e814cd9fcac3903c94a188170ea145cdf0012758210e24bec0ee8270490ed48,p0012,v2,326f76e99f5143fa83843f2e539e46bdb3745f86f7124dfcaa5f774bc9992662,full,326f76e99f5143fa83843f2e539e46bdb3745f86f7124dfcaa5f774bc9992662,nsga2,9d6a84ced497b179,5.834563059641514,3139.9195874972784,-0.6048387096774194,5.834563059641514,3139.9195874972784,-0.6048387096774194,0.0,0.0,0.0,0.7249154090693141,0.6048387096774194,0.0,133.5895428801134,False,True,True,
S025,corridor,inactive,102,1070000,0,PR1_HT1_EC1,Full,S025@corridor@inactive:i102:nsga2:s1070000:r0:PR1_HT1_EC1:5ea31455e620,2e814cd9fcac3903c94a188170ea145cdf0012758210e24bec0ee8270490ed48,p0013,v2,326f76e99f5143fa83843f2e539e46bdb3745f86f7124dfcaa5f774bc9992662,full,326f76e99f5143fa83843f2e539e46bdb3745f86f7124dfcaa5f774bc9992662,nsga2,db8de39b36f5d060,5.903889914936996,3139.38988435757,-0.5759162303664922,5.903889914936996,3139.38988435757,-0.5759162303664922,0.0,0.0,0.0,0.6956676862961194,0.5759162303664922,0.0,155.90555535606097,False,True,True,
S025,corridor,inactive,102,1070000,0,PR1_HT1_EC1,Full,S025@corridor@inactive:i102:nsga2:s1070000:r0:PR1_HT1_EC1:5ea31455e620,2e814cd9fcac3903c94a188170ea145cdf0012758210e24bec0ee8270490ed48,p0014,v2,326f76e99f5143fa83843f2e539e46bdb3745f86f7124dfcaa5f774bc9992662,full,326f76e99f5143fa83843f2e539e46bdb3745f86f7124dfcaa5f774bc9992662,nsga2,3ce3e37f425d37e8,5.868847354243383,3114.476355525128,-0.5645161290322581,5.868847354243383,3114.476355525128,-0.5645161290322581,0.0,0.0,0.0,0.7089647720694959,0.5645161290322581,0.0,145.7598789109747,False,True,True,
S025,corridor,inactive,102,1070000,0,PR1_HT1_EC1,Full,S025@corridor@inactive:i102:nsga2:s1070000:r0:PR1_HT1_EC1:5ea31455e620,2e814cd9fcac3903c94a188170ea145cdf0012758210e24bec0ee8270490ed48,p0015,v2,326f76e99f5143fa83843f2e539e46bdb3745f86f7124dfcaa5f774bc9992662,full,326f76e99f5143fa83843f2e539e46bdb3745f86f7124dfcaa5f774bc9992662,nsga2,07e8e00b0f8a42f5,5.950388281666236,3100.060727975451,-0.5555555555555556,5.950388281666236,3100.060727975451,-0.5555555555555556,0.0,0.0,0.0,0.6944840831289029,0.5555555555555556,0.0,156.8086445726471,False,True,True,
S025,corridor,inactive,102,1070000,0,PR1_HT1_EC1,Full,S025@corridor@inactive:i102:nsga2:s1070000:r0:PR1_HT1_EC1:5ea31455e620,2e814cd9fcac3903c94a188170ea145cdf0012758210e24bec0ee8270490ed48,p0016,v2,326f76e99f5143fa83843f2e539e46bdb3745f86f7124dfcaa5f774bc9992662,full,326f76e99f5143fa83843f2e539e46bdb3745f86f7124dfcaa5f774bc9992662,nsga2,929113d9f1cf656f,5.811200794745219,3125.6303578702054,-0.5128205128205128,5.811200794745219,3125.6303578702054,-0.5128205128205128,0.0,0.0,0.0,0.7198497710308039,0.5128205128205128,0.0,137.45462470349648,False,True,True,
S025,corridor,inactive,102,1070000,0,PR1_HT1_EC1,Full,S025@corridor@inactive:i102:nsga2:s1070000:r0:PR1_HT1_EC1:5ea31455e620,2e814cd9fcac3903c94a188170ea145cdf0012758210e24bec0ee8270490ed48,p0017,v2,326f76e99f5143fa83843f2e539e46bdb3745f86f7124dfcaa5f774bc9992662,full,326f76e99f5143fa83843f2e539e46bdb3745f86f7124dfcaa5f774bc9992662,nsga2,26abb00d9d86cffa,6.16129706530286,2885.304944717846,-0.4712041884816754,6.16129706530286,2885.304944717846,-0.4712041884816754,0.0,0.0,0.0,0.6379406927136497,0.4712041884816754,0.0,199.9512514594852,False,True,True,
S025,corridor,inactive,102,1070000,0,PR1_HT1_EC1,Full,S025@corridor@inactive:i102:nsga2:s1070000:r0:PR1_HT1_EC1:5ea31455e620,2e814cd9fcac3903c94a188170ea145cdf0012758210e24bec0ee8270490ed48,p0018,v2,326f76e99f5143fa83843f2e539e46bdb3745f86f7124dfcaa5f774bc9992662,full,326f76e99f5143fa83843f2e539e46bdb3745f86f7124dfcaa5f774bc9992662,nsga2,a6dc1a5b70f24482,6.247220754374321,2860.961588677967,-0.4712041884816754,6.247220754374321,2860.961588677967,-0.4712041884816754,0.0,0.0,0.0,0.6157198381894539,0.4712041884816754,0.0,216.9057634614466,False,True,True,
S025,corridor,inactive,102,1070000,0,PR1_HT1_EC1,Full,S025@corridor@inactive:i102:nsga2:s1070000:r0:PR1_HT1_EC1:5ea31455e620,2e814cd9fcac3903c94a188170ea145cdf0012758210e24bec0ee8270490ed48,p0019,v2,326f76e99f5143fa83843f2e539e46bdb3745f86f7124dfcaa5f774bc9992662,full,326f76e99f5143fa83843f2e539e46bdb3745f86f7124dfcaa5f774bc9992662,nsga2,5a42808a4be2a188,6.240105590717552,2863.220631408768,-0.4712041884816754,6.240105590717552,2863.220631408768,-0.4712041884816754,0.0,0.0,0.0,0.6164956697439601,0.4712041884816754,0.0,216.3138039853585,False,True,True,
S025,corridor,inactive,102,1070000,0,PR1_HT1_EC1,Full,S025@corridor@inactive:i102:nsga2:s1070000:r0:PR1_HT1_EC1:5ea31455e620,2e814cd9fcac3903c94a188170ea145cdf0012758210e24bec0ee8270490ed48,p0020,v2,326f76e99f5143fa83843f2e539e46bdb3745f86f7124dfcaa5f774bc9992662,full,326f76e99f5143fa83843f2e539e46bdb3745f86f7124dfcaa5f774bc9992662,nsga2,66ec51c679f0a811,6.216235048083722,2870.2402687705535,-0.4712041884816754,6.216235048083722,2870.2402687705535,-0.4712041884816754,0.0,0.0,0.0,0.6221209895106964,0.4712041884816754,0.0,212.02168500333863,False,True,True,
S025,corridor,inactive,102,1070000,0,PR1_HT1_EC1,Full,S025@corridor@inactive:i102:nsga2:s1070000:r0:PR1_HT1_EC1:5ea31455e620,2e814cd9fcac3903c94a188170ea145cdf0012758210e24bec0ee8270490ed48,p0021,v2,326f76e99f5143fa83843f2e539e46bdb3745f86f7124dfcaa5f774bc9992662,full,326f76e99f5143fa83843f2e539e46bdb3745f86f7124dfcaa5f774bc9992662,nsga2,1f60b4eb9d1159e0,6.188108260170005,2849.3354078395855,-0.42735042735042733,6.188108260170005,2849.3354078395855,-0.42735042735042733,0.0,0.0,0.0,0.6298820775726542,0.42735042735042733,0.0,206.09997481206474,False,True,True,
S025,corridor,inactive,102,1070000,0,PR1_HT1_EC1,Full,S025@corridor@inactive:i102:nsga2:s1070000:r0:PR1_HT1_EC1:5ea31455e620,2e814cd9fcac3903c94a188170ea145cdf0012758210e24bec0ee8270490ed48,p0022,v2,326f76e99f5143fa83843f2e539e46bdb3745f86f7124dfcaa5f774bc9992662,full,326f76e99f5143fa83843f2e539e46bdb3745f86f7124dfcaa5f774bc9992662,nsga2,c660e1f0049d7304,6.136650285928104,2926.576544613943,-0.42735042735042733,6.136650285928104,2926.576544613943,-0.42735042735042733,0.0,0.0,0.0,0.6482631898556552,0.42735042735042733,0.0,192.0751861401351,False,True,True,
S025,corridor,inactive,102,1070000,0,PR1_HT1_EC1,Full,S025@corridor@inactive:i102:nsga2:s1070000:r0:PR1_HT1_EC1:5ea31455e620,2e814cd9fcac3903c94a188170ea145cdf0012758210e24bec0ee8270490ed48,p0023,v2,326f76e99f5143fa83843f2e539e46bdb3745f86f7124dfcaa5f774bc9992662,full,326f76e99f5143fa83843f2e539e46bdb3745f86f7124dfcaa5f774bc9992662,nsga2,ee9317cfd79dfd74,6.537558421884067,2352.964114138894,-0.4143646408839779,6.537558421884067,2352.964114138894,-0.4143646408839779,0.0,0.0,0.0,0.5587160940919347,0.4143646408839779,0.0,260.39962020785384,False,True,True,
S025,corridor,inactive,102,1070000,0,PR1_HT1_EC1,Full,S025@corridor@inactive:i102:nsga2:s1070000:r0:PR1_HT1_EC1:5ea31455e620,2e814cd9fcac3903c94a188170ea145cdf0012758210e24bec0ee8270490ed48,p0024,v2,326f76e99f5143fa83843f2e539e46bdb3745f86f7124dfcaa5f774bc9992662,full,326f76e99f5143fa83843f2e539e46bdb3745f86f7124dfcaa5f774bc9992662,nsga2,b6f996c24147d4c9,6.183605873666641,2867.7653213926164,-0.4032258064516129,6.183605873666641,2867.7653213926164,-0.4032258064516129,0.0,0.0,0.0,0.6302070243989251,0.4032258064516129,0.0,205.85204038362014,False,True,True,
S025,corridor,inactive,102,1070000,0,PR1_HT1_EC1,Full,S025@corridor@inactive:i102:nsga2:s1070000:r0:PR1_HT1_EC1:5ea31455e620,2e814cd9fcac3903c94a188170ea145cdf0012758210e24bec0ee8270490ed48,p0025,v2,326f76e99f5143fa83843f2e539e46bdb3745f86f7124dfcaa5f774bc9992662,full,326f76e99f5143fa83843f2e539e46bdb3745f86f7124dfcaa5f774bc9992662,nsga2,b9bd6c1a72193a4f,6.556417512573782,2291.0567142947484,-0.39267015706806285,6.556417512573782,2291.0567142947484,-0.39267015706806285,0.0,0.0,0.0,0.5484557093352105,0.39267015706806285,0.0,268.2282937772344,False,True,True,
S025,corridor,inactive,102,1070000,0,PR1_HT1_EC1,Full,S025@corridor@inactive:i102:nsga2:s1070000:r0:PR1_HT1_EC1:5ea31455e620,2e814cd9fcac3903c94a188170ea145cdf0012758210e24bec0ee8270490ed48,p0026,v2,326f76e99f5143fa83843f2e539e46bdb3745f86f7124dfcaa5f774bc9992662,full,326f76e99f5143fa83843f2e539e46bdb3745f86f7124dfcaa5f774bc9992662,nsga2,21581d8c61163e9a,6.509870318094218,2273.5170909695184,-0.3629032258064516,6.509870318094218,2273.5170909695184,-0.3629032258064516,0.0,0.0,0.0,0.5620054940501473,0.3629032258064516,0.0,257.88980803973755,False,True,True,
S025,corridor,inactive,102,1070000,0,PR1_HT1_EC1,Full,S025@corridor@inactive:i102:nsga2:s1070000:r0:PR1_HT1_EC1:5ea31455e620,2e814cd9fcac3903c94a188170ea145cdf0012758210e24bec0ee8270490ed48,p0027,v2,326f76e99f5143fa83843f2e539e46bdb3745f86f7124dfcaa5f774bc9992662,full,326f76e99f5143fa83843f2e539e46bdb3745f86f7124dfcaa5f774bc9992662,nsga2,dc7efe3606389d3c,6.774338475453999,1925.1205225275542,-0.31413612565445026,6.774338475453999,1925.1205225275542,-0.31413612565445026,0.0,0.0,0.0,0.4848295755395665,0.31413612565445026,0.0,316.77503386331074,False,True,True,
S025,corridor,inactive,102,1070000,0,PR1_HT1_EC1,Full,S025@corridor@inactive:i102:nsga2:s1070000:r0:PR1_HT1_EC1:5ea31455e620,2e814cd9fcac3903c94a188170ea145cdf0012758210e24bec0ee8270490ed48,p0028,v2,326f76e99f5143fa83843f2e539e46bdb3745f86f7124dfcaa5f774bc9992662,full,326f76e99f5143fa83843f2e539e46bdb3745f86f7124dfcaa5f774bc9992662,nsga2,ebc22ec78c55a67e,6.822819118066349,1887.4190688672031,-0.31413612565445026,6.822819118066349,1887.4190688672031,-0.31413612565445026,0.0,0.0,0.0,0.47003150820043804,0.31413612565445026,0.0,328.0659592430658,False,True,True,
S025,corridor,inactive,102,1070000,0,PR1_HT1_EC1,Full,S025@corridor@inactive:i102:nsga2:s1070000:r0:PR1_HT1_EC1:5ea31455e620,2e814cd9fcac3903c94a188170ea145cdf0012758210e24bec0ee8270490ed48,p0029,v2,326f76e99f5143fa83843f2e539e46bdb3745f86f7124dfcaa5f774bc9992662,full,326f76e99f5143fa83843f2e539e46bdb3745f86f7124dfcaa5f774bc9992662,nsga2,c0c1fc241f77c507,6.508459341670265,2292.367817799694,-0.29914529914529914,6.508459341670265,2292.367817799694,-0.29914529914529914,0.0,0.0,0.0,0.5570135762111696,0.29914529914529914,0.0,261.6986413508776,False,True,True,
S025,corridor,inactive,102,1070000,0,PR1_HT1_EC1,Full,S025@corridor@inactive:i102:nsga2:s1070000:r0:PR1_HT1_EC1:5ea31455e620,2e814cd9fcac3903c94a188170ea145cdf0012758210e24bec0ee8270490ed48,p0030,v2,326f76e99f5143fa83843f2e539e46bdb3745f86f7124dfcaa5f774bc9992662,full,326f76e99f5143fa83843f2e539e46bdb3745f86f7124dfcaa5f774bc9992662,nsga2,57d175baffb1590e,6.770896936374542,1905.7958260844514,-0.28225806451612906,6.770896936374542,1905.7958260844514,-0.28225806451612906,0.0,0.0,0.0,0.4866417255030375,0.28225806451612906,0.0,315.3923634411824,False,True,True,
S025,corridor,inactive,102,1070000,0,PR1_HT1_EC1,Full,S025@corridor@inactive:i102:nsga2:s1070000:r0:PR1_HT1_EC1:5ea31455e620,2e814cd9fcac3903c94a188170ea145cdf0012758210e24bec0ee8270490ed48,p0031,v2,326f76e99f5143fa83843f2e539e46bdb3745f86f7124dfcaa5f774bc9992662,full,326f76e99f5143fa83843f2e539e46bdb3745f86f7124dfcaa5f774bc9992662,nsga2,2721de4a6854565a,6.941346367879781,1850.8846612186808,-0.2617801047120419,6.941346367879781,1850.8846612186808,-0.2617801047120419,0.0,0.0,0.0,0.4242634676560457,0.2617801047120419,0.0,362.9869741784371,False,True,True,
S025,corridor,inactive,102,1070000,0,PR1_HT1_EC1,Full,S025@corridor@inactive:i102:nsga2:s1070000:r0:PR1_HT1_EC1:5ea31455e620,2e814cd9fcac3903c94a188170ea145cdf0012758210e24bec0ee8270490ed48,p0032,v2,326f76e99f5143fa83843f2e539e46bdb3745f86f7124dfcaa5f774bc9992662,full,326f76e99f5143fa83843f2e539e46bdb3745f86f7124dfcaa5f774bc9992662,nsga2,538220dc36aff393,6.784855669744627,1876.6271992802517,-0.2617801047120419,6.784855669744627,1876.6271992802517,-0.2617801047120419,0.0,0.0,0.0,0.47229083868568394,0.2617801047120419,0.0,326.3420900828231,False,True,True,
S025,corridor,inactive,102,1070000,0,PR1_HT1_EC1,Full,S025@corridor@inactive:i102:nsga2:s1070000:r0:PR1_HT1_EC1:5ea31455e620,2e814cd9fcac3903c94a188170ea145cdf0012758210e24bec0ee8270490ed48,p0033,v2,326f76e99f5143fa83843f2e539e46bdb3745f86f7124dfcaa5f774bc9992662,full,326f76e99f5143fa83843f2e539e46bdb3745f86f7124dfcaa5f774bc9992662,nsga2,633994e84433dd53,6.934484912008222,1850.8846612186805,-0.2564102564102564,6.934484912008222,1850.8846612186805,-0.2564102564102564,0.0,0.0,0.0,0.4285592804812514,0.2564102564102564,0.0,359.70926899280516,False,True,True,
S025,corridor,inactive,102,1070000,0,PR1_HT1_EC1,Full,S025@corridor@inactive:i102:nsga2:s1070000:r0:PR1_HT1_EC1:5ea31455e620,2e814cd9fcac3903c94a188170ea145cdf0012758210e24bec0ee8270490ed48,p0034,v2,326f76e99f5143fa83843f2e539e46bdb3745f86f7124dfcaa5f774bc9992662,full,326f76e99f5143fa83843f2e539e46bdb3745f86f7124dfcaa5f774bc9992662,nsga2,0e01ee2cbe6870e6,6.762755129787318,1877.756720645652,-0.24193548387096775,6.762755129787318,1877.756720645652,-0.24193548387096775,0.0,0.0,0.0,0.486078046437685,0.24193548387096775,0.0,315.82245056804635,False,True,True,
S025,corridor,inactive,102,1070000,0,PR1_HT1_EC1,Full,S025@corridor@inactive:i102:nsga2:s1070000:r0:PR1_HT1_EC1:5ea31455e620,2e814cd9fcac3903c94a188170ea145cdf0012758210e24bec0ee8270490ed48,p0035,v2,326f76e99f5143fa83843f2e539e46bdb3745f86f7124dfcaa5f774bc9992662,full,326f76e99f5143fa83843f2e539e46bdb3745f86f7124dfcaa5f774bc9992662,nsga2,89a39ddc0427e7fa,6.773533906523888,1876.6271992802517,-0.21367521367521367,6.773533906523888,1876.6271992802517,-0.21367521367521367,0.0,0.0,0.0,0.47961449226506037,0.21367521367521367,0.0,320.75414240175894,False,True,True,
S025,corridor,inactive,102,1070000,0,PR1_HT1_EC1,Full,S025@corridor@inactive:i102:nsga2:s1070000:r0:PR1_HT1_EC1:5ea31455e620,2e814cd9fcac3903c94a188170ea145cdf0012758210e24bec0ee8270490ed48,p0036,v2,326f76e99f5143fa83843f2e539e46bdb3745f86f7124dfcaa5f774bc9992662,full,326f76e99f5143fa83843f2e539e46bdb3745f86f7124dfcaa5f774bc9992662,nsga2,539c8197b9fe0771,6.9480269103416665,1839.9842324493438,-0.2094240837696335,6.9480269103416665,1839.9842324493438,-0.2094240837696335,0.0,0.0,0.0,0.4137772213421223,0.2094240837696335,0.0,370.9879801159607,False,True,True,
S025,corridor,inactive,102,1070000,0,PR1_HT1_EC1,Full,S025@corridor@inactive:i102:nsga2:s1070000:r0:PR1_HT1_EC1:5ea31455e620,2e814cd9fcac3903c94a188170ea145cdf0012758210e24bec0ee8270490ed48,p0037,v2,326f76e99f5143fa83843f2e539e46bdb3745f86f7124dfcaa5f774bc9992662,full,326f76e99f5143fa83843f2e539e46bdb3745f86f7124dfcaa5f774bc9992662,nsga2,44dc953eab97cdf2,6.957484841620203,1827.287158415237,-0.2094240837696335,6.957484841620203,1827.287158415237,-0.2094240837696335,0.0,0.0,0.0,0.4099209440480723,0.2094240837696335,0.0,373.93031969132085,False,True,True,
S025,corridor,inactive,102,1070000,0,PR1_HT1_EC1,Full,S025@corridor@inactive:i102:nsga2:s1070000:r0:PR1_HT1_EC1:5ea31455e620,2e814cd9fcac3903c94a188170ea145cdf0012758210e24bec0ee8270490ed48,p0038,v2,326f76e99f5143fa83843f2e539e46bdb3745f86f7124dfcaa5f774bc9992662,full,326f76e99f5143fa83843f2e539e46bdb3745f86f7124dfcaa5f774bc9992662,nsga2,f15db4dec8a964a3,6.944844794472122,1841.6431262742742,-0.17094017094017094,6.944844794472122,1841.6431262742742,-0.17094017094017094,0.0,0.0,0.0,0.4166813925482849,0.17094017094017094,0.0,368.7720974856586,False,True,True,
S025,corridor,inactive,102,1070000,0,PR1_HT1_EC1,Full,S025@corridor@inactive:i102:nsga2:s1070000:r0:PR1_HT1_EC1:5ea31455e620,2e814cd9fcac3903c94a188170ea145cdf0012758210e24bec0ee8270490ed48,p0039,v2,326f76e99f5143fa83843f2e539e46bdb3745f86f7124dfcaa5f774bc9992662,full,326f76e99f5143fa83843f2e539e46bdb3745f86f7124dfcaa5f774bc9992662,nsga2,f6ac60db45fe92fd,7.064883632643514,1586.5020499272482,-0.16574585635359115,7.064883632643514,1586.5020499272482,-0.16574585635359115,0.0,0.0,0.0,0.37090723038955586,0.16574585635359115,0.0,403.69778321276885,False,True,True,
S025,corridor,inactive,102,1070000,0,PR1_HT1_EC1,Full,S025@corridor@inactive:i102:nsga2:s1070000:r0:PR1_HT1_EC1:5ea31455e620,2e814cd9fcac3903c94a188170ea145cdf0012758210e24bec0ee8270490ed48,p0040,v2,326f76e99f5143fa83843f2e539e46bdb3745f86f7124dfcaa5f774bc9992662,full,326f76e99f5143fa83843f2e539e46bdb3745f86f7124dfcaa5f774bc9992662,nsga2,0a50e80eda4f8784,7.060177773835461,1564.5634409487348,-0.16129032258064516,7.060177773835461,1564.5634409487348,-0.16129032258064516,0.0,0.0,0.0,0.3756130891976084,0.16129032258064516,0.0,400.1072129422248,False,True,True,
S025,corridor,inactive,102,1070000,0,PR1_HT1_EC1,Full,S025@corridor@inactive:i102:nsga2:s1070000:r0:PR1_HT1_EC1:5ea31455e620,2e814cd9fcac3903c94a188170ea145cdf0012758210e24bec0ee8270490ed48,p0041,v2,326f76e99f5143fa83843f2e539e46bdb3745f86f7124dfcaa5f774bc9992662,full,326f76e99f5143fa83843f2e539e46bdb3745f86f7124dfcaa5f774bc9992662,nsga2,06a7db589f8f9d2a,6.967558687670083,1809.4756514664994,-0.15706806282722513,6.967558687670083,1809.4756514664994,-0.15706806282722513,0.0,0.0,0.0,0.3980511478657443,0.15706806282722513,0.0,382.9869741784371,False,True,True,
S025,corridor,inactive,102,1070000,0,PR1_HT1_EC1,Full,S025@corridor@inactive:i102:nsga2:s1070000:r0:PR1_HT1_EC1:5ea31455e620,2e814cd9fcac3903c94a188170ea145cdf0012758210e24bec0ee8270490ed48,p0042,v2,326f76e99f5143fa83843f2e539e46bdb3745f86f7124dfcaa5f774bc9992662,full,326f76e99f5143fa83843f2e539e46bdb3745f86f7124dfcaa5f774bc9992662,nsga2,674d9d2a9383d5a4,7.056556000361754,1569.6778738633654,-0.1282051282051282,7.056556000361754,1569.6778738633654,-0.1282051282051282,0.0,0.0,0.0,0.3748198185957004,0.1282051282051282,0.0,400.71247841148056,False,True,True,
S025,corridor,inactive,102,1070000,0,PR1_HT1_EC1,Full,S025@corridor@inactive:i102:nsga2:s1070000:r0:PR1_HT1_EC1:5ea31455e620,2e814cd9fcac3903c94a188170ea145cdf0012758210e24bec0ee8270490ed48,p0043,v2,326f76e99f5143fa83843f2e539e46bdb3745f86f7124dfcaa5f774bc9992662,full,326f76e99f5143fa83843f2e539e46bdb3745f86f7124dfcaa5f774bc9992662,nsga2,94f10a966cac0dd3,7.096258227839591,1559.4490080341043,-0.10471204188481675,7.096258227839591,1559.4490080341043,-0.10471204188481675,0.0,0.0,0.0,0.3485016956764069,0.10471204188481675,0.0,420.79320619890154,False,True,True,
S025,corridor,inactive,102,1070000,0,PR1_HT1_EC1,Full,S025@corridor@inactive:i102:nsga2:s1070000:r0:PR1_HT1_EC1:5ea31455e620,2e814cd9fcac3903c94a188170ea145cdf0012758210e24bec0ee8270490ed48,p0044,v2,326f76e99f5143fa83843f2e539e46bdb3745f86f7124dfcaa5f774bc9992662,full,326f76e99f5143fa83843f2e539e46bdb3745f86f7124dfcaa5f774bc9992662,nsga2,3bc12b283bc695b5,7.299694189603029,497.23063206382767,-0.0,7.299694189603029,497.23063206382767,-0.0,0.0,0.0,0.0,0.19659239842719517,0.0,0.6666666666666666,536.7000000000501,False,True,True,
S025,corridor,inactive,102,1070000,0,PR1_HT1_EC1,Full,S025@corridor@inactive:i102:nsga2:s1070000:r0:PR1_HT1_EC1:5ea31455e620,2e814cd9fcac3903c94a188170ea145cdf0012758210e24bec0ee8270490ed48,p0045,v2,326f76e99f5143fa83843f2e539e46bdb3745f86f7124dfcaa5f774bc9992662,full,326f76e99f5143fa83843f2e539e46bdb3745f86f7124dfcaa5f774bc9992662,nsga2,ffe70fe6e6cc549d,7.234783420530259,916.415996318924,-0.0,7.234783420530259,916.415996318924,-0.0,0.0,0.0,0.0,0.261503167499965,0.0,0.3333333333333333,487.1730831975267,False,True,True,
S025,corridor,inactive,102,1070000,0,PR1_HT1_EC1,Full,S025@corridor@inactive:i102:nsga2:s1070000:r0:PR1_HT1_EC1:5ea31455e620,2e814cd9fcac3903c94a188170ea145cdf0012758210e24bec0ee8270490ed48,p0046,v2,326f76e99f5143fa83843f2e539e46bdb3745f86f7124dfcaa5f774bc9992662,full,326f76e99f5143fa83843f2e539e46bdb3745f86f7124dfcaa5f774bc9992662,nsga2,ff1ce977931c92f2,7.239198464605875,859.8638158283977,-0.0,7.239198464605875,859.8638158283977,-0.0,0.0,0.0,0.0,0.2570881234243492,0.0,0.3333333333333333,490.54176182722153,False,True,True,
S025,corridor,inactive,102,1070000,0,PR1_HT1_EC1,Full,S025@corridor@inactive:i102:nsga2:s1070000:r0:PR1_HT1_EC1:5ea31455e620,2e814cd9fcac3903c94a188170ea145cdf0012758210e24bec0ee8270490ed48,p0047,v2,326f76e99f5143fa83843f2e539e46bdb3745f86f7124dfcaa5f774bc9992662,full,326f76e99f5143fa83843f2e539e46bdb3745f86f7124dfcaa5f774bc9992662,nsga2,70c2bc86b1bea398,7.23536069021565,868.3966426845489,-0.0,7.23536069021565,868.3966426845489,-0.0,0.0,0.0,0.0,0.2609258978145744,0.0,0.3333333333333333,487.6135399674797,False,True,True,
S025,corridor,inactive,102,1070000,0,PR1_HT1_EC1,Full,S025@corridor@inactive:i102:nsga2:s1070000:r0:PR1_HT1_EC1:5ea31455e620,2e814cd9fcac3903c94a188170ea145cdf0012758210e24bec0ee8270490ed48,p0048,v2,326f76e99f5143fa83843f2e539e46bdb3745f86f7124dfcaa5f774bc9992662,full,326f76e99f5143fa83843f2e539e46bdb3745f86f7124dfcaa5f774bc9992662,nsga2,a6cfe6dc4300923a,7.273481869812727,744.1091496740238,-0.0,7.273481869812727,744.1091496740238,-0.0,0.0,0.0,0.0,0.22280471821749662,0.0,0.5,516.7000000000501,False,True,True,
S025,corridor,inactive,102,1070000,0,PR1_HT1_EC1,Full,S025@corridor@inactive:i102:nsga2:s1070000:r0:PR1_HT1_EC1:5ea31455e620,2e814cd9fcac3903c94a188170ea145cdf0012758210e24bec0ee8270490ed48,p0049,v2,326f76e99f5143fa83843f2e539e46bdb3745f86f7124dfcaa5f774bc9992662,full,326f76e99f5143fa83843f2e539e46bdb3745f86f7124dfcaa5f774bc9992662,nsga2,4dd48daf2b99b470,7.241614445141227,851.6025974786835,-0.0,7.241614445141227,851.6025974786835,-0.0,0.0,0.0,0.0,0.25467214288899637,0.0,0.16666666666666666,492.38515497569574,False,True,True,
S025,corridor,inactive,102,1070000,0,PR1_HT1_EC1,Full,S025@corridor@inactive:i102:nsga2:s1070000:r0:PR1_HT1_EC1:5ea31455e620,2e814cd9fcac3903c94a188170ea145cdf0012758210e24bec0ee8270490ed48,p0050,v2,326f76e99f5143fa83843f2e539e46bdb3745f86f7124dfcaa5f774bc9992662,full,326f76e99f5143fa83843f2e539e46bdb3745f86f7124dfcaa5f774bc9992662,nsga2,fa578f940c6f8fee,7.248167525088803,833.8813920139082,-0.0,7.248167525088803,833.8813920139082,-0.0,0.0,0.0,0.0,0.24811906294142103,0.0,0.3333333333333333,497.38515497569574,False,True,True,
S025,corridor,inactive,102,1070001,1,PR0_HT1_EC1,No-PR,S025@corridor@inactive:i102:nsga2:s1070001:r1:PR0_HT1_EC1:058a193aaa0a,2e814cd9fcac3903c94a188170ea145cdf0012758210e24bec0ee8270490ed48,p0001,v2,40ce0ed53e7fe8c366332bf52a48de218ab766bedae9227d7ad63fe1b278b89f,full,326f76e99f5143fa83843f2e539e46bdb3745f86f7124dfcaa5f774bc9992662,nsga2,1ef01e5e00d2b089,4.721005461811413,3379.002190434665,-0.8755301794452158,4.390306411130979,4093.0598151529225,-0.8755301794452158,-0.33069905068043415,714.0576247182576,0.0,0.8999999999998918,0.8755301794452158,0.0,8.267875273304526e-11,True,False,True,
S025,corridor,inactive,102,1070001,1,PR0_HT1_EC1,No-PR,S025@corridor@inactive:i102:nsga2:s1070001:r1:PR0_HT1_EC1:058a193aaa0a,2e814cd9fcac3903c94a188170ea145cdf0012758210e24bec0ee8270490ed48,p0002,v2,40ce0ed53e7fe8c366332bf52a48de218ab766bedae9227d7ad63fe1b278b89f,full,326f76e99f5143fa83843f2e539e46bdb3745f86f7124dfcaa5f774bc9992662,nsga2,09eac199b7185d66,5.5048838007583205,3021.5112349976353,-0.7329842931937173,5.190415718365358,3445.4862932207698,-0.7853403141361257,-0.3144680823929624,423.9750582231345,-0.05235602094240843,0.8464918367591251,0.7853403141361257,0.0,40.82672855278756,False,False,True,
S025,corridor,inactive,102,1070001,1,PR0_HT1_EC1,No-PR,S025@corridor@inactive:i102:nsga2:s1070001:r1:PR0_HT1_EC1:058a193aaa0a,2e814cd9fcac3903c94a188170ea145cdf0012758210e24bec0ee8270490ed48,p0003,v2,40ce0ed53e7fe8c366332bf52a48de218ab766bedae9227d7ad63fe1b278b89f,full,326f76e99f5143fa83843f2e539e46bdb3745f86f7124dfcaa5f774bc9992662,nsga2,8390b33d0a2a1f93,5.424413063384044,2953.8747974467756,-0.7258064516129032,5.184052788449702,3368.1875074483582,-0.7661290322580645,-0.24036027493434187,414.3127100015827,-0.040322580645161255,0.8471026696190072,0.7661290322580645,0.0,40.360663080697606,False,False,True,
S025,corridor,inactive,102,1070001,1,PR0_HT1_EC1,No-PR,S025@corridor@inactive:i102:nsga2:s1070001:r1:PR0_HT1_EC1:058a193aaa0a,2e814cd9fcac3903c94a188170ea145cdf0012758210e24bec0ee8270490ed48,p0004,v2,40ce0ed53e7fe8c366332bf52a48de218ab766bedae9227d7ad63fe1b278b89f,full,326f76e99f5143fa83843f2e539e46bdb3745f86f7124dfcaa5f774bc9992662,nsga2,2953efa5b4f8e71c,6.550311645636121,2000.087875344111,-0.4435483870967742,6.259273794908312,2879.73606722791,-0.4032258064516129,-0.2910378507278093,879.6481918837992,0.04032258064516131,0.6081318006639365,0.4032258064516129,0.0,222.69543609341645,False,False,True,
S025,corridor,inactive,102,1070001,1,PR0_HT1_EC1,No-PR,S025@corridor@inactive:i102:nsga2:s1070001:r1:PR0_HT1_EC1:058a193aaa0a,2e814cd9fcac3903c94a188170ea145cdf0012758210e24bec0ee8270490ed48,p0005,v2,40ce0ed53e7fe8c366332bf52a48de218ab766bedae9227d7ad63fe1b278b89f,full,326f76e99f5143fa83843f2e539e46bdb3745f86f7124dfcaa5f774bc9992662,nsga2,544822acb9ce7910,6.925979801821777,1481.820767861317,-0.28225806451612906,6.770896936374542,1905.7958260844514,-0.28225806451612906,-0.15508286544723493,423.9750582231343,0.0,0.4866417255030375,0.28225806451612906,0.0,315.3923634411824,False,False,True,
S025,corridor,inactive,102,1070001,1,PR0_HT1_EC1,No-PR,S025@corridor@inactive:i102:nsga2:s1070001:r1:PR0_HT1_EC1:058a193aaa0a,2e814cd9fcac3903c94a188170ea145cdf0012758210e24bec0ee8270490ed48,p0006,v2,40ce0ed53e7fe8c366332bf52a48de218ab766bedae9227d7ad63fe1b278b89f,full,326f76e99f5143fa83843f2e539e46bdb3745f86f7124dfcaa5f774bc9992662,nsga2,5cd5968a047c502c,7.1754849956214795,1008.6780196162929,-0.12096774193548387,6.97350062374059,1866.8995229026482,-0.08064516129032258,-0.20198437188088914,858.2215032863553,0.040322580645161296,0.39568451002000316,0.08064516129032258,0.0,384.7927188547376,False,False,True,
S025,corridor,inactive,102,1070001,1,PR0_HT1_EC1,No-PR,S025@corridor@inactive:i102:nsga2:s1070001:r1:PR0_HT1_EC1:058a193aaa0a,2e814cd9fcac3903c94a188170ea145cdf0012758210e24bec0ee8270490ed48,p0007,v2,40ce0ed53e7fe8c366332bf52a48de218ab766bedae9227d7ad63fe1b278b89f,full,326f76e99f5143fa83843f2e539e46bdb3745f86f7124dfcaa5f774bc9992662,nsga2,98601bec686c3295,7.189809835963609,1003.5635867016622,-0.07853403141361257,6.957484841620203,1827.287158415237,-0.2094240837696335,-0.23232499434340603,823.7235717135748,-0.13089005235602094,0.4099209440480723,0.2094240837696335,0.0,373.93031969132085,False,False,True,
S025,corridor,inactive,102,1070001,1,PR0_HT1_EC1,No-PR,S025@corridor@inactive:i102:nsga2:s1070001:r1:PR0_HT1_EC1:058a193aaa0a,2e814cd9fcac3903c94a188170ea145cdf0012758210e24bec0ee8270490ed48,p0008,v2,40ce0ed53e7fe8c366332bf52a48de218ab766bedae9227d7ad63fe1b278b89f,full,326f76e99f5143fa83843f2e539e46bdb3745f86f7124dfcaa5f774bc9992662,nsga2,267252e7b4d857b2,7.299694189603029,497.23063206382767,-0.0,7.299694189603029,497.23063206382767,-0.0,0.0,0.0,0.0,0.19659239842719517,0.0,0.6666666666666666,536.7000000000501,False,False,True,
S025,corridor,inactive,102,1070001,1,PR1_HT0_EC1,No-HT,S025@corridor@inactive:i102:nsga2:s1070001:r1:PR1_HT0_EC1:2dd37455a867,2e814cd9fcac3903c94a188170ea145cdf0012758210e24bec0ee8270490ed48,p0001,v2,2e933b6bebf4435f8501ffbea87ad104adecb83c124d1114cbab9ce29c460af0,full,326f76e99f5143fa83843f2e539e46bdb3745f86f7124dfcaa5f774bc9992662,nsga2,a1ec65e0f543a200,3.724113106199151,3913.617939373897,-0.8999999999999353,4.390306411130979,4093.0598151529225,-0.8755301794452158,0.666193304931828,179.4418757790254,0.024469820554719468,0.8999999999998918,0.8755301794452158,0.0,8.267875273304526e-11,True,False,True,
S025,corridor,inactive,102,1070001,1,PR1_HT0_EC1,No-HT,S025@corridor@inactive:i102:nsga2:s1070001:r1:PR1_HT0_EC1:2dd37455a867,2e814cd9fcac3903c94a188170ea145cdf0012758210e24bec0ee8270490ed48,p0002,v2,2e933b6bebf4435f8501ffbea87ad104adecb83c124d1114cbab9ce29c460af0,full,326f76e99f5143fa83843f2e539e46bdb3745f86f7124dfcaa5f774bc9992662,nsga2,1650e605ab8ae098,4.721005461811413,3403.5760776553984,-0.8755301794452158,5.184052788449702,3366.0483612146886,-0.7661290322580645,0.4630473266382893,-37.52771644070981,0.10940114718715133,0.8471026696190072,0.7661290322580645,0.0,40.360663080697606,False,False,True,
S025,corridor,inactive,102,1070001,1,PR1_HT0_EC1,No-HT,S025@corridor@inactive:i102:nsga2:s1070001:r1:PR1_HT0_EC1:2dd37455a867,2e814cd9fcac3903c94a188170ea145cdf0012758210e24bec0ee8270490ed48,p0003,v2,2e933b6bebf4435f8501ffbea87ad104adecb83c124d1114cbab9ce29c460af0,full,326f76e99f5143fa83843f2e539e46bdb3745f86f7124dfcaa5f774bc9992662,nsga2,35125a5ab49fe4d0,5.424413063384044,3252.216009465827,-0.7258064516129032,5.868847354243383,3114.476355525128,-0.5645161290322581,0.4444342908593386,-137.7396539406991,0.16129032258064513,0.7089647720694959,0.5645161290322581,0.0,145.7598789109747,False,False,True,
S025,corridor,inactive,102,1070001,1,PR1_HT0_EC1,No-HT,S025@corridor@inactive:i102:nsga2:s1070001:r1:PR1_HT0_EC1:2dd37455a867,2e814cd9fcac3903c94a188170ea145cdf0012758210e24bec0ee8270490ed48,p0004,v2,2e933b6bebf4435f8501ffbea87ad104adecb83c124d1114cbab9ce29c460af0,full,326f76e99f5143fa83843f2e539e46bdb3745f86f7124dfcaa5f774bc9992662,nsga2,25abae9b12132fe6,6.047788937022915,2677.966174809417,-0.6048387096774194,6.579577978045817,2281.394366073197,-0.3225806451612903,0.5317890410229023,-396.5718087362202,0.28225806451612906,0.5371069558912358,0.3225806451612903,0.0,276.88739265498714,False,False,True,
S025,corridor,inactive,102,1070001,1,PR1_HT0_EC1,No-HT,S025@corridor@inactive:i102:nsga2:s1070001:r1:PR1_HT0_EC1:2dd37455a867,2e814cd9fcac3903c94a188170ea145cdf0012758210e24bec0ee8270490ed48,p0005,v2,2e933b6bebf4435f8501ffbea87ad104adecb83c124d1114cbab9ce29c460af0,full,326f76e99f5143fa83843f2e539e46bdb3745f86f7124dfcaa5f774bc9992662,nsga2,a83c4eef84222023,6.550311645636121,2026.3730795517795,-0.4435483870967742,6.770896936374542,1905.7958260844514,-0.28225806451612906,0.2205852907384207,-120.57725346732809,0.16129032258064513,0.4866417255030375,0.28225806451612906,0.0,315.3923634411824,False,False,True,
S025,corridor,inactive,102,1070001,1,PR1_HT0_EC1,No-HT,S025@corridor@inactive:i102:nsga2:s1070001:r1:PR1_HT0_EC1:2dd37455a867,2e814cd9fcac3903c94a188170ea145cdf0012758210e24bec0ee8270490ed48,p0006,v2,2e933b6bebf4435f8501ffbea87ad104adecb83c124d1114cbab9ce29c460af0,full,326f76e99f5143fa83843f2e539e46bdb3745f86f7124dfcaa5f774bc9992662,nsga2,758cbfc90d19d96b,6.925979801821777,1759.9511949856433,-0.28225806451612906,7.060946263450385,1599.199123961355,-0.12096774193548387,0.1349664616286077,-160.75207102428817,0.16129032258064518,0.37162685559544434,0.12096774193548387,0.0,403.14870918067595,False,False,True,
S025,corridor,inactive,102,1070001,1,PR1_HT0_EC1,No-HT,S025@corridor@inactive:i102:nsga2:s1070001:r1:PR1_HT0_EC1:2dd37455a867,2e814cd9fcac3903c94a188170ea145cdf0012758210e24bec0ee8270490ed48,p0007,v2,2e933b6bebf4435f8501ffbea87ad104adecb83c124d1114cbab9ce29c460af0,full,326f76e99f5143fa83843f2e539e46bdb3745f86f7124dfcaa5f774bc9992662,nsga2,3d0dcc54e29bff1e,7.1754849956214795,1034.9632238239615,-0.12096774193548387,7.235980720618634,919.9861425546703,-0.0,0.06049572499715428,-114.97708126929115,0.12096774193548387,0.2603058674115906,0.0,0.3333333333333333,488.08662316495634,False,False,True,
S025,corridor,inactive,102,1070001,1,PR1_HT0_EC1,No-HT,S025@corridor@inactive:i102:nsga2:s1070001:r1:PR1_HT0_EC1:2dd37455a867,2e814cd9fcac3903c94a188170ea145cdf0012758210e24bec0ee8270490ed48,p0008,v2,2e933b6bebf4435f8501ffbea87ad104adecb83c124d1114cbab9ce29c460af0,full,326f76e99f5143fa83843f2e539e46bdb3745f86f7124dfcaa5f774bc9992662,nsga2,cdf9042960ed6bdb,7.299694189603029,497.23063206382767,-0.0,7.299694189603029,497.23063206382767,-0.0,0.0,0.0,0.0,0.19659239842719517,0.0,0.6666666666666666,536.7000000000501,False,False,True,
S025,corridor,inactive,102,1070001,1,PR1_HT1_EC0,No-EC,S025@corridor@inactive:i102:nsga2:s1070001:r1:PR1_HT1_EC0:a0d4a79acbb1,2e814cd9fcac3903c94a188170ea145cdf0012758210e24bec0ee8270490ed48,p0001,v2,8efcc5ef502f2a9c0958acfa656708af9cb56924654883555f3396bf165cc52f,full,326f76e99f5143fa83843f2e539e46bdb3745f86f7124dfcaa5f774bc9992662,nsga2,3e9039048ffa5f58,4.241883126193066,4175.098120591132,-0.8755301794452233,4.241883126193066,4175.098120591132,-0.8755301794452233,0.0,0.0,0.0,0.8999999999998975,0.8755301794452233,0.0,7.820233349775663e-11,False,False,True,
S025,corridor,inactive,102,1070001,1,PR1_HT1_EC0,No-EC,S025@corridor@inactive:i102:nsga2:s1070001:r1:PR1_HT1_EC0:a0d4a79acbb1,2e814cd9fcac3903c94a188170ea145cdf0012758210e24bec0ee8270490ed48,p0002,v2,8efcc5ef502f2a9c0958acfa656708af9cb56924654883555f3396bf165cc52f,full,326f76e99f5143fa83843f2e539e46bdb3745f86f7124dfcaa5f774bc9992662,nsga2,aa165ac468b6c4a0,4.282981135461567,4064.0234156053266,-0.8755301794452158,4.282981135461567,4064.0234156053266,-0.8755301794452158,0.0,0.0,0.0,0.8999999999998918,0.8755301794452158,0.0,8.266454187833006e-11,False,False,True,
S025,corridor,inactive,102,1070001,1,PR1_HT1_EC0,No-EC,S025@corridor@inactive:i102:nsga2:s1070001:r1:PR1_HT1_EC0:a0d4a79acbb1,2e814cd9fcac3903c94a188170ea145cdf0012758210e24bec0ee8270490ed48,p0003,v2,8efcc5ef502f2a9c0958acfa656708af9cb56924654883555f3396bf165cc52f,full,326f76e99f5143fa83843f2e539e46bdb3745f86f7124dfcaa5f774bc9992662,nsga2,51014ec09f7ad08b,4.281711643099891,4123.217991937008,-0.8755301794452136,4.281711643099891,4123.217991937008,-0.8755301794452136,0.0,0.0,0.0,0.89999999999989,0.8755301794452136,0.0,8.402878393098945e-11,False,False,True,
S025,corridor,inactive,102,1070001,1,PR1_HT1_EC0,No-EC,S025@corridor@inactive:i102:nsga2:s1070001:r1:PR1_HT1_EC0:a0d4a79acbb1,2e814cd9fcac3903c94a188170ea145cdf0012758210e24bec0ee8270490ed48,p0004,v2,8efcc5ef502f2a9c0958acfa656708af9cb56924654883555f3396bf165cc52f,full,326f76e99f5143fa83843f2e539e46bdb3745f86f7124dfcaa5f774bc9992662,nsga2,bd0f9cccf9ba143f,4.211523217373897,4285.524384253617,-0.8755301794451508,4.211523217373897,4285.524384253617,-0.8755301794451508,0.0,0.0,0.0,0.8999999999998395,0.8755301794451508,0.0,1.2255441106390208e-10,True,False,True,
S025,corridor,inactive,102,1070001,1,PR1_HT1_EC0,No-EC,S025@corridor@inactive:i102:nsga2:s1070001:r1:PR1_HT1_EC0:a0d4a79acbb1,2e814cd9fcac3903c94a188170ea145cdf0012758210e24bec0ee8270490ed48,p0005,v2,8efcc5ef502f2a9c0958acfa656708af9cb56924654883555f3396bf165cc52f,full,326f76e99f5143fa83843f2e539e46bdb3745f86f7124dfcaa5f774bc9992662,nsga2,ee73208bdaf3a193,5.190415718365358,3443.3471469871,-0.7853403141361257,5.190415718365358,3443.3471469871,-0.7853403141361257,0.0,0.0,0.0,0.8464918367591251,0.7853403141361257,0.0,40.82672855278756,False,False,True,
S025,corridor,inactive,102,1070001,1,PR1_HT1_EC0,No-EC,S025@corridor@inactive:i102:nsga2:s1070001:r1:PR1_HT1_EC0:a0d4a79acbb1,2e814cd9fcac3903c94a188170ea145cdf0012758210e24bec0ee8270490ed48,p0006,v2,8efcc5ef502f2a9c0958acfa656708af9cb56924654883555f3396bf165cc52f,full,326f76e99f5143fa83843f2e539e46bdb3745f86f7124dfcaa5f774bc9992662,nsga2,56c7ea36c95be9dc,5.184052788449702,3368.1875074483582,-0.7661290322580645,5.184052788449702,3368.1875074483582,-0.7661290322580645,0.0,0.0,0.0,0.8471026696190072,0.7661290322580645,0.0,40.360663080697606,False,False,True,
S025,corridor,inactive,102,1070001,1,PR1_HT1_EC0,No-EC,S025@corridor@inactive:i102:nsga2:s1070001:r1:PR1_HT1_EC0:a0d4a79acbb1,2e814cd9fcac3903c94a188170ea145cdf0012758210e24bec0ee8270490ed48,p0007,v2,8efcc5ef502f2a9c0958acfa656708af9cb56924654883555f3396bf165cc52f,full,326f76e99f5143fa83843f2e539e46bdb3745f86f7124dfcaa5f774bc9992662,nsga2,a680b37c687f8524,5.216153165520179,3357.544908812661,-0.6837606837606838,5.216153165520179,3357.544908812661,-0.6837606837606838,0.0,0.0,0.0,0.823931449600816,0.6837606837606838,0.0,58.04030395457745,False,False,True,
S025,corridor,inactive,102,1070001,1,PR1_HT1_EC0,No-EC,S025@corridor@inactive:i102:nsga2:s1070001:r1:PR1_HT1_EC0:a0d4a79acbb1,2e814cd9fcac3903c94a188170ea145cdf0012758210e24bec0ee8270490ed48,p0008,v2,8efcc5ef502f2a9c0958acfa656708af9cb56924654883555f3396bf165cc52f,full,326f76e99f5143fa83843f2e539e46bdb3745f86f7124dfcaa5f774bc9992662,nsga2,cdf56d71b340984c,5.264158824522969,3356.2954909501304,-0.6451612903225806,5.264158824522969,3356.2954909501304,-0.6451612903225806,0.0,0.0,0.0,0.8058785496878806,0.6451612903225806,0.0,71.81466658814709,False,False,True,
S025,corridor,inactive,102,1070001,1,PR1_HT1_EC0,No-EC,S025@corridor@inactive:i102:nsga2:s1070001:r1:PR1_HT1_EC0:a0d4a79acbb1,2e814cd9fcac3903c94a188170ea145cdf0012758210e24bec0ee8270490ed48,p0009,v2,8efcc5ef502f2a9c0958acfa656708af9cb56924654883555f3396bf165cc52f,full,326f76e99f5143fa83843f2e539e46bdb3745f86f7124dfcaa5f774bc9992662,nsga2,68dbc11fcaaadb53,5.2798583583346925,3325.3417910280573,-0.6451612903225806,5.2798583583346925,3325.3417910280573,-0.6451612903225806,0.0,0.0,0.0,0.7989646196160911,0.6451612903225806,0.0,77.08999523292242,False,False,True,
S025,corridor,inactive,102,1070001,1,PR1_HT1_EC0,No-EC,S025@corridor@inactive:i102:nsga2:s1070001:r1:PR1_HT1_EC0:a0d4a79acbb1,2e814cd9fcac3903c94a188170ea145cdf0012758210e24bec0ee8270490ed48,p0010,v2,8efcc5ef502f2a9c0958acfa656708af9cb56924654883555f3396bf165cc52f,full,326f76e99f5143fa83843f2e539e46bdb3745f86f7124dfcaa5f774bc9992662,nsga2,7a699c9ca4eb8a6d,5.2761100844332045,3327.600833758858,-0.6410256410256411,5.2761100844332045,3327.600833758858,-0.6410256410256411,0.0,0.0,0.0,0.8030366743824238,0.6410256410256411,0.0,73.9830174462107,False,False,True,
S025,corridor,inactive,102,1070001,1,PR1_HT1_EC0,No-EC,S025@corridor@inactive:i102:nsga2:s1070001:r1:PR1_HT1_EC0:a0d4a79acbb1,2e814cd9fcac3903c94a188170ea145cdf0012758210e24bec0ee8270490ed48,p0011,v2,8efcc5ef502f2a9c0958acfa656708af9cb56924654883555f3396bf165cc52f,full,326f76e99f5143fa83843f2e539e46bdb3745f86f7124dfcaa5f774bc9992662,nsga2,63f4e0d9c6b04660,5.8403151566972875,3226.055394651502,-0.6282722513089005,5.8403151566972875,3226.055394651502,-0.6282722513089005,0.0,0.0,0.0,0.7240076133658494,0.6282722513089005,0.0,134.28219100185686,False,False,True,
S025,corridor,inactive,102,1070001,1,PR1_HT1_EC0,No-EC,S025@corridor@inactive:i102:nsga2:s1070001:r1:PR1_HT1_EC0:a0d4a79acbb1,2e814cd9fcac3903c94a188170ea145cdf0012758210e24bec0ee8270490ed48,p0012,v2,8efcc5ef502f2a9c0958acfa656708af9cb56924654883555f3396bf165cc52f,full,326f76e99f5143fa83843f2e539e46bdb3745f86f7124dfcaa5f774bc9992662,nsga2,75346c41e0d3e54d,5.834563059641514,3139.9195874972784,-0.6048387096774194,5.834563059641514,3139.9195874972784,-0.6048387096774194,0.0,0.0,0.0,0.7249154090693141,0.6048387096774194,0.0,133.5895428801134,False,False,True,
S025,corridor,inactive,102,1070001,1,PR1_HT1_EC0,No-EC,S025@corridor@inactive:i102:nsga2:s1070001:r1:PR1_HT1_EC0:a0d4a79acbb1,2e814cd9fcac3903c94a188170ea145cdf0012758210e24bec0ee8270490ed48,p0013,v2,8efcc5ef502f2a9c0958acfa656708af9cb56924654883555f3396bf165cc52f,full,326f76e99f5143fa83843f2e539e46bdb3745f86f7124dfcaa5f774bc9992662,nsga2,13c33b747c1b3b10,5.868847354243383,3114.476355525128,-0.5645161290322581,5.868847354243383,3114.476355525128,-0.5645161290322581,0.0,0.0,0.0,0.7089647720694959,0.5645161290322581,0.0,145.7598789109747,False,False,True,
S025,corridor,inactive,102,1070001,1,PR1_HT1_EC0,No-EC,S025@corridor@inactive:i102:nsga2:s1070001:r1:PR1_HT1_EC0:a0d4a79acbb1,2e814cd9fcac3903c94a188170ea145cdf0012758210e24bec0ee8270490ed48,p0014,v2,8efcc5ef502f2a9c0958acfa656708af9cb56924654883555f3396bf165cc52f,full,326f76e99f5143fa83843f2e539e46bdb3745f86f7124dfcaa5f774bc9992662,nsga2,7bcd0e6d38fa182a,5.847946284921231,3061.6156675894854,-0.5241935483870968,5.847946284921231,3061.6156675894854,-0.5241935483870968,0.0,0.0,0.0,0.705165615336956,0.5241935483870968,0.0,148.65863549790265,False,False,True,
S025,corridor,inactive,102,1070001,1,PR1_HT1_EC0,No-EC,S025@corridor@inactive:i102:nsga2:s1070001:r1:PR1_HT1_EC0:a0d4a79acbb1,2e814cd9fcac3903c94a188170ea145cdf0012758210e24bec0ee8270490ed48,p0015,v2,8efcc5ef502f2a9c0958acfa656708af9cb56924654883555f3396bf165cc52f,full,326f76e99f5143fa83843f2e539e46bdb3745f86f7124dfcaa5f774bc9992662,nsga2,b4209e76d878161b,6.128653478432058,2993.4659637434133,-0.4972375690607735,6.128653478432058,2993.4659637434133,-0.4972375690607735,0.0,0.0,0.0,0.6525343571447363,0.4972375690607735,0.0,188.81628549856617,False,False,True,
S025,corridor,inactive,102,1070001,1,PR1_HT1_EC0,No-EC,S025@corridor@inactive:i102:nsga2:s1070001:r1:PR1_HT1_EC0:a0d4a79acbb1,2e814cd9fcac3903c94a188170ea145cdf0012758210e24bec0ee8270490ed48,p0016,v2,8efcc5ef502f2a9c0958acfa656708af9cb56924654883555f3396bf165cc52f,full,326f76e99f5143fa83843f2e539e46bdb3745f86f7124dfcaa5f774bc9992662,nsga2,b9f2d7dbdda60827,6.247220754374321,2931.955255342588,-0.4712041884816754,6.247220754374321,2931.955255342588,-0.4712041884816754,0.0,0.0,0.0,0.6157198381894539,0.4712041884816754,0.0,216.9057634614466,False,False,True,
S025,corridor,inactive,102,1070001,1,PR1_HT1_EC0,No-EC,S025@corridor@inactive:i102:nsga2:s1070001:r1:PR1_HT1_EC0:a0d4a79acbb1,2e814cd9fcac3903c94a188170ea145cdf0012758210e24bec0ee8270490ed48,p0017,v2,8efcc5ef502f2a9c0958acfa656708af9cb56924654883555f3396bf165cc52f,full,326f76e99f5143fa83843f2e539e46bdb3745f86f7124dfcaa5f774bc9992662,nsga2,3e9a264020cd83b1,6.216235048083722,2944.652329376695,-0.4712041884816754,6.216235048083722,2944.652329376695,-0.4712041884816754,0.0,0.0,0.0,0.6221209895106964,0.4712041884816754,0.0,212.02168500333863,False,False,True,
S025,corridor,inactive,102,1070001,1,PR1_HT1_EC0,No-EC,S025@corridor@inactive:i102:nsga2:s1070001:r1:PR1_HT1_EC0:a0d4a79acbb1,2e814cd9fcac3903c94a188170ea145cdf0012758210e24bec0ee8270490ed48,p0018,v2,8efcc5ef502f2a9c0958acfa656708af9cb56924654883555f3396bf165cc52f,full,326f76e99f5143fa83843f2e539e46bdb3745f86f7124dfcaa5f774bc9992662,nsga2,bdfc20842f4f102a,6.15490016541864,2897.3547614739614,-0.4435483870967742,6.15490016541864,2897.3547614739614,-0.4435483870967742,0.0,0.0,0.0,0.643417967991273,0.4435483870967742,0.0,195.7720904226587,False,False,True,
S025,corridor,inactive,102,1070001,1,PR1_HT1_EC0,No-EC,S025@corridor@inactive:i102:nsga2:s1070001:r1:PR1_HT1_EC0:a0d4a79acbb1,2e814cd9fcac3903c94a188170ea145cdf0012758210e24bec0ee8270490ed48,p0019,v2,8efcc5ef502f2a9c0958acfa656708af9cb56924654883555f3396bf165cc52f,full,326f76e99f5143fa83843f2e539e46bdb3745f86f7124dfcaa5f774bc9992662,nsga2,f99d07a57bdb0540,6.136650285928104,2926.576544613943,-0.42735042735042733,6.136650285928104,2926.576544613943,-0.42735042735042733,0.0,0.0,0.0,0.6482631898556552,0.42735042735042733,0.0,192.0751861401351,False,False,True,
S025,corridor,inactive,102,1070001,1,PR1_HT1_EC0,No-EC,S025@corridor@inactive:i102:nsga2:s1070001:r1:PR1_HT1_EC0:a0d4a79acbb1,2e814cd9fcac3903c94a188170ea145cdf0012758210e24bec0ee8270490ed48,p0020,v2,8efcc5ef502f2a9c0958acfa656708af9cb56924654883555f3396bf165cc52f,full,326f76e99f5143fa83843f2e539e46bdb3745f86f7124dfcaa5f774bc9992662,nsga2,67c129f44e9dac6c,6.546729394708111,2447.0287695366123,-0.4143646408839779,6.546729394708111,2447.0287695366123,-0.4143646408839779,0.0,0.0,0.0,0.5582970373506239,0.4143646408839779,0.0,260.719360501474,False,False,True,
S025,corridor,inactive,102,1070001,1,PR1_HT1_EC0,No-EC,S025@corridor@inactive:i102:nsga2:s1070001:r1:PR1_HT1_EC0:a0d4a79acbb1,2e814cd9fcac3903c94a188170ea145cdf0012758210e24bec0ee8270490ed48,p0021,v2,8efcc5ef502f2a9c0958acfa656708af9cb56924654883555f3396bf165cc52f,full,326f76e99f5143fa83843f2e539e46bdb3745f86f7124dfcaa5f774bc9992662,nsga2,0a2d7a21f5486e3a,6.183605873666641,2867.7653213926164,-0.4032258064516129,6.183605873666641,2867.7653213926164,-0.4032258064516129,0.0,0.0,0.0,0.6302070243989251,0.4032258064516129,0.0,205.85204038362014,False,False,True,
S025,corridor,inactive,102,1070001,1,PR1_HT1_EC0,No-EC,S025@corridor@inactive:i102:nsga2:s1070001:r1:PR1_HT1_EC0:a0d4a79acbb1,2e814cd9fcac3903c94a188170ea145cdf0012758210e24bec0ee8270490ed48,p0022,v2,8efcc5ef502f2a9c0958acfa656708af9cb56924654883555f3396bf165cc52f,full,326f76e99f5143fa83843f2e539e46bdb3745f86f7124dfcaa5f774bc9992662,nsga2,f009f7463f4e5a23,6.495353181775114,2274.6466123349187,-0.38461538461538464,6.495353181775114,2274.6466123349187,-0.38461538461538464,0.0,0.0,0.0,0.5701197361063204,0.38461538461538464,0.0,251.6986413508776,False,False,True,
S025,corridor,inactive,102,1070001,1,PR1_HT1_EC0,No-EC,S025@corridor@inactive:i102:nsga2:s1070001:r1:PR1_HT1_EC0:a0d4a79acbb1,2e814cd9fcac3903c94a188170ea145cdf0012758210e24bec0ee8270490ed48,p0023,v2,8efcc5ef502f2a9c0958acfa656708af9cb56924654883555f3396bf165cc52f,full,326f76e99f5143fa83843f2e539e46bdb3745f86f7124dfcaa5f774bc9992662,nsga2,0232da29c8e9d835,6.509870318094218,2273.5170909695184,-0.3629032258064516,6.509870318094218,2273.5170909695184,-0.3629032258064516,0.0,0.0,0.0,0.5620054940501473,0.3629032258064516,0.0,257.88980803973755,False,False,True,
S025,corridor,inactive,102,1070001,1,PR1_HT1_EC0,No-EC,S025@corridor@inactive:i102:nsga2:s1070001:r1:PR1_HT1_EC0:a0d4a79acbb1,2e814cd9fcac3903c94a188170ea145cdf0012758210e24bec0ee8270490ed48,p0024,v2,8efcc5ef502f2a9c0958acfa656708af9cb56924654883555f3396bf165cc52f,full,326f76e99f5143fa83843f2e539e46bdb3745f86f7124dfcaa5f774bc9992662,nsga2,02d43bf1955eec34,6.774338475453999,1925.1205225275542,-0.31413612565445026,6.774338475453999,1925.1205225275542,-0.31413612565445026,0.0,0.0,0.0,0.4848295755395665,0.31413612565445026,0.0,316.77503386331074,False,False,True,
S025,corridor,inactive,102,1070001,1,PR1_HT1_EC0,No-EC,S025@corridor@inactive:i102:nsga2:s1070001:r1:PR1_HT1_EC0:a0d4a79acbb1,2e814cd9fcac3903c94a188170ea145cdf0012758210e24bec0ee8270490ed48,p0025,v2,8efcc5ef502f2a9c0958acfa656708af9cb56924654883555f3396bf165cc52f,full,326f76e99f5143fa83843f2e539e46bdb3745f86f7124dfcaa5f774bc9992662,nsga2,a31fca247f634a58,6.770896936374542,1905.7958260844514,-0.28225806451612906,6.770896936374542,1905.7958260844514,-0.28225806451612906,0.0,0.0,0.0,0.4866417255030375,0.28225806451612906,0.0,315.3923634411824,False,False,True,
S025,corridor,inactive,102,1070001,1,PR1_HT1_EC0,No-EC,S025@corridor@inactive:i102:nsga2:s1070001:r1:PR1_HT1_EC0:a0d4a79acbb1,2e814cd9fcac3903c94a188170ea145cdf0012758210e24bec0ee8270490ed48,p0026,v2,8efcc5ef502f2a9c0958acfa656708af9cb56924654883555f3396bf165cc52f,full,326f76e99f5143fa83843f2e539e46bdb3745f86f7124dfcaa5f774bc9992662,nsga2,fa50b1a3cd5344de,6.933130450588063,1888.7934179680049,-0.27624309392265195,6.933130450588063,1888.7934179680049,-0.27624309392265195,0.0,0.0,0.0,0.4299137419014104,0.27624309392265195,0.0,358.67581492922386,False,False,True,
S025,corridor,inactive,102,1070001,1,PR1_HT1_EC0,No-EC,S025@corridor@inactive:i102:nsga2:s1070001:r1:PR1_HT1_EC0:a0d4a79acbb1,2e814cd9fcac3903c94a188170ea145cdf0012758210e24bec0ee8270490ed48,p0027,v2,8efcc5ef502f2a9c0958acfa656708af9cb56924654883555f3396bf165cc52f,full,326f76e99f5143fa83843f2e539e46bdb3745f86f7124dfcaa5f774bc9992662,nsga2,d95edc2d49aa2bad,6.784855669744627,1876.6271992802517,-0.2617801047120419,6.784855669744627,1876.6271992802517,-0.2617801047120419,0.0,0.0,0.0,0.47229083868568394,0.2617801047120419,0.0,326.3420900828231,False,False,True,
S025,corridor,inactive,102,1070001,1,PR1_HT1_EC0,No-EC,S025@corridor@inactive:i102:nsga2:s1070001:r1:PR1_HT1_EC0:a0d4a79acbb1,2e814cd9fcac3903c94a188170ea145cdf0012758210e24bec0ee8270490ed48,p0028,v2,8efcc5ef502f2a9c0958acfa656708af9cb56924654883555f3396bf165cc52f,full,326f76e99f5143fa83843f2e539e46bdb3745f86f7124dfcaa5f774bc9992662,nsga2,a87232fb5a08a4a0,6.766003359969503,1898.3925205937005,-0.2564102564102564,6.766003359969503,1898.3925205937005,-0.2564102564102564,0.0,0.0,0.0,0.48857937139977864,0.2564102564102564,0.0,313.9139396219689,False,False,True,
S025,corridor,inactive,102,1070001,1,PR1_HT1_EC0,No-EC,S025@corridor@inactive:i102:nsga2:s1070001:r1:PR1_HT1_EC0:a0d4a79acbb1,2e814cd9fcac3903c94a188170ea145cdf0012758210e24bec0ee8270490ed48,p0029,v2,8efcc5ef502f2a9c0958acfa656708af9cb56924654883555f3396bf165cc52f,full,326f76e99f5143fa83843f2e539e46bdb3745f86f7124dfcaa5f774bc9992662,nsga2,0acd55e6b6ac3ed4,6.762755129787318,1877.756720645652,-0.24193548387096775,6.762755129787318,1877.756720645652,-0.24193548387096775,0.0,0.0,0.0,0.486078046437685,0.24193548387096775,0.0,315.82245056804635,False,False,True,
S025,corridor,inactive,102,1070001,1,PR1_HT1_EC0,No-EC,S025@corridor@inactive:i102:nsga2:s1070001:r1:PR1_HT1_EC0:a0d4a79acbb1,2e814cd9fcac3903c94a188170ea145cdf0012758210e24bec0ee8270490ed48,p0030,v2,8efcc5ef502f2a9c0958acfa656708af9cb56924654883555f3396bf165cc52f,full,326f76e99f5143fa83843f2e539e46bdb3745f86f7124dfcaa5f774bc9992662,nsga2,db571e707b2bec5c,6.9397489097892135,1862.7277069597153,-0.22099447513812154,6.9397489097892135,1862.7277069597153,-0.22099447513812154,0.0,0.0,0.0,0.4194895788482205,0.22099447513812154,0.0,366.6294513388077,False,False,True,
S025,corridor,inactive,102,1070001,1,PR1_HT1_EC0,No-EC,S025@corridor@inactive:i102:nsga2:s1070001:r1:PR1_HT1_EC0:a0d4a79acbb1,2e814cd9fcac3903c94a188170ea145cdf0012758210e24bec0ee8270490ed48,p0031,v2,8efcc5ef502f2a9c0958acfa656708af9cb56924654883555f3396bf165cc52f,full,326f76e99f5143fa83843f2e539e46bdb3745f86f7124dfcaa5f774bc9992662,nsga2,7de2253c853c8d9b,6.773533906523888,1876.6271992802517,-0.21367521367521367,6.773533906523888,1876.6271992802517,-0.21367521367521367,0.0,0.0,0.0,0.47961449226506037,0.21367521367521367,0.0,320.75414240175894,False,False,True,
S025,corridor,inactive,102,1070001,1,PR1_HT1_EC0,No-EC,S025@corridor@inactive:i102:nsga2:s1070001:r1:PR1_HT1_EC0:a0d4a79acbb1,2e814cd9fcac3903c94a188170ea145cdf0012758210e24bec0ee8270490ed48,p0032,v2,8efcc5ef502f2a9c0958acfa656708af9cb56924654883555f3396bf165cc52f,full,326f76e99f5143fa83843f2e539e46bdb3745f86f7124dfcaa5f774bc9992662,nsga2,cec1c6b40ffc1b5b,7.0641065408932615,1658.6280963464533,-0.17094017094017094,7.0641065408932615,1658.6280963464533,-0.17094017094017094,0.0,0.0,0.0,0.37780053009097175,0.17094017094017094,0.0,398.4381955405886,False,False,True,
S025,corridor,inactive,102,1070001,1,PR1_HT1_EC0,No-EC,S025@corridor@inactive:i102:nsga2:s1070001:r1:PR1_HT1_EC0:a0d4a79acbb1,2e814cd9fcac3903c94a188170ea145cdf0012758210e24bec0ee8270490ed48,p0033,v2,8efcc5ef502f2a9c0958acfa656708af9cb56924654883555f3396bf165cc52f,full,326f76e99f5143fa83843f2e539e46bdb3745f86f7124dfcaa5f774bc9992662,nsga2,42a31adb5690637c,6.959342770378365,1839.8017670963472,-0.16574585635359115,6.959342770378365,1839.8017670963472,-0.16574585635359115,0.0,0.0,0.0,0.40370142211110893,0.16574585635359115,0.0,378.67581492922386,False,False,True,
S025,corridor,inactive,102,1070001,1,PR1_HT1_EC0,No-EC,S025@corridor@inactive:i102:nsga2:s1070001:r1:PR1_HT1_EC0:a0d4a79acbb1,2e814cd9fcac3903c94a188170ea145cdf0012758210e24bec0ee8270490ed48,p0034,v2,8efcc5ef502f2a9c0958acfa656708af9cb56924654883555f3396bf165cc52f,full,326f76e99f5143fa83843f2e539e46bdb3745f86f7124dfcaa5f774bc9992662,nsga2,8978aa70b18b31e4,7.060177773835461,1564.5634409487348,-0.16129032258064516,7.060177773835461,1564.5634409487348,-0.16129032258064516,0.0,0.0,0.0,0.3756130891976084,0.16129032258064516,0.0,400.1072129422248,False,False,True,
S025,corridor,inactive,102,1070001,1,PR1_HT1_EC0,No-EC,S025@corridor@inactive:i102:nsga2:s1070001:r1:PR1_HT1_EC0:a0d4a79acbb1,2e814cd9fcac3903c94a188170ea145cdf0012758210e24bec0ee8270490ed48,p0035,v2,8efcc5ef502f2a9c0958acfa656708af9cb56924654883555f3396bf165cc52f,full,326f76e99f5143fa83843f2e539e46bdb3745f86f7124dfcaa5f774bc9992662,nsga2,c3c5676ac1515c73,7.085193892201905,1562.9045471238046,-0.10471204188481675,7.085193892201905,1562.9045471238046,-0.10471204188481675,0.0,0.0,0.0,0.3530129513665182,0.10471204188481675,0.0,417.35111810734657,False,False,True,
S025,corridor,inactive,102,1070001,1,PR1_HT1_EC0,No-EC,S025@corridor@inactive:i102:nsga2:s1070001:r1:PR1_HT1_EC0:a0d4a79acbb1,2e814cd9fcac3903c94a188170ea145cdf0012758210e24bec0ee8270490ed48,p0036,v2,8efcc5ef502f2a9c0958acfa656708af9cb56924654883555f3396bf165cc52f,full,326f76e99f5143fa83843f2e539e46bdb3745f86f7124dfcaa5f774bc9992662,nsga2,fdb278878143a63e,6.965338827456287,1829.933383125022,-0.08547008547008547,6.965338827456287,1829.933383125022,-0.08547008547008547,0.0,0.0,0.0,0.4002710080795404,0.08547008547008547,0.0,381.29322083531065,False,False,True,
S025,corridor,inactive,102,1070001,1,PR1_HT1_EC0,No-EC,S025@corridor@inactive:i102:nsga2:s1070001:r1:PR1_HT1_EC0:a0d4a79acbb1,2e814cd9fcac3903c94a188170ea145cdf0012758210e24bec0ee8270490ed48,p0037,v2,8efcc5ef502f2a9c0958acfa656708af9cb56924654883555f3396bf165cc52f,full,326f76e99f5143fa83843f2e539e46bdb3745f86f7124dfcaa5f774bc9992662,nsga2,6fbbec013d74fc9a,7.299694189603029,497.23063206382767,-0.0,7.299694189603029,497.23063206382767,-0.0,0.0,0.0,0.0,0.19659239842719517,0.0,0.6666666666666666,536.7000000000501,False,False,True,
S025,corridor,inactive,102,1070001,1,PR1_HT1_EC0,No-EC,S025@corridor@inactive:i102:nsga2:s1070001:r1:PR1_HT1_EC0:a0d4a79acbb1,2e814cd9fcac3903c94a188170ea145cdf0012758210e24bec0ee8270490ed48,p0038,v2,8efcc5ef502f2a9c0958acfa656708af9cb56924654883555f3396bf165cc52f,full,326f76e99f5143fa83843f2e539e46bdb3745f86f7124dfcaa5f774bc9992662,nsga2,65f0b1fc6acbe4d2,7.273481869812727,744.1091496740238,-0.0,7.273481869812727,744.1091496740238,-0.0,0.0,0.0,0.0,0.22280471821749662,0.0,0.5,516.7000000000501,False,False,True,
S025,corridor,inactive,102,1070001,1,PR1_HT1_EC0,No-EC,S025@corridor@inactive:i102:nsga2:s1070001:r1:PR1_HT1_EC0:a0d4a79acbb1,2e814cd9fcac3903c94a188170ea145cdf0012758210e24bec0ee8270490ed48,p0039,v2,8efcc5ef502f2a9c0958acfa656708af9cb56924654883555f3396bf165cc52f,full,326f76e99f5143fa83843f2e539e46bdb3745f86f7124dfcaa5f774bc9992662,nsga2,795bd1418d862de7,7.239198464605875,871.4012635347137,-0.0,7.239198464605875,871.4012635347137,-0.0,0.0,0.0,0.0,0.2570881234243492,0.0,0.3333333333333333,490.54176182722153,False,False,True,
S025,corridor,inactive,102,1070001,1,PR1_HT1_EC0,No-EC,S025@corridor@inactive:i102:nsga2:s1070001:r1:PR1_HT1_EC0:a0d4a79acbb1,2e814cd9fcac3903c94a188170ea145cdf0012758210e24bec0ee8270490ed48,p0040,v2,8efcc5ef502f2a9c0958acfa656708af9cb56924654883555f3396bf165cc52f,full,326f76e99f5143fa83843f2e539e46bdb3745f86f7124dfcaa5f774bc9992662,nsga2,22e56564b13fe6c0,7.234783420530259,927.9534440252401,-0.0,7.234783420530259,927.9534440252401,-0.0,0.0,0.0,0.0,0.261503167499965,0.0,0.3333333333333333,487.1730831975267,False,False,True,
S025,corridor,inactive,102,1070001,1,PR1_HT1_EC0,No-EC,S025@corridor@inactive:i102:nsga2:s1070001:r1:PR1_HT1_EC0:a0d4a79acbb1,2e814cd9fcac3903c94a188170ea145cdf0012758210e24bec0ee8270490ed48,p0041,v2,8efcc5ef502f2a9c0958acfa656708af9cb56924654883555f3396bf165cc52f,full,326f76e99f5143fa83843f2e539e46bdb3745f86f7124dfcaa5f774bc9992662,nsga2,951aeff294510a56,7.246970225000428,868.0126994385129,-0.0,7.246970225000428,868.0126994385129,-0.0,0.0,0.0,0.0,0.2493163630297954,0.0,0.3333333333333333,496.4716150082661,False,False,True,
S025,corridor,inactive,102,1070001,1,PR1_HT1_EC0,No-EC,S025@corridor@inactive:i102:nsga2:s1070001:r1:PR1_HT1_EC0:a0d4a79acbb1,2e814cd9fcac3903c94a188170ea145cdf0012758210e24bec0ee8270490ed48,p0042,v2,8efcc5ef502f2a9c0958acfa656708af9cb56924654883555f3396bf165cc52f,full,326f76e99f5143fa83843f2e539e46bdb3745f86f7124dfcaa5f774bc9992662,nsga2,eda5f50914e3d853,7.235980720618634,893.8221366006355,-0.0,7.235980720618634,893.8221366006355,-0.0,0.0,0.0,0.0,0.2603058674115906,0.0,0.3333333333333333,488.08662316495634,False,False,True,
S025,corridor,inactive,102,1070001,1,PR1_HT1_EC1,Full,S025@corridor@inactive:i102:nsga2:s1070001:r1:PR1_HT1_EC1:92d9f9fb0c34,2e814cd9fcac3903c94a188170ea145cdf0012758210e24bec0ee8270490ed48,p0001,v2,326f76e99f5143fa83843f2e539e46bdb3745f86f7124dfcaa5f774bc9992662,full,326f76e99f5143fa83843f2e539e46bdb3745f86f7124dfcaa5f774bc9992662,nsga2,3e9039048ffa5f58,4.241883126193066,4175.098120591132,-0.8755301794452233,4.241883126193066,4175.098120591132,-0.8755301794452233,0.0,0.0,0.0,0.8999999999998975,0.8755301794452233,0.0,7.820233349775663e-11,False,True,True,
S025,corridor,inactive,102,1070001,1,PR1_HT1_EC1,Full,S025@corridor@inactive:i102:nsga2:s1070001:r1:PR1_HT1_EC1:92d9f9fb0c34,2e814cd9fcac3903c94a188170ea145cdf0012758210e24bec0ee8270490ed48,p0002,v2,326f76e99f5143fa83843f2e539e46bdb3745f86f7124dfcaa5f774bc9992662,full,326f76e99f5143fa83843f2e539e46bdb3745f86f7124dfcaa5f774bc9992662,nsga2,aa165ac468b6c4a0,4.282981135461567,4064.0234156053266,-0.8755301794452158,4.282981135461567,4064.0234156053266,-0.8755301794452158,0.0,0.0,0.0,0.8999999999998918,0.8755301794452158,0.0,8.266454187833006e-11,False,True,True,
S025,corridor,inactive,102,1070001,1,PR1_HT1_EC1,Full,S025@corridor@inactive:i102:nsga2:s1070001:r1:PR1_HT1_EC1:92d9f9fb0c34,2e814cd9fcac3903c94a188170ea145cdf0012758210e24bec0ee8270490ed48,p0003,v2,326f76e99f5143fa83843f2e539e46bdb3745f86f7124dfcaa5f774bc9992662,full,326f76e99f5143fa83843f2e539e46bdb3745f86f7124dfcaa5f774bc9992662,nsga2,51014ec09f7ad08b,4.281711643099891,4123.217991937008,-0.8755301794452136,4.281711643099891,4123.217991937008,-0.8755301794452136,0.0,0.0,0.0,0.89999999999989,0.8755301794452136,0.0,8.402878393098945e-11,False,True,True,
S025,corridor,inactive,102,1070001,1,PR1_HT1_EC1,Full,S025@corridor@inactive:i102:nsga2:s1070001:r1:PR1_HT1_EC1:92d9f9fb0c34,2e814cd9fcac3903c94a188170ea145cdf0012758210e24bec0ee8270490ed48,p0004,v2,326f76e99f5143fa83843f2e539e46bdb3745f86f7124dfcaa5f774bc9992662,full,326f76e99f5143fa83843f2e539e46bdb3745f86f7124dfcaa5f774bc9992662,nsga2,bd0f9cccf9ba143f,4.211523217373897,4285.524384253617,-0.8755301794451508,4.211523217373897,4285.524384253617,-0.8755301794451508,0.0,0.0,0.0,0.8999999999998395,0.8755301794451508,0.0,1.2255441106390208e-10,True,True,True,
S025,corridor,inactive,102,1070001,1,PR1_HT1_EC1,Full,S025@corridor@inactive:i102:nsga2:s1070001:r1:PR1_HT1_EC1:92d9f9fb0c34,2e814cd9fcac3903c94a188170ea145cdf0012758210e24bec0ee8270490ed48,p0005,v2,326f76e99f5143fa83843f2e539e46bdb3745f86f7124dfcaa5f774bc9992662,full,326f76e99f5143fa83843f2e539e46bdb3745f86f7124dfcaa5f774bc9992662,nsga2,ee73208bdaf3a193,5.190415718365358,3443.3471469871,-0.7853403141361257,5.190415718365358,3443.3471469871,-0.7853403141361257,0.0,0.0,0.0,0.8464918367591251,0.7853403141361257,0.0,40.82672855278756,False,True,True,
S025,corridor,inactive,102,1070001,1,PR1_HT1_EC1,Full,S025@corridor@inactive:i102:nsga2:s1070001:r1:PR1_HT1_EC1:92d9f9fb0c34,2e814cd9fcac3903c94a188170ea145cdf0012758210e24bec0ee8270490ed48,p0006,v2,326f76e99f5143fa83843f2e539e46bdb3745f86f7124dfcaa5f774bc9992662,full,326f76e99f5143fa83843f2e539e46bdb3745f86f7124dfcaa5f774bc9992662,nsga2,56c7ea36c95be9dc,5.184052788449702,3368.1875074483582,-0.7661290322580645,5.184052788449702,3368.1875074483582,-0.7661290322580645,0.0,0.0,0.0,0.8471026696190072,0.7661290322580645,0.0,40.360663080697606,False,True,True,
S025,corridor,inactive,102,1070001,1,PR1_HT1_EC1,Full,S025@corridor@inactive:i102:nsga2:s1070001:r1:PR1_HT1_EC1:92d9f9fb0c34,2e814cd9fcac3903c94a188170ea145cdf0012758210e24bec0ee8270490ed48,p0007,v2,326f76e99f5143fa83843f2e539e46bdb3745f86f7124dfcaa5f774bc9992662,full,326f76e99f5143fa83843f2e539e46bdb3745f86f7124dfcaa5f774bc9992662,nsga2,a680b37c687f8524,5.216153165520179,3357.544908812661,-0.6837606837606838,5.216153165520179,3357.544908812661,-0.6837606837606838,0.0,0.0,0.0,0.823931449600816,0.6837606837606838,0.0,58.04030395457745,False,True,True,
S025,corridor,inactive,102,1070001,1,PR1_HT1_EC1,Full,S025@corridor@inactive:i102:nsga2:s1070001:r1:PR1_HT1_EC1:92d9f9fb0c34,2e814cd9fcac3903c94a188170ea145cdf0012758210e24bec0ee8270490ed48,p0008,v2,326f76e99f5143fa83843f2e539e46bdb3745f86f7124dfcaa5f774bc9992662,full,326f76e99f5143fa83843f2e539e46bdb3745f86f7124dfcaa5f774bc9992662,nsga2,cdf56d71b340984c,5.264158824522969,3356.2954909501304,-0.6451612903225806,5.264158824522969,3356.2954909501304,-0.6451612903225806,0.0,0.0,0.0,0.8058785496878806,0.6451612903225806,0.0,71.81466658814709,False,True,True,
S025,corridor,inactive,102,1070001,1,PR1_HT1_EC1,Full,S025@corridor@inactive:i102:nsga2:s1070001:r1:PR1_HT1_EC1:92d9f9fb0c34,2e814cd9fcac3903c94a188170ea145cdf0012758210e24bec0ee8270490ed48,p0009,v2,326f76e99f5143fa83843f2e539e46bdb3745f86f7124dfcaa5f774bc9992662,full,326f76e99f5143fa83843f2e539e46bdb3745f86f7124dfcaa5f774bc9992662,nsga2,68dbc11fcaaadb53,5.2798583583346925,3325.3417910280573,-0.6451612903225806,5.2798583583346925,3325.3417910280573,-0.6451612903225806,0.0,0.0,0.0,0.7989646196160911,0.6451612903225806,0.0,77.08999523292242,False,True,True,
S025,corridor,inactive,102,1070001,1,PR1_HT1_EC1,Full,S025@corridor@inactive:i102:nsga2:s1070001:r1:PR1_HT1_EC1:92d9f9fb0c34,2e814cd9fcac3903c94a188170ea145cdf0012758210e24bec0ee8270490ed48,p0010,v2,326f76e99f5143fa83843f2e539e46bdb3745f86f7124dfcaa5f774bc9992662,full,326f76e99f5143fa83843f2e539e46bdb3745f86f7124dfcaa5f774bc9992662,nsga2,7a699c9ca4eb8a6d,5.2761100844332045,3327.600833758858,-0.6410256410256411,5.2761100844332045,3327.600833758858,-0.6410256410256411,0.0,0.0,0.0,0.8030366743824238,0.6410256410256411,0.0,73.9830174462107,False,True,True,
S025,corridor,inactive,102,1070001,1,PR1_HT1_EC1,Full,S025@corridor@inactive:i102:nsga2:s1070001:r1:PR1_HT1_EC1:92d9f9fb0c34,2e814cd9fcac3903c94a188170ea145cdf0012758210e24bec0ee8270490ed48,p0011,v2,326f76e99f5143fa83843f2e539e46bdb3745f86f7124dfcaa5f774bc9992662,full,326f76e99f5143fa83843f2e539e46bdb3745f86f7124dfcaa5f774bc9992662,nsga2,63f4e0d9c6b04660,5.8403151566972875,3226.055394651502,-0.6282722513089005,5.8403151566972875,3226.055394651502,-0.6282722513089005,0.0,0.0,0.0,0.7240076133658494,0.6282722513089005,0.0,134.28219100185686,False,True,True,
S025,corridor,inactive,102,1070001,1,PR1_HT1_EC1,Full,S025@corridor@inactive:i102:nsga2:s1070001:r1:PR1_HT1_EC1:92d9f9fb0c34,2e814cd9fcac3903c94a188170ea145cdf0012758210e24bec0ee8270490ed48,p0012,v2,326f76e99f5143fa83843f2e539e46bdb3745f86f7124dfcaa5f774bc9992662,full,326f76e99f5143fa83843f2e539e46bdb3745f86f7124dfcaa5f774bc9992662,nsga2,75346c41e0d3e54d,5.834563059641514,3139.9195874972784,-0.6048387096774194,5.834563059641514,3139.9195874972784,-0.6048387096774194,0.0,0.0,0.0,0.7249154090693141,0.6048387096774194,0.0,133.5895428801134,False,True,True,
S025,corridor,inactive,102,1070001,1,PR1_HT1_EC1,Full,S025@corridor@inactive:i102:nsga2:s1070001:r1:PR1_HT1_EC1:92d9f9fb0c34,2e814cd9fcac3903c94a188170ea145cdf0012758210e24bec0ee8270490ed48,p0013,v2,326f76e99f5143fa83843f2e539e46bdb3745f86f7124dfcaa5f774bc9992662,full,326f76e99f5143fa83843f2e539e46bdb3745f86f7124dfcaa5f774bc9992662,nsga2,13c33b747c1b3b10,5.868847354243383,3114.476355525128,-0.5645161290322581,5.868847354243383,3114.476355525128,-0.5645161290322581,0.0,0.0,0.0,0.7089647720694959,0.5645161290322581,0.0,145.7598789109747,False,True,True,
S025,corridor,inactive,102,1070001,1,PR1_HT1_EC1,Full,S025@corridor@inactive:i102:nsga2:s1070001:r1:PR1_HT1_EC1:92d9f9fb0c34,2e814cd9fcac3903c94a188170ea145cdf0012758210e24bec0ee8270490ed48,p0014,v2,326f76e99f5143fa83843f2e539e46bdb3745f86f7124dfcaa5f774bc9992662,full,326f76e99f5143fa83843f2e539e46bdb3745f86f7124dfcaa5f774bc9992662,nsga2,7bcd0e6d38fa182a,5.847946284921231,3061.6156675894854,-0.5241935483870968,5.847946284921231,3061.6156675894854,-0.5241935483870968,0.0,0.0,0.0,0.705165615336956,0.5241935483870968,0.0,148.65863549790265,False,True,True,
S025,corridor,inactive,102,1070001,1,PR1_HT1_EC1,Full,S025@corridor@inactive:i102:nsga2:s1070001:r1:PR1_HT1_EC1:92d9f9fb0c34,2e814cd9fcac3903c94a188170ea145cdf0012758210e24bec0ee8270490ed48,p0015,v2,326f76e99f5143fa83843f2e539e46bdb3745f86f7124dfcaa5f774bc9992662,full,326f76e99f5143fa83843f2e539e46bdb3745f86f7124dfcaa5f774bc9992662,nsga2,b4209e76d878161b,6.128653478432058,2993.4659637434133,-0.4972375690607735,6.128653478432058,2993.4659637434133,-0.4972375690607735,0.0,0.0,0.0,0.6525343571447363,0.4972375690607735,0.0,188.81628549856617,False,True,True,
S025,corridor,inactive,102,1070001,1,PR1_HT1_EC1,Full,S025@corridor@inactive:i102:nsga2:s1070001:r1:PR1_HT1_EC1:92d9f9fb0c34,2e814cd9fcac3903c94a188170ea145cdf0012758210e24bec0ee8270490ed48,p0016,v2,326f76e99f5143fa83843f2e539e46bdb3745f86f7124dfcaa5f774bc9992662,full,326f76e99f5143fa83843f2e539e46bdb3745f86f7124dfcaa5f774bc9992662,nsga2,b9f2d7dbdda60827,6.247220754374321,2931.955255342588,-0.4712041884816754,6.247220754374321,2931.955255342588,-0.4712041884816754,0.0,0.0,0.0,0.6157198381894539,0.4712041884816754,0.0,216.9057634614466,False,True,True,
S025,corridor,inactive,102,1070001,1,PR1_HT1_EC1,Full,S025@corridor@inactive:i102:nsga2:s1070001:r1:PR1_HT1_EC1:92d9f9fb0c34,2e814cd9fcac3903c94a188170ea145cdf0012758210e24bec0ee8270490ed48,p0017,v2,326f76e99f5143fa83843f2e539e46bdb3745f86f7124dfcaa5f774bc9992662,full,326f76e99f5143fa83843f2e539e46bdb3745f86f7124dfcaa5f774bc9992662,nsga2,3e9a264020cd83b1,6.216235048083722,2944.652329376695,-0.4712041884816754,6.216235048083722,2944.652329376695,-0.4712041884816754,0.0,0.0,0.0,0.6221209895106964,0.4712041884816754,0.0,212.02168500333863,False,True,True,
S025,corridor,inactive,102,1070001,1,PR1_HT1_EC1,Full,S025@corridor@inactive:i102:nsga2:s1070001:r1:PR1_HT1_EC1:92d9f9fb0c34,2e814cd9fcac3903c94a188170ea145cdf0012758210e24bec0ee8270490ed48,p0018,v2,326f76e99f5143fa83843f2e539e46bdb3745f86f7124dfcaa5f774bc9992662,full,326f76e99f5143fa83843f2e539e46bdb3745f86f7124dfcaa5f774bc9992662,nsga2,bdfc20842f4f102a,6.15490016541864,2897.3547614739614,-0.4435483870967742,6.15490016541864,2897.3547614739614,-0.4435483870967742,0.0,0.0,0.0,0.643417967991273,0.4435483870967742,0.0,195.7720904226587,False,True,True,
S025,corridor,inactive,102,1070001,1,PR1_HT1_EC1,Full,S025@corridor@inactive:i102:nsga2:s1070001:r1:PR1_HT1_EC1:92d9f9fb0c34,2e814cd9fcac3903c94a188170ea145cdf0012758210e24bec0ee8270490ed48,p0019,v2,326f76e99f5143fa83843f2e539e46bdb3745f86f7124dfcaa5f774bc9992662,full,326f76e99f5143fa83843f2e539e46bdb3745f86f7124dfcaa5f774bc9992662,nsga2,f99d07a57bdb0540,6.136650285928104,2926.576544613943,-0.42735042735042733,6.136650285928104,2926.576544613943,-0.42735042735042733,0.0,0.0,0.0,0.6482631898556552,0.42735042735042733,0.0,192.0751861401351,False,True,True,
S025,corridor,inactive,102,1070001,1,PR1_HT1_EC1,Full,S025@corridor@inactive:i102:nsga2:s1070001:r1:PR1_HT1_EC1:92d9f9fb0c34,2e814cd9fcac3903c94a188170ea145cdf0012758210e24bec0ee8270490ed48,p0020,v2,326f76e99f5143fa83843f2e539e46bdb3745f86f7124dfcaa5f774bc9992662,full,326f76e99f5143fa83843f2e539e46bdb3745f86f7124dfcaa5f774bc9992662,nsga2,67c129f44e9dac6c,6.546729394708111,2447.0287695366123,-0.4143646408839779,6.546729394708111,2447.0287695366123,-0.4143646408839779,0.0,0.0,0.0,0.5582970373506239,0.4143646408839779,0.0,260.719360501474,False,True,True,
S025,corridor,inactive,102,1070001,1,PR1_HT1_EC1,Full,S025@corridor@inactive:i102:nsga2:s1070001:r1:PR1_HT1_EC1:92d9f9fb0c34,2e814cd9fcac3903c94a188170ea145cdf0012758210e24bec0ee8270490ed48,p0021,v2,326f76e99f5143fa83843f2e539e46bdb3745f86f7124dfcaa5f774bc9992662,full,326f76e99f5143fa83843f2e539e46bdb3745f86f7124dfcaa5f774bc9992662,nsga2,0a2d7a21f5486e3a,6.183605873666641,2867.7653213926164,-0.4032258064516129,6.183605873666641,2867.7653213926164,-0.4032258064516129,0.0,0.0,0.0,0.6302070243989251,0.4032258064516129,0.0,205.85204038362014,False,True,True,
S025,corridor,inactive,102,1070001,1,PR1_HT1_EC1,Full,S025@corridor@inactive:i102:nsga2:s1070001:r1:PR1_HT1_EC1:92d9f9fb0c34,2e814cd9fcac3903c94a188170ea145cdf0012758210e24bec0ee8270490ed48,p0022,v2,326f76e99f5143fa83843f2e539e46bdb3745f86f7124dfcaa5f774bc9992662,full,326f76e99f5143fa83843f2e539e46bdb3745f86f7124dfcaa5f774bc9992662,nsga2,f009f7463f4e5a23,6.495353181775114,2274.6466123349187,-0.38461538461538464,6.495353181775114,2274.6466123349187,-0.38461538461538464,0.0,0.0,0.0,0.5701197361063204,0.38461538461538464,0.0,251.6986413508776,False,True,True,
S025,corridor,inactive,102,1070001,1,PR1_HT1_EC1,Full,S025@corridor@inactive:i102:nsga2:s1070001:r1:PR1_HT1_EC1:92d9f9fb0c34,2e814cd9fcac3903c94a188170ea145cdf0012758210e24bec0ee8270490ed48,p0023,v2,326f76e99f5143fa83843f2e539e46bdb3745f86f7124dfcaa5f774bc9992662,full,326f76e99f5143fa83843f2e539e46bdb3745f86f7124dfcaa5f774bc9992662,nsga2,0232da29c8e9d835,6.509870318094218,2273.5170909695184,-0.3629032258064516,6.509870318094218,2273.5170909695184,-0.3629032258064516,0.0,0.0,0.0,0.5620054940501473,0.3629032258064516,0.0,257.88980803973755,False,True,True,
S025,corridor,inactive,102,1070001,1,PR1_HT1_EC1,Full,S025@corridor@inactive:i102:nsga2:s1070001:r1:PR1_HT1_EC1:92d9f9fb0c34,2e814cd9fcac3903c94a188170ea145cdf0012758210e24bec0ee8270490ed48,p0024,v2,326f76e99f5143fa83843f2e539e46bdb3745f86f7124dfcaa5f774bc9992662,full,326f76e99f5143fa83843f2e539e46bdb3745f86f7124dfcaa5f774bc9992662,nsga2,02d43bf1955eec34,6.774338475453999,1925.1205225275542,-0.31413612565445026,6.774338475453999,1925.1205225275542,-0.31413612565445026,0.0,0.0,0.0,0.4848295755395665,0.31413612565445026,0.0,316.77503386331074,False,True,True,
S025,corridor,inactive,102,1070001,1,PR1_HT1_EC1,Full,S025@corridor@inactive:i102:nsga2:s1070001:r1:PR1_HT1_EC1:92d9f9fb0c34,2e814cd9fcac3903c94a188170ea145cdf0012758210e24bec0ee8270490ed48,p0025,v2,326f76e99f5143fa83843f2e539e46bdb3745f86f7124dfcaa5f774bc9992662,full,326f76e99f5143fa83843f2e539e46bdb3745f86f7124dfcaa5f774bc9992662,nsga2,a31fca247f634a58,6.770896936374542,1905.7958260844514,-0.28225806451612906,6.770896936374542,1905.7958260844514,-0.28225806451612906,0.0,0.0,0.0,0.4866417255030375,0.28225806451612906,0.0,315.3923634411824,False,True,True,
S025,corridor,inactive,102,1070001,1,PR1_HT1_EC1,Full,S025@corridor@inactive:i102:nsga2:s1070001:r1:PR1_HT1_EC1:92d9f9fb0c34,2e814cd9fcac3903c94a188170ea145cdf0012758210e24bec0ee8270490ed48,p0026,v2,326f76e99f5143fa83843f2e539e46bdb3745f86f7124dfcaa5f774bc9992662,full,326f76e99f5143fa83843f2e539e46bdb3745f86f7124dfcaa5f774bc9992662,nsga2,fa50b1a3cd5344de,6.933130450588063,1888.7934179680049,-0.27624309392265195,6.933130450588063,1888.7934179680049,-0.27624309392265195,0.0,0.0,0.0,0.4299137419014104,0.27624309392265195,0.0,358.67581492922386,False,True,True,
S025,corridor,inactive,102,1070001,1,PR1_HT1_EC1,Full,S025@corridor@inactive:i102:nsga2:s1070001:r1:PR1_HT1_EC1:92d9f9fb0c34,2e814cd9fcac3903c94a188170ea145cdf0012758210e24bec0ee8270490ed48,p0027,v2,326f76e99f5143fa83843f2e539e46bdb3745f86f7124dfcaa5f774bc9992662,full,326f76e99f5143fa83843f2e539e46bdb3745f86f7124dfcaa5f774bc9992662,nsga2,d95edc2d49aa2bad,6.784855669744627,1876.6271992802517,-0.2617801047120419,6.784855669744627,1876.6271992802517,-0.2617801047120419,0.0,0.0,0.0,0.47229083868568394,0.2617801047120419,0.0,326.3420900828231,False,True,True,
S025,corridor,inactive,102,1070001,1,PR1_HT1_EC1,Full,S025@corridor@inactive:i102:nsga2:s1070001:r1:PR1_HT1_EC1:92d9f9fb0c34,2e814cd9fcac3903c94a188170ea145cdf0012758210e24bec0ee8270490ed48,p0028,v2,326f76e99f5143fa83843f2e539e46bdb3745f86f7124dfcaa5f774bc9992662,full,326f76e99f5143fa83843f2e539e46bdb3745f86f7124dfcaa5f774bc9992662,nsga2,a87232fb5a08a4a0,6.766003359969503,1898.3925205937005,-0.2564102564102564,6.766003359969503,1898.3925205937005,-0.2564102564102564,0.0,0.0,0.0,0.48857937139977864,0.2564102564102564,0.0,313.9139396219689,False,True,True,
S025,corridor,inactive,102,1070001,1,PR1_HT1_EC1,Full,S025@corridor@inactive:i102:nsga2:s1070001:r1:PR1_HT1_EC1:92d9f9fb0c34,2e814cd9fcac3903c94a188170ea145cdf0012758210e24bec0ee8270490ed48,p0029,v2,326f76e99f5143fa83843f2e539e46bdb3745f86f7124dfcaa5f774bc9992662,full,326f76e99f5143fa83843f2e539e46bdb3745f86f7124dfcaa5f774bc9992662,nsga2,0acd55e6b6ac3ed4,6.762755129787318,1877.756720645652,-0.24193548387096775,6.762755129787318,1877.756720645652,-0.24193548387096775,0.0,0.0,0.0,0.486078046437685,0.24193548387096775,0.0,315.82245056804635,False,True,True,
S025,corridor,inactive,102,1070001,1,PR1_HT1_EC1,Full,S025@corridor@inactive:i102:nsga2:s1070001:r1:PR1_HT1_EC1:92d9f9fb0c34,2e814cd9fcac3903c94a188170ea145cdf0012758210e24bec0ee8270490ed48,p0030,v2,326f76e99f5143fa83843f2e539e46bdb3745f86f7124dfcaa5f774bc9992662,full,326f76e99f5143fa83843f2e539e46bdb3745f86f7124dfcaa5f774bc9992662,nsga2,db571e707b2bec5c,6.9397489097892135,1862.7277069597153,-0.22099447513812154,6.9397489097892135,1862.7277069597153,-0.22099447513812154,0.0,0.0,0.0,0.4194895788482205,0.22099447513812154,0.0,366.6294513388077,False,True,True,
S025,corridor,inactive,102,1070001,1,PR1_HT1_EC1,Full,S025@corridor@inactive:i102:nsga2:s1070001:r1:PR1_HT1_EC1:92d9f9fb0c34,2e814cd9fcac3903c94a188170ea145cdf0012758210e24bec0ee8270490ed48,p0031,v2,326f76e99f5143fa83843f2e539e46bdb3745f86f7124dfcaa5f774bc9992662,full,326f76e99f5143fa83843f2e539e46bdb3745f86f7124dfcaa5f774bc9992662,nsga2,7de2253c853c8d9b,6.773533906523888,1876.6271992802517,-0.21367521367521367,6.773533906523888,1876.6271992802517,-0.21367521367521367,0.0,0.0,0.0,0.47961449226506037,0.21367521367521367,0.0,320.75414240175894,False,True,True,
S025,corridor,inactive,102,1070001,1,PR1_HT1_EC1,Full,S025@corridor@inactive:i102:nsga2:s1070001:r1:PR1_HT1_EC1:92d9f9fb0c34,2e814cd9fcac3903c94a188170ea145cdf0012758210e24bec0ee8270490ed48,p0032,v2,326f76e99f5143fa83843f2e539e46bdb3745f86f7124dfcaa5f774bc9992662,full,326f76e99f5143fa83843f2e539e46bdb3745f86f7124dfcaa5f774bc9992662,nsga2,cec1c6b40ffc1b5b,7.0641065408932615,1658.6280963464533,-0.17094017094017094,7.0641065408932615,1658.6280963464533,-0.17094017094017094,0.0,0.0,0.0,0.37780053009097175,0.17094017094017094,0.0,398.4381955405886,False,True,True,
S025,corridor,inactive,102,1070001,1,PR1_HT1_EC1,Full,S025@corridor@inactive:i102:nsga2:s1070001:r1:PR1_HT1_EC1:92d9f9fb0c34,2e814cd9fcac3903c94a188170ea145cdf0012758210e24bec0ee8270490ed48,p0033,v2,326f76e99f5143fa83843f2e539e46bdb3745f86f7124dfcaa5f774bc9992662,full,326f76e99f5143fa83843f2e539e46bdb3745f86f7124dfcaa5f774bc9992662,nsga2,42a31adb5690637c,6.959342770378365,1839.8017670963472,-0.16574585635359115,6.959342770378365,1839.8017670963472,-0.16574585635359115,0.0,0.0,0.0,0.40370142211110893,0.16574585635359115,0.0,378.67581492922386,False,True,True,
S025,corridor,inactive,102,1070001,1,PR1_HT1_EC1,Full,S025@corridor@inactive:i102:nsga2:s1070001:r1:PR1_HT1_EC1:92d9f9fb0c34,2e814cd9fcac3903c94a188170ea145cdf0012758210e24bec0ee8270490ed48,p0034,v2,326f76e99f5143fa83843f2e539e46bdb3745f86f7124dfcaa5f774bc9992662,full,326f76e99f5143fa83843f2e539e46bdb3745f86f7124dfcaa5f774bc9992662,nsga2,8978aa70b18b31e4,7.060177773835461,1564.5634409487348,-0.16129032258064516,7.060177773835461,1564.5634409487348,-0.16129032258064516,0.0,0.0,0.0,0.3756130891976084,0.16129032258064516,0.0,400.1072129422248,False,True,True,
S025,corridor,inactive,102,1070001,1,PR1_HT1_EC1,Full,S025@corridor@inactive:i102:nsga2:s1070001:r1:PR1_HT1_EC1:92d9f9fb0c34,2e814cd9fcac3903c94a188170ea145cdf0012758210e24bec0ee8270490ed48,p0035,v2,326f76e99f5143fa83843f2e539e46bdb3745f86f7124dfcaa5f774bc9992662,full,326f76e99f5143fa83843f2e539e46bdb3745f86f7124dfcaa5f774bc9992662,nsga2,c3c5676ac1515c73,7.085193892201905,1562.9045471238046,-0.10471204188481675,7.085193892201905,1562.9045471238046,-0.10471204188481675,0.0,0.0,0.0,0.3530129513665182,0.10471204188481675,0.0,417.35111810734657,False,True,True,
S025,corridor,inactive,102,1070001,1,PR1_HT1_EC1,Full,S025@corridor@inactive:i102:nsga2:s1070001:r1:PR1_HT1_EC1:92d9f9fb0c34,2e814cd9fcac3903c94a188170ea145cdf0012758210e24bec0ee8270490ed48,p0036,v2,326f76e99f5143fa83843f2e539e46bdb3745f86f7124dfcaa5f774bc9992662,full,326f76e99f5143fa83843f2e539e46bdb3745f86f7124dfcaa5f774bc9992662,nsga2,fdb278878143a63e,6.965338827456287,1829.933383125022,-0.08547008547008547,6.965338827456287,1829.933383125022,-0.08547008547008547,0.0,0.0,0.0,0.4002710080795404,0.08547008547008547,0.0,381.29322083531065,False,True,True,
S025,corridor,inactive,102,1070001,1,PR1_HT1_EC1,Full,S025@corridor@inactive:i102:nsga2:s1070001:r1:PR1_HT1_EC1:92d9f9fb0c34,2e814cd9fcac3903c94a188170ea145cdf0012758210e24bec0ee8270490ed48,p0037,v2,326f76e99f5143fa83843f2e539e46bdb3745f86f7124dfcaa5f774bc9992662,full,326f76e99f5143fa83843f2e539e46bdb3745f86f7124dfcaa5f774bc9992662,nsga2,6fbbec013d74fc9a,7.299694189603029,497.23063206382767,-0.0,7.299694189603029,497.23063206382767,-0.0,0.0,0.0,0.0,0.19659239842719517,0.0,0.6666666666666666,536.7000000000501,False,True,True,
S025,corridor,inactive,102,1070001,1,PR1_HT1_EC1,Full,S025@corridor@inactive:i102:nsga2:s1070001:r1:PR1_HT1_EC1:92d9f9fb0c34,2e814cd9fcac3903c94a188170ea145cdf0012758210e24bec0ee8270490ed48,p0038,v2,326f76e99f5143fa83843f2e539e46bdb3745f86f7124dfcaa5f774bc9992662,full,326f76e99f5143fa83843f2e539e46bdb3745f86f7124dfcaa5f774bc9992662,nsga2,65f0b1fc6acbe4d2,7.273481869812727,744.1091496740238,-0.0,7.273481869812727,744.1091496740238,-0.0,0.0,0.0,0.0,0.22280471821749662,0.0,0.5,516.7000000000501,False,True,True,
S025,corridor,inactive,102,1070001,1,PR1_HT1_EC1,Full,S025@corridor@inactive:i102:nsga2:s1070001:r1:PR1_HT1_EC1:92d9f9fb0c34,2e814cd9fcac3903c94a188170ea145cdf0012758210e24bec0ee8270490ed48,p0039,v2,326f76e99f5143fa83843f2e539e46bdb3745f86f7124dfcaa5f774bc9992662,full,326f76e99f5143fa83843f2e539e46bdb3745f86f7124dfcaa5f774bc9992662,nsga2,795bd1418d862de7,7.239198464605875,871.4012635347137,-0.0,7.239198464605875,871.4012635347137,-0.0,0.0,0.0,0.0,0.2570881234243492,0.0,0.3333333333333333,490.54176182722153,False,True,True,
S025,corridor,inactive,102,1070001,1,PR1_HT1_EC1,Full,S025@corridor@inactive:i102:nsga2:s1070001:r1:PR1_HT1_EC1:92d9f9fb0c34,2e814cd9fcac3903c94a188170ea145cdf0012758210e24bec0ee8270490ed48,p0040,v2,326f76e99f5143fa83843f2e539e46bdb3745f86f7124dfcaa5f774bc9992662,full,326f76e99f5143fa83843f2e539e46bdb3745f86f7124dfcaa5f774bc9992662,nsga2,22e56564b13fe6c0,7.234783420530259,927.9534440252401,-0.0,7.234783420530259,927.9534440252401,-0.0,0.0,0.0,0.0,0.261503167499965,0.0,0.3333333333333333,487.1730831975267,False,True,True,
S025,corridor,inactive,102,1070001,1,PR1_HT1_EC1,Full,S025@corridor@inactive:i102:nsga2:s1070001:r1:PR1_HT1_EC1:92d9f9fb0c34,2e814cd9fcac3903c94a188170ea145cdf0012758210e24bec0ee8270490ed48,p0041,v2,326f76e99f5143fa83843f2e539e46bdb3745f86f7124dfcaa5f774bc9992662,full,326f76e99f5143fa83843f2e539e46bdb3745f86f7124dfcaa5f774bc9992662,nsga2,951aeff294510a56,7.246970225000428,868.0126994385129,-0.0,7.246970225000428,868.0126994385129,-0.0,0.0,0.0,0.0,0.2493163630297954,0.0,0.3333333333333333,496.4716150082661,False,True,True,
S025,corridor,inactive,102,1070001,1,PR1_HT1_EC1,Full,S025@corridor@inactive:i102:nsga2:s1070001:r1:PR1_HT1_EC1:92d9f9fb0c34,2e814cd9fcac3903c94a188170ea145cdf0012758210e24bec0ee8270490ed48,p0042,v2,326f76e99f5143fa83843f2e539e46bdb3745f86f7124dfcaa5f774bc9992662,full,326f76e99f5143fa83843f2e539e46bdb3745f86f7124dfcaa5f774bc9992662,nsga2,eda5f50914e3d853,7.235980720618634,893.8221366006355,-0.0,7.235980720618634,893.8221366006355,-0.0,0.0,0.0,0.0,0.2603058674115906,0.0,0.3333333333333333,488.08662316495634,False,True,True,
S025,corridor,transition,101,1060000,0,PR0_HT1_EC1,No-PR,S025@corridor@transition:i101:nsga2:s1060000:r0:PR0_HT1_EC1:e4e07a86b37e,79c24d8b68c20dd6cc4f88b5fd4815d867fd618cb4ef402aacd5d34ea36f9c84,p0001,v2,1d86d838a4a4d612e17106477758108c7d9999e1199e17d8d4894ad3f513cdc9,full,db64bc16252937a91353058714bce25ca4f9464710583bced919b7ed97fb3be2,nsga2,3c42cb3606067948,7.0243339322283385,877.8385349337477,-0.0,6.986240743701329,1037.5542290711905,-0.0,-0.03809318852700905,159.71569413744282,0.0,0.26397849664763245,0.0,0.5,418.5021492058579,False,False,True,
S025,corridor,transition,101,1060000,0,PR0_HT1_EC1,No-PR,S025@corridor@transition:i101:nsga2:s1060000:r0:PR0_HT1_EC1:e4e07a86b37e,79c24d8b68c20dd6cc4f88b5fd4815d867fd618cb4ef402aacd5d34ea36f9c84,p0002,v2,1d86d838a4a4d612e17106477758108c7d9999e1199e17d8d4894ad3f513cdc9,full,db64bc16252937a91353058714bce25ca4f9464710583bced919b7ed97fb3be2,nsga2,aa7a2a73687e3deb,7.0342123516812,876.1084009630852,-0.0,6.996119163154217,1035.8240951005282,-0.0,-0.03809318852698329,159.71569413744305,0.0,0.26397849664763245,0.0,0.5,418.5021492058579,False,False,True,
S025,corridor,transition,101,1060000,0,PR0_HT1_EC1,No-PR,S025@corridor@transition:i101:nsga2:s1060000:r0:PR0_HT1_EC1:e4e07a86b37e,79c24d8b68c20dd6cc4f88b5fd4815d867fd618cb4ef402aacd5d34ea36f9c84,p0003,v2,1d86d838a4a4d612e17106477758108c7d9999e1199e17d8d4894ad3f513cdc9,full,db64bc16252937a91353058714bce25ca4f9464710583bced919b7ed97fb3be2,nsga2,12107015ae80e154,6.947164703648064,1131.8348304109577,-0.0,6.819450198209346,1242.6058387527426,-0.0,-0.12771450543871854,110.77100834178486,0.0,0.332881678690351,0.0,0.5,373.1638554217491,True,False,True,
S025,corridor,transition,101,1060000,0,PR0_HT1_EC1,No-PR,S025@corridor@transition:i101:nsga2:s1060000:r0:PR0_HT1_EC1:e4e07a86b37e,79c24d8b68c20dd6cc4f88b5fd4815d867fd618cb4ef402aacd5d34ea36f9c84,p0004,v2,1d86d838a4a4d612e17106477758108c7d9999e1199e17d8d4894ad3f513cdc9,full,db64bc16252937a91353058714bce25ca4f9464710583bced919b7ed97fb3be2,nsga2,babd5b55c9963b3c,6.960369498511463,1068.165433263875,-0.0,6.8374734024631865,1206.9257661145189,-0.0,-0.12289609604827678,138.76033285064386,0.0,0.32556085844074956,0.0,0.3333333333333333,377.98095514598685,False,False,True,
S025,corridor,transition,101,1060000,0,PR0_HT1_EC1,No-PR,S025@corridor@transition:i101:nsga2:s1060000:r0:PR0_HT1_EC1:e4e07a86b37e,79c24d8b68c20dd6cc4f88b5fd4815d867fd618cb4ef402aacd5d34ea36f9c84,p0005,v2,1d86d838a4a4d612e17106477758108c7d9999e1199e17d8d4894ad3f513cdc9,full,db64bc16252937a91353058714bce25ca4f9464710583bced919b7ed97fb3be2,nsga2,3498640c4b18126e,6.9504910790586045,1069.8955672345373,-0.0,6.827594983010299,1208.6559000851812,-0.0,-0.1228960960483052,138.76033285064386,0.0,0.32556085844074956,0.0,0.3333333333333333,377.98095514598685,False,False,True,
S025,corridor,transition,101,1060000,0,PR0_HT1_EC1,No-PR,S025@corridor@transition:i101:nsga2:s1060000:r0:PR0_HT1_EC1:e4e07a86b37e,79c24d8b68c20dd6cc4f88b5fd4815d867fd618cb4ef402aacd5d34ea36f9c84,p0006,v2,1d86d838a4a4d612e17106477758108c7d9999e1199e17d8d4894ad3f513cdc9,full,db64bc16252937a91353058714bce25ca4f9464710583bced919b7ed97fb3be2,nsga2,782fe9af69485404,6.999172309271133,995.5246040700313,-0.0,6.926394350395106,1076.6309956221558,-0.0,-0.0727779588760269,81.10639155212448,0.0,0.2891416330587555,0.0,0.3333333333333333,401.9448054473389,False,False,True,
S025,corridor,transition,101,1060000,0,PR0_HT1_EC1,No-PR,S025@corridor@transition:i101:nsga2:s1060000:r0:PR0_HT1_EC1:e4e07a86b37e,79c24d8b68c20dd6cc4f88b5fd4815d867fd618cb4ef402aacd5d34ea36f9c84,p0007,v2,1d86d838a4a4d612e17106477758108c7d9999e1199e17d8d4894ad3f513cdc9,full,db64bc16252937a91353058714bce25ca4f9464710583bced919b7ed97fb3be2,nsga2,355649f358d494b5,6.989293889818273,997.2547380406938,-0.0,6.916515930942219,1078.3611295928185,-0.0,-0.07277795887605443,81.1063915521247,0.0,0.2891416330587555,0.0,0.3333333333333333,401.9448054473389,False,False,True,
S025,corridor,transition,101,1060000,0,PR0_HT1_EC1,No-PR,S025@corridor@transition:i101:nsga2:s1060000:r0:PR0_HT1_EC1:e4e07a86b37e,79c24d8b68c20dd6cc4f88b5fd4815d867fd618cb4ef402aacd5d34ea36f9c84,p0008,v2,1d86d838a4a4d612e17106477758108c7d9999e1199e17d8d4894ad3f513cdc9,full,db64bc16252937a91353058714bce25ca4f9464710583bced919b7ed97fb3be2,nsga2,a30f8023357396e6,7.061146466565996,707.7954129083466,-0.0,7.014656996766921,811.7187111835295,-0.0,-0.04648946979907542,103.9232982751829,0.0,0.27106558581323154,0.0,0.5,413.8388445348937,False,False,True,
S025,corridor,transition,101,1060000,0,PR0_HT1_EC1,No-PR,S025@corridor@transition:i101:nsga2:s1060000:r0:PR0_HT1_EC1:e4e07a86b37e,79c24d8b68c20dd6cc4f88b5fd4815d867fd618cb4ef402aacd5d34ea36f9c84,p0009,v2,1d86d838a4a4d612e17106477758108c7d9999e1199e17d8d4894ad3f513cdc9,full,db64bc16252937a91353058714bce25ca4f9464710583bced919b7ed97fb3be2,nsga2,31c02b898fc5d362,7.071024886018857,706.0652789376841,-0.0,7.024535416219781,809.9885772128671,-0.0,-0.04648946979907631,103.92329827518301,0.0,0.27106558581323464,0.0,0.5,413.8388445348917,False,False,True,
S025,corridor,transition,101,1060000,0,PR0_HT1_EC1,No-PR,S025@corridor@transition:i101:nsga2:s1060000:r0:PR0_HT1_EC1:e4e07a86b37e,79c24d8b68c20dd6cc4f88b5fd4815d867fd618cb4ef402aacd5d34ea36f9c84,p0010,v2,1d86d838a4a4d612e17106477758108c7d9999e1199e17d8d4894ad3f513cdc9,full,db64bc16252937a91353058714bce25ca4f9464710583bced919b7ed97fb3be2,nsga2,bbb4a869f3242460,7.083942819149582,664.6181487923411,-0.0,7.083942819149582,664.6181487923411,-0.0,0.0,0.0,0.0,0.24316109422482904,0.0,0.6666666666666666,432.2000000000626,False,False,True,
S025,corridor,transition,101,1060000,0,PR0_HT1_EC1,No-PR,S025@corridor@transition:i101:nsga2:s1060000:r0:PR0_HT1_EC1:e4e07a86b37e,79c24d8b68c20dd6cc4f88b5fd4815d867fd618cb4ef402aacd5d34ea36f9c84,p0011,v2,1d86d838a4a4d612e17106477758108c7d9999e1199e17d8d4894ad3f513cdc9,full,db64bc16252937a91353058714bce25ca4f9464710583bced919b7ed97fb3be2,nsga2,98faec5ea93d0909,7.093821238602444,662.8880148216786,-0.0,7.093821238602444,662.8880148216786,-0.0,0.0,0.0,0.0,0.24316109422483215,0.0,0.6666666666666666,432.2000000000605,False,False,True,
S025,corridor,transition,101,1060000,0,PR1_HT0_EC1,No-HT,S025@corridor@transition:i101:nsga2:s1060000:r0:PR1_HT0_EC1:0d714d56d220,79c24d8b68c20dd6cc4f88b5fd4815d867fd618cb4ef402aacd5d34ea36f9c84,p0001,v2,3e96896500ff8bf21a97283749bbb3686b4c052fd47abb495440ba7da705207a,full,db64bc16252937a91353058714bce25ca4f9464710583bced919b7ed97fb3be2,nsga2,7b71b8538835f00e,6.845294962258545,1129.0010761857302,-0.0,6.827594983010299,1184.3027349587906,-0.0,-0.017699979248245512,55.30165877306035,0.0,0.32556085844074956,0.0,0.3333333333333333,377.98095514598685,False,False,True,
S025,corridor,transition,101,1060000,0,PR1_HT0_EC1,No-HT,S025@corridor@transition:i101:nsga2:s1060000:r0:PR1_HT0_EC1:0d714d56d220,79c24d8b68c20dd6cc4f88b5fd4815d867fd618cb4ef402aacd5d34ea36f9c84,p0002,v2,3e96896500ff8bf21a97283749bbb3686b4c052fd47abb495440ba7da705207a,full,db64bc16252937a91353058714bce25ca4f9464710583bced919b7ed97fb3be2,nsga2,01d81c1a556ecd20,6.819450198209346,1162.9510148532918,-0.0,6.819450198209346,1242.6058387527426,-0.0,0.0,79.65482389945078,0.0,0.332881678690351,0.0,0.5,373.1638554217491,False,False,True,
S025,corridor,transition,101,1060000,0,PR1_HT0_EC1,No-HT,S025@corridor@transition:i101:nsga2:s1060000:r0:PR1_HT0_EC1:0d714d56d220,79c24d8b68c20dd6cc4f88b5fd4815d867fd618cb4ef402aacd5d34ea36f9c84,p0003,v2,3e96896500ff8bf21a97283749bbb3686b4c052fd47abb495440ba7da705207a,full,db64bc16252937a91353058714bce25ca4f9464710583bced919b7ed97fb3be2,nsga2,6c4f15967df554b7,6.829328617662233,1161.2208808826294,-0.0,6.829328617662233,1240.8757047820802,-0.0,0.0,79.65482389945078,0.0,0.332881678690351,0.0,0.5,373.1638554217491,False,False,True,
S025,corridor,transition,101,1060000,0,PR1_HT0_EC1,No-HT,S025@corridor@transition:i101:nsga2:s1060000:r0:PR1_HT0_EC1:0d714d56d220,79c24d8b68c20dd6cc4f88b5fd4815d867fd618cb4ef402aacd5d34ea36f9c84,p0004,v2,3e96896500ff8bf21a97283749bbb3686b4c052fd47abb495440ba7da705207a,full,db64bc16252937a91353058714bce25ca4f9464710583bced919b7ed97fb3be2,nsga2,311e54f0c837f8ba,6.855173381711432,1127.2709422150679,-0.0,6.8374734024631865,1206.9257661145189,-0.0,-0.017699979248245512,79.654823899451,0.0,0.32556085844074956,0.0,0.3333333333333333,377.98095514598685,False,False,True,
S025,corridor,transition,101,1060000,0,PR1_HT0_EC1,No-HT,S025@corridor@transition:i101:nsga2:s1060000:r0:PR1_HT0_EC1:0d714d56d220,79c24d8b68c20dd6cc4f88b5fd4815d867fd618cb4ef402aacd5d34ea36f9c84,p0005,v2,3e96896500ff8bf21a97283749bbb3686b4c052fd47abb495440ba7da705207a,full,db64bc16252937a91353058714bce25ca4f9464710583bced919b7ed97fb3be2,nsga2,6e16ec8be2dedf7c,6.9329036703496705,996.0859538971196,-0.0,6.916515930942219,1078.3611295928185,-0.0,-0.01638773940745164,82.27517569569898,0.0,0.2891416330587555,0.0,0.3333333333333333,401.9448054473389,False,False,True,
S025,corridor,transition,101,1060000,0,PR1_HT0_EC1,No-HT,S025@corridor@transition:i101:nsga2:s1060000:r0:PR1_HT0_EC1:0d714d56d220,79c24d8b68c20dd6cc4f88b5fd4815d867fd618cb4ef402aacd5d34ea36f9c84,p0006,v2,3e96896500ff8bf21a97283749bbb3686b4c052fd47abb495440ba7da705207a,full,db64bc16252937a91353058714bce25ca4f9464710583bced919b7ed97fb3be2,nsga2,b3a9e7a7ecd8442b,6.811851414014816,1356.8876780105995,-0.0,6.819450198209346,1370.0391294884269,-0.0,0.007598784194529529,13.151451477827322,0.0,0.332881678690351,0.0,0.5,373.1638554217491,True,False,True,
S025,corridor,transition,101,1060000,0,PR1_HT0_EC1,No-HT,S025@corridor@transition:i101:nsga2:s1060000:r0:PR1_HT0_EC1:0d714d56d220,79c24d8b68c20dd6cc4f88b5fd4815d867fd618cb4ef402aacd5d34ea36f9c84,p0007,v2,3e96896500ff8bf21a97283749bbb3686b4c052fd47abb495440ba7da705207a,full,db64bc16252937a91353058714bce25ca4f9464710583bced919b7ed97fb3be2,nsga2,708a0da55b6f9a49,6.96996105623165,882.2236576375433,-0.0,6.96996105623165,882.2236576375433,-0.0,0.0,0.0,0.0,0.30395136778106,0.0,0.5,392.2000000000626,False,False,True,
S025,corridor,transition,101,1060000,0,PR1_HT0_EC1,No-HT,S025@corridor@transition:i101:nsga2:s1060000:r0:PR1_HT0_EC1:0d714d56d220,79c24d8b68c20dd6cc4f88b5fd4815d867fd618cb4ef402aacd5d34ea36f9c84,p0008,v2,3e96896500ff8bf21a97283749bbb3686b4c052fd47abb495440ba7da705207a,full,db64bc16252937a91353058714bce25ca4f9464710583bced919b7ed97fb3be2,nsga2,0d61c1914c82e202,6.979839475684511,880.4935236668807,-0.0,6.979839475684511,880.4935236668807,-0.0,0.0,0.0,0.0,0.30395136778106313,0.0,0.5,392.2000000000605,False,False,True,
S025,corridor,transition,101,1060000,0,PR1_HT0_EC1,No-HT,S025@corridor@transition:i101:nsga2:s1060000:r0:PR1_HT0_EC1:0d714d56d220,79c24d8b68c20dd6cc4f88b5fd4815d867fd618cb4ef402aacd5d34ea36f9c84,p0009,v2,3e96896500ff8bf21a97283749bbb3686b4c052fd47abb495440ba7da705207a,full,db64bc16252937a91353058714bce25ca4f9464710583bced919b7ed97fb3be2,nsga2,9e3765b3afae802c,7.014656996766921,811.7187111835295,-0.0,7.014656996766921,811.7187111835295,-0.0,0.0,0.0,0.0,0.27106558581323154,0.0,0.5,413.8388445348937,False,False,True,
S025,corridor,transition,101,1060000,0,PR1_HT0_EC1,No-HT,S025@corridor@transition:i101:nsga2:s1060000:r0:PR1_HT0_EC1:0d714d56d220,79c24d8b68c20dd6cc4f88b5fd4815d867fd618cb4ef402aacd5d34ea36f9c84,p0010,v2,3e96896500ff8bf21a97283749bbb3686b4c052fd47abb495440ba7da705207a,full,db64bc16252937a91353058714bce25ca4f9464710583bced919b7ed97fb3be2,nsga2,17dcc72544c6b81e,7.024535416219781,809.9885772128671,-0.0,7.024535416219781,809.9885772128671,-0.0,0.0,0.0,0.0,0.27106558581323464,0.0,0.5,413.8388445348917,False,False,True,
S025,corridor,transition,101,1060000,0,PR1_HT0_EC1,No-HT,S025@corridor@transition:i101:nsga2:s1060000:r0:PR1_HT0_EC1:0d714d56d220,79c24d8b68c20dd6cc4f88b5fd4815d867fd618cb4ef402aacd5d34ea36f9c84,p0011,v2,3e96896500ff8bf21a97283749bbb3686b4c052fd47abb495440ba7da705207a,full,db64bc16252937a91353058714bce25ca4f9464710583bced919b7ed97fb3be2,nsga2,a8972a117dffd24d,7.083942819149582,664.6181487923411,-0.0,7.083942819149582,664.6181487923411,-0.0,0.0,0.0,0.0,0.24316109422482904,0.0,0.6666666666666666,432.2000000000626,False,False,True,
S025,corridor,transition,101,1060000,0,PR1_HT0_EC1,No-HT,S025@corridor@transition:i101:nsga2:s1060000:r0:PR1_HT0_EC1:0d714d56d220,79c24d8b68c20dd6cc4f88b5fd4815d867fd618cb4ef402aacd5d34ea36f9c84,p0012,v2,3e96896500ff8bf21a97283749bbb3686b4c052fd47abb495440ba7da705207a,full,db64bc16252937a91353058714bce25ca4f9464710583bced919b7ed97fb3be2,nsga2,8dd63fcd407edde2,7.093821238602444,662.8880148216786,-0.0,7.093821238602444,662.8880148216786,-0.0,0.0,0.0,0.0,0.24316109422483215,0.0,0.6666666666666666,432.2000000000605,False,False,True,
S025,corridor,transition,101,1060000,0,PR1_HT0_EC1,No-HT,S025@corridor@transition:i101:nsga2:s1060000:r0:PR1_HT0_EC1:0d714d56d220,79c24d8b68c20dd6cc4f88b5fd4815d867fd618cb4ef402aacd5d34ea36f9c84,p0013,v2,3e96896500ff8bf21a97283749bbb3686b4c052fd47abb495440ba7da705207a,full,db64bc16252937a91353058714bce25ca4f9464710583bced919b7ed97fb3be2,nsga2,694df61ceba2528a,7.052439907808184,774.7971176619396,-0.0,7.052439907808184,774.7971176619396,-0.0,0.0,0.0,0.0,0.2693448566300342,0.0,0.5,414.97108433743756,False,False,True,
S025,corridor,transition,101,1060000,0,PR1_HT0_EC1,No-HT,S025@corridor@transition:i101:nsga2:s1060000:r0:PR1_HT0_EC1:0d714d56d220,79c24d8b68c20dd6cc4f88b5fd4815d867fd618cb4ef402aacd5d34ea36f9c84,p0014,v2,3e96896500ff8bf21a97283749bbb3686b4c052fd47abb495440ba7da705207a,full,db64bc16252937a91353058714bce25ca4f9464710583bced919b7ed97fb3be2,nsga2,64cba29933fc6f2e,7.042561488355323,776.5272516326022,-0.0,7.042561488355323,776.5272516326022,-0.0,0.0,0.0,0.0,0.2693448566300311,0.0,0.5,414.9710843374396,False,False,True,
S025,corridor,transition,101,1060000,0,PR1_HT0_EC1,No-HT,S025@corridor@transition:i101:nsga2:s1060000:r0:PR1_HT0_EC1:0d714d56d220,79c24d8b68c20dd6cc4f88b5fd4815d867fd618cb4ef402aacd5d34ea36f9c84,p0015,v2,3e96896500ff8bf21a97283749bbb3686b4c052fd47abb495440ba7da705207a,full,db64bc16252937a91353058714bce25ca4f9464710583bced919b7ed97fb3be2,nsga2,8091dda83f2dfffc,7.068745250760525,748.4688981436017,-0.0,7.068745250760525,748.4688981436017,-0.0,0.0,0.0,0.0,0.2583586626138868,0.0,0.5,422.2000000000626,False,False,True,
S025,corridor,transition,101,1060000,0,PR1_HT0_EC1,No-HT,S025@corridor@transition:i101:nsga2:s1060000:r0:PR1_HT0_EC1:0d714d56d220,79c24d8b68c20dd6cc4f88b5fd4815d867fd618cb4ef402aacd5d34ea36f9c84,p0016,v2,3e96896500ff8bf21a97283749bbb3686b4c052fd47abb495440ba7da705207a,full,db64bc16252937a91353058714bce25ca4f9464710583bced919b7ed97fb3be2,nsga2,daa3ae1b91f250e7,7.078623670213386,718.8425662418092,-0.0,7.078623670213386,718.8425662418092,-0.0,0.0,0.0,0.0,0.2583586626138899,0.0,0.5,422.2000000000605,False,False,True,
S025,corridor,transition,101,1060000,0,PR1_HT1_EC0,No-EC,S025@corridor@transition:i101:nsga2:s1060000:r0:PR1_HT1_EC0:7d29063592f4,79c24d8b68c20dd6cc4f88b5fd4815d867fd618cb4ef402aacd5d34ea36f9c84,p0001,v2,5caedb1af661842f7a2977360003abd2af05e0f067393ddc287122bc3f583c28,full,db64bc16252937a91353058714bce25ca4f9464710583bced919b7ed97fb3be2,nsga2,17f5967e22085cf5,4.532757880055506,5027.05519257525,-0.8678714859437232,6.829874618268658,1390.9736550980047,-0.0,2.297116738213152,-3636.081537477245,0.8678714859437232,0.3331596426352784,0.0,0.3333333333333333,372.98095514598685,False,False,True,
S025,corridor,transition,101,1060000,0,PR1_HT1_EC0,No-EC,S025@corridor@transition:i101:nsga2:s1060000:r0:PR1_HT1_EC0:7d29063592f4,79c24d8b68c20dd6cc4f88b5fd4815d867fd618cb4ef402aacd5d34ea36f9c84,p0002,v2,5caedb1af661842f7a2977360003abd2af05e0f067393ddc287122bc3f583c28,full,db64bc16252937a91353058714bce25ca4f9464710583bced919b7ed97fb3be2,nsga2,f7b3d930cdf94093,4.544170196602644,5024.500643650092,-0.8678714859437232,6.821729833467703,1395.2312366399349,-0.0,2.2775596368650595,-3629.269407010157,0.8678714859437232,0.3404804628848799,0.0,0.3333333333333333,368.1638554217491,False,False,True,
S025,corridor,transition,101,1060000,0,PR1_HT1_EC0,No-EC,S025@corridor@transition:i101:nsga2:s1060000:r0:PR1_HT1_EC0:7d29063592f4,79c24d8b68c20dd6cc4f88b5fd4815d867fd618cb4ef402aacd5d34ea36f9c84,p0003,v2,5caedb1af661842f7a2977360003abd2af05e0f067393ddc287122bc3f583c28,full,db64bc16252937a91353058714bce25ca4f9464710583bced919b7ed97fb3be2,nsga2,1cf0727b6e4aef4b,4.528251717410251,5050.013104580583,-0.8678714859436998,6.829874618268658,1390.9736550980047,-0.0,2.3016229008584066,-3659.039449482578,0.8678714859436998,0.3331596426352784,0.0,0.3333333333333333,372.98095514598685,True,False,True,
S025,corridor,transition,101,1060000,0,PR1_HT1_EC0,No-EC,S025@corridor@transition:i101:nsga2:s1060000:r0:PR1_HT1_EC0:7d29063592f4,79c24d8b68c20dd6cc4f88b5fd4815d867fd618cb4ef402aacd5d34ea36f9c84,p0004,v2,5caedb1af661842f7a2977360003abd2af05e0f067393ddc287122bc3f583c28,full,db64bc16252937a91353058714bce25ca4f9464710583bced919b7ed97fb3be2,nsga2,c372f185ca3aab9f,5.81048087756818,4067.3713031685447,-0.5792682926829268,6.995037044073568,1025.2373413893456,-0.0,1.1845561665053879,-3042.133961779199,0.5792682926829268,0.29635258358653427,0.0,0.5,397.2000000000605,False,False,True,
S025,corridor,transition,101,1060000,0,PR1_HT1_EC0,No-EC,S025@corridor@transition:i101:nsga2:s1060000:r0:PR1_HT1_EC0:7d29063592f4,79c24d8b68c20dd6cc4f88b5fd4815d867fd618cb4ef402aacd5d34ea36f9c84,p0005,v2,5caedb1af661842f7a2977360003abd2af05e0f067393ddc287122bc3f583c28,full,db64bc16252937a91353058714bce25ca4f9464710583bced919b7ed97fb3be2,nsga2,52a18a0c9bf3b6c7,5.842915287098676,3870.041163068089,-0.5612244897959183,7.024535416219781,809.9885772128671,-0.0,1.1816201291211046,-3060.052585855222,0.5612244897959183,0.27106558581323464,0.0,0.5,413.8388445348917,False,False,True,
S025,corridor,transition,101,1060000,0,PR1_HT1_EC0,No-EC,S025@corridor@transition:i101:nsga2:s1060000:r0:PR1_HT1_EC0:7d29063592f4,79c24d8b68c20dd6cc4f88b5fd4815d867fd618cb4ef402aacd5d34ea36f9c84,p0006,v2,5caedb1af661842f7a2977360003abd2af05e0f067393ddc287122bc3f583c28,full,db64bc16252937a91353058714bce25ca4f9464710583bced919b7ed97fb3be2,nsga2,cefa1863f33f9578,5.8372944173995975,3949.503532906394,-0.5612244897959183,6.96996105623165,882.2236576375433,-0.0,1.1326666388320525,-3067.2798752688504,0.5612244897959183,0.30395136778106,0.0,0.5,392.2000000000626,False,False,True,
S025,corridor,transition,101,1060000,0,PR1_HT1_EC0,No-EC,S025@corridor@transition:i101:nsga2:s1060000:r0:PR1_HT1_EC0:7d29063592f4,79c24d8b68c20dd6cc4f88b5fd4815d867fd618cb4ef402aacd5d34ea36f9c84,p0007,v2,5caedb1af661842f7a2977360003abd2af05e0f067393ddc287122bc3f583c28,full,db64bc16252937a91353058714bce25ca4f9464710583bced919b7ed97fb3be2,nsga2,89c855ddcf0294ba,5.823239145072931,4066.827566355874,-0.5182926829268293,6.995037044073568,1025.2373413893456,-0.0,1.1717978990006372,-3041.5902249665282,0.5182926829268293,0.29635258358653427,0.0,0.5,397.2000000000605,False,False,True,
S025,corridor,transition,101,1060000,0,PR1_HT1_EC0,No-EC,S025@corridor@transition:i101:nsga2:s1060000:r0:PR1_HT1_EC0:7d29063592f4,79c24d8b68c20dd6cc4f88b5fd4815d867fd618cb4ef402aacd5d34ea36f9c84,p0008,v2,5caedb1af661842f7a2977360003abd2af05e0f067393ddc287122bc3f583c28,full,db64bc16252937a91353058714bce25ca4f9464710583bced919b7ed97fb3be2,nsga2,994c553c480671f9,5.785258646099938,4066.827566355874,-0.5,6.995037044073568,1025.2373413893456,-0.0,1.20977839797363,-3041.5902249665282,0.5,0.29635258358653427,0.0,0.5,397.2000000000605,False,False,True,
S025,corridor,transition,101,1060000,0,PR1_HT1_EC0,No-EC,S025@corridor@transition:i101:nsga2:s1060000:r0:PR1_HT1_EC0:7d29063592f4,79c24d8b68c20dd6cc4f88b5fd4815d867fd618cb4ef402aacd5d34ea36f9c84,p0009,v2,5caedb1af661842f7a2977360003abd2af05e0f067393ddc287122bc3f583c28,full,db64bc16252937a91353058714bce25ca4f9464710583bced919b7ed97fb3be2,nsga2,b229ab1a27545f4d,6.0236621085210755,3572.5271295732837,-0.5,6.995037044073568,1025.2373413893456,-0.0,0.9713749355524923,-2547.289788183938,0.5,0.29635258358653427,0.0,0.5,397.2000000000605,False,False,True,
S025,corridor,transition,101,1060000,0,PR1_HT1_EC0,No-EC,S025@corridor@transition:i101:nsga2:s1060000:r0:PR1_HT1_EC0:7d29063592f4,79c24d8b68c20dd6cc4f88b5fd4815d867fd618cb4ef402aacd5d34ea36f9c84,p0010,v2,5caedb1af661842f7a2977360003abd2af05e0f067393ddc287122bc3f583c28,full,db64bc16252937a91353058714bce25ca4f9464710583bced919b7ed97fb3be2,nsga2,985dccd2a5c40ea5,5.840171887981812,3871.0296469476707,-0.4878048780487805,7.024535416219781,809.9885772128671,-0.0,1.1843635282379683,-3061.0410697348034,0.4878048780487805,0.27106558581323464,0.0,0.5,413.8388445348917,False,False,True,
S025,corridor,transition,101,1060000,0,PR1_HT1_EC0,No-EC,S025@corridor@transition:i101:nsga2:s1060000:r0:PR1_HT1_EC0:7d29063592f4,79c24d8b68c20dd6cc4f88b5fd4815d867fd618cb4ef402aacd5d34ea36f9c84,p0011,v2,5caedb1af661842f7a2977360003abd2af05e0f067393ddc287122bc3f583c28,full,db64bc16252937a91353058714bce25ca4f9464710583bced919b7ed97fb3be2,nsga2,4b55a74c39476d0e,6.107362954586695,3526.6113055626165,-0.45918367346938777,7.016936632025251,922.4854888845425,-0.0,0.9095736774385559,-2604.125816678074,0.45918367346938777,0.2786643700077635,0.0,0.3333333333333333,408.8388445348917,False,False,True,
S025,corridor,transition,101,1060000,0,PR1_HT1_EC0,No-EC,S025@corridor@transition:i101:nsga2:s1060000:r0:PR1_HT1_EC0:7d29063592f4,79c24d8b68c20dd6cc4f88b5fd4815d867fd618cb4ef402aacd5d34ea36f9c84,p0012,v2,5caedb1af661842f7a2977360003abd2af05e0f067393ddc287122bc3f583c28,full,db64bc16252937a91353058714bce25ca4f9464710583bced919b7ed97fb3be2,nsga2,1be58d91cec11329,5.780334523195965,3900.628877495573,-0.44871794871794873,6.979839475684511,880.4935236668807,-0.0,1.199504952488546,-3020.135353828692,0.44871794871794873,0.30395136778106313,0.0,0.5,392.2000000000605,False,False,True,
S025,corridor,transition,101,1060000,0,PR1_HT1_EC0,No-EC,S025@corridor@transition:i101:nsga2:s1060000:r0:PR1_HT1_EC0:7d29063592f4,79c24d8b68c20dd6cc4f88b5fd4815d867fd618cb4ef402aacd5d34ea36f9c84,p0013,v2,5caedb1af661842f7a2977360003abd2af05e0f067393ddc287122bc3f583c28,full,db64bc16252937a91353058714bce25ca4f9464710583bced919b7ed97fb3be2,nsga2,433ef2fb19b0298c,5.8147295785227415,3871.0296469476707,-0.4166666666666667,7.024535416219781,809.9885772128671,-0.0,1.209805837697039,-3061.0410697348034,0.4166666666666667,0.27106558581323464,0.0,0.5,413.8388445348917,False,False,True,
S025,corridor,transition,101,1060000,0,PR1_HT1_EC0,No-EC,S025@corridor@transition:i101:nsga2:s1060000:r0:PR1_HT1_EC0:7d29063592f4,79c24d8b68c20dd6cc4f88b5fd4815d867fd618cb4ef402aacd5d34ea36f9c84,p0014,v2,5caedb1af661842f7a2977360003abd2af05e0f067393ddc287122bc3f583c28,full,db64bc16252937a91353058714bce25ca4f9464710583bced919b7ed97fb3be2,nsga2,44a77cee2e030ab5,6.018873356946206,3573.0708663859546,-0.4166666666666667,6.995037044073568,1025.2373413893456,-0.0,0.9761636871273618,-2547.833524996609,0.4166666666666667,0.29635258358653427,0.0,0.5,397.2000000000605,False,False,True,
S025,corridor,transition,101,1060000,0,PR1_HT1_EC0,No-EC,S025@corridor@transition:i101:nsga2:s1060000:r0:PR1_HT1_EC0:7d29063592f4,79c24d8b68c20dd6cc4f88b5fd4815d867fd618cb4ef402aacd5d34ea36f9c84,p0015,v2,5caedb1af661842f7a2977360003abd2af05e0f067393ddc287122bc3f583c28,full,db64bc16252937a91353058714bce25ca4f9464710583bced919b7ed97fb3be2,nsga2,922e667a7d1455af,6.02844579107181,3572.219350077569,-0.38461538461538464,6.995037044073568,992.9904353385564,-0.0,0.9665912530017575,-2579.2289147390125,0.38461538461538464,0.29635258358653427,0.0,0.5,397.2000000000605,False,False,True,
S025,corridor,transition,101,1060000,0,PR1_HT1_EC0,No-EC,S025@corridor@transition:i101:nsga2:s1060000:r0:PR1_HT1_EC0:7d29063592f4,79c24d8b68c20dd6cc4f88b5fd4815d867fd618cb4ef402aacd5d34ea36f9c84,p0016,v2,5caedb1af661842f7a2977360003abd2af05e0f067393ddc287122bc3f583c28,full,db64bc16252937a91353058714bce25ca4f9464710583bced919b7ed97fb3be2,nsga2,b0289d5140841153,6.292362436347563,3350.5837555790513,-0.35714285714285715,7.052439907808184,776.6878849484541,-0.0,0.7600774714606207,-2573.895870630597,0.35714285714285715,0.2693448566300342,0.0,0.5,414.97108433743756,False,False,True,
S025,corridor,transition,101,1060000,0,PR1_HT1_EC0,No-EC,S025@corridor@transition:i101:nsga2:s1060000:r0:PR1_HT1_EC0:7d29063592f4,79c24d8b68c20dd6cc4f88b5fd4815d867fd618cb4ef402aacd5d34ea36f9c84,p0017,v2,5caedb1af661842f7a2977360003abd2af05e0f067393ddc287122bc3f583c28,full,db64bc16252937a91353058714bce25ca4f9464710583bced919b7ed97fb3be2,nsga2,34a711359985335f,6.267580109772,3373.5416675843844,-0.3353658536585366,7.048228533435271,825.3942152012354,-0.0,0.7806484236632709,-2548.147452383149,0.3353658536585366,0.2735562310029476,0.0,0.5,412.2000000000605,False,False,True,
S025,corridor,transition,101,1060000,0,PR1_HT1_EC0,No-EC,S025@corridor@transition:i101:nsga2:s1060000:r0:PR1_HT1_EC0:7d29063592f4,79c24d8b68c20dd6cc4f88b5fd4815d867fd618cb4ef402aacd5d34ea36f9c84,p0018,v2,5caedb1af661842f7a2977360003abd2af05e0f067393ddc287122bc3f583c28,full,db64bc16252937a91353058714bce25ca4f9464710583bced919b7ed97fb3be2,nsga2,4dc9fa278cb9d15f,6.36424390582888,3348.3369861496076,-0.28061224489795916,7.052439907808184,776.6878849484541,-0.0,0.6881960019793034,-2571.6491012011534,0.28061224489795916,0.2693448566300342,0.0,0.5,414.97108433743756,False,False,True,
S025,corridor,transition,101,1060000,0,PR1_HT1_EC0,No-EC,S025@corridor@transition:i101:nsga2:s1060000:r0:PR1_HT1_EC0:7d29063592f4,79c24d8b68c20dd6cc4f88b5fd4815d867fd618cb4ef402aacd5d34ea36f9c84,p0019,v2,5caedb1af661842f7a2977360003abd2af05e0f067393ddc287122bc3f583c28,full,db64bc16252937a91353058714bce25ca4f9464710583bced919b7ed97fb3be2,nsga2,99eff3763cb46d83,6.246820027219396,3420.544965220394,-0.2564102564102564,7.048228533435271,825.3942152012354,-0.0,0.8014085062158749,-2595.1507500191583,0.2564102564102564,0.2735562310029476,0.0,0.5,412.2000000000605,False,False,True,
S025,corridor,transition,101,1060000,0,PR1_HT1_EC0,No-EC,S025@corridor@transition:i101:nsga2:s1060000:r0:PR1_HT1_EC0:7d29063592f4,79c24d8b68c20dd6cc4f88b5fd4815d867fd618cb4ef402aacd5d34ea36f9c84,p0020,v2,5caedb1af661842f7a2977360003abd2af05e0f067393ddc287122bc3f583c28,full,db64bc16252937a91353058714bce25ca4f9464710583bced919b7ed97fb3be2,nsga2,ba3c8b4eb0d9487e,6.284695201140526,3373.4022132467094,-0.25,7.042561488355323,778.4180189191165,-0.0,0.7578662872147977,-2594.984194327593,0.25,0.2693448566300311,0.0,0.5,414.9710843374396,False,False,True,
S025,corridor,transition,101,1060000,0,PR1_HT1_EC0,No-EC,S025@corridor@transition:i101:nsga2:s1060000:r0:PR1_HT1_EC0:7d29063592f4,79c24d8b68c20dd6cc4f88b5fd4815d867fd618cb4ef402aacd5d34ea36f9c84,p0021,v2,5caedb1af661842f7a2977360003abd2af05e0f067393ddc287122bc3f583c28,full,db64bc16252937a91353058714bce25ca4f9464710583bced919b7ed97fb3be2,nsga2,8e6cff53446ca7ad,6.590660709533896,2387.2186563702253,-0.20408163265306123,7.052439907808184,776.6878849484541,-0.0,0.4617791982742876,-1610.530771421771,0.20408163265306123,0.2693448566300342,0.0,0.5,414.97108433743756,False,False,True,
S025,corridor,transition,101,1060000,0,PR1_HT1_EC0,No-EC,S025@corridor@transition:i101:nsga2:s1060000:r0:PR1_HT1_EC0:7d29063592f4,79c24d8b68c20dd6cc4f88b5fd4815d867fd618cb4ef402aacd5d34ea36f9c84,p0022,v2,5caedb1af661842f7a2977360003abd2af05e0f067393ddc287122bc3f583c28,full,db64bc16252937a91353058714bce25ca4f9464710583bced919b7ed97fb3be2,nsga2,1087cdc0e79eba39,6.585032999857713,2456.0923923862265,-0.20408163265306123,7.058482314517077,822.6037089591215,-0.0,0.4734493146593639,-1633.4886834271051,0.20408163265306123,0.26330244992114143,0.0,0.5,418.946987951889,False,False,True,
S025,corridor,transition,101,1060000,0,PR1_HT1_EC0,No-EC,S025@corridor@transition:i101:nsga2:s1060000:r0:PR1_HT1_EC0:7d29063592f4,79c24d8b68c20dd6cc4f88b5fd4815d867fd618cb4ef402aacd5d34ea36f9c84,p0023,v2,5caedb1af661842f7a2977360003abd2af05e0f067393ddc287122bc3f583c28,full,db64bc16252937a91353058714bce25ca4f9464710583bced919b7ed97fb3be2,nsga2,ecac52184f0c90b1,6.536449952593118,2458.3391618156697,-0.19230769230769232,7.048228533435271,825.3942152012354,-0.0,0.5117785808421527,-1632.9449466144342,0.19230769230769232,0.2735562310029476,0.0,0.5,412.2000000000605,False,False,True,
S025,corridor,transition,101,1060000,0,PR1_HT1_EC0,No-EC,S025@corridor@transition:i101:nsga2:s1060000:r0:PR1_HT1_EC0:7d29063592f4,79c24d8b68c20dd6cc4f88b5fd4815d867fd618cb4ef402aacd5d34ea36f9c84,p0024,v2,5caedb1af661842f7a2977360003abd2af05e0f067393ddc287122bc3f583c28,full,db64bc16252937a91353058714bce25ca4f9464710583bced919b7ed97fb3be2,nsga2,9eb27a6da5b1ba26,6.528518052876863,2458.8828986283406,-0.19230769230769232,7.048228533435271,823.6911825844633,-0.0,0.5197104805584081,-1635.1917160438775,0.19230769230769232,0.2735562310029476,0.0,0.5,412.2000000000605,False,False,True,
S025,corridor,transition,101,1060000,0,PR1_HT1_EC0,No-EC,S025@corridor@transition:i101:nsga2:s1060000:r0:PR1_HT1_EC0:7d29063592f4,79c24d8b68c20dd6cc4f88b5fd4815d867fd618cb4ef402aacd5d34ea36f9c84,p0025,v2,5caedb1af661842f7a2977360003abd2af05e0f067393ddc287122bc3f583c28,full,db64bc16252937a91353058714bce25ca4f9464710583bced919b7ed97fb3be2,nsga2,4ef2881dce43bf3e,6.286907757094646,3351.979008700108,-0.16666666666666666,7.052439907808184,776.6878849484541,-0.0,0.765532150713538,-2575.2911237516537,0.16666666666666666,0.2693448566300342,0.0,0.5,414.97108433743756,False,False,True,
S025,corridor,transition,101,1060000,0,PR1_HT1_EC0,No-EC,S025@corridor@transition:i101:nsga2:s1060000:r0:PR1_HT1_EC0:7d29063592f4,79c24d8b68c20dd6cc4f88b5fd4815d867fd618cb4ef402aacd5d34ea36f9c84,p0026,v2,5caedb1af661842f7a2977360003abd2af05e0f067393ddc287122bc3f583c28,full,db64bc16252937a91353058714bce25ca4f9464710583bced919b7ed97fb3be2,nsga2,4e91815dcc1a1ba7,6.249334673311914,3374.629141209726,-0.16666666666666666,7.048228533435271,825.3942152012354,-0.0,0.7988938601233571,-2549.2349260084907,0.16666666666666666,0.2735562310029476,0.0,0.5,412.2000000000605,False,False,True,
S025,corridor,transition,101,1060000,0,PR1_HT1_EC0,No-EC,S025@corridor@transition:i101:nsga2:s1060000:r0:PR1_HT1_EC0:7d29063592f4,79c24d8b68c20dd6cc4f88b5fd4815d867fd618cb4ef402aacd5d34ea36f9c84,p0027,v2,5caedb1af661842f7a2977360003abd2af05e0f067393ddc287122bc3f583c28,full,db64bc16252937a91353058714bce25ca4f9464710583bced919b7ed97fb3be2,nsga2,177c5fb193fc59a5,6.605858277922954,2292.9415528843565,-0.15306122448979592,7.052439907808184,774.7971176619396,-0.0,0.4465816298852294,-1518.1444352224169,0.15306122448979592,0.2693448566300342,0.0,0.5,414.97108433743756,False,False,True,
S025,corridor,transition,101,1060000,0,PR1_HT1_EC0,No-EC,S025@corridor@transition:i101:nsga2:s1060000:r0:PR1_HT1_EC0:7d29063592f4,79c24d8b68c20dd6cc4f88b5fd4815d867fd618cb4ef402aacd5d34ea36f9c84,p0028,v2,5caedb1af661842f7a2977360003abd2af05e0f067393ddc287122bc3f583c28,full,db64bc16252937a91353058714bce25ca4f9464710583bced919b7ed97fb3be2,nsga2,4b855c6f0330cac9,6.583286877323383,2319.9862345071006,-0.10204081632653061,7.048228533435271,821.8004152979488,-0.0,0.464941656111888,-1498.1858192091518,0.10204081632653061,0.2735562310029476,0.0,0.5,412.2000000000605,False,False,True,
S025,corridor,transition,101,1060000,0,PR1_HT1_EC0,No-EC,S025@corridor@transition:i101:nsga2:s1060000:r0:PR1_HT1_EC0:7d29063592f4,79c24d8b68c20dd6cc4f88b5fd4815d867fd618cb4ef402aacd5d34ea36f9c84,p0029,v2,5caedb1af661842f7a2977360003abd2af05e0f067393ddc287122bc3f583c28,full,db64bc16252937a91353058714bce25ca4f9464710583bced919b7ed97fb3be2,nsga2,a083044d8f78c210,6.904635258359354,704.0078882202506,-0.0,7.093821238602444,662.8880148216786,-0.0,0.18918598024308952,-41.119873398572054,0.0,0.24316109422483215,0.0,0.6666666666666666,432.2000000000605,False,False,True,
S025,corridor,transition,101,1060000,0,PR1_HT1_EC0,No-EC,S025@corridor@transition:i101:nsga2:s1060000:r0:PR1_HT1_EC0:7d29063592f4,79c24d8b68c20dd6cc4f88b5fd4815d867fd618cb4ef402aacd5d34ea36f9c84,p0030,v2,5caedb1af661842f7a2977360003abd2af05e0f067393ddc287122bc3f583c28,full,db64bc16252937a91353058714bce25ca4f9464710583bced919b7ed97fb3be2,nsga2,4da2e6927f0da410,6.567156144261677,2382.416631472054,-0.0,7.048228533435271,821.8004152979488,-0.0,0.48107238917359396,-1560.6162161741054,0.0,0.2735562310029476,0.0,0.5,412.2000000000605,False,False,True,
S025,corridor,transition,101,1060000,0,PR1_HT1_EC0,No-EC,S025@corridor@transition:i101:nsga2:s1060000:r0:PR1_HT1_EC0:7d29063592f4,79c24d8b68c20dd6cc4f88b5fd4815d867fd618cb4ef402aacd5d34ea36f9c84,p0031,v2,5caedb1af661842f7a2977360003abd2af05e0f067393ddc287122bc3f583c28,full,db64bc16252937a91353058714bce25ca4f9464710583bced919b7ed97fb3be2,nsga2,889fdbd3e2360614,6.874240121581239,1169.3587059172264,-0.0,7.093821238602444,662.8880148216786,-0.0,0.21958111702120497,-506.47069109554786,0.0,0.24316109422483215,0.0,0.6666666666666666,432.2000000000605,False,False,True,
S025,corridor,transition,101,1060000,0,PR1_HT1_EC0,No-EC,S025@corridor@transition:i101:nsga2:s1060000:r0:PR1_HT1_EC0:7d29063592f4,79c24d8b68c20dd6cc4f88b5fd4815d867fd618cb4ef402aacd5d34ea36f9c84,p0032,v2,5caedb1af661842f7a2977360003abd2af05e0f067393ddc287122bc3f583c28,full,db64bc16252937a91353058714bce25ca4f9464710583bced919b7ed97fb3be2,nsga2,b80b0f0dc69a5d8c,6.880831837991047,1075.352110645208,-0.0,7.093821238602444,662.8880148216786,-0.0,0.21298940061139682,-412.46409582352953,0.0,0.24316109422483215,0.0,0.6666666666666666,432.2000000000605,False,False,True,
S025,corridor,transition,101,1060000,0,PR1_HT1_EC0,No-EC,S025@corridor@transition:i101:nsga2:s1060000:r0:PR1_HT1_EC0:7d29063592f4,79c24d8b68c20dd6cc4f88b5fd4815d867fd618cb4ef402aacd5d34ea36f9c84,p0033,v2,5caedb1af661842f7a2977360003abd2af05e0f067393ddc287122bc3f583c28,full,db64bc16252937a91353058714bce25ca4f9464710583bced919b7ed97fb3be2,nsga2,4afba8e246326d35,6.792509897502747,1871.3234906472276,-0.0,7.093821238602444,662.8880148216786,-0.0,0.30131134109969704,-1208.435475825549,0.0,0.24316109422483215,0.0,0.6666666666666666,432.2000000000605,False,False,True,
S025,corridor,transition,101,1060000,0,PR1_HT1_EC0,No-EC,S025@corridor@transition:i101:nsga2:s1060000:r0:PR1_HT1_EC0:7d29063592f4,79c24d8b68c20dd6cc4f88b5fd4815d867fd618cb4ef402aacd5d34ea36f9c84,p0034,v2,5caedb1af661842f7a2977360003abd2af05e0f067393ddc287122bc3f583c28,full,db64bc16252937a91353058714bce25ca4f9464710583bced919b7ed97fb3be2,nsga2,7e166ff977d9ef81,6.768589555792446,1933.6590732451054,-0.0,7.093821238602444,662.8880148216786,-0.0,0.3252316828099975,-1270.771058423427,0.0,0.24316109422483215,0.0,0.6666666666666666,432.2000000000605,False,False,True,
S025,corridor,transition,101,1060000,0,PR1_HT1_EC0,No-EC,S025@corridor@transition:i101:nsga2:s1060000:r0:PR1_HT1_EC0:7d29063592f4,79c24d8b68c20dd6cc4f88b5fd4815d867fd618cb4ef402aacd5d34ea36f9c84,p0035,v2,5caedb1af661842f7a2977360003abd2af05e0f067393ddc287122bc3f583c28,full,db64bc16252937a91353058714bce25ca4f9464710583bced919b7ed97fb3be2,nsga2,a9565a8beb63fdb9,6.773899549567069,1895.6766557736182,-0.0,7.093821238602444,662.8880148216786,-0.0,0.31992168903537443,-1232.7886409519397,0.0,0.24316109422483215,0.0,0.6666666666666666,432.2000000000605,False,False,True,
S025,corridor,transition,101,1060000,0,PR1_HT1_EC0,No-EC,S025@corridor@transition:i101:nsga2:s1060000:r0:PR1_HT1_EC0:7d29063592f4,79c24d8b68c20dd6cc4f88b5fd4815d867fd618cb4ef402aacd5d34ea36f9c84,p0036,v2,5caedb1af661842f7a2977360003abd2af05e0f067393ddc287122bc3f583c28,full,db64bc16252937a91353058714bce25ca4f9464710583bced919b7ed97fb3be2,nsga2,1e9a8acae592f858,6.795413076483857,1866.2143927969114,-0.0,7.093821238602444,662.8880148216786,-0.0,0.29840816211858634,-1203.3263779752328,0.0,0.24316109422483215,0.0,0.6666666666666666,432.2000000000605,False,False,True,
S025,corridor,transition,101,1060000,0,PR1_HT1_EC0,No-EC,S025@corridor@transition:i101:nsga2:s1060000:r0:PR1_HT1_EC0:7d29063592f4,79c24d8b68c20dd6cc4f88b5fd4815d867fd618cb4ef402aacd5d34ea36f9c84,p0037,v2,5caedb1af661842f7a2977360003abd2af05e0f067393ddc287122bc3f583c28,full,db64bc16252937a91353058714bce25ca4f9464710583bced919b7ed97fb3be2,nsga2,74047ea86277f249,6.688787063147219,2065.9052056866203,-0.0,7.078623670213386,743.1957313681997,-0.0,0.38983660706616696,-1322.7094743184207,0.0,0.2583586626138899,0.0,0.5,422.2000000000605,False,False,True,
S025,corridor,transition,101,1060000,0,PR1_HT1_EC0,No-EC,S025@corridor@transition:i101:nsga2:s1060000:r0:PR1_HT1_EC0:7d29063592f4,79c24d8b68c20dd6cc4f88b5fd4815d867fd618cb4ef402aacd5d34ea36f9c84,p0038,v2,5caedb1af661842f7a2977360003abd2af05e0f067393ddc287122bc3f583c28,full,db64bc16252937a91353058714bce25ca4f9464710583bced919b7ed97fb3be2,nsga2,3ed489cf05fa65aa,6.683565679572183,2156.5057357250944,-0.0,7.078623670213386,742.3442150598137,-0.0,0.3950579906412024,-1414.1615206652807,0.0,0.2583586626138899,0.0,0.5,422.2000000000605,False,False,True,
S025,corridor,transition,101,1060000,0,PR1_HT1_EC0,No-EC,S025@corridor@transition:i101:nsga2:s1060000:r0:PR1_HT1_EC0:7d29063592f4,79c24d8b68c20dd6cc4f88b5fd4815d867fd618cb4ef402aacd5d34ea36f9c84,p0039,v2,5caedb1af661842f7a2977360003abd2af05e0f067393ddc287122bc3f583c28,full,db64bc16252937a91353058714bce25ca4f9464710583bced919b7ed97fb3be2,nsga2,304958a71d22eccd,6.719196158368587,2018.0503917422247,-0.0,7.078623670213386,718.8425662418092,-0.0,0.3594275118447987,-1299.2078255004155,0.0,0.2583586626138899,0.0,0.5,422.2000000000605,False,False,True,
S025,corridor,transition,101,1060000,0,PR1_HT1_EC0,No-EC,S025@corridor@transition:i101:nsga2:s1060000:r0:PR1_HT1_EC0:7d29063592f4,79c24d8b68c20dd6cc4f88b5fd4815d867fd618cb4ef402aacd5d34ea36f9c84,p0040,v2,5caedb1af661842f7a2977360003abd2af05e0f067393ddc287122bc3f583c28,full,db64bc16252937a91353058714bce25ca4f9464710583bced919b7ed97fb3be2,nsga2,effcaf52c5d11abe,6.878726150804589,1144.2258466612093,-0.0,7.093821238602444,662.8880148216786,-0.0,0.21509508779785502,-481.33783183953074,0.0,0.24316109422483215,0.0,0.6666666666666666,432.2000000000605,False,False,True,
S025,corridor,transition,101,1060000,0,PR1_HT1_EC1,Full,S025@corridor@transition:i101:nsga2:s1060000:r0:PR1_HT1_EC1:85955ada0066,79c24d8b68c20dd6cc4f88b5fd4815d867fd618cb4ef402aacd5d34ea36f9c84,p0001,v2,db64bc16252937a91353058714bce25ca4f9464710583bced919b7ed97fb3be2,full,db64bc16252937a91353058714bce25ca4f9464710583bced919b7ed97fb3be2,nsga2,d0f49674b4792a03,6.827594983010299,1184.3027349587906,-0.0,6.827594983010299,1184.3027349587906,-0.0,0.0,0.0,0.0,0.32556085844074956,0.0,0.3333333333333333,377.98095514598685,False,True,True,
S025,corridor,transition,101,1060000,0,PR1_HT1_EC1,Full,S025@corridor@transition:i101:nsga2:s1060000:r0:PR1_HT1_EC1:85955ada0066,79c24d8b68c20dd6cc4f88b5fd4815d867fd618cb4ef402aacd5d34ea36f9c84,p0002,v2,db64bc16252937a91353058714bce25ca4f9464710583bced919b7ed97fb3be2,full,db64bc16252937a91353058714bce25ca4f9464710583bced919b7ed97fb3be2,nsga2,f1c72a2baa816c12,6.8374734024631865,1182.5726009881282,-0.0,6.8374734024631865,1182.5726009881282,-0.0,0.0,0.0,0.0,0.32556085844074956,0.0,0.3333333333333333,377.98095514598685,False,True,True,
S025,corridor,transition,101,1060000,0,PR1_HT1_EC1,Full,S025@corridor@transition:i101:nsga2:s1060000:r0:PR1_HT1_EC1:85955ada0066,79c24d8b68c20dd6cc4f88b5fd4815d867fd618cb4ef402aacd5d34ea36f9c84,p0003,v2,db64bc16252937a91353058714bce25ca4f9464710583bced919b7ed97fb3be2,full,db64bc16252937a91353058714bce25ca4f9464710583bced919b7ed97fb3be2,nsga2,c5c9948a60647079,6.916515930942219,1090.2961396867722,-0.0,6.916515930942219,1090.2961396867722,-0.0,0.0,0.0,0.0,0.2891416330587555,0.0,0.3333333333333333,401.9448054473389,False,True,True,
S025,corridor,transition,101,1060000,0,PR1_HT1_EC1,Full,S025@corridor@transition:i101:nsga2:s1060000:r0:PR1_HT1_EC1:85955ada0066,79c24d8b68c20dd6cc4f88b5fd4815d867fd618cb4ef402aacd5d34ea36f9c84,p0004,v2,db64bc16252937a91353058714bce25ca4f9464710583bced919b7ed97fb3be2,full,db64bc16252937a91353058714bce25ca4f9464710583bced919b7ed97fb3be2,nsga2,14e829ddb9c1c4cb,6.926394350395106,1076.6309956221558,-0.0,6.926394350395106,1076.6309956221558,-0.0,0.0,0.0,0.0,0.2891416330587555,0.0,0.3333333333333333,401.9448054473389,False,True,True,
S025,corridor,transition,101,1060000,0,PR1_HT1_EC1,Full,S025@corridor@transition:i101:nsga2:s1060000:r0:PR1_HT1_EC1:85955ada0066,79c24d8b68c20dd6cc4f88b5fd4815d867fd618cb4ef402aacd5d34ea36f9c84,p0005,v2,db64bc16252937a91353058714bce25ca4f9464710583bced919b7ed97fb3be2,full,db64bc16252937a91353058714bce25ca4f9464710583bced919b7ed97fb3be2,nsga2,1ffbf8ebe1e37f1d,6.819450198209346,1242.6058387527426,-0.0,6.819450198209346,1242.6058387527426,-0.0,0.0,0.0,0.0,0.332881678690351,0.0,0.5,373.1638554217491,False,True,True,
S025,corridor,transition,101,1060000,0,PR1_HT1_EC1,Full,S025@corridor@transition:i101:nsga2:s1060000:r0:PR1_HT1_EC1:85955ada0066,79c24d8b68c20dd6cc4f88b5fd4815d867fd618cb4ef402aacd5d34ea36f9c84,p0006,v2,db64bc16252937a91353058714bce25ca4f9464710583bced919b7ed97fb3be2,full,db64bc16252937a91353058714bce25ca4f9464710583bced919b7ed97fb3be2,nsga2,0547a617834a41d6,6.811851414014816,1381.5544924120095,-0.0,6.811851414014816,1381.5544924120095,-0.0,0.0,0.0,0.0,0.3404804628848799,0.0,0.3333333333333333,368.1638554217491,True,True,True,
S025,corridor,transition,101,1060000,0,PR1_HT1_EC1,Full,S025@corridor@transition:i101:nsga2:s1060000:r0:PR1_HT1_EC1:85955ada0066,79c24d8b68c20dd6cc4f88b5fd4815d867fd618cb4ef402aacd5d34ea36f9c84,p0007,v2,db64bc16252937a91353058714bce25ca4f9464710583bced919b7ed97fb3be2,full,db64bc16252937a91353058714bce25ca4f9464710583bced919b7ed97fb3be2,nsga2,2fe78fb05a5af894,6.979839475684511,880.4935236668807,-0.0,6.979839475684511,880.4935236668807,-0.0,0.0,0.0,0.0,0.30395136778106313,0.0,0.5,392.2000000000605,False,True,True,
S025,corridor,transition,101,1060000,0,PR1_HT1_EC1,Full,S025@corridor@transition:i101:nsga2:s1060000:r0:PR1_HT1_EC1:85955ada0066,79c24d8b68c20dd6cc4f88b5fd4815d867fd618cb4ef402aacd5d34ea36f9c84,p0008,v2,db64bc16252937a91353058714bce25ca4f9464710583bced919b7ed97fb3be2,full,db64bc16252937a91353058714bce25ca4f9464710583bced919b7ed97fb3be2,nsga2,cbdaabe7827af7e2,7.024535416219781,809.9885772128671,-0.0,7.024535416219781,809.9885772128671,-0.0,0.0,0.0,0.0,0.27106558581323464,0.0,0.5,413.8388445348917,False,True,True,
S025,corridor,transition,101,1060000,0,PR1_HT1_EC1,Full,S025@corridor@transition:i101:nsga2:s1060000:r0:PR1_HT1_EC1:85955ada0066,79c24d8b68c20dd6cc4f88b5fd4815d867fd618cb4ef402aacd5d34ea36f9c84,p0009,v2,db64bc16252937a91353058714bce25ca4f9464710583bced919b7ed97fb3be2,full,db64bc16252937a91353058714bce25ca4f9464710583bced919b7ed97fb3be2,nsga2,4c8c6d03ede90628,7.014656996766921,811.7187111835295,-0.0,7.014656996766921,811.7187111835295,-0.0,0.0,0.0,0.0,0.27106558581323154,0.0,0.5,413.8388445348937,False,True,True,
S025,corridor,transition,101,1060000,0,PR1_HT1_EC1,Full,S025@corridor@transition:i101:nsga2:s1060000:r0:PR1_HT1_EC1:85955ada0066,79c24d8b68c20dd6cc4f88b5fd4815d867fd618cb4ef402aacd5d34ea36f9c84,p0010,v2,db64bc16252937a91353058714bce25ca4f9464710583bced919b7ed97fb3be2,full,db64bc16252937a91353058714bce25ca4f9464710583bced919b7ed97fb3be2,nsga2,3217843295bf0600,6.96996105623165,882.2236576375433,-0.0,6.96996105623165,882.2236576375433,-0.0,0.0,0.0,0.0,0.30395136778106,0.0,0.5,392.2000000000626,False,True,True,
S025,corridor,transition,101,1060000,0,PR1_HT1_EC1,Full,S025@corridor@transition:i101:nsga2:s1060000:r0:PR1_HT1_EC1:85955ada0066,79c24d8b68c20dd6cc4f88b5fd4815d867fd618cb4ef402aacd5d34ea36f9c84,p0011,v2,db64bc16252937a91353058714bce25ca4f9464710583bced919b7ed97fb3be2,full,db64bc16252937a91353058714bce25ca4f9464710583bced919b7ed97fb3be2,nsga2,04cd93eee24f9d95,7.083942819149582,664.6181487923411,-0.0,7.083942819149582,664.6181487923411,-0.0,0.0,0.0,0.0,0.24316109422482904,0.0,0.6666666666666666,432.2000000000626,False,True,True,
S025,corridor,transition,101,1060000,0,PR1_HT1_EC1,Full,S025@corridor@transition:i101:nsga2:s1060000:r0:PR1_HT1_EC1:85955ada0066,79c24d8b68c20dd6cc4f88b5fd4815d867fd618cb4ef402aacd5d34ea36f9c84,p0012,v2,db64bc16252937a91353058714bce25ca4f9464710583bced919b7ed97fb3be2,full,db64bc16252937a91353058714bce25ca4f9464710583bced919b7ed97fb3be2,nsga2,afe25f8777aacff2,7.093821238602444,662.8880148216786,-0.0,7.093821238602444,662.8880148216786,-0.0,0.0,0.0,0.0,0.24316109422483215,0.0,0.6666666666666666,432.2000000000605,False,True,True,
S025,corridor,transition,101,1060000,0,PR1_HT1_EC1,Full,S025@corridor@transition:i101:nsga2:s1060000:r0:PR1_HT1_EC1:85955ada0066,79c24d8b68c20dd6cc4f88b5fd4815d867fd618cb4ef402aacd5d34ea36f9c84,p0013,v2,db64bc16252937a91353058714bce25ca4f9464710583bced919b7ed97fb3be2,full,db64bc16252937a91353058714bce25ca4f9464710583bced919b7ed97fb3be2,nsga2,57ea7e27237f6f1b,7.068745250760525,720.5727002124717,-0.0,7.068745250760525,720.5727002124717,-0.0,0.0,0.0,0.0,0.2583586626138868,0.0,0.5,422.2000000000626,False,True,True,
S025,corridor,transition,101,1060001,1,PR0_HT1_EC1,No-PR,S025@corridor@transition:i101:nsga2:s1060001:r1:PR0_HT1_EC1:ff8fa5c2dc8c,79c24d8b68c20dd6cc4f88b5fd4815d867fd618cb4ef402aacd5d34ea36f9c84,p0001,v2,1d86d838a4a4d612e17106477758108c7d9999e1199e17d8d4894ad3f513cdc9,full,db64bc16252937a91353058714bce25ca4f9464710583bced919b7ed97fb3be2,nsga2,43fdee5e47fa0aa7,6.989293889818273,997.2547380406938,-0.0,6.916515930942219,1078.3611295928185,-0.0,-0.07277795887605443,81.1063915521247,0.0,0.2891416330587555,0.0,0.3333333333333333,401.9448054473389,False,False,True,
S025,corridor,transition,101,1060001,1,PR0_HT1_EC1,No-PR,S025@corridor@transition:i101:nsga2:s1060001:r1:PR0_HT1_EC1:ff8fa5c2dc8c,79c24d8b68c20dd6cc4f88b5fd4815d867fd618cb4ef402aacd5d34ea36f9c84,p0002,v2,1d86d838a4a4d612e17106477758108c7d9999e1199e17d8d4894ad3f513cdc9,full,db64bc16252937a91353058714bce25ca4f9464710583bced919b7ed97fb3be2,nsga2,101258b2a0fcf51e,6.947164703648064,1131.8348304109577,-0.0,6.819450198209346,1242.6058387527426,-0.0,-0.12771450543871854,110.77100834178486,0.0,0.332881678690351,0.0,0.5,373.1638554217491,True,False,True,
S025,corridor,transition,101,1060001,1,PR0_HT1_EC1,No-PR,S025@corridor@transition:i101:nsga2:s1060001:r1:PR0_HT1_EC1:ff8fa5c2dc8c,79c24d8b68c20dd6cc4f88b5fd4815d867fd618cb4ef402aacd5d34ea36f9c84,p0003,v2,1d86d838a4a4d612e17106477758108c7d9999e1199e17d8d4894ad3f513cdc9,full,db64bc16252937a91353058714bce25ca4f9464710583bced919b7ed97fb3be2,nsga2,531d4a72a27ed3b4,7.0342123516812,876.1084009630852,-0.0,6.996119163154217,1035.8240951005282,-0.0,-0.03809318852698329,159.71569413744305,0.0,0.26397849664763245,0.0,0.5,418.5021492058579,False,False,True,
S025,corridor,transition,101,1060001,1,PR0_HT1_EC1,No-PR,S025@corridor@transition:i101:nsga2:s1060001:r1:PR0_HT1_EC1:ff8fa5c2dc8c,79c24d8b68c20dd6cc4f88b5fd4815d867fd618cb4ef402aacd5d34ea36f9c84,p0004,v2,1d86d838a4a4d612e17106477758108c7d9999e1199e17d8d4894ad3f513cdc9,full,db64bc16252937a91353058714bce25ca4f9464710583bced919b7ed97fb3be2,nsga2,f3ca388ad3f5cc2f,7.0243339322283385,877.8385349337477,-0.0,6.986240743701329,1037.5542290711905,-0.0,-0.03809318852700905,159.71569413744282,0.0,0.26397849664763245,0.0,0.5,418.5021492058579,False,False,True,
S025,corridor,transition,101,1060001,1,PR0_HT1_EC1,No-PR,S025@corridor@transition:i101:nsga2:s1060001:r1:PR0_HT1_EC1:ff8fa5c2dc8c,79c24d8b68c20dd6cc4f88b5fd4815d867fd618cb4ef402aacd5d34ea36f9c84,p0005,v2,1d86d838a4a4d612e17106477758108c7d9999e1199e17d8d4894ad3f513cdc9,full,db64bc16252937a91353058714bce25ca4f9464710583bced919b7ed97fb3be2,nsga2,23d073539782a2d8,6.9504910790586045,1069.8955672345373,-0.0,6.827594983010299,1211.2762518814293,-0.0,-0.1228960960483052,141.38068464689195,0.0,0.32556085844074956,0.0,0.3333333333333333,377.98095514598685,False,False,True,
S025,corridor,transition,101,1060001,1,PR0_HT1_EC1,No-PR,S025@corridor@transition:i101:nsga2:s1060001:r1:PR0_HT1_EC1:ff8fa5c2dc8c,79c24d8b68c20dd6cc4f88b5fd4815d867fd618cb4ef402aacd5d34ea36f9c84,p0006,v2,1d86d838a4a4d612e17106477758108c7d9999e1199e17d8d4894ad3f513cdc9,full,db64bc16252937a91353058714bce25ca4f9464710583bced919b7ed97fb3be2,nsga2,f753b87e11a3f609,6.960369498511463,1068.165433263875,-0.0,6.8374734024631865,1209.546117910767,-0.0,-0.12289609604827678,141.38068464689195,0.0,0.32556085844074956,0.0,0.3333333333333333,377.98095514598685,False,False,True,
S025,corridor,transition,101,1060001,1,PR0_HT1_EC1,No-PR,S025@corridor@transition:i101:nsga2:s1060001:r1:PR0_HT1_EC1:ff8fa5c2dc8c,79c24d8b68c20dd6cc4f88b5fd4815d867fd618cb4ef402aacd5d34ea36f9c84,p0007,v2,1d86d838a4a4d612e17106477758108c7d9999e1199e17d8d4894ad3f513cdc9,full,db64bc16252937a91353058714bce25ca4f9464710583bced919b7ed97fb3be2,nsga2,e6d4b17524b5a5f9,6.999172309271133,995.5246040700313,-0.0,6.926394350395106,1076.6309956221558,-0.0,-0.0727779588760269,81.10639155212448,0.0,0.2891416330587555,0.0,0.3333333333333333,401.9448054473389,False,False,True,
S025,corridor,transition,101,1060001,1,PR0_HT1_EC1,No-PR,S025@corridor@transition:i101:nsga2:s1060001:r1:PR0_HT1_EC1:ff8fa5c2dc8c,79c24d8b68c20dd6cc4f88b5fd4815d867fd618cb4ef402aacd5d34ea36f9c84,p0008,v2,1d86d838a4a4d612e17106477758108c7d9999e1199e17d8d4894ad3f513cdc9,full,db64bc16252937a91353058714bce25ca4f9464710583bced919b7ed97fb3be2,nsga2,85e7f77a2e83715e,7.071024886018857,706.0652789376841,-0.0,7.024535416219781,809.9885772128671,-0.0,-0.04648946979907631,103.92329827518301,0.0,0.27106558581323464,0.0,0.5,413.8388445348917,False,False,True,
S025,corridor,transition,101,1060001,1,PR0_HT1_EC1,No-PR,S025@corridor@transition:i101:nsga2:s1060001:r1:PR0_HT1_EC1:ff8fa5c2dc8c,79c24d8b68c20dd6cc4f88b5fd4815d867fd618cb4ef402aacd5d34ea36f9c84,p0009,v2,1d86d838a4a4d612e17106477758108c7d9999e1199e17d8d4894ad3f513cdc9,full,db64bc16252937a91353058714bce25ca4f9464710583bced919b7ed97fb3be2,nsga2,ccfa44096935f556,7.061146466565996,707.7954129083466,-0.0,7.014656996766921,811.7187111835295,-0.0,-0.04648946979907542,103.9232982751829,0.0,0.27106558581323154,0.0,0.5,413.8388445348937,False,False,True,
S025,corridor,transition,101,1060001,1,PR0_HT1_EC1,No-PR,S025@corridor@transition:i101:nsga2:s1060001:r1:PR0_HT1_EC1:ff8fa5c2dc8c,79c24d8b68c20dd6cc4f88b5fd4815d867fd618cb4ef402aacd5d34ea36f9c84,p0010,v2,1d86d838a4a4d612e17106477758108c7d9999e1199e17d8d4894ad3f513cdc9,full,db64bc16252937a91353058714bce25ca4f9464710583bced919b7ed97fb3be2,nsga2,8f2fe240ecc4caa0,7.083942819149582,664.6181487923411,-0.0,7.083942819149582,664.6181487923411,-0.0,0.0,0.0,0.0,0.24316109422482904,0.0,0.6666666666666666,432.2000000000626,False,False,True,
S025,corridor,transition,101,1060001,1,PR0_HT1_EC1,No-PR,S025@corridor@transition:i101:nsga2:s1060001:r1:PR0_HT1_EC1:ff8fa5c2dc8c,79c24d8b68c20dd6cc4f88b5fd4815d867fd618cb4ef402aacd5d34ea36f9c84,p0011,v2,1d86d838a4a4d612e17106477758108c7d9999e1199e17d8d4894ad3f513cdc9,full,db64bc16252937a91353058714bce25ca4f9464710583bced919b7ed97fb3be2,nsga2,dfa6cf5acdd6db7e,7.093821238602444,662.8880148216786,-0.0,7.093821238602444,662.8880148216786,-0.0,0.0,0.0,0.0,0.24316109422483215,0.0,0.6666666666666666,432.2000000000605,False,False,True,
S025,corridor,transition,101,1060001,1,PR1_HT0_EC1,No-HT,S025@corridor@transition:i101:nsga2:s1060001:r1:PR1_HT0_EC1:7bff5436b0c7,79c24d8b68c20dd6cc4f88b5fd4815d867fd618cb4ef402aacd5d34ea36f9c84,p0001,v2,3e96896500ff8bf21a97283749bbb3686b4c052fd47abb495440ba7da705207a,full,db64bc16252937a91353058714bce25ca4f9464710583bced919b7ed97fb3be2,nsga2,7da243c77b12c1dc,6.9329036703496705,996.0859538971196,-0.0,6.916515930942219,1078.3611295928185,-0.0,-0.01638773940745164,82.27517569569898,0.0,0.2891416330587555,0.0,0.3333333333333333,401.9448054473389,False,False,True,
S025,corridor,transition,101,1060001,1,PR1_HT0_EC1,No-HT,S025@corridor@transition:i101:nsga2:s1060001:r1:PR1_HT0_EC1:7bff5436b0c7,79c24d8b68c20dd6cc4f88b5fd4815d867fd618cb4ef402aacd5d34ea36f9c84,p0002,v2,3e96896500ff8bf21a97283749bbb3686b4c052fd47abb495440ba7da705207a,full,db64bc16252937a91353058714bce25ca4f9464710583bced919b7ed97fb3be2,nsga2,f7d835fc00787332,6.855173381711432,1127.2709422150679,-0.0,6.8374734024631865,1182.5726009881282,-0.0,-0.017699979248245512,55.30165877306035,0.0,0.32556085844074956,0.0,0.3333333333333333,377.98095514598685,False,False,True,
S025,corridor,transition,101,1060001,1,PR1_HT0_EC1,No-HT,S025@corridor@transition:i101:nsga2:s1060001:r1:PR1_HT0_EC1:7bff5436b0c7,79c24d8b68c20dd6cc4f88b5fd4815d867fd618cb4ef402aacd5d34ea36f9c84,p0003,v2,3e96896500ff8bf21a97283749bbb3686b4c052fd47abb495440ba7da705207a,full,db64bc16252937a91353058714bce25ca4f9464710583bced919b7ed97fb3be2,nsga2,d68de0edc8e5a9f5,6.819450198209346,1162.9510148532918,-0.0,6.819450198209346,1242.6058387527426,-0.0,0.0,79.65482389945078,0.0,0.332881678690351,0.0,0.5,373.1638554217491,False,False,True,
S025,corridor,transition,101,1060001,1,PR1_HT0_EC1,No-HT,S025@corridor@transition:i101:nsga2:s1060001:r1:PR1_HT0_EC1:7bff5436b0c7,79c24d8b68c20dd6cc4f88b5fd4815d867fd618cb4ef402aacd5d34ea36f9c84,p0004,v2,3e96896500ff8bf21a97283749bbb3686b4c052fd47abb495440ba7da705207a,full,db64bc16252937a91353058714bce25ca4f9464710583bced919b7ed97fb3be2,nsga2,c20ba164071ba0a2,6.845294962258545,1129.0010761857302,-0.0,6.827594983010299,1211.2762518814293,-0.0,-0.017699979248245512,82.27517569569909,0.0,0.32556085844074956,0.0,0.3333333333333333,377.98095514598685,False,False,True,
S025,corridor,transition,101,1060001,1,PR1_HT0_EC1,No-HT,S025@corridor@transition:i101:nsga2:s1060001:r1:PR1_HT0_EC1:7bff5436b0c7,79c24d8b68c20dd6cc4f88b5fd4815d867fd618cb4ef402aacd5d34ea36f9c84,p0005,v2,3e96896500ff8bf21a97283749bbb3686b4c052fd47abb495440ba7da705207a,full,db64bc16252937a91353058714bce25ca4f9464710583bced919b7ed97fb3be2,nsga2,51800acdc82e4376,6.829328617662233,1161.2208808826294,-0.0,6.829328617662233,1240.8757047820802,-0.0,0.0,79.65482389945078,0.0,0.332881678690351,0.0,0.5,373.1638554217491,False,False,True,
S025,corridor,transition,101,1060001,1,PR1_HT0_EC1,No-HT,S025@corridor@transition:i101:nsga2:s1060001:r1:PR1_HT0_EC1:7bff5436b0c7,79c24d8b68c20dd6cc4f88b5fd4815d867fd618cb4ef402aacd5d34ea36f9c84,p0006,v2,3e96896500ff8bf21a97283749bbb3686b4c052fd47abb495440ba7da705207a,full,db64bc16252937a91353058714bce25ca4f9464710583bced919b7ed97fb3be2,nsga2,77798c044e580b82,6.942782089802558,994.355819926457,-0.0,6.926394350395106,1076.6309956221558,-0.0,-0.01638773940745164,82.27517569569875,0.0,0.2891416330587555,0.0,0.3333333333333333,401.9448054473389,False,False,True,
S025,corridor,transition,101,1060001,1,PR1_HT0_EC1,No-HT,S025@corridor@transition:i101:nsga2:s1060001:r1:PR1_HT0_EC1:7bff5436b0c7,79c24d8b68c20dd6cc4f88b5fd4815d867fd618cb4ef402aacd5d34ea36f9c84,p0007,v2,3e96896500ff8bf21a97283749bbb3686b4c052fd47abb495440ba7da705207a,full,db64bc16252937a91353058714bce25ca4f9464710583bced919b7ed97fb3be2,nsga2,144b581acdad7514,6.811851414014816,1381.5544924120095,-0.0,6.811851414014816,1381.5544924120095,-0.0,0.0,0.0,0.0,0.3404804628848799,0.0,0.3333333333333333,368.1638554217491,True,False,True,
S025,corridor,transition,101,1060001,1,PR1_HT0_EC1,No-HT,S025@corridor@transition:i101:nsga2:s1060001:r1:PR1_HT0_EC1:7bff5436b0c7,79c24d8b68c20dd6cc4f88b5fd4815d867fd618cb4ef402aacd5d34ea36f9c84,p0008,v2,3e96896500ff8bf21a97283749bbb3686b4c052fd47abb495440ba7da705207a,full,db64bc16252937a91353058714bce25ca4f9464710583bced919b7ed97fb3be2,nsga2,a8172454d035e2eb,7.024535416219781,809.9885772128671,-0.0,7.024535416219781,809.9885772128671,-0.0,0.0,0.0,0.0,0.27106558581323464,0.0,0.5,413.8388445348917,False,False,True,
S025,corridor,transition,101,1060001,1,PR1_HT0_EC1,No-HT,S025@corridor@transition:i101:nsga2:s1060001:r1:PR1_HT0_EC1:7bff5436b0c7,79c24d8b68c20dd6cc4f88b5fd4815d867fd618cb4ef402aacd5d34ea36f9c84,p0009,v2,3e96896500ff8bf21a97283749bbb3686b4c052fd47abb495440ba7da705207a,full,db64bc16252937a91353058714bce25ca4f9464710583bced919b7ed97fb3be2,nsga2,b132d50298edfae2,6.979839475684511,880.4935236668807,-0.0,6.979839475684511,880.4935236668807,-0.0,0.0,0.0,0.0,0.30395136778106313,0.0,0.5,392.2000000000605,False,False,True,
S025,corridor,transition,101,1060001,1,PR1_HT0_EC1,No-HT,S025@corridor@transition:i101:nsga2:s1060001:r1:PR1_HT0_EC1:7bff5436b0c7,79c24d8b68c20dd6cc4f88b5fd4815d867fd618cb4ef402aacd5d34ea36f9c84,p0010,v2,3e96896500ff8bf21a97283749bbb3686b4c052fd47abb495440ba7da705207a,full,db64bc16252937a91353058714bce25ca4f9464710583bced919b7ed97fb3be2,nsga2,402722c218e0c21f,6.96996105623165,882.2236576375433,-0.0,6.96996105623165,882.2236576375433,-0.0,0.0,0.0,0.0,0.30395136778106,0.0,0.5,392.2000000000626,False,False,True,
S025,corridor,transition,101,1060001,1,PR1_HT0_EC1,No-HT,S025@corridor@transition:i101:nsga2:s1060001:r1:PR1_HT0_EC1:7bff5436b0c7,79c24d8b68c20dd6cc4f88b5fd4815d867fd618cb4ef402aacd5d34ea36f9c84,p0011,v2,3e96896500ff8bf21a97283749bbb3686b4c052fd47abb495440ba7da705207a,full,db64bc16252937a91353058714bce25ca4f9464710583bced919b7ed97fb3be2,nsga2,76aafb37f80acefc,7.014656996766921,811.7187111835295,-0.0,7.014656996766921,811.7187111835295,-0.0,0.0,0.0,0.0,0.27106558581323154,0.0,0.5,413.8388445348937,False,False,True,
S025,corridor,transition,101,1060001,1,PR1_HT0_EC1,No-HT,S025@corridor@transition:i101:nsga2:s1060001:r1:PR1_HT0_EC1:7bff5436b0c7,79c24d8b68c20dd6cc4f88b5fd4815d867fd618cb4ef402aacd5d34ea36f9c84,p0012,v2,3e96896500ff8bf21a97283749bbb3686b4c052fd47abb495440ba7da705207a,full,db64bc16252937a91353058714bce25ca4f9464710583bced919b7ed97fb3be2,nsga2,3b3f7dfca014c851,7.093821238602444,662.8880148216786,-0.0,7.093821238602444,662.8880148216786,-0.0,0.0,0.0,0.0,0.24316109422483215,0.0,0.6666666666666666,432.2000000000605,False,False,True,
S025,corridor,transition,101,1060001,1,PR1_HT0_EC1,No-HT,S025@corridor@transition:i101:nsga2:s1060001:r1:PR1_HT0_EC1:7bff5436b0c7,79c24d8b68c20dd6cc4f88b5fd4815d867fd618cb4ef402aacd5d34ea36f9c84,p0013,v2,3e96896500ff8bf21a97283749bbb3686b4c052fd47abb495440ba7da705207a,full,db64bc16252937a91353058714bce25ca4f9464710583bced919b7ed97fb3be2,nsga2,f1fddd273c24a217,7.083942819149582,664.6181487923411,-0.0,7.083942819149582,664.6181487923411,-0.0,0.0,0.0,0.0,0.24316109422482904,0.0,0.6666666666666666,432.2000000000626,False,False,True,
S025,corridor,transition,101,1060001,1,PR1_HT0_EC1,No-HT,S025@corridor@transition:i101:nsga2:s1060001:r1:PR1_HT0_EC1:7bff5436b0c7,79c24d8b68c20dd6cc4f88b5fd4815d867fd618cb4ef402aacd5d34ea36f9c84,p0014,v2,3e96896500ff8bf21a97283749bbb3686b4c052fd47abb495440ba7da705207a,full,db64bc16252937a91353058714bce25ca4f9464710583bced919b7ed97fb3be2,nsga2,25be616d71e26f92,7.078623670213386,718.8425662418092,-0.0,7.078623670213386,718.8425662418092,-0.0,0.0,0.0,0.0,0.2583586626138899,0.0,0.5,422.2000000000605,False,False,True,
S025,corridor,transition,101,1060001,1,PR1_HT0_EC1,No-HT,S025@corridor@transition:i101:nsga2:s1060001:r1:PR1_HT0_EC1:7bff5436b0c7,79c24d8b68c20dd6cc4f88b5fd4815d867fd618cb4ef402aacd5d34ea36f9c84,p0015,v2,3e96896500ff8bf21a97283749bbb3686b4c052fd47abb495440ba7da705207a,full,db64bc16252937a91353058714bce25ca4f9464710583bced919b7ed97fb3be2,nsga2,10b27547794cfc93,7.068745250760525,720.5727002124717,-0.0,7.068745250760525,720.5727002124717,-0.0,0.0,0.0,0.0,0.2583586626138868,0.0,0.5,422.2000000000626,False,False,True,
S025,corridor,transition,101,1060001,1,PR1_HT0_EC1,No-HT,S025@corridor@transition:i101:nsga2:s1060001:r1:PR1_HT0_EC1:7bff5436b0c7,79c24d8b68c20dd6cc4f88b5fd4815d867fd618cb4ef402aacd5d34ea36f9c84,p0016,v2,3e96896500ff8bf21a97283749bbb3686b4c052fd47abb495440ba7da705207a,full,db64bc16252937a91353058714bce25ca4f9464710583bced919b7ed97fb3be2,nsga2,448b4746920610ca,7.052439907808184,774.7971176619396,-0.0,7.052439907808184,774.7971176619396,-0.0,0.0,0.0,0.0,0.2693448566300342,0.0,0.5,414.97108433743756,False,False,True,
S025,corridor,transition,101,1060001,1,PR1_HT0_EC1,No-HT,S025@corridor@transition:i101:nsga2:s1060001:r1:PR1_HT0_EC1:7bff5436b0c7,79c24d8b68c20dd6cc4f88b5fd4815d867fd618cb4ef402aacd5d34ea36f9c84,p0017,v2,3e96896500ff8bf21a97283749bbb3686b4c052fd47abb495440ba7da705207a,full,db64bc16252937a91353058714bce25ca4f9464710583bced919b7ed97fb3be2,nsga2,15eda668e341fe7a,7.042561488355323,776.5272516326022,-0.0,7.042561488355323,776.5272516326022,-0.0,0.0,0.0,0.0,0.2693448566300311,0.0,0.5,414.9710843374396,False,False,True,
S025,corridor,transition,101,1060001,1,PR1_HT1_EC0,No-EC,S025@corridor@transition:i101:nsga2:s1060001:r1:PR1_HT1_EC0:fcee649143dd,79c24d8b68c20dd6cc4f88b5fd4815d867fd618cb4ef402aacd5d34ea36f9c84,p0001,v2,5caedb1af661842f7a2977360003abd2af05e0f067393ddc287122bc3f583c28,full,db64bc16252937a91353058714bce25ca4f9464710583bced919b7ed97fb3be2,nsga2,cde6c0b29343e286,4.528251717410251,5033.3811674421795,-0.8678714859436998,6.8374734024631865,1206.9257661145189,-0.0,2.3092216850529352,-3826.4554013276606,0.8678714859436998,0.32556085844074956,0.0,0.3333333333333333,377.98095514598685,True,False,True,
S025,corridor,transition,101,1060001,1,PR1_HT1_EC0,No-EC,S025@corridor@transition:i101:nsga2:s1060001:r1:PR1_HT1_EC0:fcee649143dd,79c24d8b68c20dd6cc4f88b5fd4815d867fd618cb4ef402aacd5d34ea36f9c84,p0002,v2,5caedb1af661842f7a2977360003abd2af05e0f067393ddc287122bc3f583c28,full,db64bc16252937a91353058714bce25ca4f9464710583bced919b7ed97fb3be2,nsga2,d7d8f4216d54b61f,4.557776101259622,5001.5427316447585,-0.8678714859436649,6.821729833467703,1379.824358441347,-0.0,2.2639537322080816,-3621.718373203412,0.8678714859436649,0.3404804628848799,0.0,0.3333333333333333,368.1638554217491,False,False,True,
S025,corridor,transition,101,1060001,1,PR1_HT1_EC0,No-EC,S025@corridor@transition:i101:nsga2:s1060001:r1:PR1_HT1_EC0:fcee649143dd,79c24d8b68c20dd6cc4f88b5fd4815d867fd618cb4ef402aacd5d34ea36f9c84,p0003,v2,5caedb1af661842f7a2977360003abd2af05e0f067393ddc287122bc3f583c28,full,db64bc16252937a91353058714bce25ca4f9464710583bced919b7ed97fb3be2,nsga2,468011bdc9e2de6a,4.544170196602644,5024.500643650092,-0.8678714859437232,6.821729833467703,1395.2312366399349,-0.0,2.2775596368650595,-3629.269407010157,0.8678714859437232,0.3404804628848799,0.0,0.3333333333333333,368.1638554217491,False,False,True,
S025,corridor,transition,101,1060001,1,PR1_HT1_EC0,No-EC,S025@corridor@transition:i101:nsga2:s1060001:r1:PR1_HT1_EC0:fcee649143dd,79c24d8b68c20dd6cc4f88b5fd4815d867fd618cb4ef402aacd5d34ea36f9c84,p0004,v2,5caedb1af661842f7a2977360003abd2af05e0f067393ddc287122bc3f583c28,full,db64bc16252937a91353058714bce25ca4f9464710583bced919b7ed97fb3be2,nsga2,a04955248dc4d9f6,4.532757880055506,5027.05519257525,-0.8678714859437232,6.829874618268658,1390.9736550980047,-0.0,2.297116738213152,-3636.081537477245,0.8678714859437232,0.3331596426352784,0.0,0.3333333333333333,372.98095514598685,False,False,True,
S025,corridor,transition,101,1060001,1,PR1_HT1_EC0,No-EC,S025@corridor@transition:i101:nsga2:s1060001:r1:PR1_HT1_EC0:fcee649143dd,79c24d8b68c20dd6cc4f88b5fd4815d867fd618cb4ef402aacd5d34ea36f9c84,p0005,v2,5caedb1af661842f7a2977360003abd2af05e0f067393ddc287122bc3f583c28,full,db64bc16252937a91353058714bce25ca4f9464710583bced919b7ed97fb3be2,nsga2,40101ead267182f7,5.81048087756818,3894.531295765675,-0.5792682926829268,6.979839475684511,883.0480725920389,-0.0,1.1693585981163306,-3011.4832231736364,0.5792682926829268,0.30395136778106313,0.0,0.5,392.2000000000605,False,False,True,
S025,corridor,transition,101,1060001,1,PR1_HT1_EC0,No-EC,S025@corridor@transition:i101:nsga2:s1060001:r1:PR1_HT1_EC0:fcee649143dd,79c24d8b68c20dd6cc4f88b5fd4815d867fd618cb4ef402aacd5d34ea36f9c84,p0006,v2,5caedb1af661842f7a2977360003abd2af05e0f067393ddc287122bc3f583c28,full,db64bc16252937a91353058714bce25ca4f9464710583bced919b7ed97fb3be2,nsga2,c074bb4f3b1fdc02,5.842915287098676,3870.041163068089,-0.5612244897959183,7.024535416219781,809.9885772128671,-0.0,1.1816201291211046,-3060.052585855222,0.5612244897959183,0.27106558581323464,0.0,0.5,413.8388445348917,False,False,True,
S025,corridor,transition,101,1060001,1,PR1_HT1_EC0,No-EC,S025@corridor@transition:i101:nsga2:s1060001:r1:PR1_HT1_EC0:fcee649143dd,79c24d8b68c20dd6cc4f88b5fd4815d867fd618cb4ef402aacd5d34ea36f9c84,p0007,v2,5caedb1af661842f7a2977360003abd2af05e0f067393ddc287122bc3f583c28,full,db64bc16252937a91353058714bce25ca4f9464710583bced919b7ed97fb3be2,nsga2,b4a2b042dad81920,5.785258646099938,3898.9258448788005,-0.5,6.979839475684511,883.0480725920389,-0.0,1.1945808295845728,-3015.8777722867617,0.5,0.30395136778106313,0.0,0.5,392.2000000000605,False,False,True,
S025,corridor,transition,101,1060001,1,PR1_HT1_EC0,No-EC,S025@corridor@transition:i101:nsga2:s1060001:r1:PR1_HT1_EC0:fcee649143dd,79c24d8b68c20dd6cc4f88b5fd4815d867fd618cb4ef402aacd5d34ea36f9c84,p0008,v2,5caedb1af661842f7a2977360003abd2af05e0f067393ddc287122bc3f583c28,full,db64bc16252937a91353058714bce25ca4f9464710583bced919b7ed97fb3be2,nsga2,6dfa80e04e5919d7,6.0236621085210755,3572.5271295732837,-0.5,6.995037044073568,1025.2373413893456,-0.0,0.9713749355524923,-2547.289788183938,0.5,0.29635258358653427,0.0,0.5,397.2000000000605,False,False,True,
S025,corridor,transition,101,1060001,1,PR1_HT1_EC0,No-EC,S025@corridor@transition:i101:nsga2:s1060001:r1:PR1_HT1_EC0:fcee649143dd,79c24d8b68c20dd6cc4f88b5fd4815d867fd618cb4ef402aacd5d34ea36f9c84,p0009,v2,5caedb1af661842f7a2977360003abd2af05e0f067393ddc287122bc3f583c28,full,db64bc16252937a91353058714bce25ca4f9464710583bced919b7ed97fb3be2,nsga2,067792ec464a0150,5.780334523195965,4068.530598972646,-0.44871794871794873,6.995037044073568,992.9904353385564,-0.0,1.2147025208776032,-3075.54016363409,0.44871794871794873,0.29635258358653427,0.0,0.5,397.2000000000605,False,False,True,
S025,corridor,transition,101,1060001,1,PR1_HT1_EC0,No-EC,S025@corridor@transition:i101:nsga2:s1060001:r1:PR1_HT1_EC0:fcee649143dd,79c24d8b68c20dd6cc4f88b5fd4815d867fd618cb4ef402aacd5d34ea36f9c84,p0010,v2,5caedb1af661842f7a2977360003abd2af05e0f067393ddc287122bc3f583c28,full,db64bc16252937a91353058714bce25ca4f9464710583bced919b7ed97fb3be2,nsga2,b16a9496cdb03dea,6.0355583567059385,3549.56921756795,-0.44871794871794873,6.995037044073568,1025.2373413893456,-0.0,0.9594786873676293,-2524.3318761786045,0.44871794871794873,0.29635258358653427,0.0,0.5,397.2000000000605,False,False,True,
S025,corridor,transition,101,1060001,1,PR1_HT1_EC0,No-EC,S025@corridor@transition:i101:nsga2:s1060001:r1:PR1_HT1_EC0:fcee649143dd,79c24d8b68c20dd6cc4f88b5fd4815d867fd618cb4ef402aacd5d34ea36f9c84,p0011,v2,5caedb1af661842f7a2977360003abd2af05e0f067393ddc287122bc3f583c28,full,db64bc16252937a91353058714bce25ca4f9464710583bced919b7ed97fb3be2,nsga2,23d5b91228933f15,5.782722745447652,3872.732679564443,-0.4166666666666667,6.979839475684511,880.4935236668807,-0.0,1.1971167302368588,-2992.2391558975623,0.4166666666666667,0.30395136778106313,0.0,0.5,392.2000000000605,False,False,True,
S025,corridor,transition,101,1060001,1,PR1_HT1_EC0,No-EC,S025@corridor@transition:i101:nsga2:s1060001:r1:PR1_HT1_EC0:fcee649143dd,79c24d8b68c20dd6cc4f88b5fd4815d867fd618cb4ef402aacd5d34ea36f9c84,p0012,v2,5caedb1af661842f7a2977360003abd2af05e0f067393ddc287122bc3f583c28,full,db64bc16252937a91353058714bce25ca4f9464710583bced919b7ed97fb3be2,nsga2,be015661f313f078,6.2793633692503255,3349.7322392706646,-0.36585365853658536,7.052439907808184,776.6878849484541,-0.0,0.7730765385578584,-2573.0443543222104,0.36585365853658536,0.2693448566300342,0.0,0.5,414.97108433743756,False,False,True,
S025,corridor,transition,101,1060001,1,PR1_HT1_EC0,No-EC,S025@corridor@transition:i101:nsga2:s1060001:r1:PR1_HT1_EC0:fcee649143dd,79c24d8b68c20dd6cc4f88b5fd4815d867fd618cb4ef402aacd5d34ea36f9c84,p0013,v2,5caedb1af661842f7a2977360003abd2af05e0f067393ddc287122bc3f583c28,full,db64bc16252937a91353058714bce25ca4f9464710583bced919b7ed97fb3be2,nsga2,339a15a8a6ef7f92,6.180294175956368,3526.6113055626165,-0.36585365853658536,7.016936632025251,952.1778460101737,-0.0,0.8366424560688834,-2574.433459552443,0.36585365853658536,0.2786643700077635,0.0,0.3333333333333333,408.8388445348917,False,False,True,
S025,corridor,transition,101,1060001,1,PR1_HT1_EC0,No-EC,S025@corridor@transition:i101:nsga2:s1060001:r1:PR1_HT1_EC0:fcee649143dd,79c24d8b68c20dd6cc4f88b5fd4815d867fd618cb4ef402aacd5d34ea36f9c84,p0014,v2,5caedb1af661842f7a2977360003abd2af05e0f067393ddc287122bc3f583c28,full,db64bc16252937a91353058714bce25ca4f9464710583bced919b7ed97fb3be2,nsga2,76aa89236e78ebea,6.267580109772,3373.5416675843844,-0.3353658536585366,7.048228533435271,825.3942152012354,-0.0,0.7806484236632709,-2548.147452383149,0.3353658536585366,0.2735562310029476,0.0,0.5,412.2000000000605,False,False,True,
S025,corridor,transition,101,1060001,1,PR1_HT1_EC0,No-EC,S025@corridor@transition:i101:nsga2:s1060001:r1:PR1_HT1_EC0:fcee649143dd,79c24d8b68c20dd6cc4f88b5fd4815d867fd618cb4ef402aacd5d34ea36f9c84,p0015,v2,5caedb1af661842f7a2977360003abd2af05e0f067393ddc287122bc3f583c28,full,db64bc16252937a91353058714bce25ca4f9464710583bced919b7ed97fb3be2,nsga2,e9e21ac184db1498,6.099795979309597,3526.611305562616,-0.3333333333333333,7.016936632025251,922.4854888845425,-0.0,0.9171406527156538,-2604.1258166780735,0.3333333333333333,0.2786643700077635,0.0,0.3333333333333333,408.8388445348917,False,False,True,
S025,corridor,transition,101,1060001,1,PR1_HT1_EC0,No-EC,S025@corridor@transition:i101:nsga2:s1060001:r1:PR1_HT1_EC0:fcee649143dd,79c24d8b68c20dd6cc4f88b5fd4815d867fd618cb4ef402aacd5d34ea36f9c84,p0016,v2,5caedb1af661842f7a2977360003abd2af05e0f067393ddc287122bc3f583c28,full,db64bc16252937a91353058714bce25ca4f9464710583bced919b7ed97fb3be2,nsga2,7912670dc5fbb7ed,6.250103320167317,3445.0664555048243,-0.2564102564102564,7.0383501139824105,825.4213165551257,-0.0,0.7882467938150937,-2619.645138949699,0.2564102564102564,0.2735562310029445,0.0,0.5,412.2000000000626,False,False,True,
S025,corridor,transition,101,1060001,1,PR1_HT1_EC0,No-EC,S025@corridor@transition:i101:nsga2:s1060001:r1:PR1_HT1_EC0:fcee649143dd,79c24d8b68c20dd6cc4f88b5fd4815d867fd618cb4ef402aacd5d34ea36f9c84,p0017,v2,5caedb1af661842f7a2977360003abd2af05e0f067393ddc287122bc3f583c28,full,db64bc16252937a91353058714bce25ca4f9464710583bced919b7ed97fb3be2,nsga2,637d492448999406,6.539311951730267,2434.52973350195,-0.25510204081632654,7.048228533435271,823.6911825844633,-0.0,0.5089165817050043,-1610.8385509174868,0.25510204081632654,0.2735562310029476,0.0,0.5,412.2000000000605,False,False,True,
S025,corridor,transition,101,1060001,1,PR1_HT1_EC0,No-EC,S025@corridor@transition:i101:nsga2:s1060001:r1:PR1_HT1_EC0:fcee649143dd,79c24d8b68c20dd6cc4f88b5fd4815d867fd618cb4ef402aacd5d34ea36f9c84,p0018,v2,5caedb1af661842f7a2977360003abd2af05e0f067393ddc287122bc3f583c28,full,db64bc16252937a91353058714bce25ca4f9464710583bced919b7ed97fb3be2,nsga2,84819052b6e41a5b,6.273297024848562,3349.7322392706646,-0.25,7.052439907808184,776.6878849484541,-0.0,0.7791428829596221,-2573.0443543222104,0.25,0.2693448566300342,0.0,0.5,414.97108433743756,False,False,True,
S025,corridor,transition,101,1060001,1,PR1_HT1_EC0,No-EC,S025@corridor@transition:i101:nsga2:s1060001:r1:PR1_HT1_EC0:fcee649143dd,79c24d8b68c20dd6cc4f88b5fd4815d867fd618cb4ef402aacd5d34ea36f9c84,p0019,v2,5caedb1af661842f7a2977360003abd2af05e0f067393ddc287122bc3f583c28,full,db64bc16252937a91353058714bce25ca4f9464710583bced919b7ed97fb3be2,nsga2,575f7d9b64b6f811,6.543885120444341,2412.423337805002,-0.24390243902439024,7.048228533435271,825.3942152012354,-0.0,0.5043434129909299,-1587.0291226037666,0.24390243902439024,0.2735562310029476,0.0,0.5,412.2000000000605,False,False,True,
S025,corridor,transition,101,1060001,1,PR1_HT1_EC0,No-EC,S025@corridor@transition:i101:nsga2:s1060001:r1:PR1_HT1_EC0:fcee649143dd,79c24d8b68c20dd6cc4f88b5fd4815d867fd618cb4ef402aacd5d34ea36f9c84,p0020,v2,5caedb1af661842f7a2977360003abd2af05e0f067393ddc287122bc3f583c28,full,db64bc16252937a91353058714bce25ca4f9464710583bced919b7ed97fb3be2,nsga2,26ac73063e9d7d56,6.534931078179168,2458.8828986283406,-0.19230769230769232,7.048228533435271,825.3942152012354,-0.0,0.5132974552561027,-1633.4886834271051,0.19230769230769232,0.2735562310029476,0.0,0.5,412.2000000000605,False,False,True,
S025,corridor,transition,101,1060001,1,PR1_HT1_EC0,No-EC,S025@corridor@transition:i101:nsga2:s1060001:r1:PR1_HT1_EC0:fcee649143dd,79c24d8b68c20dd6cc4f88b5fd4815d867fd618cb4ef402aacd5d34ea36f9c84,p0021,v2,5caedb1af661842f7a2977360003abd2af05e0f067393ddc287122bc3f583c28,full,db64bc16252937a91353058714bce25ca4f9464710583bced919b7ed97fb3be2,nsga2,2c549ce1f8669e9d,6.536449952593118,2458.3391618156697,-0.19230769230769232,7.048228533435271,825.3942152012354,-0.0,0.5117785808421527,-1632.9449466144342,0.19230769230769232,0.2735562310029476,0.0,0.5,412.2000000000605,False,False,True,
S025,corridor,transition,101,1060001,1,PR1_HT1_EC0,No-EC,S025@corridor@transition:i101:nsga2:s1060001:r1:PR1_HT1_EC0:fcee649143dd,79c24d8b68c20dd6cc4f88b5fd4815d867fd618cb4ef402aacd5d34ea36f9c84,p0022,v2,5caedb1af661842f7a2977360003abd2af05e0f067393ddc287122bc3f583c28,full,db64bc16252937a91353058714bce25ca4f9464710583bced919b7ed97fb3be2,nsga2,fc9737bacfc850e2,6.255808710876239,3443.5028772257274,-0.19230769230769232,7.048228533435271,825.3942152012354,-0.0,0.7924198225590322,-2618.108662024492,0.19230769230769232,0.2735562310029476,0.0,0.5,412.2000000000605,False,False,True,
S025,corridor,transition,101,1060001,1,PR1_HT1_EC0,No-EC,S025@corridor@transition:i101:nsga2:s1060001:r1:PR1_HT1_EC0:fcee649143dd,79c24d8b68c20dd6cc4f88b5fd4815d867fd618cb4ef402aacd5d34ea36f9c84,p0023,v2,5caedb1af661842f7a2977360003abd2af05e0f067393ddc287122bc3f583c28,full,db64bc16252937a91353058714bce25ca4f9464710583bced919b7ed97fb3be2,nsga2,aaf842450f2bc341,6.585753725383067,2388.9216889869977,-0.18292682926829268,7.052439907808184,776.6878849484541,-0.0,0.46668618242511695,-1612.2338040385434,0.18292682926829268,0.2693448566300342,0.0,0.5,414.97108433743756,False,False,True,
S025,corridor,transition,101,1060001,1,PR1_HT1_EC0,No-EC,S025@corridor@transition:i101:nsga2:s1060001:r1:PR1_HT1_EC0:fcee649143dd,79c24d8b68c20dd6cc4f88b5fd4815d867fd618cb4ef402aacd5d34ea36f9c84,p0024,v2,5caedb1af661842f7a2977360003abd2af05e0f067393ddc287122bc3f583c28,full,db64bc16252937a91353058714bce25ca4f9464710583bced919b7ed97fb3be2,nsga2,3a200aac0cabf280,6.536785274177634,2412.423337805002,-0.16666666666666666,7.048228533435271,825.3942152012354,-0.0,0.5114432592576366,-1587.0291226037666,0.16666666666666666,0.2735562310029476,0.0,0.5,412.2000000000605,False,False,True,
S025,corridor,transition,101,1060001,1,PR1_HT1_EC0,No-EC,S025@corridor@transition:i101:nsga2:s1060001:r1:PR1_HT1_EC0:fcee649143dd,79c24d8b68c20dd6cc4f88b5fd4815d867fd618cb4ef402aacd5d34ea36f9c84,p0025,v2,5caedb1af661842f7a2977360003abd2af05e0f067393ddc287122bc3f583c28,full,db64bc16252937a91353058714bce25ca4f9464710583bced919b7ed97fb3be2,nsga2,1946b47b0a378817,6.533343815810775,2435.9249866230066,-0.16666666666666666,7.048228533435271,825.3942152012354,-0.0,0.5148847176244962,-1610.530771421771,0.16666666666666666,0.2735562310029476,0.0,0.5,412.2000000000605,False,False,True,
S025,corridor,transition,101,1060001,1,PR1_HT1_EC0,No-EC,S025@corridor@transition:i101:nsga2:s1060001:r1:PR1_HT1_EC0:fcee649143dd,79c24d8b68c20dd6cc4f88b5fd4815d867fd618cb4ef402aacd5d34ea36f9c84,p0026,v2,5caedb1af661842f7a2977360003abd2af05e0f067393ddc287122bc3f583c28,full,db64bc16252937a91353058714bce25ca4f9464710583bced919b7ed97fb3be2,nsga2,aa19ecd037343251,6.249856845779573,3374.629141209726,-0.16666666666666666,7.048228533435271,825.3942152012354,-0.0,0.7983716876556981,-2549.2349260084907,0.16666666666666666,0.2735562310029476,0.0,0.5,412.2000000000605,False,False,True,
S025,corridor,transition,101,1060001,1,PR1_HT1_EC0,No-EC,S025@corridor@transition:i101:nsga2:s1060001:r1:PR1_HT1_EC0:fcee649143dd,79c24d8b68c20dd6cc4f88b5fd4815d867fd618cb4ef402aacd5d34ea36f9c84,p0027,v2,5caedb1af661842f7a2977360003abd2af05e0f067393ddc287122bc3f583c28,full,db64bc16252937a91353058714bce25ca4f9464710583bced919b7ed97fb3be2,nsga2,043aa8b9d211db22,6.616349861970663,2388.3779521743268,-0.12195121951219512,7.052439907808184,776.6878849484541,-0.0,0.43609004583752053,-1611.6900672258726,0.12195121951219512,0.2693448566300342,0.0,0.5,414.97108433743756,False,False,True,
S025,corridor,transition,101,1060001,1,PR1_HT1_EC0,No-EC,S025@corridor@transition:i101:nsga2:s1060001:r1:PR1_HT1_EC0:fcee649143dd,79c24d8b68c20dd6cc4f88b5fd4815d867fd618cb4ef402aacd5d34ea36f9c84,p0028,v2,5caedb1af661842f7a2977360003abd2af05e0f067393ddc287122bc3f583c28,full,db64bc16252937a91353058714bce25ca4f9464710583bced919b7ed97fb3be2,nsga2,947386b43aadff72,6.904635258359354,704.0078882202506,-0.0,7.093821238602444,662.8880148216786,-0.0,0.18918598024308952,-41.119873398572054,0.0,0.24316109422483215,0.0,0.6666666666666666,432.2000000000605,False,False,True,
S025,corridor,transition,101,1060001,1,PR1_HT1_EC0,No-EC,S025@corridor@transition:i101:nsga2:s1060001:r1:PR1_HT1_EC0:fcee649143dd,79c24d8b68c20dd6cc4f88b5fd4815d867fd618cb4ef402aacd5d34ea36f9c84,p0029,v2,5caedb1af661842f7a2977360003abd2af05e0f067393ddc287122bc3f583c28,full,db64bc16252937a91353058714bce25ca4f9464710583bced919b7ed97fb3be2,nsga2,8ce9b0c32db37d16,6.604064881554189,2285.8554872748778,-0.0,7.052439907808184,774.7971176619396,-0.0,0.44837502625399495,-1511.0583696129381,0.0,0.2693448566300342,0.0,0.5,414.97108433743756,False,False,True,
S025,corridor,transition,101,1060001,1,PR1_HT1_EC0,No-EC,S025@corridor@transition:i101:nsga2:s1060001:r1:PR1_HT1_EC0:fcee649143dd,79c24d8b68c20dd6cc4f88b5fd4815d867fd618cb4ef402aacd5d34ea36f9c84,p0030,v2,5caedb1af661842f7a2977360003abd2af05e0f067393ddc287122bc3f583c28,full,db64bc16252937a91353058714bce25ca4f9464710583bced919b7ed97fb3be2,nsga2,5158fd3aa05e6f2d,6.5701306526149725,2333.7103012192733,-0.0,7.048228533435271,821.8004152979488,-0.0,0.47809788082029847,-1511.9098859213245,0.0,0.2735562310029476,0.0,0.5,412.2000000000605,False,False,True,
S025,corridor,transition,101,1060001,1,PR1_HT1_EC0,No-EC,S025@corridor@transition:i101:nsga2:s1060001:r1:PR1_HT1_EC0:fcee649143dd,79c24d8b68c20dd6cc4f88b5fd4815d867fd618cb4ef402aacd5d34ea36f9c84,p0031,v2,5caedb1af661842f7a2977360003abd2af05e0f067393ddc287122bc3f583c28,full,db64bc16252937a91353058714bce25ca4f9464710583bced919b7ed97fb3be2,nsga2,d6a9e3ba52323427,6.574284669348502,2311.0601687096546,-0.0,7.048228533435271,823.5034479147209,-0.0,0.4739438640867686,-1487.5567207949337,0.0,0.2735562310029476,0.0,0.5,412.2000000000605,False,False,True,
S025,corridor,transition,101,1060001,1,PR1_HT1_EC0,No-EC,S025@corridor@transition:i101:nsga2:s1060001:r1:PR1_HT1_EC0:fcee649143dd,79c24d8b68c20dd6cc4f88b5fd4815d867fd618cb4ef402aacd5d34ea36f9c84,p0032,v2,5caedb1af661842f7a2977360003abd2af05e0f067393ddc287122bc3f583c28,full,db64bc16252937a91353058714bce25ca4f9464710583bced919b7ed97fb3be2,nsga2,f2aa96908f6d8998,6.874240121581239,1149.6055622140414,-0.0,7.093821238602444,662.8880148216786,-0.0,0.21958111702120497,-486.7175473923628,0.0,0.24316109422483215,0.0,0.6666666666666666,432.2000000000605,False,False,True,
S025,corridor,transition,101,1060001,1,PR1_HT1_EC0,No-EC,S025@corridor@transition:i101:nsga2:s1060001:r1:PR1_HT1_EC0:fcee649143dd,79c24d8b68c20dd6cc4f88b5fd4815d867fd618cb4ef402aacd5d34ea36f9c84,p0033,v2,5caedb1af661842f7a2977360003abd2af05e0f067393ddc287122bc3f583c28,full,db64bc16252937a91353058714bce25ca4f9464710583bced919b7ed97fb3be2,nsga2,8d5a63dcd227d2d2,6.880831837991047,1055.598966942023,-0.0,7.093821238602444,662.8880148216786,-0.0,0.21298940061139682,-392.7109521203445,0.0,0.24316109422483215,0.0,0.6666666666666666,432.2000000000605,False,False,True,
S025,corridor,transition,101,1060001,1,PR1_HT1_EC0,No-EC,S025@corridor@transition:i101:nsga2:s1060001:r1:PR1_HT1_EC0:fcee649143dd,79c24d8b68c20dd6cc4f88b5fd4815d867fd618cb4ef402aacd5d34ea36f9c84,p0034,v2,5caedb1af661842f7a2977360003abd2af05e0f067393ddc287122bc3f583c28,full,db64bc16252937a91353058714bce25ca4f9464710583bced919b7ed97fb3be2,nsga2,095f1a4c37cef303,6.770420588128572,1860.5995778659335,-0.0,7.093821238602444,662.8880148216786,-0.0,0.32340065047387156,-1197.711563044255,0.0,0.24316109422483215,0.0,0.6666666666666666,432.2000000000605,False,False,True,
S025,corridor,transition,101,1060001,1,PR1_HT1_EC0,No-EC,S025@corridor@transition:i101:nsga2:s1060001:r1:PR1_HT1_EC0:fcee649143dd,79c24d8b68c20dd6cc4f88b5fd4815d867fd618cb4ef402aacd5d34ea36f9c84,p0035,v2,5caedb1af661842f7a2977360003abd2af05e0f067393ddc287122bc3f583c28,full,db64bc16252937a91353058714bce25ca4f9464710583bced919b7ed97fb3be2,nsga2,ebfe678f1d3ea05d,6.773899549567069,1841.3555105898593,-0.0,7.093821238602444,662.8880148216786,-0.0,0.31992168903537443,-1178.4674957681807,0.0,0.24316109422483215,0.0,0.6666666666666666,432.2000000000605,False,False,True,
S025,corridor,transition,101,1060001,1,PR1_HT1_EC0,No-EC,S025@corridor@transition:i101:nsga2:s1060001:r1:PR1_HT1_EC0:fcee649143dd,79c24d8b68c20dd6cc4f88b5fd4815d867fd618cb4ef402aacd5d34ea36f9c84,p0036,v2,5caedb1af661842f7a2977360003abd2af05e0f067393ddc287122bc3f583c28,full,db64bc16252937a91353058714bce25ca4f9464710583bced919b7ed97fb3be2,nsga2,8639fedc8a1c58a1,6.688787063147219,2070.2997547997456,-0.0,7.078623670213386,743.1957313681997,-0.0,0.38983660706616696,-1327.104023431546,0.0,0.2583586626138899,0.0,0.5,422.2000000000605,False,False,True,
S025,corridor,transition,101,1060001,1,PR1_HT1_EC0,No-EC,S025@corridor@transition:i101:nsga2:s1060001:r1:PR1_HT1_EC0:fcee649143dd,79c24d8b68c20dd6cc4f88b5fd4815d867fd618cb4ef402aacd5d34ea36f9c84,p0037,v2,5caedb1af661842f7a2977360003abd2af05e0f067393ddc287122bc3f583c28,full,db64bc16252937a91353058714bce25ca4f9464710583bced919b7ed97fb3be2,nsga2,a22e679368923521,6.684117930690247,2159.911800958638,-0.0,7.078623670213386,743.1957313681997,-0.0,0.3945057395231384,-1416.7160695904386,0.0,0.2583586626138899,0.0,0.5,422.2000000000605,False,False,True,
S025,corridor,transition,101,1060001,1,PR1_HT1_EC0,No-EC,S025@corridor@transition:i101:nsga2:s1060001:r1:PR1_HT1_EC0:fcee649143dd,79c24d8b68c20dd6cc4f88b5fd4815d867fd618cb4ef402aacd5d34ea36f9c84,p0038,v2,5caedb1af661842f7a2977360003abd2af05e0f067393ddc287122bc3f583c28,full,db64bc16252937a91353058714bce25ca4f9464710583bced919b7ed97fb3be2,nsga2,3dadf5e3f47ea6ef,6.792509897502747,1817.0023454634686,-0.0,7.093821238602444,662.8880148216786,-0.0,0.30131134109969704,-1154.11433064179,0.0,0.24316109422483215,0.0,0.6666666666666666,432.2000000000605,False,False,True,
S025,corridor,transition,101,1060001,1,PR1_HT1_EC0,No-EC,S025@corridor@transition:i101:nsga2:s1060001:r1:PR1_HT1_EC0:fcee649143dd,79c24d8b68c20dd6cc4f88b5fd4815d867fd618cb4ef402aacd5d34ea36f9c84,p0039,v2,5caedb1af661842f7a2977360003abd2af05e0f067393ddc287122bc3f583c28,full,db64bc16252937a91353058714bce25ca4f9464710583bced919b7ed97fb3be2,nsga2,3a9af4cd4ff90ef9,6.716998024736528,2012.0897775835226,-0.0,7.078623670213386,718.8425662418092,-0.0,0.3616256454768578,-1293.2472113417134,0.0,0.2583586626138899,0.0,0.5,422.2000000000605,False,False,True,
S025,corridor,transition,101,1060001,1,PR1_HT1_EC1,Full,S025@corridor@transition:i101:nsga2:s1060001:r1:PR1_HT1_EC1:5981db62a04a,79c24d8b68c20dd6cc4f88b5fd4815d867fd618cb4ef402aacd5d34ea36f9c84,p0001,v2,db64bc16252937a91353058714bce25ca4f9464710583bced919b7ed97fb3be2,full,db64bc16252937a91353058714bce25ca4f9464710583bced919b7ed97fb3be2,nsga2,d68de0edc8e5a9f5,6.819450198209346,1242.6058387527426,-0.0,6.819450198209346,1242.6058387527426,-0.0,0.0,0.0,0.0,0.332881678690351,0.0,0.5,373.1638554217491,False,True,True,
S025,corridor,transition,101,1060001,1,PR1_HT1_EC1,Full,S025@corridor@transition:i101:nsga2:s1060001:r1:PR1_HT1_EC1:5981db62a04a,79c24d8b68c20dd6cc4f88b5fd4815d867fd618cb4ef402aacd5d34ea36f9c84,p0002,v2,db64bc16252937a91353058714bce25ca4f9464710583bced919b7ed97fb3be2,full,db64bc16252937a91353058714bce25ca4f9464710583bced919b7ed97fb3be2,nsga2,5d4cf4d372a4048a,6.916515930942219,1078.3611295928185,-0.0,6.916515930942219,1078.3611295928185,-0.0,0.0,0.0,0.0,0.2891416330587555,0.0,0.3333333333333333,401.9448054473389,False,True,True,
S025,corridor,transition,101,1060001,1,PR1_HT1_EC1,Full,S025@corridor@transition:i101:nsga2:s1060001:r1:PR1_HT1_EC1:5981db62a04a,79c24d8b68c20dd6cc4f88b5fd4815d867fd618cb4ef402aacd5d34ea36f9c84,p0003,v2,db64bc16252937a91353058714bce25ca4f9464710583bced919b7ed97fb3be2,full,db64bc16252937a91353058714bce25ca4f9464710583bced919b7ed97fb3be2,nsga2,01a73c1572d449c7,6.926394350395106,1076.6309956221558,-0.0,6.926394350395106,1076.6309956221558,-0.0,0.0,0.0,0.0,0.2891416330587555,0.0,0.3333333333333333,401.9448054473389,False,True,True,
S025,corridor,transition,101,1060001,1,PR1_HT1_EC1,Full,S025@corridor@transition:i101:nsga2:s1060001:r1:PR1_HT1_EC1:5981db62a04a,79c24d8b68c20dd6cc4f88b5fd4815d867fd618cb4ef402aacd5d34ea36f9c84,p0004,v2,db64bc16252937a91353058714bce25ca4f9464710583bced919b7ed97fb3be2,full,db64bc16252937a91353058714bce25ca4f9464710583bced919b7ed97fb3be2,nsga2,a3d99c41e465de13,6.827594983010299,1184.3027349587906,-0.0,6.827594983010299,1184.3027349587906,-0.0,0.0,0.0,0.0,0.32556085844074956,0.0,0.3333333333333333,377.98095514598685,False,True,True,
S025,corridor,transition,101,1060001,1,PR1_HT1_EC1,Full,S025@corridor@transition:i101:nsga2:s1060001:r1:PR1_HT1_EC1:5981db62a04a,79c24d8b68c20dd6cc4f88b5fd4815d867fd618cb4ef402aacd5d34ea36f9c84,p0005,v2,db64bc16252937a91353058714bce25ca4f9464710583bced919b7ed97fb3be2,full,db64bc16252937a91353058714bce25ca4f9464710583bced919b7ed97fb3be2,nsga2,cd18f4daab890a5c,6.90891714674769,1169.5901961316183,-0.0,6.90891714674769,1169.5901961316183,-0.0,0.0,0.0,0.0,0.29674041725328437,0.0,0.3333333333333333,396.9448054473389,False,True,True,
S025,corridor,transition,101,1060001,1,PR1_HT1_EC1,Full,S025@corridor@transition:i101:nsga2:s1060001:r1:PR1_HT1_EC1:5981db62a04a,79c24d8b68c20dd6cc4f88b5fd4815d867fd618cb4ef402aacd5d34ea36f9c84,p0006,v2,db64bc16252937a91353058714bce25ca4f9464710583bced919b7ed97fb3be2,full,db64bc16252937a91353058714bce25ca4f9464710583bced919b7ed97fb3be2,nsga2,90ef2f3fe6865887,6.811851414014816,1381.5544924120095,-0.0,6.811851414014816,1381.5544924120095,-0.0,0.0,0.0,0.0,0.3404804628848799,0.0,0.3333333333333333,368.1638554217491,True,True,True,
S025,corridor,transition,101,1060001,1,PR1_HT1_EC1,Full,S025@corridor@transition:i101:nsga2:s1060001:r1:PR1_HT1_EC1:5981db62a04a,79c24d8b68c20dd6cc4f88b5fd4815d867fd618cb4ef402aacd5d34ea36f9c84,p0007,v2,db64bc16252937a91353058714bce25ca4f9464710583bced919b7ed97fb3be2,full,db64bc16252937a91353058714bce25ca4f9464710583bced919b7ed97fb3be2,nsga2,0d237c9f0eaf13b7,6.96996105623165,882.2236576375433,-0.0,6.96996105623165,882.2236576375433,-0.0,0.0,0.0,0.0,0.30395136778106,0.0,0.5,392.2000000000626,False,True,True,
S025,corridor,transition,101,1060001,1,PR1_HT1_EC1,Full,S025@corridor@transition:i101:nsga2:s1060001:r1:PR1_HT1_EC1:5981db62a04a,79c24d8b68c20dd6cc4f88b5fd4815d867fd618cb4ef402aacd5d34ea36f9c84,p0008,v2,db64bc16252937a91353058714bce25ca4f9464710583bced919b7ed97fb3be2,full,db64bc16252937a91353058714bce25ca4f9464710583bced919b7ed97fb3be2,nsga2,762411102c43b8bc,7.014656996766921,811.7187111835295,-0.0,7.014656996766921,811.7187111835295,-0.0,0.0,0.0,0.0,0.27106558581323154,0.0,0.5,413.8388445348937,False,True,True,
S025,corridor,transition,101,1060001,1,PR1_HT1_EC1,Full,S025@corridor@transition:i101:nsga2:s1060001:r1:PR1_HT1_EC1:5981db62a04a,79c24d8b68c20dd6cc4f88b5fd4815d867fd618cb4ef402aacd5d34ea36f9c84,p0009,v2,db64bc16252937a91353058714bce25ca4f9464710583bced919b7ed97fb3be2,full,db64bc16252937a91353058714bce25ca4f9464710583bced919b7ed97fb3be2,nsga2,9f3ac71ae2953e80,6.979839475684511,880.4935236668807,-0.0,6.979839475684511,880.4935236668807,-0.0,0.0,0.0,0.0,0.30395136778106313,0.0,0.5,392.2000000000605,False,True,True,
S025,corridor,transition,101,1060001,1,PR1_HT1_EC1,Full,S025@corridor@transition:i101:nsga2:s1060001:r1:PR1_HT1_EC1:5981db62a04a,79c24d8b68c20dd6cc4f88b5fd4815d867fd618cb4ef402aacd5d34ea36f9c84,p0010,v2,db64bc16252937a91353058714bce25ca4f9464710583bced919b7ed97fb3be2,full,db64bc16252937a91353058714bce25ca4f9464710583bced919b7ed97fb3be2,nsga2,234b055ba55fd2f7,7.024535416219781,809.9885772128671,-0.0,7.024535416219781,809.9885772128671,-0.0,0.0,0.0,0.0,0.27106558581323464,0.0,0.5,413.8388445348917,False,True,True,
S025,corridor,transition,101,1060001,1,PR1_HT1_EC1,Full,S025@corridor@transition:i101:nsga2:s1060001:r1:PR1_HT1_EC1:5981db62a04a,79c24d8b68c20dd6cc4f88b5fd4815d867fd618cb4ef402aacd5d34ea36f9c84,p0011,v2,db64bc16252937a91353058714bce25ca4f9464710583bced919b7ed97fb3be2,full,db64bc16252937a91353058714bce25ca4f9464710583bced919b7ed97fb3be2,nsga2,d3ada5a0ccb00119,7.083942819149582,664.6181487923411,-0.0,7.083942819149582,664.6181487923411,-0.0,0.0,0.0,0.0,0.24316109422482904,0.0,0.6666666666666666,432.2000000000626,False,True,True,
S025,corridor,transition,101,1060001,1,PR1_HT1_EC1,Full,S025@corridor@transition:i101:nsga2:s1060001:r1:PR1_HT1_EC1:5981db62a04a,79c24d8b68c20dd6cc4f88b5fd4815d867fd618cb4ef402aacd5d34ea36f9c84,p0012,v2,db64bc16252937a91353058714bce25ca4f9464710583bced919b7ed97fb3be2,full,db64bc16252937a91353058714bce25ca4f9464710583bced919b7ed97fb3be2,nsga2,3a187a1e0f6de221,7.093821238602444,662.8880148216786,-0.0,7.093821238602444,662.8880148216786,-0.0,0.0,0.0,0.0,0.24316109422483215,0.0,0.6666666666666666,432.2000000000605,False,True,True,
S025,corridor,transition,101,1060001,1,PR1_HT1_EC1,Full,S025@corridor@transition:i101:nsga2:s1060001:r1:PR1_HT1_EC1:5981db62a04a,79c24d8b68c20dd6cc4f88b5fd4815d867fd618cb4ef402aacd5d34ea36f9c84,p0013,v2,db64bc16252937a91353058714bce25ca4f9464710583bced919b7ed97fb3be2,full,db64bc16252937a91353058714bce25ca4f9464710583bced919b7ed97fb3be2,nsga2,c35e743c090a05fe,7.052439907808184,774.7971176619396,-0.0,7.052439907808184,774.7971176619396,-0.0,0.0,0.0,0.0,0.2693448566300342,0.0,0.5,414.97108433743756,False,True,True,
S025,corridor,transition,101,1060001,1,PR1_HT1_EC1,Full,S025@corridor@transition:i101:nsga2:s1060001:r1:PR1_HT1_EC1:5981db62a04a,79c24d8b68c20dd6cc4f88b5fd4815d867fd618cb4ef402aacd5d34ea36f9c84,p0014,v2,db64bc16252937a91353058714bce25ca4f9464710583bced919b7ed97fb3be2,full,db64bc16252937a91353058714bce25ca4f9464710583bced919b7ed97fb3be2,nsga2,930d64555993e9b1,7.042561488355323,776.5272516326022,-0.0,7.042561488355323,776.5272516326022,-0.0,0.0,0.0,0.0,0.2693448566300311,0.0,0.5,414.9710843374396,False,True,True,
S025,corridor,transition,101,1060001,1,PR1_HT1_EC1,Full,S025@corridor@transition:i101:nsga2:s1060001:r1:PR1_HT1_EC1:5981db62a04a,79c24d8b68c20dd6cc4f88b5fd4815d867fd618cb4ef402aacd5d34ea36f9c84,p0015,v2,db64bc16252937a91353058714bce25ca4f9464710583bced919b7ed97fb3be2,full,db64bc16252937a91353058714bce25ca4f9464710583bced919b7ed97fb3be2,nsga2,8cb6c742b636ed63,7.068745250760525,720.5727002124717,-0.0,7.068745250760525,720.5727002124717,-0.0,0.0,0.0,0.0,0.2583586626138868,0.0,0.5,422.2000000000626,False,True,True,
S025,corridor,transition,101,1060001,1,PR1_HT1_EC1,Full,S025@corridor@transition:i101:nsga2:s1060001:r1:PR1_HT1_EC1:5981db62a04a,79c24d8b68c20dd6cc4f88b5fd4815d867fd618cb4ef402aacd5d34ea36f9c84,p0016,v2,db64bc16252937a91353058714bce25ca4f9464710583bced919b7ed97fb3be2,full,db64bc16252937a91353058714bce25ca4f9464710583bced919b7ed97fb3be2,nsga2,f5e367dc90be133b,7.078623670213386,718.8425662418092,-0.0,7.078623670213386,718.8425662418092,-0.0,0.0,0.0,0.0,0.2583586626138899,0.0,0.5,422.2000000000605,False,True,True,
S025,corridor,transition,102,1070000,0,PR0_HT1_EC1,No-PR,S025@corridor@transition:i102:nsga2:s1070000:r0:PR0_HT1_EC1:9d86b7f399ae,99da49bc5facfcdb946cf238748a769dea3acd25be847396ffc15775a1845096,p0001,v2,46c2d5b92ef737da2655e149e036f5597cea2534700495447e71edd15f3f7a02,full,20d3574204c9ed9e876d9e02c02661de02d337f4f82e2b26129e7b0c783d9749,nsga2,ec28acedbe95bb7e,4.721005461811413,3379.002190434665,-0.8755301794452158,4.390306411130979,4093.0598151529225,-0.8755301794452158,-0.33069905068043415,714.0576247182576,0.0,0.8999999999998918,0.8755301794452158,0.0,8.267875273304526e-11,True,False,True,
S025,corridor,transition,102,1070000,0,PR0_HT1_EC1,No-PR,S025@corridor@transition:i102:nsga2:s1070000:r0:PR0_HT1_EC1:9d86b7f399ae,99da49bc5facfcdb946cf238748a769dea3acd25be847396ffc15775a1845096,p0002,v2,46c2d5b92ef737da2655e149e036f5597cea2534700495447e71edd15f3f7a02,full,20d3574204c9ed9e876d9e02c02661de02d337f4f82e2b26129e7b0c783d9749,nsga2,4c41b061ed00adfe,5.5048838007583205,3021.5112349976353,-0.7329842931937173,5.190415718365358,3445.4862932207698,-0.7853403141361257,-0.3144680823929624,423.9750582231345,-0.05235602094240843,0.8464918367591251,0.7853403141361257,0.0,40.82672855278756,False,False,True,
S025,corridor,transition,102,1070000,0,PR0_HT1_EC1,No-PR,S025@corridor@transition:i102:nsga2:s1070000:r0:PR0_HT1_EC1:9d86b7f399ae,99da49bc5facfcdb946cf238748a769dea3acd25be847396ffc15775a1845096,p0003,v2,46c2d5b92ef737da2655e149e036f5597cea2534700495447e71edd15f3f7a02,full,20d3574204c9ed9e876d9e02c02661de02d337f4f82e2b26129e7b0c783d9749,nsga2,60a7a71ada2129d6,5.424413063384044,2953.8747974467756,-0.7258064516129032,5.184052788449702,3368.1875074483582,-0.7661290322580645,-0.24036027493434187,414.3127100015827,-0.040322580645161255,0.8471026696190072,0.7661290322580645,0.0,40.360663080697606,False,False,True,
S025,corridor,transition,102,1070000,0,PR0_HT1_EC1,No-PR,S025@corridor@transition:i102:nsga2:s1070000:r0:PR0_HT1_EC1:9d86b7f399ae,99da49bc5facfcdb946cf238748a769dea3acd25be847396ffc15775a1845096,p0004,v2,46c2d5b92ef737da2655e149e036f5597cea2534700495447e71edd15f3f7a02,full,20d3574204c9ed9e876d9e02c02661de02d337f4f82e2b26129e7b0c783d9749,nsga2,52ef437ad6c398de,5.669043720861626,2924.261575483772,-0.5645161290322581,5.2798583583346925,3325.3417910280573,-0.6451612903225806,-0.38918536252693325,401.08021554428524,-0.08064516129032251,0.7989646196160911,0.6451612903225806,0.0,77.08999523292242,False,False,True,
S025,corridor,transition,102,1070000,0,PR0_HT1_EC1,No-PR,S025@corridor@transition:i102:nsga2:s1070000:r0:PR0_HT1_EC1:9d86b7f399ae,99da49bc5facfcdb946cf238748a769dea3acd25be847396ffc15775a1845096,p0005,v2,46c2d5b92ef737da2655e149e036f5597cea2534700495447e71edd15f3f7a02,full,20d3574204c9ed9e876d9e02c02661de02d337f4f82e2b26129e7b0c783d9749,nsga2,5463c3984578e4ce,6.550311645636121,2000.087875344111,-0.4435483870967742,6.259273794908312,2879.73606722791,-0.4032258064516129,-0.2910378507278093,879.6481918837992,0.04032258064516131,0.6081318006639365,0.4032258064516129,0.0,222.69543609341645,False,False,True,
S025,corridor,transition,102,1070000,0,PR0_HT1_EC1,No-PR,S025@corridor@transition:i102:nsga2:s1070000:r0:PR0_HT1_EC1:9d86b7f399ae,99da49bc5facfcdb946cf238748a769dea3acd25be847396ffc15775a1845096,p0006,v2,46c2d5b92ef737da2655e149e036f5597cea2534700495447e71edd15f3f7a02,full,20d3574204c9ed9e876d9e02c02661de02d337f4f82e2b26129e7b0c783d9749,nsga2,72b77703bba2f71c,6.925979801821777,1481.820767861317,-0.28225806451612906,6.770896936374542,1905.7958260844514,-0.28225806451612906,-0.15508286544723493,423.9750582231343,0.0,0.4866417255030375,0.28225806451612906,0.0,315.3923634411824,False,False,True,
S025,corridor,transition,102,1070000,0,PR0_HT1_EC1,No-PR,S025@corridor@transition:i102:nsga2:s1070000:r0:PR0_HT1_EC1:9d86b7f399ae,99da49bc5facfcdb946cf238748a769dea3acd25be847396ffc15775a1845096,p0007,v2,46c2d5b92ef737da2655e149e036f5597cea2534700495447e71edd15f3f7a02,full,20d3574204c9ed9e876d9e02c02661de02d337f4f82e2b26129e7b0c783d9749,nsga2,3ba76f66ba8fbcc3,6.957419619319288,1476.6765051013667,-0.16129032258064516,6.762755129787318,1877.756720645652,-0.24193548387096775,-0.19466448953197002,401.08021554428524,-0.08064516129032259,0.486078046437685,0.24193548387096775,0.0,315.82245056804635,False,False,True,
S025,corridor,transition,102,1070000,0,PR0_HT1_EC1,No-PR,S025@corridor@transition:i102:nsga2:s1070000:r0:PR0_HT1_EC1:9d86b7f399ae,99da49bc5facfcdb946cf238748a769dea3acd25be847396ffc15775a1845096,p0008,v2,46c2d5b92ef737da2655e149e036f5597cea2534700495447e71edd15f3f7a02,full,20d3574204c9ed9e876d9e02c02661de02d337f4f82e2b26129e7b0c783d9749,nsga2,656e6c66558a6b26,6.970280341067012,1473.287941005166,-0.1282051282051282,6.773533906523888,1876.6271992802517,-0.21367521367521367,-0.19674643454312335,403.33925827508574,-0.08547008547008547,0.47961449226506037,0.21367521367521367,0.0,320.75414240175894,False,False,True,
S025,corridor,transition,102,1070000,0,PR0_HT1_EC1,No-PR,S025@corridor@transition:i102:nsga2:s1070000:r0:PR0_HT1_EC1:9d86b7f399ae,99da49bc5facfcdb946cf238748a769dea3acd25be847396ffc15775a1845096,p0009,v2,46c2d5b92ef737da2655e149e036f5597cea2534700495447e71edd15f3f7a02,full,20d3574204c9ed9e876d9e02c02661de02d337f4f82e2b26129e7b0c783d9749,nsga2,4bb5cd5086b1a2f1,7.1754849956214795,1008.6780196162929,-0.12096774193548387,6.97350062374059,1866.8995229026482,-0.08064516129032258,-0.20198437188088914,858.2215032863553,0.040322580645161296,0.39568451002000316,0.08064516129032258,0.0,384.7927188547376,False,False,True,
S025,corridor,transition,102,1070000,0,PR0_HT1_EC1,No-PR,S025@corridor@transition:i102:nsga2:s1070000:r0:PR0_HT1_EC1:9d86b7f399ae,99da49bc5facfcdb946cf238748a769dea3acd25be847396ffc15775a1845096,p0010,v2,46c2d5b92ef737da2655e149e036f5597cea2534700495447e71edd15f3f7a02,full,20d3574204c9ed9e876d9e02c02661de02d337f4f82e2b26129e7b0c783d9749,nsga2,ad316931e7926ee3,7.187094530406259,1001.9046928767319,-0.042735042735042736,6.944844794472122,1841.643126274274,-0.17094017094017094,-0.2422497359341369,839.738433397542,-0.1282051282051282,0.4166813925482849,0.17094017094017094,0.0,368.7720974856586,False,False,True,
S025,corridor,transition,102,1070000,0,PR0_HT1_EC1,No-PR,S025@corridor@transition:i102:nsga2:s1070000:r0:PR0_HT1_EC1:9d86b7f399ae,99da49bc5facfcdb946cf238748a769dea3acd25be847396ffc15775a1845096,p0011,v2,46c2d5b92ef737da2655e149e036f5597cea2534700495447e71edd15f3f7a02,full,20d3574204c9ed9e876d9e02c02661de02d337f4f82e2b26129e7b0c783d9749,nsga2,36e6ed63c47e90d1,7.299694189603029,497.23063206382767,-0.0,7.299694189603029,497.23063206382767,-0.0,0.0,0.0,0.0,0.19659239842719517,0.0,0.6666666666666666,536.7000000000501,False,False,True,
S025,corridor,transition,102,1070000,0,PR1_HT0_EC1,No-HT,S025@corridor@transition:i102:nsga2:s1070000:r0:PR1_HT0_EC1:0f8ad9cd5a7c,99da49bc5facfcdb946cf238748a769dea3acd25be847396ffc15775a1845096,p0001,v2,507c2d900a3414a5b2df832d411e0a39fad4d57ca595dc445f8b1a1e106c15c2,full,20d3574204c9ed9e876d9e02c02661de02d337f4f82e2b26129e7b0c783d9749,nsga2,f8f445298b19c215,3.8955387140397315,3973.8086358110254,-0.8977095516567817,4.41475627668421,4308.805944621714,-0.8755301794452233,0.5192175626444788,334.99730881068854,0.022179372211558412,0.8999999999998975,0.8755301794452233,0.0,7.818812264304142e-11,True,False,True,
S025,corridor,transition,102,1070000,0,PR1_HT0_EC1,No-HT,S025@corridor@transition:i102:nsga2:s1070000:r0:PR1_HT0_EC1:0f8ad9cd5a7c,99da49bc5facfcdb946cf238748a769dea3acd25be847396ffc15775a1845096,p0002,v2,507c2d900a3414a5b2df832d411e0a39fad4d57ca595dc445f8b1a1e106c15c2,full,20d3574204c9ed9e876d9e02c02661de02d337f4f82e2b26129e7b0c783d9749,nsga2,5739e6a4f96f9e90,3.8416230724186136,3829.589963642787,-0.8950385356453656,4.390306411130979,4094.129388269757,-0.8755301794452158,0.5486833387123653,264.5394246269698,0.01950835620014979,0.8999999999998918,0.8755301794452158,0.0,8.267875273304526e-11,False,False,True,
S025,corridor,transition,102,1070000,0,PR1_HT0_EC1,No-HT,S025@corridor@transition:i102:nsga2:s1070000:r0:PR1_HT0_EC1:0f8ad9cd5a7c,99da49bc5facfcdb946cf238748a769dea3acd25be847396ffc15775a1845096,p0003,v2,507c2d900a3414a5b2df832d411e0a39fad4d57ca595dc445f8b1a1e106c15c2,full,20d3574204c9ed9e876d9e02c02661de02d337f4f82e2b26129e7b0c783d9749,nsga2,23269c5aa98a08a6,4.721005461811413,3403.5760776553984,-0.8755301794452158,5.184052788449702,3366.2622758380558,-0.7661290322580645,0.4630473266382893,-37.313801817342664,0.10940114718715133,0.8471026696190072,0.7661290322580645,0.0,40.360663080697606,False,False,True,
S025,corridor,transition,102,1070000,0,PR1_HT0_EC1,No-HT,S025@corridor@transition:i102:nsga2:s1070000:r0:PR1_HT0_EC1:0f8ad9cd5a7c,99da49bc5facfcdb946cf238748a769dea3acd25be847396ffc15775a1845096,p0004,v2,507c2d900a3414a5b2df832d411e0a39fad4d57ca595dc445f8b1a1e106c15c2,full,20d3574204c9ed9e876d9e02c02661de02d337f4f82e2b26129e7b0c783d9749,nsga2,5d0aa9318c44eb59,5.721517584140953,3182.4975390530453,-0.6629834254143646,6.2160134396678774,2915.286347402637,-0.4972375690607735,0.49449585552692454,-267.2111916504082,0.16574585635359113,0.6294406714093957,0.4972375690607735,0.0,206.43676771463106,False,False,True,
S025,corridor,transition,102,1070000,0,PR1_HT0_EC1,No-HT,S025@corridor@transition:i102:nsga2:s1070000:r0:PR1_HT0_EC1:0f8ad9cd5a7c,99da49bc5facfcdb946cf238748a769dea3acd25be847396ffc15775a1845096,p0005,v2,507c2d900a3414a5b2df832d411e0a39fad4d57ca595dc445f8b1a1e106c15c2,full,20d3574204c9ed9e876d9e02c02661de02d337f4f82e2b26129e7b0c783d9749,nsga2,6fb8966c6bcdbb5d,5.649416910223626,3022.898246126714,-0.6451612903225806,6.259273794908312,2879.73606722791,-0.4032258064516129,0.6098568846846861,-143.1621788988041,0.24193548387096775,0.6081318006639365,0.4032258064516129,0.0,222.69543609341645,False,False,True,
S025,corridor,transition,102,1070000,0,PR1_HT0_EC1,No-HT,S025@corridor@transition:i102:nsga2:s1070000:r0:PR1_HT0_EC1:0f8ad9cd5a7c,99da49bc5facfcdb946cf238748a769dea3acd25be847396ffc15775a1845096,p0006,v2,507c2d900a3414a5b2df832d411e0a39fad4d57ca595dc445f8b1a1e106c15c2,full,20d3574204c9ed9e876d9e02c02661de02d337f4f82e2b26129e7b0c783d9749,nsga2,c5c638d5c3d9a663,6.212938811562757,2421.42530897767,-0.4838709677419355,6.579577978045817,2281.394366073197,-0.3225806451612903,0.3666391664830604,-140.0309429044728,0.16129032258064518,0.5371069558912358,0.3225806451612903,0.0,276.88739265498714,False,False,True,
S025,corridor,transition,102,1070000,0,PR1_HT0_EC1,No-HT,S025@corridor@transition:i102:nsga2:s1070000:r0:PR1_HT0_EC1:0f8ad9cd5a7c,99da49bc5facfcdb946cf238748a769dea3acd25be847396ffc15775a1845096,p0007,v2,507c2d900a3414a5b2df832d411e0a39fad4d57ca595dc445f8b1a1e106c15c2,full,20d3574204c9ed9e876d9e02c02661de02d337f4f82e2b26129e7b0c783d9749,nsga2,3da07a52fb207450,6.550311645636121,2026.3730795517795,-0.4435483870967742,6.770896936374542,1905.7958260844514,-0.28225806451612906,0.2205852907384207,-120.57725346732809,0.16129032258064513,0.4866417255030375,0.28225806451612906,0.0,315.3923634411824,False,False,True,
S025,corridor,transition,102,1070000,0,PR1_HT0_EC1,No-HT,S025@corridor@transition:i102:nsga2:s1070000:r0:PR1_HT0_EC1:0f8ad9cd5a7c,99da49bc5facfcdb946cf238748a769dea3acd25be847396ffc15775a1845096,p0008,v2,507c2d900a3414a5b2df832d411e0a39fad4d57ca595dc445f8b1a1e106c15c2,full,20d3574204c9ed9e876d9e02c02661de02d337f4f82e2b26129e7b0c783d9749,nsga2,dc437494256d5eb6,6.27778982751454,2407.274249748641,-0.4435483870967742,6.509870318094218,2273.5170909695184,-0.3629032258064516,0.23208049057967806,-133.75715877912262,0.08064516129032256,0.5620054940501473,0.3629032258064516,0.0,257.88980803973755,False,False,True,
S025,corridor,transition,102,1070000,0,PR1_HT0_EC1,No-HT,S025@corridor@transition:i102:nsga2:s1070000:r0:PR1_HT0_EC1:0f8ad9cd5a7c,99da49bc5facfcdb946cf238748a769dea3acd25be847396ffc15775a1845096,p0009,v2,507c2d900a3414a5b2df832d411e0a39fad4d57ca595dc445f8b1a1e106c15c2,full,20d3574204c9ed9e876d9e02c02661de02d337f4f82e2b26129e7b0c783d9749,nsga2,c159294d4f9256a6,6.656859456773069,2005.117081355888,-0.3225806451612903,6.97350062374059,1866.8995229026482,-0.08064516129032258,0.3166411669675213,-138.21755845323992,0.24193548387096775,0.39568451002000316,0.08064516129032258,0.0,384.7927188547376,False,False,True,
S025,corridor,transition,102,1070000,0,PR1_HT0_EC1,No-HT,S025@corridor@transition:i102:nsga2:s1070000:r0:PR1_HT0_EC1:0f8ad9cd5a7c,99da49bc5facfcdb946cf238748a769dea3acd25be847396ffc15775a1845096,p0010,v2,507c2d900a3414a5b2df832d411e0a39fad4d57ca595dc445f8b1a1e106c15c2,full,20d3574204c9ed9e876d9e02c02661de02d337f4f82e2b26129e7b0c783d9749,nsga2,2948d6c5e756be7b,6.642930166438765,2011.5664685702777,-0.29914529914529914,6.773533906523888,1876.6271992802517,-0.21367521367521367,0.13060374008512365,-134.939269290026,0.08547008547008547,0.47961449226506037,0.21367521367521367,0.0,320.75414240175894,False,False,True,
S025,corridor,transition,102,1070000,0,PR1_HT0_EC1,No-HT,S025@corridor@transition:i102:nsga2:s1070000:r0:PR1_HT0_EC1:0f8ad9cd5a7c,99da49bc5facfcdb946cf238748a769dea3acd25be847396ffc15775a1845096,p0011,v2,507c2d900a3414a5b2df832d411e0a39fad4d57ca595dc445f8b1a1e106c15c2,full,20d3574204c9ed9e876d9e02c02661de02d337f4f82e2b26129e7b0c783d9749,nsga2,598501af70f1fd8a,7.0105582512702895,1510.426452665662,-0.16574585635359115,7.064883632643514,1577.2605149828419,-0.16574585635359115,0.05432538137322407,66.83406231717981,0.0,0.37090723038955586,0.16574585635359115,0.0,403.69778321276885,False,False,True,
S025,corridor,transition,102,1070000,0,PR1_HT0_EC1,No-HT,S025@corridor@transition:i102:nsga2:s1070000:r0:PR1_HT0_EC1:0f8ad9cd5a7c,99da49bc5facfcdb946cf238748a769dea3acd25be847396ffc15775a1845096,p0012,v2,507c2d900a3414a5b2df832d411e0a39fad4d57ca595dc445f8b1a1e106c15c2,full,20d3574204c9ed9e876d9e02c02661de02d337f4f82e2b26129e7b0c783d9749,nsga2,6e1e15960c8fcc82,7.011068519864057,1506.2993506358862,-0.16574585635359115,7.078000500157281,1562.0952327438893,-0.08287292817679558,0.06693198029322378,55.79588210800307,0.08287292817679558,0.35395258848556377,0.08287292817679558,0.0,416.63417498551485,False,False,True,
S025,corridor,transition,102,1070000,0,PR1_HT0_EC1,No-HT,S025@corridor@transition:i102:nsga2:s1070000:r0:PR1_HT0_EC1:0f8ad9cd5a7c,99da49bc5facfcdb946cf238748a769dea3acd25be847396ffc15775a1845096,p0013,v2,507c2d900a3414a5b2df832d411e0a39fad4d57ca595dc445f8b1a1e106c15c2,full,20d3574204c9ed9e876d9e02c02661de02d337f4f82e2b26129e7b0c783d9749,nsga2,7ed4ed42bd7131a3,6.983709717575535,1498.7167095164098,-0.16129032258064516,7.060946263450385,1599.199123961355,-0.12096774193548387,0.0772365458748494,100.48241444494533,0.04032258064516128,0.37162685559544434,0.12096774193548387,0.0,403.14870918067595,False,False,True,
S025,corridor,transition,102,1070000,0,PR1_HT0_EC1,No-HT,S025@corridor@transition:i102:nsga2:s1070000:r0:PR1_HT0_EC1:0f8ad9cd5a7c,99da49bc5facfcdb946cf238748a769dea3acd25be847396ffc15775a1845096,p0014,v2,507c2d900a3414a5b2df832d411e0a39fad4d57ca595dc445f8b1a1e106c15c2,full,20d3574204c9ed9e876d9e02c02661de02d337f4f82e2b26129e7b0c783d9749,nsga2,325e852c20eba4de,7.017812924375912,1484.3607416573727,-0.15706806282722513,7.06257565256637,1599.199123961355,-0.15706806282722513,0.04476272819045768,114.83838230398237,0.0,0.3699974664794587,0.15706806282722513,0.0,404.391933076173,False,False,True,
S025,corridor,transition,102,1070000,0,PR1_HT0_EC1,No-HT,S025@corridor@transition:i102:nsga2:s1070000:r0:PR1_HT0_EC1:0f8ad9cd5a7c,99da49bc5facfcdb946cf238748a769dea3acd25be847396ffc15775a1845096,p0015,v2,507c2d900a3414a5b2df832d411e0a39fad4d57ca595dc445f8b1a1e106c15c2,full,20d3574204c9ed9e876d9e02c02661de02d337f4f82e2b26129e7b0c783d9749,nsga2,fbf6aa8fa4067967,7.006388087290334,1493.6022766017793,-0.1282051282051282,7.056556000361754,1569.6778738633654,-0.1282051282051282,0.050167913071419434,76.07559726158615,0.0,0.3748198185957004,0.1282051282051282,0.0,400.71247841148056,False,False,True,
S025,corridor,transition,102,1070000,0,PR1_HT0_EC1,No-HT,S025@corridor@transition:i102:nsga2:s1070000:r0:PR1_HT0_EC1:0f8ad9cd5a7c,99da49bc5facfcdb946cf238748a769dea3acd25be847396ffc15775a1845096,p0016,v2,507c2d900a3414a5b2df832d411e0a39fad4d57ca595dc445f8b1a1e106c15c2,full,20d3574204c9ed9e876d9e02c02661de02d337f4f82e2b26129e7b0c783d9749,nsga2,edd5f397c069504b,7.1754849956214795,1034.9632238239615,-0.12096774193548387,7.235980720618634,919.9861425546703,-0.0,0.06049572499715428,-114.97708126929115,0.12096774193548387,0.2603058674115906,0.0,0.3333333333333333,488.08662316495634,False,False,True,
S025,corridor,transition,102,1070000,0,PR1_HT0_EC1,No-HT,S025@corridor@transition:i102:nsga2:s1070000:r0:PR1_HT0_EC1:0f8ad9cd5a7c,99da49bc5facfcdb946cf238748a769dea3acd25be847396ffc15775a1845096,p0017,v2,507c2d900a3414a5b2df832d411e0a39fad4d57ca595dc445f8b1a1e106c15c2,full,20d3574204c9ed9e876d9e02c02661de02d337f4f82e2b26129e7b0c783d9749,nsga2,845b0617d6f7862e,7.299694189603029,497.23063206382767,-0.0,7.299694189603029,497.23063206382767,-0.0,0.0,0.0,0.0,0.19659239842719517,0.0,0.6666666666666666,536.7000000000501,False,False,True,
S025,corridor,transition,102,1070000,0,PR1_HT0_EC1,No-HT,S025@corridor@transition:i102:nsga2:s1070000:r0:PR1_HT0_EC1:0f8ad9cd5a7c,99da49bc5facfcdb946cf238748a769dea3acd25be847396ffc15775a1845096,p0018,v2,507c2d900a3414a5b2df832d411e0a39fad4d57ca595dc445f8b1a1e106c15c2,full,20d3574204c9ed9e876d9e02c02661de02d337f4f82e2b26129e7b0c783d9749,nsga2,c1036326d9f0f9e4,7.207630364956373,889.1321476530252,-0.0,7.273481869812727,782.7585425602294,-0.0,0.06585150485635438,-106.37360509279574,0.0,0.22280471821749662,0.0,0.5,516.7000000000501,False,False,True,
S025,corridor,transition,102,1070000,0,PR1_HT0_EC1,No-HT,S025@corridor@transition:i102:nsga2:s1070000:r0:PR1_HT0_EC1:0f8ad9cd5a7c,99da49bc5facfcdb946cf238748a769dea3acd25be847396ffc15775a1845096,p0019,v2,507c2d900a3414a5b2df832d411e0a39fad4d57ca595dc445f8b1a1e106c15c2,full,20d3574204c9ed9e876d9e02c02661de02d337f4f82e2b26129e7b0c783d9749,nsga2,573b49a75dbfa7a9,7.196662240933181,937.6254709003279,-0.0,7.274679169901102,748.6272351356249,-0.0,0.07801692896792112,-188.99823576470294,0.0,0.22160741812912224,0.0,0.5,517.6135399674797,False,False,True,
S025,corridor,transition,102,1070000,0,PR1_HT1_EC0,No-EC,S025@corridor@transition:i102:nsga2:s1070000:r0:PR1_HT1_EC0:8fbc426fe68e,99da49bc5facfcdb946cf238748a769dea3acd25be847396ffc15775a1845096,p0001,v2,410d2efffc3a27d41ca71ea3d370e053716c51f8a7058356cf4f3fc97a1924b8,full,20d3574204c9ed9e876d9e02c02661de02d337f4f82e2b26129e7b0c783d9749,nsga2,fc50ce85bcabe4b2,4.215202153176456,4210.121476932916,-0.8755301794452136,4.215202153176456,4210.121476932916,-0.8755301794452136,0.0,0.0,0.0,0.89999999999989,0.8755301794452136,0.0,8.404299478570465e-11,False,False,True,
S025,corridor,transition,102,1070000,0,PR1_HT1_EC0,No-EC,S025@corridor@transition:i102:nsga2:s1070000:r0:PR1_HT1_EC0:8fbc426fe68e,99da49bc5facfcdb946cf238748a769dea3acd25be847396ffc15775a1845096,p0002,v2,410d2efffc3a27d41ca71ea3d370e053716c51f8a7058356cf4f3fc97a1924b8,full,20d3574204c9ed9e876d9e02c02661de02d337f4f82e2b26129e7b0c783d9749,nsga2,0d9d3152bdf41867,4.211523217373897,4285.524384253617,-0.8755301794451508,4.211523217373897,4285.524384253617,-0.8755301794451508,0.0,0.0,0.0,0.8999999999998395,0.8755301794451508,0.0,1.2255441106390208e-10,True,False,True,
S025,corridor,transition,102,1070000,0,PR1_HT1_EC0,No-EC,S025@corridor@transition:i102:nsga2:s1070000:r0:PR1_HT1_EC0:8fbc426fe68e,99da49bc5facfcdb946cf238748a769dea3acd25be847396ffc15775a1845096,p0003,v2,410d2efffc3a27d41ca71ea3d370e053716c51f8a7058356cf4f3fc97a1924b8,full,20d3574204c9ed9e876d9e02c02661de02d337f4f82e2b26129e7b0c783d9749,nsga2,d5e2eb940881c856,4.328848892747315,4071.847026242334,-0.875530179445167,4.328848892747315,4071.847026242334,-0.875530179445167,0.0,0.0,0.0,0.8999999999998524,0.875530179445167,0.0,1.1267786703683669e-10,False,False,True,
S025,corridor,transition,102,1070000,0,PR1_HT1_EC0,No-EC,S025@corridor@transition:i102:nsga2:s1070000:r0:PR1_HT1_EC0:8fbc426fe68e,99da49bc5facfcdb946cf238748a769dea3acd25be847396ffc15775a1845096,p0004,v2,410d2efffc3a27d41ca71ea3d370e053716c51f8a7058356cf4f3fc97a1924b8,full,20d3574204c9ed9e876d9e02c02661de02d337f4f82e2b26129e7b0c783d9749,nsga2,bb6023e24f046608,4.242581553045056,4080.301270960677,-0.8755301794452139,4.242581553045056,4080.301270960677,-0.8755301794452139,0.0,0.0,0.0,0.8999999999998901,0.8755301794452139,0.0,8.388667538383743e-11,False,False,True,
S025,corridor,transition,102,1070000,0,PR1_HT1_EC0,No-EC,S025@corridor@transition:i102:nsga2:s1070000:r0:PR1_HT1_EC0:8fbc426fe68e,99da49bc5facfcdb946cf238748a769dea3acd25be847396ffc15775a1845096,p0005,v2,410d2efffc3a27d41ca71ea3d370e053716c51f8a7058356cf4f3fc97a1924b8,full,20d3574204c9ed9e876d9e02c02661de02d337f4f82e2b26129e7b0c783d9749,nsga2,ce45fa4c6daf552d,5.190415718365358,3445.4862932207698,-0.7853403141361257,5.190415718365358,3445.4862932207698,-0.7853403141361257,0.0,0.0,0.0,0.8464918367591251,0.7853403141361257,0.0,40.82672855278756,False,False,True,
S025,corridor,transition,102,1070000,0,PR1_HT1_EC0,No-EC,S025@corridor@transition:i102:nsga2:s1070000:r0:PR1_HT1_EC0:8fbc426fe68e,99da49bc5facfcdb946cf238748a769dea3acd25be847396ffc15775a1845096,p0006,v2,410d2efffc3a27d41ca71ea3d370e053716c51f8a7058356cf4f3fc97a1924b8,full,20d3574204c9ed9e876d9e02c02661de02d337f4f82e2b26129e7b0c783d9749,nsga2,49f4df3ec843c65e,5.184052788449702,3368.1875074483582,-0.7661290322580645,5.184052788449702,3368.1875074483582,-0.7661290322580645,0.0,0.0,0.0,0.8471026696190072,0.7661290322580645,0.0,40.360663080697606,False,False,True,
S025,corridor,transition,102,1070000,0,PR1_HT1_EC0,No-EC,S025@corridor@transition:i102:nsga2:s1070000:r0:PR1_HT1_EC0:8fbc426fe68e,99da49bc5facfcdb946cf238748a769dea3acd25be847396ffc15775a1845096,p0007,v2,410d2efffc3a27d41ca71ea3d370e053716c51f8a7058356cf4f3fc97a1924b8,full,20d3574204c9ed9e876d9e02c02661de02d337f4f82e2b26129e7b0c783d9749,nsga2,ec778c6af82bbd24,5.216153165520179,3359.6840550463307,-0.6837606837606838,5.216153165520179,3359.6840550463307,-0.6837606837606838,0.0,0.0,0.0,0.823931449600816,0.6837606837606838,0.0,58.04030395457745,False,False,True,
S025,corridor,transition,102,1070000,0,PR1_HT1_EC0,No-EC,S025@corridor@transition:i102:nsga2:s1070000:r0:PR1_HT1_EC0:8fbc426fe68e,99da49bc5facfcdb946cf238748a769dea3acd25be847396ffc15775a1845096,p0008,v2,410d2efffc3a27d41ca71ea3d370e053716c51f8a7058356cf4f3fc97a1924b8,full,20d3574204c9ed9e876d9e02c02661de02d337f4f82e2b26129e7b0c783d9749,nsga2,81e95628efeb39b4,5.2798583583346925,3325.3417910280573,-0.6451612903225806,5.2798583583346925,3325.3417910280573,-0.6451612903225806,0.0,0.0,0.0,0.7989646196160911,0.6451612903225806,0.0,77.08999523292242,False,False,True,
S025,corridor,transition,102,1070000,0,PR1_HT1_EC0,No-EC,S025@corridor@transition:i102:nsga2:s1070000:r0:PR1_HT1_EC0:8fbc426fe68e,99da49bc5facfcdb946cf238748a769dea3acd25be847396ffc15775a1845096,p0009,v2,410d2efffc3a27d41ca71ea3d370e053716c51f8a7058356cf4f3fc97a1924b8,full,20d3574204c9ed9e876d9e02c02661de02d337f4f82e2b26129e7b0c783d9749,nsga2,dd109b2a5901c795,5.264158824522969,3356.2954909501304,-0.6451612903225806,5.264158824522969,3356.2954909501304,-0.6451612903225806,0.0,0.0,0.0,0.8058785496878806,0.6451612903225806,0.0,71.81466658814709,False,False,True,
S025,corridor,transition,102,1070000,0,PR1_HT1_EC0,No-EC,S025@corridor@transition:i102:nsga2:s1070000:r0:PR1_HT1_EC0:8fbc426fe68e,99da49bc5facfcdb946cf238748a769dea3acd25be847396ffc15775a1845096,p0010,v2,410d2efffc3a27d41ca71ea3d370e053716c51f8a7058356cf4f3fc97a1924b8,full,20d3574204c9ed9e876d9e02c02661de02d337f4f82e2b26129e7b0c783d9749,nsga2,cf38b59c081b1f78,5.2761100844332045,3327.600833758858,-0.6410256410256411,5.2761100844332045,3327.600833758858,-0.6410256410256411,0.0,0.0,0.0,0.8030366743824238,0.6410256410256411,0.0,73.9830174462107,False,False,True,
S025,corridor,transition,102,1070000,0,PR1_HT1_EC0,No-EC,S025@corridor@transition:i102:nsga2:s1070000:r0:PR1_HT1_EC0:8fbc426fe68e,99da49bc5facfcdb946cf238748a769dea3acd25be847396ffc15775a1845096,p0011,v2,410d2efffc3a27d41ca71ea3d370e053716c51f8a7058356cf4f3fc97a1924b8,full,20d3574204c9ed9e876d9e02c02661de02d337f4f82e2b26129e7b0c783d9749,nsga2,7d71bc1c6588a0fd,5.8403151566972875,3226.055394651502,-0.6282722513089005,5.8403151566972875,3226.055394651502,-0.6282722513089005,0.0,0.0,0.0,0.7240076133658494,0.6282722513089005,0.0,134.28219100185686,False,False,True,
S025,corridor,transition,102,1070000,0,PR1_HT1_EC0,No-EC,S025@corridor@transition:i102:nsga2:s1070000:r0:PR1_HT1_EC0:8fbc426fe68e,99da49bc5facfcdb946cf238748a769dea3acd25be847396ffc15775a1845096,p0012,v2,410d2efffc3a27d41ca71ea3d370e053716c51f8a7058356cf4f3fc97a1924b8,full,20d3574204c9ed9e876d9e02c02661de02d337f4f82e2b26129e7b0c783d9749,nsga2,9d6a84ced497b179,5.834563059641514,3139.9195874972784,-0.6048387096774194,5.834563059641514,3139.9195874972784,-0.6048387096774194,0.0,0.0,0.0,0.7249154090693141,0.6048387096774194,0.0,133.5895428801134,False,False,True,
S025,corridor,transition,102,1070000,0,PR1_HT1_EC0,No-EC,S025@corridor@transition:i102:nsga2:s1070000:r0:PR1_HT1_EC0:8fbc426fe68e,99da49bc5facfcdb946cf238748a769dea3acd25be847396ffc15775a1845096,p0013,v2,410d2efffc3a27d41ca71ea3d370e053716c51f8a7058356cf4f3fc97a1924b8,full,20d3574204c9ed9e876d9e02c02661de02d337f4f82e2b26129e7b0c783d9749,nsga2,db8de39b36f5d060,5.903889914936996,3139.38988435757,-0.5759162303664922,5.903889914936996,3141.2501957733894,-0.5759162303664922,0.0,1.860311415819524,0.0,0.6956676862961194,0.5759162303664922,0.0,155.90555535606097,False,False,True,
S025,corridor,transition,102,1070000,0,PR1_HT1_EC0,No-EC,S025@corridor@transition:i102:nsga2:s1070000:r0:PR1_HT1_EC0:8fbc426fe68e,99da49bc5facfcdb946cf238748a769dea3acd25be847396ffc15775a1845096,p0014,v2,410d2efffc3a27d41ca71ea3d370e053716c51f8a7058356cf4f3fc97a1924b8,full,20d3574204c9ed9e876d9e02c02661de02d337f4f82e2b26129e7b0c783d9749,nsga2,3ce3e37f425d37e8,5.868847354243383,3114.476355525128,-0.5645161290322581,5.868847354243383,3088.2448350281466,-0.5645161290322581,0.0,-26.231520496981375,0.0,0.7089647720694959,0.5645161290322581,0.0,145.7598789109747,False,False,True,
S025,corridor,transition,102,1070000,0,PR1_HT1_EC0,No-EC,S025@corridor@transition:i102:nsga2:s1070000:r0:PR1_HT1_EC0:8fbc426fe68e,99da49bc5facfcdb946cf238748a769dea3acd25be847396ffc15775a1845096,p0015,v2,410d2efffc3a27d41ca71ea3d370e053716c51f8a7058356cf4f3fc97a1924b8,full,20d3574204c9ed9e876d9e02c02661de02d337f4f82e2b26129e7b0c783d9749,nsga2,07e8e00b0f8a42f5,5.950388281666236,3100.060727975451,-0.5555555555555556,5.950388281666236,3116.2147189626266,-0.5555555555555556,0.0,16.153990987175803,0.0,0.6944840831289029,0.5555555555555556,0.0,156.8086445726471,False,False,True,
S025,corridor,transition,102,1070000,0,PR1_HT1_EC0,No-EC,S025@corridor@transition:i102:nsga2:s1070000:r0:PR1_HT1_EC0:8fbc426fe68e,99da49bc5facfcdb946cf238748a769dea3acd25be847396ffc15775a1845096,p0016,v2,410d2efffc3a27d41ca71ea3d370e053716c51f8a7058356cf4f3fc97a1924b8,full,20d3574204c9ed9e876d9e02c02661de02d337f4f82e2b26129e7b0c783d9749,nsga2,929113d9f1cf656f,5.811200794745219,3125.6303578702054,-0.5128205128205128,5.811200794745219,3141.784348857381,-0.5128205128205128,0.0,16.153990987175348,0.0,0.7198497710308039,0.5128205128205128,0.0,137.45462470349648,False,False,True,
S025,corridor,transition,102,1070000,0,PR1_HT1_EC0,No-EC,S025@corridor@transition:i102:nsga2:s1070000:r0:PR1_HT1_EC0:8fbc426fe68e,99da49bc5facfcdb946cf238748a769dea3acd25be847396ffc15775a1845096,p0017,v2,410d2efffc3a27d41ca71ea3d370e053716c51f8a7058356cf4f3fc97a1924b8,full,20d3574204c9ed9e876d9e02c02661de02d337f4f82e2b26129e7b0c783d9749,nsga2,26abb00d9d86cffa,6.16129706530286,2885.304944717846,-0.4712041884816754,6.16129706530286,2885.304944717846,-0.4712041884816754,0.0,0.0,0.0,0.6379406927136497,0.4712041884816754,0.0,199.9512514594852,False,False,True,
S025,corridor,transition,102,1070000,0,PR1_HT1_EC0,No-EC,S025@corridor@transition:i102:nsga2:s1070000:r0:PR1_HT1_EC0:8fbc426fe68e,99da49bc5facfcdb946cf238748a769dea3acd25be847396ffc15775a1845096,p0018,v2,410d2efffc3a27d41ca71ea3d370e053716c51f8a7058356cf4f3fc97a1924b8,full,20d3574204c9ed9e876d9e02c02661de02d337f4f82e2b26129e7b0c783d9749,nsga2,a6dc1a5b70f24482,6.247220754374321,2860.961588677967,-0.4712041884816754,6.247220754374321,2860.961588677967,-0.4712041884816754,0.0,0.0,0.0,0.6157198381894539,0.4712041884816754,0.0,216.9057634614466,False,False,True,
S025,corridor,transition,102,1070000,0,PR1_HT1_EC0,No-EC,S025@corridor@transition:i102:nsga2:s1070000:r0:PR1_HT1_EC0:8fbc426fe68e,99da49bc5facfcdb946cf238748a769dea3acd25be847396ffc15775a1845096,p0019,v2,410d2efffc3a27d41ca71ea3d370e053716c51f8a7058356cf4f3fc97a1924b8,full,20d3574204c9ed9e876d9e02c02661de02d337f4f82e2b26129e7b0c783d9749,nsga2,5a42808a4be2a188,6.240105590717552,2863.220631408768,-0.4712041884816754,6.240105590717552,2863.220631408768,-0.4712041884816754,0.0,0.0,0.0,0.6164956697439601,0.4712041884816754,0.0,216.3138039853585,False,False,True,
S025,corridor,transition,102,1070000,0,PR1_HT1_EC0,No-EC,S025@corridor@transition:i102:nsga2:s1070000:r0:PR1_HT1_EC0:8fbc426fe68e,99da49bc5facfcdb946cf238748a769dea3acd25be847396ffc15775a1845096,p0020,v2,410d2efffc3a27d41ca71ea3d370e053716c51f8a7058356cf4f3fc97a1924b8,full,20d3574204c9ed9e876d9e02c02661de02d337f4f82e2b26129e7b0c783d9749,nsga2,66ec51c679f0a811,6.216235048083722,2870.2402687705535,-0.4712041884816754,6.216235048083722,2870.2402687705535,-0.4712041884816754,0.0,0.0,0.0,0.6221209895106964,0.4712041884816754,0.0,212.02168500333863,False,False,True,
S025,corridor,transition,102,1070000,0,PR1_HT1_EC0,No-EC,S025@corridor@transition:i102:nsga2:s1070000:r0:PR1_HT1_EC0:8fbc426fe68e,99da49bc5facfcdb946cf238748a769dea3acd25be847396ffc15775a1845096,p0021,v2,410d2efffc3a27d41ca71ea3d370e053716c51f8a7058356cf4f3fc97a1924b8,full,20d3574204c9ed9e876d9e02c02661de02d337f4f82e2b26129e7b0c783d9749,nsga2,1f60b4eb9d1159e0,6.188108260170005,2849.3354078395855,-0.42735042735042733,6.188108260170005,2849.3354078395855,-0.42735042735042733,0.0,0.0,0.0,0.6298820775726542,0.42735042735042733,0.0,206.09997481206474,False,False,True,
S025,corridor,transition,102,1070000,0,PR1_HT1_EC0,No-EC,S025@corridor@transition:i102:nsga2:s1070000:r0:PR1_HT1_EC0:8fbc426fe68e,99da49bc5facfcdb946cf238748a769dea3acd25be847396ffc15775a1845096,p0022,v2,410d2efffc3a27d41ca71ea3d370e053716c51f8a7058356cf4f3fc97a1924b8,full,20d3574204c9ed9e876d9e02c02661de02d337f4f82e2b26129e7b0c783d9749,nsga2,c660e1f0049d7304,6.136650285928104,2926.576544613943,-0.42735042735042733,6.136650285928104,2926.576544613943,-0.42735042735042733,0.0,0.0,0.0,0.6482631898556552,0.42735042735042733,0.0,192.0751861401351,False,False,True,
S025,corridor,transition,102,1070000,0,PR1_HT1_EC0,No-EC,S025@corridor@transition:i102:nsga2:s1070000:r0:PR1_HT1_EC0:8fbc426fe68e,99da49bc5facfcdb946cf238748a769dea3acd25be847396ffc15775a1845096,p0023,v2,410d2efffc3a27d41ca71ea3d370e053716c51f8a7058356cf4f3fc97a1924b8,full,20d3574204c9ed9e876d9e02c02661de02d337f4f82e2b26129e7b0c783d9749,nsga2,ee9317cfd79dfd74,6.537558421884067,2352.964114138894,-0.4143646408839779,6.537558421884067,2352.964114138894,-0.4143646408839779,0.0,0.0,0.0,0.5587160940919347,0.4143646408839779,0.0,260.39962020785384,False,False,True,
S025,corridor,transition,102,1070000,0,PR1_HT1_EC0,No-EC,S025@corridor@transition:i102:nsga2:s1070000:r0:PR1_HT1_EC0:8fbc426fe68e,99da49bc5facfcdb946cf238748a769dea3acd25be847396ffc15775a1845096,p0024,v2,410d2efffc3a27d41ca71ea3d370e053716c51f8a7058356cf4f3fc97a1924b8,full,20d3574204c9ed9e876d9e02c02661de02d337f4f82e2b26129e7b0c783d9749,nsga2,b6f996c24147d4c9,6.183605873666641,2867.7653213926164,-0.4032258064516129,6.183605873666641,2867.7653213926164,-0.4032258064516129,0.0,0.0,0.0,0.6302070243989251,0.4032258064516129,0.0,205.85204038362014,False,False,True,
S025,corridor,transition,102,1070000,0,PR1_HT1_EC0,No-EC,S025@corridor@transition:i102:nsga2:s1070000:r0:PR1_HT1_EC0:8fbc426fe68e,99da49bc5facfcdb946cf238748a769dea3acd25be847396ffc15775a1845096,p0025,v2,410d2efffc3a27d41ca71ea3d370e053716c51f8a7058356cf4f3fc97a1924b8,full,20d3574204c9ed9e876d9e02c02661de02d337f4f82e2b26129e7b0c783d9749,nsga2,b9bd6c1a72193a4f,6.556417512573782,2291.0567142947484,-0.39267015706806285,6.556417512573782,2291.0567142947484,-0.39267015706806285,0.0,0.0,0.0,0.5484557093352105,0.39267015706806285,0.0,268.2282937772344,False,False,True,
S025,corridor,transition,102,1070000,0,PR1_HT1_EC0,No-EC,S025@corridor@transition:i102:nsga2:s1070000:r0:PR1_HT1_EC0:8fbc426fe68e,99da49bc5facfcdb946cf238748a769dea3acd25be847396ffc15775a1845096,p0026,v2,410d2efffc3a27d41ca71ea3d370e053716c51f8a7058356cf4f3fc97a1924b8,full,20d3574204c9ed9e876d9e02c02661de02d337f4f82e2b26129e7b0c783d9749,nsga2,21581d8c61163e9a,6.509870318094218,2273.5170909695184,-0.3629032258064516,6.509870318094218,2273.5170909695184,-0.3629032258064516,0.0,0.0,0.0,0.5620054940501473,0.3629032258064516,0.0,257.88980803973755,False,False,True,
S025,corridor,transition,102,1070000,0,PR1_HT1_EC0,No-EC,S025@corridor@transition:i102:nsga2:s1070000:r0:PR1_HT1_EC0:8fbc426fe68e,99da49bc5facfcdb946cf238748a769dea3acd25be847396ffc15775a1845096,p0027,v2,410d2efffc3a27d41ca71ea3d370e053716c51f8a7058356cf4f3fc97a1924b8,full,20d3574204c9ed9e876d9e02c02661de02d337f4f82e2b26129e7b0c783d9749,nsga2,dc7efe3606389d3c,6.774338475453999,1925.1205225275542,-0.31413612565445026,6.774338475453999,1925.1205225275542,-0.31413612565445026,0.0,0.0,0.0,0.4848295755395665,0.31413612565445026,0.0,316.77503386331074,False,False,True,
S025,corridor,transition,102,1070000,0,PR1_HT1_EC0,No-EC,S025@corridor@transition:i102:nsga2:s1070000:r0:PR1_HT1_EC0:8fbc426fe68e,99da49bc5facfcdb946cf238748a769dea3acd25be847396ffc15775a1845096,p0028,v2,410d2efffc3a27d41ca71ea3d370e053716c51f8a7058356cf4f3fc97a1924b8,full,20d3574204c9ed9e876d9e02c02661de02d337f4f82e2b26129e7b0c783d9749,nsga2,ebc22ec78c55a67e,6.822819118066349,1887.4190688672031,-0.31413612565445026,6.822819118066349,1887.4190688672031,-0.31413612565445026,0.0,0.0,0.0,0.47003150820043804,0.31413612565445026,0.0,328.0659592430658,False,False,True,
S025,corridor,transition,102,1070000,0,PR1_HT1_EC0,No-EC,S025@corridor@transition:i102:nsga2:s1070000:r0:PR1_HT1_EC0:8fbc426fe68e,99da49bc5facfcdb946cf238748a769dea3acd25be847396ffc15775a1845096,p0029,v2,410d2efffc3a27d41ca71ea3d370e053716c51f8a7058356cf4f3fc97a1924b8,full,20d3574204c9ed9e876d9e02c02661de02d337f4f82e2b26129e7b0c783d9749,nsga2,c0c1fc241f77c507,6.508459341670265,2292.367817799694,-0.29914529914529914,6.508459341670265,2292.367817799694,-0.29914529914529914,0.0,0.0,0.0,0.5570135762111696,0.29914529914529914,0.0,261.6986413508776,False,False,True,
S025,corridor,transition,102,1070000,0,PR1_HT1_EC0,No-EC,S025@corridor@transition:i102:nsga2:s1070000:r0:PR1_HT1_EC0:8fbc426fe68e,99da49bc5facfcdb946cf238748a769dea3acd25be847396ffc15775a1845096,p0030,v2,410d2efffc3a27d41ca71ea3d370e053716c51f8a7058356cf4f3fc97a1924b8,full,20d3574204c9ed9e876d9e02c02661de02d337f4f82e2b26129e7b0c783d9749,nsga2,57d175baffb1590e,6.770896936374542,1905.7958260844514,-0.28225806451612906,6.770896936374542,1905.7958260844514,-0.28225806451612906,0.0,0.0,0.0,0.4866417255030375,0.28225806451612906,0.0,315.3923634411824,False,False,True,
S025,corridor,transition,102,1070000,0,PR1_HT1_EC0,No-EC,S025@corridor@transition:i102:nsga2:s1070000:r0:PR1_HT1_EC0:8fbc426fe68e,99da49bc5facfcdb946cf238748a769dea3acd25be847396ffc15775a1845096,p0031,v2,410d2efffc3a27d41ca71ea3d370e053716c51f8a7058356cf4f3fc97a1924b8,full,20d3574204c9ed9e876d9e02c02661de02d337f4f82e2b26129e7b0c783d9749,nsga2,2721de4a6854565a,6.941346367879781,1850.8846612186808,-0.2617801047120419,6.941346367879781,1850.8846612186808,-0.2617801047120419,0.0,0.0,0.0,0.4242634676560457,0.2617801047120419,0.0,362.9869741784371,False,False,True,
S025,corridor,transition,102,1070000,0,PR1_HT1_EC0,No-EC,S025@corridor@transition:i102:nsga2:s1070000:r0:PR1_HT1_EC0:8fbc426fe68e,99da49bc5facfcdb946cf238748a769dea3acd25be847396ffc15775a1845096,p0032,v2,410d2efffc3a27d41ca71ea3d370e053716c51f8a7058356cf4f3fc97a1924b8,full,20d3574204c9ed9e876d9e02c02661de02d337f4f82e2b26129e7b0c783d9749,nsga2,538220dc36aff393,6.784855669744627,1876.6271992802517,-0.2617801047120419,6.784855669744627,1876.6271992802517,-0.2617801047120419,0.0,0.0,0.0,0.47229083868568394,0.2617801047120419,0.0,326.3420900828231,False,False,True,
S025,corridor,transition,102,1070000,0,PR1_HT1_EC0,No-EC,S025@corridor@transition:i102:nsga2:s1070000:r0:PR1_HT1_EC0:8fbc426fe68e,99da49bc5facfcdb946cf238748a769dea3acd25be847396ffc15775a1845096,p0033,v2,410d2efffc3a27d41ca71ea3d370e053716c51f8a7058356cf4f3fc97a1924b8,full,20d3574204c9ed9e876d9e02c02661de02d337f4f82e2b26129e7b0c783d9749,nsga2,633994e84433dd53,6.934484912008222,1850.8846612186805,-0.2564102564102564,6.934484912008222,1850.8846612186805,-0.2564102564102564,0.0,0.0,0.0,0.4285592804812514,0.2564102564102564,0.0,359.70926899280516,False,False,True,
S025,corridor,transition,102,1070000,0,PR1_HT1_EC0,No-EC,S025@corridor@transition:i102:nsga2:s1070000:r0:PR1_HT1_EC0:8fbc426fe68e,99da49bc5facfcdb946cf238748a769dea3acd25be847396ffc15775a1845096,p0034,v2,410d2efffc3a27d41ca71ea3d370e053716c51f8a7058356cf4f3fc97a1924b8,full,20d3574204c9ed9e876d9e02c02661de02d337f4f82e2b26129e7b0c783d9749,nsga2,0e01ee2cbe6870e6,6.762755129787318,1877.756720645652,-0.24193548387096775,6.762755129787318,1877.756720645652,-0.24193548387096775,0.0,0.0,0.0,0.486078046437685,0.24193548387096775,0.0,315.82245056804635,False,False,True,
S025,corridor,transition,102,1070000,0,PR1_HT1_EC0,No-EC,S025@corridor@transition:i102:nsga2:s1070000:r0:PR1_HT1_EC0:8fbc426fe68e,99da49bc5facfcdb946cf238748a769dea3acd25be847396ffc15775a1845096,p0035,v2,410d2efffc3a27d41ca71ea3d370e053716c51f8a7058356cf4f3fc97a1924b8,full,20d3574204c9ed9e876d9e02c02661de02d337f4f82e2b26129e7b0c783d9749,nsga2,89a39ddc0427e7fa,6.773533906523888,1876.6271992802517,-0.21367521367521367,6.773533906523888,1876.6271992802517,-0.21367521367521367,0.0,0.0,0.0,0.47961449226506037,0.21367521367521367,0.0,320.75414240175894,False,False,True,
S025,corridor,transition,102,1070000,0,PR1_HT1_EC0,No-EC,S025@corridor@transition:i102:nsga2:s1070000:r0:PR1_HT1_EC0:8fbc426fe68e,99da49bc5facfcdb946cf238748a769dea3acd25be847396ffc15775a1845096,p0036,v2,410d2efffc3a27d41ca71ea3d370e053716c51f8a7058356cf4f3fc97a1924b8,full,20d3574204c9ed9e876d9e02c02661de02d337f4f82e2b26129e7b0c783d9749,nsga2,539c8197b9fe0771,6.9480269103416665,1839.9842324493438,-0.2094240837696335,6.9480269103416665,1839.9842324493438,-0.2094240837696335,0.0,0.0,0.0,0.4137772213421223,0.2094240837696335,0.0,370.9879801159607,False,False,True,
S025,corridor,transition,102,1070000,0,PR1_HT1_EC0,No-EC,S025@corridor@transition:i102:nsga2:s1070000:r0:PR1_HT1_EC0:8fbc426fe68e,99da49bc5facfcdb946cf238748a769dea3acd25be847396ffc15775a1845096,p0037,v2,410d2efffc3a27d41ca71ea3d370e053716c51f8a7058356cf4f3fc97a1924b8,full,20d3574204c9ed9e876d9e02c02661de02d337f4f82e2b26129e7b0c783d9749,nsga2,44dc953eab97cdf2,6.957484841620203,1827.287158415237,-0.2094240837696335,6.957484841620203,1827.287158415237,-0.2094240837696335,0.0,0.0,0.0,0.4099209440480723,0.2094240837696335,0.0,373.93031969132085,False,False,True,
S025,corridor,transition,102,1070000,0,PR1_HT1_EC0,No-EC,S025@corridor@transition:i102:nsga2:s1070000:r0:PR1_HT1_EC0:8fbc426fe68e,99da49bc5facfcdb946cf238748a769dea3acd25be847396ffc15775a1845096,p0038,v2,410d2efffc3a27d41ca71ea3d370e053716c51f8a7058356cf4f3fc97a1924b8,full,20d3574204c9ed9e876d9e02c02661de02d337f4f82e2b26129e7b0c783d9749,nsga2,f15db4dec8a964a3,6.944844794472122,1841.6431262742742,-0.17094017094017094,6.944844794472122,1841.6431262742742,-0.17094017094017094,0.0,0.0,0.0,0.4166813925482849,0.17094017094017094,0.0,368.7720974856586,False,False,True,
S025,corridor,transition,102,1070000,0,PR1_HT1_EC0,No-EC,S025@corridor@transition:i102:nsga2:s1070000:r0:PR1_HT1_EC0:8fbc426fe68e,99da49bc5facfcdb946cf238748a769dea3acd25be847396ffc15775a1845096,p0039,v2,410d2efffc3a27d41ca71ea3d370e053716c51f8a7058356cf4f3fc97a1924b8,full,20d3574204c9ed9e876d9e02c02661de02d337f4f82e2b26129e7b0c783d9749,nsga2,f6ac60db45fe92fd,7.064883632643514,1586.5020499272482,-0.16574585635359115,7.064883632643514,1586.5020499272482,-0.16574585635359115,0.0,0.0,0.0,0.37090723038955586,0.16574585635359115,0.0,403.69778321276885,False,False,True,
S025,corridor,transition,102,1070000,0,PR1_HT1_EC0,No-EC,S025@corridor@transition:i102:nsga2:s1070000:r0:PR1_HT1_EC0:8fbc426fe68e,99da49bc5facfcdb946cf238748a769dea3acd25be847396ffc15775a1845096,p0040,v2,410d2efffc3a27d41ca71ea3d370e053716c51f8a7058356cf4f3fc97a1924b8,full,20d3574204c9ed9e876d9e02c02661de02d337f4f82e2b26129e7b0c783d9749,nsga2,0a50e80eda4f8784,7.060177773835461,1564.5634409487348,-0.16129032258064516,7.060177773835461,1564.5634409487348,-0.16129032258064516,0.0,0.0,0.0,0.3756130891976084,0.16129032258064516,0.0,400.1072129422248,False,False,True,
S025,corridor,transition,102,1070000,0,PR1_HT1_EC0,No-EC,S025@corridor@transition:i102:nsga2:s1070000:r0:PR1_HT1_EC0:8fbc426fe68e,99da49bc5facfcdb946cf238748a769dea3acd25be847396ffc15775a1845096,p0041,v2,410d2efffc3a27d41ca71ea3d370e053716c51f8a7058356cf4f3fc97a1924b8,full,20d3574204c9ed9e876d9e02c02661de02d337f4f82e2b26129e7b0c783d9749,nsga2,06a7db589f8f9d2a,6.967558687670083,1809.4756514664994,-0.15706806282722513,6.967558687670083,1809.4756514664994,-0.15706806282722513,0.0,0.0,0.0,0.3980511478657443,0.15706806282722513,0.0,382.9869741784371,False,False,True,
S025,corridor,transition,102,1070000,0,PR1_HT1_EC0,No-EC,S025@corridor@transition:i102:nsga2:s1070000:r0:PR1_HT1_EC0:8fbc426fe68e,99da49bc5facfcdb946cf238748a769dea3acd25be847396ffc15775a1845096,p0042,v2,410d2efffc3a27d41ca71ea3d370e053716c51f8a7058356cf4f3fc97a1924b8,full,20d3574204c9ed9e876d9e02c02661de02d337f4f82e2b26129e7b0c783d9749,nsga2,674d9d2a9383d5a4,7.056556000361754,1569.6778738633654,-0.1282051282051282,7.056556000361754,1569.6778738633654,-0.1282051282051282,0.0,0.0,0.0,0.3748198185957004,0.1282051282051282,0.0,400.71247841148056,False,False,True,
S025,corridor,transition,102,1070000,0,PR1_HT1_EC0,No-EC,S025@corridor@transition:i102:nsga2:s1070000:r0:PR1_HT1_EC0:8fbc426fe68e,99da49bc5facfcdb946cf238748a769dea3acd25be847396ffc15775a1845096,p0043,v2,410d2efffc3a27d41ca71ea3d370e053716c51f8a7058356cf4f3fc97a1924b8,full,20d3574204c9ed9e876d9e02c02661de02d337f4f82e2b26129e7b0c783d9749,nsga2,94f10a966cac0dd3,7.096258227839591,1559.4490080341043,-0.10471204188481675,7.096258227839591,1559.4490080341043,-0.10471204188481675,0.0,0.0,0.0,0.3485016956764069,0.10471204188481675,0.0,420.79320619890154,False,False,True,
S025,corridor,transition,102,1070000,0,PR1_HT1_EC0,No-EC,S025@corridor@transition:i102:nsga2:s1070000:r0:PR1_HT1_EC0:8fbc426fe68e,99da49bc5facfcdb946cf238748a769dea3acd25be847396ffc15775a1845096,p0044,v2,410d2efffc3a27d41ca71ea3d370e053716c51f8a7058356cf4f3fc97a1924b8,full,20d3574204c9ed9e876d9e02c02661de02d337f4f82e2b26129e7b0c783d9749,nsga2,3bc12b283bc695b5,7.299694189603029,497.23063206382767,-0.0,7.299694189603029,497.23063206382767,-0.0,0.0,0.0,0.0,0.19659239842719517,0.0,0.6666666666666666,536.7000000000501,False,False,True,
S025,corridor,transition,102,1070000,0,PR1_HT1_EC0,No-EC,S025@corridor@transition:i102:nsga2:s1070000:r0:PR1_HT1_EC0:8fbc426fe68e,99da49bc5facfcdb946cf238748a769dea3acd25be847396ffc15775a1845096,p0045,v2,410d2efffc3a27d41ca71ea3d370e053716c51f8a7058356cf4f3fc97a1924b8,full,20d3574204c9ed9e876d9e02c02661de02d337f4f82e2b26129e7b0c783d9749,nsga2,ffe70fe6e6cc549d,7.234783420530259,916.415996318924,-0.0,7.234783420530259,916.415996318924,-0.0,0.0,0.0,0.0,0.261503167499965,0.0,0.3333333333333333,487.1730831975267,False,False,True,
S025,corridor,transition,102,1070000,0,PR1_HT1_EC0,No-EC,S025@corridor@transition:i102:nsga2:s1070000:r0:PR1_HT1_EC0:8fbc426fe68e,99da49bc5facfcdb946cf238748a769dea3acd25be847396ffc15775a1845096,p0046,v2,410d2efffc3a27d41ca71ea3d370e053716c51f8a7058356cf4f3fc97a1924b8,full,20d3574204c9ed9e876d9e02c02661de02d337f4f82e2b26129e7b0c783d9749,nsga2,ff1ce977931c92f2,7.239198464605875,859.8638158283977,-0.0,7.239198464605875,859.8638158283977,-0.0,0.0,0.0,0.0,0.2570881234243492,0.0,0.3333333333333333,490.54176182722153,False,False,True,
S025,corridor,transition,102,1070000,0,PR1_HT1_EC0,No-EC,S025@corridor@transition:i102:nsga2:s1070000:r0:PR1_HT1_EC0:8fbc426fe68e,99da49bc5facfcdb946cf238748a769dea3acd25be847396ffc15775a1845096,p0047,v2,410d2efffc3a27d41ca71ea3d370e053716c51f8a7058356cf4f3fc97a1924b8,full,20d3574204c9ed9e876d9e02c02661de02d337f4f82e2b26129e7b0c783d9749,nsga2,70c2bc86b1bea398,7.23536069021565,868.3966426845489,-0.0,7.23536069021565,868.3966426845489,-0.0,0.0,0.0,0.0,0.2609258978145744,0.0,0.3333333333333333,487.6135399674797,False,False,True,
S025,corridor,transition,102,1070000,0,PR1_HT1_EC0,No-EC,S025@corridor@transition:i102:nsga2:s1070000:r0:PR1_HT1_EC0:8fbc426fe68e,99da49bc5facfcdb946cf238748a769dea3acd25be847396ffc15775a1845096,p0048,v2,410d2efffc3a27d41ca71ea3d370e053716c51f8a7058356cf4f3fc97a1924b8,full,20d3574204c9ed9e876d9e02c02661de02d337f4f82e2b26129e7b0c783d9749,nsga2,a6cfe6dc4300923a,7.273481869812727,744.1091496740238,-0.0,7.273481869812727,744.1091496740238,-0.0,0.0,0.0,0.0,0.22280471821749662,0.0,0.5,516.7000000000501,False,False,True,
S025,corridor,transition,102,1070000,0,PR1_HT1_EC0,No-EC,S025@corridor@transition:i102:nsga2:s1070000:r0:PR1_HT1_EC0:8fbc426fe68e,99da49bc5facfcdb946cf238748a769dea3acd25be847396ffc15775a1845096,p0049,v2,410d2efffc3a27d41ca71ea3d370e053716c51f8a7058356cf4f3fc97a1924b8,full,20d3574204c9ed9e876d9e02c02661de02d337f4f82e2b26129e7b0c783d9749,nsga2,4dd48daf2b99b470,7.241614445141227,851.6025974786835,-0.0,7.241614445141227,851.6025974786835,-0.0,0.0,0.0,0.0,0.25467214288899637,0.0,0.16666666666666666,492.38515497569574,False,False,True,
S025,corridor,transition,102,1070000,0,PR1_HT1_EC0,No-EC,S025@corridor@transition:i102:nsga2:s1070000:r0:PR1_HT1_EC0:8fbc426fe68e,99da49bc5facfcdb946cf238748a769dea3acd25be847396ffc15775a1845096,p0050,v2,410d2efffc3a27d41ca71ea3d370e053716c51f8a7058356cf4f3fc97a1924b8,full,20d3574204c9ed9e876d9e02c02661de02d337f4f82e2b26129e7b0c783d9749,nsga2,fa578f940c6f8fee,7.248167525088803,833.8813920139082,-0.0,7.248167525088803,833.8813920139082,-0.0,0.0,0.0,0.0,0.24811906294142103,0.0,0.3333333333333333,497.38515497569574,False,False,True,
S025,corridor,transition,102,1070000,0,PR1_HT1_EC1,Full,S025@corridor@transition:i102:nsga2:s1070000:r0:PR1_HT1_EC1:53750258a23e,99da49bc5facfcdb946cf238748a769dea3acd25be847396ffc15775a1845096,p0001,v2,20d3574204c9ed9e876d9e02c02661de02d337f4f82e2b26129e7b0c783d9749,full,20d3574204c9ed9e876d9e02c02661de02d337f4f82e2b26129e7b0c783d9749,nsga2,42ce622f2263979e,4.215202153176456,4208.837989192714,-0.8755301794452136,4.215202153176456,4208.837989192714,-0.8755301794452136,0.0,0.0,0.0,0.89999999999989,0.8755301794452136,0.0,8.404299478570465e-11,False,True,True,
S025,corridor,transition,102,1070000,0,PR1_HT1_EC1,Full,S025@corridor@transition:i102:nsga2:s1070000:r0:PR1_HT1_EC1:53750258a23e,99da49bc5facfcdb946cf238748a769dea3acd25be847396ffc15775a1845096,p0002,v2,20d3574204c9ed9e876d9e02c02661de02d337f4f82e2b26129e7b0c783d9749,full,20d3574204c9ed9e876d9e02c02661de02d337f4f82e2b26129e7b0c783d9749,nsga2,01fd922e6c6bab01,4.242581553045056,4080.301270960677,-0.8755301794452139,4.242581553045056,4080.301270960677,-0.8755301794452139,0.0,0.0,0.0,0.8999999999998901,0.8755301794452139,0.0,8.388667538383743e-11,False,True,True,
S025,corridor,transition,102,1070000,0,PR1_HT1_EC1,Full,S025@corridor@transition:i102:nsga2:s1070000:r0:PR1_HT1_EC1:53750258a23e,99da49bc5facfcdb946cf238748a769dea3acd25be847396ffc15775a1845096,p0003,v2,20d3574204c9ed9e876d9e02c02661de02d337f4f82e2b26129e7b0c783d9749,full,20d3574204c9ed9e876d9e02c02661de02d337f4f82e2b26129e7b0c783d9749,nsga2,96f82c4bc0e9d293,4.211523217373897,4285.524384253617,-0.8755301794451508,4.211523217373897,4285.524384253617,-0.8755301794451508,0.0,0.0,0.0,0.8999999999998395,0.8755301794451508,0.0,1.2255441106390208e-10,False,True,True,
S025,corridor,transition,102,1070000,0,PR1_HT1_EC1,Full,S025@corridor@transition:i102:nsga2:s1070000:r0:PR1_HT1_EC1:53750258a23e,99da49bc5facfcdb946cf238748a769dea3acd25be847396ffc15775a1845096,p0004,v2,20d3574204c9ed9e876d9e02c02661de02d337f4f82e2b26129e7b0c783d9749,full,20d3574204c9ed9e876d9e02c02661de02d337f4f82e2b26129e7b0c783d9749,nsga2,42bb8af4a0f11844,4.241883126193066,4176.381608331334,-0.8755301794452233,4.241883126193066,4176.381608331334,-0.8755301794452233,0.0,0.0,0.0,0.8999999999998975,0.8755301794452233,0.0,7.820233349775663e-11,False,True,True,
S025,corridor,transition,102,1070000,0,PR1_HT1_EC1,Full,S025@corridor@transition:i102:nsga2:s1070000:r0:PR1_HT1_EC1:53750258a23e,99da49bc5facfcdb946cf238748a769dea3acd25be847396ffc15775a1845096,p0005,v2,20d3574204c9ed9e876d9e02c02661de02d337f4f82e2b26129e7b0c783d9749,full,20d3574204c9ed9e876d9e02c02661de02d337f4f82e2b26129e7b0c783d9749,nsga2,e9436986301a756e,4.328848892747315,4071.847026242334,-0.875530179445167,4.328848892747315,4071.847026242334,-0.875530179445167,0.0,0.0,0.0,0.8999999999998524,0.875530179445167,0.0,1.1267786703683669e-10,False,True,True,
S025,corridor,transition,102,1070000,0,PR1_HT1_EC1,Full,S025@corridor@transition:i102:nsga2:s1070000:r0:PR1_HT1_EC1:53750258a23e,99da49bc5facfcdb946cf238748a769dea3acd25be847396ffc15775a1845096,p0006,v2,20d3574204c9ed9e876d9e02c02661de02d337f4f82e2b26129e7b0c783d9749,full,20d3574204c9ed9e876d9e02c02661de02d337f4f82e2b26129e7b0c783d9749,nsga2,9c3658b2a0db775f,4.2033467442665,4335.258567662476,-0.8755301794452136,4.2033467442665,4335.258567662476,-0.8755301794452136,0.0,0.0,0.0,0.89999999999989,0.8755301794452136,0.0,8.404299478570465e-11,True,True,True,
S025,corridor,transition,102,1070000,0,PR1_HT1_EC1,Full,S025@corridor@transition:i102:nsga2:s1070000:r0:PR1_HT1_EC1:53750258a23e,99da49bc5facfcdb946cf238748a769dea3acd25be847396ffc15775a1845096,p0007,v2,20d3574204c9ed9e876d9e02c02661de02d337f4f82e2b26129e7b0c783d9749,full,20d3574204c9ed9e876d9e02c02661de02d337f4f82e2b26129e7b0c783d9749,nsga2,805ae7aaab738d78,5.190415718365358,3443.5610616104673,-0.7853403141361257,5.190415718365358,3443.5610616104673,-0.7853403141361257,0.0,0.0,0.0,0.8464918367591251,0.7853403141361257,0.0,40.82672855278756,False,True,True,
S025,corridor,transition,102,1070000,0,PR1_HT1_EC1,Full,S025@corridor@transition:i102:nsga2:s1070000:r0:PR1_HT1_EC1:53750258a23e,99da49bc5facfcdb946cf238748a769dea3acd25be847396ffc15775a1845096,p0008,v2,20d3574204c9ed9e876d9e02c02661de02d337f4f82e2b26129e7b0c783d9749,full,20d3574204c9ed9e876d9e02c02661de02d337f4f82e2b26129e7b0c783d9749,nsga2,3a3de1d450394501,5.184052788449702,3366.2622758380558,-0.7661290322580645,5.184052788449702,3366.2622758380558,-0.7661290322580645,0.0,0.0,0.0,0.8471026696190072,0.7661290322580645,0.0,40.360663080697606,False,True,True,
S025,corridor,transition,102,1070000,0,PR1_HT1_EC1,Full,S025@corridor@transition:i102:nsga2:s1070000:r0:PR1_HT1_EC1:53750258a23e,99da49bc5facfcdb946cf238748a769dea3acd25be847396ffc15775a1845096,p0009,v2,20d3574204c9ed9e876d9e02c02661de02d337f4f82e2b26129e7b0c783d9749,full,20d3574204c9ed9e876d9e02c02661de02d337f4f82e2b26129e7b0c783d9749,nsga2,032f57b3d14df0b6,5.216153165520179,3357.7588234360283,-0.6837606837606838,5.216153165520179,3357.7588234360283,-0.6837606837606838,0.0,0.0,0.0,0.823931449600816,0.6837606837606838,0.0,58.04030395457745,False,True,True,
S025,corridor,transition,102,1070000,0,PR1_HT1_EC1,Full,S025@corridor@transition:i102:nsga2:s1070000:r0:PR1_HT1_EC1:53750258a23e,99da49bc5facfcdb946cf238748a769dea3acd25be847396ffc15775a1845096,p0010,v2,20d3574204c9ed9e876d9e02c02661de02d337f4f82e2b26129e7b0c783d9749,full,20d3574204c9ed9e876d9e02c02661de02d337f4f82e2b26129e7b0c783d9749,nsga2,4b9280956e669a6a,5.264158824522969,3354.370259339828,-0.6451612903225806,5.264158824522969,3354.370259339828,-0.6451612903225806,0.0,0.0,0.0,0.8058785496878806,0.6451612903225806,0.0,71.81466658814709,False,True,True,
S025,corridor,transition,102,1070000,0,PR1_HT1_EC1,Full,S025@corridor@transition:i102:nsga2:s1070000:r0:PR1_HT1_EC1:53750258a23e,99da49bc5facfcdb946cf238748a769dea3acd25be847396ffc15775a1845096,p0011,v2,20d3574204c9ed9e876d9e02c02661de02d337f4f82e2b26129e7b0c783d9749,full,20d3574204c9ed9e876d9e02c02661de02d337f4f82e2b26129e7b0c783d9749,nsga2,ff393cf8f8094bd7,5.2761100844332045,3325.6756021485553,-0.6410256410256411,5.2761100844332045,3325.6756021485553,-0.6410256410256411,0.0,0.0,0.0,0.8030366743824238,0.6410256410256411,0.0,73.9830174462107,False,True,True,
S025,corridor,transition,102,1070000,0,PR1_HT1_EC1,Full,S025@corridor@transition:i102:nsga2:s1070000:r0:PR1_HT1_EC1:53750258a23e,99da49bc5facfcdb946cf238748a769dea3acd25be847396ffc15775a1845096,p0012,v2,20d3574204c9ed9e876d9e02c02661de02d337f4f82e2b26129e7b0c783d9749,full,20d3574204c9ed9e876d9e02c02661de02d337f4f82e2b26129e7b0c783d9749,nsga2,cdec131c9b045012,5.8403151566972875,3226.055394651502,-0.6282722513089005,5.8403151566972875,3226.055394651502,-0.6282722513089005,0.0,0.0,0.0,0.7240076133658494,0.6282722513089005,0.0,134.28219100185686,False,True,True,
S025,corridor,transition,102,1070000,0,PR1_HT1_EC1,Full,S025@corridor@transition:i102:nsga2:s1070000:r0:PR1_HT1_EC1:53750258a23e,99da49bc5facfcdb946cf238748a769dea3acd25be847396ffc15775a1845096,p0013,v2,20d3574204c9ed9e876d9e02c02661de02d337f4f82e2b26129e7b0c783d9749,full,20d3574204c9ed9e876d9e02c02661de02d337f4f82e2b26129e7b0c783d9749,nsga2,bb3b0f61f5fa667c,5.834563059641514,3139.9195874972784,-0.6048387096774194,5.834563059641514,3139.9195874972784,-0.6048387096774194,0.0,0.0,0.0,0.7249154090693141,0.6048387096774194,0.0,133.5895428801134,False,True,True,
S025,corridor,transition,102,1070000,0,PR1_HT1_EC1,Full,S025@corridor@transition:i102:nsga2:s1070000:r0:PR1_HT1_EC1:53750258a23e,99da49bc5facfcdb946cf238748a769dea3acd25be847396ffc15775a1845096,p0014,v2,20d3574204c9ed9e876d9e02c02661de02d337f4f82e2b26129e7b0c783d9749,full,20d3574204c9ed9e876d9e02c02661de02d337f4f82e2b26129e7b0c783d9749,nsga2,839ffd2a9413d7f4,5.868847354243383,3088.2448350281466,-0.5645161290322581,5.868847354243383,3088.2448350281466,-0.5645161290322581,0.0,0.0,0.0,0.7089647720694959,0.5645161290322581,0.0,145.7598789109747,False,True,True,
S025,corridor,transition,102,1070000,0,PR1_HT1_EC1,Full,S025@corridor@transition:i102:nsga2:s1070000:r0:PR1_HT1_EC1:53750258a23e,99da49bc5facfcdb946cf238748a769dea3acd25be847396ffc15775a1845096,p0015,v2,20d3574204c9ed9e876d9e02c02661de02d337f4f82e2b26129e7b0c783d9749,full,20d3574204c9ed9e876d9e02c02661de02d337f4f82e2b26129e7b0c783d9749,nsga2,7545b00823226646,6.240105590717552,2863.220631408768,-0.4712041884816754,6.240105590717552,2863.220631408768,-0.4712041884816754,0.0,0.0,0.0,0.6164956697439601,0.4712041884816754,0.0,216.3138039853585,False,True,True,
S025,corridor,transition,102,1070000,0,PR1_HT1_EC1,Full,S025@corridor@transition:i102:nsga2:s1070000:r0:PR1_HT1_EC1:53750258a23e,99da49bc5facfcdb946cf238748a769dea3acd25be847396ffc15775a1845096,p0016,v2,20d3574204c9ed9e876d9e02c02661de02d337f4f82e2b26129e7b0c783d9749,full,20d3574204c9ed9e876d9e02c02661de02d337f4f82e2b26129e7b0c783d9749,nsga2,ad284ed9bb5f2bc8,6.16129706530286,2885.304944717846,-0.4712041884816754,6.16129706530286,2885.304944717846,-0.4712041884816754,0.0,0.0,0.0,0.6379406927136497,0.4712041884816754,0.0,199.9512514594852,False,True,True,
S025,corridor,transition,102,1070000,0,PR1_HT1_EC1,Full,S025@corridor@transition:i102:nsga2:s1070000:r0:PR1_HT1_EC1:53750258a23e,99da49bc5facfcdb946cf238748a769dea3acd25be847396ffc15775a1845096,p0017,v2,20d3574204c9ed9e876d9e02c02661de02d337f4f82e2b26129e7b0c783d9749,full,20d3574204c9ed9e876d9e02c02661de02d337f4f82e2b26129e7b0c783d9749,nsga2,59c39bd33ef64e56,6.247220754374321,2860.961588677967,-0.4712041884816754,6.247220754374321,2860.961588677967,-0.4712041884816754,0.0,0.0,0.0,0.6157198381894539,0.4712041884816754,0.0,216.9057634614466,False,True,True,
S025,corridor,transition,102,1070000,0,PR1_HT1_EC1,Full,S025@corridor@transition:i102:nsga2:s1070000:r0:PR1_HT1_EC1:53750258a23e,99da49bc5facfcdb946cf238748a769dea3acd25be847396ffc15775a1845096,p0018,v2,20d3574204c9ed9e876d9e02c02661de02d337f4f82e2b26129e7b0c783d9749,full,20d3574204c9ed9e876d9e02c02661de02d337f4f82e2b26129e7b0c783d9749,nsga2,7cbc02d64d791d9d,6.190389747813013,2880.233704915056,-0.4700854700854701,6.190389747813013,2880.233704915056,-0.4700854700854701,0.0,0.0,0.0,0.6366430346482348,0.4700854700854701,0.0,200.9413645633968,False,True,True,
S025,corridor,transition,102,1070000,0,PR1_HT1_EC1,Full,S025@corridor@transition:i102:nsga2:s1070000:r0:PR1_HT1_EC1:53750258a23e,99da49bc5facfcdb946cf238748a769dea3acd25be847396ffc15775a1845096,p0019,v2,20d3574204c9ed9e876d9e02c02661de02d337f4f82e2b26129e7b0c783d9749,full,20d3574204c9ed9e876d9e02c02661de02d337f4f82e2b26129e7b0c783d9749,nsga2,6aeed0ac11ab4dcd,6.232624396421143,2849.5470556426853,-0.42735042735042733,6.232624396421143,2849.5470556426853,-0.42735042735042733,0.0,0.0,0.0,0.6191381973017807,0.42735042735042733,0.0,214.29755545874133,False,True,True,
S025,corridor,transition,102,1070000,0,PR1_HT1_EC1,Full,S025@corridor@transition:i102:nsga2:s1070000:r0:PR1_HT1_EC1:53750258a23e,99da49bc5facfcdb946cf238748a769dea3acd25be847396ffc15775a1845096,p0020,v2,20d3574204c9ed9e876d9e02c02661de02d337f4f82e2b26129e7b0c783d9749,full,20d3574204c9ed9e876d9e02c02661de02d337f4f82e2b26129e7b0c783d9749,nsga2,f5ac9e12dbdf513a,6.136650285928104,2926.576544613943,-0.42735042735042733,6.136650285928104,2926.576544613943,-0.42735042735042733,0.0,0.0,0.0,0.6482631898556552,0.42735042735042733,0.0,192.0751861401351,False,True,True,
S025,corridor,transition,102,1070000,0,PR1_HT1_EC1,Full,S025@corridor@transition:i102:nsga2:s1070000:r0:PR1_HT1_EC1:53750258a23e,99da49bc5facfcdb946cf238748a769dea3acd25be847396ffc15775a1845096,p0021,v2,20d3574204c9ed9e876d9e02c02661de02d337f4f82e2b26129e7b0c783d9749,full,20d3574204c9ed9e876d9e02c02661de02d337f4f82e2b26129e7b0c783d9749,nsga2,6ddf5728ffbce4b7,6.188108260170005,2859.6533078136104,-0.42735042735042733,6.188108260170005,2859.6533078136104,-0.42735042735042733,0.0,0.0,0.0,0.6298820775726542,0.42735042735042733,0.0,206.09997481206474,False,True,True,
S025,corridor,transition,102,1070000,0,PR1_HT1_EC1,Full,S025@corridor@transition:i102:nsga2:s1070000:r0:PR1_HT1_EC1:53750258a23e,99da49bc5facfcdb946cf238748a769dea3acd25be847396ffc15775a1845096,p0022,v2,20d3574204c9ed9e876d9e02c02661de02d337f4f82e2b26129e7b0c783d9749,full,20d3574204c9ed9e876d9e02c02661de02d337f4f82e2b26129e7b0c783d9749,nsga2,b9bd6c1a72193a4f,6.556417512573782,2291.0567142947484,-0.39267015706806285,6.556417512573782,2291.0567142947484,-0.39267015706806285,0.0,0.0,0.0,0.5484557093352105,0.39267015706806285,0.0,268.2282937772344,False,True,True,
S025,corridor,transition,102,1070000,0,PR1_HT1_EC1,Full,S025@corridor@transition:i102:nsga2:s1070000:r0:PR1_HT1_EC1:53750258a23e,99da49bc5facfcdb946cf238748a769dea3acd25be847396ffc15775a1845096,p0023,v2,20d3574204c9ed9e876d9e02c02661de02d337f4f82e2b26129e7b0c783d9749,full,20d3574204c9ed9e876d9e02c02661de02d337f4f82e2b26129e7b0c783d9749,nsga2,8f75a07b588ca81b,6.515986526045393,2367.581746367237,-0.3629032258064516,6.515986526045393,2367.581746367237,-0.3629032258064516,0.0,0.0,0.0,0.5620054940501349,0.3629032258064516,0.0,257.8898080397471,False,True,True,
S025,corridor,transition,102,1070000,0,PR1_HT1_EC1,Full,S025@corridor@transition:i102:nsga2:s1070000:r0:PR1_HT1_EC1:53750258a23e,99da49bc5facfcdb946cf238748a769dea3acd25be847396ffc15775a1845096,p0024,v2,20d3574204c9ed9e876d9e02c02661de02d337f4f82e2b26129e7b0c783d9749,full,20d3574204c9ed9e876d9e02c02661de02d337f4f82e2b26129e7b0c783d9749,nsga2,1b7189b25e06d77b,6.5441546126965155,2319.0958197335476,-0.3225806451612903,6.5441546126965155,2319.0958197335476,-0.3225806451612903,0.0,0.0,0.0,0.5460548570500189,0.3225806451612903,0.0,270.06014407083563,False,True,True,
S025,corridor,transition,102,1070000,0,PR1_HT1_EC1,Full,S025@corridor@transition:i102:nsga2:s1070000:r0:PR1_HT1_EC1:53750258a23e,99da49bc5facfcdb946cf238748a769dea3acd25be847396ffc15775a1845096,p0025,v2,20d3574204c9ed9e876d9e02c02661de02d337f4f82e2b26129e7b0c783d9749,full,20d3574204c9ed9e876d9e02c02661de02d337f4f82e2b26129e7b0c783d9749,nsga2,ceb896d36b09a416,6.774338475453999,1925.1205225275542,-0.31413612565445026,6.774338475453999,1925.1205225275542,-0.31413612565445026,0.0,0.0,0.0,0.4848295755395665,0.31413612565445026,0.0,316.77503386331074,False,True,True,
S025,corridor,transition,102,1070000,0,PR1_HT1_EC1,Full,S025@corridor@transition:i102:nsga2:s1070000:r0:PR1_HT1_EC1:53750258a23e,99da49bc5facfcdb946cf238748a769dea3acd25be847396ffc15775a1845096,p0026,v2,20d3574204c9ed9e876d9e02c02661de02d337f4f82e2b26129e7b0c783d9749,full,20d3574204c9ed9e876d9e02c02661de02d337f4f82e2b26129e7b0c783d9749,nsga2,3bac87766dd1ab22,6.822819118066349,1887.4190688672031,-0.31413612565445026,6.822819118066349,1887.4190688672031,-0.31413612565445026,0.0,0.0,0.0,0.47003150820043804,0.31413612565445026,0.0,328.0659592430658,False,True,True,
S025,corridor,transition,102,1070000,0,PR1_HT1_EC1,Full,S025@corridor@transition:i102:nsga2:s1070000:r0:PR1_HT1_EC1:53750258a23e,99da49bc5facfcdb946cf238748a769dea3acd25be847396ffc15775a1845096,p0027,v2,20d3574204c9ed9e876d9e02c02661de02d337f4f82e2b26129e7b0c783d9749,full,20d3574204c9ed9e876d9e02c02661de02d337f4f82e2b26129e7b0c783d9749,nsga2,4f1d4bc135f18f8d,6.51457554962144,2386.4324731974125,-0.29914529914529914,6.51457554962144,2386.4324731974125,-0.29914529914529914,0.0,0.0,0.0,0.5570135762111572,0.29914529914529914,0.0,261.69864135088716,False,True,True,
S025,corridor,transition,102,1070000,0,PR1_HT1_EC1,Full,S025@corridor@transition:i102:nsga2:s1070000:r0:PR1_HT1_EC1:53750258a23e,99da49bc5facfcdb946cf238748a769dea3acd25be847396ffc15775a1845096,p0028,v2,20d3574204c9ed9e876d9e02c02661de02d337f4f82e2b26129e7b0c783d9749,full,20d3574204c9ed9e876d9e02c02661de02d337f4f82e2b26129e7b0c783d9749,nsga2,c1c226b58c48e18d,6.536460461554876,2352.3085623864213,-0.29914529914529914,6.536460461554876,2352.3085623864213,-0.29914529914529914,0.0,0.0,0.0,0.5474209451842169,0.29914529914529914,0.0,269.01781882444254,False,True,True,
S025,corridor,transition,102,1070000,0,PR1_HT1_EC1,Full,S025@corridor@transition:i102:nsga2:s1070000:r0:PR1_HT1_EC1:53750258a23e,99da49bc5facfcdb946cf238748a769dea3acd25be847396ffc15775a1845096,p0029,v2,20d3574204c9ed9e876d9e02c02661de02d337f4f82e2b26129e7b0c783d9749,full,20d3574204c9ed9e876d9e02c02661de02d337f4f82e2b26129e7b0c783d9749,nsga2,45fc42d13764beaa,6.522976477989369,2294.626860530495,-0.28225806451612906,6.522976477989369,2294.626860530495,-0.28225806451612906,0.0,0.0,0.0,0.5488993341549967,0.28225806451612906,0.0,267.88980803973755,False,True,True,
S025,corridor,transition,102,1070000,0,PR1_HT1_EC1,Full,S025@corridor@transition:i102:nsga2:s1070000:r0:PR1_HT1_EC1:53750258a23e,99da49bc5facfcdb946cf238748a769dea3acd25be847396ffc15775a1845096,p0030,v2,20d3574204c9ed9e876d9e02c02661de02d337f4f82e2b26129e7b0c783d9749,full,20d3574204c9ed9e876d9e02c02661de02d337f4f82e2b26129e7b0c783d9749,nsga2,8ef4bac82e801e37,6.941346367879781,1850.8846612186808,-0.2617801047120419,6.941346367879781,1850.8846612186808,-0.2617801047120419,0.0,0.0,0.0,0.4242634676560457,0.2617801047120419,0.0,362.9869741784371,False,True,True,
S025,corridor,transition,102,1070000,0,PR1_HT1_EC1,Full,S025@corridor@transition:i102:nsga2:s1070000:r0:PR1_HT1_EC1:53750258a23e,99da49bc5facfcdb946cf238748a769dea3acd25be847396ffc15775a1845096,p0031,v2,20d3574204c9ed9e876d9e02c02661de02d337f4f82e2b26129e7b0c783d9749,full,20d3574204c9ed9e876d9e02c02661de02d337f4f82e2b26129e7b0c783d9749,nsga2,18253433f1b9503e,6.78744463534915,1878.8862420110522,-0.2617801047120419,6.78744463534915,1878.8862420110522,-0.2617801047120419,0.0,0.0,0.0,0.4717234156444158,0.2617801047120419,0.0,326.77503386331074,False,True,True,
S025,corridor,transition,102,1070000,0,PR1_HT1_EC1,Full,S025@corridor@transition:i102:nsga2:s1070000:r0:PR1_HT1_EC1:53750258a23e,99da49bc5facfcdb946cf238748a769dea3acd25be847396ffc15775a1845096,p0032,v2,20d3574204c9ed9e876d9e02c02661de02d337f4f82e2b26129e7b0c783d9749,full,20d3574204c9ed9e876d9e02c02661de02d337f4f82e2b26129e7b0c783d9749,nsga2,aa1b4f3f9073b939,6.934484912008222,1850.8846612186805,-0.2564102564102564,6.934484912008222,1850.8846612186805,-0.2564102564102564,0.0,0.0,0.0,0.4285592804812514,0.2564102564102564,0.0,359.70926899280516,False,True,True,
S025,corridor,transition,102,1070000,0,PR1_HT1_EC1,Full,S025@corridor@transition:i102:nsga2:s1070000:r0:PR1_HT1_EC1:53750258a23e,99da49bc5facfcdb946cf238748a769dea3acd25be847396ffc15775a1845096,p0033,v2,20d3574204c9ed9e876d9e02c02661de02d337f4f82e2b26129e7b0c783d9749,full,20d3574204c9ed9e876d9e02c02661de02d337f4f82e2b26129e7b0c783d9749,nsga2,c4f95e7f863d2201,6.766003359969503,1898.3925205937005,-0.2564102564102564,6.766003359969503,1898.3925205937005,-0.2564102564102564,0.0,0.0,0.0,0.48857937139977864,0.2564102564102564,0.0,313.9139396219689,False,True,True,
S025,corridor,transition,102,1070000,0,PR1_HT1_EC1,Full,S025@corridor@transition:i102:nsga2:s1070000:r0:PR1_HT1_EC1:53750258a23e,99da49bc5facfcdb946cf238748a769dea3acd25be847396ffc15775a1845096,p0034,v2,20d3574204c9ed9e876d9e02c02661de02d337f4f82e2b26129e7b0c783d9749,full,20d3574204c9ed9e876d9e02c02661de02d337f4f82e2b26129e7b0c783d9749,nsga2,f60a54597e571621,6.949298222046798,1819.7045172957608,-0.22099447513812154,6.949298222046798,1819.7045172957608,-0.22099447513812154,0.0,0.0,0.0,0.41554192057512357,0.22099447513812154,0.0,369.6415146011807,False,True,True,
S025,corridor,transition,102,1070000,0,PR1_HT1_EC1,Full,S025@corridor@transition:i102:nsga2:s1070000:r0:PR1_HT1_EC1:53750258a23e,99da49bc5facfcdb946cf238748a769dea3acd25be847396ffc15775a1845096,p0035,v2,20d3574204c9ed9e876d9e02c02661de02d337f4f82e2b26129e7b0c783d9749,full,20d3574204c9ed9e876d9e02c02661de02d337f4f82e2b26129e7b0c783d9749,nsga2,595252e33c3c5a1f,6.773533906523888,1876.6271992802517,-0.21367521367521367,6.773533906523888,1876.6271992802517,-0.21367521367521367,0.0,0.0,0.0,0.47961449226506037,0.21367521367521367,0.0,320.75414240175894,False,True,True,
S025,corridor,transition,102,1070000,0,PR1_HT1_EC1,Full,S025@corridor@transition:i102:nsga2:s1070000:r0:PR1_HT1_EC1:53750258a23e,99da49bc5facfcdb946cf238748a769dea3acd25be847396ffc15775a1845096,p0036,v2,20d3574204c9ed9e876d9e02c02661de02d337f4f82e2b26129e7b0c783d9749,full,20d3574204c9ed9e876d9e02c02661de02d337f4f82e2b26129e7b0c783d9749,nsga2,539c8197b9fe0771,6.9480269103416665,1839.9842324493438,-0.2094240837696335,6.9480269103416665,1839.9842324493438,-0.2094240837696335,0.0,0.0,0.0,0.4137772213421223,0.2094240837696335,0.0,370.9879801159607,False,True,True,
S025,corridor,transition,102,1070000,0,PR1_HT1_EC1,Full,S025@corridor@transition:i102:nsga2:s1070000:r0:PR1_HT1_EC1:53750258a23e,99da49bc5facfcdb946cf238748a769dea3acd25be847396ffc15775a1845096,p0037,v2,20d3574204c9ed9e876d9e02c02661de02d337f4f82e2b26129e7b0c783d9749,full,20d3574204c9ed9e876d9e02c02661de02d337f4f82e2b26129e7b0c783d9749,nsga2,24567b37e28cf5d0,7.057990332942086,1564.563440948735,-0.17094017094017094,7.057990332942086,1564.563440948735,-0.17094017094017094,0.0,0.0,0.0,0.3778005300909842,0.17094017094017094,0.0,398.43819554057904,False,True,True,
S025,corridor,transition,102,1070000,0,PR1_HT1_EC1,Full,S025@corridor@transition:i102:nsga2:s1070000:r0:PR1_HT1_EC1:53750258a23e,99da49bc5facfcdb946cf238748a769dea3acd25be847396ffc15775a1845096,p0038,v2,20d3574204c9ed9e876d9e02c02661de02d337f4f82e2b26129e7b0c783d9749,full,20d3574204c9ed9e876d9e02c02661de02d337f4f82e2b26129e7b0c783d9749,nsga2,cbb27857bdc123b1,6.967558687670083,1809.4756514664994,-0.15706806282722513,6.967558687670083,1809.4756514664994,-0.15706806282722513,0.0,0.0,0.0,0.3980511478657443,0.15706806282722513,0.0,382.9869741784371,False,True,True,
S025,corridor,transition,102,1070000,0,PR1_HT1_EC1,Full,S025@corridor@transition:i102:nsga2:s1070000:r0:PR1_HT1_EC1:53750258a23e,99da49bc5facfcdb946cf238748a769dea3acd25be847396ffc15775a1845096,p0039,v2,20d3574204c9ed9e876d9e02c02661de02d337f4f82e2b26129e7b0c783d9749,full,20d3574204c9ed9e876d9e02c02661de02d337f4f82e2b26129e7b0c783d9749,nsga2,535de3f5eb577447,7.056556000361754,1555.3219060043284,-0.1282051282051282,7.056556000361754,1555.3219060043284,-0.1282051282051282,0.0,0.0,0.0,0.3748198185957004,0.1282051282051282,0.0,400.71247841148056,False,True,True,
S025,corridor,transition,102,1070000,0,PR1_HT1_EC1,Full,S025@corridor@transition:i102:nsga2:s1070000:r0:PR1_HT1_EC1:53750258a23e,99da49bc5facfcdb946cf238748a769dea3acd25be847396ffc15775a1845096,p0040,v2,20d3574204c9ed9e876d9e02c02661de02d337f4f82e2b26129e7b0c783d9749,full,20d3574204c9ed9e876d9e02c02661de02d337f4f82e2b26129e7b0c783d9749,nsga2,76cc032ffa932694,7.299694189603029,497.23063206382767,-0.0,7.299694189603029,497.23063206382767,-0.0,0.0,0.0,0.0,0.19659239842719517,0.0,0.6666666666666666,536.7000000000501,False,True,True,
S025,corridor,transition,102,1070000,0,PR1_HT1_EC1,Full,S025@corridor@transition:i102:nsga2:s1070000:r0:PR1_HT1_EC1:53750258a23e,99da49bc5facfcdb946cf238748a769dea3acd25be847396ffc15775a1845096,p0041,v2,20d3574204c9ed9e876d9e02c02661de02d337f4f82e2b26129e7b0c783d9749,full,20d3574204c9ed9e876d9e02c02661de02d337f4f82e2b26129e7b0c783d9749,nsga2,ff1ce977931c92f2,7.239198464605875,859.8638158283977,-0.0,7.239198464605875,859.8638158283977,-0.0,0.0,0.0,0.0,0.2570881234243492,0.0,0.3333333333333333,490.54176182722153,False,True,True,
S025,corridor,transition,102,1070000,0,PR1_HT1_EC1,Full,S025@corridor@transition:i102:nsga2:s1070000:r0:PR1_HT1_EC1:53750258a23e,99da49bc5facfcdb946cf238748a769dea3acd25be847396ffc15775a1845096,p0042,v2,20d3574204c9ed9e876d9e02c02661de02d337f4f82e2b26129e7b0c783d9749,full,20d3574204c9ed9e876d9e02c02661de02d337f4f82e2b26129e7b0c783d9749,nsga2,4522d47e60b84822,7.234783420530259,877.7666034327184,-0.0,7.234783420530259,877.7666034327184,-0.0,0.0,0.0,0.0,0.261503167499965,0.0,0.3333333333333333,487.1730831975267,False,True,True,
S025,corridor,transition,102,1070000,0,PR1_HT1_EC1,Full,S025@corridor@transition:i102:nsga2:s1070000:r0:PR1_HT1_EC1:53750258a23e,99da49bc5facfcdb946cf238748a769dea3acd25be847396ffc15775a1845096,p0043,v2,20d3574204c9ed9e876d9e02c02661de02d337f4f82e2b26129e7b0c783d9749,full,20d3574204c9ed9e876d9e02c02661de02d337f4f82e2b26129e7b0c783d9749,nsga2,e72066cc89cbae38,7.273481869812727,744.1091496740238,-0.0,7.273481869812727,744.1091496740238,-0.0,0.0,0.0,0.0,0.22280471821749662,0.0,0.5,516.7000000000501,False,True,True,
S025,corridor,transition,102,1070000,0,PR1_HT1_EC1,Full,S025@corridor@transition:i102:nsga2:s1070000:r0:PR1_HT1_EC1:53750258a23e,99da49bc5facfcdb946cf238748a769dea3acd25be847396ffc15775a1845096,p0044,v2,20d3574204c9ed9e876d9e02c02661de02d337f4f82e2b26129e7b0c783d9749,full,20d3574204c9ed9e876d9e02c02661de02d337f4f82e2b26129e7b0c783d9749,nsga2,fa578f940c6f8fee,7.248167525088803,833.8813920139082,-0.0,7.248167525088803,833.8813920139082,-0.0,0.0,0.0,0.0,0.24811906294142103,0.0,0.3333333333333333,497.38515497569574,False,True,True,
S025,corridor,transition,102,1070000,0,PR1_HT1_EC1,Full,S025@corridor@transition:i102:nsga2:s1070000:r0:PR1_HT1_EC1:53750258a23e,99da49bc5facfcdb946cf238748a769dea3acd25be847396ffc15775a1845096,p0045,v2,20d3574204c9ed9e876d9e02c02661de02d337f4f82e2b26129e7b0c783d9749,full,20d3574204c9ed9e876d9e02c02661de02d337f4f82e2b26129e7b0c783d9749,nsga2,1b56d233c7b46c81,7.241614445141227,851.6025974786835,-0.0,7.241614445141227,851.6025974786835,-0.0,0.0,0.0,0.0,0.25467214288899637,0.0,0.16666666666666666,492.38515497569574,False,True,True,
S025,corridor,transition,102,1070001,1,PR0_HT1_EC1,No-PR,S025@corridor@transition:i102:nsga2:s1070001:r1:PR0_HT1_EC1:fdeb76700c41,99da49bc5facfcdb946cf238748a769dea3acd25be847396ffc15775a1845096,p0001,v2,46c2d5b92ef737da2655e149e036f5597cea2534700495447e71edd15f3f7a02,full,20d3574204c9ed9e876d9e02c02661de02d337f4f82e2b26129e7b0c783d9749,nsga2,1ef01e5e00d2b089,4.721005461811413,3379.002190434665,-0.8755301794452158,4.390306411130979,4093.0598151529225,-0.8755301794452158,-0.33069905068043415,714.0576247182576,0.0,0.8999999999998918,0.8755301794452158,0.0,8.267875273304526e-11,True,False,True,
S025,corridor,transition,102,1070001,1,PR0_HT1_EC1,No-PR,S025@corridor@transition:i102:nsga2:s1070001:r1:PR0_HT1_EC1:fdeb76700c41,99da49bc5facfcdb946cf238748a769dea3acd25be847396ffc15775a1845096,p0002,v2,46c2d5b92ef737da2655e149e036f5597cea2534700495447e71edd15f3f7a02,full,20d3574204c9ed9e876d9e02c02661de02d337f4f82e2b26129e7b0c783d9749,nsga2,09eac199b7185d66,5.5048838007583205,3021.5112349976353,-0.7329842931937173,5.190415718365358,3445.4862932207698,-0.7853403141361257,-0.3144680823929624,423.9750582231345,-0.05235602094240843,0.8464918367591251,0.7853403141361257,0.0,40.82672855278756,False,False,True,
S025,corridor,transition,102,1070001,1,PR0_HT1_EC1,No-PR,S025@corridor@transition:i102:nsga2:s1070001:r1:PR0_HT1_EC1:fdeb76700c41,99da49bc5facfcdb946cf238748a769dea3acd25be847396ffc15775a1845096,p0003,v2,46c2d5b92ef737da2655e149e036f5597cea2534700495447e71edd15f3f7a02,full,20d3574204c9ed9e876d9e02c02661de02d337f4f82e2b26129e7b0c783d9749,nsga2,8390b33d0a2a1f93,5.424413063384044,2953.8747974467756,-0.7258064516129032,5.184052788449702,3368.1875074483582,-0.7661290322580645,-0.24036027493434187,414.3127100015827,-0.040322580645161255,0.8471026696190072,0.7661290322580645,0.0,40.360663080697606,False,False,True,
S025,corridor,transition,102,1070001,1,PR0_HT1_EC1,No-PR,S025@corridor@transition:i102:nsga2:s1070001:r1:PR0_HT1_EC1:fdeb76700c41,99da49bc5facfcdb946cf238748a769dea3acd25be847396ffc15775a1845096,p0004,v2,46c2d5b92ef737da2655e149e036f5597cea2534700495447e71edd15f3f7a02,full,20d3574204c9ed9e876d9e02c02661de02d337f4f82e2b26129e7b0c783d9749,nsga2,2953efa5b4f8e71c,6.550311645636121,2000.087875344111,-0.4435483870967742,6.259273794908312,2879.73606722791,-0.4032258064516129,-0.2910378507278093,879.6481918837992,0.04032258064516131,0.6081318006639365,0.4032258064516129,0.0,222.69543609341645,False,False,True,
S025,corridor,transition,102,1070001,1,PR0_HT1_EC1,No-PR,S025@corridor@transition:i102:nsga2:s1070001:r1:PR0_HT1_EC1:fdeb76700c41,99da49bc5facfcdb946cf238748a769dea3acd25be847396ffc15775a1845096,p0005,v2,46c2d5b92ef737da2655e149e036f5597cea2534700495447e71edd15f3f7a02,full,20d3574204c9ed9e876d9e02c02661de02d337f4f82e2b26129e7b0c783d9749,nsga2,544822acb9ce7910,6.925979801821777,1481.820767861317,-0.28225806451612906,6.770896936374542,1905.7958260844514,-0.28225806451612906,-0.15508286544723493,423.9750582231343,0.0,0.4866417255030375,0.28225806451612906,0.0,315.3923634411824,False,False,True,
S025,corridor,transition,102,1070001,1,PR0_HT1_EC1,No-PR,S025@corridor@transition:i102:nsga2:s1070001:r1:PR0_HT1_EC1:fdeb76700c41,99da49bc5facfcdb946cf238748a769dea3acd25be847396ffc15775a1845096,p0006,v2,46c2d5b92ef737da2655e149e036f5597cea2534700495447e71edd15f3f7a02,full,20d3574204c9ed9e876d9e02c02661de02d337f4f82e2b26129e7b0c783d9749,nsga2,5cd5968a047c502c,7.1754849956214795,1008.6780196162929,-0.12096774193548387,6.97350062374059,1866.8995229026482,-0.08064516129032258,-0.20198437188088914,858.2215032863553,0.040322580645161296,0.39568451002000316,0.08064516129032258,0.0,384.7927188547376,False,False,True,
S025,corridor,transition,102,1070001,1,PR0_HT1_EC1,No-PR,S025@corridor@transition:i102:nsga2:s1070001:r1:PR0_HT1_EC1:fdeb76700c41,99da49bc5facfcdb946cf238748a769dea3acd25be847396ffc15775a1845096,p0007,v2,46c2d5b92ef737da2655e149e036f5597cea2534700495447e71edd15f3f7a02,full,20d3574204c9ed9e876d9e02c02661de02d337f4f82e2b26129e7b0c783d9749,nsga2,98601bec686c3295,7.189809835963609,1003.5635867016622,-0.07853403141361257,6.957484841620203,1827.287158415237,-0.2094240837696335,-0.23232499434340603,823.7235717135748,-0.13089005235602094,0.4099209440480723,0.2094240837696335,0.0,373.93031969132085,False,False,True,
S025,corridor,transition,102,1070001,1,PR0_HT1_EC1,No-PR,S025@corridor@transition:i102:nsga2:s1070001:r1:PR0_HT1_EC1:fdeb76700c41,99da49bc5facfcdb946cf238748a769dea3acd25be847396ffc15775a1845096,p0008,v2,46c2d5b92ef737da2655e149e036f5597cea2534700495447e71edd15f3f7a02,full,20d3574204c9ed9e876d9e02c02661de02d337f4f82e2b26129e7b0c783d9749,nsga2,267252e7b4d857b2,7.299694189603029,497.23063206382767,-0.0,7.299694189603029,497.23063206382767,-0.0,0.0,0.0,0.0,0.19659239842719517,0.0,0.6666666666666666,536.7000000000501,False,False,True,
S025,corridor,transition,102,1070001,1,PR1_HT0_EC1,No-HT,S025@corridor@transition:i102:nsga2:s1070001:r1:PR1_HT0_EC1:55440403c437,99da49bc5facfcdb946cf238748a769dea3acd25be847396ffc15775a1845096,p0001,v2,507c2d900a3414a5b2df832d411e0a39fad4d57ca595dc445f8b1a1e106c15c2,full,20d3574204c9ed9e876d9e02c02661de02d337f4f82e2b26129e7b0c783d9749,nsga2,191bd136a82e1244,4.033760241861716,3978.409888925438,-0.8977095516567142,4.289097343412644,4159.1576441198795,-0.8755301794452158,0.2553371015509285,180.74775519444165,0.02217937221149835,0.8999999999998918,0.8755301794452158,0.0,8.266454187833006e-11,False,False,True,
S025,corridor,transition,102,1070001,1,PR1_HT0_EC1,No-HT,S025@corridor@transition:i102:nsga2:s1070001:r1:PR1_HT0_EC1:55440403c437,99da49bc5facfcdb946cf238748a769dea3acd25be847396ffc15775a1845096,p0002,v2,507c2d900a3414a5b2df832d411e0a39fad4d57ca595dc445f8b1a1e106c15c2,full,20d3574204c9ed9e876d9e02c02661de02d337f4f82e2b26129e7b0c783d9749,nsga2,2e46223950d8d453,3.956543397614529,4022.9207661031073,-0.8977095516567655,4.396422619082056,4188.194043667476,-0.8755301794452158,0.43987922146752734,165.27327756436853,0.02217937221154964,0.8999999999998918,0.8755301794452158,0.0,8.267875273304526e-11,True,False,True,
S025,corridor,transition,102,1070001,1,PR1_HT0_EC1,No-HT,S025@corridor@transition:i102:nsga2:s1070001:r1:PR1_HT0_EC1:55440403c437,99da49bc5facfcdb946cf238748a769dea3acd25be847396ffc15775a1845096,p0003,v2,507c2d900a3414a5b2df832d411e0a39fad4d57ca595dc445f8b1a1e106c15c2,full,20d3574204c9ed9e876d9e02c02661de02d337f4f82e2b26129e7b0c783d9749,nsga2,83451bcc419303ed,3.857322881333256,3798.7612680272227,-0.8950385356453602,4.390306411130979,4093.0598151529225,-0.8755301794452158,0.5329835297977228,294.29854712569977,0.01950835620014435,0.8999999999998918,0.8755301794452158,0.0,8.267875273304526e-11,False,False,True,
S025,corridor,transition,102,1070001,1,PR1_HT0_EC1,No-HT,S025@corridor@transition:i102:nsga2:s1070001:r1:PR1_HT0_EC1:55440403c437,99da49bc5facfcdb946cf238748a769dea3acd25be847396ffc15775a1845096,p0004,v2,507c2d900a3414a5b2df832d411e0a39fad4d57ca595dc445f8b1a1e106c15c2,full,20d3574204c9ed9e876d9e02c02661de02d337f4f82e2b26129e7b0c783d9749,nsga2,86fd19f5ba6d8730,3.850769801385761,3921.4820388381304,-0.895038535645316,4.390306411130979,4094.129388269757,-0.8755301794452158,0.5395366097452179,172.64734943162648,0.019508356200100163,0.8999999999998918,0.8755301794452158,0.0,8.267875273304526e-11,False,False,True,
S025,corridor,transition,102,1070001,1,PR1_HT0_EC1,No-HT,S025@corridor@transition:i102:nsga2:s1070001:r1:PR1_HT0_EC1:55440403c437,99da49bc5facfcdb946cf238748a769dea3acd25be847396ffc15775a1845096,p0005,v2,507c2d900a3414a5b2df832d411e0a39fad4d57ca595dc445f8b1a1e106c15c2,full,20d3574204c9ed9e876d9e02c02661de02d337f4f82e2b26129e7b0c783d9749,nsga2,e67d562062f0ad08,4.721005461811413,3403.5760776553984,-0.8755301794452158,5.184052788449702,3366.2622758380558,-0.7661290322580645,0.4630473266382893,-37.313801817342664,0.10940114718715133,0.8471026696190072,0.7661290322580645,0.0,40.360663080697606,False,False,True,
S025,corridor,transition,102,1070001,1,PR1_HT0_EC1,No-HT,S025@corridor@transition:i102:nsga2:s1070001:r1:PR1_HT0_EC1:55440403c437,99da49bc5facfcdb946cf238748a769dea3acd25be847396ffc15775a1845096,p0006,v2,507c2d900a3414a5b2df832d411e0a39fad4d57ca595dc445f8b1a1e106c15c2,full,20d3574204c9ed9e876d9e02c02661de02d337f4f82e2b26129e7b0c783d9749,nsga2,b83eeceb1729c6cb,5.721517584140953,3142.1586763119194,-0.6629834254143646,5.913566367563319,3203.1575956175348,-0.6077348066298343,0.19204878342236587,60.998919305615345,0.05524861878453036,0.7055986038063652,0.6077348066298343,0.0,148.32826529574334,False,False,True,
S025,corridor,transition,102,1070001,1,PR1_HT0_EC1,No-HT,S025@corridor@transition:i102:nsga2:s1070001:r1:PR1_HT0_EC1:55440403c437,99da49bc5facfcdb946cf238748a769dea3acd25be847396ffc15775a1845096,p0007,v2,507c2d900a3414a5b2df832d411e0a39fad4d57ca595dc445f8b1a1e106c15c2,full,20d3574204c9ed9e876d9e02c02661de02d337f4f82e2b26129e7b0c783d9749,nsga2,839ffd2a9413d7f4,5.649416910223626,2982.5593833855887,-0.6451612903225806,5.868847354243383,3088.2448350281466,-0.5645161290322581,0.21943044401975698,105.68545164255784,0.08064516129032251,0.7089647720694959,0.5645161290322581,0.0,145.7598789109747,False,False,True,
S025,corridor,transition,102,1070001,1,PR1_HT0_EC1,No-HT,S025@corridor@transition:i102:nsga2:s1070001:r1:PR1_HT0_EC1:55440403c437,99da49bc5facfcdb946cf238748a769dea3acd25be847396ffc15775a1845096,p0008,v2,507c2d900a3414a5b2df832d411e0a39fad4d57ca595dc445f8b1a1e106c15c2,full,20d3574204c9ed9e876d9e02c02661de02d337f4f82e2b26129e7b0c783d9749,nsga2,8a6c696decb73f58,6.331986570161065,2544.2213926343975,-0.4972375690607735,6.547366059796608,2359.711867877172,-0.3867403314917127,0.2153794896355432,-184.50952475722534,0.11049723756906077,0.5535266136625665,0.3867403314917127,0.0,264.3591937754618,False,False,True,
S025,corridor,transition,102,1070001,1,PR1_HT0_EC1,No-HT,S025@corridor@transition:i102:nsga2:s1070001:r1:PR1_HT0_EC1:55440403c437,99da49bc5facfcdb946cf238748a769dea3acd25be847396ffc15775a1845096,p0009,v2,507c2d900a3414a5b2df832d411e0a39fad4d57ca595dc445f8b1a1e106c15c2,full,20d3574204c9ed9e876d9e02c02661de02d337f4f82e2b26129e7b0c783d9749,nsga2,67c129f44e9dac6c,6.279212223525942,2626.364657079764,-0.4972375690607735,6.546729394708111,2447.0287695366123,-0.4143646408839779,0.26751717118216867,-179.33588754315178,0.08287292817679559,0.5582970373506239,0.4143646408839779,0.0,260.719360501474,False,False,True,
S025,corridor,transition,102,1070001,1,PR1_HT0_EC1,No-HT,S025@corridor@transition:i102:nsga2:s1070001:r1:PR1_HT0_EC1:55440403c437,99da49bc5facfcdb946cf238748a769dea3acd25be847396ffc15775a1845096,p0010,v2,507c2d900a3414a5b2df832d411e0a39fad4d57ca595dc445f8b1a1e106c15c2,full,20d3574204c9ed9e876d9e02c02661de02d337f4f82e2b26129e7b0c783d9749,nsga2,a3621f94a3fff0a3,6.212938811562757,2421.42530897767,-0.4838709677419355,6.579577978045817,2281.394366073197,-0.3225806451612903,0.3666391664830604,-140.0309429044728,0.16129032258064518,0.5371069558912358,0.3225806451612903,0.0,276.88739265498714,False,False,True,
S025,corridor,transition,102,1070001,1,PR1_HT0_EC1,No-HT,S025@corridor@transition:i102:nsga2:s1070001:r1:PR1_HT0_EC1:55440403c437,99da49bc5facfcdb946cf238748a769dea3acd25be847396ffc15775a1845096,p0011,v2,507c2d900a3414a5b2df832d411e0a39fad4d57ca595dc445f8b1a1e106c15c2,full,20d3574204c9ed9e876d9e02c02661de02d337f4f82e2b26129e7b0c783d9749,nsga2,d8c3f31ac0a57985,6.550311645636121,2026.3730795517795,-0.4435483870967742,6.770896936374542,1905.7958260844514,-0.28225806451612906,0.2205852907384207,-120.57725346732809,0.16129032258064513,0.4866417255030375,0.28225806451612906,0.0,315.3923634411824,False,False,True,
S025,corridor,transition,102,1070001,1,PR1_HT0_EC1,No-HT,S025@corridor@transition:i102:nsga2:s1070001:r1:PR1_HT0_EC1:55440403c437,99da49bc5facfcdb946cf238748a769dea3acd25be847396ffc15775a1845096,p0012,v2,507c2d900a3414a5b2df832d411e0a39fad4d57ca595dc445f8b1a1e106c15c2,full,20d3574204c9ed9e876d9e02c02661de02d337f4f82e2b26129e7b0c783d9749,nsga2,9b5eb72c24ac8b2f,7.000039882101502,1528.2379596143996,-0.22099447513812154,7.082108389046715,1555.3219060043282,-0.11049723756906077,0.0820685069452125,27.083946389928542,0.11049723756906077,0.35609845452170835,0.11049723756906077,0.0,414.99687919993653,False,False,True,
S025,corridor,transition,102,1070001,1,PR1_HT0_EC1,No-HT,S025@corridor@transition:i102:nsga2:s1070001:r1:PR1_HT0_EC1:55440403c437,99da49bc5facfcdb946cf238748a769dea3acd25be847396ffc15775a1845096,p0013,v2,507c2d900a3414a5b2df832d411e0a39fad4d57ca595dc445f8b1a1e106c15c2,full,20d3574204c9ed9e876d9e02c02661de02d337f4f82e2b26129e7b0c783d9749,nsga2,cb486a1858471cef,7.011068519864057,1506.2993506358862,-0.16574585635359115,7.078000500157281,1562.0952327438893,-0.08287292817679558,0.06693198029322378,55.79588210800307,0.08287292817679558,0.35395258848556377,0.08287292817679558,0.0,416.63417498551485,False,False,True,
S025,corridor,transition,102,1070001,1,PR1_HT0_EC1,No-HT,S025@corridor@transition:i102:nsga2:s1070001:r1:PR1_HT0_EC1:55440403c437,99da49bc5facfcdb946cf238748a769dea3acd25be847396ffc15775a1845096,p0014,v2,507c2d900a3414a5b2df832d411e0a39fad4d57ca595dc445f8b1a1e106c15c2,full,20d3574204c9ed9e876d9e02c02661de02d337f4f82e2b26129e7b0c783d9749,nsga2,e68f98b8c776d830,6.983709717575535,1498.7167095164098,-0.16129032258064516,7.060946263450385,1599.199123961355,-0.12096774193548387,0.0772365458748494,100.48241444494533,0.04032258064516128,0.37162685559544434,0.12096774193548387,0.0,403.14870918067595,False,False,True,
S025,corridor,transition,102,1070001,1,PR1_HT0_EC1,No-HT,S025@corridor@transition:i102:nsga2:s1070001:r1:PR1_HT0_EC1:55440403c437,99da49bc5facfcdb946cf238748a769dea3acd25be847396ffc15775a1845096,p0015,v2,507c2d900a3414a5b2df832d411e0a39fad4d57ca595dc445f8b1a1e106c15c2,full,20d3574204c9ed9e876d9e02c02661de02d337f4f82e2b26129e7b0c783d9749,nsga2,0b060a158caaa674,7.017812924375912,1484.3607416573727,-0.15706806282722513,7.06257565256637,1599.199123961355,-0.15706806282722513,0.04476272819045768,114.83838230398237,0.0,0.3699974664794587,0.15706806282722513,0.0,404.391933076173,False,False,True,
S025,corridor,transition,102,1070001,1,PR1_HT0_EC1,No-HT,S025@corridor@transition:i102:nsga2:s1070001:r1:PR1_HT0_EC1:55440403c437,99da49bc5facfcdb946cf238748a769dea3acd25be847396ffc15775a1845096,p0016,v2,507c2d900a3414a5b2df832d411e0a39fad4d57ca595dc445f8b1a1e106c15c2,full,20d3574204c9ed9e876d9e02c02661de02d337f4f82e2b26129e7b0c783d9749,nsga2,2cd94eee609934e1,7.1754849956214795,1034.9632238239615,-0.12096774193548387,7.235980720618634,919.9861425546703,-0.0,0.06049572499715428,-114.97708126929115,0.12096774193548387,0.2603058674115906,0.0,0.3333333333333333,488.08662316495634,False,False,True,
S025,corridor,transition,102,1070001,1,PR1_HT0_EC1,No-HT,S025@corridor@transition:i102:nsga2:s1070001:r1:PR1_HT0_EC1:55440403c437,99da49bc5facfcdb946cf238748a769dea3acd25be847396ffc15775a1845096,p0017,v2,507c2d900a3414a5b2df832d411e0a39fad4d57ca595dc445f8b1a1e106c15c2,full,20d3574204c9ed9e876d9e02c02661de02d337f4f82e2b26129e7b0c783d9749,nsga2,34a97646ba1194c2,7.299694189603029,497.23063206382767,-0.0,7.299694189603029,497.23063206382767,-0.0,0.0,0.0,0.0,0.19659239842719517,0.0,0.6666666666666666,536.7000000000501,False,False,True,
S025,corridor,transition,102,1070001,1,PR1_HT0_EC1,No-HT,S025@corridor@transition:i102:nsga2:s1070001:r1:PR1_HT0_EC1:55440403c437,99da49bc5facfcdb946cf238748a769dea3acd25be847396ffc15775a1845096,p0018,v2,507c2d900a3414a5b2df832d411e0a39fad4d57ca595dc445f8b1a1e106c15c2,full,20d3574204c9ed9e876d9e02c02661de02d337f4f82e2b26129e7b0c783d9749,nsga2,e230574ccc6277a0,7.207630364956373,919.85784700064,-0.0,7.274679169901102,781.0752894516502,-0.0,0.06704880494472931,-138.78255754898987,0.0,0.22160741812912224,0.0,0.5,517.6135399674797,False,False,True,
S025,corridor,transition,102,1070001,1,PR1_HT0_EC1,No-HT,S025@corridor@transition:i102:nsga2:s1070001:r1:PR1_HT0_EC1:55440403c437,99da49bc5facfcdb946cf238748a769dea3acd25be847396ffc15775a1845096,p0019,v2,507c2d900a3414a5b2df832d411e0a39fad4d57ca595dc445f8b1a1e106c15c2,full,20d3574204c9ed9e876d9e02c02661de02d337f4f82e2b26129e7b0c783d9749,nsga2,031382dd0ebb0e8f,7.221955205298501,889.1321476530252,-0.0,7.273481869812727,744.1091496740238,-0.0,0.05152666451422583,-145.0229979790014,0.0,0.22280471821749662,0.0,0.5,516.7000000000501,False,False,True,
S025,corridor,transition,102,1070001,1,PR1_HT0_EC1,No-HT,S025@corridor@transition:i102:nsga2:s1070001:r1:PR1_HT0_EC1:55440403c437,99da49bc5facfcdb946cf238748a769dea3acd25be847396ffc15775a1845096,p0020,v2,507c2d900a3414a5b2df832d411e0a39fad4d57ca595dc445f8b1a1e106c15c2,full,20d3574204c9ed9e876d9e02c02661de02d337f4f82e2b26129e7b0c783d9749,nsga2,71a181d0bb9db506,7.196662240933181,937.6254709003279,-0.0,7.274679169901102,748.6272351356249,-0.0,0.07801692896792112,-188.99823576470294,0.0,0.22160741812912224,0.0,0.5,517.6135399674797,False,False,True,
S025,corridor,transition,102,1070001,1,PR1_HT1_EC0,No-EC,S025@corridor@transition:i102:nsga2:s1070001:r1:PR1_HT1_EC0:4fe4758377fe,99da49bc5facfcdb946cf238748a769dea3acd25be847396ffc15775a1845096,p0001,v2,410d2efffc3a27d41ca71ea3d370e053716c51f8a7058356cf4f3fc97a1924b8,full,20d3574204c9ed9e876d9e02c02661de02d337f4f82e2b26129e7b0c783d9749,nsga2,3e9039048ffa5f58,4.241883126193066,4175.098120591132,-0.8755301794452233,4.241883126193066,4175.098120591132,-0.8755301794452233,0.0,0.0,0.0,0.8999999999998975,0.8755301794452233,0.0,7.820233349775663e-11,False,False,True,
S025,corridor,transition,102,1070001,1,PR1_HT1_EC0,No-EC,S025@corridor@transition:i102:nsga2:s1070001:r1:PR1_HT1_EC0:4fe4758377fe,99da49bc5facfcdb946cf238748a769dea3acd25be847396ffc15775a1845096,p0002,v2,410d2efffc3a27d41ca71ea3d370e053716c51f8a7058356cf4f3fc97a1924b8,full,20d3574204c9ed9e876d9e02c02661de02d337f4f82e2b26129e7b0c783d9749,nsga2,aa165ac468b6c4a0,4.282981135461567,4064.0234156053266,-0.8755301794452158,4.282981135461567,4064.0234156053266,-0.8755301794452158,0.0,0.0,0.0,0.8999999999998918,0.8755301794452158,0.0,8.266454187833006e-11,False,False,True,
S025,corridor,transition,102,1070001,1,PR1_HT1_EC0,No-EC,S025@corridor@transition:i102:nsga2:s1070001:r1:PR1_HT1_EC0:4fe4758377fe,99da49bc5facfcdb946cf238748a769dea3acd25be847396ffc15775a1845096,p0003,v2,410d2efffc3a27d41ca71ea3d370e053716c51f8a7058356cf4f3fc97a1924b8,full,20d3574204c9ed9e876d9e02c02661de02d337f4f82e2b26129e7b0c783d9749,nsga2,51014ec09f7ad08b,4.281711643099891,4123.217991937008,-0.8755301794452136,4.281711643099891,4123.217991937008,-0.8755301794452136,0.0,0.0,0.0,0.89999999999989,0.8755301794452136,0.0,8.402878393098945e-11,False,False,True,
S025,corridor,transition,102,1070001,1,PR1_HT1_EC0,No-EC,S025@corridor@transition:i102:nsga2:s1070001:r1:PR1_HT1_EC0:4fe4758377fe,99da49bc5facfcdb946cf238748a769dea3acd25be847396ffc15775a1845096,p0004,v2,410d2efffc3a27d41ca71ea3d370e053716c51f8a7058356cf4f3fc97a1924b8,full,20d3574204c9ed9e876d9e02c02661de02d337f4f82e2b26129e7b0c783d9749,nsga2,bd0f9cccf9ba143f,4.211523217373897,4285.524384253617,-0.8755301794451508,4.211523217373897,4285.524384253617,-0.8755301794451508,0.0,0.0,0.0,0.8999999999998395,0.8755301794451508,0.0,1.2255441106390208e-10,True,False,True,
S025,corridor,transition,102,1070001,1,PR1_HT1_EC0,No-EC,S025@corridor@transition:i102:nsga2:s1070001:r1:PR1_HT1_EC0:4fe4758377fe,99da49bc5facfcdb946cf238748a769dea3acd25be847396ffc15775a1845096,p0005,v2,410d2efffc3a27d41ca71ea3d370e053716c51f8a7058356cf4f3fc97a1924b8,full,20d3574204c9ed9e876d9e02c02661de02d337f4f82e2b26129e7b0c783d9749,nsga2,ee73208bdaf3a193,5.190415718365358,3443.3471469871,-0.7853403141361257,5.190415718365358,3443.5610616104673,-0.7853403141361257,0.0,0.2139146233671454,0.0,0.8464918367591251,0.7853403141361257,0.0,40.82672855278756,False,False,True,
S025,corridor,transition,102,1070001,1,PR1_HT1_EC0,No-EC,S025@corridor@transition:i102:nsga2:s1070001:r1:PR1_HT1_EC0:4fe4758377fe,99da49bc5facfcdb946cf238748a769dea3acd25be847396ffc15775a1845096,p0006,v2,410d2efffc3a27d41ca71ea3d370e053716c51f8a7058356cf4f3fc97a1924b8,full,20d3574204c9ed9e876d9e02c02661de02d337f4f82e2b26129e7b0c783d9749,nsga2,56c7ea36c95be9dc,5.184052788449702,3368.1875074483582,-0.7661290322580645,5.184052788449702,3368.1875074483582,-0.7661290322580645,0.0,0.0,0.0,0.8471026696190072,0.7661290322580645,0.0,40.360663080697606,False,False,True,
S025,corridor,transition,102,1070001,1,PR1_HT1_EC0,No-EC,S025@corridor@transition:i102:nsga2:s1070001:r1:PR1_HT1_EC0:4fe4758377fe,99da49bc5facfcdb946cf238748a769dea3acd25be847396ffc15775a1845096,p0007,v2,410d2efffc3a27d41ca71ea3d370e053716c51f8a7058356cf4f3fc97a1924b8,full,20d3574204c9ed9e876d9e02c02661de02d337f4f82e2b26129e7b0c783d9749,nsga2,a680b37c687f8524,5.216153165520179,3357.544908812661,-0.6837606837606838,5.216153165520179,3357.7588234360283,-0.6837606837606838,0.0,0.2139146233671454,0.0,0.823931449600816,0.6837606837606838,0.0,58.04030395457745,False,False,True,
S025,corridor,transition,102,1070001,1,PR1_HT1_EC0,No-EC,S025@corridor@transition:i102:nsga2:s1070001:r1:PR1_HT1_EC0:4fe4758377fe,99da49bc5facfcdb946cf238748a769dea3acd25be847396ffc15775a1845096,p0008,v2,410d2efffc3a27d41ca71ea3d370e053716c51f8a7058356cf4f3fc97a1924b8,full,20d3574204c9ed9e876d9e02c02661de02d337f4f82e2b26129e7b0c783d9749,nsga2,cdf56d71b340984c,5.264158824522969,3356.2954909501304,-0.6451612903225806,5.264158824522969,3356.2954909501304,-0.6451612903225806,0.0,0.0,0.0,0.8058785496878806,0.6451612903225806,0.0,71.81466658814709,False,False,True,
S025,corridor,transition,102,1070001,1,PR1_HT1_EC0,No-EC,S025@corridor@transition:i102:nsga2:s1070001:r1:PR1_HT1_EC0:4fe4758377fe,99da49bc5facfcdb946cf238748a769dea3acd25be847396ffc15775a1845096,p0009,v2,410d2efffc3a27d41ca71ea3d370e053716c51f8a7058356cf4f3fc97a1924b8,full,20d3574204c9ed9e876d9e02c02661de02d337f4f82e2b26129e7b0c783d9749,nsga2,68dbc11fcaaadb53,5.2798583583346925,3325.3417910280573,-0.6451612903225806,5.2798583583346925,3325.3417910280573,-0.6451612903225806,0.0,0.0,0.0,0.7989646196160911,0.6451612903225806,0.0,77.08999523292242,False,False,True,
S025,corridor,transition,102,1070001,1,PR1_HT1_EC0,No-EC,S025@corridor@transition:i102:nsga2:s1070001:r1:PR1_HT1_EC0:4fe4758377fe,99da49bc5facfcdb946cf238748a769dea3acd25be847396ffc15775a1845096,p0010,v2,410d2efffc3a27d41ca71ea3d370e053716c51f8a7058356cf4f3fc97a1924b8,full,20d3574204c9ed9e876d9e02c02661de02d337f4f82e2b26129e7b0c783d9749,nsga2,7a699c9ca4eb8a6d,5.2761100844332045,3327.600833758858,-0.6410256410256411,5.2761100844332045,3327.600833758858,-0.6410256410256411,0.0,0.0,0.0,0.8030366743824238,0.6410256410256411,0.0,73.9830174462107,False,False,True,
S025,corridor,transition,102,1070001,1,PR1_HT1_EC0,No-EC,S025@corridor@transition:i102:nsga2:s1070001:r1:PR1_HT1_EC0:4fe4758377fe,99da49bc5facfcdb946cf238748a769dea3acd25be847396ffc15775a1845096,p0011,v2,410d2efffc3a27d41ca71ea3d370e053716c51f8a7058356cf4f3fc97a1924b8,full,20d3574204c9ed9e876d9e02c02661de02d337f4f82e2b26129e7b0c783d9749,nsga2,63f4e0d9c6b04660,5.8403151566972875,3226.055394651502,-0.6282722513089005,5.8403151566972875,3226.055394651502,-0.6282722513089005,0.0,0.0,0.0,0.7240076133658494,0.6282722513089005,0.0,134.28219100185686,False,False,True,
S025,corridor,transition,102,1070001,1,PR1_HT1_EC0,No-EC,S025@corridor@transition:i102:nsga2:s1070001:r1:PR1_HT1_EC0:4fe4758377fe,99da49bc5facfcdb946cf238748a769dea3acd25be847396ffc15775a1845096,p0012,v2,410d2efffc3a27d41ca71ea3d370e053716c51f8a7058356cf4f3fc97a1924b8,full,20d3574204c9ed9e876d9e02c02661de02d337f4f82e2b26129e7b0c783d9749,nsga2,75346c41e0d3e54d,5.834563059641514,3139.9195874972784,-0.6048387096774194,5.834563059641514,3139.9195874972784,-0.6048387096774194,0.0,0.0,0.0,0.7249154090693141,0.6048387096774194,0.0,133.5895428801134,False,False,True,
S025,corridor,transition,102,1070001,1,PR1_HT1_EC0,No-EC,S025@corridor@transition:i102:nsga2:s1070001:r1:PR1_HT1_EC0:4fe4758377fe,99da49bc5facfcdb946cf238748a769dea3acd25be847396ffc15775a1845096,p0013,v2,410d2efffc3a27d41ca71ea3d370e053716c51f8a7058356cf4f3fc97a1924b8,full,20d3574204c9ed9e876d9e02c02661de02d337f4f82e2b26129e7b0c783d9749,nsga2,13c33b747c1b3b10,5.868847354243383,3114.476355525128,-0.5645161290322581,5.868847354243383,3088.2448350281466,-0.5645161290322581,0.0,-26.231520496981375,0.0,0.7089647720694959,0.5645161290322581,0.0,145.7598789109747,False,False,True,
S025,corridor,transition,102,1070001,1,PR1_HT1_EC0,No-EC,S025@corridor@transition:i102:nsga2:s1070001:r1:PR1_HT1_EC0:4fe4758377fe,99da49bc5facfcdb946cf238748a769dea3acd25be847396ffc15775a1845096,p0014,v2,410d2efffc3a27d41ca71ea3d370e053716c51f8a7058356cf4f3fc97a1924b8,full,20d3574204c9ed9e876d9e02c02661de02d337f4f82e2b26129e7b0c783d9749,nsga2,7bcd0e6d38fa182a,5.847946284921231,3061.6156675894854,-0.5241935483870968,5.847946284921231,3059.2865886878476,-0.5241935483870968,0.0,-2.3290789016377857,0.0,0.705165615336956,0.5241935483870968,0.0,148.65863549790265,False,False,True,
S025,corridor,transition,102,1070001,1,PR1_HT1_EC0,No-EC,S025@corridor@transition:i102:nsga2:s1070001:r1:PR1_HT1_EC0:4fe4758377fe,99da49bc5facfcdb946cf238748a769dea3acd25be847396ffc15775a1845096,p0015,v2,410d2efffc3a27d41ca71ea3d370e053716c51f8a7058356cf4f3fc97a1924b8,full,20d3574204c9ed9e876d9e02c02661de02d337f4f82e2b26129e7b0c783d9749,nsga2,b4209e76d878161b,6.128653478432058,2993.4659637434133,-0.4972375690607735,6.128653478432058,2993.4659637434133,-0.4972375690607735,0.0,0.0,0.0,0.6525343571447363,0.4972375690607735,0.0,188.81628549856617,False,False,True,
S025,corridor,transition,102,1070001,1,PR1_HT1_EC0,No-EC,S025@corridor@transition:i102:nsga2:s1070001:r1:PR1_HT1_EC0:4fe4758377fe,99da49bc5facfcdb946cf238748a769dea3acd25be847396ffc15775a1845096,p0016,v2,410d2efffc3a27d41ca71ea3d370e053716c51f8a7058356cf4f3fc97a1924b8,full,20d3574204c9ed9e876d9e02c02661de02d337f4f82e2b26129e7b0c783d9749,nsga2,b9f2d7dbdda60827,6.247220754374321,2931.955255342588,-0.4712041884816754,6.247220754374321,2931.955255342588,-0.4712041884816754,0.0,0.0,0.0,0.6157198381894539,0.4712041884816754,0.0,216.9057634614466,False,False,True,
S025,corridor,transition,102,1070001,1,PR1_HT1_EC0,No-EC,S025@corridor@transition:i102:nsga2:s1070001:r1:PR1_HT1_EC0:4fe4758377fe,99da49bc5facfcdb946cf238748a769dea3acd25be847396ffc15775a1845096,p0017,v2,410d2efffc3a27d41ca71ea3d370e053716c51f8a7058356cf4f3fc97a1924b8,full,20d3574204c9ed9e876d9e02c02661de02d337f4f82e2b26129e7b0c783d9749,nsga2,3e9a264020cd83b1,6.216235048083722,2944.652329376695,-0.4712041884816754,6.216235048083722,2944.652329376695,-0.4712041884816754,0.0,0.0,0.0,0.6221209895106964,0.4712041884816754,0.0,212.02168500333863,False,False,True,
S025,corridor,transition,102,1070001,1,PR1_HT1_EC0,No-EC,S025@corridor@transition:i102:nsga2:s1070001:r1:PR1_HT1_EC0:4fe4758377fe,99da49bc5facfcdb946cf238748a769dea3acd25be847396ffc15775a1845096,p0018,v2,410d2efffc3a27d41ca71ea3d370e053716c51f8a7058356cf4f3fc97a1924b8,full,20d3574204c9ed9e876d9e02c02661de02d337f4f82e2b26129e7b0c783d9749,nsga2,bdfc20842f4f102a,6.15490016541864,2897.3547614739614,-0.4435483870967742,6.15490016541864,2897.3547614739614,-0.4435483870967742,0.0,0.0,0.0,0.643417967991273,0.4435483870967742,0.0,195.7720904226587,False,False,True,
S025,corridor,transition,102,1070001,1,PR1_HT1_EC0,No-EC,S025@corridor@transition:i102:nsga2:s1070001:r1:PR1_HT1_EC0:4fe4758377fe,99da49bc5facfcdb946cf238748a769dea3acd25be847396ffc15775a1845096,p0019,v2,410d2efffc3a27d41ca71ea3d370e053716c51f8a7058356cf4f3fc97a1924b8,full,20d3574204c9ed9e876d9e02c02661de02d337f4f82e2b26129e7b0c783d9749,nsga2,f99d07a57bdb0540,6.136650285928104,2926.576544613943,-0.42735042735042733,6.136650285928104,2926.576544613943,-0.42735042735042733,0.0,0.0,0.0,0.6482631898556552,0.42735042735042733,0.0,192.0751861401351,False,False,True,
S025,corridor,transition,102,1070001,1,PR1_HT1_EC0,No-EC,S025@corridor@transition:i102:nsga2:s1070001:r1:PR1_HT1_EC0:4fe4758377fe,99da49bc5facfcdb946cf238748a769dea3acd25be847396ffc15775a1845096,p0020,v2,410d2efffc3a27d41ca71ea3d370e053716c51f8a7058356cf4f3fc97a1924b8,full,20d3574204c9ed9e876d9e02c02661de02d337f4f82e2b26129e7b0c783d9749,nsga2,67c129f44e9dac6c,6.546729394708111,2447.0287695366123,-0.4143646408839779,6.546729394708111,2447.0287695366123,-0.4143646408839779,0.0,0.0,0.0,0.5582970373506239,0.4143646408839779,0.0,260.719360501474,False,False,True,
S025,corridor,transition,102,1070001,1,PR1_HT1_EC0,No-EC,S025@corridor@transition:i102:nsga2:s1070001:r1:PR1_HT1_EC0:4fe4758377fe,99da49bc5facfcdb946cf238748a769dea3acd25be847396ffc15775a1845096,p0021,v2,410d2efffc3a27d41ca71ea3d370e053716c51f8a7058356cf4f3fc97a1924b8,full,20d3574204c9ed9e876d9e02c02661de02d337f4f82e2b26129e7b0c783d9749,nsga2,0a2d7a21f5486e3a,6.183605873666641,2867.7653213926164,-0.4032258064516129,6.183605873666641,2867.7653213926164,-0.4032258064516129,0.0,0.0,0.0,0.6302070243989251,0.4032258064516129,0.0,205.85204038362014,False,False,True,
S025,corridor,transition,102,1070001,1,PR1_HT1_EC0,No-EC,S025@corridor@transition:i102:nsga2:s1070001:r1:PR1_HT1_EC0:4fe4758377fe,99da49bc5facfcdb946cf238748a769dea3acd25be847396ffc15775a1845096,p0022,v2,410d2efffc3a27d41ca71ea3d370e053716c51f8a7058356cf4f3fc97a1924b8,full,20d3574204c9ed9e876d9e02c02661de02d337f4f82e2b26129e7b0c783d9749,nsga2,f009f7463f4e5a23,6.495353181775114,2274.6466123349187,-0.38461538461538464,6.495353181775114,2274.6466123349187,-0.38461538461538464,0.0,0.0,0.0,0.5701197361063204,0.38461538461538464,0.0,251.6986413508776,False,False,True,
S025,corridor,transition,102,1070001,1,PR1_HT1_EC0,No-EC,S025@corridor@transition:i102:nsga2:s1070001:r1:PR1_HT1_EC0:4fe4758377fe,99da49bc5facfcdb946cf238748a769dea3acd25be847396ffc15775a1845096,p0023,v2,410d2efffc3a27d41ca71ea3d370e053716c51f8a7058356cf4f3fc97a1924b8,full,20d3574204c9ed9e876d9e02c02661de02d337f4f82e2b26129e7b0c783d9749,nsga2,0232da29c8e9d835,6.509870318094218,2273.5170909695184,-0.3629032258064516,6.509870318094218,2273.5170909695184,-0.3629032258064516,0.0,0.0,0.0,0.5620054940501473,0.3629032258064516,0.0,257.88980803973755,False,False,True,
S025,corridor,transition,102,1070001,1,PR1_HT1_EC0,No-EC,S025@corridor@transition:i102:nsga2:s1070001:r1:PR1_HT1_EC0:4fe4758377fe,99da49bc5facfcdb946cf238748a769dea3acd25be847396ffc15775a1845096,p0024,v2,410d2efffc3a27d41ca71ea3d370e053716c51f8a7058356cf4f3fc97a1924b8,full,20d3574204c9ed9e876d9e02c02661de02d337f4f82e2b26129e7b0c783d9749,nsga2,02d43bf1955eec34,6.774338475453999,1925.1205225275542,-0.31413612565445026,6.774338475453999,1925.1205225275542,-0.31413612565445026,0.0,0.0,0.0,0.4848295755395665,0.31413612565445026,0.0,316.77503386331074,False,False,True,
S025,corridor,transition,102,1070001,1,PR1_HT1_EC0,No-EC,S025@corridor@transition:i102:nsga2:s1070001:r1:PR1_HT1_EC0:4fe4758377fe,99da49bc5facfcdb946cf238748a769dea3acd25be847396ffc15775a1845096,p0025,v2,410d2efffc3a27d41ca71ea3d370e053716c51f8a7058356cf4f3fc97a1924b8,full,20d3574204c9ed9e876d9e02c02661de02d337f4f82e2b26129e7b0c783d9749,nsga2,a31fca247f634a58,6.770896936374542,1905.7958260844514,-0.28225806451612906,6.770896936374542,1905.7958260844514,-0.28225806451612906,0.0,0.0,0.0,0.4866417255030375,0.28225806451612906,0.0,315.3923634411824,False,False,True,
S025,corridor,transition,102,1070001,1,PR1_HT1_EC0,No-EC,S025@corridor@transition:i102:nsga2:s1070001:r1:PR1_HT1_EC0:4fe4758377fe,99da49bc5facfcdb946cf238748a769dea3acd25be847396ffc15775a1845096,p0026,v2,410d2efffc3a27d41ca71ea3d370e053716c51f8a7058356cf4f3fc97a1924b8,full,20d3574204c9ed9e876d9e02c02661de02d337f4f82e2b26129e7b0c783d9749,nsga2,fa50b1a3cd5344de,6.933130450588063,1888.7934179680049,-0.27624309392265195,6.933130450588063,1888.7934179680049,-0.27624309392265195,0.0,0.0,0.0,0.4299137419014104,0.27624309392265195,0.0,358.67581492922386,False,False,True,
S025,corridor,transition,102,1070001,1,PR1_HT1_EC0,No-EC,S025@corridor@transition:i102:nsga2:s1070001:r1:PR1_HT1_EC0:4fe4758377fe,99da49bc5facfcdb946cf238748a769dea3acd25be847396ffc15775a1845096,p0027,v2,410d2efffc3a27d41ca71ea3d370e053716c51f8a7058356cf4f3fc97a1924b8,full,20d3574204c9ed9e876d9e02c02661de02d337f4f82e2b26129e7b0c783d9749,nsga2,d95edc2d49aa2bad,6.784855669744627,1876.6271992802517,-0.2617801047120419,6.784855669744627,1876.6271992802517,-0.2617801047120419,0.0,0.0,0.0,0.47229083868568394,0.2617801047120419,0.0,326.3420900828231,False,False,True,
S025,corridor,transition,102,1070001,1,PR1_HT1_EC0,No-EC,S025@corridor@transition:i102:nsga2:s1070001:r1:PR1_HT1_EC0:4fe4758377fe,99da49bc5facfcdb946cf238748a769dea3acd25be847396ffc15775a1845096,p0028,v2,410d2efffc3a27d41ca71ea3d370e053716c51f8a7058356cf4f3fc97a1924b8,full,20d3574204c9ed9e876d9e02c02661de02d337f4f82e2b26129e7b0c783d9749,nsga2,a87232fb5a08a4a0,6.766003359969503,1898.3925205937005,-0.2564102564102564,6.766003359969503,1898.3925205937005,-0.2564102564102564,0.0,0.0,0.0,0.48857937139977864,0.2564102564102564,0.0,313.9139396219689,False,False,True,
S025,corridor,transition,102,1070001,1,PR1_HT1_EC0,No-EC,S025@corridor@transition:i102:nsga2:s1070001:r1:PR1_HT1_EC0:4fe4758377fe,99da49bc5facfcdb946cf238748a769dea3acd25be847396ffc15775a1845096,p0029,v2,410d2efffc3a27d41ca71ea3d370e053716c51f8a7058356cf4f3fc97a1924b8,full,20d3574204c9ed9e876d9e02c02661de02d337f4f82e2b26129e7b0c783d9749,nsga2,0acd55e6b6ac3ed4,6.762755129787318,1877.756720645652,-0.24193548387096775,6.762755129787318,1877.756720645652,-0.24193548387096775,0.0,0.0,0.0,0.486078046437685,0.24193548387096775,0.0,315.82245056804635,False,False,True,
S025,corridor,transition,102,1070001,1,PR1_HT1_EC0,No-EC,S025@corridor@transition:i102:nsga2:s1070001:r1:PR1_HT1_EC0:4fe4758377fe,99da49bc5facfcdb946cf238748a769dea3acd25be847396ffc15775a1845096,p0030,v2,410d2efffc3a27d41ca71ea3d370e053716c51f8a7058356cf4f3fc97a1924b8,full,20d3574204c9ed9e876d9e02c02661de02d337f4f82e2b26129e7b0c783d9749,nsga2,db571e707b2bec5c,6.9397489097892135,1862.7277069597153,-0.22099447513812154,6.9397489097892135,1862.7277069597153,-0.22099447513812154,0.0,0.0,0.0,0.4194895788482205,0.22099447513812154,0.0,366.6294513388077,False,False,True,
S025,corridor,transition,102,1070001,1,PR1_HT1_EC0,No-EC,S025@corridor@transition:i102:nsga2:s1070001:r1:PR1_HT1_EC0:4fe4758377fe,99da49bc5facfcdb946cf238748a769dea3acd25be847396ffc15775a1845096,p0031,v2,410d2efffc3a27d41ca71ea3d370e053716c51f8a7058356cf4f3fc97a1924b8,full,20d3574204c9ed9e876d9e02c02661de02d337f4f82e2b26129e7b0c783d9749,nsga2,7de2253c853c8d9b,6.773533906523888,1876.6271992802517,-0.21367521367521367,6.773533906523888,1876.6271992802517,-0.21367521367521367,0.0,0.0,0.0,0.47961449226506037,0.21367521367521367,0.0,320.75414240175894,False,False,True,
S025,corridor,transition,102,1070001,1,PR1_HT1_EC0,No-EC,S025@corridor@transition:i102:nsga2:s1070001:r1:PR1_HT1_EC0:4fe4758377fe,99da49bc5facfcdb946cf238748a769dea3acd25be847396ffc15775a1845096,p0032,v2,410d2efffc3a27d41ca71ea3d370e053716c51f8a7058356cf4f3fc97a1924b8,full,20d3574204c9ed9e876d9e02c02661de02d337f4f82e2b26129e7b0c783d9749,nsga2,cec1c6b40ffc1b5b,7.0641065408932615,1658.6280963464533,-0.17094017094017094,7.0641065408932615,1658.6280963464533,-0.17094017094017094,0.0,0.0,0.0,0.37780053009097175,0.17094017094017094,0.0,398.4381955405886,False,False,True,
S025,corridor,transition,102,1070001,1,PR1_HT1_EC0,No-EC,S025@corridor@transition:i102:nsga2:s1070001:r1:PR1_HT1_EC0:4fe4758377fe,99da49bc5facfcdb946cf238748a769dea3acd25be847396ffc15775a1845096,p0033,v2,410d2efffc3a27d41ca71ea3d370e053716c51f8a7058356cf4f3fc97a1924b8,full,20d3574204c9ed9e876d9e02c02661de02d337f4f82e2b26129e7b0c783d9749,nsga2,42a31adb5690637c,6.959342770378365,1839.8017670963472,-0.16574585635359115,6.959342770378365,1839.8017670963472,-0.16574585635359115,0.0,0.0,0.0,0.40370142211110893,0.16574585635359115,0.0,378.67581492922386,False,False,True,
S025,corridor,transition,102,1070001,1,PR1_HT1_EC0,No-EC,S025@corridor@transition:i102:nsga2:s1070001:r1:PR1_HT1_EC0:4fe4758377fe,99da49bc5facfcdb946cf238748a769dea3acd25be847396ffc15775a1845096,p0034,v2,410d2efffc3a27d41ca71ea3d370e053716c51f8a7058356cf4f3fc97a1924b8,full,20d3574204c9ed9e876d9e02c02661de02d337f4f82e2b26129e7b0c783d9749,nsga2,8978aa70b18b31e4,7.060177773835461,1564.5634409487348,-0.16129032258064516,7.060177773835461,1564.5634409487348,-0.16129032258064516,0.0,0.0,0.0,0.3756130891976084,0.16129032258064516,0.0,400.1072129422248,False,False,True,
S025,corridor,transition,102,1070001,1,PR1_HT1_EC0,No-EC,S025@corridor@transition:i102:nsga2:s1070001:r1:PR1_HT1_EC0:4fe4758377fe,99da49bc5facfcdb946cf238748a769dea3acd25be847396ffc15775a1845096,p0035,v2,410d2efffc3a27d41ca71ea3d370e053716c51f8a7058356cf4f3fc97a1924b8,full,20d3574204c9ed9e876d9e02c02661de02d337f4f82e2b26129e7b0c783d9749,nsga2,c3c5676ac1515c73,7.085193892201905,1562.9045471238046,-0.10471204188481675,7.085193892201905,1562.9045471238046,-0.10471204188481675,0.0,0.0,0.0,0.3530129513665182,0.10471204188481675,0.0,417.35111810734657,False,False,True,
S025,corridor,transition,102,1070001,1,PR1_HT1_EC0,No-EC,S025@corridor@transition:i102:nsga2:s1070001:r1:PR1_HT1_EC0:4fe4758377fe,99da49bc5facfcdb946cf238748a769dea3acd25be847396ffc15775a1845096,p0036,v2,410d2efffc3a27d41ca71ea3d370e053716c51f8a7058356cf4f3fc97a1924b8,full,20d3574204c9ed9e876d9e02c02661de02d337f4f82e2b26129e7b0c783d9749,nsga2,fdb278878143a63e,6.965338827456287,1829.933383125022,-0.08547008547008547,6.965338827456287,1829.933383125022,-0.08547008547008547,0.0,0.0,0.0,0.4002710080795404,0.08547008547008547,0.0,381.29322083531065,False,False,True,
S025,corridor,transition,102,1070001,1,PR1_HT1_EC0,No-EC,S025@corridor@transition:i102:nsga2:s1070001:r1:PR1_HT1_EC0:4fe4758377fe,99da49bc5facfcdb946cf238748a769dea3acd25be847396ffc15775a1845096,p0037,v2,410d2efffc3a27d41ca71ea3d370e053716c51f8a7058356cf4f3fc97a1924b8,full,20d3574204c9ed9e876d9e02c02661de02d337f4f82e2b26129e7b0c783d9749,nsga2,6fbbec013d74fc9a,7.299694189603029,497.23063206382767,-0.0,7.299694189603029,497.23063206382767,-0.0,0.0,0.0,0.0,0.19659239842719517,0.0,0.6666666666666666,536.7000000000501,False,False,True,
S025,corridor,transition,102,1070001,1,PR1_HT1_EC0,No-EC,S025@corridor@transition:i102:nsga2:s1070001:r1:PR1_HT1_EC0:4fe4758377fe,99da49bc5facfcdb946cf238748a769dea3acd25be847396ffc15775a1845096,p0038,v2,410d2efffc3a27d41ca71ea3d370e053716c51f8a7058356cf4f3fc97a1924b8,full,20d3574204c9ed9e876d9e02c02661de02d337f4f82e2b26129e7b0c783d9749,nsga2,65f0b1fc6acbe4d2,7.273481869812727,744.1091496740238,-0.0,7.273481869812727,744.1091496740238,-0.0,0.0,0.0,0.0,0.22280471821749662,0.0,0.5,516.7000000000501,False,False,True,
S025,corridor,transition,102,1070001,1,PR1_HT1_EC0,No-EC,S025@corridor@transition:i102:nsga2:s1070001:r1:PR1_HT1_EC0:4fe4758377fe,99da49bc5facfcdb946cf238748a769dea3acd25be847396ffc15775a1845096,p0039,v2,410d2efffc3a27d41ca71ea3d370e053716c51f8a7058356cf4f3fc97a1924b8,full,20d3574204c9ed9e876d9e02c02661de02d337f4f82e2b26129e7b0c783d9749,nsga2,795bd1418d862de7,7.239198464605875,871.4012635347137,-0.0,7.239198464605875,871.4012635347137,-0.0,0.0,0.0,0.0,0.2570881234243492,0.0,0.3333333333333333,490.54176182722153,False,False,True,
S025,corridor,transition,102,1070001,1,PR1_HT1_EC0,No-EC,S025@corridor@transition:i102:nsga2:s1070001:r1:PR1_HT1_EC0:4fe4758377fe,99da49bc5facfcdb946cf238748a769dea3acd25be847396ffc15775a1845096,p0040,v2,410d2efffc3a27d41ca71ea3d370e053716c51f8a7058356cf4f3fc97a1924b8,full,20d3574204c9ed9e876d9e02c02661de02d337f4f82e2b26129e7b0c783d9749,nsga2,22e56564b13fe6c0,7.234783420530259,927.9534440252401,-0.0,7.234783420530259,927.9534440252401,-0.0,0.0,0.0,0.0,0.261503167499965,0.0,0.3333333333333333,487.1730831975267,False,False,True,
S025,corridor,transition,102,1070001,1,PR1_HT1_EC0,No-EC,S025@corridor@transition:i102:nsga2:s1070001:r1:PR1_HT1_EC0:4fe4758377fe,99da49bc5facfcdb946cf238748a769dea3acd25be847396ffc15775a1845096,p0041,v2,410d2efffc3a27d41ca71ea3d370e053716c51f8a7058356cf4f3fc97a1924b8,full,20d3574204c9ed9e876d9e02c02661de02d337f4f82e2b26129e7b0c783d9749,nsga2,951aeff294510a56,7.246970225000428,868.0126994385129,-0.0,7.246970225000428,868.0126994385129,-0.0,0.0,0.0,0.0,0.2493163630297954,0.0,0.3333333333333333,496.4716150082661,False,False,True,
S025,corridor,transition,102,1070001,1,PR1_HT1_EC0,No-EC,S025@corridor@transition:i102:nsga2:s1070001:r1:PR1_HT1_EC0:4fe4758377fe,99da49bc5facfcdb946cf238748a769dea3acd25be847396ffc15775a1845096,p0042,v2,410d2efffc3a27d41ca71ea3d370e053716c51f8a7058356cf4f3fc97a1924b8,full,20d3574204c9ed9e876d9e02c02661de02d337f4f82e2b26129e7b0c783d9749,nsga2,eda5f50914e3d853,7.235980720618634,893.8221366006355,-0.0,7.235980720618634,893.8221366006355,-0.0,0.0,0.0,0.0,0.2603058674115906,0.0,0.3333333333333333,488.08662316495634,False,False,True,
S025,corridor,transition,102,1070001,1,PR1_HT1_EC1,Full,S025@corridor@transition:i102:nsga2:s1070001:r1:PR1_HT1_EC1:f7b5fefe44d6,99da49bc5facfcdb946cf238748a769dea3acd25be847396ffc15775a1845096,p0001,v2,20d3574204c9ed9e876d9e02c02661de02d337f4f82e2b26129e7b0c783d9749,full,20d3574204c9ed9e876d9e02c02661de02d337f4f82e2b26129e7b0c783d9749,nsga2,b31d7104e4a40200,4.241883126193066,4175.098120591132,-0.8755301794452233,4.241883126193066,4175.098120591132,-0.8755301794452233,0.0,0.0,0.0,0.8999999999998975,0.8755301794452233,0.0,7.820233349775663e-11,False,True,True,
S025,corridor,transition,102,1070001,1,PR1_HT1_EC1,Full,S025@corridor@transition:i102:nsga2:s1070001:r1:PR1_HT1_EC1:f7b5fefe44d6,99da49bc5facfcdb946cf238748a769dea3acd25be847396ffc15775a1845096,p0002,v2,20d3574204c9ed9e876d9e02c02661de02d337f4f82e2b26129e7b0c783d9749,full,20d3574204c9ed9e876d9e02c02661de02d337f4f82e2b26129e7b0c783d9749,nsga2,cd505077009aaa3f,4.282981135461567,4065.092988722161,-0.8755301794452158,4.282981135461567,4065.092988722161,-0.8755301794452158,0.0,0.0,0.0,0.8999999999998918,0.8755301794452158,0.0,8.266454187833006e-11,False,True,True,
S025,corridor,transition,102,1070001,1,PR1_HT1_EC1,Full,S025@corridor@transition:i102:nsga2:s1070001:r1:PR1_HT1_EC1:f7b5fefe44d6,99da49bc5facfcdb946cf238748a769dea3acd25be847396ffc15775a1845096,p0003,v2,20d3574204c9ed9e876d9e02c02661de02d337f4f82e2b26129e7b0c783d9749,full,20d3574204c9ed9e876d9e02c02661de02d337f4f82e2b26129e7b0c783d9749,nsga2,c2a0702cdaeae475,4.211523217373897,4285.524384253617,-0.8755301794451508,4.211523217373897,4285.524384253617,-0.8755301794451508,0.0,0.0,0.0,0.8999999999998395,0.8755301794451508,0.0,1.2255441106390208e-10,True,True,True,
S025,corridor,transition,102,1070001,1,PR1_HT1_EC1,Full,S025@corridor@transition:i102:nsga2:s1070001:r1:PR1_HT1_EC1:f7b5fefe44d6,99da49bc5facfcdb946cf238748a769dea3acd25be847396ffc15775a1845096,p0004,v2,20d3574204c9ed9e876d9e02c02661de02d337f4f82e2b26129e7b0c783d9749,full,20d3574204c9ed9e876d9e02c02661de02d337f4f82e2b26129e7b0c783d9749,nsga2,72d6a863197f6f6a,4.281711643099891,4123.217991937008,-0.8755301794452136,4.281711643099891,4123.217991937008,-0.8755301794452136,0.0,0.0,0.0,0.89999999999989,0.8755301794452136,0.0,8.402878393098945e-11,False,True,True,
S025,corridor,transition,102,1070001,1,PR1_HT1_EC1,Full,S025@corridor@transition:i102:nsga2:s1070001:r1:PR1_HT1_EC1:f7b5fefe44d6,99da49bc5facfcdb946cf238748a769dea3acd25be847396ffc15775a1845096,p0005,v2,20d3574204c9ed9e876d9e02c02661de02d337f4f82e2b26129e7b0c783d9749,full,20d3574204c9ed9e876d9e02c02661de02d337f4f82e2b26129e7b0c783d9749,nsga2,ee73208bdaf3a193,5.190415718365358,3443.5610616104673,-0.7853403141361257,5.190415718365358,3443.5610616104673,-0.7853403141361257,0.0,0.0,0.0,0.8464918367591251,0.7853403141361257,0.0,40.82672855278756,False,True,True,
S025,corridor,transition,102,1070001,1,PR1_HT1_EC1,Full,S025@corridor@transition:i102:nsga2:s1070001:r1:PR1_HT1_EC1:f7b5fefe44d6,99da49bc5facfcdb946cf238748a769dea3acd25be847396ffc15775a1845096,p0006,v2,20d3574204c9ed9e876d9e02c02661de02d337f4f82e2b26129e7b0c783d9749,full,20d3574204c9ed9e876d9e02c02661de02d337f4f82e2b26129e7b0c783d9749,nsga2,6eb9c0cf1f8988d5,5.184052788449702,3368.1875074483582,-0.7661290322580645,5.184052788449702,3368.1875074483582,-0.7661290322580645,0.0,0.0,0.0,0.8471026696190072,0.7661290322580645,0.0,40.360663080697606,False,True,True,
S025,corridor,transition,102,1070001,1,PR1_HT1_EC1,Full,S025@corridor@transition:i102:nsga2:s1070001:r1:PR1_HT1_EC1:f7b5fefe44d6,99da49bc5facfcdb946cf238748a769dea3acd25be847396ffc15775a1845096,p0007,v2,20d3574204c9ed9e876d9e02c02661de02d337f4f82e2b26129e7b0c783d9749,full,20d3574204c9ed9e876d9e02c02661de02d337f4f82e2b26129e7b0c783d9749,nsga2,7d38fa00c550ea67,5.216153165520179,3359.6840550463307,-0.6837606837606838,5.216153165520179,3359.6840550463307,-0.6837606837606838,0.0,0.0,0.0,0.823931449600816,0.6837606837606838,0.0,58.04030395457745,False,True,True,
S025,corridor,transition,102,1070001,1,PR1_HT1_EC1,Full,S025@corridor@transition:i102:nsga2:s1070001:r1:PR1_HT1_EC1:f7b5fefe44d6,99da49bc5facfcdb946cf238748a769dea3acd25be847396ffc15775a1845096,p0008,v2,20d3574204c9ed9e876d9e02c02661de02d337f4f82e2b26129e7b0c783d9749,full,20d3574204c9ed9e876d9e02c02661de02d337f4f82e2b26129e7b0c783d9749,nsga2,cdf56d71b340984c,5.264158824522969,3356.2954909501304,-0.6451612903225806,5.264158824522969,3356.2954909501304,-0.6451612903225806,0.0,0.0,0.0,0.8058785496878806,0.6451612903225806,0.0,71.81466658814709,False,True,True,
S025,corridor,transition,102,1070001,1,PR1_HT1_EC1,Full,S025@corridor@transition:i102:nsga2:s1070001:r1:PR1_HT1_EC1:f7b5fefe44d6,99da49bc5facfcdb946cf238748a769dea3acd25be847396ffc15775a1845096,p0009,v2,20d3574204c9ed9e876d9e02c02661de02d337f4f82e2b26129e7b0c783d9749,full,20d3574204c9ed9e876d9e02c02661de02d337f4f82e2b26129e7b0c783d9749,nsga2,68dbc11fcaaadb53,5.2798583583346925,3325.3417910280573,-0.6451612903225806,5.2798583583346925,3325.3417910280573,-0.6451612903225806,0.0,0.0,0.0,0.7989646196160911,0.6451612903225806,0.0,77.08999523292242,False,True,True,
S025,corridor,transition,102,1070001,1,PR1_HT1_EC1,Full,S025@corridor@transition:i102:nsga2:s1070001:r1:PR1_HT1_EC1:f7b5fefe44d6,99da49bc5facfcdb946cf238748a769dea3acd25be847396ffc15775a1845096,p0010,v2,20d3574204c9ed9e876d9e02c02661de02d337f4f82e2b26129e7b0c783d9749,full,20d3574204c9ed9e876d9e02c02661de02d337f4f82e2b26129e7b0c783d9749,nsga2,7a699c9ca4eb8a6d,5.2761100844332045,3327.600833758858,-0.6410256410256411,5.2761100844332045,3327.600833758858,-0.6410256410256411,0.0,0.0,0.0,0.8030366743824238,0.6410256410256411,0.0,73.9830174462107,False,True,True,
S025,corridor,transition,102,1070001,1,PR1_HT1_EC1,Full,S025@corridor@transition:i102:nsga2:s1070001:r1:PR1_HT1_EC1:f7b5fefe44d6,99da49bc5facfcdb946cf238748a769dea3acd25be847396ffc15775a1845096,p0011,v2,20d3574204c9ed9e876d9e02c02661de02d337f4f82e2b26129e7b0c783d9749,full,20d3574204c9ed9e876d9e02c02661de02d337f4f82e2b26129e7b0c783d9749,nsga2,63f4e0d9c6b04660,5.8403151566972875,3226.055394651502,-0.6282722513089005,5.8403151566972875,3226.055394651502,-0.6282722513089005,0.0,0.0,0.0,0.7240076133658494,0.6282722513089005,0.0,134.28219100185686,False,True,True,
S025,corridor,transition,102,1070001,1,PR1_HT1_EC1,Full,S025@corridor@transition:i102:nsga2:s1070001:r1:PR1_HT1_EC1:f7b5fefe44d6,99da49bc5facfcdb946cf238748a769dea3acd25be847396ffc15775a1845096,p0012,v2,20d3574204c9ed9e876d9e02c02661de02d337f4f82e2b26129e7b0c783d9749,full,20d3574204c9ed9e876d9e02c02661de02d337f4f82e2b26129e7b0c783d9749,nsga2,6a7c2447fdc0ef76,5.913566367563319,3203.1575956175348,-0.6077348066298343,5.913566367563319,3203.1575956175348,-0.6077348066298343,0.0,0.0,0.0,0.7055986038063652,0.6077348066298343,0.0,148.32826529574334,False,True,True,
S025,corridor,transition,102,1070001,1,PR1_HT1_EC1,Full,S025@corridor@transition:i102:nsga2:s1070001:r1:PR1_HT1_EC1:f7b5fefe44d6,99da49bc5facfcdb946cf238748a769dea3acd25be847396ffc15775a1845096,p0013,v2,20d3574204c9ed9e876d9e02c02661de02d337f4f82e2b26129e7b0c783d9749,full,20d3574204c9ed9e876d9e02c02661de02d337f4f82e2b26129e7b0c783d9749,nsga2,75346c41e0d3e54d,5.834563059641514,3139.9195874972784,-0.6048387096774194,5.834563059641514,3139.9195874972784,-0.6048387096774194,0.0,0.0,0.0,0.7249154090693141,0.6048387096774194,0.0,133.5895428801134,False,True,True,
S025,corridor,transition,102,1070001,1,PR1_HT1_EC1,Full,S025@corridor@transition:i102:nsga2:s1070001:r1:PR1_HT1_EC1:f7b5fefe44d6,99da49bc5facfcdb946cf238748a769dea3acd25be847396ffc15775a1845096,p0014,v2,20d3574204c9ed9e876d9e02c02661de02d337f4f82e2b26129e7b0c783d9749,full,20d3574204c9ed9e876d9e02c02661de02d337f4f82e2b26129e7b0c783d9749,nsga2,be3a8691c42aaed4,5.868847354243383,3088.2448350281466,-0.5645161290322581,5.868847354243383,3088.2448350281466,-0.5645161290322581,0.0,0.0,0.0,0.7089647720694959,0.5645161290322581,0.0,145.7598789109747,False,True,True,
S025,corridor,transition,102,1070001,1,PR1_HT1_EC1,Full,S025@corridor@transition:i102:nsga2:s1070001:r1:PR1_HT1_EC1:f7b5fefe44d6,99da49bc5facfcdb946cf238748a769dea3acd25be847396ffc15775a1845096,p0015,v2,20d3574204c9ed9e876d9e02c02661de02d337f4f82e2b26129e7b0c783d9749,full,20d3574204c9ed9e876d9e02c02661de02d337f4f82e2b26129e7b0c783d9749,nsga2,f286d528297c032f,5.8349906218354946,3094.079495828586,-0.5241935483870968,5.8349906218354946,3094.079495828586,-0.5241935483870968,0.0,0.0,0.0,0.7127753326685596,0.5241935483870968,0.0,142.85242117388896,False,True,True,
S025,corridor,transition,102,1070001,1,PR1_HT1_EC1,Full,S025@corridor@transition:i102:nsga2:s1070001:r1:PR1_HT1_EC1:f7b5fefe44d6,99da49bc5facfcdb946cf238748a769dea3acd25be847396ffc15775a1845096,p0016,v2,20d3574204c9ed9e876d9e02c02661de02d337f4f82e2b26129e7b0c783d9749,full,20d3574204c9ed9e876d9e02c02661de02d337f4f82e2b26129e7b0c783d9749,nsga2,7bcd0e6d38fa182a,5.847946284921231,3059.2865886878476,-0.5241935483870968,5.847946284921231,3059.2865886878476,-0.5241935483870968,0.0,0.0,0.0,0.705165615336956,0.5241935483870968,0.0,148.65863549790265,False,True,True,
S025,corridor,transition,102,1070001,1,PR1_HT1_EC1,Full,S025@corridor@transition:i102:nsga2:s1070001:r1:PR1_HT1_EC1:f7b5fefe44d6,99da49bc5facfcdb946cf238748a769dea3acd25be847396ffc15775a1845096,p0017,v2,20d3574204c9ed9e876d9e02c02661de02d337f4f82e2b26129e7b0c783d9749,full,20d3574204c9ed9e876d9e02c02661de02d337f4f82e2b26129e7b0c783d9749,nsga2,fef58cc3f23b9b64,6.128653478432058,2993.4659637434133,-0.4972375690607735,6.128653478432058,2993.4659637434133,-0.4972375690607735,0.0,0.0,0.0,0.6525343571447363,0.4972375690607735,0.0,188.81628549856617,False,True,True,
S025,corridor,transition,102,1070001,1,PR1_HT1_EC1,Full,S025@corridor@transition:i102:nsga2:s1070001:r1:PR1_HT1_EC1:f7b5fefe44d6,99da49bc5facfcdb946cf238748a769dea3acd25be847396ffc15775a1845096,p0018,v2,20d3574204c9ed9e876d9e02c02661de02d337f4f82e2b26129e7b0c783d9749,full,20d3574204c9ed9e876d9e02c02661de02d337f4f82e2b26129e7b0c783d9749,nsga2,bbf1fa46cd5a1550,6.247220754374321,2931.955255342588,-0.4712041884816754,6.247220754374321,2931.955255342588,-0.4712041884816754,0.0,0.0,0.0,0.6157198381894539,0.4712041884816754,0.0,216.9057634614466,False,True,True,
S025,corridor,transition,102,1070001,1,PR1_HT1_EC1,Full,S025@corridor@transition:i102:nsga2:s1070001:r1:PR1_HT1_EC1:f7b5fefe44d6,99da49bc5facfcdb946cf238748a769dea3acd25be847396ffc15775a1845096,p0019,v2,20d3574204c9ed9e876d9e02c02661de02d337f4f82e2b26129e7b0c783d9749,full,20d3574204c9ed9e876d9e02c02661de02d337f4f82e2b26129e7b0c783d9749,nsga2,a654c7fdc30a2e8e,6.16129706530286,2963.135399265508,-0.4712041884816754,6.16129706530286,2963.135399265508,-0.4712041884816754,0.0,0.0,0.0,0.6379406927136497,0.4712041884816754,0.0,199.9512514594852,False,True,True,
S025,corridor,transition,102,1070001,1,PR1_HT1_EC1,Full,S025@corridor@transition:i102:nsga2:s1070001:r1:PR1_HT1_EC1:f7b5fefe44d6,99da49bc5facfcdb946cf238748a769dea3acd25be847396ffc15775a1845096,p0020,v2,20d3574204c9ed9e876d9e02c02661de02d337f4f82e2b26129e7b0c783d9749,full,20d3574204c9ed9e876d9e02c02661de02d337f4f82e2b26129e7b0c783d9749,nsga2,8845667d03e93bf3,6.15490016541864,2897.3547614739614,-0.4435483870967742,6.15490016541864,2897.3547614739614,-0.4435483870967742,0.0,0.0,0.0,0.643417967991273,0.4435483870967742,0.0,195.7720904226587,False,True,True,
S025,corridor,transition,102,1070001,1,PR1_HT1_EC1,Full,S025@corridor@transition:i102:nsga2:s1070001:r1:PR1_HT1_EC1:f7b5fefe44d6,99da49bc5facfcdb946cf238748a769dea3acd25be847396ffc15775a1845096,p0021,v2,20d3574204c9ed9e876d9e02c02661de02d337f4f82e2b26129e7b0c783d9749,full,20d3574204c9ed9e876d9e02c02661de02d337f4f82e2b26129e7b0c783d9749,nsga2,66f6750015a4a43f,6.540613186756934,2352.9641141388943,-0.4143646408839779,6.540613186756934,2352.9641141388943,-0.4143646408839779,0.0,0.0,0.0,0.5582970373506364,0.4143646408839779,0.0,260.71936050146445,False,True,True,
S025,corridor,transition,102,1070001,1,PR1_HT1_EC1,Full,S025@corridor@transition:i102:nsga2:s1070001:r1:PR1_HT1_EC1:f7b5fefe44d6,99da49bc5facfcdb946cf238748a769dea3acd25be847396ffc15775a1845096,p0022,v2,20d3574204c9ed9e876d9e02c02661de02d337f4f82e2b26129e7b0c783d9749,full,20d3574204c9ed9e876d9e02c02661de02d337f4f82e2b26129e7b0c783d9749,nsga2,4eefdc2f0a639377,6.224463013278527,2879.6275080455252,-0.4032258064516129,6.224463013278527,2879.6275080455252,-0.4032258064516129,0.0,0.0,0.0,0.6167673829367027,0.4032258064516129,0.0,216.10648681929572,False,True,True,
S025,corridor,transition,102,1070001,1,PR1_HT1_EC1,Full,S025@corridor@transition:i102:nsga2:s1070001:r1:PR1_HT1_EC1:f7b5fefe44d6,99da49bc5facfcdb946cf238748a769dea3acd25be847396ffc15775a1845096,p0023,v2,20d3574204c9ed9e876d9e02c02661de02d337f4f82e2b26129e7b0c783d9749,full,20d3574204c9ed9e876d9e02c02661de02d337f4f82e2b26129e7b0c783d9749,nsga2,92faad0d2c98e466,6.556417512573782,2291.0567142947484,-0.39267015706806285,6.556417512573782,2291.0567142947484,-0.39267015706806285,0.0,0.0,0.0,0.5484557093352105,0.39267015706806285,0.0,268.2282937772344,False,True,True,
S025,corridor,transition,102,1070001,1,PR1_HT1_EC1,Full,S025@corridor@transition:i102:nsga2:s1070001:r1:PR1_HT1_EC1:f7b5fefe44d6,99da49bc5facfcdb946cf238748a769dea3acd25be847396ffc15775a1845096,p0024,v2,20d3574204c9ed9e876d9e02c02661de02d337f4f82e2b26129e7b0c783d9749,full,20d3574204c9ed9e876d9e02c02661de02d337f4f82e2b26129e7b0c783d9749,nsga2,fe6716ab1a16c5e4,6.495353181775114,2274.6466123349187,-0.38461538461538464,6.495353181775114,2274.6466123349187,-0.38461538461538464,0.0,0.0,0.0,0.5701197361063204,0.38461538461538464,0.0,251.6986413508776,False,True,True,
S025,corridor,transition,102,1070001,1,PR1_HT1_EC1,Full,S025@corridor@transition:i102:nsga2:s1070001:r1:PR1_HT1_EC1:f7b5fefe44d6,99da49bc5facfcdb946cf238748a769dea3acd25be847396ffc15775a1845096,p0025,v2,20d3574204c9ed9e876d9e02c02661de02d337f4f82e2b26129e7b0c783d9749,full,20d3574204c9ed9e876d9e02c02661de02d337f4f82e2b26129e7b0c783d9749,nsga2,929d2dd836d7d2d7,6.509870318094218,2273.5170909695184,-0.3629032258064516,6.509870318094218,2273.5170909695184,-0.3629032258064516,0.0,0.0,0.0,0.5620054940501473,0.3629032258064516,0.0,257.88980803973755,False,True,True,
S025,corridor,transition,102,1070001,1,PR1_HT1_EC1,Full,S025@corridor@transition:i102:nsga2:s1070001:r1:PR1_HT1_EC1:f7b5fefe44d6,99da49bc5facfcdb946cf238748a769dea3acd25be847396ffc15775a1845096,p0026,v2,20d3574204c9ed9e876d9e02c02661de02d337f4f82e2b26129e7b0c783d9749,full,20d3574204c9ed9e876d9e02c02661de02d337f4f82e2b26129e7b0c783d9749,nsga2,02d43bf1955eec34,6.774338475453999,1925.1205225275542,-0.31413612565445026,6.774338475453999,1925.1205225275542,-0.31413612565445026,0.0,0.0,0.0,0.4848295755395665,0.31413612565445026,0.0,316.77503386331074,False,True,True,
S025,corridor,transition,102,1070001,1,PR1_HT1_EC1,Full,S025@corridor@transition:i102:nsga2:s1070001:r1:PR1_HT1_EC1:f7b5fefe44d6,99da49bc5facfcdb946cf238748a769dea3acd25be847396ffc15775a1845096,p0027,v2,20d3574204c9ed9e876d9e02c02661de02d337f4f82e2b26129e7b0c783d9749,full,20d3574204c9ed9e876d9e02c02661de02d337f4f82e2b26129e7b0c783d9749,nsga2,a31fca247f634a58,6.770896936374542,1905.7958260844514,-0.28225806451612906,6.770896936374542,1905.7958260844514,-0.28225806451612906,0.0,0.0,0.0,0.4866417255030375,0.28225806451612906,0.0,315.3923634411824,False,True,True,
S025,corridor,transition,102,1070001,1,PR1_HT1_EC1,Full,S025@corridor@transition:i102:nsga2:s1070001:r1:PR1_HT1_EC1:f7b5fefe44d6,99da49bc5facfcdb946cf238748a769dea3acd25be847396ffc15775a1845096,p0028,v2,20d3574204c9ed9e876d9e02c02661de02d337f4f82e2b26129e7b0c783d9749,full,20d3574204c9ed9e876d9e02c02661de02d337f4f82e2b26129e7b0c783d9749,nsga2,fa50b1a3cd5344de,6.933130450588063,1888.7934179680049,-0.27624309392265195,6.933130450588063,1888.7934179680049,-0.27624309392265195,0.0,0.0,0.0,0.4299137419014104,0.27624309392265195,0.0,358.67581492922386,False,True,True,
S025,corridor,transition,102,1070001,1,PR1_HT1_EC1,Full,S025@corridor@transition:i102:nsga2:s1070001:r1:PR1_HT1_EC1:f7b5fefe44d6,99da49bc5facfcdb946cf238748a769dea3acd25be847396ffc15775a1845096,p0029,v2,20d3574204c9ed9e876d9e02c02661de02d337f4f82e2b26129e7b0c783d9749,full,20d3574204c9ed9e876d9e02c02661de02d337f4f82e2b26129e7b0c783d9749,nsga2,04e1d4407d6ec7e4,6.78744463534915,1878.8862420110522,-0.2617801047120419,6.78744463534915,1878.8862420110522,-0.2617801047120419,0.0,0.0,0.0,0.4717234156444158,0.2617801047120419,0.0,326.77503386331074,False,True,True,
S025,corridor,transition,102,1070001,1,PR1_HT1_EC1,Full,S025@corridor@transition:i102:nsga2:s1070001:r1:PR1_HT1_EC1:f7b5fefe44d6,99da49bc5facfcdb946cf238748a769dea3acd25be847396ffc15775a1845096,p0030,v2,20d3574204c9ed9e876d9e02c02661de02d337f4f82e2b26129e7b0c783d9749,full,20d3574204c9ed9e876d9e02c02661de02d337f4f82e2b26129e7b0c783d9749,nsga2,a87232fb5a08a4a0,6.766003359969503,1898.3925205937005,-0.2564102564102564,6.766003359969503,1898.3925205937005,-0.2564102564102564,0.0,0.0,0.0,0.48857937139977864,0.2564102564102564,0.0,313.9139396219689,False,True,True,
S025,corridor,transition,102,1070001,1,PR1_HT1_EC1,Full,S025@corridor@transition:i102:nsga2:s1070001:r1:PR1_HT1_EC1:f7b5fefe44d6,99da49bc5facfcdb946cf238748a769dea3acd25be847396ffc15775a1845096,p0031,v2,20d3574204c9ed9e876d9e02c02661de02d337f4f82e2b26129e7b0c783d9749,full,20d3574204c9ed9e876d9e02c02661de02d337f4f82e2b26129e7b0c783d9749,nsga2,fb258dbafd631e27,6.762755129787318,1877.756720645652,-0.24193548387096775,6.762755129787318,1877.756720645652,-0.24193548387096775,0.0,0.0,0.0,0.486078046437685,0.24193548387096775,0.0,315.82245056804635,False,True,True,
S025,corridor,transition,102,1070001,1,PR1_HT1_EC1,Full,S025@corridor@transition:i102:nsga2:s1070001:r1:PR1_HT1_EC1:f7b5fefe44d6,99da49bc5facfcdb946cf238748a769dea3acd25be847396ffc15775a1845096,p0032,v2,20d3574204c9ed9e876d9e02c02661de02d337f4f82e2b26129e7b0c783d9749,full,20d3574204c9ed9e876d9e02c02661de02d337f4f82e2b26129e7b0c783d9749,nsga2,890cf8bddc85fdfb,6.9397489097892135,1862.7277069597153,-0.22099447513812154,6.9397489097892135,1862.7277069597153,-0.22099447513812154,0.0,0.0,0.0,0.4194895788482205,0.22099447513812154,0.0,366.6294513388077,False,True,True,
S025,corridor,transition,102,1070001,1,PR1_HT1_EC1,Full,S025@corridor@transition:i102:nsga2:s1070001:r1:PR1_HT1_EC1:f7b5fefe44d6,99da49bc5facfcdb946cf238748a769dea3acd25be847396ffc15775a1845096,p0033,v2,20d3574204c9ed9e876d9e02c02661de02d337f4f82e2b26129e7b0c783d9749,full,20d3574204c9ed9e876d9e02c02661de02d337f4f82e2b26129e7b0c783d9749,nsga2,7de2253c853c8d9b,6.773533906523888,1876.6271992802517,-0.21367521367521367,6.773533906523888,1876.6271992802517,-0.21367521367521367,0.0,0.0,0.0,0.47961449226506037,0.21367521367521367,0.0,320.75414240175894,False,True,True,
S025,corridor,transition,102,1070001,1,PR1_HT1_EC1,Full,S025@corridor@transition:i102:nsga2:s1070001:r1:PR1_HT1_EC1:f7b5fefe44d6,99da49bc5facfcdb946cf238748a769dea3acd25be847396ffc15775a1845096,p0034,v2,20d3574204c9ed9e876d9e02c02661de02d337f4f82e2b26129e7b0c783d9749,full,20d3574204c9ed9e876d9e02c02661de02d337f4f82e2b26129e7b0c783d9749,nsga2,cec1c6b40ffc1b5b,7.0641065408932615,1658.6280963464533,-0.17094017094017094,7.0641065408932615,1658.6280963464533,-0.17094017094017094,0.0,0.0,0.0,0.37780053009097175,0.17094017094017094,0.0,398.4381955405886,False,True,True,
S025,corridor,transition,102,1070001,1,PR1_HT1_EC1,Full,S025@corridor@transition:i102:nsga2:s1070001:r1:PR1_HT1_EC1:f7b5fefe44d6,99da49bc5facfcdb946cf238748a769dea3acd25be847396ffc15775a1845096,p0035,v2,20d3574204c9ed9e876d9e02c02661de02d337f4f82e2b26129e7b0c783d9749,full,20d3574204c9ed9e876d9e02c02661de02d337f4f82e2b26129e7b0c783d9749,nsga2,c3a23dacb7147fab,7.064883632643514,1577.2605149828419,-0.16574585635359115,7.064883632643514,1577.2605149828419,-0.16574585635359115,0.0,0.0,0.0,0.37090723038955586,0.16574585635359115,0.0,403.69778321276885,False,True,True,
S025,corridor,transition,102,1070001,1,PR1_HT1_EC1,Full,S025@corridor@transition:i102:nsga2:s1070001:r1:PR1_HT1_EC1:f7b5fefe44d6,99da49bc5facfcdb946cf238748a769dea3acd25be847396ffc15775a1845096,p0036,v2,20d3574204c9ed9e876d9e02c02661de02d337f4f82e2b26129e7b0c783d9749,full,20d3574204c9ed9e876d9e02c02661de02d337f4f82e2b26129e7b0c783d9749,nsga2,86f1a75348e73edb,6.959342770378365,1839.8017670963472,-0.16574585635359115,6.959342770378365,1839.8017670963472,-0.16574585635359115,0.0,0.0,0.0,0.40370142211110893,0.16574585635359115,0.0,378.67581492922386,False,True,True,
S025,corridor,transition,102,1070001,1,PR1_HT1_EC1,Full,S025@corridor@transition:i102:nsga2:s1070001:r1:PR1_HT1_EC1:f7b5fefe44d6,99da49bc5facfcdb946cf238748a769dea3acd25be847396ffc15775a1845096,p0037,v2,20d3574204c9ed9e876d9e02c02661de02d337f4f82e2b26129e7b0c783d9749,full,20d3574204c9ed9e876d9e02c02661de02d337f4f82e2b26129e7b0c783d9749,nsga2,9f3aee9475262da9,7.060177773835461,1564.5634409487348,-0.16129032258064516,7.060177773835461,1564.5634409487348,-0.16129032258064516,0.0,0.0,0.0,0.3756130891976084,0.16129032258064516,0.0,400.1072129422248,False,True,True,
S025,corridor,transition,102,1070001,1,PR1_HT1_EC1,Full,S025@corridor@transition:i102:nsga2:s1070001:r1:PR1_HT1_EC1:f7b5fefe44d6,99da49bc5facfcdb946cf238748a769dea3acd25be847396ffc15775a1845096,p0038,v2,20d3574204c9ed9e876d9e02c02661de02d337f4f82e2b26129e7b0c783d9749,full,20d3574204c9ed9e876d9e02c02661de02d337f4f82e2b26129e7b0c783d9749,nsga2,c0a8de908ca681c7,7.085193892201905,1562.9045471238046,-0.10471204188481675,7.085193892201905,1562.9045471238046,-0.10471204188481675,0.0,0.0,0.0,0.3530129513665182,0.10471204188481675,0.0,417.35111810734657,False,True,True,
S025,corridor,transition,102,1070001,1,PR1_HT1_EC1,Full,S025@corridor@transition:i102:nsga2:s1070001:r1:PR1_HT1_EC1:f7b5fefe44d6,99da49bc5facfcdb946cf238748a769dea3acd25be847396ffc15775a1845096,p0039,v2,20d3574204c9ed9e876d9e02c02661de02d337f4f82e2b26129e7b0c783d9749,full,20d3574204c9ed9e876d9e02c02661de02d337f4f82e2b26129e7b0c783d9749,nsga2,fdb278878143a63e,6.965338827456287,1829.933383125022,-0.08547008547008547,6.965338827456287,1829.933383125022,-0.08547008547008547,0.0,0.0,0.0,0.4002710080795404,0.08547008547008547,0.0,381.29322083531065,False,True,True,
S025,corridor,transition,102,1070001,1,PR1_HT1_EC1,Full,S025@corridor@transition:i102:nsga2:s1070001:r1:PR1_HT1_EC1:f7b5fefe44d6,99da49bc5facfcdb946cf238748a769dea3acd25be847396ffc15775a1845096,p0040,v2,20d3574204c9ed9e876d9e02c02661de02d337f4f82e2b26129e7b0c783d9749,full,20d3574204c9ed9e876d9e02c02661de02d337f4f82e2b26129e7b0c783d9749,nsga2,cff686ad32204413,7.299694189603029,497.23063206382767,-0.0,7.299694189603029,497.23063206382767,-0.0,0.0,0.0,0.0,0.19659239842719517,0.0,0.6666666666666666,536.7000000000501,False,True,True,
S025,corridor,transition,102,1070001,1,PR1_HT1_EC1,Full,S025@corridor@transition:i102:nsga2:s1070001:r1:PR1_HT1_EC1:f7b5fefe44d6,99da49bc5facfcdb946cf238748a769dea3acd25be847396ffc15775a1845096,p0041,v2,20d3574204c9ed9e876d9e02c02661de02d337f4f82e2b26129e7b0c783d9749,full,20d3574204c9ed9e876d9e02c02661de02d337f4f82e2b26129e7b0c783d9749,nsga2,65f0b1fc6acbe4d2,7.273481869812727,744.1091496740238,-0.0,7.273481869812727,744.1091496740238,-0.0,0.0,0.0,0.0,0.22280471821749662,0.0,0.5,516.7000000000501,False,True,True,
S025,corridor,transition,102,1070001,1,PR1_HT1_EC1,Full,S025@corridor@transition:i102:nsga2:s1070001:r1:PR1_HT1_EC1:f7b5fefe44d6,99da49bc5facfcdb946cf238748a769dea3acd25be847396ffc15775a1845096,p0042,v2,20d3574204c9ed9e876d9e02c02661de02d337f4f82e2b26129e7b0c783d9749,full,20d3574204c9ed9e876d9e02c02661de02d337f4f82e2b26129e7b0c783d9749,nsga2,4d7f579e2c4f47fb,7.234783420530259,927.9534440252401,-0.0,7.234783420530259,927.9534440252401,-0.0,0.0,0.0,0.0,0.261503167499965,0.0,0.3333333333333333,487.1730831975267,False,True,True,
S025,corridor,transition,102,1070001,1,PR1_HT1_EC1,Full,S025@corridor@transition:i102:nsga2:s1070001:r1:PR1_HT1_EC1:f7b5fefe44d6,99da49bc5facfcdb946cf238748a769dea3acd25be847396ffc15775a1845096,p0043,v2,20d3574204c9ed9e876d9e02c02661de02d337f4f82e2b26129e7b0c783d9749,full,20d3574204c9ed9e876d9e02c02661de02d337f4f82e2b26129e7b0c783d9749,nsga2,951aeff294510a56,7.246970225000428,868.0126994385129,-0.0,7.246970225000428,868.0126994385129,-0.0,0.0,0.0,0.0,0.2493163630297954,0.0,0.3333333333333333,496.4716150082661,False,True,True,
S025,corridor,transition,102,1070001,1,PR1_HT1_EC1,Full,S025@corridor@transition:i102:nsga2:s1070001:r1:PR1_HT1_EC1:f7b5fefe44d6,99da49bc5facfcdb946cf238748a769dea3acd25be847396ffc15775a1845096,p0044,v2,20d3574204c9ed9e876d9e02c02661de02d337f4f82e2b26129e7b0c783d9749,full,20d3574204c9ed9e876d9e02c02661de02d337f4f82e2b26129e7b0c783d9749,nsga2,ef68dc8af9aefed5,7.235980720618634,893.8221366006355,-0.0,7.235980720618634,893.8221366006355,-0.0,0.0,0.0,0.0,0.2603058674115906,0.0,0.3333333333333333,488.08662316495634,False,True,True,
