case_id,scenario_family,zone,instance_seed,solver_seed,solver_repeat,model_id,model,run_key,physical_instance_hash,period,end_hours,total_satisfaction,min_satisfaction,zero_service_ratio,remaining_supply,remaining_supply_1,remaining_supply_2,remaining_supply_3,remaining_supply_8
WEN38,benchmark,original,1,60000,0,PR0_HT1_EC1,No-PR,WEN38:i1:nsga2:s60000:r0:PR0_HT1_EC1:b9f998d6cc5d,cf9bc95d906238978e0c5ab26a1947d4104e026d3bac972323bf05453ec86ca7,1,8,0.3187811765092431,0.0,0.45714285714285713,5401.598079563664,2427.1090534983705,1844.7016460913983,1129.7873799738954,
WEN38,benchmark,original,1,60000,0,PR0_HT1_EC1,No-PR,WEN38:i1:nsga2:s60000:r0:PR0_HT1_EC1:b9f998d6cc5d,cf9bc95d906238978e0c5ab26a1947d4104e026d3bac972323bf05453ec86ca7,2,16,0.6095854004246759,0.0,0.37142857142857144,2119.0000000062582,1753.0000000011341,366.0000000051241,0.0,
WEN38,benchmark,original,1,60000,0,PR0_HT1_EC1,No-PR,WEN38:i1:nsga2:s60000:r0:PR0_HT1_EC1:b9f998d6cc5d,cf9bc95d906238978e0c5ab26a1947d4104e026d3bac972323bf05453ec86ca7,3,24,0.6754961020546785,0.0,0.2857142857142857,1375.0000000067894,1375.0000000067894,0.0,0.0,
WEN38,benchmark,original,1,60000,0,PR0_HT1_EC1,No-PR,WEN38:i1:nsga2:s60000:r0:PR0_HT1_EC1:b9f998d6cc5d,cf9bc95d906238978e0c5ab26a1947d4104e026d3bac972323bf05453ec86ca7,4,32,0.7520375620120731,0.0,0.22857142857142856,511.0000000077207,511.0000000077207,0.0,0.0,
WEN38,benchmark,original,1,60000,0,PR0_HT1_EC1,No-PR,WEN38:i1:nsga2:s60000:r0:PR0_HT1_EC1:b9f998d6cc5d,cf9bc95d906238978e0c5ab26a1947d4104e026d3bac972323bf05453ec86ca7,5,40,0.7973068745570517,0.1825652018596884,0.0,0.0,0.0,0.0,0.0,
WEN38,benchmark,original,1,60000,0,PR0_HT1_EC1,No-PR,WEN38:i1:nsga2:s60000:r0:PR0_HT1_EC1:b9f998d6cc5d,cf9bc95d906238978e0c5ab26a1947d4104e026d3bac972323bf05453ec86ca7,6,48,0.7973068745570517,0.1825652018596884,0.0,0.0,0.0,0.0,0.0,
WEN38,benchmark,original,1,60000,0,PR0_HT1_EC1,No-PR,WEN38:i1:nsga2:s60000:r0:PR0_HT1_EC1:b9f998d6cc5d,cf9bc95d906238978e0c5ab26a1947d4104e026d3bac972323bf05453ec86ca7,7,56,0.7973068745570517,0.1825652018596884,0.0,0.0,0.0,0.0,0.0,
WEN38,benchmark,original,1,60000,0,PR0_HT1_EC1,No-PR,WEN38:i1:nsga2:s60000:r0:PR0_HT1_EC1:b9f998d6cc5d,cf9bc95d906238978e0c5ab26a1947d4104e026d3bac972323bf05453ec86ca7,8,64,0.7973068745570517,0.1825652018596884,0.0,0.0,0.0,0.0,0.0,
WEN38,benchmark,original,1,60000,0,PR0_HT1_EC1,No-PR,WEN38:i1:nsga2:s60000:r0:PR0_HT1_EC1:b9f998d6cc5d,cf9bc95d906238978e0c5ab26a1947d4104e026d3bac972323bf05453ec86ca7,9,72,0.7973068745570517,0.1825652018596884,0.0,0.0,0.0,0.0,0.0,
WEN38,benchmark,original,1,60000,0,PR1_HT0_EC1,No-HT,WEN38:i1:nsga2:s60000:r0:PR1_HT0_EC1:ed89f90c2cee,cf9bc95d906238978e0c5ab26a1947d4104e026d3bac972323bf05453ec86ca7,1,8,0.31892973734663854,0.0,0.45714285714285713,5399.921124831144,2073.412208505415,1281.3271604951115,2045.1817558306175,
WEN38,benchmark,original,1,60000,0,PR1_HT0_EC1,No-HT,WEN38:i1:nsga2:s60000:r0:PR1_HT0_EC1:ed89f90c2cee,cf9bc95d906238978e0c5ab26a1947d4104e026d3bac972323bf05453ec86ca7,2,16,0.6374911410343931,0.0,0.34285714285714286,1804.0000000037708,359.000000002402,0.0,1445.0000000013688,
WEN38,benchmark,original,1,60000,0,PR1_HT0_EC1,No-HT,WEN38:i1:nsga2:s60000:r0:PR1_HT0_EC1:ed89f90c2cee,cf9bc95d906238978e0c5ab26a1947d4104e026d3bac972323bf05453ec86ca7,3,24,0.7973068745570517,0.445542109163398,0.0,0.0,0.0,0.0,0.0,
WEN38,benchmark,original,1,60000,0,PR1_HT0_EC1,No-HT,WEN38:i1:nsga2:s60000:r0:PR1_HT0_EC1:ed89f90c2cee,cf9bc95d906238978e0c5ab26a1947d4104e026d3bac972323bf05453ec86ca7,4,32,0.7973068745570517,0.445542109163398,0.0,0.0,0.0,0.0,0.0,
WEN38,benchmark,original,1,60000,0,PR1_HT0_EC1,No-HT,WEN38:i1:nsga2:s60000:r0:PR1_HT0_EC1:ed89f90c2cee,cf9bc95d906238978e0c5ab26a1947d4104e026d3bac972323bf05453ec86ca7,5,40,0.7973068745570517,0.445542109163398,0.0,0.0,0.0,0.0,0.0,
WEN38,benchmark,original,1,60000,0,PR1_HT0_EC1,No-HT,WEN38:i1:nsga2:s60000:r0:PR1_HT0_EC1:ed89f90c2cee,cf9bc95d906238978e0c5ab26a1947d4104e026d3bac972323bf05453ec86ca7,6,48,0.7973068745570517,0.445542109163398,0.0,0.0,0.0,0.0,0.0,
WEN38,benchmark,original,1,60000,0,PR1_HT0_EC1,No-HT,WEN38:i1:nsga2:s60000:r0:PR1_HT0_EC1:ed89f90c2cee,cf9bc95d906238978e0c5ab26a1947d4104e026d3bac972323bf05453ec86ca7,7,56,0.7973068745570517,0.445542109163398,0.0,0.0,0.0,0.0,0.0,
WEN38,benchmark,original,1,60000,0,PR1_HT0_EC1,No-HT,WEN38:i1:nsga2:s60000:r0:PR1_HT0_EC1:ed89f90c2cee,cf9bc95d906238978e0c5ab26a1947d4104e026d3bac972323bf05453ec86ca7,8,64,0.7973068745570517,0.445542109163398,0.0,0.0,0.0,0.0,0.0,
WEN38,benchmark,original,1,60000,0,PR1_HT0_EC1,No-HT,WEN38:i1:nsga2:s60000:r0:PR1_HT0_EC1:ed89f90c2cee,cf9bc95d906238978e0c5ab26a1947d4104e026d3bac972323bf05453ec86ca7,9,72,0.7973068745570517,0.445542109163398,0.0,0.0,0.0,0.0,0.0,
WEN38,benchmark,original,1,60000,0,PR1_HT1_EC0,No-EC,WEN38:i1:nsga2:s60000:r0:PR1_HT1_EC0:233634bab1fc,cf9bc95d906238978e0c5ab26a1947d4104e026d3bac972323bf05453ec86ca7,1,8,0.3176905151467747,0.0,0.45714285714285713,5413.909465023207,2122.294238683735,1604.8868312767627,1686.7283950627098,
WEN38,benchmark,original,1,60000,0,PR1_HT1_EC0,No-EC,WEN38:i1:nsga2:s60000:r0:PR1_HT1_EC0:233634bab1fc,cf9bc95d906238978e0c5ab26a1947d4104e026d3bac972323bf05453ec86ca7,2,16,0.6128632175756297,0.0,0.37142857142857144,2082.000000006292,1053.0000000017708,801.000000002,228.00000000252112,
WEN38,benchmark,original,1,60000,0,PR1_HT1_EC0,No-EC,WEN38:i1:nsga2:s60000:r0:PR1_HT1_EC0:233634bab1fc,cf9bc95d906238978e0c5ab26a1947d4104e026d3bac972323bf05453ec86ca7,3,24,0.641300496101472,0.0,0.34285714285714286,1761.0000000065838,1053.0000000017708,480.0000000022919,228.00000000252112,
WEN38,benchmark,original,1,60000,0,PR1_HT1_EC0,No-EC,WEN38:i1:nsga2:s60000:r0:PR1_HT1_EC0:233634bab1fc,cf9bc95d906238978e0c5ab26a1947d4104e026d3bac972323bf05453ec86ca7,4,32,0.7973068745570517,0.4349222030141391,0.0,0.0,0.0,0.0,0.0,
WEN38,benchmark,original,1,60000,0,PR1_HT1_EC0,No-EC,WEN38:i1:nsga2:s60000:r0:PR1_HT1_EC0:233634bab1fc,cf9bc95d906238978e0c5ab26a1947d4104e026d3bac972323bf05453ec86ca7,5,40,0.7973068745570517,0.4349222030141391,0.0,0.0,0.0,0.0,0.0,
WEN38,benchmark,original,1,60000,0,PR1_HT1_EC0,No-EC,WEN38:i1:nsga2:s60000:r0:PR1_HT1_EC0:233634bab1fc,cf9bc95d906238978e0c5ab26a1947d4104e026d3bac972323bf05453ec86ca7,6,48,0.7973068745570517,0.4349222030141391,0.0,0.0,0.0,0.0,0.0,
WEN38,benchmark,original,1,60000,0,PR1_HT1_EC0,No-EC,WEN38:i1:nsga2:s60000:r0:PR1_HT1_EC0:233634bab1fc,cf9bc95d906238978e0c5ab26a1947d4104e026d3bac972323bf05453ec86ca7,7,56,0.7973068745570517,0.4349222030141391,0.0,0.0,0.0,0.0,0.0,
WEN38,benchmark,original,1,60000,0,PR1_HT1_EC0,No-EC,WEN38:i1:nsga2:s60000:r0:PR1_HT1_EC0:233634bab1fc,cf9bc95d906238978e0c5ab26a1947d4104e026d3bac972323bf05453ec86ca7,8,64,0.7973068745570517,0.4349222030141391,0.0,0.0,0.0,0.0,0.0,
WEN38,benchmark,original,1,60000,0,PR1_HT1_EC0,No-EC,WEN38:i1:nsga2:s60000:r0:PR1_HT1_EC0:233634bab1fc,cf9bc95d906238978e0c5ab26a1947d4104e026d3bac972323bf05453ec86ca7,9,72,0.7973068745570517,0.4349222030141391,0.0,0.0,0.0,0.0,0.0,
WEN38,benchmark,original,1,60000,0,PR1_HT1_EC1,Full,WEN38:i1:nsga2:s60000:r0:PR1_HT1_EC1:ac79a73486e1,cf9bc95d906238978e0c5ab26a1947d4104e026d3bac972323bf05453ec86ca7,1,8,0.3176905151467747,0.0,0.45714285714285713,5413.909465023207,2122.294238683735,1604.8868312767627,1686.7283950627098,
WEN38,benchmark,original,1,60000,0,PR1_HT1_EC1,Full,WEN38:i1:nsga2:s60000:r0:PR1_HT1_EC1:ac79a73486e1,cf9bc95d906238978e0c5ab26a1947d4104e026d3bac972323bf05453ec86ca7,2,16,0.6128632175756297,0.0,0.37142857142857144,2082.000000006292,1053.0000000017708,801.000000002,228.00000000252112,
WEN38,benchmark,original,1,60000,0,PR1_HT1_EC1,Full,WEN38:i1:nsga2:s60000:r0:PR1_HT1_EC1:ac79a73486e1,cf9bc95d906238978e0c5ab26a1947d4104e026d3bac972323bf05453ec86ca7,3,24,0.641300496101472,0.0,0.34285714285714286,1761.0000000065838,1053.0000000017708,480.0000000022919,228.00000000252112,
WEN38,benchmark,original,1,60000,0,PR1_HT1_EC1,Full,WEN38:i1:nsga2:s60000:r0:PR1_HT1_EC1:ac79a73486e1,cf9bc95d906238978e0c5ab26a1947d4104e026d3bac972323bf05453ec86ca7,4,32,0.7973068745570517,0.4349222030141391,0.0,0.0,0.0,0.0,0.0,
WEN38,benchmark,original,1,60000,0,PR1_HT1_EC1,Full,WEN38:i1:nsga2:s60000:r0:PR1_HT1_EC1:ac79a73486e1,cf9bc95d906238978e0c5ab26a1947d4104e026d3bac972323bf05453ec86ca7,5,40,0.7973068745570517,0.4349222030141391,0.0,0.0,0.0,0.0,0.0,
WEN38,benchmark,original,1,60000,0,PR1_HT1_EC1,Full,WEN38:i1:nsga2:s60000:r0:PR1_HT1_EC1:ac79a73486e1,cf9bc95d906238978e0c5ab26a1947d4104e026d3bac972323bf05453ec86ca7,6,48,0.7973068745570517,0.4349222030141391,0.0,0.0,0.0,0.0,0.0,
WEN38,benchmark,original,1,60000,0,PR1_HT1_EC1,Full,WEN38:i1:nsga2:s60000:r0:PR1_HT1_EC1:ac79a73486e1,cf9bc95d906238978e0c5ab26a1947d4104e026d3bac972323bf05453ec86ca7,7,56,0.7973068745570517,0.4349222030141391,0.0,0.0,0.0,0.0,0.0,
WEN38,benchmark,original,1,60000,0,PR1_HT1_EC1,Full,WEN38:i1:nsga2:s60000:r0:PR1_HT1_EC1:ac79a73486e1,cf9bc95d906238978e0c5ab26a1947d4104e026d3bac972323bf05453ec86ca7,8,64,0.7973068745570517,0.4349222030141391,0.0,0.0,0.0,0.0,0.0,
WEN38,benchmark,original,1,60000,0,PR1_HT1_EC1,Full,WEN38:i1:nsga2:s60000:r0:PR1_HT1_EC1:ac79a73486e1,cf9bc95d906238978e0c5ab26a1947d4104e026d3bac972323bf05453ec86ca7,9,72,0.7973068745570517,0.4349222030141391,0.0,0.0,0.0,0.0,0.0,
WEN38,benchmark,original,1,60001,1,PR0_HT1_EC1,No-PR,WEN38:i1:nsga2:s60001:r1:PR0_HT1_EC1:2aca52bb3fb1,cf9bc95d906238978e0c5ab26a1947d4104e026d3bac972323bf05453ec86ca7,1,8,0.31680461861948905,0.0,0.45714285714285713,5423.909465023207,1810.4423868321646,1999.5027434849726,1613.96433470607,
WEN38,benchmark,original,1,60001,1,PR0_HT1_EC1,No-PR,WEN38:i1:nsga2:s60001:r1:PR0_HT1_EC1:2aca52bb3fb1,cf9bc95d906238978e0c5ab26a1947d4104e026d3bac972323bf05453ec86ca7,2,16,0.6298772555938954,0.0,0.2857142857142857,1889.9455388561091,891.1714070089984,998.7741318471108,0.0,
WEN38,benchmark,original,1,60001,1,PR0_HT1_EC1,No-PR,WEN38:i1:nsga2:s60001:r1:PR0_HT1_EC1:2aca52bb3fb1,cf9bc95d906238978e0c5ab26a1947d4104e026d3bac972323bf05453ec86ca7,3,24,0.6960489014878867,0.0,0.2857142857142857,1143.0000000047362,468.57992480156815,674.420075203168,0.0,
WEN38,benchmark,original,1,60001,1,PR0_HT1_EC1,No-PR,WEN38:i1:nsga2:s60001:r1:PR0_HT1_EC1:2aca52bb3fb1,cf9bc95d906238978e0c5ab26a1947d4104e026d3bac972323bf05453ec86ca7,4,32,0.6960489014878867,0.0,0.2857142857142857,1143.0000000047362,468.57992480156815,674.420075203168,0.0,
WEN38,benchmark,original,1,60001,1,PR0_HT1_EC1,No-PR,WEN38:i1:nsga2:s60001:r1:PR0_HT1_EC1:2aca52bb3fb1,cf9bc95d906238978e0c5ab26a1947d4104e026d3bac972323bf05453ec86ca7,5,40,0.6960489014878867,0.0,0.2857142857142857,1143.0000000047362,468.57992480156815,674.420075203168,0.0,
WEN38,benchmark,original,1,60001,1,PR0_HT1_EC1,No-PR,WEN38:i1:nsga2:s60001:r1:PR0_HT1_EC1:2aca52bb3fb1,cf9bc95d906238978e0c5ab26a1947d4104e026d3bac972323bf05453ec86ca7,6,48,0.7973068745570211,0.0,0.17142857142857143,3.4515323932282627e-10,0.0,3.4515323932282627e-10,0.0,
WEN38,benchmark,original,1,60001,1,PR0_HT1_EC1,No-PR,WEN38:i1:nsga2:s60001:r1:PR0_HT1_EC1:2aca52bb3fb1,cf9bc95d906238978e0c5ab26a1947d4104e026d3bac972323bf05453ec86ca7,7,56,0.7973068745570211,0.0,0.17142857142857143,3.4515323932282627e-10,0.0,3.4515323932282627e-10,0.0,
WEN38,benchmark,original,1,60001,1,PR0_HT1_EC1,No-PR,WEN38:i1:nsga2:s60001:r1:PR0_HT1_EC1:2aca52bb3fb1,cf9bc95d906238978e0c5ab26a1947d4104e026d3bac972323bf05453ec86ca7,8,64,0.7973068745570211,0.0,0.17142857142857143,3.4515323932282627e-10,0.0,3.4515323932282627e-10,0.0,
WEN38,benchmark,original,1,60001,1,PR0_HT1_EC1,No-PR,WEN38:i1:nsga2:s60001:r1:PR0_HT1_EC1:2aca52bb3fb1,cf9bc95d906238978e0c5ab26a1947d4104e026d3bac972323bf05453ec86ca7,9,72,0.7973068745570211,0.0,0.17142857142857143,3.4515323932282627e-10,0.0,3.4515323932282627e-10,0.0,
WEN38,benchmark,original,1,60001,1,PR1_HT0_EC1,No-HT,WEN38:i1:nsga2:s60001:r1:PR1_HT0_EC1:810cc032fd7d,cf9bc95d906238978e0c5ab26a1947d4104e026d3bac972323bf05453ec86ca7,1,8,0.31957471619692046,0.0,0.45714285714285713,5392.640603569162,1849.1426611805582,1761.6049382724668,1781.8930041161366,
WEN38,benchmark,original,1,60001,1,PR1_HT0_EC1,No-HT,WEN38:i1:nsga2:s60001:r1:PR1_HT0_EC1:810cc032fd7d,cf9bc95d906238978e0c5ab26a1947d4104e026d3bac972323bf05453ec86ca7,2,16,0.6377569099923509,0.0,0.34285714285714286,1801.0000000063428,167.0000000025766,957.0000000016535,677.0000000021128,
WEN38,benchmark,original,1,60001,1,PR1_HT0_EC1,No-HT,WEN38:i1:nsga2:s60001:r1:PR1_HT0_EC1:810cc032fd7d,cf9bc95d906238978e0c5ab26a1947d4104e026d3bac972323bf05453ec86ca7,3,24,0.6960489014876731,0.0,0.2857142857142857,1143.000000007146,0.0,620.0000000021646,523.0000000049813,
WEN38,benchmark,original,1,60001,1,PR1_HT0_EC1,No-HT,WEN38:i1:nsga2:s60001:r1:PR1_HT0_EC1:810cc032fd7d,cf9bc95d906238978e0c5ab26a1947d4104e026d3bac972323bf05453ec86ca7,4,32,0.6960489014876731,0.0,0.2857142857142857,1143.000000007146,0.0,620.0000000021646,523.0000000049813,
WEN38,benchmark,original,1,60001,1,PR1_HT0_EC1,No-HT,WEN38:i1:nsga2:s60001:r1:PR1_HT0_EC1:810cc032fd7d,cf9bc95d906238978e0c5ab26a1947d4104e026d3bac972323bf05453ec86ca7,5,40,0.6960489014876731,0.0,0.2857142857142857,1143.000000007146,0.0,620.0000000021646,523.0000000049813,
WEN38,benchmark,original,1,60001,1,PR1_HT0_EC1,No-HT,WEN38:i1:nsga2:s60001:r1:PR1_HT0_EC1:810cc032fd7d,cf9bc95d906238978e0c5ab26a1947d4104e026d3bac972323bf05453ec86ca7,6,48,0.7973068745570037,0.33313902652480465,0.0,5.411493475548923e-10,0.0,5.411493475548923e-10,0.0,
WEN38,benchmark,original,1,60001,1,PR1_HT0_EC1,No-HT,WEN38:i1:nsga2:s60001:r1:PR1_HT0_EC1:810cc032fd7d,cf9bc95d906238978e0c5ab26a1947d4104e026d3bac972323bf05453ec86ca7,7,56,0.7973068745570037,0.33313902652480465,0.0,5.411493475548923e-10,0.0,5.411493475548923e-10,0.0,
WEN38,benchmark,original,1,60001,1,PR1_HT0_EC1,No-HT,WEN38:i1:nsga2:s60001:r1:PR1_HT0_EC1:810cc032fd7d,cf9bc95d906238978e0c5ab26a1947d4104e026d3bac972323bf05453ec86ca7,8,64,0.7973068745570037,0.33313902652480465,0.0,5.411493475548923e-10,0.0,5.411493475548923e-10,0.0,
WEN38,benchmark,original,1,60001,1,PR1_HT0_EC1,No-HT,WEN38:i1:nsga2:s60001:r1:PR1_HT0_EC1:810cc032fd7d,cf9bc95d906238978e0c5ab26a1947d4104e026d3bac972323bf05453ec86ca7,9,72,0.7973068745570037,0.33313902652480465,0.0,5.411493475548923e-10,0.0,5.411493475548923e-10,0.0,
WEN38,benchmark,original,1,60001,1,PR1_HT1_EC0,No-EC,WEN38:i1:nsga2:s60001:r1:PR1_HT1_EC0:f2ee064e9de3,cf9bc95d906238978e0c5ab26a1947d4104e026d3bac972323bf05453ec86ca7,1,8,0.31819240165674845,0.0,0.45714285714285713,5408.244170098624,1586.4883401931002,2316.7181069963954,1505.0377229091282,
WEN38,benchmark,original,1,60001,1,PR1_HT1_EC0,No-EC,WEN38:i1:nsga2:s60001:r1:PR1_HT1_EC0:f2ee064e9de3,cf9bc95d906238978e0c5ab26a1947d4104e026d3bac972323bf05453ec86ca7,2,16,0.6331502480507015,0.0,0.34285714285714286,1853.0000000036807,414.00000000235195,1439.0000000013288,0.0,
WEN38,benchmark,original,1,60001,1,PR1_HT1_EC0,No-EC,WEN38:i1:nsga2:s60001:r1:PR1_HT1_EC0:f2ee064e9de3,cf9bc95d906238978e0c5ab26a1947d4104e026d3bac972323bf05453ec86ca7,3,24,0.6360737065905168,0.0,0.34285714285714286,1820.0000000062473,414.00000000235195,1406.0000000038954,0.0,
WEN38,benchmark,original,1,60001,1,PR1_HT1_EC0,No-EC,WEN38:i1:nsga2:s60001:r1:PR1_HT1_EC0:f2ee064e9de3,cf9bc95d906238978e0c5ab26a1947d4104e026d3bac972323bf05453ec86ca7,4,32,0.7973068745570517,0.4430379746845574,0.0,0.0,0.0,0.0,0.0,
WEN38,benchmark,original,1,60001,1,PR1_HT1_EC0,No-EC,WEN38:i1:nsga2:s60001:r1:PR1_HT1_EC0:f2ee064e9de3,cf9bc95d906238978e0c5ab26a1947d4104e026d3bac972323bf05453ec86ca7,5,40,0.7973068745570517,0.4430379746845574,0.0,0.0,0.0,0.0,0.0,
WEN38,benchmark,original,1,60001,1,PR1_HT1_EC0,No-EC,WEN38:i1:nsga2:s60001:r1:PR1_HT1_EC0:f2ee064e9de3,cf9bc95d906238978e0c5ab26a1947d4104e026d3bac972323bf05453ec86ca7,6,48,0.7973068745570517,0.4430379746845574,0.0,0.0,0.0,0.0,0.0,
WEN38,benchmark,original,1,60001,1,PR1_HT1_EC0,No-EC,WEN38:i1:nsga2:s60001:r1:PR1_HT1_EC0:f2ee064e9de3,cf9bc95d906238978e0c5ab26a1947d4104e026d3bac972323bf05453ec86ca7,7,56,0.7973068745570517,0.4430379746845574,0.0,0.0,0.0,0.0,0.0,
WEN38,benchmark,original,1,60001,1,PR1_HT1_EC0,No-EC,WEN38:i1:nsga2:s60001:r1:PR1_HT1_EC0:f2ee064e9de3,cf9bc95d906238978e0c5ab26a1947d4104e026d3bac972323bf05453ec86ca7,8,64,0.7973068745570517,0.4430379746845574,0.0,0.0,0.0,0.0,0.0,
WEN38,benchmark,original,1,60001,1,PR1_HT1_EC0,No-EC,WEN38:i1:nsga2:s60001:r1:PR1_HT1_EC0:f2ee064e9de3,cf9bc95d906238978e0c5ab26a1947d4104e026d3bac972323bf05453ec86ca7,9,72,0.7973068745570517,0.4430379746845574,0.0,0.0,0.0,0.0,0.0,
WEN38,benchmark,original,1,60001,1,PR1_HT1_EC1,Full,WEN38:i1:nsga2:s60001:r1:PR1_HT1_EC1:ceb9ada93d38,cf9bc95d906238978e0c5ab26a1947d4104e026d3bac972323bf05453ec86ca7,1,8,0.31819240165674845,0.0,0.45714285714285713,5408.244170098624,1586.4883401931002,2316.7181069963954,1505.0377229091282,
WEN38,benchmark,original,1,60001,1,PR1_HT1_EC1,Full,WEN38:i1:nsga2:s60001:r1:PR1_HT1_EC1:ceb9ada93d38,cf9bc95d906238978e0c5ab26a1947d4104e026d3bac972323bf05453ec86ca7,2,16,0.6331502480507015,0.0,0.34285714285714286,1853.0000000036807,414.00000000235195,1439.0000000013288,0.0,
WEN38,benchmark,original,1,60001,1,PR1_HT1_EC1,Full,WEN38:i1:nsga2:s60001:r1:PR1_HT1_EC1:ceb9ada93d38,cf9bc95d906238978e0c5ab26a1947d4104e026d3bac972323bf05453ec86ca7,3,24,0.6360737065905168,0.0,0.34285714285714286,1820.0000000062473,414.00000000235195,1406.0000000038954,0.0,
WEN38,benchmark,original,1,60001,1,PR1_HT1_EC1,Full,WEN38:i1:nsga2:s60001:r1:PR1_HT1_EC1:ceb9ada93d38,cf9bc95d906238978e0c5ab26a1947d4104e026d3bac972323bf05453ec86ca7,4,32,0.7973068745570517,0.4430379746845574,0.0,0.0,0.0,0.0,0.0,
WEN38,benchmark,original,1,60001,1,PR1_HT1_EC1,Full,WEN38:i1:nsga2:s60001:r1:PR1_HT1_EC1:ceb9ada93d38,cf9bc95d906238978e0c5ab26a1947d4104e026d3bac972323bf05453ec86ca7,5,40,0.7973068745570517,0.4430379746845574,0.0,0.0,0.0,0.0,0.0,
WEN38,benchmark,original,1,60001,1,PR1_HT1_EC1,Full,WEN38:i1:nsga2:s60001:r1:PR1_HT1_EC1:ceb9ada93d38,cf9bc95d906238978e0c5ab26a1947d4104e026d3bac972323bf05453ec86ca7,6,48,0.7973068745570517,0.4430379746845574,0.0,0.0,0.0,0.0,0.0,
WEN38,benchmark,original,1,60001,1,PR1_HT1_EC1,Full,WEN38:i1:nsga2:s60001:r1:PR1_HT1_EC1:ceb9ada93d38,cf9bc95d906238978e0c5ab26a1947d4104e026d3bac972323bf05453ec86ca7,7,56,0.7973068745570517,0.4430379746845574,0.0,0.0,0.0,0.0,0.0,
WEN38,benchmark,original,1,60001,1,PR1_HT1_EC1,Full,WEN38:i1:nsga2:s60001:r1:PR1_HT1_EC1:ceb9ada93d38,cf9bc95d906238978e0c5ab26a1947d4104e026d3bac972323bf05453ec86ca7,8,64,0.7973068745570517,0.4430379746845574,0.0,0.0,0.0,0.0,0.0,
WEN38,benchmark,original,1,60001,1,PR1_HT1_EC1,Full,WEN38:i1:nsga2:s60001:r1:PR1_HT1_EC1:ceb9ada93d38,cf9bc95d906238978e0c5ab26a1947d4104e026d3bac972323bf05453ec86ca7,9,72,0.7973068745570517,0.4430379746845574,0.0,0.0,0.0,0.0,0.0,
S025,corridor,binding,101,1060000,0,PR0_HT1_EC1,No-PR,S025@corridor@binding:i101:nsga2:s1060000:r0:PR0_HT1_EC1:8353cfdc536a,645b3a3c554829d2bd7eb3bdb04173d87542d672d7bd6ed69c292de4d1047953,1,8,0.05319148936170213,0.0,0.8333333333333334,557.2,,,,557.2
S025,corridor,binding,101,1060000,0,PR0_HT1_EC1,No-PR,S025@corridor@binding:i101:nsga2:s1060000:r0:PR0_HT1_EC1:8353cfdc536a,645b3a3c554829d2bd7eb3bdb04173d87542d672d7bd6ed69c292de4d1047953,2,16,0.10001899696048633,0.0,0.8333333333333334,526.3875,,,,526.3875
S025,corridor,binding,101,1060000,0,PR0_HT1_EC1,No-PR,S025@corridor@binding:i101:nsga2:s1060000:r0:PR0_HT1_EC1:8353cfdc536a,645b3a3c554829d2bd7eb3bdb04173d87542d672d7bd6ed69c292de4d1047953,3,24,0.1400272508122604,0.0,0.6666666666666666,500.0620689655327,,,,500.0620689655327
S025,corridor,binding,101,1060000,0,PR0_HT1_EC1,No-PR,S025@corridor@binding:i101:nsga2:s1060000:r0:PR0_HT1_EC1:8353cfdc536a,645b3a3c554829d2bd7eb3bdb04173d87542d672d7bd6ed69c292de4d1047953,4,32,0.15826252579605396,0.0,0.6666666666666666,488.06325802619654,,,,488.06325802619654
S025,corridor,binding,101,1060000,0,PR0_HT1_EC1,No-PR,S025@corridor@binding:i101:nsga2:s1060000:r0:PR0_HT1_EC1:8353cfdc536a,645b3a3c554829d2bd7eb3bdb04173d87542d672d7bd6ed69c292de4d1047953,5,40,0.21145401515775608,0.0,0.5,453.06325802619654,,,,453.06325802619654
S025,corridor,binding,101,1060000,0,PR0_HT1_EC1,No-PR,S025@corridor@binding:i101:nsga2:s1060000:r0:PR0_HT1_EC1:8353cfdc536a,645b3a3c554829d2bd7eb3bdb04173d87542d672d7bd6ed69c292de4d1047953,6,48,0.25835866261398177,0.0,0.5,422.20000000000005,,,,422.20000000000005
S025,corridor,binding,101,1060000,0,PR0_HT1_EC1,No-PR,S025@corridor@binding:i101:nsga2:s1060000:r0:PR0_HT1_EC1:8353cfdc536a,645b3a3c554829d2bd7eb3bdb04173d87542d672d7bd6ed69c292de4d1047953,7,56,0.26595744680851063,0.0,0.5,417.20000000000005,,,,417.20000000000005
S025,corridor,binding,101,1060000,0,PR0_HT1_EC1,No-PR,S025@corridor@binding:i101:nsga2:s1060000:r0:PR0_HT1_EC1:8353cfdc536a,645b3a3c554829d2bd7eb3bdb04173d87542d672d7bd6ed69c292de4d1047953,8,64,0.2705350276485199,0.0,0.5,414.187951807274,,,,414.187951807274
S025,corridor,binding,101,1060000,0,PR0_HT1_EC1,No-PR,S025@corridor@binding:i101:nsga2:s1060000:r0:PR0_HT1_EC1:8353cfdc536a,645b3a3c554829d2bd7eb3bdb04173d87542d672d7bd6ed69c292de4d1047953,9,72,0.2712519981416009,0.0,0.5,413.71618522282665,,,,413.71618522282665
S025,corridor,binding,101,1060000,0,PR1_HT0_EC1,No-HT,S025@corridor@binding:i101:nsga2:s1060000:r0:PR1_HT0_EC1:3856e2908251,645b3a3c554829d2bd7eb3bdb04173d87542d672d7bd6ed69c292de4d1047953,1,8,0.05319148936170213,0.0,0.8333333333333334,557.2,,,,557.2
S025,corridor,binding,101,1060000,0,PR1_HT0_EC1,No-HT,S025@corridor@binding:i101:nsga2:s1060000:r0:PR1_HT0_EC1:3856e2908251,645b3a3c554829d2bd7eb3bdb04173d87542d672d7bd6ed69c292de4d1047953,2,16,0.10001899696048633,0.0,0.8333333333333334,526.3875,,,,526.3875
S025,corridor,binding,101,1060000,0,PR1_HT0_EC1,No-HT,S025@corridor@binding:i101:nsga2:s1060000:r0:PR1_HT0_EC1:3856e2908251,645b3a3c554829d2bd7eb3bdb04173d87542d672d7bd6ed69c292de4d1047953,3,24,0.14893617021265815,0.0,0.6666666666666666,494.200000000071,,,,494.200000000071
S025,corridor,binding,101,1060000,0,PR1_HT0_EC1,No-HT,S025@corridor@binding:i101:nsga2:s1060000:r0:PR1_HT0_EC1:3856e2908251,645b3a3c554829d2bd7eb3bdb04173d87542d672d7bd6ed69c292de4d1047953,4,32,0.1945288753798314,0.0,0.6666666666666666,464.200000000071,,,,464.200000000071
S025,corridor,binding,101,1060000,0,PR1_HT0_EC1,No-HT,S025@corridor@binding:i101:nsga2:s1060000:r0:PR1_HT0_EC1:3856e2908251,645b3a3c554829d2bd7eb3bdb04173d87542d672d7bd6ed69c292de4d1047953,5,40,0.24012158054700464,0.0,0.6666666666666666,434.200000000071,,,,434.200000000071
S025,corridor,binding,101,1060000,0,PR1_HT0_EC1,No-HT,S025@corridor@binding:i101:nsga2:s1060000:r0:PR1_HT0_EC1:3856e2908251,645b3a3c554829d2bd7eb3bdb04173d87542d672d7bd6ed69c292de4d1047953,6,48,0.2431610942248162,0.0,0.6666666666666666,432.200000000071,,,,432.200000000071
S025,corridor,binding,101,1060000,0,PR1_HT0_EC1,No-HT,S025@corridor@binding:i101:nsga2:s1060000:r0:PR1_HT0_EC1:3856e2908251,645b3a3c554829d2bd7eb3bdb04173d87542d672d7bd6ed69c292de4d1047953,7,56,0.25075987841934505,0.0,0.5,427.200000000071,,,,427.200000000071
S025,corridor,binding,101,1060000,0,PR1_HT0_EC1,No-HT,S025@corridor@binding:i101:nsga2:s1060000:r0:PR1_HT0_EC1:3856e2908251,645b3a3c554829d2bd7eb3bdb04173d87542d672d7bd6ed69c292de4d1047953,8,64,0.25835866261387397,0.0,0.5,422.200000000071,,,,422.200000000071
S025,corridor,binding,101,1060000,0,PR1_HT0_EC1,No-HT,S025@corridor@binding:i101:nsga2:s1060000:r0:PR1_HT0_EC1:3856e2908251,645b3a3c554829d2bd7eb3bdb04173d87542d672d7bd6ed69c292de4d1047953,9,72,0.26595744680840283,0.0,0.5,417.200000000071,,,,417.200000000071
S025,corridor,binding,101,1060000,0,PR1_HT1_EC0,No-EC,S025@corridor@binding:i101:nsga2:s1060000:r0:PR1_HT1_EC0:854b0a538e45,645b3a3c554829d2bd7eb3bdb04173d87542d672d7bd6ed69c292de4d1047953,1,8,0.05319148936170213,0.0,0.8333333333333334,557.2,,,,557.2
S025,corridor,binding,101,1060000,0,PR1_HT1_EC0,No-EC,S025@corridor@binding:i101:nsga2:s1060000:r0:PR1_HT1_EC0:854b0a538e45,645b3a3c554829d2bd7eb3bdb04173d87542d672d7bd6ed69c292de4d1047953,2,16,0.10001899696048633,0.0,0.8333333333333334,526.3875,,,,526.3875
S025,corridor,binding,101,1060000,0,PR1_HT1_EC0,No-EC,S025@corridor@binding:i101:nsga2:s1060000:r0:PR1_HT1_EC0:854b0a538e45,645b3a3c554829d2bd7eb3bdb04173d87542d672d7bd6ed69c292de4d1047953,3,24,0.1400272508122604,0.0,0.6666666666666666,500.0620689655327,,,,500.0620689655327
S025,corridor,binding,101,1060000,0,PR1_HT1_EC0,No-EC,S025@corridor@binding:i101:nsga2:s1060000:r0:PR1_HT1_EC0:854b0a538e45,645b3a3c554829d2bd7eb3bdb04173d87542d672d7bd6ed69c292de4d1047953,4,32,0.15826252579605396,0.0,0.6666666666666666,488.06325802619654,,,,488.06325802619654
S025,corridor,binding,101,1060000,0,PR1_HT1_EC0,No-EC,S025@corridor@binding:i101:nsga2:s1060000:r0:PR1_HT1_EC0:854b0a538e45,645b3a3c554829d2bd7eb3bdb04173d87542d672d7bd6ed69c292de4d1047953,5,40,0.21145401515775608,0.0,0.5,453.06325802619654,,,,453.06325802619654
S025,corridor,binding,101,1060000,0,PR1_HT1_EC0,No-EC,S025@corridor@binding:i101:nsga2:s1060000:r0:PR1_HT1_EC0:854b0a538e45,645b3a3c554829d2bd7eb3bdb04173d87542d672d7bd6ed69c292de4d1047953,6,48,0.25835866261398177,0.0,0.5,422.20000000000005,,,,422.20000000000005
S025,corridor,binding,101,1060000,0,PR1_HT1_EC0,No-EC,S025@corridor@binding:i101:nsga2:s1060000:r0:PR1_HT1_EC0:854b0a538e45,645b3a3c554829d2bd7eb3bdb04173d87542d672d7bd6ed69c292de4d1047953,7,56,0.26595744680851063,0.0,0.5,417.20000000000005,,,,417.20000000000005
S025,corridor,binding,101,1060000,0,PR1_HT1_EC0,No-EC,S025@corridor@binding:i101:nsga2:s1060000:r0:PR1_HT1_EC0:854b0a538e45,645b3a3c554829d2bd7eb3bdb04173d87542d672d7bd6ed69c292de4d1047953,8,64,0.2735562310030395,0.0,0.5,412.20000000000005,,,,412.20000000000005
S025,corridor,binding,101,1060000,0,PR1_HT1_EC0,No-EC,S025@corridor@binding:i101:nsga2:s1060000:r0:PR1_HT1_EC0:854b0a538e45,645b3a3c554829d2bd7eb3bdb04173d87542d672d7bd6ed69c292de4d1047953,9,72,0.2811550151975684,0.0,0.5,407.20000000000005,,,,407.20000000000005
S025,corridor,binding,101,1060000,0,PR1_HT1_EC1,Full,S025@corridor@binding:i101:nsga2:s1060000:r0:PR1_HT1_EC1:6abe6f291736,645b3a3c554829d2bd7eb3bdb04173d87542d672d7bd6ed69c292de4d1047953,1,8,0.05319148936170213,0.0,0.8333333333333334,557.2,,,,557.2
S025,corridor,binding,101,1060000,0,PR1_HT1_EC1,Full,S025@corridor@binding:i101:nsga2:s1060000:r0:PR1_HT1_EC1:6abe6f291736,645b3a3c554829d2bd7eb3bdb04173d87542d672d7bd6ed69c292de4d1047953,2,16,0.10001899696048633,0.0,0.8333333333333334,526.3875,,,,526.3875
S025,corridor,binding,101,1060000,0,PR1_HT1_EC1,Full,S025@corridor@binding:i101:nsga2:s1060000:r0:PR1_HT1_EC1:6abe6f291736,645b3a3c554829d2bd7eb3bdb04173d87542d672d7bd6ed69c292de4d1047953,3,24,0.14893617021265815,0.0,0.6666666666666666,494.200000000071,,,,494.200000000071
S025,corridor,binding,101,1060000,0,PR1_HT1_EC1,Full,S025@corridor@binding:i101:nsga2:s1060000:r0:PR1_HT1_EC1:6abe6f291736,645b3a3c554829d2bd7eb3bdb04173d87542d672d7bd6ed69c292de4d1047953,4,32,0.1945288753798314,0.0,0.6666666666666666,464.200000000071,,,,464.200000000071
S025,corridor,binding,101,1060000,0,PR1_HT1_EC1,Full,S025@corridor@binding:i101:nsga2:s1060000:r0:PR1_HT1_EC1:6abe6f291736,645b3a3c554829d2bd7eb3bdb04173d87542d672d7bd6ed69c292de4d1047953,5,40,0.24012158054700464,0.0,0.6666666666666666,434.200000000071,,,,434.200000000071
S025,corridor,binding,101,1060000,0,PR1_HT1_EC1,Full,S025@corridor@binding:i101:nsga2:s1060000:r0:PR1_HT1_EC1:6abe6f291736,645b3a3c554829d2bd7eb3bdb04173d87542d672d7bd6ed69c292de4d1047953,6,48,0.2431610942248162,0.0,0.6666666666666666,432.200000000071,,,,432.200000000071
S025,corridor,binding,101,1060000,0,PR1_HT1_EC1,Full,S025@corridor@binding:i101:nsga2:s1060000:r0:PR1_HT1_EC1:6abe6f291736,645b3a3c554829d2bd7eb3bdb04173d87542d672d7bd6ed69c292de4d1047953,7,56,0.25075987841934505,0.0,0.5,427.200000000071,,,,427.200000000071
S025,corridor,binding,101,1060000,0,PR1_HT1_EC1,Full,S025@corridor@binding:i101:nsga2:s1060000:r0:PR1_HT1_EC1:6abe6f291736,645b3a3c554829d2bd7eb3bdb04173d87542d672d7bd6ed69c292de4d1047953,8,64,0.25835866261387397,0.0,0.5,422.200000000071,,,,422.200000000071
S025,corridor,binding,101,1060000,0,PR1_HT1_EC1,Full,S025@corridor@binding:i101:nsga2:s1060000:r0:PR1_HT1_EC1:6abe6f291736,645b3a3c554829d2bd7eb3bdb04173d87542d672d7bd6ed69c292de4d1047953,9,72,0.26595744680840283,0.0,0.5,417.200000000071,,,,417.200000000071
S025,corridor,binding,101,1060001,1,PR0_HT1_EC1,No-PR,S025@corridor@binding:i101:nsga2:s1060001:r1:PR0_HT1_EC1:4b9ec6e4ad81,645b3a3c554829d2bd7eb3bdb04173d87542d672d7bd6ed69c292de4d1047953,1,8,0.05319148936170213,0.0,0.8333333333333334,557.2,,,,557.2
S025,corridor,binding,101,1060001,1,PR0_HT1_EC1,No-PR,S025@corridor@binding:i101:nsga2:s1060001:r1:PR0_HT1_EC1:4b9ec6e4ad81,645b3a3c554829d2bd7eb3bdb04173d87542d672d7bd6ed69c292de4d1047953,2,16,0.10001899696048633,0.0,0.8333333333333334,526.3875,,,,526.3875
S025,corridor,binding,101,1060001,1,PR0_HT1_EC1,No-PR,S025@corridor@binding:i101:nsga2:s1060001:r1:PR0_HT1_EC1:4b9ec6e4ad81,645b3a3c554829d2bd7eb3bdb04173d87542d672d7bd6ed69c292de4d1047953,3,24,0.1400272508122604,0.0,0.6666666666666666,500.0620689655327,,,,500.0620689655327
S025,corridor,binding,101,1060001,1,PR0_HT1_EC1,No-PR,S025@corridor@binding:i101:nsga2:s1060001:r1:PR0_HT1_EC1:4b9ec6e4ad81,645b3a3c554829d2bd7eb3bdb04173d87542d672d7bd6ed69c292de4d1047953,4,32,0.15826252579605396,0.0,0.6666666666666666,488.06325802619654,,,,488.06325802619654
S025,corridor,binding,101,1060001,1,PR0_HT1_EC1,No-PR,S025@corridor@binding:i101:nsga2:s1060001:r1:PR0_HT1_EC1:4b9ec6e4ad81,645b3a3c554829d2bd7eb3bdb04173d87542d672d7bd6ed69c292de4d1047953,5,40,0.21145401515775608,0.0,0.5,453.06325802619654,,,,453.06325802619654
S025,corridor,binding,101,1060001,1,PR0_HT1_EC1,No-PR,S025@corridor@binding:i101:nsga2:s1060001:r1:PR0_HT1_EC1:4b9ec6e4ad81,645b3a3c554829d2bd7eb3bdb04173d87542d672d7bd6ed69c292de4d1047953,6,48,0.25835866261398177,0.0,0.5,422.20000000000005,,,,422.20000000000005
S025,corridor,binding,101,1060001,1,PR0_HT1_EC1,No-PR,S025@corridor@binding:i101:nsga2:s1060001:r1:PR0_HT1_EC1:4b9ec6e4ad81,645b3a3c554829d2bd7eb3bdb04173d87542d672d7bd6ed69c292de4d1047953,7,56,0.26595744680851063,0.0,0.5,417.20000000000005,,,,417.20000000000005
S025,corridor,binding,101,1060001,1,PR0_HT1_EC1,No-PR,S025@corridor@binding:i101:nsga2:s1060001:r1:PR0_HT1_EC1:4b9ec6e4ad81,645b3a3c554829d2bd7eb3bdb04173d87542d672d7bd6ed69c292de4d1047953,8,64,0.2705350276485199,0.0,0.5,414.187951807274,,,,414.187951807274
S025,corridor,binding,101,1060001,1,PR0_HT1_EC1,No-PR,S025@corridor@binding:i101:nsga2:s1060001:r1:PR0_HT1_EC1:4b9ec6e4ad81,645b3a3c554829d2bd7eb3bdb04173d87542d672d7bd6ed69c292de4d1047953,9,72,0.2712519981416009,0.0,0.5,413.71618522282665,,,,413.71618522282665
S025,corridor,binding,101,1060001,1,PR1_HT0_EC1,No-HT,S025@corridor@binding:i101:nsga2:s1060001:r1:PR1_HT0_EC1:9b2b37d019cc,645b3a3c554829d2bd7eb3bdb04173d87542d672d7bd6ed69c292de4d1047953,1,8,0.05319148936170213,0.0,0.8333333333333334,557.2,,,,557.2
S025,corridor,binding,101,1060001,1,PR1_HT0_EC1,No-HT,S025@corridor@binding:i101:nsga2:s1060001:r1:PR1_HT0_EC1:9b2b37d019cc,645b3a3c554829d2bd7eb3bdb04173d87542d672d7bd6ed69c292de4d1047953,2,16,0.10001899696048633,0.0,0.8333333333333334,526.3875,,,,526.3875
S025,corridor,binding,101,1060001,1,PR1_HT0_EC1,No-HT,S025@corridor@binding:i101:nsga2:s1060001:r1:PR1_HT0_EC1:9b2b37d019cc,645b3a3c554829d2bd7eb3bdb04173d87542d672d7bd6ed69c292de4d1047953,3,24,0.14893617021265815,0.0,0.6666666666666666,494.200000000071,,,,494.200000000071
S025,corridor,binding,101,1060001,1,PR1_HT0_EC1,No-HT,S025@corridor@binding:i101:nsga2:s1060001:r1:PR1_HT0_EC1:9b2b37d019cc,645b3a3c554829d2bd7eb3bdb04173d87542d672d7bd6ed69c292de4d1047953,4,32,0.1945288753798314,0.0,0.6666666666666666,464.200000000071,,,,464.200000000071
S025,corridor,binding,101,1060001,1,PR1_HT0_EC1,No-HT,S025@corridor@binding:i101:nsga2:s1060001:r1:PR1_HT0_EC1:9b2b37d019cc,645b3a3c554829d2bd7eb3bdb04173d87542d672d7bd6ed69c292de4d1047953,5,40,0.24012158054700464,0.0,0.6666666666666666,434.200000000071,,,,434.200000000071
S025,corridor,binding,101,1060001,1,PR1_HT0_EC1,No-HT,S025@corridor@binding:i101:nsga2:s1060001:r1:PR1_HT0_EC1:9b2b37d019cc,645b3a3c554829d2bd7eb3bdb04173d87542d672d7bd6ed69c292de4d1047953,6,48,0.2431610942248162,0.0,0.6666666666666666,432.200000000071,,,,432.200000000071
S025,corridor,binding,101,1060001,1,PR1_HT0_EC1,No-HT,S025@corridor@binding:i101:nsga2:s1060001:r1:PR1_HT0_EC1:9b2b37d019cc,645b3a3c554829d2bd7eb3bdb04173d87542d672d7bd6ed69c292de4d1047953,7,56,0.25075987841934505,0.0,0.5,427.200000000071,,,,427.200000000071
S025,corridor,binding,101,1060001,1,PR1_HT0_EC1,No-HT,S025@corridor@binding:i101:nsga2:s1060001:r1:PR1_HT0_EC1:9b2b37d019cc,645b3a3c554829d2bd7eb3bdb04173d87542d672d7bd6ed69c292de4d1047953,8,64,0.25835866261387397,0.0,0.5,422.200000000071,,,,422.200000000071
S025,corridor,binding,101,1060001,1,PR1_HT0_EC1,No-HT,S025@corridor@binding:i101:nsga2:s1060001:r1:PR1_HT0_EC1:9b2b37d019cc,645b3a3c554829d2bd7eb3bdb04173d87542d672d7bd6ed69c292de4d1047953,9,72,0.26595744680840283,0.0,0.5,417.200000000071,,,,417.200000000071
S025,corridor,binding,101,1060001,1,PR1_HT1_EC0,No-EC,S025@corridor@binding:i101:nsga2:s1060001:r1:PR1_HT1_EC0:41a513b2b48a,645b3a3c554829d2bd7eb3bdb04173d87542d672d7bd6ed69c292de4d1047953,1,8,0.05319148936170213,0.0,0.8333333333333334,557.2,,,,557.2
S025,corridor,binding,101,1060001,1,PR1_HT1_EC0,No-EC,S025@corridor@binding:i101:nsga2:s1060001:r1:PR1_HT1_EC0:41a513b2b48a,645b3a3c554829d2bd7eb3bdb04173d87542d672d7bd6ed69c292de4d1047953,2,16,0.10001899696048633,0.0,0.8333333333333334,526.3875,,,,526.3875
S025,corridor,binding,101,1060001,1,PR1_HT1_EC0,No-EC,S025@corridor@binding:i101:nsga2:s1060001:r1:PR1_HT1_EC0:41a513b2b48a,645b3a3c554829d2bd7eb3bdb04173d87542d672d7bd6ed69c292de4d1047953,3,24,0.1400272508122604,0.0,0.6666666666666666,500.0620689655327,,,,500.0620689655327
S025,corridor,binding,101,1060001,1,PR1_HT1_EC0,No-EC,S025@corridor@binding:i101:nsga2:s1060001:r1:PR1_HT1_EC0:41a513b2b48a,645b3a3c554829d2bd7eb3bdb04173d87542d672d7bd6ed69c292de4d1047953,4,32,0.15826252579605396,0.0,0.6666666666666666,488.06325802619654,,,,488.06325802619654
S025,corridor,binding,101,1060001,1,PR1_HT1_EC0,No-EC,S025@corridor@binding:i101:nsga2:s1060001:r1:PR1_HT1_EC0:41a513b2b48a,645b3a3c554829d2bd7eb3bdb04173d87542d672d7bd6ed69c292de4d1047953,5,40,0.21145401515775608,0.0,0.5,453.06325802619654,,,,453.06325802619654
S025,corridor,binding,101,1060001,1,PR1_HT1_EC0,No-EC,S025@corridor@binding:i101:nsga2:s1060001:r1:PR1_HT1_EC0:41a513b2b48a,645b3a3c554829d2bd7eb3bdb04173d87542d672d7bd6ed69c292de4d1047953,6,48,0.25835866261398177,0.0,0.5,422.20000000000005,,,,422.20000000000005
S025,corridor,binding,101,1060001,1,PR1_HT1_EC0,No-EC,S025@corridor@binding:i101:nsga2:s1060001:r1:PR1_HT1_EC0:41a513b2b48a,645b3a3c554829d2bd7eb3bdb04173d87542d672d7bd6ed69c292de4d1047953,7,56,0.26595744680851063,0.0,0.5,417.20000000000005,,,,417.20000000000005
S025,corridor,binding,101,1060001,1,PR1_HT1_EC0,No-EC,S025@corridor@binding:i101:nsga2:s1060001:r1:PR1_HT1_EC0:41a513b2b48a,645b3a3c554829d2bd7eb3bdb04173d87542d672d7bd6ed69c292de4d1047953,8,64,0.2735562310030395,0.0,0.5,412.20000000000005,,,,412.20000000000005
S025,corridor,binding,101,1060001,1,PR1_HT1_EC0,No-EC,S025@corridor@binding:i101:nsga2:s1060001:r1:PR1_HT1_EC0:41a513b2b48a,645b3a3c554829d2bd7eb3bdb04173d87542d672d7bd6ed69c292de4d1047953,9,72,0.2811550151975684,0.0,0.5,407.20000000000005,,,,407.20000000000005
S025,corridor,binding,101,1060001,1,PR1_HT1_EC1,Full,S025@corridor@binding:i101:nsga2:s1060001:r1:PR1_HT1_EC1:a1f1bd291f41,645b3a3c554829d2bd7eb3bdb04173d87542d672d7bd6ed69c292de4d1047953,1,8,0.05319148936170213,0.0,0.8333333333333334,557.2,,,,557.2
S025,corridor,binding,101,1060001,1,PR1_HT1_EC1,Full,S025@corridor@binding:i101:nsga2:s1060001:r1:PR1_HT1_EC1:a1f1bd291f41,645b3a3c554829d2bd7eb3bdb04173d87542d672d7bd6ed69c292de4d1047953,2,16,0.10001899696048633,0.0,0.8333333333333334,526.3875,,,,526.3875
S025,corridor,binding,101,1060001,1,PR1_HT1_EC1,Full,S025@corridor@binding:i101:nsga2:s1060001:r1:PR1_HT1_EC1:a1f1bd291f41,645b3a3c554829d2bd7eb3bdb04173d87542d672d7bd6ed69c292de4d1047953,3,24,0.14893617021265815,0.0,0.6666666666666666,494.200000000071,,,,494.200000000071
S025,corridor,binding,101,1060001,1,PR1_HT1_EC1,Full,S025@corridor@binding:i101:nsga2:s1060001:r1:PR1_HT1_EC1:a1f1bd291f41,645b3a3c554829d2bd7eb3bdb04173d87542d672d7bd6ed69c292de4d1047953,4,32,0.1945288753798314,0.0,0.6666666666666666,464.200000000071,,,,464.200000000071
S025,corridor,binding,101,1060001,1,PR1_HT1_EC1,Full,S025@corridor@binding:i101:nsga2:s1060001:r1:PR1_HT1_EC1:a1f1bd291f41,645b3a3c554829d2bd7eb3bdb04173d87542d672d7bd6ed69c292de4d1047953,5,40,0.24012158054700464,0.0,0.6666666666666666,434.200000000071,,,,434.200000000071
S025,corridor,binding,101,1060001,1,PR1_HT1_EC1,Full,S025@corridor@binding:i101:nsga2:s1060001:r1:PR1_HT1_EC1:a1f1bd291f41,645b3a3c554829d2bd7eb3bdb04173d87542d672d7bd6ed69c292de4d1047953,6,48,0.2431610942248162,0.0,0.6666666666666666,432.200000000071,,,,432.200000000071
S025,corridor,binding,101,1060001,1,PR1_HT1_EC1,Full,S025@corridor@binding:i101:nsga2:s1060001:r1:PR1_HT1_EC1:a1f1bd291f41,645b3a3c554829d2bd7eb3bdb04173d87542d672d7bd6ed69c292de4d1047953,7,56,0.25075987841934505,0.0,0.5,427.200000000071,,,,427.200000000071
S025,corridor,binding,101,1060001,1,PR1_HT1_EC1,Full,S025@corridor@binding:i101:nsga2:s1060001:r1:PR1_HT1_EC1:a1f1bd291f41,645b3a3c554829d2bd7eb3bdb04173d87542d672d7bd6ed69c292de4d1047953,8,64,0.25835866261387397,0.0,0.5,422.200000000071,,,,422.200000000071
S025,corridor,binding,101,1060001,1,PR1_HT1_EC1,Full,S025@corridor@binding:i101:nsga2:s1060001:r1:PR1_HT1_EC1:a1f1bd291f41,645b3a3c554829d2bd7eb3bdb04173d87542d672d7bd6ed69c292de4d1047953,9,72,0.26595744680840283,0.0,0.5,417.200000000071,,,,417.200000000071
S025,corridor,binding,102,1070000,0,PR0_HT1_EC1,No-PR,S025@corridor@binding:i102:nsga2:s1070000:r0:PR0_HT1_EC1:e5cad6c85852,25e7b74fd7208cd542569f2bc9871358dcab9b95f9b86f53900f2c41ac0c7e8c,1,8,0.12800349497590927,0.0,0.6666666666666666,589.0333333333813,,589.0333333333813,,
S025,corridor,binding,102,1070000,0,PR0_HT1_EC1,No-PR,S025@corridor@binding:i102:nsga2:s1070000:r0:PR0_HT1_EC1:e5cad6c85852,25e7b74fd7208cd542569f2bc9871358dcab9b95f9b86f53900f2c41ac0c7e8c,2,16,0.22280471821756226,0.0,0.5,516.7,,516.7,,
S025,corridor,binding,102,1070000,0,PR0_HT1_EC1,No-PR,S025@corridor@binding:i102:nsga2:s1070000:r0:PR0_HT1_EC1:e5cad6c85852,25e7b74fd7208cd542569f2bc9871358dcab9b95f9b86f53900f2c41ac0c7e8c,3,24,0.27808363568711536,0.0,0.16666666666666666,474.522185970731,,474.522185970731,,
S025,corridor,binding,102,1070000,0,PR0_HT1_EC1,No-PR,S025@corridor@binding:i102:nsga2:s1070000:r0:PR0_HT1_EC1:e5cad6c85852,25e7b74fd7208cd542569f2bc9871358dcab9b95f9b86f53900f2c41ac0c7e8c,4,32,0.36912983547874684,0.10471204188481675,0.0,405.0539355297162,,405.0539355297162,,
S025,corridor,binding,102,1070000,0,PR0_HT1_EC1,No-PR,S025@corridor@binding:i102:nsga2:s1070000:r0:PR0_HT1_EC1:e5cad6c85852,25e7b74fd7208cd542569f2bc9871358dcab9b95f9b86f53900f2c41ac0c7e8c,5,40,0.47112612317705704,0.2617801047120419,0.0,327.2307680159056,,327.2307680159056,,
S025,corridor,binding,102,1070000,0,PR0_HT1_EC1,No-PR,S025@corridor@binding:i102:nsga2:s1070000:r0:PR0_HT1_EC1:e5cad6c85852,25e7b74fd7208cd542569f2bc9871358dcab9b95f9b86f53900f2c41ac0c7e8c,6,48,0.5806606443124165,0.418848167539267,0.0,243.65592838962635,,243.65592838962635,,
S025,corridor,binding,102,1070000,0,PR0_HT1_EC1,No-PR,S025@corridor@binding:i102:nsga2:s1070000:r0:PR0_HT1_EC1:e5cad6c85852,25e7b74fd7208cd542569f2bc9871358dcab9b95f9b86f53900f2c41ac0c7e8c,7,56,0.6822784582611965,0.5235602094240838,0.0,166.12153634670713,,166.12153634670713,,
S025,corridor,binding,102,1070000,0,PR0_HT1_EC1,No-PR,S025@corridor@binding:i102:nsga2:s1070000:r0:PR0_HT1_EC1:e5cad6c85852,25e7b74fd7208cd542569f2bc9871358dcab9b95f9b86f53900f2c41ac0c7e8c,8,64,0.7849993514516739,0.6544502617801047,0.0,87.74549484237299,,87.74549484237299,,
S025,corridor,binding,102,1070000,0,PR0_HT1_EC1,No-PR,S025@corridor@binding:i102:nsga2:s1070000:r0:PR0_HT1_EC1:e5cad6c85852,25e7b74fd7208cd542569f2bc9871358dcab9b95f9b86f53900f2c41ac0c7e8c,9,72,0.8905291424978491,0.837696335078534,0.0,7.226264274141286,,7.226264274141286,,
S025,corridor,binding,102,1070000,0,PR1_HT0_EC1,No-HT,S025@corridor@binding:i102:nsga2:s1070000:r0:PR1_HT0_EC1:75cc4e2aff9b,25e7b74fd7208cd542569f2bc9871358dcab9b95f9b86f53900f2c41ac0c7e8c,1,8,0.12800349497590927,0.0,0.6666666666666666,589.0333333333813,,589.0333333333813,,
S025,corridor,binding,102,1070000,0,PR1_HT0_EC1,No-HT,S025@corridor@binding:i102:nsga2:s1070000:r0:PR1_HT0_EC1:75cc4e2aff9b,25e7b74fd7208cd542569f2bc9871358dcab9b95f9b86f53900f2c41ac0c7e8c,2,16,0.22160741812918788,0.0,0.5,517.6135399674297,,517.6135399674297,,
S025,corridor,binding,102,1070000,0,PR1_HT0_EC1,No-HT,S025@corridor@binding:i102:nsga2:s1070000:r0:PR1_HT0_EC1:75cc4e2aff9b,25e7b74fd7208cd542569f2bc9871358dcab9b95f9b86f53900f2c41ac0c7e8c,3,24,0.27761291901278534,0.0,0.16666666666666666,474.8813427932448,,474.8813427932448,,
S025,corridor,binding,102,1070000,0,PR1_HT0_EC1,No-HT,S025@corridor@binding:i102:nsga2:s1070000:r0:PR1_HT0_EC1:75cc4e2aff9b,25e7b74fd7208cd542569f2bc9871358dcab9b95f9b86f53900f2c41ac0c7e8c,4,32,0.36225270587907804,0.07853403141361257,0.0,410.3011854142635,,410.3011854142635,,
S025,corridor,binding,102,1070000,0,PR1_HT0_EC1,No-HT,S025@corridor@binding:i102:nsga2:s1070000:r0:PR1_HT0_EC1:75cc4e2aff9b,25e7b74fd7208cd542569f2bc9871358dcab9b95f9b86f53900f2c41ac0c7e8c,5,40,0.46639178599777514,0.2617801047120419,0.0,330.8430672836976,,330.8430672836976,,
S025,corridor,binding,102,1070000,0,PR1_HT0_EC1,No-HT,S025@corridor@binding:i102:nsga2:s1070000:r0:PR1_HT0_EC1:75cc4e2aff9b,25e7b74fd7208cd542569f2bc9871358dcab9b95f9b86f53900f2c41ac0c7e8c,6,48,0.5708483632399421,0.39267015706806285,0.0,251.14269884792418,,251.14269884792418,,
S025,corridor,binding,102,1070000,0,PR1_HT0_EC1,No-HT,S025@corridor@binding:i102:nsga2:s1070000:r0:PR1_HT0_EC1:75cc4e2aff9b,25e7b74fd7208cd542569f2bc9871358dcab9b95f9b86f53900f2c41ac0c7e8c,7,56,0.6755235110956348,0.5235602094240838,0.0,171.27556103403077,,171.27556103403077,,
S025,corridor,binding,102,1070000,0,PR1_HT0_EC1,No-HT,S025@corridor@binding:i102:nsga2:s1070000:r0:PR1_HT0_EC1:75cc4e2aff9b,25e7b74fd7208cd542569f2bc9871358dcab9b95f9b86f53900f2c41ac0c7e8c,8,64,0.7803491268124338,0.6544502617801047,0.0,91.293616242113,,91.293616242113,,
S025,corridor,binding,102,1070000,0,PR1_HT0_EC1,No-HT,S025@corridor@binding:i102:nsga2:s1070000:r0:PR1_HT0_EC1:75cc4e2aff9b,25e7b74fd7208cd542569f2bc9871358dcab9b95f9b86f53900f2c41ac0c7e8c,9,72,0.8774229826026985,0.7853403141361257,0.0,17.226264274141272,,17.226264274141272,,
S025,corridor,binding,102,1070000,0,PR1_HT1_EC0,No-EC,S025@corridor@binding:i102:nsga2:s1070000:r0:PR1_HT1_EC0:6d64fbb47f71,25e7b74fd7208cd542569f2bc9871358dcab9b95f9b86f53900f2c41ac0c7e8c,1,8,0.1275666229794106,0.0,0.6666666666666666,589.3666666667098,,589.3666666667098,,
S025,corridor,binding,102,1070000,0,PR1_HT1_EC0,No-EC,S025@corridor@binding:i102:nsga2:s1070000:r0:PR1_HT1_EC0:6d64fbb47f71,25e7b74fd7208cd542569f2bc9871358dcab9b95f9b86f53900f2c41ac0c7e8c,2,16,0.22280471821756226,0.0,0.5,516.7,,516.7,,
S025,corridor,binding,102,1070000,0,PR1_HT1_EC0,No-EC,S025@corridor@binding:i102:nsga2:s1070000:r0:PR1_HT1_EC0:6d64fbb47f71,25e7b74fd7208cd542569f2bc9871358dcab9b95f9b86f53900f2c41ac0c7e8c,3,24,0.277410154387408,0.0,0.3333333333333333,475.03605220240775,,475.03605220240775,,
S025,corridor,binding,102,1070000,0,PR1_HT1_EC0,No-EC,S025@corridor@binding:i102:nsga2:s1070000:r0:PR1_HT1_EC0:6d64fbb47f71,25e7b74fd7208cd542569f2bc9871358dcab9b95f9b86f53900f2c41ac0c7e8c,4,32,0.36556955233461474,0.08287292817679558,0.0,407.770431568689,,407.770431568689,,
S025,corridor,binding,102,1070000,0,PR1_HT1_EC0,No-EC,S025@corridor@binding:i102:nsga2:s1070000:r0:PR1_HT1_EC0:6d64fbb47f71,25e7b74fd7208cd542569f2bc9871358dcab9b95f9b86f53900f2c41ac0c7e8c,5,40,0.45391051798653176,0.19337016574585636,0.0,340.3662747762763,,340.3662747762763,,
S025,corridor,binding,102,1070000,0,PR1_HT1_EC0,No-EC,S025@corridor@binding:i102:nsga2:s1070000:r0:PR1_HT1_EC0:6d64fbb47f71,25e7b74fd7208cd542569f2bc9871358dcab9b95f9b86f53900f2c41ac0c7e8c,6,48,0.542379439998065,0.30386740331491713,0.0,272.86448728147644,,272.86448728147644,,
S025,corridor,binding,102,1070000,0,PR1_HT1_EC0,No-EC,S025@corridor@binding:i102:nsga2:s1070000:r0:PR1_HT1_EC0:6d64fbb47f71,25e7b74fd7208cd542569f2bc9871358dcab9b95f9b86f53900f2c41ac0c7e8c,7,56,0.6309385368017649,0.4143646408839779,0.0,205.29389642025342,,205.29389642025342,,
S025,corridor,binding,102,1070000,0,PR1_HT1_EC0,No-EC,S025@corridor@binding:i102:nsga2:s1070000:r0:PR1_HT1_EC0:6d64fbb47f71,25e7b74fd7208cd542569f2bc9871358dcab9b95f9b86f53900f2c41ac0c7e8c,8,64,0.7195611825612505,0.5248618784530387,0.0,137.67481770576595,,137.67481770576595,,
S025,corridor,binding,102,1070000,0,PR1_HT1_EC0,No-EC,S025@corridor@binding:i102:nsga2:s1070000:r0:PR1_HT1_EC0:6d64fbb47f71,25e7b74fd7208cd542569f2bc9871358dcab9b95f9b86f53900f2c41ac0c7e8c,9,72,0.8082286132293023,0.6353591160220995,0.0,70.02156810604248,,70.02156810604248,,
S025,corridor,binding,102,1070000,0,PR1_HT1_EC1,Full,S025@corridor@binding:i102:nsga2:s1070000:r0:PR1_HT1_EC1:d5a7da3e9b05,25e7b74fd7208cd542569f2bc9871358dcab9b95f9b86f53900f2c41ac0c7e8c,1,8,0.12800349497590927,0.0,0.6666666666666666,589.0333333333813,,589.0333333333813,,
S025,corridor,binding,102,1070000,0,PR1_HT1_EC1,Full,S025@corridor@binding:i102:nsga2:s1070000:r0:PR1_HT1_EC1:d5a7da3e9b05,25e7b74fd7208cd542569f2bc9871358dcab9b95f9b86f53900f2c41ac0c7e8c,2,16,0.22280471821756226,0.0,0.5,516.7,,516.7,,
S025,corridor,binding,102,1070000,0,PR1_HT1_EC1,Full,S025@corridor@binding:i102:nsga2:s1070000:r0:PR1_HT1_EC1:d5a7da3e9b05,25e7b74fd7208cd542569f2bc9871358dcab9b95f9b86f53900f2c41ac0c7e8c,3,24,0.27484451134105414,0.0,0.3333333333333333,476.99363784677575,,476.99363784677575,,
S025,corridor,binding,102,1070000,0,PR1_HT1_EC1,Full,S025@corridor@binding:i102:nsga2:s1070000:r0:PR1_HT1_EC1:d5a7da3e9b05,25e7b74fd7208cd542569f2bc9871358dcab9b95f9b86f53900f2c41ac0c7e8c,4,32,0.3603468852636444,0.07853403141361257,0.0,411.7553265438394,,411.7553265438394,,
S025,corridor,binding,102,1070000,0,PR1_HT1_EC1,Full,S025@corridor@binding:i102:nsga2:s1070000:r0:PR1_HT1_EC1:d5a7da3e9b05,25e7b74fd7208cd542569f2bc9871358dcab9b95f9b86f53900f2c41ac0c7e8c,5,40,0.46507978550865153,0.2617801047120419,0.0,331.844123656899,,331.844123656899,,
S025,corridor,binding,102,1070000,0,PR1_HT1_EC1,Full,S025@corridor@binding:i102:nsga2:s1070000:r0:PR1_HT1_EC1:d5a7da3e9b05,25e7b74fd7208cd542569f2bc9871358dcab9b95f9b86f53900f2c41ac0c7e8c,6,48,0.5633920790404581,0.36649214659685864,0.0,256.8318436921305,,256.8318436921305,,
S025,corridor,binding,102,1070000,0,PR1_HT1_EC1,Full,S025@corridor@binding:i102:nsga2:s1070000:r0:PR1_HT1_EC1:d5a7da3e9b05,25e7b74fd7208cd542569f2bc9871358dcab9b95f9b86f53900f2c41ac0c7e8c,7,56,0.6703904736856453,0.5235602094240838,0.0,175.1920685778527,,175.1920685778527,,
S025,corridor,binding,102,1070000,0,PR1_HT1_EC1,Full,S025@corridor@binding:i102:nsga2:s1070000:r0:PR1_HT1_EC1:d5a7da3e9b05,25e7b74fd7208cd542569f2bc9871358dcab9b95f9b86f53900f2c41ac0c7e8c,8,64,0.7702623734766318,0.6282722513089005,0.0,98.98980903732998,,98.98980903732998,,
S025,corridor,binding,102,1070000,0,PR1_HT1_EC1,Full,S025@corridor@binding:i102:nsga2:s1070000:r0:PR1_HT1_EC1:d5a7da3e9b05,25e7b74fd7208cd542569f2bc9871358dcab9b95f9b86f53900f2c41ac0c7e8c,9,72,0.877422982602798,0.7853403141361257,0.0,17.226264274065073,,17.226264274065073,,
S025,corridor,binding,102,1070001,1,PR0_HT1_EC1,No-PR,S025@corridor@binding:i102:nsga2:s1070001:r1:PR0_HT1_EC1:e7f73c353cd1,25e7b74fd7208cd542569f2bc9871358dcab9b95f9b86f53900f2c41ac0c7e8c,1,8,0.12800349497590927,0.0,0.6666666666666666,589.0333333333813,,589.0333333333813,,
S025,corridor,binding,102,1070001,1,PR0_HT1_EC1,No-PR,S025@corridor@binding:i102:nsga2:s1070001:r1:PR0_HT1_EC1:e7f73c353cd1,25e7b74fd7208cd542569f2bc9871358dcab9b95f9b86f53900f2c41ac0c7e8c,2,16,0.22280471821756226,0.0,0.5,516.7,,516.7,,
S025,corridor,binding,102,1070001,1,PR0_HT1_EC1,No-PR,S025@corridor@binding:i102:nsga2:s1070001:r1:PR0_HT1_EC1:e7f73c353cd1,25e7b74fd7208cd542569f2bc9871358dcab9b95f9b86f53900f2c41ac0c7e8c,3,24,0.27808363568711536,0.0,0.16666666666666666,474.522185970731,,474.522185970731,,
S025,corridor,binding,102,1070001,1,PR0_HT1_EC1,No-PR,S025@corridor@binding:i102:nsga2:s1070001:r1:PR0_HT1_EC1:e7f73c353cd1,25e7b74fd7208cd542569f2bc9871358dcab9b95f9b86f53900f2c41ac0c7e8c,4,32,0.36912983547874684,0.10471204188481675,0.0,405.0539355297162,,405.0539355297162,,
S025,corridor,binding,102,1070001,1,PR0_HT1_EC1,No-PR,S025@corridor@binding:i102:nsga2:s1070001:r1:PR0_HT1_EC1:e7f73c353cd1,25e7b74fd7208cd542569f2bc9871358dcab9b95f9b86f53900f2c41ac0c7e8c,5,40,0.47112612317705704,0.2617801047120419,0.0,327.2307680159056,,327.2307680159056,,
S025,corridor,binding,102,1070001,1,PR0_HT1_EC1,No-PR,S025@corridor@binding:i102:nsga2:s1070001:r1:PR0_HT1_EC1:e7f73c353cd1,25e7b74fd7208cd542569f2bc9871358dcab9b95f9b86f53900f2c41ac0c7e8c,6,48,0.5806606443124165,0.418848167539267,0.0,243.65592838962635,,243.65592838962635,,
S025,corridor,binding,102,1070001,1,PR0_HT1_EC1,No-PR,S025@corridor@binding:i102:nsga2:s1070001:r1:PR0_HT1_EC1:e7f73c353cd1,25e7b74fd7208cd542569f2bc9871358dcab9b95f9b86f53900f2c41ac0c7e8c,7,56,0.6888315382087719,0.5497382198952879,0.0,161.12153634670713,,161.12153634670713,,
S025,corridor,binding,102,1070001,1,PR0_HT1_EC1,No-PR,S025@corridor@binding:i102:nsga2:s1070001:r1:PR0_HT1_EC1:e7f73c353cd1,25e7b74fd7208cd542569f2bc9871358dcab9b95f9b86f53900f2c41ac0c7e8c,8,64,0.7960636870891975,0.680628272251309,0.0,79.30340675094244,,79.30340675094244,,
S025,corridor,binding,102,1070001,1,PR0_HT1_EC1,No-PR,S025@corridor@binding:i102:nsga2:s1070001:r1:PR0_HT1_EC1:e7f73c353cd1,25e7b74fd7208cd542569f2bc9871358dcab9b95f9b86f53900f2c41ac0c7e8c,9,72,0.8970822224453796,0.8638743455497382,0.0,2.2262642741754632,,2.2262642741754632,,
S025,corridor,binding,102,1070001,1,PR1_HT0_EC1,No-HT,S025@corridor@binding:i102:nsga2:s1070001:r1:PR1_HT0_EC1:d952fda92850,25e7b74fd7208cd542569f2bc9871358dcab9b95f9b86f53900f2c41ac0c7e8c,1,8,0.12800349497590927,0.0,0.6666666666666666,589.0333333333813,,589.0333333333813,,
S025,corridor,binding,102,1070001,1,PR1_HT0_EC1,No-HT,S025@corridor@binding:i102:nsga2:s1070001:r1:PR1_HT0_EC1:d952fda92850,25e7b74fd7208cd542569f2bc9871358dcab9b95f9b86f53900f2c41ac0c7e8c,2,16,0.22160741812918788,0.0,0.5,517.6135399674297,,517.6135399674297,,
S025,corridor,binding,102,1070001,1,PR1_HT0_EC1,No-HT,S025@corridor@binding:i102:nsga2:s1070001:r1:PR1_HT0_EC1:d952fda92850,25e7b74fd7208cd542569f2bc9871358dcab9b95f9b86f53900f2c41ac0c7e8c,3,24,0.27761291901278534,0.0,0.16666666666666666,474.8813427932448,,474.8813427932448,,
S025,corridor,binding,102,1070001,1,PR1_HT0_EC1,No-HT,S025@corridor@binding:i102:nsga2:s1070001:r1:PR1_HT0_EC1:d952fda92850,25e7b74fd7208cd542569f2bc9871358dcab9b95f9b86f53900f2c41ac0c7e8c,4,32,0.36225270587907804,0.07853403141361257,0.0,410.3011854142635,,410.3011854142635,,
S025,corridor,binding,102,1070001,1,PR1_HT0_EC1,No-HT,S025@corridor@binding:i102:nsga2:s1070001:r1:PR1_HT0_EC1:d952fda92850,25e7b74fd7208cd542569f2bc9871358dcab9b95f9b86f53900f2c41ac0c7e8c,5,40,0.46639178599777514,0.2617801047120419,0.0,330.8430672836976,,330.8430672836976,,
S025,corridor,binding,102,1070001,1,PR1_HT0_EC1,No-HT,S025@corridor@binding:i102:nsga2:s1070001:r1:PR1_HT0_EC1:d952fda92850,25e7b74fd7208cd542569f2bc9871358dcab9b95f9b86f53900f2c41ac0c7e8c,6,48,0.5708483632399421,0.39267015706806285,0.0,251.14269884792418,,251.14269884792418,,
S025,corridor,binding,102,1070001,1,PR1_HT0_EC1,No-HT,S025@corridor@binding:i102:nsga2:s1070001:r1:PR1_HT0_EC1:d952fda92850,25e7b74fd7208cd542569f2bc9871358dcab9b95f9b86f53900f2c41ac0c7e8c,7,56,0.6755235110956348,0.5235602094240838,0.0,171.27556103403077,,171.27556103403077,,
S025,corridor,binding,102,1070001,1,PR1_HT0_EC1,No-HT,S025@corridor@binding:i102:nsga2:s1070001:r1:PR1_HT0_EC1:d952fda92850,25e7b74fd7208cd542569f2bc9871358dcab9b95f9b86f53900f2c41ac0c7e8c,8,64,0.7803491268124338,0.6544502617801047,0.0,91.293616242113,,91.293616242113,,
S025,corridor,binding,102,1070001,1,PR1_HT0_EC1,No-HT,S025@corridor@binding:i102:nsga2:s1070001:r1:PR1_HT0_EC1:d952fda92850,25e7b74fd7208cd542569f2bc9871358dcab9b95f9b86f53900f2c41ac0c7e8c,9,72,0.8774229826026985,0.7853403141361257,0.0,17.226264274141272,,17.226264274141272,,
S025,corridor,binding,102,1070001,1,PR1_HT1_EC0,No-EC,S025@corridor@binding:i102:nsga2:s1070001:r1:PR1_HT1_EC0:1400af4ac24c,25e7b74fd7208cd542569f2bc9871358dcab9b95f9b86f53900f2c41ac0c7e8c,1,8,0.1275666229794106,0.0,0.6666666666666666,589.3666666667098,,589.3666666667098,,
S025,corridor,binding,102,1070001,1,PR1_HT1_EC0,No-EC,S025@corridor@binding:i102:nsga2:s1070001:r1:PR1_HT1_EC0:1400af4ac24c,25e7b74fd7208cd542569f2bc9871358dcab9b95f9b86f53900f2c41ac0c7e8c,2,16,0.22280471821756226,0.0,0.5,516.7,,516.7,,
S025,corridor,binding,102,1070001,1,PR1_HT1_EC0,No-EC,S025@corridor@binding:i102:nsga2:s1070001:r1:PR1_HT1_EC0:1400af4ac24c,25e7b74fd7208cd542569f2bc9871358dcab9b95f9b86f53900f2c41ac0c7e8c,3,24,0.277410154387408,0.0,0.3333333333333333,475.03605220240775,,475.03605220240775,,
S025,corridor,binding,102,1070001,1,PR1_HT1_EC0,No-EC,S025@corridor@binding:i102:nsga2:s1070001:r1:PR1_HT1_EC0:1400af4ac24c,25e7b74fd7208cd542569f2bc9871358dcab9b95f9b86f53900f2c41ac0c7e8c,4,32,0.36556955233461474,0.08287292817679558,0.0,407.770431568689,,407.770431568689,,
S025,corridor,binding,102,1070001,1,PR1_HT1_EC0,No-EC,S025@corridor@binding:i102:nsga2:s1070001:r1:PR1_HT1_EC0:1400af4ac24c,25e7b74fd7208cd542569f2bc9871358dcab9b95f9b86f53900f2c41ac0c7e8c,5,40,0.45391051798653176,0.19337016574585636,0.0,340.3662747762763,,340.3662747762763,,
S025,corridor,binding,102,1070001,1,PR1_HT1_EC0,No-EC,S025@corridor@binding:i102:nsga2:s1070001:r1:PR1_HT1_EC0:1400af4ac24c,25e7b74fd7208cd542569f2bc9871358dcab9b95f9b86f53900f2c41ac0c7e8c,6,48,0.542379439998065,0.30386740331491713,0.0,272.86448728147644,,272.86448728147644,,
S025,corridor,binding,102,1070001,1,PR1_HT1_EC0,No-EC,S025@corridor@binding:i102:nsga2:s1070001:r1:PR1_HT1_EC0:1400af4ac24c,25e7b74fd7208cd542569f2bc9871358dcab9b95f9b86f53900f2c41ac0c7e8c,7,56,0.6309385368017649,0.4143646408839779,0.0,205.29389642025342,,205.29389642025342,,
S025,corridor,binding,102,1070001,1,PR1_HT1_EC0,No-EC,S025@corridor@binding:i102:nsga2:s1070001:r1:PR1_HT1_EC0:1400af4ac24c,25e7b74fd7208cd542569f2bc9871358dcab9b95f9b86f53900f2c41ac0c7e8c,8,64,0.7195611825612505,0.5248618784530387,0.0,137.67481770576595,,137.67481770576595,,
S025,corridor,binding,102,1070001,1,PR1_HT1_EC0,No-EC,S025@corridor@binding:i102:nsga2:s1070001:r1:PR1_HT1_EC0:1400af4ac24c,25e7b74fd7208cd542569f2bc9871358dcab9b95f9b86f53900f2c41ac0c7e8c,9,72,0.8082286132293023,0.6353591160220995,0.0,70.02156810604248,,70.02156810604248,,
S025,corridor,binding,102,1070001,1,PR1_HT1_EC1,Full,S025@corridor@binding:i102:nsga2:s1070001:r1:PR1_HT1_EC1:4bf2708ae859,25e7b74fd7208cd542569f2bc9871358dcab9b95f9b86f53900f2c41ac0c7e8c,1,8,0.12800349497590927,0.0,0.6666666666666666,589.0333333333813,,589.0333333333813,,
S025,corridor,binding,102,1070001,1,PR1_HT1_EC1,Full,S025@corridor@binding:i102:nsga2:s1070001:r1:PR1_HT1_EC1:4bf2708ae859,25e7b74fd7208cd542569f2bc9871358dcab9b95f9b86f53900f2c41ac0c7e8c,2,16,0.22280471821756226,0.0,0.5,516.7,,516.7,,
S025,corridor,binding,102,1070001,1,PR1_HT1_EC1,Full,S025@corridor@binding:i102:nsga2:s1070001:r1:PR1_HT1_EC1:4bf2708ae859,25e7b74fd7208cd542569f2bc9871358dcab9b95f9b86f53900f2c41ac0c7e8c,3,24,0.27808363568711536,0.0,0.16666666666666666,474.522185970731,,474.522185970731,,
S025,corridor,binding,102,1070001,1,PR1_HT1_EC1,Full,S025@corridor@binding:i102:nsga2:s1070001:r1:PR1_HT1_EC1:4bf2708ae859,25e7b74fd7208cd542569f2bc9871358dcab9b95f9b86f53900f2c41ac0c7e8c,4,32,0.36912983547874684,0.10471204188481675,0.0,405.0539355297162,,405.0539355297162,,
S025,corridor,binding,102,1070001,1,PR1_HT1_EC1,Full,S025@corridor@binding:i102:nsga2:s1070001:r1:PR1_HT1_EC1:4bf2708ae859,25e7b74fd7208cd542569f2bc9871358dcab9b95f9b86f53900f2c41ac0c7e8c,5,40,0.47112612317705704,0.2617801047120419,0.0,327.2307680159056,,327.2307680159056,,
S025,corridor,binding,102,1070001,1,PR1_HT1_EC1,Full,S025@corridor@binding:i102:nsga2:s1070001:r1:PR1_HT1_EC1:4bf2708ae859,25e7b74fd7208cd542569f2bc9871358dcab9b95f9b86f53900f2c41ac0c7e8c,6,48,0.5806606443124165,0.418848167539267,0.0,243.65592838962635,,243.65592838962635,,
S025,corridor,binding,102,1070001,1,PR1_HT1_EC1,Full,S025@corridor@binding:i102:nsga2:s1070001:r1:PR1_HT1_EC1:4bf2708ae859,25e7b74fd7208cd542569f2bc9871358dcab9b95f9b86f53900f2c41ac0c7e8c,7,56,0.6888315382087719,0.5497382198952879,0.0,161.12153634670713,,161.12153634670713,,
S025,corridor,binding,102,1070001,1,PR1_HT1_EC1,Full,S025@corridor@binding:i102:nsga2:s1070001:r1:PR1_HT1_EC1:4bf2708ae859,25e7b74fd7208cd542569f2bc9871358dcab9b95f9b86f53900f2c41ac0c7e8c,8,64,0.7960636870891975,0.680628272251309,0.0,79.30340675094244,,79.30340675094244,,
S025,corridor,binding,102,1070001,1,PR1_HT1_EC1,Full,S025@corridor@binding:i102:nsga2:s1070001:r1:PR1_HT1_EC1:4bf2708ae859,25e7b74fd7208cd542569f2bc9871358dcab9b95f9b86f53900f2c41ac0c7e8c,9,72,0.8970822224453796,0.8638743455497382,0.0,2.2262642741754632,,2.2262642741754632,,
S025,corridor,inactive,101,1060000,0,PR0_HT1_EC1,No-PR,S025@corridor@inactive:i101:nsga2:s1060000:r0:PR0_HT1_EC1:695392aa124e,1efe1d1907c2fa4b02522f8fdf5dd2f7ca474637751fc5d683586fd07890f5aa,1,8,0.15007598784194529,0.0,0.6666666666666666,493.45000000000005,,,,493.45000000000005
S025,corridor,inactive,101,1060000,0,PR0_HT1_EC1,No-PR,S025@corridor@inactive:i101:nsga2:s1060000:r0:PR0_HT1_EC1:695392aa124e,1efe1d1907c2fa4b02522f8fdf5dd2f7ca474637751fc5d683586fd07890f5aa,2,16,0.2431610942248377,0.0,0.6666666666666666,432.20000000005683,,,,432.20000000005683
S025,corridor,inactive,101,1060000,0,PR0_HT1_EC1,No-PR,S025@corridor@inactive:i101:nsga2:s1060000:r0:PR0_HT1_EC1:695392aa124e,1efe1d1907c2fa4b02522f8fdf5dd2f7ca474637751fc5d683586fd07890f5aa,3,24,0.2669645145931444,0.0,0.5,416.537349397711,,,,416.537349397711
S025,corridor,inactive,101,1060000,0,PR0_HT1_EC1,No-PR,S025@corridor@inactive:i101:nsga2:s1060000:r0:PR0_HT1_EC1:695392aa124e,1efe1d1907c2fa4b02522f8fdf5dd2f7ca474637751fc5d683586fd07890f5aa,4,32,0.32226610326738364,0.0,0.16666666666666666,380.1489040500616,,,,380.1489040500616
S025,corridor,inactive,101,1060000,0,PR0_HT1_EC1,No-PR,S025@corridor@inactive:i101:nsga2:s1060000:r0:PR0_HT1_EC1:695392aa124e,1efe1d1907c2fa4b02522f8fdf5dd2f7ca474637751fc5d683586fd07890f5aa,5,40,0.4133404928136164,0.06097560975609756,0.0,320.22195572864047,,,,320.22195572864047
S025,corridor,inactive,101,1060000,0,PR0_HT1_EC1,No-PR,S025@corridor@inactive:i101:nsga2:s1060000:r0:PR0_HT1_EC1:695392aa124e,1efe1d1907c2fa4b02522f8fdf5dd2f7ca474637751fc5d683586fd07890f5aa,6,48,0.5352127866679566,0.3048780487804878,0.0,240.02998637248464,,,,240.02998637248464
S025,corridor,inactive,101,1060000,0,PR0_HT1_EC1,No-PR,S025@corridor@inactive:i101:nsga2:s1060000:r0:PR0_HT1_EC1:695392aa124e,1efe1d1907c2fa4b02522f8fdf5dd2f7ca474637751fc5d683586fd07890f5aa,7,56,0.6625431347014676,0.4878048780487805,0.0,156.24661736643435,,,,156.24661736643435
S025,corridor,inactive,101,1060000,0,PR0_HT1_EC1,No-PR,S025@corridor@inactive:i101:nsga2:s1060000:r0:PR0_HT1_EC1:695392aa124e,1efe1d1907c2fa4b02522f8fdf5dd2f7ca474637751fc5d683586fd07890f5aa,8,64,0.7707377528337768,0.5792682926829268,0.0,85.05455863537493,,,,85.05455863537493
S025,corridor,inactive,101,1060000,0,PR0_HT1_EC1,No-PR,S025@corridor@inactive:i101:nsga2:s1060000:r0:PR0_HT1_EC1:695392aa124e,1efe1d1907c2fa4b02522f8fdf5dd2f7ca474637751fc5d683586fd07890f5aa,9,72,0.888858778579279,0.823170731707317,0.0,7.330923694834496,,,,7.330923694834496
S025,corridor,inactive,101,1060000,0,PR1_HT0_EC1,No-HT,S025@corridor@inactive:i101:nsga2:s1060000:r0:PR1_HT0_EC1:b339f64ad983,1efe1d1907c2fa4b02522f8fdf5dd2f7ca474637751fc5d683586fd07890f5aa,1,8,0.15007598784194529,0.0,0.6666666666666666,493.45000000000005,,,,493.45000000000005
S025,corridor,inactive,101,1060000,0,PR1_HT0_EC1,No-HT,S025@corridor@inactive:i101:nsga2:s1060000:r0:PR1_HT0_EC1:b339f64ad983,1efe1d1907c2fa4b02522f8fdf5dd2f7ca474637751fc5d683586fd07890f5aa,2,16,0.2431610942248377,0.0,0.6666666666666666,432.20000000005683,,,,432.20000000005683
S025,corridor,inactive,101,1060000,0,PR1_HT0_EC1,No-HT,S025@corridor@inactive:i101:nsga2:s1060000:r0:PR1_HT0_EC1:b339f64ad983,1efe1d1907c2fa4b02522f8fdf5dd2f7ca474637751fc5d683586fd07890f5aa,3,24,0.27355623100295323,0.0,0.5,412.20000000005683,,,,412.20000000005683
S025,corridor,inactive,101,1060000,0,PR1_HT0_EC1,No-HT,S025@corridor@inactive:i101:nsga2:s1060000:r0:PR1_HT0_EC1:b339f64ad983,1efe1d1907c2fa4b02522f8fdf5dd2f7ca474637751fc5d683586fd07890f5aa,4,32,0.3488116600136302,0.0,0.3333333333333333,362.6819277110314,,,,362.6819277110314
S025,corridor,inactive,101,1060000,0,PR1_HT0_EC1,No-HT,S025@corridor@inactive:i101:nsga2:s1060000:r0:PR1_HT0_EC1:b339f64ad983,1efe1d1907c2fa4b02522f8fdf5dd2f7ca474637751fc5d683586fd07890f5aa,5,40,0.4445945057556067,0.0,0.16666666666666666,299.65681521281084,,,,299.65681521281084
S025,corridor,inactive,101,1060000,0,PR1_HT0_EC1,No-HT,S025@corridor@inactive:i101:nsga2:s1060000:r0:PR1_HT0_EC1:b339f64ad983,1efe1d1907c2fa4b02522f8fdf5dd2f7ca474637751fc5d683586fd07890f5aa,6,48,0.5716120946111615,0.2564102564102564,0.0,216.07924174585577,,,,216.07924174585577
S025,corridor,inactive,101,1060000,0,PR1_HT0_EC1,No-HT,S025@corridor@inactive:i101:nsga2:s1060000:r0:PR1_HT0_EC1:b339f64ad983,1efe1d1907c2fa4b02522f8fdf5dd2f7ca474637751fc5d683586fd07890f5aa,7,56,0.701531714904225,0.44871794871794873,0.0,130.59213159302004,,,,130.59213159302004
S025,corridor,inactive,101,1060000,0,PR1_HT0_EC1,No-HT,S025@corridor@inactive:i101:nsga2:s1060000:r0:PR1_HT0_EC1:b339f64ad983,1efe1d1907c2fa4b02522f8fdf5dd2f7ca474637751fc5d683586fd07890f5aa,8,64,0.8338988315902598,0.6410256410256411,0.0,43.494568813609135,,,,43.494568813609135
S025,corridor,inactive,101,1060000,0,PR1_HT0_EC1,No-HT,S025@corridor@inactive:i101:nsga2:s1060000:r0:PR1_HT0_EC1:b339f64ad983,1efe1d1907c2fa4b02522f8fdf5dd2f7ca474637751fc5d683586fd07890f5aa,9,72,0.8999999999998745,0.8678714859437232,0.0,8.262190931418445e-11,,,,8.262190931418445e-11
S025,corridor,inactive,101,1060000,0,PR1_HT1_EC0,No-EC,S025@corridor@inactive:i101:nsga2:s1060000:r0:PR1_HT1_EC0:a86ce6b22107,1efe1d1907c2fa4b02522f8fdf5dd2f7ca474637751fc5d683586fd07890f5aa,1,8,0.15007598784194529,0.0,0.6666666666666666,493.45000000000005,,,,493.45000000000005
S025,corridor,inactive,101,1060000,0,PR1_HT1_EC0,No-EC,S025@corridor@inactive:i101:nsga2:s1060000:r0:PR1_HT1_EC0:a86ce6b22107,1efe1d1907c2fa4b02522f8fdf5dd2f7ca474637751fc5d683586fd07890f5aa,2,16,0.2431610942248377,0.0,0.6666666666666666,432.20000000005683,,,,432.20000000005683
S025,corridor,inactive,101,1060000,0,PR1_HT1_EC0,No-EC,S025@corridor@inactive:i101:nsga2:s1060000:r0:PR1_HT1_EC0:a86ce6b22107,1efe1d1907c2fa4b02522f8fdf5dd2f7ca474637751fc5d683586fd07890f5aa,3,24,0.27355623100295323,0.0,0.5,412.20000000005683,,,,412.20000000005683
S025,corridor,inactive,101,1060000,0,PR1_HT1_EC0,No-EC,S025@corridor@inactive:i101:nsga2:s1060000:r0:PR1_HT1_EC0:a86ce6b22107,1efe1d1907c2fa4b02522f8fdf5dd2f7ca474637751fc5d683586fd07890f5aa,4,32,0.3488116600136302,0.0,0.3333333333333333,362.6819277110314,,,,362.6819277110314
S025,corridor,inactive,101,1060000,0,PR1_HT1_EC0,No-EC,S025@corridor@inactive:i101:nsga2:s1060000:r0:PR1_HT1_EC0:a86ce6b22107,1efe1d1907c2fa4b02522f8fdf5dd2f7ca474637751fc5d683586fd07890f5aa,5,40,0.4445945057556067,0.0,0.16666666666666666,299.65681521281084,,,,299.65681521281084
S025,corridor,inactive,101,1060000,0,PR1_HT1_EC0,No-EC,S025@corridor@inactive:i101:nsga2:s1060000:r0:PR1_HT1_EC0:a86ce6b22107,1efe1d1907c2fa4b02522f8fdf5dd2f7ca474637751fc5d683586fd07890f5aa,6,48,0.5691883489481698,0.16666666666666666,0.0,217.6740663921043,,,,217.6740663921043
S025,corridor,inactive,101,1060000,0,PR1_HT1_EC0,No-EC,S025@corridor@inactive:i101:nsga2:s1060000:r0:PR1_HT1_EC0:a86ce6b22107,1efe1d1907c2fa4b02522f8fdf5dd2f7ca474637751fc5d683586fd07890f5aa,7,56,0.7015672383155297,0.4166666666666667,0.0,130.56875718838154,,,,130.56875718838154
S025,corridor,inactive,101,1060000,0,PR1_HT1_EC0,No-EC,S025@corridor@inactive:i101:nsga2:s1060000:r0:PR1_HT1_EC0:a86ce6b22107,1efe1d1907c2fa4b02522f8fdf5dd2f7ca474637751fc5d683586fd07890f5aa,8,64,0.8407932164872195,0.6666666666666666,0.0,38.958063551409566,,,,38.958063551409566
S025,corridor,inactive,101,1060000,0,PR1_HT1_EC0,No-EC,S025@corridor@inactive:i101:nsga2:s1060000:r0:PR1_HT1_EC0:a86ce6b22107,1efe1d1907c2fa4b02522f8fdf5dd2f7ca474637751fc5d683586fd07890f5aa,9,72,0.8999999999998567,0.8678714859436998,0.0,9.43387590268685e-11,,,,9.43387590268685e-11
S025,corridor,inactive,101,1060000,0,PR1_HT1_EC1,Full,S025@corridor@inactive:i101:nsga2:s1060000:r0:PR1_HT1_EC1:936edd1f2272,1efe1d1907c2fa4b02522f8fdf5dd2f7ca474637751fc5d683586fd07890f5aa,1,8,0.15007598784194529,0.0,0.6666666666666666,493.45000000000005,,,,493.45000000000005
S025,corridor,inactive,101,1060000,0,PR1_HT1_EC1,Full,S025@corridor@inactive:i101:nsga2:s1060000:r0:PR1_HT1_EC1:936edd1f2272,1efe1d1907c2fa4b02522f8fdf5dd2f7ca474637751fc5d683586fd07890f5aa,2,16,0.2431610942248377,0.0,0.6666666666666666,432.20000000005683,,,,432.20000000005683
S025,corridor,inactive,101,1060000,0,PR1_HT1_EC1,Full,S025@corridor@inactive:i101:nsga2:s1060000:r0:PR1_HT1_EC1:936edd1f2272,1efe1d1907c2fa4b02522f8fdf5dd2f7ca474637751fc5d683586fd07890f5aa,3,24,0.27355623100295323,0.0,0.5,412.20000000005683,,,,412.20000000005683
S025,corridor,inactive,101,1060000,0,PR1_HT1_EC1,Full,S025@corridor@inactive:i101:nsga2:s1060000:r0:PR1_HT1_EC1:936edd1f2272,1efe1d1907c2fa4b02522f8fdf5dd2f7ca474637751fc5d683586fd07890f5aa,4,32,0.3488116600136302,0.0,0.3333333333333333,362.6819277110314,,,,362.6819277110314
S025,corridor,inactive,101,1060000,0,PR1_HT1_EC1,Full,S025@corridor@inactive:i101:nsga2:s1060000:r0:PR1_HT1_EC1:936edd1f2272,1efe1d1907c2fa4b02522f8fdf5dd2f7ca474637751fc5d683586fd07890f5aa,5,40,0.4445945057556067,0.0,0.16666666666666666,299.65681521281084,,,,299.65681521281084
S025,corridor,inactive,101,1060000,0,PR1_HT1_EC1,Full,S025@corridor@inactive:i101:nsga2:s1060000:r0:PR1_HT1_EC1:936edd1f2272,1efe1d1907c2fa4b02522f8fdf5dd2f7ca474637751fc5d683586fd07890f5aa,6,48,0.5691883489481698,0.16666666666666666,0.0,217.6740663921043,,,,217.6740663921043
S025,corridor,inactive,101,1060000,0,PR1_HT1_EC1,Full,S025@corridor@inactive:i101:nsga2:s1060000:r0:PR1_HT1_EC1:936edd1f2272,1efe1d1907c2fa4b02522f8fdf5dd2f7ca474637751fc5d683586fd07890f5aa,7,56,0.7015672383155297,0.4166666666666667,0.0,130.56875718838154,,,,130.56875718838154
S025,corridor,inactive,101,1060000,0,PR1_HT1_EC1,Full,S025@corridor@inactive:i101:nsga2:s1060000:r0:PR1_HT1_EC1:936edd1f2272,1efe1d1907c2fa4b02522f8fdf5dd2f7ca474637751fc5d683586fd07890f5aa,8,64,0.8407932164872195,0.6666666666666666,0.0,38.958063551409566,,,,38.958063551409566
S025,corridor,inactive,101,1060000,0,PR1_HT1_EC1,Full,S025@corridor@inactive:i101:nsga2:s1060000:r0:PR1_HT1_EC1:936edd1f2272,1efe1d1907c2fa4b02522f8fdf5dd2f7ca474637751fc5d683586fd07890f5aa,9,72,0.8999999999998567,0.8678714859436998,0.0,9.43387590268685e-11,,,,9.43387590268685e-11
S025,corridor,inactive,101,1060001,1,PR0_HT1_EC1,No-PR,S025@corridor@inactive:i101:nsga2:s1060001:r1:PR0_HT1_EC1:4033821e0b6c,1efe1d1907c2fa4b02522f8fdf5dd2f7ca474637751fc5d683586fd07890f5aa,1,8,0.15007598784194529,0.0,0.6666666666666666,493.45000000000005,,,,493.45000000000005
S025,corridor,inactive,101,1060001,1,PR0_HT1_EC1,No-PR,S025@corridor@inactive:i101:nsga2:s1060001:r1:PR0_HT1_EC1:4033821e0b6c,1efe1d1907c2fa4b02522f8fdf5dd2f7ca474637751fc5d683586fd07890f5aa,2,16,0.2431610942248377,0.0,0.6666666666666666,432.20000000005683,,,,432.20000000005683
S025,corridor,inactive,101,1060001,1,PR0_HT1_EC1,No-PR,S025@corridor@inactive:i101:nsga2:s1060001:r1:PR0_HT1_EC1:4033821e0b6c,1efe1d1907c2fa4b02522f8fdf5dd2f7ca474637751fc5d683586fd07890f5aa,3,24,0.2669645145931444,0.0,0.5,416.537349397711,,,,416.537349397711
S025,corridor,inactive,101,1060001,1,PR0_HT1_EC1,No-PR,S025@corridor@inactive:i101:nsga2:s1060001:r1:PR0_HT1_EC1:4033821e0b6c,1efe1d1907c2fa4b02522f8fdf5dd2f7ca474637751fc5d683586fd07890f5aa,4,32,0.32226610326738364,0.0,0.16666666666666666,380.1489040500616,,,,380.1489040500616
S025,corridor,inactive,101,1060001,1,PR0_HT1_EC1,No-PR,S025@corridor@inactive:i101:nsga2:s1060001:r1:PR0_HT1_EC1:4033821e0b6c,1efe1d1907c2fa4b02522f8fdf5dd2f7ca474637751fc5d683586fd07890f5aa,5,40,0.4133404928136164,0.06097560975609756,0.0,320.22195572864047,,,,320.22195572864047
S025,corridor,inactive,101,1060001,1,PR0_HT1_EC1,No-PR,S025@corridor@inactive:i101:nsga2:s1060001:r1:PR0_HT1_EC1:4033821e0b6c,1efe1d1907c2fa4b02522f8fdf5dd2f7ca474637751fc5d683586fd07890f5aa,6,48,0.5352127866679566,0.3048780487804878,0.0,240.02998637248464,,,,240.02998637248464
S025,corridor,inactive,101,1060001,1,PR0_HT1_EC1,No-PR,S025@corridor@inactive:i101:nsga2:s1060001:r1:PR0_HT1_EC1:4033821e0b6c,1efe1d1907c2fa4b02522f8fdf5dd2f7ca474637751fc5d683586fd07890f5aa,7,56,0.6625431347014676,0.4878048780487805,0.0,156.24661736643435,,,,156.24661736643435
S025,corridor,inactive,101,1060001,1,PR0_HT1_EC1,No-PR,S025@corridor@inactive:i101:nsga2:s1060001:r1:PR0_HT1_EC1:4033821e0b6c,1efe1d1907c2fa4b02522f8fdf5dd2f7ca474637751fc5d683586fd07890f5aa,8,64,0.7707377528337768,0.5792682926829268,0.0,85.05455863537493,,,,85.05455863537493
S025,corridor,inactive,101,1060001,1,PR0_HT1_EC1,No-PR,S025@corridor@inactive:i101:nsga2:s1060001:r1:PR0_HT1_EC1:4033821e0b6c,1efe1d1907c2fa4b02522f8fdf5dd2f7ca474637751fc5d683586fd07890f5aa,9,72,0.888858778579279,0.823170731707317,0.0,7.330923694834496,,,,7.330923694834496
S025,corridor,inactive,101,1060001,1,PR1_HT0_EC1,No-HT,S025@corridor@inactive:i101:nsga2:s1060001:r1:PR1_HT0_EC1:6b766fe2ff8b,1efe1d1907c2fa4b02522f8fdf5dd2f7ca474637751fc5d683586fd07890f5aa,1,8,0.15007598784194529,0.0,0.6666666666666666,493.45000000000005,,,,493.45000000000005
S025,corridor,inactive,101,1060001,1,PR1_HT0_EC1,No-HT,S025@corridor@inactive:i101:nsga2:s1060001:r1:PR1_HT0_EC1:6b766fe2ff8b,1efe1d1907c2fa4b02522f8fdf5dd2f7ca474637751fc5d683586fd07890f5aa,2,16,0.2431610942248377,0.0,0.6666666666666666,432.20000000005683,,,,432.20000000005683
S025,corridor,inactive,101,1060001,1,PR1_HT0_EC1,No-HT,S025@corridor@inactive:i101:nsga2:s1060001:r1:PR1_HT0_EC1:6b766fe2ff8b,1efe1d1907c2fa4b02522f8fdf5dd2f7ca474637751fc5d683586fd07890f5aa,3,24,0.27355623100295323,0.0,0.5,412.20000000005683,,,,412.20000000005683
S025,corridor,inactive,101,1060001,1,PR1_HT0_EC1,No-HT,S025@corridor@inactive:i101:nsga2:s1060001:r1:PR1_HT0_EC1:6b766fe2ff8b,1efe1d1907c2fa4b02522f8fdf5dd2f7ca474637751fc5d683586fd07890f5aa,4,32,0.3488116600136302,0.0,0.3333333333333333,362.6819277110314,,,,362.6819277110314
S025,corridor,inactive,101,1060001,1,PR1_HT0_EC1,No-HT,S025@corridor@inactive:i101:nsga2:s1060001:r1:PR1_HT0_EC1:6b766fe2ff8b,1efe1d1907c2fa4b02522f8fdf5dd2f7ca474637751fc5d683586fd07890f5aa,5,40,0.4445945057556067,0.0,0.16666666666666666,299.65681521281084,,,,299.65681521281084
S025,corridor,inactive,101,1060001,1,PR1_HT0_EC1,No-HT,S025@corridor@inactive:i101:nsga2:s1060001:r1:PR1_HT0_EC1:6b766fe2ff8b,1efe1d1907c2fa4b02522f8fdf5dd2f7ca474637751fc5d683586fd07890f5aa,6,48,0.5716120946111615,0.2564102564102564,0.0,216.07924174585577,,,,216.07924174585577
S025,corridor,inactive,101,1060001,1,PR1_HT0_EC1,No-HT,S025@corridor@inactive:i101:nsga2:s1060001:r1:PR1_HT0_EC1:6b766fe2ff8b,1efe1d1907c2fa4b02522f8fdf5dd2f7ca474637751fc5d683586fd07890f5aa,7,56,0.701531714904225,0.44871794871794873,0.0,130.59213159302004,,,,130.59213159302004
S025,corridor,inactive,101,1060001,1,PR1_HT0_EC1,No-HT,S025@corridor@inactive:i101:nsga2:s1060001:r1:PR1_HT0_EC1:6b766fe2ff8b,1efe1d1907c2fa4b02522f8fdf5dd2f7ca474637751fc5d683586fd07890f5aa,8,64,0.8338988315902598,0.6410256410256411,0.0,43.494568813609135,,,,43.494568813609135
S025,corridor,inactive,101,1060001,1,PR1_HT0_EC1,No-HT,S025@corridor@inactive:i101:nsga2:s1060001:r1:PR1_HT0_EC1:6b766fe2ff8b,1efe1d1907c2fa4b02522f8fdf5dd2f7ca474637751fc5d683586fd07890f5aa,9,72,0.8999999999998745,0.8678714859437232,0.0,8.262190931418445e-11,,,,8.262190931418445e-11
S025,corridor,inactive,101,1060001,1,PR1_HT1_EC0,No-EC,S025@corridor@inactive:i101:nsga2:s1060001:r1:PR1_HT1_EC0:8bbc9a1f3321,1efe1d1907c2fa4b02522f8fdf5dd2f7ca474637751fc5d683586fd07890f5aa,1,8,0.15007598784194529,0.0,0.6666666666666666,493.45000000000005,,,,493.45000000000005
S025,corridor,inactive,101,1060001,1,PR1_HT1_EC0,No-EC,S025@corridor@inactive:i101:nsga2:s1060001:r1:PR1_HT1_EC0:8bbc9a1f3321,1efe1d1907c2fa4b02522f8fdf5dd2f7ca474637751fc5d683586fd07890f5aa,2,16,0.2431610942248377,0.0,0.6666666666666666,432.20000000005683,,,,432.20000000005683
S025,corridor,inactive,101,1060001,1,PR1_HT1_EC0,No-EC,S025@corridor@inactive:i101:nsga2:s1060001:r1:PR1_HT1_EC0:8bbc9a1f3321,1efe1d1907c2fa4b02522f8fdf5dd2f7ca474637751fc5d683586fd07890f5aa,3,24,0.27355623100295323,0.0,0.5,412.20000000005683,,,,412.20000000005683
S025,corridor,inactive,101,1060001,1,PR1_HT1_EC0,No-EC,S025@corridor@inactive:i101:nsga2:s1060001:r1:PR1_HT1_EC0:8bbc9a1f3321,1efe1d1907c2fa4b02522f8fdf5dd2f7ca474637751fc5d683586fd07890f5aa,4,32,0.3488116600136302,0.0,0.3333333333333333,362.6819277110314,,,,362.6819277110314
S025,corridor,inactive,101,1060001,1,PR1_HT1_EC0,No-EC,S025@corridor@inactive:i101:nsga2:s1060001:r1:PR1_HT1_EC0:8bbc9a1f3321,1efe1d1907c2fa4b02522f8fdf5dd2f7ca474637751fc5d683586fd07890f5aa,5,40,0.4445945057556067,0.0,0.16666666666666666,299.65681521281084,,,,299.65681521281084
S025,corridor,inactive,101,1060001,1,PR1_HT1_EC0,No-EC,S025@corridor@inactive:i101:nsga2:s1060001:r1:PR1_HT1_EC0:8bbc9a1f3321,1efe1d1907c2fa4b02522f8fdf5dd2f7ca474637751fc5d683586fd07890f5aa,6,48,0.5691883489481698,0.16666666666666666,0.0,217.6740663921043,,,,217.6740663921043
S025,corridor,inactive,101,1060001,1,PR1_HT1_EC0,No-EC,S025@corridor@inactive:i101:nsga2:s1060001:r1:PR1_HT1_EC0:8bbc9a1f3321,1efe1d1907c2fa4b02522f8fdf5dd2f7ca474637751fc5d683586fd07890f5aa,7,56,0.7015672383155297,0.4166666666666667,0.0,130.56875718838154,,,,130.56875718838154
S025,corridor,inactive,101,1060001,1,PR1_HT1_EC0,No-EC,S025@corridor@inactive:i101:nsga2:s1060001:r1:PR1_HT1_EC0:8bbc9a1f3321,1efe1d1907c2fa4b02522f8fdf5dd2f7ca474637751fc5d683586fd07890f5aa,8,64,0.8407932164872195,0.6666666666666666,0.0,38.958063551409566,,,,38.958063551409566
S025,corridor,inactive,101,1060001,1,PR1_HT1_EC0,No-EC,S025@corridor@inactive:i101:nsga2:s1060001:r1:PR1_HT1_EC0:8bbc9a1f3321,1efe1d1907c2fa4b02522f8fdf5dd2f7ca474637751fc5d683586fd07890f5aa,9,72,0.8999999999998567,0.8678714859436998,0.0,9.43387590268685e-11,,,,9.43387590268685e-11
S025,corridor,inactive,101,1060001,1,PR1_HT1_EC1,Full,S025@corridor@inactive:i101:nsga2:s1060001:r1:PR1_HT1_EC1:67564d14e5f7,1efe1d1907c2fa4b02522f8fdf5dd2f7ca474637751fc5d683586fd07890f5aa,1,8,0.15007598784194529,0.0,0.6666666666666666,493.45000000000005,,,,493.45000000000005
S025,corridor,inactive,101,1060001,1,PR1_HT1_EC1,Full,S025@corridor@inactive:i101:nsga2:s1060001:r1:PR1_HT1_EC1:67564d14e5f7,1efe1d1907c2fa4b02522f8fdf5dd2f7ca474637751fc5d683586fd07890f5aa,2,16,0.2431610942248377,0.0,0.6666666666666666,432.20000000005683,,,,432.20000000005683
S025,corridor,inactive,101,1060001,1,PR1_HT1_EC1,Full,S025@corridor@inactive:i101:nsga2:s1060001:r1:PR1_HT1_EC1:67564d14e5f7,1efe1d1907c2fa4b02522f8fdf5dd2f7ca474637751fc5d683586fd07890f5aa,3,24,0.27355623100295323,0.0,0.5,412.20000000005683,,,,412.20000000005683
S025,corridor,inactive,101,1060001,1,PR1_HT1_EC1,Full,S025@corridor@inactive:i101:nsga2:s1060001:r1:PR1_HT1_EC1:67564d14e5f7,1efe1d1907c2fa4b02522f8fdf5dd2f7ca474637751fc5d683586fd07890f5aa,4,32,0.3488116600136302,0.0,0.3333333333333333,362.6819277110314,,,,362.6819277110314
S025,corridor,inactive,101,1060001,1,PR1_HT1_EC1,Full,S025@corridor@inactive:i101:nsga2:s1060001:r1:PR1_HT1_EC1:67564d14e5f7,1efe1d1907c2fa4b02522f8fdf5dd2f7ca474637751fc5d683586fd07890f5aa,5,40,0.4445945057556067,0.0,0.16666666666666666,299.65681521281084,,,,299.65681521281084
S025,corridor,inactive,101,1060001,1,PR1_HT1_EC1,Full,S025@corridor@inactive:i101:nsga2:s1060001:r1:PR1_HT1_EC1:67564d14e5f7,1efe1d1907c2fa4b02522f8fdf5dd2f7ca474637751fc5d683586fd07890f5aa,6,48,0.5691883489481698,0.16666666666666666,0.0,217.6740663921043,,,,217.6740663921043
S025,corridor,inactive,101,1060001,1,PR1_HT1_EC1,Full,S025@corridor@inactive:i101:nsga2:s1060001:r1:PR1_HT1_EC1:67564d14e5f7,1efe1d1907c2fa4b02522f8fdf5dd2f7ca474637751fc5d683586fd07890f5aa,7,56,0.7015672383155297,0.4166666666666667,0.0,130.56875718838154,,,,130.56875718838154
S025,corridor,inactive,101,1060001,1,PR1_HT1_EC1,Full,S025@corridor@inactive:i101:nsga2:s1060001:r1:PR1_HT1_EC1:67564d14e5f7,1efe1d1907c2fa4b02522f8fdf5dd2f7ca474637751fc5d683586fd07890f5aa,8,64,0.8407932164872195,0.6666666666666666,0.0,38.958063551409566,,,,38.958063551409566
S025,corridor,inactive,101,1060001,1,PR1_HT1_EC1,Full,S025@corridor@inactive:i101:nsga2:s1060001:r1:PR1_HT1_EC1:67564d14e5f7,1efe1d1907c2fa4b02522f8fdf5dd2f7ca474637751fc5d683586fd07890f5aa,9,72,0.8999999999998567,0.8678714859436998,0.0,9.43387590268685e-11,,,,9.43387590268685e-11
S025,corridor,inactive,102,1070000,0,PR0_HT1_EC1,No-PR,S025@corridor@inactive:i102:nsga2:s1070000:r0:PR0_HT1_EC1:b000292d4414,2e814cd9fcac3903c94a188170ea145cdf0012758210e24bec0ee8270490ed48,1,8,0.1275666229794106,0.0,0.6666666666666666,589.3666666667098,,589.3666666667098,,
S025,corridor,inactive,102,1070000,0,PR0_HT1_EC1,No-PR,S025@corridor@inactive:i102:nsga2:s1070000:r0:PR0_HT1_EC1:b000292d4414,2e814cd9fcac3903c94a188170ea145cdf0012758210e24bec0ee8270490ed48,2,16,0.22160741812918788,0.0,0.5,517.6135399674297,,517.6135399674297,,
S025,corridor,inactive,102,1070000,0,PR0_HT1_EC1,No-PR,S025@corridor@inactive:i102:nsga2:s1070000:r0:PR0_HT1_EC1:b000292d4414,2e814cd9fcac3903c94a188170ea145cdf0012758210e24bec0ee8270490ed48,3,24,0.2986788329949645,0.0,0.16666666666666666,458.8080504248421,,458.8080504248421,,
S025,corridor,inactive,102,1070000,0,PR0_HT1_EC1,No-PR,S025@corridor@inactive:i102:nsga2:s1070000:r0:PR0_HT1_EC1:b000292d4414,2e814cd9fcac3903c94a188170ea145cdf0012758210e24bec0ee8270490ed48,4,32,0.39568451002006877,0.08064516129032258,0.0,384.79271885468756,,384.79271885468756,,
S025,corridor,inactive,102,1070000,0,PR0_HT1_EC1,No-PR,S025@corridor@inactive:i102:nsga2:s1070000:r0:PR0_HT1_EC1:b000292d4414,2e814cd9fcac3903c94a188170ea145cdf0012758210e24bec0ee8270490ed48,5,40,0.4992798250227973,0.24193548387096775,0.0,305.74949350760573,,305.74949350760573,,
S025,corridor,inactive,102,1070000,0,PR0_HT1_EC1,No-PR,S025@corridor@inactive:i102:nsga2:s1070000:r0:PR0_HT1_EC1:b000292d4414,2e814cd9fcac3903c94a188170ea145cdf0012758210e24bec0ee8270490ed48,6,48,0.6081318006640021,0.4032258064516129,0.0,222.69543609336642,,222.69543609336642,,
S025,corridor,inactive,102,1070000,0,PR0_HT1_EC1,No-PR,S025@corridor@inactive:i102:nsga2:s1070000:r0:PR0_HT1_EC1:b000292d4414,2e814cd9fcac3903c94a188170ea145cdf0012758210e24bec0ee8270490ed48,7,56,0.7211770993913482,0.5645161290322581,0.0,136.4418731644014,,136.4418731644014,,
S025,corridor,inactive,102,1070000,0,PR0_HT1_EC1,No-PR,S025@corridor@inactive:i102:nsga2:s1070000:r0:PR0_HT1_EC1:b000292d4414,2e814cd9fcac3903c94a188170ea145cdf0012758210e24bec0ee8270490ed48,8,64,0.837567479667349,0.7258064516129032,0.0,47.63601301381283,,47.63601301381283,,
S025,corridor,inactive,102,1070000,0,PR0_HT1_EC1,No-PR,S025@corridor@inactive:i102:nsga2:s1070000:r0:PR0_HT1_EC1:b000292d4414,2e814cd9fcac3903c94a188170ea145cdf0012758210e24bec0ee8270490ed48,9,72,0.8999999999998918,0.8755301794452158,0.0,8.267875273304526e-11,,8.267875273304526e-11,,
S025,corridor,inactive,102,1070000,0,PR1_HT0_EC1,No-HT,S025@corridor@inactive:i102:nsga2:s1070000:r0:PR1_HT0_EC1:d467400fa28a,2e814cd9fcac3903c94a188170ea145cdf0012758210e24bec0ee8270490ed48,1,8,0.1275666229794106,0.0,0.6666666666666666,589.3666666667098,,589.3666666667098,,
S025,corridor,inactive,102,1070000,0,PR1_HT0_EC1,No-HT,S025@corridor@inactive:i102:nsga2:s1070000:r0:PR1_HT0_EC1:d467400fa28a,2e814cd9fcac3903c94a188170ea145cdf0012758210e24bec0ee8270490ed48,2,16,0.22160741812918788,0.0,0.5,517.6135399674297,,517.6135399674297,,
S025,corridor,inactive,102,1070000,0,PR1_HT0_EC1,No-HT,S025@corridor@inactive:i102:nsga2:s1070000:r0:PR1_HT0_EC1:d467400fa28a,2e814cd9fcac3903c94a188170ea145cdf0012758210e24bec0ee8270490ed48,3,24,0.2986788329949645,0.0,0.16666666666666666,458.8080504248421,,458.8080504248421,,
S025,corridor,inactive,102,1070000,0,PR1_HT0_EC1,No-HT,S025@corridor@inactive:i102:nsga2:s1070000:r0:PR1_HT0_EC1:d467400fa28a,2e814cd9fcac3903c94a188170ea145cdf0012758210e24bec0ee8270490ed48,4,32,0.39568451002006877,0.08064516129032258,0.0,384.79271885468756,,384.79271885468756,,
S025,corridor,inactive,102,1070000,0,PR1_HT0_EC1,No-HT,S025@corridor@inactive:i102:nsga2:s1070000:r0:PR1_HT0_EC1:d467400fa28a,2e814cd9fcac3903c94a188170ea145cdf0012758210e24bec0ee8270490ed48,5,40,0.4992798250227973,0.24193548387096775,0.0,305.74949350760573,,305.74949350760573,,
S025,corridor,inactive,102,1070000,0,PR1_HT0_EC1,No-HT,S025@corridor@inactive:i102:nsga2:s1070000:r0:PR1_HT0_EC1:d467400fa28a,2e814cd9fcac3903c94a188170ea145cdf0012758210e24bec0ee8270490ed48,6,48,0.6081318006640021,0.4032258064516129,0.0,222.69543609336642,,222.69543609336642,,
S025,corridor,inactive,102,1070000,0,PR1_HT0_EC1,No-HT,S025@corridor@inactive:i102:nsga2:s1070000:r0:PR1_HT0_EC1:d467400fa28a,2e814cd9fcac3903c94a188170ea145cdf0012758210e24bec0ee8270490ed48,7,56,0.7211770993913482,0.5645161290322581,0.0,136.4418731644014,,136.4418731644014,,
S025,corridor,inactive,102,1070000,0,PR1_HT0_EC1,No-HT,S025@corridor@inactive:i102:nsga2:s1070000:r0:PR1_HT0_EC1:d467400fa28a,2e814cd9fcac3903c94a188170ea145cdf0012758210e24bec0ee8270490ed48,8,64,0.837567479667349,0.7258064516129032,0.0,47.63601301381283,,47.63601301381283,,
S025,corridor,inactive,102,1070000,0,PR1_HT0_EC1,No-HT,S025@corridor@inactive:i102:nsga2:s1070000:r0:PR1_HT0_EC1:d467400fa28a,2e814cd9fcac3903c94a188170ea145cdf0012758210e24bec0ee8270490ed48,9,72,0.8999999999998918,0.8755301794452158,0.0,8.267875273304526e-11,,8.267875273304526e-11,,
S025,corridor,inactive,102,1070000,0,PR1_HT1_EC0,No-EC,S025@corridor@inactive:i102:nsga2:s1070000:r0:PR1_HT1_EC0:bac39318c609,2e814cd9fcac3903c94a188170ea145cdf0012758210e24bec0ee8270490ed48,1,8,0.1275666229794106,0.0,0.6666666666666666,589.3666666667098,,589.3666666667098,,
S025,corridor,inactive,102,1070000,0,PR1_HT1_EC0,No-EC,S025@corridor@inactive:i102:nsga2:s1070000:r0:PR1_HT1_EC0:bac39318c609,2e814cd9fcac3903c94a188170ea145cdf0012758210e24bec0ee8270490ed48,2,16,0.22280471821756226,0.0,0.5,516.7,,516.7,,
S025,corridor,inactive,102,1070000,0,PR1_HT1_EC0,No-EC,S025@corridor@inactive:i102:nsga2:s1070000:r0:PR1_HT1_EC0:bac39318c609,2e814cd9fcac3903c94a188170ea145cdf0012758210e24bec0ee8270490ed48,3,24,0.30362247417770943,0.0,0.16666666666666666,455.03605220240775,,455.03605220240775,,
S025,corridor,inactive,102,1070000,0,PR1_HT1_EC0,No-EC,S025@corridor@inactive:i102:nsga2:s1070000:r0:PR1_HT1_EC0:bac39318c609,2e814cd9fcac3903c94a188170ea145cdf0012758210e24bec0ee8270490ed48,4,32,0.429913741901476,0.27624309392265195,0.0,358.67581492917384,,358.67581492917384,,
S025,corridor,inactive,102,1070000,0,PR1_HT1_EC0,No-EC,S025@corridor@inactive:i102:nsga2:s1070000:r0:PR1_HT1_EC0:bac39318c609,2e814cd9fcac3903c94a188170ea145cdf0012758210e24bec0ee8270490ed48,5,40,0.5451274118657246,0.3867403314917127,0.0,270.76778474645215,,270.76778474645215,,
S025,corridor,inactive,102,1070000,0,PR1_HT1_EC0,No-EC,S025@corridor@inactive:i102:nsga2:s1070000:r0:PR1_HT1_EC0:bac39318c609,2e814cd9fcac3903c94a188170ea145cdf0012758210e24bec0ee8270490ed48,6,48,0.6525343571448019,0.4972375690607735,0.0,188.81628549851615,,188.81628549851615,,
S025,corridor,inactive,102,1070000,0,PR1_HT1_EC0,No-EC,S025@corridor@inactive:i102:nsga2:s1070000:r0:PR1_HT1_EC0:bac39318c609,2e814cd9fcac3903c94a188170ea145cdf0012758210e24bec0ee8270490ed48,7,56,0.7544396628415182,0.6077348066298343,0.0,111.06253725192158,,111.06253725192158,,
S025,corridor,inactive,102,1070000,0,PR1_HT1_EC0,No-EC,S025@corridor@inactive:i102:nsga2:s1070000:r0:PR1_HT1_EC0:bac39318c609,2e814cd9fcac3903c94a188170ea145cdf0012758210e24bec0ee8270490ed48,8,64,0.8524677934980597,0.7182320441988951,0.0,36.267073560980535,,36.267073560980535,,
S025,corridor,inactive,102,1070000,0,PR1_HT1_EC0,No-EC,S025@corridor@inactive:i102:nsga2:s1070000:r0:PR1_HT1_EC0:bac39318c609,2e814cd9fcac3903c94a188170ea145cdf0012758210e24bec0ee8270490ed48,9,72,0.8999999999998395,0.8755301794451508,0.0,1.2255441106390208e-10,,1.2255441106390208e-10,,
S025,corridor,inactive,102,1070000,0,PR1_HT1_EC1,Full,S025@corridor@inactive:i102:nsga2:s1070000:r0:PR1_HT1_EC1:5ea31455e620,2e814cd9fcac3903c94a188170ea145cdf0012758210e24bec0ee8270490ed48,1,8,0.1275666229794106,0.0,0.6666666666666666,589.3666666667098,,589.3666666667098,,
S025,corridor,inactive,102,1070000,0,PR1_HT1_EC1,Full,S025@corridor@inactive:i102:nsga2:s1070000:r0:PR1_HT1_EC1:5ea31455e620,2e814cd9fcac3903c94a188170ea145cdf0012758210e24bec0ee8270490ed48,2,16,0.22280471821756226,0.0,0.5,516.7,,516.7,,
S025,corridor,inactive,102,1070000,0,PR1_HT1_EC1,Full,S025@corridor@inactive:i102:nsga2:s1070000:r0:PR1_HT1_EC1:5ea31455e620,2e814cd9fcac3903c94a188170ea145cdf0012758210e24bec0ee8270490ed48,3,24,0.30362247417770943,0.0,0.16666666666666666,455.03605220240775,,455.03605220240775,,
S025,corridor,inactive,102,1070000,0,PR1_HT1_EC1,Full,S025@corridor@inactive:i102:nsga2:s1070000:r0:PR1_HT1_EC1:5ea31455e620,2e814cd9fcac3903c94a188170ea145cdf0012758210e24bec0ee8270490ed48,4,32,0.429913741901476,0.27624309392265195,0.0,358.67581492917384,,358.67581492917384,,
S025,corridor,inactive,102,1070000,0,PR1_HT1_EC1,Full,S025@corridor@inactive:i102:nsga2:s1070000:r0:PR1_HT1_EC1:5ea31455e620,2e814cd9fcac3903c94a188170ea145cdf0012758210e24bec0ee8270490ed48,5,40,0.5451274118657246,0.3867403314917127,0.0,270.76778474645215,,270.76778474645215,,
S025,corridor,inactive,102,1070000,0,PR1_HT1_EC1,Full,S025@corridor@inactive:i102:nsga2:s1070000:r0:PR1_HT1_EC1:5ea31455e620,2e814cd9fcac3903c94a188170ea145cdf0012758210e24bec0ee8270490ed48,6,48,0.6525343571448019,0.4972375690607735,0.0,188.81628549851615,,188.81628549851615,,
S025,corridor,inactive,102,1070000,0,PR1_HT1_EC1,Full,S025@corridor@inactive:i102:nsga2:s1070000:r0:PR1_HT1_EC1:5ea31455e620,2e814cd9fcac3903c94a188170ea145cdf0012758210e24bec0ee8270490ed48,7,56,0.7544396628415182,0.6077348066298343,0.0,111.06253725192158,,111.06253725192158,,
S025,corridor,inactive,102,1070000,0,PR1_HT1_EC1,Full,S025@corridor@inactive:i102:nsga2:s1070000:r0:PR1_HT1_EC1:5ea31455e620,2e814cd9fcac3903c94a188170ea145cdf0012758210e24bec0ee8270490ed48,8,64,0.8524677934980597,0.7182320441988951,0.0,36.267073560980535,,36.267073560980535,,
S025,corridor,inactive,102,1070000,0,PR1_HT1_EC1,Full,S025@corridor@inactive:i102:nsga2:s1070000:r0:PR1_HT1_EC1:5ea31455e620,2e814cd9fcac3903c94a188170ea145cdf0012758210e24bec0ee8270490ed48,9,72,0.8999999999998395,0.8755301794451508,0.0,1.2255441106390208e-10,,1.2255441106390208e-10,,
S025,corridor,inactive,102,1070001,1,PR0_HT1_EC1,No-PR,S025@corridor@inactive:i102:nsga2:s1070001:r1:PR0_HT1_EC1:058a193aaa0a,2e814cd9fcac3903c94a188170ea145cdf0012758210e24bec0ee8270490ed48,1,8,0.1275666229794106,0.0,0.6666666666666666,589.3666666667098,,589.3666666667098,,
S025,corridor,inactive,102,1070001,1,PR0_HT1_EC1,No-PR,S025@corridor@inactive:i102:nsga2:s1070001:r1:PR0_HT1_EC1:058a193aaa0a,2e814cd9fcac3903c94a188170ea145cdf0012758210e24bec0ee8270490ed48,2,16,0.22160741812918788,0.0,0.5,517.6135399674297,,517.6135399674297,,
S025,corridor,inactive,102,1070001,1,PR0_HT1_EC1,No-PR,S025@corridor@inactive:i102:nsga2:s1070001:r1:PR0_HT1_EC1:058a193aaa0a,2e814cd9fcac3903c94a188170ea145cdf0012758210e24bec0ee8270490ed48,3,24,0.2986788329949645,0.0,0.16666666666666666,458.8080504248421,,458.8080504248421,,
S025,corridor,inactive,102,1070001,1,PR0_HT1_EC1,No-PR,S025@corridor@inactive:i102:nsga2:s1070001:r1:PR0_HT1_EC1:058a193aaa0a,2e814cd9fcac3903c94a188170ea145cdf0012758210e24bec0ee8270490ed48,4,32,0.39568451002006877,0.08064516129032258,0.0,384.79271885468756,,384.79271885468756,,
S025,corridor,inactive,102,1070001,1,PR0_HT1_EC1,No-PR,S025@corridor@inactive:i102:nsga2:s1070001:r1:PR0_HT1_EC1:058a193aaa0a,2e814cd9fcac3903c94a188170ea145cdf0012758210e24bec0ee8270490ed48,5,40,0.4992798250227973,0.24193548387096775,0.0,305.74949350760573,,305.74949350760573,,
S025,corridor,inactive,102,1070001,1,PR0_HT1_EC1,No-PR,S025@corridor@inactive:i102:nsga2:s1070001:r1:PR0_HT1_EC1:058a193aaa0a,2e814cd9fcac3903c94a188170ea145cdf0012758210e24bec0ee8270490ed48,6,48,0.6081318006640021,0.4032258064516129,0.0,222.69543609336642,,222.69543609336642,,
S025,corridor,inactive,102,1070001,1,PR0_HT1_EC1,No-PR,S025@corridor@inactive:i102:nsga2:s1070001:r1:PR0_HT1_EC1:058a193aaa0a,2e814cd9fcac3903c94a188170ea145cdf0012758210e24bec0ee8270490ed48,7,56,0.7211770993913482,0.5645161290322581,0.0,136.4418731644014,,136.4418731644014,,
S025,corridor,inactive,102,1070001,1,PR0_HT1_EC1,No-PR,S025@corridor@inactive:i102:nsga2:s1070001:r1:PR0_HT1_EC1:058a193aaa0a,2e814cd9fcac3903c94a188170ea145cdf0012758210e24bec0ee8270490ed48,8,64,0.837567479667349,0.7258064516129032,0.0,47.63601301381283,,47.63601301381283,,
S025,corridor,inactive,102,1070001,1,PR0_HT1_EC1,No-PR,S025@corridor@inactive:i102:nsga2:s1070001:r1:PR0_HT1_EC1:058a193aaa0a,2e814cd9fcac3903c94a188170ea145cdf0012758210e24bec0ee8270490ed48,9,72,0.8999999999998918,0.8755301794452158,0.0,8.267875273304526e-11,,8.267875273304526e-11,,
S025,corridor,inactive,102,1070001,1,PR1_HT0_EC1,No-HT,S025@corridor@inactive:i102:nsga2:s1070001:r1:PR1_HT0_EC1:2dd37455a867,2e814cd9fcac3903c94a188170ea145cdf0012758210e24bec0ee8270490ed48,1,8,0.1275666229794106,0.0,0.6666666666666666,589.3666666667098,,589.3666666667098,,
S025,corridor,inactive,102,1070001,1,PR1_HT0_EC1,No-HT,S025@corridor@inactive:i102:nsga2:s1070001:r1:PR1_HT0_EC1:2dd37455a867,2e814cd9fcac3903c94a188170ea145cdf0012758210e24bec0ee8270490ed48,2,16,0.22160741812918788,0.0,0.5,517.6135399674297,,517.6135399674297,,
S025,corridor,inactive,102,1070001,1,PR1_HT0_EC1,No-HT,S025@corridor@inactive:i102:nsga2:s1070001:r1:PR1_HT0_EC1:2dd37455a867,2e814cd9fcac3903c94a188170ea145cdf0012758210e24bec0ee8270490ed48,3,24,0.2986788329949645,0.0,0.16666666666666666,458.8080504248421,,458.8080504248421,,
S025,corridor,inactive,102,1070001,1,PR1_HT0_EC1,No-HT,S025@corridor@inactive:i102:nsga2:s1070001:r1:PR1_HT0_EC1:2dd37455a867,2e814cd9fcac3903c94a188170ea145cdf0012758210e24bec0ee8270490ed48,4,32,0.39568451002006877,0.08064516129032258,0.0,384.79271885468756,,384.79271885468756,,
S025,corridor,inactive,102,1070001,1,PR1_HT0_EC1,No-HT,S025@corridor@inactive:i102:nsga2:s1070001:r1:PR1_HT0_EC1:2dd37455a867,2e814cd9fcac3903c94a188170ea145cdf0012758210e24bec0ee8270490ed48,5,40,0.4992798250227973,0.24193548387096775,0.0,305.74949350760573,,305.74949350760573,,
S025,corridor,inactive,102,1070001,1,PR1_HT0_EC1,No-HT,S025@corridor@inactive:i102:nsga2:s1070001:r1:PR1_HT0_EC1:2dd37455a867,2e814cd9fcac3903c94a188170ea145cdf0012758210e24bec0ee8270490ed48,6,48,0.6081318006640021,0.4032258064516129,0.0,222.69543609336642,,222.69543609336642,,
S025,corridor,inactive,102,1070001,1,PR1_HT0_EC1,No-HT,S025@corridor@inactive:i102:nsga2:s1070001:r1:PR1_HT0_EC1:2dd37455a867,2e814cd9fcac3903c94a188170ea145cdf0012758210e24bec0ee8270490ed48,7,56,0.7211770993913482,0.5645161290322581,0.0,136.4418731644014,,136.4418731644014,,
S025,corridor,inactive,102,1070001,1,PR1_HT0_EC1,No-HT,S025@corridor@inactive:i102:nsga2:s1070001:r1:PR1_HT0_EC1:2dd37455a867,2e814cd9fcac3903c94a188170ea145cdf0012758210e24bec0ee8270490ed48,8,64,0.837567479667349,0.7258064516129032,0.0,47.63601301381283,,47.63601301381283,,
S025,corridor,inactive,102,1070001,1,PR1_HT0_EC1,No-HT,S025@corridor@inactive:i102:nsga2:s1070001:r1:PR1_HT0_EC1:2dd37455a867,2e814cd9fcac3903c94a188170ea145cdf0012758210e24bec0ee8270490ed48,9,72,0.8999999999998918,0.8755301794452158,0.0,8.267875273304526e-11,,8.267875273304526e-11,,
S025,corridor,inactive,102,1070001,1,PR1_HT1_EC0,No-EC,S025@corridor@inactive:i102:nsga2:s1070001:r1:PR1_HT1_EC0:a0d4a79acbb1,2e814cd9fcac3903c94a188170ea145cdf0012758210e24bec0ee8270490ed48,1,8,0.1275666229794106,0.0,0.6666666666666666,589.3666666667098,,589.3666666667098,,
S025,corridor,inactive,102,1070001,1,PR1_HT1_EC0,No-EC,S025@corridor@inactive:i102:nsga2:s1070001:r1:PR1_HT1_EC0:a0d4a79acbb1,2e814cd9fcac3903c94a188170ea145cdf0012758210e24bec0ee8270490ed48,2,16,0.22280471821756226,0.0,0.5,516.7,,516.7,,
S025,corridor,inactive,102,1070001,1,PR1_HT1_EC0,No-EC,S025@corridor@inactive:i102:nsga2:s1070001:r1:PR1_HT1_EC0:a0d4a79acbb1,2e814cd9fcac3903c94a188170ea145cdf0012758210e24bec0ee8270490ed48,3,24,0.30362247417770943,0.0,0.16666666666666666,455.03605220240775,,455.03605220240775,,
S025,corridor,inactive,102,1070001,1,PR1_HT1_EC0,No-EC,S025@corridor@inactive:i102:nsga2:s1070001:r1:PR1_HT1_EC0:a0d4a79acbb1,2e814cd9fcac3903c94a188170ea145cdf0012758210e24bec0ee8270490ed48,4,32,0.429913741901476,0.27624309392265195,0.0,358.67581492917384,,358.67581492917384,,
S025,corridor,inactive,102,1070001,1,PR1_HT1_EC0,No-EC,S025@corridor@inactive:i102:nsga2:s1070001:r1:PR1_HT1_EC0:a0d4a79acbb1,2e814cd9fcac3903c94a188170ea145cdf0012758210e24bec0ee8270490ed48,5,40,0.5451274118657246,0.3867403314917127,0.0,270.76778474645215,,270.76778474645215,,
S025,corridor,inactive,102,1070001,1,PR1_HT1_EC0,No-EC,S025@corridor@inactive:i102:nsga2:s1070001:r1:PR1_HT1_EC0:a0d4a79acbb1,2e814cd9fcac3903c94a188170ea145cdf0012758210e24bec0ee8270490ed48,6,48,0.6525343571448019,0.4972375690607735,0.0,188.81628549851615,,188.81628549851615,,
S025,corridor,inactive,102,1070001,1,PR1_HT1_EC0,No-EC,S025@corridor@inactive:i102:nsga2:s1070001:r1:PR1_HT1_EC0:a0d4a79acbb1,2e814cd9fcac3903c94a188170ea145cdf0012758210e24bec0ee8270490ed48,7,56,0.7544396628415182,0.6077348066298343,0.0,111.06253725192158,,111.06253725192158,,
S025,corridor,inactive,102,1070001,1,PR1_HT1_EC0,No-EC,S025@corridor@inactive:i102:nsga2:s1070001:r1:PR1_HT1_EC0:a0d4a79acbb1,2e814cd9fcac3903c94a188170ea145cdf0012758210e24bec0ee8270490ed48,8,64,0.8524677934980597,0.7182320441988951,0.0,36.267073560980535,,36.267073560980535,,
S025,corridor,inactive,102,1070001,1,PR1_HT1_EC0,No-EC,S025@corridor@inactive:i102:nsga2:s1070001:r1:PR1_HT1_EC0:a0d4a79acbb1,2e814cd9fcac3903c94a188170ea145cdf0012758210e24bec0ee8270490ed48,9,72,0.8999999999998395,0.8755301794451508,0.0,1.2255441106390208e-10,,1.2255441106390208e-10,,
S025,corridor,inactive,102,1070001,1,PR1_HT1_EC1,Full,S025@corridor@inactive:i102:nsga2:s1070001:r1:PR1_HT1_EC1:92d9f9fb0c34,2e814cd9fcac3903c94a188170ea145cdf0012758210e24bec0ee8270490ed48,1,8,0.1275666229794106,0.0,0.6666666666666666,589.3666666667098,,589.3666666667098,,
S025,corridor,inactive,102,1070001,1,PR1_HT1_EC1,Full,S025@corridor@inactive:i102:nsga2:s1070001:r1:PR1_HT1_EC1:92d9f9fb0c34,2e814cd9fcac3903c94a188170ea145cdf0012758210e24bec0ee8270490ed48,2,16,0.22280471821756226,0.0,0.5,516.7,,516.7,,
S025,corridor,inactive,102,1070001,1,PR1_HT1_EC1,Full,S025@corridor@inactive:i102:nsga2:s1070001:r1:PR1_HT1_EC1:92d9f9fb0c34,2e814cd9fcac3903c94a188170ea145cdf0012758210e24bec0ee8270490ed48,3,24,0.30362247417770943,0.0,0.16666666666666666,455.03605220240775,,455.03605220240775,,
S025,corridor,inactive,102,1070001,1,PR1_HT1_EC1,Full,S025@corridor@inactive:i102:nsga2:s1070001:r1:PR1_HT1_EC1:92d9f9fb0c34,2e814cd9fcac3903c94a188170ea145cdf0012758210e24bec0ee8270490ed48,4,32,0.429913741901476,0.27624309392265195,0.0,358.67581492917384,,358.67581492917384,,
S025,corridor,inactive,102,1070001,1,PR1_HT1_EC1,Full,S025@corridor@inactive:i102:nsga2:s1070001:r1:PR1_HT1_EC1:92d9f9fb0c34,2e814cd9fcac3903c94a188170ea145cdf0012758210e24bec0ee8270490ed48,5,40,0.5451274118657246,0.3867403314917127,0.0,270.76778474645215,,270.76778474645215,,
S025,corridor,inactive,102,1070001,1,PR1_HT1_EC1,Full,S025@corridor@inactive:i102:nsga2:s1070001:r1:PR1_HT1_EC1:92d9f9fb0c34,2e814cd9fcac3903c94a188170ea145cdf0012758210e24bec0ee8270490ed48,6,48,0.6525343571448019,0.4972375690607735,0.0,188.81628549851615,,188.81628549851615,,
S025,corridor,inactive,102,1070001,1,PR1_HT1_EC1,Full,S025@corridor@inactive:i102:nsga2:s1070001:r1:PR1_HT1_EC1:92d9f9fb0c34,2e814cd9fcac3903c94a188170ea145cdf0012758210e24bec0ee8270490ed48,7,56,0.7544396628415182,0.6077348066298343,0.0,111.06253725192158,,111.06253725192158,,
S025,corridor,inactive,102,1070001,1,PR1_HT1_EC1,Full,S025@corridor@inactive:i102:nsga2:s1070001:r1:PR1_HT1_EC1:92d9f9fb0c34,2e814cd9fcac3903c94a188170ea145cdf0012758210e24bec0ee8270490ed48,8,64,0.8524677934980597,0.7182320441988951,0.0,36.267073560980535,,36.267073560980535,,
S025,corridor,inactive,102,1070001,1,PR1_HT1_EC1,Full,S025@corridor@inactive:i102:nsga2:s1070001:r1:PR1_HT1_EC1:92d9f9fb0c34,2e814cd9fcac3903c94a188170ea145cdf0012758210e24bec0ee8270490ed48,9,72,0.8999999999998395,0.8755301794451508,0.0,1.2255441106390208e-10,,1.2255441106390208e-10,,
S025,corridor,transition,101,1060000,0,PR0_HT1_EC1,No-PR,S025@corridor@transition:i101:nsga2:s1060000:r0:PR0_HT1_EC1:e4e07a86b37e,79c24d8b68c20dd6cc4f88b5fd4815d867fd618cb4ef402aacd5d34ea36f9c84,1,8,0.07788753799392097,0.0,0.8333333333333334,540.95,,,,540.95
S025,corridor,transition,101,1060000,0,PR0_HT1_EC1,No-PR,S025@corridor@transition:i101:nsga2:s1060000:r0:PR0_HT1_EC1:e4e07a86b37e,79c24d8b68c20dd6cc4f88b5fd4815d867fd618cb4ef402aacd5d34ea36f9c84,2,16,0.15579882218844984,0.0,0.6666666666666666,489.68437500000005,,,,489.68437500000005
S025,corridor,transition,101,1060000,0,PR0_HT1_EC1,No-PR,S025@corridor@transition:i101:nsga2:s1060000:r0:PR0_HT1_EC1:e4e07a86b37e,79c24d8b68c20dd6cc4f88b5fd4815d867fd618cb4ef402aacd5d34ea36f9c84,3,24,0.22340425531914893,0.0,0.6666666666666666,445.20000000000005,,,,445.20000000000005
S025,corridor,transition,101,1060000,0,PR0_HT1_EC1,No-PR,S025@corridor@transition:i101:nsga2:s1060000:r0:PR0_HT1_EC1:e4e07a86b37e,79c24d8b68c20dd6cc4f88b5fd4815d867fd618cb4ef402aacd5d34ea36f9c84,4,32,0.24316109422492402,0.0,0.6666666666666666,432.20000000000005,,,,432.20000000000005
S025,corridor,transition,101,1060000,0,PR0_HT1_EC1,No-PR,S025@corridor@transition:i101:nsga2:s1060000:r0:PR0_HT1_EC1:e4e07a86b37e,79c24d8b68c20dd6cc4f88b5fd4815d867fd618cb4ef402aacd5d34ea36f9c84,5,40,0.25835866261398177,0.0,0.5,422.20000000000005,,,,422.20000000000005
S025,corridor,transition,101,1060000,0,PR0_HT1_EC1,No-PR,S025@corridor@transition:i101:nsga2:s1060000:r0:PR0_HT1_EC1:e4e07a86b37e,79c24d8b68c20dd6cc4f88b5fd4815d867fd618cb4ef402aacd5d34ea36f9c84,6,48,0.2735562310030395,0.0,0.5,412.20000000000005,,,,412.20000000000005
S025,corridor,transition,101,1060000,0,PR0_HT1_EC1,No-PR,S025@corridor@transition:i101:nsga2:s1060000:r0:PR0_HT1_EC1:e4e07a86b37e,79c24d8b68c20dd6cc4f88b5fd4815d867fd618cb4ef402aacd5d34ea36f9c84,7,56,0.29635258358662614,0.0,0.5,397.20000000000005,,,,397.20000000000005
S025,corridor,transition,101,1060000,0,PR0_HT1_EC1,No-PR,S025@corridor@transition:i101:nsga2:s1060000:r0:PR0_HT1_EC1:e4e07a86b37e,79c24d8b68c20dd6cc4f88b5fd4815d867fd618cb4ef402aacd5d34ea36f9c84,8,64,0.3191489361702128,0.0,0.5,382.20000000000005,,,,382.20000000000005
S025,corridor,transition,101,1060000,0,PR0_HT1_EC1,No-PR,S025@corridor@transition:i101:nsga2:s1060000:r0:PR0_HT1_EC1:e4e07a86b37e,79c24d8b68c20dd6cc4f88b5fd4815d867fd618cb4ef402aacd5d34ea36f9c84,9,72,0.332881678690351,0.0,0.5,373.1638554217491,,,,373.1638554217491
S025,corridor,transition,101,1060000,0,PR1_HT0_EC1,No-HT,S025@corridor@transition:i101:nsga2:s1060000:r0:PR1_HT0_EC1:0d714d56d220,79c24d8b68c20dd6cc4f88b5fd4815d867fd618cb4ef402aacd5d34ea36f9c84,1,8,0.07788753799392097,0.0,0.8333333333333334,540.95,,,,540.95
S025,corridor,transition,101,1060000,0,PR1_HT0_EC1,No-HT,S025@corridor@transition:i101:nsga2:s1060000:r0:PR1_HT0_EC1:0d714d56d220,79c24d8b68c20dd6cc4f88b5fd4815d867fd618cb4ef402aacd5d34ea36f9c84,2,16,0.15579882218844984,0.0,0.6666666666666666,489.68437500000005,,,,489.68437500000005
S025,corridor,transition,101,1060000,0,PR1_HT0_EC1,No-HT,S025@corridor@transition:i101:nsga2:s1060000:r0:PR1_HT0_EC1:0d714d56d220,79c24d8b68c20dd6cc4f88b5fd4815d867fd618cb4ef402aacd5d34ea36f9c84,3,24,0.22340425531914893,0.0,0.6666666666666666,445.20000000000005,,,,445.20000000000005
S025,corridor,transition,101,1060000,0,PR1_HT0_EC1,No-HT,S025@corridor@transition:i101:nsga2:s1060000:r0:PR1_HT0_EC1:0d714d56d220,79c24d8b68c20dd6cc4f88b5fd4815d867fd618cb4ef402aacd5d34ea36f9c84,4,32,0.24316109422492402,0.0,0.6666666666666666,432.20000000000005,,,,432.20000000000005
S025,corridor,transition,101,1060000,0,PR1_HT0_EC1,No-HT,S025@corridor@transition:i101:nsga2:s1060000:r0:PR1_HT0_EC1:0d714d56d220,79c24d8b68c20dd6cc4f88b5fd4815d867fd618cb4ef402aacd5d34ea36f9c84,5,40,0.25835866261398177,0.0,0.5,422.20000000000005,,,,422.20000000000005
S025,corridor,transition,101,1060000,0,PR1_HT0_EC1,No-HT,S025@corridor@transition:i101:nsga2:s1060000:r0:PR1_HT0_EC1:0d714d56d220,79c24d8b68c20dd6cc4f88b5fd4815d867fd618cb4ef402aacd5d34ea36f9c84,6,48,0.2735562310030395,0.0,0.5,412.20000000000005,,,,412.20000000000005
S025,corridor,transition,101,1060000,0,PR1_HT0_EC1,No-HT,S025@corridor@transition:i101:nsga2:s1060000:r0:PR1_HT0_EC1:0d714d56d220,79c24d8b68c20dd6cc4f88b5fd4815d867fd618cb4ef402aacd5d34ea36f9c84,7,56,0.29635258358662614,0.0,0.5,397.20000000000005,,,,397.20000000000005
S025,corridor,transition,101,1060000,0,PR1_HT0_EC1,No-HT,S025@corridor@transition:i101:nsga2:s1060000:r0:PR1_HT0_EC1:0d714d56d220,79c24d8b68c20dd6cc4f88b5fd4815d867fd618cb4ef402aacd5d34ea36f9c84,8,64,0.3191489361702128,0.0,0.5,382.20000000000005,,,,382.20000000000005
S025,corridor,transition,101,1060000,0,PR1_HT0_EC1,No-HT,S025@corridor@transition:i101:nsga2:s1060000:r0:PR1_HT0_EC1:0d714d56d220,79c24d8b68c20dd6cc4f88b5fd4815d867fd618cb4ef402aacd5d34ea36f9c84,9,72,0.332881678690351,0.0,0.5,373.1638554217491,,,,373.1638554217491
S025,corridor,transition,101,1060000,0,PR1_HT1_EC0,No-EC,S025@corridor@transition:i101:nsga2:s1060000:r0:PR1_HT1_EC0:7d29063592f4,79c24d8b68c20dd6cc4f88b5fd4815d867fd618cb4ef402aacd5d34ea36f9c84,1,8,0.07408814589665653,0.0,0.8333333333333334,543.45,,,,543.45
S025,corridor,transition,101,1060000,0,PR1_HT1_EC0,No-EC,S025@corridor@transition:i101:nsga2:s1060000:r0:PR1_HT1_EC0:7d29063592f4,79c24d8b68c20dd6cc4f88b5fd4815d867fd618cb4ef402aacd5d34ea36f9c84,2,16,0.15579882218844984,0.0,0.6666666666666666,489.68437500000005,,,,489.68437500000005
S025,corridor,transition,101,1060000,0,PR1_HT1_EC0,No-EC,S025@corridor@transition:i101:nsga2:s1060000:r0:PR1_HT1_EC0:7d29063592f4,79c24d8b68c20dd6cc4f88b5fd4815d867fd618cb4ef402aacd5d34ea36f9c84,3,24,0.21732522796352582,0.0,0.6666666666666666,449.20000000000005,,,,449.20000000000005
S025,corridor,transition,101,1060000,0,PR1_HT1_EC0,No-EC,S025@corridor@transition:i101:nsga2:s1060000:r0:PR1_HT1_EC0:7d29063592f4,79c24d8b68c20dd6cc4f88b5fd4815d867fd618cb4ef402aacd5d34ea36f9c84,4,32,0.24316109422492402,0.0,0.6666666666666666,432.20000000000005,,,,432.20000000000005
S025,corridor,transition,101,1060000,0,PR1_HT1_EC0,No-EC,S025@corridor@transition:i101:nsga2:s1060000:r0:PR1_HT1_EC0:7d29063592f4,79c24d8b68c20dd6cc4f88b5fd4815d867fd618cb4ef402aacd5d34ea36f9c84,5,40,0.25835866261398177,0.0,0.5,422.20000000000005,,,,422.20000000000005
S025,corridor,transition,101,1060000,0,PR1_HT1_EC0,No-EC,S025@corridor@transition:i101:nsga2:s1060000:r0:PR1_HT1_EC0:7d29063592f4,79c24d8b68c20dd6cc4f88b5fd4815d867fd618cb4ef402aacd5d34ea36f9c84,6,48,0.2735562310030395,0.0,0.5,412.20000000000005,,,,412.20000000000005
S025,corridor,transition,101,1060000,0,PR1_HT1_EC0,No-EC,S025@corridor@transition:i101:nsga2:s1060000:r0:PR1_HT1_EC0:7d29063592f4,79c24d8b68c20dd6cc4f88b5fd4815d867fd618cb4ef402aacd5d34ea36f9c84,7,56,0.29635258358662614,0.0,0.5,397.20000000000005,,,,397.20000000000005
S025,corridor,transition,101,1060000,0,PR1_HT1_EC0,No-EC,S025@corridor@transition:i101:nsga2:s1060000:r0:PR1_HT1_EC0:7d29063592f4,79c24d8b68c20dd6cc4f88b5fd4815d867fd618cb4ef402aacd5d34ea36f9c84,8,64,0.31832497161885953,0.0,0.3333333333333333,382.7421686747905,,,,382.7421686747905
S025,corridor,transition,101,1060000,0,PR1_HT1_EC0,No-EC,S025@corridor@transition:i101:nsga2:s1060000:r0:PR1_HT1_EC0:7d29063592f4,79c24d8b68c20dd6cc4f88b5fd4815d867fd618cb4ef402aacd5d34ea36f9c84,9,72,0.3331596426352784,0.0,0.3333333333333333,372.98095514598685,,,,372.98095514598685
S025,corridor,transition,101,1060000,0,PR1_HT1_EC1,Full,S025@corridor@transition:i101:nsga2:s1060000:r0:PR1_HT1_EC1:85955ada0066,79c24d8b68c20dd6cc4f88b5fd4815d867fd618cb4ef402aacd5d34ea36f9c84,1,8,0.07788753799392097,0.0,0.8333333333333334,540.95,,,,540.95
S025,corridor,transition,101,1060000,0,PR1_HT1_EC1,Full,S025@corridor@transition:i101:nsga2:s1060000:r0:PR1_HT1_EC1:85955ada0066,79c24d8b68c20dd6cc4f88b5fd4815d867fd618cb4ef402aacd5d34ea36f9c84,2,16,0.15579882218844984,0.0,0.6666666666666666,489.68437500000005,,,,489.68437500000005
S025,corridor,transition,101,1060000,0,PR1_HT1_EC1,Full,S025@corridor@transition:i101:nsga2:s1060000:r0:PR1_HT1_EC1:85955ada0066,79c24d8b68c20dd6cc4f88b5fd4815d867fd618cb4ef402aacd5d34ea36f9c84,3,24,0.22340425531914893,0.0,0.6666666666666666,445.20000000000005,,,,445.20000000000005
S025,corridor,transition,101,1060000,0,PR1_HT1_EC1,Full,S025@corridor@transition:i101:nsga2:s1060000:r0:PR1_HT1_EC1:85955ada0066,79c24d8b68c20dd6cc4f88b5fd4815d867fd618cb4ef402aacd5d34ea36f9c84,4,32,0.24316109422492402,0.0,0.6666666666666666,432.20000000000005,,,,432.20000000000005
S025,corridor,transition,101,1060000,0,PR1_HT1_EC1,Full,S025@corridor@transition:i101:nsga2:s1060000:r0:PR1_HT1_EC1:85955ada0066,79c24d8b68c20dd6cc4f88b5fd4815d867fd618cb4ef402aacd5d34ea36f9c84,5,40,0.25835866261398177,0.0,0.5,422.20000000000005,,,,422.20000000000005
S025,corridor,transition,101,1060000,0,PR1_HT1_EC1,Full,S025@corridor@transition:i101:nsga2:s1060000:r0:PR1_HT1_EC1:85955ada0066,79c24d8b68c20dd6cc4f88b5fd4815d867fd618cb4ef402aacd5d34ea36f9c84,6,48,0.2735562310030395,0.0,0.5,412.20000000000005,,,,412.20000000000005
S025,corridor,transition,101,1060000,0,PR1_HT1_EC1,Full,S025@corridor@transition:i101:nsga2:s1060000:r0:PR1_HT1_EC1:85955ada0066,79c24d8b68c20dd6cc4f88b5fd4815d867fd618cb4ef402aacd5d34ea36f9c84,7,56,0.29635258358662614,0.0,0.5,397.20000000000005,,,,397.20000000000005
S025,corridor,transition,101,1060000,0,PR1_HT1_EC1,Full,S025@corridor@transition:i101:nsga2:s1060000:r0:PR1_HT1_EC1:85955ada0066,79c24d8b68c20dd6cc4f88b5fd4815d867fd618cb4ef402aacd5d34ea36f9c84,8,64,0.3191489361702128,0.0,0.5,382.20000000000005,,,,382.20000000000005
S025,corridor,transition,101,1060000,0,PR1_HT1_EC1,Full,S025@corridor@transition:i101:nsga2:s1060000:r0:PR1_HT1_EC1:85955ada0066,79c24d8b68c20dd6cc4f88b5fd4815d867fd618cb4ef402aacd5d34ea36f9c84,9,72,0.3404804628848799,0.0,0.3333333333333333,368.1638554217491,,,,368.1638554217491
S025,corridor,transition,101,1060001,1,PR0_HT1_EC1,No-PR,S025@corridor@transition:i101:nsga2:s1060001:r1:PR0_HT1_EC1:ff8fa5c2dc8c,79c24d8b68c20dd6cc4f88b5fd4815d867fd618cb4ef402aacd5d34ea36f9c84,1,8,0.07788753799392097,0.0,0.8333333333333334,540.95,,,,540.95
S025,corridor,transition,101,1060001,1,PR0_HT1_EC1,No-PR,S025@corridor@transition:i101:nsga2:s1060001:r1:PR0_HT1_EC1:ff8fa5c2dc8c,79c24d8b68c20dd6cc4f88b5fd4815d867fd618cb4ef402aacd5d34ea36f9c84,2,16,0.15579882218844984,0.0,0.6666666666666666,489.68437500000005,,,,489.68437500000005
S025,corridor,transition,101,1060001,1,PR0_HT1_EC1,No-PR,S025@corridor@transition:i101:nsga2:s1060001:r1:PR0_HT1_EC1:ff8fa5c2dc8c,79c24d8b68c20dd6cc4f88b5fd4815d867fd618cb4ef402aacd5d34ea36f9c84,3,24,0.22340425531914893,0.0,0.6666666666666666,445.20000000000005,,,,445.20000000000005
S025,corridor,transition,101,1060001,1,PR0_HT1_EC1,No-PR,S025@corridor@transition:i101:nsga2:s1060001:r1:PR0_HT1_EC1:ff8fa5c2dc8c,79c24d8b68c20dd6cc4f88b5fd4815d867fd618cb4ef402aacd5d34ea36f9c84,4,32,0.24316109422492402,0.0,0.6666666666666666,432.20000000000005,,,,432.20000000000005
S025,corridor,transition,101,1060001,1,PR0_HT1_EC1,No-PR,S025@corridor@transition:i101:nsga2:s1060001:r1:PR0_HT1_EC1:ff8fa5c2dc8c,79c24d8b68c20dd6cc4f88b5fd4815d867fd618cb4ef402aacd5d34ea36f9c84,5,40,0.25835866261398177,0.0,0.5,422.20000000000005,,,,422.20000000000005
S025,corridor,transition,101,1060001,1,PR0_HT1_EC1,No-PR,S025@corridor@transition:i101:nsga2:s1060001:r1:PR0_HT1_EC1:ff8fa5c2dc8c,79c24d8b68c20dd6cc4f88b5fd4815d867fd618cb4ef402aacd5d34ea36f9c84,6,48,0.2735562310030395,0.0,0.5,412.20000000000005,,,,412.20000000000005
S025,corridor,transition,101,1060001,1,PR0_HT1_EC1,No-PR,S025@corridor@transition:i101:nsga2:s1060001:r1:PR0_HT1_EC1:ff8fa5c2dc8c,79c24d8b68c20dd6cc4f88b5fd4815d867fd618cb4ef402aacd5d34ea36f9c84,7,56,0.29635258358662614,0.0,0.5,397.20000000000005,,,,397.20000000000005
S025,corridor,transition,101,1060001,1,PR0_HT1_EC1,No-PR,S025@corridor@transition:i101:nsga2:s1060001:r1:PR0_HT1_EC1:ff8fa5c2dc8c,79c24d8b68c20dd6cc4f88b5fd4815d867fd618cb4ef402aacd5d34ea36f9c84,8,64,0.3191489361702128,0.0,0.5,382.20000000000005,,,,382.20000000000005
S025,corridor,transition,101,1060001,1,PR0_HT1_EC1,No-PR,S025@corridor@transition:i101:nsga2:s1060001:r1:PR0_HT1_EC1:ff8fa5c2dc8c,79c24d8b68c20dd6cc4f88b5fd4815d867fd618cb4ef402aacd5d34ea36f9c84,9,72,0.332881678690351,0.0,0.5,373.1638554217491,,,,373.1638554217491
S025,corridor,transition,101,1060001,1,PR1_HT0_EC1,No-HT,S025@corridor@transition:i101:nsga2:s1060001:r1:PR1_HT0_EC1:7bff5436b0c7,79c24d8b68c20dd6cc4f88b5fd4815d867fd618cb4ef402aacd5d34ea36f9c84,1,8,0.07788753799392097,0.0,0.8333333333333334,540.95,,,,540.95
S025,corridor,transition,101,1060001,1,PR1_HT0_EC1,No-HT,S025@corridor@transition:i101:nsga2:s1060001:r1:PR1_HT0_EC1:7bff5436b0c7,79c24d8b68c20dd6cc4f88b5fd4815d867fd618cb4ef402aacd5d34ea36f9c84,2,16,0.15579882218844984,0.0,0.6666666666666666,489.68437500000005,,,,489.68437500000005
S025,corridor,transition,101,1060001,1,PR1_HT0_EC1,No-HT,S025@corridor@transition:i101:nsga2:s1060001:r1:PR1_HT0_EC1:7bff5436b0c7,79c24d8b68c20dd6cc4f88b5fd4815d867fd618cb4ef402aacd5d34ea36f9c84,3,24,0.22340425531914893,0.0,0.6666666666666666,445.20000000000005,,,,445.20000000000005
S025,corridor,transition,101,1060001,1,PR1_HT0_EC1,No-HT,S025@corridor@transition:i101:nsga2:s1060001:r1:PR1_HT0_EC1:7bff5436b0c7,79c24d8b68c20dd6cc4f88b5fd4815d867fd618cb4ef402aacd5d34ea36f9c84,4,32,0.24316109422492402,0.0,0.6666666666666666,432.20000000000005,,,,432.20000000000005
S025,corridor,transition,101,1060001,1,PR1_HT0_EC1,No-HT,S025@corridor@transition:i101:nsga2:s1060001:r1:PR1_HT0_EC1:7bff5436b0c7,79c24d8b68c20dd6cc4f88b5fd4815d867fd618cb4ef402aacd5d34ea36f9c84,5,40,0.25835866261398177,0.0,0.5,422.20000000000005,,,,422.20000000000005
S025,corridor,transition,101,1060001,1,PR1_HT0_EC1,No-HT,S025@corridor@transition:i101:nsga2:s1060001:r1:PR1_HT0_EC1:7bff5436b0c7,79c24d8b68c20dd6cc4f88b5fd4815d867fd618cb4ef402aacd5d34ea36f9c84,6,48,0.2735562310030395,0.0,0.5,412.20000000000005,,,,412.20000000000005
S025,corridor,transition,101,1060001,1,PR1_HT0_EC1,No-HT,S025@corridor@transition:i101:nsga2:s1060001:r1:PR1_HT0_EC1:7bff5436b0c7,79c24d8b68c20dd6cc4f88b5fd4815d867fd618cb4ef402aacd5d34ea36f9c84,7,56,0.29635258358662614,0.0,0.5,397.20000000000005,,,,397.20000000000005
S025,corridor,transition,101,1060001,1,PR1_HT0_EC1,No-HT,S025@corridor@transition:i101:nsga2:s1060001:r1:PR1_HT0_EC1:7bff5436b0c7,79c24d8b68c20dd6cc4f88b5fd4815d867fd618cb4ef402aacd5d34ea36f9c84,8,64,0.3191489361702128,0.0,0.5,382.20000000000005,,,,382.20000000000005
S025,corridor,transition,101,1060001,1,PR1_HT0_EC1,No-HT,S025@corridor@transition:i101:nsga2:s1060001:r1:PR1_HT0_EC1:7bff5436b0c7,79c24d8b68c20dd6cc4f88b5fd4815d867fd618cb4ef402aacd5d34ea36f9c84,9,72,0.3404804628848799,0.0,0.3333333333333333,368.1638554217491,,,,368.1638554217491
S025,corridor,transition,101,1060001,1,PR1_HT1_EC0,No-EC,S025@corridor@transition:i101:nsga2:s1060001:r1:PR1_HT1_EC0:fcee649143dd,79c24d8b68c20dd6cc4f88b5fd4815d867fd618cb4ef402aacd5d34ea36f9c84,1,8,0.07408814589665653,0.0,0.8333333333333334,543.45,,,,543.45
S025,corridor,transition,101,1060001,1,PR1_HT1_EC0,No-EC,S025@corridor@transition:i101:nsga2:s1060001:r1:PR1_HT1_EC0:fcee649143dd,79c24d8b68c20dd6cc4f88b5fd4815d867fd618cb4ef402aacd5d34ea36f9c84,2,16,0.15579882218844984,0.0,0.6666666666666666,489.68437500000005,,,,489.68437500000005
S025,corridor,transition,101,1060001,1,PR1_HT1_EC0,No-EC,S025@corridor@transition:i101:nsga2:s1060001:r1:PR1_HT1_EC0:fcee649143dd,79c24d8b68c20dd6cc4f88b5fd4815d867fd618cb4ef402aacd5d34ea36f9c84,3,24,0.21732522796352582,0.0,0.6666666666666666,449.20000000000005,,,,449.20000000000005
S025,corridor,transition,101,1060001,1,PR1_HT1_EC0,No-EC,S025@corridor@transition:i101:nsga2:s1060001:r1:PR1_HT1_EC0:fcee649143dd,79c24d8b68c20dd6cc4f88b5fd4815d867fd618cb4ef402aacd5d34ea36f9c84,4,32,0.24316109422492402,0.0,0.6666666666666666,432.20000000000005,,,,432.20000000000005
S025,corridor,transition,101,1060001,1,PR1_HT1_EC0,No-EC,S025@corridor@transition:i101:nsga2:s1060001:r1:PR1_HT1_EC0:fcee649143dd,79c24d8b68c20dd6cc4f88b5fd4815d867fd618cb4ef402aacd5d34ea36f9c84,5,40,0.25835866261398177,0.0,0.5,422.20000000000005,,,,422.20000000000005
S025,corridor,transition,101,1060001,1,PR1_HT1_EC0,No-EC,S025@corridor@transition:i101:nsga2:s1060001:r1:PR1_HT1_EC0:fcee649143dd,79c24d8b68c20dd6cc4f88b5fd4815d867fd618cb4ef402aacd5d34ea36f9c84,6,48,0.2735562310030395,0.0,0.5,412.20000000000005,,,,412.20000000000005
S025,corridor,transition,101,1060001,1,PR1_HT1_EC0,No-EC,S025@corridor@transition:i101:nsga2:s1060001:r1:PR1_HT1_EC0:fcee649143dd,79c24d8b68c20dd6cc4f88b5fd4815d867fd618cb4ef402aacd5d34ea36f9c84,7,56,0.29635258358662614,0.0,0.5,397.20000000000005,,,,397.20000000000005
S025,corridor,transition,101,1060001,1,PR1_HT1_EC0,No-EC,S025@corridor@transition:i101:nsga2:s1060001:r1:PR1_HT1_EC0:fcee649143dd,79c24d8b68c20dd6cc4f88b5fd4815d867fd618cb4ef402aacd5d34ea36f9c84,8,64,0.31832497161885953,0.0,0.3333333333333333,382.7421686747905,,,,382.7421686747905
S025,corridor,transition,101,1060001,1,PR1_HT1_EC0,No-EC,S025@corridor@transition:i101:nsga2:s1060001:r1:PR1_HT1_EC0:fcee649143dd,79c24d8b68c20dd6cc4f88b5fd4815d867fd618cb4ef402aacd5d34ea36f9c84,9,72,0.32556085844074956,0.0,0.3333333333333333,377.98095514598685,,,,377.98095514598685
S025,corridor,transition,101,1060001,1,PR1_HT1_EC1,Full,S025@corridor@transition:i101:nsga2:s1060001:r1:PR1_HT1_EC1:5981db62a04a,79c24d8b68c20dd6cc4f88b5fd4815d867fd618cb4ef402aacd5d34ea36f9c84,1,8,0.07788753799392097,0.0,0.8333333333333334,540.95,,,,540.95
S025,corridor,transition,101,1060001,1,PR1_HT1_EC1,Full,S025@corridor@transition:i101:nsga2:s1060001:r1:PR1_HT1_EC1:5981db62a04a,79c24d8b68c20dd6cc4f88b5fd4815d867fd618cb4ef402aacd5d34ea36f9c84,2,16,0.15579882218844984,0.0,0.6666666666666666,489.68437500000005,,,,489.68437500000005
S025,corridor,transition,101,1060001,1,PR1_HT1_EC1,Full,S025@corridor@transition:i101:nsga2:s1060001:r1:PR1_HT1_EC1:5981db62a04a,79c24d8b68c20dd6cc4f88b5fd4815d867fd618cb4ef402aacd5d34ea36f9c84,3,24,0.22340425531914893,0.0,0.6666666666666666,445.20000000000005,,,,445.20000000000005
S025,corridor,transition,101,1060001,1,PR1_HT1_EC1,Full,S025@corridor@transition:i101:nsga2:s1060001:r1:PR1_HT1_EC1:5981db62a04a,79c24d8b68c20dd6cc4f88b5fd4815d867fd618cb4ef402aacd5d34ea36f9c84,4,32,0.24316109422492402,0.0,0.6666666666666666,432.20000000000005,,,,432.20000000000005
S025,corridor,transition,101,1060001,1,PR1_HT1_EC1,Full,S025@corridor@transition:i101:nsga2:s1060001:r1:PR1_HT1_EC1:5981db62a04a,79c24d8b68c20dd6cc4f88b5fd4815d867fd618cb4ef402aacd5d34ea36f9c84,5,40,0.25835866261398177,0.0,0.5,422.20000000000005,,,,422.20000000000005
S025,corridor,transition,101,1060001,1,PR1_HT1_EC1,Full,S025@corridor@transition:i101:nsga2:s1060001:r1:PR1_HT1_EC1:5981db62a04a,79c24d8b68c20dd6cc4f88b5fd4815d867fd618cb4ef402aacd5d34ea36f9c84,6,48,0.2735562310030395,0.0,0.5,412.20000000000005,,,,412.20000000000005
S025,corridor,transition,101,1060001,1,PR1_HT1_EC1,Full,S025@corridor@transition:i101:nsga2:s1060001:r1:PR1_HT1_EC1:5981db62a04a,79c24d8b68c20dd6cc4f88b5fd4815d867fd618cb4ef402aacd5d34ea36f9c84,7,56,0.29635258358662614,0.0,0.5,397.20000000000005,,,,397.20000000000005
S025,corridor,transition,101,1060001,1,PR1_HT1_EC1,Full,S025@corridor@transition:i101:nsga2:s1060001:r1:PR1_HT1_EC1:5981db62a04a,79c24d8b68c20dd6cc4f88b5fd4815d867fd618cb4ef402aacd5d34ea36f9c84,8,64,0.3191489361702128,0.0,0.5,382.20000000000005,,,,382.20000000000005
S025,corridor,transition,101,1060001,1,PR1_HT1_EC1,Full,S025@corridor@transition:i101:nsga2:s1060001:r1:PR1_HT1_EC1:5981db62a04a,79c24d8b68c20dd6cc4f88b5fd4815d867fd618cb4ef402aacd5d34ea36f9c84,9,72,0.3404804628848799,0.0,0.3333333333333333,368.1638554217491,,,,368.1638554217491
S025,corridor,transition,102,1070000,0,PR0_HT1_EC1,No-PR,S025@corridor@transition:i102:nsga2:s1070000:r0:PR0_HT1_EC1:9d86b7f399ae,99da49bc5facfcdb946cf238748a769dea3acd25be847396ffc15775a1845096,1,8,0.1275666229794106,0.0,0.6666666666666666,589.3666666667098,,589.3666666667098,,
S025,corridor,transition,102,1070000,0,PR0_HT1_EC1,No-PR,S025@corridor@transition:i102:nsga2:s1070000:r0:PR0_HT1_EC1:9d86b7f399ae,99da49bc5facfcdb946cf238748a769dea3acd25be847396ffc15775a1845096,2,16,0.22160741812918788,0.0,0.5,517.6135399674297,,517.6135399674297,,
S025,corridor,transition,102,1070000,0,PR0_HT1_EC1,No-PR,S025@corridor@transition:i102:nsga2:s1070000:r0:PR0_HT1_EC1:9d86b7f399ae,99da49bc5facfcdb946cf238748a769dea3acd25be847396ffc15775a1845096,3,24,0.2986788329949645,0.0,0.16666666666666666,458.8080504248421,,458.8080504248421,,
S025,corridor,transition,102,1070000,0,PR0_HT1_EC1,No-PR,S025@corridor@transition:i102:nsga2:s1070000:r0:PR0_HT1_EC1:9d86b7f399ae,99da49bc5facfcdb946cf238748a769dea3acd25be847396ffc15775a1845096,4,32,0.39568451002006877,0.08064516129032258,0.0,384.79271885468756,,384.79271885468756,,
S025,corridor,transition,102,1070000,0,PR0_HT1_EC1,No-PR,S025@corridor@transition:i102:nsga2:s1070000:r0:PR0_HT1_EC1:9d86b7f399ae,99da49bc5facfcdb946cf238748a769dea3acd25be847396ffc15775a1845096,5,40,0.4992798250227973,0.24193548387096775,0.0,305.74949350760573,,305.74949350760573,,
S025,corridor,transition,102,1070000,0,PR0_HT1_EC1,No-PR,S025@corridor@transition:i102:nsga2:s1070000:r0:PR0_HT1_EC1:9d86b7f399ae,99da49bc5facfcdb946cf238748a769dea3acd25be847396ffc15775a1845096,6,48,0.6081318006640021,0.4032258064516129,0.0,222.69543609336642,,222.69543609336642,,
S025,corridor,transition,102,1070000,0,PR0_HT1_EC1,No-PR,S025@corridor@transition:i102:nsga2:s1070000:r0:PR0_HT1_EC1:9d86b7f399ae,99da49bc5facfcdb946cf238748a769dea3acd25be847396ffc15775a1845096,7,56,0.7211770993913482,0.5645161290322581,0.0,136.4418731644014,,136.4418731644014,,
S025,corridor,transition,102,1070000,0,PR0_HT1_EC1,No-PR,S025@corridor@transition:i102:nsga2:s1070000:r0:PR0_HT1_EC1:9d86b7f399ae,99da49bc5facfcdb946cf238748a769dea3acd25be847396ffc15775a1845096,8,64,0.837567479667349,0.7258064516129032,0.0,47.63601301381283,,47.63601301381283,,
S025,corridor,transition,102,1070000,0,PR0_HT1_EC1,No-PR,S025@corridor@transition:i102:nsga2:s1070000:r0:PR0_HT1_EC1:9d86b7f399ae,99da49bc5facfcdb946cf238748a769dea3acd25be847396ffc15775a1845096,9,72,0.8999999999998918,0.8755301794452158,0.0,8.267875273304526e-11,,8.267875273304526e-11,,
S025,corridor,transition,102,1070000,0,PR1_HT0_EC1,No-HT,S025@corridor@transition:i102:nsga2:s1070000:r0:PR1_HT0_EC1:0f8ad9cd5a7c,99da49bc5facfcdb946cf238748a769dea3acd25be847396ffc15775a1845096,1,8,0.1214504150283339,0.0,0.6666666666666666,594.0333333333813,,594.0333333333813,,
S025,corridor,transition,102,1070000,0,PR1_HT0_EC1,No-HT,S025@corridor@transition:i102:nsga2:s1070000:r0:PR1_HT0_EC1:0f8ad9cd5a7c,99da49bc5facfcdb946cf238748a769dea3acd25be847396ffc15775a1845096,2,16,0.22160741812918788,0.0,0.5,517.6135399674297,,517.6135399674297,,
S025,corridor,transition,102,1070000,0,PR1_HT0_EC1,No-HT,S025@corridor@transition:i102:nsga2:s1070000:r0:PR1_HT0_EC1:0f8ad9cd5a7c,99da49bc5facfcdb946cf238748a769dea3acd25be847396ffc15775a1845096,3,24,0.2986788329949645,0.0,0.16666666666666666,458.8080504248421,,458.8080504248421,,
S025,corridor,transition,102,1070000,0,PR1_HT0_EC1,No-HT,S025@corridor@transition:i102:nsga2:s1070000:r0:PR1_HT0_EC1:0f8ad9cd5a7c,99da49bc5facfcdb946cf238748a769dea3acd25be847396ffc15775a1845096,4,32,0.39568451002006877,0.08064516129032258,0.0,384.79271885468756,,384.79271885468756,,
S025,corridor,transition,102,1070000,0,PR1_HT0_EC1,No-HT,S025@corridor@transition:i102:nsga2:s1070000:r0:PR1_HT0_EC1:0f8ad9cd5a7c,99da49bc5facfcdb946cf238748a769dea3acd25be847396ffc15775a1845096,5,40,0.4992798250227973,0.24193548387096775,0.0,305.74949350760573,,305.74949350760573,,
S025,corridor,transition,102,1070000,0,PR1_HT0_EC1,No-HT,S025@corridor@transition:i102:nsga2:s1070000:r0:PR1_HT0_EC1:0f8ad9cd5a7c,99da49bc5facfcdb946cf238748a769dea3acd25be847396ffc15775a1845096,6,48,0.6081318006640021,0.4032258064516129,0.0,222.69543609336642,,222.69543609336642,,
S025,corridor,transition,102,1070000,0,PR1_HT0_EC1,No-HT,S025@corridor@transition:i102:nsga2:s1070000:r0:PR1_HT0_EC1:0f8ad9cd5a7c,99da49bc5facfcdb946cf238748a769dea3acd25be847396ffc15775a1845096,7,56,0.7146240194437729,0.5241935483870968,0.0,141.4418731644014,,141.4418731644014,,
S025,corridor,transition,102,1070000,0,PR1_HT0_EC1,No-HT,S025@corridor@transition:i102:nsga2:s1070000:r0:PR1_HT0_EC1:0f8ad9cd5a7c,99da49bc5facfcdb946cf238748a769dea3acd25be847396ffc15775a1845096,8,64,0.8257869020127657,0.6854838709677419,0.0,56.6245937642598,,56.6245937642598,,
S025,corridor,transition,102,1070000,0,PR1_HT0_EC1,No-HT,S025@corridor@transition:i102:nsga2:s1070000:r0:PR1_HT0_EC1:0f8ad9cd5a7c,99da49bc5facfcdb946cf238748a769dea3acd25be847396ffc15775a1845096,9,72,0.8999999999998975,0.8755301794452233,0.0,7.818812264304142e-11,,7.818812264304142e-11,,
S025,corridor,transition,102,1070000,0,PR1_HT1_EC0,No-EC,S025@corridor@transition:i102:nsga2:s1070000:r0:PR1_HT1_EC0:8fbc426fe68e,99da49bc5facfcdb946cf238748a769dea3acd25be847396ffc15775a1845096,1,8,0.1275666229794106,0.0,0.6666666666666666,589.3666666667098,,589.3666666667098,,
S025,corridor,transition,102,1070000,0,PR1_HT1_EC0,No-EC,S025@corridor@transition:i102:nsga2:s1070000:r0:PR1_HT1_EC0:8fbc426fe68e,99da49bc5facfcdb946cf238748a769dea3acd25be847396ffc15775a1845096,2,16,0.22280471821756226,0.0,0.5,516.7,,516.7,,
S025,corridor,transition,102,1070000,0,PR1_HT1_EC0,No-EC,S025@corridor@transition:i102:nsga2:s1070000:r0:PR1_HT1_EC0:8fbc426fe68e,99da49bc5facfcdb946cf238748a769dea3acd25be847396ffc15775a1845096,3,24,0.30362247417770943,0.0,0.16666666666666666,455.03605220240775,,455.03605220240775,,
S025,corridor,transition,102,1070000,0,PR1_HT1_EC0,No-EC,S025@corridor@transition:i102:nsga2:s1070000:r0:PR1_HT1_EC0:8fbc426fe68e,99da49bc5facfcdb946cf238748a769dea3acd25be847396ffc15775a1845096,4,32,0.429913741901476,0.27624309392265195,0.0,358.67581492917384,,358.67581492917384,,
S025,corridor,transition,102,1070000,0,PR1_HT1_EC0,No-EC,S025@corridor@transition:i102:nsga2:s1070000:r0:PR1_HT1_EC0:8fbc426fe68e,99da49bc5facfcdb946cf238748a769dea3acd25be847396ffc15775a1845096,5,40,0.5451274118657246,0.3867403314917127,0.0,270.76778474645215,,270.76778474645215,,
S025,corridor,transition,102,1070000,0,PR1_HT1_EC0,No-EC,S025@corridor@transition:i102:nsga2:s1070000:r0:PR1_HT1_EC0:8fbc426fe68e,99da49bc5facfcdb946cf238748a769dea3acd25be847396ffc15775a1845096,6,48,0.6525343571448019,0.4972375690607735,0.0,188.81628549851615,,188.81628549851615,,
S025,corridor,transition,102,1070000,0,PR1_HT1_EC0,No-EC,S025@corridor@transition:i102:nsga2:s1070000:r0:PR1_HT1_EC0:8fbc426fe68e,99da49bc5facfcdb946cf238748a769dea3acd25be847396ffc15775a1845096,7,56,0.7544396628415182,0.6077348066298343,0.0,111.06253725192158,,111.06253725192158,,
S025,corridor,transition,102,1070000,0,PR1_HT1_EC0,No-EC,S025@corridor@transition:i102:nsga2:s1070000:r0:PR1_HT1_EC0:8fbc426fe68e,99da49bc5facfcdb946cf238748a769dea3acd25be847396ffc15775a1845096,8,64,0.8524677934980597,0.7182320441988951,0.0,36.267073560980535,,36.267073560980535,,
S025,corridor,transition,102,1070000,0,PR1_HT1_EC0,No-EC,S025@corridor@transition:i102:nsga2:s1070000:r0:PR1_HT1_EC0:8fbc426fe68e,99da49bc5facfcdb946cf238748a769dea3acd25be847396ffc15775a1845096,9,72,0.8999999999998395,0.8755301794451508,0.0,1.2255441106390208e-10,,1.2255441106390208e-10,,
S025,corridor,transition,102,1070000,0,PR1_HT1_EC1,Full,S025@corridor@transition:i102:nsga2:s1070000:r0:PR1_HT1_EC1:53750258a23e,99da49bc5facfcdb946cf238748a769dea3acd25be847396ffc15775a1845096,1,8,0.1275666229794106,0.0,0.6666666666666666,589.3666666667098,,589.3666666667098,,
S025,corridor,transition,102,1070000,0,PR1_HT1_EC1,Full,S025@corridor@transition:i102:nsga2:s1070000:r0:PR1_HT1_EC1:53750258a23e,99da49bc5facfcdb946cf238748a769dea3acd25be847396ffc15775a1845096,2,16,0.22280471821756226,0.0,0.5,516.7,,516.7,,
S025,corridor,transition,102,1070000,0,PR1_HT1_EC1,Full,S025@corridor@transition:i102:nsga2:s1070000:r0:PR1_HT1_EC1:53750258a23e,99da49bc5facfcdb946cf238748a769dea3acd25be847396ffc15775a1845096,3,24,0.30362247417770943,0.0,0.16666666666666666,455.03605220240775,,455.03605220240775,,
S025,corridor,transition,102,1070000,0,PR1_HT1_EC1,Full,S025@corridor@transition:i102:nsga2:s1070000:r0:PR1_HT1_EC1:53750258a23e,99da49bc5facfcdb946cf238748a769dea3acd25be847396ffc15775a1845096,4,32,0.42855928048131703,0.2564102564102564,0.0,359.70926899275514,,359.70926899275514,,
S025,corridor,transition,102,1070000,0,PR1_HT1_EC1,Full,S025@corridor@transition:i102:nsga2:s1070000:r0:PR1_HT1_EC1:53750258a23e,99da49bc5facfcdb946cf238748a769dea3acd25be847396ffc15775a1845096,5,40,0.5427562330789194,0.3418803418803419,0.0,272.5769941607846,,272.5769941607846,,
S025,corridor,transition,102,1070000,0,PR1_HT1_EC1,Full,S025@corridor@transition:i102:nsga2:s1070000:r0:PR1_HT1_EC1:53750258a23e,99da49bc5facfcdb946cf238748a769dea3acd25be847396ffc15775a1845096,6,48,0.6482631898557208,0.42735042735042733,0.0,192.07518614008507,,192.07518614008507,,
S025,corridor,transition,102,1070000,0,PR1_HT1_EC1,Full,S025@corridor@transition:i102:nsga2:s1070000:r0:PR1_HT1_EC1:53750258a23e,99da49bc5facfcdb946cf238748a769dea3acd25be847396ffc15775a1845096,7,56,0.7598449232861937,0.5982905982905983,0.0,106.93832353263424,,106.93832353263424,,
S025,corridor,transition,102,1070000,0,PR1_HT1_EC1,Full,S025@corridor@transition:i102:nsga2:s1070000:r0:PR1_HT1_EC1:53750258a23e,99da49bc5facfcdb946cf238748a769dea3acd25be847396ffc15775a1845096,8,64,0.863235813656776,0.6837606837606838,0.0,28.051074179879976,,28.051074179879976,,
S025,corridor,transition,102,1070000,0,PR1_HT1_EC1,Full,S025@corridor@transition:i102:nsga2:s1070000:r0:PR1_HT1_EC1:53750258a23e,99da49bc5facfcdb946cf238748a769dea3acd25be847396ffc15775a1845096,9,72,0.89999999999989,0.8755301794452136,0.0,8.404299478570465e-11,,8.404299478570465e-11,,
S025,corridor,transition,102,1070001,1,PR0_HT1_EC1,No-PR,S025@corridor@transition:i102:nsga2:s1070001:r1:PR0_HT1_EC1:fdeb76700c41,99da49bc5facfcdb946cf238748a769dea3acd25be847396ffc15775a1845096,1,8,0.1275666229794106,0.0,0.6666666666666666,589.3666666667098,,589.3666666667098,,
S025,corridor,transition,102,1070001,1,PR0_HT1_EC1,No-PR,S025@corridor@transition:i102:nsga2:s1070001:r1:PR0_HT1_EC1:fdeb76700c41,99da49bc5facfcdb946cf238748a769dea3acd25be847396ffc15775a1845096,2,16,0.22160741812918788,0.0,0.5,517.6135399674297,,517.6135399674297,,
S025,corridor,transition,102,1070001,1,PR0_HT1_EC1,No-PR,S025@corridor@transition:i102:nsga2:s1070001:r1:PR0_HT1_EC1:fdeb76700c41,99da49bc5facfcdb946cf238748a769dea3acd25be847396ffc15775a1845096,3,24,0.2986788329949645,0.0,0.16666666666666666,458.8080504248421,,458.8080504248421,,
S025,corridor,transition,102,1070001,1,PR0_HT1_EC1,No-PR,S025@corridor@transition:i102:nsga2:s1070001:r1:PR0_HT1_EC1:fdeb76700c41,99da49bc5facfcdb946cf238748a769dea3acd25be847396ffc15775a1845096,4,32,0.39568451002006877,0.08064516129032258,0.0,384.79271885468756,,384.79271885468756,,
S025,corridor,transition,102,1070001,1,PR0_HT1_EC1,No-PR,S025@corridor@transition:i102:nsga2:s1070001:r1:PR0_HT1_EC1:fdeb76700c41,99da49bc5facfcdb946cf238748a769dea3acd25be847396ffc15775a1845096,5,40,0.4992798250227973,0.24193548387096775,0.0,305.74949350760573,,305.74949350760573,,
S025,corridor,transition,102,1070001,1,PR0_HT1_EC1,No-PR,S025@corridor@transition:i102:nsga2:s1070001:r1:PR0_HT1_EC1:fdeb76700c41,99da49bc5facfcdb946cf238748a769dea3acd25be847396ffc15775a1845096,6,48,0.6081318006640021,0.4032258064516129,0.0,222.69543609336642,,222.69543609336642,,
S025,corridor,transition,102,1070001,1,PR0_HT1_EC1,No-PR,S025@corridor@transition:i102:nsga2:s1070001:r1:PR0_HT1_EC1:fdeb76700c41,99da49bc5facfcdb946cf238748a769dea3acd25be847396ffc15775a1845096,7,56,0.7211770993913482,0.5645161290322581,0.0,136.4418731644014,,136.4418731644014,,
S025,corridor,transition,102,1070001,1,PR0_HT1_EC1,No-PR,S025@corridor@transition:i102:nsga2:s1070001:r1:PR0_HT1_EC1:fdeb76700c41,99da49bc5facfcdb946cf238748a769dea3acd25be847396ffc15775a1845096,8,64,0.837567479667349,0.7258064516129032,0.0,47.63601301381283,,47.63601301381283,,
S025,corridor,transition,102,1070001,1,PR0_HT1_EC1,No-PR,S025@corridor@transition:i102:nsga2:s1070001:r1:PR0_HT1_EC1:fdeb76700c41,99da49bc5facfcdb946cf238748a769dea3acd25be847396ffc15775a1845096,9,72,0.8999999999998918,0.8755301794452158,0.0,8.267875273304526e-11,,8.267875273304526e-11,,
S025,corridor,transition,102,1070001,1,PR1_HT0_EC1,No-HT,S025@corridor@transition:i102:nsga2:s1070001:r1:PR1_HT0_EC1:55440403c437,99da49bc5facfcdb946cf238748a769dea3acd25be847396ffc15775a1845096,1,8,0.1214504150283339,0.0,0.6666666666666666,594.0333333333813,,594.0333333333813,,
S025,corridor,transition,102,1070001,1,PR1_HT0_EC1,No-HT,S025@corridor@transition:i102:nsga2:s1070001:r1:PR1_HT0_EC1:55440403c437,99da49bc5facfcdb946cf238748a769dea3acd25be847396ffc15775a1845096,2,16,0.22160741812918788,0.0,0.5,517.6135399674297,,517.6135399674297,,
S025,corridor,transition,102,1070001,1,PR1_HT0_EC1,No-HT,S025@corridor@transition:i102:nsga2:s1070001:r1:PR1_HT0_EC1:55440403c437,99da49bc5facfcdb946cf238748a769dea3acd25be847396ffc15775a1845096,3,24,0.2986788329949645,0.0,0.16666666666666666,458.8080504248421,,458.8080504248421,,
S025,corridor,transition,102,1070001,1,PR1_HT0_EC1,No-HT,S025@corridor@transition:i102:nsga2:s1070001:r1:PR1_HT0_EC1:55440403c437,99da49bc5facfcdb946cf238748a769dea3acd25be847396ffc15775a1845096,4,32,0.39568451002006877,0.08064516129032258,0.0,384.79271885468756,,384.79271885468756,,
S025,corridor,transition,102,1070001,1,PR1_HT0_EC1,No-HT,S025@corridor@transition:i102:nsga2:s1070001:r1:PR1_HT0_EC1:55440403c437,99da49bc5facfcdb946cf238748a769dea3acd25be847396ffc15775a1845096,5,40,0.4992798250227973,0.24193548387096775,0.0,305.74949350760573,,305.74949350760573,,
S025,corridor,transition,102,1070001,1,PR1_HT0_EC1,No-HT,S025@corridor@transition:i102:nsga2:s1070001:r1:PR1_HT0_EC1:55440403c437,99da49bc5facfcdb946cf238748a769dea3acd25be847396ffc15775a1845096,6,48,0.6081318006640021,0.4032258064516129,0.0,222.69543609336642,,222.69543609336642,,
S025,corridor,transition,102,1070001,1,PR1_HT0_EC1,No-HT,S025@corridor@transition:i102:nsga2:s1070001:r1:PR1_HT0_EC1:55440403c437,99da49bc5facfcdb946cf238748a769dea3acd25be847396ffc15775a1845096,7,56,0.7211770993913482,0.5645161290322581,0.0,136.4418731644014,,136.4418731644014,,
S025,corridor,transition,102,1070001,1,PR1_HT0_EC1,No-HT,S025@corridor@transition:i102:nsga2:s1070001:r1:PR1_HT0_EC1:55440403c437,99da49bc5facfcdb946cf238748a769dea3acd25be847396ffc15775a1845096,8,64,0.837567479667349,0.7258064516129032,0.0,47.63601301381283,,47.63601301381283,,
S025,corridor,transition,102,1070001,1,PR1_HT0_EC1,No-HT,S025@corridor@transition:i102:nsga2:s1070001:r1:PR1_HT0_EC1:55440403c437,99da49bc5facfcdb946cf238748a769dea3acd25be847396ffc15775a1845096,9,72,0.8999999999998918,0.8755301794452158,0.0,8.267875273304526e-11,,8.267875273304526e-11,,
S025,corridor,transition,102,1070001,1,PR1_HT1_EC0,No-EC,S025@corridor@transition:i102:nsga2:s1070001:r1:PR1_HT1_EC0:4fe4758377fe,99da49bc5facfcdb946cf238748a769dea3acd25be847396ffc15775a1845096,1,8,0.1275666229794106,0.0,0.6666666666666666,589.3666666667098,,589.3666666667098,,
S025,corridor,transition,102,1070001,1,PR1_HT1_EC0,No-EC,S025@corridor@transition:i102:nsga2:s1070001:r1:PR1_HT1_EC0:4fe4758377fe,99da49bc5facfcdb946cf238748a769dea3acd25be847396ffc15775a1845096,2,16,0.22280471821756226,0.0,0.5,516.7,,516.7,,
S025,corridor,transition,102,1070001,1,PR1_HT1_EC0,No-EC,S025@corridor@transition:i102:nsga2:s1070001:r1:PR1_HT1_EC0:4fe4758377fe,99da49bc5facfcdb946cf238748a769dea3acd25be847396ffc15775a1845096,3,24,0.30362247417770943,0.0,0.16666666666666666,455.03605220240775,,455.03605220240775,,
S025,corridor,transition,102,1070001,1,PR1_HT1_EC0,No-EC,S025@corridor@transition:i102:nsga2:s1070001:r1:PR1_HT1_EC0:4fe4758377fe,99da49bc5facfcdb946cf238748a769dea3acd25be847396ffc15775a1845096,4,32,0.429913741901476,0.27624309392265195,0.0,358.67581492917384,,358.67581492917384,,
S025,corridor,transition,102,1070001,1,PR1_HT1_EC0,No-EC,S025@corridor@transition:i102:nsga2:s1070001:r1:PR1_HT1_EC0:4fe4758377fe,99da49bc5facfcdb946cf238748a769dea3acd25be847396ffc15775a1845096,5,40,0.5451274118657246,0.3867403314917127,0.0,270.76778474645215,,270.76778474645215,,
S025,corridor,transition,102,1070001,1,PR1_HT1_EC0,No-EC,S025@corridor@transition:i102:nsga2:s1070001:r1:PR1_HT1_EC0:4fe4758377fe,99da49bc5facfcdb946cf238748a769dea3acd25be847396ffc15775a1845096,6,48,0.6525343571448019,0.4972375690607735,0.0,188.81628549851615,,188.81628549851615,,
S025,corridor,transition,102,1070001,1,PR1_HT1_EC0,No-EC,S025@corridor@transition:i102:nsga2:s1070001:r1:PR1_HT1_EC0:4fe4758377fe,99da49bc5facfcdb946cf238748a769dea3acd25be847396ffc15775a1845096,7,56,0.7544396628415182,0.6077348066298343,0.0,111.06253725192158,,111.06253725192158,,
S025,corridor,transition,102,1070001,1,PR1_HT1_EC0,No-EC,S025@corridor@transition:i102:nsga2:s1070001:r1:PR1_HT1_EC0:4fe4758377fe,99da49bc5facfcdb946cf238748a769dea3acd25be847396ffc15775a1845096,8,64,0.8524677934980597,0.7182320441988951,0.0,36.267073560980535,,36.267073560980535,,
S025,corridor,transition,102,1070001,1,PR1_HT1_EC0,No-EC,S025@corridor@transition:i102:nsga2:s1070001:r1:PR1_HT1_EC0:4fe4758377fe,99da49bc5facfcdb946cf238748a769dea3acd25be847396ffc15775a1845096,9,72,0.8999999999998395,0.8755301794451508,0.0,1.2255441106390208e-10,,1.2255441106390208e-10,,
S025,corridor,transition,102,1070001,1,PR1_HT1_EC1,Full,S025@corridor@transition:i102:nsga2:s1070001:r1:PR1_HT1_EC1:f7b5fefe44d6,99da49bc5facfcdb946cf238748a769dea3acd25be847396ffc15775a1845096,1,8,0.1275666229794106,0.0,0.6666666666666666,589.3666666667098,,589.3666666667098,,
S025,corridor,transition,102,1070001,1,PR1_HT1_EC1,Full,S025@corridor@transition:i102:nsga2:s1070001:r1:PR1_HT1_EC1:f7b5fefe44d6,99da49bc5facfcdb946cf238748a769dea3acd25be847396ffc15775a1845096,2,16,0.22280471821756226,0.0,0.5,516.7,,516.7,,
S025,corridor,transition,102,1070001,1,PR1_HT1_EC1,Full,S025@corridor@transition:i102:nsga2:s1070001:r1:PR1_HT1_EC1:f7b5fefe44d6,99da49bc5facfcdb946cf238748a769dea3acd25be847396ffc15775a1845096,3,24,0.30362247417770943,0.0,0.16666666666666666,455.03605220240775,,455.03605220240775,,
S025,corridor,transition,102,1070001,1,PR1_HT1_EC1,Full,S025@corridor@transition:i102:nsga2:s1070001:r1:PR1_HT1_EC1:f7b5fefe44d6,99da49bc5facfcdb946cf238748a769dea3acd25be847396ffc15775a1845096,4,32,0.429913741901476,0.27624309392265195,0.0,358.67581492917384,,358.67581492917384,,
S025,corridor,transition,102,1070001,1,PR1_HT1_EC1,Full,S025@corridor@transition:i102:nsga2:s1070001:r1:PR1_HT1_EC1:f7b5fefe44d6,99da49bc5facfcdb946cf238748a769dea3acd25be847396ffc15775a1845096,5,40,0.5451274118657246,0.3867403314917127,0.0,270.76778474645215,,270.76778474645215,,
S025,corridor,transition,102,1070001,1,PR1_HT1_EC1,Full,S025@corridor@transition:i102:nsga2:s1070001:r1:PR1_HT1_EC1:f7b5fefe44d6,99da49bc5facfcdb946cf238748a769dea3acd25be847396ffc15775a1845096,6,48,0.6525343571448019,0.4972375690607735,0.0,188.81628549851615,,188.81628549851615,,
S025,corridor,transition,102,1070001,1,PR1_HT1_EC1,Full,S025@corridor@transition:i102:nsga2:s1070001:r1:PR1_HT1_EC1:f7b5fefe44d6,99da49bc5facfcdb946cf238748a769dea3acd25be847396ffc15775a1845096,7,56,0.7544396628415182,0.6077348066298343,0.0,111.06253725192158,,111.06253725192158,,
S025,corridor,transition,102,1070001,1,PR1_HT1_EC1,Full,S025@corridor@transition:i102:nsga2:s1070001:r1:PR1_HT1_EC1:f7b5fefe44d6,99da49bc5facfcdb946cf238748a769dea3acd25be847396ffc15775a1845096,8,64,0.8524677934980597,0.7182320441988951,0.0,36.267073560980535,,36.267073560980535,,
S025,corridor,transition,102,1070001,1,PR1_HT1_EC1,Full,S025@corridor@transition:i102:nsga2:s1070001:r1:PR1_HT1_EC1:f7b5fefe44d6,99da49bc5facfcdb946cf238748a769dea3acd25be847396ffc15775a1845096,9,72,0.8999999999998395,0.8755301794451508,0.0,1.2255441106390208e-10,,1.2255441106390208e-10,,
