case_id,scenario_family,zone,instance_seed,solver_seed,solver_repeat,model_id,model,run_key,physical_instance_hash,solution_id,planning_model,planning_model_fingerprint,execution_model,execution_model_fingerprint,algorithm,decision_hash,planning_F1,planning_F2,planning_F3,replay_F1,replay_F2,replay_F3,replay_minus_planning_F1,replay_minus_planning_F2,replay_minus_planning_F3,replay_final_total_satisfaction,replay_final_min_satisfaction,replay_zero_service_ratio,replay_remaining_supply,representative_selected_before_replay,identity_checked,replay_success,replay_error
WEN38,benchmark,original,1,60000,0,PR0_HT1_EC1,No-PR,WEN38:i1:nsga2:s60000:r0:PR0_HT1_EC1:b9f998d6cc5d,cf9bc95d906238978e0c5ab26a1947d4104e026d3bac972323bf05453ec86ca7,p0001,v2,5a3987e94130527bc1b444c25fcb2f83e76b24620c83c0f6215f19f2d3e15bf7,full,0211d5313450418ddc20712d3c36e63ff4b64637bfb9f717eca80fcb394b1e6b,nsga2,741f40313babe82b,2.9072110276029433,99235.0,-0.4480096501820299,2.6575653862140713,160089.83333333334,-0.1825652018596884,-0.2496456413888719,60854.83333333334,0.2654444483223415,0.7973068745570517,0.1825652018596884,0.0,0.0,True,False,True,
WEN38,benchmark,original,1,60000,0,PR0_HT1_EC1,No-PR,WEN38:i1:nsga2:s60000:r0:PR0_HT1_EC1:b9f998d6cc5d,cf9bc95d906238978e0c5ab26a1947d4104e026d3bac972323bf05453ec86ca7,p0002,v2,5a3987e94130527bc1b444c25fcb2f83e76b24620c83c0f6215f19f2d3e15bf7,full,0211d5313450418ddc20712d3c36e63ff4b64637bfb9f717eca80fcb394b1e6b,nsga2,ad88ad06695e5816,2.865358139889053,129575.0,-0.39614674056520016,2.7469262888987744,130938.66666666667,-0.07405908539112716,-0.11843185099027842,1363.6666666666715,0.322087655174073,0.7973068745570517,0.07405908539112716,0.0,0.0,False,False,True,
WEN38,benchmark,original,1,60000,0,PR0_HT1_EC1,No-PR,WEN38:i1:nsga2:s60000:r0:PR0_HT1_EC1:b9f998d6cc5d,cf9bc95d906238978e0c5ab26a1947d4104e026d3bac972323bf05453ec86ca7,p0003,v2,5a3987e94130527bc1b444c25fcb2f83e76b24620c83c0f6215f19f2d3e15bf7,full,0211d5313450418ddc20712d3c36e63ff4b64637bfb9f717eca80fcb394b1e6b,nsga2,17349585d354d0e6,3.1478481099446736,96012.0,-0.2798237330835036,2.981388152467473,105317.33333333333,-0.0,-0.16645995747720077,9305.333333333328,0.2798237330835036,0.7973068745569667,0.0,0.17142857142857143,9.595169103704393e-10,False,False,True,
WEN38,benchmark,original,1,60000,0,PR0_HT1_EC1,No-PR,WEN38:i1:nsga2:s60000:r0:PR0_HT1_EC1:b9f998d6cc5d,cf9bc95d906238978e0c5ab26a1947d4104e026d3bac972323bf05453ec86ca7,p0004,v2,5a3987e94130527bc1b444c25fcb2f83e76b24620c83c0f6215f19f2d3e15bf7,full,0211d5313450418ddc20712d3c36e63ff4b64637bfb9f717eca80fcb394b1e6b,nsga2,6ca2be21ec93867a,2.8870506232157416,119622.0,-0.2780056800265811,2.5858450421375947,172048.5,-0.06267922982442542,-0.3012055810781469,52426.5,0.21532645020215568,0.7973068745570517,0.06267922982442542,0.0,0.0,False,False,True,
WEN38,benchmark,original,1,60000,0,PR0_HT1_EC1,No-PR,WEN38:i1:nsga2:s60000:r0:PR0_HT1_EC1:b9f998d6cc5d,cf9bc95d906238978e0c5ab26a1947d4104e026d3bac972323bf05453ec86ca7,p0005,v2,5a3987e94130527bc1b444c25fcb2f83e76b24620c83c0f6215f19f2d3e15bf7,full,0211d5313450418ddc20712d3c36e63ff4b64637bfb9f717eca80fcb394b1e6b,nsga2,d395df58948ad092,2.7863836731604392,123010.0,-0.2780056800274906,2.7079757801938213,139733.1666666667,-0.0,-0.07840789296661788,16723.166666666686,0.2780056800274906,0.7973068745569739,0.0,0.17142857142857143,8.790266292635351e-10,False,False,True,
WEN38,benchmark,original,1,60000,0,PR0_HT1_EC1,No-PR,WEN38:i1:nsga2:s60000:r0:PR0_HT1_EC1:b9f998d6cc5d,cf9bc95d906238978e0c5ab26a1947d4104e026d3bac972323bf05453ec86ca7,p0006,v2,5a3987e94130527bc1b444c25fcb2f83e76b24620c83c0f6215f19f2d3e15bf7,full,0211d5313450418ddc20712d3c36e63ff4b64637bfb9f717eca80fcb394b1e6b,nsga2,0ab462427e134102,2.967097632847925,98853.0,-0.27640733712996735,2.760152204074391,109494.66666666667,-0.05998356614873046,-0.20694542877353417,10641.666666666672,0.21642377098123688,0.7973068745570517,0.05998356614873046,0.0,0.0,False,False,True,
WEN38,benchmark,original,1,60000,0,PR0_HT1_EC1,No-PR,WEN38:i1:nsga2:s60000:r0:PR0_HT1_EC1:b9f998d6cc5d,cf9bc95d906238978e0c5ab26a1947d4104e026d3bac972323bf05453ec86ca7,p0007,v2,5a3987e94130527bc1b444c25fcb2f83e76b24620c83c0f6215f19f2d3e15bf7,full,0211d5313450418ddc20712d3c36e63ff4b64637bfb9f717eca80fcb394b1e6b,nsga2,b47d7fd61598c3a5,2.998901318177646,98448.0,-0.25253185233759723,2.697164960983934,164710.1666666667,-0.07405908539294614,-0.30173635719371195,66262.16666666669,0.17847276694465108,0.7973068745570517,0.07405908539294614,0.0,0.0,False,False,True,
WEN38,benchmark,original,1,60000,0,PR0_HT1_EC1,No-PR,WEN38:i1:nsga2:s60000:r0:PR0_HT1_EC1:b9f998d6cc5d,cf9bc95d906238978e0c5ab26a1947d4104e026d3bac972323bf05453ec86ca7,p0008,v2,5a3987e94130527bc1b444c25fcb2f83e76b24620c83c0f6215f19f2d3e15bf7,full,0211d5313450418ddc20712d3c36e63ff4b64637bfb9f717eca80fcb394b1e6b,nsga2,6e5971497379b107,2.7719149745048215,131147.0,-0.19464977120787808,2.645674719367738,149127.6666666667,-0.0,-0.1262402551370836,17980.666666666686,0.19464977120787808,0.7973068745570072,0.0,0.17142857142857143,5.011315806768835e-10,False,False,True,
WEN38,benchmark,original,1,60000,0,PR0_HT1_EC1,No-PR,WEN38:i1:nsga2:s60000:r0:PR0_HT1_EC1:b9f998d6cc5d,cf9bc95d906238978e0c5ab26a1947d4104e026d3bac972323bf05453ec86ca7,p0009,v2,5a3987e94130527bc1b444c25fcb2f83e76b24620c83c0f6215f19f2d3e15bf7,full,0211d5313450418ddc20712d3c36e63ff4b64637bfb9f717eca80fcb394b1e6b,nsga2,cd5d6b1d7f0f1a90,2.770584211709588,133797.0,-0.19464977120787808,2.6443439565725044,153488.0,-0.0,-0.1262402551370836,19691.0,0.19464977120787808,0.7973068745570072,0.0,0.17142857142857143,5.011315806768835e-10,False,False,True,
WEN38,benchmark,original,1,60000,0,PR0_HT1_EC1,No-PR,WEN38:i1:nsga2:s60000:r0:PR0_HT1_EC1:b9f998d6cc5d,cf9bc95d906238978e0c5ab26a1947d4104e026d3bac972323bf05453ec86ca7,p0010,v2,5a3987e94130527bc1b444c25fcb2f83e76b24620c83c0f6215f19f2d3e15bf7,full,0211d5313450418ddc20712d3c36e63ff4b64637bfb9f717eca80fcb394b1e6b,nsga2,5292245e1bb165b8,2.753476445119917,130581.0,-0.1825652018596884,2.677972321823473,140702.0,-0.07405908539203665,-0.07550412329644418,10121.0,0.10850611646765174,0.797306874557039,0.07405908539203665,0.0,1.4301804185379297e-10,False,False,True,
WEN38,benchmark,original,1,60000,0,PR0_HT1_EC1,No-PR,WEN38:i1:nsga2:s60000:r0:PR0_HT1_EC1:b9f998d6cc5d,cf9bc95d906238978e0c5ab26a1947d4104e026d3bac972323bf05453ec86ca7,p0011,v2,5a3987e94130527bc1b444c25fcb2f83e76b24620c83c0f6215f19f2d3e15bf7,full,0211d5313450418ddc20712d3c36e63ff4b64637bfb9f717eca80fcb394b1e6b,nsga2,b704bae00d8af914,2.701771622925598,104731.5,-0.1805157593144031,2.5387754996522807,188717.83333333334,-0.07405908539294614,-0.16299612327331747,83986.33333333334,0.10645667392145697,0.7973068745570517,0.07405908539294614,0.0,0.0,False,False,True,
WEN38,benchmark,original,1,60000,0,PR0_HT1_EC1,No-PR,WEN38:i1:nsga2:s60000:r0:PR0_HT1_EC1:b9f998d6cc5d,cf9bc95d906238978e0c5ab26a1947d4104e026d3bac972323bf05453ec86ca7,p0012,v2,5a3987e94130527bc1b444c25fcb2f83e76b24620c83c0f6215f19f2d3e15bf7,full,0211d5313450418ddc20712d3c36e63ff4b64637bfb9f717eca80fcb394b1e6b,nsga2,ffca51704f820b8a,2.6909026811688648,100454.0,-0.16833148353725846,2.640140810155767,130597.66666666669,-0.0,-0.050761871013097704,30143.666666666686,0.16833148353725846,0.7973068745570517,0.0,0.02857142857142857,0.0,False,False,True,
WEN38,benchmark,original,1,60000,0,PR0_HT1_EC1,No-PR,WEN38:i1:nsga2:s60000:r0:PR0_HT1_EC1:b9f998d6cc5d,cf9bc95d906238978e0c5ab26a1947d4104e026d3bac972323bf05453ec86ca7,p0013,v2,5a3987e94130527bc1b444c25fcb2f83e76b24620c83c0f6215f19f2d3e15bf7,full,0211d5313450418ddc20712d3c36e63ff4b64637bfb9f717eca80fcb394b1e6b,nsga2,aee1797920e4ff3e,2.6669558894040044,121514.0,-0.15353311136004777,2.631643038584775,136788.3333333333,-0.0,-0.035312850819229524,15274.333333333314,0.15353311136004777,0.7973068745570202,0.0,0.17142857142857143,3.574314177967608e-10,False,False,True,
WEN38,benchmark,original,1,60000,0,PR0_HT1_EC1,No-PR,WEN38:i1:nsga2:s60000:r0:PR0_HT1_EC1:b9f998d6cc5d,cf9bc95d906238978e0c5ab26a1947d4104e026d3bac972323bf05453ec86ca7,p0014,v2,5a3987e94130527bc1b444c25fcb2f83e76b24620c83c0f6215f19f2d3e15bf7,full,0211d5313450418ddc20712d3c36e63ff4b64637bfb9f717eca80fcb394b1e6b,nsga2,0a8d2af1a1fb0019,2.8539686463138514,88622.0,-0.15353311136004777,2.6871543302254386,161031.3333333333,-0.24326123128321342,-0.1668143160884128,72409.33333333331,-0.08972811992316565,0.7973068745569767,0.24326123128321342,0.0,8.467395673505962e-10,False,False,True,
WEN38,benchmark,original,1,60000,0,PR0_HT1_EC1,No-PR,WEN38:i1:nsga2:s60000:r0:PR0_HT1_EC1:b9f998d6cc5d,cf9bc95d906238978e0c5ab26a1947d4104e026d3bac972323bf05453ec86ca7,p0015,v2,5a3987e94130527bc1b444c25fcb2f83e76b24620c83c0f6215f19f2d3e15bf7,full,0211d5313450418ddc20712d3c36e63ff4b64637bfb9f717eca80fcb394b1e6b,nsga2,9b388ac05df3f319,2.770960141707414,83459.0,-0.07405908539294614,2.6094513139062756,113338.66666666667,-0.0,-0.1615088278011383,29879.66666666667,0.07405908539294614,0.7973068745570507,0.0,0.17142857142857143,1.000444171950221e-11,False,False,True,
WEN38,benchmark,original,1,60000,0,PR0_HT1_EC1,No-PR,WEN38:i1:nsga2:s60000:r0:PR0_HT1_EC1:b9f998d6cc5d,cf9bc95d906238978e0c5ab26a1947d4104e026d3bac972323bf05453ec86ca7,p0016,v2,5a3987e94130527bc1b444c25fcb2f83e76b24620c83c0f6215f19f2d3e15bf7,full,0211d5313450418ddc20712d3c36e63ff4b64637bfb9f717eca80fcb394b1e6b,nsga2,ebbf16f63e800fe0,2.642210757826171,123565.0,-0.06267922982624441,2.576679001477003,129808.33333333334,-0.0,-0.06553175634916819,6243.333333333343,0.06267922982624441,0.7973068745570434,0.0,0.17142857142857143,9.367795428261161e-11,False,False,True,
WEN38,benchmark,original,1,60000,0,PR0_HT1_EC1,No-PR,WEN38:i1:nsga2:s60000:r0:PR0_HT1_EC1:b9f998d6cc5d,cf9bc95d906238978e0c5ab26a1947d4104e026d3bac972323bf05453ec86ca7,p0017,v2,5a3987e94130527bc1b444c25fcb2f83e76b24620c83c0f6215f19f2d3e15bf7,full,0211d5313450418ddc20712d3c36e63ff4b64637bfb9f717eca80fcb394b1e6b,nsga2,9b8e5b47ebe2dbf3,2.5594339242448028,125079.0,-0.06267922982624441,2.479911631107121,127390.33333333333,-0.0,-0.07952229313768155,2311.3333333333285,0.06267922982624441,0.7973068745570434,0.0,0.17142857142857143,9.367795428261161e-11,False,False,True,
WEN38,benchmark,original,1,60000,0,PR0_HT1_EC1,No-PR,WEN38:i1:nsga2:s60000:r0:PR0_HT1_EC1:b9f998d6cc5d,cf9bc95d906238978e0c5ab26a1947d4104e026d3bac972323bf05453ec86ca7,p0018,v2,5a3987e94130527bc1b444c25fcb2f83e76b24620c83c0f6215f19f2d3e15bf7,full,0211d5313450418ddc20712d3c36e63ff4b64637bfb9f717eca80fcb394b1e6b,nsga2,5d15237e1aa77f92,2.7070870020914803,96094.0,-0.05998356614873046,2.566376532738068,169809.6666666667,-0.05998356614873046,-0.14071046935341247,73715.66666666669,0.0,0.7973068745570517,0.05998356614873046,0.0,0.0,False,False,True,
WEN38,benchmark,original,1,60000,0,PR0_HT1_EC1,No-PR,WEN38:i1:nsga2:s60000:r0:PR0_HT1_EC1:b9f998d6cc5d,cf9bc95d906238978e0c5ab26a1947d4104e026d3bac972323bf05453ec86ca7,p0019,v2,5a3987e94130527bc1b444c25fcb2f83e76b24620c83c0f6215f19f2d3e15bf7,full,0211d5313450418ddc20712d3c36e63ff4b64637bfb9f717eca80fcb394b1e6b,nsga2,97fd843d04c5a4a0,2.684645201481664,96806.0,-0.05998356614873046,2.5969414452804678,103753.0,-0.05998356614873046,-0.08770375620119619,6947.0,0.0,0.7973068745570517,0.05998356614873046,0.0,0.0,False,False,True,
WEN38,benchmark,original,1,60000,0,PR0_HT1_EC1,No-PR,WEN38:i1:nsga2:s60000:r0:PR0_HT1_EC1:b9f998d6cc5d,cf9bc95d906238978e0c5ab26a1947d4104e026d3bac972323bf05453ec86ca7,p0020,v2,5a3987e94130527bc1b444c25fcb2f83e76b24620c83c0f6215f19f2d3e15bf7,full,0211d5313450418ddc20712d3c36e63ff4b64637bfb9f717eca80fcb394b1e6b,nsga2,586befea503409f1,2.760123585606329,95758.0,-0.05998356614873046,2.577172855877801,163635.0,-0.05998356614691147,-0.18295072972852777,67877.0,1.8189894035458565e-12,0.7973068745569772,0.05998356614691147,0.0,8.403731044381857e-10,False,False,True,
WEN38,benchmark,original,1,60000,0,PR0_HT1_EC1,No-PR,WEN38:i1:nsga2:s60000:r0:PR0_HT1_EC1:b9f998d6cc5d,cf9bc95d906238978e0c5ab26a1947d4104e026d3bac972323bf05453ec86ca7,p0021,v2,5a3987e94130527bc1b444c25fcb2f83e76b24620c83c0f6215f19f2d3e15bf7,full,0211d5313450418ddc20712d3c36e63ff4b64637bfb9f717eca80fcb394b1e6b,nsga2,b0d1129e2b0ccaf2,2.5992123905964517,112117.0,-0.044676409188468824,2.5471726915208928,131415.0,-0.044676409186649835,-0.05203969907555894,19298.0,1.8189894035458565e-12,0.7973068745570517,0.044676409186649835,0.0,0.0,False,False,True,
WEN38,benchmark,original,1,60000,0,PR0_HT1_EC1,No-PR,WEN38:i1:nsga2:s60000:r0:PR0_HT1_EC1:b9f998d6cc5d,cf9bc95d906238978e0c5ab26a1947d4104e026d3bac972323bf05453ec86ca7,p0022,v2,5a3987e94130527bc1b444c25fcb2f83e76b24620c83c0f6215f19f2d3e15bf7,full,0211d5313450418ddc20712d3c36e63ff4b64637bfb9f717eca80fcb394b1e6b,nsga2,1a7f27658c10fc11,2.474876709485531,136490.0,-0.044676409188468824,2.467157472222646,138331.33333333334,-0.0,-0.007719237262884704,1841.333333333343,0.044676409188468824,0.7973068745570517,0.0,0.11428571428571428,0.0,False,False,True,
WEN38,benchmark,original,1,60000,0,PR0_HT1_EC1,No-PR,WEN38:i1:nsga2:s60000:r0:PR0_HT1_EC1:b9f998d6cc5d,cf9bc95d906238978e0c5ab26a1947d4104e026d3bac972323bf05453ec86ca7,p0023,v2,5a3987e94130527bc1b444c25fcb2f83e76b24620c83c0f6215f19f2d3e15bf7,full,0211d5313450418ddc20712d3c36e63ff4b64637bfb9f717eca80fcb394b1e6b,nsga2,0e764fa044faff56,2.49260244543295,101608.0,-0.0,2.4641967396387496,136597.6666666667,-0.0,-0.02840570579420021,34989.666666666686,0.0,0.7973068745570517,0.0,0.08571428571428572,0.0,False,False,True,
WEN38,benchmark,original,1,60000,0,PR0_HT1_EC1,No-PR,WEN38:i1:nsga2:s60000:r0:PR0_HT1_EC1:b9f998d6cc5d,cf9bc95d906238978e0c5ab26a1947d4104e026d3bac972323bf05453ec86ca7,p0024,v2,5a3987e94130527bc1b444c25fcb2f83e76b24620c83c0f6215f19f2d3e15bf7,full,0211d5313450418ddc20712d3c36e63ff4b64637bfb9f717eca80fcb394b1e6b,nsga2,e338d6821b581a22,2.497411988272612,101285.0,-0.0,2.466517463746529,121940.33333333334,-0.0,-0.03089452452608299,20655.333333333343,0.0,0.7973068745570517,0.0,0.08571428571428572,0.0,False,False,True,
WEN38,benchmark,original,1,60000,0,PR0_HT1_EC1,No-PR,WEN38:i1:nsga2:s60000:r0:PR0_HT1_EC1:b9f998d6cc5d,cf9bc95d906238978e0c5ab26a1947d4104e026d3bac972323bf05453ec86ca7,p0025,v2,5a3987e94130527bc1b444c25fcb2f83e76b24620c83c0f6215f19f2d3e15bf7,full,0211d5313450418ddc20712d3c36e63ff4b64637bfb9f717eca80fcb394b1e6b,nsga2,95131642e1b621b2,2.4693919564180877,102964.0,-0.0,2.4646888205065256,122862.66666666669,-0.0,-0.0047031359115621285,19898.666666666686,0.0,0.7973068745570517,0.0,0.08571428571428572,0.0,False,False,True,
WEN38,benchmark,original,1,60000,0,PR0_HT1_EC1,No-PR,WEN38:i1:nsga2:s60000:r0:PR0_HT1_EC1:b9f998d6cc5d,cf9bc95d906238978e0c5ab26a1947d4104e026d3bac972323bf05453ec86ca7,p0026,v2,5a3987e94130527bc1b444c25fcb2f83e76b24620c83c0f6215f19f2d3e15bf7,full,0211d5313450418ddc20712d3c36e63ff4b64637bfb9f717eca80fcb394b1e6b,nsga2,dbceb56e1d67cd67,2.463633628990012,105834.0,-0.0,2.4646888205065256,124789.00000000001,-0.0,0.001055191516513787,18955.000000000015,0.0,0.7973068745570517,0.0,0.05714285714285714,0.0,False,False,True,
WEN38,benchmark,original,1,60000,0,PR0_HT1_EC1,No-PR,WEN38:i1:nsga2:s60000:r0:PR0_HT1_EC1:b9f998d6cc5d,cf9bc95d906238978e0c5ab26a1947d4104e026d3bac972323bf05453ec86ca7,p0027,v2,5a3987e94130527bc1b444c25fcb2f83e76b24620c83c0f6215f19f2d3e15bf7,full,0211d5313450418ddc20712d3c36e63ff4b64637bfb9f717eca80fcb394b1e6b,nsga2,52573b9eb4914e84,2.4595950978945553,128676.0,-0.0,2.460869302565837,129014.0,-0.0,0.001274204671281698,338.0,0.0,0.7973068745570517,0.0,0.08571428571428572,0.0,False,False,True,
WEN38,benchmark,original,1,60000,0,PR0_HT1_EC1,No-PR,WEN38:i1:nsga2:s60000:r0:PR0_HT1_EC1:b9f998d6cc5d,cf9bc95d906238978e0c5ab26a1947d4104e026d3bac972323bf05453ec86ca7,p0028,v2,5a3987e94130527bc1b444c25fcb2f83e76b24620c83c0f6215f19f2d3e15bf7,full,0211d5313450418ddc20712d3c36e63ff4b64637bfb9f717eca80fcb394b1e6b,nsga2,33886f1b1aa46f1a,2.6184363452387585,93825.0,-0.0,2.4997399376904985,150001.33333333337,-0.0,-0.11869640754825994,56176.33333333337,0.0,0.7973068745570517,0.0,0.08571428571428572,0.0,False,False,True,
WEN38,benchmark,original,1,60000,0,PR0_HT1_EC1,No-PR,WEN38:i1:nsga2:s60000:r0:PR0_HT1_EC1:b9f998d6cc5d,cf9bc95d906238978e0c5ab26a1947d4104e026d3bac972323bf05453ec86ca7,p0029,v2,5a3987e94130527bc1b444c25fcb2f83e76b24620c83c0f6215f19f2d3e15bf7,full,0211d5313450418ddc20712d3c36e63ff4b64637bfb9f717eca80fcb394b1e6b,nsga2,4082d07f6c6aeec9,2.4609239426851235,108072.0,-0.0,2.4641011541628393,113961.33333333333,-0.0,0.003177211477715769,5889.3333333333285,0.0,0.7973068745570517,0.0,0.17142857142857143,0.0,False,False,True,
WEN38,benchmark,original,1,60000,0,PR0_HT1_EC1,No-PR,WEN38:i1:nsga2:s60000:r0:PR0_HT1_EC1:b9f998d6cc5d,cf9bc95d906238978e0c5ab26a1947d4104e026d3bac972323bf05453ec86ca7,p0030,v2,5a3987e94130527bc1b444c25fcb2f83e76b24620c83c0f6215f19f2d3e15bf7,full,0211d5313450418ddc20712d3c36e63ff4b64637bfb9f717eca80fcb394b1e6b,nsga2,cde2489b5d4cebd6,2.5391219926928605,93992.0,-0.0,2.4725783805571417,137308.16666666666,-0.0,-0.0665436121357188,43316.16666666666,0.0,0.7973068745570517,0.0,0.14285714285714285,0.0,False,False,True,
WEN38,benchmark,original,1,60000,0,PR0_HT1_EC1,No-PR,WEN38:i1:nsga2:s60000:r0:PR0_HT1_EC1:b9f998d6cc5d,cf9bc95d906238978e0c5ab26a1947d4104e026d3bac972323bf05453ec86ca7,p0031,v2,5a3987e94130527bc1b444c25fcb2f83e76b24620c83c0f6215f19f2d3e15bf7,full,0211d5313450418ddc20712d3c36e63ff4b64637bfb9f717eca80fcb394b1e6b,nsga2,327da1850d49131d,2.684967174437272,86312.0,-0.0,2.5510674020712862,127942.33333333334,-0.0,-0.13389977236598583,41630.33333333334,0.0,0.7973068745569796,0.0,0.05714285714285714,8.149072527885437e-10,False,False,True,
WEN38,benchmark,original,1,60000,0,PR0_HT1_EC1,No-PR,WEN38:i1:nsga2:s60000:r0:PR0_HT1_EC1:b9f998d6cc5d,cf9bc95d906238978e0c5ab26a1947d4104e026d3bac972323bf05453ec86ca7,p0032,v2,5a3987e94130527bc1b444c25fcb2f83e76b24620c83c0f6215f19f2d3e15bf7,full,0211d5313450418ddc20712d3c36e63ff4b64637bfb9f717eca80fcb394b1e6b,nsga2,ed0c9f7b8bc2e79c,2.9615764559098183,78405.0,-0.0,2.6497670820601793,153214.83333333334,-0.0,-0.311809373849639,74809.83333333334,0.0,0.7973068745569837,0.0,0.11428571428571428,7.667040335945785e-10,False,False,True,
WEN38,benchmark,original,1,60000,0,PR0_HT1_EC1,No-PR,WEN38:i1:nsga2:s60000:r0:PR0_HT1_EC1:b9f998d6cc5d,cf9bc95d906238978e0c5ab26a1947d4104e026d3bac972323bf05453ec86ca7,p0033,v2,5a3987e94130527bc1b444c25fcb2f83e76b24620c83c0f6215f19f2d3e15bf7,full,0211d5313450418ddc20712d3c36e63ff4b64637bfb9f717eca80fcb394b1e6b,nsga2,bdae7e7613e727cb,2.8979690852508204,82071.0,-0.0,2.604864210965257,168093.33333333334,-0.0,-0.29310487428556353,86022.33333333334,0.0,0.7973068745570356,0.0,0.05714285714285714,1.8189894035458565e-10,False,False,True,
WEN38,benchmark,original,1,60000,0,PR1_HT0_EC1,No-HT,WEN38:i1:nsga2:s60000:r0:PR1_HT0_EC1:ed89f90c2cee,cf9bc95d906238978e0c5ab26a1947d4104e026d3bac972323bf05453ec86ca7,p0001,v2,716feb78a89b882a20ab8d73b90dc7f2cce92e24a8065d5faecffada3f9967e4,full,0211d5313450418ddc20712d3c36e63ff4b64637bfb9f717eca80fcb394b1e6b,nsga2,823b3154a1b29d06,2.464202792774178,125195.66666666667,-0.45048160039550567,2.462430999719607,143920.33333333334,-0.445542109163398,-0.0017717930545710914,18724.66666666667,0.0049394912321076845,0.7973068745570517,0.445542109163398,0.0,0.0,True,False,True,
WEN38,benchmark,original,1,60000,0,PR1_HT0_EC1,No-HT,WEN38:i1:nsga2:s60000:r0:PR1_HT0_EC1:ed89f90c2cee,cf9bc95d906238978e0c5ab26a1947d4104e026d3bac972323bf05453ec86ca7,p0002,v2,716feb78a89b882a20ab8d73b90dc7f2cce92e24a8065d5faecffada3f9967e4,full,0211d5313450418ddc20712d3c36e63ff4b64637bfb9f717eca80fcb394b1e6b,nsga2,0eaffc912ec56fc0,2.7847801275321826,119200.33333333333,-0.4140845070432988,2.7847801275321826,148796.33333333334,-0.027700831024930747,0.0,29596.000000000015,0.38638367601836804,0.7973068745570517,0.027700831024930747,0.0,0.0,False,False,True,
WEN38,benchmark,original,1,60000,0,PR1_HT0_EC1,No-HT,WEN38:i1:nsga2:s60000:r0:PR1_HT0_EC1:ed89f90c2cee,cf9bc95d906238978e0c5ab26a1947d4104e026d3bac972323bf05453ec86ca7,p0003,v2,716feb78a89b882a20ab8d73b90dc7f2cce92e24a8065d5faecffada3f9967e4,full,0211d5313450418ddc20712d3c36e63ff4b64637bfb9f717eca80fcb394b1e6b,nsga2,65f379b8eb4cbc59,2.8545001842294964,114054.0,-0.40057636887740955,2.8545001842294964,126028.66666666667,-0.40057636887740955,0.0,11974.666666666672,0.0,0.7973068745570517,0.40057636887740955,0.0,0.0,False,False,True,
WEN38,benchmark,original,1,60000,0,PR1_HT0_EC1,No-HT,WEN38:i1:nsga2:s60000:r0:PR1_HT0_EC1:ed89f90c2cee,cf9bc95d906238978e0c5ab26a1947d4104e026d3bac972323bf05453ec86ca7,p0004,v2,716feb78a89b882a20ab8d73b90dc7f2cce92e24a8065d5faecffada3f9967e4,full,0211d5313450418ddc20712d3c36e63ff4b64637bfb9f717eca80fcb394b1e6b,nsga2,13bd992ff5871c64,2.8679058402596476,97689.33333333333,-0.39582783205878513,2.8679058402596476,129794.0,-0.39582783205878513,0.0,32104.66666666667,0.0,0.7973068745570336,0.39582783205878513,0.0,2.02817318495363e-10,False,False,True,
WEN38,benchmark,original,1,60000,0,PR1_HT0_EC1,No-HT,WEN38:i1:nsga2:s60000:r0:PR1_HT0_EC1:ed89f90c2cee,cf9bc95d906238978e0c5ab26a1947d4104e026d3bac972323bf05453ec86ca7,p0005,v2,716feb78a89b882a20ab8d73b90dc7f2cce92e24a8065d5faecffada3f9967e4,full,0211d5313450418ddc20712d3c36e63ff4b64637bfb9f717eca80fcb394b1e6b,nsga2,8473f1bbc18e0689,2.769935102309254,118348.16666666667,-0.34591194968743366,2.769935102309254,120883.5,-0.34591194968743366,0.0,2535.3333333333285,0.0,0.7973068745570125,0.34591194968743366,0.0,4.420144250616431e-10,False,False,True,
WEN38,benchmark,original,1,60000,0,PR1_HT0_EC1,No-HT,WEN38:i1:nsga2:s60000:r0:PR1_HT0_EC1:ed89f90c2cee,cf9bc95d906238978e0c5ab26a1947d4104e026d3bac972323bf05453ec86ca7,p0006,v2,716feb78a89b882a20ab8d73b90dc7f2cce92e24a8065d5faecffada3f9967e4,full,0211d5313450418ddc20712d3c36e63ff4b64637bfb9f717eca80fcb394b1e6b,nsga2,3d54557fb698b2f4,2.782859773640217,97379.50000000001,-0.3385371494669016,2.782859773640217,98546.83333333334,-0.3385371494669016,0.0,1167.3333333333285,0.0,0.7973068745570517,0.3385371494669016,0.0,0.0,False,False,True,
WEN38,benchmark,original,1,60000,0,PR1_HT0_EC1,No-HT,WEN38:i1:nsga2:s60000:r0:PR1_HT0_EC1:ed89f90c2cee,cf9bc95d906238978e0c5ab26a1947d4104e026d3bac972323bf05453ec86ca7,p0007,v2,716feb78a89b882a20ab8d73b90dc7f2cce92e24a8065d5faecffada3f9967e4,full,0211d5313450418ddc20712d3c36e63ff4b64637bfb9f717eca80fcb394b1e6b,nsga2,0628a31467e6cd38,2.648440651982799,118697.0,-0.2798237330835036,2.648440651982799,122484.33333333334,-0.2798237330835036,0.0,3787.333333333343,0.0,0.7973068745570517,0.2798237330835036,0.0,0.0,False,False,True,
WEN38,benchmark,original,1,60000,0,PR1_HT0_EC1,No-HT,WEN38:i1:nsga2:s60000:r0:PR1_HT0_EC1:ed89f90c2cee,cf9bc95d906238978e0c5ab26a1947d4104e026d3bac972323bf05453ec86ca7,p0008,v2,716feb78a89b882a20ab8d73b90dc7f2cce92e24a8065d5faecffada3f9967e4,full,0211d5313450418ddc20712d3c36e63ff4b64637bfb9f717eca80fcb394b1e6b,nsga2,349d797b46d59b0b,2.9476079092478535,97259.16666666666,-0.2798237330835036,2.9476079092478535,98916.5,-0.2798237330835036,0.0,1657.333333333343,0.0,0.7973068745570517,0.2798237330835036,0.0,0.0,False,False,True,
WEN38,benchmark,original,1,60000,0,PR1_HT0_EC1,No-HT,WEN38:i1:nsga2:s60000:r0:PR1_HT0_EC1:ed89f90c2cee,cf9bc95d906238978e0c5ab26a1947d4104e026d3bac972323bf05453ec86ca7,p0009,v2,716feb78a89b882a20ab8d73b90dc7f2cce92e24a8065d5faecffada3f9967e4,full,0211d5313450418ddc20712d3c36e63ff4b64637bfb9f717eca80fcb394b1e6b,nsga2,2b666c387ce97324,2.8210419139659972,92069.0,-0.1825652018596884,2.8210419139659972,93505.66666666667,-0.1825652018596884,0.0,1436.6666666666715,0.0,0.7973068745569946,0.1825652018596884,0.0,6.458549250965007e-10,False,False,True,
WEN38,benchmark,original,1,60000,0,PR1_HT0_EC1,No-HT,WEN38:i1:nsga2:s60000:r0:PR1_HT0_EC1:ed89f90c2cee,cf9bc95d906238978e0c5ab26a1947d4104e026d3bac972323bf05453ec86ca7,p0010,v2,716feb78a89b882a20ab8d73b90dc7f2cce92e24a8065d5faecffada3f9967e4,full,0211d5313450418ddc20712d3c36e63ff4b64637bfb9f717eca80fcb394b1e6b,nsga2,de0ab012ee68320e,2.668756300925935,97197.5,-0.15353311136004777,2.668756300925935,98288.16666666667,-0.15353311136004777,0.0,1090.6666666666715,0.0,0.7973068745570517,0.15353311136004777,0.0,0.0,False,False,True,
WEN38,benchmark,original,1,60000,0,PR1_HT0_EC1,No-HT,WEN38:i1:nsga2:s60000:r0:PR1_HT0_EC1:ed89f90c2cee,cf9bc95d906238978e0c5ab26a1947d4104e026d3bac972323bf05453ec86ca7,p0011,v2,716feb78a89b882a20ab8d73b90dc7f2cce92e24a8065d5faecffada3f9967e4,full,0211d5313450418ddc20712d3c36e63ff4b64637bfb9f717eca80fcb394b1e6b,nsga2,cb0bc04318b70424,2.6231326297707662,109135.66666666667,-0.15353311136004777,2.6231326297707662,125609.33333333334,-0.15353311136004777,0.0,16473.66666666667,0.0,0.7973068745570517,0.15353311136004777,0.0,0.0,False,False,True,
WEN38,benchmark,original,1,60000,0,PR1_HT0_EC1,No-HT,WEN38:i1:nsga2:s60000:r0:PR1_HT0_EC1:ed89f90c2cee,cf9bc95d906238978e0c5ab26a1947d4104e026d3bac972323bf05453ec86ca7,p0012,v2,716feb78a89b882a20ab8d73b90dc7f2cce92e24a8065d5faecffada3f9967e4,full,0211d5313450418ddc20712d3c36e63ff4b64637bfb9f717eca80fcb394b1e6b,nsga2,d9faa6636edc14e9,2.561442897805704,113844.16666666667,-0.15353311136004777,2.561442897805704,115254.16666666667,-0.15353311136004777,0.0,1410.0,0.0,0.7973068745570517,0.15353311136004777,0.0,0.0,False,False,True,
WEN38,benchmark,original,1,60000,0,PR1_HT0_EC1,No-HT,WEN38:i1:nsga2:s60000:r0:PR1_HT0_EC1:ed89f90c2cee,cf9bc95d906238978e0c5ab26a1947d4104e026d3bac972323bf05453ec86ca7,p0013,v2,716feb78a89b882a20ab8d73b90dc7f2cce92e24a8065d5faecffada3f9967e4,full,0211d5313450418ddc20712d3c36e63ff4b64637bfb9f717eca80fcb394b1e6b,nsga2,3b817475c343d06d,2.9269951386295685,90754.33333333334,-0.07405908539294614,2.9269951386295685,93383.66666666667,-0.07405908539294614,0.0,2629.3333333333285,0.0,0.7973068745570374,0.07405908539294614,0.0,1.6075318853836507e-10,False,False,True,
WEN38,benchmark,original,1,60000,0,PR1_HT0_EC1,No-HT,WEN38:i1:nsga2:s60000:r0:PR1_HT0_EC1:ed89f90c2cee,cf9bc95d906238978e0c5ab26a1947d4104e026d3bac972323bf05453ec86ca7,p0014,v2,716feb78a89b882a20ab8d73b90dc7f2cce92e24a8065d5faecffada3f9967e4,full,0211d5313450418ddc20712d3c36e63ff4b64637bfb9f717eca80fcb394b1e6b,nsga2,256cba2aa4db3cc6,2.551497825546323,123850.83333333334,-0.07405908539294614,2.549726032491752,128901.50000000001,-0.07405908539294614,-0.0017717930545710914,5050.6666666666715,0.0,0.7973068745570517,0.07405908539294614,0.0,0.0,False,False,True,
WEN38,benchmark,original,1,60000,0,PR1_HT0_EC1,No-HT,WEN38:i1:nsga2:s60000:r0:PR1_HT0_EC1:ed89f90c2cee,cf9bc95d906238978e0c5ab26a1947d4104e026d3bac972323bf05453ec86ca7,p0015,v2,716feb78a89b882a20ab8d73b90dc7f2cce92e24a8065d5faecffada3f9967e4,full,0211d5313450418ddc20712d3c36e63ff4b64637bfb9f717eca80fcb394b1e6b,nsga2,32da8282eb3267b1,2.9530404965316848,80641.33333333334,-0.04467640918755933,2.9530404965316848,82469.33333333334,-0.04467640918755933,0.0,1828.0,0.0,0.7973068745570517,0.04467640918755933,0.0,0.0,False,False,True,
WEN38,benchmark,original,1,60000,0,PR1_HT0_EC1,No-HT,WEN38:i1:nsga2:s60000:r0:PR1_HT0_EC1:ed89f90c2cee,cf9bc95d906238978e0c5ab26a1947d4104e026d3bac972323bf05453ec86ca7,p0016,v2,716feb78a89b882a20ab8d73b90dc7f2cce92e24a8065d5faecffada3f9967e4,full,0211d5313450418ddc20712d3c36e63ff4b64637bfb9f717eca80fcb394b1e6b,nsga2,e89af2cf5c6c91b5,2.518693996515501,109555.0,-0.0026155187479162123,2.518693996515501,107705.66666666667,-0.0026155187479162123,0.0,-1849.3333333333285,0.0,0.797306874557011,0.0026155187479162123,0.0,4.602043190971017e-10,False,False,True,
WEN38,benchmark,original,1,60000,0,PR1_HT0_EC1,No-HT,WEN38:i1:nsga2:s60000:r0:PR1_HT0_EC1:ed89f90c2cee,cf9bc95d906238978e0c5ab26a1947d4104e026d3bac972323bf05453ec86ca7,p0017,v2,716feb78a89b882a20ab8d73b90dc7f2cce92e24a8065d5faecffada3f9967e4,full,0211d5313450418ddc20712d3c36e63ff4b64637bfb9f717eca80fcb394b1e6b,nsga2,13b7061c51f42e09,2.4976886485682535,95942.66666666666,-0.0,2.4976886485682535,94120.66666666667,-0.0,0.0,-1821.9999999999854,0.0,0.7973068745570389,0.0,0.17142857142857143,1.446096575818956e-10,False,False,True,
WEN38,benchmark,original,1,60000,0,PR1_HT0_EC1,No-HT,WEN38:i1:nsga2:s60000:r0:PR1_HT0_EC1:ed89f90c2cee,cf9bc95d906238978e0c5ab26a1947d4104e026d3bac972323bf05453ec86ca7,p0018,v2,716feb78a89b882a20ab8d73b90dc7f2cce92e24a8065d5faecffada3f9967e4,full,0211d5313450418ddc20712d3c36e63ff4b64637bfb9f717eca80fcb394b1e6b,nsga2,d8fa005ca6a58c6a,2.547448447871857,92765.33333333333,-0.0,2.547448447871857,95253.33333333334,-0.0,0.0,2488.0000000000146,0.0,0.7973068745570517,0.0,0.11428571428571428,0.0,False,False,True,
WEN38,benchmark,original,1,60000,0,PR1_HT0_EC1,No-HT,WEN38:i1:nsga2:s60000:r0:PR1_HT0_EC1:ed89f90c2cee,cf9bc95d906238978e0c5ab26a1947d4104e026d3bac972323bf05453ec86ca7,p0019,v2,716feb78a89b882a20ab8d73b90dc7f2cce92e24a8065d5faecffada3f9967e4,full,0211d5313450418ddc20712d3c36e63ff4b64637bfb9f717eca80fcb394b1e6b,nsga2,9578c410313c8f85,2.7062297240294635,88780.00000000001,-0.0,2.7062297240294635,115820.33333333334,-0.0,0.0,27040.33333333333,0.0,0.797306874557034,0.0,0.14285714285714285,2.000888343900442e-10,False,False,True,
WEN38,benchmark,original,1,60000,0,PR1_HT0_EC1,No-HT,WEN38:i1:nsga2:s60000:r0:PR1_HT0_EC1:ed89f90c2cee,cf9bc95d906238978e0c5ab26a1947d4104e026d3bac972323bf05453ec86ca7,p0020,v2,716feb78a89b882a20ab8d73b90dc7f2cce92e24a8065d5faecffada3f9967e4,full,0211d5313450418ddc20712d3c36e63ff4b64637bfb9f717eca80fcb394b1e6b,nsga2,b24c3e68c60a5fcf,2.6416468342521444,89036.66666666667,-0.0,2.6698183438196077,121611.33333333334,-0.0,0.028171509567463282,32574.66666666667,0.0,0.7973068745570517,0.0,0.11428571428571428,0.0,False,False,True,
WEN38,benchmark,original,1,60000,0,PR1_HT0_EC1,No-HT,WEN38:i1:nsga2:s60000:r0:PR1_HT0_EC1:ed89f90c2cee,cf9bc95d906238978e0c5ab26a1947d4104e026d3bac972323bf05453ec86ca7,p0021,v2,716feb78a89b882a20ab8d73b90dc7f2cce92e24a8065d5faecffada3f9967e4,full,0211d5313450418ddc20712d3c36e63ff4b64637bfb9f717eca80fcb394b1e6b,nsga2,eafc50026fe0c431,2.472008781887694,102286.33333333333,-0.0,2.4728946784149795,100641.66666666667,-0.0,0.0008858965272855457,-1644.666666666657,0.0,0.7973068745569786,0.0,0.11428571428571428,8.26673840492731e-10,False,False,True,
WEN38,benchmark,original,1,60000,0,PR1_HT0_EC1,No-HT,WEN38:i1:nsga2:s60000:r0:PR1_HT0_EC1:ed89f90c2cee,cf9bc95d906238978e0c5ab26a1947d4104e026d3bac972323bf05453ec86ca7,p0022,v2,716feb78a89b882a20ab8d73b90dc7f2cce92e24a8065d5faecffada3f9967e4,full,0211d5313450418ddc20712d3c36e63ff4b64637bfb9f717eca80fcb394b1e6b,nsga2,c5090d86cc5df8d7,2.944447300216542,83095.33333333334,-0.0,2.944447300216542,86745.33333333334,-0.0,0.0,3650.0,0.0,0.797306874557045,0.0,0.17142857142857143,7.571543392259628e-11,False,False,True,
WEN38,benchmark,original,1,60000,0,PR1_HT0_EC1,No-HT,WEN38:i1:nsga2:s60000:r0:PR1_HT0_EC1:ed89f90c2cee,cf9bc95d906238978e0c5ab26a1947d4104e026d3bac972323bf05453ec86ca7,p0023,v2,716feb78a89b882a20ab8d73b90dc7f2cce92e24a8065d5faecffada3f9967e4,full,0211d5313450418ddc20712d3c36e63ff4b64637bfb9f717eca80fcb394b1e6b,nsga2,871da730e60c9e29,2.856743544016024,85004.66666666666,-0.0,2.856743544016024,105034.66666666667,-0.0,0.0,20030.000000000015,0.0,0.7973068745570008,0.0,0.17142857142857143,5.757101462222636e-10,False,False,True,
WEN38,benchmark,original,1,60000,0,PR1_HT0_EC1,No-HT,WEN38:i1:nsga2:s60000:r0:PR1_HT0_EC1:ed89f90c2cee,cf9bc95d906238978e0c5ab26a1947d4104e026d3bac972323bf05453ec86ca7,p0024,v2,716feb78a89b882a20ab8d73b90dc7f2cce92e24a8065d5faecffada3f9967e4,full,0211d5313450418ddc20712d3c36e63ff4b64637bfb9f717eca80fcb394b1e6b,nsga2,42a17b3e07189a3d,2.4634850634019214,108097.33333333334,-0.0,2.464370959929207,108721.33333333334,-0.0,0.0008858965272855457,624.0,0.0,0.7973068745570517,0.0,0.11428571428571428,0.0,False,False,True,
WEN38,benchmark,original,1,60000,0,PR1_HT0_EC1,No-HT,WEN38:i1:nsga2:s60000:r0:PR1_HT0_EC1:ed89f90c2cee,cf9bc95d906238978e0c5ab26a1947d4104e026d3bac972323bf05453ec86ca7,p0025,v2,716feb78a89b882a20ab8d73b90dc7f2cce92e24a8065d5faecffada3f9967e4,full,0211d5313450418ddc20712d3c36e63ff4b64637bfb9f717eca80fcb394b1e6b,nsga2,7a1879d38309a977,2.4596409945835287,138526.33333333334,-0.0,2.4612949507733646,134031.0,-0.0,0.0016539561898358812,-4495.333333333343,0.0,0.7973068745570517,0.0,0.2,0.0,False,False,True,
WEN38,benchmark,original,1,60000,0,PR1_HT0_EC1,No-HT,WEN38:i1:nsga2:s60000:r0:PR1_HT0_EC1:ed89f90c2cee,cf9bc95d906238978e0c5ab26a1947d4104e026d3bac972323bf05453ec86ca7,p0026,v2,716feb78a89b882a20ab8d73b90dc7f2cce92e24a8065d5faecffada3f9967e4,full,0211d5313450418ddc20712d3c36e63ff4b64637bfb9f717eca80fcb394b1e6b,nsga2,8514d78bc3869dbf,2.461025863688497,123929.33333333333,-0.0,2.461025863688497,123600.66666666667,-0.0,0.0,-328.66666666665697,0.0,0.7973068745570517,0.0,0.11428571428571428,0.0,False,False,True,
WEN38,benchmark,original,1,60000,0,PR1_HT0_EC1,No-HT,WEN38:i1:nsga2:s60000:r0:PR1_HT0_EC1:ed89f90c2cee,cf9bc95d906238978e0c5ab26a1947d4104e026d3bac972323bf05453ec86ca7,p0027,v2,716feb78a89b882a20ab8d73b90dc7f2cce92e24a8065d5faecffada3f9967e4,full,0211d5313450418ddc20712d3c36e63ff4b64637bfb9f717eca80fcb394b1e6b,nsga2,f386901bf79cba43,2.4652372501390794,102928.5,-0.0,2.4652372501390794,102928.5,-0.0,0.0,0.0,0.0,0.7973068745570517,0.0,0.17142857142857143,0.0,False,False,True,
WEN38,benchmark,original,1,60000,0,PR1_HT0_EC1,No-HT,WEN38:i1:nsga2:s60000:r0:PR1_HT0_EC1:ed89f90c2cee,cf9bc95d906238978e0c5ab26a1947d4104e026d3bac972323bf05453ec86ca7,p0028,v2,716feb78a89b882a20ab8d73b90dc7f2cce92e24a8065d5faecffada3f9967e4,full,0211d5313450418ddc20712d3c36e63ff4b64637bfb9f717eca80fcb394b1e6b,nsga2,37f84360e1c822f9,2.461828283663606,116382.66666666667,-0.0,2.461828283663606,131231.6666666667,-0.0,0.0,14849.000000000015,0.0,0.7973068745570517,0.0,0.11428571428571428,0.0,False,False,True,
WEN38,benchmark,original,1,60000,0,PR1_HT1_EC0,No-EC,WEN38:i1:nsga2:s60000:r0:PR1_HT1_EC0:233634bab1fc,cf9bc95d906238978e0c5ab26a1947d4104e026d3bac972323bf05453ec86ca7,p0001,v2,eff43348491cb4cfafd4d33265d0430f45b06053eb35313886f5a3d54a9c7886,full,0211d5313450418ddc20712d3c36e63ff4b64637bfb9f717eca80fcb394b1e6b,nsga2,b12291b3eff8fca1,2.6443045238338136,115276.66666666669,-0.4349222030141391,2.6443045238338136,115276.66666666669,-0.4349222030141391,0.0,0.0,0.0,0.7973068745570517,0.4349222030141391,0.0,0.0,True,False,True,
WEN38,benchmark,original,1,60000,0,PR1_HT1_EC0,No-EC,WEN38:i1:nsga2:s60000:r0:PR1_HT1_EC0:233634bab1fc,cf9bc95d906238978e0c5ab26a1947d4104e026d3bac972323bf05453ec86ca7,p0002,v2,eff43348491cb4cfafd4d33265d0430f45b06053eb35313886f5a3d54a9c7886,full,0211d5313450418ddc20712d3c36e63ff4b64637bfb9f717eca80fcb394b1e6b,nsga2,b9ceedab27d79900,2.813422170893209,100573.66666666669,-0.3947089947105269,2.813422170893209,100573.66666666669,-0.3947089947105269,0.0,0.0,0.0,0.7973068745570517,0.3947089947105269,0.0,0.0,False,False,True,
WEN38,benchmark,original,1,60000,0,PR1_HT1_EC0,No-EC,WEN38:i1:nsga2:s60000:r0:PR1_HT1_EC0:233634bab1fc,cf9bc95d906238978e0c5ab26a1947d4104e026d3bac972323bf05453ec86ca7,p0003,v2,eff43348491cb4cfafd4d33265d0430f45b06053eb35313886f5a3d54a9c7886,full,0211d5313450418ddc20712d3c36e63ff4b64637bfb9f717eca80fcb394b1e6b,nsga2,2a6c2e9b4479abf8,2.577834698758217,148007.0,-0.3079249848779,2.577834698758217,148007.0,-0.3079249848779,0.0,0.0,0.0,0.79730687455697,0.3079249848779,0.0,9.222276275977492e-10,False,False,True,
WEN38,benchmark,original,1,60000,0,PR1_HT1_EC0,No-EC,WEN38:i1:nsga2:s60000:r0:PR1_HT1_EC0:233634bab1fc,cf9bc95d906238978e0c5ab26a1947d4104e026d3bac972323bf05453ec86ca7,p0004,v2,eff43348491cb4cfafd4d33265d0430f45b06053eb35313886f5a3d54a9c7886,full,0211d5313450418ddc20712d3c36e63ff4b64637bfb9f717eca80fcb394b1e6b,nsga2,d97db80c03b86b82,2.625708514521433,137953.0,-0.27640733712996735,2.625708514521433,137953.0,-0.27640733712996735,0.0,0.0,0.0,0.7973068745570517,0.27640733712996735,0.0,0.0,False,False,True,
WEN38,benchmark,original,1,60000,0,PR1_HT1_EC0,No-EC,WEN38:i1:nsga2:s60000:r0:PR1_HT1_EC0:233634bab1fc,cf9bc95d906238978e0c5ab26a1947d4104e026d3bac972323bf05453ec86ca7,p0005,v2,eff43348491cb4cfafd4d33265d0430f45b06053eb35313886f5a3d54a9c7886,full,0211d5313450418ddc20712d3c36e63ff4b64637bfb9f717eca80fcb394b1e6b,nsga2,31f1b5fa3437d22a,2.623936721466862,138323.6666666667,-0.27640733712996735,2.623936721466862,138323.6666666667,-0.27640733712996735,0.0,0.0,0.0,0.7973068745570517,0.27640733712996735,0.0,0.0,False,False,True,
WEN38,benchmark,original,1,60000,0,PR1_HT1_EC0,No-EC,WEN38:i1:nsga2:s60000:r0:PR1_HT1_EC0:233634bab1fc,cf9bc95d906238978e0c5ab26a1947d4104e026d3bac972323bf05453ec86ca7,p0006,v2,eff43348491cb4cfafd4d33265d0430f45b06053eb35313886f5a3d54a9c7886,full,0211d5313450418ddc20712d3c36e63ff4b64637bfb9f717eca80fcb394b1e6b,nsga2,3dbdfbe22eaee946,2.567061111632916,162625.66666666666,-0.07405908539112716,2.567061111632916,162625.66666666666,-0.07405908539112716,0.0,0.0,0.0,0.7973068745570517,0.07405908539112716,0.0,0.0,False,False,True,
WEN38,benchmark,original,1,60000,0,PR1_HT1_EC0,No-EC,WEN38:i1:nsga2:s60000:r0:PR1_HT1_EC0:233634bab1fc,cf9bc95d906238978e0c5ab26a1947d4104e026d3bac972323bf05453ec86ca7,p0007,v2,eff43348491cb4cfafd4d33265d0430f45b06053eb35313886f5a3d54a9c7886,full,0211d5313450418ddc20712d3c36e63ff4b64637bfb9f717eca80fcb394b1e6b,nsga2,68541049b5f8a9b2,2.575588914858886,157304.33333333334,-0.07405908539294614,2.575588914858886,157304.33333333334,-0.07405908539294614,0.0,0.0,0.0,0.7973068745570517,0.07405908539294614,0.0,0.0,False,False,True,
WEN38,benchmark,original,1,60000,0,PR1_HT1_EC0,No-EC,WEN38:i1:nsga2:s60000:r0:PR1_HT1_EC0:233634bab1fc,cf9bc95d906238978e0c5ab26a1947d4104e026d3bac972323bf05453ec86ca7,p0008,v2,eff43348491cb4cfafd4d33265d0430f45b06053eb35313886f5a3d54a9c7886,full,0211d5313450418ddc20712d3c36e63ff4b64637bfb9f717eca80fcb394b1e6b,nsga2,3fbe934d389c7f0d,2.5738376443132864,156988.5,-0.06267922982624441,2.5738376443132864,156988.5,-0.06267922982624441,0.0,0.0,0.0,0.7973068745570517,0.06267922982624441,0.0,0.0,False,False,True,
WEN38,benchmark,original,1,60000,0,PR1_HT1_EC0,No-EC,WEN38:i1:nsga2:s60000:r0:PR1_HT1_EC0:233634bab1fc,cf9bc95d906238978e0c5ab26a1947d4104e026d3bac972323bf05453ec86ca7,p0009,v2,eff43348491cb4cfafd4d33265d0430f45b06053eb35313886f5a3d54a9c7886,full,0211d5313450418ddc20712d3c36e63ff4b64637bfb9f717eca80fcb394b1e6b,nsga2,0673595e0e591a1c,2.615424297044368,95595.66666666667,-0.0,2.615424297044368,95595.66666666667,-0.0,0.0,0.0,0.0,0.7973068745570453,0.0,0.08571428571428572,7.185008144006133e-11,False,False,True,
WEN38,benchmark,original,1,60000,0,PR1_HT1_EC0,No-EC,WEN38:i1:nsga2:s60000:r0:PR1_HT1_EC0:233634bab1fc,cf9bc95d906238978e0c5ab26a1947d4104e026d3bac972323bf05453ec86ca7,p0010,v2,eff43348491cb4cfafd4d33265d0430f45b06053eb35313886f5a3d54a9c7886,full,0211d5313450418ddc20712d3c36e63ff4b64637bfb9f717eca80fcb394b1e6b,nsga2,1f27e716b21bfc54,2.468174745302771,104723.66666666666,-0.0,2.468174745302771,104723.66666666666,-0.0,0.0,0.0,0.0,0.7973068745570517,0.0,0.11428571428571428,0.0,False,False,True,
WEN38,benchmark,original,1,60000,0,PR1_HT1_EC0,No-EC,WEN38:i1:nsga2:s60000:r0:PR1_HT1_EC0:233634bab1fc,cf9bc95d906238978e0c5ab26a1947d4104e026d3bac972323bf05453ec86ca7,p0011,v2,eff43348491cb4cfafd4d33265d0430f45b06053eb35313886f5a3d54a9c7886,full,0211d5313450418ddc20712d3c36e63ff4b64637bfb9f717eca80fcb394b1e6b,nsga2,5c1d5d2bb7805c0b,2.4659920070583734,104801.66666666666,-0.0,2.4659920070583734,104801.66666666666,-0.0,0.0,0.0,0.0,0.7973068745570517,0.0,0.11428571428571428,0.0,False,False,True,
WEN38,benchmark,original,1,60000,0,PR1_HT1_EC0,No-EC,WEN38:i1:nsga2:s60000:r0:PR1_HT1_EC0:233634bab1fc,cf9bc95d906238978e0c5ab26a1947d4104e026d3bac972323bf05453ec86ca7,p0012,v2,eff43348491cb4cfafd4d33265d0430f45b06053eb35313886f5a3d54a9c7886,full,0211d5313450418ddc20712d3c36e63ff4b64637bfb9f717eca80fcb394b1e6b,nsga2,44371d7b0456c749,2.4856404557963767,104199.33333333333,-0.0,2.4856404557963767,104199.33333333333,-0.0,0.0,0.0,0.0,0.7973068745570517,0.0,0.17142857142857143,0.0,False,False,True,
WEN38,benchmark,original,1,60000,0,PR1_HT1_EC0,No-EC,WEN38:i1:nsga2:s60000:r0:PR1_HT1_EC0:233634bab1fc,cf9bc95d906238978e0c5ab26a1947d4104e026d3bac972323bf05453ec86ca7,p0013,v2,eff43348491cb4cfafd4d33265d0430f45b06053eb35313886f5a3d54a9c7886,full,0211d5313450418ddc20712d3c36e63ff4b64637bfb9f717eca80fcb394b1e6b,nsga2,1e0183d0006cdbdd,2.6513031063993626,94550.66666666667,-0.0,2.6513031063993626,94550.66666666667,-0.0,0.0,0.0,0.0,0.7973068745570517,0.0,0.11428571428571428,0.0,False,False,True,
WEN38,benchmark,original,1,60000,0,PR1_HT1_EC0,No-EC,WEN38:i1:nsga2:s60000:r0:PR1_HT1_EC0:233634bab1fc,cf9bc95d906238978e0c5ab26a1947d4104e026d3bac972323bf05453ec86ca7,p0014,v2,eff43348491cb4cfafd4d33265d0430f45b06053eb35313886f5a3d54a9c7886,full,0211d5313450418ddc20712d3c36e63ff4b64637bfb9f717eca80fcb394b1e6b,nsga2,0aafa43267a398c2,2.4636498837653784,105643.33333333333,-0.0,2.4636498837653784,105643.33333333333,-0.0,0.0,0.0,0.0,0.7973068745570517,0.0,0.2,0.0,False,False,True,
WEN38,benchmark,original,1,60000,0,PR1_HT1_EC0,No-EC,WEN38:i1:nsga2:s60000:r0:PR1_HT1_EC0:233634bab1fc,cf9bc95d906238978e0c5ab26a1947d4104e026d3bac972323bf05453ec86ca7,p0015,v2,eff43348491cb4cfafd4d33265d0430f45b06053eb35313886f5a3d54a9c7886,full,0211d5313450418ddc20712d3c36e63ff4b64637bfb9f717eca80fcb394b1e6b,nsga2,9186667fc2356080,2.517355551473173,101013.33333333334,-0.0,2.517355551473173,101013.33333333334,-0.0,0.0,0.0,0.0,0.7973068745570517,0.0,0.17142857142857143,0.0,False,False,True,
WEN38,benchmark,original,1,60000,0,PR1_HT1_EC0,No-EC,WEN38:i1:nsga2:s60000:r0:PR1_HT1_EC0:233634bab1fc,cf9bc95d906238978e0c5ab26a1947d4104e026d3bac972323bf05453ec86ca7,p0016,v2,eff43348491cb4cfafd4d33265d0430f45b06053eb35313886f5a3d54a9c7886,full,0211d5313450418ddc20712d3c36e63ff4b64637bfb9f717eca80fcb394b1e6b,nsga2,b91d277d8c4017fa,2.460869941929812,122940.33333333333,-0.0,2.460869941929812,122940.33333333333,-0.0,0.0,0.0,0.0,0.7973068745570517,0.0,0.14285714285714285,0.0,False,False,True,
WEN38,benchmark,original,1,60000,0,PR1_HT1_EC0,No-EC,WEN38:i1:nsga2:s60000:r0:PR1_HT1_EC0:233634bab1fc,cf9bc95d906238978e0c5ab26a1947d4104e026d3bac972323bf05453ec86ca7,p0017,v2,eff43348491cb4cfafd4d33265d0430f45b06053eb35313886f5a3d54a9c7886,full,0211d5313450418ddc20712d3c36e63ff4b64637bfb9f717eca80fcb394b1e6b,nsga2,106af5df51248833,2.565902681169515,98028.16666666667,-0.0,2.565902681169515,98028.16666666667,-0.0,0.0,0.0,0.0,0.797306874556984,0.0,0.14285714285714285,7.630660547874868e-10,False,False,True,
WEN38,benchmark,original,1,60000,0,PR1_HT1_EC0,No-EC,WEN38:i1:nsga2:s60000:r0:PR1_HT1_EC0:233634bab1fc,cf9bc95d906238978e0c5ab26a1947d4104e026d3bac972323bf05453ec86ca7,p0018,v2,eff43348491cb4cfafd4d33265d0430f45b06053eb35313886f5a3d54a9c7886,full,0211d5313450418ddc20712d3c36e63ff4b64637bfb9f717eca80fcb394b1e6b,nsga2,a37353b90ee72f34,2.564130888114944,99899.5,-0.0,2.564130888114944,99899.5,-0.0,0.0,0.0,0.0,0.797306874556984,0.0,0.14285714285714285,7.630660547874868e-10,False,False,True,
WEN38,benchmark,original,1,60000,0,PR1_HT1_EC1,Full,WEN38:i1:nsga2:s60000:r0:PR1_HT1_EC1:ac79a73486e1,cf9bc95d906238978e0c5ab26a1947d4104e026d3bac972323bf05453ec86ca7,p0001,v2,0211d5313450418ddc20712d3c36e63ff4b64637bfb9f717eca80fcb394b1e6b,full,0211d5313450418ddc20712d3c36e63ff4b64637bfb9f717eca80fcb394b1e6b,nsga2,b12291b3eff8fca1,2.6443045238338136,115276.66666666669,-0.4349222030141391,2.6443045238338136,115276.66666666669,-0.4349222030141391,0.0,0.0,0.0,0.7973068745570517,0.4349222030141391,0.0,0.0,True,True,True,
WEN38,benchmark,original,1,60000,0,PR1_HT1_EC1,Full,WEN38:i1:nsga2:s60000:r0:PR1_HT1_EC1:ac79a73486e1,cf9bc95d906238978e0c5ab26a1947d4104e026d3bac972323bf05453ec86ca7,p0002,v2,0211d5313450418ddc20712d3c36e63ff4b64637bfb9f717eca80fcb394b1e6b,full,0211d5313450418ddc20712d3c36e63ff4b64637bfb9f717eca80fcb394b1e6b,nsga2,b9ceedab27d79900,2.813422170893209,100573.66666666669,-0.3947089947105269,2.813422170893209,100573.66666666669,-0.3947089947105269,0.0,0.0,0.0,0.7973068745570517,0.3947089947105269,0.0,0.0,False,True,True,
WEN38,benchmark,original,1,60000,0,PR1_HT1_EC1,Full,WEN38:i1:nsga2:s60000:r0:PR1_HT1_EC1:ac79a73486e1,cf9bc95d906238978e0c5ab26a1947d4104e026d3bac972323bf05453ec86ca7,p0003,v2,0211d5313450418ddc20712d3c36e63ff4b64637bfb9f717eca80fcb394b1e6b,full,0211d5313450418ddc20712d3c36e63ff4b64637bfb9f717eca80fcb394b1e6b,nsga2,2a6c2e9b4479abf8,2.577834698758217,148007.0,-0.3079249848779,2.577834698758217,148007.0,-0.3079249848779,0.0,0.0,0.0,0.79730687455697,0.3079249848779,0.0,9.222276275977492e-10,False,True,True,
WEN38,benchmark,original,1,60000,0,PR1_HT1_EC1,Full,WEN38:i1:nsga2:s60000:r0:PR1_HT1_EC1:ac79a73486e1,cf9bc95d906238978e0c5ab26a1947d4104e026d3bac972323bf05453ec86ca7,p0004,v2,0211d5313450418ddc20712d3c36e63ff4b64637bfb9f717eca80fcb394b1e6b,full,0211d5313450418ddc20712d3c36e63ff4b64637bfb9f717eca80fcb394b1e6b,nsga2,d97db80c03b86b82,2.625708514521433,137953.0,-0.27640733712996735,2.625708514521433,137953.0,-0.27640733712996735,0.0,0.0,0.0,0.7973068745570517,0.27640733712996735,0.0,0.0,False,True,True,
WEN38,benchmark,original,1,60000,0,PR1_HT1_EC1,Full,WEN38:i1:nsga2:s60000:r0:PR1_HT1_EC1:ac79a73486e1,cf9bc95d906238978e0c5ab26a1947d4104e026d3bac972323bf05453ec86ca7,p0005,v2,0211d5313450418ddc20712d3c36e63ff4b64637bfb9f717eca80fcb394b1e6b,full,0211d5313450418ddc20712d3c36e63ff4b64637bfb9f717eca80fcb394b1e6b,nsga2,31f1b5fa3437d22a,2.623936721466862,138323.6666666667,-0.27640733712996735,2.623936721466862,138323.6666666667,-0.27640733712996735,0.0,0.0,0.0,0.7973068745570517,0.27640733712996735,0.0,0.0,False,True,True,
WEN38,benchmark,original,1,60000,0,PR1_HT1_EC1,Full,WEN38:i1:nsga2:s60000:r0:PR1_HT1_EC1:ac79a73486e1,cf9bc95d906238978e0c5ab26a1947d4104e026d3bac972323bf05453ec86ca7,p0006,v2,0211d5313450418ddc20712d3c36e63ff4b64637bfb9f717eca80fcb394b1e6b,full,0211d5313450418ddc20712d3c36e63ff4b64637bfb9f717eca80fcb394b1e6b,nsga2,3dbdfbe22eaee946,2.567061111632916,162625.66666666666,-0.07405908539112716,2.567061111632916,162625.66666666666,-0.07405908539112716,0.0,0.0,0.0,0.7973068745570517,0.07405908539112716,0.0,0.0,False,True,True,
WEN38,benchmark,original,1,60000,0,PR1_HT1_EC1,Full,WEN38:i1:nsga2:s60000:r0:PR1_HT1_EC1:ac79a73486e1,cf9bc95d906238978e0c5ab26a1947d4104e026d3bac972323bf05453ec86ca7,p0007,v2,0211d5313450418ddc20712d3c36e63ff4b64637bfb9f717eca80fcb394b1e6b,full,0211d5313450418ddc20712d3c36e63ff4b64637bfb9f717eca80fcb394b1e6b,nsga2,68541049b5f8a9b2,2.575588914858886,157304.33333333334,-0.07405908539294614,2.575588914858886,157304.33333333334,-0.07405908539294614,0.0,0.0,0.0,0.7973068745570517,0.07405908539294614,0.0,0.0,False,True,True,
WEN38,benchmark,original,1,60000,0,PR1_HT1_EC1,Full,WEN38:i1:nsga2:s60000:r0:PR1_HT1_EC1:ac79a73486e1,cf9bc95d906238978e0c5ab26a1947d4104e026d3bac972323bf05453ec86ca7,p0008,v2,0211d5313450418ddc20712d3c36e63ff4b64637bfb9f717eca80fcb394b1e6b,full,0211d5313450418ddc20712d3c36e63ff4b64637bfb9f717eca80fcb394b1e6b,nsga2,3fbe934d389c7f0d,2.5738376443132864,156988.5,-0.06267922982624441,2.5738376443132864,156988.5,-0.06267922982624441,0.0,0.0,0.0,0.7973068745570517,0.06267922982624441,0.0,0.0,False,True,True,
WEN38,benchmark,original,1,60000,0,PR1_HT1_EC1,Full,WEN38:i1:nsga2:s60000:r0:PR1_HT1_EC1:ac79a73486e1,cf9bc95d906238978e0c5ab26a1947d4104e026d3bac972323bf05453ec86ca7,p0009,v2,0211d5313450418ddc20712d3c36e63ff4b64637bfb9f717eca80fcb394b1e6b,full,0211d5313450418ddc20712d3c36e63ff4b64637bfb9f717eca80fcb394b1e6b,nsga2,0673595e0e591a1c,2.615424297044368,95595.66666666667,-0.0,2.615424297044368,95595.66666666667,-0.0,0.0,0.0,0.0,0.7973068745570453,0.0,0.08571428571428572,7.185008144006133e-11,False,True,True,
WEN38,benchmark,original,1,60000,0,PR1_HT1_EC1,Full,WEN38:i1:nsga2:s60000:r0:PR1_HT1_EC1:ac79a73486e1,cf9bc95d906238978e0c5ab26a1947d4104e026d3bac972323bf05453ec86ca7,p0010,v2,0211d5313450418ddc20712d3c36e63ff4b64637bfb9f717eca80fcb394b1e6b,full,0211d5313450418ddc20712d3c36e63ff4b64637bfb9f717eca80fcb394b1e6b,nsga2,1f27e716b21bfc54,2.468174745302771,104723.66666666666,-0.0,2.468174745302771,104723.66666666666,-0.0,0.0,0.0,0.0,0.7973068745570517,0.0,0.11428571428571428,0.0,False,True,True,
WEN38,benchmark,original,1,60000,0,PR1_HT1_EC1,Full,WEN38:i1:nsga2:s60000:r0:PR1_HT1_EC1:ac79a73486e1,cf9bc95d906238978e0c5ab26a1947d4104e026d3bac972323bf05453ec86ca7,p0011,v2,0211d5313450418ddc20712d3c36e63ff4b64637bfb9f717eca80fcb394b1e6b,full,0211d5313450418ddc20712d3c36e63ff4b64637bfb9f717eca80fcb394b1e6b,nsga2,5c1d5d2bb7805c0b,2.4659920070583734,104801.66666666666,-0.0,2.4659920070583734,104801.66666666666,-0.0,0.0,0.0,0.0,0.7973068745570517,0.0,0.11428571428571428,0.0,False,True,True,
WEN38,benchmark,original,1,60000,0,PR1_HT1_EC1,Full,WEN38:i1:nsga2:s60000:r0:PR1_HT1_EC1:ac79a73486e1,cf9bc95d906238978e0c5ab26a1947d4104e026d3bac972323bf05453ec86ca7,p0012,v2,0211d5313450418ddc20712d3c36e63ff4b64637bfb9f717eca80fcb394b1e6b,full,0211d5313450418ddc20712d3c36e63ff4b64637bfb9f717eca80fcb394b1e6b,nsga2,44371d7b0456c749,2.4856404557963767,104199.33333333333,-0.0,2.4856404557963767,104199.33333333333,-0.0,0.0,0.0,0.0,0.7973068745570517,0.0,0.17142857142857143,0.0,False,True,True,
WEN38,benchmark,original,1,60000,0,PR1_HT1_EC1,Full,WEN38:i1:nsga2:s60000:r0:PR1_HT1_EC1:ac79a73486e1,cf9bc95d906238978e0c5ab26a1947d4104e026d3bac972323bf05453ec86ca7,p0013,v2,0211d5313450418ddc20712d3c36e63ff4b64637bfb9f717eca80fcb394b1e6b,full,0211d5313450418ddc20712d3c36e63ff4b64637bfb9f717eca80fcb394b1e6b,nsga2,1e0183d0006cdbdd,2.6513031063993626,94550.66666666667,-0.0,2.6513031063993626,94550.66666666667,-0.0,0.0,0.0,0.0,0.7973068745570517,0.0,0.11428571428571428,0.0,False,True,True,
WEN38,benchmark,original,1,60000,0,PR1_HT1_EC1,Full,WEN38:i1:nsga2:s60000:r0:PR1_HT1_EC1:ac79a73486e1,cf9bc95d906238978e0c5ab26a1947d4104e026d3bac972323bf05453ec86ca7,p0014,v2,0211d5313450418ddc20712d3c36e63ff4b64637bfb9f717eca80fcb394b1e6b,full,0211d5313450418ddc20712d3c36e63ff4b64637bfb9f717eca80fcb394b1e6b,nsga2,0aafa43267a398c2,2.4636498837653784,105643.33333333333,-0.0,2.4636498837653784,105643.33333333333,-0.0,0.0,0.0,0.0,0.7973068745570517,0.0,0.2,0.0,False,True,True,
WEN38,benchmark,original,1,60000,0,PR1_HT1_EC1,Full,WEN38:i1:nsga2:s60000:r0:PR1_HT1_EC1:ac79a73486e1,cf9bc95d906238978e0c5ab26a1947d4104e026d3bac972323bf05453ec86ca7,p0015,v2,0211d5313450418ddc20712d3c36e63ff4b64637bfb9f717eca80fcb394b1e6b,full,0211d5313450418ddc20712d3c36e63ff4b64637bfb9f717eca80fcb394b1e6b,nsga2,9186667fc2356080,2.517355551473173,101013.33333333334,-0.0,2.517355551473173,101013.33333333334,-0.0,0.0,0.0,0.0,0.7973068745570517,0.0,0.17142857142857143,0.0,False,True,True,
WEN38,benchmark,original,1,60000,0,PR1_HT1_EC1,Full,WEN38:i1:nsga2:s60000:r0:PR1_HT1_EC1:ac79a73486e1,cf9bc95d906238978e0c5ab26a1947d4104e026d3bac972323bf05453ec86ca7,p0016,v2,0211d5313450418ddc20712d3c36e63ff4b64637bfb9f717eca80fcb394b1e6b,full,0211d5313450418ddc20712d3c36e63ff4b64637bfb9f717eca80fcb394b1e6b,nsga2,b91d277d8c4017fa,2.460869941929812,122940.33333333333,-0.0,2.460869941929812,122940.33333333333,-0.0,0.0,0.0,0.0,0.7973068745570517,0.0,0.14285714285714285,0.0,False,True,True,
WEN38,benchmark,original,1,60000,0,PR1_HT1_EC1,Full,WEN38:i1:nsga2:s60000:r0:PR1_HT1_EC1:ac79a73486e1,cf9bc95d906238978e0c5ab26a1947d4104e026d3bac972323bf05453ec86ca7,p0017,v2,0211d5313450418ddc20712d3c36e63ff4b64637bfb9f717eca80fcb394b1e6b,full,0211d5313450418ddc20712d3c36e63ff4b64637bfb9f717eca80fcb394b1e6b,nsga2,106af5df51248833,2.565902681169515,98028.16666666667,-0.0,2.565902681169515,98028.16666666667,-0.0,0.0,0.0,0.0,0.797306874556984,0.0,0.14285714285714285,7.630660547874868e-10,False,True,True,
WEN38,benchmark,original,1,60000,0,PR1_HT1_EC1,Full,WEN38:i1:nsga2:s60000:r0:PR1_HT1_EC1:ac79a73486e1,cf9bc95d906238978e0c5ab26a1947d4104e026d3bac972323bf05453ec86ca7,p0018,v2,0211d5313450418ddc20712d3c36e63ff4b64637bfb9f717eca80fcb394b1e6b,full,0211d5313450418ddc20712d3c36e63ff4b64637bfb9f717eca80fcb394b1e6b,nsga2,a37353b90ee72f34,2.564130888114944,99899.5,-0.0,2.564130888114944,99899.5,-0.0,0.0,0.0,0.0,0.797306874556984,0.0,0.14285714285714285,7.630660547874868e-10,False,True,True,
WEN38,benchmark,original,1,60001,1,PR0_HT1_EC1,No-PR,WEN38:i1:nsga2:s60001:r1:PR0_HT1_EC1:2aca52bb3fb1,cf9bc95d906238978e0c5ab26a1947d4104e026d3bac972323bf05453ec86ca7,p0001,v2,5a3987e94130527bc1b444c25fcb2f83e76b24620c83c0f6215f19f2d3e15bf7,full,0211d5313450418ddc20712d3c36e63ff4b64637bfb9f717eca80fcb394b1e6b,nsga2,609e9c49d346fc9a,2.947280103228524,122711.0,-0.33313902652480465,2.8460221301591098,119349.5,-0.0,-0.10125797306941431,-3361.5,0.33313902652480465,0.7973068745570202,0.0,0.17142857142857143,3.574314177967608e-10,False,False,True,
WEN38,benchmark,original,1,60001,1,PR0_HT1_EC1,No-PR,WEN38:i1:nsga2:s60001:r1:PR0_HT1_EC1:2aca52bb3fb1,cf9bc95d906238978e0c5ab26a1947d4104e026d3bac972323bf05453ec86ca7,p0002,v2,5a3987e94130527bc1b444c25fcb2f83e76b24620c83c0f6215f19f2d3e15bf7,full,0211d5313450418ddc20712d3c36e63ff4b64637bfb9f717eca80fcb394b1e6b,nsga2,908884f0f4c4611e,2.954278685794751,112097.0,-0.33313902652480465,2.7750247224622333,158828.6666666667,-0.0,-0.17925396333251786,46731.666666666686,0.33313902652480465,0.7973068745570202,0.0,0.17142857142857143,3.574314177967608e-10,False,False,True,
WEN38,benchmark,original,1,60001,1,PR0_HT1_EC1,No-PR,WEN38:i1:nsga2:s60001:r1:PR0_HT1_EC1:2aca52bb3fb1,cf9bc95d906238978e0c5ab26a1947d4104e026d3bac972323bf05453ec86ca7,p0003,v2,5a3987e94130527bc1b444c25fcb2f83e76b24620c83c0f6215f19f2d3e15bf7,full,0211d5313450418ddc20712d3c36e63ff4b64637bfb9f717eca80fcb394b1e6b,nsga2,2eb26b0b0d637875,3.178233327893027,108019.0,-0.33313902652480465,3.0485380762978043,109007.33333333333,-0.0,-0.12969525159522277,988.3333333333285,0.33313902652480465,0.7973068745570202,0.0,0.17142857142857143,3.574314177967608e-10,False,False,True,
WEN38,benchmark,original,1,60001,1,PR0_HT1_EC1,No-PR,WEN38:i1:nsga2:s60001:r1:PR0_HT1_EC1:2aca52bb3fb1,cf9bc95d906238978e0c5ab26a1947d4104e026d3bac972323bf05453ec86ca7,p0004,v2,5a3987e94130527bc1b444c25fcb2f83e76b24620c83c0f6215f19f2d3e15bf7,full,0211d5313450418ddc20712d3c36e63ff4b64637bfb9f717eca80fcb394b1e6b,nsga2,7660a3b94feb8f4b,2.877201896163914,140733.0,-0.33313902652389515,2.7759439230948706,157169.66666666666,-0.0,-0.1012579730690435,16436.666666666657,0.33313902652389515,0.7973068745570211,0.0,0.17142857142857143,3.4515323932282627e-10,True,False,True,
WEN38,benchmark,original,1,60001,1,PR0_HT1_EC1,No-PR,WEN38:i1:nsga2:s60001:r1:PR0_HT1_EC1:2aca52bb3fb1,cf9bc95d906238978e0c5ab26a1947d4104e026d3bac972323bf05453ec86ca7,p0005,v2,5a3987e94130527bc1b444c25fcb2f83e76b24620c83c0f6215f19f2d3e15bf7,full,0211d5313450418ddc20712d3c36e63ff4b64637bfb9f717eca80fcb394b1e6b,nsga2,ed9abc828f4d63d7,3.029344623717413,92714.0,-0.24338624338815862,2.8996493721228225,110413.66666666667,-0.0,-0.1296952515945904,17699.66666666667,0.24338624338815862,0.7973068745569893,0.0,0.17142857142857143,7.039488991722465e-10,False,False,True,
WEN38,benchmark,original,1,60001,1,PR0_HT1_EC1,No-PR,WEN38:i1:nsga2:s60001:r1:PR0_HT1_EC1:2aca52bb3fb1,cf9bc95d906238978e0c5ab26a1947d4104e026d3bac972323bf05453ec86ca7,p0006,v2,5a3987e94130527bc1b444c25fcb2f83e76b24620c83c0f6215f19f2d3e15bf7,full,0211d5313450418ddc20712d3c36e63ff4b64637bfb9f717eca80fcb394b1e6b,nsga2,55abe023552b9a31,2.876910632122958,107655.0,-0.19464977120969706,2.775652659053509,105014.5,-0.0,-0.10125797306944895,-2640.5,0.19464977120969706,0.7973068745570072,0.0,0.17142857142857143,5.011315806768835e-10,False,False,True,
WEN38,benchmark,original,1,60001,1,PR0_HT1_EC1,No-PR,WEN38:i1:nsga2:s60001:r1:PR0_HT1_EC1:2aca52bb3fb1,cf9bc95d906238978e0c5ab26a1947d4104e026d3bac972323bf05453ec86ca7,p0007,v2,5a3987e94130527bc1b444c25fcb2f83e76b24620c83c0f6215f19f2d3e15bf7,full,0211d5313450418ddc20712d3c36e63ff4b64637bfb9f717eca80fcb394b1e6b,nsga2,0b886958f0843f53,2.821417456537655,121561.0,-0.19464977120969706,2.7214568983671885,147064.33333333334,-0.19464977120878757,-0.09996055817046656,25503.333333333343,9.094947017729282e-13,0.7973068745569935,0.19464977120878757,0.0,6.584741640836e-10,False,False,True,
WEN38,benchmark,original,1,60001,1,PR0_HT1_EC1,No-PR,WEN38:i1:nsga2:s60001:r1:PR0_HT1_EC1:2aca52bb3fb1,cf9bc95d906238978e0c5ab26a1947d4104e026d3bac972323bf05453ec86ca7,p0008,v2,5a3987e94130527bc1b444c25fcb2f83e76b24620c83c0f6215f19f2d3e15bf7,full,0211d5313450418ddc20712d3c36e63ff4b64637bfb9f717eca80fcb394b1e6b,nsga2,64329bf3808db1f9,3.0272765596437656,105951.0,-0.19464977120969706,2.8975813080485127,115981.83333333333,-0.0,-0.12969525159525297,10030.833333333328,0.19464977120969706,0.7973068745570072,0.0,0.17142857142857143,5.011315806768835e-10,False,False,True,
WEN38,benchmark,original,1,60001,1,PR0_HT1_EC1,No-PR,WEN38:i1:nsga2:s60001:r1:PR0_HT1_EC1:2aca52bb3fb1,cf9bc95d906238978e0c5ab26a1947d4104e026d3bac972323bf05453ec86ca7,p0009,v2,5a3987e94130527bc1b444c25fcb2f83e76b24620c83c0f6215f19f2d3e15bf7,full,0211d5313450418ddc20712d3c36e63ff4b64637bfb9f717eca80fcb394b1e6b,nsga2,28f766519c97d641,2.7403701589242377,125915.0,-0.19464977120969706,2.5489279193771193,173071.0,-0.0,-0.19144223954711848,47156.0,0.19464977120969706,0.7973068745570072,0.0,0.17142857142857143,5.011315806768835e-10,False,False,True,
WEN38,benchmark,original,1,60001,1,PR0_HT1_EC1,No-PR,WEN38:i1:nsga2:s60001:r1:PR0_HT1_EC1:2aca52bb3fb1,cf9bc95d906238978e0c5ab26a1947d4104e026d3bac972323bf05453ec86ca7,p0010,v2,5a3987e94130527bc1b444c25fcb2f83e76b24620c83c0f6215f19f2d3e15bf7,full,0211d5313450418ddc20712d3c36e63ff4b64637bfb9f717eca80fcb394b1e6b,nsga2,931ff3e188f3a951,2.777808097558154,125764.5,-0.17161477190711594,2.6616670628309835,168793.5,-0.06267922982624441,-0.1161410347271703,43029.0,0.10893554208087153,0.7973068745570517,0.06267922982624441,0.0,0.0,False,False,True,
WEN38,benchmark,original,1,60001,1,PR0_HT1_EC1,No-PR,WEN38:i1:nsga2:s60001:r1:PR0_HT1_EC1:2aca52bb3fb1,cf9bc95d906238978e0c5ab26a1947d4104e026d3bac972323bf05453ec86ca7,p0011,v2,5a3987e94130527bc1b444c25fcb2f83e76b24620c83c0f6215f19f2d3e15bf7,full,0211d5313450418ddc20712d3c36e63ff4b64637bfb9f717eca80fcb394b1e6b,nsga2,803ffe28702ff3f8,2.793370589599132,99950.0,-0.17161477190711594,2.6810290666442818,122572.33333333334,-0.05998356614873046,-0.11234152295485034,22622.333333333343,0.11163120575838548,0.7973068745570517,0.05998356614873046,0.0,0.0,False,False,True,
WEN38,benchmark,original,1,60001,1,PR0_HT1_EC1,No-PR,WEN38:i1:nsga2:s60001:r1:PR0_HT1_EC1:2aca52bb3fb1,cf9bc95d906238978e0c5ab26a1947d4104e026d3bac972323bf05453ec86ca7,p0012,v2,5a3987e94130527bc1b444c25fcb2f83e76b24620c83c0f6215f19f2d3e15bf7,full,0211d5313450418ddc20712d3c36e63ff4b64637bfb9f717eca80fcb394b1e6b,nsga2,43e4a44d56170112,2.694725221392572,109381.0,-0.15353311136004777,2.5999771496485407,128690.33333333334,-0.0,-0.09474807174403121,19309.333333333343,0.15353311136004777,0.7973068745570477,0.0,0.17142857142857143,4.5361048250924796e-11,False,False,True,
WEN38,benchmark,original,1,60001,1,PR0_HT1_EC1,No-PR,WEN38:i1:nsga2:s60001:r1:PR0_HT1_EC1:2aca52bb3fb1,cf9bc95d906238978e0c5ab26a1947d4104e026d3bac972323bf05453ec86ca7,p0013,v2,5a3987e94130527bc1b444c25fcb2f83e76b24620c83c0f6215f19f2d3e15bf7,full,0211d5313450418ddc20712d3c36e63ff4b64637bfb9f717eca80fcb394b1e6b,nsga2,0c648bf33c8b3155,3.0116068242987,76121.0,-0.15353311136004777,2.88191157270348,92108.33333333334,-0.0,-0.1296952515952201,15987.333333333343,0.15353311136004777,0.7973068745570514,0.0,0.17142857142857143,4.547473508864641e-12,False,False,True,
WEN38,benchmark,original,1,60001,1,PR0_HT1_EC1,No-PR,WEN38:i1:nsga2:s60001:r1:PR0_HT1_EC1:2aca52bb3fb1,cf9bc95d906238978e0c5ab26a1947d4104e026d3bac972323bf05453ec86ca7,p0014,v2,5a3987e94130527bc1b444c25fcb2f83e76b24620c83c0f6215f19f2d3e15bf7,full,0211d5313450418ddc20712d3c36e63ff4b64637bfb9f717eca80fcb394b1e6b,nsga2,93bba6d2dd132723,2.9527222907639876,97613.0,-0.15353311136004777,2.7572049271917547,146583.66666666666,-0.0,-0.19551736357223293,48970.66666666666,0.15353311136004777,0.7973068745569893,0.0,0.17142857142857143,7.039488991722465e-10,False,False,True,
WEN38,benchmark,original,1,60001,1,PR0_HT1_EC1,No-PR,WEN38:i1:nsga2:s60001:r1:PR0_HT1_EC1:2aca52bb3fb1,cf9bc95d906238978e0c5ab26a1947d4104e026d3bac972323bf05453ec86ca7,p0015,v2,5a3987e94130527bc1b444c25fcb2f83e76b24620c83c0f6215f19f2d3e15bf7,full,0211d5313450418ddc20712d3c36e63ff4b64637bfb9f717eca80fcb394b1e6b,nsga2,59d203ae22d9b8a9,2.7820311140512324,107189.0,-0.06267922982624441,2.654089229970554,138068.00000000003,-0.0,-0.1279418840806783,30879.00000000003,0.06267922982624441,0.7973068745570434,0.0,0.17142857142857143,9.367795428261161e-11,False,False,True,
WEN38,benchmark,original,1,60001,1,PR0_HT1_EC1,No-PR,WEN38:i1:nsga2:s60001:r1:PR0_HT1_EC1:2aca52bb3fb1,cf9bc95d906238978e0c5ab26a1947d4104e026d3bac972323bf05453ec86ca7,p0016,v2,5a3987e94130527bc1b444c25fcb2f83e76b24620c83c0f6215f19f2d3e15bf7,full,0211d5313450418ddc20712d3c36e63ff4b64637bfb9f717eca80fcb394b1e6b,nsga2,cc9f1dbf4ba4a5ac,2.855249672136294,99119.0,-0.06267922982624441,2.70402713492837,123988.33333333334,-0.0,-0.15122253720792367,24869.333333333343,0.06267922982624441,0.7973068745570434,0.0,0.17142857142857143,9.367795428261161e-11,False,False,True,
WEN38,benchmark,original,1,60001,1,PR0_HT1_EC1,No-PR,WEN38:i1:nsga2:s60001:r1:PR0_HT1_EC1:2aca52bb3fb1,cf9bc95d906238978e0c5ab26a1947d4104e026d3bac972323bf05453ec86ca7,p0017,v2,5a3987e94130527bc1b444c25fcb2f83e76b24620c83c0f6215f19f2d3e15bf7,full,0211d5313450418ddc20712d3c36e63ff4b64637bfb9f717eca80fcb394b1e6b,nsga2,3d68cc4dabfd8964,2.56951103858884,139604.0,-0.05998356614873046,2.5045259881608333,156201.00000000003,-0.0,-0.06498505042800673,16597.00000000003,0.05998356614873046,0.797306874557034,0.0,0.17142857142857143,1.9917933968827128e-10,False,False,True,
WEN38,benchmark,original,1,60001,1,PR0_HT1_EC1,No-PR,WEN38:i1:nsga2:s60001:r1:PR0_HT1_EC1:2aca52bb3fb1,cf9bc95d906238978e0c5ab26a1947d4104e026d3bac972323bf05453ec86ca7,p0018,v2,5a3987e94130527bc1b444c25fcb2f83e76b24620c83c0f6215f19f2d3e15bf7,full,0211d5313450418ddc20712d3c36e63ff4b64637bfb9f717eca80fcb394b1e6b,nsga2,1698ca0568eb4c75,2.9900108179065676,94438.0,-0.05998356614873046,2.8603155663119617,112918.33333333334,-0.0,-0.12969525159460593,18480.333333333343,0.05998356614873046,0.7973068745570285,0.0,0.17142857142857143,2.6193447411060333e-10,False,False,True,
WEN38,benchmark,original,1,60001,1,PR0_HT1_EC1,No-PR,WEN38:i1:nsga2:s60001:r1:PR0_HT1_EC1:2aca52bb3fb1,cf9bc95d906238978e0c5ab26a1947d4104e026d3bac972323bf05453ec86ca7,p0019,v2,5a3987e94130527bc1b444c25fcb2f83e76b24620c83c0f6215f19f2d3e15bf7,full,0211d5313450418ddc20712d3c36e63ff4b64637bfb9f717eca80fcb394b1e6b,nsga2,e050a2c964ac12e9,2.916863532566369,95590.0,-0.05998356614873046,2.756535709529304,138842.6666666667,-0.05998356614873046,-0.16032782303706483,43252.666666666686,0.0,0.7973068745570517,0.05998356614873046,0.0,0.0,False,False,True,
WEN38,benchmark,original,1,60001,1,PR0_HT1_EC1,No-PR,WEN38:i1:nsga2:s60001:r1:PR0_HT1_EC1:2aca52bb3fb1,cf9bc95d906238978e0c5ab26a1947d4104e026d3bac972323bf05453ec86ca7,p0020,v2,5a3987e94130527bc1b444c25fcb2f83e76b24620c83c0f6215f19f2d3e15bf7,full,0211d5313450418ddc20712d3c36e63ff4b64637bfb9f717eca80fcb394b1e6b,nsga2,4a3fcea45d4325bb,2.4657917663740854,121211.0,-0.0,2.4623547847286833,137888.0,-0.0,-0.0034369816454020707,16677.0,0.0,0.7973068745569718,0.0,0.14285714285714285,9.022187441587448e-10,False,False,True,
WEN38,benchmark,original,1,60001,1,PR0_HT1_EC1,No-PR,WEN38:i1:nsga2:s60001:r1:PR0_HT1_EC1:2aca52bb3fb1,cf9bc95d906238978e0c5ab26a1947d4104e026d3bac972323bf05453ec86ca7,p0021,v2,5a3987e94130527bc1b444c25fcb2f83e76b24620c83c0f6215f19f2d3e15bf7,full,0211d5313450418ddc20712d3c36e63ff4b64637bfb9f717eca80fcb394b1e6b,nsga2,63ee2a3cdfdd2310,2.4669882226017146,115391.5,-0.0,2.467547804278632,134790.5,-0.0,0.0005595816769172757,19399.0,0.0,0.7973068745570517,0.0,0.11428571428571428,0.0,False,False,True,
WEN38,benchmark,original,1,60001,1,PR0_HT1_EC1,No-PR,WEN38:i1:nsga2:s60001:r1:PR0_HT1_EC1:2aca52bb3fb1,cf9bc95d906238978e0c5ab26a1947d4104e026d3bac972323bf05453ec86ca7,p0022,v2,5a3987e94130527bc1b444c25fcb2f83e76b24620c83c0f6215f19f2d3e15bf7,full,0211d5313450418ddc20712d3c36e63ff4b64637bfb9f717eca80fcb394b1e6b,nsga2,299c140c6a1eb40f,2.5965841701363837,91004.0,-0.0,2.5733736811215215,91733.33333333333,-0.0,-0.023210489014862112,729.3333333333285,0.0,0.7973068745570421,0.0,0.14285714285714285,1.0913936421275139e-10,False,False,True,
WEN38,benchmark,original,1,60001,1,PR0_HT1_EC1,No-PR,WEN38:i1:nsga2:s60001:r1:PR0_HT1_EC1:2aca52bb3fb1,cf9bc95d906238978e0c5ab26a1947d4104e026d3bac972323bf05453ec86ca7,p0023,v2,5a3987e94130527bc1b444c25fcb2f83e76b24620c83c0f6215f19f2d3e15bf7,full,0211d5313450418ddc20712d3c36e63ff4b64637bfb9f717eca80fcb394b1e6b,nsga2,f7b58876178441e2,2.507622724363099,108518.0,-0.0,2.468815415580308,112084.0,-0.0,-0.038807308782790706,3566.0,0.0,0.7973068745570517,0.0,0.17142857142857143,0.0,False,False,True,
WEN38,benchmark,original,1,60001,1,PR0_HT1_EC1,No-PR,WEN38:i1:nsga2:s60001:r1:PR0_HT1_EC1:2aca52bb3fb1,cf9bc95d906238978e0c5ab26a1947d4104e026d3bac972323bf05453ec86ca7,p0024,v2,5a3987e94130527bc1b444c25fcb2f83e76b24620c83c0f6215f19f2d3e15bf7,full,0211d5313450418ddc20712d3c36e63ff4b64637bfb9f717eca80fcb394b1e6b,nsga2,e9e431be2401f945,2.6622092339370074,87277.0,-0.0,2.554240206386477,115300.33333333334,-0.0,-0.1079690275505305,28023.333333333343,0.0,0.7973068745570434,0.0,0.17142857142857143,9.367795428261161e-11,False,False,True,
WEN38,benchmark,original,1,60001,1,PR0_HT1_EC1,No-PR,WEN38:i1:nsga2:s60001:r1:PR0_HT1_EC1:2aca52bb3fb1,cf9bc95d906238978e0c5ab26a1947d4104e026d3bac972323bf05453ec86ca7,p0025,v2,5a3987e94130527bc1b444c25fcb2f83e76b24620c83c0f6215f19f2d3e15bf7,full,0211d5313450418ddc20712d3c36e63ff4b64637bfb9f717eca80fcb394b1e6b,nsga2,1d8514b38703590a,2.8839491347169597,85711.0,-0.0,2.7867662856728592,115639.0,-0.0,-0.09718284904410046,29928.0,0.0,0.7973068745570058,0.0,0.17142857142857143,5.181846063351259e-10,False,False,True,
WEN38,benchmark,original,1,60001,1,PR0_HT1_EC1,No-PR,WEN38:i1:nsga2:s60001:r1:PR0_HT1_EC1:2aca52bb3fb1,cf9bc95d906238978e0c5ab26a1947d4104e026d3bac972323bf05453ec86ca7,p0026,v2,5a3987e94130527bc1b444c25fcb2f83e76b24620c83c0f6215f19f2d3e15bf7,full,0211d5313450418ddc20712d3c36e63ff4b64637bfb9f717eca80fcb394b1e6b,nsga2,9a1006455666bf22,2.465294999098508,126675.0,-0.0,2.4690096953192384,130471.0,-0.0,0.0037146962207303957,3796.0,0.0,0.7973068745570517,0.0,0.11428571428571428,0.0,False,False,True,
WEN38,benchmark,original,1,60001,1,PR0_HT1_EC1,No-PR,WEN38:i1:nsga2:s60001:r1:PR0_HT1_EC1:2aca52bb3fb1,cf9bc95d906238978e0c5ab26a1947d4104e026d3bac972323bf05453ec86ca7,p0027,v2,5a3987e94130527bc1b444c25fcb2f83e76b24620c83c0f6215f19f2d3e15bf7,full,0211d5313450418ddc20712d3c36e63ff4b64637bfb9f717eca80fcb394b1e6b,nsga2,5ddd2979bb017870,2.46504755163671,131967.0,-0.0,2.469203349640863,131865.0,-0.0,0.004155798004153333,-102.0,0.0,0.7973068745570517,0.0,0.11428571428571428,0.0,False,False,True,
WEN38,benchmark,original,1,60001,1,PR0_HT1_EC1,No-PR,WEN38:i1:nsga2:s60001:r1:PR0_HT1_EC1:2aca52bb3fb1,cf9bc95d906238978e0c5ab26a1947d4104e026d3bac972323bf05453ec86ca7,p0028,v2,5a3987e94130527bc1b444c25fcb2f83e76b24620c83c0f6215f19f2d3e15bf7,full,0211d5313450418ddc20712d3c36e63ff4b64637bfb9f717eca80fcb394b1e6b,nsga2,049b406d55ba8c25,2.5152425849635565,105857.5,-0.0,2.5069151576060253,113230.83333333333,-0.0,-0.008327427357531114,7373.3333333333285,0.0,0.7973068745570504,0.0,0.17142857142857143,1.4551915228366852e-11,False,False,True,
WEN38,benchmark,original,1,60001,1,PR0_HT1_EC1,No-PR,WEN38:i1:nsga2:s60001:r1:PR0_HT1_EC1:2aca52bb3fb1,cf9bc95d906238978e0c5ab26a1947d4104e026d3bac972323bf05453ec86ca7,p0029,v2,5a3987e94130527bc1b444c25fcb2f83e76b24620c83c0f6215f19f2d3e15bf7,full,0211d5313450418ddc20712d3c36e63ff4b64637bfb9f717eca80fcb394b1e6b,nsga2,3f13abeebc18a137,2.463312858715078,149668.5,-0.0,2.4647897435002397,144385.16666666666,-0.0,0.001476884785161836,-5283.333333333343,0.0,0.7973068745570075,0.0,0.08571428571428572,4.984030965715647e-10,False,False,True,
WEN38,benchmark,original,1,60001,1,PR0_HT1_EC1,No-PR,WEN38:i1:nsga2:s60001:r1:PR0_HT1_EC1:2aca52bb3fb1,cf9bc95d906238978e0c5ab26a1947d4104e026d3bac972323bf05453ec86ca7,p0030,v2,5a3987e94130527bc1b444c25fcb2f83e76b24620c83c0f6215f19f2d3e15bf7,full,0211d5313450418ddc20712d3c36e63ff4b64637bfb9f717eca80fcb394b1e6b,nsga2,6b3bc5f1cc87e5f3,2.4616141850399993,156116.5,-0.0,2.4653005606687817,149581.5,-0.0,0.003686375628782379,-6535.0,0.0,0.7973068745570517,0.0,0.08571428571428572,0.0,False,False,True,
WEN38,benchmark,original,1,60001,1,PR0_HT1_EC1,No-PR,WEN38:i1:nsga2:s60001:r1:PR0_HT1_EC1:2aca52bb3fb1,cf9bc95d906238978e0c5ab26a1947d4104e026d3bac972323bf05453ec86ca7,p0031,v2,5a3987e94130527bc1b444c25fcb2f83e76b24620c83c0f6215f19f2d3e15bf7,full,0211d5313450418ddc20712d3c36e63ff4b64637bfb9f717eca80fcb394b1e6b,nsga2,cc92eaabbc643f5d,2.4642843213436096,149085.0,-0.0,2.4672533546365853,159428.66666666666,-0.0,0.002969033292975709,10343.666666666657,0.0,0.7973068745570517,0.0,0.08571428571428572,0.0,False,False,True,
WEN38,benchmark,original,1,60001,1,PR0_HT1_EC1,No-PR,WEN38:i1:nsga2:s60001:r1:PR0_HT1_EC1:2aca52bb3fb1,cf9bc95d906238978e0c5ab26a1947d4104e026d3bac972323bf05453ec86ca7,p0032,v2,5a3987e94130527bc1b444c25fcb2f83e76b24620c83c0f6215f19f2d3e15bf7,full,0211d5313450418ddc20712d3c36e63ff4b64637bfb9f717eca80fcb394b1e6b,nsga2,33ec58edd6c31c02,2.5285826190268477,104328.0,-0.0,2.468554440469042,122359.33333333334,-0.0,-0.060028178557805845,18031.333333333343,0.0,0.7973068745570517,0.0,0.17142857142857143,0.0,False,False,True,
WEN38,benchmark,original,1,60001,1,PR0_HT1_EC1,No-PR,WEN38:i1:nsga2:s60001:r1:PR0_HT1_EC1:2aca52bb3fb1,cf9bc95d906238978e0c5ab26a1947d4104e026d3bac972323bf05453ec86ca7,p0033,v2,5a3987e94130527bc1b444c25fcb2f83e76b24620c83c0f6215f19f2d3e15bf7,full,0211d5313450418ddc20712d3c36e63ff4b64637bfb9f717eca80fcb394b1e6b,nsga2,3a53d661d3bc9c8b,2.5557520568847645,95873.0,-0.0,2.4912587896987395,111495.33333333334,-0.0,-0.064493267186025,15622.333333333343,0.0,0.7973068745570075,0.0,0.17142857142857143,4.993125912733376e-10,False,False,True,
WEN38,benchmark,original,1,60001,1,PR1_HT0_EC1,No-HT,WEN38:i1:nsga2:s60001:r1:PR1_HT0_EC1:810cc032fd7d,cf9bc95d906238978e0c5ab26a1947d4104e026d3bac972323bf05453ec86ca7,p0001,v2,716feb78a89b882a20ab8d73b90dc7f2cce92e24a8065d5faecffada3f9967e4,full,0211d5313450418ddc20712d3c36e63ff4b64637bfb9f717eca80fcb394b1e6b,nsga2,e51cc80a803239cc,2.7652941711196948,115553.66666666667,-0.33313902652480465,2.7652941711196948,145185.33333333334,-0.33313902652480465,0.0,29631.66666666667,0.0,0.7973068745570037,0.33313902652480465,0.0,5.411493475548923e-10,True,False,True,
WEN38,benchmark,original,1,60001,1,PR1_HT0_EC1,No-HT,WEN38:i1:nsga2:s60001:r1:PR1_HT0_EC1:810cc032fd7d,cf9bc95d906238978e0c5ab26a1947d4104e026d3bac972323bf05453ec86ca7,p0002,v2,716feb78a89b882a20ab8d73b90dc7f2cce92e24a8065d5faecffada3f9967e4,full,0211d5313450418ddc20712d3c36e63ff4b64637bfb9f717eca80fcb394b1e6b,nsga2,a31030aea196a05e,2.7701666020197657,114955.33333333334,-0.33313902652480465,2.7701666020197657,148802.6666666667,-0.33313902652480465,0.0,33847.33333333334,0.0,0.7973068745570037,0.33313902652480465,0.0,5.411493475548923e-10,False,False,True,
WEN38,benchmark,original,1,60001,1,PR1_HT0_EC1,No-HT,WEN38:i1:nsga2:s60001:r1:PR1_HT0_EC1:810cc032fd7d,cf9bc95d906238978e0c5ab26a1947d4104e026d3bac972323bf05453ec86ca7,p0003,v2,716feb78a89b882a20ab8d73b90dc7f2cce92e24a8065d5faecffada3f9967e4,full,0211d5313450418ddc20712d3c36e63ff4b64637bfb9f717eca80fcb394b1e6b,nsga2,4dd360afbe4be619,2.803711760625413,103727.83333333334,-0.2798237330835036,2.803711760625413,134253.1666666667,-0.2798237330835036,0.0,30525.333333333343,0.0,0.7973068745570517,0.2798237330835036,0.0,0.0,False,False,True,
WEN38,benchmark,original,1,60001,1,PR1_HT0_EC1,No-HT,WEN38:i1:nsga2:s60001:r1:PR1_HT0_EC1:810cc032fd7d,cf9bc95d906238978e0c5ab26a1947d4104e026d3bac972323bf05453ec86ca7,p0004,v2,716feb78a89b882a20ab8d73b90dc7f2cce92e24a8065d5faecffada3f9967e4,full,0211d5313450418ddc20712d3c36e63ff4b64637bfb9f717eca80fcb394b1e6b,nsga2,34d9a5a52a11ba39,2.8041547088890555,100313.83333333334,-0.2798237330835036,2.8041547088890555,132533.1666666667,-0.2798237330835036,0.0,32219.333333333343,0.0,0.7973068745570517,0.2798237330835036,0.0,0.0,False,False,True,
WEN38,benchmark,original,1,60001,1,PR1_HT0_EC1,No-HT,WEN38:i1:nsga2:s60001:r1:PR1_HT0_EC1:810cc032fd7d,cf9bc95d906238978e0c5ab26a1947d4104e026d3bac972323bf05453ec86ca7,p0005,v2,716feb78a89b882a20ab8d73b90dc7f2cce92e24a8065d5faecffada3f9967e4,full,0211d5313450418ddc20712d3c36e63ff4b64637bfb9f717eca80fcb394b1e6b,nsga2,553b0dd8f6257ee6,2.767655771964921,108802.5,-0.2798237330835036,2.767655771964921,129117.83333333334,-0.2798237330835036,0.0,20315.333333333343,0.0,0.7973068745570517,0.2798237330835036,0.0,0.0,False,False,True,
WEN38,benchmark,original,1,60001,1,PR1_HT0_EC1,No-HT,WEN38:i1:nsga2:s60001:r1:PR1_HT0_EC1:810cc032fd7d,cf9bc95d906238978e0c5ab26a1947d4104e026d3bac972323bf05453ec86ca7,p0006,v2,716feb78a89b882a20ab8d73b90dc7f2cce92e24a8065d5faecffada3f9967e4,full,0211d5313450418ddc20712d3c36e63ff4b64637bfb9f717eca80fcb394b1e6b,nsga2,f044d29c09e0e2ad,2.6254392271277984,119502.0,-0.24338624338815862,2.626325123655084,123583.33333333334,-0.24338624338815862,0.0008858965272855457,4081.333333333343,0.0,0.7973068745570517,0.24338624338815862,0.0,0.0,False,False,True,
WEN38,benchmark,original,1,60001,1,PR1_HT0_EC1,No-HT,WEN38:i1:nsga2:s60001:r1:PR1_HT0_EC1:810cc032fd7d,cf9bc95d906238978e0c5ab26a1947d4104e026d3bac972323bf05453ec86ca7,p0007,v2,716feb78a89b882a20ab8d73b90dc7f2cce92e24a8065d5faecffada3f9967e4,full,0211d5313450418ddc20712d3c36e63ff4b64637bfb9f717eca80fcb394b1e6b,nsga2,d8427ff9054341a0,2.6265324551681397,110003.33333333334,-0.19464977120969706,2.6265324551681397,120438.00000000001,-0.19464977120969706,0.0,10434.666666666672,0.0,0.797306874556969,0.19464977120969706,0.0,9.331415640190244e-10,False,False,True,
WEN38,benchmark,original,1,60001,1,PR1_HT0_EC1,No-HT,WEN38:i1:nsga2:s60001:r1:PR1_HT0_EC1:810cc032fd7d,cf9bc95d906238978e0c5ab26a1947d4104e026d3bac972323bf05453ec86ca7,p0008,v2,716feb78a89b882a20ab8d73b90dc7f2cce92e24a8065d5faecffada3f9967e4,full,0211d5313450418ddc20712d3c36e63ff4b64637bfb9f717eca80fcb394b1e6b,nsga2,182df6eb8553659d,2.6001544806491133,119530.66666666667,-0.15353311136004777,2.5992685841218277,139610.6666666667,-0.15353311136004777,-0.0008858965272855457,20080.000000000015,0.0,0.7973068745570517,0.15353311136004777,0.0,0.0,False,False,True,
WEN38,benchmark,original,1,60001,1,PR1_HT0_EC1,No-HT,WEN38:i1:nsga2:s60001:r1:PR1_HT0_EC1:810cc032fd7d,cf9bc95d906238978e0c5ab26a1947d4104e026d3bac972323bf05453ec86ca7,p0009,v2,716feb78a89b882a20ab8d73b90dc7f2cce92e24a8065d5faecffada3f9967e4,full,0211d5313450418ddc20712d3c36e63ff4b64637bfb9f717eca80fcb394b1e6b,nsga2,ede992a0fdf97cc5,2.5261259270947436,136352.6666666667,-0.07405908539294614,2.5409203991003855,168640.00000000003,-0.07405908539294614,0.014794472005641879,32287.333333333343,0.0,0.7973068745570517,0.07405908539294614,0.0,0.0,False,False,True,
WEN38,benchmark,original,1,60001,1,PR1_HT0_EC1,No-HT,WEN38:i1:nsga2:s60001:r1:PR1_HT0_EC1:810cc032fd7d,cf9bc95d906238978e0c5ab26a1947d4104e026d3bac972323bf05453ec86ca7,p0010,v2,716feb78a89b882a20ab8d73b90dc7f2cce92e24a8065d5faecffada3f9967e4,full,0211d5313450418ddc20712d3c36e63ff4b64637bfb9f717eca80fcb394b1e6b,nsga2,bf787f00e2b79b78,2.5795454876900177,136103.00000000003,-0.07405908539294614,2.68532153304782,156286.6666666667,-0.07405908539294614,0.1057760453578025,20183.666666666657,0.0,0.7973068745570517,0.07405908539294614,0.0,0.0,False,False,True,
WEN38,benchmark,original,1,60001,1,PR1_HT0_EC1,No-HT,WEN38:i1:nsga2:s60001:r1:PR1_HT0_EC1:810cc032fd7d,cf9bc95d906238978e0c5ab26a1947d4104e026d3bac972323bf05453ec86ca7,p0011,v2,716feb78a89b882a20ab8d73b90dc7f2cce92e24a8065d5faecffada3f9967e4,full,0211d5313450418ddc20712d3c36e63ff4b64637bfb9f717eca80fcb394b1e6b,nsga2,1d3ac1d263de6619,2.544591826519823,122811.0,-0.044676409188468824,2.544591826519823,146799.6666666667,-0.044676409188468824,0.0,23988.666666666686,0.0,0.7973068745570517,0.044676409188468824,0.0,0.0,False,False,True,
WEN38,benchmark,original,1,60001,1,PR1_HT0_EC1,No-HT,WEN38:i1:nsga2:s60001:r1:PR1_HT0_EC1:810cc032fd7d,cf9bc95d906238978e0c5ab26a1947d4104e026d3bac972323bf05453ec86ca7,p0012,v2,716feb78a89b882a20ab8d73b90dc7f2cce92e24a8065d5faecffada3f9967e4,full,0211d5313450418ddc20712d3c36e63ff4b64637bfb9f717eca80fcb394b1e6b,nsga2,6505c58f21ce6fb8,2.4600952830944935,136438.6666666667,-0.0,2.530057842406902,165343.66666666666,-0.0,0.06996255931240825,28904.99999999997,0.0,0.797306874557005,0.0,0.05714285714285714,5.265974323265254e-10,False,False,True,
WEN38,benchmark,original,1,60001,1,PR1_HT0_EC1,No-HT,WEN38:i1:nsga2:s60001:r1:PR1_HT0_EC1:810cc032fd7d,cf9bc95d906238978e0c5ab26a1947d4104e026d3bac972323bf05453ec86ca7,p0013,v2,716feb78a89b882a20ab8d73b90dc7f2cce92e24a8065d5faecffada3f9967e4,full,0211d5313450418ddc20712d3c36e63ff4b64637bfb9f717eca80fcb394b1e6b,nsga2,9460080e97615dd4,2.4637616282346846,126944.0,-0.0,2.4637616282346846,130671.33333333333,-0.0,0.0,3727.3333333333285,0.0,0.7973068745570517,0.0,0.11428571428571428,0.0,False,False,True,
WEN38,benchmark,original,1,60001,1,PR1_HT0_EC1,No-HT,WEN38:i1:nsga2:s60001:r1:PR1_HT0_EC1:810cc032fd7d,cf9bc95d906238978e0c5ab26a1947d4104e026d3bac972323bf05453ec86ca7,p0014,v2,716feb78a89b882a20ab8d73b90dc7f2cce92e24a8065d5faecffada3f9967e4,full,0211d5313450418ddc20712d3c36e63ff4b64637bfb9f717eca80fcb394b1e6b,nsga2,83300ca2d35a66a2,2.4615536705044176,132915.33333333334,-0.0,2.4615536705044176,140033.33333333334,-0.0,0.0,7118.0,0.0,0.7973068745570517,0.0,0.14285714285714285,0.0,False,False,True,
WEN38,benchmark,original,1,60001,1,PR1_HT0_EC1,No-HT,WEN38:i1:nsga2:s60001:r1:PR1_HT0_EC1:810cc032fd7d,cf9bc95d906238978e0c5ab26a1947d4104e026d3bac972323bf05453ec86ca7,p0015,v2,716feb78a89b882a20ab8d73b90dc7f2cce92e24a8065d5faecffada3f9967e4,full,0211d5313450418ddc20712d3c36e63ff4b64637bfb9f717eca80fcb394b1e6b,nsga2,b2f58527be7cae56,2.46460794757422,125578.5,-0.0,2.46460794757422,125578.5,-0.0,0.0,0.0,0.0,0.7973068745570517,0.0,0.2,0.0,False,False,True,
WEN38,benchmark,original,1,60001,1,PR1_HT0_EC1,No-HT,WEN38:i1:nsga2:s60001:r1:PR1_HT0_EC1:810cc032fd7d,cf9bc95d906238978e0c5ab26a1947d4104e026d3bac972323bf05453ec86ca7,p0016,v2,716feb78a89b882a20ab8d73b90dc7f2cce92e24a8065d5faecffada3f9967e4,full,0211d5313450418ddc20712d3c36e63ff4b64637bfb9f717eca80fcb394b1e6b,nsga2,8fb2b84b4f8ed2d2,3.09972011016965,80998.16666666667,-0.0,3.09972011016965,90656.83333333334,-0.0,0.0,9658.666666666672,0.0,0.7973068745570235,0.0,0.14285714285714285,3.183231456205249e-10,False,False,True,
WEN38,benchmark,original,1,60001,1,PR1_HT0_EC1,No-HT,WEN38:i1:nsga2:s60001:r1:PR1_HT0_EC1:810cc032fd7d,cf9bc95d906238978e0c5ab26a1947d4104e026d3bac972323bf05453ec86ca7,p0017,v2,716feb78a89b882a20ab8d73b90dc7f2cce92e24a8065d5faecffada3f9967e4,full,0211d5313450418ddc20712d3c36e63ff4b64637bfb9f717eca80fcb394b1e6b,nsga2,5ce73a073d953ef4,2.4656323794338073,91979.33333333334,-0.0,2.466518275961093,99008.33333333333,-0.0,0.0008858965272855457,7028.999999999985,0.0,0.7973068745570517,0.0,0.17142857142857143,0.0,False,False,True,
WEN38,benchmark,original,1,60001,1,PR1_HT0_EC1,No-HT,WEN38:i1:nsga2:s60001:r1:PR1_HT0_EC1:810cc032fd7d,cf9bc95d906238978e0c5ab26a1947d4104e026d3bac972323bf05453ec86ca7,p0018,v2,716feb78a89b882a20ab8d73b90dc7f2cce92e24a8065d5faecffada3f9967e4,full,0211d5313450418ddc20712d3c36e63ff4b64637bfb9f717eca80fcb394b1e6b,nsga2,f90dfff3313d9bf2,2.4938038890014775,87697.0,-0.0,2.4938038890014775,87722.33333333334,-0.0,0.0,25.333333333343035,0.0,0.7973068745570517,0.0,0.17142857142857143,0.0,False,False,True,
WEN38,benchmark,original,1,60001,1,PR1_HT0_EC1,No-HT,WEN38:i1:nsga2:s60001:r1:PR1_HT0_EC1:810cc032fd7d,cf9bc95d906238978e0c5ab26a1947d4104e026d3bac972323bf05453ec86ca7,p0019,v2,716feb78a89b882a20ab8d73b90dc7f2cce92e24a8065d5faecffada3f9967e4,full,0211d5313450418ddc20712d3c36e63ff4b64637bfb9f717eca80fcb394b1e6b,nsga2,911ba5b2425b2ebf,2.4626149197074616,130127.83333333334,-0.0,2.4626149197074616,133481.83333333334,-0.0,0.0,3354.0,0.0,0.7973068745570517,0.0,0.11428571428571428,0.0,False,False,True,
WEN38,benchmark,original,1,60001,1,PR1_HT1_EC0,No-EC,WEN38:i1:nsga2:s60001:r1:PR1_HT1_EC0:f2ee064e9de3,cf9bc95d906238978e0c5ab26a1947d4104e026d3bac972323bf05453ec86ca7,p0001,v2,eff43348491cb4cfafd4d33265d0430f45b06053eb35313886f5a3d54a9c7886,full,0211d5313450418ddc20712d3c36e63ff4b64637bfb9f717eca80fcb394b1e6b,nsga2,aacc90007cf45364,2.6287423963597236,149233.6666666667,-0.4430379746845574,2.6287423963597236,149233.6666666667,-0.4430379746845574,0.0,0.0,0.0,0.7973068745570517,0.4430379746845574,0.0,0.0,True,False,True,
WEN38,benchmark,original,1,60001,1,PR1_HT1_EC0,No-EC,WEN38:i1:nsga2:s60001:r1:PR1_HT1_EC0:f2ee064e9de3,cf9bc95d906238978e0c5ab26a1947d4104e026d3bac972323bf05453ec86ca7,p0002,v2,eff43348491cb4cfafd4d33265d0430f45b06053eb35313886f5a3d54a9c7886,full,0211d5313450418ddc20712d3c36e63ff4b64637bfb9f717eca80fcb394b1e6b,nsga2,6d58023f9c397599,2.819212883975501,136905.16666666666,-0.4140845070432988,2.819212883975501,136905.16666666666,-0.4140845070432988,0.0,0.0,0.0,0.7973068745570517,0.4140845070432988,0.0,0.0,False,False,True,
WEN38,benchmark,original,1,60001,1,PR1_HT1_EC0,No-EC,WEN38:i1:nsga2:s60001:r1:PR1_HT1_EC0:f2ee064e9de3,cf9bc95d906238978e0c5ab26a1947d4104e026d3bac972323bf05453ec86ca7,p0003,v2,eff43348491cb4cfafd4d33265d0430f45b06053eb35313886f5a3d54a9c7886,full,0211d5313450418ddc20712d3c36e63ff4b64637bfb9f717eca80fcb394b1e6b,nsga2,2030112ba4cbed7e,2.601521554629481,125017.33333333334,-0.4019864087831593,2.601521554629481,125017.33333333334,-0.4019864087831593,0.0,0.0,0.0,0.7973068745570517,0.4019864087831593,0.0,0.0,False,False,True,
WEN38,benchmark,original,1,60001,1,PR1_HT1_EC0,No-EC,WEN38:i1:nsga2:s60001:r1:PR1_HT1_EC0:f2ee064e9de3,cf9bc95d906238978e0c5ab26a1947d4104e026d3bac972323bf05453ec86ca7,p0004,v2,eff43348491cb4cfafd4d33265d0430f45b06053eb35313886f5a3d54a9c7886,full,0211d5313450418ddc20712d3c36e63ff4b64637bfb9f717eca80fcb394b1e6b,nsga2,497d705823d73103,2.5355181678493537,148835.6666666667,-0.35428462087384105,2.5355181678493537,148835.6666666667,-0.35428462087384105,0.0,0.0,0.0,0.7973068745570482,0.35428462087384105,0.0,4.001776687800884e-11,False,False,True,
WEN38,benchmark,original,1,60001,1,PR1_HT1_EC0,No-EC,WEN38:i1:nsga2:s60001:r1:PR1_HT1_EC0:f2ee064e9de3,cf9bc95d906238978e0c5ab26a1947d4104e026d3bac972323bf05453ec86ca7,p0005,v2,eff43348491cb4cfafd4d33265d0430f45b06053eb35313886f5a3d54a9c7886,full,0211d5313450418ddc20712d3c36e63ff4b64637bfb9f717eca80fcb394b1e6b,nsga2,1a3d4381bc2072ec,2.5356972936172317,147531.6666666667,-0.3521242599035759,2.5356972936172317,147531.6666666667,-0.3521242599035759,0.0,0.0,0.0,0.7973068745570517,0.3521242599035759,0.0,0.0,False,False,True,
WEN38,benchmark,original,1,60001,1,PR1_HT1_EC0,No-EC,WEN38:i1:nsga2:s60001:r1:PR1_HT1_EC0:f2ee064e9de3,cf9bc95d906238978e0c5ab26a1947d4104e026d3bac972323bf05453ec86ca7,p0006,v2,eff43348491cb4cfafd4d33265d0430f45b06053eb35313886f5a3d54a9c7886,full,0211d5313450418ddc20712d3c36e63ff4b64637bfb9f717eca80fcb394b1e6b,nsga2,e66ddf489ef000ca,2.8067883978448336,103847.00000000001,-0.2847764926555101,2.8067883978448336,103847.00000000001,-0.2847764926555101,0.0,0.0,0.0,0.7973068745570517,0.2847764926555101,0.0,0.0,False,False,True,
WEN38,benchmark,original,1,60001,1,PR1_HT1_EC0,No-EC,WEN38:i1:nsga2:s60001:r1:PR1_HT1_EC0:f2ee064e9de3,cf9bc95d906238978e0c5ab26a1947d4104e026d3bac972323bf05453ec86ca7,p0007,v2,eff43348491cb4cfafd4d33265d0430f45b06053eb35313886f5a3d54a9c7886,full,0211d5313450418ddc20712d3c36e63ff4b64637bfb9f717eca80fcb394b1e6b,nsga2,f49b9520ad8e9d04,2.5875185564348566,139377.1666666667,-0.2847764926555101,2.5875185564348566,139377.1666666667,-0.2847764926555101,0.0,0.0,0.0,0.7973068745570517,0.2847764926555101,0.0,0.0,False,False,True,
WEN38,benchmark,original,1,60001,1,PR1_HT1_EC0,No-EC,WEN38:i1:nsga2:s60001:r1:PR1_HT1_EC0:f2ee064e9de3,cf9bc95d906238978e0c5ab26a1947d4104e026d3bac972323bf05453ec86ca7,p0008,v2,eff43348491cb4cfafd4d33265d0430f45b06053eb35313886f5a3d54a9c7886,full,0211d5313450418ddc20712d3c36e63ff4b64637bfb9f717eca80fcb394b1e6b,nsga2,2aa9af2c016c5edb,2.605951037265932,120912.0,-0.27640733712996735,2.605951037265932,120912.0,-0.27640733712996735,0.0,0.0,0.0,0.7973068745570517,0.27640733712996735,0.0,0.0,False,False,True,
WEN38,benchmark,original,1,60001,1,PR1_HT1_EC0,No-EC,WEN38:i1:nsga2:s60001:r1:PR1_HT1_EC0:f2ee064e9de3,cf9bc95d906238978e0c5ab26a1947d4104e026d3bac972323bf05453ec86ca7,p0009,v2,eff43348491cb4cfafd4d33265d0430f45b06053eb35313886f5a3d54a9c7886,full,0211d5313450418ddc20712d3c36e63ff4b64637bfb9f717eca80fcb394b1e6b,nsga2,e061df229fe6cf88,2.6120875416491964,107706.66666666666,-0.15353311136004777,2.6120875416491964,107706.66666666666,-0.15353311136004777,0.0,0.0,0.0,0.7973068745570517,0.15353311136004777,0.0,0.0,False,False,True,
WEN38,benchmark,original,1,60001,1,PR1_HT1_EC0,No-EC,WEN38:i1:nsga2:s60001:r1:PR1_HT1_EC0:f2ee064e9de3,cf9bc95d906238978e0c5ab26a1947d4104e026d3bac972323bf05453ec86ca7,p0010,v2,eff43348491cb4cfafd4d33265d0430f45b06053eb35313886f5a3d54a9c7886,full,0211d5313450418ddc20712d3c36e63ff4b64637bfb9f717eca80fcb394b1e6b,nsga2,e6ae7ee2b46a0c4e,2.5754352829199636,144345.6666666667,-0.06267922982624441,2.5754352829199636,144345.6666666667,-0.06267922982624441,0.0,0.0,0.0,0.7973068745570517,0.06267922982624441,0.0,0.0,False,False,True,
WEN38,benchmark,original,1,60001,1,PR1_HT1_EC0,No-EC,WEN38:i1:nsga2:s60001:r1:PR1_HT1_EC0:f2ee064e9de3,cf9bc95d906238978e0c5ab26a1947d4104e026d3bac972323bf05453ec86ca7,p0011,v2,eff43348491cb4cfafd4d33265d0430f45b06053eb35313886f5a3d54a9c7886,full,0211d5313450418ddc20712d3c36e63ff4b64637bfb9f717eca80fcb394b1e6b,nsga2,87193ecce38089c2,2.576321179447249,143616.33333333334,-0.06267922982624441,2.576321179447249,143616.33333333334,-0.06267922982624441,0.0,0.0,0.0,0.7973068745570517,0.06267922982624441,0.0,0.0,False,False,True,
WEN38,benchmark,original,1,60001,1,PR1_HT1_EC0,No-EC,WEN38:i1:nsga2:s60001:r1:PR1_HT1_EC0:f2ee064e9de3,cf9bc95d906238978e0c5ab26a1947d4104e026d3bac972323bf05453ec86ca7,p0012,v2,eff43348491cb4cfafd4d33265d0430f45b06053eb35313886f5a3d54a9c7886,full,0211d5313450418ddc20712d3c36e63ff4b64637bfb9f717eca80fcb394b1e6b,nsga2,e17fec6192053e3d,2.46460794757422,125578.5,-0.0,2.46460794757422,125578.5,-0.0,0.0,0.0,0.0,0.7973068745570517,0.0,0.2,0.0,False,False,True,
WEN38,benchmark,original,1,60001,1,PR1_HT1_EC0,No-EC,WEN38:i1:nsga2:s60001:r1:PR1_HT1_EC0:f2ee064e9de3,cf9bc95d906238978e0c5ab26a1947d4104e026d3bac972323bf05453ec86ca7,p0013,v2,eff43348491cb4cfafd4d33265d0430f45b06053eb35313886f5a3d54a9c7886,full,0211d5313450418ddc20712d3c36e63ff4b64637bfb9f717eca80fcb394b1e6b,nsga2,8b2ffa4dccdbdf35,2.865346158298019,81636.66666666667,-0.0,2.865346158298019,81636.66666666667,-0.0,0.0,0.0,0.0,0.7973068745569747,0.0,0.14285714285714285,8.685674401931465e-10,False,False,True,
WEN38,benchmark,original,1,60001,1,PR1_HT1_EC0,No-EC,WEN38:i1:nsga2:s60001:r1:PR1_HT1_EC0:f2ee064e9de3,cf9bc95d906238978e0c5ab26a1947d4104e026d3bac972323bf05453ec86ca7,p0014,v2,eff43348491cb4cfafd4d33265d0430f45b06053eb35313886f5a3d54a9c7886,full,0211d5313450418ddc20712d3c36e63ff4b64637bfb9f717eca80fcb394b1e6b,nsga2,d55ec2113cd562c9,2.8362887522026927,85992.66666666667,-0.0,2.8362887522026927,85992.66666666667,-0.0,0.0,0.0,0.0,0.7973068745570517,0.0,0.05714285714285714,0.0,False,False,True,
WEN38,benchmark,original,1,60001,1,PR1_HT1_EC0,No-EC,WEN38:i1:nsga2:s60001:r1:PR1_HT1_EC0:f2ee064e9de3,cf9bc95d906238978e0c5ab26a1947d4104e026d3bac972323bf05453ec86ca7,p0015,v2,eff43348491cb4cfafd4d33265d0430f45b06053eb35313886f5a3d54a9c7886,full,0211d5313450418ddc20712d3c36e63ff4b64637bfb9f717eca80fcb394b1e6b,nsga2,1d4d6d9f25601fe0,2.4907891065604746,97519.66666666667,-0.0,2.4907891065604746,97519.66666666667,-0.0,0.0,0.0,0.0,0.7973068745570075,0.0,0.17142857142857143,4.993125912733376e-10,False,False,True,
WEN38,benchmark,original,1,60001,1,PR1_HT1_EC0,No-EC,WEN38:i1:nsga2:s60001:r1:PR1_HT1_EC0:f2ee064e9de3,cf9bc95d906238978e0c5ab26a1947d4104e026d3bac972323bf05453ec86ca7,p0016,v2,eff43348491cb4cfafd4d33265d0430f45b06053eb35313886f5a3d54a9c7886,full,0211d5313450418ddc20712d3c36e63ff4b64637bfb9f717eca80fcb394b1e6b,nsga2,2e5ac41dc3e2e4c8,2.4649200773085607,113927.66666666666,-0.0,2.4649200773085607,113927.66666666666,-0.0,0.0,0.0,0.0,0.7973068745570171,0.0,0.05714285714285714,3.9108272176235914e-10,False,False,True,
WEN38,benchmark,original,1,60001,1,PR1_HT1_EC0,No-EC,WEN38:i1:nsga2:s60001:r1:PR1_HT1_EC0:f2ee064e9de3,cf9bc95d906238978e0c5ab26a1947d4104e026d3bac972323bf05453ec86ca7,p0017,v2,eff43348491cb4cfafd4d33265d0430f45b06053eb35313886f5a3d54a9c7886,full,0211d5313450418ddc20712d3c36e63ff4b64637bfb9f717eca80fcb394b1e6b,nsga2,746738a84f30be00,2.4641227704337894,130911.33333333334,-0.0,2.4641227704337894,130911.33333333334,-0.0,0.0,0.0,0.0,0.7973068745570517,0.0,0.17142857142857143,0.0,False,False,True,
WEN38,benchmark,original,1,60001,1,PR1_HT1_EC0,No-EC,WEN38:i1:nsga2:s60001:r1:PR1_HT1_EC0:f2ee064e9de3,cf9bc95d906238978e0c5ab26a1947d4104e026d3bac972323bf05453ec86ca7,p0018,v2,eff43348491cb4cfafd4d33265d0430f45b06053eb35313886f5a3d54a9c7886,full,0211d5313450418ddc20712d3c36e63ff4b64637bfb9f717eca80fcb394b1e6b,nsga2,a2fca10043e88480,2.463679822170146,136278.6666666667,-0.0,2.463679822170146,136278.6666666667,-0.0,0.0,0.0,0.0,0.7973068745570517,0.0,0.14285714285714285,0.0,False,False,True,
WEN38,benchmark,original,1,60001,1,PR1_HT1_EC0,No-EC,WEN38:i1:nsga2:s60001:r1:PR1_HT1_EC0:f2ee064e9de3,cf9bc95d906238978e0c5ab26a1947d4104e026d3bac972323bf05453ec86ca7,p0019,v2,eff43348491cb4cfafd4d33265d0430f45b06053eb35313886f5a3d54a9c7886,full,0211d5313450418ddc20712d3c36e63ff4b64637bfb9f717eca80fcb394b1e6b,nsga2,f6c98589ec07e127,2.463702607574656,131319.33333333334,-0.0,2.463702607574656,131319.33333333334,-0.0,0.0,0.0,0.0,0.7973068745570517,0.0,0.14285714285714285,0.0,False,False,True,
WEN38,benchmark,original,1,60001,1,PR1_HT1_EC0,No-EC,WEN38:i1:nsga2:s60001:r1:PR1_HT1_EC0:f2ee064e9de3,cf9bc95d906238978e0c5ab26a1947d4104e026d3bac972323bf05453ec86ca7,p0020,v2,eff43348491cb4cfafd4d33265d0430f45b06053eb35313886f5a3d54a9c7886,full,0211d5313450418ddc20712d3c36e63ff4b64637bfb9f717eca80fcb394b1e6b,nsga2,a9ede19b7d0ed823,2.463111098473618,137647.33333333334,-0.0,2.463111098473618,137647.33333333334,-0.0,0.0,0.0,0.0,0.7973068745570517,0.0,0.14285714285714285,0.0,False,False,True,
WEN38,benchmark,original,1,60001,1,PR1_HT1_EC0,No-EC,WEN38:i1:nsga2:s60001:r1:PR1_HT1_EC0:f2ee064e9de3,cf9bc95d906238978e0c5ab26a1947d4104e026d3bac972323bf05453ec86ca7,p0021,v2,eff43348491cb4cfafd4d33265d0430f45b06053eb35313886f5a3d54a9c7886,full,0211d5313450418ddc20712d3c36e63ff4b64637bfb9f717eca80fcb394b1e6b,nsga2,03f4e7afdac5c284,2.4648866587150406,116372.66666666666,-0.0,2.4648866587150406,116372.66666666666,-0.0,0.0,0.0,0.0,0.7973068745570517,0.0,0.17142857142857143,0.0,False,False,True,
WEN38,benchmark,original,1,60001,1,PR1_HT1_EC0,No-EC,WEN38:i1:nsga2:s60001:r1:PR1_HT1_EC0:f2ee064e9de3,cf9bc95d906238978e0c5ab26a1947d4104e026d3bac972323bf05453ec86ca7,p0022,v2,eff43348491cb4cfafd4d33265d0430f45b06053eb35313886f5a3d54a9c7886,full,0211d5313450418ddc20712d3c36e63ff4b64637bfb9f717eca80fcb394b1e6b,nsga2,5ca364720b7007ee,2.4622224676977886,155034.33333333334,-0.0,2.4622224676977886,155034.33333333334,-0.0,0.0,0.0,0.0,0.7973068745570517,0.0,0.17142857142857143,0.0,False,False,True,
WEN38,benchmark,original,1,60001,1,PR1_HT1_EC0,No-EC,WEN38:i1:nsga2:s60001:r1:PR1_HT1_EC0:f2ee064e9de3,cf9bc95d906238978e0c5ab26a1947d4104e026d3bac972323bf05453ec86ca7,p0023,v2,eff43348491cb4cfafd4d33265d0430f45b06053eb35313886f5a3d54a9c7886,full,0211d5313450418ddc20712d3c36e63ff4b64637bfb9f717eca80fcb394b1e6b,nsga2,1350bc637d0ac81f,2.4658059738356037,107426.0,-0.0,2.4658059738356037,107426.0,-0.0,0.0,0.0,0.0,0.7973068745570517,0.0,0.17142857142857143,0.0,False,False,True,
WEN38,benchmark,original,1,60001,1,PR1_HT1_EC0,No-EC,WEN38:i1:nsga2:s60001:r1:PR1_HT1_EC0:f2ee064e9de3,cf9bc95d906238978e0c5ab26a1947d4104e026d3bac972323bf05453ec86ca7,p0024,v2,eff43348491cb4cfafd4d33265d0430f45b06053eb35313886f5a3d54a9c7886,full,0211d5313450418ddc20712d3c36e63ff4b64637bfb9f717eca80fcb394b1e6b,nsga2,de94e6bcba7d4aff,2.4617190621606095,164368.33333333334,-0.0,2.4617190621606095,164368.33333333334,-0.0,0.0,0.0,0.0,0.7973068745570517,0.0,0.08571428571428572,0.0,False,False,True,
WEN38,benchmark,original,1,60001,1,PR1_HT1_EC0,No-EC,WEN38:i1:nsga2:s60001:r1:PR1_HT1_EC0:f2ee064e9de3,cf9bc95d906238978e0c5ab26a1947d4104e026d3bac972323bf05453ec86ca7,p0025,v2,eff43348491cb4cfafd4d33265d0430f45b06053eb35313886f5a3d54a9c7886,full,0211d5313450418ddc20712d3c36e63ff4b64637bfb9f717eca80fcb394b1e6b,nsga2,870ae6c51b8652c7,2.819511038589445,93970.0,-0.0,2.819511038589445,93970.0,-0.0,0.0,0.0,0.0,0.7973068745570282,0.0,0.05714285714285714,2.646629582159221e-10,False,False,True,
WEN38,benchmark,original,1,60001,1,PR1_HT1_EC0,No-EC,WEN38:i1:nsga2:s60001:r1:PR1_HT1_EC0:f2ee064e9de3,cf9bc95d906238978e0c5ab26a1947d4104e026d3bac972323bf05453ec86ca7,p0026,v2,eff43348491cb4cfafd4d33265d0430f45b06053eb35313886f5a3d54a9c7886,full,0211d5313450418ddc20712d3c36e63ff4b64637bfb9f717eca80fcb394b1e6b,nsga2,6066f33572ce6fc4,2.4623110573509694,139137.83333333334,-0.0,2.4623110573509694,139137.83333333334,-0.0,0.0,0.0,0.0,0.7973068745569837,0.0,0.05714285714285714,7.676135282963514e-10,False,False,True,
WEN38,benchmark,original,1,60001,1,PR1_HT1_EC0,No-EC,WEN38:i1:nsga2:s60001:r1:PR1_HT1_EC0:f2ee064e9de3,cf9bc95d906238978e0c5ab26a1947d4104e026d3bac972323bf05453ec86ca7,p0027,v2,eff43348491cb4cfafd4d33265d0430f45b06053eb35313886f5a3d54a9c7886,full,0211d5313450418ddc20712d3c36e63ff4b64637bfb9f717eca80fcb394b1e6b,nsga2,1e699834ec4ff0d7,2.664867774172405,95443.66666666667,-0.0,2.664867774172405,95443.66666666667,-0.0,0.0,0.0,0.0,0.7973068745570435,0.0,0.14285714285714285,9.276845958083868e-11,False,False,True,
WEN38,benchmark,original,1,60001,1,PR1_HT1_EC1,Full,WEN38:i1:nsga2:s60001:r1:PR1_HT1_EC1:ceb9ada93d38,cf9bc95d906238978e0c5ab26a1947d4104e026d3bac972323bf05453ec86ca7,p0001,v2,0211d5313450418ddc20712d3c36e63ff4b64637bfb9f717eca80fcb394b1e6b,full,0211d5313450418ddc20712d3c36e63ff4b64637bfb9f717eca80fcb394b1e6b,nsga2,aacc90007cf45364,2.6287423963597236,149233.6666666667,-0.4430379746845574,2.6287423963597236,149233.6666666667,-0.4430379746845574,0.0,0.0,0.0,0.7973068745570517,0.4430379746845574,0.0,0.0,True,True,True,
WEN38,benchmark,original,1,60001,1,PR1_HT1_EC1,Full,WEN38:i1:nsga2:s60001:r1:PR1_HT1_EC1:ceb9ada93d38,cf9bc95d906238978e0c5ab26a1947d4104e026d3bac972323bf05453ec86ca7,p0002,v2,0211d5313450418ddc20712d3c36e63ff4b64637bfb9f717eca80fcb394b1e6b,full,0211d5313450418ddc20712d3c36e63ff4b64637bfb9f717eca80fcb394b1e6b,nsga2,6d58023f9c397599,2.819212883975501,136905.16666666666,-0.4140845070432988,2.819212883975501,136905.16666666666,-0.4140845070432988,0.0,0.0,0.0,0.7973068745570517,0.4140845070432988,0.0,0.0,False,True,True,
WEN38,benchmark,original,1,60001,1,PR1_HT1_EC1,Full,WEN38:i1:nsga2:s60001:r1:PR1_HT1_EC1:ceb9ada93d38,cf9bc95d906238978e0c5ab26a1947d4104e026d3bac972323bf05453ec86ca7,p0003,v2,0211d5313450418ddc20712d3c36e63ff4b64637bfb9f717eca80fcb394b1e6b,full,0211d5313450418ddc20712d3c36e63ff4b64637bfb9f717eca80fcb394b1e6b,nsga2,2030112ba4cbed7e,2.601521554629481,125017.33333333334,-0.4019864087831593,2.601521554629481,125017.33333333334,-0.4019864087831593,0.0,0.0,0.0,0.7973068745570517,0.4019864087831593,0.0,0.0,False,True,True,
WEN38,benchmark,original,1,60001,1,PR1_HT1_EC1,Full,WEN38:i1:nsga2:s60001:r1:PR1_HT1_EC1:ceb9ada93d38,cf9bc95d906238978e0c5ab26a1947d4104e026d3bac972323bf05453ec86ca7,p0004,v2,0211d5313450418ddc20712d3c36e63ff4b64637bfb9f717eca80fcb394b1e6b,full,0211d5313450418ddc20712d3c36e63ff4b64637bfb9f717eca80fcb394b1e6b,nsga2,497d705823d73103,2.5355181678493537,148835.6666666667,-0.35428462087384105,2.5355181678493537,148835.6666666667,-0.35428462087384105,0.0,0.0,0.0,0.7973068745570482,0.35428462087384105,0.0,4.001776687800884e-11,False,True,True,
WEN38,benchmark,original,1,60001,1,PR1_HT1_EC1,Full,WEN38:i1:nsga2:s60001:r1:PR1_HT1_EC1:ceb9ada93d38,cf9bc95d906238978e0c5ab26a1947d4104e026d3bac972323bf05453ec86ca7,p0005,v2,0211d5313450418ddc20712d3c36e63ff4b64637bfb9f717eca80fcb394b1e6b,full,0211d5313450418ddc20712d3c36e63ff4b64637bfb9f717eca80fcb394b1e6b,nsga2,1a3d4381bc2072ec,2.5356972936172317,147531.6666666667,-0.3521242599035759,2.5356972936172317,147531.6666666667,-0.3521242599035759,0.0,0.0,0.0,0.7973068745570517,0.3521242599035759,0.0,0.0,False,True,True,
WEN38,benchmark,original,1,60001,1,PR1_HT1_EC1,Full,WEN38:i1:nsga2:s60001:r1:PR1_HT1_EC1:ceb9ada93d38,cf9bc95d906238978e0c5ab26a1947d4104e026d3bac972323bf05453ec86ca7,p0006,v2,0211d5313450418ddc20712d3c36e63ff4b64637bfb9f717eca80fcb394b1e6b,full,0211d5313450418ddc20712d3c36e63ff4b64637bfb9f717eca80fcb394b1e6b,nsga2,e66ddf489ef000ca,2.8067883978448336,103847.00000000001,-0.2847764926555101,2.8067883978448336,103847.00000000001,-0.2847764926555101,0.0,0.0,0.0,0.7973068745570517,0.2847764926555101,0.0,0.0,False,True,True,
WEN38,benchmark,original,1,60001,1,PR1_HT1_EC1,Full,WEN38:i1:nsga2:s60001:r1:PR1_HT1_EC1:ceb9ada93d38,cf9bc95d906238978e0c5ab26a1947d4104e026d3bac972323bf05453ec86ca7,p0007,v2,0211d5313450418ddc20712d3c36e63ff4b64637bfb9f717eca80fcb394b1e6b,full,0211d5313450418ddc20712d3c36e63ff4b64637bfb9f717eca80fcb394b1e6b,nsga2,f49b9520ad8e9d04,2.5875185564348566,139377.1666666667,-0.2847764926555101,2.5875185564348566,139377.1666666667,-0.2847764926555101,0.0,0.0,0.0,0.7973068745570517,0.2847764926555101,0.0,0.0,False,True,True,
WEN38,benchmark,original,1,60001,1,PR1_HT1_EC1,Full,WEN38:i1:nsga2:s60001:r1:PR1_HT1_EC1:ceb9ada93d38,cf9bc95d906238978e0c5ab26a1947d4104e026d3bac972323bf05453ec86ca7,p0008,v2,0211d5313450418ddc20712d3c36e63ff4b64637bfb9f717eca80fcb394b1e6b,full,0211d5313450418ddc20712d3c36e63ff4b64637bfb9f717eca80fcb394b1e6b,nsga2,2aa9af2c016c5edb,2.605951037265932,120912.0,-0.27640733712996735,2.605951037265932,120912.0,-0.27640733712996735,0.0,0.0,0.0,0.7973068745570517,0.27640733712996735,0.0,0.0,False,True,True,
WEN38,benchmark,original,1,60001,1,PR1_HT1_EC1,Full,WEN38:i1:nsga2:s60001:r1:PR1_HT1_EC1:ceb9ada93d38,cf9bc95d906238978e0c5ab26a1947d4104e026d3bac972323bf05453ec86ca7,p0009,v2,0211d5313450418ddc20712d3c36e63ff4b64637bfb9f717eca80fcb394b1e6b,full,0211d5313450418ddc20712d3c36e63ff4b64637bfb9f717eca80fcb394b1e6b,nsga2,e061df229fe6cf88,2.6120875416491964,107706.66666666666,-0.15353311136004777,2.6120875416491964,107706.66666666666,-0.15353311136004777,0.0,0.0,0.0,0.7973068745570517,0.15353311136004777,0.0,0.0,False,True,True,
WEN38,benchmark,original,1,60001,1,PR1_HT1_EC1,Full,WEN38:i1:nsga2:s60001:r1:PR1_HT1_EC1:ceb9ada93d38,cf9bc95d906238978e0c5ab26a1947d4104e026d3bac972323bf05453ec86ca7,p0010,v2,0211d5313450418ddc20712d3c36e63ff4b64637bfb9f717eca80fcb394b1e6b,full,0211d5313450418ddc20712d3c36e63ff4b64637bfb9f717eca80fcb394b1e6b,nsga2,e6ae7ee2b46a0c4e,2.5754352829199636,144345.6666666667,-0.06267922982624441,2.5754352829199636,144345.6666666667,-0.06267922982624441,0.0,0.0,0.0,0.7973068745570517,0.06267922982624441,0.0,0.0,False,True,True,
WEN38,benchmark,original,1,60001,1,PR1_HT1_EC1,Full,WEN38:i1:nsga2:s60001:r1:PR1_HT1_EC1:ceb9ada93d38,cf9bc95d906238978e0c5ab26a1947d4104e026d3bac972323bf05453ec86ca7,p0011,v2,0211d5313450418ddc20712d3c36e63ff4b64637bfb9f717eca80fcb394b1e6b,full,0211d5313450418ddc20712d3c36e63ff4b64637bfb9f717eca80fcb394b1e6b,nsga2,87193ecce38089c2,2.576321179447249,143616.33333333334,-0.06267922982624441,2.576321179447249,143616.33333333334,-0.06267922982624441,0.0,0.0,0.0,0.7973068745570517,0.06267922982624441,0.0,0.0,False,True,True,
WEN38,benchmark,original,1,60001,1,PR1_HT1_EC1,Full,WEN38:i1:nsga2:s60001:r1:PR1_HT1_EC1:ceb9ada93d38,cf9bc95d906238978e0c5ab26a1947d4104e026d3bac972323bf05453ec86ca7,p0012,v2,0211d5313450418ddc20712d3c36e63ff4b64637bfb9f717eca80fcb394b1e6b,full,0211d5313450418ddc20712d3c36e63ff4b64637bfb9f717eca80fcb394b1e6b,nsga2,e17fec6192053e3d,2.46460794757422,125578.5,-0.0,2.46460794757422,125578.5,-0.0,0.0,0.0,0.0,0.7973068745570517,0.0,0.2,0.0,False,True,True,
WEN38,benchmark,original,1,60001,1,PR1_HT1_EC1,Full,WEN38:i1:nsga2:s60001:r1:PR1_HT1_EC1:ceb9ada93d38,cf9bc95d906238978e0c5ab26a1947d4104e026d3bac972323bf05453ec86ca7,p0013,v2,0211d5313450418ddc20712d3c36e63ff4b64637bfb9f717eca80fcb394b1e6b,full,0211d5313450418ddc20712d3c36e63ff4b64637bfb9f717eca80fcb394b1e6b,nsga2,8b2ffa4dccdbdf35,2.865346158298019,81636.66666666667,-0.0,2.865346158298019,81636.66666666667,-0.0,0.0,0.0,0.0,0.7973068745569747,0.0,0.14285714285714285,8.685674401931465e-10,False,True,True,
WEN38,benchmark,original,1,60001,1,PR1_HT1_EC1,Full,WEN38:i1:nsga2:s60001:r1:PR1_HT1_EC1:ceb9ada93d38,cf9bc95d906238978e0c5ab26a1947d4104e026d3bac972323bf05453ec86ca7,p0014,v2,0211d5313450418ddc20712d3c36e63ff4b64637bfb9f717eca80fcb394b1e6b,full,0211d5313450418ddc20712d3c36e63ff4b64637bfb9f717eca80fcb394b1e6b,nsga2,d55ec2113cd562c9,2.8362887522026927,85992.66666666667,-0.0,2.8362887522026927,85992.66666666667,-0.0,0.0,0.0,0.0,0.7973068745570517,0.0,0.05714285714285714,0.0,False,True,True,
WEN38,benchmark,original,1,60001,1,PR1_HT1_EC1,Full,WEN38:i1:nsga2:s60001:r1:PR1_HT1_EC1:ceb9ada93d38,cf9bc95d906238978e0c5ab26a1947d4104e026d3bac972323bf05453ec86ca7,p0015,v2,0211d5313450418ddc20712d3c36e63ff4b64637bfb9f717eca80fcb394b1e6b,full,0211d5313450418ddc20712d3c36e63ff4b64637bfb9f717eca80fcb394b1e6b,nsga2,1d4d6d9f25601fe0,2.4907891065604746,97519.66666666667,-0.0,2.4907891065604746,97519.66666666667,-0.0,0.0,0.0,0.0,0.7973068745570075,0.0,0.17142857142857143,4.993125912733376e-10,False,True,True,
WEN38,benchmark,original,1,60001,1,PR1_HT1_EC1,Full,WEN38:i1:nsga2:s60001:r1:PR1_HT1_EC1:ceb9ada93d38,cf9bc95d906238978e0c5ab26a1947d4104e026d3bac972323bf05453ec86ca7,p0016,v2,0211d5313450418ddc20712d3c36e63ff4b64637bfb9f717eca80fcb394b1e6b,full,0211d5313450418ddc20712d3c36e63ff4b64637bfb9f717eca80fcb394b1e6b,nsga2,2e5ac41dc3e2e4c8,2.4649200773085607,113927.66666666666,-0.0,2.4649200773085607,113927.66666666666,-0.0,0.0,0.0,0.0,0.7973068745570171,0.0,0.05714285714285714,3.9108272176235914e-10,False,True,True,
WEN38,benchmark,original,1,60001,1,PR1_HT1_EC1,Full,WEN38:i1:nsga2:s60001:r1:PR1_HT1_EC1:ceb9ada93d38,cf9bc95d906238978e0c5ab26a1947d4104e026d3bac972323bf05453ec86ca7,p0017,v2,0211d5313450418ddc20712d3c36e63ff4b64637bfb9f717eca80fcb394b1e6b,full,0211d5313450418ddc20712d3c36e63ff4b64637bfb9f717eca80fcb394b1e6b,nsga2,746738a84f30be00,2.4641227704337894,130911.33333333334,-0.0,2.4641227704337894,130911.33333333334,-0.0,0.0,0.0,0.0,0.7973068745570517,0.0,0.17142857142857143,0.0,False,True,True,
WEN38,benchmark,original,1,60001,1,PR1_HT1_EC1,Full,WEN38:i1:nsga2:s60001:r1:PR1_HT1_EC1:ceb9ada93d38,cf9bc95d906238978e0c5ab26a1947d4104e026d3bac972323bf05453ec86ca7,p0018,v2,0211d5313450418ddc20712d3c36e63ff4b64637bfb9f717eca80fcb394b1e6b,full,0211d5313450418ddc20712d3c36e63ff4b64637bfb9f717eca80fcb394b1e6b,nsga2,a2fca10043e88480,2.463679822170146,136278.6666666667,-0.0,2.463679822170146,136278.6666666667,-0.0,0.0,0.0,0.0,0.7973068745570517,0.0,0.14285714285714285,0.0,False,True,True,
WEN38,benchmark,original,1,60001,1,PR1_HT1_EC1,Full,WEN38:i1:nsga2:s60001:r1:PR1_HT1_EC1:ceb9ada93d38,cf9bc95d906238978e0c5ab26a1947d4104e026d3bac972323bf05453ec86ca7,p0019,v2,0211d5313450418ddc20712d3c36e63ff4b64637bfb9f717eca80fcb394b1e6b,full,0211d5313450418ddc20712d3c36e63ff4b64637bfb9f717eca80fcb394b1e6b,nsga2,f6c98589ec07e127,2.463702607574656,131319.33333333334,-0.0,2.463702607574656,131319.33333333334,-0.0,0.0,0.0,0.0,0.7973068745570517,0.0,0.14285714285714285,0.0,False,True,True,
WEN38,benchmark,original,1,60001,1,PR1_HT1_EC1,Full,WEN38:i1:nsga2:s60001:r1:PR1_HT1_EC1:ceb9ada93d38,cf9bc95d906238978e0c5ab26a1947d4104e026d3bac972323bf05453ec86ca7,p0020,v2,0211d5313450418ddc20712d3c36e63ff4b64637bfb9f717eca80fcb394b1e6b,full,0211d5313450418ddc20712d3c36e63ff4b64637bfb9f717eca80fcb394b1e6b,nsga2,a9ede19b7d0ed823,2.463111098473618,137647.33333333334,-0.0,2.463111098473618,137647.33333333334,-0.0,0.0,0.0,0.0,0.7973068745570517,0.0,0.14285714285714285,0.0,False,True,True,
WEN38,benchmark,original,1,60001,1,PR1_HT1_EC1,Full,WEN38:i1:nsga2:s60001:r1:PR1_HT1_EC1:ceb9ada93d38,cf9bc95d906238978e0c5ab26a1947d4104e026d3bac972323bf05453ec86ca7,p0021,v2,0211d5313450418ddc20712d3c36e63ff4b64637bfb9f717eca80fcb394b1e6b,full,0211d5313450418ddc20712d3c36e63ff4b64637bfb9f717eca80fcb394b1e6b,nsga2,03f4e7afdac5c284,2.4648866587150406,116372.66666666666,-0.0,2.4648866587150406,116372.66666666666,-0.0,0.0,0.0,0.0,0.7973068745570517,0.0,0.17142857142857143,0.0,False,True,True,
WEN38,benchmark,original,1,60001,1,PR1_HT1_EC1,Full,WEN38:i1:nsga2:s60001:r1:PR1_HT1_EC1:ceb9ada93d38,cf9bc95d906238978e0c5ab26a1947d4104e026d3bac972323bf05453ec86ca7,p0022,v2,0211d5313450418ddc20712d3c36e63ff4b64637bfb9f717eca80fcb394b1e6b,full,0211d5313450418ddc20712d3c36e63ff4b64637bfb9f717eca80fcb394b1e6b,nsga2,5ca364720b7007ee,2.4622224676977886,155034.33333333334,-0.0,2.4622224676977886,155034.33333333334,-0.0,0.0,0.0,0.0,0.7973068745570517,0.0,0.17142857142857143,0.0,False,True,True,
WEN38,benchmark,original,1,60001,1,PR1_HT1_EC1,Full,WEN38:i1:nsga2:s60001:r1:PR1_HT1_EC1:ceb9ada93d38,cf9bc95d906238978e0c5ab26a1947d4104e026d3bac972323bf05453ec86ca7,p0023,v2,0211d5313450418ddc20712d3c36e63ff4b64637bfb9f717eca80fcb394b1e6b,full,0211d5313450418ddc20712d3c36e63ff4b64637bfb9f717eca80fcb394b1e6b,nsga2,1350bc637d0ac81f,2.4658059738356037,107426.0,-0.0,2.4658059738356037,107426.0,-0.0,0.0,0.0,0.0,0.7973068745570517,0.0,0.17142857142857143,0.0,False,True,True,
WEN38,benchmark,original,1,60001,1,PR1_HT1_EC1,Full,WEN38:i1:nsga2:s60001:r1:PR1_HT1_EC1:ceb9ada93d38,cf9bc95d906238978e0c5ab26a1947d4104e026d3bac972323bf05453ec86ca7,p0024,v2,0211d5313450418ddc20712d3c36e63ff4b64637bfb9f717eca80fcb394b1e6b,full,0211d5313450418ddc20712d3c36e63ff4b64637bfb9f717eca80fcb394b1e6b,nsga2,de94e6bcba7d4aff,2.4617190621606095,164368.33333333334,-0.0,2.4617190621606095,164368.33333333334,-0.0,0.0,0.0,0.0,0.7973068745570517,0.0,0.08571428571428572,0.0,False,True,True,
WEN38,benchmark,original,1,60001,1,PR1_HT1_EC1,Full,WEN38:i1:nsga2:s60001:r1:PR1_HT1_EC1:ceb9ada93d38,cf9bc95d906238978e0c5ab26a1947d4104e026d3bac972323bf05453ec86ca7,p0025,v2,0211d5313450418ddc20712d3c36e63ff4b64637bfb9f717eca80fcb394b1e6b,full,0211d5313450418ddc20712d3c36e63ff4b64637bfb9f717eca80fcb394b1e6b,nsga2,870ae6c51b8652c7,2.819511038589445,93970.0,-0.0,2.819511038589445,93970.0,-0.0,0.0,0.0,0.0,0.7973068745570282,0.0,0.05714285714285714,2.646629582159221e-10,False,True,True,
WEN38,benchmark,original,1,60001,1,PR1_HT1_EC1,Full,WEN38:i1:nsga2:s60001:r1:PR1_HT1_EC1:ceb9ada93d38,cf9bc95d906238978e0c5ab26a1947d4104e026d3bac972323bf05453ec86ca7,p0026,v2,0211d5313450418ddc20712d3c36e63ff4b64637bfb9f717eca80fcb394b1e6b,full,0211d5313450418ddc20712d3c36e63ff4b64637bfb9f717eca80fcb394b1e6b,nsga2,6066f33572ce6fc4,2.4623110573509694,139137.83333333334,-0.0,2.4623110573509694,139137.83333333334,-0.0,0.0,0.0,0.0,0.7973068745569837,0.0,0.05714285714285714,7.676135282963514e-10,False,True,True,
WEN38,benchmark,original,1,60001,1,PR1_HT1_EC1,Full,WEN38:i1:nsga2:s60001:r1:PR1_HT1_EC1:ceb9ada93d38,cf9bc95d906238978e0c5ab26a1947d4104e026d3bac972323bf05453ec86ca7,p0027,v2,0211d5313450418ddc20712d3c36e63ff4b64637bfb9f717eca80fcb394b1e6b,full,0211d5313450418ddc20712d3c36e63ff4b64637bfb9f717eca80fcb394b1e6b,nsga2,1e699834ec4ff0d7,2.664867774172405,95443.66666666667,-0.0,2.664867774172405,95443.66666666667,-0.0,0.0,0.0,0.0,0.7973068745570435,0.0,0.14285714285714285,9.276845958083868e-11,False,True,True,
