run_key,case_id,size_group,instance_seed,solver_seed,algorithm,point_id,decision_hash,F1,F2,F3,final_total_satisfaction,final_min_satisfaction,crowding_distance,representative
S025@corridor@binding:i101:nsga2:s1060000:r0:PR0_HT1_EC1:8353cfdc536a,S025,small,101,1060000,nsga2,p0001,de702e077b8c03d7,7.268996960487343,993.0801635014218,-0.0,0.2659574468083517,0.0,1.1042575144392512,False
S025@corridor@binding:i101:nsga2:s1060000:r0:PR0_HT1_EC1:8353cfdc536a,S025,small,101,1060000,nsga2,p0002,30a22335100b69a9,7.244965805471891,1025.9576283076326,-0.0,0.26595744680840006,0.0,,True
S025@corridor@binding:i101:nsga2:s1060000:r0:PR0_HT1_EC1:8353cfdc536a,S025,small,101,1060000,nsga2,p0003,4bedd855915b82ec,7.282959726444535,929.7265282240293,-0.0,0.25075987841934233,0.0,0.9280243651391412,False
S025@corridor@binding:i101:nsga2:s1060000:r0:PR0_HT1_EC1:8353cfdc536a,S025,small,101,1060000,nsga2,p0004,5a0e6d1160338142,7.314589665654514,853.6717993018128,-0.0,0.24316109422476506,0.0,,False
S025@corridor@binding:i101:nsga2:s1060000:r0:PR0_HT1_EC1:8353cfdc536a,S025,small,101,1060000,nsga2,p0005,0c64570674ff3a45,7.290558510639063,886.5492641080237,-0.0,0.24316109422481344,0.0,0.8957424855607489,False
S025@corridor@binding:i101:nsga2:s1060000:r0:PR1_HT0_EC1:3856e2908251,S025,small,101,1060000,nsga2,p0001,dc514ff044302fc4,7.244965805471879,1033.6498264992122,-0.0,0.26595744680840283,0.0,,True
S025@corridor@binding:i101:nsga2:s1060000:r0:PR1_HT0_EC1:3856e2908251,S025,small,101,1060000,nsga2,p0002,28cb28c289de81ba,7.290558510639063,886.5492641080237,-0.0,0.24316109422481344,0.0,0.947868877373403,False
S025@corridor@binding:i101:nsga2:s1060000:r0:PR1_HT0_EC1:3856e2908251,S025,small,101,1060000,nsga2,p0003,34a541f36ca10733,7.314589665654514,853.6717993018128,-0.0,0.24316109422476506,0.0,,False
S025@corridor@binding:i101:nsga2:s1060000:r0:PR1_HT0_EC1:3856e2908251,S025,small,101,1060000,nsga2,p0004,e64a4ace8818d65d,7.267762158055477,998.4583669482848,-0.0,0.2583586626138712,0.0,1.052131122626597,False
S025@corridor@binding:i101:nsga2:s1060000:r0:PR1_HT0_EC1:3856e2908251,S025,small,101,1060000,nsga2,p0005,48d2341bc8f2da12,7.282959726444535,942.5038155281543,-0.0,0.25075987841934233,0.0,0.9492146615618138,False
S025@corridor@binding:i101:nsga2:s1060000:r0:PR1_HT1_EC0:854b0a538e45,S025,small,101,1060000,nsga2,p0001,17f5967e22085cf5,4.532757880055506,5027.05519257525,-0.8678714859437232,0.8999999999998745,0.8678714859437232,,False
S025@corridor@binding:i101:nsga2:s1060000:r0:PR1_HT1_EC0:854b0a538e45,S025,small,101,1060000,nsga2,p0002,f7b3d930cdf94093,4.544170196602644,5024.500643650092,-0.8678714859437232,0.8999999999998745,0.8678714859437232,0.7458093723112251,False
S025@corridor@binding:i101:nsga2:s1060000:r0:PR1_HT1_EC0:854b0a538e45,S025,small,101,1060000,nsga2,p0003,1cf0727b6e4aef4b,4.528251717410251,5050.013104580583,-0.8678714859436998,0.8999999999998567,0.8678714859436998,,True
S025@corridor@binding:i101:nsga2:s1060000:r0:PR1_HT1_EC0:854b0a538e45,S025,small,101,1060000,nsga2,p0004,c372f185ca3aab9f,5.81048087756818,4067.3713031685447,-0.5792682926829268,0.7002603264286574,0.5792682926829268,0.5860909474992106,False
S025@corridor@binding:i101:nsga2:s1060000:r0:PR1_HT1_EC0:854b0a538e45,S025,small,101,1060000,nsga2,p0005,52a18a0c9bf3b6c7,5.842915287098676,3870.041163068089,-0.5612244897959183,0.6926082434737245,0.5612244897959183,0.16454901600667965,False
S025@corridor@binding:i101:nsga2:s1060000:r0:PR1_HT1_EC0:854b0a538e45,S025,small,101,1060000,nsga2,p0006,cefa1863f33f9578,5.8372944173995975,3949.503532906394,-0.5612244897959183,0.6911229413981823,0.5612244897959183,0.09483507244818101,False
S025@corridor@binding:i101:nsga2:s1060000:r0:PR1_HT1_EC0:854b0a538e45,S025,small,101,1060000,nsga2,p0007,89c855ddcf0294ba,5.823239145072931,4066.827566355874,-0.5182926829268293,0.6853665736435112,0.5182926829268293,0.08016613686966173,False
S025@corridor@binding:i101:nsga2:s1060000:r0:PR1_HT1_EC0:854b0a538e45,S025,small,101,1060000,nsga2,p0008,994c553c480671f9,5.785258646099938,4066.827566355874,-0.5,0.7077592939044729,0.5,0.06075928436003987,False
S025@corridor@binding:i101:nsga2:s1060000:r0:PR1_HT1_EC0:854b0a538e45,S025,small,101,1060000,nsga2,p0009,b229ab1a27545f4d,6.0236621085210755,3572.5271295732837,-0.5,0.6497799476900699,0.5,0.0182758388307271,False
S025@corridor@binding:i101:nsga2:s1060000:r0:PR1_HT1_EC0:854b0a538e45,S025,small,101,1060000,nsga2,p0010,985dccd2a5c40ea5,5.840171887981812,3871.0296469476707,-0.4878048780487805,0.6823525754933508,0.4878048780487805,0.05620636407317653,False
S025@corridor@binding:i101:nsga2:s1060000:r0:PR1_HT1_EC0:854b0a538e45,S025,small,101,1060000,nsga2,p0011,4b55a74c39476d0e,6.107362954586695,3526.6113055626165,-0.45918367346938777,0.6158135307747613,0.45918367346938777,0.1718309343505794,False
S025@corridor@binding:i101:nsga2:s1060000:r0:PR1_HT1_EC0:854b0a538e45,S025,small,101,1060000,nsga2,p0012,1be58d91cec11329,5.780334523195965,3900.628877495573,-0.44871794871794873,0.701531714904225,0.44871794871794873,1.2056075277974017,False
S025@corridor@binding:i101:nsga2:s1060000:r0:PR1_HT1_EC0:854b0a538e45,S025,small,101,1060000,nsga2,p0013,433ef2fb19b0298c,5.8147295785227415,3871.0296469476707,-0.4166666666666667,0.7017285405506583,0.4166666666666667,0.04252712770824331,False
S025@corridor@binding:i101:nsga2:s1060000:r0:PR1_HT1_EC0:854b0a538e45,S025,small,101,1060000,nsga2,p0014,44a77cee2e030ab5,6.018873356946206,3573.0708663859546,-0.4166666666666667,0.6457929804302929,0.4166666666666667,0.3649786886232594,False
S025@corridor@binding:i101:nsga2:s1060000:r0:PR1_HT1_EC0:854b0a538e45,S025,small,101,1060000,nsga2,p0015,922e667a7d1455af,6.02844579107181,3572.219350077569,-0.38461538461538464,0.6371538040040292,0.38461538461538464,0.1143729771476577,False
S025@corridor@binding:i101:nsga2:s1060000:r0:PR1_HT1_EC0:854b0a538e45,S025,small,101,1060000,nsga2,p0016,b0289d5140841153,6.292362436347563,3350.5837555790513,-0.35714285714285715,0.5566569358002285,0.35714285714285715,0.35380109821488237,False
S025@corridor@binding:i101:nsga2:s1060000:r0:PR1_HT1_EC0:854b0a538e45,S025,small,101,1060000,nsga2,p0017,34a711359985335f,6.267580109772,3373.5416675843844,-0.3353658536585366,0.5574600258698217,0.3353658536585366,0.10334426031036438,False
S025@corridor@binding:i101:nsga2:s1060000:r0:PR1_HT1_EC0:854b0a538e45,S025,small,101,1060000,nsga2,p0018,4dc9fa278cb9d15f,6.36424390582888,3348.3369861496076,-0.28061224489795916,0.5177143931431583,0.28061224489795916,0.39552930610202963,False
S025@corridor@binding:i101:nsga2:s1060000:r0:PR1_HT1_EC0:854b0a538e45,S025,small,101,1060000,nsga2,p0019,99eff3763cb46d83,6.246820027219396,3420.544965220394,-0.2564102564102564,0.5694910845888803,0.2564102564102564,0.12998608703884607,False
S025@corridor@binding:i101:nsga2:s1060000:r0:PR1_HT1_EC0:854b0a538e45,S025,small,101,1060000,nsga2,p0020,ba3c8b4eb0d9487e,6.284695201140526,3373.4022132467094,-0.25,0.5693717473796965,0.25,0.07339007638719103,False
S025@corridor@binding:i101:nsga2:s1060000:r0:PR1_HT1_EC0:854b0a538e45,S025,small,101,1060000,nsga2,p0021,8e6cff53446ca7ad,6.590660709533896,2387.2186563702253,-0.20408163265306123,0.4479134611747981,0.20408163265306123,0.07862513990685982,False
S025@corridor@binding:i101:nsga2:s1060000:r0:PR1_HT1_EC0:854b0a538e45,S025,small,101,1060000,nsga2,p0022,1087cdc0e79eba39,6.585032999857713,2456.0923923862265,-0.20408163265306123,0.449243024664707,0.20408163265306123,0.03303398833882181,False
S025@corridor@binding:i101:nsga2:s1060000:r0:PR1_HT1_EC0:854b0a538e45,S025,small,101,1060000,nsga2,p0023,ecac52184f0c90b1,6.536449952593118,2458.3391618156697,-0.19230769230769232,0.47960362341394935,0.19230769230769232,0.03046773886372154,False
S025@corridor@binding:i101:nsga2:s1060000:r0:PR1_HT1_EC0:854b0a538e45,S025,small,101,1060000,nsga2,p0024,9eb27a6da5b1ba26,6.528518052876863,2458.8828986283406,-0.19230769230769232,0.48323259714042077,0.19230769230769232,0.30679557539421254,False
S025@corridor@binding:i101:nsga2:s1060000:r0:PR1_HT1_EC0:854b0a538e45,S025,small,101,1060000,nsga2,p0025,4ef2881dce43bf3e,6.286907757094646,3351.979008700108,-0.16666666666666666,0.5603182186843807,0.16666666666666666,0.03802159584583969,False
S025@corridor@binding:i101:nsga2:s1060000:r0:PR1_HT1_EC0:854b0a538e45,S025,small,101,1060000,nsga2,p0026,4e91815dcc1a1ba7,6.249334673311914,3374.629141209726,-0.16666666666666666,0.5669764384963623,0.16666666666666666,0.03522808753826399,False
S025@corridor@binding:i101:nsga2:s1060000:r0:PR1_HT1_EC0:854b0a538e45,S025,small,101,1060000,nsga2,p0027,177c5fb193fc59a5,6.605858277922954,2292.9415528843565,-0.15306122448979592,0.43271589278574035,0.15306122448979592,0.1511761449562195,False
S025@corridor@binding:i101:nsga2:s1060000:r0:PR1_HT1_EC0:854b0a538e45,S025,small,101,1060000,nsga2,p0028,4b855c6f0330cac9,6.583286877323383,2319.9862345071006,-0.10204081632653061,0.4292877372451875,0.10204081632653061,0.20447452905738717,False
S025@corridor@binding:i101:nsga2:s1060000:r0:PR1_HT1_EC0:854b0a538e45,S025,small,101,1060000,nsga2,p0029,a083044d8f78c210,6.904635258359354,704.0078882202506,-0.0,0.2431610942248377,0.0,,False
S025@corridor@binding:i101:nsga2:s1060000:r0:PR1_HT1_EC0:854b0a538e45,S025,small,101,1060000,nsga2,p0030,4da2e6927f0da410,6.567156144261677,2382.416631472054,-0.0,0.4445945057556067,0.0,0.035179266736041034,False
S025@corridor@binding:i101:nsga2:s1060000:r0:PR1_HT1_EC0:854b0a538e45,S025,small,101,1060000,nsga2,p0031,889fdbd3e2360614,6.874240121581239,1169.3587059172264,-0.0,0.27355623100295323,0.0,0.20118570368249364,False
S025@corridor@binding:i101:nsga2:s1060000:r0:PR1_HT1_EC0:854b0a538e45,S025,small,101,1060000,nsga2,p0032,b80b0f0dc69a5d8c,6.880831837991047,1075.352110645208,-0.0,0.2669645145931444,0.0,0.11219529952618844,False
S025@corridor@binding:i101:nsga2:s1060000:r0:PR1_HT1_EC0:854b0a538e45,S025,small,101,1060000,nsga2,p0033,4afba8e246326d35,6.792509897502747,1871.3234906472276,-0.0,0.33148303471313806,0.0,0.01583221422867391,False
S025@corridor@binding:i101:nsga2:s1060000:r0:PR1_HT1_EC0:854b0a538e45,S025,small,101,1060000,nsga2,p0034,7e166ff977d9ef81,6.768589555792446,1933.6590732451054,-0.0,0.3488116600136302,0.0,0.05117734815637151,False
S025@corridor@binding:i101:nsga2:s1060000:r0:PR1_HT1_EC0:854b0a538e45,S025,small,101,1060000,nsga2,p0035,a9565a8beb63fdb9,6.773899549567069,1895.6766557736182,-0.0,0.3435016662390064,0.0,0.024409049097970845,False
S025@corridor@binding:i101:nsga2:s1060000:r0:PR1_HT1_EC0:854b0a538e45,S025,small,101,1060000,nsga2,p0036,1e9a8acae592f858,6.795413076483857,1866.2143927969114,-0.0,0.3285798557320273,0.0,0.19591223393483836,False
S025@corridor@binding:i101:nsga2:s1060000:r0:PR1_HT1_EC0:854b0a538e45,S025,small,101,1060000,nsga2,p0037,74047ea86277f249,6.688787063147219,2065.9052056866203,-0.0,0.3678238791026265,0.0,0.046851644248198446,False
S025@corridor@binding:i101:nsga2:s1060000:r0:PR1_HT1_EC0:854b0a538e45,S025,small,101,1060000,nsga2,p0038,3ed489cf05fa65aa,6.683565679572183,2156.5057357250944,-0.0,0.3737776756122735,0.0,0.08713729004013734,False
S025@corridor@binding:i101:nsga2:s1060000:r0:PR1_HT1_EC0:854b0a538e45,S025,small,101,1060000,nsga2,p0039,304958a71d22eccd,6.719196158368587,2018.0503917422247,-0.0,0.35446875433164154,0.0,0.06401084437073232,False
S025@corridor@binding:i101:nsga2:s1060000:r0:PR1_HT1_EC0:854b0a538e45,S025,small,101,1060000,nsga2,p0040,effcaf52c5d11abe,6.878726150804589,1144.2258466612093,-0.0,0.2690702017796025,0.0,,False
S025@corridor@binding:i101:nsga2:s1060000:r0:PR1_HT1_EC1:6abe6f291736,S025,small,101,1060000,nsga2,p0001,dc514ff044302fc4,7.244965805471879,1033.6498264992122,-0.0,0.26595744680840283,0.0,,True
S025@corridor@binding:i101:nsga2:s1060000:r0:PR1_HT1_EC1:6abe6f291736,S025,small,101,1060000,nsga2,p0002,28cb28c289de81ba,7.290558510639063,886.5492641080237,-0.0,0.24316109422481344,0.0,0.947868877373403,False
S025@corridor@binding:i101:nsga2:s1060000:r0:PR1_HT1_EC1:6abe6f291736,S025,small,101,1060000,nsga2,p0003,34a541f36ca10733,7.314589665654514,853.6717993018128,-0.0,0.24316109422476506,0.0,,False
S025@corridor@binding:i101:nsga2:s1060000:r0:PR1_HT1_EC1:6abe6f291736,S025,small,101,1060000,nsga2,p0004,e64a4ace8818d65d,7.267762158055477,998.4583669482848,-0.0,0.2583586626138712,0.0,1.052131122626597,False
S025@corridor@binding:i101:nsga2:s1060000:r0:PR1_HT1_EC1:6abe6f291736,S025,small,101,1060000,nsga2,p0005,48d2341bc8f2da12,7.282959726444535,942.5038155281543,-0.0,0.25075987841934233,0.0,0.9492146615618138,False
S025@corridor@binding:i101:nsga2:s1060001:r1:PR0_HT1_EC1:4b9ec6e4ad81,S025,small,101,1060001,nsga2,p0001,bbb6154797241ada,7.244965805471891,1025.9576283076326,-0.0,0.26595744680840006,0.0,,True
S025@corridor@binding:i101:nsga2:s1060001:r1:PR0_HT1_EC1:4b9ec6e4ad81,S025,small,101,1060001,nsga2,p0002,2a137671946c2f62,7.268996960487343,993.0801635014218,-0.0,0.2659574468083517,0.0,1.1042575144392512,False
S025@corridor@binding:i101:nsga2:s1060001:r1:PR0_HT1_EC1:4b9ec6e4ad81,S025,small,101,1060001,nsga2,p0003,8076ac76be62f784,7.282959726444535,929.7265282240293,-0.0,0.25075987841934233,0.0,0.9280243651391412,False
S025@corridor@binding:i101:nsga2:s1060001:r1:PR0_HT1_EC1:4b9ec6e4ad81,S025,small,101,1060001,nsga2,p0004,701d3ec799fe7331,7.290558510639063,886.5492641080237,-0.0,0.24316109422481344,0.0,0.8957424855607489,False
S025@corridor@binding:i101:nsga2:s1060001:r1:PR0_HT1_EC1:4b9ec6e4ad81,S025,small,101,1060001,nsga2,p0005,ae6eaab1a7e0abf7,7.314589665654514,853.6717993018128,-0.0,0.24316109422476506,0.0,,False
S025@corridor@binding:i101:nsga2:s1060001:r1:PR1_HT0_EC1:9b2b37d019cc,S025,small,101,1060001,nsga2,p0001,07394de1f8455fb2,7.244965805471879,1033.6498264992122,-0.0,0.26595744680840283,0.0,,True
S025@corridor@binding:i101:nsga2:s1060001:r1:PR1_HT0_EC1:9b2b37d019cc,S025,small,101,1060001,nsga2,p0002,cee00508654754d2,7.290558510639063,886.5492641080237,-0.0,0.24316109422481344,0.0,0.947868877373403,False
S025@corridor@binding:i101:nsga2:s1060001:r1:PR1_HT0_EC1:9b2b37d019cc,S025,small,101,1060001,nsga2,p0003,0ad02fa191f2a34d,7.314589665654514,853.6717993018128,-0.0,0.24316109422476506,0.0,,False
S025@corridor@binding:i101:nsga2:s1060001:r1:PR1_HT0_EC1:9b2b37d019cc,S025,small,101,1060001,nsga2,p0004,1c6016b980052832,7.267762158055477,998.4583669482848,-0.0,0.2583586626138712,0.0,1.052131122626597,False
S025@corridor@binding:i101:nsga2:s1060001:r1:PR1_HT0_EC1:9b2b37d019cc,S025,small,101,1060001,nsga2,p0005,c85457e8824e5b29,7.282959726444535,942.5038155281543,-0.0,0.25075987841934233,0.0,0.9492146615618138,False
S025@corridor@binding:i101:nsga2:s1060001:r1:PR1_HT1_EC0:41a513b2b48a,S025,small,101,1060001,nsga2,p0001,cde6c0b29343e286,4.528251717410251,5033.3811674421795,-0.8678714859436998,0.8999999999998567,0.8678714859436998,,True
S025@corridor@binding:i101:nsga2:s1060001:r1:PR1_HT1_EC0:41a513b2b48a,S025,small,101,1060001,nsga2,p0002,d7d8f4216d54b61f,4.557776101259622,5001.5427316447585,-0.8678714859436649,0.8999999999998304,0.8678714859436649,0.7409974698005798,False
S025@corridor@binding:i101:nsga2:s1060001:r1:PR1_HT1_EC0:41a513b2b48a,S025,small,101,1060001,nsga2,p0003,468011bdc9e2de6a,4.544170196602644,5024.500643650092,-0.8678714859437232,0.8999999999998745,0.8678714859437232,0.0164207306950398,False
S025@corridor@binding:i101:nsga2:s1060001:r1:PR1_HT1_EC0:41a513b2b48a,S025,small,101,1060001,nsga2,p0004,a04955248dc4d9f6,4.532757880055506,5027.05519257525,-0.8678714859437232,0.8999999999998745,0.8678714859437232,0.34129124130318417,False
S025@corridor@binding:i101:nsga2:s1060001:r1:PR1_HT1_EC0:41a513b2b48a,S025,small,101,1060001,nsga2,p0005,40101ead267182f7,5.81048087756818,3894.531295765675,-0.5792682926829268,0.7002603264286574,0.5792682926829268,0.3836447174335811,False
S025@corridor@binding:i101:nsga2:s1060001:r1:PR1_HT1_EC0:41a513b2b48a,S025,small,101,1060001,nsga2,p0006,c074bb4f3b1fdc02,5.842915287098676,3870.041163068089,-0.5612244897959183,0.6926082434737245,0.5612244897959183,0.2503862685866459,False
S025@corridor@binding:i101:nsga2:s1060001:r1:PR1_HT1_EC0:41a513b2b48a,S025,small,101,1060001,nsga2,p0007,b4a2b042dad81920,5.785258646099938,3898.9258448788005,-0.5,0.7077592939044729,0.5,0.12241681397495044,False
S025@corridor@binding:i101:nsga2:s1060001:r1:PR1_HT1_EC0:41a513b2b48a,S025,small,101,1060001,nsga2,p0008,6dfa80e04e5919d7,6.0236621085210755,3572.5271295732837,-0.5,0.6497799476900699,0.5,0.2141778090041759,False
S025@corridor@binding:i101:nsga2:s1060001:r1:PR1_HT1_EC0:41a513b2b48a,S025,small,101,1060001,nsga2,p0009,067792ec464a0150,5.780334523195965,4068.530598972646,-0.44871794871794873,0.701531714904225,0.44871794871794873,0.8292389749775639,False
S025@corridor@binding:i101:nsga2:s1060001:r1:PR1_HT1_EC0:41a513b2b48a,S025,small,101,1060001,nsga2,p0010,b16a9496cdb03dea,6.0355583567059385,3549.56921756795,-0.44871794871794873,0.640452659933458,0.44871794871794873,0.07957425994171387,False
S025@corridor@binding:i101:nsga2:s1060001:r1:PR1_HT1_EC0:41a513b2b48a,S025,small,101,1060001,nsga2,p0011,23d5b91228933f15,5.782722745447652,3872.732679564443,-0.4166666666666667,0.7015672383155297,0.4166666666666667,0.10320875739014222,False
S025@corridor@binding:i101:nsga2:s1060001:r1:PR1_HT1_EC0:41a513b2b48a,S025,small,101,1060001,nsga2,p0012,be015661f313f078,6.2793633692503255,3349.7322392706646,-0.36585365853658536,0.5647490187466376,0.36585365853658536,0.3737473048430384,False
S025@corridor@binding:i101:nsga2:s1060001:r1:PR1_HT1_EC0:41a513b2b48a,S025,small,101,1060001,nsga2,p0013,339a15a8a6ef7f92,6.180294175956368,3526.6113055626165,-0.36585365853658536,0.5750883477001997,0.36585365853658536,0.10357897031867616,False
S025@corridor@binding:i101:nsga2:s1060001:r1:PR1_HT1_EC0:41a513b2b48a,S025,small,101,1060001,nsga2,p0014,76aa89236e78ebea,6.267580109772,3373.5416675843844,-0.3353658536585366,0.5574600258698217,0.3353658536585366,0.05058127185412114,False
S025@corridor@binding:i101:nsga2:s1060001:r1:PR1_HT1_EC0:41a513b2b48a,S025,small,101,1060001,nsga2,p0015,e9e21ac184db1498,6.099795979309597,3526.611305562616,-0.3333333333333333,0.6192685980243792,0.3333333333333333,0.17071730321740475,False
S025@corridor@binding:i101:nsga2:s1060001:r1:PR1_HT1_EC0:41a513b2b48a,S025,small,101,1060001,nsga2,p0016,7912670dc5fbb7ed,6.250103320167317,3445.0664555048243,-0.2564102564102564,0.57161209461114,0.2564102564102564,0.11184255833714377,False
S025@corridor@binding:i101:nsga2:s1060001:r1:PR1_HT1_EC0:41a513b2b48a,S025,small,101,1060001,nsga2,p0017,637d492448999406,6.539311951730267,2434.52973350195,-0.25510204081632654,0.47426973062314276,0.25510204081632654,0.01580227406112967,False
S025@corridor@binding:i101:nsga2:s1060001:r1:PR1_HT1_EC0:41a513b2b48a,S025,small,101,1060001,nsga2,p0018,84819052b6e41a5b,6.273297024848562,3349.7322392706646,-0.25,0.569371747379718,0.25,0.023362669043265248,False
S025@corridor@binding:i101:nsga2:s1060001:r1:PR1_HT1_EC0:41a513b2b48a,S025,small,101,1060001,nsga2,p0019,575f7d9b64b6f811,6.543885120444341,2412.423337805002,-0.24390243902439024,0.4731755233475667,0.24390243902439024,0.08487279500294526,False
S025@corridor@binding:i101:nsga2:s1060001:r1:PR1_HT1_EC0:41a513b2b48a,S025,small,101,1060001,nsga2,p0020,26ac73063e9d7d56,6.534931078179168,2458.8828986283406,-0.19230769230769232,0.48029853327661337,0.19230769230769232,0.26665109365939055,False
S025@corridor@binding:i101:nsga2:s1060001:r1:PR1_HT1_EC0:41a513b2b48a,S025,small,101,1060001,nsga2,p0021,2c549ce1f8669e9d,6.536449952593118,2458.3391618156697,-0.19230769230769232,0.47960362341394935,0.19230769230769232,0.006083082771234996,False
S025@corridor@binding:i101:nsga2:s1060001:r1:PR1_HT1_EC0:41a513b2b48a,S025,small,101,1060001,nsga2,p0022,fc9737bacfc850e2,6.255808710876239,3443.5028772257274,-0.19230769230769232,0.5616333759252724,0.19230769230769232,0.03443304003964946,False
S025@corridor@binding:i101:nsga2:s1060001:r1:PR1_HT1_EC0:41a513b2b48a,S025,small,101,1060001,nsga2,p0023,aaf842450f2bc341,6.585753725383067,2388.9216889869977,-0.18292682926829268,0.44991726634451623,0.18292682926829268,0.04763046613090617,False
S025@corridor@binding:i101:nsga2:s1060001:r1:PR1_HT1_EC0:41a513b2b48a,S025,small,101,1060001,nsga2,p0024,3a200aac0cabf280,6.536785274177634,2412.423337805002,-0.16666666666666666,0.48027536961427303,0.16666666666666666,0.025046170436557727,False
S025@corridor@binding:i101:nsga2:s1060001:r1:PR1_HT1_EC0:41a513b2b48a,S025,small,101,1060001,nsga2,p0025,1946b47b0a378817,6.533343815810775,2435.9249866230066,-0.16666666666666666,0.4818857956450069,0.16666666666666666,0.11304431650927982,False
S025@corridor@binding:i101:nsga2:s1060001:r1:PR1_HT1_EC0:41a513b2b48a,S025,small,101,1060001,nsga2,p0026,aa19ecd037343251,6.249856845779573,3374.629141209726,-0.16666666666666666,0.567588917793766,0.16666666666666666,0.09705899477229743,False
S025@corridor@binding:i101:nsga2:s1060001:r1:PR1_HT1_EC0:41a513b2b48a,S025,small,101,1060001,nsga2,p0027,043aa8b9d211db22,6.616349861970663,2388.3779521743268,-0.12195121951219512,0.4285380612026741,0.12195121951219512,0.23848039185721226,False
S025@corridor@binding:i101:nsga2:s1060001:r1:PR1_HT1_EC0:41a513b2b48a,S025,small,101,1060001,nsga2,p0028,947386b43aadff72,6.904635258359354,704.0078882202506,-0.0,0.2431610942248377,0.0,,False
S025@corridor@binding:i101:nsga2:s1060001:r1:PR1_HT1_EC0:41a513b2b48a,S025,small,101,1060001,nsga2,p0029,8ce9b0c32db37d16,6.604064881554189,2285.8554872748778,-0.0,0.43450928915450565,0.0,0.04778737828436956,False
S025@corridor@binding:i101:nsga2:s1060001:r1:PR1_HT1_EC0:41a513b2b48a,S025,small,101,1060001,nsga2,p0030,5158fd3aa05e6f2d,6.5701306526149725,2333.7103012192733,-0.0,0.44345102973843753,0.0,0.030651244231162507,False
S025@corridor@binding:i101:nsga2:s1060001:r1:PR1_HT1_EC0:41a513b2b48a,S025,small,101,1060001,nsga2,p0031,d6a9e3ba52323427,6.574284669348502,2311.0601687096546,-0.0,0.44277597444340533,0.0,0.017627829099258117,False
S025@corridor@binding:i101:nsga2:s1060001:r1:PR1_HT1_EC0:41a513b2b48a,S025,small,101,1060001,nsga2,p0032,f2aa96908f6d8998,6.874240121581239,1149.6055622140414,-0.0,0.27355623100295323,0.0,0.21303572558844067,False
S025@corridor@binding:i101:nsga2:s1060001:r1:PR1_HT1_EC0:41a513b2b48a,S025,small,101,1060001,nsga2,p0033,8d5a63dcd227d2d2,6.880831837991047,1055.598966942023,-0.0,0.2669645145931444,0.0,0.11571479338365921,False
S025@corridor@binding:i101:nsga2:s1060001:r1:PR1_HT1_EC0:41a513b2b48a,S025,small,101,1060001,nsga2,p0034,095f1a4c37cef303,6.770420588128572,1860.5995778659335,-0.0,0.3469806276775043,0.0,0.06338084481580468,False
S025@corridor@binding:i101:nsga2:s1060001:r1:PR1_HT1_EC0:41a513b2b48a,S025,small,101,1060001,nsga2,p0035,ebfe678f1d3ea05d,6.773899549567069,1841.3555105898593,-0.0,0.3435016662390064,0.0,0.019365449738218757,False
S025@corridor@binding:i101:nsga2:s1060001:r1:PR1_HT1_EC0:41a513b2b48a,S025,small,101,1060001,nsga2,p0036,8639fedc8a1c58a1,6.688787063147219,2070.2997547997456,-0.0,0.3678238791026265,0.0,0.047980165553174844,False
S025@corridor@binding:i101:nsga2:s1060001:r1:PR1_HT1_EC0:41a513b2b48a,S025,small,101,1060001,nsga2,p0037,a22e679368923521,6.684117930690247,2159.911800958638,-0.0,0.37249301155959835,0.0,0.0802712472271877,False
S025@corridor@binding:i101:nsga2:s1060001:r1:PR1_HT1_EC0:41a513b2b48a,S025,small,101,1060001,nsga2,p0038,3dadf5e3f47ea6ef,6.792509897502747,1817.0023454634686,-0.0,0.33148303471313806,0.0,0.20200468423753,False
S025@corridor@binding:i101:nsga2:s1060001:r1:PR1_HT1_EC0:41a513b2b48a,S025,small,101,1060001,nsga2,p0039,3a9af4cd4ff90ef9,6.716998024736528,2012.0897775835226,-0.0,0.3566668879637003,0.0,,False
S025@corridor@binding:i101:nsga2:s1060001:r1:PR1_HT1_EC1:a1f1bd291f41,S025,small,101,1060001,nsga2,p0001,07394de1f8455fb2,7.244965805471879,1033.6498264992122,-0.0,0.26595744680840283,0.0,,True
S025@corridor@binding:i101:nsga2:s1060001:r1:PR1_HT1_EC1:a1f1bd291f41,S025,small,101,1060001,nsga2,p0002,cee00508654754d2,7.290558510639063,886.5492641080237,-0.0,0.24316109422481344,0.0,0.947868877373403,False
S025@corridor@binding:i101:nsga2:s1060001:r1:PR1_HT1_EC1:a1f1bd291f41,S025,small,101,1060001,nsga2,p0003,0ad02fa191f2a34d,7.314589665654514,853.6717993018128,-0.0,0.24316109422476506,0.0,,False
S025@corridor@binding:i101:nsga2:s1060001:r1:PR1_HT1_EC1:a1f1bd291f41,S025,small,101,1060001,nsga2,p0004,1c6016b980052832,7.267762158055477,998.4583669482848,-0.0,0.2583586626138712,0.0,1.052131122626597,False
S025@corridor@binding:i101:nsga2:s1060001:r1:PR1_HT1_EC1:a1f1bd291f41,S025,small,101,1060001,nsga2,p0005,c85457e8824e5b29,7.282959726444535,942.5038155281543,-0.0,0.25075987841934233,0.0,0.9492146615618138,False
S025@corridor@binding:i102:nsga2:s1070000:r0:PR0_HT1_EC1:e5cad6c85852,S025,small,102,1070000,nsga2,p0001,5ffdde9becab8ce4,5.133333707910856,3558.7017038626827,-0.7068062827225131,0.8212886727610208,0.7068062827225131,,True
S025@corridor@binding:i102:nsga2:s1070000:r0:PR0_HT1_EC1:e5cad6c85852,S025,small,102,1070000,nsga2,p0002,b9c8999c5524da7c,5.19920876752066,3548.8588050225503,-0.680628272251309,0.8035089247661965,0.680628272251309,0.21118919867144492,False
S025@corridor@binding:i102:nsga2:s1070000:r0:PR0_HT1_EC1:e5cad6c85852,S025,small,102,1070000,nsga2,p0003,a1006138108ae0a8,5.320471693024606,3488.196260683637,-0.6282722513089005,0.7632028553175331,0.6282722513089005,0.41024713898762555,False
S025@corridor@binding:i102:nsga2:s1070000:r0:PR0_HT1_EC1:e5cad6c85852,S025,small,102,1070000,nsga2,p0004,d1c66113fbd935a6,5.295761837827501,3462.1175204431547,-0.5759162303664922,0.7615380583152979,0.5759162303664922,0.3202866455664012,False
S025@corridor@binding:i102:nsga2:s1070000:r0:PR0_HT1_EC1:e5cad6c85852,S025,small,102,1070000,nsga2,p0005,30f53b8ddf164c96,5.8255401959908255,3046.716350771651,-0.5524861878453039,0.6993751648982194,0.5524861878453039,0.2554556587638089,False
S025@corridor@binding:i102:nsga2:s1070000:r0:PR0_HT1_EC1:e5cad6c85852,S025,small,102,1070000,nsga2,p0006,259ae60cf43c5ee2,5.896266993703941,3040.0993968711127,-0.5235602094240838,0.67381193942097,0.5235602094240838,0.09661856134596572,False
S025@corridor@binding:i102:nsga2:s1070000:r0:PR0_HT1_EC1:e5cad6c85852,S025,small,102,1070000,nsga2,p0007,ec938c77906d8c26,5.8642433887136285,3010.242438305375,-0.4972375690607735,0.6783962895539724,0.4972375690607735,0.12098289760195687,False
S025@corridor@binding:i102:nsga2:s1070000:r0:PR0_HT1_EC1:e5cad6c85852,S025,small,102,1070000,nsga2,p0008,62379f98987c1019,5.898031697738184,3004.9630181179973,-0.4696132596685083,0.664656868048903,0.4696132596685083,0.0950471633295463,False
S025@corridor@binding:i102:nsga2:s1070000:r0:PR0_HT1_EC1:e5cad6c85852,S025,small,102,1070000,nsga2,p0009,583a6069f6e99644,5.796603103435917,3038.7004043905263,-0.4435483870967742,0.692658887365003,0.4435483870967742,0.28289477902469434,False
S025@corridor@binding:i102:nsga2:s1070000:r0:PR0_HT1_EC1:e5cad6c85852,S025,small,102,1070000,nsga2,p0010,b3aaa31431f3bb17,5.930837201606376,3001.4566111143254,-0.4419889502762431,0.6505056693839053,0.4419889502762431,0.8618425632142276,False
S025@corridor@binding:i102:nsga2:s1070000:r0:PR0_HT1_EC1:e5cad6c85852,S025,small,102,1070000,nsga2,p0011,5fed49d84cc62e7c,6.691340208744889,2126.7059676417116,-0.31413612565445026,0.5050108264767402,0.31413612565445026,0.8949896223079471,False
S025@corridor@binding:i102:nsga2:s1070000:r0:PR0_HT1_EC1:e5cad6c85852,S025,small,102,1070000,nsga2,p0012,35f08bafde1fe2c3,6.708957624329953,2108.2228977528985,-0.2879581151832461,0.493946490839251,0.2879581151832461,0.16856621810654457,False
S025@corridor@binding:i102:nsga2:s1070000:r0:PR0_HT1_EC1:e5cad6c85852,S025,small,102,1070000,nsga2,p0013,ee2382bc8549978f,6.716916332070461,2055.7757077915408,-0.2879581151832461,0.48802960735669254,0.2879581151832461,0.05538822489592495,False
S025@corridor@binding:i102:nsga2:s1070000:r0:PR0_HT1_EC1:e5cad6c85852,S025,small,102,1070000,nsga2,p0014,9c52607ce549c698,6.715510704277529,2091.7480685826113,-0.2617801047120419,0.48739341089167565,0.2617801047120419,0.12100573957339192,False
S025@corridor@binding:i102:nsga2:s1070000:r0:PR0_HT1_EC1:e5cad6c85852,S025,small,102,1070000,nsga2,p0015,5d520f5f5b1ae757,6.71105150779773,2071.119006535432,-0.21367521367521367,0.48964528588376716,0.21367521367521367,0.11261173423600601,False
S025@corridor@binding:i102:nsga2:s1070000:r0:PR0_HT1_EC1:e5cad6c85852,S025,small,102,1070000,nsga2,p0016,b3abaf5d1a8164ef,6.741131498372694,2052.7878946871733,-0.19337016574585636,0.46751720179252065,0.19337016574585636,0.3496138635936321,False
S025@corridor@binding:i102:nsga2:s1070000:r0:PR0_HT1_EC1:e5cad6c85852,S025,small,102,1070000,nsga2,p0017,9f0e457f1ccc01b4,7.016674459221366,1600.1656806191427,-0.13812154696132597,0.38681210714370484,0.13812154696132597,0.4185306668505952,False
S025@corridor@binding:i102:nsga2:s1070000:r0:PR0_HT1_EC1:e5cad6c85852,S025,small,102,1070000,nsga2,p0018,e8fc11e283de0d4b,7.01205630173802,1575.5808469308445,-0.11049723756906077,0.38487718467947546,0.11049723756906077,0.0557035221782664,False
S025@corridor@binding:i102:nsga2:s1070000:r0:PR0_HT1_EC1:e5cad6c85852,S025,small,102,1070000,nsga2,p0019,92c9274a51b46a97,7.023227539168941,1562.8837728967376,-0.11049723756906077,0.3802590271961295,0.11049723756906077,0.2657531157512742,False
S025@corridor@binding:i102:nsga2:s1070000:r0:PR0_HT1_EC1:e5cad6c85852,S025,small,102,1070000,nsga2,p0020,f6ea7dadfe8a86ed,6.981869484872164,1717.4035279494067,-0.08064516129032258,0.40287719707516045,0.08064516129032258,0.29856588809978796,False
S025@corridor@binding:i102:nsga2:s1070000:r0:PR0_HT1_EC1:e5cad6c85852,S025,small,102,1070000,nsga2,p0021,79bee65bcb834776,7.189372963967109,1171.4625256359184,-0.07853403141361257,0.3064767520666156,0.07853403141361257,0.27972369047531626,False
S025@corridor@binding:i102:nsga2:s1070000:r0:PR0_HT1_EC1:e5cad6c85852,S025,small,102,1070000,nsga2,p0022,5bbd4725fa6ff274,7.009406724216497,1660.9387261240831,-0.042735042735042736,0.38846749798458374,0.042735042735042736,0.08684446176422964,False
S025@corridor@binding:i102:nsga2:s1070000:r0:PR0_HT1_EC1:e5cad6c85852,S025,small,102,1070000,nsga2,p0023,44ce3c11f81e3257,7.000203142474521,1676.9225429728754,-0.04032258064516129,0.3910966194203797,0.04032258064516129,0.05418268035546569,False
S025@corridor@binding:i102:nsga2:s1070000:r0:PR0_HT1_EC1:e5cad6c85852,S025,small,102,1070000,nsga2,p0024,1ef2f4581b77f5b0,7.2003410879903,1157.2715450496278,-0.027624309392265192,0.2955086280434245,0.027624309392265192,0.2584125420221222,False
S025@corridor@binding:i102:nsga2:s1070000:r0:PR0_HT1_EC1:e5cad6c85852,S025,small,102,1070000,nsga2,p0025,27ed518e0d7e7851,7.299257317606529,748.1008775205676,-0.0,0.19659239842719534,0.0,,False
S025@corridor@binding:i102:nsga2:s1070000:r0:PR1_HT0_EC1:75cc4e2aff9b,S025,small,102,1070000,nsga2,p0001,529c95016a337f97,4.6125415489446695,4176.896473443326,-0.7853403141361257,0.8774229826026985,0.7853403141361257,,False
S025@corridor@binding:i102:nsga2:s1070000:r0:PR1_HT0_EC1:75cc4e2aff9b,S025,small,102,1070000,nsga2,p0002,32ebd783f4016e89,4.612104676948171,4293.190998286051,-0.7853403141361257,0.8774229826026985,0.7853403141361257,,True
S025@corridor@binding:i102:nsga2:s1070000:r0:PR1_HT0_EC1:75cc4e2aff9b,S025,small,102,1070000,nsga2,p0003,3d9a756dbc4feed7,4.650946149961094,4061.5136807494655,-0.7734806629834254,0.8757916612324643,0.7734806629834254,0.0831433391433622,False
S025@corridor@binding:i102:nsga2:s1070000:r0:PR1_HT0_EC1:75cc4e2aff9b,S025,small,102,1070000,nsga2,p0004,541fb3188a00ea85,4.603927051882469,4286.984205630744,-0.7692307692307693,0.8836998283156708,0.7692307692307693,0.15351471439920858,False
S025@corridor@binding:i102:nsga2:s1070000:r0:PR1_HT0_EC1:75cc4e2aff9b,S025,small,102,1070000,nsga2,p0005,554bd0a4da8f0687,4.687624204564076,4053.1203098669707,-0.7258064516129032,0.856836871392784,0.7258064516129032,0.4822856862268264,False
S025@corridor@binding:i102:nsga2:s1070000:r0:PR1_HT0_EC1:75cc4e2aff9b,S025,small,102,1070000,nsga2,p0006,0a7a5a807c89082f,5.49629105691119,3344.145695575756,-0.6282722513089005,0.7580090995548519,0.6282722513089005,0.6192856216215062,False
S025@corridor@binding:i102:nsga2:s1070000:r0:PR1_HT0_EC1:75cc4e2aff9b,S025,small,102,1070000,nsga2,p0007,f40019febc8822da,5.496727928907689,3247.4944195323515,-0.6282722513089005,0.7580090995548517,0.6282722513089005,0.05877109977269877,False
S025@corridor@binding:i102:nsga2:s1070000:r0:PR1_HT0_EC1:75cc4e2aff9b,S025,small,102,1070000,nsga2,p0008,7fb87c044e287776,4.590228808261473,4262.460808508376,-0.5982905982905983,0.8561607299855017,0.5982905982905983,,False
S025@corridor@binding:i102:nsga2:s1070000:r0:PR1_HT0_EC1:75cc4e2aff9b,S025,small,102,1070000,nsga2,p0009,50fd4479acfe8317,4.590665680257971,4047.4993012850114,-0.5982905982905983,0.8561607299855017,0.5982905982905983,0.22819359613370388,False
S025@corridor@binding:i102:nsga2:s1070000:r0:PR1_HT0_EC1:75cc4e2aff9b,S025,small,102,1070000,nsga2,p0010,eea88ba436fbc781,5.542914501916629,3236.8060130615704,-0.580110497237569,0.7377639074685933,0.580110497237569,0.1152507286247722,False
S025@corridor@binding:i102:nsga2:s1070000:r0:PR1_HT0_EC1:75cc4e2aff9b,S025,small,102,1070000,nsga2,p0011,20393ad98027a5fd,5.460526652361931,3291.056720170298,-0.5497382198952879,0.7327065896068619,0.5497382198952879,0.3936628286209159,False
S025@corridor@binding:i102:nsga2:s1070000:r0:PR1_HT0_EC1:75cc4e2aff9b,S025,small,102,1070000,nsga2,p0012,3d37f0d9fe1f0edb,5.4937271192208215,3249.840126633442,-0.5248618784530387,0.7204004953592487,0.5248618784530387,0.06109350429115557,False
S025@corridor@binding:i102:nsga2:s1070000:r0:PR1_HT0_EC1:75cc4e2aff9b,S025,small,102,1070000,nsga2,p0013,9211e90071830d2e,5.491423239153892,3237.843279422273,-0.5128205128205128,0.7324463175435204,0.5128205128205128,0.0504454330470525,False
S025@corridor@binding:i102:nsga2:s1070000:r0:PR1_HT0_EC1:75cc4e2aff9b,S025,small,102,1070000,nsga2,p0014,1a19f06d2fc215df,5.57490963392218,3150.7486288091777,-0.4972375690607735,0.7062220235249846,0.4972375690607735,0.5518475105568822,False
S025@corridor@binding:i102:nsga2:s1070000:r0:PR1_HT0_EC1:75cc4e2aff9b,S025,small,102,1070000,nsga2,p0015,2be5e41b13394da5,6.239117185187363,2598.3587942678755,-0.4143646408839779,0.6000041060677681,0.4143646408839779,0.606123259473074,False
S025@corridor@binding:i102:nsga2:s1070000:r0:PR1_HT0_EC1:75cc4e2aff9b,S025,small,102,1070000,nsga2,p0016,17b7edf84bcadef9,6.349701178664418,2588.126222176639,-0.39267015706806285,0.5714584303637269,0.39267015706806285,0.04410244964748322,False
S025@corridor@binding:i102:nsga2:s1070000:r0:PR1_HT0_EC1:75cc4e2aff9b,S025,small,102,1070000,nsga2,p0017,b187bc91a862519c,6.351929365950159,2575.4001136405736,-0.3867403314917127,0.5699342472691901,0.3867403314917127,0.11532219672257024,False
S025@corridor@binding:i102:nsga2:s1070000:r0:PR1_HT0_EC1:75cc4e2aff9b,S025,small,102,1070000,nsga2,p0018,19076210383b49c1,6.305682754091911,2558.49930092661,-0.38461538461538464,0.5841690407661485,0.38461538461538464,0.06007043837749196,False
S025@corridor@binding:i102:nsga2:s1070000:r0:PR1_HT0_EC1:75cc4e2aff9b,S025,small,102,1070000,nsga2,p0019,b6c4be265694365e,6.340042018860162,2540.6321841191407,-0.36649214659685864,0.562372362777825,0.36649214659685864,0.16368043587157982,False
S025@corridor@binding:i102:nsga2:s1070000:r0:PR1_HT0_EC1:75cc4e2aff9b,S025,small,102,1070000,nsga2,p0020,74d45843c41ee5bf,6.21865512978396,2561.0768865454706,-0.35911602209944754,0.5938898477462171,0.35911602209944754,0.04671291282669632,False
S025@corridor@binding:i102:nsga2:s1070000:r0:PR1_HT0_EC1:75cc4e2aff9b,S025,small,102,1070000,nsga2,p0021,15db1205eef737e0,6.329303846571181,2557.543810760312,-0.3418803418803419,0.5715782421298699,0.3418803418803419,0.12324807020239077,False
S025@corridor@binding:i102:nsga2:s1070000:r0:PR1_HT0_EC1:75cc4e2aff9b,S025,small,102,1070000,nsga2,p0022,7a56b2fe03d20e92,6.620235604816478,2056.3002115732197,-0.27624309392265195,0.5074391546472794,0.27624309392265195,0.14504581019775653,False
S025@corridor@binding:i102:nsga2:s1070000:r0:PR1_HT0_EC1:75cc4e2aff9b,S025,small,102,1070000,nsga2,p0023,53e1cbef194fc249,6.6225056590505575,2037.4494847430442,-0.24861878453038674,0.5018523545524347,0.24861878453038674,0.14310179532915462,False
S025@corridor@binding:i102:nsga2:s1070000:r0:PR1_HT0_EC1:75cc4e2aff9b,S025,small,102,1070000,nsga2,p0024,643c29e2219be245,6.21038390816814,2591.492858170313,-0.24193548387096775,0.5921586204137517,0.24193548387096775,0.33942682188507417,False
S025@corridor@binding:i102:nsga2:s1070000:r0:PR1_HT0_EC1:75cc4e2aff9b,S025,small,102,1070000,nsga2,p0025,16b2a4d2405f50b8,6.613657248772226,2119.0804662049104,-0.17094017094017094,0.506837917639349,0.17094017094017094,0.3326767733781604,False
S025@corridor@binding:i102:nsga2:s1070000:r0:PR1_HT0_EC1:75cc4e2aff9b,S025,small,102,1070000,nsga2,p0026,cf08f5dd505be06a,6.9566611699854395,1569.171280451881,-0.16574585635359115,0.39921133751082377,0.16574585635359115,0.098300274997141,False
S025@corridor@binding:i102:nsga2:s1070000:r0:PR1_HT0_EC1:75cc4e2aff9b,S025,small,102,1070000,nsga2,p0027,fc0e93df56b47074,6.831643719766527,1858.8102552445025,-0.16574585635359115,0.43992451609508676,0.16574585635359115,,False
S025@corridor@binding:i102:nsga2:s1070000:r0:PR1_HT0_EC1:75cc4e2aff9b,S025,small,102,1070000,nsga2,p0028,37485f151810837e,6.94330095701873,1567.6773738996976,-0.16129032258064516,0.40983486456144247,0.16129032258064516,0.09305610559255581,False
S025@corridor@binding:i102:nsga2:s1070000:r0:PR1_HT0_EC1:75cc4e2aff9b,S025,small,102,1070000,nsga2,p0029,56084a7c0911ddc9,6.947176713808008,1559.9297455074748,-0.1282051282051282,0.4059591077721649,0.1282051282051282,0.07495390271077641,False
S025@corridor@binding:i102:nsga2:s1070000:r0:PR1_HT0_EC1:75cc4e2aff9b,S025,small,102,1070000,nsga2,p0030,433c950c51857d58,6.973084075741355,1548.7265780255516,-0.11049723756906077,0.3847340443983944,0.11049723756906077,0.2101038153024323,False
S025@corridor@binding:i102:nsga2:s1070000:r0:PR1_HT0_EC1:75cc4e2aff9b,S025,small,102,1070000,nsga2,p0031,7516a76e6da9e066,6.821582496423527,1946.564691158556,-0.08064516129032258,0.44478187173610134,0.08064516129032258,0.07234125047745552,False
S025@corridor@binding:i102:nsga2:s1070000:r0:PR1_HT0_EC1:75cc4e2aff9b,S025,small,102,1070000,nsga2,p0032,1b8f042aec018a0c,6.818668187543016,1963.5317429945783,-0.08064516129032258,0.4455437749116124,0.08064516129032258,0.20181141095609206,False
S025@corridor@binding:i102:nsga2:s1070000:r0:PR1_HT0_EC1:75cc4e2aff9b,S025,small,102,1070000,nsga2,p0033,c5656b0ac7adf519,7.299257317606529,748.1008775205676,-0.0,0.19659239842719534,0.0,,False
S025@corridor@binding:i102:nsga2:s1070000:r0:PR1_HT0_EC1:75cc4e2aff9b,S025,small,102,1070000,nsga2,p0034,e8386a6fde09b1de,7.231909187639802,953.919260040997,-0.0,0.26394052839392207,0.0,0.11268590060868694,False
S025@corridor@binding:i102:nsga2:s1070000:r0:PR1_HT0_EC1:75cc4e2aff9b,S025,small,102,1070000,nsga2,p0035,50313e3d19e9f44b,7.247730653092304,936.8536063286947,-0.0,0.2481190629414212,0.0,0.025485208630571004,False
S025@corridor@binding:i102:nsga2:s1070000:r0:PR1_HT0_EC1:75cc4e2aff9b,S025,small,102,1070000,nsga2,p0036,c8d9b8c4215ca2a5,7.144433560071601,1265.124828655942,-0.0,0.31271770667965587,0.0,0.020971698319369056,False
S025@corridor@binding:i102:nsga2:s1070000:r0:PR1_HT0_EC1:75cc4e2aff9b,S025,small,102,1070000,nsga2,p0037,a8ceb7b8f388bf21,7.1434372632578285,1274.201376327602,-0.0,0.3130939730904443,0.0,0.14324972460652927,False
S025@corridor@binding:i102:nsga2:s1070000:r0:PR1_HT0_EC1:75cc4e2aff9b,S025,small,102,1070000,nsga2,p0038,f4b37e324d2635a0,7.146173949173918,1203.4361037501778,-0.0,0.3103572871743542,0.0,0.12007535867324072,False
S025@corridor@binding:i102:nsga2:s1070000:r0:PR1_HT0_EC1:75cc4e2aff9b,S025,small,102,1070000,nsga2,p0039,0d07dc772c9e367e,7.2611361380094515,895.1376391291094,-0.0,0.23471357802427312,0.0,0.005653052703812347,False
S025@corridor@binding:i102:nsga2:s1070000:r0:PR1_HT0_EC1:75cc4e2aff9b,S025,small,102,1070000,nsga2,p0040,33cf1dc357db76a3,7.272745672794231,871.5401363256656,-0.0,0.2231040432394941,0.0,0.05177966530215727,False
S025@corridor@binding:i102:nsga2:s1070000:r0:PR1_HT0_EC1:75cc4e2aff9b,S025,small,102,1070000,nsga2,p0041,a4fbc96e1382c4ab,7.2599388379210765,900.25207204374,-0.0,0.2359108781126475,0.0,0.016715700704541585,False
S025@corridor@binding:i102:nsga2:s1070000:r0:PR1_HT0_EC1:75cc4e2aff9b,S025,small,102,1070000,nsga2,p0042,300fa09ef8d58997,7.261573010005951,882.3499991673522,-0.0,0.23471357802427298,0.0,,False
S025@corridor@binding:i102:nsga2:s1070000:r0:PR1_HT1_EC0:6d64fbb47f71,S025,small,102,1070000,nsga2,p0001,fc50ce85bcabe4b2,4.215202153176456,4210.121476932916,-0.8755301794452136,0.89999999999989,0.8755301794452136,,False
S025@corridor@binding:i102:nsga2:s1070000:r0:PR1_HT1_EC0:6d64fbb47f71,S025,small,102,1070000,nsga2,p0002,0d9d3152bdf41867,4.211523217373897,4285.524384253617,-0.8755301794451508,0.8999999999998395,0.8755301794451508,,True
S025@corridor@binding:i102:nsga2:s1070000:r0:PR1_HT1_EC0:6d64fbb47f71,S025,small,102,1070000,nsga2,p0003,d5e2eb940881c856,4.328848892747315,4071.847026242334,-0.875530179445167,0.8999999999998524,0.875530179445167,0.47243650034192713,False
S025@corridor@binding:i102:nsga2:s1070000:r0:PR1_HT1_EC0:6d64fbb47f71,S025,small,102,1070000,nsga2,p0004,bb6023e24f046608,4.242581553045056,4080.301270960677,-0.8755301794452139,0.8999999999998901,0.8755301794452139,0.17631283997518932,False
S025@corridor@binding:i102:nsga2:s1070000:r0:PR1_HT1_EC0:6d64fbb47f71,S025,small,102,1070000,nsga2,p0005,ce45fa4c6daf552d,5.190415718365358,3445.4862932207698,-0.7853403141361257,0.8464918367591251,0.7853403141361257,0.321094563219998,False
S025@corridor@binding:i102:nsga2:s1070000:r0:PR1_HT1_EC0:6d64fbb47f71,S025,small,102,1070000,nsga2,p0006,49f4df3ec843c65e,5.184052788449702,3368.1875074483582,-0.7661290322580645,0.8471026696190072,0.7661290322580645,0.41765937199126074,False
S025@corridor@binding:i102:nsga2:s1070000:r0:PR1_HT1_EC0:6d64fbb47f71,S025,small,102,1070000,nsga2,p0007,ec778c6af82bbd24,5.216153165520179,3359.6840550463307,-0.6837606837606838,0.823931449600816,0.6837606837606838,0.16518349249787884,False
S025@corridor@binding:i102:nsga2:s1070000:r0:PR1_HT1_EC0:6d64fbb47f71,S025,small,102,1070000,nsga2,p0008,81e95628efeb39b4,5.2798583583346925,3325.3417910280573,-0.6451612903225806,0.7989646196160911,0.6451612903225806,0.24416301186145406,False
S025@corridor@binding:i102:nsga2:s1070000:r0:PR1_HT1_EC0:6d64fbb47f71,S025,small,102,1070000,nsga2,p0009,dd109b2a5901c795,5.264158824522969,3356.2954909501304,-0.6451612903225806,0.8058785496878806,0.6451612903225806,0.03260766044515681,False
S025@corridor@binding:i102:nsga2:s1070000:r0:PR1_HT1_EC0:6d64fbb47f71,S025,small,102,1070000,nsga2,p0010,cf38b59c081b1f78,5.2761100844332045,3327.600833758858,-0.6410256410256411,0.8030366743824238,0.6410256410256411,0.032544719895307314,False
S025@corridor@binding:i102:nsga2:s1070000:r0:PR1_HT1_EC0:6d64fbb47f71,S025,small,102,1070000,nsga2,p0011,7d71bc1c6588a0fd,5.8403151566972875,3226.055394651502,-0.6282722513089005,0.7240076133658494,0.6282722513089005,0.10137935851862107,False
S025@corridor@binding:i102:nsga2:s1070000:r0:PR1_HT1_EC0:6d64fbb47f71,S025,small,102,1070000,nsga2,p0012,9d6a84ced497b179,5.834563059641514,3139.9195874972784,-0.6048387096774194,0.7249154090693141,0.6048387096774194,0.09210411323554034,False
S025@corridor@binding:i102:nsga2:s1070000:r0:PR1_HT1_EC0:6d64fbb47f71,S025,small,102,1070000,nsga2,p0013,db8de39b36f5d060,5.903889914936996,3139.38988435757,-0.5759162303664922,0.6956676862961194,0.5759162303664922,0.07623126582020193,False
S025@corridor@binding:i102:nsga2:s1070000:r0:PR1_HT1_EC0:6d64fbb47f71,S025,small,102,1070000,nsga2,p0014,3ce3e37f425d37e8,5.868847354243383,3114.476355525128,-0.5645161290322581,0.7089647720694959,0.5645161290322581,0.0505914275329763,False
S025@corridor@binding:i102:nsga2:s1070000:r0:PR1_HT1_EC0:6d64fbb47f71,S025,small,102,1070000,nsga2,p0015,07e8e00b0f8a42f5,5.950388281666236,3100.060727975451,-0.5555555555555556,0.6944840831289029,0.5555555555555556,0.184016646157839,False
S025@corridor@binding:i102:nsga2:s1070000:r0:PR1_HT1_EC0:6d64fbb47f71,S025,small,102,1070000,nsga2,p0016,929113d9f1cf656f,5.811200794745219,3125.6303578702054,-0.5128205128205128,0.7198497710308039,0.5128205128205128,0.2825420464614958,False
S025@corridor@binding:i102:nsga2:s1070000:r0:PR1_HT1_EC0:6d64fbb47f71,S025,small,102,1070000,nsga2,p0017,26abb00d9d86cffa,6.16129706530286,2885.304944717846,-0.4712041884816754,0.6379406927136497,0.4712041884816754,0.07760883597610578,False
S025@corridor@binding:i102:nsga2:s1070000:r0:PR1_HT1_EC0:6d64fbb47f71,S025,small,102,1070000,nsga2,p0018,a6dc1a5b70f24482,6.247220754374321,2860.961588677967,-0.4712041884816754,0.6157198381894539,0.4712041884816754,0.09056260730012088,False
S025@corridor@binding:i102:nsga2:s1070000:r0:PR1_HT1_EC0:6d64fbb47f71,S025,small,102,1070000,nsga2,p0019,5a42808a4be2a188,6.240105590717552,2863.220631408768,-0.4712041884816754,0.6164956697439601,0.4712041884816754,0.011829662247418275,False
S025@corridor@binding:i102:nsga2:s1070000:r0:PR1_HT1_EC0:6d64fbb47f71,S025,small,102,1070000,nsga2,p0020,66ec51c679f0a811,6.216235048083722,2870.2402687705535,-0.4712041884816754,0.6221209895106964,0.4712041884816754,0.07155576828955146,False
S025@corridor@binding:i102:nsga2:s1070000:r0:PR1_HT1_EC0:6d64fbb47f71,S025,small,102,1070000,nsga2,p0021,1f60b4eb9d1159e0,6.188108260170005,2849.3354078395855,-0.42735042735042733,0.6298820775726542,0.42735042735042733,0.1947507357485792,False
S025@corridor@binding:i102:nsga2:s1070000:r0:PR1_HT1_EC0:6d64fbb47f71,S025,small,102,1070000,nsga2,p0022,c660e1f0049d7304,6.136650285928104,2926.576544613943,-0.42735042735042733,0.6482631898556552,0.42735042735042733,0.13981692964208164,False
S025@corridor@binding:i102:nsga2:s1070000:r0:PR1_HT1_EC0:6d64fbb47f71,S025,small,102,1070000,nsga2,p0023,ee9317cfd79dfd74,6.537558421884067,2352.964114138894,-0.4143646408839779,0.5587160940919347,0.4143646408839779,0.18965037323591818,False
S025@corridor@binding:i102:nsga2:s1070000:r0:PR1_HT1_EC0:6d64fbb47f71,S025,small,102,1070000,nsga2,p0024,b6f996c24147d4c9,6.183605873666641,2867.7653213926164,-0.4032258064516129,0.6302070243989251,0.4032258064516129,0.03531355846907051,False
S025@corridor@binding:i102:nsga2:s1070000:r0:PR1_HT1_EC0:6d64fbb47f71,S025,small,102,1070000,nsga2,p0025,b9bd6c1a72193a4f,6.556417512573782,2291.0567142947484,-0.39267015706806285,0.5484557093352105,0.39267015706806285,0.1239534480102907,False
S025@corridor@binding:i102:nsga2:s1070000:r0:PR1_HT1_EC0:6d64fbb47f71,S025,small,102,1070000,nsga2,p0026,21581d8c61163e9a,6.509870318094218,2273.5170909695184,-0.3629032258064516,0.5620054940501473,0.3629032258064516,0.4510389298857836,False
S025@corridor@binding:i102:nsga2:s1070000:r0:PR1_HT1_EC0:6d64fbb47f71,S025,small,102,1070000,nsga2,p0027,dc7efe3606389d3c,6.774338475453999,1925.1205225275542,-0.31413612565445026,0.4848295755395665,0.31413612565445026,0.15643402898919828,False
S025@corridor@binding:i102:nsga2:s1070000:r0:PR1_HT1_EC0:6d64fbb47f71,S025,small,102,1070000,nsga2,p0028,ebc22ec78c55a67e,6.822819118066349,1887.4190688672031,-0.31413612565445026,0.47003150820043804,0.31413612565445026,0.07297589761492299,False
S025@corridor@binding:i102:nsga2:s1070000:r0:PR1_HT1_EC0:6d64fbb47f71,S025,small,102,1070000,nsga2,p0029,c0c1fc241f77c507,6.508459341670265,2292.367817799694,-0.29914529914529914,0.5570135762111696,0.29914529914529914,0.1378019854737409,False
S025@corridor@binding:i102:nsga2:s1070000:r0:PR1_HT1_EC0:6d64fbb47f71,S025,small,102,1070000,nsga2,p0030,57d175baffb1590e,6.770896936374542,1905.7958260844514,-0.28225806451612906,0.4866417255030375,0.28225806451612906,0.05611966464655597,False
S025@corridor@binding:i102:nsga2:s1070000:r0:PR1_HT1_EC0:6d64fbb47f71,S025,small,102,1070000,nsga2,p0031,2721de4a6854565a,6.941346367879781,1850.8846612186808,-0.2617801047120419,0.4242634676560457,0.2617801047120419,0.03353919415509183,False
S025@corridor@binding:i102:nsga2:s1070000:r0:PR1_HT1_EC0:6d64fbb47f71,S025,small,102,1070000,nsga2,p0032,538220dc36aff393,6.784855669744627,1876.6271992802517,-0.2617801047120419,0.47229083868568394,0.2617801047120419,0.02213022482860293,False
S025@corridor@binding:i102:nsga2:s1070000:r0:PR1_HT1_EC0:6d64fbb47f71,S025,small,102,1070000,nsga2,p0033,633994e84433dd53,6.934484912008222,1850.8846612186805,-0.2564102564102564,0.4285592804812514,0.2564102564102564,0.06348638183578922,False
S025@corridor@binding:i102:nsga2:s1070000:r0:PR1_HT1_EC0:6d64fbb47f71,S025,small,102,1070000,nsga2,p0034,0e01ee2cbe6870e6,6.762755129787318,1877.756720645652,-0.24193548387096775,0.486078046437685,0.24193548387096775,0.1211111521874453,False
S025@corridor@binding:i102:nsga2:s1070000:r0:PR1_HT1_EC0:6d64fbb47f71,S025,small,102,1070000,nsga2,p0035,89a39ddc0427e7fa,6.773533906523888,1876.6271992802517,-0.21367521367521367,0.47961449226506037,0.21367521367521367,0.04504309809870225,False
S025@corridor@binding:i102:nsga2:s1070000:r0:PR1_HT1_EC0:6d64fbb47f71,S025,small,102,1070000,nsga2,p0036,539c8197b9fe0771,6.9480269103416665,1839.9842324493438,-0.2094240837696335,0.4137772213421223,0.2094240837696335,0.01273810647418172,False
S025@corridor@binding:i102:nsga2:s1070000:r0:PR1_HT1_EC0:6d64fbb47f71,S025,small,102,1070000,nsga2,p0037,44dc953eab97cdf2,6.957484841620203,1827.287158415237,-0.2094240837696335,0.4099209440480723,0.2094240837696335,0.058333069476581026,False
S025@corridor@binding:i102:nsga2:s1070000:r0:PR1_HT1_EC0:6d64fbb47f71,S025,small,102,1070000,nsga2,p0038,f15db4dec8a964a3,6.944844794472122,1841.6431262742742,-0.17094017094017094,0.4166813925482849,0.17094017094017094,0.0549284033061374,False
S025@corridor@binding:i102:nsga2:s1070000:r0:PR1_HT1_EC0:6d64fbb47f71,S025,small,102,1070000,nsga2,p0039,f6ac60db45fe92fd,7.064883632643514,1586.5020499272482,-0.16574585635359115,0.37090723038955586,0.16574585635359115,0.08600484025617888,False
S025@corridor@binding:i102:nsga2:s1070000:r0:PR1_HT1_EC0:6d64fbb47f71,S025,small,102,1070000,nsga2,p0040,0a50e80eda4f8784,7.060177773835461,1564.5634409487348,-0.16129032258064516,0.3756130891976084,0.16129032258064516,0.015308227046193952,False
S025@corridor@binding:i102:nsga2:s1070000:r0:PR1_HT1_EC0:6d64fbb47f71,S025,small,102,1070000,nsga2,p0041,06a7db589f8f9d2a,6.967558687670083,1809.4756514664994,-0.15706806282722513,0.3980511478657443,0.15706806282722513,0.13342990754993134,False
S025@corridor@binding:i102:nsga2:s1070000:r0:PR1_HT1_EC0:6d64fbb47f71,S025,small,102,1070000,nsga2,p0042,674d9d2a9383d5a4,7.056556000361754,1569.6778738633654,-0.1282051282051282,0.3748198185957004,0.1282051282051282,0.09558194111565468,False
S025@corridor@binding:i102:nsga2:s1070000:r0:PR1_HT1_EC0:6d64fbb47f71,S025,small,102,1070000,nsga2,p0043,94f10a966cac0dd3,7.096258227839591,1559.4490080341043,-0.10471204188481675,0.3485016956764069,0.10471204188481675,0.37253992110178324,False
S025@corridor@binding:i102:nsga2:s1070000:r0:PR1_HT1_EC0:6d64fbb47f71,S025,small,102,1070000,nsga2,p0044,3bc12b283bc695b5,7.299694189603029,497.23063206382767,-0.0,0.19659239842719517,0.0,,False
S025@corridor@binding:i102:nsga2:s1070000:r0:PR1_HT1_EC0:6d64fbb47f71,S025,small,102,1070000,nsga2,p0045,ffe70fe6e6cc549d,7.234783420530259,916.415996318924,-0.0,0.261503167499965,0.0,0.22746147992584528,False
S025@corridor@binding:i102:nsga2:s1070000:r0:PR1_HT1_EC0:6d64fbb47f71,S025,small,102,1070000,nsga2,p0046,ff1ce977931c92f2,7.239198464605875,859.8638158283977,-0.0,0.2570881234243492,0.0,0.006458211718203247,False
S025@corridor@binding:i102:nsga2:s1070000:r0:PR1_HT1_EC0:6d64fbb47f71,S025,small,102,1070000,nsga2,p0047,70c2bc86b1bea398,7.23536069021565,868.3966426845489,-0.0,0.2609258978145744,0.0,0.016357801912451002,False
S025@corridor@binding:i102:nsga2:s1070000:r0:PR1_HT1_EC0:6d64fbb47f71,S025,small,102,1070000,nsga2,p0048,a6cfe6dc4300923a,7.273481869812727,744.1091496740238,-0.0,0.22280471821749662,0.0,0.23949546601232896,False
S025@corridor@binding:i102:nsga2:s1070000:r0:PR1_HT1_EC0:6d64fbb47f71,S025,small,102,1070000,nsga2,p0049,4dd48daf2b99b470,7.241614445141227,851.6025974786835,-0.0,0.25467214288899637,0.0,0.009762939351138193,False
S025@corridor@binding:i102:nsga2:s1070000:r0:PR1_HT1_EC0:6d64fbb47f71,S025,small,102,1070000,nsga2,p0050,fa578f940c6f8fee,7.248167525088803,833.8813920139082,-0.0,0.24811906294142103,0.0,,False
S025@corridor@binding:i102:nsga2:s1070000:r0:PR1_HT1_EC1:d5a7da3e9b05,S025,small,102,1070000,nsga2,p0001,bd3f4ce24defb3a5,4.667452695887644,4306.980980790693,-0.7853403141361257,0.877422982602798,0.7853403141361257,,True
S025@corridor@binding:i102:nsga2:s1070000:r0:PR1_HT1_EC1:d5a7da3e9b05,S025,small,102,1070000,nsga2,p0002,21b0eb7d58ec37d2,4.568201803353472,4317.450545622188,-0.7692307692307693,0.8836998283155548,0.7692307692307693,,False
S025@corridor@binding:i102:nsga2:s1070000:r0:PR1_HT1_EC1:d5a7da3e9b05,S025,small,102,1070000,nsga2,p0003,8d969cd2817ebcd2,4.602319131188946,4310.46133296703,-0.7692307692307693,0.8836998283156708,0.7692307692307693,,False
S025@corridor@binding:i102:nsga2:s1070000:r0:PR1_HT1_EC1:d5a7da3e9b05,S025,small,102,1070000,nsga2,p0004,d1e80a7583a7a7cb,4.691077308220082,4231.550859194607,-0.7458563535911602,0.8629815183832368,0.7458563535911602,0.09284923614134055,False
S025@corridor@binding:i102:nsga2:s1070000:r0:PR1_HT1_EC1:d5a7da3e9b05,S025,small,102,1070000,nsga2,p0005,df1c639fdf734db5,4.759626245274281,4201.49836139531,-0.7329842931937173,0.8443129357656123,0.7329842931937173,0.03786143260768542,False
S025@corridor@binding:i102:nsga2:s1070000:r0:PR1_HT1_EC1:d5a7da3e9b05,S025,small,102,1070000,nsga2,p0006,19c06c13d895f453,4.736668755270111,4230.770669971405,-0.7258064516129032,0.8544788428149162,0.7258064516129032,0.05464607170816724,False
S025@corridor@binding:i102:nsga2:s1070000:r0:PR1_HT1_EC1:d5a7da3e9b05,S025,small,102,1070000,nsga2,p0007,315a083b626b059f,4.770252612056524,4197.639096940303,-0.7068062827225131,0.839603452465789,0.7068062827225131,0.07171998630848933,False
S025@corridor@binding:i102:nsga2:s1070000:r0:PR1_HT1_EC1:d5a7da3e9b05,S025,small,102,1070000,nsga2,p0008,188fa52bdc4be629,4.7587356002214145,4186.686310352726,-0.6854838709677419,0.8437557035216875,0.6854838709677419,0.07346167335100957,False
S025@corridor@binding:i102:nsga2:s1070000:r0:PR1_HT1_EC1:d5a7da3e9b05,S025,small,102,1070000,nsga2,p0009,f453e3165a78c342,4.74549656482115,4226.601413552724,-0.6629834254143646,0.8381190988640324,0.6629834254143646,0.044931548251472046,False
S025@corridor@binding:i102:nsga2:s1070000:r0:PR1_HT1_EC1:d5a7da3e9b05,S025,small,102,1070000,nsga2,p0010,65d633b73f36541e,4.8039406557095585,4153.069102388294,-0.6629834254143646,0.8256252215950662,0.6629834254143646,0.07930072492515,False
S025@corridor@binding:i102:nsga2:s1070000:r0:PR1_HT1_EC1:d5a7da3e9b05,S025,small,102,1070000,nsga2,p0011,3d1a4540469ff94a,4.827222293387573,4103.64246103491,-0.6353591160220995,0.8142339784771029,0.6353591160220995,0.5420133743492188,False
S025@corridor@binding:i102:nsga2:s1070000:r0:PR1_HT1_EC1:d5a7da3e9b05,S025,small,102,1070000,nsga2,p0012,e476c4bcd1667a43,5.507755695849084,3383.192229877503,-0.6020942408376964,0.7350446732336428,0.6020942408376964,0.09135868466349387,False
S025@corridor@binding:i102:nsga2:s1070000:r0:PR1_HT1_EC1:d5a7da3e9b05,S025,small,102,1070000,nsga2,p0013,bdc59e69eba40608,5.495723701273963,3399.298500647605,-0.6020942408376964,0.73911796006842,0.6020942408376964,0.5119793492263244,False
S025@corridor@binding:i102:nsga2:s1070000:r0:PR1_HT1_EC1:d5a7da3e9b05,S025,small,102,1070000,nsga2,p0014,546c35189b000f68,5.5017061849502396,3342.5876218371027,-0.5524861878453039,0.7332253165083217,0.5524861878453039,0.34945326598324616,False
S025@corridor@binding:i102:nsga2:s1070000:r0:PR1_HT1_EC1:d5a7da3e9b05,S025,small,102,1070000,nsga2,p0015,cad9dc84949d3967,5.5921399235904,3276.9559433063523,-0.5248618784530387,0.7153231837459395,0.5248618784530387,0.6524720935681797,False
S025@corridor@binding:i102:nsga2:s1070000:r0:PR1_HT1_EC1:d5a7da3e9b05,S025,small,102,1070000,nsga2,p0016,726a98ab6161609b,6.3165081717523215,2679.3708079391527,-0.39267015706806285,0.5849921974330973,0.39267015706806285,0.35251894465327804,False
S025@corridor@binding:i102:nsga2:s1070000:r0:PR1_HT1_EC1:d5a7da3e9b05,S025,small,102,1070000,nsga2,p0017,593d735696ed9cad,6.326330611580361,2664.11495977255,-0.39267015706806285,0.5800381271786306,0.39267015706806285,0.016512479656131385,False
S025@corridor@binding:i102:nsga2:s1070000:r0:PR1_HT1_EC1:d5a7da3e9b05,S025,small,102,1070000,nsga2,p0018,7984c39c5d8026cc,6.349701178664418,2649.845851579188,-0.39267015706806285,0.5714584303637269,0.39267015706806285,0.13377919499230498,False
S025@corridor@binding:i102:nsga2:s1070000:r0:PR1_HT1_EC1:d5a7da3e9b05,S025,small,102,1070000,nsga2,p0019,84b2b424c9947370,6.28494983757362,2598.1154803523073,-0.3867403314917127,0.5862460987472151,0.3867403314917127,0.15470806933548514,False
S025@corridor@binding:i102:nsga2:s1070000:r0:PR1_HT1_EC1:d5a7da3e9b05,S025,small,102,1070000,nsga2,p0020,56e6f398dc3b25b2,6.2716254611338265,2665.4031023394236,-0.38461538461538464,0.5913554214590655,0.38461538461538464,0.0565565444702604,False
S025@corridor@binding:i102:nsga2:s1070000:r0:PR1_HT1_EC1:d5a7da3e9b05,S025,small,102,1070000,nsga2,p0021,6a44503ce1c1942b,6.233799735935259,2637.152483807057,-0.35911602209944754,0.5927112506615321,0.35911602209944754,0.20419542830621396,False
S025@corridor@binding:i102:nsga2:s1070000:r0:PR1_HT1_EC1:d5a7da3e9b05,S025,small,102,1070000,nsga2,p0022,4b90b70ccf899a9d,6.650437677183823,2180.213439991245,-0.24861878453038674,0.49850753967766165,0.24861878453038674,0.4833740186597464,False
S025@corridor@binding:i102:nsga2:s1070000:r0:PR1_HT1_EC1:d5a7da3e9b05,S025,small,102,1070000,nsga2,p0023,8c9de011002d7952,6.2264715996402415,2673.5827686540956,-0.24193548387096775,0.5903309175417628,0.24193548387096775,0.27403756462704215,False
S025@corridor@binding:i102:nsga2:s1070000:r0:PR1_HT1_EC1:d5a7da3e9b05,S025,small,102,1070000,nsga2,p0024,5bc2cab6162c29f9,6.872851271871004,2004.5393143120607,-0.22099447513812154,0.43667999287692333,0.22099447513812154,0.1779775942991173,False
S025@corridor@binding:i102:nsga2:s1070000:r0:PR1_HT1_EC1:d5a7da3e9b05,S025,small,102,1070000,nsga2,p0025,fd4a9f6195cda5c4,6.822759256815259,2023.6295308056872,-0.2094240837696335,0.4515677952033108,0.2094240837696335,0.271355916304947,False
S025@corridor@binding:i102:nsga2:s1070000:r0:PR1_HT1_EC1:d5a7da3e9b05,S025,small,102,1070000,nsga2,p0026,9a3ba780c50954d1,7.016697008001151,1754.7488317847553,-0.11049723756906077,0.3721226322821246,0.11049723756906077,0.1481354357283621,False
S025@corridor@binding:i102:nsga2:s1070000:r0:PR1_HT1_EC1:d5a7da3e9b05,S025,small,102,1070000,nsga2,p0027,0ecb9396e777a9fb,7.0249221901149745,1744.2644127550973,-0.10471204188481675,0.36689996521115414,0.10471204188481675,0.09014075481693515,False
S025@corridor@binding:i102:nsga2:s1070000:r0:PR1_HT1_EC1:d5a7da3e9b05,S025,small,102,1070000,nsga2,p0028,99e596ac2338db71,7.040263172987516,1714.9081499298543,-0.055248618784530384,0.354872937940127,0.055248618784530384,0.2600336079879474,False
S025@corridor@binding:i102:nsga2:s1070000:r0:PR1_HT1_EC1:d5a7da3e9b05,S025,small,102,1070000,nsga2,p0029,3073044f7b273396,7.014235075389857,1783.1307929573363,-0.042735042735042736,0.37458456489341746,0.042735042735042736,0.02569667187828906,False
S025@corridor@binding:i102:nsga2:s1070000:r0:PR1_HT1_EC1:d5a7da3e9b05,S025,small,102,1070000,nsga2,p0030,246480e29b8176dd,7.012950688996262,1784.6991208546162,-0.042735042735042736,0.3753543973204243,0.042735042735042736,0.168215370204518,False
S025@corridor@binding:i102:nsga2:s1070000:r0:PR1_HT1_EC1:d5a7da3e9b05,S025,small,102,1070000,nsga2,p0031,779b3dd1acf2ea1e,7.299257317606529,748.1008775205676,-0.0,0.19659239842719534,0.0,,False
S025@corridor@binding:i102:nsga2:s1070000:r0:PR1_HT1_EC1:d5a7da3e9b05,S025,small,102,1070000,nsga2,p0032,22bf8b961bc442dc,7.253086432951505,1040.8865919186346,-0.0,0.2427632830822202,0.0,0.12248417800416977,False
S025@corridor@binding:i102:nsga2:s1070000:r0:PR1_HT1_EC1:d5a7da3e9b05,S025,small,102,1070000,nsga2,p0033,a95b61250a2a64c2,7.181238469917254,1302.0946370974461,-0.0,0.28809960130417156,0.0,0.2667630648842743,False
S025@corridor@binding:i102:nsga2:s1070000:r0:PR1_HT1_EC1:d5a7da3e9b05,S025,small,102,1070000,nsga2,p0034,d50b7c244d852126,7.2664919178686525,976.3276693053263,-0.0,0.22935779816507212,0.0,0.024175341038921105,False
S025@corridor@binding:i102:nsga2:s1070000:r0:PR1_HT1_EC1:d5a7da3e9b05,S025,small,102,1070000,nsga2,p0035,c6d4d7a2906ff849,7.272745672794231,933.2597657282147,-0.0,0.2231040432394941,0.0,0.0747582841310702,False
S025@corridor@binding:i102:nsga2:s1070000:r0:PR1_HT1_EC1:d5a7da3e9b05,S025,small,102,1070000,nsga2,p0036,ed95168385dd218a,7.2676892179570265,973.6814445955413,-0.0,0.22816049807669775,0.0,,False
S025@corridor@binding:i102:nsga2:s1070001:r1:PR0_HT1_EC1:e7f73c353cd1,S025,small,102,1070001,nsga2,p0001,ed538a0f27a004be,5.133333707910856,3595.0664797445843,-0.7068062827225131,0.8212886727610208,0.7068062827225131,,True
S025@corridor@binding:i102:nsga2:s1070001:r1:PR0_HT1_EC1:e7f73c353cd1,S025,small,102,1070001,nsga2,p0002,42ed67616654040e,5.19920876752066,3548.8588050225503,-0.680628272251309,0.8035089247661965,0.680628272251309,0.20990894642778135,False
S025@corridor@binding:i102:nsga2:s1070001:r1:PR0_HT1_EC1:e7f73c353cd1,S025,small,102,1070001,nsga2,p0003,34f975875445f035,5.320471693024606,3488.196260683637,-0.6282722513089005,0.7632028553175331,0.6282722513089005,0.4229687104988088,False
S025@corridor@binding:i102:nsga2:s1070001:r1:PR0_HT1_EC1:e7f73c353cd1,S025,small,102,1070001,nsga2,p0004,f3f918d05059e27e,5.295761837827501,3439.6540257495453,-0.5759162303664922,0.7615380583152979,0.5759162303664922,0.28129423294783584,False
S025@corridor@binding:i102:nsga2:s1070001:r1:PR0_HT1_EC1:e7f73c353cd1,S025,small,102,1070001,nsga2,p0005,dc9a9d9a33a937c4,5.872000353469095,3180.2042254571325,-0.5235602094240838,0.6818667918633025,0.5235602094240838,0.23685125162854223,False
S025@corridor@binding:i102:nsga2:s1070001:r1:PR0_HT1_EC1:e7f73c353cd1,S025,small,102,1070001,nsga2,p0006,7dee3d4c2cb8a80e,5.266017205925072,3487.689685016308,-0.5128205128205128,0.7768322781182183,0.5128205128205128,0.09866579683309493,False
S025@corridor@binding:i102:nsga2:s1070001:r1:PR0_HT1_EC1:e7f73c353cd1,S025,small,102,1070001,nsga2,p0007,b69e466480ccfd89,5.844465752927213,3075.5082324482364,-0.4973821989528796,0.6789234963757561,0.4973821989528796,0.39843757027859217,False
S025@corridor@binding:i102:nsga2:s1070001:r1:PR0_HT1_EC1:e7f73c353cd1,S025,small,102,1070001,nsga2,p0008,c33e76f1f34dabe3,5.887082149914944,3043.8854477539962,-0.44502617801047123,0.6601357707675957,0.44502617801047123,0.9708137529261534,False
S025@corridor@binding:i102:nsga2:s1070001:r1:PR0_HT1_EC1:e7f73c353cd1,S025,small,102,1070001,nsga2,p0009,72fceb3167f97247,6.691340208744889,2126.7059676417116,-0.31413612565445026,0.5050108264767402,0.31413612565445026,0.9192811966533527,False
S025@corridor@binding:i102:nsga2:s1070001:r1:PR0_HT1_EC1:e7f73c353cd1,S025,small,102,1070001,nsga2,p0010,28998138eb81fb2c,6.708957624329953,2108.2228977528985,-0.2879581151832461,0.493946490839251,0.2879581151832461,0.054841444656281185,False
S025@corridor@binding:i102:nsga2:s1070001:r1:PR0_HT1_EC1:e7f73c353cd1,S025,small,102,1070001,nsga2,p0011,1b0b2c9c32537502,6.716916332070461,2033.3122130979316,-0.2879581151832461,0.48802960735669254,0.2879581151832461,0.06220883104793086,False
S025@corridor@binding:i102:nsga2:s1070001:r1:PR0_HT1_EC1:e7f73c353cd1,S025,small,102,1070001,nsga2,p0012,c1bdacdea6ee1b2f,6.715510704277529,2091.7480685826113,-0.2617801047120419,0.48739341089167565,0.2617801047120419,0.12083711573040708,False
S025@corridor@binding:i102:nsga2:s1070001:r1:PR0_HT1_EC1:e7f73c353cd1,S025,small,102,1070001,nsga2,p0013,77b95f419febdccc,6.71105150779773,2071.119006535432,-0.21367521367521367,0.48964528588376716,0.21367521367521367,0.12033858170167523,False
S025@corridor@binding:i102:nsga2:s1070001:r1:PR0_HT1_EC1:e7f73c353cd1,S025,small,102,1070001,nsga2,p0014,11c5892f3a5618b9,6.741131498372694,2033.1326877231093,-0.19337016574585636,0.46751720179252065,0.19337016574585636,0.36688325122534043,False
S025@corridor@binding:i102:nsga2:s1070001:r1:PR0_HT1_EC1:e7f73c353cd1,S025,small,102,1070001,nsga2,p0015,fda1ad10394f56a3,7.016674459221366,1600.1656806191427,-0.13812154696132597,0.38681210714370484,0.13812154696132597,0.2008470283715365,False
S025@corridor@binding:i102:nsga2:s1070001:r1:PR0_HT1_EC1:e7f73c353cd1,S025,small,102,1070001,nsga2,p0016,ca7ce13164027ef6,6.693540447489418,2119.4194583826884,-0.12096774193548387,0.4853583078064425,0.12096774193548387,0.053709384982087466,False
S025@corridor@binding:i102:nsga2:s1070001:r1:PR0_HT1_EC1:e7f73c353cd1,S025,small,102,1070001,nsga2,p0017,67c129f44e9dac6c,7.01205630173802,1585.8097127601056,-0.11049723756906077,0.38487718467947546,0.11049723756906077,0.2040740331054716,False
S025@corridor@binding:i102:nsga2:s1070001:r1:PR0_HT1_EC1:e7f73c353cd1,S025,small,102,1070001,nsga2,p0018,474bf025e69be486,6.981869484872164,1641.3966738663846,-0.08064516129032258,0.40287719707516045,0.08064516129032258,0.34186766293482024,False
S025@corridor@binding:i102:nsga2:s1070001:r1:PR0_HT1_EC1:e7f73c353cd1,S025,small,102,1070001,nsga2,p0019,4a3a295411310183,7.195926043914684,1210.3363523889675,-0.05235602094240838,0.2999236721190403,0.05235602094240838,0.19734500038734287,False
S025@corridor@binding:i102:nsga2:s1070001:r1:PR0_HT1_EC1:e7f73c353cd1,S025,small,102,1070001,nsga2,p0020,95a77e5df8670b97,6.994805037875567,1627.473281177486,-0.042735042735042736,0.3949980989089617,0.042735042735042736,0.06341038258873549,False
S025@corridor@binding:i102:nsga2:s1070001:r1:PR0_HT1_EC1:e7f73c353cd1,S025,small,102,1070001,nsga2,p0021,99689e59e17d885d,7.2003410879903,1157.2715450496278,-0.027624309392265192,0.2955086280434245,0.027624309392265192,0.2618607619916366,False
S025@corridor@binding:i102:nsga2:s1070001:r1:PR0_HT1_EC1:e7f73c353cd1,S025,small,102,1070001,nsga2,p0022,478c86fc46e2af91,7.193510063379332,1185.6535062222088,-0.0,0.3023396526543931,0.0,0.14048223965630632,False
S025@corridor@binding:i102:nsga2:s1070001:r1:PR0_HT1_EC1:e7f73c353cd1,S025,small,102,1070001,nsga2,p0023,53c9c819d2979606,7.299257317606529,748.1008775205676,-0.0,0.19659239842719534,0.0,,False
S025@corridor@binding:i102:nsga2:s1070001:r1:PR1_HT0_EC1:d952fda92850,S025,small,102,1070001,nsga2,p0001,5e4396a853cb724f,4.612104676948171,4167.237751368348,-0.7853403141361257,0.8774229826026985,0.7853403141361257,,True
S025@corridor@binding:i102:nsga2:s1070001:r1:PR1_HT0_EC1:d952fda92850,S025,small,102,1070001,nsga2,p0002,ff9cb23651187da8,4.6125415489446695,4050.9432265256223,-0.7853403141361257,0.8774229826026985,0.7853403141361257,0.1103059545870072,False
S025@corridor@binding:i102:nsga2:s1070001:r1:PR1_HT0_EC1:d952fda92850,S025,small,102,1070001,nsga2,p0003,8192898bdfb286e8,4.7225463507508,4042.3998050410664,-0.7591623036649214,0.8515272860750401,0.7591623036649214,0.1146725874493967,False
S025@corridor@binding:i102:nsga2:s1070001:r1:PR1_HT0_EC1:d952fda92850,S025,small,102,1070001,nsga2,p0004,2b51650eeeff60c9,4.729099430698375,3995.188462526976,-0.7329842931937173,0.8449742061274648,0.7329842931937173,0.37991393389079664,False
S025@corridor@binding:i102:nsga2:s1070001:r1:PR1_HT0_EC1:d952fda92850,S025,small,102,1070001,nsga2,p0005,917f46f4f54f79f4,4.569679661875524,4032.8077097755145,-0.6837606837606838,0.8705936684203738,0.6837606837606838,,False
S025@corridor@binding:i102:nsga2:s1070001:r1:PR1_HT0_EC1:d952fda92850,S025,small,102,1070001,nsga2,p0006,791e219ec1df8b50,5.518637104590407,3254.502384813164,-0.6353591160220995,0.7554882248472409,0.6353591160220995,0.09281410257626346,False
S025@corridor@binding:i102:nsga2:s1070001:r1:PR1_HT0_EC1:d952fda92850,S025,small,102,1070001,nsga2,p0007,18e01725a34e557c,5.507355392548629,3273.3966425451813,-0.6282722513089005,0.753497843864988,0.6282722513089005,0.0434286882581799,False
S025@corridor@binding:i102:nsga2:s1070001:r1:PR1_HT0_EC1:d952fda92850,S025,small,102,1070001,nsga2,p0008,e70ceb29e9f3209a,5.49629105691119,3344.145695575756,-0.6282722513089005,0.7580090995548519,0.6282722513089005,0.5031248987246747,False
S025@corridor@binding:i102:nsga2:s1070001:r1:PR1_HT0_EC1:d952fda92850,S025,small,102,1070001,nsga2,p0009,cf516b0d03a8a754,5.5507872173655555,3222.7113922806993,-0.6077348066298343,0.7410624294506913,0.6077348066298343,0.04855939083104238,False
S025@corridor@binding:i102:nsga2:s1070001:r1:PR1_HT0_EC1:d952fda92850,S025,small,102,1070001,nsga2,p0010,813685ccf0cc02ad,5.557466083369363,3169.6444183240824,-0.6020942408376964,0.7272475761690047,0.6020942408376964,0.029140177051903565,False
S025@corridor@binding:i102:nsga2:s1070001:r1:PR1_HT0_EC1:d952fda92850,S025,small,102,1070001,nsga2,p0011,4770835cfe81761f,4.603282907008635,3986.5185570579756,-0.5982905982905983,0.8553293704768095,0.5982905982905983,0.25380360269348123,False
S025@corridor@binding:i102:nsga2:s1070001:r1:PR1_HT0_EC1:d952fda92850,S025,small,102,1070001,nsga2,p0012,e010e57433d09c9d,5.538731248543092,3236.9347368259514,-0.5645161290322581,0.7262477186252689,0.5645161290322581,0.3834962172170038,False
S025@corridor@binding:i102:nsga2:s1070001:r1:PR1_HT0_EC1:d952fda92850,S025,small,102,1070001,nsga2,p0013,17741f0f91930990,5.460526652361931,3208.342474883799,-0.5497382198952879,0.7327065896068619,0.5497382198952879,0.2952194516732405,False
S025@corridor@binding:i102:nsga2:s1070001:r1:PR1_HT0_EC1:d952fda92850,S025,small,102,1070001,nsga2,p0014,17c0f0c59e70626d,5.460963524358432,3194.4054441268945,-0.5497382198952879,0.7327065896068616,0.5497382198952879,0.05499712647211246,False
S025@corridor@binding:i102:nsga2:s1070001:r1:PR1_HT0_EC1:d952fda92850,S025,small,102,1070001,nsga2,p0015,f3079c285dc68694,5.493290247224323,3165.5575534496634,-0.5248618784530387,0.7204004953592488,0.5248618784530387,0.08577849156437667,False
S025@corridor@binding:i102:nsga2:s1070001:r1:PR1_HT0_EC1:d952fda92850,S025,small,102,1070001,nsga2,p0016,39ae7ddd15f900fe,5.57447276192568,3149.1803009118976,-0.4972375690607735,0.7062220235249848,0.4972375690607735,0.7786708186792052,False
S025@corridor@binding:i102:nsga2:s1070001:r1:PR1_HT0_EC1:d952fda92850,S025,small,102,1070001,nsga2,p0017,1bdb8a40f2c94d49,6.200430665524333,2584.0028264088382,-0.44502617801047123,0.6156325003127074,0.44502617801047123,0.537341129531629,False
S025@corridor@binding:i102:nsga2:s1070001:r1:PR1_HT0_EC1:d952fda92850,S025,small,102,1070001,nsga2,p0018,27189f6958ca015f,6.357577080814317,2580.3295441544587,-0.39267015706806285,0.5725294416068815,0.39267015706806285,0.1795048110957733,False
S025@corridor@binding:i102:nsga2:s1070001:r1:PR1_HT0_EC1:d952fda92850,S025,small,102,1070001,nsga2,p0019,c1f8b0f55be8eb6d,6.306119626088412,2575.689448442753,-0.38461538461538464,0.5841690407661484,0.38461538461538464,0.07708555208685788,False
S025@corridor@binding:i102:nsga2:s1070001:r1:PR1_HT0_EC1:d952fda92850,S025,small,102,1070001,nsga2,p0020,8ba6dc33ee1adf64,6.340042018860162,2540.6321841191407,-0.36649214659685864,0.562372362777825,0.36649214659685864,0.17122535691177995,False
S025@corridor@binding:i102:nsga2:s1070001:r1:PR1_HT0_EC1:d952fda92850,S025,small,102,1070001,nsga2,p0021,36dc2ea354f047a2,6.2236191227019475,2562.570793097654,-0.35911602209944754,0.5932088805417242,0.35911602209944754,0.07582470548486306,False
S025@corridor@binding:i102:nsga2:s1070001:r1:PR1_HT0_EC1:d952fda92850,S025,small,102,1070001,nsga2,p0022,41f34774eb5487c3,6.328866974574682,2555.975482863032,-0.3418803418803419,0.5715782421298701,0.3418803418803419,0.10945185027212541,False
S025@corridor@binding:i102:nsga2:s1070001:r1:PR1_HT0_EC1:d952fda92850,S025,small,102,1070001,nsga2,p0023,83184eb21016ac85,6.629141065075851,2065.0642053522556,-0.2879581151832461,0.5050446258647006,0.2879581151832461,0.2013834645246128,False
S025@corridor@binding:i102:nsga2:s1070001:r1:PR1_HT0_EC1:d952fda92850,S025,small,102,1070001,nsga2,p0024,2b0cbf8407a08089,6.6225056590505575,2037.4494847430442,-0.24861878453038674,0.5018523545524347,0.24861878453038674,0.119209263292475,False
S025@corridor@binding:i102:nsga2:s1070001:r1:PR1_HT0_EC1:d952fda92850,S025,small,102,1070001,nsga2,p0025,361d3e02da3f795b,6.802473085329704,1903.418644976463,-0.2356020942408377,0.4612265030481815,0.2356020942408377,0.14590523682001455,False
S025@corridor@binding:i102:nsga2:s1070001:r1:PR1_HT0_EC1:d952fda92850,S025,small,102,1070001,nsga2,p0026,1002c8f6dd926593,6.613410040725691,2117.512138307631,-0.21367521367521367,0.5115992890579594,0.21367521367521367,0.2776024992382623,False
S025@corridor@binding:i102:nsga2:s1070001:r1:PR1_HT0_EC1:d952fda92850,S025,small,102,1070001,nsga2,p0027,332b5cd9c91b88fa,6.800112456825976,1875.4769487723358,-0.19337016574585636,0.45630854476503274,0.19337016574585636,0.21611210182290572,False
S025@corridor@binding:i102:nsga2:s1070001:r1:PR1_HT0_EC1:d952fda92850,S025,small,102,1070001,nsga2,p0028,4e1d282693b87172,6.614767465717165,2097.4994738037503,-0.17094017094017094,0.5065915759845869,0.17094017094017094,0.06489645568030811,False
S025@corridor@binding:i102:nsga2:s1070001:r1:PR1_HT0_EC1:d952fda92850,S025,small,102,1070001,nsga2,p0029,30e063c355e82bf4,6.970599186735935,1567.6773738996976,-0.15706806282722513,0.39177772812968253,0.15706806282722513,0.1477470773458539,False
S025@corridor@binding:i102:nsga2:s1070001:r1:PR1_HT0_EC1:d952fda92850,S025,small,102,1070001,nsga2,p0030,8d4ae6264024aa9c,6.947613585804509,1561.4980734047547,-0.1282051282051282,0.4059591077721647,0.1282051282051282,0.1233395489081775,False
S025@corridor@binding:i102:nsga2:s1070001:r1:PR1_HT0_EC1:d952fda92850,S025,small,102,1070001,nsga2,p0031,4ea4c7a473ee5c6b,6.973084075741355,1548.7265780255516,-0.11049723756906077,0.3847340443983944,0.11049723756906077,0.30709961288977183,False
S025@corridor@binding:i102:nsga2:s1070001:r1:PR1_HT0_EC1:d952fda92850,S025,small,102,1070001,nsga2,p0032,4bde3744e8532bef,6.968986271953168,1557.2965500298824,-0.0,0.3856154470113754,0.0,0.15285605408451206,False
S025@corridor@binding:i102:nsga2:s1070001:r1:PR1_HT0_EC1:d952fda92850,S025,small,102,1070001,nsga2,p0033,fee2ee2d437ebd78,7.299257317606529,748.1008775205676,-0.0,0.19659239842719534,0.0,,False
S025@corridor@binding:i102:nsga2:s1070001:r1:PR1_HT0_EC1:d952fda92850,S025,small,102,1070001,nsga2,p0034,eafab01dfa4e6245,7.232346059636302,955.4875879382769,-0.0,0.2639405283939219,0.0,0.012331032137930936,False
S025@corridor@binding:i102:nsga2:s1070001:r1:PR1_HT0_EC1:d952fda92850,S025,small,102,1070001,nsga2,p0035,520f3afcd1a75bf7,7.261573010005951,874.2379855883459,-0.0,0.23471357802427298,0.0,0.007409547203543764,False
S025@corridor@binding:i102:nsga2:s1070001:r1:PR1_HT0_EC1:d952fda92850,S025,small,102,1070001,nsga2,p0036,4ea485196a571ee9,7.272745672794231,871.5401363256656,-0.0,0.2231040432394941,0.0,0.05069741824090657,False
S025@corridor@binding:i102:nsga2:s1070001:r1:PR1_HT0_EC1:d952fda92850,S025,small,102,1070001,nsga2,p0037,0d38083cdeb54de7,7.2611361380094515,882.3320059126173,-0.0,0.23471357802427312,0.0,0.005461568133802348,False
S025@corridor@binding:i102:nsga2:s1070001:r1:PR1_HT0_EC1:d952fda92850,S025,small,102,1070001,nsga2,p0038,8ddb60415a3b0316,7.1434372632578285,1281.9490047198249,-0.0,0.3130939730904443,0.0,0.14874058127556905,False
S025@corridor@binding:i102:nsga2:s1070001:r1:PR1_HT0_EC1:d952fda92850,S025,small,102,1070001,nsga2,p0039,1daf8fc462c8b352,7.162988084103697,1218.4363987163838,-0.0,0.29416318264755975,0.0,0.11850248165902065,False
S025@corridor@binding:i102:nsga2:s1070001:r1:PR1_HT0_EC1:d952fda92850,S025,small,102,1070001,nsga2,p0040,fb89a899f8d9f17a,7.149918441721934,1261.6692895662418,-0.0,0.30781009471471227,0.0,0.025738206077126013,False
S025@corridor@binding:i102:nsga2:s1070001:r1:PR1_HT0_EC1:d952fda92850,S025,small,102,1070001,nsga2,p0041,86aa99c975e6eae5,7.2599388379210765,890.8648327687685,-0.0,0.2359108781126475,0.0,0.020857208375628003,False
S025@corridor@binding:i102:nsga2:s1070001:r1:PR1_HT0_EC1:d952fda92850,S025,small,102,1070001,nsga2,p0042,0a79d0e367b9054d,7.247730653092304,936.8536063286947,-0.0,0.2481190629414212,0.0,0.02900912167623671,False
S025@corridor@binding:i102:nsga2:s1070001:r1:PR1_HT0_EC1:d952fda92850,S025,small,102,1070001,nsga2,p0043,b5c1800a0092aa33,7.2322085126618,959.5716740415291,-0.0,0.2636412033719247,0.0,,False
S025@corridor@binding:i102:nsga2:s1070001:r1:PR1_HT1_EC0:1400af4ac24c,S025,small,102,1070001,nsga2,p0001,3e9039048ffa5f58,4.241883126193066,4175.098120591132,-0.8755301794452233,0.8999999999998975,0.8755301794452233,,False
S025@corridor@binding:i102:nsga2:s1070001:r1:PR1_HT1_EC0:1400af4ac24c,S025,small,102,1070001,nsga2,p0002,aa165ac468b6c4a0,4.282981135461567,4064.0234156053266,-0.8755301794452158,0.8999999999998918,0.8755301794452158,,False
S025@corridor@binding:i102:nsga2:s1070001:r1:PR1_HT1_EC0:1400af4ac24c,S025,small,102,1070001,nsga2,p0003,51014ec09f7ad08b,4.281711643099891,4123.217991937008,-0.8755301794452136,0.89999999999989,0.8755301794452136,0.04262871428368016,False
S025@corridor@binding:i102:nsga2:s1070001:r1:PR1_HT1_EC0:1400af4ac24c,S025,small,102,1070001,nsga2,p0004,bd0f9cccf9ba143f,4.211523217373897,4285.524384253617,-0.8755301794451508,0.8999999999998395,0.8755301794451508,,True
S025@corridor@binding:i102:nsga2:s1070001:r1:PR1_HT1_EC0:1400af4ac24c,S025,small,102,1070001,nsga2,p0005,ee73208bdaf3a193,5.190415718365358,3443.3471469871,-0.7853403141361257,0.8464918367591251,0.7853403141361257,0.31902935642449287,False
S025@corridor@binding:i102:nsga2:s1070001:r1:PR1_HT1_EC0:1400af4ac24c,S025,small,102,1070001,nsga2,p0006,56c7ea36c95be9dc,5.184052788449702,3368.1875074483582,-0.7661290322580645,0.8471026696190072,0.7661290322580645,0.43251209564081955,False
S025@corridor@binding:i102:nsga2:s1070001:r1:PR1_HT1_EC0:1400af4ac24c,S025,small,102,1070001,nsga2,p0007,a680b37c687f8524,5.216153165520179,3357.544908812661,-0.6837606837606838,0.823931449600816,0.6837606837606838,0.16518349249787884,False
S025@corridor@binding:i102:nsga2:s1070001:r1:PR1_HT1_EC0:1400af4ac24c,S025,small,102,1070001,nsga2,p0008,cdf56d71b340984c,5.264158824522969,3356.2954909501304,-0.6451612903225806,0.8058785496878806,0.6451612903225806,0.07140626819104093,False
S025@corridor@binding:i102:nsga2:s1070001:r1:PR1_HT1_EC0:1400af4ac24c,S025,small,102,1070001,nsga2,p0009,68dbc11fcaaadb53,5.2798583583346925,3325.3417910280573,-0.6451612903225806,0.7989646196160911,0.6451612903225806,0.21236481452688472,False
S025@corridor@binding:i102:nsga2:s1070001:r1:PR1_HT1_EC0:1400af4ac24c,S025,small,102,1070001,nsga2,p0010,7a699c9ca4eb8a6d,5.2761100844332045,3327.600833758858,-0.6410256410256411,0.8030366743824238,0.6410256410256411,0.032544719895307314,False
S025@corridor@binding:i102:nsga2:s1070001:r1:PR1_HT1_EC0:1400af4ac24c,S025,small,102,1070001,nsga2,p0011,63f4e0d9c6b04660,5.8403151566972875,3226.055394651502,-0.6282722513089005,0.7240076133658494,0.6282722513089005,0.0946112520235328,False
S025@corridor@binding:i102:nsga2:s1070001:r1:PR1_HT1_EC0:1400af4ac24c,S025,small,102,1070001,nsga2,p0012,75346c41e0d3e54d,5.834563059641514,3139.9195874972784,-0.6048387096774194,0.7249154090693141,0.6048387096774194,0.2837586833064576,False
S025@corridor@binding:i102:nsga2:s1070001:r1:PR1_HT1_EC0:1400af4ac24c,S025,small,102,1070001,nsga2,p0013,13c33b747c1b3b10,5.868847354243383,3114.476355525128,-0.5645161290322581,0.7089647720694959,0.5645161290322581,0.20367761405501816,False
S025@corridor@binding:i102:nsga2:s1070001:r1:PR1_HT1_EC0:1400af4ac24c,S025,small,102,1070001,nsga2,p0014,7bcd0e6d38fa182a,5.847946284921231,3061.6156675894854,-0.5241935483870968,0.705165615336956,0.5241935483870968,0.11802565339878063,False
S025@corridor@binding:i102:nsga2:s1070001:r1:PR1_HT1_EC0:1400af4ac24c,S025,small,102,1070001,nsga2,p0015,b4209e76d878161b,6.128653478432058,2993.4659637434133,-0.4972375690607735,0.6525343571447363,0.4972375690607735,0.17811648457426665,False
S025@corridor@binding:i102:nsga2:s1070001:r1:PR1_HT1_EC0:1400af4ac24c,S025,small,102,1070001,nsga2,p0016,b9f2d7dbdda60827,6.247220754374321,2931.955255342588,-0.4712041884816754,0.6157198381894539,0.4712041884816754,0.12488889319248925,False
S025@corridor@binding:i102:nsga2:s1070001:r1:PR1_HT1_EC0:1400af4ac24c,S025,small,102,1070001,nsga2,p0017,3e9a264020cd83b1,6.216235048083722,2944.652329376695,-0.4712041884816754,0.6221209895106964,0.4712041884816754,0.06842407054158946,False
S025@corridor@binding:i102:nsga2:s1070001:r1:PR1_HT1_EC0:1400af4ac24c,S025,small,102,1070001,nsga2,p0018,bdfc20842f4f102a,6.15490016541864,2897.3547614739614,-0.4435483870967742,0.643417967991273,0.4435483870967742,0.08081767651863174,False
S025@corridor@binding:i102:nsga2:s1070001:r1:PR1_HT1_EC0:1400af4ac24c,S025,small,102,1070001,nsga2,p0019,f99d07a57bdb0540,6.136650285928104,2926.576544613943,-0.42735042735042733,0.6482631898556552,0.42735042735042733,0.05096529526667766,False
S025@corridor@binding:i102:nsga2:s1070001:r1:PR1_HT1_EC0:1400af4ac24c,S025,small,102,1070001,nsga2,p0020,67c129f44e9dac6c,6.546729394708111,2447.0287695366123,-0.4143646408839779,0.5582970373506239,0.4143646408839779,0.26600870138753957,False
S025@corridor@binding:i102:nsga2:s1070001:r1:PR1_HT1_EC0:1400af4ac24c,S025,small,102,1070001,nsga2,p0021,0a2d7a21f5486e3a,6.183605873666641,2867.7653213926164,-0.4032258064516129,0.6302070243989251,0.4032258064516129,0.17271283698340437,False
S025@corridor@binding:i102:nsga2:s1070001:r1:PR1_HT1_EC0:1400af4ac24c,S025,small,102,1070001,nsga2,p0022,f009f7463f4e5a23,6.495353181775114,2274.6466123349187,-0.38461538461538464,0.5701197361063204,0.38461538461538464,0.17690731219628164,False
S025@corridor@binding:i102:nsga2:s1070001:r1:PR1_HT1_EC0:1400af4ac24c,S025,small,102,1070001,nsga2,p0023,0232da29c8e9d835,6.509870318094218,2273.5170909695184,-0.3629032258064516,0.5620054940501473,0.3629032258064516,0.4104297523053849,False
S025@corridor@binding:i102:nsga2:s1070001:r1:PR1_HT1_EC0:1400af4ac24c,S025,small,102,1070001,nsga2,p0024,02d43bf1955eec34,6.774338475453999,1925.1205225275542,-0.31413612565445026,0.4848295755395665,0.31413612565445026,0.19284404743082414,False
S025@corridor@binding:i102:nsga2:s1070001:r1:PR1_HT1_EC0:1400af4ac24c,S025,small,102,1070001,nsga2,p0025,a31fca247f634a58,6.770896936374542,1905.7958260844514,-0.28225806451612906,0.4866417255030375,0.28225806451612906,0.05277404134987055,False
S025@corridor@binding:i102:nsga2:s1070001:r1:PR1_HT1_EC0:1400af4ac24c,S025,small,102,1070001,nsga2,p0026,fa50b1a3cd5344de,6.933130450588063,1888.7934179680049,-0.27624309392265195,0.4299137419014104,0.27624309392265195,0.07899341630979782,False
S025@corridor@binding:i102:nsga2:s1070001:r1:PR1_HT1_EC0:1400af4ac24c,S025,small,102,1070001,nsga2,p0027,d95edc2d49aa2bad,6.784855669744627,1876.6271992802517,-0.2617801047120419,0.47229083868568394,0.2617801047120419,0.07436995024470942,False
S025@corridor@binding:i102:nsga2:s1070001:r1:PR1_HT1_EC0:1400af4ac24c,S025,small,102,1070001,nsga2,p0028,a87232fb5a08a4a0,6.766003359969503,1898.3925205937005,-0.2564102564102564,0.48857937139977864,0.2564102564102564,0.029790426599839513,False
S025@corridor@binding:i102:nsga2:s1070001:r1:PR1_HT1_EC0:1400af4ac24c,S025,small,102,1070001,nsga2,p0029,0acd55e6b6ac3ed4,6.762755129787318,1877.756720645652,-0.24193548387096775,0.486078046437685,0.24193548387096775,0.11466667601064168,False
S025@corridor@binding:i102:nsga2:s1070001:r1:PR1_HT1_EC0:1400af4ac24c,S025,small,102,1070001,nsga2,p0030,db571e707b2bec5c,6.9397489097892135,1862.7277069597153,-0.22099447513812154,0.4194895788482205,0.22099447513812154,0.050486718382289526,False
S025@corridor@binding:i102:nsga2:s1070001:r1:PR1_HT1_EC0:1400af4ac24c,S025,small,102,1070001,nsga2,p0031,7de2253c853c8d9b,6.773533906523888,1876.6271992802517,-0.21367521367521367,0.47961449226506037,0.21367521367521367,0.06195377567594755,False
S025@corridor@binding:i102:nsga2:s1070001:r1:PR1_HT1_EC0:1400af4ac24c,S025,small,102,1070001,nsga2,p0032,cec1c6b40ffc1b5b,7.0641065408932615,1658.6280963464533,-0.17094017094017094,0.37780053009097175,0.17094017094017094,0.13289384728740974,False
S025@corridor@binding:i102:nsga2:s1070001:r1:PR1_HT1_EC0:1400af4ac24c,S025,small,102,1070001,nsga2,p0033,42a31adb5690637c,6.959342770378365,1839.8017670963472,-0.16574585635359115,0.40370142211110893,0.16574585635359115,0.027964907308145746,False
S025@corridor@binding:i102:nsga2:s1070001:r1:PR1_HT1_EC0:1400af4ac24c,S025,small,102,1070001,nsga2,p0034,8978aa70b18b31e4,7.060177773835461,1564.5634409487348,-0.16129032258064516,0.3756130891976084,0.16129032258064516,0.12696153812334304,False
S025@corridor@binding:i102:nsga2:s1070001:r1:PR1_HT1_EC0:1400af4ac24c,S025,small,102,1070001,nsga2,p0035,c3c5676ac1515c73,7.085193892201905,1562.9045471238046,-0.10471204188481675,0.3530129513665182,0.10471204188481675,0.3099137992417284,False
S025@corridor@binding:i102:nsga2:s1070001:r1:PR1_HT1_EC0:1400af4ac24c,S025,small,102,1070001,nsga2,p0036,fdb278878143a63e,6.965338827456287,1829.933383125022,-0.08547008547008547,0.4002710080795404,0.08547008547008547,0.20007505914001666,False
S025@corridor@binding:i102:nsga2:s1070001:r1:PR1_HT1_EC0:1400af4ac24c,S025,small,102,1070001,nsga2,p0037,6fbbec013d74fc9a,7.299694189603029,497.23063206382767,-0.0,0.19659239842719517,0.0,,False
S025@corridor@binding:i102:nsga2:s1070001:r1:PR1_HT1_EC0:1400af4ac24c,S025,small,102,1070001,nsga2,p0038,65f0b1fc6acbe4d2,7.273481869812727,744.1091496740238,-0.0,0.22280471821749662,0.0,0.11494861933645911,False
S025@corridor@binding:i102:nsga2:s1070001:r1:PR1_HT1_EC0:1400af4ac24c,S025,small,102,1070001,nsga2,p0039,795bd1418d862de7,7.239198464605875,871.4012635347137,-0.0,0.2570881234243492,0.0,0.010371527391108123,False
S025@corridor@binding:i102:nsga2:s1070001:r1:PR1_HT1_EC0:1400af4ac24c,S025,small,102,1070001,nsga2,p0040,22e56564b13fe6c0,7.234783420530259,927.9534440252401,-0.0,0.261503167499965,0.0,0.22544563622996008,False
S025@corridor@binding:i102:nsga2:s1070001:r1:PR1_HT1_EC0:1400af4ac24c,S025,small,102,1070001,nsga2,p0041,951aeff294510a56,7.246970225000428,868.0126994385129,-0.0,0.2493163630297954,0.0,0.3321115103812483,False
S025@corridor@binding:i102:nsga2:s1070001:r1:PR1_HT1_EC0:1400af4ac24c,S025,small,102,1070001,nsga2,p0042,eda5f50914e3d853,7.235980720618634,893.8221366006355,-0.0,0.2603058674115906,0.0,,False
S025@corridor@binding:i102:nsga2:s1070001:r1:PR1_HT1_EC1:4bf2708ae859,S025,small,102,1070001,nsga2,p0001,f887ecb5eae402f6,4.568214100407843,4307.993124762185,-0.8638743455497382,0.8970822224453796,0.8638743455497382,,True
S025@corridor@binding:i102:nsga2:s1070001:r1:PR1_HT1_EC1:4bf2708ae859,S025,small,102,1070001,nsga2,p0002,6e52cef6d7cd2a0b,4.6399876922545555,4291.815698551742,-0.7853403141361257,0.8774229826026985,0.7853403141361257,,False
S025@corridor@binding:i102:nsga2:s1070001:r1:PR1_HT1_EC1:4bf2708ae859,S025,small,102,1070001,nsga2,p0003,323748ee62db5af2,4.691077308220082,4231.550859194607,-0.7458563535911602,0.8629815183832368,0.7458563535911602,0.07104137162852789,False
S025@corridor@binding:i102:nsga2:s1070001:r1:PR1_HT1_EC1:4bf2708ae859,S025,small,102,1070001,nsga2,p0004,c0ba0464b7afbe2c,4.759626245274281,4228.000353835713,-0.7329842931937173,0.8443129357656123,0.7329842931937173,0.0717265620456117,False
S025@corridor@binding:i102:nsga2:s1070001:r1:PR1_HT1_EC1:4bf2708ae859,S025,small,102,1070001,nsga2,p0005,9cff0660a7e42203,4.690150580698733,4266.184628446603,-0.7182320441988951,0.8624101954370214,0.7182320441988951,0.06593886582116726,False
S025@corridor@binding:i102:nsga2:s1070001:r1:PR1_HT1_EC1:4bf2708ae859,S025,small,102,1070001,nsga2,p0006,cd26c3afda11ae50,4.691195850151421,4230.398541037006,-0.7068062827225131,0.8548965759283711,0.7068062827225131,0.06600048387002314,False
S025@corridor@binding:i102:nsga2:s1070001:r1:PR1_HT1_EC1:4bf2708ae859,S025,small,102,1070001,nsga2,p0007,fe0d38d223b1662a,4.760274518653501,4178.938681960503,-0.6837606837606838,0.8432927814494566,0.6837606837606838,0.08386296102303306,False
S025@corridor@binding:i102:nsga2:s1070001:r1:PR1_HT1_EC1:4bf2708ae859,S025,small,102,1070001,nsga2,p0008,4bcc4720b8f82c32,4.810449771640183,4176.292457250718,-0.6629834254143646,0.828352420631188,0.6629834254143646,0.5828341691568213,False
S025@corridor@binding:i102:nsga2:s1070001:r1:PR1_HT1_EC1:4bf2708ae859,S025,small,102,1070001,nsga2,p0009,69c54243450f6fc0,5.507755695849084,3383.192229877503,-0.6020942408376964,0.7350446732336428,0.6020942408376964,0.539404400334262,False
S025@corridor@binding:i102:nsga2:s1070001:r1:PR1_HT1_EC1:4bf2708ae859,S025,small,102,1070001,nsga2,p0010,63fe538b7d288bb5,5.495723701273963,3399.298500647605,-0.6020942408376964,0.73911796006842,0.6020942408376964,0.6902347625600186,False
S025@corridor@binding:i102:nsga2:s1070001:r1:PR1_HT1_EC1:4bf2708ae859,S025,small,102,1070001,nsga2,p0011,ba55f7e84f960218,6.343514240091235,2692.06788197326,-0.418848167539267,0.5828370065800209,0.418848167539267,0.5452742828898532,False
S025@corridor@binding:i102:nsga2:s1070001:r1:PR1_HT1_EC1:4bf2708ae859,S025,small,102,1070001,nsga2,p0012,3ecc2428f799507a,6.3258937395838615,2662.54663187527,-0.39267015706806285,0.5800381271786307,0.39267015706806285,0.05151442262102493,False
S025@corridor@binding:i102:nsga2:s1070001:r1:PR1_HT1_EC1:4bf2708ae859,S025,small,102,1070001,nsga2,p0013,c7b9e9602ac88c3d,6.310389511679071,2685.979147405967,-0.39267015706806285,0.575949286597267,0.39267015706806285,0.04785856479205941,False
S025@corridor@binding:i102:nsga2:s1070001:r1:PR1_HT1_EC1:4bf2708ae859,S025,small,102,1070001,nsga2,p0014,af7bda45d1ae26c5,6.295273769029534,2604.8273503637674,-0.36649214659685864,0.580014241348041,0.36649214659685864,0.1557193921793638,False
S025@corridor@binding:i102:nsga2:s1070001:r1:PR1_HT1_EC1:4bf2708ae859,S025,small,102,1070001,nsga2,p0015,72f4a7180b9b3add,6.254166654824829,2669.4849458875774,-0.3629032258064516,0.5972063837246017,0.3629032258064516,0.0376301537605153,False
S025@corridor@binding:i102:nsga2:s1070001:r1:PR1_HT1_EC1:4bf2708ae859,S025,small,102,1070001,nsga2,p0016,47521b05d1e1b538,6.233799735935259,2637.152483807057,-0.35911602209944754,0.5927112506615321,0.35911602209944754,0.38983561430960434,False
S025@corridor@binding:i102:nsga2:s1070001:r1:PR1_HT1_EC1:4bf2708ae859,S025,small,102,1070001,nsga2,p0017,8ed9cf468693ab66,6.64827503142991,2200.6324947187004,-0.27624309392265195,0.5041686689916595,0.27624309392265195,0.15205234497527756,False
S025@corridor@binding:i102:nsga2:s1070001:r1:PR1_HT1_EC1:4bf2708ae859,S025,small,102,1070001,nsga2,p0018,656ab4d989c3ac56,6.650437677183823,2180.213439991245,-0.24861878453038674,0.49850753967766165,0.24861878453038674,0.1361902274233632,False
S025@corridor@binding:i102:nsga2:s1070001:r1:PR1_HT1_EC1:4bf2708ae859,S025,small,102,1070001,nsga2,p0019,1acfb0babae41ce0,6.618109209882861,2278.759163444645,-0.24193548387096775,0.519074193814952,0.24193548387096775,0.25288781873789346,False
S025@corridor@binding:i102:nsga2:s1070001:r1:PR1_HT1_EC1:4bf2708ae859,S025,small,102,1070001,nsga2,p0020,ed9371d9fce771cc,6.822759256815259,2084.625052430906,-0.2094240837696335,0.4515677952033108,0.2094240837696335,0.1798534731281011,False
S025@corridor@binding:i102:nsga2:s1070001:r1:PR1_HT1_EC1:4bf2708ae859,S025,small,102,1070001,nsga2,p0021,361d3e02da3f795b,6.829749208759335,2015.5355104814155,-0.18324607329842932,0.44501471525573527,0.18324607329842932,0.19844002675353592,False
S025@corridor@binding:i102:nsga2:s1070001:r1:PR1_HT1_EC1:4bf2708ae859,S025,small,102,1070001,nsga2,p0022,ae522c3393e3bfbd,6.645922636124041,2260.2760935558317,-0.17094017094017094,0.5016307647263514,0.17094017094017094,0.11720416915700979,False
S025@corridor@binding:i102:nsga2:s1070001:r1:PR1_HT1_EC1:4bf2708ae859,S025,small,102,1070001,nsga2,p0023,df511c093e388b38,7.016697008001151,1726.036896066681,-0.11049723756906077,0.3721226322821246,0.11049723756906077,0.15525127898877256,False
S025@corridor@binding:i102:nsga2:s1070001:r1:PR1_HT1_EC1:4bf2708ae859,S025,small,102,1070001,nsga2,p0024,90f7b34c8042a487,7.039826300991017,1713.3398220325744,-0.055248618784530384,0.35487293794012714,0.055248618784530384,0.23425648789229486,False
S025@corridor@binding:i102:nsga2:s1070001:r1:PR1_HT1_EC1:4bf2708ae859,S025,small,102,1070001,nsga2,p0025,1c468a9873eee3b9,7.012950688996262,1784.6991208546162,-0.042735042735042736,0.3753543973204243,0.042735042735042736,0.15496679004055164,False
S025@corridor@binding:i102:nsga2:s1070001:r1:PR1_HT1_EC1:4bf2708ae859,S025,small,102,1070001,nsga2,p0026,c36f1d99412d2bad,7.014235075389857,1755.9127637914457,-0.042735042735042736,0.37458456489341746,0.042735042735042736,0.06731945210619714,False
S025@corridor@binding:i102:nsga2:s1070001:r1:PR1_HT1_EC1:4bf2708ae859,S025,small,102,1070001,nsga2,p0027,127675de5d13e6c8,7.299257317606529,748.1008775205676,-0.0,0.19659239842719534,0.0,,False
S025@corridor@binding:i102:nsga2:s1070001:r1:PR1_HT1_EC1:4bf2708ae859,S025,small,102,1070001,nsga2,p0028,01d172c40d24bacf,7.253086432951505,1031.2299707327584,-0.0,0.2427632830822202,0.0,0.038039116306662304,False
S025@corridor@binding:i102:nsga2:s1070001:r1:PR1_HT1_EC1:4bf2708ae859,S025,small,102,1070001,nsga2,p0029,e7a04a93302b5de8,7.241913770163225,1079.705409425815,-0.0,0.25437281786699906,0.0,0.023341455245888272,False
S025@corridor@binding:i102:nsga2:s1070001:r1:PR1_HT1_EC1:4bf2708ae859,S025,small,102,1070001,nsga2,p0030,9e671a068b846db5,7.240899628481335,1107.394742477498,-0.0,0.2549500875523898,0.0,0.0735559893182914,False
S025@corridor@binding:i102:nsga2:s1070001:r1:PR1_HT1_EC1:4bf2708ae859,S025,small,102,1070001,nsga2,p0031,1f2542b945351ce5,7.177976156194558,1278.2688169265123,-0.0,0.2867423321861644,0.0,0.08131223962562924,False
S025@corridor@binding:i102:nsga2:s1070001:r1:PR1_HT1_EC1:4bf2708ae859,S025,small,102,1070001,nsga2,p0032,998c757ac6d7c649,7.157965217007999,1288.7532359561706,-0.0,0.30511909928784875,0.0,0.029018794385451685,False
S025@corridor@binding:i102:nsga2:s1070001:r1:PR1_HT1_EC1:4bf2708ae859,S025,small,102,1070001,nsga2,p0033,eca8097b8b0a0d57,7.153967089927492,1350.2769735891884,-0.0,0.3091172263683556,0.0,0.16252730444361396,False
S025@corridor@binding:i102:nsga2:s1070001:r1:PR1_HT1_EC1:4bf2708ae859,S025,small,102,1070001,nsga2,p0034,3911dde8dbc278f4,7.272745672794231,933.2597657282147,-0.0,0.2231040432394941,0.0,0.076107983072793,False
S025@corridor@binding:i102:nsga2:s1070001:r1:PR1_HT1_EC1:4bf2708ae859,S025,small,102,1070001,nsga2,p0035,aaa35c7863806086,7.2664919178686525,976.3276693053263,-0.0,0.22935779816507212,0.0,0.03471898955074912,False
S025@corridor@binding:i102:nsga2:s1070001:r1:PR1_HT1_EC1:4bf2708ae859,S025,small,102,1070001,nsga2,p0036,67b4c4f9810b985b,7.241336500477835,1099.0071003064409,-0.0,0.2549500875523896,0.0,,False
S025@corridor@inactive:i101:nsga2:s1060000:r0:PR0_HT1_EC1:695392aa124e,S025,small,101,1060000,nsga2,p0001,446d1119ac6df040,6.103297387295841,2744.4582868741086,-0.4878048780487805,0.645514568086851,0.4878048780487805,,True
S025@corridor@inactive:i101:nsga2:s1060000:r0:PR0_HT1_EC1:695392aa124e,S025,small,101,1060000,nsga2,p0002,e9347e6b83ca52fd,6.109209043669399,2678.210921962025,-0.45918367346938777,0.6339473013932446,0.45918367346938777,0.16967602382314437,False
S025@corridor@inactive:i101:nsga2:s1060000:r0:PR0_HT1_EC1:695392aa124e,S025,small,101,1060000,nsga2,p0003,da5fd6b9870e7540,6.176111684977119,2647.3534058642613,-0.4268292682926829,0.6132881538542986,0.4268292682926829,0.8916801257091195,False
S025@corridor@inactive:i101:nsga2:s1060000:r0:PR0_HT1_EC1:695392aa124e,S025,small,101,1060000,nsga2,p0004,37d40eb04086c9a8,6.084279786437312,2729.065031898489,-0.4166666666666667,0.6558283922784383,0.4166666666666667,0.14251473915530166,False
S025@corridor@inactive:i101:nsga2:s1060000:r0:PR0_HT1_EC1:695392aa124e,S025,small,101,1060000,nsga2,p0005,955175d47052a60f,6.1197383163511505,2672.629909477798,-0.38461538461538464,0.6344114537126495,0.38461538461538464,0.16120856453753973,False
S025@corridor@inactive:i101:nsga2:s1060000:r0:PR0_HT1_EC1:695392aa124e,S025,small,101,1060000,nsga2,p0006,1a369a7ebd4fa0d2,6.072311269753633,2678.210921962025,-0.38461538461538464,0.6526335345505702,0.38461538461538464,,False
S025@corridor@inactive:i101:nsga2:s1060000:r0:PR0_HT1_EC1:695392aa124e,S025,small,101,1060000,nsga2,p0007,1463e4d12a8695d6,6.091878570631841,2603.7561734617966,-0.3333333333333333,0.6482296080839094,0.3333333333333333,1.1419550702297872,False
S025@corridor@inactive:i101:nsga2:s1060000:r0:PR0_HT1_EC1:695392aa124e,S025,small,101,1060000,nsga2,p0008,d36c8a20d00144e8,6.766880592278993,1332.445850579398,-0.15306122448979592,0.3809157603051985,0.15306122448979592,0.4330069302513892,False
S025@corridor@inactive:i101:nsga2:s1060000:r0:PR0_HT1_EC1:695392aa124e,S025,small,101,1060000,nsga2,p0009,b7a6cc207ac4a6c2,6.761265426448645,1332.445850579398,-0.1282051282051282,0.386530926135547,0.1282051282051282,1.3966116628109901,False
S025@corridor@inactive:i101:nsga2:s1060000:r0:PR0_HT1_EC1:695392aa124e,S025,small,101,1060000,nsga2,p0010,f24e72f15800d1dc,6.772312654875925,1330.7428179626258,-0.12195121951219512,0.3754836977082666,0.12195121951219512,0.16789176306270637,False
S025@corridor@inactive:i101:nsga2:s1060000:r0:PR0_HT1_EC1:695392aa124e,S025,small,101,1060000,nsga2,p0011,ff924f37ec85617a,6.787510223264983,1311.6357182577467,-0.06097560975609756,0.36028612931920884,0.06097560975609756,0.4337518335649643,False
S025@corridor@inactive:i101:nsga2:s1060000:r0:PR0_HT1_EC1:695392aa124e,S025,small,101,1060000,nsga2,p0012,cffc2b4d8023adab,6.770969897829632,1280.1964875218773,-0.0,0.37682645475456006,0.0,0.4293174087950419,False
S025@corridor@inactive:i101:nsga2:s1060000:r0:PR0_HT1_EC1:695392aa124e,S025,small,101,1060000,nsga2,p0013,23a12f087caa0b70,6.904635258359354,704.0078882202506,-0.0,0.2431610942248377,0.0,,False
S025@corridor@inactive:i101:nsga2:s1060000:r0:PR1_HT0_EC1:b339f64ad983,S025,small,101,1060000,nsga2,p0001,7d342e706d518418,4.0120175758104075,4094.9414227207953,-0.8678714859437232,0.8999999999998745,0.8678714859437232,,True
S025@corridor@inactive:i101:nsga2:s1060000:r0:PR1_HT0_EC1:b339f64ad983,S025,small,101,1060000,nsga2,p0002,d62d704ee8ec5bed,5.441099398999763,3636.383175274923,-0.6707317073170732,0.7881209541908271,0.6707317073170732,0.6117047572497258,False
S025@corridor@inactive:i101:nsga2:s1060000:r0:PR1_HT0_EC1:b339f64ad983,S025,small,101,1060000,nsga2,p0003,352da40309e46315,5.32569538736048,3578.073392280705,-0.6410256410256411,0.8171464265665854,0.6410256410256411,1.4722365155171568,False
S025@corridor@inactive:i101:nsga2:s1060000:r0:PR1_HT0_EC1:b339f64ad983,S025,small,101,1060000,nsga2,p0004,8526907b8923027c,5.986059258965754,3129.018624060044,-0.4878048780487805,0.6544720289804938,0.4878048780487805,0.30534828220169347,False
S025@corridor@inactive:i101:nsga2:s1060000:r0:PR1_HT0_EC1:b339f64ad983,S025,small,101,1060000,nsga2,p0005,779488f6f6987823,5.985625619742168,3134.1277219103604,-0.45918367346938777,0.6414036359751305,0.45918367346938777,0.20732747899586634,False
S025@corridor@inactive:i101:nsga2:s1060000:r0:PR1_HT0_EC1:b339f64ad983,S025,small,101,1060000,nsga2,p0006,85bda92542025f60,5.8996807197022285,3084.026138536523,-0.44871794871794873,0.6816681489473995,0.44871794871794873,0.26386409994176896,False
S025@corridor@inactive:i101:nsga2:s1060000:r0:PR1_HT0_EC1:b339f64ad983,S025,small,101,1060000,nsga2,p0007,a1ad3782e7257223,6.3254320023341055,2691.1192572272885,-0.35714285714285715,0.5595991992425345,0.35714285714285715,0.1560594214365366,False
S025@corridor@inactive:i101:nsga2:s1060000:r0:PR1_HT0_EC1:b339f64ad983,S025,small,101,1060000,nsga2,p0008,88859f9cafa43868,6.299608325580023,2691.9317562919737,-0.3353658536585366,0.5715483939251063,0.3353658536585366,0.16567284777288324,False
S025@corridor@inactive:i101:nsga2:s1060000:r0:PR1_HT0_EC1:b339f64ad983,S025,small,101,1060000,nsga2,p0009,27f7f2a79c7d99db,5.898134142849786,3085.42139165758,-0.3333333333333333,0.6790490807220315,0.3333333333333333,0.4751421911398052,False
S025@corridor@inactive:i101:nsga2:s1060000:r0:PR1_HT0_EC1:b339f64ad983,S025,small,101,1060000,nsga2,p0010,8ef19870f06df293,6.260728116314927,2643.7716496183434,-0.32051282051282054,0.5896732878900165,0.32051282051282054,0.04061448308641898,False
S025@corridor@inactive:i101:nsga2:s1060000:r0:PR1_HT0_EC1:b339f64ad983,S025,small,101,1060000,nsga2,p0011,0a42ca3bc5b235b5,6.22125307650153,2650.857715227822,-0.32051282051282054,0.6056813319508004,0.32051282051282054,0.11553916757198626,False
S025@corridor@inactive:i101:nsga2:s1060000:r0:PR1_HT0_EC1:b339f64ad983,S025,small,101,1060000,nsga2,p0012,e155e73e02e53695,6.383868161492462,2413.330358828578,-0.30612244897959184,0.5223419807711429,0.30612244897959184,0.11358725986694806,False
S025@corridor@inactive:i101:nsga2:s1060000:r0:PR1_HT0_EC1:b339f64ad983,S025,small,101,1060000,nsga2,p0013,cd0df59f35b993cd,6.339988972735261,2640.365584384799,-0.3048780487804878,0.5449642812802311,0.3048780487804878,0.08348025577650192,False
S025@corridor@inactive:i101:nsga2:s1060000:r0:PR1_HT0_EC1:b339f64ad983,S025,small,101,1060000,nsga2,p0014,a8791837668a928a,6.397370193721409,2336.701521016476,-0.3048780487804878,0.5231786230480074,0.3048780487804878,0.3446849785844882,False
S025@corridor@inactive:i101:nsga2:s1060000:r0:PR1_HT0_EC1:b339f64ad983,S025,small,101,1060000,nsga2,p0015,f0e06f58d3156b05,6.3381877744247905,2314.902904815244,-0.2564102564102564,0.5480595806908638,0.2564102564102564,0.08446766480855597,False
S025@corridor@inactive:i101:nsga2:s1060000:r0:PR1_HT0_EC1:b339f64ad983,S025,small,101,1060000,nsga2,p0016,dcca337c41c77991,6.231917138798334,2642.581252132547,-0.25,0.6053388871749068,0.25,0.2140781956555695,False
S025@corridor@inactive:i101:nsga2:s1060000:r0:PR1_HT0_EC1:b339f64ad983,S025,small,101,1060000,nsga2,p0017,9442b37650cac0c6,6.379955396604974,2281.760641462602,-0.08333333333333333,0.5287426945486573,0.08333333333333333,0.4437786727282246,False
S025@corridor@inactive:i101:nsga2:s1060000:r0:PR1_HT0_EC1:b339f64ad983,S025,small,101,1060000,nsga2,p0018,26fc94f05ef73ef0,6.674447224330731,1581.5105270825043,-0.05102040816326531,0.4011911956114647,0.05102040816326531,0.11138676265206104,False
S025@corridor@inactive:i101:nsga2:s1060000:r0:PR1_HT0_EC1:b339f64ad983,S025,small,101,1060000,nsga2,p0019,8e97ce663fbd2698,6.904635258359354,704.0078882202506,-0.0,0.2431610942248377,0.0,,False
S025@corridor@inactive:i101:nsga2:s1060000:r0:PR1_HT0_EC1:b339f64ad983,S025,small,101,1060000,nsga2,p0020,2182454afea16e63,6.665536996928794,1598.6093014413764,-0.0,0.4072480642895696,0.0,0.01170521066435174,False
S025@corridor@inactive:i101:nsga2:s1060000:r0:PR1_HT0_EC1:b339f64ad983,S025,small,101,1060000,nsga2,p0021,90f79a737206f8db,6.847323946241754,1121.8116714685464,-0.0,0.3004724063424381,0.0,0.1489034492831089,False
S025@corridor@inactive:i101:nsga2:s1060000:r0:PR1_HT0_EC1:b339f64ad983,S025,small,101,1060000,nsga2,p0022,d024afe3fb8ce7bb,6.830783620806402,1122.3554082812173,-0.0,0.3170127317777893,0.0,0.008138164449910572,False
S025@corridor@inactive:i101:nsga2:s1060000:r0:PR1_HT0_EC1:b339f64ad983,S025,small,101,1060000,nsga2,p0023,6737ae1d25342d99,6.829623966993525,1128.658462321195,-0.0,0.3181723855906662,0.0,0.005756329135439974,False
S025@corridor@inactive:i101:nsga2:s1060000:r0:PR1_HT0_EC1:b339f64ad983,S025,small,101,1060000,nsga2,p0024,3ef2b9315f76ee45,6.816593120202064,1151.3085948308135,-0.0,0.33120323238212696,0.0,0.17308445289780994,False
S025@corridor@inactive:i101:nsga2:s1060000:r0:PR1_HT0_EC1:b339f64ad983,S025,small,101,1060000,nsga2,p0025,c039121078a96d75,6.821079149425415,1130.4984625091622,-0.0,0.3267172031587763,0.0,0.011184479994418333,False
S025@corridor@inactive:i101:nsga2:s1060000:r0:PR1_HT0_EC1:b339f64ad983,S025,small,101,1060000,nsga2,p0026,97c2d6c0ac644954,6.661945648833711,1606.5468833592413,-0.0,0.40229459481654084,0.0,0.019663071555485686,False
S025@corridor@inactive:i101:nsga2:s1060000:r0:PR1_HT0_EC1:b339f64ad983,S025,small,101,1060000,nsga2,p0027,5a87518f47be883f,6.67738772254458,1560.395102031618,-0.0,0.3953973386737834,0.0,0.010612603886766728,False
S025@corridor@inactive:i101:nsga2:s1060000:r0:PR1_HT0_EC1:b339f64ad983,S025,small,101,1060000,nsga2,p0028,8f79453178507af1,6.684227498488735,1556.9890367980738,-0.0,0.38346118939426915,0.0,0.1687656325530979,False
S025@corridor@inactive:i101:nsga2:s1060000:r0:PR1_HT0_EC1:b339f64ad983,S025,small,101,1060000,nsga2,p0029,6cd7a9312e55a7e5,6.643086260890817,1638.9671051561327,-0.0,0.416667953536085,0.0,,False
S025@corridor@inactive:i101:nsga2:s1060000:r0:PR1_HT1_EC0:a86ce6b22107,S025,small,101,1060000,nsga2,p0001,17f5967e22085cf5,4.532757880055506,5027.05519257525,-0.8678714859437232,0.8999999999998745,0.8678714859437232,,False
S025@corridor@inactive:i101:nsga2:s1060000:r0:PR1_HT1_EC0:a86ce6b22107,S025,small,101,1060000,nsga2,p0002,f7b3d930cdf94093,4.544170196602644,5024.500643650092,-0.8678714859437232,0.8999999999998745,0.8678714859437232,0.7458093723112251,False
S025@corridor@inactive:i101:nsga2:s1060000:r0:PR1_HT1_EC0:a86ce6b22107,S025,small,101,1060000,nsga2,p0003,1cf0727b6e4aef4b,4.528251717410251,5050.013104580583,-0.8678714859436998,0.8999999999998567,0.8678714859436998,,True
S025@corridor@inactive:i101:nsga2:s1060000:r0:PR1_HT1_EC0:a86ce6b22107,S025,small,101,1060000,nsga2,p0004,c372f185ca3aab9f,5.81048087756818,4067.3713031685447,-0.5792682926829268,0.7002603264286574,0.5792682926829268,0.5860909474992106,False
S025@corridor@inactive:i101:nsga2:s1060000:r0:PR1_HT1_EC0:a86ce6b22107,S025,small,101,1060000,nsga2,p0005,52a18a0c9bf3b6c7,5.842915287098676,3870.041163068089,-0.5612244897959183,0.6926082434737245,0.5612244897959183,0.16454901600667965,False
S025@corridor@inactive:i101:nsga2:s1060000:r0:PR1_HT1_EC0:a86ce6b22107,S025,small,101,1060000,nsga2,p0006,cefa1863f33f9578,5.8372944173995975,3949.503532906394,-0.5612244897959183,0.6911229413981823,0.5612244897959183,0.09483507244818101,False
S025@corridor@inactive:i101:nsga2:s1060000:r0:PR1_HT1_EC0:a86ce6b22107,S025,small,101,1060000,nsga2,p0007,89c855ddcf0294ba,5.823239145072931,4066.827566355874,-0.5182926829268293,0.6853665736435112,0.5182926829268293,0.08016613686966173,False
S025@corridor@inactive:i101:nsga2:s1060000:r0:PR1_HT1_EC0:a86ce6b22107,S025,small,101,1060000,nsga2,p0008,994c553c480671f9,5.785258646099938,4066.827566355874,-0.5,0.7077592939044729,0.5,0.06075928436003987,False
S025@corridor@inactive:i101:nsga2:s1060000:r0:PR1_HT1_EC0:a86ce6b22107,S025,small,101,1060000,nsga2,p0009,b229ab1a27545f4d,6.0236621085210755,3572.5271295732837,-0.5,0.6497799476900699,0.5,0.0182758388307271,False
S025@corridor@inactive:i101:nsga2:s1060000:r0:PR1_HT1_EC0:a86ce6b22107,S025,small,101,1060000,nsga2,p0010,985dccd2a5c40ea5,5.840171887981812,3871.0296469476707,-0.4878048780487805,0.6823525754933508,0.4878048780487805,0.05620636407317653,False
S025@corridor@inactive:i101:nsga2:s1060000:r0:PR1_HT1_EC0:a86ce6b22107,S025,small,101,1060000,nsga2,p0011,4b55a74c39476d0e,6.107362954586695,3526.6113055626165,-0.45918367346938777,0.6158135307747613,0.45918367346938777,0.1718309343505794,False
S025@corridor@inactive:i101:nsga2:s1060000:r0:PR1_HT1_EC0:a86ce6b22107,S025,small,101,1060000,nsga2,p0012,1be58d91cec11329,5.780334523195965,3900.628877495573,-0.44871794871794873,0.701531714904225,0.44871794871794873,1.2056075277974017,False
S025@corridor@inactive:i101:nsga2:s1060000:r0:PR1_HT1_EC0:a86ce6b22107,S025,small,101,1060000,nsga2,p0013,433ef2fb19b0298c,5.8147295785227415,3871.0296469476707,-0.4166666666666667,0.7017285405506583,0.4166666666666667,0.04252712770824331,False
S025@corridor@inactive:i101:nsga2:s1060000:r0:PR1_HT1_EC0:a86ce6b22107,S025,small,101,1060000,nsga2,p0014,44a77cee2e030ab5,6.018873356946206,3573.0708663859546,-0.4166666666666667,0.6457929804302929,0.4166666666666667,0.3649786886232594,False
S025@corridor@inactive:i101:nsga2:s1060000:r0:PR1_HT1_EC0:a86ce6b22107,S025,small,101,1060000,nsga2,p0015,922e667a7d1455af,6.02844579107181,3572.219350077569,-0.38461538461538464,0.6371538040040292,0.38461538461538464,0.1143729771476577,False
S025@corridor@inactive:i101:nsga2:s1060000:r0:PR1_HT1_EC0:a86ce6b22107,S025,small,101,1060000,nsga2,p0016,b0289d5140841153,6.292362436347563,3350.5837555790513,-0.35714285714285715,0.5566569358002285,0.35714285714285715,0.35380109821488237,False
S025@corridor@inactive:i101:nsga2:s1060000:r0:PR1_HT1_EC0:a86ce6b22107,S025,small,101,1060000,nsga2,p0017,34a711359985335f,6.267580109772,3373.5416675843844,-0.3353658536585366,0.5574600258698217,0.3353658536585366,0.10334426031036438,False
S025@corridor@inactive:i101:nsga2:s1060000:r0:PR1_HT1_EC0:a86ce6b22107,S025,small,101,1060000,nsga2,p0018,4dc9fa278cb9d15f,6.36424390582888,3348.3369861496076,-0.28061224489795916,0.5177143931431583,0.28061224489795916,0.39552930610202963,False
S025@corridor@inactive:i101:nsga2:s1060000:r0:PR1_HT1_EC0:a86ce6b22107,S025,small,101,1060000,nsga2,p0019,99eff3763cb46d83,6.246820027219396,3420.544965220394,-0.2564102564102564,0.5694910845888803,0.2564102564102564,0.12998608703884607,False
S025@corridor@inactive:i101:nsga2:s1060000:r0:PR1_HT1_EC0:a86ce6b22107,S025,small,101,1060000,nsga2,p0020,ba3c8b4eb0d9487e,6.284695201140526,3373.4022132467094,-0.25,0.5693717473796965,0.25,0.07339007638719103,False
S025@corridor@inactive:i101:nsga2:s1060000:r0:PR1_HT1_EC0:a86ce6b22107,S025,small,101,1060000,nsga2,p0021,8e6cff53446ca7ad,6.590660709533896,2387.2186563702253,-0.20408163265306123,0.4479134611747981,0.20408163265306123,0.07862513990685982,False
S025@corridor@inactive:i101:nsga2:s1060000:r0:PR1_HT1_EC0:a86ce6b22107,S025,small,101,1060000,nsga2,p0022,1087cdc0e79eba39,6.585032999857713,2456.0923923862265,-0.20408163265306123,0.449243024664707,0.20408163265306123,0.03303398833882181,False
S025@corridor@inactive:i101:nsga2:s1060000:r0:PR1_HT1_EC0:a86ce6b22107,S025,small,101,1060000,nsga2,p0023,ecac52184f0c90b1,6.536449952593118,2458.3391618156697,-0.19230769230769232,0.47960362341394935,0.19230769230769232,0.03046773886372154,False
S025@corridor@inactive:i101:nsga2:s1060000:r0:PR1_HT1_EC0:a86ce6b22107,S025,small,101,1060000,nsga2,p0024,9eb27a6da5b1ba26,6.528518052876863,2458.8828986283406,-0.19230769230769232,0.48323259714042077,0.19230769230769232,0.30679557539421254,False
S025@corridor@inactive:i101:nsga2:s1060000:r0:PR1_HT1_EC0:a86ce6b22107,S025,small,101,1060000,nsga2,p0025,4ef2881dce43bf3e,6.286907757094646,3351.979008700108,-0.16666666666666666,0.5603182186843807,0.16666666666666666,0.03802159584583969,False
S025@corridor@inactive:i101:nsga2:s1060000:r0:PR1_HT1_EC0:a86ce6b22107,S025,small,101,1060000,nsga2,p0026,4e91815dcc1a1ba7,6.249334673311914,3374.629141209726,-0.16666666666666666,0.5669764384963623,0.16666666666666666,0.03522808753826399,False
S025@corridor@inactive:i101:nsga2:s1060000:r0:PR1_HT1_EC0:a86ce6b22107,S025,small,101,1060000,nsga2,p0027,177c5fb193fc59a5,6.605858277922954,2292.9415528843565,-0.15306122448979592,0.43271589278574035,0.15306122448979592,0.1511761449562195,False
S025@corridor@inactive:i101:nsga2:s1060000:r0:PR1_HT1_EC0:a86ce6b22107,S025,small,101,1060000,nsga2,p0028,4b855c6f0330cac9,6.583286877323383,2319.9862345071006,-0.10204081632653061,0.4292877372451875,0.10204081632653061,0.20447452905738717,False
S025@corridor@inactive:i101:nsga2:s1060000:r0:PR1_HT1_EC0:a86ce6b22107,S025,small,101,1060000,nsga2,p0029,a083044d8f78c210,6.904635258359354,704.0078882202506,-0.0,0.2431610942248377,0.0,,False
S025@corridor@inactive:i101:nsga2:s1060000:r0:PR1_HT1_EC0:a86ce6b22107,S025,small,101,1060000,nsga2,p0030,4da2e6927f0da410,6.567156144261677,2382.416631472054,-0.0,0.4445945057556067,0.0,0.035179266736041034,False
S025@corridor@inactive:i101:nsga2:s1060000:r0:PR1_HT1_EC0:a86ce6b22107,S025,small,101,1060000,nsga2,p0031,889fdbd3e2360614,6.874240121581239,1169.3587059172264,-0.0,0.27355623100295323,0.0,0.20118570368249364,False
S025@corridor@inactive:i101:nsga2:s1060000:r0:PR1_HT1_EC0:a86ce6b22107,S025,small,101,1060000,nsga2,p0032,b80b0f0dc69a5d8c,6.880831837991047,1075.352110645208,-0.0,0.2669645145931444,0.0,0.11219529952618844,False
S025@corridor@inactive:i101:nsga2:s1060000:r0:PR1_HT1_EC0:a86ce6b22107,S025,small,101,1060000,nsga2,p0033,4afba8e246326d35,6.792509897502747,1871.3234906472276,-0.0,0.33148303471313806,0.0,0.01583221422867391,False
S025@corridor@inactive:i101:nsga2:s1060000:r0:PR1_HT1_EC0:a86ce6b22107,S025,small,101,1060000,nsga2,p0034,7e166ff977d9ef81,6.768589555792446,1933.6590732451054,-0.0,0.3488116600136302,0.0,0.05117734815637151,False
S025@corridor@inactive:i101:nsga2:s1060000:r0:PR1_HT1_EC0:a86ce6b22107,S025,small,101,1060000,nsga2,p0035,a9565a8beb63fdb9,6.773899549567069,1895.6766557736182,-0.0,0.3435016662390064,0.0,0.024409049097970845,False
S025@corridor@inactive:i101:nsga2:s1060000:r0:PR1_HT1_EC0:a86ce6b22107,S025,small,101,1060000,nsga2,p0036,1e9a8acae592f858,6.795413076483857,1866.2143927969114,-0.0,0.3285798557320273,0.0,0.19591223393483836,False
S025@corridor@inactive:i101:nsga2:s1060000:r0:PR1_HT1_EC0:a86ce6b22107,S025,small,101,1060000,nsga2,p0037,74047ea86277f249,6.688787063147219,2065.9052056866203,-0.0,0.3678238791026265,0.0,0.046851644248198446,False
S025@corridor@inactive:i101:nsga2:s1060000:r0:PR1_HT1_EC0:a86ce6b22107,S025,small,101,1060000,nsga2,p0038,3ed489cf05fa65aa,6.683565679572183,2156.5057357250944,-0.0,0.3737776756122735,0.0,0.08713729004013734,False
S025@corridor@inactive:i101:nsga2:s1060000:r0:PR1_HT1_EC0:a86ce6b22107,S025,small,101,1060000,nsga2,p0039,304958a71d22eccd,6.719196158368587,2018.0503917422247,-0.0,0.35446875433164154,0.0,0.06401084437073232,False
S025@corridor@inactive:i101:nsga2:s1060000:r0:PR1_HT1_EC0:a86ce6b22107,S025,small,101,1060000,nsga2,p0040,effcaf52c5d11abe,6.878726150804589,1144.2258466612093,-0.0,0.2690702017796025,0.0,,False
S025@corridor@inactive:i101:nsga2:s1060000:r0:PR1_HT1_EC1:936edd1f2272,S025,small,101,1060000,nsga2,p0001,17f5967e22085cf5,4.532757880055506,5027.05519257525,-0.8678714859437232,0.8999999999998745,0.8678714859437232,,False
S025@corridor@inactive:i101:nsga2:s1060000:r0:PR1_HT1_EC1:936edd1f2272,S025,small,101,1060000,nsga2,p0002,f7b3d930cdf94093,4.544170196602644,5024.500643650092,-0.8678714859437232,0.8999999999998745,0.8678714859437232,0.7458093723112251,False
S025@corridor@inactive:i101:nsga2:s1060000:r0:PR1_HT1_EC1:936edd1f2272,S025,small,101,1060000,nsga2,p0003,1cf0727b6e4aef4b,4.528251717410251,5050.013104580583,-0.8678714859436998,0.8999999999998567,0.8678714859436998,,True
S025@corridor@inactive:i101:nsga2:s1060000:r0:PR1_HT1_EC1:936edd1f2272,S025,small,101,1060000,nsga2,p0004,c372f185ca3aab9f,5.81048087756818,4067.3713031685447,-0.5792682926829268,0.7002603264286574,0.5792682926829268,0.5860909474992106,False
S025@corridor@inactive:i101:nsga2:s1060000:r0:PR1_HT1_EC1:936edd1f2272,S025,small,101,1060000,nsga2,p0005,52a18a0c9bf3b6c7,5.842915287098676,3870.041163068089,-0.5612244897959183,0.6926082434737245,0.5612244897959183,0.16454901600667965,False
S025@corridor@inactive:i101:nsga2:s1060000:r0:PR1_HT1_EC1:936edd1f2272,S025,small,101,1060000,nsga2,p0006,cefa1863f33f9578,5.8372944173995975,3949.503532906394,-0.5612244897959183,0.6911229413981823,0.5612244897959183,0.09483507244818101,False
S025@corridor@inactive:i101:nsga2:s1060000:r0:PR1_HT1_EC1:936edd1f2272,S025,small,101,1060000,nsga2,p0007,89c855ddcf0294ba,5.823239145072931,4066.827566355874,-0.5182926829268293,0.6853665736435112,0.5182926829268293,0.08016613686966173,False
S025@corridor@inactive:i101:nsga2:s1060000:r0:PR1_HT1_EC1:936edd1f2272,S025,small,101,1060000,nsga2,p0008,994c553c480671f9,5.785258646099938,4066.827566355874,-0.5,0.7077592939044729,0.5,0.06075928436003987,False
S025@corridor@inactive:i101:nsga2:s1060000:r0:PR1_HT1_EC1:936edd1f2272,S025,small,101,1060000,nsga2,p0009,b229ab1a27545f4d,6.0236621085210755,3572.5271295732837,-0.5,0.6497799476900699,0.5,0.0182758388307271,False
S025@corridor@inactive:i101:nsga2:s1060000:r0:PR1_HT1_EC1:936edd1f2272,S025,small,101,1060000,nsga2,p0010,985dccd2a5c40ea5,5.840171887981812,3871.0296469476707,-0.4878048780487805,0.6823525754933508,0.4878048780487805,0.05620636407317653,False
S025@corridor@inactive:i101:nsga2:s1060000:r0:PR1_HT1_EC1:936edd1f2272,S025,small,101,1060000,nsga2,p0011,4b55a74c39476d0e,6.107362954586695,3526.6113055626165,-0.45918367346938777,0.6158135307747613,0.45918367346938777,0.1718309343505794,False
S025@corridor@inactive:i101:nsga2:s1060000:r0:PR1_HT1_EC1:936edd1f2272,S025,small,101,1060000,nsga2,p0012,1be58d91cec11329,5.780334523195965,3900.628877495573,-0.44871794871794873,0.701531714904225,0.44871794871794873,1.2056075277974017,False
S025@corridor@inactive:i101:nsga2:s1060000:r0:PR1_HT1_EC1:936edd1f2272,S025,small,101,1060000,nsga2,p0013,433ef2fb19b0298c,5.8147295785227415,3871.0296469476707,-0.4166666666666667,0.7017285405506583,0.4166666666666667,0.04252712770824331,False
S025@corridor@inactive:i101:nsga2:s1060000:r0:PR1_HT1_EC1:936edd1f2272,S025,small,101,1060000,nsga2,p0014,44a77cee2e030ab5,6.018873356946206,3573.0708663859546,-0.4166666666666667,0.6457929804302929,0.4166666666666667,0.3649786886232594,False
S025@corridor@inactive:i101:nsga2:s1060000:r0:PR1_HT1_EC1:936edd1f2272,S025,small,101,1060000,nsga2,p0015,922e667a7d1455af,6.02844579107181,3572.219350077569,-0.38461538461538464,0.6371538040040292,0.38461538461538464,0.1143729771476577,False
S025@corridor@inactive:i101:nsga2:s1060000:r0:PR1_HT1_EC1:936edd1f2272,S025,small,101,1060000,nsga2,p0016,b0289d5140841153,6.292362436347563,3350.5837555790513,-0.35714285714285715,0.5566569358002285,0.35714285714285715,0.35380109821488237,False
S025@corridor@inactive:i101:nsga2:s1060000:r0:PR1_HT1_EC1:936edd1f2272,S025,small,101,1060000,nsga2,p0017,34a711359985335f,6.267580109772,3373.5416675843844,-0.3353658536585366,0.5574600258698217,0.3353658536585366,0.10334426031036438,False
S025@corridor@inactive:i101:nsga2:s1060000:r0:PR1_HT1_EC1:936edd1f2272,S025,small,101,1060000,nsga2,p0018,4dc9fa278cb9d15f,6.36424390582888,3348.3369861496076,-0.28061224489795916,0.5177143931431583,0.28061224489795916,0.39552930610202963,False
S025@corridor@inactive:i101:nsga2:s1060000:r0:PR1_HT1_EC1:936edd1f2272,S025,small,101,1060000,nsga2,p0019,99eff3763cb46d83,6.246820027219396,3420.544965220394,-0.2564102564102564,0.5694910845888803,0.2564102564102564,0.12998608703884607,False
S025@corridor@inactive:i101:nsga2:s1060000:r0:PR1_HT1_EC1:936edd1f2272,S025,small,101,1060000,nsga2,p0020,ba3c8b4eb0d9487e,6.284695201140526,3373.4022132467094,-0.25,0.5693717473796965,0.25,0.07339007638719103,False
S025@corridor@inactive:i101:nsga2:s1060000:r0:PR1_HT1_EC1:936edd1f2272,S025,small,101,1060000,nsga2,p0021,8e6cff53446ca7ad,6.590660709533896,2387.2186563702253,-0.20408163265306123,0.4479134611747981,0.20408163265306123,0.07862513990685982,False
S025@corridor@inactive:i101:nsga2:s1060000:r0:PR1_HT1_EC1:936edd1f2272,S025,small,101,1060000,nsga2,p0022,1087cdc0e79eba39,6.585032999857713,2456.0923923862265,-0.20408163265306123,0.449243024664707,0.20408163265306123,0.03303398833882181,False
S025@corridor@inactive:i101:nsga2:s1060000:r0:PR1_HT1_EC1:936edd1f2272,S025,small,101,1060000,nsga2,p0023,ecac52184f0c90b1,6.536449952593118,2458.3391618156697,-0.19230769230769232,0.47960362341394935,0.19230769230769232,0.03046773886372154,False
S025@corridor@inactive:i101:nsga2:s1060000:r0:PR1_HT1_EC1:936edd1f2272,S025,small,101,1060000,nsga2,p0024,9eb27a6da5b1ba26,6.528518052876863,2458.8828986283406,-0.19230769230769232,0.48323259714042077,0.19230769230769232,0.30679557539421254,False
S025@corridor@inactive:i101:nsga2:s1060000:r0:PR1_HT1_EC1:936edd1f2272,S025,small,101,1060000,nsga2,p0025,4ef2881dce43bf3e,6.286907757094646,3351.979008700108,-0.16666666666666666,0.5603182186843807,0.16666666666666666,0.03802159584583969,False
S025@corridor@inactive:i101:nsga2:s1060000:r0:PR1_HT1_EC1:936edd1f2272,S025,small,101,1060000,nsga2,p0026,4e91815dcc1a1ba7,6.249334673311914,3374.629141209726,-0.16666666666666666,0.5669764384963623,0.16666666666666666,0.03522808753826399,False
S025@corridor@inactive:i101:nsga2:s1060000:r0:PR1_HT1_EC1:936edd1f2272,S025,small,101,1060000,nsga2,p0027,177c5fb193fc59a5,6.605858277922954,2292.9415528843565,-0.15306122448979592,0.43271589278574035,0.15306122448979592,0.1511761449562195,False
S025@corridor@inactive:i101:nsga2:s1060000:r0:PR1_HT1_EC1:936edd1f2272,S025,small,101,1060000,nsga2,p0028,4b855c6f0330cac9,6.583286877323383,2319.9862345071006,-0.10204081632653061,0.4292877372451875,0.10204081632653061,0.20447452905738717,False
S025@corridor@inactive:i101:nsga2:s1060000:r0:PR1_HT1_EC1:936edd1f2272,S025,small,101,1060000,nsga2,p0029,a083044d8f78c210,6.904635258359354,704.0078882202506,-0.0,0.2431610942248377,0.0,,False
S025@corridor@inactive:i101:nsga2:s1060000:r0:PR1_HT1_EC1:936edd1f2272,S025,small,101,1060000,nsga2,p0030,4da2e6927f0da410,6.567156144261677,2382.416631472054,-0.0,0.4445945057556067,0.0,0.035179266736041034,False
S025@corridor@inactive:i101:nsga2:s1060000:r0:PR1_HT1_EC1:936edd1f2272,S025,small,101,1060000,nsga2,p0031,889fdbd3e2360614,6.874240121581239,1169.3587059172264,-0.0,0.27355623100295323,0.0,0.20118570368249364,False
S025@corridor@inactive:i101:nsga2:s1060000:r0:PR1_HT1_EC1:936edd1f2272,S025,small,101,1060000,nsga2,p0032,b80b0f0dc69a5d8c,6.880831837991047,1075.352110645208,-0.0,0.2669645145931444,0.0,0.11219529952618844,False
S025@corridor@inactive:i101:nsga2:s1060000:r0:PR1_HT1_EC1:936edd1f2272,S025,small,101,1060000,nsga2,p0033,4afba8e246326d35,6.792509897502747,1871.3234906472276,-0.0,0.33148303471313806,0.0,0.01583221422867391,False
S025@corridor@inactive:i101:nsga2:s1060000:r0:PR1_HT1_EC1:936edd1f2272,S025,small,101,1060000,nsga2,p0034,7e166ff977d9ef81,6.768589555792446,1933.6590732451054,-0.0,0.3488116600136302,0.0,0.05117734815637151,False
S025@corridor@inactive:i101:nsga2:s1060000:r0:PR1_HT1_EC1:936edd1f2272,S025,small,101,1060000,nsga2,p0035,a9565a8beb63fdb9,6.773899549567069,1895.6766557736182,-0.0,0.3435016662390064,0.0,0.024409049097970845,False
S025@corridor@inactive:i101:nsga2:s1060000:r0:PR1_HT1_EC1:936edd1f2272,S025,small,101,1060000,nsga2,p0036,1e9a8acae592f858,6.795413076483857,1866.2143927969114,-0.0,0.3285798557320273,0.0,0.19591223393483836,False
S025@corridor@inactive:i101:nsga2:s1060000:r0:PR1_HT1_EC1:936edd1f2272,S025,small,101,1060000,nsga2,p0037,74047ea86277f249,6.688787063147219,2065.9052056866203,-0.0,0.3678238791026265,0.0,0.046851644248198446,False
S025@corridor@inactive:i101:nsga2:s1060000:r0:PR1_HT1_EC1:936edd1f2272,S025,small,101,1060000,nsga2,p0038,3ed489cf05fa65aa,6.683565679572183,2156.5057357250944,-0.0,0.3737776756122735,0.0,0.08713729004013734,False
S025@corridor@inactive:i101:nsga2:s1060000:r0:PR1_HT1_EC1:936edd1f2272,S025,small,101,1060000,nsga2,p0039,304958a71d22eccd,6.719196158368587,2018.0503917422247,-0.0,0.35446875433164154,0.0,0.06401084437073232,False
S025@corridor@inactive:i101:nsga2:s1060000:r0:PR1_HT1_EC1:936edd1f2272,S025,small,101,1060000,nsga2,p0040,effcaf52c5d11abe,6.878726150804589,1144.2258466612093,-0.0,0.2690702017796025,0.0,,False
S025@corridor@inactive:i101:nsga2:s1060001:r1:PR0_HT1_EC1:4033821e0b6c,S025,small,101,1060001,nsga2,p0001,b14bac020e17e995,6.103297387295841,2744.4582868741086,-0.4878048780487805,0.645514568086851,0.4878048780487805,,True
S025@corridor@inactive:i101:nsga2:s1060001:r1:PR0_HT1_EC1:4033821e0b6c,S025,small,101,1060001,nsga2,p0002,c388a08d78411e8f,6.109209043669399,2678.210921962025,-0.45918367346938777,0.6339473013932446,0.45918367346938777,0.14748822792171604,False
S025@corridor@inactive:i101:nsga2:s1060001:r1:PR0_HT1_EC1:4033821e0b6c,S025,small,101,1060001,nsga2,p0003,abf3ca00274b3a4f,6.176111684977119,2647.3534058642613,-0.4268292682926829,0.6132881538542986,0.4268292682926829,0.8916801257091195,False
S025@corridor@inactive:i101:nsga2:s1060001:r1:PR0_HT1_EC1:4033821e0b6c,S025,small,101,1060001,nsga2,p0004,74fa99b30781e79e,6.084279786437312,2729.065031898489,-0.4166666666666667,0.6558283922784383,0.4166666666666667,0.14251473915530166,False
S025@corridor@inactive:i101:nsga2:s1060001:r1:PR0_HT1_EC1:4033821e0b6c,S025,small,101,1060001,nsga2,p0005,96ff126027edab05,6.1197383163511505,2672.629909477798,-0.38461538461538464,0.6344114537126495,0.38461538461538464,0.16120856453753973,False
S025@corridor@inactive:i101:nsga2:s1060001:r1:PR0_HT1_EC1:4033821e0b6c,S025,small,101,1060001,nsga2,p0006,452e7f8196437f06,6.072311269753633,2678.210921962025,-0.38461538461538464,0.6526335345505702,0.38461538461538464,,False
S025@corridor@inactive:i101:nsga2:s1060001:r1:PR0_HT1_EC1:4033821e0b6c,S025,small,101,1060001,nsga2,p0007,0496ab3f6df8adae,6.091878570631841,2603.7561734617966,-0.3333333333333333,0.6482296080839094,0.3333333333333333,1.1419550702297872,False
S025@corridor@inactive:i101:nsga2:s1060001:r1:PR0_HT1_EC1:4033821e0b6c,S025,small,101,1060001,nsga2,p0008,55c04d1839ce5782,6.766880592278993,1332.445850579398,-0.15306122448979592,0.3809157603051985,0.15306122448979592,1.0552260685466495,False
S025@corridor@inactive:i101:nsga2:s1060001:r1:PR0_HT1_EC1:4033821e0b6c,S025,small,101,1060001,nsga2,p0009,20e40bf09d821acd,6.761265426448645,1332.445850579398,-0.1282051282051282,0.386530926135547,0.1282051282051282,0.7743925245157299,False
S025@corridor@inactive:i101:nsga2:s1060001:r1:PR0_HT1_EC1:4033821e0b6c,S025,small,101,1060001,nsga2,p0010,6388b2ef0fb36fda,6.772312654875925,1330.7428179626258,-0.12195121951219512,0.3754836977082666,0.12195121951219512,0.16789176306270637,False
S025@corridor@inactive:i101:nsga2:s1060001:r1:PR0_HT1_EC1:4033821e0b6c,S025,small,101,1060001,nsga2,p0011,0d32533a9d523f30,6.787510223264983,1311.6357182577467,-0.06097560975609756,0.36028612931920884,0.06097560975609756,0.4337518335649643,False
S025@corridor@inactive:i101:nsga2:s1060001:r1:PR0_HT1_EC1:4033821e0b6c,S025,small,101,1060001,nsga2,p0012,395303fbeb3b49e2,6.770969897829632,1280.1964875218773,-0.0,0.37682645475456006,0.0,0.4293174087950419,False
S025@corridor@inactive:i101:nsga2:s1060001:r1:PR0_HT1_EC1:4033821e0b6c,S025,small,101,1060001,nsga2,p0013,1681fe9e64c59eab,6.904635258359354,704.0078882202506,-0.0,0.2431610942248377,0.0,,False
S025@corridor@inactive:i101:nsga2:s1060001:r1:PR1_HT0_EC1:6b766fe2ff8b,S025,small,101,1060001,nsga2,p0001,2f5eeafea146cb41,4.0120175758104075,4094.9414227207953,-0.8678714859437232,0.8999999999998745,0.8678714859437232,,True
S025@corridor@inactive:i101:nsga2:s1060001:r1:PR1_HT0_EC1:6b766fe2ff8b,S025,small,101,1060001,nsga2,p0002,e9b8465010da8d8f,5.452497575291727,3660.0531492509676,-0.6707317073170732,0.7881209541908056,0.6707317073170732,0.4193374474009708,False
S025@corridor@inactive:i101:nsga2:s1060001:r1:PR1_HT0_EC1:6b766fe2ff8b,S025,small,101,1060001,nsga2,p0003,550800f6a4f95905,5.441099398999763,3692.1755711371834,-0.6707317073170732,0.7881209541908271,0.6707317073170732,0.20631544417076508,False
S025@corridor@inactive:i101:nsga2:s1060001:r1:PR1_HT0_EC1:6b766fe2ff8b,S025,small,101,1060001,nsga2,p0004,b0487f2a2c0d17e9,5.32569538736048,3578.073392280705,-0.6410256410256411,0.8171464265665854,0.6410256410256411,0.8546547356663882,False
S025@corridor@inactive:i101:nsga2:s1060001:r1:PR1_HT0_EC1:6b766fe2ff8b,S025,small,101,1060001,nsga2,p0005,d85cd242d83ec4f6,5.986059258965754,3151.9765360653782,-0.4878048780487805,0.6544720289804938,0.4878048780487805,0.37385830420265487,False
S025@corridor@inactive:i101:nsga2:s1060001:r1:PR1_HT0_EC1:6b766fe2ff8b,S025,small,101,1060001,nsga2,p0006,ebba379988a46a6a,6.061364675538845,3134.1277219103604,-0.45918367346938777,0.6244342653562439,0.45918367346938777,0.14613104693191742,False
S025@corridor@inactive:i101:nsga2:s1060001:r1:PR1_HT0_EC1:6b766fe2ff8b,S025,small,101,1060001,nsga2,p0007,dd012f88d59f5aa9,5.8996807197022285,3084.026138536523,-0.44871794871794873,0.6816681489473995,0.44871794871794873,0.29973546208271684,False
S025@corridor@inactive:i101:nsga2:s1060001:r1:PR1_HT0_EC1:6b766fe2ff8b,S025,small,101,1060001,nsga2,p0008,a19c8611e1bd20c0,6.287752987756799,2688.2203983291947,-0.36585365853658536,0.5728254755588409,0.36585365853658536,0.27319122032704657,False
S025@corridor@inactive:i101:nsga2:s1060001:r1:PR1_HT0_EC1:6b766fe2ff8b,S025,small,101,1060001,nsga2,p0009,6aa414b54d4fe7b6,6.2791326757774195,2671.6678475494737,-0.3333333333333333,0.5885940446331913,0.3333333333333333,0.07147929811539075,False
S025@corridor@inactive:i101:nsga2:s1060001:r1:PR1_HT0_EC1:6b766fe2ff8b,S025,small,101,1060001,nsga2,p0010,0cef6c16997ca299,5.964720720698854,3082.866842732421,-0.3333333333333333,0.6583957701309574,0.3333333333333333,0.16135879238149842,False
S025@corridor@inactive:i101:nsga2:s1060001:r1:PR1_HT0_EC1:6b766fe2ff8b,S025,small,101,1060001,nsga2,p0011,87353c59dd51e07d,6.22125307650153,2650.857715227822,-0.32051282051282054,0.6056813319508004,0.32051282051282054,0.06084795638234528,False
S025@corridor@inactive:i101:nsga2:s1060001:r1:PR1_HT0_EC1:6b766fe2ff8b,S025,small,101,1060001,nsga2,p0012,58f5dc06ea458e23,6.383868161492462,2413.330358828578,-0.30612244897959184,0.5223419807711429,0.30612244897959184,0.09562719444722276,False
S025@corridor@inactive:i101:nsga2:s1060001:r1:PR1_HT0_EC1:6b766fe2ff8b,S025,small,101,1060001,nsga2,p0013,7548e2eee507e65c,6.339988972735261,2640.365584384799,-0.3048780487804878,0.5449642812802311,0.3048780487804878,0.03232664417968835,False
S025@corridor@inactive:i101:nsga2:s1060001:r1:PR1_HT0_EC1:6b766fe2ff8b,S025,small,101,1060001,nsga2,p0014,e1d6919dcadc6af1,6.408768370013374,2360.3714949925206,-0.3048780487804878,0.523178623047986,0.3048780487804878,0.12282960883333514,False
S025@corridor@inactive:i101:nsga2:s1060001:r1:PR1_HT0_EC1:6b766fe2ff8b,S025,small,101,1060001,nsga2,p0015,1bb034a6f597e674,6.3381877744247905,2314.902904815244,-0.2564102564102564,0.5480595806908638,0.2564102564102564,0.0787045747404468,False
S025@corridor@inactive:i101:nsga2:s1060001:r1:PR1_HT0_EC1:6b766fe2ff8b,S025,small,101,1060001,nsga2,p0016,36b625df1bfced3d,6.220518962506369,2595.0653193655626,-0.25,0.6053388871749282,0.25,0.1296144305471686,False
S025@corridor@inactive:i101:nsga2:s1060001:r1:PR1_HT0_EC1:6b766fe2ff8b,S025,small,101,1060001,nsga2,p0017,4f9eb20ef5853095,6.33402212934698,2314.902904815244,-0.25,0.5522252257686739,0.25,0.09497148328149624,False
S025@corridor@inactive:i101:nsga2:s1060001:r1:PR1_HT0_EC1:6b766fe2ff8b,S025,small,101,1060001,nsga2,p0018,ec7f0a8d72af6bb5,6.514046106469323,2314.0513885068576,-0.18292682926829268,0.4652522529707812,0.18292682926829268,0.1780706936051043,False
S025@corridor@inactive:i101:nsga2:s1060001:r1:PR1_HT0_EC1:6b766fe2ff8b,S025,small,101,1060001,nsga2,p0019,002f1c5baf5ade5a,6.404253280757313,2311.359872010504,-0.16666666666666666,0.5219581321982774,0.16666666666666666,0.13288690988942145,False
S025@corridor@inactive:i101:nsga2:s1060001:r1:PR1_HT0_EC1:6b766fe2ff8b,S025,small,101,1060001,nsga2,p0020,55886cbb6111637e,6.379955396604974,2281.760641462602,-0.08333333333333333,0.5287426945486573,0.08333333333333333,0.417152002911999,False
S025@corridor@inactive:i101:nsga2:s1060001:r1:PR1_HT0_EC1:6b766fe2ff8b,S025,small,101,1060001,nsga2,p0021,4d257909c7bc4ef6,6.904635258359354,704.0078882202506,-0.0,0.2431610942248377,0.0,,False
S025@corridor@inactive:i101:nsga2:s1060001:r1:PR1_HT0_EC1:6b766fe2ff8b,S025,small,101,1060001,nsga2,p0022,249f00f6f38491d0,6.821018115014277,1128.658462321195,-0.0,0.32677823756991514,0.0,0.013444175937574711,False
S025@corridor@inactive:i101:nsga2:s1060001:r1:PR1_HT0_EC1:6b766fe2ff8b,S025,small,101,1060001,nsga2,p0023,9f1e2cccffed09ce,6.643086260890817,1599.4608177497626,-0.0,0.416667953536085,0.0,0.2538356467402751,False
S025@corridor@inactive:i101:nsga2:s1060001:r1:PR1_HT0_EC1:6b766fe2ff8b,S025,small,101,1060001,nsga2,p0024,11f28eea52c77ef2,6.665536996928794,1598.6093014413764,-0.0,0.4072480642895696,0.0,0.010639856221008503,False
S025@corridor@inactive:i101:nsga2:s1060001:r1:PR1_HT0_EC1:6b766fe2ff8b,S025,small,101,1060001,nsga2,p0025,7a0b61b0693d075c,6.67738772254458,1560.395102031618,-0.0,0.3953973386737834,0.0,0.024721564765864863,False
S025@corridor@inactive:i101:nsga2:s1060001:r1:PR1_HT0_EC1:6b766fe2ff8b,S025,small,101,1060001,nsga2,p0026,827cd90dee2c4e31,6.683050318730753,1526.4013223705906,-0.0,0.3908943963004873,0.0,0.1687656325530979,False
S025@corridor@inactive:i101:nsga2:s1060001:r1:PR1_HT0_EC1:6b766fe2ff8b,S025,small,101,1060001,nsga2,p0027,4ed62a57e988a261,6.830783620806402,1122.3554082812173,-0.0,0.3170127317777893,0.0,0.3101158398051584,False
S025@corridor@inactive:i101:nsga2:s1060001:r1:PR1_HT0_EC1:6b766fe2ff8b,S025,small,101,1060001,nsga2,p0028,0c170259c81589c7,6.666741629916057,1591.1122912117373,-0.0,0.4060434313023058,0.0,0.015366405997644376,False
S025@corridor@inactive:i101:nsga2:s1060001:r1:PR1_HT0_EC1:6b766fe2ff8b,S025,small,101,1060001,nsga2,p0029,7ca4a8245c45f575,6.816593120202064,1151.3085948308135,-0.0,0.33120323238212696,0.0,,False
S025@corridor@inactive:i101:nsga2:s1060001:r1:PR1_HT1_EC0:8bbc9a1f3321,S025,small,101,1060001,nsga2,p0001,cde6c0b29343e286,4.528251717410251,5033.3811674421795,-0.8678714859436998,0.8999999999998567,0.8678714859436998,,True
S025@corridor@inactive:i101:nsga2:s1060001:r1:PR1_HT1_EC0:8bbc9a1f3321,S025,small,101,1060001,nsga2,p0002,d7d8f4216d54b61f,4.557776101259622,5001.5427316447585,-0.8678714859436649,0.8999999999998304,0.8678714859436649,0.7409974698005798,False
S025@corridor@inactive:i101:nsga2:s1060001:r1:PR1_HT1_EC0:8bbc9a1f3321,S025,small,101,1060001,nsga2,p0003,468011bdc9e2de6a,4.544170196602644,5024.500643650092,-0.8678714859437232,0.8999999999998745,0.8678714859437232,0.0164207306950398,False
S025@corridor@inactive:i101:nsga2:s1060001:r1:PR1_HT1_EC0:8bbc9a1f3321,S025,small,101,1060001,nsga2,p0004,a04955248dc4d9f6,4.532757880055506,5027.05519257525,-0.8678714859437232,0.8999999999998745,0.8678714859437232,0.34129124130318417,False
S025@corridor@inactive:i101:nsga2:s1060001:r1:PR1_HT1_EC0:8bbc9a1f3321,S025,small,101,1060001,nsga2,p0005,40101ead267182f7,5.81048087756818,3894.531295765675,-0.5792682926829268,0.7002603264286574,0.5792682926829268,0.3836447174335811,False
S025@corridor@inactive:i101:nsga2:s1060001:r1:PR1_HT1_EC0:8bbc9a1f3321,S025,small,101,1060001,nsga2,p0006,c074bb4f3b1fdc02,5.842915287098676,3870.041163068089,-0.5612244897959183,0.6926082434737245,0.5612244897959183,0.2503862685866459,False
S025@corridor@inactive:i101:nsga2:s1060001:r1:PR1_HT1_EC0:8bbc9a1f3321,S025,small,101,1060001,nsga2,p0007,b4a2b042dad81920,5.785258646099938,3898.9258448788005,-0.5,0.7077592939044729,0.5,0.12241681397495044,False
S025@corridor@inactive:i101:nsga2:s1060001:r1:PR1_HT1_EC0:8bbc9a1f3321,S025,small,101,1060001,nsga2,p0008,6dfa80e04e5919d7,6.0236621085210755,3572.5271295732837,-0.5,0.6497799476900699,0.5,0.2141778090041759,False
S025@corridor@inactive:i101:nsga2:s1060001:r1:PR1_HT1_EC0:8bbc9a1f3321,S025,small,101,1060001,nsga2,p0009,067792ec464a0150,5.780334523195965,4068.530598972646,-0.44871794871794873,0.701531714904225,0.44871794871794873,0.8292389749775639,False
S025@corridor@inactive:i101:nsga2:s1060001:r1:PR1_HT1_EC0:8bbc9a1f3321,S025,small,101,1060001,nsga2,p0010,b16a9496cdb03dea,6.0355583567059385,3549.56921756795,-0.44871794871794873,0.640452659933458,0.44871794871794873,0.07957425994171387,False
S025@corridor@inactive:i101:nsga2:s1060001:r1:PR1_HT1_EC0:8bbc9a1f3321,S025,small,101,1060001,nsga2,p0011,23d5b91228933f15,5.782722745447652,3872.732679564443,-0.4166666666666667,0.7015672383155297,0.4166666666666667,0.10320875739014222,False
S025@corridor@inactive:i101:nsga2:s1060001:r1:PR1_HT1_EC0:8bbc9a1f3321,S025,small,101,1060001,nsga2,p0012,be015661f313f078,6.2793633692503255,3349.7322392706646,-0.36585365853658536,0.5647490187466376,0.36585365853658536,0.3737473048430384,False
S025@corridor@inactive:i101:nsga2:s1060001:r1:PR1_HT1_EC0:8bbc9a1f3321,S025,small,101,1060001,nsga2,p0013,339a15a8a6ef7f92,6.180294175956368,3526.6113055626165,-0.36585365853658536,0.5750883477001997,0.36585365853658536,0.10357897031867616,False
S025@corridor@inactive:i101:nsga2:s1060001:r1:PR1_HT1_EC0:8bbc9a1f3321,S025,small,101,1060001,nsga2,p0014,76aa89236e78ebea,6.267580109772,3373.5416675843844,-0.3353658536585366,0.5574600258698217,0.3353658536585366,0.05058127185412114,False
S025@corridor@inactive:i101:nsga2:s1060001:r1:PR1_HT1_EC0:8bbc9a1f3321,S025,small,101,1060001,nsga2,p0015,e9e21ac184db1498,6.099795979309597,3526.611305562616,-0.3333333333333333,0.6192685980243792,0.3333333333333333,0.17071730321740475,False
S025@corridor@inactive:i101:nsga2:s1060001:r1:PR1_HT1_EC0:8bbc9a1f3321,S025,small,101,1060001,nsga2,p0016,7912670dc5fbb7ed,6.250103320167317,3445.0664555048243,-0.2564102564102564,0.57161209461114,0.2564102564102564,0.11184255833714377,False
S025@corridor@inactive:i101:nsga2:s1060001:r1:PR1_HT1_EC0:8bbc9a1f3321,S025,small,101,1060001,nsga2,p0017,637d492448999406,6.539311951730267,2434.52973350195,-0.25510204081632654,0.47426973062314276,0.25510204081632654,0.01580227406112967,False
S025@corridor@inactive:i101:nsga2:s1060001:r1:PR1_HT1_EC0:8bbc9a1f3321,S025,small,101,1060001,nsga2,p0018,84819052b6e41a5b,6.273297024848562,3349.7322392706646,-0.25,0.569371747379718,0.25,0.023362669043265248,False
S025@corridor@inactive:i101:nsga2:s1060001:r1:PR1_HT1_EC0:8bbc9a1f3321,S025,small,101,1060001,nsga2,p0019,575f7d9b64b6f811,6.543885120444341,2412.423337805002,-0.24390243902439024,0.4731755233475667,0.24390243902439024,0.08487279500294526,False
S025@corridor@inactive:i101:nsga2:s1060001:r1:PR1_HT1_EC0:8bbc9a1f3321,S025,small,101,1060001,nsga2,p0020,26ac73063e9d7d56,6.534931078179168,2458.8828986283406,-0.19230769230769232,0.48029853327661337,0.19230769230769232,0.26665109365939055,False
S025@corridor@inactive:i101:nsga2:s1060001:r1:PR1_HT1_EC0:8bbc9a1f3321,S025,small,101,1060001,nsga2,p0021,2c549ce1f8669e9d,6.536449952593118,2458.3391618156697,-0.19230769230769232,0.47960362341394935,0.19230769230769232,0.006083082771234996,False
S025@corridor@inactive:i101:nsga2:s1060001:r1:PR1_HT1_EC0:8bbc9a1f3321,S025,small,101,1060001,nsga2,p0022,fc9737bacfc850e2,6.255808710876239,3443.5028772257274,-0.19230769230769232,0.5616333759252724,0.19230769230769232,0.03443304003964946,False
S025@corridor@inactive:i101:nsga2:s1060001:r1:PR1_HT1_EC0:8bbc9a1f3321,S025,small,101,1060001,nsga2,p0023,aaf842450f2bc341,6.585753725383067,2388.9216889869977,-0.18292682926829268,0.44991726634451623,0.18292682926829268,0.04763046613090617,False
S025@corridor@inactive:i101:nsga2:s1060001:r1:PR1_HT1_EC0:8bbc9a1f3321,S025,small,101,1060001,nsga2,p0024,3a200aac0cabf280,6.536785274177634,2412.423337805002,-0.16666666666666666,0.48027536961427303,0.16666666666666666,0.025046170436557727,False
S025@corridor@inactive:i101:nsga2:s1060001:r1:PR1_HT1_EC0:8bbc9a1f3321,S025,small,101,1060001,nsga2,p0025,1946b47b0a378817,6.533343815810775,2435.9249866230066,-0.16666666666666666,0.4818857956450069,0.16666666666666666,0.11304431650927982,False
S025@corridor@inactive:i101:nsga2:s1060001:r1:PR1_HT1_EC0:8bbc9a1f3321,S025,small,101,1060001,nsga2,p0026,aa19ecd037343251,6.249856845779573,3374.629141209726,-0.16666666666666666,0.567588917793766,0.16666666666666666,0.09705899477229743,False
S025@corridor@inactive:i101:nsga2:s1060001:r1:PR1_HT1_EC0:8bbc9a1f3321,S025,small,101,1060001,nsga2,p0027,043aa8b9d211db22,6.616349861970663,2388.3779521743268,-0.12195121951219512,0.4285380612026741,0.12195121951219512,0.23848039185721226,False
S025@corridor@inactive:i101:nsga2:s1060001:r1:PR1_HT1_EC0:8bbc9a1f3321,S025,small,101,1060001,nsga2,p0028,947386b43aadff72,6.904635258359354,704.0078882202506,-0.0,0.2431610942248377,0.0,,False
S025@corridor@inactive:i101:nsga2:s1060001:r1:PR1_HT1_EC0:8bbc9a1f3321,S025,small,101,1060001,nsga2,p0029,8ce9b0c32db37d16,6.604064881554189,2285.8554872748778,-0.0,0.43450928915450565,0.0,0.04778737828436956,False
S025@corridor@inactive:i101:nsga2:s1060001:r1:PR1_HT1_EC0:8bbc9a1f3321,S025,small,101,1060001,nsga2,p0030,5158fd3aa05e6f2d,6.5701306526149725,2333.7103012192733,-0.0,0.44345102973843753,0.0,0.030651244231162507,False
S025@corridor@inactive:i101:nsga2:s1060001:r1:PR1_HT1_EC0:8bbc9a1f3321,S025,small,101,1060001,nsga2,p0031,d6a9e3ba52323427,6.574284669348502,2311.0601687096546,-0.0,0.44277597444340533,0.0,0.017627829099258117,False
S025@corridor@inactive:i101:nsga2:s1060001:r1:PR1_HT1_EC0:8bbc9a1f3321,S025,small,101,1060001,nsga2,p0032,f2aa96908f6d8998,6.874240121581239,1149.6055622140414,-0.0,0.27355623100295323,0.0,0.21303572558844067,False
S025@corridor@inactive:i101:nsga2:s1060001:r1:PR1_HT1_EC0:8bbc9a1f3321,S025,small,101,1060001,nsga2,p0033,8d5a63dcd227d2d2,6.880831837991047,1055.598966942023,-0.0,0.2669645145931444,0.0,0.11571479338365921,False
S025@corridor@inactive:i101:nsga2:s1060001:r1:PR1_HT1_EC0:8bbc9a1f3321,S025,small,101,1060001,nsga2,p0034,095f1a4c37cef303,6.770420588128572,1860.5995778659335,-0.0,0.3469806276775043,0.0,0.06338084481580468,False
S025@corridor@inactive:i101:nsga2:s1060001:r1:PR1_HT1_EC0:8bbc9a1f3321,S025,small,101,1060001,nsga2,p0035,ebfe678f1d3ea05d,6.773899549567069,1841.3555105898593,-0.0,0.3435016662390064,0.0,0.019365449738218757,False
S025@corridor@inactive:i101:nsga2:s1060001:r1:PR1_HT1_EC0:8bbc9a1f3321,S025,small,101,1060001,nsga2,p0036,8639fedc8a1c58a1,6.688787063147219,2070.2997547997456,-0.0,0.3678238791026265,0.0,0.047980165553174844,False
S025@corridor@inactive:i101:nsga2:s1060001:r1:PR1_HT1_EC0:8bbc9a1f3321,S025,small,101,1060001,nsga2,p0037,a22e679368923521,6.684117930690247,2159.911800958638,-0.0,0.37249301155959835,0.0,0.0802712472271877,False
S025@corridor@inactive:i101:nsga2:s1060001:r1:PR1_HT1_EC0:8bbc9a1f3321,S025,small,101,1060001,nsga2,p0038,3dadf5e3f47ea6ef,6.792509897502747,1817.0023454634686,-0.0,0.33148303471313806,0.0,0.20200468423753,False
S025@corridor@inactive:i101:nsga2:s1060001:r1:PR1_HT1_EC0:8bbc9a1f3321,S025,small,101,1060001,nsga2,p0039,3a9af4cd4ff90ef9,6.716998024736528,2012.0897775835226,-0.0,0.3566668879637003,0.0,,False
S025@corridor@inactive:i101:nsga2:s1060001:r1:PR1_HT1_EC1:67564d14e5f7,S025,small,101,1060001,nsga2,p0001,cde6c0b29343e286,4.528251717410251,5033.3811674421795,-0.8678714859436998,0.8999999999998567,0.8678714859436998,,True
S025@corridor@inactive:i101:nsga2:s1060001:r1:PR1_HT1_EC1:67564d14e5f7,S025,small,101,1060001,nsga2,p0002,d7d8f4216d54b61f,4.557776101259622,5001.5427316447585,-0.8678714859436649,0.8999999999998304,0.8678714859436649,0.7409974698005798,False
S025@corridor@inactive:i101:nsga2:s1060001:r1:PR1_HT1_EC1:67564d14e5f7,S025,small,101,1060001,nsga2,p0003,468011bdc9e2de6a,4.544170196602644,5024.500643650092,-0.8678714859437232,0.8999999999998745,0.8678714859437232,0.0164207306950398,False
S025@corridor@inactive:i101:nsga2:s1060001:r1:PR1_HT1_EC1:67564d14e5f7,S025,small,101,1060001,nsga2,p0004,a04955248dc4d9f6,4.532757880055506,5027.05519257525,-0.8678714859437232,0.8999999999998745,0.8678714859437232,0.34129124130318417,False
S025@corridor@inactive:i101:nsga2:s1060001:r1:PR1_HT1_EC1:67564d14e5f7,S025,small,101,1060001,nsga2,p0005,40101ead267182f7,5.81048087756818,3894.531295765675,-0.5792682926829268,0.7002603264286574,0.5792682926829268,0.3836447174335811,False
S025@corridor@inactive:i101:nsga2:s1060001:r1:PR1_HT1_EC1:67564d14e5f7,S025,small,101,1060001,nsga2,p0006,c074bb4f3b1fdc02,5.842915287098676,3870.041163068089,-0.5612244897959183,0.6926082434737245,0.5612244897959183,0.2503862685866459,False
S025@corridor@inactive:i101:nsga2:s1060001:r1:PR1_HT1_EC1:67564d14e5f7,S025,small,101,1060001,nsga2,p0007,b4a2b042dad81920,5.785258646099938,3898.9258448788005,-0.5,0.7077592939044729,0.5,0.12241681397495044,False
S025@corridor@inactive:i101:nsga2:s1060001:r1:PR1_HT1_EC1:67564d14e5f7,S025,small,101,1060001,nsga2,p0008,6dfa80e04e5919d7,6.0236621085210755,3572.5271295732837,-0.5,0.6497799476900699,0.5,0.2141778090041759,False
S025@corridor@inactive:i101:nsga2:s1060001:r1:PR1_HT1_EC1:67564d14e5f7,S025,small,101,1060001,nsga2,p0009,067792ec464a0150,5.780334523195965,4068.530598972646,-0.44871794871794873,0.701531714904225,0.44871794871794873,0.8292389749775639,False
S025@corridor@inactive:i101:nsga2:s1060001:r1:PR1_HT1_EC1:67564d14e5f7,S025,small,101,1060001,nsga2,p0010,b16a9496cdb03dea,6.0355583567059385,3549.56921756795,-0.44871794871794873,0.640452659933458,0.44871794871794873,0.07957425994171387,False
S025@corridor@inactive:i101:nsga2:s1060001:r1:PR1_HT1_EC1:67564d14e5f7,S025,small,101,1060001,nsga2,p0011,23d5b91228933f15,5.782722745447652,3872.732679564443,-0.4166666666666667,0.7015672383155297,0.4166666666666667,0.10320875739014222,False
S025@corridor@inactive:i101:nsga2:s1060001:r1:PR1_HT1_EC1:67564d14e5f7,S025,small,101,1060001,nsga2,p0012,be015661f313f078,6.2793633692503255,3349.7322392706646,-0.36585365853658536,0.5647490187466376,0.36585365853658536,0.3737473048430384,False
S025@corridor@inactive:i101:nsga2:s1060001:r1:PR1_HT1_EC1:67564d14e5f7,S025,small,101,1060001,nsga2,p0013,339a15a8a6ef7f92,6.180294175956368,3526.6113055626165,-0.36585365853658536,0.5750883477001997,0.36585365853658536,0.10357897031867616,False
S025@corridor@inactive:i101:nsga2:s1060001:r1:PR1_HT1_EC1:67564d14e5f7,S025,small,101,1060001,nsga2,p0014,76aa89236e78ebea,6.267580109772,3373.5416675843844,-0.3353658536585366,0.5574600258698217,0.3353658536585366,0.05058127185412114,False
S025@corridor@inactive:i101:nsga2:s1060001:r1:PR1_HT1_EC1:67564d14e5f7,S025,small,101,1060001,nsga2,p0015,e9e21ac184db1498,6.099795979309597,3526.611305562616,-0.3333333333333333,0.6192685980243792,0.3333333333333333,0.17071730321740475,False
S025@corridor@inactive:i101:nsga2:s1060001:r1:PR1_HT1_EC1:67564d14e5f7,S025,small,101,1060001,nsga2,p0016,7912670dc5fbb7ed,6.250103320167317,3445.0664555048243,-0.2564102564102564,0.57161209461114,0.2564102564102564,0.11184255833714377,False
S025@corridor@inactive:i101:nsga2:s1060001:r1:PR1_HT1_EC1:67564d14e5f7,S025,small,101,1060001,nsga2,p0017,637d492448999406,6.539311951730267,2434.52973350195,-0.25510204081632654,0.47426973062314276,0.25510204081632654,0.01580227406112967,False
S025@corridor@inactive:i101:nsga2:s1060001:r1:PR1_HT1_EC1:67564d14e5f7,S025,small,101,1060001,nsga2,p0018,84819052b6e41a5b,6.273297024848562,3349.7322392706646,-0.25,0.569371747379718,0.25,0.023362669043265248,False
S025@corridor@inactive:i101:nsga2:s1060001:r1:PR1_HT1_EC1:67564d14e5f7,S025,small,101,1060001,nsga2,p0019,575f7d9b64b6f811,6.543885120444341,2412.423337805002,-0.24390243902439024,0.4731755233475667,0.24390243902439024,0.08487279500294526,False
S025@corridor@inactive:i101:nsga2:s1060001:r1:PR1_HT1_EC1:67564d14e5f7,S025,small,101,1060001,nsga2,p0020,26ac73063e9d7d56,6.534931078179168,2458.8828986283406,-0.19230769230769232,0.48029853327661337,0.19230769230769232,0.26665109365939055,False
S025@corridor@inactive:i101:nsga2:s1060001:r1:PR1_HT1_EC1:67564d14e5f7,S025,small,101,1060001,nsga2,p0021,2c549ce1f8669e9d,6.536449952593118,2458.3391618156697,-0.19230769230769232,0.47960362341394935,0.19230769230769232,0.006083082771234996,False
S025@corridor@inactive:i101:nsga2:s1060001:r1:PR1_HT1_EC1:67564d14e5f7,S025,small,101,1060001,nsga2,p0022,fc9737bacfc850e2,6.255808710876239,3443.5028772257274,-0.19230769230769232,0.5616333759252724,0.19230769230769232,0.03443304003964946,False
S025@corridor@inactive:i101:nsga2:s1060001:r1:PR1_HT1_EC1:67564d14e5f7,S025,small,101,1060001,nsga2,p0023,aaf842450f2bc341,6.585753725383067,2388.9216889869977,-0.18292682926829268,0.44991726634451623,0.18292682926829268,0.04763046613090617,False
S025@corridor@inactive:i101:nsga2:s1060001:r1:PR1_HT1_EC1:67564d14e5f7,S025,small,101,1060001,nsga2,p0024,3a200aac0cabf280,6.536785274177634,2412.423337805002,-0.16666666666666666,0.48027536961427303,0.16666666666666666,0.025046170436557727,False
S025@corridor@inactive:i101:nsga2:s1060001:r1:PR1_HT1_EC1:67564d14e5f7,S025,small,101,1060001,nsga2,p0025,1946b47b0a378817,6.533343815810775,2435.9249866230066,-0.16666666666666666,0.4818857956450069,0.16666666666666666,0.11304431650927982,False
S025@corridor@inactive:i101:nsga2:s1060001:r1:PR1_HT1_EC1:67564d14e5f7,S025,small,101,1060001,nsga2,p0026,aa19ecd037343251,6.249856845779573,3374.629141209726,-0.16666666666666666,0.567588917793766,0.16666666666666666,0.09705899477229743,False
S025@corridor@inactive:i101:nsga2:s1060001:r1:PR1_HT1_EC1:67564d14e5f7,S025,small,101,1060001,nsga2,p0027,043aa8b9d211db22,6.616349861970663,2388.3779521743268,-0.12195121951219512,0.4285380612026741,0.12195121951219512,0.23848039185721226,False
S025@corridor@inactive:i101:nsga2:s1060001:r1:PR1_HT1_EC1:67564d14e5f7,S025,small,101,1060001,nsga2,p0028,947386b43aadff72,6.904635258359354,704.0078882202506,-0.0,0.2431610942248377,0.0,,False
S025@corridor@inactive:i101:nsga2:s1060001:r1:PR1_HT1_EC1:67564d14e5f7,S025,small,101,1060001,nsga2,p0029,8ce9b0c32db37d16,6.604064881554189,2285.8554872748778,-0.0,0.43450928915450565,0.0,0.04778737828436956,False
S025@corridor@inactive:i101:nsga2:s1060001:r1:PR1_HT1_EC1:67564d14e5f7,S025,small,101,1060001,nsga2,p0030,5158fd3aa05e6f2d,6.5701306526149725,2333.7103012192733,-0.0,0.44345102973843753,0.0,0.030651244231162507,False
S025@corridor@inactive:i101:nsga2:s1060001:r1:PR1_HT1_EC1:67564d14e5f7,S025,small,101,1060001,nsga2,p0031,d6a9e3ba52323427,6.574284669348502,2311.0601687096546,-0.0,0.44277597444340533,0.0,0.017627829099258117,False
S025@corridor@inactive:i101:nsga2:s1060001:r1:PR1_HT1_EC1:67564d14e5f7,S025,small,101,1060001,nsga2,p0032,f2aa96908f6d8998,6.874240121581239,1149.6055622140414,-0.0,0.27355623100295323,0.0,0.21303572558844067,False
S025@corridor@inactive:i101:nsga2:s1060001:r1:PR1_HT1_EC1:67564d14e5f7,S025,small,101,1060001,nsga2,p0033,8d5a63dcd227d2d2,6.880831837991047,1055.598966942023,-0.0,0.2669645145931444,0.0,0.11571479338365921,False
S025@corridor@inactive:i101:nsga2:s1060001:r1:PR1_HT1_EC1:67564d14e5f7,S025,small,101,1060001,nsga2,p0034,095f1a4c37cef303,6.770420588128572,1860.5995778659335,-0.0,0.3469806276775043,0.0,0.06338084481580468,False
S025@corridor@inactive:i101:nsga2:s1060001:r1:PR1_HT1_EC1:67564d14e5f7,S025,small,101,1060001,nsga2,p0035,ebfe678f1d3ea05d,6.773899549567069,1841.3555105898593,-0.0,0.3435016662390064,0.0,0.019365449738218757,False
S025@corridor@inactive:i101:nsga2:s1060001:r1:PR1_HT1_EC1:67564d14e5f7,S025,small,101,1060001,nsga2,p0036,8639fedc8a1c58a1,6.688787063147219,2070.2997547997456,-0.0,0.3678238791026265,0.0,0.047980165553174844,False
S025@corridor@inactive:i101:nsga2:s1060001:r1:PR1_HT1_EC1:67564d14e5f7,S025,small,101,1060001,nsga2,p0037,a22e679368923521,6.684117930690247,2159.911800958638,-0.0,0.37249301155959835,0.0,0.0802712472271877,False
S025@corridor@inactive:i101:nsga2:s1060001:r1:PR1_HT1_EC1:67564d14e5f7,S025,small,101,1060001,nsga2,p0038,3dadf5e3f47ea6ef,6.792509897502747,1817.0023454634686,-0.0,0.33148303471313806,0.0,0.20200468423753,False
S025@corridor@inactive:i101:nsga2:s1060001:r1:PR1_HT1_EC1:67564d14e5f7,S025,small,101,1060001,nsga2,p0039,3a9af4cd4ff90ef9,6.716998024736528,2012.0897775835226,-0.0,0.3566668879637003,0.0,,False
S025@corridor@inactive:i102:nsga2:s1070000:r0:PR0_HT1_EC1:b000292d4414,S025,small,102,1070000,nsga2,p0001,ec28acedbe95bb7e,4.721005461811413,3379.002190434665,-0.8755301794452158,0.899999999999826,0.8755301794452158,,True
S025@corridor@inactive:i102:nsga2:s1070000:r0:PR0_HT1_EC1:b000292d4414,S025,small,102,1070000,nsga2,p0002,4c41b061ed00adfe,5.5048838007583205,3021.5112349976353,-0.7329842931937173,0.8010810954580719,0.7329842931937173,0.41339845008150405,False
S025@corridor@inactive:i102:nsga2:s1070000:r0:PR0_HT1_EC1:b000292d4414,S025,small,102,1070000,nsga2,p0003,60a7a71ada2129d6,5.424413063384044,2953.8747974467756,-0.7258064516129032,0.8199682720660653,0.7258064516129032,0.5301482462897515,False
S025@corridor@inactive:i102:nsga2:s1070000:r0:PR0_HT1_EC1:b000292d4414,S025,small,102,1070000,nsga2,p0004,52ef437ad6c398de,5.669043720861626,2924.261575483772,-0.5645161290322581,0.7341349742858824,0.5645161290322581,1.350019934338547,False
S025@corridor@inactive:i102:nsga2:s1070000:r0:PR0_HT1_EC1:b000292d4414,S025,small,102,1070000,nsga2,p0005,5463c3984578e4ce,6.550311645636121,2000.087875344111,-0.4435483870967742,0.5722605546128511,0.4435483870967742,1.3103571818169653,False
S025@corridor@inactive:i102:nsga2:s1070000:r0:PR0_HT1_EC1:b000292d4414,S025,small,102,1070000,nsga2,p0006,72b77703bba2f71c,6.925979801821777,1481.820767861317,-0.28225806451612906,0.44609759222689777,0.28225806451612906,0.6618876721220517,False
S025@corridor@inactive:i102:nsga2:s1070000:r0:PR0_HT1_EC1:b000292d4414,S025,small,102,1070000,nsga2,p0007,3ba76f66ba8fbcc3,6.957419619319288,1476.6765051013667,-0.16129032258064516,0.4212108546769617,0.16129032258064516,0.19609432655639214,False
S025@corridor@inactive:i102:nsga2:s1070000:r0:PR0_HT1_EC1:b000292d4414,S025,small,102,1070000,nsga2,p0008,656e6c66558a6b26,6.970280341067012,1473.287941005166,-0.1282051282051282,0.41340658776644235,0.1282051282051282,0.29301906543405365,False
S025@corridor@inactive:i102:nsga2:s1070000:r0:PR0_HT1_EC1:b000292d4414,S025,small,102,1070000,nsga2,p0009,4bb5cd5086b1a2f1,7.1754849956214795,1008.6780196162929,-0.12096774193548387,0.3208015924087447,0.12096774193548387,0.3452743133784181,False
S025@corridor@inactive:i102:nsga2:s1070000:r0:PR0_HT1_EC1:b000292d4414,S025,small,102,1070000,nsga2,p0010,ad316931e7926ee3,7.187094530406259,1001.9046928767319,-0.042735042735042736,0.3091920576239657,0.042735042735042736,0.3638094348519222,False
S025@corridor@inactive:i102:nsga2:s1070000:r0:PR0_HT1_EC1:b000292d4414,S025,small,102,1070000,nsga2,p0011,36e6ed63c47e90d1,7.299694189603029,497.23063206382767,-0.0,0.19659239842719517,0.0,,False
S025@corridor@inactive:i102:nsga2:s1070000:r0:PR1_HT0_EC1:d467400fa28a,S025,small,102,1070000,nsga2,p0001,bdef86effae56540,3.724113106199151,3913.617939373897,-0.8999999999999353,0.8999999999999354,0.8999999999999353,,True
S025@corridor@inactive:i102:nsga2:s1070000:r0:PR1_HT0_EC1:d467400fa28a,S025,small,102,1070000,nsga2,p0002,c8413f1e470840ad,4.721005461811413,3403.5760776553984,-0.8755301794452158,0.899999999999826,0.8755301794452158,0.8172374307159058,False
S025@corridor@inactive:i102:nsga2:s1070000:r0:PR1_HT0_EC1:d467400fa28a,S025,small,102,1070000,nsga2,p0003,34d29aaa915a4172,5.5048838007583205,3380.2059959183016,-0.7329842931937173,0.8010810954580719,0.7329842931937173,0.3850063683870262,False
S025@corridor@inactive:i102:nsga2:s1070000:r0:PR1_HT0_EC1:d467400fa28a,S025,small,102,1070000,nsga2,p0004,de31bcf868b1b423,5.424413063384044,3252.216009465827,-0.7258064516129032,0.8199682720660653,0.7258064516129032,0.5671654252577003,False
S025@corridor@inactive:i102:nsga2:s1070000:r0:PR1_HT0_EC1:d467400fa28a,S025,small,102,1070000,nsga2,p0005,cd3937c7f3f4894e,6.047788937022915,2677.966174809417,-0.6048387096774194,0.6991151070404014,0.6048387096774194,0.9648125480954493,False
S025@corridor@inactive:i102:nsga2:s1070000:r0:PR1_HT0_EC1:d467400fa28a,S025,small,102,1070000,nsga2,p0006,f321701502bf57b6,6.550311645636121,2026.3730795517795,-0.4435483870967742,0.5722605546128511,0.4435483870967742,0.7011651268795834,False
S025@corridor@inactive:i102:nsga2:s1070000:r0:PR1_HT0_EC1:d467400fa28a,S025,small,102,1070000,nsga2,p0007,08c1f25ad7c0f765,6.642930166438765,2011.5664685702777,-0.29914529914529914,0.5239425730554416,0.29914529914529914,0.36225991384186246,False
S025@corridor@inactive:i102:nsga2:s1070000:r0:PR1_HT0_EC1:d467400fa28a,S025,small,102,1070000,nsga2,p0008,27aeb14074ecab76,6.925979801821777,1759.9511949856433,-0.28225806451612906,0.44609759222689777,0.28225806451612906,0.6327757126136794,False
S025@corridor@inactive:i102:nsga2:s1070000:r0:PR1_HT0_EC1:d467400fa28a,S025,small,102,1070000,nsga2,p0009,1bb4c98c5dd8a41e,7.1754849956214795,1034.9632238239615,-0.12096774193548387,0.3208015924087447,0.12096774193548387,0.5542010921898255,False
S025@corridor@inactive:i102:nsga2:s1070000:r0:PR1_HT0_EC1:d467400fa28a,S025,small,102,1070000,nsga2,p0010,3bac212d6a116dd4,7.187094530406259,1025.30087560241,-0.042735042735042736,0.3091920576239657,0.042735042735042736,0.32654480137012637,False
S025@corridor@inactive:i102:nsga2:s1070000:r0:PR1_HT0_EC1:d467400fa28a,S025,small,102,1070000,nsga2,p0011,e3c6de3f5102cec6,7.299694189603029,497.23063206382767,-0.0,0.19659239842719517,0.0,,False
S025@corridor@inactive:i102:nsga2:s1070000:r0:PR1_HT1_EC0:bac39318c609,S025,small,102,1070000,nsga2,p0001,fc50ce85bcabe4b2,4.215202153176456,4210.121476932916,-0.8755301794452136,0.89999999999989,0.8755301794452136,,False
S025@corridor@inactive:i102:nsga2:s1070000:r0:PR1_HT1_EC0:bac39318c609,S025,small,102,1070000,nsga2,p0002,0d9d3152bdf41867,4.211523217373897,4285.524384253617,-0.8755301794451508,0.8999999999998395,0.8755301794451508,,True
S025@corridor@inactive:i102:nsga2:s1070000:r0:PR1_HT1_EC0:bac39318c609,S025,small,102,1070000,nsga2,p0003,d5e2eb940881c856,4.328848892747315,4071.847026242334,-0.875530179445167,0.8999999999998524,0.875530179445167,0.47243650034192713,False
S025@corridor@inactive:i102:nsga2:s1070000:r0:PR1_HT1_EC0:bac39318c609,S025,small,102,1070000,nsga2,p0004,bb6023e24f046608,4.242581553045056,4080.301270960677,-0.8755301794452139,0.8999999999998901,0.8755301794452139,0.17631283997518932,False
S025@corridor@inactive:i102:nsga2:s1070000:r0:PR1_HT1_EC0:bac39318c609,S025,small,102,1070000,nsga2,p0005,ce45fa4c6daf552d,5.190415718365358,3445.4862932207698,-0.7853403141361257,0.8464918367591251,0.7853403141361257,0.321094563219998,False
S025@corridor@inactive:i102:nsga2:s1070000:r0:PR1_HT1_EC0:bac39318c609,S025,small,102,1070000,nsga2,p0006,49f4df3ec843c65e,5.184052788449702,3368.1875074483582,-0.7661290322580645,0.8471026696190072,0.7661290322580645,0.41765937199126074,False
S025@corridor@inactive:i102:nsga2:s1070000:r0:PR1_HT1_EC0:bac39318c609,S025,small,102,1070000,nsga2,p0007,ec778c6af82bbd24,5.216153165520179,3359.6840550463307,-0.6837606837606838,0.823931449600816,0.6837606837606838,0.16518349249787884,False
S025@corridor@inactive:i102:nsga2:s1070000:r0:PR1_HT1_EC0:bac39318c609,S025,small,102,1070000,nsga2,p0008,81e95628efeb39b4,5.2798583583346925,3325.3417910280573,-0.6451612903225806,0.7989646196160911,0.6451612903225806,0.24416301186145406,False
S025@corridor@inactive:i102:nsga2:s1070000:r0:PR1_HT1_EC0:bac39318c609,S025,small,102,1070000,nsga2,p0009,dd109b2a5901c795,5.264158824522969,3356.2954909501304,-0.6451612903225806,0.8058785496878806,0.6451612903225806,0.03260766044515681,False
S025@corridor@inactive:i102:nsga2:s1070000:r0:PR1_HT1_EC0:bac39318c609,S025,small,102,1070000,nsga2,p0010,cf38b59c081b1f78,5.2761100844332045,3327.600833758858,-0.6410256410256411,0.8030366743824238,0.6410256410256411,0.032544719895307314,False
S025@corridor@inactive:i102:nsga2:s1070000:r0:PR1_HT1_EC0:bac39318c609,S025,small,102,1070000,nsga2,p0011,7d71bc1c6588a0fd,5.8403151566972875,3226.055394651502,-0.6282722513089005,0.7240076133658494,0.6282722513089005,0.10137935851862107,False
S025@corridor@inactive:i102:nsga2:s1070000:r0:PR1_HT1_EC0:bac39318c609,S025,small,102,1070000,nsga2,p0012,9d6a84ced497b179,5.834563059641514,3139.9195874972784,-0.6048387096774194,0.7249154090693141,0.6048387096774194,0.09210411323554034,False
S025@corridor@inactive:i102:nsga2:s1070000:r0:PR1_HT1_EC0:bac39318c609,S025,small,102,1070000,nsga2,p0013,db8de39b36f5d060,5.903889914936996,3139.38988435757,-0.5759162303664922,0.6956676862961194,0.5759162303664922,0.07623126582020193,False
S025@corridor@inactive:i102:nsga2:s1070000:r0:PR1_HT1_EC0:bac39318c609,S025,small,102,1070000,nsga2,p0014,3ce3e37f425d37e8,5.868847354243383,3114.476355525128,-0.5645161290322581,0.7089647720694959,0.5645161290322581,0.0505914275329763,False
S025@corridor@inactive:i102:nsga2:s1070000:r0:PR1_HT1_EC0:bac39318c609,S025,small,102,1070000,nsga2,p0015,07e8e00b0f8a42f5,5.950388281666236,3100.060727975451,-0.5555555555555556,0.6944840831289029,0.5555555555555556,0.184016646157839,False
S025@corridor@inactive:i102:nsga2:s1070000:r0:PR1_HT1_EC0:bac39318c609,S025,small,102,1070000,nsga2,p0016,929113d9f1cf656f,5.811200794745219,3125.6303578702054,-0.5128205128205128,0.7198497710308039,0.5128205128205128,0.2825420464614958,False
S025@corridor@inactive:i102:nsga2:s1070000:r0:PR1_HT1_EC0:bac39318c609,S025,small,102,1070000,nsga2,p0017,26abb00d9d86cffa,6.16129706530286,2885.304944717846,-0.4712041884816754,0.6379406927136497,0.4712041884816754,0.07760883597610578,False
S025@corridor@inactive:i102:nsga2:s1070000:r0:PR1_HT1_EC0:bac39318c609,S025,small,102,1070000,nsga2,p0018,a6dc1a5b70f24482,6.247220754374321,2860.961588677967,-0.4712041884816754,0.6157198381894539,0.4712041884816754,0.09056260730012088,False
S025@corridor@inactive:i102:nsga2:s1070000:r0:PR1_HT1_EC0:bac39318c609,S025,small,102,1070000,nsga2,p0019,5a42808a4be2a188,6.240105590717552,2863.220631408768,-0.4712041884816754,0.6164956697439601,0.4712041884816754,0.011829662247418275,False
S025@corridor@inactive:i102:nsga2:s1070000:r0:PR1_HT1_EC0:bac39318c609,S025,small,102,1070000,nsga2,p0020,66ec51c679f0a811,6.216235048083722,2870.2402687705535,-0.4712041884816754,0.6221209895106964,0.4712041884816754,0.07155576828955146,False
S025@corridor@inactive:i102:nsga2:s1070000:r0:PR1_HT1_EC0:bac39318c609,S025,small,102,1070000,nsga2,p0021,1f60b4eb9d1159e0,6.188108260170005,2849.3354078395855,-0.42735042735042733,0.6298820775726542,0.42735042735042733,0.1947507357485792,False
S025@corridor@inactive:i102:nsga2:s1070000:r0:PR1_HT1_EC0:bac39318c609,S025,small,102,1070000,nsga2,p0022,c660e1f0049d7304,6.136650285928104,2926.576544613943,-0.42735042735042733,0.6482631898556552,0.42735042735042733,0.13981692964208164,False
S025@corridor@inactive:i102:nsga2:s1070000:r0:PR1_HT1_EC0:bac39318c609,S025,small,102,1070000,nsga2,p0023,ee9317cfd79dfd74,6.537558421884067,2352.964114138894,-0.4143646408839779,0.5587160940919347,0.4143646408839779,0.18965037323591818,False
S025@corridor@inactive:i102:nsga2:s1070000:r0:PR1_HT1_EC0:bac39318c609,S025,small,102,1070000,nsga2,p0024,b6f996c24147d4c9,6.183605873666641,2867.7653213926164,-0.4032258064516129,0.6302070243989251,0.4032258064516129,0.03531355846907051,False
S025@corridor@inactive:i102:nsga2:s1070000:r0:PR1_HT1_EC0:bac39318c609,S025,small,102,1070000,nsga2,p0025,b9bd6c1a72193a4f,6.556417512573782,2291.0567142947484,-0.39267015706806285,0.5484557093352105,0.39267015706806285,0.1239534480102907,False
S025@corridor@inactive:i102:nsga2:s1070000:r0:PR1_HT1_EC0:bac39318c609,S025,small,102,1070000,nsga2,p0026,21581d8c61163e9a,6.509870318094218,2273.5170909695184,-0.3629032258064516,0.5620054940501473,0.3629032258064516,0.4510389298857836,False
S025@corridor@inactive:i102:nsga2:s1070000:r0:PR1_HT1_EC0:bac39318c609,S025,small,102,1070000,nsga2,p0027,dc7efe3606389d3c,6.774338475453999,1925.1205225275542,-0.31413612565445026,0.4848295755395665,0.31413612565445026,0.15643402898919828,False
S025@corridor@inactive:i102:nsga2:s1070000:r0:PR1_HT1_EC0:bac39318c609,S025,small,102,1070000,nsga2,p0028,ebc22ec78c55a67e,6.822819118066349,1887.4190688672031,-0.31413612565445026,0.47003150820043804,0.31413612565445026,0.07297589761492299,False
S025@corridor@inactive:i102:nsga2:s1070000:r0:PR1_HT1_EC0:bac39318c609,S025,small,102,1070000,nsga2,p0029,c0c1fc241f77c507,6.508459341670265,2292.367817799694,-0.29914529914529914,0.5570135762111696,0.29914529914529914,0.1378019854737409,False
S025@corridor@inactive:i102:nsga2:s1070000:r0:PR1_HT1_EC0:bac39318c609,S025,small,102,1070000,nsga2,p0030,57d175baffb1590e,6.770896936374542,1905.7958260844514,-0.28225806451612906,0.4866417255030375,0.28225806451612906,0.05611966464655597,False
S025@corridor@inactive:i102:nsga2:s1070000:r0:PR1_HT1_EC0:bac39318c609,S025,small,102,1070000,nsga2,p0031,2721de4a6854565a,6.941346367879781,1850.8846612186808,-0.2617801047120419,0.4242634676560457,0.2617801047120419,0.03353919415509183,False
S025@corridor@inactive:i102:nsga2:s1070000:r0:PR1_HT1_EC0:bac39318c609,S025,small,102,1070000,nsga2,p0032,538220dc36aff393,6.784855669744627,1876.6271992802517,-0.2617801047120419,0.47229083868568394,0.2617801047120419,0.02213022482860293,False
S025@corridor@inactive:i102:nsga2:s1070000:r0:PR1_HT1_EC0:bac39318c609,S025,small,102,1070000,nsga2,p0033,633994e84433dd53,6.934484912008222,1850.8846612186805,-0.2564102564102564,0.4285592804812514,0.2564102564102564,0.06348638183578922,False
S025@corridor@inactive:i102:nsga2:s1070000:r0:PR1_HT1_EC0:bac39318c609,S025,small,102,1070000,nsga2,p0034,0e01ee2cbe6870e6,6.762755129787318,1877.756720645652,-0.24193548387096775,0.486078046437685,0.24193548387096775,0.1211111521874453,False
S025@corridor@inactive:i102:nsga2:s1070000:r0:PR1_HT1_EC0:bac39318c609,S025,small,102,1070000,nsga2,p0035,89a39ddc0427e7fa,6.773533906523888,1876.6271992802517,-0.21367521367521367,0.47961449226506037,0.21367521367521367,0.04504309809870225,False
S025@corridor@inactive:i102:nsga2:s1070000:r0:PR1_HT1_EC0:bac39318c609,S025,small,102,1070000,nsga2,p0036,539c8197b9fe0771,6.9480269103416665,1839.9842324493438,-0.2094240837696335,0.4137772213421223,0.2094240837696335,0.01273810647418172,False
S025@corridor@inactive:i102:nsga2:s1070000:r0:PR1_HT1_EC0:bac39318c609,S025,small,102,1070000,nsga2,p0037,44dc953eab97cdf2,6.957484841620203,1827.287158415237,-0.2094240837696335,0.4099209440480723,0.2094240837696335,0.058333069476581026,False
S025@corridor@inactive:i102:nsga2:s1070000:r0:PR1_HT1_EC0:bac39318c609,S025,small,102,1070000,nsga2,p0038,f15db4dec8a964a3,6.944844794472122,1841.6431262742742,-0.17094017094017094,0.4166813925482849,0.17094017094017094,0.0549284033061374,False
S025@corridor@inactive:i102:nsga2:s1070000:r0:PR1_HT1_EC0:bac39318c609,S025,small,102,1070000,nsga2,p0039,f6ac60db45fe92fd,7.064883632643514,1586.5020499272482,-0.16574585635359115,0.37090723038955586,0.16574585635359115,0.08600484025617888,False
S025@corridor@inactive:i102:nsga2:s1070000:r0:PR1_HT1_EC0:bac39318c609,S025,small,102,1070000,nsga2,p0040,0a50e80eda4f8784,7.060177773835461,1564.5634409487348,-0.16129032258064516,0.3756130891976084,0.16129032258064516,0.015308227046193952,False
S025@corridor@inactive:i102:nsga2:s1070000:r0:PR1_HT1_EC0:bac39318c609,S025,small,102,1070000,nsga2,p0041,06a7db589f8f9d2a,6.967558687670083,1809.4756514664994,-0.15706806282722513,0.3980511478657443,0.15706806282722513,0.13342990754993134,False
S025@corridor@inactive:i102:nsga2:s1070000:r0:PR1_HT1_EC0:bac39318c609,S025,small,102,1070000,nsga2,p0042,674d9d2a9383d5a4,7.056556000361754,1569.6778738633654,-0.1282051282051282,0.3748198185957004,0.1282051282051282,0.09558194111565468,False
S025@corridor@inactive:i102:nsga2:s1070000:r0:PR1_HT1_EC0:bac39318c609,S025,small,102,1070000,nsga2,p0043,94f10a966cac0dd3,7.096258227839591,1559.4490080341043,-0.10471204188481675,0.3485016956764069,0.10471204188481675,0.37253992110178324,False
S025@corridor@inactive:i102:nsga2:s1070000:r0:PR1_HT1_EC0:bac39318c609,S025,small,102,1070000,nsga2,p0044,3bc12b283bc695b5,7.299694189603029,497.23063206382767,-0.0,0.19659239842719517,0.0,,False
S025@corridor@inactive:i102:nsga2:s1070000:r0:PR1_HT1_EC0:bac39318c609,S025,small,102,1070000,nsga2,p0045,ffe70fe6e6cc549d,7.234783420530259,916.415996318924,-0.0,0.261503167499965,0.0,0.22746147992584528,False
S025@corridor@inactive:i102:nsga2:s1070000:r0:PR1_HT1_EC0:bac39318c609,S025,small,102,1070000,nsga2,p0046,ff1ce977931c92f2,7.239198464605875,859.8638158283977,-0.0,0.2570881234243492,0.0,0.006458211718203247,False
S025@corridor@inactive:i102:nsga2:s1070000:r0:PR1_HT1_EC0:bac39318c609,S025,small,102,1070000,nsga2,p0047,70c2bc86b1bea398,7.23536069021565,868.3966426845489,-0.0,0.2609258978145744,0.0,0.016357801912451002,False
S025@corridor@inactive:i102:nsga2:s1070000:r0:PR1_HT1_EC0:bac39318c609,S025,small,102,1070000,nsga2,p0048,a6cfe6dc4300923a,7.273481869812727,744.1091496740238,-0.0,0.22280471821749662,0.0,0.23949546601232896,False
S025@corridor@inactive:i102:nsga2:s1070000:r0:PR1_HT1_EC0:bac39318c609,S025,small,102,1070000,nsga2,p0049,4dd48daf2b99b470,7.241614445141227,851.6025974786835,-0.0,0.25467214288899637,0.0,0.009762939351138193,False
S025@corridor@inactive:i102:nsga2:s1070000:r0:PR1_HT1_EC0:bac39318c609,S025,small,102,1070000,nsga2,p0050,fa578f940c6f8fee,7.248167525088803,833.8813920139082,-0.0,0.24811906294142103,0.0,,False
S025@corridor@inactive:i102:nsga2:s1070000:r0:PR1_HT1_EC1:5ea31455e620,S025,small,102,1070000,nsga2,p0001,fc50ce85bcabe4b2,4.215202153176456,4210.121476932916,-0.8755301794452136,0.89999999999989,0.8755301794452136,,False
S025@corridor@inactive:i102:nsga2:s1070000:r0:PR1_HT1_EC1:5ea31455e620,S025,small,102,1070000,nsga2,p0002,0d9d3152bdf41867,4.211523217373897,4285.524384253617,-0.8755301794451508,0.8999999999998395,0.8755301794451508,,True
S025@corridor@inactive:i102:nsga2:s1070000:r0:PR1_HT1_EC1:5ea31455e620,S025,small,102,1070000,nsga2,p0003,d5e2eb940881c856,4.328848892747315,4071.847026242334,-0.875530179445167,0.8999999999998524,0.875530179445167,0.47243650034192713,False
S025@corridor@inactive:i102:nsga2:s1070000:r0:PR1_HT1_EC1:5ea31455e620,S025,small,102,1070000,nsga2,p0004,bb6023e24f046608,4.242581553045056,4080.301270960677,-0.8755301794452139,0.8999999999998901,0.8755301794452139,0.17631283997518932,False
S025@corridor@inactive:i102:nsga2:s1070000:r0:PR1_HT1_EC1:5ea31455e620,S025,small,102,1070000,nsga2,p0005,ce45fa4c6daf552d,5.190415718365358,3445.4862932207698,-0.7853403141361257,0.8464918367591251,0.7853403141361257,0.321094563219998,False
S025@corridor@inactive:i102:nsga2:s1070000:r0:PR1_HT1_EC1:5ea31455e620,S025,small,102,1070000,nsga2,p0006,49f4df3ec843c65e,5.184052788449702,3368.1875074483582,-0.7661290322580645,0.8471026696190072,0.7661290322580645,0.41765937199126074,False
S025@corridor@inactive:i102:nsga2:s1070000:r0:PR1_HT1_EC1:5ea31455e620,S025,small,102,1070000,nsga2,p0007,ec778c6af82bbd24,5.216153165520179,3359.6840550463307,-0.6837606837606838,0.823931449600816,0.6837606837606838,0.16518349249787884,False
S025@corridor@inactive:i102:nsga2:s1070000:r0:PR1_HT1_EC1:5ea31455e620,S025,small,102,1070000,nsga2,p0008,81e95628efeb39b4,5.2798583583346925,3325.3417910280573,-0.6451612903225806,0.7989646196160911,0.6451612903225806,0.24416301186145406,False
S025@corridor@inactive:i102:nsga2:s1070000:r0:PR1_HT1_EC1:5ea31455e620,S025,small,102,1070000,nsga2,p0009,dd109b2a5901c795,5.264158824522969,3356.2954909501304,-0.6451612903225806,0.8058785496878806,0.6451612903225806,0.03260766044515681,False
S025@corridor@inactive:i102:nsga2:s1070000:r0:PR1_HT1_EC1:5ea31455e620,S025,small,102,1070000,nsga2,p0010,cf38b59c081b1f78,5.2761100844332045,3327.600833758858,-0.6410256410256411,0.8030366743824238,0.6410256410256411,0.032544719895307314,False
S025@corridor@inactive:i102:nsga2:s1070000:r0:PR1_HT1_EC1:5ea31455e620,S025,small,102,1070000,nsga2,p0011,7d71bc1c6588a0fd,5.8403151566972875,3226.055394651502,-0.6282722513089005,0.7240076133658494,0.6282722513089005,0.10137935851862107,False
S025@corridor@inactive:i102:nsga2:s1070000:r0:PR1_HT1_EC1:5ea31455e620,S025,small,102,1070000,nsga2,p0012,9d6a84ced497b179,5.834563059641514,3139.9195874972784,-0.6048387096774194,0.7249154090693141,0.6048387096774194,0.09210411323554034,False
S025@corridor@inactive:i102:nsga2:s1070000:r0:PR1_HT1_EC1:5ea31455e620,S025,small,102,1070000,nsga2,p0013,db8de39b36f5d060,5.903889914936996,3139.38988435757,-0.5759162303664922,0.6956676862961194,0.5759162303664922,0.07623126582020193,False
S025@corridor@inactive:i102:nsga2:s1070000:r0:PR1_HT1_EC1:5ea31455e620,S025,small,102,1070000,nsga2,p0014,3ce3e37f425d37e8,5.868847354243383,3114.476355525128,-0.5645161290322581,0.7089647720694959,0.5645161290322581,0.0505914275329763,False
S025@corridor@inactive:i102:nsga2:s1070000:r0:PR1_HT1_EC1:5ea31455e620,S025,small,102,1070000,nsga2,p0015,07e8e00b0f8a42f5,5.950388281666236,3100.060727975451,-0.5555555555555556,0.6944840831289029,0.5555555555555556,0.184016646157839,False
S025@corridor@inactive:i102:nsga2:s1070000:r0:PR1_HT1_EC1:5ea31455e620,S025,small,102,1070000,nsga2,p0016,929113d9f1cf656f,5.811200794745219,3125.6303578702054,-0.5128205128205128,0.7198497710308039,0.5128205128205128,0.2825420464614958,False
S025@corridor@inactive:i102:nsga2:s1070000:r0:PR1_HT1_EC1:5ea31455e620,S025,small,102,1070000,nsga2,p0017,26abb00d9d86cffa,6.16129706530286,2885.304944717846,-0.4712041884816754,0.6379406927136497,0.4712041884816754,0.07760883597610578,False
S025@corridor@inactive:i102:nsga2:s1070000:r0:PR1_HT1_EC1:5ea31455e620,S025,small,102,1070000,nsga2,p0018,a6dc1a5b70f24482,6.247220754374321,2860.961588677967,-0.4712041884816754,0.6157198381894539,0.4712041884816754,0.09056260730012088,False
S025@corridor@inactive:i102:nsga2:s1070000:r0:PR1_HT1_EC1:5ea31455e620,S025,small,102,1070000,nsga2,p0019,5a42808a4be2a188,6.240105590717552,2863.220631408768,-0.4712041884816754,0.6164956697439601,0.4712041884816754,0.011829662247418275,False
S025@corridor@inactive:i102:nsga2:s1070000:r0:PR1_HT1_EC1:5ea31455e620,S025,small,102,1070000,nsga2,p0020,66ec51c679f0a811,6.216235048083722,2870.2402687705535,-0.4712041884816754,0.6221209895106964,0.4712041884816754,0.07155576828955146,False
S025@corridor@inactive:i102:nsga2:s1070000:r0:PR1_HT1_EC1:5ea31455e620,S025,small,102,1070000,nsga2,p0021,1f60b4eb9d1159e0,6.188108260170005,2849.3354078395855,-0.42735042735042733,0.6298820775726542,0.42735042735042733,0.1947507357485792,False
S025@corridor@inactive:i102:nsga2:s1070000:r0:PR1_HT1_EC1:5ea31455e620,S025,small,102,1070000,nsga2,p0022,c660e1f0049d7304,6.136650285928104,2926.576544613943,-0.42735042735042733,0.6482631898556552,0.42735042735042733,0.13981692964208164,False
S025@corridor@inactive:i102:nsga2:s1070000:r0:PR1_HT1_EC1:5ea31455e620,S025,small,102,1070000,nsga2,p0023,ee9317cfd79dfd74,6.537558421884067,2352.964114138894,-0.4143646408839779,0.5587160940919347,0.4143646408839779,0.18965037323591818,False
S025@corridor@inactive:i102:nsga2:s1070000:r0:PR1_HT1_EC1:5ea31455e620,S025,small,102,1070000,nsga2,p0024,b6f996c24147d4c9,6.183605873666641,2867.7653213926164,-0.4032258064516129,0.6302070243989251,0.4032258064516129,0.03531355846907051,False
S025@corridor@inactive:i102:nsga2:s1070000:r0:PR1_HT1_EC1:5ea31455e620,S025,small,102,1070000,nsga2,p0025,b9bd6c1a72193a4f,6.556417512573782,2291.0567142947484,-0.39267015706806285,0.5484557093352105,0.39267015706806285,0.1239534480102907,False
S025@corridor@inactive:i102:nsga2:s1070000:r0:PR1_HT1_EC1:5ea31455e620,S025,small,102,1070000,nsga2,p0026,21581d8c61163e9a,6.509870318094218,2273.5170909695184,-0.3629032258064516,0.5620054940501473,0.3629032258064516,0.4510389298857836,False
S025@corridor@inactive:i102:nsga2:s1070000:r0:PR1_HT1_EC1:5ea31455e620,S025,small,102,1070000,nsga2,p0027,dc7efe3606389d3c,6.774338475453999,1925.1205225275542,-0.31413612565445026,0.4848295755395665,0.31413612565445026,0.15643402898919828,False
S025@corridor@inactive:i102:nsga2:s1070000:r0:PR1_HT1_EC1:5ea31455e620,S025,small,102,1070000,nsga2,p0028,ebc22ec78c55a67e,6.822819118066349,1887.4190688672031,-0.31413612565445026,0.47003150820043804,0.31413612565445026,0.07297589761492299,False
S025@corridor@inactive:i102:nsga2:s1070000:r0:PR1_HT1_EC1:5ea31455e620,S025,small,102,1070000,nsga2,p0029,c0c1fc241f77c507,6.508459341670265,2292.367817799694,-0.29914529914529914,0.5570135762111696,0.29914529914529914,0.1378019854737409,False
S025@corridor@inactive:i102:nsga2:s1070000:r0:PR1_HT1_EC1:5ea31455e620,S025,small,102,1070000,nsga2,p0030,57d175baffb1590e,6.770896936374542,1905.7958260844514,-0.28225806451612906,0.4866417255030375,0.28225806451612906,0.05611966464655597,False
S025@corridor@inactive:i102:nsga2:s1070000:r0:PR1_HT1_EC1:5ea31455e620,S025,small,102,1070000,nsga2,p0031,2721de4a6854565a,6.941346367879781,1850.8846612186808,-0.2617801047120419,0.4242634676560457,0.2617801047120419,0.03353919415509183,False
S025@corridor@inactive:i102:nsga2:s1070000:r0:PR1_HT1_EC1:5ea31455e620,S025,small,102,1070000,nsga2,p0032,538220dc36aff393,6.784855669744627,1876.6271992802517,-0.2617801047120419,0.47229083868568394,0.2617801047120419,0.02213022482860293,False
S025@corridor@inactive:i102:nsga2:s1070000:r0:PR1_HT1_EC1:5ea31455e620,S025,small,102,1070000,nsga2,p0033,633994e84433dd53,6.934484912008222,1850.8846612186805,-0.2564102564102564,0.4285592804812514,0.2564102564102564,0.06348638183578922,False
S025@corridor@inactive:i102:nsga2:s1070000:r0:PR1_HT1_EC1:5ea31455e620,S025,small,102,1070000,nsga2,p0034,0e01ee2cbe6870e6,6.762755129787318,1877.756720645652,-0.24193548387096775,0.486078046437685,0.24193548387096775,0.1211111521874453,False
S025@corridor@inactive:i102:nsga2:s1070000:r0:PR1_HT1_EC1:5ea31455e620,S025,small,102,1070000,nsga2,p0035,89a39ddc0427e7fa,6.773533906523888,1876.6271992802517,-0.21367521367521367,0.47961449226506037,0.21367521367521367,0.04504309809870225,False
S025@corridor@inactive:i102:nsga2:s1070000:r0:PR1_HT1_EC1:5ea31455e620,S025,small,102,1070000,nsga2,p0036,539c8197b9fe0771,6.9480269103416665,1839.9842324493438,-0.2094240837696335,0.4137772213421223,0.2094240837696335,0.01273810647418172,False
S025@corridor@inactive:i102:nsga2:s1070000:r0:PR1_HT1_EC1:5ea31455e620,S025,small,102,1070000,nsga2,p0037,44dc953eab97cdf2,6.957484841620203,1827.287158415237,-0.2094240837696335,0.4099209440480723,0.2094240837696335,0.058333069476581026,False
S025@corridor@inactive:i102:nsga2:s1070000:r0:PR1_HT1_EC1:5ea31455e620,S025,small,102,1070000,nsga2,p0038,f15db4dec8a964a3,6.944844794472122,1841.6431262742742,-0.17094017094017094,0.4166813925482849,0.17094017094017094,0.0549284033061374,False
S025@corridor@inactive:i102:nsga2:s1070000:r0:PR1_HT1_EC1:5ea31455e620,S025,small,102,1070000,nsga2,p0039,f6ac60db45fe92fd,7.064883632643514,1586.5020499272482,-0.16574585635359115,0.37090723038955586,0.16574585635359115,0.08600484025617888,False
S025@corridor@inactive:i102:nsga2:s1070000:r0:PR1_HT1_EC1:5ea31455e620,S025,small,102,1070000,nsga2,p0040,0a50e80eda4f8784,7.060177773835461,1564.5634409487348,-0.16129032258064516,0.3756130891976084,0.16129032258064516,0.015308227046193952,False
S025@corridor@inactive:i102:nsga2:s1070000:r0:PR1_HT1_EC1:5ea31455e620,S025,small,102,1070000,nsga2,p0041,06a7db589f8f9d2a,6.967558687670083,1809.4756514664994,-0.15706806282722513,0.3980511478657443,0.15706806282722513,0.13342990754993134,False
S025@corridor@inactive:i102:nsga2:s1070000:r0:PR1_HT1_EC1:5ea31455e620,S025,small,102,1070000,nsga2,p0042,674d9d2a9383d5a4,7.056556000361754,1569.6778738633654,-0.1282051282051282,0.3748198185957004,0.1282051282051282,0.09558194111565468,False
S025@corridor@inactive:i102:nsga2:s1070000:r0:PR1_HT1_EC1:5ea31455e620,S025,small,102,1070000,nsga2,p0043,94f10a966cac0dd3,7.096258227839591,1559.4490080341043,-0.10471204188481675,0.3485016956764069,0.10471204188481675,0.37253992110178324,False
S025@corridor@inactive:i102:nsga2:s1070000:r0:PR1_HT1_EC1:5ea31455e620,S025,small,102,1070000,nsga2,p0044,3bc12b283bc695b5,7.299694189603029,497.23063206382767,-0.0,0.19659239842719517,0.0,,False
S025@corridor@inactive:i102:nsga2:s1070000:r0:PR1_HT1_EC1:5ea31455e620,S025,small,102,1070000,nsga2,p0045,ffe70fe6e6cc549d,7.234783420530259,916.415996318924,-0.0,0.261503167499965,0.0,0.22746147992584528,False
S025@corridor@inactive:i102:nsga2:s1070000:r0:PR1_HT1_EC1:5ea31455e620,S025,small,102,1070000,nsga2,p0046,ff1ce977931c92f2,7.239198464605875,859.8638158283977,-0.0,0.2570881234243492,0.0,0.006458211718203247,False
S025@corridor@inactive:i102:nsga2:s1070000:r0:PR1_HT1_EC1:5ea31455e620,S025,small,102,1070000,nsga2,p0047,70c2bc86b1bea398,7.23536069021565,868.3966426845489,-0.0,0.2609258978145744,0.0,0.016357801912451002,False
S025@corridor@inactive:i102:nsga2:s1070000:r0:PR1_HT1_EC1:5ea31455e620,S025,small,102,1070000,nsga2,p0048,a6cfe6dc4300923a,7.273481869812727,744.1091496740238,-0.0,0.22280471821749662,0.0,0.23949546601232896,False
S025@corridor@inactive:i102:nsga2:s1070000:r0:PR1_HT1_EC1:5ea31455e620,S025,small,102,1070000,nsga2,p0049,4dd48daf2b99b470,7.241614445141227,851.6025974786835,-0.0,0.25467214288899637,0.0,0.009762939351138193,False
S025@corridor@inactive:i102:nsga2:s1070000:r0:PR1_HT1_EC1:5ea31455e620,S025,small,102,1070000,nsga2,p0050,fa578f940c6f8fee,7.248167525088803,833.8813920139082,-0.0,0.24811906294142103,0.0,,False
S025@corridor@inactive:i102:nsga2:s1070001:r1:PR0_HT1_EC1:058a193aaa0a,S025,small,102,1070001,nsga2,p0001,1ef01e5e00d2b089,4.721005461811413,3379.002190434665,-0.8755301794452158,0.899999999999826,0.8755301794452158,,True
S025@corridor@inactive:i102:nsga2:s1070001:r1:PR0_HT1_EC1:058a193aaa0a,S025,small,102,1070001,nsga2,p0002,09eac199b7185d66,5.5048838007583205,3021.5112349976353,-0.7329842931937173,0.8010810954580719,0.7329842931937173,0.7551488597945832,False
S025@corridor@inactive:i102:nsga2:s1070001:r1:PR0_HT1_EC1:058a193aaa0a,S025,small,102,1070001,nsga2,p0003,8390b33d0a2a1f93,5.424413063384044,2953.8747974467756,-0.7258064516129032,0.8199682720660653,0.7258064516129032,0.9890097526859641,False
S025@corridor@inactive:i102:nsga2:s1070001:r1:PR0_HT1_EC1:058a193aaa0a,S025,small,102,1070001,nsga2,p0004,2953efa5b4f8e71c,6.550311645636121,2000.087875344111,-0.4435483870967742,0.5722605546128511,0.4435483870967742,1.568513632030832,False
S025@corridor@inactive:i102:nsga2:s1070001:r1:PR0_HT1_EC1:058a193aaa0a,S025,small,102,1070001,nsga2,p0005,544822acb9ce7910,6.925979801821777,1481.820767861317,-0.28225806451612906,0.44609759222689777,0.28225806451612906,0.9549067375561052,False
S025@corridor@inactive:i102:nsga2:s1070001:r1:PR0_HT1_EC1:058a193aaa0a,S025,small,102,1070001,nsga2,p0006,5cd5968a047c502c,7.1754849956214795,1008.6780196162929,-0.12096774193548387,0.3208015924087447,0.12096774193548387,0.5009576137226459,False
S025@corridor@inactive:i102:nsga2:s1070001:r1:PR0_HT1_EC1:058a193aaa0a,S025,small,102,1070001,nsga2,p0007,98601bec686c3295,7.189809835963609,1003.5635867016622,-0.07853403141361257,0.3064767520666155,0.07853403141361257,0.3993100712725177,False
S025@corridor@inactive:i102:nsga2:s1070001:r1:PR0_HT1_EC1:058a193aaa0a,S025,small,102,1070001,nsga2,p0008,267252e7b4d857b2,7.299694189603029,497.23063206382767,-0.0,0.19659239842719517,0.0,,False
S025@corridor@inactive:i102:nsga2:s1070001:r1:PR1_HT0_EC1:2dd37455a867,S025,small,102,1070001,nsga2,p0001,a1ec65e0f543a200,3.724113106199151,3913.617939373897,-0.8999999999999353,0.8999999999999354,0.8999999999999353,,True
S025@corridor@inactive:i102:nsga2:s1070001:r1:PR1_HT0_EC1:2dd37455a867,S025,small,102,1070001,nsga2,p0002,1650e605ab8ae098,4.721005461811413,3403.5760776553984,-0.8755301794452158,0.899999999999826,0.8755301794452158,0.8626763556558438,False
S025@corridor@inactive:i102:nsga2:s1070001:r1:PR1_HT0_EC1:2dd37455a867,S025,small,102,1070001,nsga2,p0003,35125a5ab49fe4d0,5.424413063384044,3252.216009465827,-0.7258064516129032,0.8199682720660653,0.7258064516129032,0.8842272288662423,False
S025@corridor@inactive:i102:nsga2:s1070001:r1:PR1_HT0_EC1:2dd37455a867,S025,small,102,1070001,nsga2,p0004,25abae9b12132fe6,6.047788937022915,2677.966174809417,-0.6048387096774194,0.6991151070404014,0.6048387096774194,1.9908031306979337,False
S025@corridor@inactive:i102:nsga2:s1070001:r1:PR1_HT0_EC1:2dd37455a867,S025,small,102,1070001,nsga2,p0005,a83c4eef84222023,6.550311645636121,2026.3730795517795,-0.4435483870967742,0.5722605546128511,0.4435483870967742,0.8727400982950908,False
S025@corridor@inactive:i102:nsga2:s1070001:r1:PR1_HT0_EC1:2dd37455a867,S025,small,102,1070001,nsga2,p0006,758cbfc90d19d96b,6.925979801821777,1759.9511949856433,-0.28225806451612906,0.44609759222689777,0.28225806451612906,0.8234606550400344,False
S025@corridor@inactive:i102:nsga2:s1070001:r1:PR1_HT0_EC1:2dd37455a867,S025,small,102,1070001,nsga2,p0007,3d0dcc54e29bff1e,7.1754849956214795,1034.9632238239615,-0.12096774193548387,0.3208015924087447,0.12096774193548387,0.7877455425682983,False
S025@corridor@inactive:i102:nsga2:s1070001:r1:PR1_HT0_EC1:2dd37455a867,S025,small,102,1070001,nsga2,p0008,cdf9042960ed6bdb,7.299694189603029,497.23063206382767,-0.0,0.19659239842719517,0.0,,False
S025@corridor@inactive:i102:nsga2:s1070001:r1:PR1_HT1_EC0:a0d4a79acbb1,S025,small,102,1070001,nsga2,p0001,3e9039048ffa5f58,4.241883126193066,4175.098120591132,-0.8755301794452233,0.8999999999998975,0.8755301794452233,,False
S025@corridor@inactive:i102:nsga2:s1070001:r1:PR1_HT1_EC0:a0d4a79acbb1,S025,small,102,1070001,nsga2,p0002,aa165ac468b6c4a0,4.282981135461567,4064.0234156053266,-0.8755301794452158,0.8999999999998918,0.8755301794452158,,False
S025@corridor@inactive:i102:nsga2:s1070001:r1:PR1_HT1_EC0:a0d4a79acbb1,S025,small,102,1070001,nsga2,p0003,51014ec09f7ad08b,4.281711643099891,4123.217991937008,-0.8755301794452136,0.89999999999989,0.8755301794452136,0.04262871428368016,False
S025@corridor@inactive:i102:nsga2:s1070001:r1:PR1_HT1_EC0:a0d4a79acbb1,S025,small,102,1070001,nsga2,p0004,bd0f9cccf9ba143f,4.211523217373897,4285.524384253617,-0.8755301794451508,0.8999999999998395,0.8755301794451508,,True
S025@corridor@inactive:i102:nsga2:s1070001:r1:PR1_HT1_EC0:a0d4a79acbb1,S025,small,102,1070001,nsga2,p0005,ee73208bdaf3a193,5.190415718365358,3443.3471469871,-0.7853403141361257,0.8464918367591251,0.7853403141361257,0.31902935642449287,False
S025@corridor@inactive:i102:nsga2:s1070001:r1:PR1_HT1_EC0:a0d4a79acbb1,S025,small,102,1070001,nsga2,p0006,56c7ea36c95be9dc,5.184052788449702,3368.1875074483582,-0.7661290322580645,0.8471026696190072,0.7661290322580645,0.43251209564081955,False
S025@corridor@inactive:i102:nsga2:s1070001:r1:PR1_HT1_EC0:a0d4a79acbb1,S025,small,102,1070001,nsga2,p0007,a680b37c687f8524,5.216153165520179,3357.544908812661,-0.6837606837606838,0.823931449600816,0.6837606837606838,0.16518349249787884,False
S025@corridor@inactive:i102:nsga2:s1070001:r1:PR1_HT1_EC0:a0d4a79acbb1,S025,small,102,1070001,nsga2,p0008,cdf56d71b340984c,5.264158824522969,3356.2954909501304,-0.6451612903225806,0.8058785496878806,0.6451612903225806,0.07140626819104093,False
S025@corridor@inactive:i102:nsga2:s1070001:r1:PR1_HT1_EC0:a0d4a79acbb1,S025,small,102,1070001,nsga2,p0009,68dbc11fcaaadb53,5.2798583583346925,3325.3417910280573,-0.6451612903225806,0.7989646196160911,0.6451612903225806,0.21236481452688472,False
S025@corridor@inactive:i102:nsga2:s1070001:r1:PR1_HT1_EC0:a0d4a79acbb1,S025,small,102,1070001,nsga2,p0010,7a699c9ca4eb8a6d,5.2761100844332045,3327.600833758858,-0.6410256410256411,0.8030366743824238,0.6410256410256411,0.032544719895307314,False
S025@corridor@inactive:i102:nsga2:s1070001:r1:PR1_HT1_EC0:a0d4a79acbb1,S025,small,102,1070001,nsga2,p0011,63f4e0d9c6b04660,5.8403151566972875,3226.055394651502,-0.6282722513089005,0.7240076133658494,0.6282722513089005,0.0946112520235328,False
S025@corridor@inactive:i102:nsga2:s1070001:r1:PR1_HT1_EC0:a0d4a79acbb1,S025,small,102,1070001,nsga2,p0012,75346c41e0d3e54d,5.834563059641514,3139.9195874972784,-0.6048387096774194,0.7249154090693141,0.6048387096774194,0.2837586833064576,False
S025@corridor@inactive:i102:nsga2:s1070001:r1:PR1_HT1_EC0:a0d4a79acbb1,S025,small,102,1070001,nsga2,p0013,13c33b747c1b3b10,5.868847354243383,3114.476355525128,-0.5645161290322581,0.7089647720694959,0.5645161290322581,0.20367761405501816,False
S025@corridor@inactive:i102:nsga2:s1070001:r1:PR1_HT1_EC0:a0d4a79acbb1,S025,small,102,1070001,nsga2,p0014,7bcd0e6d38fa182a,5.847946284921231,3061.6156675894854,-0.5241935483870968,0.705165615336956,0.5241935483870968,0.11802565339878063,False
S025@corridor@inactive:i102:nsga2:s1070001:r1:PR1_HT1_EC0:a0d4a79acbb1,S025,small,102,1070001,nsga2,p0015,b4209e76d878161b,6.128653478432058,2993.4659637434133,-0.4972375690607735,0.6525343571447363,0.4972375690607735,0.17811648457426665,False
S025@corridor@inactive:i102:nsga2:s1070001:r1:PR1_HT1_EC0:a0d4a79acbb1,S025,small,102,1070001,nsga2,p0016,b9f2d7dbdda60827,6.247220754374321,2931.955255342588,-0.4712041884816754,0.6157198381894539,0.4712041884816754,0.12488889319248925,False
S025@corridor@inactive:i102:nsga2:s1070001:r1:PR1_HT1_EC0:a0d4a79acbb1,S025,small,102,1070001,nsga2,p0017,3e9a264020cd83b1,6.216235048083722,2944.652329376695,-0.4712041884816754,0.6221209895106964,0.4712041884816754,0.06842407054158946,False
S025@corridor@inactive:i102:nsga2:s1070001:r1:PR1_HT1_EC0:a0d4a79acbb1,S025,small,102,1070001,nsga2,p0018,bdfc20842f4f102a,6.15490016541864,2897.3547614739614,-0.4435483870967742,0.643417967991273,0.4435483870967742,0.08081767651863174,False
S025@corridor@inactive:i102:nsga2:s1070001:r1:PR1_HT1_EC0:a0d4a79acbb1,S025,small,102,1070001,nsga2,p0019,f99d07a57bdb0540,6.136650285928104,2926.576544613943,-0.42735042735042733,0.6482631898556552,0.42735042735042733,0.05096529526667766,False
S025@corridor@inactive:i102:nsga2:s1070001:r1:PR1_HT1_EC0:a0d4a79acbb1,S025,small,102,1070001,nsga2,p0020,67c129f44e9dac6c,6.546729394708111,2447.0287695366123,-0.4143646408839779,0.5582970373506239,0.4143646408839779,0.26600870138753957,False
S025@corridor@inactive:i102:nsga2:s1070001:r1:PR1_HT1_EC0:a0d4a79acbb1,S025,small,102,1070001,nsga2,p0021,0a2d7a21f5486e3a,6.183605873666641,2867.7653213926164,-0.4032258064516129,0.6302070243989251,0.4032258064516129,0.17271283698340437,False
S025@corridor@inactive:i102:nsga2:s1070001:r1:PR1_HT1_EC0:a0d4a79acbb1,S025,small,102,1070001,nsga2,p0022,f009f7463f4e5a23,6.495353181775114,2274.6466123349187,-0.38461538461538464,0.5701197361063204,0.38461538461538464,0.17690731219628164,False
S025@corridor@inactive:i102:nsga2:s1070001:r1:PR1_HT1_EC0:a0d4a79acbb1,S025,small,102,1070001,nsga2,p0023,0232da29c8e9d835,6.509870318094218,2273.5170909695184,-0.3629032258064516,0.5620054940501473,0.3629032258064516,0.4104297523053849,False
S025@corridor@inactive:i102:nsga2:s1070001:r1:PR1_HT1_EC0:a0d4a79acbb1,S025,small,102,1070001,nsga2,p0024,02d43bf1955eec34,6.774338475453999,1925.1205225275542,-0.31413612565445026,0.4848295755395665,0.31413612565445026,0.19284404743082414,False
S025@corridor@inactive:i102:nsga2:s1070001:r1:PR1_HT1_EC0:a0d4a79acbb1,S025,small,102,1070001,nsga2,p0025,a31fca247f634a58,6.770896936374542,1905.7958260844514,-0.28225806451612906,0.4866417255030375,0.28225806451612906,0.05277404134987055,False
S025@corridor@inactive:i102:nsga2:s1070001:r1:PR1_HT1_EC0:a0d4a79acbb1,S025,small,102,1070001,nsga2,p0026,fa50b1a3cd5344de,6.933130450588063,1888.7934179680049,-0.27624309392265195,0.4299137419014104,0.27624309392265195,0.07899341630979782,False
S025@corridor@inactive:i102:nsga2:s1070001:r1:PR1_HT1_EC0:a0d4a79acbb1,S025,small,102,1070001,nsga2,p0027,d95edc2d49aa2bad,6.784855669744627,1876.6271992802517,-0.2617801047120419,0.47229083868568394,0.2617801047120419,0.07436995024470942,False
S025@corridor@inactive:i102:nsga2:s1070001:r1:PR1_HT1_EC0:a0d4a79acbb1,S025,small,102,1070001,nsga2,p0028,a87232fb5a08a4a0,6.766003359969503,1898.3925205937005,-0.2564102564102564,0.48857937139977864,0.2564102564102564,0.029790426599839513,False
S025@corridor@inactive:i102:nsga2:s1070001:r1:PR1_HT1_EC0:a0d4a79acbb1,S025,small,102,1070001,nsga2,p0029,0acd55e6b6ac3ed4,6.762755129787318,1877.756720645652,-0.24193548387096775,0.486078046437685,0.24193548387096775,0.11466667601064168,False
S025@corridor@inactive:i102:nsga2:s1070001:r1:PR1_HT1_EC0:a0d4a79acbb1,S025,small,102,1070001,nsga2,p0030,db571e707b2bec5c,6.9397489097892135,1862.7277069597153,-0.22099447513812154,0.4194895788482205,0.22099447513812154,0.050486718382289526,False
S025@corridor@inactive:i102:nsga2:s1070001:r1:PR1_HT1_EC0:a0d4a79acbb1,S025,small,102,1070001,nsga2,p0031,7de2253c853c8d9b,6.773533906523888,1876.6271992802517,-0.21367521367521367,0.47961449226506037,0.21367521367521367,0.06195377567594755,False
S025@corridor@inactive:i102:nsga2:s1070001:r1:PR1_HT1_EC0:a0d4a79acbb1,S025,small,102,1070001,nsga2,p0032,cec1c6b40ffc1b5b,7.0641065408932615,1658.6280963464533,-0.17094017094017094,0.37780053009097175,0.17094017094017094,0.13289384728740974,False
S025@corridor@inactive:i102:nsga2:s1070001:r1:PR1_HT1_EC0:a0d4a79acbb1,S025,small,102,1070001,nsga2,p0033,42a31adb5690637c,6.959342770378365,1839.8017670963472,-0.16574585635359115,0.40370142211110893,0.16574585635359115,0.027964907308145746,False
S025@corridor@inactive:i102:nsga2:s1070001:r1:PR1_HT1_EC0:a0d4a79acbb1,S025,small,102,1070001,nsga2,p0034,8978aa70b18b31e4,7.060177773835461,1564.5634409487348,-0.16129032258064516,0.3756130891976084,0.16129032258064516,0.12696153812334304,False
S025@corridor@inactive:i102:nsga2:s1070001:r1:PR1_HT1_EC0:a0d4a79acbb1,S025,small,102,1070001,nsga2,p0035,c3c5676ac1515c73,7.085193892201905,1562.9045471238046,-0.10471204188481675,0.3530129513665182,0.10471204188481675,0.3099137992417284,False
S025@corridor@inactive:i102:nsga2:s1070001:r1:PR1_HT1_EC0:a0d4a79acbb1,S025,small,102,1070001,nsga2,p0036,fdb278878143a63e,6.965338827456287,1829.933383125022,-0.08547008547008547,0.4002710080795404,0.08547008547008547,0.20007505914001666,False
S025@corridor@inactive:i102:nsga2:s1070001:r1:PR1_HT1_EC0:a0d4a79acbb1,S025,small,102,1070001,nsga2,p0037,6fbbec013d74fc9a,7.299694189603029,497.23063206382767,-0.0,0.19659239842719517,0.0,,False
S025@corridor@inactive:i102:nsga2:s1070001:r1:PR1_HT1_EC0:a0d4a79acbb1,S025,small,102,1070001,nsga2,p0038,65f0b1fc6acbe4d2,7.273481869812727,744.1091496740238,-0.0,0.22280471821749662,0.0,0.11494861933645911,False
S025@corridor@inactive:i102:nsga2:s1070001:r1:PR1_HT1_EC0:a0d4a79acbb1,S025,small,102,1070001,nsga2,p0039,795bd1418d862de7,7.239198464605875,871.4012635347137,-0.0,0.2570881234243492,0.0,0.010371527391108123,False
S025@corridor@inactive:i102:nsga2:s1070001:r1:PR1_HT1_EC0:a0d4a79acbb1,S025,small,102,1070001,nsga2,p0040,22e56564b13fe6c0,7.234783420530259,927.9534440252401,-0.0,0.261503167499965,0.0,0.22544563622996008,False
S025@corridor@inactive:i102:nsga2:s1070001:r1:PR1_HT1_EC0:a0d4a79acbb1,S025,small,102,1070001,nsga2,p0041,951aeff294510a56,7.246970225000428,868.0126994385129,-0.0,0.2493163630297954,0.0,0.3321115103812483,False
S025@corridor@inactive:i102:nsga2:s1070001:r1:PR1_HT1_EC0:a0d4a79acbb1,S025,small,102,1070001,nsga2,p0042,eda5f50914e3d853,7.235980720618634,893.8221366006355,-0.0,0.2603058674115906,0.0,,False
S025@corridor@inactive:i102:nsga2:s1070001:r1:PR1_HT1_EC1:92d9f9fb0c34,S025,small,102,1070001,nsga2,p0001,3e9039048ffa5f58,4.241883126193066,4175.098120591132,-0.8755301794452233,0.8999999999998975,0.8755301794452233,,False
S025@corridor@inactive:i102:nsga2:s1070001:r1:PR1_HT1_EC1:92d9f9fb0c34,S025,small,102,1070001,nsga2,p0002,aa165ac468b6c4a0,4.282981135461567,4064.0234156053266,-0.8755301794452158,0.8999999999998918,0.8755301794452158,,False
S025@corridor@inactive:i102:nsga2:s1070001:r1:PR1_HT1_EC1:92d9f9fb0c34,S025,small,102,1070001,nsga2,p0003,51014ec09f7ad08b,4.281711643099891,4123.217991937008,-0.8755301794452136,0.89999999999989,0.8755301794452136,0.04262871428368016,False
S025@corridor@inactive:i102:nsga2:s1070001:r1:PR1_HT1_EC1:92d9f9fb0c34,S025,small,102,1070001,nsga2,p0004,bd0f9cccf9ba143f,4.211523217373897,4285.524384253617,-0.8755301794451508,0.8999999999998395,0.8755301794451508,,True
S025@corridor@inactive:i102:nsga2:s1070001:r1:PR1_HT1_EC1:92d9f9fb0c34,S025,small,102,1070001,nsga2,p0005,ee73208bdaf3a193,5.190415718365358,3443.3471469871,-0.7853403141361257,0.8464918367591251,0.7853403141361257,0.31902935642449287,False
S025@corridor@inactive:i102:nsga2:s1070001:r1:PR1_HT1_EC1:92d9f9fb0c34,S025,small,102,1070001,nsga2,p0006,56c7ea36c95be9dc,5.184052788449702,3368.1875074483582,-0.7661290322580645,0.8471026696190072,0.7661290322580645,0.43251209564081955,False
S025@corridor@inactive:i102:nsga2:s1070001:r1:PR1_HT1_EC1:92d9f9fb0c34,S025,small,102,1070001,nsga2,p0007,a680b37c687f8524,5.216153165520179,3357.544908812661,-0.6837606837606838,0.823931449600816,0.6837606837606838,0.16518349249787884,False
S025@corridor@inactive:i102:nsga2:s1070001:r1:PR1_HT1_EC1:92d9f9fb0c34,S025,small,102,1070001,nsga2,p0008,cdf56d71b340984c,5.264158824522969,3356.2954909501304,-0.6451612903225806,0.8058785496878806,0.6451612903225806,0.07140626819104093,False
S025@corridor@inactive:i102:nsga2:s1070001:r1:PR1_HT1_EC1:92d9f9fb0c34,S025,small,102,1070001,nsga2,p0009,68dbc11fcaaadb53,5.2798583583346925,3325.3417910280573,-0.6451612903225806,0.7989646196160911,0.6451612903225806,0.21236481452688472,False
S025@corridor@inactive:i102:nsga2:s1070001:r1:PR1_HT1_EC1:92d9f9fb0c34,S025,small,102,1070001,nsga2,p0010,7a699c9ca4eb8a6d,5.2761100844332045,3327.600833758858,-0.6410256410256411,0.8030366743824238,0.6410256410256411,0.032544719895307314,False
S025@corridor@inactive:i102:nsga2:s1070001:r1:PR1_HT1_EC1:92d9f9fb0c34,S025,small,102,1070001,nsga2,p0011,63f4e0d9c6b04660,5.8403151566972875,3226.055394651502,-0.6282722513089005,0.7240076133658494,0.6282722513089005,0.0946112520235328,False
S025@corridor@inactive:i102:nsga2:s1070001:r1:PR1_HT1_EC1:92d9f9fb0c34,S025,small,102,1070001,nsga2,p0012,75346c41e0d3e54d,5.834563059641514,3139.9195874972784,-0.6048387096774194,0.7249154090693141,0.6048387096774194,0.2837586833064576,False
S025@corridor@inactive:i102:nsga2:s1070001:r1:PR1_HT1_EC1:92d9f9fb0c34,S025,small,102,1070001,nsga2,p0013,13c33b747c1b3b10,5.868847354243383,3114.476355525128,-0.5645161290322581,0.7089647720694959,0.5645161290322581,0.20367761405501816,False
S025@corridor@inactive:i102:nsga2:s1070001:r1:PR1_HT1_EC1:92d9f9fb0c34,S025,small,102,1070001,nsga2,p0014,7bcd0e6d38fa182a,5.847946284921231,3061.6156675894854,-0.5241935483870968,0.705165615336956,0.5241935483870968,0.11802565339878063,False
S025@corridor@inactive:i102:nsga2:s1070001:r1:PR1_HT1_EC1:92d9f9fb0c34,S025,small,102,1070001,nsga2,p0015,b4209e76d878161b,6.128653478432058,2993.4659637434133,-0.4972375690607735,0.6525343571447363,0.4972375690607735,0.17811648457426665,False
S025@corridor@inactive:i102:nsga2:s1070001:r1:PR1_HT1_EC1:92d9f9fb0c34,S025,small,102,1070001,nsga2,p0016,b9f2d7dbdda60827,6.247220754374321,2931.955255342588,-0.4712041884816754,0.6157198381894539,0.4712041884816754,0.12488889319248925,False
S025@corridor@inactive:i102:nsga2:s1070001:r1:PR1_HT1_EC1:92d9f9fb0c34,S025,small,102,1070001,nsga2,p0017,3e9a264020cd83b1,6.216235048083722,2944.652329376695,-0.4712041884816754,0.6221209895106964,0.4712041884816754,0.06842407054158946,False
S025@corridor@inactive:i102:nsga2:s1070001:r1:PR1_HT1_EC1:92d9f9fb0c34,S025,small,102,1070001,nsga2,p0018,bdfc20842f4f102a,6.15490016541864,2897.3547614739614,-0.4435483870967742,0.643417967991273,0.4435483870967742,0.08081767651863174,False
S025@corridor@inactive:i102:nsga2:s1070001:r1:PR1_HT1_EC1:92d9f9fb0c34,S025,small,102,1070001,nsga2,p0019,f99d07a57bdb0540,6.136650285928104,2926.576544613943,-0.42735042735042733,0.6482631898556552,0.42735042735042733,0.05096529526667766,False
S025@corridor@inactive:i102:nsga2:s1070001:r1:PR1_HT1_EC1:92d9f9fb0c34,S025,small,102,1070001,nsga2,p0020,67c129f44e9dac6c,6.546729394708111,2447.0287695366123,-0.4143646408839779,0.5582970373506239,0.4143646408839779,0.26600870138753957,False
S025@corridor@inactive:i102:nsga2:s1070001:r1:PR1_HT1_EC1:92d9f9fb0c34,S025,small,102,1070001,nsga2,p0021,0a2d7a21f5486e3a,6.183605873666641,2867.7653213926164,-0.4032258064516129,0.6302070243989251,0.4032258064516129,0.17271283698340437,False
S025@corridor@inactive:i102:nsga2:s1070001:r1:PR1_HT1_EC1:92d9f9fb0c34,S025,small,102,1070001,nsga2,p0022,f009f7463f4e5a23,6.495353181775114,2274.6466123349187,-0.38461538461538464,0.5701197361063204,0.38461538461538464,0.17690731219628164,False
S025@corridor@inactive:i102:nsga2:s1070001:r1:PR1_HT1_EC1:92d9f9fb0c34,S025,small,102,1070001,nsga2,p0023,0232da29c8e9d835,6.509870318094218,2273.5170909695184,-0.3629032258064516,0.5620054940501473,0.3629032258064516,0.4104297523053849,False
S025@corridor@inactive:i102:nsga2:s1070001:r1:PR1_HT1_EC1:92d9f9fb0c34,S025,small,102,1070001,nsga2,p0024,02d43bf1955eec34,6.774338475453999,1925.1205225275542,-0.31413612565445026,0.4848295755395665,0.31413612565445026,0.19284404743082414,False
S025@corridor@inactive:i102:nsga2:s1070001:r1:PR1_HT1_EC1:92d9f9fb0c34,S025,small,102,1070001,nsga2,p0025,a31fca247f634a58,6.770896936374542,1905.7958260844514,-0.28225806451612906,0.4866417255030375,0.28225806451612906,0.05277404134987055,False
S025@corridor@inactive:i102:nsga2:s1070001:r1:PR1_HT1_EC1:92d9f9fb0c34,S025,small,102,1070001,nsga2,p0026,fa50b1a3cd5344de,6.933130450588063,1888.7934179680049,-0.27624309392265195,0.4299137419014104,0.27624309392265195,0.07899341630979782,False
S025@corridor@inactive:i102:nsga2:s1070001:r1:PR1_HT1_EC1:92d9f9fb0c34,S025,small,102,1070001,nsga2,p0027,d95edc2d49aa2bad,6.784855669744627,1876.6271992802517,-0.2617801047120419,0.47229083868568394,0.2617801047120419,0.07436995024470942,False
S025@corridor@inactive:i102:nsga2:s1070001:r1:PR1_HT1_EC1:92d9f9fb0c34,S025,small,102,1070001,nsga2,p0028,a87232fb5a08a4a0,6.766003359969503,1898.3925205937005,-0.2564102564102564,0.48857937139977864,0.2564102564102564,0.029790426599839513,False
S025@corridor@inactive:i102:nsga2:s1070001:r1:PR1_HT1_EC1:92d9f9fb0c34,S025,small,102,1070001,nsga2,p0029,0acd55e6b6ac3ed4,6.762755129787318,1877.756720645652,-0.24193548387096775,0.486078046437685,0.24193548387096775,0.11466667601064168,False
S025@corridor@inactive:i102:nsga2:s1070001:r1:PR1_HT1_EC1:92d9f9fb0c34,S025,small,102,1070001,nsga2,p0030,db571e707b2bec5c,6.9397489097892135,1862.7277069597153,-0.22099447513812154,0.4194895788482205,0.22099447513812154,0.050486718382289526,False
S025@corridor@inactive:i102:nsga2:s1070001:r1:PR1_HT1_EC1:92d9f9fb0c34,S025,small,102,1070001,nsga2,p0031,7de2253c853c8d9b,6.773533906523888,1876.6271992802517,-0.21367521367521367,0.47961449226506037,0.21367521367521367,0.06195377567594755,False
S025@corridor@inactive:i102:nsga2:s1070001:r1:PR1_HT1_EC1:92d9f9fb0c34,S025,small,102,1070001,nsga2,p0032,cec1c6b40ffc1b5b,7.0641065408932615,1658.6280963464533,-0.17094017094017094,0.37780053009097175,0.17094017094017094,0.13289384728740974,False
S025@corridor@inactive:i102:nsga2:s1070001:r1:PR1_HT1_EC1:92d9f9fb0c34,S025,small,102,1070001,nsga2,p0033,42a31adb5690637c,6.959342770378365,1839.8017670963472,-0.16574585635359115,0.40370142211110893,0.16574585635359115,0.027964907308145746,False
S025@corridor@inactive:i102:nsga2:s1070001:r1:PR1_HT1_EC1:92d9f9fb0c34,S025,small,102,1070001,nsga2,p0034,8978aa70b18b31e4,7.060177773835461,1564.5634409487348,-0.16129032258064516,0.3756130891976084,0.16129032258064516,0.12696153812334304,False
S025@corridor@inactive:i102:nsga2:s1070001:r1:PR1_HT1_EC1:92d9f9fb0c34,S025,small,102,1070001,nsga2,p0035,c3c5676ac1515c73,7.085193892201905,1562.9045471238046,-0.10471204188481675,0.3530129513665182,0.10471204188481675,0.3099137992417284,False
S025@corridor@inactive:i102:nsga2:s1070001:r1:PR1_HT1_EC1:92d9f9fb0c34,S025,small,102,1070001,nsga2,p0036,fdb278878143a63e,6.965338827456287,1829.933383125022,-0.08547008547008547,0.4002710080795404,0.08547008547008547,0.20007505914001666,False
S025@corridor@inactive:i102:nsga2:s1070001:r1:PR1_HT1_EC1:92d9f9fb0c34,S025,small,102,1070001,nsga2,p0037,6fbbec013d74fc9a,7.299694189603029,497.23063206382767,-0.0,0.19659239842719517,0.0,,False
S025@corridor@inactive:i102:nsga2:s1070001:r1:PR1_HT1_EC1:92d9f9fb0c34,S025,small,102,1070001,nsga2,p0038,65f0b1fc6acbe4d2,7.273481869812727,744.1091496740238,-0.0,0.22280471821749662,0.0,0.11494861933645911,False
S025@corridor@inactive:i102:nsga2:s1070001:r1:PR1_HT1_EC1:92d9f9fb0c34,S025,small,102,1070001,nsga2,p0039,795bd1418d862de7,7.239198464605875,871.4012635347137,-0.0,0.2570881234243492,0.0,0.010371527391108123,False
S025@corridor@inactive:i102:nsga2:s1070001:r1:PR1_HT1_EC1:92d9f9fb0c34,S025,small,102,1070001,nsga2,p0040,22e56564b13fe6c0,7.234783420530259,927.9534440252401,-0.0,0.261503167499965,0.0,0.22544563622996008,False
S025@corridor@inactive:i102:nsga2:s1070001:r1:PR1_HT1_EC1:92d9f9fb0c34,S025,small,102,1070001,nsga2,p0041,951aeff294510a56,7.246970225000428,868.0126994385129,-0.0,0.2493163630297954,0.0,0.3321115103812483,False
S025@corridor@inactive:i102:nsga2:s1070001:r1:PR1_HT1_EC1:92d9f9fb0c34,S025,small,102,1070001,nsga2,p0042,eda5f50914e3d853,7.235980720618634,893.8221366006355,-0.0,0.2603058674115906,0.0,,False
S025@corridor@transition:i101:nsga2:s1060000:r0:PR0_HT1_EC1:e4e07a86b37e,S025,small,101,1060000,nsga2,p0001,3c42cb3606067948,7.0243339322283385,877.8385349337477,-0.0,0.2639432713701335,0.0,0.49357350736416217,False
S025@corridor@transition:i101:nsga2:s1060000:r0:PR0_HT1_EC1:e4e07a86b37e,S025,small,101,1060000,nsga2,p0002,aa7a2a73687e3deb,7.0342123516812,876.1084009630852,-0.0,0.2639432713701366,0.0,0.6136183341286042,False
S025@corridor@transition:i101:nsga2:s1060000:r0:PR0_HT1_EC1:e4e07a86b37e,S025,small,101,1060000,nsga2,p0003,12107015ae80e154,6.947164703648064,1131.8348304109577,-0.0,0.3115501519755889,0.0,,True
S025@corridor@transition:i101:nsga2:s1060000:r0:PR0_HT1_EC1:e4e07a86b37e,S025,small,101,1060000,nsga2,p0004,babd5b55c9963b3c,6.960369498511463,1068.165433263875,-0.0,0.30822377656505184,0.0,0.41948494470945114,False
S025@corridor@transition:i101:nsga2:s1060000:r0:PR0_HT1_EC1:e4e07a86b37e,S025,small,101,1060000,nsga2,p0005,3498640c4b18126e,6.9504910790586045,1069.8955672345373,-0.0,0.30822377656504873,0.0,0.22580998452757317,False
S025@corridor@transition:i101:nsga2:s1060000:r0:PR0_HT1_EC1:e4e07a86b37e,S025,small,101,1060000,nsga2,p0006,782fe9af69485404,6.999172309271133,995.5246040700313,-0.0,0.2800409533544317,0.0,0.49357350736416217,False
S025@corridor@transition:i101:nsga2:s1060000:r0:PR0_HT1_EC1:e4e07a86b37e,S025,small,101,1060000,nsga2,p0007,355649f358d494b5,6.989293889818273,997.2547380406938,-0.0,0.2800409533544286,0.0,0.41948494470945114,False
S025@corridor@transition:i101:nsga2:s1060000:r0:PR0_HT1_EC1:e4e07a86b37e,S025,small,101,1060000,nsga2,p0008,a30f8023357396e6,7.061146466565996,707.7954129083466,-0.0,0.26595744680841565,0.0,0.6136183341286042,False
S025@corridor@transition:i101:nsga2:s1060000:r0:PR0_HT1_EC1:e4e07a86b37e,S025,small,101,1060000,nsga2,p0009,31c02b898fc5d362,7.071024886018857,706.0652789376841,-0.0,0.26595744680841876,0.0,0.24751322927020922,False
S025@corridor@transition:i101:nsga2:s1060000:r0:PR0_HT1_EC1:e4e07a86b37e,S025,small,101,1060000,nsga2,p0010,bbb4a869f3242460,7.083942819149582,664.6181487923411,-0.0,0.24316109422482904,0.0,0.24751322927020922,False
S025@corridor@transition:i101:nsga2:s1060000:r0:PR0_HT1_EC1:e4e07a86b37e,S025,small,101,1060000,nsga2,p0011,98faec5ea93d0909,7.093821238602444,662.8880148216786,-0.0,0.24316109422483215,0.0,,False
S025@corridor@transition:i101:nsga2:s1060000:r0:PR1_HT0_EC1:0d714d56d220,S025,small,101,1060000,nsga2,p0001,7b71b8538835f00e,6.845294962258545,1129.0010761857302,-0.0,0.31545966338703374,0.0,0.1405771354164585,False
S025@corridor@transition:i101:nsga2:s1060000:r0:PR1_HT0_EC1:0d714d56d220,S025,small,101,1060000,nsga2,p0002,01d81c1a556ecd20,6.819450198209346,1162.9510148532918,-0.0,0.332881678690351,0.0,0.34392331983066043,False
S025@corridor@transition:i101:nsga2:s1060000:r0:PR1_HT0_EC1:0d714d56d220,S025,small,101,1060000,nsga2,p0003,6c4f15967df554b7,6.829328617662233,1161.2208808826294,-0.0,0.332881678690351,0.0,0.1405771354164585,False
S025@corridor@transition:i101:nsga2:s1060000:r0:PR1_HT0_EC1:0d714d56d220,S025,small,101,1060000,nsga2,p0004,311e54f0c837f8ba,6.855173381711432,1127.2709422150679,-0.0,0.31545966338703374,0.0,0.5022228668532578,False
S025@corridor@transition:i101:nsga2:s1060000:r0:PR1_HT0_EC1:0d714d56d220,S025,small,101,1060000,nsga2,p0005,6e16ec8be2dedf7c,6.9329036703496705,996.0859538971196,-0.0,0.28035267784583284,0.0,0.760186304338332,False
S025@corridor@transition:i101:nsga2:s1060000:r0:PR1_HT0_EC1:0d714d56d220,S025,small,101,1060000,nsga2,p0006,b3a9e7a7ecd8442b,6.811851414014816,1356.8876780105995,-0.0,0.3404804628848799,0.0,,True
S025@corridor@transition:i101:nsga2:s1060000:r0:PR1_HT0_EC1:0d714d56d220,S025,small,101,1060000,nsga2,p0007,708a0da55b6f9a49,6.96996105623165,882.2236576375433,-0.0,0.30395136778106,0.0,0.33301662936139886,False
S025@corridor@transition:i101:nsga2:s1060000:r0:PR1_HT0_EC1:0d714d56d220,S025,small,101,1060000,nsga2,p0008,0d61c1914c82e202,6.979839475684511,880.4935236668807,-0.0,0.30395136778106313,0.0,0.26010539178224446,False
S025@corridor@transition:i101:nsga2:s1060000:r0:PR1_HT0_EC1:0d714d56d220,S025,small,101,1060000,nsga2,p0009,9e3765b3afae802c,7.014656996766921,811.7187111835295,-0.0,0.27106558581323154,0.0,0.26010539178224446,False
S025@corridor@transition:i101:nsga2:s1060000:r0:PR1_HT0_EC1:0d714d56d220,S025,small,101,1060000,nsga2,p0010,17dcc72544c6b81e,7.024535416219781,809.9885772128671,-0.0,0.27106558581323464,0.0,0.14967085860369272,False
S025@corridor@transition:i101:nsga2:s1060000:r0:PR1_HT0_EC1:0d714d56d220,S025,small,101,1060000,nsga2,p0011,a8972a117dffd24d,7.083942819149582,664.6181487923411,-0.0,0.24316109422482904,0.0,0.13452405183494326,False
S025@corridor@transition:i101:nsga2:s1060000:r0:PR1_HT0_EC1:0d714d56d220,S025,small,101,1060000,nsga2,p0012,8dd63fcd407edde2,7.093821238602444,662.8880148216786,-0.0,0.24316109422483215,0.0,,False
S025@corridor@transition:i101:nsga2:s1060000:r0:PR1_HT0_EC1:0d714d56d220,S025,small,101,1060000,nsga2,p0013,694df61ceba2528a,7.052439907808184,774.7971176619396,-0.0,0.2693448566300342,0.0,0.13329007201610704,False
S025@corridor@transition:i101:nsga2:s1060000:r0:PR1_HT0_EC1:0d714d56d220,S025,small,101,1060000,nsga2,p0014,64cba29933fc6f2e,7.042561488355323,776.5272516326022,-0.0,0.2693448566300311,0.0,0.14967085860369272,False
S025@corridor@transition:i101:nsga2:s1060000:r0:PR1_HT0_EC1:0d714d56d220,S025,small,101,1060000,nsga2,p0015,8091dda83f2dfffc,7.068745250760525,748.4688981436017,-0.0,0.2583586626138868,0.0,0.17348634225550627,False
S025@corridor@transition:i101:nsga2:s1060000:r0:PR1_HT0_EC1:0d714d56d220,S025,small,101,1060000,nsga2,p0016,daa3ae1b91f250e7,7.078623670213386,718.8425662418092,-0.0,0.2583586626138899,0.0,0.1747203220743425,False
S025@corridor@transition:i101:nsga2:s1060000:r0:PR1_HT1_EC0:7d29063592f4,S025,small,101,1060000,nsga2,p0001,17f5967e22085cf5,4.532757880055506,5027.05519257525,-0.8678714859437232,0.8999999999998745,0.8678714859437232,,False
S025@corridor@transition:i101:nsga2:s1060000:r0:PR1_HT1_EC0:7d29063592f4,S025,small,101,1060000,nsga2,p0002,f7b3d930cdf94093,4.544170196602644,5024.500643650092,-0.8678714859437232,0.8999999999998745,0.8678714859437232,0.7458093723112251,False
S025@corridor@transition:i101:nsga2:s1060000:r0:PR1_HT1_EC0:7d29063592f4,S025,small,101,1060000,nsga2,p0003,1cf0727b6e4aef4b,4.528251717410251,5050.013104580583,-0.8678714859436998,0.8999999999998567,0.8678714859436998,,True
S025@corridor@transition:i101:nsga2:s1060000:r0:PR1_HT1_EC0:7d29063592f4,S025,small,101,1060000,nsga2,p0004,c372f185ca3aab9f,5.81048087756818,4067.3713031685447,-0.5792682926829268,0.7002603264286574,0.5792682926829268,0.5860909474992106,False
S025@corridor@transition:i101:nsga2:s1060000:r0:PR1_HT1_EC0:7d29063592f4,S025,small,101,1060000,nsga2,p0005,52a18a0c9bf3b6c7,5.842915287098676,3870.041163068089,-0.5612244897959183,0.6926082434737245,0.5612244897959183,0.16454901600667965,False
S025@corridor@transition:i101:nsga2:s1060000:r0:PR1_HT1_EC0:7d29063592f4,S025,small,101,1060000,nsga2,p0006,cefa1863f33f9578,5.8372944173995975,3949.503532906394,-0.5612244897959183,0.6911229413981823,0.5612244897959183,0.09483507244818101,False
S025@corridor@transition:i101:nsga2:s1060000:r0:PR1_HT1_EC0:7d29063592f4,S025,small,101,1060000,nsga2,p0007,89c855ddcf0294ba,5.823239145072931,4066.827566355874,-0.5182926829268293,0.6853665736435112,0.5182926829268293,0.08016613686966173,False
S025@corridor@transition:i101:nsga2:s1060000:r0:PR1_HT1_EC0:7d29063592f4,S025,small,101,1060000,nsga2,p0008,994c553c480671f9,5.785258646099938,4066.827566355874,-0.5,0.7077592939044729,0.5,0.06075928436003987,False
S025@corridor@transition:i101:nsga2:s1060000:r0:PR1_HT1_EC0:7d29063592f4,S025,small,101,1060000,nsga2,p0009,b229ab1a27545f4d,6.0236621085210755,3572.5271295732837,-0.5,0.6497799476900699,0.5,0.0182758388307271,False
S025@corridor@transition:i101:nsga2:s1060000:r0:PR1_HT1_EC0:7d29063592f4,S025,small,101,1060000,nsga2,p0010,985dccd2a5c40ea5,5.840171887981812,3871.0296469476707,-0.4878048780487805,0.6823525754933508,0.4878048780487805,0.05620636407317653,False
S025@corridor@transition:i101:nsga2:s1060000:r0:PR1_HT1_EC0:7d29063592f4,S025,small,101,1060000,nsga2,p0011,4b55a74c39476d0e,6.107362954586695,3526.6113055626165,-0.45918367346938777,0.6158135307747613,0.45918367346938777,0.1718309343505794,False
S025@corridor@transition:i101:nsga2:s1060000:r0:PR1_HT1_EC0:7d29063592f4,S025,small,101,1060000,nsga2,p0012,1be58d91cec11329,5.780334523195965,3900.628877495573,-0.44871794871794873,0.701531714904225,0.44871794871794873,1.2056075277974017,False
S025@corridor@transition:i101:nsga2:s1060000:r0:PR1_HT1_EC0:7d29063592f4,S025,small,101,1060000,nsga2,p0013,433ef2fb19b0298c,5.8147295785227415,3871.0296469476707,-0.4166666666666667,0.7017285405506583,0.4166666666666667,0.04252712770824331,False
S025@corridor@transition:i101:nsga2:s1060000:r0:PR1_HT1_EC0:7d29063592f4,S025,small,101,1060000,nsga2,p0014,44a77cee2e030ab5,6.018873356946206,3573.0708663859546,-0.4166666666666667,0.6457929804302929,0.4166666666666667,0.3649786886232594,False
S025@corridor@transition:i101:nsga2:s1060000:r0:PR1_HT1_EC0:7d29063592f4,S025,small,101,1060000,nsga2,p0015,922e667a7d1455af,6.02844579107181,3572.219350077569,-0.38461538461538464,0.6371538040040292,0.38461538461538464,0.1143729771476577,False
S025@corridor@transition:i101:nsga2:s1060000:r0:PR1_HT1_EC0:7d29063592f4,S025,small,101,1060000,nsga2,p0016,b0289d5140841153,6.292362436347563,3350.5837555790513,-0.35714285714285715,0.5566569358002285,0.35714285714285715,0.35380109821488237,False
S025@corridor@transition:i101:nsga2:s1060000:r0:PR1_HT1_EC0:7d29063592f4,S025,small,101,1060000,nsga2,p0017,34a711359985335f,6.267580109772,3373.5416675843844,-0.3353658536585366,0.5574600258698217,0.3353658536585366,0.10334426031036438,False
S025@corridor@transition:i101:nsga2:s1060000:r0:PR1_HT1_EC0:7d29063592f4,S025,small,101,1060000,nsga2,p0018,4dc9fa278cb9d15f,6.36424390582888,3348.3369861496076,-0.28061224489795916,0.5177143931431583,0.28061224489795916,0.39552930610202963,False
S025@corridor@transition:i101:nsga2:s1060000:r0:PR1_HT1_EC0:7d29063592f4,S025,small,101,1060000,nsga2,p0019,99eff3763cb46d83,6.246820027219396,3420.544965220394,-0.2564102564102564,0.5694910845888803,0.2564102564102564,0.12998608703884607,False
S025@corridor@transition:i101:nsga2:s1060000:r0:PR1_HT1_EC0:7d29063592f4,S025,small,101,1060000,nsga2,p0020,ba3c8b4eb0d9487e,6.284695201140526,3373.4022132467094,-0.25,0.5693717473796965,0.25,0.07339007638719103,False
S025@corridor@transition:i101:nsga2:s1060000:r0:PR1_HT1_EC0:7d29063592f4,S025,small,101,1060000,nsga2,p0021,8e6cff53446ca7ad,6.590660709533896,2387.2186563702253,-0.20408163265306123,0.4479134611747981,0.20408163265306123,0.07862513990685982,False
S025@corridor@transition:i101:nsga2:s1060000:r0:PR1_HT1_EC0:7d29063592f4,S025,small,101,1060000,nsga2,p0022,1087cdc0e79eba39,6.585032999857713,2456.0923923862265,-0.20408163265306123,0.449243024664707,0.20408163265306123,0.03303398833882181,False
S025@corridor@transition:i101:nsga2:s1060000:r0:PR1_HT1_EC0:7d29063592f4,S025,small,101,1060000,nsga2,p0023,ecac52184f0c90b1,6.536449952593118,2458.3391618156697,-0.19230769230769232,0.47960362341394935,0.19230769230769232,0.03046773886372154,False
S025@corridor@transition:i101:nsga2:s1060000:r0:PR1_HT1_EC0:7d29063592f4,S025,small,101,1060000,nsga2,p0024,9eb27a6da5b1ba26,6.528518052876863,2458.8828986283406,-0.19230769230769232,0.48323259714042077,0.19230769230769232,0.30679557539421254,False
S025@corridor@transition:i101:nsga2:s1060000:r0:PR1_HT1_EC0:7d29063592f4,S025,small,101,1060000,nsga2,p0025,4ef2881dce43bf3e,6.286907757094646,3351.979008700108,-0.16666666666666666,0.5603182186843807,0.16666666666666666,0.03802159584583969,False
S025@corridor@transition:i101:nsga2:s1060000:r0:PR1_HT1_EC0:7d29063592f4,S025,small,101,1060000,nsga2,p0026,4e91815dcc1a1ba7,6.249334673311914,3374.629141209726,-0.16666666666666666,0.5669764384963623,0.16666666666666666,0.03522808753826399,False
S025@corridor@transition:i101:nsga2:s1060000:r0:PR1_HT1_EC0:7d29063592f4,S025,small,101,1060000,nsga2,p0027,177c5fb193fc59a5,6.605858277922954,2292.9415528843565,-0.15306122448979592,0.43271589278574035,0.15306122448979592,0.1511761449562195,False
S025@corridor@transition:i101:nsga2:s1060000:r0:PR1_HT1_EC0:7d29063592f4,S025,small,101,1060000,nsga2,p0028,4b855c6f0330cac9,6.583286877323383,2319.9862345071006,-0.10204081632653061,0.4292877372451875,0.10204081632653061,0.20447452905738717,False
S025@corridor@transition:i101:nsga2:s1060000:r0:PR1_HT1_EC0:7d29063592f4,S025,small,101,1060000,nsga2,p0029,a083044d8f78c210,6.904635258359354,704.0078882202506,-0.0,0.2431610942248377,0.0,,False
S025@corridor@transition:i101:nsga2:s1060000:r0:PR1_HT1_EC0:7d29063592f4,S025,small,101,1060000,nsga2,p0030,4da2e6927f0da410,6.567156144261677,2382.416631472054,-0.0,0.4445945057556067,0.0,0.035179266736041034,False
S025@corridor@transition:i101:nsga2:s1060000:r0:PR1_HT1_EC0:7d29063592f4,S025,small,101,1060000,nsga2,p0031,889fdbd3e2360614,6.874240121581239,1169.3587059172264,-0.0,0.27355623100295323,0.0,0.20118570368249364,False
S025@corridor@transition:i101:nsga2:s1060000:r0:PR1_HT1_EC0:7d29063592f4,S025,small,101,1060000,nsga2,p0032,b80b0f0dc69a5d8c,6.880831837991047,1075.352110645208,-0.0,0.2669645145931444,0.0,0.11219529952618844,False
S025@corridor@transition:i101:nsga2:s1060000:r0:PR1_HT1_EC0:7d29063592f4,S025,small,101,1060000,nsga2,p0033,4afba8e246326d35,6.792509897502747,1871.3234906472276,-0.0,0.33148303471313806,0.0,0.01583221422867391,False
S025@corridor@transition:i101:nsga2:s1060000:r0:PR1_HT1_EC0:7d29063592f4,S025,small,101,1060000,nsga2,p0034,7e166ff977d9ef81,6.768589555792446,1933.6590732451054,-0.0,0.3488116600136302,0.0,0.05117734815637151,False
S025@corridor@transition:i101:nsga2:s1060000:r0:PR1_HT1_EC0:7d29063592f4,S025,small,101,1060000,nsga2,p0035,a9565a8beb63fdb9,6.773899549567069,1895.6766557736182,-0.0,0.3435016662390064,0.0,0.024409049097970845,False
S025@corridor@transition:i101:nsga2:s1060000:r0:PR1_HT1_EC0:7d29063592f4,S025,small,101,1060000,nsga2,p0036,1e9a8acae592f858,6.795413076483857,1866.2143927969114,-0.0,0.3285798557320273,0.0,0.19591223393483836,False
S025@corridor@transition:i101:nsga2:s1060000:r0:PR1_HT1_EC0:7d29063592f4,S025,small,101,1060000,nsga2,p0037,74047ea86277f249,6.688787063147219,2065.9052056866203,-0.0,0.3678238791026265,0.0,0.046851644248198446,False
S025@corridor@transition:i101:nsga2:s1060000:r0:PR1_HT1_EC0:7d29063592f4,S025,small,101,1060000,nsga2,p0038,3ed489cf05fa65aa,6.683565679572183,2156.5057357250944,-0.0,0.3737776756122735,0.0,0.08713729004013734,False
S025@corridor@transition:i101:nsga2:s1060000:r0:PR1_HT1_EC0:7d29063592f4,S025,small,101,1060000,nsga2,p0039,304958a71d22eccd,6.719196158368587,2018.0503917422247,-0.0,0.35446875433164154,0.0,0.06401084437073232,False
S025@corridor@transition:i101:nsga2:s1060000:r0:PR1_HT1_EC0:7d29063592f4,S025,small,101,1060000,nsga2,p0040,effcaf52c5d11abe,6.878726150804589,1144.2258466612093,-0.0,0.2690702017796025,0.0,,False
S025@corridor@transition:i101:nsga2:s1060000:r0:PR1_HT1_EC1:85955ada0066,S025,small,101,1060000,nsga2,p0001,d0f49674b4792a03,6.827594983010299,1184.3027349587906,-0.0,0.32556085844074956,0.0,0.1474531073655978,False
S025@corridor@transition:i101:nsga2:s1060000:r0:PR1_HT1_EC1:85955ada0066,S025,small,101,1060000,nsga2,p0002,f1c72a2baa816c12,6.8374734024631865,1182.5726009881282,-0.0,0.32556085844074956,0.0,0.4461632412697284,False
S025@corridor@transition:i101:nsga2:s1060000:r0:PR1_HT1_EC1:85955ada0066,S025,small,101,1060000,nsga2,p0003,c5c9948a60647079,6.916515930942219,1090.2961396867722,-0.0,0.2891416330587555,0.0,0.46277040242440126,False
S025@corridor@transition:i101:nsga2:s1060000:r0:PR1_HT1_EC1:85955ada0066,S025,small,101,1060000,nsga2,p0004,14e829ddb9c1c4cb,6.926394350395106,1076.6309956221558,-0.0,0.2891416330587555,0.0,0.47906780937456017,False
S025@corridor@transition:i101:nsga2:s1060000:r0:PR1_HT1_EC1:85955ada0066,S025,small,101,1060000,nsga2,p0005,1ffbf8ebe1e37f1d,6.819450198209346,1242.6058387527426,-0.0,0.332881678690351,0.0,0.3303033579479786,False
S025@corridor@transition:i101:nsga2:s1060000:r0:PR1_HT1_EC1:85955ada0066,S025,small,101,1060000,nsga2,p0006,0547a617834a41d6,6.811851414014816,1381.5544924120095,-0.0,0.3404804628848799,0.0,,True
S025@corridor@transition:i101:nsga2:s1060000:r0:PR1_HT1_EC1:85955ada0066,S025,small,101,1060000,nsga2,p0007,2fe78fb05a5af894,6.979839475684511,880.4935236668807,-0.0,0.30395136778106313,0.0,0.2566184395120191,False
S025@corridor@transition:i101:nsga2:s1060000:r0:PR1_HT1_EC1:85955ada0066,S025,small,101,1060000,nsga2,p0008,cbdaabe7827af7e2,7.024535416219781,809.9885772128671,-0.0,0.27106558581323464,0.0,0.318649406675928,False
S025@corridor@transition:i101:nsga2:s1060000:r0:PR1_HT1_EC1:85955ada0066,S025,small,101,1060000,nsga2,p0009,4c8c6d03ede90628,7.014656996766921,811.7187111835295,-0.0,0.27106558581323154,0.0,0.2566184395120191,False
S025@corridor@transition:i101:nsga2:s1060000:r0:PR1_HT1_EC1:85955ada0066,S025,small,101,1060000,nsga2,p0010,3217843295bf0600,6.96996105623165,882.2236576375433,-0.0,0.30395136778106,0.0,0.4624606482198873,False
S025@corridor@transition:i101:nsga2:s1060000:r0:PR1_HT1_EC1:85955ada0066,S025,small,101,1060000,nsga2,p0011,04cd93eee24f9d95,7.083942819149582,664.6181487923411,-0.0,0.24316109422482904,0.0,0.16919774521978573,False
S025@corridor@transition:i101:nsga2:s1060000:r0:PR1_HT1_EC1:85955ada0066,S025,small,101,1060000,nsga2,p0012,afe25f8777aacff2,7.093821238602444,662.8880148216786,-0.0,0.24316109422483215,0.0,,False
S025@corridor@transition:i101:nsga2:s1060000:r0:PR1_HT1_EC1:85955ada0066,S025,small,101,1060000,nsga2,p0013,57ea7e27237f6f1b,7.068745250760525,720.5727002124717,-0.0,0.2583586626138868,0.0,0.41296509395922715,False
S025@corridor@transition:i101:nsga2:s1060001:r1:PR0_HT1_EC1:ff8fa5c2dc8c,S025,small,101,1060001,nsga2,p0001,43fdee5e47fa0aa7,6.989293889818273,997.2547380406938,-0.0,0.2800409533544286,0.0,0.41948494470945114,False
S025@corridor@transition:i101:nsga2:s1060001:r1:PR0_HT1_EC1:ff8fa5c2dc8c,S025,small,101,1060001,nsga2,p0002,101258b2a0fcf51e,6.947164703648064,1131.8348304109577,-0.0,0.3115501519755889,0.0,,True
S025@corridor@transition:i101:nsga2:s1060001:r1:PR0_HT1_EC1:ff8fa5c2dc8c,S025,small,101,1060001,nsga2,p0003,531d4a72a27ed3b4,7.0342123516812,876.1084009630852,-0.0,0.2639432713701366,0.0,0.6136183341286042,False
S025@corridor@transition:i101:nsga2:s1060001:r1:PR0_HT1_EC1:ff8fa5c2dc8c,S025,small,101,1060001,nsga2,p0004,f3ca388ad3f5cc2f,7.0243339322283385,877.8385349337477,-0.0,0.2639432713701335,0.0,0.49357350736416217,False
S025@corridor@transition:i101:nsga2:s1060001:r1:PR0_HT1_EC1:ff8fa5c2dc8c,S025,small,101,1060001,nsga2,p0005,23d073539782a2d8,6.9504910790586045,1069.8955672345373,-0.0,0.30822377656504873,0.0,0.22580998452757317,False
S025@corridor@transition:i101:nsga2:s1060001:r1:PR0_HT1_EC1:ff8fa5c2dc8c,S025,small,101,1060001,nsga2,p0006,f753b87e11a3f609,6.960369498511463,1068.165433263875,-0.0,0.30822377656505184,0.0,0.41948494470945114,False
S025@corridor@transition:i101:nsga2:s1060001:r1:PR0_HT1_EC1:ff8fa5c2dc8c,S025,small,101,1060001,nsga2,p0007,e6d4b17524b5a5f9,6.999172309271133,995.5246040700313,-0.0,0.2800409533544317,0.0,0.49357350736416217,False
S025@corridor@transition:i101:nsga2:s1060001:r1:PR0_HT1_EC1:ff8fa5c2dc8c,S025,small,101,1060001,nsga2,p0008,85e7f77a2e83715e,7.071024886018857,706.0652789376841,-0.0,0.26595744680841876,0.0,0.24751322927020922,False
S025@corridor@transition:i101:nsga2:s1060001:r1:PR0_HT1_EC1:ff8fa5c2dc8c,S025,small,101,1060001,nsga2,p0009,ccfa44096935f556,7.061146466565996,707.7954129083466,-0.0,0.26595744680841565,0.0,0.6136183341286042,False
S025@corridor@transition:i101:nsga2:s1060001:r1:PR0_HT1_EC1:ff8fa5c2dc8c,S025,small,101,1060001,nsga2,p0010,8f2fe240ecc4caa0,7.083942819149582,664.6181487923411,-0.0,0.24316109422482904,0.0,0.24751322927020922,False
S025@corridor@transition:i101:nsga2:s1060001:r1:PR0_HT1_EC1:ff8fa5c2dc8c,S025,small,101,1060001,nsga2,p0011,dfa6cf5acdd6db7e,7.093821238602444,662.8880148216786,-0.0,0.24316109422483215,0.0,,False
S025@corridor@transition:i101:nsga2:s1060001:r1:PR1_HT0_EC1:7bff5436b0c7,S025,small,101,1060001,nsga2,p0001,7da243c77b12c1dc,6.9329036703496705,996.0859538971196,-0.0,0.28035267784583284,0.0,0.495649304200907,False
S025@corridor@transition:i101:nsga2:s1060001:r1:PR1_HT0_EC1:7bff5436b0c7,S025,small,101,1060001,nsga2,p0002,f7d835fc00787332,6.855173381711432,1127.2709422150679,-0.0,0.31545966338703374,0.0,0.495649304200907,False
S025@corridor@transition:i101:nsga2:s1060001:r1:PR1_HT0_EC1:7bff5436b0c7,S025,small,101,1060001,nsga2,p0003,d68de0edc8e5a9f5,6.819450198209346,1162.9510148532918,-0.0,0.332881678690351,0.0,0.3685692913881824,False
S025@corridor@transition:i101:nsga2:s1060001:r1:PR1_HT0_EC1:7bff5436b0c7,S025,small,101,1060001,nsga2,p0004,c20ba164071ba0a2,6.845294962258545,1129.0010761857302,-0.0,0.31545966338703374,0.0,0.13889807852886077,False
S025@corridor@transition:i101:nsga2:s1060001:r1:PR1_HT0_EC1:7bff5436b0c7,S025,small,101,1060001,nsga2,p0005,51800acdc82e4376,6.829328617662233,1161.2208808826294,-0.0,0.332881678690351,0.0,0.13889807852886077,False
S025@corridor@transition:i101:nsga2:s1060001:r1:PR1_HT0_EC1:7bff5436b0c7,S025,small,101,1060001,nsga2,p0006,77798c044e580b82,6.942782089802558,994.355819926457,-0.0,0.28035267784583284,0.0,0.2898587634425603,False
S025@corridor@transition:i101:nsga2:s1060001:r1:PR1_HT0_EC1:7bff5436b0c7,S025,small,101,1060001,nsga2,p0007,144b581acdad7514,6.811851414014816,1381.5544924120095,-0.0,0.3404804628848799,0.0,,True
S025@corridor@transition:i101:nsga2:s1060001:r1:PR1_HT0_EC1:7bff5436b0c7,S025,small,101,1060001,nsga2,p0008,a8172454d035e2eb,7.024535416219781,809.9885772128671,-0.0,0.27106558581323464,0.0,0.14793040005327934,False
S025@corridor@transition:i101:nsga2:s1060001:r1:PR1_HT0_EC1:7bff5436b0c7,S025,small,101,1060001,nsga2,p0009,b132d50298edfae2,6.979839475684511,880.4935236668807,-0.0,0.30395136778106313,0.0,0.2566184395120191,False
S025@corridor@transition:i101:nsga2:s1060001:r1:PR1_HT0_EC1:7bff5436b0c7,S025,small,101,1060001,nsga2,p0010,402722c218e0c21f,6.96996105623165,882.2236576375433,-0.0,0.30395136778106,0.0,0.2898587634425603,False
S025@corridor@transition:i101:nsga2:s1060001:r1:PR1_HT0_EC1:7bff5436b0c7,S025,small,101,1060001,nsga2,p0011,76aafb37f80acefc,7.014656996766921,811.7187111835295,-0.0,0.27106558581323154,0.0,0.2566184395120191,False
S025@corridor@transition:i101:nsga2:s1060001:r1:PR1_HT0_EC1:7bff5436b0c7,S025,small,101,1060001,nsga2,p0012,3b3f7dfca014c851,7.093821238602444,662.8880148216786,-0.0,0.24316109422483215,0.0,,False
S025@corridor@transition:i101:nsga2:s1060001:r1:PR1_HT0_EC1:7bff5436b0c7,S025,small,101,1060001,nsga2,p0013,f1fddd273c24a217,7.083942819149582,664.6181487923411,-0.0,0.24316109422482904,0.0,0.13175671625154245,False
S025@corridor@transition:i101:nsga2:s1060001:r1:PR1_HT0_EC1:7bff5436b0c7,S025,small,101,1060001,nsga2,p0014,25be616d71e26f92,7.078623670213386,718.8425662418092,-0.0,0.2583586626138899,0.0,0.13175671625154245,False
S025@corridor@transition:i101:nsga2:s1060001:r1:PR1_HT0_EC1:7bff5436b0c7,S025,small,101,1060001,nsga2,p0015,10b27547794cfc93,7.068745250760525,720.5727002124717,-0.0,0.2583586626138868,0.0,0.1707190066226486,False
S025@corridor@transition:i101:nsga2:s1060001:r1:PR1_HT0_EC1:7bff5436b0c7,S025,small,101,1060001,nsga2,p0016,448b4746920610ca,7.052439907808184,774.7971176619396,-0.0,0.2693448566300342,0.0,0.1707190066226486,False
S025@corridor@transition:i101:nsga2:s1060001:r1:PR1_HT0_EC1:7bff5436b0c7,S025,small,101,1060001,nsga2,p0017,15eda668e341fe7a,7.042561488355323,776.5272516326022,-0.0,0.2693448566300311,0.0,0.14793040005327934,False
S025@corridor@transition:i101:nsga2:s1060001:r1:PR1_HT1_EC0:fcee649143dd,S025,small,101,1060001,nsga2,p0001,cde6c0b29343e286,4.528251717410251,5033.3811674421795,-0.8678714859436998,0.8999999999998567,0.8678714859436998,,True
S025@corridor@transition:i101:nsga2:s1060001:r1:PR1_HT1_EC0:fcee649143dd,S025,small,101,1060001,nsga2,p0002,d7d8f4216d54b61f,4.557776101259622,5001.5427316447585,-0.8678714859436649,0.8999999999998304,0.8678714859436649,0.7409974698005798,False
S025@corridor@transition:i101:nsga2:s1060001:r1:PR1_HT1_EC0:fcee649143dd,S025,small,101,1060001,nsga2,p0003,468011bdc9e2de6a,4.544170196602644,5024.500643650092,-0.8678714859437232,0.8999999999998745,0.8678714859437232,0.0164207306950398,False
S025@corridor@transition:i101:nsga2:s1060001:r1:PR1_HT1_EC0:fcee649143dd,S025,small,101,1060001,nsga2,p0004,a04955248dc4d9f6,4.532757880055506,5027.05519257525,-0.8678714859437232,0.8999999999998745,0.8678714859437232,0.34129124130318417,False
S025@corridor@transition:i101:nsga2:s1060001:r1:PR1_HT1_EC0:fcee649143dd,S025,small,101,1060001,nsga2,p0005,40101ead267182f7,5.81048087756818,3894.531295765675,-0.5792682926829268,0.7002603264286574,0.5792682926829268,0.3836447174335811,False
S025@corridor@transition:i101:nsga2:s1060001:r1:PR1_HT1_EC0:fcee649143dd,S025,small,101,1060001,nsga2,p0006,c074bb4f3b1fdc02,5.842915287098676,3870.041163068089,-0.5612244897959183,0.6926082434737245,0.5612244897959183,0.2503862685866459,False
S025@corridor@transition:i101:nsga2:s1060001:r1:PR1_HT1_EC0:fcee649143dd,S025,small,101,1060001,nsga2,p0007,b4a2b042dad81920,5.785258646099938,3898.9258448788005,-0.5,0.7077592939044729,0.5,0.12241681397495044,False
S025@corridor@transition:i101:nsga2:s1060001:r1:PR1_HT1_EC0:fcee649143dd,S025,small,101,1060001,nsga2,p0008,6dfa80e04e5919d7,6.0236621085210755,3572.5271295732837,-0.5,0.6497799476900699,0.5,0.2141778090041759,False
S025@corridor@transition:i101:nsga2:s1060001:r1:PR1_HT1_EC0:fcee649143dd,S025,small,101,1060001,nsga2,p0009,067792ec464a0150,5.780334523195965,4068.530598972646,-0.44871794871794873,0.701531714904225,0.44871794871794873,0.8292389749775639,False
S025@corridor@transition:i101:nsga2:s1060001:r1:PR1_HT1_EC0:fcee649143dd,S025,small,101,1060001,nsga2,p0010,b16a9496cdb03dea,6.0355583567059385,3549.56921756795,-0.44871794871794873,0.640452659933458,0.44871794871794873,0.07957425994171387,False
S025@corridor@transition:i101:nsga2:s1060001:r1:PR1_HT1_EC0:fcee649143dd,S025,small,101,1060001,nsga2,p0011,23d5b91228933f15,5.782722745447652,3872.732679564443,-0.4166666666666667,0.7015672383155297,0.4166666666666667,0.10320875739014222,False
S025@corridor@transition:i101:nsga2:s1060001:r1:PR1_HT1_EC0:fcee649143dd,S025,small,101,1060001,nsga2,p0012,be015661f313f078,6.2793633692503255,3349.7322392706646,-0.36585365853658536,0.5647490187466376,0.36585365853658536,0.3737473048430384,False
S025@corridor@transition:i101:nsga2:s1060001:r1:PR1_HT1_EC0:fcee649143dd,S025,small,101,1060001,nsga2,p0013,339a15a8a6ef7f92,6.180294175956368,3526.6113055626165,-0.36585365853658536,0.5750883477001997,0.36585365853658536,0.10357897031867616,False
S025@corridor@transition:i101:nsga2:s1060001:r1:PR1_HT1_EC0:fcee649143dd,S025,small,101,1060001,nsga2,p0014,76aa89236e78ebea,6.267580109772,3373.5416675843844,-0.3353658536585366,0.5574600258698217,0.3353658536585366,0.05058127185412114,False
S025@corridor@transition:i101:nsga2:s1060001:r1:PR1_HT1_EC0:fcee649143dd,S025,small,101,1060001,nsga2,p0015,e9e21ac184db1498,6.099795979309597,3526.611305562616,-0.3333333333333333,0.6192685980243792,0.3333333333333333,0.17071730321740475,False
S025@corridor@transition:i101:nsga2:s1060001:r1:PR1_HT1_EC0:fcee649143dd,S025,small,101,1060001,nsga2,p0016,7912670dc5fbb7ed,6.250103320167317,3445.0664555048243,-0.2564102564102564,0.57161209461114,0.2564102564102564,0.11184255833714377,False
S025@corridor@transition:i101:nsga2:s1060001:r1:PR1_HT1_EC0:fcee649143dd,S025,small,101,1060001,nsga2,p0017,637d492448999406,6.539311951730267,2434.52973350195,-0.25510204081632654,0.47426973062314276,0.25510204081632654,0.01580227406112967,False
S025@corridor@transition:i101:nsga2:s1060001:r1:PR1_HT1_EC0:fcee649143dd,S025,small,101,1060001,nsga2,p0018,84819052b6e41a5b,6.273297024848562,3349.7322392706646,-0.25,0.569371747379718,0.25,0.023362669043265248,False
S025@corridor@transition:i101:nsga2:s1060001:r1:PR1_HT1_EC0:fcee649143dd,S025,small,101,1060001,nsga2,p0019,575f7d9b64b6f811,6.543885120444341,2412.423337805002,-0.24390243902439024,0.4731755233475667,0.24390243902439024,0.08487279500294526,False
S025@corridor@transition:i101:nsga2:s1060001:r1:PR1_HT1_EC0:fcee649143dd,S025,small,101,1060001,nsga2,p0020,26ac73063e9d7d56,6.534931078179168,2458.8828986283406,-0.19230769230769232,0.48029853327661337,0.19230769230769232,0.26665109365939055,False
S025@corridor@transition:i101:nsga2:s1060001:r1:PR1_HT1_EC0:fcee649143dd,S025,small,101,1060001,nsga2,p0021,2c549ce1f8669e9d,6.536449952593118,2458.3391618156697,-0.19230769230769232,0.47960362341394935,0.19230769230769232,0.006083082771234996,False
S025@corridor@transition:i101:nsga2:s1060001:r1:PR1_HT1_EC0:fcee649143dd,S025,small,101,1060001,nsga2,p0022,fc9737bacfc850e2,6.255808710876239,3443.5028772257274,-0.19230769230769232,0.5616333759252724,0.19230769230769232,0.03443304003964946,False
S025@corridor@transition:i101:nsga2:s1060001:r1:PR1_HT1_EC0:fcee649143dd,S025,small,101,1060001,nsga2,p0023,aaf842450f2bc341,6.585753725383067,2388.9216889869977,-0.18292682926829268,0.44991726634451623,0.18292682926829268,0.04763046613090617,False
S025@corridor@transition:i101:nsga2:s1060001:r1:PR1_HT1_EC0:fcee649143dd,S025,small,101,1060001,nsga2,p0024,3a200aac0cabf280,6.536785274177634,2412.423337805002,-0.16666666666666666,0.48027536961427303,0.16666666666666666,0.025046170436557727,False
S025@corridor@transition:i101:nsga2:s1060001:r1:PR1_HT1_EC0:fcee649143dd,S025,small,101,1060001,nsga2,p0025,1946b47b0a378817,6.533343815810775,2435.9249866230066,-0.16666666666666666,0.4818857956450069,0.16666666666666666,0.11304431650927982,False
S025@corridor@transition:i101:nsga2:s1060001:r1:PR1_HT1_EC0:fcee649143dd,S025,small,101,1060001,nsga2,p0026,aa19ecd037343251,6.249856845779573,3374.629141209726,-0.16666666666666666,0.567588917793766,0.16666666666666666,0.09705899477229743,False
S025@corridor@transition:i101:nsga2:s1060001:r1:PR1_HT1_EC0:fcee649143dd,S025,small,101,1060001,nsga2,p0027,043aa8b9d211db22,6.616349861970663,2388.3779521743268,-0.12195121951219512,0.4285380612026741,0.12195121951219512,0.23848039185721226,False
S025@corridor@transition:i101:nsga2:s1060001:r1:PR1_HT1_EC0:fcee649143dd,S025,small,101,1060001,nsga2,p0028,947386b43aadff72,6.904635258359354,704.0078882202506,-0.0,0.2431610942248377,0.0,,False
S025@corridor@transition:i101:nsga2:s1060001:r1:PR1_HT1_EC0:fcee649143dd,S025,small,101,1060001,nsga2,p0029,8ce9b0c32db37d16,6.604064881554189,2285.8554872748778,-0.0,0.43450928915450565,0.0,0.04778737828436956,False
S025@corridor@transition:i101:nsga2:s1060001:r1:PR1_HT1_EC0:fcee649143dd,S025,small,101,1060001,nsga2,p0030,5158fd3aa05e6f2d,6.5701306526149725,2333.7103012192733,-0.0,0.44345102973843753,0.0,0.030651244231162507,False
S025@corridor@transition:i101:nsga2:s1060001:r1:PR1_HT1_EC0:fcee649143dd,S025,small,101,1060001,nsga2,p0031,d6a9e3ba52323427,6.574284669348502,2311.0601687096546,-0.0,0.44277597444340533,0.0,0.017627829099258117,False
S025@corridor@transition:i101:nsga2:s1060001:r1:PR1_HT1_EC0:fcee649143dd,S025,small,101,1060001,nsga2,p0032,f2aa96908f6d8998,6.874240121581239,1149.6055622140414,-0.0,0.27355623100295323,0.0,0.21303572558844067,False
S025@corridor@transition:i101:nsga2:s1060001:r1:PR1_HT1_EC0:fcee649143dd,S025,small,101,1060001,nsga2,p0033,8d5a63dcd227d2d2,6.880831837991047,1055.598966942023,-0.0,0.2669645145931444,0.0,0.11571479338365921,False
S025@corridor@transition:i101:nsga2:s1060001:r1:PR1_HT1_EC0:fcee649143dd,S025,small,101,1060001,nsga2,p0034,095f1a4c37cef303,6.770420588128572,1860.5995778659335,-0.0,0.3469806276775043,0.0,0.06338084481580468,False
S025@corridor@transition:i101:nsga2:s1060001:r1:PR1_HT1_EC0:fcee649143dd,S025,small,101,1060001,nsga2,p0035,ebfe678f1d3ea05d,6.773899549567069,1841.3555105898593,-0.0,0.3435016662390064,0.0,0.019365449738218757,False
S025@corridor@transition:i101:nsga2:s1060001:r1:PR1_HT1_EC0:fcee649143dd,S025,small,101,1060001,nsga2,p0036,8639fedc8a1c58a1,6.688787063147219,2070.2997547997456,-0.0,0.3678238791026265,0.0,0.047980165553174844,False
S025@corridor@transition:i101:nsga2:s1060001:r1:PR1_HT1_EC0:fcee649143dd,S025,small,101,1060001,nsga2,p0037,a22e679368923521,6.684117930690247,2159.911800958638,-0.0,0.37249301155959835,0.0,0.0802712472271877,False
S025@corridor@transition:i101:nsga2:s1060001:r1:PR1_HT1_EC0:fcee649143dd,S025,small,101,1060001,nsga2,p0038,3dadf5e3f47ea6ef,6.792509897502747,1817.0023454634686,-0.0,0.33148303471313806,0.0,0.20200468423753,False
S025@corridor@transition:i101:nsga2:s1060001:r1:PR1_HT1_EC0:fcee649143dd,S025,small,101,1060001,nsga2,p0039,3a9af4cd4ff90ef9,6.716998024736528,2012.0897775835226,-0.0,0.3566668879637003,0.0,,False
S025@corridor@transition:i101:nsga2:s1060001:r1:PR1_HT1_EC1:5981db62a04a,S025,small,101,1060001,nsga2,p0001,d68de0edc8e5a9f5,6.819450198209346,1242.6058387527426,-0.0,0.332881678690351,0.0,0.3303033579479786,False
S025@corridor@transition:i101:nsga2:s1060001:r1:PR1_HT1_EC1:5981db62a04a,S025,small,101,1060001,nsga2,p0002,5d4cf4d372a4048a,6.916515930942219,1078.3611295928185,-0.0,0.2891416330587555,0.0,0.19133208809039504,False
S025@corridor@transition:i101:nsga2:s1060001:r1:PR1_HT1_EC1:5981db62a04a,S025,small,101,1060001,nsga2,p0003,01a73c1572d449c7,6.926394350395106,1076.6309956221558,-0.0,0.2891416330587555,0.0,0.4624606482198873,False
S025@corridor@transition:i101:nsga2:s1060001:r1:PR1_HT1_EC1:5981db62a04a,S025,small,101,1060001,nsga2,p0004,a3d99c41e465de13,6.827594983010299,1184.3027349587906,-0.0,0.32556085844074956,0.0,0.4188914216996041,False
S025@corridor@transition:i101:nsga2:s1060001:r1:PR1_HT1_EC1:5981db62a04a,S025,small,101,1060001,nsga2,p0005,cd18f4daab890a5c,6.90891714674769,1169.5901961316183,-0.0,0.29674041725328437,0.0,0.46277040242440126,False
S025@corridor@transition:i101:nsga2:s1060001:r1:PR1_HT1_EC1:5981db62a04a,S025,small,101,1060001,nsga2,p0006,90ef2f3fe6865887,6.811851414014816,1381.5544924120095,-0.0,0.3404804628848799,0.0,,True
S025@corridor@transition:i101:nsga2:s1060001:r1:PR1_HT1_EC1:5981db62a04a,S025,small,101,1060001,nsga2,p0007,0d237c9f0eaf13b7,6.96996105623165,882.2236576375433,-0.0,0.30395136778106,0.0,0.4624606482198873,False
S025@corridor@transition:i101:nsga2:s1060001:r1:PR1_HT1_EC1:5981db62a04a,S025,small,101,1060001,nsga2,p0008,762411102c43b8bc,7.014656996766921,811.7187111835295,-0.0,0.27106558581323154,0.0,0.2566184395120191,False
S025@corridor@transition:i101:nsga2:s1060001:r1:PR1_HT1_EC1:5981db62a04a,S025,small,101,1060001,nsga2,p0009,9f3ac71ae2953e80,6.979839475684511,880.4935236668807,-0.0,0.30395136778106313,0.0,0.2566184395120191,False
S025@corridor@transition:i101:nsga2:s1060001:r1:PR1_HT1_EC1:5981db62a04a,S025,small,101,1060001,nsga2,p0010,234b055ba55fd2f7,7.024535416219781,809.9885772128671,-0.0,0.27106558581323464,0.0,0.14793040005327934,False
S025@corridor@transition:i101:nsga2:s1060001:r1:PR1_HT1_EC1:5981db62a04a,S025,small,101,1060001,nsga2,p0011,d3ada5a0ccb00119,7.083942819149582,664.6181487923411,-0.0,0.24316109422482904,0.0,0.13175671625154245,False
S025@corridor@transition:i101:nsga2:s1060001:r1:PR1_HT1_EC1:5981db62a04a,S025,small,101,1060001,nsga2,p0012,3a187a1e0f6de221,7.093821238602444,662.8880148216786,-0.0,0.24316109422483215,0.0,,False
S025@corridor@transition:i101:nsga2:s1060001:r1:PR1_HT1_EC1:5981db62a04a,S025,small,101,1060001,nsga2,p0013,c35e743c090a05fe,7.052439907808184,774.7971176619396,-0.0,0.2693448566300342,0.0,0.1707190066226486,False
S025@corridor@transition:i101:nsga2:s1060001:r1:PR1_HT1_EC1:5981db62a04a,S025,small,101,1060001,nsga2,p0014,930d64555993e9b1,7.042561488355323,776.5272516326022,-0.0,0.2693448566300311,0.0,0.14793040005327934,False
S025@corridor@transition:i101:nsga2:s1060001:r1:PR1_HT1_EC1:5981db62a04a,S025,small,101,1060001,nsga2,p0015,8cb6c742b636ed63,7.068745250760525,720.5727002124717,-0.0,0.2583586626138868,0.0,0.1707190066226486,False
S025@corridor@transition:i101:nsga2:s1060001:r1:PR1_HT1_EC1:5981db62a04a,S025,small,101,1060001,nsga2,p0016,f5e367dc90be133b,7.078623670213386,718.8425662418092,-0.0,0.2583586626138899,0.0,0.13175671625154245,False
S025@corridor@transition:i102:nsga2:s1070000:r0:PR0_HT1_EC1:9d86b7f399ae,S025,small,102,1070000,nsga2,p0001,ec28acedbe95bb7e,4.721005461811413,3379.002190434665,-0.8755301794452158,0.899999999999826,0.8755301794452158,,True
S025@corridor@transition:i102:nsga2:s1070000:r0:PR0_HT1_EC1:9d86b7f399ae,S025,small,102,1070000,nsga2,p0002,4c41b061ed00adfe,5.5048838007583205,3021.5112349976353,-0.7329842931937173,0.8010810954580719,0.7329842931937173,0.41339845008150405,False
S025@corridor@transition:i102:nsga2:s1070000:r0:PR0_HT1_EC1:9d86b7f399ae,S025,small,102,1070000,nsga2,p0003,60a7a71ada2129d6,5.424413063384044,2953.8747974467756,-0.7258064516129032,0.8199682720660653,0.7258064516129032,0.5301482462897515,False
S025@corridor@transition:i102:nsga2:s1070000:r0:PR0_HT1_EC1:9d86b7f399ae,S025,small,102,1070000,nsga2,p0004,52ef437ad6c398de,5.669043720861626,2924.261575483772,-0.5645161290322581,0.7341349742858824,0.5645161290322581,1.350019934338547,False
S025@corridor@transition:i102:nsga2:s1070000:r0:PR0_HT1_EC1:9d86b7f399ae,S025,small,102,1070000,nsga2,p0005,5463c3984578e4ce,6.550311645636121,2000.087875344111,-0.4435483870967742,0.5722605546128511,0.4435483870967742,1.3103571818169653,False
S025@corridor@transition:i102:nsga2:s1070000:r0:PR0_HT1_EC1:9d86b7f399ae,S025,small,102,1070000,nsga2,p0006,72b77703bba2f71c,6.925979801821777,1481.820767861317,-0.28225806451612906,0.44609759222689777,0.28225806451612906,0.6618876721220517,False
S025@corridor@transition:i102:nsga2:s1070000:r0:PR0_HT1_EC1:9d86b7f399ae,S025,small,102,1070000,nsga2,p0007,3ba76f66ba8fbcc3,6.957419619319288,1476.6765051013667,-0.16129032258064516,0.4212108546769617,0.16129032258064516,0.19609432655639214,False
S025@corridor@transition:i102:nsga2:s1070000:r0:PR0_HT1_EC1:9d86b7f399ae,S025,small,102,1070000,nsga2,p0008,656e6c66558a6b26,6.970280341067012,1473.287941005166,-0.1282051282051282,0.41340658776644235,0.1282051282051282,0.29301906543405365,False
S025@corridor@transition:i102:nsga2:s1070000:r0:PR0_HT1_EC1:9d86b7f399ae,S025,small,102,1070000,nsga2,p0009,4bb5cd5086b1a2f1,7.1754849956214795,1008.6780196162929,-0.12096774193548387,0.3208015924087447,0.12096774193548387,0.3452743133784181,False
S025@corridor@transition:i102:nsga2:s1070000:r0:PR0_HT1_EC1:9d86b7f399ae,S025,small,102,1070000,nsga2,p0010,ad316931e7926ee3,7.187094530406259,1001.9046928767319,-0.042735042735042736,0.3091920576239657,0.042735042735042736,0.3638094348519222,False
S025@corridor@transition:i102:nsga2:s1070000:r0:PR0_HT1_EC1:9d86b7f399ae,S025,small,102,1070000,nsga2,p0011,36e6ed63c47e90d1,7.299694189603029,497.23063206382767,-0.0,0.19659239842719517,0.0,,False
S025@corridor@transition:i102:nsga2:s1070000:r0:PR1_HT0_EC1:0f8ad9cd5a7c,S025,small,102,1070000,nsga2,p0001,f8f445298b19c215,3.8955387140397315,3973.8086358110254,-0.8977095516567817,0.8999999999998132,0.8977095516567817,,True
S025@corridor@transition:i102:nsga2:s1070000:r0:PR1_HT0_EC1:0f8ad9cd5a7c,S025,small,102,1070000,nsga2,p0002,5739e6a4f96f9e90,3.8416230724186136,3829.589963642787,-0.8950385356453656,0.8999999999998471,0.8950385356453656,,False
S025@corridor@transition:i102:nsga2:s1070000:r0:PR1_HT0_EC1:0f8ad9cd5a7c,S025,small,102,1070000,nsga2,p0003,23269c5aa98a08a6,4.721005461811413,3403.5760776553984,-0.8755301794452158,0.899999999999826,0.8755301794452158,0.951809955854233,False
S025@corridor@transition:i102:nsga2:s1070000:r0:PR1_HT0_EC1:0f8ad9cd5a7c,S025,small,102,1070000,nsga2,p0004,5d0aa9318c44eb59,5.721517584140953,3182.4975390530453,-0.6629834254143646,0.7481708298610068,0.6629834254143646,0.5290748147598273,False
S025@corridor@transition:i102:nsga2:s1070000:r0:PR1_HT0_EC1:0f8ad9cd5a7c,S025,small,102,1070000,nsga2,p0005,6fb8966c6bcdbb5d,5.649416910223626,3022.898246126714,-0.6451612903225806,0.7601142997663249,0.6451612903225806,0.7077624442527419,False
S025@corridor@transition:i102:nsga2:s1070000:r0:PR1_HT0_EC1:0f8ad9cd5a7c,S025,small,102,1070000,nsga2,p0006,c5c638d5c3d9a663,6.212938811562757,2421.42530897767,-0.4838709677419355,0.6405130436375078,0.4838709677419355,0.5625254690569087,False
S025@corridor@transition:i102:nsga2:s1070000:r0:PR1_HT0_EC1:0f8ad9cd5a7c,S025,small,102,1070000,nsga2,p0007,3da07a52fb207450,6.550311645636121,2026.3730795517795,-0.4435483870967742,0.5722605546128511,0.4435483870967742,0.2643289896525081,False
S025@corridor@transition:i102:nsga2:s1070000:r0:PR1_HT0_EC1:0f8ad9cd5a7c,S025,small,102,1070000,nsga2,p0008,dc437494256d5eb6,6.27778982751454,2407.274249748641,-0.4435483870967742,0.6192877230759144,0.4435483870967742,0.3459450185529219,False
S025@corridor@transition:i102:nsga2:s1070000:r0:PR1_HT0_EC1:0f8ad9cd5a7c,S025,small,102,1070000,nsga2,p0009,c159294d4f9256a6,6.656859456773069,2005.117081355888,-0.3225806451612903,0.5234426592296603,0.3225806451612903,0.40355088404024825,False
S025@corridor@transition:i102:nsga2:s1070000:r0:PR1_HT0_EC1:0f8ad9cd5a7c,S025,small,102,1070000,nsga2,p0010,2948d6c5e756be7b,6.642930166438765,2011.5664685702777,-0.29914529914529914,0.5239425730554416,0.29914529914529914,0.21163089283189848,False
S025@corridor@transition:i102:nsga2:s1070000:r0:PR1_HT0_EC1:0f8ad9cd5a7c,S025,small,102,1070000,nsga2,p0011,598501af70f1fd8a,7.0105582512702895,1510.426452665662,-0.16574585635359115,0.39336518709128004,0.16574585635359115,0.2934327743380698,False
S025@corridor@transition:i102:nsga2:s1070000:r0:PR1_HT0_EC1:0f8ad9cd5a7c,S025,small,102,1070000,nsga2,p0012,6e1e15960c8fcc82,7.011068519864057,1506.2993506358862,-0.16574585635359115,0.39315424351950984,0.16574585635359115,0.01042930683372566,False
S025@corridor@transition:i102:nsga2:s1070000:r0:PR1_HT0_EC1:0f8ad9cd5a7c,S025,small,102,1070000,nsga2,p0013,7ed4ed42bd7131a3,6.983709717575535,1498.7167095164098,-0.16129032258064516,0.4095449217848416,0.16129032258064516,0.11439495993451369,False
S025@corridor@transition:i102:nsga2:s1070000:r0:PR1_HT0_EC1:0f8ad9cd5a7c,S025,small,102,1070000,nsga2,p0014,325e852c20eba4de,7.017812924375912,1484.3607416573727,-0.15706806282722513,0.3882485498576181,0.15706806282722513,0.2163233911116701,False
S025@corridor@transition:i102:nsga2:s1070000:r0:PR1_HT0_EC1:0f8ad9cd5a7c,S025,small,102,1070000,nsga2,p0015,fbf6aa8fa4067967,7.006388087290334,1493.6022766017793,-0.1282051282051282,0.3972574064078419,0.1282051282051282,0.05210716628290662,False
S025@corridor@transition:i102:nsga2:s1070000:r0:PR1_HT0_EC1:0f8ad9cd5a7c,S025,small,102,1070000,nsga2,p0016,edd5f397c069504b,7.1754849956214795,1034.9632238239615,-0.12096774193548387,0.3208015924087447,0.12096774193548387,0.35179546229039743,False
S025@corridor@transition:i102:nsga2:s1070000:r0:PR1_HT0_EC1:0f8ad9cd5a7c,S025,small,102,1070000,nsga2,p0017,845b0617d6f7862e,7.299694189603029,497.23063206382767,-0.0,0.19659239842719517,0.0,,False
S025@corridor@transition:i102:nsga2:s1070000:r0:PR1_HT0_EC1:0f8ad9cd5a7c,S025,small,102,1070000,nsga2,p0018,c1036326d9f0f9e4,7.207630364956373,889.1321476530252,-0.0,0.28865622307385164,0.0,0.1564694346388456,False
S025@corridor@transition:i102:nsga2:s1070000:r0:PR1_HT0_EC1:0f8ad9cd5a7c,S025,small,102,1070000,nsga2,p0019,573b49a75dbfa7a9,7.196662240933181,937.6254709003279,-0.0,0.2996243470970428,0.0,,False
S025@corridor@transition:i102:nsga2:s1070000:r0:PR1_HT1_EC0:8fbc426fe68e,S025,small,102,1070000,nsga2,p0001,fc50ce85bcabe4b2,4.215202153176456,4210.121476932916,-0.8755301794452136,0.89999999999989,0.8755301794452136,,False
S025@corridor@transition:i102:nsga2:s1070000:r0:PR1_HT1_EC0:8fbc426fe68e,S025,small,102,1070000,nsga2,p0002,0d9d3152bdf41867,4.211523217373897,4285.524384253617,-0.8755301794451508,0.8999999999998395,0.8755301794451508,,True
S025@corridor@transition:i102:nsga2:s1070000:r0:PR1_HT1_EC0:8fbc426fe68e,S025,small,102,1070000,nsga2,p0003,d5e2eb940881c856,4.328848892747315,4071.847026242334,-0.875530179445167,0.8999999999998524,0.875530179445167,0.47243650034192713,False
S025@corridor@transition:i102:nsga2:s1070000:r0:PR1_HT1_EC0:8fbc426fe68e,S025,small,102,1070000,nsga2,p0004,bb6023e24f046608,4.242581553045056,4080.301270960677,-0.8755301794452139,0.8999999999998901,0.8755301794452139,0.17631283997518932,False
S025@corridor@transition:i102:nsga2:s1070000:r0:PR1_HT1_EC0:8fbc426fe68e,S025,small,102,1070000,nsga2,p0005,ce45fa4c6daf552d,5.190415718365358,3445.4862932207698,-0.7853403141361257,0.8464918367591251,0.7853403141361257,0.321094563219998,False
S025@corridor@transition:i102:nsga2:s1070000:r0:PR1_HT1_EC0:8fbc426fe68e,S025,small,102,1070000,nsga2,p0006,49f4df3ec843c65e,5.184052788449702,3368.1875074483582,-0.7661290322580645,0.8471026696190072,0.7661290322580645,0.41765937199126074,False
S025@corridor@transition:i102:nsga2:s1070000:r0:PR1_HT1_EC0:8fbc426fe68e,S025,small,102,1070000,nsga2,p0007,ec778c6af82bbd24,5.216153165520179,3359.6840550463307,-0.6837606837606838,0.823931449600816,0.6837606837606838,0.16518349249787884,False
S025@corridor@transition:i102:nsga2:s1070000:r0:PR1_HT1_EC0:8fbc426fe68e,S025,small,102,1070000,nsga2,p0008,81e95628efeb39b4,5.2798583583346925,3325.3417910280573,-0.6451612903225806,0.7989646196160911,0.6451612903225806,0.24416301186145406,False
S025@corridor@transition:i102:nsga2:s1070000:r0:PR1_HT1_EC0:8fbc426fe68e,S025,small,102,1070000,nsga2,p0009,dd109b2a5901c795,5.264158824522969,3356.2954909501304,-0.6451612903225806,0.8058785496878806,0.6451612903225806,0.03260766044515681,False
S025@corridor@transition:i102:nsga2:s1070000:r0:PR1_HT1_EC0:8fbc426fe68e,S025,small,102,1070000,nsga2,p0010,cf38b59c081b1f78,5.2761100844332045,3327.600833758858,-0.6410256410256411,0.8030366743824238,0.6410256410256411,0.032544719895307314,False
S025@corridor@transition:i102:nsga2:s1070000:r0:PR1_HT1_EC0:8fbc426fe68e,S025,small,102,1070000,nsga2,p0011,7d71bc1c6588a0fd,5.8403151566972875,3226.055394651502,-0.6282722513089005,0.7240076133658494,0.6282722513089005,0.10137935851862107,False
S025@corridor@transition:i102:nsga2:s1070000:r0:PR1_HT1_EC0:8fbc426fe68e,S025,small,102,1070000,nsga2,p0012,9d6a84ced497b179,5.834563059641514,3139.9195874972784,-0.6048387096774194,0.7249154090693141,0.6048387096774194,0.09210411323554034,False
S025@corridor@transition:i102:nsga2:s1070000:r0:PR1_HT1_EC0:8fbc426fe68e,S025,small,102,1070000,nsga2,p0013,db8de39b36f5d060,5.903889914936996,3139.38988435757,-0.5759162303664922,0.6956676862961194,0.5759162303664922,0.07623126582020193,False
S025@corridor@transition:i102:nsga2:s1070000:r0:PR1_HT1_EC0:8fbc426fe68e,S025,small,102,1070000,nsga2,p0014,3ce3e37f425d37e8,5.868847354243383,3114.476355525128,-0.5645161290322581,0.7089647720694959,0.5645161290322581,0.0505914275329763,False
S025@corridor@transition:i102:nsga2:s1070000:r0:PR1_HT1_EC0:8fbc426fe68e,S025,small,102,1070000,nsga2,p0015,07e8e00b0f8a42f5,5.950388281666236,3100.060727975451,-0.5555555555555556,0.6944840831289029,0.5555555555555556,0.184016646157839,False
S025@corridor@transition:i102:nsga2:s1070000:r0:PR1_HT1_EC0:8fbc426fe68e,S025,small,102,1070000,nsga2,p0016,929113d9f1cf656f,5.811200794745219,3125.6303578702054,-0.5128205128205128,0.7198497710308039,0.5128205128205128,0.2825420464614958,False
S025@corridor@transition:i102:nsga2:s1070000:r0:PR1_HT1_EC0:8fbc426fe68e,S025,small,102,1070000,nsga2,p0017,26abb00d9d86cffa,6.16129706530286,2885.304944717846,-0.4712041884816754,0.6379406927136497,0.4712041884816754,0.07760883597610578,False
S025@corridor@transition:i102:nsga2:s1070000:r0:PR1_HT1_EC0:8fbc426fe68e,S025,small,102,1070000,nsga2,p0018,a6dc1a5b70f24482,6.247220754374321,2860.961588677967,-0.4712041884816754,0.6157198381894539,0.4712041884816754,0.09056260730012088,False
S025@corridor@transition:i102:nsga2:s1070000:r0:PR1_HT1_EC0:8fbc426fe68e,S025,small,102,1070000,nsga2,p0019,5a42808a4be2a188,6.240105590717552,2863.220631408768,-0.4712041884816754,0.6164956697439601,0.4712041884816754,0.011829662247418275,False
S025@corridor@transition:i102:nsga2:s1070000:r0:PR1_HT1_EC0:8fbc426fe68e,S025,small,102,1070000,nsga2,p0020,66ec51c679f0a811,6.216235048083722,2870.2402687705535,-0.4712041884816754,0.6221209895106964,0.4712041884816754,0.07155576828955146,False
S025@corridor@transition:i102:nsga2:s1070000:r0:PR1_HT1_EC0:8fbc426fe68e,S025,small,102,1070000,nsga2,p0021,1f60b4eb9d1159e0,6.188108260170005,2849.3354078395855,-0.42735042735042733,0.6298820775726542,0.42735042735042733,0.1947507357485792,False
S025@corridor@transition:i102:nsga2:s1070000:r0:PR1_HT1_EC0:8fbc426fe68e,S025,small,102,1070000,nsga2,p0022,c660e1f0049d7304,6.136650285928104,2926.576544613943,-0.42735042735042733,0.6482631898556552,0.42735042735042733,0.13981692964208164,False
S025@corridor@transition:i102:nsga2:s1070000:r0:PR1_HT1_EC0:8fbc426fe68e,S025,small,102,1070000,nsga2,p0023,ee9317cfd79dfd74,6.537558421884067,2352.964114138894,-0.4143646408839779,0.5587160940919347,0.4143646408839779,0.18965037323591818,False
S025@corridor@transition:i102:nsga2:s1070000:r0:PR1_HT1_EC0:8fbc426fe68e,S025,small,102,1070000,nsga2,p0024,b6f996c24147d4c9,6.183605873666641,2867.7653213926164,-0.4032258064516129,0.6302070243989251,0.4032258064516129,0.03531355846907051,False
S025@corridor@transition:i102:nsga2:s1070000:r0:PR1_HT1_EC0:8fbc426fe68e,S025,small,102,1070000,nsga2,p0025,b9bd6c1a72193a4f,6.556417512573782,2291.0567142947484,-0.39267015706806285,0.5484557093352105,0.39267015706806285,0.1239534480102907,False
S025@corridor@transition:i102:nsga2:s1070000:r0:PR1_HT1_EC0:8fbc426fe68e,S025,small,102,1070000,nsga2,p0026,21581d8c61163e9a,6.509870318094218,2273.5170909695184,-0.3629032258064516,0.5620054940501473,0.3629032258064516,0.4510389298857836,False
S025@corridor@transition:i102:nsga2:s1070000:r0:PR1_HT1_EC0:8fbc426fe68e,S025,small,102,1070000,nsga2,p0027,dc7efe3606389d3c,6.774338475453999,1925.1205225275542,-0.31413612565445026,0.4848295755395665,0.31413612565445026,0.15643402898919828,False
S025@corridor@transition:i102:nsga2:s1070000:r0:PR1_HT1_EC0:8fbc426fe68e,S025,small,102,1070000,nsga2,p0028,ebc22ec78c55a67e,6.822819118066349,1887.4190688672031,-0.31413612565445026,0.47003150820043804,0.31413612565445026,0.07297589761492299,False
S025@corridor@transition:i102:nsga2:s1070000:r0:PR1_HT1_EC0:8fbc426fe68e,S025,small,102,1070000,nsga2,p0029,c0c1fc241f77c507,6.508459341670265,2292.367817799694,-0.29914529914529914,0.5570135762111696,0.29914529914529914,0.1378019854737409,False
S025@corridor@transition:i102:nsga2:s1070000:r0:PR1_HT1_EC0:8fbc426fe68e,S025,small,102,1070000,nsga2,p0030,57d175baffb1590e,6.770896936374542,1905.7958260844514,-0.28225806451612906,0.4866417255030375,0.28225806451612906,0.05611966464655597,False
S025@corridor@transition:i102:nsga2:s1070000:r0:PR1_HT1_EC0:8fbc426fe68e,S025,small,102,1070000,nsga2,p0031,2721de4a6854565a,6.941346367879781,1850.8846612186808,-0.2617801047120419,0.4242634676560457,0.2617801047120419,0.03353919415509183,False
S025@corridor@transition:i102:nsga2:s1070000:r0:PR1_HT1_EC0:8fbc426fe68e,S025,small,102,1070000,nsga2,p0032,538220dc36aff393,6.784855669744627,1876.6271992802517,-0.2617801047120419,0.47229083868568394,0.2617801047120419,0.02213022482860293,False
S025@corridor@transition:i102:nsga2:s1070000:r0:PR1_HT1_EC0:8fbc426fe68e,S025,small,102,1070000,nsga2,p0033,633994e84433dd53,6.934484912008222,1850.8846612186805,-0.2564102564102564,0.4285592804812514,0.2564102564102564,0.06348638183578922,False
S025@corridor@transition:i102:nsga2:s1070000:r0:PR1_HT1_EC0:8fbc426fe68e,S025,small,102,1070000,nsga2,p0034,0e01ee2cbe6870e6,6.762755129787318,1877.756720645652,-0.24193548387096775,0.486078046437685,0.24193548387096775,0.1211111521874453,False
S025@corridor@transition:i102:nsga2:s1070000:r0:PR1_HT1_EC0:8fbc426fe68e,S025,small,102,1070000,nsga2,p0035,89a39ddc0427e7fa,6.773533906523888,1876.6271992802517,-0.21367521367521367,0.47961449226506037,0.21367521367521367,0.04504309809870225,False
S025@corridor@transition:i102:nsga2:s1070000:r0:PR1_HT1_EC0:8fbc426fe68e,S025,small,102,1070000,nsga2,p0036,539c8197b9fe0771,6.9480269103416665,1839.9842324493438,-0.2094240837696335,0.4137772213421223,0.2094240837696335,0.01273810647418172,False
S025@corridor@transition:i102:nsga2:s1070000:r0:PR1_HT1_EC0:8fbc426fe68e,S025,small,102,1070000,nsga2,p0037,44dc953eab97cdf2,6.957484841620203,1827.287158415237,-0.2094240837696335,0.4099209440480723,0.2094240837696335,0.058333069476581026,False
S025@corridor@transition:i102:nsga2:s1070000:r0:PR1_HT1_EC0:8fbc426fe68e,S025,small,102,1070000,nsga2,p0038,f15db4dec8a964a3,6.944844794472122,1841.6431262742742,-0.17094017094017094,0.4166813925482849,0.17094017094017094,0.0549284033061374,False
S025@corridor@transition:i102:nsga2:s1070000:r0:PR1_HT1_EC0:8fbc426fe68e,S025,small,102,1070000,nsga2,p0039,f6ac60db45fe92fd,7.064883632643514,1586.5020499272482,-0.16574585635359115,0.37090723038955586,0.16574585635359115,0.08600484025617888,False
S025@corridor@transition:i102:nsga2:s1070000:r0:PR1_HT1_EC0:8fbc426fe68e,S025,small,102,1070000,nsga2,p0040,0a50e80eda4f8784,7.060177773835461,1564.5634409487348,-0.16129032258064516,0.3756130891976084,0.16129032258064516,0.015308227046193952,False
S025@corridor@transition:i102:nsga2:s1070000:r0:PR1_HT1_EC0:8fbc426fe68e,S025,small,102,1070000,nsga2,p0041,06a7db589f8f9d2a,6.967558687670083,1809.4756514664994,-0.15706806282722513,0.3980511478657443,0.15706806282722513,0.13342990754993134,False
S025@corridor@transition:i102:nsga2:s1070000:r0:PR1_HT1_EC0:8fbc426fe68e,S025,small,102,1070000,nsga2,p0042,674d9d2a9383d5a4,7.056556000361754,1569.6778738633654,-0.1282051282051282,0.3748198185957004,0.1282051282051282,0.09558194111565468,False
S025@corridor@transition:i102:nsga2:s1070000:r0:PR1_HT1_EC0:8fbc426fe68e,S025,small,102,1070000,nsga2,p0043,94f10a966cac0dd3,7.096258227839591,1559.4490080341043,-0.10471204188481675,0.3485016956764069,0.10471204188481675,0.37253992110178324,False
S025@corridor@transition:i102:nsga2:s1070000:r0:PR1_HT1_EC0:8fbc426fe68e,S025,small,102,1070000,nsga2,p0044,3bc12b283bc695b5,7.299694189603029,497.23063206382767,-0.0,0.19659239842719517,0.0,,False
S025@corridor@transition:i102:nsga2:s1070000:r0:PR1_HT1_EC0:8fbc426fe68e,S025,small,102,1070000,nsga2,p0045,ffe70fe6e6cc549d,7.234783420530259,916.415996318924,-0.0,0.261503167499965,0.0,0.22746147992584528,False
S025@corridor@transition:i102:nsga2:s1070000:r0:PR1_HT1_EC0:8fbc426fe68e,S025,small,102,1070000,nsga2,p0046,ff1ce977931c92f2,7.239198464605875,859.8638158283977,-0.0,0.2570881234243492,0.0,0.006458211718203247,False
S025@corridor@transition:i102:nsga2:s1070000:r0:PR1_HT1_EC0:8fbc426fe68e,S025,small,102,1070000,nsga2,p0047,70c2bc86b1bea398,7.23536069021565,868.3966426845489,-0.0,0.2609258978145744,0.0,0.016357801912451002,False
S025@corridor@transition:i102:nsga2:s1070000:r0:PR1_HT1_EC0:8fbc426fe68e,S025,small,102,1070000,nsga2,p0048,a6cfe6dc4300923a,7.273481869812727,744.1091496740238,-0.0,0.22280471821749662,0.0,0.23949546601232896,False
S025@corridor@transition:i102:nsga2:s1070000:r0:PR1_HT1_EC0:8fbc426fe68e,S025,small,102,1070000,nsga2,p0049,4dd48daf2b99b470,7.241614445141227,851.6025974786835,-0.0,0.25467214288899637,0.0,0.009762939351138193,False
S025@corridor@transition:i102:nsga2:s1070000:r0:PR1_HT1_EC0:8fbc426fe68e,S025,small,102,1070000,nsga2,p0050,fa578f940c6f8fee,7.248167525088803,833.8813920139082,-0.0,0.24811906294142103,0.0,,False
S025@corridor@transition:i102:nsga2:s1070000:r0:PR1_HT1_EC1:53750258a23e,S025,small,102,1070000,nsga2,p0001,42ce622f2263979e,4.215202153176456,4208.837989192714,-0.8755301794452136,0.89999999999989,0.8755301794452136,,False
S025@corridor@transition:i102:nsga2:s1070000:r0:PR1_HT1_EC1:53750258a23e,S025,small,102,1070000,nsga2,p0002,01fd922e6c6bab01,4.242581553045056,4080.301270960677,-0.8755301794452139,0.8999999999998901,0.8755301794452139,0.05532309868028373,False
S025@corridor@transition:i102:nsga2:s1070000:r0:PR1_HT1_EC1:53750258a23e,S025,small,102,1070000,nsga2,p0003,96f82c4bc0e9d293,4.211523217373897,4285.524384253617,-0.8755301794451508,0.8999999999998395,0.8755301794451508,,False
S025@corridor@transition:i102:nsga2:s1070000:r0:PR1_HT1_EC1:53750258a23e,S025,small,102,1070000,nsga2,p0004,42bb8af4a0f11844,4.241883126193066,4176.381608331334,-0.8755301794452233,0.8999999999998975,0.8755301794452233,0.04233278597048994,False
S025@corridor@transition:i102:nsga2:s1070000:r0:PR1_HT1_EC1:53750258a23e,S025,small,102,1070000,nsga2,p0005,e9436986301a756e,4.328848892747315,4071.847026242334,-0.875530179445167,0.8999999999998524,0.875530179445167,0.4699616182676678,False
S025@corridor@transition:i102:nsga2:s1070000:r0:PR1_HT1_EC1:53750258a23e,S025,small,102,1070000,nsga2,p0006,9c3658b2a0db775f,4.2033467442665,4335.258567662476,-0.8755301794452136,0.89999999999989,0.8755301794452136,,True
S025@corridor@transition:i102:nsga2:s1070000:r0:PR1_HT1_EC1:53750258a23e,S025,small,102,1070000,nsga2,p0007,805ae7aaab738d78,5.190415718365358,3443.5610616104673,-0.7853403141361257,0.8464918367591251,0.7853403141361257,0.31916179125025634,False
S025@corridor@transition:i102:nsga2:s1070000:r0:PR1_HT1_EC1:53750258a23e,S025,small,102,1070000,nsga2,p0008,3a3de1d450394501,5.184052788449702,3366.2622758380558,-0.7661290322580645,0.8471026696190072,0.7661290322580645,0.4166291533269562,False
S025@corridor@transition:i102:nsga2:s1070000:r0:PR1_HT1_EC1:53750258a23e,S025,small,102,1070000,nsga2,p0009,032f57b3d14df0b6,5.216153165520179,3357.7588234360283,-0.6837606837606838,0.823931449600816,0.6837606837606838,0.16507975734227812,False
S025@corridor@transition:i102:nsga2:s1070000:r0:PR1_HT1_EC1:53750258a23e,S025,small,102,1070000,nsga2,p0010,4b9280956e669a6a,5.264158824522969,3354.370259339828,-0.6451612903225806,0.8058785496878806,0.6451612903225806,0.07653352282669579,False
S025@corridor@transition:i102:nsga2:s1070000:r0:PR1_HT1_EC1:53750258a23e,S025,small,102,1070000,nsga2,p0011,ff393cf8f8094bd7,5.2761100844332045,3325.6756021485553,-0.6410256410256411,0.8030366743824238,0.6410256410256411,0.236940992076267,False
S025@corridor@transition:i102:nsga2:s1070000:r0:PR1_HT1_EC1:53750258a23e,S025,small,102,1070000,nsga2,p0012,cdec131c9b045012,5.8403151566972875,3226.055394651502,-0.6282722513089005,0.7240076133658494,0.6282722513089005,0.1008027601978952,False
S025@corridor@transition:i102:nsga2:s1070000:r0:PR1_HT1_EC1:53750258a23e,S025,small,102,1070000,nsga2,p0013,bb3b0f61f5fa667c,5.834563059641514,3139.9195874972784,-0.6048387096774194,0.7249154090693141,0.6048387096774194,0.2909429544790592,False
S025@corridor@transition:i102:nsga2:s1070000:r0:PR1_HT1_EC1:53750258a23e,S025,small,102,1070000,nsga2,p0014,839ffd2a9413d7f4,5.868847354243383,3088.2448350281466,-0.5645161290322581,0.7089647720694959,0.5645161290322581,0.30392405410928675,False
S025@corridor@transition:i102:nsga2:s1070000:r0:PR1_HT1_EC1:53750258a23e,S025,small,102,1070000,nsga2,p0015,7545b00823226646,6.240105590717552,2863.220631408768,-0.4712041884816754,0.6164956697439601,0.4712041884816754,0.30189265160375645,False
S025@corridor@transition:i102:nsga2:s1070000:r0:PR1_HT1_EC1:53750258a23e,S025,small,102,1070000,nsga2,p0016,ad284ed9bb5f2bc8,6.16129706530286,2885.304944717846,-0.4712041884816754,0.6379406927136497,0.4712041884816754,0.3787810164763522,False
S025@corridor@transition:i102:nsga2:s1070000:r0:PR1_HT1_EC1:53750258a23e,S025,small,102,1070000,nsga2,p0017,59c39bd33ef64e56,6.247220754374321,2860.961588677967,-0.4712041884816754,0.6157198381894539,0.4712041884816754,0.09085037046005931,False
S025@corridor@transition:i102:nsga2:s1070000:r0:PR1_HT1_EC1:53750258a23e,S025,small,102,1070000,nsga2,p0018,7cbc02d64d791d9d,6.190389747813013,2880.233704915056,-0.4700854700854701,0.6366430346482348,0.4700854700854701,0.07021929661482695,False
S025@corridor@transition:i102:nsga2:s1070000:r0:PR1_HT1_EC1:53750258a23e,S025,small,102,1070000,nsga2,p0019,6aeed0ac11ab4dcd,6.232624396421143,2849.5470556426853,-0.42735042735042733,0.6191381973017807,0.42735042735042733,0.1881646695240454,False
S025@corridor@transition:i102:nsga2:s1070000:r0:PR1_HT1_EC1:53750258a23e,S025,small,102,1070000,nsga2,p0020,f5ac9e12dbdf513a,6.136650285928104,2926.576544613943,-0.42735042735042733,0.6482631898556552,0.42735042735042733,0.1473259888341627,False
S025@corridor@transition:i102:nsga2:s1070000:r0:PR1_HT1_EC1:53750258a23e,S025,small,102,1070000,nsga2,p0021,6ddf5728ffbce4b7,6.188108260170005,2859.6533078136104,-0.42735042735042733,0.6298820775726542,0.42735042735042733,0.05198046144121286,False
S025@corridor@transition:i102:nsga2:s1070000:r0:PR1_HT1_EC1:53750258a23e,S025,small,102,1070000,nsga2,p0022,b9bd6c1a72193a4f,6.556417512573782,2291.0567142947484,-0.39267015706806285,0.5484557093352105,0.39267015706806285,0.24153292540270405,False
S025@corridor@transition:i102:nsga2:s1070000:r0:PR1_HT1_EC1:53750258a23e,S025,small,102,1070000,nsga2,p0023,8f75a07b588ca81b,6.515986526045393,2367.581746367237,-0.3629032258064516,0.5620054940501349,0.3629032258064516,0.09165796634882444,False
S025@corridor@transition:i102:nsga2:s1070000:r0:PR1_HT1_EC1:53750258a23e,S025,small,102,1070000,nsga2,p0024,1b7189b25e06d77b,6.5441546126965155,2319.0958197335476,-0.3225806451612903,0.5460548570500189,0.3225806451612903,0.07717442559600413,False
S025@corridor@transition:i102:nsga2:s1070000:r0:PR1_HT1_EC1:53750258a23e,S025,small,102,1070000,nsga2,p0025,ceb896d36b09a416,6.774338475453999,1925.1205225275542,-0.31413612565445026,0.4848295755395665,0.31413612565445026,0.11644650335658126,False
S025@corridor@transition:i102:nsga2:s1070000:r0:PR1_HT1_EC1:53750258a23e,S025,small,102,1070000,nsga2,p0026,3bac87766dd1ab22,6.822819118066349,1887.4190688672031,-0.31413612565445026,0.47003150820043804,0.31413612565445026,0.33639907657919743,False
S025@corridor@transition:i102:nsga2:s1070000:r0:PR1_HT1_EC1:53750258a23e,S025,small,102,1070000,nsga2,p0027,4f1d4bc135f18f8d,6.51457554962144,2386.4324731974125,-0.29914529914529914,0.5570135762111572,0.29914529914529914,0.22949920399180931,False
S025@corridor@transition:i102:nsga2:s1070000:r0:PR1_HT1_EC1:53750258a23e,S025,small,102,1070000,nsga2,p0028,c1c226b58c48e18d,6.536460461554876,2352.3085623864213,-0.29914529914529914,0.5474209451842169,0.29914529914529914,0.3929899117757857,False
S025@corridor@transition:i102:nsga2:s1070000:r0:PR1_HT1_EC1:53750258a23e,S025,small,102,1070000,nsga2,p0029,45fc42d13764beaa,6.522976477989369,2294.626860530495,-0.28225806451612906,0.5488993341549967,0.28225806451612906,0.05659511352205758,False
S025@corridor@transition:i102:nsga2:s1070000:r0:PR1_HT1_EC1:53750258a23e,S025,small,102,1070000,nsga2,p0030,8ef4bac82e801e37,6.941346367879781,1850.8846612186808,-0.2617801047120419,0.4242634676560457,0.2617801047120419,0.03060286300029704,False
S025@corridor@transition:i102:nsga2:s1070000:r0:PR1_HT1_EC1:53750258a23e,S025,small,102,1070000,nsga2,p0031,18253433f1b9503e,6.78744463534915,1878.8862420110522,-0.2617801047120419,0.4717234156444158,0.2617801047120419,0.02460243488680109,False
S025@corridor@transition:i102:nsga2:s1070000:r0:PR1_HT1_EC1:53750258a23e,S025,small,102,1070000,nsga2,p0032,aa1b4f3f9073b939,6.934484912008222,1850.8846612186805,-0.2564102564102564,0.4285592804812514,0.2564102564102564,0.05112017375801006,False
S025@corridor@transition:i102:nsga2:s1070000:r0:PR1_HT1_EC1:53750258a23e,S025,small,102,1070000,nsga2,p0033,c4f95e7f863d2201,6.766003359969503,1898.3925205937005,-0.2564102564102564,0.48857937139977864,0.2564102564102564,0.12039396591313958,False
S025@corridor@transition:i102:nsga2:s1070000:r0:PR1_HT1_EC1:53750258a23e,S025,small,102,1070000,nsga2,p0034,f60a54597e571621,6.949298222046798,1819.7045172957608,-0.22099447513812154,0.41554192057512357,0.22099447513812154,0.06306751370397604,False
S025@corridor@transition:i102:nsga2:s1070000:r0:PR1_HT1_EC1:53750258a23e,S025,small,102,1070000,nsga2,p0035,595252e33c3c5a1f,6.773533906523888,1876.6271992802517,-0.21367521367521367,0.47961449226506037,0.21367521367521367,0.023203052204502424,False
S025@corridor@transition:i102:nsga2:s1070000:r0:PR1_HT1_EC1:53750258a23e,S025,small,102,1070000,nsga2,p0036,539c8197b9fe0771,6.9480269103416665,1839.9842324493438,-0.2094240837696335,0.4137772213421223,0.2094240837696335,0.05950261058130496,False
S025@corridor@transition:i102:nsga2:s1070000:r0:PR1_HT1_EC1:53750258a23e,S025,small,102,1070000,nsga2,p0037,24567b37e28cf5d0,7.057990332942086,1564.563440948735,-0.17094017094017094,0.3778005300909842,0.17094017094017094,0.18357963311765135,False
S025@corridor@transition:i102:nsga2:s1070000:r0:PR1_HT1_EC1:53750258a23e,S025,small,102,1070000,nsga2,p0038,cbb27857bdc123b1,6.967558687670083,1809.4756514664994,-0.15706806282722513,0.3980511478657443,0.15706806282722513,0.14992769718638072,False
S025@corridor@transition:i102:nsga2:s1070000:r0:PR1_HT1_EC1:53750258a23e,S025,small,102,1070000,nsga2,p0039,535de3f5eb577447,7.056556000361754,1555.3219060043284,-0.1282051282051282,0.3748198185957004,0.1282051282051282,0.3875488041090751,False
S025@corridor@transition:i102:nsga2:s1070000:r0:PR1_HT1_EC1:53750258a23e,S025,small,102,1070000,nsga2,p0040,76cc032ffa932694,7.299694189603029,497.23063206382767,-0.0,0.19659239842719517,0.0,,False
S025@corridor@transition:i102:nsga2:s1070000:r0:PR1_HT1_EC1:53750258a23e,S025,small,102,1070000,nsga2,p0041,ff1ce977931c92f2,7.239198464605875,859.8638158283977,-0.0,0.2570881234243492,0.0,0.009023201630755552,False
S025@corridor@transition:i102:nsga2:s1070000:r0:PR1_HT1_EC1:53750258a23e,S025,small,102,1070000,nsga2,p0042,4522d47e60b84822,7.234783420530259,877.7666034327184,-0.0,0.261503167499965,0.0,0.23972512532857176,False
S025@corridor@transition:i102:nsga2:s1070000:r0:PR1_HT1_EC1:53750258a23e,S025,small,102,1070000,nsga2,p0043,e72066cc89cbae38,7.273481869812727,744.1091496740238,-0.0,0.22280471821749662,0.0,0.10435562575029839,False
S025@corridor@transition:i102:nsga2:s1070000:r0:PR1_HT1_EC1:53750258a23e,S025,small,102,1070000,nsga2,p0044,fa578f940c6f8fee,7.248167525088803,833.8813920139082,-0.0,0.24811906294142103,0.0,0.038299407922861836,False
S025@corridor@transition:i102:nsga2:s1070000:r0:PR1_HT1_EC1:53750258a23e,S025,small,102,1070000,nsga2,p0045,1b56d233c7b46c81,7.241614445141227,851.6025974786835,-0.0,0.25467214288899637,0.0,,False
S025@corridor@transition:i102:nsga2:s1070001:r1:PR0_HT1_EC1:fdeb76700c41,S025,small,102,1070001,nsga2,p0001,1ef01e5e00d2b089,4.721005461811413,3379.002190434665,-0.8755301794452158,0.899999999999826,0.8755301794452158,,True
S025@corridor@transition:i102:nsga2:s1070001:r1:PR0_HT1_EC1:fdeb76700c41,S025,small,102,1070001,nsga2,p0002,09eac199b7185d66,5.5048838007583205,3021.5112349976353,-0.7329842931937173,0.8010810954580719,0.7329842931937173,0.7551488597945832,False
S025@corridor@transition:i102:nsga2:s1070001:r1:PR0_HT1_EC1:fdeb76700c41,S025,small,102,1070001,nsga2,p0003,8390b33d0a2a1f93,5.424413063384044,2953.8747974467756,-0.7258064516129032,0.8199682720660653,0.7258064516129032,0.9890097526859641,False
S025@corridor@transition:i102:nsga2:s1070001:r1:PR0_HT1_EC1:fdeb76700c41,S025,small,102,1070001,nsga2,p0004,2953efa5b4f8e71c,6.550311645636121,2000.087875344111,-0.4435483870967742,0.5722605546128511,0.4435483870967742,1.568513632030832,False
S025@corridor@transition:i102:nsga2:s1070001:r1:PR0_HT1_EC1:fdeb76700c41,S025,small,102,1070001,nsga2,p0005,544822acb9ce7910,6.925979801821777,1481.820767861317,-0.28225806451612906,0.44609759222689777,0.28225806451612906,0.9549067375561052,False
S025@corridor@transition:i102:nsga2:s1070001:r1:PR0_HT1_EC1:fdeb76700c41,S025,small,102,1070001,nsga2,p0006,5cd5968a047c502c,7.1754849956214795,1008.6780196162929,-0.12096774193548387,0.3208015924087447,0.12096774193548387,0.5009576137226459,False
S025@corridor@transition:i102:nsga2:s1070001:r1:PR0_HT1_EC1:fdeb76700c41,S025,small,102,1070001,nsga2,p0007,98601bec686c3295,7.189809835963609,1003.5635867016622,-0.07853403141361257,0.3064767520666155,0.07853403141361257,0.3993100712725177,False
S025@corridor@transition:i102:nsga2:s1070001:r1:PR0_HT1_EC1:fdeb76700c41,S025,small,102,1070001,nsga2,p0008,267252e7b4d857b2,7.299694189603029,497.23063206382767,-0.0,0.19659239842719517,0.0,,False
S025@corridor@transition:i102:nsga2:s1070001:r1:PR1_HT0_EC1:55440403c437,S025,small,102,1070001,nsga2,p0001,191bd136a82e1244,4.033760241861716,3978.409888925438,-0.8977095516567142,0.8999999999997956,0.8977095516567142,,False
S025@corridor@transition:i102:nsga2:s1070001:r1:PR1_HT0_EC1:55440403c437,S025,small,102,1070001,nsga2,p0002,2e46223950d8d453,3.956543397614529,4022.9207661031073,-0.8977095516567655,0.8999999999998273,0.8977095516567655,,True
S025@corridor@transition:i102:nsga2:s1070001:r1:PR1_HT0_EC1:55440403c437,S025,small,102,1070001,nsga2,p0003,83451bcc419303ed,3.857322881333256,3798.7612680272227,-0.8950385356453602,0.8999999999998423,0.8950385356453602,0.1805388544798247,False
S025@corridor@transition:i102:nsga2:s1070001:r1:PR1_HT0_EC1:55440403c437,S025,small,102,1070001,nsga2,p0004,86fd19f5ba6d8730,3.850769801385761,3921.4820388381304,-0.895038535645316,0.8999999999998021,0.895038535645316,,False
S025@corridor@transition:i102:nsga2:s1070001:r1:PR1_HT0_EC1:55440403c437,S025,small,102,1070001,nsga2,p0005,e67d562062f0ad08,4.721005461811413,3403.5760776553984,-0.8755301794452158,0.899999999999826,0.8755301794452158,0.9131829798198838,False
S025@corridor@transition:i102:nsga2:s1070001:r1:PR1_HT0_EC1:55440403c437,S025,small,102,1070001,nsga2,p0006,b83eeceb1729c6cb,5.721517584140953,3142.1586763119194,-0.6629834254143646,0.7481708298610068,0.6629834254143646,0.5394231159047509,False
S025@corridor@transition:i102:nsga2:s1070001:r1:PR1_HT0_EC1:55440403c437,S025,small,102,1070001,nsga2,p0007,839ffd2a9413d7f4,5.649416910223626,2982.5593833855887,-0.6451612903225806,0.7601142997663249,0.6451612903225806,0.6210218028301963,False
S025@corridor@transition:i102:nsga2:s1070001:r1:PR1_HT0_EC1:55440403c437,S025,small,102,1070001,nsga2,p0008,8a6c696decb73f58,6.331986570161065,2544.2213926343975,-0.4972375690607735,0.6107915715008428,0.4972375690607735,0.3015105355702334,False
S025@corridor@transition:i102:nsga2:s1070001:r1:PR1_HT0_EC1:55440403c437,S025,small,102,1070001,nsga2,p0009,67c129f44e9dac6c,6.279212223525942,2626.364657079764,-0.4972375690607735,0.6250416010505204,0.4972375690607735,0.17373389156586028,False
S025@corridor@transition:i102:nsga2:s1070001:r1:PR1_HT0_EC1:55440403c437,S025,small,102,1070001,nsga2,p0010,a3621f94a3fff0a3,6.212938811562757,2421.42530897767,-0.4838709677419355,0.6405130436375078,0.4838709677419355,0.36838645009449794,False
S025@corridor@transition:i102:nsga2:s1070001:r1:PR1_HT0_EC1:55440403c437,S025,small,102,1070001,nsga2,p0011,d8c3f31ac0a57985,6.550311645636121,2026.3730795517795,-0.4435483870967742,0.5722605546128511,0.4435483870967742,0.7351312829745899,False
S025@corridor@transition:i102:nsga2:s1070001:r1:PR1_HT0_EC1:55440403c437,S025,small,102,1070001,nsga2,p0012,9b5eb72c24ac8b2f,7.000039882101502,1528.2379596143996,-0.22099447513812154,0.4054015617290445,0.22099447513812154,0.46489935548781497,False
S025@corridor@transition:i102:nsga2:s1070001:r1:PR1_HT0_EC1:55440403c437,S025,small,102,1070001,nsga2,p0013,cb486a1858471cef,7.011068519864057,1506.2993506358862,-0.16574585635359115,0.39315424351950984,0.16574585635359115,0.08003360850706984,False
S025@corridor@transition:i102:nsga2:s1070001:r1:PR1_HT0_EC1:55440403c437,S025,small,102,1070001,nsga2,p0014,e68f98b8c776d830,6.983709717575535,1498.7167095164098,-0.16129032258064516,0.4095449217848416,0.16129032258064516,0.14628576416516145,False
S025@corridor@transition:i102:nsga2:s1070001:r1:PR1_HT0_EC1:55440403c437,S025,small,102,1070001,nsga2,p0015,0b060a158caaa674,7.017812924375912,1484.3607416573727,-0.15706806282722513,0.3882485498576181,0.15706806282722513,0.22412451205000655,False
S025@corridor@transition:i102:nsga2:s1070001:r1:PR1_HT0_EC1:55440403c437,S025,small,102,1070001,nsga2,p0016,2cd94eee609934e1,7.1754849956214795,1034.9632238239615,-0.12096774193548387,0.3208015924087447,0.12096774193548387,0.38189373787952846,False
S025@corridor@transition:i102:nsga2:s1070001:r1:PR1_HT0_EC1:55440403c437,S025,small,102,1070001,nsga2,p0017,34a97646ba1194c2,7.299694189603029,497.23063206382767,-0.0,0.19659239842719517,0.0,,False
S025@corridor@transition:i102:nsga2:s1070001:r1:PR1_HT0_EC1:55440403c437,S025,small,102,1070001,nsga2,p0018,e230574ccc6277a0,7.207630364956373,919.85784700064,-0.0,0.28865622307385164,0.0,0.02108786026466241,False
S025@corridor@transition:i102:nsga2:s1070001:r1:PR1_HT0_EC1:55440403c437,S025,small,102,1070001,nsga2,p0019,031382dd0ebb0e8f,7.221955205298501,889.1321476530252,-0.0,0.2743313827317225,0.0,0.14656426713885543,False
S025@corridor@transition:i102:nsga2:s1070001:r1:PR1_HT0_EC1:55440403c437,S025,small,102,1070001,nsga2,p0020,71a181d0bb9db506,7.196662240933181,937.6254709003279,-0.0,0.2996243470970428,0.0,,False
S025@corridor@transition:i102:nsga2:s1070001:r1:PR1_HT1_EC0:4fe4758377fe,S025,small,102,1070001,nsga2,p0001,3e9039048ffa5f58,4.241883126193066,4175.098120591132,-0.8755301794452233,0.8999999999998975,0.8755301794452233,,False
S025@corridor@transition:i102:nsga2:s1070001:r1:PR1_HT1_EC0:4fe4758377fe,S025,small,102,1070001,nsga2,p0002,aa165ac468b6c4a0,4.282981135461567,4064.0234156053266,-0.8755301794452158,0.8999999999998918,0.8755301794452158,,False
S025@corridor@transition:i102:nsga2:s1070001:r1:PR1_HT1_EC0:4fe4758377fe,S025,small,102,1070001,nsga2,p0003,51014ec09f7ad08b,4.281711643099891,4123.217991937008,-0.8755301794452136,0.89999999999989,0.8755301794452136,0.04262871428368016,False
S025@corridor@transition:i102:nsga2:s1070001:r1:PR1_HT1_EC0:4fe4758377fe,S025,small,102,1070001,nsga2,p0004,bd0f9cccf9ba143f,4.211523217373897,4285.524384253617,-0.8755301794451508,0.8999999999998395,0.8755301794451508,,True
S025@corridor@transition:i102:nsga2:s1070001:r1:PR1_HT1_EC0:4fe4758377fe,S025,small,102,1070001,nsga2,p0005,ee73208bdaf3a193,5.190415718365358,3443.3471469871,-0.7853403141361257,0.8464918367591251,0.7853403141361257,0.31902935642449287,False
S025@corridor@transition:i102:nsga2:s1070001:r1:PR1_HT1_EC0:4fe4758377fe,S025,small,102,1070001,nsga2,p0006,56c7ea36c95be9dc,5.184052788449702,3368.1875074483582,-0.7661290322580645,0.8471026696190072,0.7661290322580645,0.43251209564081955,False
S025@corridor@transition:i102:nsga2:s1070001:r1:PR1_HT1_EC0:4fe4758377fe,S025,small,102,1070001,nsga2,p0007,a680b37c687f8524,5.216153165520179,3357.544908812661,-0.6837606837606838,0.823931449600816,0.6837606837606838,0.16518349249787884,False
S025@corridor@transition:i102:nsga2:s1070001:r1:PR1_HT1_EC0:4fe4758377fe,S025,small,102,1070001,nsga2,p0008,cdf56d71b340984c,5.264158824522969,3356.2954909501304,-0.6451612903225806,0.8058785496878806,0.6451612903225806,0.07140626819104093,False
S025@corridor@transition:i102:nsga2:s1070001:r1:PR1_HT1_EC0:4fe4758377fe,S025,small,102,1070001,nsga2,p0009,68dbc11fcaaadb53,5.2798583583346925,3325.3417910280573,-0.6451612903225806,0.7989646196160911,0.6451612903225806,0.21236481452688472,False
S025@corridor@transition:i102:nsga2:s1070001:r1:PR1_HT1_EC0:4fe4758377fe,S025,small,102,1070001,nsga2,p0010,7a699c9ca4eb8a6d,5.2761100844332045,3327.600833758858,-0.6410256410256411,0.8030366743824238,0.6410256410256411,0.032544719895307314,False
S025@corridor@transition:i102:nsga2:s1070001:r1:PR1_HT1_EC0:4fe4758377fe,S025,small,102,1070001,nsga2,p0011,63f4e0d9c6b04660,5.8403151566972875,3226.055394651502,-0.6282722513089005,0.7240076133658494,0.6282722513089005,0.0946112520235328,False
S025@corridor@transition:i102:nsga2:s1070001:r1:PR1_HT1_EC0:4fe4758377fe,S025,small,102,1070001,nsga2,p0012,75346c41e0d3e54d,5.834563059641514,3139.9195874972784,-0.6048387096774194,0.7249154090693141,0.6048387096774194,0.2837586833064576,False
S025@corridor@transition:i102:nsga2:s1070001:r1:PR1_HT1_EC0:4fe4758377fe,S025,small,102,1070001,nsga2,p0013,13c33b747c1b3b10,5.868847354243383,3114.476355525128,-0.5645161290322581,0.7089647720694959,0.5645161290322581,0.20367761405501816,False
S025@corridor@transition:i102:nsga2:s1070001:r1:PR1_HT1_EC0:4fe4758377fe,S025,small,102,1070001,nsga2,p0014,7bcd0e6d38fa182a,5.847946284921231,3061.6156675894854,-0.5241935483870968,0.705165615336956,0.5241935483870968,0.11802565339878063,False
S025@corridor@transition:i102:nsga2:s1070001:r1:PR1_HT1_EC0:4fe4758377fe,S025,small,102,1070001,nsga2,p0015,b4209e76d878161b,6.128653478432058,2993.4659637434133,-0.4972375690607735,0.6525343571447363,0.4972375690607735,0.17811648457426665,False
S025@corridor@transition:i102:nsga2:s1070001:r1:PR1_HT1_EC0:4fe4758377fe,S025,small,102,1070001,nsga2,p0016,b9f2d7dbdda60827,6.247220754374321,2931.955255342588,-0.4712041884816754,0.6157198381894539,0.4712041884816754,0.12488889319248925,False
S025@corridor@transition:i102:nsga2:s1070001:r1:PR1_HT1_EC0:4fe4758377fe,S025,small,102,1070001,nsga2,p0017,3e9a264020cd83b1,6.216235048083722,2944.652329376695,-0.4712041884816754,0.6221209895106964,0.4712041884816754,0.06842407054158946,False
S025@corridor@transition:i102:nsga2:s1070001:r1:PR1_HT1_EC0:4fe4758377fe,S025,small,102,1070001,nsga2,p0018,bdfc20842f4f102a,6.15490016541864,2897.3547614739614,-0.4435483870967742,0.643417967991273,0.4435483870967742,0.08081767651863174,False
S025@corridor@transition:i102:nsga2:s1070001:r1:PR1_HT1_EC0:4fe4758377fe,S025,small,102,1070001,nsga2,p0019,f99d07a57bdb0540,6.136650285928104,2926.576544613943,-0.42735042735042733,0.6482631898556552,0.42735042735042733,0.05096529526667766,False
S025@corridor@transition:i102:nsga2:s1070001:r1:PR1_HT1_EC0:4fe4758377fe,S025,small,102,1070001,nsga2,p0020,67c129f44e9dac6c,6.546729394708111,2447.0287695366123,-0.4143646408839779,0.5582970373506239,0.4143646408839779,0.26600870138753957,False
S025@corridor@transition:i102:nsga2:s1070001:r1:PR1_HT1_EC0:4fe4758377fe,S025,small,102,1070001,nsga2,p0021,0a2d7a21f5486e3a,6.183605873666641,2867.7653213926164,-0.4032258064516129,0.6302070243989251,0.4032258064516129,0.17271283698340437,False
S025@corridor@transition:i102:nsga2:s1070001:r1:PR1_HT1_EC0:4fe4758377fe,S025,small,102,1070001,nsga2,p0022,f009f7463f4e5a23,6.495353181775114,2274.6466123349187,-0.38461538461538464,0.5701197361063204,0.38461538461538464,0.17690731219628164,False
S025@corridor@transition:i102:nsga2:s1070001:r1:PR1_HT1_EC0:4fe4758377fe,S025,small,102,1070001,nsga2,p0023,0232da29c8e9d835,6.509870318094218,2273.5170909695184,-0.3629032258064516,0.5620054940501473,0.3629032258064516,0.4104297523053849,False
S025@corridor@transition:i102:nsga2:s1070001:r1:PR1_HT1_EC0:4fe4758377fe,S025,small,102,1070001,nsga2,p0024,02d43bf1955eec34,6.774338475453999,1925.1205225275542,-0.31413612565445026,0.4848295755395665,0.31413612565445026,0.19284404743082414,False
S025@corridor@transition:i102:nsga2:s1070001:r1:PR1_HT1_EC0:4fe4758377fe,S025,small,102,1070001,nsga2,p0025,a31fca247f634a58,6.770896936374542,1905.7958260844514,-0.28225806451612906,0.4866417255030375,0.28225806451612906,0.05277404134987055,False
S025@corridor@transition:i102:nsga2:s1070001:r1:PR1_HT1_EC0:4fe4758377fe,S025,small,102,1070001,nsga2,p0026,fa50b1a3cd5344de,6.933130450588063,1888.7934179680049,-0.27624309392265195,0.4299137419014104,0.27624309392265195,0.07899341630979782,False
S025@corridor@transition:i102:nsga2:s1070001:r1:PR1_HT1_EC0:4fe4758377fe,S025,small,102,1070001,nsga2,p0027,d95edc2d49aa2bad,6.784855669744627,1876.6271992802517,-0.2617801047120419,0.47229083868568394,0.2617801047120419,0.07436995024470942,False
S025@corridor@transition:i102:nsga2:s1070001:r1:PR1_HT1_EC0:4fe4758377fe,S025,small,102,1070001,nsga2,p0028,a87232fb5a08a4a0,6.766003359969503,1898.3925205937005,-0.2564102564102564,0.48857937139977864,0.2564102564102564,0.029790426599839513,False
S025@corridor@transition:i102:nsga2:s1070001:r1:PR1_HT1_EC0:4fe4758377fe,S025,small,102,1070001,nsga2,p0029,0acd55e6b6ac3ed4,6.762755129787318,1877.756720645652,-0.24193548387096775,0.486078046437685,0.24193548387096775,0.11466667601064168,False
S025@corridor@transition:i102:nsga2:s1070001:r1:PR1_HT1_EC0:4fe4758377fe,S025,small,102,1070001,nsga2,p0030,db571e707b2bec5c,6.9397489097892135,1862.7277069597153,-0.22099447513812154,0.4194895788482205,0.22099447513812154,0.050486718382289526,False
S025@corridor@transition:i102:nsga2:s1070001:r1:PR1_HT1_EC0:4fe4758377fe,S025,small,102,1070001,nsga2,p0031,7de2253c853c8d9b,6.773533906523888,1876.6271992802517,-0.21367521367521367,0.47961449226506037,0.21367521367521367,0.06195377567594755,False
S025@corridor@transition:i102:nsga2:s1070001:r1:PR1_HT1_EC0:4fe4758377fe,S025,small,102,1070001,nsga2,p0032,cec1c6b40ffc1b5b,7.0641065408932615,1658.6280963464533,-0.17094017094017094,0.37780053009097175,0.17094017094017094,0.13289384728740974,False
S025@corridor@transition:i102:nsga2:s1070001:r1:PR1_HT1_EC0:4fe4758377fe,S025,small,102,1070001,nsga2,p0033,42a31adb5690637c,6.959342770378365,1839.8017670963472,-0.16574585635359115,0.40370142211110893,0.16574585635359115,0.027964907308145746,False
S025@corridor@transition:i102:nsga2:s1070001:r1:PR1_HT1_EC0:4fe4758377fe,S025,small,102,1070001,nsga2,p0034,8978aa70b18b31e4,7.060177773835461,1564.5634409487348,-0.16129032258064516,0.3756130891976084,0.16129032258064516,0.12696153812334304,False
S025@corridor@transition:i102:nsga2:s1070001:r1:PR1_HT1_EC0:4fe4758377fe,S025,small,102,1070001,nsga2,p0035,c3c5676ac1515c73,7.085193892201905,1562.9045471238046,-0.10471204188481675,0.3530129513665182,0.10471204188481675,0.3099137992417284,False
S025@corridor@transition:i102:nsga2:s1070001:r1:PR1_HT1_EC0:4fe4758377fe,S025,small,102,1070001,nsga2,p0036,fdb278878143a63e,6.965338827456287,1829.933383125022,-0.08547008547008547,0.4002710080795404,0.08547008547008547,0.20007505914001666,False
S025@corridor@transition:i102:nsga2:s1070001:r1:PR1_HT1_EC0:4fe4758377fe,S025,small,102,1070001,nsga2,p0037,6fbbec013d74fc9a,7.299694189603029,497.23063206382767,-0.0,0.19659239842719517,0.0,,False
S025@corridor@transition:i102:nsga2:s1070001:r1:PR1_HT1_EC0:4fe4758377fe,S025,small,102,1070001,nsga2,p0038,65f0b1fc6acbe4d2,7.273481869812727,744.1091496740238,-0.0,0.22280471821749662,0.0,0.11494861933645911,False
S025@corridor@transition:i102:nsga2:s1070001:r1:PR1_HT1_EC0:4fe4758377fe,S025,small,102,1070001,nsga2,p0039,795bd1418d862de7,7.239198464605875,871.4012635347137,-0.0,0.2570881234243492,0.0,0.010371527391108123,False
S025@corridor@transition:i102:nsga2:s1070001:r1:PR1_HT1_EC0:4fe4758377fe,S025,small,102,1070001,nsga2,p0040,22e56564b13fe6c0,7.234783420530259,927.9534440252401,-0.0,0.261503167499965,0.0,0.22544563622996008,False
S025@corridor@transition:i102:nsga2:s1070001:r1:PR1_HT1_EC0:4fe4758377fe,S025,small,102,1070001,nsga2,p0041,951aeff294510a56,7.246970225000428,868.0126994385129,-0.0,0.2493163630297954,0.0,0.3321115103812483,False
S025@corridor@transition:i102:nsga2:s1070001:r1:PR1_HT1_EC0:4fe4758377fe,S025,small,102,1070001,nsga2,p0042,eda5f50914e3d853,7.235980720618634,893.8221366006355,-0.0,0.2603058674115906,0.0,,False
S025@corridor@transition:i102:nsga2:s1070001:r1:PR1_HT1_EC1:f7b5fefe44d6,S025,small,102,1070001,nsga2,p0001,b31d7104e4a40200,4.241883126193066,4175.098120591132,-0.8755301794452233,0.8999999999998975,0.8755301794452233,,False
S025@corridor@transition:i102:nsga2:s1070001:r1:PR1_HT1_EC1:f7b5fefe44d6,S025,small,102,1070001,nsga2,p0002,cd505077009aaa3f,4.282981135461567,4065.092988722161,-0.8755301794452158,0.8999999999998918,0.8755301794452158,0.47160251919274654,False
S025@corridor@transition:i102:nsga2:s1070001:r1:PR1_HT1_EC1:f7b5fefe44d6,S025,small,102,1070001,nsga2,p0003,c2a0702cdaeae475,4.211523217373897,4285.524384253617,-0.8755301794451508,0.8999999999998395,0.8755301794451508,,True
S025@corridor@transition:i102:nsga2:s1070001:r1:PR1_HT1_EC1:f7b5fefe44d6,S025,small,102,1070001,nsga2,p0004,72d6a863197f6f6a,4.281711643099891,4123.217991937008,-0.8755301794452136,0.89999999999989,0.8755301794452136,0.1453580982230798,False
S025@corridor@transition:i102:nsga2:s1070001:r1:PR1_HT1_EC1:f7b5fefe44d6,S025,small,102,1070001,nsga2,p0005,ee73208bdaf3a193,5.190415718365358,3443.5610616104673,-0.7853403141361257,0.8464918367591251,0.7853403141361257,0.31931169276639754,False
S025@corridor@transition:i102:nsga2:s1070001:r1:PR1_HT1_EC1:f7b5fefe44d6,S025,small,102,1070001,nsga2,p0006,6eb9c0cf1f8988d5,5.184052788449702,3368.1875074483582,-0.7661290322580645,0.8471026696190072,0.7661290322580645,0.4320038903309796,False
S025@corridor@transition:i102:nsga2:s1070001:r1:PR1_HT1_EC1:f7b5fefe44d6,S025,small,102,1070001,nsga2,p0007,7d38fa00c550ea67,5.216153165520179,3359.6840550463307,-0.6837606837606838,0.823931449600816,0.6837606837606838,0.16518349249787884,False
S025@corridor@transition:i102:nsga2:s1070001:r1:PR1_HT1_EC1:f7b5fefe44d6,S025,small,102,1070001,nsga2,p0008,cdf56d71b340984c,5.264158824522969,3356.2954909501304,-0.6451612903225806,0.8058785496878806,0.6451612903225806,0.07197094087485027,False
S025@corridor@transition:i102:nsga2:s1070001:r1:PR1_HT1_EC1:f7b5fefe44d6,S025,small,102,1070001,nsga2,p0009,68dbc11fcaaadb53,5.2798583583346925,3325.3417910280573,-0.6451612903225806,0.7989646196160911,0.6451612903225806,0.21236481452688472,False
S025@corridor@transition:i102:nsga2:s1070001:r1:PR1_HT1_EC1:f7b5fefe44d6,S025,small,102,1070001,nsga2,p0010,7a699c9ca4eb8a6d,5.2761100844332045,3327.600833758858,-0.6410256410256411,0.8030366743824238,0.6410256410256411,0.032544719895307314,False
S025@corridor@transition:i102:nsga2:s1070001:r1:PR1_HT1_EC1:f7b5fefe44d6,S025,small,102,1070001,nsga2,p0011,63f4e0d9c6b04660,5.8403151566972875,3226.055394651502,-0.6282722513089005,0.7240076133658494,0.6282722513089005,0.07447197119682297,False
S025@corridor@transition:i102:nsga2:s1070001:r1:PR1_HT1_EC1:f7b5fefe44d6,S025,small,102,1070001,nsga2,p0012,6a7c2447fdc0ef76,5.913566367563319,3203.1575956175348,-0.6077348066298343,0.7055986038063652,0.6077348066298343,0.13363178511246748,False
S025@corridor@transition:i102:nsga2:s1070001:r1:PR1_HT1_EC1:f7b5fefe44d6,S025,small,102,1070001,nsga2,p0013,75346c41e0d3e54d,5.834563059641514,3139.9195874972784,-0.6048387096774194,0.7249154090693141,0.6048387096774194,0.25791718821317006,False
S025@corridor@transition:i102:nsga2:s1070001:r1:PR1_HT1_EC1:f7b5fefe44d6,S025,small,102,1070001,nsga2,p0014,be3a8691c42aaed4,5.868847354243383,3088.2448350281466,-0.5645161290322581,0.7089647720694959,0.5645161290322581,0.12254325978295297,False
S025@corridor@transition:i102:nsga2:s1070001:r1:PR1_HT1_EC1:f7b5fefe44d6,S025,small,102,1070001,nsga2,p0015,f286d528297c032f,5.8349906218354946,3094.079495828586,-0.5241935483870968,0.7127753326685596,0.5241935483870968,0.06155830664654715,False
S025@corridor@transition:i102:nsga2:s1070001:r1:PR1_HT1_EC1:f7b5fefe44d6,S025,small,102,1070001,nsga2,p0016,7bcd0e6d38fa182a,5.847946284921231,3059.2865886878476,-0.5241935483870968,0.705165615336956,0.5241935483870968,0.06504624752256606,False
S025@corridor@transition:i102:nsga2:s1070001:r1:PR1_HT1_EC1:f7b5fefe44d6,S025,small,102,1070001,nsga2,p0017,fef58cc3f23b9b64,6.128653478432058,2993.4659637434133,-0.4972375690607735,0.6525343571447363,0.4972375690607735,0.1640515409423151,False
S025@corridor@transition:i102:nsga2:s1070001:r1:PR1_HT1_EC1:f7b5fefe44d6,S025,small,102,1070001,nsga2,p0018,bbf1fa46cd5a1550,6.247220754374321,2931.955255342588,-0.4712041884816754,0.6157198381894539,0.4712041884816754,0.13481724780676563,False
S025@corridor@transition:i102:nsga2:s1070001:r1:PR1_HT1_EC1:f7b5fefe44d6,S025,small,102,1070001,nsga2,p0019,a654c7fdc30a2e8e,6.16129706530286,2963.135399265508,-0.4712041884816754,0.6379406927136497,0.4712041884816754,0.07035011675398553,False
S025@corridor@transition:i102:nsga2:s1070001:r1:PR1_HT1_EC1:f7b5fefe44d6,S025,small,102,1070001,nsga2,p0020,8845667d03e93bf3,6.15490016541864,2897.3547614739614,-0.4435483870967742,0.643417967991273,0.4435483870967742,0.08930368678695944,False
S025@corridor@transition:i102:nsga2:s1070001:r1:PR1_HT1_EC1:f7b5fefe44d6,S025,small,102,1070001,nsga2,p0021,66f6750015a4a43f,6.540613186756934,2352.9641141388943,-0.4143646408839779,0.5582970373506364,0.4143646408839779,0.21649344949976748,False
S025@corridor@transition:i102:nsga2:s1070001:r1:PR1_HT1_EC1:f7b5fefe44d6,S025,small,102,1070001,nsga2,p0022,4eefdc2f0a639377,6.224463013278527,2879.6275080455252,-0.4032258064516129,0.6167673829367027,0.4032258064516129,0.1963055509917628,False
S025@corridor@transition:i102:nsga2:s1070001:r1:PR1_HT1_EC1:f7b5fefe44d6,S025,small,102,1070001,nsga2,p0023,92faad0d2c98e466,6.556417512573782,2291.0567142947484,-0.39267015706806285,0.5484557093352105,0.39267015706806285,0.11386291312808552,False
S025@corridor@transition:i102:nsga2:s1070001:r1:PR1_HT1_EC1:f7b5fefe44d6,S025,small,102,1070001,nsga2,p0024,fe6716ab1a16c5e4,6.495353181775114,2274.6466123349187,-0.38461538461538464,0.5701197361063204,0.38461538461538464,0.12367890498910467,False
S025@corridor@transition:i102:nsga2:s1070001:r1:PR1_HT1_EC1:f7b5fefe44d6,S025,small,102,1070001,nsga2,p0025,929d2dd836d7d2d7,6.509870318094218,2273.5170909695184,-0.3629032258064516,0.5620054940501473,0.3629032258064516,0.18741964576017012,False
S025@corridor@transition:i102:nsga2:s1070001:r1:PR1_HT1_EC1:f7b5fefe44d6,S025,small,102,1070001,nsga2,p0026,02d43bf1955eec34,6.774338475453999,1925.1205225275542,-0.31413612565445026,0.4848295755395665,0.31413612565445026,0.19368239803548642,False
S025@corridor@transition:i102:nsga2:s1070001:r1:PR1_HT1_EC1:f7b5fefe44d6,S025,small,102,1070001,nsga2,p0027,a31fca247f634a58,6.770896936374542,1905.7958260844514,-0.28225806451612906,0.4866417255030375,0.28225806451612906,0.05277404134987055,False
S025@corridor@transition:i102:nsga2:s1070001:r1:PR1_HT1_EC1:f7b5fefe44d6,S025,small,102,1070001,nsga2,p0028,fa50b1a3cd5344de,6.933130450588063,1888.7934179680049,-0.27624309392265195,0.4299137419014104,0.27624309392265195,0.07785690482481741,False
S025@corridor@transition:i102:nsga2:s1070001:r1:PR1_HT1_EC1:f7b5fefe44d6,S025,small,102,1070001,nsga2,p0029,04e1d4407d6ec7e4,6.78744463534915,1878.8862420110522,-0.2617801047120419,0.4717234156444158,0.2617801047120419,0.07698515794732477,False
S025@corridor@transition:i102:nsga2:s1070001:r1:PR1_HT1_EC1:f7b5fefe44d6,S025,small,102,1070001,nsga2,p0030,a87232fb5a08a4a0,6.766003359969503,1898.3925205937005,-0.2564102564102564,0.48857937139977864,0.2564102564102564,0.029790426599839513,False
S025@corridor@transition:i102:nsga2:s1070001:r1:PR1_HT1_EC1:f7b5fefe44d6,S025,small,102,1070001,nsga2,p0031,fb258dbafd631e27,6.762755129787318,1877.756720645652,-0.24193548387096775,0.486078046437685,0.24193548387096775,0.10891429717686069,False
S025@corridor@transition:i102:nsga2:s1070001:r1:PR1_HT1_EC1:f7b5fefe44d6,S025,small,102,1070001,nsga2,p0032,890cf8bddc85fdfb,6.9397489097892135,1862.7277069597153,-0.22099447513812154,0.4194895788482205,0.22099447513812154,0.050486718382289526,False
S025@corridor@transition:i102:nsga2:s1070001:r1:PR1_HT1_EC1:f7b5fefe44d6,S025,small,102,1070001,nsga2,p0033,7de2253c853c8d9b,6.773533906523888,1876.6271992802517,-0.21367521367521367,0.47961449226506037,0.21367521367521367,0.06225193682023677,False
S025@corridor@transition:i102:nsga2:s1070001:r1:PR1_HT1_EC1:f7b5fefe44d6,S025,small,102,1070001,nsga2,p0034,cec1c6b40ffc1b5b,7.0641065408932615,1658.6280963464533,-0.17094017094017094,0.37780053009097175,0.17094017094017094,0.12296539432207695,False
S025@corridor@transition:i102:nsga2:s1070001:r1:PR1_HT1_EC1:f7b5fefe44d6,S025,small,102,1070001,nsga2,p0035,c3a23dacb7147fab,7.064883632643514,1577.2605149828419,-0.16574585635359115,0.37090723038955586,0.16574585635359115,0.03759153523984274,False
S025@corridor@transition:i102:nsga2:s1070001:r1:PR1_HT1_EC1:f7b5fefe44d6,S025,small,102,1070001,nsga2,p0036,86f1a75348e73edb,6.959342770378365,1839.8017670963472,-0.16574585635359115,0.40370142211110893,0.16574585635359115,0.022032147800072593,False
S025@corridor@transition:i102:nsga2:s1070001:r1:PR1_HT1_EC1:f7b5fefe44d6,S025,small,102,1070001,nsga2,p0037,9f3aee9475262da9,7.060177773835461,1564.5634409487348,-0.16129032258064516,0.3756130891976084,0.16129032258064516,0.10548284974099607,False
S025@corridor@transition:i102:nsga2:s1070001:r1:PR1_HT1_EC1:f7b5fefe44d6,S025,small,102,1070001,nsga2,p0038,c0a8de908ca681c7,7.085193892201905,1562.9045471238046,-0.10471204188481675,0.3530129513665182,0.10471204188481675,0.3096621648576386,False
S025@corridor@transition:i102:nsga2:s1070001:r1:PR1_HT1_EC1:f7b5fefe44d6,S025,small,102,1070001,nsga2,p0039,fdb278878143a63e,6.965338827456287,1829.933383125022,-0.08547008547008547,0.4002710080795404,0.08547008547008547,0.20007505914001666,False
S025@corridor@transition:i102:nsga2:s1070001:r1:PR1_HT1_EC1:f7b5fefe44d6,S025,small,102,1070001,nsga2,p0040,cff686ad32204413,7.299694189603029,497.23063206382767,-0.0,0.19659239842719517,0.0,,False
S025@corridor@transition:i102:nsga2:s1070001:r1:PR1_HT1_EC1:f7b5fefe44d6,S025,small,102,1070001,nsga2,p0041,65f0b1fc6acbe4d2,7.273481869812727,744.1091496740238,-0.0,0.22280471821749662,0.0,0.11494861933645911,False
S025@corridor@transition:i102:nsga2:s1070001:r1:PR1_HT1_EC1:f7b5fefe44d6,S025,small,102,1070001,nsga2,p0042,4d7f579e2c4f47fb,7.234783420530259,927.9534440252401,-0.0,0.261503167499965,0.0,0.22544563622996008,False
S025@corridor@transition:i102:nsga2:s1070001:r1:PR1_HT1_EC1:f7b5fefe44d6,S025,small,102,1070001,nsga2,p0043,951aeff294510a56,7.246970225000428,868.0126994385129,-0.0,0.2493163630297954,0.0,0.3390719290424081,False
S025@corridor@transition:i102:nsga2:s1070001:r1:PR1_HT1_EC1:f7b5fefe44d6,S025,small,102,1070001,nsga2,p0044,ef68dc8af9aefed5,7.235980720618634,893.8221366006355,-0.0,0.2603058674115906,0.0,,False
