zone,capacity_scale,case_id,instance_seed,solver_seed,solver_repeat,model_id,solution_index,decision_hash,is_full_planning_model,planning_F1,planning_F2,planning_F3,execution_F1,execution_F2,execution_F3,execution_minus_planning_F1,execution_minus_planning_F2,execution_minus_planning_F3
inactive,0.0025544869401794576,S025,101,1060000,0,PR1_HT1_EC1,0,17f5967e22085cf5,True,4.532757880055506,5027.05519257525,-0.8678714859437232,4.532757880055506,5027.05519257525,-0.8678714859437232,0.0,0.0,0.0
inactive,0.0025544869401794576,S025,101,1060000,0,PR1_HT1_EC1,1,f7b3d930cdf94093,True,4.544170196602644,5024.500643650092,-0.8678714859437232,4.544170196602644,5024.500643650092,-0.8678714859437232,0.0,0.0,0.0
inactive,0.0025544869401794576,S025,101,1060000,0,PR1_HT1_EC1,2,1cf0727b6e4aef4b,True,4.528251717410251,5050.013104580583,-0.8678714859436998,4.528251717410251,5050.013104580583,-0.8678714859436998,0.0,0.0,0.0
inactive,0.0025544869401794576,S025,101,1060000,0,PR1_HT1_EC1,3,c372f185ca3aab9f,True,5.81048087756818,4067.3713031685447,-0.5792682926829268,5.81048087756818,4067.3713031685447,-0.5792682926829268,0.0,0.0,0.0
inactive,0.0025544869401794576,S025,101,1060000,0,PR1_HT1_EC1,4,52a18a0c9bf3b6c7,True,5.842915287098676,3870.041163068089,-0.5612244897959183,5.842915287098676,3870.041163068089,-0.5612244897959183,0.0,0.0,0.0
inactive,0.0025544869401794576,S025,101,1060000,0,PR1_HT1_EC1,5,cefa1863f33f9578,True,5.8372944173995975,3949.503532906394,-0.5612244897959183,5.8372944173995975,3949.503532906394,-0.5612244897959183,0.0,0.0,0.0
inactive,0.0025544869401794576,S025,101,1060000,0,PR1_HT1_EC1,6,89c855ddcf0294ba,True,5.823239145072931,4066.827566355874,-0.5182926829268293,5.823239145072931,4066.827566355874,-0.5182926829268293,0.0,0.0,0.0
inactive,0.0025544869401794576,S025,101,1060000,0,PR1_HT1_EC1,7,994c553c480671f9,True,5.785258646099938,4066.827566355874,-0.5,5.785258646099938,4066.827566355874,-0.5,0.0,0.0,0.0
inactive,0.0025544869401794576,S025,101,1060000,0,PR1_HT1_EC1,8,b229ab1a27545f4d,True,6.0236621085210755,3572.5271295732837,-0.5,6.0236621085210755,3572.5271295732837,-0.5,0.0,0.0,0.0
inactive,0.0025544869401794576,S025,101,1060000,0,PR1_HT1_EC1,9,985dccd2a5c40ea5,True,5.840171887981812,3871.0296469476707,-0.4878048780487805,5.840171887981812,3871.0296469476707,-0.4878048780487805,0.0,0.0,0.0
inactive,0.0025544869401794576,S025,101,1060000,0,PR1_HT1_EC1,10,4b55a74c39476d0e,True,6.107362954586695,3526.6113055626165,-0.45918367346938777,6.107362954586695,3526.6113055626165,-0.45918367346938777,0.0,0.0,0.0
inactive,0.0025544869401794576,S025,101,1060000,0,PR1_HT1_EC1,11,1be58d91cec11329,True,5.780334523195965,3900.628877495573,-0.44871794871794873,5.780334523195965,3900.628877495573,-0.44871794871794873,0.0,0.0,0.0
inactive,0.0025544869401794576,S025,101,1060000,0,PR1_HT1_EC1,12,433ef2fb19b0298c,True,5.8147295785227415,3871.0296469476707,-0.4166666666666667,5.8147295785227415,3871.0296469476707,-0.4166666666666667,0.0,0.0,0.0
inactive,0.0025544869401794576,S025,101,1060000,0,PR1_HT1_EC1,13,44a77cee2e030ab5,True,6.018873356946206,3573.0708663859546,-0.4166666666666667,6.018873356946206,3573.0708663859546,-0.4166666666666667,0.0,0.0,0.0
inactive,0.0025544869401794576,S025,101,1060000,0,PR1_HT1_EC1,14,922e667a7d1455af,True,6.02844579107181,3572.219350077569,-0.38461538461538464,6.02844579107181,3572.219350077569,-0.38461538461538464,0.0,0.0,0.0
inactive,0.0025544869401794576,S025,101,1060000,0,PR1_HT1_EC1,15,b0289d5140841153,True,6.292362436347563,3350.5837555790513,-0.35714285714285715,6.292362436347563,3350.5837555790513,-0.35714285714285715,0.0,0.0,0.0
inactive,0.0025544869401794576,S025,101,1060000,0,PR1_HT1_EC1,16,34a711359985335f,True,6.267580109772,3373.5416675843844,-0.3353658536585366,6.267580109772,3373.5416675843844,-0.3353658536585366,0.0,0.0,0.0
inactive,0.0025544869401794576,S025,101,1060000,0,PR1_HT1_EC1,17,4dc9fa278cb9d15f,True,6.36424390582888,3348.3369861496076,-0.28061224489795916,6.36424390582888,3348.3369861496076,-0.28061224489795916,0.0,0.0,0.0
inactive,0.0025544869401794576,S025,101,1060000,0,PR1_HT1_EC1,18,99eff3763cb46d83,True,6.246820027219396,3420.544965220394,-0.2564102564102564,6.246820027219396,3420.544965220394,-0.2564102564102564,0.0,0.0,0.0
inactive,0.0025544869401794576,S025,101,1060000,0,PR1_HT1_EC1,19,ba3c8b4eb0d9487e,True,6.284695201140526,3373.4022132467094,-0.25,6.284695201140526,3373.4022132467094,-0.25,0.0,0.0,0.0
inactive,0.0025544869401794576,S025,101,1060000,0,PR1_HT1_EC1,20,8e6cff53446ca7ad,True,6.590660709533896,2387.2186563702253,-0.20408163265306123,6.590660709533896,2387.2186563702253,-0.20408163265306123,0.0,0.0,0.0
inactive,0.0025544869401794576,S025,101,1060000,0,PR1_HT1_EC1,21,1087cdc0e79eba39,True,6.585032999857713,2456.0923923862265,-0.20408163265306123,6.585032999857713,2456.0923923862265,-0.20408163265306123,0.0,0.0,0.0
inactive,0.0025544869401794576,S025,101,1060000,0,PR1_HT1_EC1,22,ecac52184f0c90b1,True,6.536449952593118,2458.3391618156697,-0.19230769230769232,6.536449952593118,2458.3391618156697,-0.19230769230769232,0.0,0.0,0.0
inactive,0.0025544869401794576,S025,101,1060000,0,PR1_HT1_EC1,23,9eb27a6da5b1ba26,True,6.528518052876863,2458.8828986283406,-0.19230769230769232,6.528518052876863,2458.8828986283406,-0.19230769230769232,0.0,0.0,0.0
inactive,0.0025544869401794576,S025,101,1060000,0,PR1_HT1_EC1,24,4ef2881dce43bf3e,True,6.286907757094646,3351.979008700108,-0.16666666666666666,6.286907757094646,3351.979008700108,-0.16666666666666666,0.0,0.0,0.0
inactive,0.0025544869401794576,S025,101,1060000,0,PR1_HT1_EC1,25,4e91815dcc1a1ba7,True,6.249334673311914,3374.629141209726,-0.16666666666666666,6.249334673311914,3374.629141209726,-0.16666666666666666,0.0,0.0,0.0
inactive,0.0025544869401794576,S025,101,1060000,0,PR1_HT1_EC1,26,177c5fb193fc59a5,True,6.605858277922954,2292.9415528843565,-0.15306122448979592,6.605858277922954,2292.9415528843565,-0.15306122448979592,0.0,0.0,0.0
inactive,0.0025544869401794576,S025,101,1060000,0,PR1_HT1_EC1,27,4b855c6f0330cac9,True,6.583286877323383,2319.9862345071006,-0.10204081632653061,6.583286877323383,2319.9862345071006,-0.10204081632653061,0.0,0.0,0.0
inactive,0.0025544869401794576,S025,101,1060000,0,PR1_HT1_EC1,28,a083044d8f78c210,True,6.904635258359354,704.0078882202506,-0.0,6.904635258359354,704.0078882202506,-0.0,0.0,0.0,0.0
inactive,0.0025544869401794576,S025,101,1060000,0,PR1_HT1_EC1,29,4da2e6927f0da410,True,6.567156144261677,2382.416631472054,-0.0,6.567156144261677,2382.416631472054,-0.0,0.0,0.0,0.0
inactive,0.0025544869401794576,S025,101,1060000,0,PR1_HT1_EC1,30,889fdbd3e2360614,True,6.874240121581239,1169.3587059172264,-0.0,6.874240121581239,1169.3587059172264,-0.0,0.0,0.0,0.0
inactive,0.0025544869401794576,S025,101,1060000,0,PR1_HT1_EC1,31,b80b0f0dc69a5d8c,True,6.880831837991047,1075.352110645208,-0.0,6.880831837991047,1075.352110645208,-0.0,0.0,0.0,0.0
inactive,0.0025544869401794576,S025,101,1060000,0,PR1_HT1_EC1,32,4afba8e246326d35,True,6.792509897502747,1871.3234906472276,-0.0,6.792509897502747,1871.3234906472276,-0.0,0.0,0.0,0.0
inactive,0.0025544869401794576,S025,101,1060000,0,PR1_HT1_EC1,33,7e166ff977d9ef81,True,6.768589555792446,1933.6590732451054,-0.0,6.768589555792446,1933.6590732451054,-0.0,0.0,0.0,0.0
inactive,0.0025544869401794576,S025,101,1060000,0,PR1_HT1_EC1,34,a9565a8beb63fdb9,True,6.773899549567069,1895.6766557736182,-0.0,6.773899549567069,1895.6766557736182,-0.0,0.0,0.0,0.0
inactive,0.0025544869401794576,S025,101,1060000,0,PR1_HT1_EC1,35,1e9a8acae592f858,True,6.795413076483857,1866.2143927969114,-0.0,6.795413076483857,1866.2143927969114,-0.0,0.0,0.0,0.0
inactive,0.0025544869401794576,S025,101,1060000,0,PR1_HT1_EC1,36,74047ea86277f249,True,6.688787063147219,2065.9052056866203,-0.0,6.688787063147219,2065.9052056866203,-0.0,0.0,0.0,0.0
inactive,0.0025544869401794576,S025,101,1060000,0,PR1_HT1_EC1,37,3ed489cf05fa65aa,True,6.683565679572183,2156.5057357250944,-0.0,6.683565679572183,2156.5057357250944,-0.0,0.0,0.0,0.0
inactive,0.0025544869401794576,S025,101,1060000,0,PR1_HT1_EC1,38,304958a71d22eccd,True,6.719196158368587,2018.0503917422247,-0.0,6.719196158368587,2018.0503917422247,-0.0,0.0,0.0,0.0
inactive,0.0025544869401794576,S025,101,1060000,0,PR1_HT1_EC1,39,effcaf52c5d11abe,True,6.878726150804589,1144.2258466612093,-0.0,6.878726150804589,1144.2258466612093,-0.0,0.0,0.0,0.0
inactive,0.0025544869401794576,S025,101,1060000,0,PR0_HT1_EC1,0,446d1119ac6df040,False,6.103297387295841,2744.4582868741086,-0.4878048780487805,4.746839354476592,5339.731050489486,-0.823170731707317,-1.3564580328192495,2595.2727636153772,-0.33536585365853655
inactive,0.0025544869401794576,S025,101,1060000,0,PR0_HT1_EC1,1,e9347e6b83ca52fd,False,6.109209043669399,2678.210921962025,-0.45918367346938777,4.622137468689803,5184.574608420234,-0.8678714859436985,-1.4870715749795957,2506.3636864582086,-0.4086878124743107
inactive,0.0025544869401794576,S025,101,1060000,0,PR0_HT1_EC1,2,da5fd6b9870e7540,False,6.176111684977119,2647.3534058642613,-0.4268292682926829,4.593121157552148,5069.065596707231,-0.8678714859437072,-1.582990527424971,2421.7121908429694,-0.4410422176510243
inactive,0.0025544869401794576,S025,101,1060000,0,PR0_HT1_EC1,3,37d40eb04086c9a8,False,6.084279786437312,2729.065031898489,-0.4166666666666667,4.575935382776002,5102.306849805633,-0.8678714859435482,-1.5083444036613098,2373.2418179071437,-0.45120481927688155
inactive,0.0025544869401794576,S025,101,1060000,0,PR0_HT1_EC1,4,955175d47052a60f,False,6.1197383163511505,2672.629909477798,-0.38461538461538464,4.532757880055506,5028.442881516384,-0.8678714859437232,-1.5869804362956446,2355.812972038586,-0.48325610132833857
inactive,0.0025544869401794576,S025,101,1060000,0,PR0_HT1_EC1,5,1a369a7ebd4fa0d2,False,6.072311269753633,2678.210921962025,-0.38461538461538464,4.601385678776971,5164.898993122233,-0.8678714859438162,-1.4709255909766616,2486.688071160208,-0.4832561013284316
inactive,0.0025544869401794576,S025,101,1060000,0,PR0_HT1_EC1,6,1463e4d12a8695d6,False,6.091878570631841,2603.7561734617966,-0.3333333333333333,4.528251717410251,5033.3811674421795,-0.8678714859436998,-1.5636268532215896,2429.624993980383,-0.5345381526103665
inactive,0.0025544869401794576,S025,101,1060000,0,PR0_HT1_EC1,7,d36c8a20d00144e8,False,6.766880592278993,1332.445850579398,-0.15306122448979592,5.838881088033995,3873.584195872829,-0.5102040816326531,-0.9279995042449984,2541.1383452934306,-0.35714285714285715
inactive,0.0025544869401794576,S025,101,1060000,0,PR0_HT1_EC1,8,b7a6cc207ac4a6c2,False,6.761265426448645,1332.445850579398,-0.1282051282051282,5.822743116426814,3921.4390098172244,-0.38461538461538464,-0.9385223100218312,2588.993159237826,-0.25641025641025644
inactive,0.0025544869401794576,S025,101,1060000,0,PR0_HT1_EC1,9,f24e72f15800d1dc,False,6.772312654875925,1330.7428179626258,-0.12195121951219512,5.8708424516049575,3927.673559118317,-0.4573170731707317,-0.9014702032709678,2596.930741155691,-0.3353658536585366
inactive,0.0025544869401794576,S025,101,1060000,0,PR0_HT1_EC1,10,ff924f37ec85617a,False,6.787510223264983,1311.6357182577467,-0.06097560975609756,5.823239145072931,3898.925844878801,-0.5182926829268293,-0.964271078192052,2587.2901266210542,-0.4573170731707317
inactive,0.0025544869401794576,S025,101,1060000,0,PR0_HT1_EC1,11,cffc2b4d8023adab,False,6.770969897829632,1280.1964875218773,-0.0,5.782722745447652,3872.732679564443,-0.4166666666666667,-0.9882471523819802,2592.5361920425657,-0.4166666666666667
inactive,0.0025544869401794576,S025,101,1060000,0,PR0_HT1_EC1,12,23a12f087caa0b70,False,6.904635258359354,704.0078882202506,-0.0,6.904635258359354,704.0078882202506,-0.0,0.0,0.0,0.0
inactive,0.0025544869401794576,S025,101,1060000,0,PR1_HT0_EC1,0,7d342e706d518418,False,4.0120175758104075,4094.9414227207953,-0.8678714859437232,4.532757880055506,5028.442881516384,-0.8678714859437232,0.5207403042450984,933.5014587955884,0.0
inactive,0.0025544869401794576,S025,101,1060000,0,PR1_HT0_EC1,1,d62d704ee8ec5bed,False,5.441099398999763,3636.383175274923,-0.6707317073170732,5.823239145072931,3898.925844878801,-0.5182926829268293,0.38213974607316725,262.54266960387804,0.15243902439024393
inactive,0.0025544869401794576,S025,101,1060000,0,PR1_HT0_EC1,2,352da40309e46315,False,5.32569538736048,3578.073392280705,-0.6410256410256411,5.780334523195965,3900.628877495573,-0.44871794871794873,0.45463913583548443,322.555485214868,0.19230769230769235
inactive,0.0025544869401794576,S025,101,1060000,0,PR1_HT0_EC1,3,8526907b8923027c,False,5.986059258965754,3129.018624060044,-0.4878048780487805,6.265444624491604,3396.4995795897185,-0.3353658536585366,0.27938536552585,267.48095552967425,0.15243902439024387
inactive,0.0025544869401794576,S025,101,1060000,0,PR1_HT0_EC1,4,779488f6f6987823,False,5.985625619742168,3134.1277219103604,-0.45918367346938777,6.271869957381247,3373.5416675843844,-0.35714285714285715,0.2862443376390793,239.41394567402403,0.10204081632653061
inactive,0.0025544869401794576,S025,101,1060000,0,PR1_HT0_EC1,5,85bda92542025f60,False,5.8996807197022285,3084.026138536523,-0.44871794871794873,6.238705143875353,3421.39648152878,-0.2564102564102564,0.3390244241731244,337.37034299225706,0.19230769230769235
inactive,0.0025544869401794576,S025,101,1060000,0,PR1_HT0_EC1,6,a1ad3782e7257223,False,6.3254320023341055,2691.1192572272885,-0.35714285714285715,6.585032999857713,2456.0923923862265,-0.20408163265306123,0.25960099752360755,-235.02686484106198,0.15306122448979592
inactive,0.0025544869401794576,S025,101,1060000,0,PR1_HT0_EC1,7,88859f9cafa43868,False,6.299608325580023,2691.9317562919737,-0.3353658536585366,6.591594726951929,2375.8099879562055,-0.09146341463414634,0.291986401371906,-316.12176833576814,0.24390243902439027
inactive,0.0025544869401794576,S025,101,1060000,0,PR1_HT0_EC1,8,27f7f2a79c7d99db,False,5.898134142849786,3085.42139165758,-0.3333333333333333,6.241128889538345,3375.4806575181124,-0.16666666666666666,0.342994746688559,290.0592658605324,0.16666666666666666
inactive,0.0025544869401794576,S025,101,1060000,0,PR1_HT0_EC1,9,8ef19870f06df293,False,6.260728116314927,2643.7716496183434,-0.32051282051282054,6.570317432620271,2441.752060139054,-0.0,0.3095893163053445,-202.0195894792896,0.32051282051282054
inactive,0.0025544869401794576,S025,101,1060000,0,PR1_HT0_EC1,10,0a42ca3bc5b235b5,False,6.22125307650153,2650.857715227822,-0.32051282051282054,6.567156144261677,2438.2090273343147,-0.0,0.3459030677601467,-212.64868789350749,0.32051282051282054
inactive,0.0025544869401794576,S025,101,1060000,0,PR1_HT0_EC1,11,e155e73e02e53695,False,6.383868161492462,2413.330358828578,-0.30612244897959184,6.583286877323383,2627.5396230678252,-0.10204081632653061,0.1994187158309213,214.2092642392472,0.20408163265306123
inactive,0.0025544869401794576,S025,101,1060000,0,PR1_HT0_EC1,12,cd0df59f35b993cd,False,6.339988972735261,2640.365584384799,-0.3048780487804878,6.603940004209897,2380.036211911291,-0.09146341463414634,0.26395103147463583,-260.3293724735081,0.21341463414634146
inactive,0.0025544869401794576,S025,101,1060000,0,PR1_HT0_EC1,13,a8791837668a928a,False,6.397370193721409,2336.701521016476,-0.3048780487804878,6.580196550659965,2575.742541802349,-0.09146341463414634,0.18282635693855553,239.04102078587312,0.21341463414634146
inactive,0.0025544869401794576,S025,101,1060000,0,PR1_HT0_EC1,14,f0e06f58d3156b05,False,6.3381877744247905,2314.902904815244,-0.2564102564102564,6.683565679572183,2156.5057357250944,-0.0,0.34537790514739264,-158.39716909014942,0.2564102564102564
inactive,0.0025544869401794576,S025,101,1060000,0,PR1_HT0_EC1,15,dcca337c41c77991,False,6.231917138798334,2642.581252132547,-0.25,6.53820322120627,2459.594960599051,-0.16666666666666666,0.30628608240793653,-182.98629153349611,0.08333333333333334
inactive,0.0025544869401794576,S025,101,1060000,0,PR1_HT0_EC1,16,9442b37650cac0c6,False,6.379955396604974,2281.760641462602,-0.08333333333333333,6.684117930690247,2159.911800958638,-0.0,0.3041625340852736,-121.84884050396386,0.08333333333333333
inactive,0.0025544869401794576,S025,101,1060000,0,PR1_HT0_EC1,17,26fc94f05ef73ef0,False,6.674447224330731,1581.5105270825043,-0.05102040816326531,6.780811696635697,1891.3556174514567,-0.0,0.10636447230496593,309.84509036895247,0.05102040816326531
inactive,0.0025544869401794576,S025,101,1060000,0,PR1_HT0_EC1,18,8e97ce663fbd2698,False,6.904635258359354,704.0078882202506,-0.0,6.904635258359354,704.0078882202506,-0.0,0.0,0.0,0.0
inactive,0.0025544869401794576,S025,101,1060000,0,PR1_HT0_EC1,19,2182454afea16e63,False,6.665536996928794,1598.6093014413764,-0.0,6.772068517230944,1935.3621058618776,-0.0,0.10653152030215018,336.7528044205012,0.0
inactive,0.0025544869401794576,S025,101,1060000,0,PR1_HT0_EC1,20,90f79a737206f8db,False,6.847323946241754,1121.8116714685464,-0.0,6.878726150804589,1144.2258466612093,-0.0,0.031402204562835045,22.414175192662924,0.0
inactive,0.0025544869401794576,S025,101,1060000,0,PR1_HT0_EC1,21,d024afe3fb8ce7bb,False,6.830783620806402,1122.3554082812173,-0.0,6.874240121581239,1169.3587059172264,-0.0,0.04345650077483665,47.003297636009165,0.0
inactive,0.0025544869401794576,S025,101,1060000,0,PR1_HT0_EC1,22,6737ae1d25342d99,False,6.829623966993525,1128.658462321195,-0.0,6.874240121581239,1153.0116274475856,-0.0,0.04461615458771373,24.35316512639065,0.0
inactive,0.0025544869401794576,S025,101,1060000,0,PR1_HT0_EC1,23,3ef2b9315f76ee45,False,6.816593120202064,1151.3085948308135,-0.0,6.874240121581239,1149.6055622140414,-0.0,0.057647001379174334,-1.7030326167721341,0.0
inactive,0.0025544869401794576,S025,101,1060000,0,PR1_HT0_EC1,24,c039121078a96d75,False,6.821079149425415,1130.4984625091622,-0.0,6.874240121581239,1149.6055622140414,-0.0,0.053160972155823494,19.107099704879147,0.0
inactive,0.0025544869401794576,S025,101,1060000,0,PR1_HT0_EC1,25,97c2d6c0ac644954,False,6.661945648833711,1606.5468833592413,-0.0,6.769413520343733,1940.7451388545842,-0.0,0.10746787151002124,334.1982554953429,0.0
inactive,0.0025544869401794576,S025,101,1060000,0,PR1_HT0_EC1,26,5a87518f47be883f,False,6.67738772254458,1560.395102031618,-0.0,6.773899549567069,1841.3555105898593,-0.0,0.09651182702248917,280.96040855824117,0.0
inactive,0.0025544869401794576,S025,101,1060000,0,PR1_HT0_EC1,27,8f79453178507af1,False,6.684227498488735,1556.9890367980738,-0.0,6.8017268289485004,1820.682345839403,-0.0,0.1174993304597658,263.69330904132926,0.0
inactive,0.0025544869401794576,S025,101,1060000,0,PR1_HT0_EC1,28,6cd7a9312e55a7e5,False,6.643086260890817,1638.9671051561327,-0.0,6.768589555792446,1987.9802184288646,-0.0,0.12550329490162948,349.01311327273197,0.0
inactive,0.0025544869401794576,S025,101,1060000,0,PR1_HT1_EC0,0,17f5967e22085cf5,False,4.532757880055506,5027.05519257525,-0.8678714859437232,4.532757880055506,5027.05519257525,-0.8678714859437232,0.0,0.0,0.0
inactive,0.0025544869401794576,S025,101,1060000,0,PR1_HT1_EC0,1,f7b3d930cdf94093,False,4.544170196602644,5024.500643650092,-0.8678714859437232,4.544170196602644,5024.500643650092,-0.8678714859437232,0.0,0.0,0.0
inactive,0.0025544869401794576,S025,101,1060000,0,PR1_HT1_EC0,2,1cf0727b6e4aef4b,False,4.528251717410251,5050.013104580583,-0.8678714859436998,4.528251717410251,5050.013104580583,-0.8678714859436998,0.0,0.0,0.0
inactive,0.0025544869401794576,S025,101,1060000,0,PR1_HT1_EC0,3,c372f185ca3aab9f,False,5.81048087756818,4067.3713031685447,-0.5792682926829268,5.81048087756818,4067.3713031685447,-0.5792682926829268,0.0,0.0,0.0
inactive,0.0025544869401794576,S025,101,1060000,0,PR1_HT1_EC0,4,52a18a0c9bf3b6c7,False,5.842915287098676,3870.041163068089,-0.5612244897959183,5.842915287098676,3870.041163068089,-0.5612244897959183,0.0,0.0,0.0
inactive,0.0025544869401794576,S025,101,1060000,0,PR1_HT1_EC0,5,cefa1863f33f9578,False,5.8372944173995975,3949.503532906394,-0.5612244897959183,5.8372944173995975,3949.503532906394,-0.5612244897959183,0.0,0.0,0.0
inactive,0.0025544869401794576,S025,101,1060000,0,PR1_HT1_EC0,6,89c855ddcf0294ba,False,5.823239145072931,4066.827566355874,-0.5182926829268293,5.823239145072931,4066.827566355874,-0.5182926829268293,0.0,0.0,0.0
inactive,0.0025544869401794576,S025,101,1060000,0,PR1_HT1_EC0,7,994c553c480671f9,False,5.785258646099938,4066.827566355874,-0.5,5.785258646099938,4066.827566355874,-0.5,0.0,0.0,0.0
inactive,0.0025544869401794576,S025,101,1060000,0,PR1_HT1_EC0,8,b229ab1a27545f4d,False,6.0236621085210755,3572.5271295732837,-0.5,6.0236621085210755,3572.5271295732837,-0.5,0.0,0.0,0.0
inactive,0.0025544869401794576,S025,101,1060000,0,PR1_HT1_EC0,9,985dccd2a5c40ea5,False,5.840171887981812,3871.0296469476707,-0.4878048780487805,5.840171887981812,3871.0296469476707,-0.4878048780487805,0.0,0.0,0.0
inactive,0.0025544869401794576,S025,101,1060000,0,PR1_HT1_EC0,10,4b55a74c39476d0e,False,6.107362954586695,3526.6113055626165,-0.45918367346938777,6.107362954586695,3526.6113055626165,-0.45918367346938777,0.0,0.0,0.0
inactive,0.0025544869401794576,S025,101,1060000,0,PR1_HT1_EC0,11,1be58d91cec11329,False,5.780334523195965,3900.628877495573,-0.44871794871794873,5.780334523195965,3900.628877495573,-0.44871794871794873,0.0,0.0,0.0
inactive,0.0025544869401794576,S025,101,1060000,0,PR1_HT1_EC0,12,433ef2fb19b0298c,False,5.8147295785227415,3871.0296469476707,-0.4166666666666667,5.8147295785227415,3871.0296469476707,-0.4166666666666667,0.0,0.0,0.0
inactive,0.0025544869401794576,S025,101,1060000,0,PR1_HT1_EC0,13,44a77cee2e030ab5,False,6.018873356946206,3573.0708663859546,-0.4166666666666667,6.018873356946206,3573.0708663859546,-0.4166666666666667,0.0,0.0,0.0
inactive,0.0025544869401794576,S025,101,1060000,0,PR1_HT1_EC0,14,922e667a7d1455af,False,6.02844579107181,3572.219350077569,-0.38461538461538464,6.02844579107181,3572.219350077569,-0.38461538461538464,0.0,0.0,0.0
inactive,0.0025544869401794576,S025,101,1060000,0,PR1_HT1_EC0,15,b0289d5140841153,False,6.292362436347563,3350.5837555790513,-0.35714285714285715,6.292362436347563,3350.5837555790513,-0.35714285714285715,0.0,0.0,0.0
inactive,0.0025544869401794576,S025,101,1060000,0,PR1_HT1_EC0,16,34a711359985335f,False,6.267580109772,3373.5416675843844,-0.3353658536585366,6.267580109772,3373.5416675843844,-0.3353658536585366,0.0,0.0,0.0
inactive,0.0025544869401794576,S025,101,1060000,0,PR1_HT1_EC0,17,4dc9fa278cb9d15f,False,6.36424390582888,3348.3369861496076,-0.28061224489795916,6.36424390582888,3348.3369861496076,-0.28061224489795916,0.0,0.0,0.0
inactive,0.0025544869401794576,S025,101,1060000,0,PR1_HT1_EC0,18,99eff3763cb46d83,False,6.246820027219396,3420.544965220394,-0.2564102564102564,6.246820027219396,3420.544965220394,-0.2564102564102564,0.0,0.0,0.0
inactive,0.0025544869401794576,S025,101,1060000,0,PR1_HT1_EC0,19,ba3c8b4eb0d9487e,False,6.284695201140526,3373.4022132467094,-0.25,6.284695201140526,3373.4022132467094,-0.25,0.0,0.0,0.0
inactive,0.0025544869401794576,S025,101,1060000,0,PR1_HT1_EC0,20,8e6cff53446ca7ad,False,6.590660709533896,2387.2186563702253,-0.20408163265306123,6.590660709533896,2387.2186563702253,-0.20408163265306123,0.0,0.0,0.0
inactive,0.0025544869401794576,S025,101,1060000,0,PR1_HT1_EC0,21,1087cdc0e79eba39,False,6.585032999857713,2456.0923923862265,-0.20408163265306123,6.585032999857713,2456.0923923862265,-0.20408163265306123,0.0,0.0,0.0
inactive,0.0025544869401794576,S025,101,1060000,0,PR1_HT1_EC0,22,ecac52184f0c90b1,False,6.536449952593118,2458.3391618156697,-0.19230769230769232,6.536449952593118,2458.3391618156697,-0.19230769230769232,0.0,0.0,0.0
inactive,0.0025544869401794576,S025,101,1060000,0,PR1_HT1_EC0,23,9eb27a6da5b1ba26,False,6.528518052876863,2458.8828986283406,-0.19230769230769232,6.528518052876863,2458.8828986283406,-0.19230769230769232,0.0,0.0,0.0
inactive,0.0025544869401794576,S025,101,1060000,0,PR1_HT1_EC0,24,4ef2881dce43bf3e,False,6.286907757094646,3351.979008700108,-0.16666666666666666,6.286907757094646,3351.979008700108,-0.16666666666666666,0.0,0.0,0.0
inactive,0.0025544869401794576,S025,101,1060000,0,PR1_HT1_EC0,25,4e91815dcc1a1ba7,False,6.249334673311914,3374.629141209726,-0.16666666666666666,6.249334673311914,3374.629141209726,-0.16666666666666666,0.0,0.0,0.0
inactive,0.0025544869401794576,S025,101,1060000,0,PR1_HT1_EC0,26,177c5fb193fc59a5,False,6.605858277922954,2292.9415528843565,-0.15306122448979592,6.605858277922954,2292.9415528843565,-0.15306122448979592,0.0,0.0,0.0
inactive,0.0025544869401794576,S025,101,1060000,0,PR1_HT1_EC0,27,4b855c6f0330cac9,False,6.583286877323383,2319.9862345071006,-0.10204081632653061,6.583286877323383,2319.9862345071006,-0.10204081632653061,0.0,0.0,0.0
inactive,0.0025544869401794576,S025,101,1060000,0,PR1_HT1_EC0,28,a083044d8f78c210,False,6.904635258359354,704.0078882202506,-0.0,6.904635258359354,704.0078882202506,-0.0,0.0,0.0,0.0
inactive,0.0025544869401794576,S025,101,1060000,0,PR1_HT1_EC0,29,4da2e6927f0da410,False,6.567156144261677,2382.416631472054,-0.0,6.567156144261677,2382.416631472054,-0.0,0.0,0.0,0.0
inactive,0.0025544869401794576,S025,101,1060000,0,PR1_HT1_EC0,30,889fdbd3e2360614,False,6.874240121581239,1169.3587059172264,-0.0,6.874240121581239,1169.3587059172264,-0.0,0.0,0.0,0.0
inactive,0.0025544869401794576,S025,101,1060000,0,PR1_HT1_EC0,31,b80b0f0dc69a5d8c,False,6.880831837991047,1075.352110645208,-0.0,6.880831837991047,1075.352110645208,-0.0,0.0,0.0,0.0
inactive,0.0025544869401794576,S025,101,1060000,0,PR1_HT1_EC0,32,4afba8e246326d35,False,6.792509897502747,1871.3234906472276,-0.0,6.792509897502747,1871.3234906472276,-0.0,0.0,0.0,0.0
inactive,0.0025544869401794576,S025,101,1060000,0,PR1_HT1_EC0,33,7e166ff977d9ef81,False,6.768589555792446,1933.6590732451054,-0.0,6.768589555792446,1933.6590732451054,-0.0,0.0,0.0,0.0
inactive,0.0025544869401794576,S025,101,1060000,0,PR1_HT1_EC0,34,a9565a8beb63fdb9,False,6.773899549567069,1895.6766557736182,-0.0,6.773899549567069,1895.6766557736182,-0.0,0.0,0.0,0.0
inactive,0.0025544869401794576,S025,101,1060000,0,PR1_HT1_EC0,35,1e9a8acae592f858,False,6.795413076483857,1866.2143927969114,-0.0,6.795413076483857,1866.2143927969114,-0.0,0.0,0.0,0.0
inactive,0.0025544869401794576,S025,101,1060000,0,PR1_HT1_EC0,36,74047ea86277f249,False,6.688787063147219,2065.9052056866203,-0.0,6.688787063147219,2065.9052056866203,-0.0,0.0,0.0,0.0
inactive,0.0025544869401794576,S025,101,1060000,0,PR1_HT1_EC0,37,3ed489cf05fa65aa,False,6.683565679572183,2156.5057357250944,-0.0,6.683565679572183,2156.5057357250944,-0.0,0.0,0.0,0.0
inactive,0.0025544869401794576,S025,101,1060000,0,PR1_HT1_EC0,38,304958a71d22eccd,False,6.719196158368587,2018.0503917422247,-0.0,6.719196158368587,2018.0503917422247,-0.0,0.0,0.0,0.0
inactive,0.0025544869401794576,S025,101,1060000,0,PR1_HT1_EC0,39,effcaf52c5d11abe,False,6.878726150804589,1144.2258466612093,-0.0,6.878726150804589,1144.2258466612093,-0.0,0.0,0.0,0.0
inactive,0.0025544869401794576,S025,101,1060001,1,PR1_HT1_EC1,0,cde6c0b29343e286,True,4.528251717410251,5033.3811674421795,-0.8678714859436998,4.528251717410251,5033.3811674421795,-0.8678714859436998,0.0,0.0,0.0
inactive,0.0025544869401794576,S025,101,1060001,1,PR1_HT1_EC1,1,d7d8f4216d54b61f,True,4.557776101259622,5001.5427316447585,-0.8678714859436649,4.557776101259622,5001.5427316447585,-0.8678714859436649,0.0,0.0,0.0
inactive,0.0025544869401794576,S025,101,1060001,1,PR1_HT1_EC1,2,468011bdc9e2de6a,True,4.544170196602644,5024.500643650092,-0.8678714859437232,4.544170196602644,5024.500643650092,-0.8678714859437232,0.0,0.0,0.0
inactive,0.0025544869401794576,S025,101,1060001,1,PR1_HT1_EC1,3,a04955248dc4d9f6,True,4.532757880055506,5027.05519257525,-0.8678714859437232,4.532757880055506,5027.05519257525,-0.8678714859437232,0.0,0.0,0.0
inactive,0.0025544869401794576,S025,101,1060001,1,PR1_HT1_EC1,4,40101ead267182f7,True,5.81048087756818,3894.531295765675,-0.5792682926829268,5.81048087756818,3894.531295765675,-0.5792682926829268,0.0,0.0,0.0
inactive,0.0025544869401794576,S025,101,1060001,1,PR1_HT1_EC1,5,c074bb4f3b1fdc02,True,5.842915287098676,3870.041163068089,-0.5612244897959183,5.842915287098676,3870.041163068089,-0.5612244897959183,0.0,0.0,0.0
inactive,0.0025544869401794576,S025,101,1060001,1,PR1_HT1_EC1,6,b4a2b042dad81920,True,5.785258646099938,3898.9258448788005,-0.5,5.785258646099938,3898.9258448788005,-0.5,0.0,0.0,0.0
inactive,0.0025544869401794576,S025,101,1060001,1,PR1_HT1_EC1,7,6dfa80e04e5919d7,True,6.0236621085210755,3572.5271295732837,-0.5,6.0236621085210755,3572.5271295732837,-0.5,0.0,0.0,0.0
inactive,0.0025544869401794576,S025,101,1060001,1,PR1_HT1_EC1,8,067792ec464a0150,True,5.780334523195965,4068.530598972646,-0.44871794871794873,5.780334523195965,4068.530598972646,-0.44871794871794873,0.0,0.0,0.0
inactive,0.0025544869401794576,S025,101,1060001,1,PR1_HT1_EC1,9,b16a9496cdb03dea,True,6.0355583567059385,3549.56921756795,-0.44871794871794873,6.0355583567059385,3549.56921756795,-0.44871794871794873,0.0,0.0,0.0
inactive,0.0025544869401794576,S025,101,1060001,1,PR1_HT1_EC1,10,23d5b91228933f15,True,5.782722745447652,3872.732679564443,-0.4166666666666667,5.782722745447652,3872.732679564443,-0.4166666666666667,0.0,0.0,0.0
inactive,0.0025544869401794576,S025,101,1060001,1,PR1_HT1_EC1,11,be015661f313f078,True,6.2793633692503255,3349.7322392706646,-0.36585365853658536,6.2793633692503255,3349.7322392706646,-0.36585365853658536,0.0,0.0,0.0
inactive,0.0025544869401794576,S025,101,1060001,1,PR1_HT1_EC1,12,339a15a8a6ef7f92,True,6.180294175956368,3526.6113055626165,-0.36585365853658536,6.180294175956368,3526.6113055626165,-0.36585365853658536,0.0,0.0,0.0
inactive,0.0025544869401794576,S025,101,1060001,1,PR1_HT1_EC1,13,76aa89236e78ebea,True,6.267580109772,3373.5416675843844,-0.3353658536585366,6.267580109772,3373.5416675843844,-0.3353658536585366,0.0,0.0,0.0
inactive,0.0025544869401794576,S025,101,1060001,1,PR1_HT1_EC1,14,e9e21ac184db1498,True,6.099795979309597,3526.611305562616,-0.3333333333333333,6.099795979309597,3526.611305562616,-0.3333333333333333,0.0,0.0,0.0
inactive,0.0025544869401794576,S025,101,1060001,1,PR1_HT1_EC1,15,7912670dc5fbb7ed,True,6.250103320167317,3445.0664555048243,-0.2564102564102564,6.250103320167317,3445.0664555048243,-0.2564102564102564,0.0,0.0,0.0
inactive,0.0025544869401794576,S025,101,1060001,1,PR1_HT1_EC1,16,637d492448999406,True,6.539311951730267,2434.52973350195,-0.25510204081632654,6.539311951730267,2434.52973350195,-0.25510204081632654,0.0,0.0,0.0
inactive,0.0025544869401794576,S025,101,1060001,1,PR1_HT1_EC1,17,84819052b6e41a5b,True,6.273297024848562,3349.7322392706646,-0.25,6.273297024848562,3349.7322392706646,-0.25,0.0,0.0,0.0
inactive,0.0025544869401794576,S025,101,1060001,1,PR1_HT1_EC1,18,575f7d9b64b6f811,True,6.543885120444341,2412.423337805002,-0.24390243902439024,6.543885120444341,2412.423337805002,-0.24390243902439024,0.0,0.0,0.0
inactive,0.0025544869401794576,S025,101,1060001,1,PR1_HT1_EC1,19,26ac73063e9d7d56,True,6.534931078179168,2458.8828986283406,-0.19230769230769232,6.534931078179168,2458.8828986283406,-0.19230769230769232,0.0,0.0,0.0
inactive,0.0025544869401794576,S025,101,1060001,1,PR1_HT1_EC1,20,2c549ce1f8669e9d,True,6.536449952593118,2458.3391618156697,-0.19230769230769232,6.536449952593118,2458.3391618156697,-0.19230769230769232,0.0,0.0,0.0
inactive,0.0025544869401794576,S025,101,1060001,1,PR1_HT1_EC1,21,fc9737bacfc850e2,True,6.255808710876239,3443.5028772257274,-0.19230769230769232,6.255808710876239,3443.5028772257274,-0.19230769230769232,0.0,0.0,0.0
inactive,0.0025544869401794576,S025,101,1060001,1,PR1_HT1_EC1,22,aaf842450f2bc341,True,6.585753725383067,2388.9216889869977,-0.18292682926829268,6.585753725383067,2388.9216889869977,-0.18292682926829268,0.0,0.0,0.0
inactive,0.0025544869401794576,S025,101,1060001,1,PR1_HT1_EC1,23,3a200aac0cabf280,True,6.536785274177634,2412.423337805002,-0.16666666666666666,6.536785274177634,2412.423337805002,-0.16666666666666666,0.0,0.0,0.0
inactive,0.0025544869401794576,S025,101,1060001,1,PR1_HT1_EC1,24,1946b47b0a378817,True,6.533343815810775,2435.9249866230066,-0.16666666666666666,6.533343815810775,2435.9249866230066,-0.16666666666666666,0.0,0.0,0.0
inactive,0.0025544869401794576,S025,101,1060001,1,PR1_HT1_EC1,25,aa19ecd037343251,True,6.249856845779573,3374.629141209726,-0.16666666666666666,6.249856845779573,3374.629141209726,-0.16666666666666666,0.0,0.0,0.0
inactive,0.0025544869401794576,S025,101,1060001,1,PR1_HT1_EC1,26,043aa8b9d211db22,True,6.616349861970663,2388.3779521743268,-0.12195121951219512,6.616349861970663,2388.3779521743268,-0.12195121951219512,0.0,0.0,0.0
inactive,0.0025544869401794576,S025,101,1060001,1,PR1_HT1_EC1,27,947386b43aadff72,True,6.904635258359354,704.0078882202506,-0.0,6.904635258359354,704.0078882202506,-0.0,0.0,0.0,0.0
inactive,0.0025544869401794576,S025,101,1060001,1,PR1_HT1_EC1,28,8ce9b0c32db37d16,True,6.604064881554189,2285.8554872748778,-0.0,6.604064881554189,2285.8554872748778,-0.0,0.0,0.0,0.0
inactive,0.0025544869401794576,S025,101,1060001,1,PR1_HT1_EC1,29,5158fd3aa05e6f2d,True,6.5701306526149725,2333.7103012192733,-0.0,6.5701306526149725,2333.7103012192733,-0.0,0.0,0.0,0.0
inactive,0.0025544869401794576,S025,101,1060001,1,PR1_HT1_EC1,30,d6a9e3ba52323427,True,6.574284669348502,2311.0601687096546,-0.0,6.574284669348502,2311.0601687096546,-0.0,0.0,0.0,0.0
inactive,0.0025544869401794576,S025,101,1060001,1,PR1_HT1_EC1,31,f2aa96908f6d8998,True,6.874240121581239,1149.6055622140414,-0.0,6.874240121581239,1149.6055622140414,-0.0,0.0,0.0,0.0
inactive,0.0025544869401794576,S025,101,1060001,1,PR1_HT1_EC1,32,8d5a63dcd227d2d2,True,6.880831837991047,1055.598966942023,-0.0,6.880831837991047,1055.598966942023,-0.0,0.0,0.0,0.0
inactive,0.0025544869401794576,S025,101,1060001,1,PR1_HT1_EC1,33,095f1a4c37cef303,True,6.770420588128572,1860.5995778659335,-0.0,6.770420588128572,1860.5995778659335,-0.0,0.0,0.0,0.0
inactive,0.0025544869401794576,S025,101,1060001,1,PR1_HT1_EC1,34,ebfe678f1d3ea05d,True,6.773899549567069,1841.3555105898593,-0.0,6.773899549567069,1841.3555105898593,-0.0,0.0,0.0,0.0
inactive,0.0025544869401794576,S025,101,1060001,1,PR1_HT1_EC1,35,8639fedc8a1c58a1,True,6.688787063147219,2070.2997547997456,-0.0,6.688787063147219,2070.2997547997456,-0.0,0.0,0.0,0.0
inactive,0.0025544869401794576,S025,101,1060001,1,PR1_HT1_EC1,36,a22e679368923521,True,6.684117930690247,2159.911800958638,-0.0,6.684117930690247,2159.911800958638,-0.0,0.0,0.0,0.0
inactive,0.0025544869401794576,S025,101,1060001,1,PR1_HT1_EC1,37,3dadf5e3f47ea6ef,True,6.792509897502747,1817.0023454634686,-0.0,6.792509897502747,1817.0023454634686,-0.0,0.0,0.0,0.0
inactive,0.0025544869401794576,S025,101,1060001,1,PR1_HT1_EC1,38,3a9af4cd4ff90ef9,True,6.716998024736528,2012.0897775835226,-0.0,6.716998024736528,2012.0897775835226,-0.0,0.0,0.0,0.0
inactive,0.0025544869401794576,S025,101,1060001,1,PR0_HT1_EC1,0,b14bac020e17e995,False,6.103297387295841,2744.4582868741086,-0.4878048780487805,4.746839354476592,5339.731050489486,-0.823170731707317,-1.3564580328192495,2595.2727636153772,-0.33536585365853655
inactive,0.0025544869401794576,S025,101,1060001,1,PR0_HT1_EC1,1,c388a08d78411e8f,False,6.109209043669399,2678.210921962025,-0.45918367346938777,4.622137468689803,5184.574608420234,-0.8678714859436985,-1.4870715749795957,2506.3636864582086,-0.4086878124743107
inactive,0.0025544869401794576,S025,101,1060001,1,PR0_HT1_EC1,2,abf3ca00274b3a4f,False,6.176111684977119,2647.3534058642613,-0.4268292682926829,4.593121157552148,5069.065596707231,-0.8678714859437072,-1.582990527424971,2421.7121908429694,-0.4410422176510243
inactive,0.0025544869401794576,S025,101,1060001,1,PR0_HT1_EC1,3,74fa99b30781e79e,False,6.084279786437312,2729.065031898489,-0.4166666666666667,4.575935382776002,5102.306849805633,-0.8678714859435482,-1.5083444036613098,2373.2418179071437,-0.45120481927688155
inactive,0.0025544869401794576,S025,101,1060001,1,PR0_HT1_EC1,4,96ff126027edab05,False,6.1197383163511505,2672.629909477798,-0.38461538461538464,4.532757880055506,5028.442881516384,-0.8678714859437232,-1.5869804362956446,2355.812972038586,-0.48325610132833857
inactive,0.0025544869401794576,S025,101,1060001,1,PR0_HT1_EC1,5,452e7f8196437f06,False,6.072311269753633,2678.210921962025,-0.38461538461538464,4.601385678776971,5164.898993122233,-0.8678714859438162,-1.4709255909766616,2486.688071160208,-0.4832561013284316
inactive,0.0025544869401794576,S025,101,1060001,1,PR0_HT1_EC1,6,0496ab3f6df8adae,False,6.091878570631841,2603.7561734617966,-0.3333333333333333,4.528251717410251,5033.3811674421795,-0.8678714859436998,-1.5636268532215896,2429.624993980383,-0.5345381526103665
inactive,0.0025544869401794576,S025,101,1060001,1,PR0_HT1_EC1,7,55c04d1839ce5782,False,6.766880592278993,1332.445850579398,-0.15306122448979592,5.838881088033995,3873.584195872829,-0.5102040816326531,-0.9279995042449984,2541.1383452934306,-0.35714285714285715
inactive,0.0025544869401794576,S025,101,1060001,1,PR0_HT1_EC1,8,20e40bf09d821acd,False,6.761265426448645,1332.445850579398,-0.1282051282051282,5.822743116426814,3921.4390098172244,-0.38461538461538464,-0.9385223100218312,2588.993159237826,-0.25641025641025644
inactive,0.0025544869401794576,S025,101,1060001,1,PR0_HT1_EC1,9,6388b2ef0fb36fda,False,6.772312654875925,1330.7428179626258,-0.12195121951219512,5.8708424516049575,3927.673559118317,-0.4573170731707317,-0.9014702032709678,2596.930741155691,-0.3353658536585366
inactive,0.0025544869401794576,S025,101,1060001,1,PR0_HT1_EC1,10,0d32533a9d523f30,False,6.787510223264983,1311.6357182577467,-0.06097560975609756,5.823239145072931,3898.925844878801,-0.5182926829268293,-0.964271078192052,2587.2901266210542,-0.4573170731707317
inactive,0.0025544869401794576,S025,101,1060001,1,PR0_HT1_EC1,11,395303fbeb3b49e2,False,6.770969897829632,1280.1964875218773,-0.0,5.782722745447652,3872.732679564443,-0.4166666666666667,-0.9882471523819802,2592.5361920425657,-0.4166666666666667
inactive,0.0025544869401794576,S025,101,1060001,1,PR0_HT1_EC1,12,1681fe9e64c59eab,False,6.904635258359354,704.0078882202506,-0.0,6.904635258359354,704.0078882202506,-0.0,0.0,0.0,0.0
inactive,0.0025544869401794576,S025,101,1060001,1,PR1_HT0_EC1,0,2f5eeafea146cb41,False,4.0120175758104075,4094.9414227207953,-0.8678714859437232,4.532757880055506,5028.442881516384,-0.8678714859437232,0.5207403042450984,933.5014587955884,0.0
inactive,0.0025544869401794576,S025,101,1060001,1,PR1_HT0_EC1,1,e9b8465010da8d8f,False,5.452497575291727,3660.0531492509676,-0.6707317073170732,5.8346373213648945,3922.595818854845,-0.5182926829268293,0.38213974607316725,262.5426696038776,0.15243902439024393
inactive,0.0025544869401794576,S025,101,1060001,1,PR1_HT0_EC1,2,550800f6a4f95905,False,5.441099398999763,3692.1755711371834,-0.6707317073170732,5.81048087756818,3894.531295765675,-0.5792682926829268,0.36938147856841663,202.35572462849177,0.09146341463414642
inactive,0.0025544869401794576,S025,101,1060001,1,PR1_HT0_EC1,3,b0487f2a2c0d17e9,False,5.32569538736048,3578.073392280705,-0.6410256410256411,5.780334523195965,3900.628877495573,-0.44871794871794873,0.45463913583548443,322.555485214868,0.19230769230769235
inactive,0.0025544869401794576,S025,101,1060001,1,PR1_HT0_EC1,4,d85cd242d83ec4f6,False,5.986059258965754,3151.9765360653782,-0.4878048780487805,6.267580109772,3373.5416675843844,-0.3353658536585366,0.28152085080624634,221.56513151900617,0.15243902439024387
inactive,0.0025544869401794576,S025,101,1060001,1,PR1_HT0_EC1,5,ebba379988a46a6a,False,6.061364675538845,3134.1277219103604,-0.45918367346938777,6.273858088281,3396.4995795897185,-0.35714285714285715,0.21249341274215539,262.3718576793581,0.10204081632653061
inactive,0.0025544869401794576,S025,101,1060001,1,PR1_HT0_EC1,6,dd012f88d59f5aa9,False,5.8996807197022285,3084.026138536523,-0.44871794871794873,6.238705143875353,3421.39648152878,-0.2564102564102564,0.3390244241731244,337.37034299225706,0.19230769230769235
inactive,0.0025544869401794576,S025,101,1060001,1,PR1_HT0_EC1,7,a19c8611e1bd20c0,False,6.287752987756799,2688.2203983291947,-0.36585365853658536,6.600951293772125,2295.496101809515,-0.12195121951219512,0.31319830601532583,-392.7242965196797,0.24390243902439024
inactive,0.0025544869401794576,S025,101,1060001,1,PR1_HT0_EC1,8,6aa414b54d4fe7b6,False,6.2791326757774195,2671.6678475494737,-0.3333333333333333,6.5701306526149725,2333.7103012192733,-0.0,0.290997976837553,-337.95754633020033,0.3333333333333333
inactive,0.0025544869401794576,S025,101,1060001,1,PR1_HT0_EC1,9,0cef6c16997ca299,False,5.964720720698854,3082.866842732421,-0.3333333333333333,6.249334673311914,3374.629141209726,-0.16666666666666666,0.2846139526130598,291.7622984773052,0.16666666666666666
inactive,0.0025544869401794576,S025,101,1060001,1,PR1_HT0_EC1,10,87353c59dd51e07d,False,6.22125307650153,2650.857715227822,-0.32051282051282054,6.567156144261677,2438.2090273343147,-0.0,0.3459030677601467,-212.64868789350749,0.32051282051282054
inactive,0.0025544869401794576,S025,101,1060001,1,PR1_HT0_EC1,11,58f5dc06ea458e23,False,6.383868161492462,2413.330358828578,-0.30612244897959184,6.606083229906969,2432.6944529967996,-0.025510204081632654,0.22221506841450722,19.364094168221527,0.2806122448979592
inactive,0.0025544869401794576,S025,101,1060001,1,PR1_HT0_EC1,12,7548e2eee507e65c,False,6.339988972735261,2640.365584384799,-0.3048780487804878,6.603940004209897,2380.036211911291,-0.09146341463414634,0.26395103147463583,-260.3293724735081,0.21341463414634146
inactive,0.0025544869401794576,S025,101,1060001,1,PR1_HT0_EC1,13,e1d6919dcadc6af1,False,6.408768370013374,2360.3714949925206,-0.3048780487804878,6.700276791055963,2149.7621246380504,-0.0,0.2915084210425887,-210.60937035447023,0.3048780487804878
inactive,0.0025544869401794576,S025,101,1060001,1,PR1_HT0_EC1,14,1bb034a6f597e674,False,6.3381877744247905,2314.902904815244,-0.2564102564102564,6.683565679572183,2156.5057357250944,-0.0,0.34537790514739264,-158.39716909014942,0.2564102564102564
inactive,0.0025544869401794576,S025,101,1060001,1,PR1_HT0_EC1,15,36b625df1bfced3d,False,6.220518962506369,2595.0653193655626,-0.25,6.567156144261677,2382.416631472054,-0.0,0.346637181755308,-212.6486878935084,0.25
inactive,0.0025544869401794576,S025,101,1060001,1,PR1_HT0_EC1,16,4f9eb20ef5853095,False,6.33402212934698,2314.902904815244,-0.25,6.683565679572183,2156.5057357250944,-0.0,0.3495435502252029,-158.39716909014942,0.25
inactive,0.0025544869401794576,S025,101,1060001,1,PR1_HT0_EC1,17,ec7f0a8d72af6bb5,False,6.514046106469323,2314.0513885068576,-0.18292682926829268,6.728066715765349,2060.1187208923125,-0.0,0.21402060929602662,-253.93266761454515,0.18292682926829268
inactive,0.0025544869401794576,S025,101,1060001,1,PR1_HT0_EC1,18,002f1c5baf5ade5a,False,6.404253280757313,2311.359872010504,-0.16666666666666666,6.5701306526149725,2557.312829041461,-0.0,0.16587737185765938,245.9529570309569,0.16666666666666666
inactive,0.0025544869401794576,S025,101,1060001,1,PR1_HT0_EC1,19,55886cbb6111637e,False,6.379955396604974,2281.760641462602,-0.08333333333333333,6.684117930690247,2159.911800958638,-0.0,0.3041625340852736,-121.84884050396386,0.08333333333333333
inactive,0.0025544869401794576,S025,101,1060001,1,PR1_HT0_EC1,20,4d257909c7bc4ef6,False,6.904635258359354,704.0078882202506,-0.0,6.904635258359354,704.0078882202506,-0.0,0.0,0.0,0.0
inactive,0.0025544869401794576,S025,101,1060001,1,PR1_HT0_EC1,21,249f00f6f38491d0,False,6.821018115014277,1128.658462321195,-0.0,6.880831837991047,1055.598966942023,-0.0,0.05981372297677012,-73.05949537917195,0.0
inactive,0.0025544869401794576,S025,101,1060001,1,PR1_HT0_EC1,22,9f1e2cccffed09ce,False,6.643086260890817,1599.4608177497626,-0.0,6.768589555792446,1933.6590732451054,-0.0,0.12550329490162948,334.1982554953429,0.0
inactive,0.0025544869401794576,S025,101,1060001,1,PR1_HT0_EC1,23,11f28eea52c77ef2,False,6.665536996928794,1598.6093014413764,-0.0,6.772068517230944,1935.3621058618776,-0.0,0.10653152030215018,336.7528044205012,0.0
inactive,0.0025544869401794576,S025,101,1060001,1,PR1_HT0_EC1,24,7a0b61b0693d075c,False,6.67738772254458,1560.395102031618,-0.0,6.772892481782231,1925.0441043832493,-0.0,0.09550475923765056,364.6490023516312,0.0
inactive,0.0025544869401794576,S025,101,1060001,1,PR1_HT0_EC1,25,827cd90dee2c4e31,False,6.683050318730753,1526.4013223705906,-0.0,6.770420588128572,1860.5995778659335,-0.0,0.08737026939781956,334.1982554953429,0.0
inactive,0.0025544869401794576,S025,101,1060001,1,PR1_HT0_EC1,26,4ed62a57e988a261,False,6.830783620806402,1122.3554082812173,-0.0,6.874240121581239,1169.3587059172264,-0.0,0.04345650077483665,47.003297636009165,0.0
inactive,0.0025544869401794576,S025,101,1060001,1,PR1_HT0_EC1,27,0c170259c81589c7,False,6.666741629916057,1591.1122912117373,-0.0,6.773899549567069,1895.6766557736182,-0.0,0.10715791965101218,304.5643645618809,0.0
inactive,0.0025544869401794576,S025,101,1060001,1,PR1_HT0_EC1,28,7ca4a8245c45f575,False,6.816593120202064,1151.3085948308135,-0.0,6.874240121581239,1149.6055622140414,-0.0,0.057647001379174334,-1.7030326167721341,0.0
inactive,0.0025544869401794576,S025,101,1060001,1,PR1_HT1_EC0,0,cde6c0b29343e286,False,4.528251717410251,5033.3811674421795,-0.8678714859436998,4.528251717410251,5033.3811674421795,-0.8678714859436998,0.0,0.0,0.0
inactive,0.0025544869401794576,S025,101,1060001,1,PR1_HT1_EC0,1,d7d8f4216d54b61f,False,4.557776101259622,5001.5427316447585,-0.8678714859436649,4.557776101259622,5001.5427316447585,-0.8678714859436649,0.0,0.0,0.0
inactive,0.0025544869401794576,S025,101,1060001,1,PR1_HT1_EC0,2,468011bdc9e2de6a,False,4.544170196602644,5024.500643650092,-0.8678714859437232,4.544170196602644,5024.500643650092,-0.8678714859437232,0.0,0.0,0.0
inactive,0.0025544869401794576,S025,101,1060001,1,PR1_HT1_EC0,3,a04955248dc4d9f6,False,4.532757880055506,5027.05519257525,-0.8678714859437232,4.532757880055506,5027.05519257525,-0.8678714859437232,0.0,0.0,0.0
inactive,0.0025544869401794576,S025,101,1060001,1,PR1_HT1_EC0,4,40101ead267182f7,False,5.81048087756818,3894.531295765675,-0.5792682926829268,5.81048087756818,3894.531295765675,-0.5792682926829268,0.0,0.0,0.0
inactive,0.0025544869401794576,S025,101,1060001,1,PR1_HT1_EC0,5,c074bb4f3b1fdc02,False,5.842915287098676,3870.041163068089,-0.5612244897959183,5.842915287098676,3870.041163068089,-0.5612244897959183,0.0,0.0,0.0
inactive,0.0025544869401794576,S025,101,1060001,1,PR1_HT1_EC0,6,b4a2b042dad81920,False,5.785258646099938,3898.9258448788005,-0.5,5.785258646099938,3898.9258448788005,-0.5,0.0,0.0,0.0
inactive,0.0025544869401794576,S025,101,1060001,1,PR1_HT1_EC0,7,6dfa80e04e5919d7,False,6.0236621085210755,3572.5271295732837,-0.5,6.0236621085210755,3572.5271295732837,-0.5,0.0,0.0,0.0
inactive,0.0025544869401794576,S025,101,1060001,1,PR1_HT1_EC0,8,067792ec464a0150,False,5.780334523195965,4068.530598972646,-0.44871794871794873,5.780334523195965,4068.530598972646,-0.44871794871794873,0.0,0.0,0.0
inactive,0.0025544869401794576,S025,101,1060001,1,PR1_HT1_EC0,9,b16a9496cdb03dea,False,6.0355583567059385,3549.56921756795,-0.44871794871794873,6.0355583567059385,3549.56921756795,-0.44871794871794873,0.0,0.0,0.0
inactive,0.0025544869401794576,S025,101,1060001,1,PR1_HT1_EC0,10,23d5b91228933f15,False,5.782722745447652,3872.732679564443,-0.4166666666666667,5.782722745447652,3872.732679564443,-0.4166666666666667,0.0,0.0,0.0
inactive,0.0025544869401794576,S025,101,1060001,1,PR1_HT1_EC0,11,be015661f313f078,False,6.2793633692503255,3349.7322392706646,-0.36585365853658536,6.2793633692503255,3349.7322392706646,-0.36585365853658536,0.0,0.0,0.0
inactive,0.0025544869401794576,S025,101,1060001,1,PR1_HT1_EC0,12,339a15a8a6ef7f92,False,6.180294175956368,3526.6113055626165,-0.36585365853658536,6.180294175956368,3526.6113055626165,-0.36585365853658536,0.0,0.0,0.0
inactive,0.0025544869401794576,S025,101,1060001,1,PR1_HT1_EC0,13,76aa89236e78ebea,False,6.267580109772,3373.5416675843844,-0.3353658536585366,6.267580109772,3373.5416675843844,-0.3353658536585366,0.0,0.0,0.0
inactive,0.0025544869401794576,S025,101,1060001,1,PR1_HT1_EC0,14,e9e21ac184db1498,False,6.099795979309597,3526.611305562616,-0.3333333333333333,6.099795979309597,3526.611305562616,-0.3333333333333333,0.0,0.0,0.0
inactive,0.0025544869401794576,S025,101,1060001,1,PR1_HT1_EC0,15,7912670dc5fbb7ed,False,6.250103320167317,3445.0664555048243,-0.2564102564102564,6.250103320167317,3445.0664555048243,-0.2564102564102564,0.0,0.0,0.0
inactive,0.0025544869401794576,S025,101,1060001,1,PR1_HT1_EC0,16,637d492448999406,False,6.539311951730267,2434.52973350195,-0.25510204081632654,6.539311951730267,2434.52973350195,-0.25510204081632654,0.0,0.0,0.0
inactive,0.0025544869401794576,S025,101,1060001,1,PR1_HT1_EC0,17,84819052b6e41a5b,False,6.273297024848562,3349.7322392706646,-0.25,6.273297024848562,3349.7322392706646,-0.25,0.0,0.0,0.0
inactive,0.0025544869401794576,S025,101,1060001,1,PR1_HT1_EC0,18,575f7d9b64b6f811,False,6.543885120444341,2412.423337805002,-0.24390243902439024,6.543885120444341,2412.423337805002,-0.24390243902439024,0.0,0.0,0.0
inactive,0.0025544869401794576,S025,101,1060001,1,PR1_HT1_EC0,19,26ac73063e9d7d56,False,6.534931078179168,2458.8828986283406,-0.19230769230769232,6.534931078179168,2458.8828986283406,-0.19230769230769232,0.0,0.0,0.0
inactive,0.0025544869401794576,S025,101,1060001,1,PR1_HT1_EC0,20,2c549ce1f8669e9d,False,6.536449952593118,2458.3391618156697,-0.19230769230769232,6.536449952593118,2458.3391618156697,-0.19230769230769232,0.0,0.0,0.0
inactive,0.0025544869401794576,S025,101,1060001,1,PR1_HT1_EC0,21,fc9737bacfc850e2,False,6.255808710876239,3443.5028772257274,-0.19230769230769232,6.255808710876239,3443.5028772257274,-0.19230769230769232,0.0,0.0,0.0
inactive,0.0025544869401794576,S025,101,1060001,1,PR1_HT1_EC0,22,aaf842450f2bc341,False,6.585753725383067,2388.9216889869977,-0.18292682926829268,6.585753725383067,2388.9216889869977,-0.18292682926829268,0.0,0.0,0.0
inactive,0.0025544869401794576,S025,101,1060001,1,PR1_HT1_EC0,23,3a200aac0cabf280,False,6.536785274177634,2412.423337805002,-0.16666666666666666,6.536785274177634,2412.423337805002,-0.16666666666666666,0.0,0.0,0.0
inactive,0.0025544869401794576,S025,101,1060001,1,PR1_HT1_EC0,24,1946b47b0a378817,False,6.533343815810775,2435.9249866230066,-0.16666666666666666,6.533343815810775,2435.9249866230066,-0.16666666666666666,0.0,0.0,0.0
inactive,0.0025544869401794576,S025,101,1060001,1,PR1_HT1_EC0,25,aa19ecd037343251,False,6.249856845779573,3374.629141209726,-0.16666666666666666,6.249856845779573,3374.629141209726,-0.16666666666666666,0.0,0.0,0.0
inactive,0.0025544869401794576,S025,101,1060001,1,PR1_HT1_EC0,26,043aa8b9d211db22,False,6.616349861970663,2388.3779521743268,-0.12195121951219512,6.616349861970663,2388.3779521743268,-0.12195121951219512,0.0,0.0,0.0
inactive,0.0025544869401794576,S025,101,1060001,1,PR1_HT1_EC0,27,947386b43aadff72,False,6.904635258359354,704.0078882202506,-0.0,6.904635258359354,704.0078882202506,-0.0,0.0,0.0,0.0
inactive,0.0025544869401794576,S025,101,1060001,1,PR1_HT1_EC0,28,8ce9b0c32db37d16,False,6.604064881554189,2285.8554872748778,-0.0,6.604064881554189,2285.8554872748778,-0.0,0.0,0.0,0.0
inactive,0.0025544869401794576,S025,101,1060001,1,PR1_HT1_EC0,29,5158fd3aa05e6f2d,False,6.5701306526149725,2333.7103012192733,-0.0,6.5701306526149725,2333.7103012192733,-0.0,0.0,0.0,0.0
inactive,0.0025544869401794576,S025,101,1060001,1,PR1_HT1_EC0,30,d6a9e3ba52323427,False,6.574284669348502,2311.0601687096546,-0.0,6.574284669348502,2311.0601687096546,-0.0,0.0,0.0,0.0
inactive,0.0025544869401794576,S025,101,1060001,1,PR1_HT1_EC0,31,f2aa96908f6d8998,False,6.874240121581239,1149.6055622140414,-0.0,6.874240121581239,1149.6055622140414,-0.0,0.0,0.0,0.0
inactive,0.0025544869401794576,S025,101,1060001,1,PR1_HT1_EC0,32,8d5a63dcd227d2d2,False,6.880831837991047,1055.598966942023,-0.0,6.880831837991047,1055.598966942023,-0.0,0.0,0.0,0.0
inactive,0.0025544869401794576,S025,101,1060001,1,PR1_HT1_EC0,33,095f1a4c37cef303,False,6.770420588128572,1860.5995778659335,-0.0,6.770420588128572,1860.5995778659335,-0.0,0.0,0.0,0.0
inactive,0.0025544869401794576,S025,101,1060001,1,PR1_HT1_EC0,34,ebfe678f1d3ea05d,False,6.773899549567069,1841.3555105898593,-0.0,6.773899549567069,1841.3555105898593,-0.0,0.0,0.0,0.0
inactive,0.0025544869401794576,S025,101,1060001,1,PR1_HT1_EC0,35,8639fedc8a1c58a1,False,6.688787063147219,2070.2997547997456,-0.0,6.688787063147219,2070.2997547997456,-0.0,0.0,0.0,0.0
inactive,0.0025544869401794576,S025,101,1060001,1,PR1_HT1_EC0,36,a22e679368923521,False,6.684117930690247,2159.911800958638,-0.0,6.684117930690247,2159.911800958638,-0.0,0.0,0.0,0.0
inactive,0.0025544869401794576,S025,101,1060001,1,PR1_HT1_EC0,37,3dadf5e3f47ea6ef,False,6.792509897502747,1817.0023454634686,-0.0,6.792509897502747,1817.0023454634686,-0.0,0.0,0.0,0.0
inactive,0.0025544869401794576,S025,101,1060001,1,PR1_HT1_EC0,38,3a9af4cd4ff90ef9,False,6.716998024736528,2012.0897775835226,-0.0,6.716998024736528,2012.0897775835226,-0.0,0.0,0.0,0.0
transition,0.00022938722595187606,S025,101,1060000,0,PR1_HT1_EC1,0,d0f49674b4792a03,True,6.827594983010299,1184.3027349587906,-0.0,6.827594983010299,1184.3027349587906,-0.0,0.0,0.0,0.0
transition,0.00022938722595187606,S025,101,1060000,0,PR1_HT1_EC1,1,f1c72a2baa816c12,True,6.8374734024631865,1182.5726009881282,-0.0,6.8374734024631865,1182.5726009881282,-0.0,0.0,0.0,0.0
transition,0.00022938722595187606,S025,101,1060000,0,PR1_HT1_EC1,2,c5c9948a60647079,True,6.916515930942219,1090.2961396867722,-0.0,6.916515930942219,1090.2961396867722,-0.0,0.0,0.0,0.0
transition,0.00022938722595187606,S025,101,1060000,0,PR1_HT1_EC1,3,14e829ddb9c1c4cb,True,6.926394350395106,1076.6309956221558,-0.0,6.926394350395106,1076.6309956221558,-0.0,0.0,0.0,0.0
transition,0.00022938722595187606,S025,101,1060000,0,PR1_HT1_EC1,4,1ffbf8ebe1e37f1d,True,6.819450198209346,1242.6058387527426,-0.0,6.819450198209346,1242.6058387527426,-0.0,0.0,0.0,0.0
transition,0.00022938722595187606,S025,101,1060000,0,PR1_HT1_EC1,5,0547a617834a41d6,True,6.811851414014816,1381.5544924120095,-0.0,6.811851414014816,1381.5544924120095,-0.0,0.0,0.0,0.0
transition,0.00022938722595187606,S025,101,1060000,0,PR1_HT1_EC1,6,2fe78fb05a5af894,True,6.979839475684511,880.4935236668807,-0.0,6.979839475684511,880.4935236668807,-0.0,0.0,0.0,0.0
transition,0.00022938722595187606,S025,101,1060000,0,PR1_HT1_EC1,7,cbdaabe7827af7e2,True,7.024535416219781,809.9885772128671,-0.0,7.024535416219781,809.9885772128671,-0.0,0.0,0.0,0.0
transition,0.00022938722595187606,S025,101,1060000,0,PR1_HT1_EC1,8,4c8c6d03ede90628,True,7.014656996766921,811.7187111835295,-0.0,7.014656996766921,811.7187111835295,-0.0,0.0,0.0,0.0
transition,0.00022938722595187606,S025,101,1060000,0,PR1_HT1_EC1,9,3217843295bf0600,True,6.96996105623165,882.2236576375433,-0.0,6.96996105623165,882.2236576375433,-0.0,0.0,0.0,0.0
transition,0.00022938722595187606,S025,101,1060000,0,PR1_HT1_EC1,10,04cd93eee24f9d95,True,7.083942819149582,664.6181487923411,-0.0,7.083942819149582,664.6181487923411,-0.0,0.0,0.0,0.0
transition,0.00022938722595187606,S025,101,1060000,0,PR1_HT1_EC1,11,afe25f8777aacff2,True,7.093821238602444,662.8880148216786,-0.0,7.093821238602444,662.8880148216786,-0.0,0.0,0.0,0.0
transition,0.00022938722595187606,S025,101,1060000,0,PR1_HT1_EC1,12,57ea7e27237f6f1b,True,7.068745250760525,720.5727002124717,-0.0,7.068745250760525,720.5727002124717,-0.0,0.0,0.0,0.0
transition,0.00022938722595187606,S025,101,1060000,0,PR0_HT1_EC1,0,3c42cb3606067948,False,7.0243339322283385,877.8385349337477,-0.0,6.986240743701329,1037.5542290711905,-0.0,-0.03809318852700905,159.71569413744282,0.0
transition,0.00022938722595187606,S025,101,1060000,0,PR0_HT1_EC1,1,aa7a2a73687e3deb,False,7.0342123516812,876.1084009630852,-0.0,6.996119163154217,1035.8240951005282,-0.0,-0.03809318852698329,159.71569413744305,0.0
transition,0.00022938722595187606,S025,101,1060000,0,PR0_HT1_EC1,2,12107015ae80e154,False,6.947164703648064,1131.8348304109577,-0.0,6.819450198209346,1242.6058387527426,-0.0,-0.12771450543871854,110.77100834178486,0.0
transition,0.00022938722595187606,S025,101,1060000,0,PR0_HT1_EC1,3,babd5b55c9963b3c,False,6.960369498511463,1068.165433263875,-0.0,6.8374734024631865,1206.9257661145189,-0.0,-0.12289609604827678,138.76033285064386,0.0
transition,0.00022938722595187606,S025,101,1060000,0,PR0_HT1_EC1,4,3498640c4b18126e,False,6.9504910790586045,1069.8955672345373,-0.0,6.827594983010299,1208.6559000851812,-0.0,-0.1228960960483052,138.76033285064386,0.0
transition,0.00022938722595187606,S025,101,1060000,0,PR0_HT1_EC1,5,782fe9af69485404,False,6.999172309271133,995.5246040700313,-0.0,6.926394350395106,1076.6309956221558,-0.0,-0.0727779588760269,81.10639155212448,0.0
transition,0.00022938722595187606,S025,101,1060000,0,PR0_HT1_EC1,6,355649f358d494b5,False,6.989293889818273,997.2547380406938,-0.0,6.916515930942219,1078.3611295928185,-0.0,-0.07277795887605443,81.1063915521247,0.0
transition,0.00022938722595187606,S025,101,1060000,0,PR0_HT1_EC1,7,a30f8023357396e6,False,7.061146466565996,707.7954129083466,-0.0,7.014656996766921,811.7187111835295,-0.0,-0.04648946979907542,103.9232982751829,0.0
transition,0.00022938722595187606,S025,101,1060000,0,PR0_HT1_EC1,8,31c02b898fc5d362,False,7.071024886018857,706.0652789376841,-0.0,7.024535416219781,809.9885772128671,-0.0,-0.04648946979907631,103.92329827518301,0.0
transition,0.00022938722595187606,S025,101,1060000,0,PR0_HT1_EC1,9,bbb4a869f3242460,False,7.083942819149582,664.6181487923411,-0.0,7.083942819149582,664.6181487923411,-0.0,0.0,0.0,0.0
transition,0.00022938722595187606,S025,101,1060000,0,PR0_HT1_EC1,10,98faec5ea93d0909,False,7.093821238602444,662.8880148216786,-0.0,7.093821238602444,662.8880148216786,-0.0,0.0,0.0,0.0
transition,0.00022938722595187606,S025,101,1060000,0,PR1_HT0_EC1,0,7b71b8538835f00e,False,6.845294962258545,1129.0010761857302,-0.0,6.827594983010299,1184.3027349587906,-0.0,-0.017699979248245512,55.30165877306035,0.0
transition,0.00022938722595187606,S025,101,1060000,0,PR1_HT0_EC1,1,01d81c1a556ecd20,False,6.819450198209346,1162.9510148532918,-0.0,6.819450198209346,1242.6058387527426,-0.0,0.0,79.65482389945078,0.0
transition,0.00022938722595187606,S025,101,1060000,0,PR1_HT0_EC1,2,6c4f15967df554b7,False,6.829328617662233,1161.2208808826294,-0.0,6.829328617662233,1240.8757047820802,-0.0,0.0,79.65482389945078,0.0
transition,0.00022938722595187606,S025,101,1060000,0,PR1_HT0_EC1,3,311e54f0c837f8ba,False,6.855173381711432,1127.2709422150679,-0.0,6.8374734024631865,1206.9257661145189,-0.0,-0.017699979248245512,79.654823899451,0.0
transition,0.00022938722595187606,S025,101,1060000,0,PR1_HT0_EC1,4,6e16ec8be2dedf7c,False,6.9329036703496705,996.0859538971196,-0.0,6.916515930942219,1078.3611295928185,-0.0,-0.01638773940745164,82.27517569569898,0.0
transition,0.00022938722595187606,S025,101,1060000,0,PR1_HT0_EC1,5,b3a9e7a7ecd8442b,False,6.811851414014816,1356.8876780105995,-0.0,6.819450198209346,1370.0391294884269,-0.0,0.007598784194529529,13.151451477827322,0.0
transition,0.00022938722595187606,S025,101,1060000,0,PR1_HT0_EC1,6,708a0da55b6f9a49,False,6.96996105623165,882.2236576375433,-0.0,6.96996105623165,882.2236576375433,-0.0,0.0,0.0,0.0
transition,0.00022938722595187606,S025,101,1060000,0,PR1_HT0_EC1,7,0d61c1914c82e202,False,6.979839475684511,880.4935236668807,-0.0,6.979839475684511,880.4935236668807,-0.0,0.0,0.0,0.0
transition,0.00022938722595187606,S025,101,1060000,0,PR1_HT0_EC1,8,9e3765b3afae802c,False,7.014656996766921,811.7187111835295,-0.0,7.014656996766921,811.7187111835295,-0.0,0.0,0.0,0.0
transition,0.00022938722595187606,S025,101,1060000,0,PR1_HT0_EC1,9,17dcc72544c6b81e,False,7.024535416219781,809.9885772128671,-0.0,7.024535416219781,809.9885772128671,-0.0,0.0,0.0,0.0
transition,0.00022938722595187606,S025,101,1060000,0,PR1_HT0_EC1,10,a8972a117dffd24d,False,7.083942819149582,664.6181487923411,-0.0,7.083942819149582,664.6181487923411,-0.0,0.0,0.0,0.0
transition,0.00022938722595187606,S025,101,1060000,0,PR1_HT0_EC1,11,8dd63fcd407edde2,False,7.093821238602444,662.8880148216786,-0.0,7.093821238602444,662.8880148216786,-0.0,0.0,0.0,0.0
transition,0.00022938722595187606,S025,101,1060000,0,PR1_HT0_EC1,12,694df61ceba2528a,False,7.052439907808184,774.7971176619396,-0.0,7.052439907808184,774.7971176619396,-0.0,0.0,0.0,0.0
transition,0.00022938722595187606,S025,101,1060000,0,PR1_HT0_EC1,13,64cba29933fc6f2e,False,7.042561488355323,776.5272516326022,-0.0,7.042561488355323,776.5272516326022,-0.0,0.0,0.0,0.0
transition,0.00022938722595187606,S025,101,1060000,0,PR1_HT0_EC1,14,8091dda83f2dfffc,False,7.068745250760525,748.4688981436017,-0.0,7.068745250760525,748.4688981436017,-0.0,0.0,0.0,0.0
transition,0.00022938722595187606,S025,101,1060000,0,PR1_HT0_EC1,15,daa3ae1b91f250e7,False,7.078623670213386,718.8425662418092,-0.0,7.078623670213386,718.8425662418092,-0.0,0.0,0.0,0.0
transition,0.00022938722595187606,S025,101,1060000,0,PR1_HT1_EC0,0,17f5967e22085cf5,False,4.532757880055506,5027.05519257525,-0.8678714859437232,6.829874618268658,1390.9736550980047,-0.0,2.297116738213152,-3636.081537477245,0.8678714859437232
transition,0.00022938722595187606,S025,101,1060000,0,PR1_HT1_EC0,1,f7b3d930cdf94093,False,4.544170196602644,5024.500643650092,-0.8678714859437232,6.821729833467703,1395.2312366399349,-0.0,2.2775596368650595,-3629.269407010157,0.8678714859437232
transition,0.00022938722595187606,S025,101,1060000,0,PR1_HT1_EC0,2,1cf0727b6e4aef4b,False,4.528251717410251,5050.013104580583,-0.8678714859436998,6.829874618268658,1390.9736550980047,-0.0,2.3016229008584066,-3659.039449482578,0.8678714859436998
transition,0.00022938722595187606,S025,101,1060000,0,PR1_HT1_EC0,3,c372f185ca3aab9f,False,5.81048087756818,4067.3713031685447,-0.5792682926829268,6.995037044073568,1025.2373413893456,-0.0,1.1845561665053879,-3042.133961779199,0.5792682926829268
transition,0.00022938722595187606,S025,101,1060000,0,PR1_HT1_EC0,4,52a18a0c9bf3b6c7,False,5.842915287098676,3870.041163068089,-0.5612244897959183,7.024535416219781,809.9885772128671,-0.0,1.1816201291211046,-3060.052585855222,0.5612244897959183
transition,0.00022938722595187606,S025,101,1060000,0,PR1_HT1_EC0,5,cefa1863f33f9578,False,5.8372944173995975,3949.503532906394,-0.5612244897959183,6.96996105623165,882.2236576375433,-0.0,1.1326666388320525,-3067.2798752688504,0.5612244897959183
transition,0.00022938722595187606,S025,101,1060000,0,PR1_HT1_EC0,6,89c855ddcf0294ba,False,5.823239145072931,4066.827566355874,-0.5182926829268293,6.995037044073568,1025.2373413893456,-0.0,1.1717978990006372,-3041.5902249665282,0.5182926829268293
transition,0.00022938722595187606,S025,101,1060000,0,PR1_HT1_EC0,7,994c553c480671f9,False,5.785258646099938,4066.827566355874,-0.5,6.995037044073568,1025.2373413893456,-0.0,1.20977839797363,-3041.5902249665282,0.5
transition,0.00022938722595187606,S025,101,1060000,0,PR1_HT1_EC0,8,b229ab1a27545f4d,False,6.0236621085210755,3572.5271295732837,-0.5,6.995037044073568,1025.2373413893456,-0.0,0.9713749355524923,-2547.289788183938,0.5
transition,0.00022938722595187606,S025,101,1060000,0,PR1_HT1_EC0,9,985dccd2a5c40ea5,False,5.840171887981812,3871.0296469476707,-0.4878048780487805,7.024535416219781,809.9885772128671,-0.0,1.1843635282379683,-3061.0410697348034,0.4878048780487805
transition,0.00022938722595187606,S025,101,1060000,0,PR1_HT1_EC0,10,4b55a74c39476d0e,False,6.107362954586695,3526.6113055626165,-0.45918367346938777,7.016936632025251,922.4854888845425,-0.0,0.9095736774385559,-2604.125816678074,0.45918367346938777
transition,0.00022938722595187606,S025,101,1060000,0,PR1_HT1_EC0,11,1be58d91cec11329,False,5.780334523195965,3900.628877495573,-0.44871794871794873,6.979839475684511,880.4935236668807,-0.0,1.199504952488546,-3020.135353828692,0.44871794871794873
transition,0.00022938722595187606,S025,101,1060000,0,PR1_HT1_EC0,12,433ef2fb19b0298c,False,5.8147295785227415,3871.0296469476707,-0.4166666666666667,7.024535416219781,809.9885772128671,-0.0,1.209805837697039,-3061.0410697348034,0.4166666666666667
transition,0.00022938722595187606,S025,101,1060000,0,PR1_HT1_EC0,13,44a77cee2e030ab5,False,6.018873356946206,3573.0708663859546,-0.4166666666666667,6.995037044073568,1025.2373413893456,-0.0,0.9761636871273618,-2547.833524996609,0.4166666666666667
transition,0.00022938722595187606,S025,101,1060000,0,PR1_HT1_EC0,14,922e667a7d1455af,False,6.02844579107181,3572.219350077569,-0.38461538461538464,6.995037044073568,992.9904353385564,-0.0,0.9665912530017575,-2579.2289147390125,0.38461538461538464
transition,0.00022938722595187606,S025,101,1060000,0,PR1_HT1_EC0,15,b0289d5140841153,False,6.292362436347563,3350.5837555790513,-0.35714285714285715,7.052439907808184,776.6878849484541,-0.0,0.7600774714606207,-2573.895870630597,0.35714285714285715
transition,0.00022938722595187606,S025,101,1060000,0,PR1_HT1_EC0,16,34a711359985335f,False,6.267580109772,3373.5416675843844,-0.3353658536585366,7.048228533435271,825.3942152012354,-0.0,0.7806484236632709,-2548.147452383149,0.3353658536585366
transition,0.00022938722595187606,S025,101,1060000,0,PR1_HT1_EC0,17,4dc9fa278cb9d15f,False,6.36424390582888,3348.3369861496076,-0.28061224489795916,7.052439907808184,776.6878849484541,-0.0,0.6881960019793034,-2571.6491012011534,0.28061224489795916
transition,0.00022938722595187606,S025,101,1060000,0,PR1_HT1_EC0,18,99eff3763cb46d83,False,6.246820027219396,3420.544965220394,-0.2564102564102564,7.048228533435271,825.3942152012354,-0.0,0.8014085062158749,-2595.1507500191583,0.2564102564102564
transition,0.00022938722595187606,S025,101,1060000,0,PR1_HT1_EC0,19,ba3c8b4eb0d9487e,False,6.284695201140526,3373.4022132467094,-0.25,7.042561488355323,778.4180189191165,-0.0,0.7578662872147977,-2594.984194327593,0.25
transition,0.00022938722595187606,S025,101,1060000,0,PR1_HT1_EC0,20,8e6cff53446ca7ad,False,6.590660709533896,2387.2186563702253,-0.20408163265306123,7.052439907808184,776.6878849484541,-0.0,0.4617791982742876,-1610.530771421771,0.20408163265306123
transition,0.00022938722595187606,S025,101,1060000,0,PR1_HT1_EC0,21,1087cdc0e79eba39,False,6.585032999857713,2456.0923923862265,-0.20408163265306123,7.058482314517077,822.6037089591215,-0.0,0.4734493146593639,-1633.4886834271051,0.20408163265306123
transition,0.00022938722595187606,S025,101,1060000,0,PR1_HT1_EC0,22,ecac52184f0c90b1,False,6.536449952593118,2458.3391618156697,-0.19230769230769232,7.048228533435271,825.3942152012354,-0.0,0.5117785808421527,-1632.9449466144342,0.19230769230769232
transition,0.00022938722595187606,S025,101,1060000,0,PR1_HT1_EC0,23,9eb27a6da5b1ba26,False,6.528518052876863,2458.8828986283406,-0.19230769230769232,7.048228533435271,823.6911825844633,-0.0,0.5197104805584081,-1635.1917160438775,0.19230769230769232
transition,0.00022938722595187606,S025,101,1060000,0,PR1_HT1_EC0,24,4ef2881dce43bf3e,False,6.286907757094646,3351.979008700108,-0.16666666666666666,7.052439907808184,776.6878849484541,-0.0,0.765532150713538,-2575.2911237516537,0.16666666666666666
transition,0.00022938722595187606,S025,101,1060000,0,PR1_HT1_EC0,25,4e91815dcc1a1ba7,False,6.249334673311914,3374.629141209726,-0.16666666666666666,7.048228533435271,825.3942152012354,-0.0,0.7988938601233571,-2549.2349260084907,0.16666666666666666
transition,0.00022938722595187606,S025,101,1060000,0,PR1_HT1_EC0,26,177c5fb193fc59a5,False,6.605858277922954,2292.9415528843565,-0.15306122448979592,7.052439907808184,774.7971176619396,-0.0,0.4465816298852294,-1518.1444352224169,0.15306122448979592
transition,0.00022938722595187606,S025,101,1060000,0,PR1_HT1_EC0,27,4b855c6f0330cac9,False,6.583286877323383,2319.9862345071006,-0.10204081632653061,7.048228533435271,821.8004152979488,-0.0,0.464941656111888,-1498.1858192091518,0.10204081632653061
transition,0.00022938722595187606,S025,101,1060000,0,PR1_HT1_EC0,28,a083044d8f78c210,False,6.904635258359354,704.0078882202506,-0.0,7.093821238602444,662.8880148216786,-0.0,0.18918598024308952,-41.119873398572054,0.0
transition,0.00022938722595187606,S025,101,1060000,0,PR1_HT1_EC0,29,4da2e6927f0da410,False,6.567156144261677,2382.416631472054,-0.0,7.048228533435271,821.8004152979488,-0.0,0.48107238917359396,-1560.6162161741054,0.0
transition,0.00022938722595187606,S025,101,1060000,0,PR1_HT1_EC0,30,889fdbd3e2360614,False,6.874240121581239,1169.3587059172264,-0.0,7.093821238602444,662.8880148216786,-0.0,0.21958111702120497,-506.47069109554786,0.0
transition,0.00022938722595187606,S025,101,1060000,0,PR1_HT1_EC0,31,b80b0f0dc69a5d8c,False,6.880831837991047,1075.352110645208,-0.0,7.093821238602444,662.8880148216786,-0.0,0.21298940061139682,-412.46409582352953,0.0
transition,0.00022938722595187606,S025,101,1060000,0,PR1_HT1_EC0,32,4afba8e246326d35,False,6.792509897502747,1871.3234906472276,-0.0,7.093821238602444,662.8880148216786,-0.0,0.30131134109969704,-1208.435475825549,0.0
transition,0.00022938722595187606,S025,101,1060000,0,PR1_HT1_EC0,33,7e166ff977d9ef81,False,6.768589555792446,1933.6590732451054,-0.0,7.093821238602444,662.8880148216786,-0.0,0.3252316828099975,-1270.771058423427,0.0
transition,0.00022938722595187606,S025,101,1060000,0,PR1_HT1_EC0,34,a9565a8beb63fdb9,False,6.773899549567069,1895.6766557736182,-0.0,7.093821238602444,662.8880148216786,-0.0,0.31992168903537443,-1232.7886409519397,0.0
transition,0.00022938722595187606,S025,101,1060000,0,PR1_HT1_EC0,35,1e9a8acae592f858,False,6.795413076483857,1866.2143927969114,-0.0,7.093821238602444,662.8880148216786,-0.0,0.29840816211858634,-1203.3263779752328,0.0
transition,0.00022938722595187606,S025,101,1060000,0,PR1_HT1_EC0,36,74047ea86277f249,False,6.688787063147219,2065.9052056866203,-0.0,7.078623670213386,743.1957313681997,-0.0,0.38983660706616696,-1322.7094743184207,0.0
transition,0.00022938722595187606,S025,101,1060000,0,PR1_HT1_EC0,37,3ed489cf05fa65aa,False,6.683565679572183,2156.5057357250944,-0.0,7.078623670213386,742.3442150598137,-0.0,0.3950579906412024,-1414.1615206652807,0.0
transition,0.00022938722595187606,S025,101,1060000,0,PR1_HT1_EC0,38,304958a71d22eccd,False,6.719196158368587,2018.0503917422247,-0.0,7.078623670213386,718.8425662418092,-0.0,0.3594275118447987,-1299.2078255004155,0.0
transition,0.00022938722595187606,S025,101,1060000,0,PR1_HT1_EC0,39,effcaf52c5d11abe,False,6.878726150804589,1144.2258466612093,-0.0,7.093821238602444,662.8880148216786,-0.0,0.21509508779785502,-481.33783183953074,0.0
transition,0.00022938722595187606,S025,101,1060001,1,PR1_HT1_EC1,0,d68de0edc8e5a9f5,True,6.819450198209346,1242.6058387527426,-0.0,6.819450198209346,1242.6058387527426,-0.0,0.0,0.0,0.0
transition,0.00022938722595187606,S025,101,1060001,1,PR1_HT1_EC1,1,5d4cf4d372a4048a,True,6.916515930942219,1078.3611295928185,-0.0,6.916515930942219,1078.3611295928185,-0.0,0.0,0.0,0.0
transition,0.00022938722595187606,S025,101,1060001,1,PR1_HT1_EC1,2,01a73c1572d449c7,True,6.926394350395106,1076.6309956221558,-0.0,6.926394350395106,1076.6309956221558,-0.0,0.0,0.0,0.0
transition,0.00022938722595187606,S025,101,1060001,1,PR1_HT1_EC1,3,a3d99c41e465de13,True,6.827594983010299,1184.3027349587906,-0.0,6.827594983010299,1184.3027349587906,-0.0,0.0,0.0,0.0
transition,0.00022938722595187606,S025,101,1060001,1,PR1_HT1_EC1,4,cd18f4daab890a5c,True,6.90891714674769,1169.5901961316183,-0.0,6.90891714674769,1169.5901961316183,-0.0,0.0,0.0,0.0
transition,0.00022938722595187606,S025,101,1060001,1,PR1_HT1_EC1,5,90ef2f3fe6865887,True,6.811851414014816,1381.5544924120095,-0.0,6.811851414014816,1381.5544924120095,-0.0,0.0,0.0,0.0
transition,0.00022938722595187606,S025,101,1060001,1,PR1_HT1_EC1,6,0d237c9f0eaf13b7,True,6.96996105623165,882.2236576375433,-0.0,6.96996105623165,882.2236576375433,-0.0,0.0,0.0,0.0
transition,0.00022938722595187606,S025,101,1060001,1,PR1_HT1_EC1,7,762411102c43b8bc,True,7.014656996766921,811.7187111835295,-0.0,7.014656996766921,811.7187111835295,-0.0,0.0,0.0,0.0
transition,0.00022938722595187606,S025,101,1060001,1,PR1_HT1_EC1,8,9f3ac71ae2953e80,True,6.979839475684511,880.4935236668807,-0.0,6.979839475684511,880.4935236668807,-0.0,0.0,0.0,0.0
transition,0.00022938722595187606,S025,101,1060001,1,PR1_HT1_EC1,9,234b055ba55fd2f7,True,7.024535416219781,809.9885772128671,-0.0,7.024535416219781,809.9885772128671,-0.0,0.0,0.0,0.0
transition,0.00022938722595187606,S025,101,1060001,1,PR1_HT1_EC1,10,d3ada5a0ccb00119,True,7.083942819149582,664.6181487923411,-0.0,7.083942819149582,664.6181487923411,-0.0,0.0,0.0,0.0
transition,0.00022938722595187606,S025,101,1060001,1,PR1_HT1_EC1,11,3a187a1e0f6de221,True,7.093821238602444,662.8880148216786,-0.0,7.093821238602444,662.8880148216786,-0.0,0.0,0.0,0.0
transition,0.00022938722595187606,S025,101,1060001,1,PR1_HT1_EC1,12,c35e743c090a05fe,True,7.052439907808184,774.7971176619396,-0.0,7.052439907808184,774.7971176619396,-0.0,0.0,0.0,0.0
transition,0.00022938722595187606,S025,101,1060001,1,PR1_HT1_EC1,13,930d64555993e9b1,True,7.042561488355323,776.5272516326022,-0.0,7.042561488355323,776.5272516326022,-0.0,0.0,0.0,0.0
transition,0.00022938722595187606,S025,101,1060001,1,PR1_HT1_EC1,14,8cb6c742b636ed63,True,7.068745250760525,720.5727002124717,-0.0,7.068745250760525,720.5727002124717,-0.0,0.0,0.0,0.0
transition,0.00022938722595187606,S025,101,1060001,1,PR1_HT1_EC1,15,f5e367dc90be133b,True,7.078623670213386,718.8425662418092,-0.0,7.078623670213386,718.8425662418092,-0.0,0.0,0.0,0.0
transition,0.00022938722595187606,S025,101,1060001,1,PR0_HT1_EC1,0,43fdee5e47fa0aa7,False,6.989293889818273,997.2547380406938,-0.0,6.916515930942219,1078.3611295928185,-0.0,-0.07277795887605443,81.1063915521247,0.0
transition,0.00022938722595187606,S025,101,1060001,1,PR0_HT1_EC1,1,101258b2a0fcf51e,False,6.947164703648064,1131.8348304109577,-0.0,6.819450198209346,1242.6058387527426,-0.0,-0.12771450543871854,110.77100834178486,0.0
transition,0.00022938722595187606,S025,101,1060001,1,PR0_HT1_EC1,2,531d4a72a27ed3b4,False,7.0342123516812,876.1084009630852,-0.0,6.996119163154217,1035.8240951005282,-0.0,-0.03809318852698329,159.71569413744305,0.0
transition,0.00022938722595187606,S025,101,1060001,1,PR0_HT1_EC1,3,f3ca388ad3f5cc2f,False,7.0243339322283385,877.8385349337477,-0.0,6.986240743701329,1037.5542290711905,-0.0,-0.03809318852700905,159.71569413744282,0.0
transition,0.00022938722595187606,S025,101,1060001,1,PR0_HT1_EC1,4,23d073539782a2d8,False,6.9504910790586045,1069.8955672345373,-0.0,6.827594983010299,1211.2762518814293,-0.0,-0.1228960960483052,141.38068464689195,0.0
transition,0.00022938722595187606,S025,101,1060001,1,PR0_HT1_EC1,5,f753b87e11a3f609,False,6.960369498511463,1068.165433263875,-0.0,6.8374734024631865,1209.546117910767,-0.0,-0.12289609604827678,141.38068464689195,0.0
transition,0.00022938722595187606,S025,101,1060001,1,PR0_HT1_EC1,6,e6d4b17524b5a5f9,False,6.999172309271133,995.5246040700313,-0.0,6.926394350395106,1076.6309956221558,-0.0,-0.0727779588760269,81.10639155212448,0.0
transition,0.00022938722595187606,S025,101,1060001,1,PR0_HT1_EC1,7,85e7f77a2e83715e,False,7.071024886018857,706.0652789376841,-0.0,7.024535416219781,809.9885772128671,-0.0,-0.04648946979907631,103.92329827518301,0.0
transition,0.00022938722595187606,S025,101,1060001,1,PR0_HT1_EC1,8,ccfa44096935f556,False,7.061146466565996,707.7954129083466,-0.0,7.014656996766921,811.7187111835295,-0.0,-0.04648946979907542,103.9232982751829,0.0
transition,0.00022938722595187606,S025,101,1060001,1,PR0_HT1_EC1,9,8f2fe240ecc4caa0,False,7.083942819149582,664.6181487923411,-0.0,7.083942819149582,664.6181487923411,-0.0,0.0,0.0,0.0
transition,0.00022938722595187606,S025,101,1060001,1,PR0_HT1_EC1,10,dfa6cf5acdd6db7e,False,7.093821238602444,662.8880148216786,-0.0,7.093821238602444,662.8880148216786,-0.0,0.0,0.0,0.0
transition,0.00022938722595187606,S025,101,1060001,1,PR1_HT0_EC1,0,7da243c77b12c1dc,False,6.9329036703496705,996.0859538971196,-0.0,6.916515930942219,1078.3611295928185,-0.0,-0.01638773940745164,82.27517569569898,0.0
transition,0.00022938722595187606,S025,101,1060001,1,PR1_HT0_EC1,1,f7d835fc00787332,False,6.855173381711432,1127.2709422150679,-0.0,6.8374734024631865,1182.5726009881282,-0.0,-0.017699979248245512,55.30165877306035,0.0
transition,0.00022938722595187606,S025,101,1060001,1,PR1_HT0_EC1,2,d68de0edc8e5a9f5,False,6.819450198209346,1162.9510148532918,-0.0,6.819450198209346,1242.6058387527426,-0.0,0.0,79.65482389945078,0.0
transition,0.00022938722595187606,S025,101,1060001,1,PR1_HT0_EC1,3,c20ba164071ba0a2,False,6.845294962258545,1129.0010761857302,-0.0,6.827594983010299,1211.2762518814293,-0.0,-0.017699979248245512,82.27517569569909,0.0
transition,0.00022938722595187606,S025,101,1060001,1,PR1_HT0_EC1,4,51800acdc82e4376,False,6.829328617662233,1161.2208808826294,-0.0,6.829328617662233,1240.8757047820802,-0.0,0.0,79.65482389945078,0.0
transition,0.00022938722595187606,S025,101,1060001,1,PR1_HT0_EC1,5,77798c044e580b82,False,6.942782089802558,994.355819926457,-0.0,6.926394350395106,1076.6309956221558,-0.0,-0.01638773940745164,82.27517569569875,0.0
transition,0.00022938722595187606,S025,101,1060001,1,PR1_HT0_EC1,6,144b581acdad7514,False,6.811851414014816,1381.5544924120095,-0.0,6.811851414014816,1381.5544924120095,-0.0,0.0,0.0,0.0
transition,0.00022938722595187606,S025,101,1060001,1,PR1_HT0_EC1,7,a8172454d035e2eb,False,7.024535416219781,809.9885772128671,-0.0,7.024535416219781,809.9885772128671,-0.0,0.0,0.0,0.0
transition,0.00022938722595187606,S025,101,1060001,1,PR1_HT0_EC1,8,b132d50298edfae2,False,6.979839475684511,880.4935236668807,-0.0,6.979839475684511,880.4935236668807,-0.0,0.0,0.0,0.0
transition,0.00022938722595187606,S025,101,1060001,1,PR1_HT0_EC1,9,402722c218e0c21f,False,6.96996105623165,882.2236576375433,-0.0,6.96996105623165,882.2236576375433,-0.0,0.0,0.0,0.0
transition,0.00022938722595187606,S025,101,1060001,1,PR1_HT0_EC1,10,76aafb37f80acefc,False,7.014656996766921,811.7187111835295,-0.0,7.014656996766921,811.7187111835295,-0.0,0.0,0.0,0.0
transition,0.00022938722595187606,S025,101,1060001,1,PR1_HT0_EC1,11,3b3f7dfca014c851,False,7.093821238602444,662.8880148216786,-0.0,7.093821238602444,662.8880148216786,-0.0,0.0,0.0,0.0
transition,0.00022938722595187606,S025,101,1060001,1,PR1_HT0_EC1,12,f1fddd273c24a217,False,7.083942819149582,664.6181487923411,-0.0,7.083942819149582,664.6181487923411,-0.0,0.0,0.0,0.0
transition,0.00022938722595187606,S025,101,1060001,1,PR1_HT0_EC1,13,25be616d71e26f92,False,7.078623670213386,718.8425662418092,-0.0,7.078623670213386,718.8425662418092,-0.0,0.0,0.0,0.0
transition,0.00022938722595187606,S025,101,1060001,1,PR1_HT0_EC1,14,10b27547794cfc93,False,7.068745250760525,720.5727002124717,-0.0,7.068745250760525,720.5727002124717,-0.0,0.0,0.0,0.0
transition,0.00022938722595187606,S025,101,1060001,1,PR1_HT0_EC1,15,448b4746920610ca,False,7.052439907808184,774.7971176619396,-0.0,7.052439907808184,774.7971176619396,-0.0,0.0,0.0,0.0
transition,0.00022938722595187606,S025,101,1060001,1,PR1_HT0_EC1,16,15eda668e341fe7a,False,7.042561488355323,776.5272516326022,-0.0,7.042561488355323,776.5272516326022,-0.0,0.0,0.0,0.0
transition,0.00022938722595187606,S025,101,1060001,1,PR1_HT1_EC0,0,cde6c0b29343e286,False,4.528251717410251,5033.3811674421795,-0.8678714859436998,6.8374734024631865,1206.9257661145189,-0.0,2.3092216850529352,-3826.4554013276606,0.8678714859436998
transition,0.00022938722595187606,S025,101,1060001,1,PR1_HT1_EC0,1,d7d8f4216d54b61f,False,4.557776101259622,5001.5427316447585,-0.8678714859436649,6.821729833467703,1379.824358441347,-0.0,2.2639537322080816,-3621.718373203412,0.8678714859436649
transition,0.00022938722595187606,S025,101,1060001,1,PR1_HT1_EC0,2,468011bdc9e2de6a,False,4.544170196602644,5024.500643650092,-0.8678714859437232,6.821729833467703,1395.2312366399349,-0.0,2.2775596368650595,-3629.269407010157,0.8678714859437232
transition,0.00022938722595187606,S025,101,1060001,1,PR1_HT1_EC0,3,a04955248dc4d9f6,False,4.532757880055506,5027.05519257525,-0.8678714859437232,6.829874618268658,1390.9736550980047,-0.0,2.297116738213152,-3636.081537477245,0.8678714859437232
transition,0.00022938722595187606,S025,101,1060001,1,PR1_HT1_EC0,4,40101ead267182f7,False,5.81048087756818,3894.531295765675,-0.5792682926829268,6.979839475684511,883.0480725920389,-0.0,1.1693585981163306,-3011.4832231736364,0.5792682926829268
transition,0.00022938722595187606,S025,101,1060001,1,PR1_HT1_EC0,5,c074bb4f3b1fdc02,False,5.842915287098676,3870.041163068089,-0.5612244897959183,7.024535416219781,809.9885772128671,-0.0,1.1816201291211046,-3060.052585855222,0.5612244897959183
transition,0.00022938722595187606,S025,101,1060001,1,PR1_HT1_EC0,6,b4a2b042dad81920,False,5.785258646099938,3898.9258448788005,-0.5,6.979839475684511,883.0480725920389,-0.0,1.1945808295845728,-3015.8777722867617,0.5
transition,0.00022938722595187606,S025,101,1060001,1,PR1_HT1_EC0,7,6dfa80e04e5919d7,False,6.0236621085210755,3572.5271295732837,-0.5,6.995037044073568,1025.2373413893456,-0.0,0.9713749355524923,-2547.289788183938,0.5
transition,0.00022938722595187606,S025,101,1060001,1,PR1_HT1_EC0,8,067792ec464a0150,False,5.780334523195965,4068.530598972646,-0.44871794871794873,6.995037044073568,992.9904353385564,-0.0,1.2147025208776032,-3075.54016363409,0.44871794871794873
transition,0.00022938722595187606,S025,101,1060001,1,PR1_HT1_EC0,9,b16a9496cdb03dea,False,6.0355583567059385,3549.56921756795,-0.44871794871794873,6.995037044073568,1025.2373413893456,-0.0,0.9594786873676293,-2524.3318761786045,0.44871794871794873
transition,0.00022938722595187606,S025,101,1060001,1,PR1_HT1_EC0,10,23d5b91228933f15,False,5.782722745447652,3872.732679564443,-0.4166666666666667,6.979839475684511,880.4935236668807,-0.0,1.1971167302368588,-2992.2391558975623,0.4166666666666667
transition,0.00022938722595187606,S025,101,1060001,1,PR1_HT1_EC0,11,be015661f313f078,False,6.2793633692503255,3349.7322392706646,-0.36585365853658536,7.052439907808184,776.6878849484541,-0.0,0.7730765385578584,-2573.0443543222104,0.36585365853658536
transition,0.00022938722595187606,S025,101,1060001,1,PR1_HT1_EC0,12,339a15a8a6ef7f92,False,6.180294175956368,3526.6113055626165,-0.36585365853658536,7.016936632025251,952.1778460101737,-0.0,0.8366424560688834,-2574.433459552443,0.36585365853658536
transition,0.00022938722595187606,S025,101,1060001,1,PR1_HT1_EC0,13,76aa89236e78ebea,False,6.267580109772,3373.5416675843844,-0.3353658536585366,7.048228533435271,825.3942152012354,-0.0,0.7806484236632709,-2548.147452383149,0.3353658536585366
transition,0.00022938722595187606,S025,101,1060001,1,PR1_HT1_EC0,14,e9e21ac184db1498,False,6.099795979309597,3526.611305562616,-0.3333333333333333,7.016936632025251,922.4854888845425,-0.0,0.9171406527156538,-2604.1258166780735,0.3333333333333333
transition,0.00022938722595187606,S025,101,1060001,1,PR1_HT1_EC0,15,7912670dc5fbb7ed,False,6.250103320167317,3445.0664555048243,-0.2564102564102564,7.0383501139824105,825.4213165551257,-0.0,0.7882467938150937,-2619.645138949699,0.2564102564102564
transition,0.00022938722595187606,S025,101,1060001,1,PR1_HT1_EC0,16,637d492448999406,False,6.539311951730267,2434.52973350195,-0.25510204081632654,7.048228533435271,823.6911825844633,-0.0,0.5089165817050043,-1610.8385509174868,0.25510204081632654
transition,0.00022938722595187606,S025,101,1060001,1,PR1_HT1_EC0,17,84819052b6e41a5b,False,6.273297024848562,3349.7322392706646,-0.25,7.052439907808184,776.6878849484541,-0.0,0.7791428829596221,-2573.0443543222104,0.25
transition,0.00022938722595187606,S025,101,1060001,1,PR1_HT1_EC0,18,575f7d9b64b6f811,False,6.543885120444341,2412.423337805002,-0.24390243902439024,7.048228533435271,825.3942152012354,-0.0,0.5043434129909299,-1587.0291226037666,0.24390243902439024
transition,0.00022938722595187606,S025,101,1060001,1,PR1_HT1_EC0,19,26ac73063e9d7d56,False,6.534931078179168,2458.8828986283406,-0.19230769230769232,7.048228533435271,825.3942152012354,-0.0,0.5132974552561027,-1633.4886834271051,0.19230769230769232
transition,0.00022938722595187606,S025,101,1060001,1,PR1_HT1_EC0,20,2c549ce1f8669e9d,False,6.536449952593118,2458.3391618156697,-0.19230769230769232,7.048228533435271,825.3942152012354,-0.0,0.5117785808421527,-1632.9449466144342,0.19230769230769232
transition,0.00022938722595187606,S025,101,1060001,1,PR1_HT1_EC0,21,fc9737bacfc850e2,False,6.255808710876239,3443.5028772257274,-0.19230769230769232,7.048228533435271,825.3942152012354,-0.0,0.7924198225590322,-2618.108662024492,0.19230769230769232
transition,0.00022938722595187606,S025,101,1060001,1,PR1_HT1_EC0,22,aaf842450f2bc341,False,6.585753725383067,2388.9216889869977,-0.18292682926829268,7.052439907808184,776.6878849484541,-0.0,0.46668618242511695,-1612.2338040385434,0.18292682926829268
transition,0.00022938722595187606,S025,101,1060001,1,PR1_HT1_EC0,23,3a200aac0cabf280,False,6.536785274177634,2412.423337805002,-0.16666666666666666,7.048228533435271,825.3942152012354,-0.0,0.5114432592576366,-1587.0291226037666,0.16666666666666666
transition,0.00022938722595187606,S025,101,1060001,1,PR1_HT1_EC0,24,1946b47b0a378817,False,6.533343815810775,2435.9249866230066,-0.16666666666666666,7.048228533435271,825.3942152012354,-0.0,0.5148847176244962,-1610.530771421771,0.16666666666666666
transition,0.00022938722595187606,S025,101,1060001,1,PR1_HT1_EC0,25,aa19ecd037343251,False,6.249856845779573,3374.629141209726,-0.16666666666666666,7.048228533435271,825.3942152012354,-0.0,0.7983716876556981,-2549.2349260084907,0.16666666666666666
transition,0.00022938722595187606,S025,101,1060001,1,PR1_HT1_EC0,26,043aa8b9d211db22,False,6.616349861970663,2388.3779521743268,-0.12195121951219512,7.052439907808184,776.6878849484541,-0.0,0.43609004583752053,-1611.6900672258726,0.12195121951219512
transition,0.00022938722595187606,S025,101,1060001,1,PR1_HT1_EC0,27,947386b43aadff72,False,6.904635258359354,704.0078882202506,-0.0,7.093821238602444,662.8880148216786,-0.0,0.18918598024308952,-41.119873398572054,0.0
transition,0.00022938722595187606,S025,101,1060001,1,PR1_HT1_EC0,28,8ce9b0c32db37d16,False,6.604064881554189,2285.8554872748778,-0.0,7.052439907808184,774.7971176619396,-0.0,0.44837502625399495,-1511.0583696129381,0.0
transition,0.00022938722595187606,S025,101,1060001,1,PR1_HT1_EC0,29,5158fd3aa05e6f2d,False,6.5701306526149725,2333.7103012192733,-0.0,7.048228533435271,821.8004152979488,-0.0,0.47809788082029847,-1511.9098859213245,0.0
transition,0.00022938722595187606,S025,101,1060001,1,PR1_HT1_EC0,30,d6a9e3ba52323427,False,6.574284669348502,2311.0601687096546,-0.0,7.048228533435271,823.5034479147209,-0.0,0.4739438640867686,-1487.5567207949337,0.0
transition,0.00022938722595187606,S025,101,1060001,1,PR1_HT1_EC0,31,f2aa96908f6d8998,False,6.874240121581239,1149.6055622140414,-0.0,7.093821238602444,662.8880148216786,-0.0,0.21958111702120497,-486.7175473923628,0.0
transition,0.00022938722595187606,S025,101,1060001,1,PR1_HT1_EC0,32,8d5a63dcd227d2d2,False,6.880831837991047,1055.598966942023,-0.0,7.093821238602444,662.8880148216786,-0.0,0.21298940061139682,-392.7109521203445,0.0
transition,0.00022938722595187606,S025,101,1060001,1,PR1_HT1_EC0,33,095f1a4c37cef303,False,6.770420588128572,1860.5995778659335,-0.0,7.093821238602444,662.8880148216786,-0.0,0.32340065047387156,-1197.711563044255,0.0
transition,0.00022938722595187606,S025,101,1060001,1,PR1_HT1_EC0,34,ebfe678f1d3ea05d,False,6.773899549567069,1841.3555105898593,-0.0,7.093821238602444,662.8880148216786,-0.0,0.31992168903537443,-1178.4674957681807,0.0
transition,0.00022938722595187606,S025,101,1060001,1,PR1_HT1_EC0,35,8639fedc8a1c58a1,False,6.688787063147219,2070.2997547997456,-0.0,7.078623670213386,743.1957313681997,-0.0,0.38983660706616696,-1327.104023431546,0.0
transition,0.00022938722595187606,S025,101,1060001,1,PR1_HT1_EC0,36,a22e679368923521,False,6.684117930690247,2159.911800958638,-0.0,7.078623670213386,743.1957313681997,-0.0,0.3945057395231384,-1416.7160695904386,0.0
transition,0.00022938722595187606,S025,101,1060001,1,PR1_HT1_EC0,37,3dadf5e3f47ea6ef,False,6.792509897502747,1817.0023454634686,-0.0,7.093821238602444,662.8880148216786,-0.0,0.30131134109969704,-1154.11433064179,0.0
transition,0.00022938722595187606,S025,101,1060001,1,PR1_HT1_EC0,38,3a9af4cd4ff90ef9,False,6.716998024736528,2012.0897775835226,-0.0,7.078623670213386,718.8425662418092,-0.0,0.3616256454768578,-1293.2472113417134,0.0
binding,0.00014953487812212205,S025,101,1060000,0,PR1_HT1_EC1,0,dc514ff044302fc4,True,7.244965805471879,1033.6498264992122,-0.0,7.244965805471879,1033.6498264992122,-0.0,0.0,0.0,0.0
binding,0.00014953487812212205,S025,101,1060000,0,PR1_HT1_EC1,1,28cb28c289de81ba,True,7.290558510639063,886.5492641080237,-0.0,7.290558510639063,886.5492641080237,-0.0,0.0,0.0,0.0
binding,0.00014953487812212205,S025,101,1060000,0,PR1_HT1_EC1,2,34a541f36ca10733,True,7.314589665654514,853.6717993018128,-0.0,7.314589665654514,853.6717993018128,-0.0,0.0,0.0,0.0
binding,0.00014953487812212205,S025,101,1060000,0,PR1_HT1_EC1,3,e64a4ace8818d65d,True,7.267762158055477,998.4583669482848,-0.0,7.267762158055477,998.4583669482848,-0.0,0.0,0.0,0.0
binding,0.00014953487812212205,S025,101,1060000,0,PR1_HT1_EC1,4,48d2341bc8f2da12,True,7.282959726444535,942.5038155281543,-0.0,7.282959726444535,942.5038155281543,-0.0,0.0,0.0,0.0
binding,0.00014953487812212205,S025,101,1060000,0,PR0_HT1_EC1,0,de702e077b8c03d7,False,7.268996960487343,993.0801635014218,-0.0,7.290595140285654,1138.5441709132747,-0.0,0.021598179798311357,145.4640074118529,0.0
binding,0.00014953487812212205,S025,101,1060000,0,PR0_HT1_EC1,1,30a22335100b69a9,False,7.244965805471891,1025.9576283076326,-0.0,7.270942586699128,1140.7646644974393,-0.0,0.025976781227237566,114.8070361898067,0.0
binding,0.00014953487812212205,S025,101,1060000,0,PR0_HT1_EC1,2,4bedd855915b82ec,False,7.282959726444535,929.7265282240293,-0.0,7.244965805471879,1033.6498264992122,-0.0,-0.03799392097265564,103.9232982751829,0.0
binding,0.00014953487812212205,S025,101,1060000,0,PR0_HT1_EC1,3,5a0e6d1160338142,False,7.314589665654514,853.6717993018128,-0.0,7.314589665654514,853.6717993018128,-0.0,0.0,0.0,0.0
binding,0.00014953487812212205,S025,101,1060000,0,PR0_HT1_EC1,4,0c64570674ff3a45,False,7.290558510639063,886.5492641080237,-0.0,7.290558510639063,886.5492641080237,-0.0,0.0,0.0,0.0
binding,0.00014953487812212205,S025,101,1060000,0,PR1_HT0_EC1,0,dc514ff044302fc4,False,7.244965805471879,1033.6498264992122,-0.0,7.244965805471879,1033.6498264992122,-0.0,0.0,0.0,0.0
binding,0.00014953487812212205,S025,101,1060000,0,PR1_HT0_EC1,1,28cb28c289de81ba,False,7.290558510639063,886.5492641080237,-0.0,7.290558510639063,886.5492641080237,-0.0,0.0,0.0,0.0
binding,0.00014953487812212205,S025,101,1060000,0,PR1_HT0_EC1,2,34a541f36ca10733,False,7.314589665654514,853.6717993018128,-0.0,7.314589665654514,853.6717993018128,-0.0,0.0,0.0,0.0
binding,0.00014953487812212205,S025,101,1060000,0,PR1_HT0_EC1,3,e64a4ace8818d65d,False,7.267762158055477,998.4583669482848,-0.0,7.267762158055477,998.4583669482848,-0.0,0.0,0.0,0.0
binding,0.00014953487812212205,S025,101,1060000,0,PR1_HT0_EC1,4,48d2341bc8f2da12,False,7.282959726444535,942.5038155281543,-0.0,7.282959726444535,942.5038155281543,-0.0,0.0,0.0,0.0
binding,0.00014953487812212205,S025,101,1060000,0,PR1_HT1_EC0,0,17f5967e22085cf5,False,4.532757880055506,5027.05519257525,-0.8678714859437232,7.258018366288641,1267.2267994305632,-0.0,2.725260486233135,-3759.8283931446867,0.8678714859437232
binding,0.00014953487812212205,S025,101,1060000,0,PR1_HT1_EC0,1,f7b3d930cdf94093,False,4.544170196602644,5024.500643650092,-0.8678714859437232,7.258018366288641,1271.4843809724935,-0.0,2.7138481696859973,-3753.016262677598,0.8678714859437232
binding,0.00014953487812212205,S025,101,1060000,0,PR1_HT1_EC0,2,1cf0727b6e4aef4b,False,4.528251717410251,5050.013104580583,-0.8678714859436998,7.258018366288641,1267.2267994305632,-0.0,2.72976664887839,-3782.78630515002,0.8678714859436998
binding,0.00014953487812212205,S025,101,1060000,0,PR1_HT1_EC0,3,c372f185ca3aab9f,False,5.81048087756818,4067.3713031685447,-0.5792682926829268,7.244965805471879,1121.524179655773,-0.0,1.434484927903699,-2945.8471235127718,0.5792682926829268
binding,0.00014953487812212205,S025,101,1060000,0,PR1_HT1_EC0,4,52a18a0c9bf3b6c7,False,5.842915287098676,3870.041163068089,-0.5612244897959183,7.244965805471879,1033.6498264992122,-0.0,1.402050518373203,-2836.391336568877,0.5612244897959183
binding,0.00014953487812212205,S025,101,1060000,0,PR1_HT1_EC0,5,cefa1863f33f9578,False,5.8372944173995975,3949.503532906394,-0.5612244897959183,7.268996960487115,1071.277308147015,-0.0,1.4317025430875177,-2878.226224759379,0.5612244897959183
binding,0.00014953487812212205,S025,101,1060000,0,PR1_HT1_EC0,6,89c855ddcf0294ba,False,5.823239145072931,4066.827566355874,-0.5182926829268293,7.244965805471879,1121.524179655773,-0.0,1.4217266603989485,-2945.303386700101,0.5182926829268293
binding,0.00014953487812212205,S025,101,1060000,0,PR1_HT1_EC0,7,994c553c480671f9,False,5.785258646099938,4066.827566355874,-0.5,7.244965805471879,1121.524179655773,-0.0,1.4597071593719413,-2945.303386700101,0.5
binding,0.00014953487812212205,S025,101,1060000,0,PR1_HT1_EC0,8,b229ab1a27545f4d,False,6.0236621085210755,3572.5271295732837,-0.5,7.244965805471879,1121.524179655773,-0.0,1.2213036969508035,-2451.0029499175107,0.5
binding,0.00014953487812212205,S025,101,1060000,0,PR1_HT1_EC0,9,985dccd2a5c40ea5,False,5.840171887981812,3871.0296469476707,-0.4878048780487805,7.244965805471879,1033.6498264992122,-0.0,1.4047939174900668,-2837.3798204484583,0.4878048780487805
binding,0.00014953487812212205,S025,101,1060000,0,PR1_HT1_EC0,10,4b55a74c39476d0e,False,6.107362954586695,3526.6113055626165,-0.45918367346938777,7.244965805471879,1048.464684276601,-0.0,1.1376028508851839,-2478.1466212860155,0.45918367346938777
binding,0.00014953487812212205,S025,101,1060000,0,PR1_HT1_EC0,11,1be58d91cec11329,False,5.780334523195965,3900.628877495573,-0.44871794871794873,7.244965805471879,1104.1547729532258,-0.0,1.4646312822759144,-2796.474104542347,0.44871794871794873
binding,0.00014953487812212205,S025,101,1060000,0,PR1_HT1_EC0,12,433ef2fb19b0298c,False,5.8147295785227415,3871.0296469476707,-0.4166666666666667,7.244965805471879,1033.6498264992122,-0.0,1.4302362269491375,-2837.3798204484583,0.4166666666666667
binding,0.00014953487812212205,S025,101,1060000,0,PR1_HT1_EC0,13,44a77cee2e030ab5,False,6.018873356946206,3573.0708663859546,-0.4166666666666667,7.244965805471879,1121.524179655773,-0.0,1.226092448525673,-2451.5466867301816,0.4166666666666667
binding,0.00014953487812212205,S025,101,1060000,0,PR1_HT1_EC0,14,922e667a7d1455af,False,6.02844579107181,3572.219350077569,-0.38461538461538464,7.244965805471879,1118.9696307306147,-0.0,1.2165200144000687,-2453.2497193469544,0.38461538461538464
binding,0.00014953487812212205,S025,101,1060000,0,PR1_HT1_EC0,15,b0289d5140841153,False,6.292362436347563,3350.5837555790513,-0.35714285714285715,7.267762158055466,1000.3491342347992,-0.0,0.9753997217079027,-2350.234621344252,0.35714285714285715
binding,0.00014953487812212205,S025,101,1060000,0,PR1_HT1_EC0,16,34a711359985335f,False,6.267580109772,3373.5416675843844,-0.3353658536585366,7.267762158055466,1049.0554644875806,-0.0,1.0001820482834658,-2324.486203096804,0.3353658536585366
binding,0.00014953487812212205,S025,101,1060000,0,PR1_HT1_EC0,17,4dc9fa278cb9d15f,False,6.36424390582888,3348.3369861496076,-0.28061224489795916,7.267762158055466,1000.3491342347992,-0.0,0.9035182522265854,-2347.9878519148083,0.28061224489795916
binding,0.00014953487812212205,S025,101,1060000,0,PR1_HT1_EC0,18,99eff3763cb46d83,False,6.246820027219396,3420.544965220394,-0.2564102564102564,7.267762158055466,1049.0554644875806,-0.0,1.0209421308360698,-2371.489500732813,0.2564102564102564
binding,0.00014953487812212205,S025,101,1060000,0,PR1_HT1_EC0,19,ba3c8b4eb0d9487e,False,6.284695201140526,3373.4022132467094,-0.25,7.2917933130709285,967.4716694285883,-0.0,1.0070981119304028,-2405.930543818121,0.25
binding,0.00014953487812212205,S025,101,1060000,0,PR1_HT1_EC0,20,8e6cff53446ca7ad,False,6.590660709533896,2387.2186563702253,-0.20408163265306123,7.267762158055477,1000.3491342347992,-0.0,0.6771014485215812,-1386.869522135426,0.20408163265306123
binding,0.00014953487812212205,S025,101,1060000,0,PR1_HT1_EC0,21,1087cdc0e79eba39,False,6.585032999857713,2456.0923923862265,-0.20408163265306123,7.267762158055477,1046.2649582454667,-0.0,0.6827291581977644,-1409.8274341407598,0.20408163265306123
binding,0.00014953487812212205,S025,101,1060000,0,PR1_HT1_EC0,22,ecac52184f0c90b1,False,6.536449952593118,2458.3391618156697,-0.19230769230769232,7.267762158055477,1049.0554644875806,-0.0,0.7313122054623591,-1409.2836973280891,0.19230769230769232
binding,0.00014953487812212205,S025,101,1060000,0,PR1_HT1_EC0,23,9eb27a6da5b1ba26,False,6.528518052876863,2458.8828986283406,-0.19230769230769232,7.267762158055477,1047.3524318708082,-0.0,0.7392441051786145,-1411.5304667575324,0.19230769230769232
binding,0.00014953487812212205,S025,101,1060000,0,PR1_HT1_EC0,24,4ef2881dce43bf3e,False,6.286907757094646,3351.979008700108,-0.16666666666666666,7.267762158055466,1000.3491342347992,-0.0,0.98085440096082,-2351.6298744653086,0.16666666666666666
binding,0.00014953487812212205,S025,101,1060000,0,PR1_HT1_EC0,25,4e91815dcc1a1ba7,False,6.249334673311914,3374.629141209726,-0.16666666666666666,7.267762158055466,1049.0554644875806,-0.0,1.018427484743552,-2325.5736767221456,0.16666666666666666
binding,0.00014953487812212205,S025,101,1060000,0,PR1_HT1_EC0,26,177c5fb193fc59a5,False,6.605858277922954,2292.9415528843565,-0.15306122448979592,7.267762158055477,998.4583669482848,-0.0,0.661903880132523,-1294.4831859360715,0.15306122448979592
binding,0.00014953487812212205,S025,101,1060000,0,PR1_HT1_EC0,27,4b855c6f0330cac9,False,6.583286877323383,2319.9862345071006,-0.10204081632653061,7.267762158055477,1045.4616645842939,-0.0,0.6844752807320944,-1274.5245699228067,0.10204081632653061
binding,0.00014953487812212205,S025,101,1060000,0,PR1_HT1_EC0,28,a083044d8f78c210,False,6.904635258359354,704.0078882202506,-0.0,7.290558510639063,886.5492641080237,-0.0,0.38592325227970914,182.54137588777314,0.0
binding,0.00014953487812212205,S025,101,1060000,0,PR1_HT1_EC0,29,4da2e6927f0da410,False,6.567156144261677,2382.416631472054,-0.0,7.267762158055477,1045.4616645842939,-0.0,0.7006060137938004,-1336.9549668877603,0.0
binding,0.00014953487812212205,S025,101,1060000,0,PR1_HT1_EC0,30,889fdbd3e2360614,False,6.874240121581239,1169.3587059172264,-0.0,7.290558510639063,886.5492641080237,-0.0,0.4163183890578246,-282.80944180920267,0.0
binding,0.00014953487812212205,S025,101,1060000,0,PR1_HT1_EC0,31,b80b0f0dc69a5d8c,False,6.880831837991047,1075.352110645208,-0.0,7.290558510639063,886.5492641080237,-0.0,0.40972667264801643,-188.80284653718434,0.0
binding,0.00014953487812212205,S025,101,1060000,0,PR1_HT1_EC0,32,4afba8e246326d35,False,6.792509897502747,1871.3234906472276,-0.0,7.290558510639063,886.5492641080237,-0.0,0.49804861313631665,-984.7742265392038,0.0
binding,0.00014953487812212205,S025,101,1060000,0,PR1_HT1_EC0,33,7e166ff977d9ef81,False,6.768589555792446,1933.6590732451054,-0.0,7.290558510639063,886.5492641080237,-0.0,0.5219689548466171,-1047.1098091370818,0.0
binding,0.00014953487812212205,S025,101,1060000,0,PR1_HT1_EC0,34,a9565a8beb63fdb9,False,6.773899549567069,1895.6766557736182,-0.0,7.290558510639063,886.5492641080237,-0.0,0.516658961071994,-1009.1273916655945,0.0
binding,0.00014953487812212205,S025,101,1060000,0,PR1_HT1_EC0,35,1e9a8acae592f858,False,6.795413076483857,1866.2143927969114,-0.0,7.290558510639063,886.5492641080237,-0.0,0.49514543415520595,-979.6651286888876,0.0
binding,0.00014953487812212205,S025,101,1060000,0,PR1_HT1_EC0,36,74047ea86277f249,False,6.688787063147219,2065.9052056866203,-0.0,7.282959726444535,966.8569806545449,-0.0,0.5941726632973161,-1099.0482250320754,0.0
binding,0.00014953487812212205,S025,101,1060000,0,PR1_HT1_EC0,37,3ed489cf05fa65aa,False,6.683565679572183,2156.5057357250944,-0.0,7.282959726444535,966.0054643461589,-0.0,0.5993940468723515,-1190.5002713789354,0.0
binding,0.00014953487812212205,S025,101,1060000,0,PR1_HT1_EC0,38,304958a71d22eccd,False,6.719196158368587,2018.0503917422247,-0.0,7.282959726444535,942.5038155281543,-0.0,0.5637635680759479,-1075.5465762140705,0.0
binding,0.00014953487812212205,S025,101,1060000,0,PR1_HT1_EC0,39,effcaf52c5d11abe,False,6.878726150804589,1144.2258466612093,-0.0,7.290558510639063,886.5492641080237,-0.0,0.41183235983447464,-257.67658255318554,0.0
binding,0.00014953487812212205,S025,101,1060001,1,PR1_HT1_EC1,0,07394de1f8455fb2,True,7.244965805471879,1033.6498264992122,-0.0,7.244965805471879,1033.6498264992122,-0.0,0.0,0.0,0.0
binding,0.00014953487812212205,S025,101,1060001,1,PR1_HT1_EC1,1,cee00508654754d2,True,7.290558510639063,886.5492641080237,-0.0,7.290558510639063,886.5492641080237,-0.0,0.0,0.0,0.0
binding,0.00014953487812212205,S025,101,1060001,1,PR1_HT1_EC1,2,0ad02fa191f2a34d,True,7.314589665654514,853.6717993018128,-0.0,7.314589665654514,853.6717993018128,-0.0,0.0,0.0,0.0
binding,0.00014953487812212205,S025,101,1060001,1,PR1_HT1_EC1,3,1c6016b980052832,True,7.267762158055477,998.4583669482848,-0.0,7.267762158055477,998.4583669482848,-0.0,0.0,0.0,0.0
binding,0.00014953487812212205,S025,101,1060001,1,PR1_HT1_EC1,4,c85457e8824e5b29,True,7.282959726444535,942.5038155281543,-0.0,7.282959726444535,942.5038155281543,-0.0,0.0,0.0,0.0
binding,0.00014953487812212205,S025,101,1060001,1,PR0_HT1_EC1,0,bbb6154797241ada,False,7.244965805471891,1025.9576283076326,-0.0,7.270942586699128,1140.7646644974393,-0.0,0.025976781227237566,114.8070361898067,0.0
binding,0.00014953487812212205,S025,101,1060001,1,PR0_HT1_EC1,1,2a137671946c2f62,False,7.268996960487343,993.0801635014218,-0.0,7.290595140285654,1138.5441709132747,-0.0,0.021598179798311357,145.4640074118529,0.0
binding,0.00014953487812212205,S025,101,1060001,1,PR0_HT1_EC1,2,8076ac76be62f784,False,7.282959726444535,929.7265282240293,-0.0,7.244965805471879,1033.6498264992122,-0.0,-0.03799392097265564,103.9232982751829,0.0
binding,0.00014953487812212205,S025,101,1060001,1,PR0_HT1_EC1,3,701d3ec799fe7331,False,7.290558510639063,886.5492641080237,-0.0,7.290558510639063,886.5492641080237,-0.0,0.0,0.0,0.0
binding,0.00014953487812212205,S025,101,1060001,1,PR0_HT1_EC1,4,ae6eaab1a7e0abf7,False,7.314589665654514,853.6717993018128,-0.0,7.314589665654514,853.6717993018128,-0.0,0.0,0.0,0.0
binding,0.00014953487812212205,S025,101,1060001,1,PR1_HT0_EC1,0,07394de1f8455fb2,False,7.244965805471879,1033.6498264992122,-0.0,7.244965805471879,1033.6498264992122,-0.0,0.0,0.0,0.0
binding,0.00014953487812212205,S025,101,1060001,1,PR1_HT0_EC1,1,cee00508654754d2,False,7.290558510639063,886.5492641080237,-0.0,7.290558510639063,886.5492641080237,-0.0,0.0,0.0,0.0
binding,0.00014953487812212205,S025,101,1060001,1,PR1_HT0_EC1,2,0ad02fa191f2a34d,False,7.314589665654514,853.6717993018128,-0.0,7.314589665654514,853.6717993018128,-0.0,0.0,0.0,0.0
binding,0.00014953487812212205,S025,101,1060001,1,PR1_HT0_EC1,3,1c6016b980052832,False,7.267762158055477,998.4583669482848,-0.0,7.267762158055477,998.4583669482848,-0.0,0.0,0.0,0.0
binding,0.00014953487812212205,S025,101,1060001,1,PR1_HT0_EC1,4,c85457e8824e5b29,False,7.282959726444535,942.5038155281543,-0.0,7.282959726444535,942.5038155281543,-0.0,0.0,0.0,0.0
binding,0.00014953487812212205,S025,101,1060001,1,PR1_HT1_EC0,0,cde6c0b29343e286,False,4.528251717410251,5033.3811674421795,-0.8678714859436998,7.258018366288641,1258.272908587462,-0.0,2.72976664887839,-3775.1082588547174,0.8678714859436998
binding,0.00014953487812212205,S025,101,1060001,1,PR1_HT1_EC0,1,d7d8f4216d54b61f,False,4.557776101259622,5001.5427316447585,-0.8678714859436649,7.258018366288641,1271.4843809724935,-0.0,2.7002422650290194,-3730.058350672265,0.8678714859436649
binding,0.00014953487812212205,S025,101,1060001,1,PR1_HT1_EC0,2,468011bdc9e2de6a,False,4.544170196602644,5024.500643650092,-0.8678714859437232,7.258018366288641,1271.4843809724935,-0.0,2.7138481696859973,-3753.016262677598,0.8678714859437232
binding,0.00014953487812212205,S025,101,1060001,1,PR1_HT1_EC0,3,a04955248dc4d9f6,False,4.532757880055506,5027.05519257525,-0.8678714859437232,7.258018366288641,1267.2267994305632,-0.0,2.725260486233135,-3759.8283931446867,0.8678714859437232
binding,0.00014953487812212205,S025,101,1060001,1,PR1_HT1_EC0,4,40101ead267182f7,False,5.81048087756818,3894.531295765675,-0.5792682926829268,7.244965805471879,1106.7093218783841,-0.0,1.434484927903699,-2787.8219738872913,0.5792682926829268
binding,0.00014953487812212205,S025,101,1060001,1,PR1_HT1_EC0,5,c074bb4f3b1fdc02,False,5.842915287098676,3870.041163068089,-0.5612244897959183,7.244965805471879,1033.6498264992122,-0.0,1.402050518373203,-2836.391336568877,0.5612244897959183
binding,0.00014953487812212205,S025,101,1060001,1,PR1_HT1_EC0,6,b4a2b042dad81920,False,5.785258646099938,3898.9258448788005,-0.5,7.244965805471879,1106.7093218783841,-0.0,1.4597071593719413,-2792.2165230004166,0.5
binding,0.00014953487812212205,S025,101,1060001,1,PR1_HT1_EC0,7,6dfa80e04e5919d7,False,6.0236621085210755,3572.5271295732837,-0.5,7.244965805471879,1121.524179655773,-0.0,1.2213036969508035,-2451.0029499175107,0.5
binding,0.00014953487812212205,S025,101,1060001,1,PR1_HT1_EC0,8,067792ec464a0150,False,5.780334523195965,4068.530598972646,-0.44871794871794873,7.244965805471879,1118.9696307306147,-0.0,1.4646312822759144,-2949.560968242032,0.44871794871794873
binding,0.00014953487812212205,S025,101,1060001,1,PR1_HT1_EC0,9,b16a9496cdb03dea,False,6.0355583567059385,3549.56921756795,-0.44871794871794873,7.244965805471879,1121.524179655773,-0.0,1.2094074487659405,-2428.045037912177,0.44871794871794873
binding,0.00014953487812212205,S025,101,1060001,1,PR1_HT1_EC0,10,23d5b91228933f15,False,5.782722745447652,3872.732679564443,-0.4166666666666667,7.244965805471879,1104.1547729532258,-0.0,1.4622430600242273,-2768.5779066112173,0.4166666666666667
binding,0.00014953487812212205,S025,101,1060001,1,PR1_HT1_EC0,11,be015661f313f078,False,6.2793633692503255,3349.7322392706646,-0.36585365853658536,7.267762158055466,1000.3491342347992,-0.0,0.9883987888051404,-2349.3831050358654,0.36585365853658536
binding,0.00014953487812212205,S025,101,1060001,1,PR1_HT1_EC0,12,339a15a8a6ef7f92,False,6.180294175956368,3526.6113055626165,-0.36585365853658536,7.244965805471879,1048.464684276601,-0.0,1.0646716295155114,-2478.1466212860155,0.36585365853658536
binding,0.00014953487812212205,S025,101,1060001,1,PR1_HT1_EC0,13,76aa89236e78ebea,False,6.267580109772,3373.5416675843844,-0.3353658536585366,7.267762158055466,1049.0554644875806,-0.0,1.0001820482834658,-2324.486203096804,0.3353658536585366
binding,0.00014953487812212205,S025,101,1060001,1,PR1_HT1_EC0,14,e9e21ac184db1498,False,6.099795979309597,3526.611305562616,-0.3333333333333333,7.244965805471879,1048.464684276601,-0.0,1.1451698261622818,-2478.146621286015,0.3333333333333333
binding,0.00014953487812212205,S025,101,1060001,1,PR1_HT1_EC0,15,7912670dc5fbb7ed,False,6.250103320167317,3445.0664555048243,-0.2564102564102564,7.2917933130709285,1014.4749670645974,-0.0,1.0416899929036116,-2430.591488440227,0.2564102564102564
binding,0.00014953487812212205,S025,101,1060001,1,PR1_HT1_EC0,16,637d492448999406,False,6.539311951730267,2434.52973350195,-0.25510204081632654,7.267762158055477,1047.3524318708082,-0.0,0.7284502063252107,-1387.1773016311417,0.25510204081632654
binding,0.00014953487812212205,S025,101,1060001,1,PR1_HT1_EC0,17,84819052b6e41a5b,False,6.273297024848562,3349.7322392706646,-0.25,7.267762158055466,1000.3491342347992,-0.0,0.9944651332069041,-2349.3831050358654,0.25
binding,0.00014953487812212205,S025,101,1060001,1,PR1_HT1_EC0,18,575f7d9b64b6f811,False,6.543885120444341,2412.423337805002,-0.24390243902439024,7.267762158055477,1049.0554644875806,-0.0,0.7238770376111363,-1363.3678733174215,0.24390243902439024
binding,0.00014953487812212205,S025,101,1060001,1,PR1_HT1_EC0,19,26ac73063e9d7d56,False,6.534931078179168,2458.8828986283406,-0.19230769230769232,7.267762158055477,1049.0554644875806,-0.0,0.7328310798763091,-1409.82743414076,0.19230769230769232
binding,0.00014953487812212205,S025,101,1060001,1,PR1_HT1_EC0,20,2c549ce1f8669e9d,False,6.536449952593118,2458.3391618156697,-0.19230769230769232,7.267762158055477,1049.0554644875806,-0.0,0.7313122054623591,-1409.2836973280891,0.19230769230769232
binding,0.00014953487812212205,S025,101,1060001,1,PR1_HT1_EC0,21,fc9737bacfc850e2,False,6.255808710876239,3443.5028772257274,-0.19230769230769232,7.267762158055466,1049.0554644875806,-0.0,1.011953447179227,-2394.447412738147,0.19230769230769232
binding,0.00014953487812212205,S025,101,1060001,1,PR1_HT1_EC0,22,aaf842450f2bc341,False,6.585753725383067,2388.9216889869977,-0.18292682926829268,7.267762158055477,1000.3491342347992,-0.0,0.6820084326724105,-1388.5725547521984,0.18292682926829268
binding,0.00014953487812212205,S025,101,1060001,1,PR1_HT1_EC0,23,3a200aac0cabf280,False,6.536785274177634,2412.423337805002,-0.16666666666666666,7.267762158055477,1049.0554644875806,-0.0,0.730976883877843,-1363.3678733174215,0.16666666666666666
binding,0.00014953487812212205,S025,101,1060001,1,PR1_HT1_EC0,24,1946b47b0a378817,False,6.533343815810775,2435.9249866230066,-0.16666666666666666,7.267762158055477,1049.0554644875806,-0.0,0.7344183422447026,-1386.869522135426,0.16666666666666666
binding,0.00014953487812212205,S025,101,1060001,1,PR1_HT1_EC0,25,aa19ecd037343251,False,6.249856845779573,3374.629141209726,-0.16666666666666666,7.267762158055466,1049.0554644875806,-0.0,1.017905312275893,-2325.5736767221456,0.16666666666666666
binding,0.00014953487812212205,S025,101,1060001,1,PR1_HT1_EC0,26,043aa8b9d211db22,False,6.616349861970663,2388.3779521743268,-0.12195121951219512,7.267762158055477,1000.3491342347992,-0.0,0.6514122960848141,-1388.0288179395275,0.12195121951219512
binding,0.00014953487812212205,S025,101,1060001,1,PR1_HT1_EC0,27,947386b43aadff72,False,6.904635258359354,704.0078882202506,-0.0,7.290558510639063,886.5492641080237,-0.0,0.38592325227970914,182.54137588777314,0.0
binding,0.00014953487812212205,S025,101,1060001,1,PR1_HT1_EC0,28,8ce9b0c32db37d16,False,6.604064881554189,2285.8554872748778,-0.0,7.267762158055477,998.4583669482848,-0.0,0.6636972765012885,-1287.3971203265928,0.0
binding,0.00014953487812212205,S025,101,1060001,1,PR1_HT1_EC0,29,5158fd3aa05e6f2d,False,6.5701306526149725,2333.7103012192733,-0.0,7.267762158055477,1045.4616645842939,-0.0,0.6976315054405049,-1288.2486366349794,0.0
binding,0.00014953487812212205,S025,101,1060001,1,PR1_HT1_EC0,30,d6a9e3ba52323427,False,6.574284669348502,2311.0601687096546,-0.0,7.267762158055477,1047.1646972010662,-0.0,0.693477488706975,-1263.8954715085883,0.0
binding,0.00014953487812212205,S025,101,1060001,1,PR1_HT1_EC0,31,f2aa96908f6d8998,False,6.874240121581239,1149.6055622140414,-0.0,7.290558510639063,886.5492641080237,-0.0,0.4163183890578246,-263.0562981060176,0.0
binding,0.00014953487812212205,S025,101,1060001,1,PR1_HT1_EC0,32,8d5a63dcd227d2d2,False,6.880831837991047,1055.598966942023,-0.0,7.290558510639063,886.5492641080237,-0.0,0.40972667264801643,-169.04970283399928,0.0
binding,0.00014953487812212205,S025,101,1060001,1,PR1_HT1_EC0,33,095f1a4c37cef303,False,6.770420588128572,1860.5995778659335,-0.0,7.290558510639063,886.5492641080237,-0.0,0.5201379225104912,-974.0503137579097,0.0
binding,0.00014953487812212205,S025,101,1060001,1,PR1_HT1_EC0,34,ebfe678f1d3ea05d,False,6.773899549567069,1841.3555105898593,-0.0,7.290558510639063,886.5492641080237,-0.0,0.516658961071994,-954.8062464818355,0.0
binding,0.00014953487812212205,S025,101,1060001,1,PR1_HT1_EC0,35,8639fedc8a1c58a1,False,6.688787063147219,2070.2997547997456,-0.0,7.282959726444535,966.8569806545449,-0.0,0.5941726632973161,-1103.4427741452007,0.0
binding,0.00014953487812212205,S025,101,1060001,1,PR1_HT1_EC0,36,a22e679368923521,False,6.684117930690247,2159.911800958638,-0.0,7.282959726444535,966.8569806545449,-0.0,0.5988417957542875,-1193.0548203040933,0.0
binding,0.00014953487812212205,S025,101,1060001,1,PR1_HT1_EC0,37,3dadf5e3f47ea6ef,False,6.792509897502747,1817.0023454634686,-0.0,7.290558510639063,886.5492641080237,-0.0,0.49804861313631665,-930.4530813554449,0.0
binding,0.00014953487812212205,S025,101,1060001,1,PR1_HT1_EC0,38,3a9af4cd4ff90ef9,False,6.716998024736528,2012.0897775835226,-0.0,7.282959726444535,942.5038155281543,-0.0,0.565961701708007,-1069.5859620553683,0.0
inactive,0.007862340528634104,S025,102,1070000,0,PR1_HT1_EC1,0,fc50ce85bcabe4b2,True,4.215202153176456,4210.121476932916,-0.8755301794452136,4.215202153176456,4210.121476932916,-0.8755301794452136,0.0,0.0,0.0
inactive,0.007862340528634104,S025,102,1070000,0,PR1_HT1_EC1,1,0d9d3152bdf41867,True,4.211523217373897,4285.524384253617,-0.8755301794451508,4.211523217373897,4285.524384253617,-0.8755301794451508,0.0,0.0,0.0
inactive,0.007862340528634104,S025,102,1070000,0,PR1_HT1_EC1,2,d5e2eb940881c856,True,4.328848892747315,4071.847026242334,-0.875530179445167,4.328848892747315,4071.847026242334,-0.875530179445167,0.0,0.0,0.0
inactive,0.007862340528634104,S025,102,1070000,0,PR1_HT1_EC1,3,bb6023e24f046608,True,4.242581553045056,4080.301270960677,-0.8755301794452139,4.242581553045056,4080.301270960677,-0.8755301794452139,0.0,0.0,0.0
inactive,0.007862340528634104,S025,102,1070000,0,PR1_HT1_EC1,4,ce45fa4c6daf552d,True,5.190415718365358,3445.4862932207698,-0.7853403141361257,5.190415718365358,3445.4862932207698,-0.7853403141361257,0.0,0.0,0.0
inactive,0.007862340528634104,S025,102,1070000,0,PR1_HT1_EC1,5,49f4df3ec843c65e,True,5.184052788449702,3368.1875074483582,-0.7661290322580645,5.184052788449702,3368.1875074483582,-0.7661290322580645,0.0,0.0,0.0
inactive,0.007862340528634104,S025,102,1070000,0,PR1_HT1_EC1,6,ec778c6af82bbd24,True,5.216153165520179,3359.6840550463307,-0.6837606837606838,5.216153165520179,3359.6840550463307,-0.6837606837606838,0.0,0.0,0.0
inactive,0.007862340528634104,S025,102,1070000,0,PR1_HT1_EC1,7,81e95628efeb39b4,True,5.2798583583346925,3325.3417910280573,-0.6451612903225806,5.2798583583346925,3325.3417910280573,-0.6451612903225806,0.0,0.0,0.0
inactive,0.007862340528634104,S025,102,1070000,0,PR1_HT1_EC1,8,dd109b2a5901c795,True,5.264158824522969,3356.2954909501304,-0.6451612903225806,5.264158824522969,3356.2954909501304,-0.6451612903225806,0.0,0.0,0.0
inactive,0.007862340528634104,S025,102,1070000,0,PR1_HT1_EC1,9,cf38b59c081b1f78,True,5.2761100844332045,3327.600833758858,-0.6410256410256411,5.2761100844332045,3327.600833758858,-0.6410256410256411,0.0,0.0,0.0
inactive,0.007862340528634104,S025,102,1070000,0,PR1_HT1_EC1,10,7d71bc1c6588a0fd,True,5.8403151566972875,3226.055394651502,-0.6282722513089005,5.8403151566972875,3226.055394651502,-0.6282722513089005,0.0,0.0,0.0
inactive,0.007862340528634104,S025,102,1070000,0,PR1_HT1_EC1,11,9d6a84ced497b179,True,5.834563059641514,3139.9195874972784,-0.6048387096774194,5.834563059641514,3139.9195874972784,-0.6048387096774194,0.0,0.0,0.0
inactive,0.007862340528634104,S025,102,1070000,0,PR1_HT1_EC1,12,db8de39b36f5d060,True,5.903889914936996,3139.38988435757,-0.5759162303664922,5.903889914936996,3139.38988435757,-0.5759162303664922,0.0,0.0,0.0
inactive,0.007862340528634104,S025,102,1070000,0,PR1_HT1_EC1,13,3ce3e37f425d37e8,True,5.868847354243383,3114.476355525128,-0.5645161290322581,5.868847354243383,3114.476355525128,-0.5645161290322581,0.0,0.0,0.0
inactive,0.007862340528634104,S025,102,1070000,0,PR1_HT1_EC1,14,07e8e00b0f8a42f5,True,5.950388281666236,3100.060727975451,-0.5555555555555556,5.950388281666236,3100.060727975451,-0.5555555555555556,0.0,0.0,0.0
inactive,0.007862340528634104,S025,102,1070000,0,PR1_HT1_EC1,15,929113d9f1cf656f,True,5.811200794745219,3125.6303578702054,-0.5128205128205128,5.811200794745219,3125.6303578702054,-0.5128205128205128,0.0,0.0,0.0
inactive,0.007862340528634104,S025,102,1070000,0,PR1_HT1_EC1,16,26abb00d9d86cffa,True,6.16129706530286,2885.304944717846,-0.4712041884816754,6.16129706530286,2885.304944717846,-0.4712041884816754,0.0,0.0,0.0
inactive,0.007862340528634104,S025,102,1070000,0,PR1_HT1_EC1,17,a6dc1a5b70f24482,True,6.247220754374321,2860.961588677967,-0.4712041884816754,6.247220754374321,2860.961588677967,-0.4712041884816754,0.0,0.0,0.0
inactive,0.007862340528634104,S025,102,1070000,0,PR1_HT1_EC1,18,5a42808a4be2a188,True,6.240105590717552,2863.220631408768,-0.4712041884816754,6.240105590717552,2863.220631408768,-0.4712041884816754,0.0,0.0,0.0
inactive,0.007862340528634104,S025,102,1070000,0,PR1_HT1_EC1,19,66ec51c679f0a811,True,6.216235048083722,2870.2402687705535,-0.4712041884816754,6.216235048083722,2870.2402687705535,-0.4712041884816754,0.0,0.0,0.0
inactive,0.007862340528634104,S025,102,1070000,0,PR1_HT1_EC1,20,1f60b4eb9d1159e0,True,6.188108260170005,2849.3354078395855,-0.42735042735042733,6.188108260170005,2849.3354078395855,-0.42735042735042733,0.0,0.0,0.0
inactive,0.007862340528634104,S025,102,1070000,0,PR1_HT1_EC1,21,c660e1f0049d7304,True,6.136650285928104,2926.576544613943,-0.42735042735042733,6.136650285928104,2926.576544613943,-0.42735042735042733,0.0,0.0,0.0
inactive,0.007862340528634104,S025,102,1070000,0,PR1_HT1_EC1,22,ee9317cfd79dfd74,True,6.537558421884067,2352.964114138894,-0.4143646408839779,6.537558421884067,2352.964114138894,-0.4143646408839779,0.0,0.0,0.0
inactive,0.007862340528634104,S025,102,1070000,0,PR1_HT1_EC1,23,b6f996c24147d4c9,True,6.183605873666641,2867.7653213926164,-0.4032258064516129,6.183605873666641,2867.7653213926164,-0.4032258064516129,0.0,0.0,0.0
inactive,0.007862340528634104,S025,102,1070000,0,PR1_HT1_EC1,24,b9bd6c1a72193a4f,True,6.556417512573782,2291.0567142947484,-0.39267015706806285,6.556417512573782,2291.0567142947484,-0.39267015706806285,0.0,0.0,0.0
inactive,0.007862340528634104,S025,102,1070000,0,PR1_HT1_EC1,25,21581d8c61163e9a,True,6.509870318094218,2273.5170909695184,-0.3629032258064516,6.509870318094218,2273.5170909695184,-0.3629032258064516,0.0,0.0,0.0
inactive,0.007862340528634104,S025,102,1070000,0,PR1_HT1_EC1,26,dc7efe3606389d3c,True,6.774338475453999,1925.1205225275542,-0.31413612565445026,6.774338475453999,1925.1205225275542,-0.31413612565445026,0.0,0.0,0.0
inactive,0.007862340528634104,S025,102,1070000,0,PR1_HT1_EC1,27,ebc22ec78c55a67e,True,6.822819118066349,1887.4190688672031,-0.31413612565445026,6.822819118066349,1887.4190688672031,-0.31413612565445026,0.0,0.0,0.0
inactive,0.007862340528634104,S025,102,1070000,0,PR1_HT1_EC1,28,c0c1fc241f77c507,True,6.508459341670265,2292.367817799694,-0.29914529914529914,6.508459341670265,2292.367817799694,-0.29914529914529914,0.0,0.0,0.0
inactive,0.007862340528634104,S025,102,1070000,0,PR1_HT1_EC1,29,57d175baffb1590e,True,6.770896936374542,1905.7958260844514,-0.28225806451612906,6.770896936374542,1905.7958260844514,-0.28225806451612906,0.0,0.0,0.0
inactive,0.007862340528634104,S025,102,1070000,0,PR1_HT1_EC1,30,2721de4a6854565a,True,6.941346367879781,1850.8846612186808,-0.2617801047120419,6.941346367879781,1850.8846612186808,-0.2617801047120419,0.0,0.0,0.0
inactive,0.007862340528634104,S025,102,1070000,0,PR1_HT1_EC1,31,538220dc36aff393,True,6.784855669744627,1876.6271992802517,-0.2617801047120419,6.784855669744627,1876.6271992802517,-0.2617801047120419,0.0,0.0,0.0
inactive,0.007862340528634104,S025,102,1070000,0,PR1_HT1_EC1,32,633994e84433dd53,True,6.934484912008222,1850.8846612186805,-0.2564102564102564,6.934484912008222,1850.8846612186805,-0.2564102564102564,0.0,0.0,0.0
inactive,0.007862340528634104,S025,102,1070000,0,PR1_HT1_EC1,33,0e01ee2cbe6870e6,True,6.762755129787318,1877.756720645652,-0.24193548387096775,6.762755129787318,1877.756720645652,-0.24193548387096775,0.0,0.0,0.0
inactive,0.007862340528634104,S025,102,1070000,0,PR1_HT1_EC1,34,89a39ddc0427e7fa,True,6.773533906523888,1876.6271992802517,-0.21367521367521367,6.773533906523888,1876.6271992802517,-0.21367521367521367,0.0,0.0,0.0
inactive,0.007862340528634104,S025,102,1070000,0,PR1_HT1_EC1,35,539c8197b9fe0771,True,6.9480269103416665,1839.9842324493438,-0.2094240837696335,6.9480269103416665,1839.9842324493438,-0.2094240837696335,0.0,0.0,0.0
inactive,0.007862340528634104,S025,102,1070000,0,PR1_HT1_EC1,36,44dc953eab97cdf2,True,6.957484841620203,1827.287158415237,-0.2094240837696335,6.957484841620203,1827.287158415237,-0.2094240837696335,0.0,0.0,0.0
inactive,0.007862340528634104,S025,102,1070000,0,PR1_HT1_EC1,37,f15db4dec8a964a3,True,6.944844794472122,1841.6431262742742,-0.17094017094017094,6.944844794472122,1841.6431262742742,-0.17094017094017094,0.0,0.0,0.0
inactive,0.007862340528634104,S025,102,1070000,0,PR1_HT1_EC1,38,f6ac60db45fe92fd,True,7.064883632643514,1586.5020499272482,-0.16574585635359115,7.064883632643514,1586.5020499272482,-0.16574585635359115,0.0,0.0,0.0
inactive,0.007862340528634104,S025,102,1070000,0,PR1_HT1_EC1,39,0a50e80eda4f8784,True,7.060177773835461,1564.5634409487348,-0.16129032258064516,7.060177773835461,1564.5634409487348,-0.16129032258064516,0.0,0.0,0.0
inactive,0.007862340528634104,S025,102,1070000,0,PR1_HT1_EC1,40,06a7db589f8f9d2a,True,6.967558687670083,1809.4756514664994,-0.15706806282722513,6.967558687670083,1809.4756514664994,-0.15706806282722513,0.0,0.0,0.0
inactive,0.007862340528634104,S025,102,1070000,0,PR1_HT1_EC1,41,674d9d2a9383d5a4,True,7.056556000361754,1569.6778738633654,-0.1282051282051282,7.056556000361754,1569.6778738633654,-0.1282051282051282,0.0,0.0,0.0
inactive,0.007862340528634104,S025,102,1070000,0,PR1_HT1_EC1,42,94f10a966cac0dd3,True,7.096258227839591,1559.4490080341043,-0.10471204188481675,7.096258227839591,1559.4490080341043,-0.10471204188481675,0.0,0.0,0.0
inactive,0.007862340528634104,S025,102,1070000,0,PR1_HT1_EC1,43,3bc12b283bc695b5,True,7.299694189603029,497.23063206382767,-0.0,7.299694189603029,497.23063206382767,-0.0,0.0,0.0,0.0
inactive,0.007862340528634104,S025,102,1070000,0,PR1_HT1_EC1,44,ffe70fe6e6cc549d,True,7.234783420530259,916.415996318924,-0.0,7.234783420530259,916.415996318924,-0.0,0.0,0.0,0.0
inactive,0.007862340528634104,S025,102,1070000,0,PR1_HT1_EC1,45,ff1ce977931c92f2,True,7.239198464605875,859.8638158283977,-0.0,7.239198464605875,859.8638158283977,-0.0,0.0,0.0,0.0
inactive,0.007862340528634104,S025,102,1070000,0,PR1_HT1_EC1,46,70c2bc86b1bea398,True,7.23536069021565,868.3966426845489,-0.0,7.23536069021565,868.3966426845489,-0.0,0.0,0.0,0.0
inactive,0.007862340528634104,S025,102,1070000,0,PR1_HT1_EC1,47,a6cfe6dc4300923a,True,7.273481869812727,744.1091496740238,-0.0,7.273481869812727,744.1091496740238,-0.0,0.0,0.0,0.0
inactive,0.007862340528634104,S025,102,1070000,0,PR1_HT1_EC1,48,4dd48daf2b99b470,True,7.241614445141227,851.6025974786835,-0.0,7.241614445141227,851.6025974786835,-0.0,0.0,0.0,0.0
inactive,0.007862340528634104,S025,102,1070000,0,PR1_HT1_EC1,49,fa578f940c6f8fee,True,7.248167525088803,833.8813920139082,-0.0,7.248167525088803,833.8813920139082,-0.0,0.0,0.0,0.0
inactive,0.007862340528634104,S025,102,1070000,0,PR0_HT1_EC1,0,ec28acedbe95bb7e,False,4.721005461811413,3379.002190434665,-0.8755301794452158,4.390306411130979,4093.0598151529225,-0.8755301794452158,-0.33069905068043415,714.0576247182576,0.0
inactive,0.007862340528634104,S025,102,1070000,0,PR0_HT1_EC1,1,4c41b061ed00adfe,False,5.5048838007583205,3021.5112349976353,-0.7329842931937173,5.190415718365358,3445.4862932207698,-0.7853403141361257,-0.3144680823929624,423.9750582231345,-0.05235602094240843
inactive,0.007862340528634104,S025,102,1070000,0,PR0_HT1_EC1,2,60a7a71ada2129d6,False,5.424413063384044,2953.8747974467756,-0.7258064516129032,5.184052788449702,3368.1875074483582,-0.7661290322580645,-0.24036027493434187,414.3127100015827,-0.040322580645161255
inactive,0.007862340528634104,S025,102,1070000,0,PR0_HT1_EC1,3,52ef437ad6c398de,False,5.669043720861626,2924.261575483772,-0.5645161290322581,5.2798583583346925,3325.3417910280573,-0.6451612903225806,-0.38918536252693325,401.08021554428524,-0.08064516129032251
inactive,0.007862340528634104,S025,102,1070000,0,PR0_HT1_EC1,4,5463c3984578e4ce,False,6.550311645636121,2000.087875344111,-0.4435483870967742,6.259273794908312,2879.73606722791,-0.4032258064516129,-0.2910378507278093,879.6481918837992,0.04032258064516131
inactive,0.007862340528634104,S025,102,1070000,0,PR0_HT1_EC1,5,72b77703bba2f71c,False,6.925979801821777,1481.820767861317,-0.28225806451612906,6.770896936374542,1905.7958260844514,-0.28225806451612906,-0.15508286544723493,423.9750582231343,0.0
inactive,0.007862340528634104,S025,102,1070000,0,PR0_HT1_EC1,6,3ba76f66ba8fbcc3,False,6.957419619319288,1476.6765051013667,-0.16129032258064516,6.762755129787318,1877.756720645652,-0.24193548387096775,-0.19466448953197002,401.08021554428524,-0.08064516129032259
inactive,0.007862340528634104,S025,102,1070000,0,PR0_HT1_EC1,7,656e6c66558a6b26,False,6.970280341067012,1473.287941005166,-0.1282051282051282,6.773533906523888,1876.6271992802517,-0.21367521367521367,-0.19674643454312335,403.33925827508574,-0.08547008547008547
inactive,0.007862340528634104,S025,102,1070000,0,PR0_HT1_EC1,8,4bb5cd5086b1a2f1,False,7.1754849956214795,1008.6780196162929,-0.12096774193548387,6.97350062374059,1866.8995229026482,-0.08064516129032258,-0.20198437188088914,858.2215032863553,0.040322580645161296
inactive,0.007862340528634104,S025,102,1070000,0,PR0_HT1_EC1,9,ad316931e7926ee3,False,7.187094530406259,1001.9046928767319,-0.042735042735042736,6.944844794472122,1841.643126274274,-0.17094017094017094,-0.2422497359341369,839.738433397542,-0.1282051282051282
inactive,0.007862340528634104,S025,102,1070000,0,PR0_HT1_EC1,10,36e6ed63c47e90d1,False,7.299694189603029,497.23063206382767,-0.0,7.299694189603029,497.23063206382767,-0.0,0.0,0.0,0.0
inactive,0.007862340528634104,S025,102,1070000,0,PR1_HT0_EC1,0,bdef86effae56540,False,3.724113106199151,3913.617939373897,-0.8999999999999353,4.390306411130979,4093.0598151529225,-0.8755301794452158,0.666193304931828,179.4418757790254,0.024469820554719468
inactive,0.007862340528634104,S025,102,1070000,0,PR1_HT0_EC1,1,c8413f1e470840ad,False,4.721005461811413,3403.5760776553984,-0.8755301794452158,5.184052788449702,3366.0483612146886,-0.7661290322580645,0.4630473266382893,-37.52771644070981,0.10940114718715133
inactive,0.007862340528634104,S025,102,1070000,0,PR1_HT0_EC1,2,34d29aaa915a4172,False,5.5048838007583205,3380.2059959183016,-0.7329842931937173,6.247220754374321,2860.961588677967,-0.4712041884816754,0.7423369536160003,-519.2444072403346,0.2617801047120419
inactive,0.007862340528634104,S025,102,1070000,0,PR1_HT0_EC1,3,de31bcf868b1b423,False,5.424413063384044,3252.216009465827,-0.7258064516129032,5.868847354243383,3114.476355525128,-0.5645161290322581,0.4444342908593386,-137.7396539406991,0.16129032258064513
inactive,0.007862340528634104,S025,102,1070000,0,PR1_HT0_EC1,4,cd3937c7f3f4894e,False,6.047788937022915,2677.966174809417,-0.6048387096774194,6.579577978045817,2281.394366073197,-0.3225806451612903,0.5317890410229023,-396.5718087362202,0.28225806451612906
inactive,0.007862340528634104,S025,102,1070000,0,PR1_HT0_EC1,5,f321701502bf57b6,False,6.550311645636121,2026.3730795517795,-0.4435483870967742,6.770896936374542,1905.7958260844514,-0.28225806451612906,0.2205852907384207,-120.57725346732809,0.16129032258064513
inactive,0.007862340528634104,S025,102,1070000,0,PR1_HT0_EC1,6,08c1f25ad7c0f765,False,6.642930166438765,2011.5664685702777,-0.29914529914529914,6.773533906523888,1876.6271992802517,-0.21367521367521367,0.13060374008512365,-134.939269290026,0.08547008547008547
inactive,0.007862340528634104,S025,102,1070000,0,PR1_HT0_EC1,7,27aeb14074ecab76,False,6.925979801821777,1759.9511949856433,-0.28225806451612906,7.060946263450385,1599.199123961355,-0.12096774193548387,0.1349664616286077,-160.75207102428817,0.16129032258064518
inactive,0.007862340528634104,S025,102,1070000,0,PR1_HT0_EC1,8,1bb4c98c5dd8a41e,False,7.1754849956214795,1034.9632238239615,-0.12096774193548387,7.235980720618634,919.9861425546703,-0.0,0.06049572499715428,-114.97708126929115,0.12096774193548387
inactive,0.007862340528634104,S025,102,1070000,0,PR1_HT0_EC1,9,3bac212d6a116dd4,False,7.187094530406259,1025.30087560241,-0.042735042735042736,7.234783420530259,916.415996318924,-0.0,0.04768889012400024,-108.88487928348604,0.042735042735042736
inactive,0.007862340528634104,S025,102,1070000,0,PR1_HT0_EC1,10,e3c6de3f5102cec6,False,7.299694189603029,497.23063206382767,-0.0,7.299694189603029,497.23063206382767,-0.0,0.0,0.0,0.0
inactive,0.007862340528634104,S025,102,1070000,0,PR1_HT1_EC0,0,fc50ce85bcabe4b2,False,4.215202153176456,4210.121476932916,-0.8755301794452136,4.215202153176456,4210.121476932916,-0.8755301794452136,0.0,0.0,0.0
inactive,0.007862340528634104,S025,102,1070000,0,PR1_HT1_EC0,1,0d9d3152bdf41867,False,4.211523217373897,4285.524384253617,-0.8755301794451508,4.211523217373897,4285.524384253617,-0.8755301794451508,0.0,0.0,0.0
inactive,0.007862340528634104,S025,102,1070000,0,PR1_HT1_EC0,2,d5e2eb940881c856,False,4.328848892747315,4071.847026242334,-0.875530179445167,4.328848892747315,4071.847026242334,-0.875530179445167,0.0,0.0,0.0
inactive,0.007862340528634104,S025,102,1070000,0,PR1_HT1_EC0,3,bb6023e24f046608,False,4.242581553045056,4080.301270960677,-0.8755301794452139,4.242581553045056,4080.301270960677,-0.8755301794452139,0.0,0.0,0.0
inactive,0.007862340528634104,S025,102,1070000,0,PR1_HT1_EC0,4,ce45fa4c6daf552d,False,5.190415718365358,3445.4862932207698,-0.7853403141361257,5.190415718365358,3445.4862932207698,-0.7853403141361257,0.0,0.0,0.0
inactive,0.007862340528634104,S025,102,1070000,0,PR1_HT1_EC0,5,49f4df3ec843c65e,False,5.184052788449702,3368.1875074483582,-0.7661290322580645,5.184052788449702,3368.1875074483582,-0.7661290322580645,0.0,0.0,0.0
inactive,0.007862340528634104,S025,102,1070000,0,PR1_HT1_EC0,6,ec778c6af82bbd24,False,5.216153165520179,3359.6840550463307,-0.6837606837606838,5.216153165520179,3359.6840550463307,-0.6837606837606838,0.0,0.0,0.0
inactive,0.007862340528634104,S025,102,1070000,0,PR1_HT1_EC0,7,81e95628efeb39b4,False,5.2798583583346925,3325.3417910280573,-0.6451612903225806,5.2798583583346925,3325.3417910280573,-0.6451612903225806,0.0,0.0,0.0
inactive,0.007862340528634104,S025,102,1070000,0,PR1_HT1_EC0,8,dd109b2a5901c795,False,5.264158824522969,3356.2954909501304,-0.6451612903225806,5.264158824522969,3356.2954909501304,-0.6451612903225806,0.0,0.0,0.0
inactive,0.007862340528634104,S025,102,1070000,0,PR1_HT1_EC0,9,cf38b59c081b1f78,False,5.2761100844332045,3327.600833758858,-0.6410256410256411,5.2761100844332045,3327.600833758858,-0.6410256410256411,0.0,0.0,0.0
inactive,0.007862340528634104,S025,102,1070000,0,PR1_HT1_EC0,10,7d71bc1c6588a0fd,False,5.8403151566972875,3226.055394651502,-0.6282722513089005,5.8403151566972875,3226.055394651502,-0.6282722513089005,0.0,0.0,0.0
inactive,0.007862340528634104,S025,102,1070000,0,PR1_HT1_EC0,11,9d6a84ced497b179,False,5.834563059641514,3139.9195874972784,-0.6048387096774194,5.834563059641514,3139.9195874972784,-0.6048387096774194,0.0,0.0,0.0
inactive,0.007862340528634104,S025,102,1070000,0,PR1_HT1_EC0,12,db8de39b36f5d060,False,5.903889914936996,3139.38988435757,-0.5759162303664922,5.903889914936996,3139.38988435757,-0.5759162303664922,0.0,0.0,0.0
inactive,0.007862340528634104,S025,102,1070000,0,PR1_HT1_EC0,13,3ce3e37f425d37e8,False,5.868847354243383,3114.476355525128,-0.5645161290322581,5.868847354243383,3114.476355525128,-0.5645161290322581,0.0,0.0,0.0
inactive,0.007862340528634104,S025,102,1070000,0,PR1_HT1_EC0,14,07e8e00b0f8a42f5,False,5.950388281666236,3100.060727975451,-0.5555555555555556,5.950388281666236,3100.060727975451,-0.5555555555555556,0.0,0.0,0.0
inactive,0.007862340528634104,S025,102,1070000,0,PR1_HT1_EC0,15,929113d9f1cf656f,False,5.811200794745219,3125.6303578702054,-0.5128205128205128,5.811200794745219,3125.6303578702054,-0.5128205128205128,0.0,0.0,0.0
inactive,0.007862340528634104,S025,102,1070000,0,PR1_HT1_EC0,16,26abb00d9d86cffa,False,6.16129706530286,2885.304944717846,-0.4712041884816754,6.16129706530286,2885.304944717846,-0.4712041884816754,0.0,0.0,0.0
inactive,0.007862340528634104,S025,102,1070000,0,PR1_HT1_EC0,17,a6dc1a5b70f24482,False,6.247220754374321,2860.961588677967,-0.4712041884816754,6.247220754374321,2860.961588677967,-0.4712041884816754,0.0,0.0,0.0
inactive,0.007862340528634104,S025,102,1070000,0,PR1_HT1_EC0,18,5a42808a4be2a188,False,6.240105590717552,2863.220631408768,-0.4712041884816754,6.240105590717552,2863.220631408768,-0.4712041884816754,0.0,0.0,0.0
inactive,0.007862340528634104,S025,102,1070000,0,PR1_HT1_EC0,19,66ec51c679f0a811,False,6.216235048083722,2870.2402687705535,-0.4712041884816754,6.216235048083722,2870.2402687705535,-0.4712041884816754,0.0,0.0,0.0
inactive,0.007862340528634104,S025,102,1070000,0,PR1_HT1_EC0,20,1f60b4eb9d1159e0,False,6.188108260170005,2849.3354078395855,-0.42735042735042733,6.188108260170005,2849.3354078395855,-0.42735042735042733,0.0,0.0,0.0
inactive,0.007862340528634104,S025,102,1070000,0,PR1_HT1_EC0,21,c660e1f0049d7304,False,6.136650285928104,2926.576544613943,-0.42735042735042733,6.136650285928104,2926.576544613943,-0.42735042735042733,0.0,0.0,0.0
inactive,0.007862340528634104,S025,102,1070000,0,PR1_HT1_EC0,22,ee9317cfd79dfd74,False,6.537558421884067,2352.964114138894,-0.4143646408839779,6.537558421884067,2352.964114138894,-0.4143646408839779,0.0,0.0,0.0
inactive,0.007862340528634104,S025,102,1070000,0,PR1_HT1_EC0,23,b6f996c24147d4c9,False,6.183605873666641,2867.7653213926164,-0.4032258064516129,6.183605873666641,2867.7653213926164,-0.4032258064516129,0.0,0.0,0.0
inactive,0.007862340528634104,S025,102,1070000,0,PR1_HT1_EC0,24,b9bd6c1a72193a4f,False,6.556417512573782,2291.0567142947484,-0.39267015706806285,6.556417512573782,2291.0567142947484,-0.39267015706806285,0.0,0.0,0.0
inactive,0.007862340528634104,S025,102,1070000,0,PR1_HT1_EC0,25,21581d8c61163e9a,False,6.509870318094218,2273.5170909695184,-0.3629032258064516,6.509870318094218,2273.5170909695184,-0.3629032258064516,0.0,0.0,0.0
inactive,0.007862340528634104,S025,102,1070000,0,PR1_HT1_EC0,26,dc7efe3606389d3c,False,6.774338475453999,1925.1205225275542,-0.31413612565445026,6.774338475453999,1925.1205225275542,-0.31413612565445026,0.0,0.0,0.0
inactive,0.007862340528634104,S025,102,1070000,0,PR1_HT1_EC0,27,ebc22ec78c55a67e,False,6.822819118066349,1887.4190688672031,-0.31413612565445026,6.822819118066349,1887.4190688672031,-0.31413612565445026,0.0,0.0,0.0
inactive,0.007862340528634104,S025,102,1070000,0,PR1_HT1_EC0,28,c0c1fc241f77c507,False,6.508459341670265,2292.367817799694,-0.29914529914529914,6.508459341670265,2292.367817799694,-0.29914529914529914,0.0,0.0,0.0
inactive,0.007862340528634104,S025,102,1070000,0,PR1_HT1_EC0,29,57d175baffb1590e,False,6.770896936374542,1905.7958260844514,-0.28225806451612906,6.770896936374542,1905.7958260844514,-0.28225806451612906,0.0,0.0,0.0
inactive,0.007862340528634104,S025,102,1070000,0,PR1_HT1_EC0,30,2721de4a6854565a,False,6.941346367879781,1850.8846612186808,-0.2617801047120419,6.941346367879781,1850.8846612186808,-0.2617801047120419,0.0,0.0,0.0
inactive,0.007862340528634104,S025,102,1070000,0,PR1_HT1_EC0,31,538220dc36aff393,False,6.784855669744627,1876.6271992802517,-0.2617801047120419,6.784855669744627,1876.6271992802517,-0.2617801047120419,0.0,0.0,0.0
inactive,0.007862340528634104,S025,102,1070000,0,PR1_HT1_EC0,32,633994e84433dd53,False,6.934484912008222,1850.8846612186805,-0.2564102564102564,6.934484912008222,1850.8846612186805,-0.2564102564102564,0.0,0.0,0.0
inactive,0.007862340528634104,S025,102,1070000,0,PR1_HT1_EC0,33,0e01ee2cbe6870e6,False,6.762755129787318,1877.756720645652,-0.24193548387096775,6.762755129787318,1877.756720645652,-0.24193548387096775,0.0,0.0,0.0
inactive,0.007862340528634104,S025,102,1070000,0,PR1_HT1_EC0,34,89a39ddc0427e7fa,False,6.773533906523888,1876.6271992802517,-0.21367521367521367,6.773533906523888,1876.6271992802517,-0.21367521367521367,0.0,0.0,0.0
inactive,0.007862340528634104,S025,102,1070000,0,PR1_HT1_EC0,35,539c8197b9fe0771,False,6.9480269103416665,1839.9842324493438,-0.2094240837696335,6.9480269103416665,1839.9842324493438,-0.2094240837696335,0.0,0.0,0.0
inactive,0.007862340528634104,S025,102,1070000,0,PR1_HT1_EC0,36,44dc953eab97cdf2,False,6.957484841620203,1827.287158415237,-0.2094240837696335,6.957484841620203,1827.287158415237,-0.2094240837696335,0.0,0.0,0.0
inactive,0.007862340528634104,S025,102,1070000,0,PR1_HT1_EC0,37,f15db4dec8a964a3,False,6.944844794472122,1841.6431262742742,-0.17094017094017094,6.944844794472122,1841.6431262742742,-0.17094017094017094,0.0,0.0,0.0
inactive,0.007862340528634104,S025,102,1070000,0,PR1_HT1_EC0,38,f6ac60db45fe92fd,False,7.064883632643514,1586.5020499272482,-0.16574585635359115,7.064883632643514,1586.5020499272482,-0.16574585635359115,0.0,0.0,0.0
inactive,0.007862340528634104,S025,102,1070000,0,PR1_HT1_EC0,39,0a50e80eda4f8784,False,7.060177773835461,1564.5634409487348,-0.16129032258064516,7.060177773835461,1564.5634409487348,-0.16129032258064516,0.0,0.0,0.0
inactive,0.007862340528634104,S025,102,1070000,0,PR1_HT1_EC0,40,06a7db589f8f9d2a,False,6.967558687670083,1809.4756514664994,-0.15706806282722513,6.967558687670083,1809.4756514664994,-0.15706806282722513,0.0,0.0,0.0
inactive,0.007862340528634104,S025,102,1070000,0,PR1_HT1_EC0,41,674d9d2a9383d5a4,False,7.056556000361754,1569.6778738633654,-0.1282051282051282,7.056556000361754,1569.6778738633654,-0.1282051282051282,0.0,0.0,0.0
inactive,0.007862340528634104,S025,102,1070000,0,PR1_HT1_EC0,42,94f10a966cac0dd3,False,7.096258227839591,1559.4490080341043,-0.10471204188481675,7.096258227839591,1559.4490080341043,-0.10471204188481675,0.0,0.0,0.0
inactive,0.007862340528634104,S025,102,1070000,0,PR1_HT1_EC0,43,3bc12b283bc695b5,False,7.299694189603029,497.23063206382767,-0.0,7.299694189603029,497.23063206382767,-0.0,0.0,0.0,0.0
inactive,0.007862340528634104,S025,102,1070000,0,PR1_HT1_EC0,44,ffe70fe6e6cc549d,False,7.234783420530259,916.415996318924,-0.0,7.234783420530259,916.415996318924,-0.0,0.0,0.0,0.0
inactive,0.007862340528634104,S025,102,1070000,0,PR1_HT1_EC0,45,ff1ce977931c92f2,False,7.239198464605875,859.8638158283977,-0.0,7.239198464605875,859.8638158283977,-0.0,0.0,0.0,0.0
inactive,0.007862340528634104,S025,102,1070000,0,PR1_HT1_EC0,46,70c2bc86b1bea398,False,7.23536069021565,868.3966426845489,-0.0,7.23536069021565,868.3966426845489,-0.0,0.0,0.0,0.0
inactive,0.007862340528634104,S025,102,1070000,0,PR1_HT1_EC0,47,a6cfe6dc4300923a,False,7.273481869812727,744.1091496740238,-0.0,7.273481869812727,744.1091496740238,-0.0,0.0,0.0,0.0
inactive,0.007862340528634104,S025,102,1070000,0,PR1_HT1_EC0,48,4dd48daf2b99b470,False,7.241614445141227,851.6025974786835,-0.0,7.241614445141227,851.6025974786835,-0.0,0.0,0.0,0.0
inactive,0.007862340528634104,S025,102,1070000,0,PR1_HT1_EC0,49,fa578f940c6f8fee,False,7.248167525088803,833.8813920139082,-0.0,7.248167525088803,833.8813920139082,-0.0,0.0,0.0,0.0
inactive,0.007862340528634104,S025,102,1070001,1,PR1_HT1_EC1,0,3e9039048ffa5f58,True,4.241883126193066,4175.098120591132,-0.8755301794452233,4.241883126193066,4175.098120591132,-0.8755301794452233,0.0,0.0,0.0
inactive,0.007862340528634104,S025,102,1070001,1,PR1_HT1_EC1,1,aa165ac468b6c4a0,True,4.282981135461567,4064.0234156053266,-0.8755301794452158,4.282981135461567,4064.0234156053266,-0.8755301794452158,0.0,0.0,0.0
inactive,0.007862340528634104,S025,102,1070001,1,PR1_HT1_EC1,2,51014ec09f7ad08b,True,4.281711643099891,4123.217991937008,-0.8755301794452136,4.281711643099891,4123.217991937008,-0.8755301794452136,0.0,0.0,0.0
inactive,0.007862340528634104,S025,102,1070001,1,PR1_HT1_EC1,3,bd0f9cccf9ba143f,True,4.211523217373897,4285.524384253617,-0.8755301794451508,4.211523217373897,4285.524384253617,-0.8755301794451508,0.0,0.0,0.0
inactive,0.007862340528634104,S025,102,1070001,1,PR1_HT1_EC1,4,ee73208bdaf3a193,True,5.190415718365358,3443.3471469871,-0.7853403141361257,5.190415718365358,3443.3471469871,-0.7853403141361257,0.0,0.0,0.0
inactive,0.007862340528634104,S025,102,1070001,1,PR1_HT1_EC1,5,56c7ea36c95be9dc,True,5.184052788449702,3368.1875074483582,-0.7661290322580645,5.184052788449702,3368.1875074483582,-0.7661290322580645,0.0,0.0,0.0
inactive,0.007862340528634104,S025,102,1070001,1,PR1_HT1_EC1,6,a680b37c687f8524,True,5.216153165520179,3357.544908812661,-0.6837606837606838,5.216153165520179,3357.544908812661,-0.6837606837606838,0.0,0.0,0.0
inactive,0.007862340528634104,S025,102,1070001,1,PR1_HT1_EC1,7,cdf56d71b340984c,True,5.264158824522969,3356.2954909501304,-0.6451612903225806,5.264158824522969,3356.2954909501304,-0.6451612903225806,0.0,0.0,0.0
inactive,0.007862340528634104,S025,102,1070001,1,PR1_HT1_EC1,8,68dbc11fcaaadb53,True,5.2798583583346925,3325.3417910280573,-0.6451612903225806,5.2798583583346925,3325.3417910280573,-0.6451612903225806,0.0,0.0,0.0
inactive,0.007862340528634104,S025,102,1070001,1,PR1_HT1_EC1,9,7a699c9ca4eb8a6d,True,5.2761100844332045,3327.600833758858,-0.6410256410256411,5.2761100844332045,3327.600833758858,-0.6410256410256411,0.0,0.0,0.0
inactive,0.007862340528634104,S025,102,1070001,1,PR1_HT1_EC1,10,63f4e0d9c6b04660,True,5.8403151566972875,3226.055394651502,-0.6282722513089005,5.8403151566972875,3226.055394651502,-0.6282722513089005,0.0,0.0,0.0
inactive,0.007862340528634104,S025,102,1070001,1,PR1_HT1_EC1,11,75346c41e0d3e54d,True,5.834563059641514,3139.9195874972784,-0.6048387096774194,5.834563059641514,3139.9195874972784,-0.6048387096774194,0.0,0.0,0.0
inactive,0.007862340528634104,S025,102,1070001,1,PR1_HT1_EC1,12,13c33b747c1b3b10,True,5.868847354243383,3114.476355525128,-0.5645161290322581,5.868847354243383,3114.476355525128,-0.5645161290322581,0.0,0.0,0.0
inactive,0.007862340528634104,S025,102,1070001,1,PR1_HT1_EC1,13,7bcd0e6d38fa182a,True,5.847946284921231,3061.6156675894854,-0.5241935483870968,5.847946284921231,3061.6156675894854,-0.5241935483870968,0.0,0.0,0.0
inactive,0.007862340528634104,S025,102,1070001,1,PR1_HT1_EC1,14,b4209e76d878161b,True,6.128653478432058,2993.4659637434133,-0.4972375690607735,6.128653478432058,2993.4659637434133,-0.4972375690607735,0.0,0.0,0.0
inactive,0.007862340528634104,S025,102,1070001,1,PR1_HT1_EC1,15,b9f2d7dbdda60827,True,6.247220754374321,2931.955255342588,-0.4712041884816754,6.247220754374321,2931.955255342588,-0.4712041884816754,0.0,0.0,0.0
inactive,0.007862340528634104,S025,102,1070001,1,PR1_HT1_EC1,16,3e9a264020cd83b1,True,6.216235048083722,2944.652329376695,-0.4712041884816754,6.216235048083722,2944.652329376695,-0.4712041884816754,0.0,0.0,0.0
inactive,0.007862340528634104,S025,102,1070001,1,PR1_HT1_EC1,17,bdfc20842f4f102a,True,6.15490016541864,2897.3547614739614,-0.4435483870967742,6.15490016541864,2897.3547614739614,-0.4435483870967742,0.0,0.0,0.0
inactive,0.007862340528634104,S025,102,1070001,1,PR1_HT1_EC1,18,f99d07a57bdb0540,True,6.136650285928104,2926.576544613943,-0.42735042735042733,6.136650285928104,2926.576544613943,-0.42735042735042733,0.0,0.0,0.0
inactive,0.007862340528634104,S025,102,1070001,1,PR1_HT1_EC1,19,67c129f44e9dac6c,True,6.546729394708111,2447.0287695366123,-0.4143646408839779,6.546729394708111,2447.0287695366123,-0.4143646408839779,0.0,0.0,0.0
inactive,0.007862340528634104,S025,102,1070001,1,PR1_HT1_EC1,20,0a2d7a21f5486e3a,True,6.183605873666641,2867.7653213926164,-0.4032258064516129,6.183605873666641,2867.7653213926164,-0.4032258064516129,0.0,0.0,0.0
inactive,0.007862340528634104,S025,102,1070001,1,PR1_HT1_EC1,21,f009f7463f4e5a23,True,6.495353181775114,2274.6466123349187,-0.38461538461538464,6.495353181775114,2274.6466123349187,-0.38461538461538464,0.0,0.0,0.0
inactive,0.007862340528634104,S025,102,1070001,1,PR1_HT1_EC1,22,0232da29c8e9d835,True,6.509870318094218,2273.5170909695184,-0.3629032258064516,6.509870318094218,2273.5170909695184,-0.3629032258064516,0.0,0.0,0.0
inactive,0.007862340528634104,S025,102,1070001,1,PR1_HT1_EC1,23,02d43bf1955eec34,True,6.774338475453999,1925.1205225275542,-0.31413612565445026,6.774338475453999,1925.1205225275542,-0.31413612565445026,0.0,0.0,0.0
inactive,0.007862340528634104,S025,102,1070001,1,PR1_HT1_EC1,24,a31fca247f634a58,True,6.770896936374542,1905.7958260844514,-0.28225806451612906,6.770896936374542,1905.7958260844514,-0.28225806451612906,0.0,0.0,0.0
inactive,0.007862340528634104,S025,102,1070001,1,PR1_HT1_EC1,25,fa50b1a3cd5344de,True,6.933130450588063,1888.7934179680049,-0.27624309392265195,6.933130450588063,1888.7934179680049,-0.27624309392265195,0.0,0.0,0.0
inactive,0.007862340528634104,S025,102,1070001,1,PR1_HT1_EC1,26,d95edc2d49aa2bad,True,6.784855669744627,1876.6271992802517,-0.2617801047120419,6.784855669744627,1876.6271992802517,-0.2617801047120419,0.0,0.0,0.0
inactive,0.007862340528634104,S025,102,1070001,1,PR1_HT1_EC1,27,a87232fb5a08a4a0,True,6.766003359969503,1898.3925205937005,-0.2564102564102564,6.766003359969503,1898.3925205937005,-0.2564102564102564,0.0,0.0,0.0
inactive,0.007862340528634104,S025,102,1070001,1,PR1_HT1_EC1,28,0acd55e6b6ac3ed4,True,6.762755129787318,1877.756720645652,-0.24193548387096775,6.762755129787318,1877.756720645652,-0.24193548387096775,0.0,0.0,0.0
inactive,0.007862340528634104,S025,102,1070001,1,PR1_HT1_EC1,29,db571e707b2bec5c,True,6.9397489097892135,1862.7277069597153,-0.22099447513812154,6.9397489097892135,1862.7277069597153,-0.22099447513812154,0.0,0.0,0.0
inactive,0.007862340528634104,S025,102,1070001,1,PR1_HT1_EC1,30,7de2253c853c8d9b,True,6.773533906523888,1876.6271992802517,-0.21367521367521367,6.773533906523888,1876.6271992802517,-0.21367521367521367,0.0,0.0,0.0
inactive,0.007862340528634104,S025,102,1070001,1,PR1_HT1_EC1,31,cec1c6b40ffc1b5b,True,7.0641065408932615,1658.6280963464533,-0.17094017094017094,7.0641065408932615,1658.6280963464533,-0.17094017094017094,0.0,0.0,0.0
inactive,0.007862340528634104,S025,102,1070001,1,PR1_HT1_EC1,32,42a31adb5690637c,True,6.959342770378365,1839.8017670963472,-0.16574585635359115,6.959342770378365,1839.8017670963472,-0.16574585635359115,0.0,0.0,0.0
inactive,0.007862340528634104,S025,102,1070001,1,PR1_HT1_EC1,33,8978aa70b18b31e4,True,7.060177773835461,1564.5634409487348,-0.16129032258064516,7.060177773835461,1564.5634409487348,-0.16129032258064516,0.0,0.0,0.0
inactive,0.007862340528634104,S025,102,1070001,1,PR1_HT1_EC1,34,c3c5676ac1515c73,True,7.085193892201905,1562.9045471238046,-0.10471204188481675,7.085193892201905,1562.9045471238046,-0.10471204188481675,0.0,0.0,0.0
inactive,0.007862340528634104,S025,102,1070001,1,PR1_HT1_EC1,35,fdb278878143a63e,True,6.965338827456287,1829.933383125022,-0.08547008547008547,6.965338827456287,1829.933383125022,-0.08547008547008547,0.0,0.0,0.0
inactive,0.007862340528634104,S025,102,1070001,1,PR1_HT1_EC1,36,6fbbec013d74fc9a,True,7.299694189603029,497.23063206382767,-0.0,7.299694189603029,497.23063206382767,-0.0,0.0,0.0,0.0
inactive,0.007862340528634104,S025,102,1070001,1,PR1_HT1_EC1,37,65f0b1fc6acbe4d2,True,7.273481869812727,744.1091496740238,-0.0,7.273481869812727,744.1091496740238,-0.0,0.0,0.0,0.0
inactive,0.007862340528634104,S025,102,1070001,1,PR1_HT1_EC1,38,795bd1418d862de7,True,7.239198464605875,871.4012635347137,-0.0,7.239198464605875,871.4012635347137,-0.0,0.0,0.0,0.0
inactive,0.007862340528634104,S025,102,1070001,1,PR1_HT1_EC1,39,22e56564b13fe6c0,True,7.234783420530259,927.9534440252401,-0.0,7.234783420530259,927.9534440252401,-0.0,0.0,0.0,0.0
inactive,0.007862340528634104,S025,102,1070001,1,PR1_HT1_EC1,40,951aeff294510a56,True,7.246970225000428,868.0126994385129,-0.0,7.246970225000428,868.0126994385129,-0.0,0.0,0.0,0.0
inactive,0.007862340528634104,S025,102,1070001,1,PR1_HT1_EC1,41,eda5f50914e3d853,True,7.235980720618634,893.8221366006355,-0.0,7.235980720618634,893.8221366006355,-0.0,0.0,0.0,0.0
inactive,0.007862340528634104,S025,102,1070001,1,PR0_HT1_EC1,0,1ef01e5e00d2b089,False,4.721005461811413,3379.002190434665,-0.8755301794452158,4.390306411130979,4093.0598151529225,-0.8755301794452158,-0.33069905068043415,714.0576247182576,0.0
inactive,0.007862340528634104,S025,102,1070001,1,PR0_HT1_EC1,1,09eac199b7185d66,False,5.5048838007583205,3021.5112349976353,-0.7329842931937173,5.190415718365358,3445.4862932207698,-0.7853403141361257,-0.3144680823929624,423.9750582231345,-0.05235602094240843
inactive,0.007862340528634104,S025,102,1070001,1,PR0_HT1_EC1,2,8390b33d0a2a1f93,False,5.424413063384044,2953.8747974467756,-0.7258064516129032,5.184052788449702,3368.1875074483582,-0.7661290322580645,-0.24036027493434187,414.3127100015827,-0.040322580645161255
inactive,0.007862340528634104,S025,102,1070001,1,PR0_HT1_EC1,3,2953efa5b4f8e71c,False,6.550311645636121,2000.087875344111,-0.4435483870967742,6.259273794908312,2879.73606722791,-0.4032258064516129,-0.2910378507278093,879.6481918837992,0.04032258064516131
inactive,0.007862340528634104,S025,102,1070001,1,PR0_HT1_EC1,4,544822acb9ce7910,False,6.925979801821777,1481.820767861317,-0.28225806451612906,6.770896936374542,1905.7958260844514,-0.28225806451612906,-0.15508286544723493,423.9750582231343,0.0
inactive,0.007862340528634104,S025,102,1070001,1,PR0_HT1_EC1,5,5cd5968a047c502c,False,7.1754849956214795,1008.6780196162929,-0.12096774193548387,6.97350062374059,1866.8995229026482,-0.08064516129032258,-0.20198437188088914,858.2215032863553,0.040322580645161296
inactive,0.007862340528634104,S025,102,1070001,1,PR0_HT1_EC1,6,98601bec686c3295,False,7.189809835963609,1003.5635867016622,-0.07853403141361257,6.957484841620203,1827.287158415237,-0.2094240837696335,-0.23232499434340603,823.7235717135748,-0.13089005235602094
inactive,0.007862340528634104,S025,102,1070001,1,PR0_HT1_EC1,7,267252e7b4d857b2,False,7.299694189603029,497.23063206382767,-0.0,7.299694189603029,497.23063206382767,-0.0,0.0,0.0,0.0
inactive,0.007862340528634104,S025,102,1070001,1,PR1_HT0_EC1,0,a1ec65e0f543a200,False,3.724113106199151,3913.617939373897,-0.8999999999999353,4.390306411130979,4093.0598151529225,-0.8755301794452158,0.666193304931828,179.4418757790254,0.024469820554719468
inactive,0.007862340528634104,S025,102,1070001,1,PR1_HT0_EC1,1,1650e605ab8ae098,False,4.721005461811413,3403.5760776553984,-0.8755301794452158,5.184052788449702,3366.0483612146886,-0.7661290322580645,0.4630473266382893,-37.52771644070981,0.10940114718715133
inactive,0.007862340528634104,S025,102,1070001,1,PR1_HT0_EC1,2,35125a5ab49fe4d0,False,5.424413063384044,3252.216009465827,-0.7258064516129032,5.868847354243383,3114.476355525128,-0.5645161290322581,0.4444342908593386,-137.7396539406991,0.16129032258064513
inactive,0.007862340528634104,S025,102,1070001,1,PR1_HT0_EC1,3,25abae9b12132fe6,False,6.047788937022915,2677.966174809417,-0.6048387096774194,6.579577978045817,2281.394366073197,-0.3225806451612903,0.5317890410229023,-396.5718087362202,0.28225806451612906
inactive,0.007862340528634104,S025,102,1070001,1,PR1_HT0_EC1,4,a83c4eef84222023,False,6.550311645636121,2026.3730795517795,-0.4435483870967742,6.770896936374542,1905.7958260844514,-0.28225806451612906,0.2205852907384207,-120.57725346732809,0.16129032258064513
inactive,0.007862340528634104,S025,102,1070001,1,PR1_HT0_EC1,5,758cbfc90d19d96b,False,6.925979801821777,1759.9511949856433,-0.28225806451612906,7.060946263450385,1599.199123961355,-0.12096774193548387,0.1349664616286077,-160.75207102428817,0.16129032258064518
inactive,0.007862340528634104,S025,102,1070001,1,PR1_HT0_EC1,6,3d0dcc54e29bff1e,False,7.1754849956214795,1034.9632238239615,-0.12096774193548387,7.235980720618634,919.9861425546703,-0.0,0.06049572499715428,-114.97708126929115,0.12096774193548387
inactive,0.007862340528634104,S025,102,1070001,1,PR1_HT0_EC1,7,cdf9042960ed6bdb,False,7.299694189603029,497.23063206382767,-0.0,7.299694189603029,497.23063206382767,-0.0,0.0,0.0,0.0
inactive,0.007862340528634104,S025,102,1070001,1,PR1_HT1_EC0,0,3e9039048ffa5f58,False,4.241883126193066,4175.098120591132,-0.8755301794452233,4.241883126193066,4175.098120591132,-0.8755301794452233,0.0,0.0,0.0
inactive,0.007862340528634104,S025,102,1070001,1,PR1_HT1_EC0,1,aa165ac468b6c4a0,False,4.282981135461567,4064.0234156053266,-0.8755301794452158,4.282981135461567,4064.0234156053266,-0.8755301794452158,0.0,0.0,0.0
inactive,0.007862340528634104,S025,102,1070001,1,PR1_HT1_EC0,2,51014ec09f7ad08b,False,4.281711643099891,4123.217991937008,-0.8755301794452136,4.281711643099891,4123.217991937008,-0.8755301794452136,0.0,0.0,0.0
inactive,0.007862340528634104,S025,102,1070001,1,PR1_HT1_EC0,3,bd0f9cccf9ba143f,False,4.211523217373897,4285.524384253617,-0.8755301794451508,4.211523217373897,4285.524384253617,-0.8755301794451508,0.0,0.0,0.0
inactive,0.007862340528634104,S025,102,1070001,1,PR1_HT1_EC0,4,ee73208bdaf3a193,False,5.190415718365358,3443.3471469871,-0.7853403141361257,5.190415718365358,3443.3471469871,-0.7853403141361257,0.0,0.0,0.0
inactive,0.007862340528634104,S025,102,1070001,1,PR1_HT1_EC0,5,56c7ea36c95be9dc,False,5.184052788449702,3368.1875074483582,-0.7661290322580645,5.184052788449702,3368.1875074483582,-0.7661290322580645,0.0,0.0,0.0
inactive,0.007862340528634104,S025,102,1070001,1,PR1_HT1_EC0,6,a680b37c687f8524,False,5.216153165520179,3357.544908812661,-0.6837606837606838,5.216153165520179,3357.544908812661,-0.6837606837606838,0.0,0.0,0.0
inactive,0.007862340528634104,S025,102,1070001,1,PR1_HT1_EC0,7,cdf56d71b340984c,False,5.264158824522969,3356.2954909501304,-0.6451612903225806,5.264158824522969,3356.2954909501304,-0.6451612903225806,0.0,0.0,0.0
inactive,0.007862340528634104,S025,102,1070001,1,PR1_HT1_EC0,8,68dbc11fcaaadb53,False,5.2798583583346925,3325.3417910280573,-0.6451612903225806,5.2798583583346925,3325.3417910280573,-0.6451612903225806,0.0,0.0,0.0
inactive,0.007862340528634104,S025,102,1070001,1,PR1_HT1_EC0,9,7a699c9ca4eb8a6d,False,5.2761100844332045,3327.600833758858,-0.6410256410256411,5.2761100844332045,3327.600833758858,-0.6410256410256411,0.0,0.0,0.0
inactive,0.007862340528634104,S025,102,1070001,1,PR1_HT1_EC0,10,63f4e0d9c6b04660,False,5.8403151566972875,3226.055394651502,-0.6282722513089005,5.8403151566972875,3226.055394651502,-0.6282722513089005,0.0,0.0,0.0
inactive,0.007862340528634104,S025,102,1070001,1,PR1_HT1_EC0,11,75346c41e0d3e54d,False,5.834563059641514,3139.9195874972784,-0.6048387096774194,5.834563059641514,3139.9195874972784,-0.6048387096774194,0.0,0.0,0.0
inactive,0.007862340528634104,S025,102,1070001,1,PR1_HT1_EC0,12,13c33b747c1b3b10,False,5.868847354243383,3114.476355525128,-0.5645161290322581,5.868847354243383,3114.476355525128,-0.5645161290322581,0.0,0.0,0.0
inactive,0.007862340528634104,S025,102,1070001,1,PR1_HT1_EC0,13,7bcd0e6d38fa182a,False,5.847946284921231,3061.6156675894854,-0.5241935483870968,5.847946284921231,3061.6156675894854,-0.5241935483870968,0.0,0.0,0.0
inactive,0.007862340528634104,S025,102,1070001,1,PR1_HT1_EC0,14,b4209e76d878161b,False,6.128653478432058,2993.4659637434133,-0.4972375690607735,6.128653478432058,2993.4659637434133,-0.4972375690607735,0.0,0.0,0.0
inactive,0.007862340528634104,S025,102,1070001,1,PR1_HT1_EC0,15,b9f2d7dbdda60827,False,6.247220754374321,2931.955255342588,-0.4712041884816754,6.247220754374321,2931.955255342588,-0.4712041884816754,0.0,0.0,0.0
inactive,0.007862340528634104,S025,102,1070001,1,PR1_HT1_EC0,16,3e9a264020cd83b1,False,6.216235048083722,2944.652329376695,-0.4712041884816754,6.216235048083722,2944.652329376695,-0.4712041884816754,0.0,0.0,0.0
inactive,0.007862340528634104,S025,102,1070001,1,PR1_HT1_EC0,17,bdfc20842f4f102a,False,6.15490016541864,2897.3547614739614,-0.4435483870967742,6.15490016541864,2897.3547614739614,-0.4435483870967742,0.0,0.0,0.0
inactive,0.007862340528634104,S025,102,1070001,1,PR1_HT1_EC0,18,f99d07a57bdb0540,False,6.136650285928104,2926.576544613943,-0.42735042735042733,6.136650285928104,2926.576544613943,-0.42735042735042733,0.0,0.0,0.0
inactive,0.007862340528634104,S025,102,1070001,1,PR1_HT1_EC0,19,67c129f44e9dac6c,False,6.546729394708111,2447.0287695366123,-0.4143646408839779,6.546729394708111,2447.0287695366123,-0.4143646408839779,0.0,0.0,0.0
inactive,0.007862340528634104,S025,102,1070001,1,PR1_HT1_EC0,20,0a2d7a21f5486e3a,False,6.183605873666641,2867.7653213926164,-0.4032258064516129,6.183605873666641,2867.7653213926164,-0.4032258064516129,0.0,0.0,0.0
inactive,0.007862340528634104,S025,102,1070001,1,PR1_HT1_EC0,21,f009f7463f4e5a23,False,6.495353181775114,2274.6466123349187,-0.38461538461538464,6.495353181775114,2274.6466123349187,-0.38461538461538464,0.0,0.0,0.0
inactive,0.007862340528634104,S025,102,1070001,1,PR1_HT1_EC0,22,0232da29c8e9d835,False,6.509870318094218,2273.5170909695184,-0.3629032258064516,6.509870318094218,2273.5170909695184,-0.3629032258064516,0.0,0.0,0.0
inactive,0.007862340528634104,S025,102,1070001,1,PR1_HT1_EC0,23,02d43bf1955eec34,False,6.774338475453999,1925.1205225275542,-0.31413612565445026,6.774338475453999,1925.1205225275542,-0.31413612565445026,0.0,0.0,0.0
inactive,0.007862340528634104,S025,102,1070001,1,PR1_HT1_EC0,24,a31fca247f634a58,False,6.770896936374542,1905.7958260844514,-0.28225806451612906,6.770896936374542,1905.7958260844514,-0.28225806451612906,0.0,0.0,0.0
inactive,0.007862340528634104,S025,102,1070001,1,PR1_HT1_EC0,25,fa50b1a3cd5344de,False,6.933130450588063,1888.7934179680049,-0.27624309392265195,6.933130450588063,1888.7934179680049,-0.27624309392265195,0.0,0.0,0.0
inactive,0.007862340528634104,S025,102,1070001,1,PR1_HT1_EC0,26,d95edc2d49aa2bad,False,6.784855669744627,1876.6271992802517,-0.2617801047120419,6.784855669744627,1876.6271992802517,-0.2617801047120419,0.0,0.0,0.0
inactive,0.007862340528634104,S025,102,1070001,1,PR1_HT1_EC0,27,a87232fb5a08a4a0,False,6.766003359969503,1898.3925205937005,-0.2564102564102564,6.766003359969503,1898.3925205937005,-0.2564102564102564,0.0,0.0,0.0
inactive,0.007862340528634104,S025,102,1070001,1,PR1_HT1_EC0,28,0acd55e6b6ac3ed4,False,6.762755129787318,1877.756720645652,-0.24193548387096775,6.762755129787318,1877.756720645652,-0.24193548387096775,0.0,0.0,0.0
inactive,0.007862340528634104,S025,102,1070001,1,PR1_HT1_EC0,29,db571e707b2bec5c,False,6.9397489097892135,1862.7277069597153,-0.22099447513812154,6.9397489097892135,1862.7277069597153,-0.22099447513812154,0.0,0.0,0.0
inactive,0.007862340528634104,S025,102,1070001,1,PR1_HT1_EC0,30,7de2253c853c8d9b,False,6.773533906523888,1876.6271992802517,-0.21367521367521367,6.773533906523888,1876.6271992802517,-0.21367521367521367,0.0,0.0,0.0
inactive,0.007862340528634104,S025,102,1070001,1,PR1_HT1_EC0,31,cec1c6b40ffc1b5b,False,7.0641065408932615,1658.6280963464533,-0.17094017094017094,7.0641065408932615,1658.6280963464533,-0.17094017094017094,0.0,0.0,0.0
inactive,0.007862340528634104,S025,102,1070001,1,PR1_HT1_EC0,32,42a31adb5690637c,False,6.959342770378365,1839.8017670963472,-0.16574585635359115,6.959342770378365,1839.8017670963472,-0.16574585635359115,0.0,0.0,0.0
inactive,0.007862340528634104,S025,102,1070001,1,PR1_HT1_EC0,33,8978aa70b18b31e4,False,7.060177773835461,1564.5634409487348,-0.16129032258064516,7.060177773835461,1564.5634409487348,-0.16129032258064516,0.0,0.0,0.0
inactive,0.007862340528634104,S025,102,1070001,1,PR1_HT1_EC0,34,c3c5676ac1515c73,False,7.085193892201905,1562.9045471238046,-0.10471204188481675,7.085193892201905,1562.9045471238046,-0.10471204188481675,0.0,0.0,0.0
inactive,0.007862340528634104,S025,102,1070001,1,PR1_HT1_EC0,35,fdb278878143a63e,False,6.965338827456287,1829.933383125022,-0.08547008547008547,6.965338827456287,1829.933383125022,-0.08547008547008547,0.0,0.0,0.0
inactive,0.007862340528634104,S025,102,1070001,1,PR1_HT1_EC0,36,6fbbec013d74fc9a,False,7.299694189603029,497.23063206382767,-0.0,7.299694189603029,497.23063206382767,-0.0,0.0,0.0,0.0
inactive,0.007862340528634104,S025,102,1070001,1,PR1_HT1_EC0,37,65f0b1fc6acbe4d2,False,7.273481869812727,744.1091496740238,-0.0,7.273481869812727,744.1091496740238,-0.0,0.0,0.0,0.0
inactive,0.007862340528634104,S025,102,1070001,1,PR1_HT1_EC0,38,795bd1418d862de7,False,7.239198464605875,871.4012635347137,-0.0,7.239198464605875,871.4012635347137,-0.0,0.0,0.0,0.0
inactive,0.007862340528634104,S025,102,1070001,1,PR1_HT1_EC0,39,22e56564b13fe6c0,False,7.234783420530259,927.9534440252401,-0.0,7.234783420530259,927.9534440252401,-0.0,0.0,0.0,0.0
inactive,0.007862340528634104,S025,102,1070001,1,PR1_HT1_EC0,40,951aeff294510a56,False,7.246970225000428,868.0126994385129,-0.0,7.246970225000428,868.0126994385129,-0.0,0.0,0.0,0.0
inactive,0.007862340528634104,S025,102,1070001,1,PR1_HT1_EC0,41,eda5f50914e3d853,False,7.235980720618634,893.8221366006355,-0.0,7.235980720618634,893.8221366006355,-0.0,0.0,0.0,0.0
transition,0.0016781874534517343,S025,102,1070000,0,PR1_HT1_EC1,0,42ce622f2263979e,True,4.215202153176456,4208.837989192714,-0.8755301794452136,4.215202153176456,4208.837989192714,-0.8755301794452136,0.0,0.0,0.0
transition,0.0016781874534517343,S025,102,1070000,0,PR1_HT1_EC1,1,01fd922e6c6bab01,True,4.242581553045056,4080.301270960677,-0.8755301794452139,4.242581553045056,4080.301270960677,-0.8755301794452139,0.0,0.0,0.0
transition,0.0016781874534517343,S025,102,1070000,0,PR1_HT1_EC1,2,96f82c4bc0e9d293,True,4.211523217373897,4285.524384253617,-0.8755301794451508,4.211523217373897,4285.524384253617,-0.8755301794451508,0.0,0.0,0.0
transition,0.0016781874534517343,S025,102,1070000,0,PR1_HT1_EC1,3,42bb8af4a0f11844,True,4.241883126193066,4176.381608331334,-0.8755301794452233,4.241883126193066,4176.381608331334,-0.8755301794452233,0.0,0.0,0.0
transition,0.0016781874534517343,S025,102,1070000,0,PR1_HT1_EC1,4,e9436986301a756e,True,4.328848892747315,4071.847026242334,-0.875530179445167,4.328848892747315,4071.847026242334,-0.875530179445167,0.0,0.0,0.0
transition,0.0016781874534517343,S025,102,1070000,0,PR1_HT1_EC1,5,9c3658b2a0db775f,True,4.2033467442665,4335.258567662476,-0.8755301794452136,4.2033467442665,4335.258567662476,-0.8755301794452136,0.0,0.0,0.0
transition,0.0016781874534517343,S025,102,1070000,0,PR1_HT1_EC1,6,805ae7aaab738d78,True,5.190415718365358,3443.5610616104673,-0.7853403141361257,5.190415718365358,3443.5610616104673,-0.7853403141361257,0.0,0.0,0.0
transition,0.0016781874534517343,S025,102,1070000,0,PR1_HT1_EC1,7,3a3de1d450394501,True,5.184052788449702,3366.2622758380558,-0.7661290322580645,5.184052788449702,3366.2622758380558,-0.7661290322580645,0.0,0.0,0.0
transition,0.0016781874534517343,S025,102,1070000,0,PR1_HT1_EC1,8,032f57b3d14df0b6,True,5.216153165520179,3357.7588234360283,-0.6837606837606838,5.216153165520179,3357.7588234360283,-0.6837606837606838,0.0,0.0,0.0
transition,0.0016781874534517343,S025,102,1070000,0,PR1_HT1_EC1,9,4b9280956e669a6a,True,5.264158824522969,3354.370259339828,-0.6451612903225806,5.264158824522969,3354.370259339828,-0.6451612903225806,0.0,0.0,0.0
transition,0.0016781874534517343,S025,102,1070000,0,PR1_HT1_EC1,10,ff393cf8f8094bd7,True,5.2761100844332045,3325.6756021485553,-0.6410256410256411,5.2761100844332045,3325.6756021485553,-0.6410256410256411,0.0,0.0,0.0
transition,0.0016781874534517343,S025,102,1070000,0,PR1_HT1_EC1,11,cdec131c9b045012,True,5.8403151566972875,3226.055394651502,-0.6282722513089005,5.8403151566972875,3226.055394651502,-0.6282722513089005,0.0,0.0,0.0
transition,0.0016781874534517343,S025,102,1070000,0,PR1_HT1_EC1,12,bb3b0f61f5fa667c,True,5.834563059641514,3139.9195874972784,-0.6048387096774194,5.834563059641514,3139.9195874972784,-0.6048387096774194,0.0,0.0,0.0
transition,0.0016781874534517343,S025,102,1070000,0,PR1_HT1_EC1,13,839ffd2a9413d7f4,True,5.868847354243383,3088.2448350281466,-0.5645161290322581,5.868847354243383,3088.2448350281466,-0.5645161290322581,0.0,0.0,0.0
transition,0.0016781874534517343,S025,102,1070000,0,PR1_HT1_EC1,14,7545b00823226646,True,6.240105590717552,2863.220631408768,-0.4712041884816754,6.240105590717552,2863.220631408768,-0.4712041884816754,0.0,0.0,0.0
transition,0.0016781874534517343,S025,102,1070000,0,PR1_HT1_EC1,15,ad284ed9bb5f2bc8,True,6.16129706530286,2885.304944717846,-0.4712041884816754,6.16129706530286,2885.304944717846,-0.4712041884816754,0.0,0.0,0.0
transition,0.0016781874534517343,S025,102,1070000,0,PR1_HT1_EC1,16,59c39bd33ef64e56,True,6.247220754374321,2860.961588677967,-0.4712041884816754,6.247220754374321,2860.961588677967,-0.4712041884816754,0.0,0.0,0.0
transition,0.0016781874534517343,S025,102,1070000,0,PR1_HT1_EC1,17,7cbc02d64d791d9d,True,6.190389747813013,2880.233704915056,-0.4700854700854701,6.190389747813013,2880.233704915056,-0.4700854700854701,0.0,0.0,0.0
transition,0.0016781874534517343,S025,102,1070000,0,PR1_HT1_EC1,18,6aeed0ac11ab4dcd,True,6.232624396421143,2849.5470556426853,-0.42735042735042733,6.232624396421143,2849.5470556426853,-0.42735042735042733,0.0,0.0,0.0
transition,0.0016781874534517343,S025,102,1070000,0,PR1_HT1_EC1,19,f5ac9e12dbdf513a,True,6.136650285928104,2926.576544613943,-0.42735042735042733,6.136650285928104,2926.576544613943,-0.42735042735042733,0.0,0.0,0.0
transition,0.0016781874534517343,S025,102,1070000,0,PR1_HT1_EC1,20,6ddf5728ffbce4b7,True,6.188108260170005,2859.6533078136104,-0.42735042735042733,6.188108260170005,2859.6533078136104,-0.42735042735042733,0.0,0.0,0.0
transition,0.0016781874534517343,S025,102,1070000,0,PR1_HT1_EC1,21,b9bd6c1a72193a4f,True,6.556417512573782,2291.0567142947484,-0.39267015706806285,6.556417512573782,2291.0567142947484,-0.39267015706806285,0.0,0.0,0.0
transition,0.0016781874534517343,S025,102,1070000,0,PR1_HT1_EC1,22,8f75a07b588ca81b,True,6.515986526045393,2367.581746367237,-0.3629032258064516,6.515986526045393,2367.581746367237,-0.3629032258064516,0.0,0.0,0.0
transition,0.0016781874534517343,S025,102,1070000,0,PR1_HT1_EC1,23,1b7189b25e06d77b,True,6.5441546126965155,2319.0958197335476,-0.3225806451612903,6.5441546126965155,2319.0958197335476,-0.3225806451612903,0.0,0.0,0.0
transition,0.0016781874534517343,S025,102,1070000,0,PR1_HT1_EC1,24,ceb896d36b09a416,True,6.774338475453999,1925.1205225275542,-0.31413612565445026,6.774338475453999,1925.1205225275542,-0.31413612565445026,0.0,0.0,0.0
transition,0.0016781874534517343,S025,102,1070000,0,PR1_HT1_EC1,25,3bac87766dd1ab22,True,6.822819118066349,1887.4190688672031,-0.31413612565445026,6.822819118066349,1887.4190688672031,-0.31413612565445026,0.0,0.0,0.0
transition,0.0016781874534517343,S025,102,1070000,0,PR1_HT1_EC1,26,4f1d4bc135f18f8d,True,6.51457554962144,2386.4324731974125,-0.29914529914529914,6.51457554962144,2386.4324731974125,-0.29914529914529914,0.0,0.0,0.0
transition,0.0016781874534517343,S025,102,1070000,0,PR1_HT1_EC1,27,c1c226b58c48e18d,True,6.536460461554876,2352.3085623864213,-0.29914529914529914,6.536460461554876,2352.3085623864213,-0.29914529914529914,0.0,0.0,0.0
transition,0.0016781874534517343,S025,102,1070000,0,PR1_HT1_EC1,28,45fc42d13764beaa,True,6.522976477989369,2294.626860530495,-0.28225806451612906,6.522976477989369,2294.626860530495,-0.28225806451612906,0.0,0.0,0.0
transition,0.0016781874534517343,S025,102,1070000,0,PR1_HT1_EC1,29,8ef4bac82e801e37,True,6.941346367879781,1850.8846612186808,-0.2617801047120419,6.941346367879781,1850.8846612186808,-0.2617801047120419,0.0,0.0,0.0
transition,0.0016781874534517343,S025,102,1070000,0,PR1_HT1_EC1,30,18253433f1b9503e,True,6.78744463534915,1878.8862420110522,-0.2617801047120419,6.78744463534915,1878.8862420110522,-0.2617801047120419,0.0,0.0,0.0
transition,0.0016781874534517343,S025,102,1070000,0,PR1_HT1_EC1,31,aa1b4f3f9073b939,True,6.934484912008222,1850.8846612186805,-0.2564102564102564,6.934484912008222,1850.8846612186805,-0.2564102564102564,0.0,0.0,0.0
transition,0.0016781874534517343,S025,102,1070000,0,PR1_HT1_EC1,32,c4f95e7f863d2201,True,6.766003359969503,1898.3925205937005,-0.2564102564102564,6.766003359969503,1898.3925205937005,-0.2564102564102564,0.0,0.0,0.0
transition,0.0016781874534517343,S025,102,1070000,0,PR1_HT1_EC1,33,f60a54597e571621,True,6.949298222046798,1819.7045172957608,-0.22099447513812154,6.949298222046798,1819.7045172957608,-0.22099447513812154,0.0,0.0,0.0
transition,0.0016781874534517343,S025,102,1070000,0,PR1_HT1_EC1,34,595252e33c3c5a1f,True,6.773533906523888,1876.6271992802517,-0.21367521367521367,6.773533906523888,1876.6271992802517,-0.21367521367521367,0.0,0.0,0.0
transition,0.0016781874534517343,S025,102,1070000,0,PR1_HT1_EC1,35,539c8197b9fe0771,True,6.9480269103416665,1839.9842324493438,-0.2094240837696335,6.9480269103416665,1839.9842324493438,-0.2094240837696335,0.0,0.0,0.0
transition,0.0016781874534517343,S025,102,1070000,0,PR1_HT1_EC1,36,24567b37e28cf5d0,True,7.057990332942086,1564.563440948735,-0.17094017094017094,7.057990332942086,1564.563440948735,-0.17094017094017094,0.0,0.0,0.0
transition,0.0016781874534517343,S025,102,1070000,0,PR1_HT1_EC1,37,cbb27857bdc123b1,True,6.967558687670083,1809.4756514664994,-0.15706806282722513,6.967558687670083,1809.4756514664994,-0.15706806282722513,0.0,0.0,0.0
transition,0.0016781874534517343,S025,102,1070000,0,PR1_HT1_EC1,38,535de3f5eb577447,True,7.056556000361754,1555.3219060043284,-0.1282051282051282,7.056556000361754,1555.3219060043284,-0.1282051282051282,0.0,0.0,0.0
transition,0.0016781874534517343,S025,102,1070000,0,PR1_HT1_EC1,39,76cc032ffa932694,True,7.299694189603029,497.23063206382767,-0.0,7.299694189603029,497.23063206382767,-0.0,0.0,0.0,0.0
transition,0.0016781874534517343,S025,102,1070000,0,PR1_HT1_EC1,40,ff1ce977931c92f2,True,7.239198464605875,859.8638158283977,-0.0,7.239198464605875,859.8638158283977,-0.0,0.0,0.0,0.0
transition,0.0016781874534517343,S025,102,1070000,0,PR1_HT1_EC1,41,4522d47e60b84822,True,7.234783420530259,877.7666034327184,-0.0,7.234783420530259,877.7666034327184,-0.0,0.0,0.0,0.0
transition,0.0016781874534517343,S025,102,1070000,0,PR1_HT1_EC1,42,e72066cc89cbae38,True,7.273481869812727,744.1091496740238,-0.0,7.273481869812727,744.1091496740238,-0.0,0.0,0.0,0.0
transition,0.0016781874534517343,S025,102,1070000,0,PR1_HT1_EC1,43,fa578f940c6f8fee,True,7.248167525088803,833.8813920139082,-0.0,7.248167525088803,833.8813920139082,-0.0,0.0,0.0,0.0
transition,0.0016781874534517343,S025,102,1070000,0,PR1_HT1_EC1,44,1b56d233c7b46c81,True,7.241614445141227,851.6025974786835,-0.0,7.241614445141227,851.6025974786835,-0.0,0.0,0.0,0.0
transition,0.0016781874534517343,S025,102,1070000,0,PR0_HT1_EC1,0,ec28acedbe95bb7e,False,4.721005461811413,3379.002190434665,-0.8755301794452158,4.390306411130979,4093.0598151529225,-0.8755301794452158,-0.33069905068043415,714.0576247182576,0.0
transition,0.0016781874534517343,S025,102,1070000,0,PR0_HT1_EC1,1,4c41b061ed00adfe,False,5.5048838007583205,3021.5112349976353,-0.7329842931937173,5.190415718365358,3445.4862932207698,-0.7853403141361257,-0.3144680823929624,423.9750582231345,-0.05235602094240843
transition,0.0016781874534517343,S025,102,1070000,0,PR0_HT1_EC1,2,60a7a71ada2129d6,False,5.424413063384044,2953.8747974467756,-0.7258064516129032,5.184052788449702,3368.1875074483582,-0.7661290322580645,-0.24036027493434187,414.3127100015827,-0.040322580645161255
transition,0.0016781874534517343,S025,102,1070000,0,PR0_HT1_EC1,3,52ef437ad6c398de,False,5.669043720861626,2924.261575483772,-0.5645161290322581,5.2798583583346925,3325.3417910280573,-0.6451612903225806,-0.38918536252693325,401.08021554428524,-0.08064516129032251
transition,0.0016781874534517343,S025,102,1070000,0,PR0_HT1_EC1,4,5463c3984578e4ce,False,6.550311645636121,2000.087875344111,-0.4435483870967742,6.259273794908312,2879.73606722791,-0.4032258064516129,-0.2910378507278093,879.6481918837992,0.04032258064516131
transition,0.0016781874534517343,S025,102,1070000,0,PR0_HT1_EC1,5,72b77703bba2f71c,False,6.925979801821777,1481.820767861317,-0.28225806451612906,6.770896936374542,1905.7958260844514,-0.28225806451612906,-0.15508286544723493,423.9750582231343,0.0
transition,0.0016781874534517343,S025,102,1070000,0,PR0_HT1_EC1,6,3ba76f66ba8fbcc3,False,6.957419619319288,1476.6765051013667,-0.16129032258064516,6.762755129787318,1877.756720645652,-0.24193548387096775,-0.19466448953197002,401.08021554428524,-0.08064516129032259
transition,0.0016781874534517343,S025,102,1070000,0,PR0_HT1_EC1,7,656e6c66558a6b26,False,6.970280341067012,1473.287941005166,-0.1282051282051282,6.773533906523888,1876.6271992802517,-0.21367521367521367,-0.19674643454312335,403.33925827508574,-0.08547008547008547
transition,0.0016781874534517343,S025,102,1070000,0,PR0_HT1_EC1,8,4bb5cd5086b1a2f1,False,7.1754849956214795,1008.6780196162929,-0.12096774193548387,6.97350062374059,1866.8995229026482,-0.08064516129032258,-0.20198437188088914,858.2215032863553,0.040322580645161296
transition,0.0016781874534517343,S025,102,1070000,0,PR0_HT1_EC1,9,ad316931e7926ee3,False,7.187094530406259,1001.9046928767319,-0.042735042735042736,6.944844794472122,1841.643126274274,-0.17094017094017094,-0.2422497359341369,839.738433397542,-0.1282051282051282
transition,0.0016781874534517343,S025,102,1070000,0,PR0_HT1_EC1,10,36e6ed63c47e90d1,False,7.299694189603029,497.23063206382767,-0.0,7.299694189603029,497.23063206382767,-0.0,0.0,0.0,0.0
transition,0.0016781874534517343,S025,102,1070000,0,PR1_HT0_EC1,0,f8f445298b19c215,False,3.8955387140397315,3973.8086358110254,-0.8977095516567817,4.41475627668421,4308.805944621714,-0.8755301794452233,0.5192175626444788,334.99730881068854,0.022179372211558412
transition,0.0016781874534517343,S025,102,1070000,0,PR1_HT0_EC1,1,5739e6a4f96f9e90,False,3.8416230724186136,3829.589963642787,-0.8950385356453656,4.390306411130979,4094.129388269757,-0.8755301794452158,0.5486833387123653,264.5394246269698,0.01950835620014979
transition,0.0016781874534517343,S025,102,1070000,0,PR1_HT0_EC1,2,23269c5aa98a08a6,False,4.721005461811413,3403.5760776553984,-0.8755301794452158,5.184052788449702,3366.2622758380558,-0.7661290322580645,0.4630473266382893,-37.313801817342664,0.10940114718715133
transition,0.0016781874534517343,S025,102,1070000,0,PR1_HT0_EC1,3,5d0aa9318c44eb59,False,5.721517584140953,3182.4975390530453,-0.6629834254143646,6.2160134396678774,2915.286347402637,-0.4972375690607735,0.49449585552692454,-267.2111916504082,0.16574585635359113
transition,0.0016781874534517343,S025,102,1070000,0,PR1_HT0_EC1,4,6fb8966c6bcdbb5d,False,5.649416910223626,3022.898246126714,-0.6451612903225806,6.259273794908312,2879.73606722791,-0.4032258064516129,0.6098568846846861,-143.1621788988041,0.24193548387096775
transition,0.0016781874534517343,S025,102,1070000,0,PR1_HT0_EC1,5,c5c638d5c3d9a663,False,6.212938811562757,2421.42530897767,-0.4838709677419355,6.579577978045817,2281.394366073197,-0.3225806451612903,0.3666391664830604,-140.0309429044728,0.16129032258064518
transition,0.0016781874534517343,S025,102,1070000,0,PR1_HT0_EC1,6,3da07a52fb207450,False,6.550311645636121,2026.3730795517795,-0.4435483870967742,6.770896936374542,1905.7958260844514,-0.28225806451612906,0.2205852907384207,-120.57725346732809,0.16129032258064513
transition,0.0016781874534517343,S025,102,1070000,0,PR1_HT0_EC1,7,dc437494256d5eb6,False,6.27778982751454,2407.274249748641,-0.4435483870967742,6.509870318094218,2273.5170909695184,-0.3629032258064516,0.23208049057967806,-133.75715877912262,0.08064516129032256
transition,0.0016781874534517343,S025,102,1070000,0,PR1_HT0_EC1,8,c159294d4f9256a6,False,6.656859456773069,2005.117081355888,-0.3225806451612903,6.97350062374059,1866.8995229026482,-0.08064516129032258,0.3166411669675213,-138.21755845323992,0.24193548387096775
transition,0.0016781874534517343,S025,102,1070000,0,PR1_HT0_EC1,9,2948d6c5e756be7b,False,6.642930166438765,2011.5664685702777,-0.29914529914529914,6.773533906523888,1876.6271992802517,-0.21367521367521367,0.13060374008512365,-134.939269290026,0.08547008547008547
transition,0.0016781874534517343,S025,102,1070000,0,PR1_HT0_EC1,10,598501af70f1fd8a,False,7.0105582512702895,1510.426452665662,-0.16574585635359115,7.064883632643514,1577.2605149828419,-0.16574585635359115,0.05432538137322407,66.83406231717981,0.0
transition,0.0016781874534517343,S025,102,1070000,0,PR1_HT0_EC1,11,6e1e15960c8fcc82,False,7.011068519864057,1506.2993506358862,-0.16574585635359115,7.078000500157281,1562.0952327438893,-0.08287292817679558,0.06693198029322378,55.79588210800307,0.08287292817679558
transition,0.0016781874534517343,S025,102,1070000,0,PR1_HT0_EC1,12,7ed4ed42bd7131a3,False,6.983709717575535,1498.7167095164098,-0.16129032258064516,7.060946263450385,1599.199123961355,-0.12096774193548387,0.0772365458748494,100.48241444494533,0.04032258064516128
transition,0.0016781874534517343,S025,102,1070000,0,PR1_HT0_EC1,13,325e852c20eba4de,False,7.017812924375912,1484.3607416573727,-0.15706806282722513,7.06257565256637,1599.199123961355,-0.15706806282722513,0.04476272819045768,114.83838230398237,0.0
transition,0.0016781874534517343,S025,102,1070000,0,PR1_HT0_EC1,14,fbf6aa8fa4067967,False,7.006388087290334,1493.6022766017793,-0.1282051282051282,7.056556000361754,1569.6778738633654,-0.1282051282051282,0.050167913071419434,76.07559726158615,0.0
transition,0.0016781874534517343,S025,102,1070000,0,PR1_HT0_EC1,15,edd5f397c069504b,False,7.1754849956214795,1034.9632238239615,-0.12096774193548387,7.235980720618634,919.9861425546703,-0.0,0.06049572499715428,-114.97708126929115,0.12096774193548387
transition,0.0016781874534517343,S025,102,1070000,0,PR1_HT0_EC1,16,845b0617d6f7862e,False,7.299694189603029,497.23063206382767,-0.0,7.299694189603029,497.23063206382767,-0.0,0.0,0.0,0.0
transition,0.0016781874534517343,S025,102,1070000,0,PR1_HT0_EC1,17,c1036326d9f0f9e4,False,7.207630364956373,889.1321476530252,-0.0,7.273481869812727,782.7585425602294,-0.0,0.06585150485635438,-106.37360509279574,0.0
transition,0.0016781874534517343,S025,102,1070000,0,PR1_HT0_EC1,18,573b49a75dbfa7a9,False,7.196662240933181,937.6254709003279,-0.0,7.274679169901102,748.6272351356249,-0.0,0.07801692896792112,-188.99823576470294,0.0
transition,0.0016781874534517343,S025,102,1070000,0,PR1_HT1_EC0,0,fc50ce85bcabe4b2,False,4.215202153176456,4210.121476932916,-0.8755301794452136,4.215202153176456,4210.121476932916,-0.8755301794452136,0.0,0.0,0.0
transition,0.0016781874534517343,S025,102,1070000,0,PR1_HT1_EC0,1,0d9d3152bdf41867,False,4.211523217373897,4285.524384253617,-0.8755301794451508,4.211523217373897,4285.524384253617,-0.8755301794451508,0.0,0.0,0.0
transition,0.0016781874534517343,S025,102,1070000,0,PR1_HT1_EC0,2,d5e2eb940881c856,False,4.328848892747315,4071.847026242334,-0.875530179445167,4.328848892747315,4071.847026242334,-0.875530179445167,0.0,0.0,0.0
transition,0.0016781874534517343,S025,102,1070000,0,PR1_HT1_EC0,3,bb6023e24f046608,False,4.242581553045056,4080.301270960677,-0.8755301794452139,4.242581553045056,4080.301270960677,-0.8755301794452139,0.0,0.0,0.0
transition,0.0016781874534517343,S025,102,1070000,0,PR1_HT1_EC0,4,ce45fa4c6daf552d,False,5.190415718365358,3445.4862932207698,-0.7853403141361257,5.190415718365358,3445.4862932207698,-0.7853403141361257,0.0,0.0,0.0
transition,0.0016781874534517343,S025,102,1070000,0,PR1_HT1_EC0,5,49f4df3ec843c65e,False,5.184052788449702,3368.1875074483582,-0.7661290322580645,5.184052788449702,3368.1875074483582,-0.7661290322580645,0.0,0.0,0.0
transition,0.0016781874534517343,S025,102,1070000,0,PR1_HT1_EC0,6,ec778c6af82bbd24,False,5.216153165520179,3359.6840550463307,-0.6837606837606838,5.216153165520179,3359.6840550463307,-0.6837606837606838,0.0,0.0,0.0
transition,0.0016781874534517343,S025,102,1070000,0,PR1_HT1_EC0,7,81e95628efeb39b4,False,5.2798583583346925,3325.3417910280573,-0.6451612903225806,5.2798583583346925,3325.3417910280573,-0.6451612903225806,0.0,0.0,0.0
transition,0.0016781874534517343,S025,102,1070000,0,PR1_HT1_EC0,8,dd109b2a5901c795,False,5.264158824522969,3356.2954909501304,-0.6451612903225806,5.264158824522969,3356.2954909501304,-0.6451612903225806,0.0,0.0,0.0
transition,0.0016781874534517343,S025,102,1070000,0,PR1_HT1_EC0,9,cf38b59c081b1f78,False,5.2761100844332045,3327.600833758858,-0.6410256410256411,5.2761100844332045,3327.600833758858,-0.6410256410256411,0.0,0.0,0.0
transition,0.0016781874534517343,S025,102,1070000,0,PR1_HT1_EC0,10,7d71bc1c6588a0fd,False,5.8403151566972875,3226.055394651502,-0.6282722513089005,5.8403151566972875,3226.055394651502,-0.6282722513089005,0.0,0.0,0.0
transition,0.0016781874534517343,S025,102,1070000,0,PR1_HT1_EC0,11,9d6a84ced497b179,False,5.834563059641514,3139.9195874972784,-0.6048387096774194,5.834563059641514,3139.9195874972784,-0.6048387096774194,0.0,0.0,0.0
transition,0.0016781874534517343,S025,102,1070000,0,PR1_HT1_EC0,12,db8de39b36f5d060,False,5.903889914936996,3139.38988435757,-0.5759162303664922,5.903889914936996,3141.2501957733894,-0.5759162303664922,0.0,1.860311415819524,0.0
transition,0.0016781874534517343,S025,102,1070000,0,PR1_HT1_EC0,13,3ce3e37f425d37e8,False,5.868847354243383,3114.476355525128,-0.5645161290322581,5.868847354243383,3088.2448350281466,-0.5645161290322581,0.0,-26.231520496981375,0.0
transition,0.0016781874534517343,S025,102,1070000,0,PR1_HT1_EC0,14,07e8e00b0f8a42f5,False,5.950388281666236,3100.060727975451,-0.5555555555555556,5.950388281666236,3116.2147189626266,-0.5555555555555556,0.0,16.153990987175803,0.0
transition,0.0016781874534517343,S025,102,1070000,0,PR1_HT1_EC0,15,929113d9f1cf656f,False,5.811200794745219,3125.6303578702054,-0.5128205128205128,5.811200794745219,3141.784348857381,-0.5128205128205128,0.0,16.153990987175348,0.0
transition,0.0016781874534517343,S025,102,1070000,0,PR1_HT1_EC0,16,26abb00d9d86cffa,False,6.16129706530286,2885.304944717846,-0.4712041884816754,6.16129706530286,2885.304944717846,-0.4712041884816754,0.0,0.0,0.0
transition,0.0016781874534517343,S025,102,1070000,0,PR1_HT1_EC0,17,a6dc1a5b70f24482,False,6.247220754374321,2860.961588677967,-0.4712041884816754,6.247220754374321,2860.961588677967,-0.4712041884816754,0.0,0.0,0.0
transition,0.0016781874534517343,S025,102,1070000,0,PR1_HT1_EC0,18,5a42808a4be2a188,False,6.240105590717552,2863.220631408768,-0.4712041884816754,6.240105590717552,2863.220631408768,-0.4712041884816754,0.0,0.0,0.0
transition,0.0016781874534517343,S025,102,1070000,0,PR1_HT1_EC0,19,66ec51c679f0a811,False,6.216235048083722,2870.2402687705535,-0.4712041884816754,6.216235048083722,2870.2402687705535,-0.4712041884816754,0.0,0.0,0.0
transition,0.0016781874534517343,S025,102,1070000,0,PR1_HT1_EC0,20,1f60b4eb9d1159e0,False,6.188108260170005,2849.3354078395855,-0.42735042735042733,6.188108260170005,2849.3354078395855,-0.42735042735042733,0.0,0.0,0.0
transition,0.0016781874534517343,S025,102,1070000,0,PR1_HT1_EC0,21,c660e1f0049d7304,False,6.136650285928104,2926.576544613943,-0.42735042735042733,6.136650285928104,2926.576544613943,-0.42735042735042733,0.0,0.0,0.0
transition,0.0016781874534517343,S025,102,1070000,0,PR1_HT1_EC0,22,ee9317cfd79dfd74,False,6.537558421884067,2352.964114138894,-0.4143646408839779,6.537558421884067,2352.964114138894,-0.4143646408839779,0.0,0.0,0.0
transition,0.0016781874534517343,S025,102,1070000,0,PR1_HT1_EC0,23,b6f996c24147d4c9,False,6.183605873666641,2867.7653213926164,-0.4032258064516129,6.183605873666641,2867.7653213926164,-0.4032258064516129,0.0,0.0,0.0
transition,0.0016781874534517343,S025,102,1070000,0,PR1_HT1_EC0,24,b9bd6c1a72193a4f,False,6.556417512573782,2291.0567142947484,-0.39267015706806285,6.556417512573782,2291.0567142947484,-0.39267015706806285,0.0,0.0,0.0
transition,0.0016781874534517343,S025,102,1070000,0,PR1_HT1_EC0,25,21581d8c61163e9a,False,6.509870318094218,2273.5170909695184,-0.3629032258064516,6.509870318094218,2273.5170909695184,-0.3629032258064516,0.0,0.0,0.0
transition,0.0016781874534517343,S025,102,1070000,0,PR1_HT1_EC0,26,dc7efe3606389d3c,False,6.774338475453999,1925.1205225275542,-0.31413612565445026,6.774338475453999,1925.1205225275542,-0.31413612565445026,0.0,0.0,0.0
transition,0.0016781874534517343,S025,102,1070000,0,PR1_HT1_EC0,27,ebc22ec78c55a67e,False,6.822819118066349,1887.4190688672031,-0.31413612565445026,6.822819118066349,1887.4190688672031,-0.31413612565445026,0.0,0.0,0.0
transition,0.0016781874534517343,S025,102,1070000,0,PR1_HT1_EC0,28,c0c1fc241f77c507,False,6.508459341670265,2292.367817799694,-0.29914529914529914,6.508459341670265,2292.367817799694,-0.29914529914529914,0.0,0.0,0.0
transition,0.0016781874534517343,S025,102,1070000,0,PR1_HT1_EC0,29,57d175baffb1590e,False,6.770896936374542,1905.7958260844514,-0.28225806451612906,6.770896936374542,1905.7958260844514,-0.28225806451612906,0.0,0.0,0.0
transition,0.0016781874534517343,S025,102,1070000,0,PR1_HT1_EC0,30,2721de4a6854565a,False,6.941346367879781,1850.8846612186808,-0.2617801047120419,6.941346367879781,1850.8846612186808,-0.2617801047120419,0.0,0.0,0.0
transition,0.0016781874534517343,S025,102,1070000,0,PR1_HT1_EC0,31,538220dc36aff393,False,6.784855669744627,1876.6271992802517,-0.2617801047120419,6.784855669744627,1876.6271992802517,-0.2617801047120419,0.0,0.0,0.0
transition,0.0016781874534517343,S025,102,1070000,0,PR1_HT1_EC0,32,633994e84433dd53,False,6.934484912008222,1850.8846612186805,-0.2564102564102564,6.934484912008222,1850.8846612186805,-0.2564102564102564,0.0,0.0,0.0
transition,0.0016781874534517343,S025,102,1070000,0,PR1_HT1_EC0,33,0e01ee2cbe6870e6,False,6.762755129787318,1877.756720645652,-0.24193548387096775,6.762755129787318,1877.756720645652,-0.24193548387096775,0.0,0.0,0.0
transition,0.0016781874534517343,S025,102,1070000,0,PR1_HT1_EC0,34,89a39ddc0427e7fa,False,6.773533906523888,1876.6271992802517,-0.21367521367521367,6.773533906523888,1876.6271992802517,-0.21367521367521367,0.0,0.0,0.0
transition,0.0016781874534517343,S025,102,1070000,0,PR1_HT1_EC0,35,539c8197b9fe0771,False,6.9480269103416665,1839.9842324493438,-0.2094240837696335,6.9480269103416665,1839.9842324493438,-0.2094240837696335,0.0,0.0,0.0
transition,0.0016781874534517343,S025,102,1070000,0,PR1_HT1_EC0,36,44dc953eab97cdf2,False,6.957484841620203,1827.287158415237,-0.2094240837696335,6.957484841620203,1827.287158415237,-0.2094240837696335,0.0,0.0,0.0
transition,0.0016781874534517343,S025,102,1070000,0,PR1_HT1_EC0,37,f15db4dec8a964a3,False,6.944844794472122,1841.6431262742742,-0.17094017094017094,6.944844794472122,1841.6431262742742,-0.17094017094017094,0.0,0.0,0.0
transition,0.0016781874534517343,S025,102,1070000,0,PR1_HT1_EC0,38,f6ac60db45fe92fd,False,7.064883632643514,1586.5020499272482,-0.16574585635359115,7.064883632643514,1586.5020499272482,-0.16574585635359115,0.0,0.0,0.0
transition,0.0016781874534517343,S025,102,1070000,0,PR1_HT1_EC0,39,0a50e80eda4f8784,False,7.060177773835461,1564.5634409487348,-0.16129032258064516,7.060177773835461,1564.5634409487348,-0.16129032258064516,0.0,0.0,0.0
transition,0.0016781874534517343,S025,102,1070000,0,PR1_HT1_EC0,40,06a7db589f8f9d2a,False,6.967558687670083,1809.4756514664994,-0.15706806282722513,6.967558687670083,1809.4756514664994,-0.15706806282722513,0.0,0.0,0.0
transition,0.0016781874534517343,S025,102,1070000,0,PR1_HT1_EC0,41,674d9d2a9383d5a4,False,7.056556000361754,1569.6778738633654,-0.1282051282051282,7.056556000361754,1569.6778738633654,-0.1282051282051282,0.0,0.0,0.0
transition,0.0016781874534517343,S025,102,1070000,0,PR1_HT1_EC0,42,94f10a966cac0dd3,False,7.096258227839591,1559.4490080341043,-0.10471204188481675,7.096258227839591,1559.4490080341043,-0.10471204188481675,0.0,0.0,0.0
transition,0.0016781874534517343,S025,102,1070000,0,PR1_HT1_EC0,43,3bc12b283bc695b5,False,7.299694189603029,497.23063206382767,-0.0,7.299694189603029,497.23063206382767,-0.0,0.0,0.0,0.0
transition,0.0016781874534517343,S025,102,1070000,0,PR1_HT1_EC0,44,ffe70fe6e6cc549d,False,7.234783420530259,916.415996318924,-0.0,7.234783420530259,916.415996318924,-0.0,0.0,0.0,0.0
transition,0.0016781874534517343,S025,102,1070000,0,PR1_HT1_EC0,45,ff1ce977931c92f2,False,7.239198464605875,859.8638158283977,-0.0,7.239198464605875,859.8638158283977,-0.0,0.0,0.0,0.0
transition,0.0016781874534517343,S025,102,1070000,0,PR1_HT1_EC0,46,70c2bc86b1bea398,False,7.23536069021565,868.3966426845489,-0.0,7.23536069021565,868.3966426845489,-0.0,0.0,0.0,0.0
transition,0.0016781874534517343,S025,102,1070000,0,PR1_HT1_EC0,47,a6cfe6dc4300923a,False,7.273481869812727,744.1091496740238,-0.0,7.273481869812727,744.1091496740238,-0.0,0.0,0.0,0.0
transition,0.0016781874534517343,S025,102,1070000,0,PR1_HT1_EC0,48,4dd48daf2b99b470,False,7.241614445141227,851.6025974786835,-0.0,7.241614445141227,851.6025974786835,-0.0,0.0,0.0,0.0
transition,0.0016781874534517343,S025,102,1070000,0,PR1_HT1_EC0,49,fa578f940c6f8fee,False,7.248167525088803,833.8813920139082,-0.0,7.248167525088803,833.8813920139082,-0.0,0.0,0.0,0.0
transition,0.0016781874534517343,S025,102,1070001,1,PR1_HT1_EC1,0,b31d7104e4a40200,True,4.241883126193066,4175.098120591132,-0.8755301794452233,4.241883126193066,4175.098120591132,-0.8755301794452233,0.0,0.0,0.0
transition,0.0016781874534517343,S025,102,1070001,1,PR1_HT1_EC1,1,cd505077009aaa3f,True,4.282981135461567,4065.092988722161,-0.8755301794452158,4.282981135461567,4065.092988722161,-0.8755301794452158,0.0,0.0,0.0
transition,0.0016781874534517343,S025,102,1070001,1,PR1_HT1_EC1,2,c2a0702cdaeae475,True,4.211523217373897,4285.524384253617,-0.8755301794451508,4.211523217373897,4285.524384253617,-0.8755301794451508,0.0,0.0,0.0
transition,0.0016781874534517343,S025,102,1070001,1,PR1_HT1_EC1,3,72d6a863197f6f6a,True,4.281711643099891,4123.217991937008,-0.8755301794452136,4.281711643099891,4123.217991937008,-0.8755301794452136,0.0,0.0,0.0
transition,0.0016781874534517343,S025,102,1070001,1,PR1_HT1_EC1,4,ee73208bdaf3a193,True,5.190415718365358,3443.5610616104673,-0.7853403141361257,5.190415718365358,3443.5610616104673,-0.7853403141361257,0.0,0.0,0.0
transition,0.0016781874534517343,S025,102,1070001,1,PR1_HT1_EC1,5,6eb9c0cf1f8988d5,True,5.184052788449702,3368.1875074483582,-0.7661290322580645,5.184052788449702,3368.1875074483582,-0.7661290322580645,0.0,0.0,0.0
transition,0.0016781874534517343,S025,102,1070001,1,PR1_HT1_EC1,6,7d38fa00c550ea67,True,5.216153165520179,3359.6840550463307,-0.6837606837606838,5.216153165520179,3359.6840550463307,-0.6837606837606838,0.0,0.0,0.0
transition,0.0016781874534517343,S025,102,1070001,1,PR1_HT1_EC1,7,cdf56d71b340984c,True,5.264158824522969,3356.2954909501304,-0.6451612903225806,5.264158824522969,3356.2954909501304,-0.6451612903225806,0.0,0.0,0.0
transition,0.0016781874534517343,S025,102,1070001,1,PR1_HT1_EC1,8,68dbc11fcaaadb53,True,5.2798583583346925,3325.3417910280573,-0.6451612903225806,5.2798583583346925,3325.3417910280573,-0.6451612903225806,0.0,0.0,0.0
transition,0.0016781874534517343,S025,102,1070001,1,PR1_HT1_EC1,9,7a699c9ca4eb8a6d,True,5.2761100844332045,3327.600833758858,-0.6410256410256411,5.2761100844332045,3327.600833758858,-0.6410256410256411,0.0,0.0,0.0
transition,0.0016781874534517343,S025,102,1070001,1,PR1_HT1_EC1,10,63f4e0d9c6b04660,True,5.8403151566972875,3226.055394651502,-0.6282722513089005,5.8403151566972875,3226.055394651502,-0.6282722513089005,0.0,0.0,0.0
transition,0.0016781874534517343,S025,102,1070001,1,PR1_HT1_EC1,11,6a7c2447fdc0ef76,True,5.913566367563319,3203.1575956175348,-0.6077348066298343,5.913566367563319,3203.1575956175348,-0.6077348066298343,0.0,0.0,0.0
transition,0.0016781874534517343,S025,102,1070001,1,PR1_HT1_EC1,12,75346c41e0d3e54d,True,5.834563059641514,3139.9195874972784,-0.6048387096774194,5.834563059641514,3139.9195874972784,-0.6048387096774194,0.0,0.0,0.0
transition,0.0016781874534517343,S025,102,1070001,1,PR1_HT1_EC1,13,be3a8691c42aaed4,True,5.868847354243383,3088.2448350281466,-0.5645161290322581,5.868847354243383,3088.2448350281466,-0.5645161290322581,0.0,0.0,0.0
transition,0.0016781874534517343,S025,102,1070001,1,PR1_HT1_EC1,14,f286d528297c032f,True,5.8349906218354946,3094.079495828586,-0.5241935483870968,5.8349906218354946,3094.079495828586,-0.5241935483870968,0.0,0.0,0.0
transition,0.0016781874534517343,S025,102,1070001,1,PR1_HT1_EC1,15,7bcd0e6d38fa182a,True,5.847946284921231,3059.2865886878476,-0.5241935483870968,5.847946284921231,3059.2865886878476,-0.5241935483870968,0.0,0.0,0.0
transition,0.0016781874534517343,S025,102,1070001,1,PR1_HT1_EC1,16,fef58cc3f23b9b64,True,6.128653478432058,2993.4659637434133,-0.4972375690607735,6.128653478432058,2993.4659637434133,-0.4972375690607735,0.0,0.0,0.0
transition,0.0016781874534517343,S025,102,1070001,1,PR1_HT1_EC1,17,bbf1fa46cd5a1550,True,6.247220754374321,2931.955255342588,-0.4712041884816754,6.247220754374321,2931.955255342588,-0.4712041884816754,0.0,0.0,0.0
transition,0.0016781874534517343,S025,102,1070001,1,PR1_HT1_EC1,18,a654c7fdc30a2e8e,True,6.16129706530286,2963.135399265508,-0.4712041884816754,6.16129706530286,2963.135399265508,-0.4712041884816754,0.0,0.0,0.0
transition,0.0016781874534517343,S025,102,1070001,1,PR1_HT1_EC1,19,8845667d03e93bf3,True,6.15490016541864,2897.3547614739614,-0.4435483870967742,6.15490016541864,2897.3547614739614,-0.4435483870967742,0.0,0.0,0.0
transition,0.0016781874534517343,S025,102,1070001,1,PR1_HT1_EC1,20,66f6750015a4a43f,True,6.540613186756934,2352.9641141388943,-0.4143646408839779,6.540613186756934,2352.9641141388943,-0.4143646408839779,0.0,0.0,0.0
transition,0.0016781874534517343,S025,102,1070001,1,PR1_HT1_EC1,21,4eefdc2f0a639377,True,6.224463013278527,2879.6275080455252,-0.4032258064516129,6.224463013278527,2879.6275080455252,-0.4032258064516129,0.0,0.0,0.0
transition,0.0016781874534517343,S025,102,1070001,1,PR1_HT1_EC1,22,92faad0d2c98e466,True,6.556417512573782,2291.0567142947484,-0.39267015706806285,6.556417512573782,2291.0567142947484,-0.39267015706806285,0.0,0.0,0.0
transition,0.0016781874534517343,S025,102,1070001,1,PR1_HT1_EC1,23,fe6716ab1a16c5e4,True,6.495353181775114,2274.6466123349187,-0.38461538461538464,6.495353181775114,2274.6466123349187,-0.38461538461538464,0.0,0.0,0.0
transition,0.0016781874534517343,S025,102,1070001,1,PR1_HT1_EC1,24,929d2dd836d7d2d7,True,6.509870318094218,2273.5170909695184,-0.3629032258064516,6.509870318094218,2273.5170909695184,-0.3629032258064516,0.0,0.0,0.0
transition,0.0016781874534517343,S025,102,1070001,1,PR1_HT1_EC1,25,02d43bf1955eec34,True,6.774338475453999,1925.1205225275542,-0.31413612565445026,6.774338475453999,1925.1205225275542,-0.31413612565445026,0.0,0.0,0.0
transition,0.0016781874534517343,S025,102,1070001,1,PR1_HT1_EC1,26,a31fca247f634a58,True,6.770896936374542,1905.7958260844514,-0.28225806451612906,6.770896936374542,1905.7958260844514,-0.28225806451612906,0.0,0.0,0.0
transition,0.0016781874534517343,S025,102,1070001,1,PR1_HT1_EC1,27,fa50b1a3cd5344de,True,6.933130450588063,1888.7934179680049,-0.27624309392265195,6.933130450588063,1888.7934179680049,-0.27624309392265195,0.0,0.0,0.0
transition,0.0016781874534517343,S025,102,1070001,1,PR1_HT1_EC1,28,04e1d4407d6ec7e4,True,6.78744463534915,1878.8862420110522,-0.2617801047120419,6.78744463534915,1878.8862420110522,-0.2617801047120419,0.0,0.0,0.0
transition,0.0016781874534517343,S025,102,1070001,1,PR1_HT1_EC1,29,a87232fb5a08a4a0,True,6.766003359969503,1898.3925205937005,-0.2564102564102564,6.766003359969503,1898.3925205937005,-0.2564102564102564,0.0,0.0,0.0
transition,0.0016781874534517343,S025,102,1070001,1,PR1_HT1_EC1,30,fb258dbafd631e27,True,6.762755129787318,1877.756720645652,-0.24193548387096775,6.762755129787318,1877.756720645652,-0.24193548387096775,0.0,0.0,0.0
transition,0.0016781874534517343,S025,102,1070001,1,PR1_HT1_EC1,31,890cf8bddc85fdfb,True,6.9397489097892135,1862.7277069597153,-0.22099447513812154,6.9397489097892135,1862.7277069597153,-0.22099447513812154,0.0,0.0,0.0
transition,0.0016781874534517343,S025,102,1070001,1,PR1_HT1_EC1,32,7de2253c853c8d9b,True,6.773533906523888,1876.6271992802517,-0.21367521367521367,6.773533906523888,1876.6271992802517,-0.21367521367521367,0.0,0.0,0.0
transition,0.0016781874534517343,S025,102,1070001,1,PR1_HT1_EC1,33,cec1c6b40ffc1b5b,True,7.0641065408932615,1658.6280963464533,-0.17094017094017094,7.0641065408932615,1658.6280963464533,-0.17094017094017094,0.0,0.0,0.0
transition,0.0016781874534517343,S025,102,1070001,1,PR1_HT1_EC1,34,c3a23dacb7147fab,True,7.064883632643514,1577.2605149828419,-0.16574585635359115,7.064883632643514,1577.2605149828419,-0.16574585635359115,0.0,0.0,0.0
transition,0.0016781874534517343,S025,102,1070001,1,PR1_HT1_EC1,35,86f1a75348e73edb,True,6.959342770378365,1839.8017670963472,-0.16574585635359115,6.959342770378365,1839.8017670963472,-0.16574585635359115,0.0,0.0,0.0
transition,0.0016781874534517343,S025,102,1070001,1,PR1_HT1_EC1,36,9f3aee9475262da9,True,7.060177773835461,1564.5634409487348,-0.16129032258064516,7.060177773835461,1564.5634409487348,-0.16129032258064516,0.0,0.0,0.0
transition,0.0016781874534517343,S025,102,1070001,1,PR1_HT1_EC1,37,c0a8de908ca681c7,True,7.085193892201905,1562.9045471238046,-0.10471204188481675,7.085193892201905,1562.9045471238046,-0.10471204188481675,0.0,0.0,0.0
transition,0.0016781874534517343,S025,102,1070001,1,PR1_HT1_EC1,38,fdb278878143a63e,True,6.965338827456287,1829.933383125022,-0.08547008547008547,6.965338827456287,1829.933383125022,-0.08547008547008547,0.0,0.0,0.0
transition,0.0016781874534517343,S025,102,1070001,1,PR1_HT1_EC1,39,cff686ad32204413,True,7.299694189603029,497.23063206382767,-0.0,7.299694189603029,497.23063206382767,-0.0,0.0,0.0,0.0
transition,0.0016781874534517343,S025,102,1070001,1,PR1_HT1_EC1,40,65f0b1fc6acbe4d2,True,7.273481869812727,744.1091496740238,-0.0,7.273481869812727,744.1091496740238,-0.0,0.0,0.0,0.0
transition,0.0016781874534517343,S025,102,1070001,1,PR1_HT1_EC1,41,4d7f579e2c4f47fb,True,7.234783420530259,927.9534440252401,-0.0,7.234783420530259,927.9534440252401,-0.0,0.0,0.0,0.0
transition,0.0016781874534517343,S025,102,1070001,1,PR1_HT1_EC1,42,951aeff294510a56,True,7.246970225000428,868.0126994385129,-0.0,7.246970225000428,868.0126994385129,-0.0,0.0,0.0,0.0
transition,0.0016781874534517343,S025,102,1070001,1,PR1_HT1_EC1,43,ef68dc8af9aefed5,True,7.235980720618634,893.8221366006355,-0.0,7.235980720618634,893.8221366006355,-0.0,0.0,0.0,0.0
transition,0.0016781874534517343,S025,102,1070001,1,PR0_HT1_EC1,0,1ef01e5e00d2b089,False,4.721005461811413,3379.002190434665,-0.8755301794452158,4.390306411130979,4093.0598151529225,-0.8755301794452158,-0.33069905068043415,714.0576247182576,0.0
transition,0.0016781874534517343,S025,102,1070001,1,PR0_HT1_EC1,1,09eac199b7185d66,False,5.5048838007583205,3021.5112349976353,-0.7329842931937173,5.190415718365358,3445.4862932207698,-0.7853403141361257,-0.3144680823929624,423.9750582231345,-0.05235602094240843
transition,0.0016781874534517343,S025,102,1070001,1,PR0_HT1_EC1,2,8390b33d0a2a1f93,False,5.424413063384044,2953.8747974467756,-0.7258064516129032,5.184052788449702,3368.1875074483582,-0.7661290322580645,-0.24036027493434187,414.3127100015827,-0.040322580645161255
transition,0.0016781874534517343,S025,102,1070001,1,PR0_HT1_EC1,3,2953efa5b4f8e71c,False,6.550311645636121,2000.087875344111,-0.4435483870967742,6.259273794908312,2879.73606722791,-0.4032258064516129,-0.2910378507278093,879.6481918837992,0.04032258064516131
transition,0.0016781874534517343,S025,102,1070001,1,PR0_HT1_EC1,4,544822acb9ce7910,False,6.925979801821777,1481.820767861317,-0.28225806451612906,6.770896936374542,1905.7958260844514,-0.28225806451612906,-0.15508286544723493,423.9750582231343,0.0
transition,0.0016781874534517343,S025,102,1070001,1,PR0_HT1_EC1,5,5cd5968a047c502c,False,7.1754849956214795,1008.6780196162929,-0.12096774193548387,6.97350062374059,1866.8995229026482,-0.08064516129032258,-0.20198437188088914,858.2215032863553,0.040322580645161296
transition,0.0016781874534517343,S025,102,1070001,1,PR0_HT1_EC1,6,98601bec686c3295,False,7.189809835963609,1003.5635867016622,-0.07853403141361257,6.957484841620203,1827.287158415237,-0.2094240837696335,-0.23232499434340603,823.7235717135748,-0.13089005235602094
transition,0.0016781874534517343,S025,102,1070001,1,PR0_HT1_EC1,7,267252e7b4d857b2,False,7.299694189603029,497.23063206382767,-0.0,7.299694189603029,497.23063206382767,-0.0,0.0,0.0,0.0
transition,0.0016781874534517343,S025,102,1070001,1,PR1_HT0_EC1,0,191bd136a82e1244,False,4.033760241861716,3978.409888925438,-0.8977095516567142,4.289097343412644,4159.1576441198795,-0.8755301794452158,0.2553371015509285,180.74775519444165,0.02217937221149835
transition,0.0016781874534517343,S025,102,1070001,1,PR1_HT0_EC1,1,2e46223950d8d453,False,3.956543397614529,4022.9207661031073,-0.8977095516567655,4.396422619082056,4188.194043667476,-0.8755301794452158,0.43987922146752734,165.27327756436853,0.02217937221154964
transition,0.0016781874534517343,S025,102,1070001,1,PR1_HT0_EC1,2,83451bcc419303ed,False,3.857322881333256,3798.7612680272227,-0.8950385356453602,4.390306411130979,4093.0598151529225,-0.8755301794452158,0.5329835297977228,294.29854712569977,0.01950835620014435
transition,0.0016781874534517343,S025,102,1070001,1,PR1_HT0_EC1,3,86fd19f5ba6d8730,False,3.850769801385761,3921.4820388381304,-0.895038535645316,4.390306411130979,4094.129388269757,-0.8755301794452158,0.5395366097452179,172.64734943162648,0.019508356200100163
transition,0.0016781874534517343,S025,102,1070001,1,PR1_HT0_EC1,4,e67d562062f0ad08,False,4.721005461811413,3403.5760776553984,-0.8755301794452158,5.184052788449702,3366.2622758380558,-0.7661290322580645,0.4630473266382893,-37.313801817342664,0.10940114718715133
transition,0.0016781874534517343,S025,102,1070001,1,PR1_HT0_EC1,5,b83eeceb1729c6cb,False,5.721517584140953,3142.1586763119194,-0.6629834254143646,5.913566367563319,3203.1575956175348,-0.6077348066298343,0.19204878342236587,60.998919305615345,0.05524861878453036
transition,0.0016781874534517343,S025,102,1070001,1,PR1_HT0_EC1,6,839ffd2a9413d7f4,False,5.649416910223626,2982.5593833855887,-0.6451612903225806,5.868847354243383,3088.2448350281466,-0.5645161290322581,0.21943044401975698,105.68545164255784,0.08064516129032251
transition,0.0016781874534517343,S025,102,1070001,1,PR1_HT0_EC1,7,8a6c696decb73f58,False,6.331986570161065,2544.2213926343975,-0.4972375690607735,6.547366059796608,2359.711867877172,-0.3867403314917127,0.2153794896355432,-184.50952475722534,0.11049723756906077
transition,0.0016781874534517343,S025,102,1070001,1,PR1_HT0_EC1,8,67c129f44e9dac6c,False,6.279212223525942,2626.364657079764,-0.4972375690607735,6.546729394708111,2447.0287695366123,-0.4143646408839779,0.26751717118216867,-179.33588754315178,0.08287292817679559
transition,0.0016781874534517343,S025,102,1070001,1,PR1_HT0_EC1,9,a3621f94a3fff0a3,False,6.212938811562757,2421.42530897767,-0.4838709677419355,6.579577978045817,2281.394366073197,-0.3225806451612903,0.3666391664830604,-140.0309429044728,0.16129032258064518
transition,0.0016781874534517343,S025,102,1070001,1,PR1_HT0_EC1,10,d8c3f31ac0a57985,False,6.550311645636121,2026.3730795517795,-0.4435483870967742,6.770896936374542,1905.7958260844514,-0.28225806451612906,0.2205852907384207,-120.57725346732809,0.16129032258064513
transition,0.0016781874534517343,S025,102,1070001,1,PR1_HT0_EC1,11,9b5eb72c24ac8b2f,False,7.000039882101502,1528.2379596143996,-0.22099447513812154,7.082108389046715,1555.3219060043282,-0.11049723756906077,0.0820685069452125,27.083946389928542,0.11049723756906077
transition,0.0016781874534517343,S025,102,1070001,1,PR1_HT0_EC1,12,cb486a1858471cef,False,7.011068519864057,1506.2993506358862,-0.16574585635359115,7.078000500157281,1562.0952327438893,-0.08287292817679558,0.06693198029322378,55.79588210800307,0.08287292817679558
transition,0.0016781874534517343,S025,102,1070001,1,PR1_HT0_EC1,13,e68f98b8c776d830,False,6.983709717575535,1498.7167095164098,-0.16129032258064516,7.060946263450385,1599.199123961355,-0.12096774193548387,0.0772365458748494,100.48241444494533,0.04032258064516128
transition,0.0016781874534517343,S025,102,1070001,1,PR1_HT0_EC1,14,0b060a158caaa674,False,7.017812924375912,1484.3607416573727,-0.15706806282722513,7.06257565256637,1599.199123961355,-0.15706806282722513,0.04476272819045768,114.83838230398237,0.0
transition,0.0016781874534517343,S025,102,1070001,1,PR1_HT0_EC1,15,2cd94eee609934e1,False,7.1754849956214795,1034.9632238239615,-0.12096774193548387,7.235980720618634,919.9861425546703,-0.0,0.06049572499715428,-114.97708126929115,0.12096774193548387
transition,0.0016781874534517343,S025,102,1070001,1,PR1_HT0_EC1,16,34a97646ba1194c2,False,7.299694189603029,497.23063206382767,-0.0,7.299694189603029,497.23063206382767,-0.0,0.0,0.0,0.0
transition,0.0016781874534517343,S025,102,1070001,1,PR1_HT0_EC1,17,e230574ccc6277a0,False,7.207630364956373,919.85784700064,-0.0,7.274679169901102,781.0752894516502,-0.0,0.06704880494472931,-138.78255754898987,0.0
transition,0.0016781874534517343,S025,102,1070001,1,PR1_HT0_EC1,18,031382dd0ebb0e8f,False,7.221955205298501,889.1321476530252,-0.0,7.273481869812727,744.1091496740238,-0.0,0.05152666451422583,-145.0229979790014,0.0
transition,0.0016781874534517343,S025,102,1070001,1,PR1_HT0_EC1,19,71a181d0bb9db506,False,7.196662240933181,937.6254709003279,-0.0,7.274679169901102,748.6272351356249,-0.0,0.07801692896792112,-188.99823576470294,0.0
transition,0.0016781874534517343,S025,102,1070001,1,PR1_HT1_EC0,0,3e9039048ffa5f58,False,4.241883126193066,4175.098120591132,-0.8755301794452233,4.241883126193066,4175.098120591132,-0.8755301794452233,0.0,0.0,0.0
transition,0.0016781874534517343,S025,102,1070001,1,PR1_HT1_EC0,1,aa165ac468b6c4a0,False,4.282981135461567,4064.0234156053266,-0.8755301794452158,4.282981135461567,4064.0234156053266,-0.8755301794452158,0.0,0.0,0.0
transition,0.0016781874534517343,S025,102,1070001,1,PR1_HT1_EC0,2,51014ec09f7ad08b,False,4.281711643099891,4123.217991937008,-0.8755301794452136,4.281711643099891,4123.217991937008,-0.8755301794452136,0.0,0.0,0.0
transition,0.0016781874534517343,S025,102,1070001,1,PR1_HT1_EC0,3,bd0f9cccf9ba143f,False,4.211523217373897,4285.524384253617,-0.8755301794451508,4.211523217373897,4285.524384253617,-0.8755301794451508,0.0,0.0,0.0
transition,0.0016781874534517343,S025,102,1070001,1,PR1_HT1_EC0,4,ee73208bdaf3a193,False,5.190415718365358,3443.3471469871,-0.7853403141361257,5.190415718365358,3443.5610616104673,-0.7853403141361257,0.0,0.2139146233671454,0.0
transition,0.0016781874534517343,S025,102,1070001,1,PR1_HT1_EC0,5,56c7ea36c95be9dc,False,5.184052788449702,3368.1875074483582,-0.7661290322580645,5.184052788449702,3368.1875074483582,-0.7661290322580645,0.0,0.0,0.0
transition,0.0016781874534517343,S025,102,1070001,1,PR1_HT1_EC0,6,a680b37c687f8524,False,5.216153165520179,3357.544908812661,-0.6837606837606838,5.216153165520179,3357.7588234360283,-0.6837606837606838,0.0,0.2139146233671454,0.0
transition,0.0016781874534517343,S025,102,1070001,1,PR1_HT1_EC0,7,cdf56d71b340984c,False,5.264158824522969,3356.2954909501304,-0.6451612903225806,5.264158824522969,3356.2954909501304,-0.6451612903225806,0.0,0.0,0.0
transition,0.0016781874534517343,S025,102,1070001,1,PR1_HT1_EC0,8,68dbc11fcaaadb53,False,5.2798583583346925,3325.3417910280573,-0.6451612903225806,5.2798583583346925,3325.3417910280573,-0.6451612903225806,0.0,0.0,0.0
transition,0.0016781874534517343,S025,102,1070001,1,PR1_HT1_EC0,9,7a699c9ca4eb8a6d,False,5.2761100844332045,3327.600833758858,-0.6410256410256411,5.2761100844332045,3327.600833758858,-0.6410256410256411,0.0,0.0,0.0
transition,0.0016781874534517343,S025,102,1070001,1,PR1_HT1_EC0,10,63f4e0d9c6b04660,False,5.8403151566972875,3226.055394651502,-0.6282722513089005,5.8403151566972875,3226.055394651502,-0.6282722513089005,0.0,0.0,0.0
transition,0.0016781874534517343,S025,102,1070001,1,PR1_HT1_EC0,11,75346c41e0d3e54d,False,5.834563059641514,3139.9195874972784,-0.6048387096774194,5.834563059641514,3139.9195874972784,-0.6048387096774194,0.0,0.0,0.0
transition,0.0016781874534517343,S025,102,1070001,1,PR1_HT1_EC0,12,13c33b747c1b3b10,False,5.868847354243383,3114.476355525128,-0.5645161290322581,5.868847354243383,3088.2448350281466,-0.5645161290322581,0.0,-26.231520496981375,0.0
transition,0.0016781874534517343,S025,102,1070001,1,PR1_HT1_EC0,13,7bcd0e6d38fa182a,False,5.847946284921231,3061.6156675894854,-0.5241935483870968,5.847946284921231,3059.2865886878476,-0.5241935483870968,0.0,-2.3290789016377857,0.0
transition,0.0016781874534517343,S025,102,1070001,1,PR1_HT1_EC0,14,b4209e76d878161b,False,6.128653478432058,2993.4659637434133,-0.4972375690607735,6.128653478432058,2993.4659637434133,-0.4972375690607735,0.0,0.0,0.0
transition,0.0016781874534517343,S025,102,1070001,1,PR1_HT1_EC0,15,b9f2d7dbdda60827,False,6.247220754374321,2931.955255342588,-0.4712041884816754,6.247220754374321,2931.955255342588,-0.4712041884816754,0.0,0.0,0.0
transition,0.0016781874534517343,S025,102,1070001,1,PR1_HT1_EC0,16,3e9a264020cd83b1,False,6.216235048083722,2944.652329376695,-0.4712041884816754,6.216235048083722,2944.652329376695,-0.4712041884816754,0.0,0.0,0.0
transition,0.0016781874534517343,S025,102,1070001,1,PR1_HT1_EC0,17,bdfc20842f4f102a,False,6.15490016541864,2897.3547614739614,-0.4435483870967742,6.15490016541864,2897.3547614739614,-0.4435483870967742,0.0,0.0,0.0
transition,0.0016781874534517343,S025,102,1070001,1,PR1_HT1_EC0,18,f99d07a57bdb0540,False,6.136650285928104,2926.576544613943,-0.42735042735042733,6.136650285928104,2926.576544613943,-0.42735042735042733,0.0,0.0,0.0
transition,0.0016781874534517343,S025,102,1070001,1,PR1_HT1_EC0,19,67c129f44e9dac6c,False,6.546729394708111,2447.0287695366123,-0.4143646408839779,6.546729394708111,2447.0287695366123,-0.4143646408839779,0.0,0.0,0.0
transition,0.0016781874534517343,S025,102,1070001,1,PR1_HT1_EC0,20,0a2d7a21f5486e3a,False,6.183605873666641,2867.7653213926164,-0.4032258064516129,6.183605873666641,2867.7653213926164,-0.4032258064516129,0.0,0.0,0.0
transition,0.0016781874534517343,S025,102,1070001,1,PR1_HT1_EC0,21,f009f7463f4e5a23,False,6.495353181775114,2274.6466123349187,-0.38461538461538464,6.495353181775114,2274.6466123349187,-0.38461538461538464,0.0,0.0,0.0
transition,0.0016781874534517343,S025,102,1070001,1,PR1_HT1_EC0,22,0232da29c8e9d835,False,6.509870318094218,2273.5170909695184,-0.3629032258064516,6.509870318094218,2273.5170909695184,-0.3629032258064516,0.0,0.0,0.0
transition,0.0016781874534517343,S025,102,1070001,1,PR1_HT1_EC0,23,02d43bf1955eec34,False,6.774338475453999,1925.1205225275542,-0.31413612565445026,6.774338475453999,1925.1205225275542,-0.31413612565445026,0.0,0.0,0.0
transition,0.0016781874534517343,S025,102,1070001,1,PR1_HT1_EC0,24,a31fca247f634a58,False,6.770896936374542,1905.7958260844514,-0.28225806451612906,6.770896936374542,1905.7958260844514,-0.28225806451612906,0.0,0.0,0.0
transition,0.0016781874534517343,S025,102,1070001,1,PR1_HT1_EC0,25,fa50b1a3cd5344de,False,6.933130450588063,1888.7934179680049,-0.27624309392265195,6.933130450588063,1888.7934179680049,-0.27624309392265195,0.0,0.0,0.0
transition,0.0016781874534517343,S025,102,1070001,1,PR1_HT1_EC0,26,d95edc2d49aa2bad,False,6.784855669744627,1876.6271992802517,-0.2617801047120419,6.784855669744627,1876.6271992802517,-0.2617801047120419,0.0,0.0,0.0
transition,0.0016781874534517343,S025,102,1070001,1,PR1_HT1_EC0,27,a87232fb5a08a4a0,False,6.766003359969503,1898.3925205937005,-0.2564102564102564,6.766003359969503,1898.3925205937005,-0.2564102564102564,0.0,0.0,0.0
transition,0.0016781874534517343,S025,102,1070001,1,PR1_HT1_EC0,28,0acd55e6b6ac3ed4,False,6.762755129787318,1877.756720645652,-0.24193548387096775,6.762755129787318,1877.756720645652,-0.24193548387096775,0.0,0.0,0.0
transition,0.0016781874534517343,S025,102,1070001,1,PR1_HT1_EC0,29,db571e707b2bec5c,False,6.9397489097892135,1862.7277069597153,-0.22099447513812154,6.9397489097892135,1862.7277069597153,-0.22099447513812154,0.0,0.0,0.0
transition,0.0016781874534517343,S025,102,1070001,1,PR1_HT1_EC0,30,7de2253c853c8d9b,False,6.773533906523888,1876.6271992802517,-0.21367521367521367,6.773533906523888,1876.6271992802517,-0.21367521367521367,0.0,0.0,0.0
transition,0.0016781874534517343,S025,102,1070001,1,PR1_HT1_EC0,31,cec1c6b40ffc1b5b,False,7.0641065408932615,1658.6280963464533,-0.17094017094017094,7.0641065408932615,1658.6280963464533,-0.17094017094017094,0.0,0.0,0.0
transition,0.0016781874534517343,S025,102,1070001,1,PR1_HT1_EC0,32,42a31adb5690637c,False,6.959342770378365,1839.8017670963472,-0.16574585635359115,6.959342770378365,1839.8017670963472,-0.16574585635359115,0.0,0.0,0.0
transition,0.0016781874534517343,S025,102,1070001,1,PR1_HT1_EC0,33,8978aa70b18b31e4,False,7.060177773835461,1564.5634409487348,-0.16129032258064516,7.060177773835461,1564.5634409487348,-0.16129032258064516,0.0,0.0,0.0
transition,0.0016781874534517343,S025,102,1070001,1,PR1_HT1_EC0,34,c3c5676ac1515c73,False,7.085193892201905,1562.9045471238046,-0.10471204188481675,7.085193892201905,1562.9045471238046,-0.10471204188481675,0.0,0.0,0.0
transition,0.0016781874534517343,S025,102,1070001,1,PR1_HT1_EC0,35,fdb278878143a63e,False,6.965338827456287,1829.933383125022,-0.08547008547008547,6.965338827456287,1829.933383125022,-0.08547008547008547,0.0,0.0,0.0
transition,0.0016781874534517343,S025,102,1070001,1,PR1_HT1_EC0,36,6fbbec013d74fc9a,False,7.299694189603029,497.23063206382767,-0.0,7.299694189603029,497.23063206382767,-0.0,0.0,0.0,0.0
transition,0.0016781874534517343,S025,102,1070001,1,PR1_HT1_EC0,37,65f0b1fc6acbe4d2,False,7.273481869812727,744.1091496740238,-0.0,7.273481869812727,744.1091496740238,-0.0,0.0,0.0,0.0
transition,0.0016781874534517343,S025,102,1070001,1,PR1_HT1_EC0,38,795bd1418d862de7,False,7.239198464605875,871.4012635347137,-0.0,7.239198464605875,871.4012635347137,-0.0,0.0,0.0,0.0
transition,0.0016781874534517343,S025,102,1070001,1,PR1_HT1_EC0,39,22e56564b13fe6c0,False,7.234783420530259,927.9534440252401,-0.0,7.234783420530259,927.9534440252401,-0.0,0.0,0.0,0.0
transition,0.0016781874534517343,S025,102,1070001,1,PR1_HT1_EC0,40,951aeff294510a56,False,7.246970225000428,868.0126994385129,-0.0,7.246970225000428,868.0126994385129,-0.0,0.0,0.0,0.0
transition,0.0016781874534517343,S025,102,1070001,1,PR1_HT1_EC0,41,eda5f50914e3d853,False,7.235980720618634,893.8221366006355,-0.0,7.235980720618634,893.8221366006355,-0.0,0.0,0.0,0.0
binding,0.0005782474837716209,S025,102,1070000,0,PR1_HT1_EC1,0,bd3f4ce24defb3a5,True,4.667452695887644,4306.980980790693,-0.7853403141361257,4.667452695887644,4306.980980790693,-0.7853403141361257,0.0,0.0,0.0
binding,0.0005782474837716209,S025,102,1070000,0,PR1_HT1_EC1,1,21b0eb7d58ec37d2,True,4.568201803353472,4317.450545622188,-0.7692307692307693,4.568201803353472,4317.450545622188,-0.7692307692307693,0.0,0.0,0.0
binding,0.0005782474837716209,S025,102,1070000,0,PR1_HT1_EC1,2,8d969cd2817ebcd2,True,4.602319131188946,4310.46133296703,-0.7692307692307693,4.602319131188946,4310.46133296703,-0.7692307692307693,0.0,0.0,0.0
binding,0.0005782474837716209,S025,102,1070000,0,PR1_HT1_EC1,3,d1e80a7583a7a7cb,True,4.691077308220082,4231.550859194607,-0.7458563535911602,4.691077308220082,4231.550859194607,-0.7458563535911602,0.0,0.0,0.0
binding,0.0005782474837716209,S025,102,1070000,0,PR1_HT1_EC1,4,df1c639fdf734db5,True,4.759626245274281,4201.49836139531,-0.7329842931937173,4.759626245274281,4201.49836139531,-0.7329842931937173,0.0,0.0,0.0
binding,0.0005782474837716209,S025,102,1070000,0,PR1_HT1_EC1,5,19c06c13d895f453,True,4.736668755270111,4230.770669971405,-0.7258064516129032,4.736668755270111,4230.770669971405,-0.7258064516129032,0.0,0.0,0.0
binding,0.0005782474837716209,S025,102,1070000,0,PR1_HT1_EC1,6,315a083b626b059f,True,4.770252612056524,4197.639096940303,-0.7068062827225131,4.770252612056524,4197.639096940303,-0.7068062827225131,0.0,0.0,0.0
binding,0.0005782474837716209,S025,102,1070000,0,PR1_HT1_EC1,7,188fa52bdc4be629,True,4.7587356002214145,4186.686310352726,-0.6854838709677419,4.7587356002214145,4186.686310352726,-0.6854838709677419,0.0,0.0,0.0
binding,0.0005782474837716209,S025,102,1070000,0,PR1_HT1_EC1,8,f453e3165a78c342,True,4.74549656482115,4226.601413552724,-0.6629834254143646,4.74549656482115,4226.601413552724,-0.6629834254143646,0.0,0.0,0.0
binding,0.0005782474837716209,S025,102,1070000,0,PR1_HT1_EC1,9,65d633b73f36541e,True,4.8039406557095585,4153.069102388294,-0.6629834254143646,4.8039406557095585,4153.069102388294,-0.6629834254143646,0.0,0.0,0.0
binding,0.0005782474837716209,S025,102,1070000,0,PR1_HT1_EC1,10,3d1a4540469ff94a,True,4.827222293387573,4103.64246103491,-0.6353591160220995,4.827222293387573,4103.64246103491,-0.6353591160220995,0.0,0.0,0.0
binding,0.0005782474837716209,S025,102,1070000,0,PR1_HT1_EC1,11,e476c4bcd1667a43,True,5.507755695849084,3383.192229877503,-0.6020942408376964,5.507755695849084,3383.192229877503,-0.6020942408376964,0.0,0.0,0.0
binding,0.0005782474837716209,S025,102,1070000,0,PR1_HT1_EC1,12,bdc59e69eba40608,True,5.495723701273963,3399.298500647605,-0.6020942408376964,5.495723701273963,3399.298500647605,-0.6020942408376964,0.0,0.0,0.0
binding,0.0005782474837716209,S025,102,1070000,0,PR1_HT1_EC1,13,546c35189b000f68,True,5.5017061849502396,3342.5876218371027,-0.5524861878453039,5.5017061849502396,3342.5876218371027,-0.5524861878453039,0.0,0.0,0.0
binding,0.0005782474837716209,S025,102,1070000,0,PR1_HT1_EC1,14,cad9dc84949d3967,True,5.5921399235904,3276.9559433063523,-0.5248618784530387,5.5921399235904,3276.9559433063523,-0.5248618784530387,0.0,0.0,0.0
binding,0.0005782474837716209,S025,102,1070000,0,PR1_HT1_EC1,15,726a98ab6161609b,True,6.3165081717523215,2679.3708079391527,-0.39267015706806285,6.3165081717523215,2679.3708079391527,-0.39267015706806285,0.0,0.0,0.0
binding,0.0005782474837716209,S025,102,1070000,0,PR1_HT1_EC1,16,593d735696ed9cad,True,6.326330611580361,2664.11495977255,-0.39267015706806285,6.326330611580361,2664.11495977255,-0.39267015706806285,0.0,0.0,0.0
binding,0.0005782474837716209,S025,102,1070000,0,PR1_HT1_EC1,17,7984c39c5d8026cc,True,6.349701178664418,2649.845851579188,-0.39267015706806285,6.349701178664418,2649.845851579188,-0.39267015706806285,0.0,0.0,0.0
binding,0.0005782474837716209,S025,102,1070000,0,PR1_HT1_EC1,18,84b2b424c9947370,True,6.28494983757362,2598.1154803523073,-0.3867403314917127,6.28494983757362,2598.1154803523073,-0.3867403314917127,0.0,0.0,0.0
binding,0.0005782474837716209,S025,102,1070000,0,PR1_HT1_EC1,19,56e6f398dc3b25b2,True,6.2716254611338265,2665.4031023394236,-0.38461538461538464,6.2716254611338265,2665.4031023394236,-0.38461538461538464,0.0,0.0,0.0
binding,0.0005782474837716209,S025,102,1070000,0,PR1_HT1_EC1,20,6a44503ce1c1942b,True,6.233799735935259,2637.152483807057,-0.35911602209944754,6.233799735935259,2637.152483807057,-0.35911602209944754,0.0,0.0,0.0
binding,0.0005782474837716209,S025,102,1070000,0,PR1_HT1_EC1,21,4b90b70ccf899a9d,True,6.650437677183823,2180.213439991245,-0.24861878453038674,6.650437677183823,2180.213439991245,-0.24861878453038674,0.0,0.0,0.0
binding,0.0005782474837716209,S025,102,1070000,0,PR1_HT1_EC1,22,8c9de011002d7952,True,6.2264715996402415,2673.5827686540956,-0.24193548387096775,6.2264715996402415,2673.5827686540956,-0.24193548387096775,0.0,0.0,0.0
binding,0.0005782474837716209,S025,102,1070000,0,PR1_HT1_EC1,23,5bc2cab6162c29f9,True,6.872851271871004,2004.5393143120607,-0.22099447513812154,6.872851271871004,2004.5393143120607,-0.22099447513812154,0.0,0.0,0.0
binding,0.0005782474837716209,S025,102,1070000,0,PR1_HT1_EC1,24,fd4a9f6195cda5c4,True,6.822759256815259,2023.6295308056872,-0.2094240837696335,6.822759256815259,2023.6295308056872,-0.2094240837696335,0.0,0.0,0.0
binding,0.0005782474837716209,S025,102,1070000,0,PR1_HT1_EC1,25,9a3ba780c50954d1,True,7.016697008001151,1754.7488317847553,-0.11049723756906077,7.016697008001151,1754.7488317847553,-0.11049723756906077,0.0,0.0,0.0
binding,0.0005782474837716209,S025,102,1070000,0,PR1_HT1_EC1,26,0ecb9396e777a9fb,True,7.0249221901149745,1744.2644127550973,-0.10471204188481675,7.0249221901149745,1744.2644127550973,-0.10471204188481675,0.0,0.0,0.0
binding,0.0005782474837716209,S025,102,1070000,0,PR1_HT1_EC1,27,99e596ac2338db71,True,7.040263172987516,1714.9081499298543,-0.055248618784530384,7.040263172987516,1714.9081499298543,-0.055248618784530384,0.0,0.0,0.0
binding,0.0005782474837716209,S025,102,1070000,0,PR1_HT1_EC1,28,3073044f7b273396,True,7.014235075389857,1783.1307929573363,-0.042735042735042736,7.014235075389857,1783.1307929573363,-0.042735042735042736,0.0,0.0,0.0
binding,0.0005782474837716209,S025,102,1070000,0,PR1_HT1_EC1,29,246480e29b8176dd,True,7.012950688996262,1784.6991208546162,-0.042735042735042736,7.012950688996262,1784.6991208546162,-0.042735042735042736,0.0,0.0,0.0
binding,0.0005782474837716209,S025,102,1070000,0,PR1_HT1_EC1,30,779b3dd1acf2ea1e,True,7.299257317606529,748.1008775205676,-0.0,7.299257317606529,748.1008775205676,-0.0,0.0,0.0,0.0
binding,0.0005782474837716209,S025,102,1070000,0,PR1_HT1_EC1,31,22bf8b961bc442dc,True,7.253086432951505,1040.8865919186346,-0.0,7.253086432951505,1040.8865919186346,-0.0,0.0,0.0,0.0
binding,0.0005782474837716209,S025,102,1070000,0,PR1_HT1_EC1,32,a95b61250a2a64c2,True,7.181238469917254,1302.0946370974461,-0.0,7.181238469917254,1302.0946370974461,-0.0,0.0,0.0,0.0
binding,0.0005782474837716209,S025,102,1070000,0,PR1_HT1_EC1,33,d50b7c244d852126,True,7.2664919178686525,976.3276693053263,-0.0,7.2664919178686525,976.3276693053263,-0.0,0.0,0.0,0.0
binding,0.0005782474837716209,S025,102,1070000,0,PR1_HT1_EC1,34,c6d4d7a2906ff849,True,7.272745672794231,933.2597657282147,-0.0,7.272745672794231,933.2597657282147,-0.0,0.0,0.0,0.0
binding,0.0005782474837716209,S025,102,1070000,0,PR1_HT1_EC1,35,ed95168385dd218a,True,7.2676892179570265,973.6814445955413,-0.0,7.2676892179570265,973.6814445955413,-0.0,0.0,0.0,0.0
binding,0.0005782474837716209,S025,102,1070000,0,PR0_HT1_EC1,0,5ffdde9becab8ce4,False,5.133333707910856,3558.7017038626827,-0.7068062827225131,4.592384595940473,4292.594230759734,-0.837696335078534,-0.5409491119703826,733.8925268970515,-0.13089005235602091
binding,0.0005782474837716209,S025,102,1070000,0,PR0_HT1_EC1,1,b9c8999c5524da7c,False,5.19920876752066,3548.8588050225503,-0.680628272251309,4.6399876922545555,4291.815698551742,-0.7853403141361257,-0.5592210752661044,742.9568935291913,-0.10471204188481675
binding,0.0005782474837716209,S025,102,1070000,0,PR0_HT1_EC1,2,a1006138108ae0a8,False,5.320471693024606,3488.196260683637,-0.6282722513089005,4.812855598448369,4232.9497994775975,-0.7068062827225131,-0.5076160945762371,744.7535387939606,-0.07853403141361259
binding,0.0005782474837716209,S025,102,1070000,0,PR0_HT1_EC1,3,d1c66113fbd935a6,False,5.295761837827501,3462.1175204431547,-0.5759162303664922,4.759626245274281,4228.000353835713,-0.7329842931937173,-0.5361355925532205,765.8828333925585,-0.15706806282722507
binding,0.0005782474837716209,S025,102,1070000,0,PR0_HT1_EC1,4,30f53b8ddf164c96,False,5.8255401959908255,3046.716350771651,-0.5524861878453039,5.621121492839337,3433.9731015058633,-0.580110497237569,-0.20441870315148858,387.25675073421235,-0.027624309392265123
binding,0.0005782474837716209,S025,102,1070000,0,PR0_HT1_EC1,5,259ae60cf43c5ee2,False,5.896266993703941,3040.0993968711127,-0.5235602094240838,5.495723701273963,3399.298500647605,-0.6020942408376964,-0.4005432924299779,359.1991037764924,-0.07853403141361259
binding,0.0005782474837716209,S025,102,1070000,0,PR0_HT1_EC1,6,ec938c77906d8c26,False,5.8642433887136285,3010.242438305375,-0.4972375690607735,5.5573402973131305,3398.0429098550962,-0.580110497237569,-0.306903091400498,387.80047154972135,-0.08287292817679554
binding,0.0005782474837716209,S025,102,1070000,0,PR0_HT1_EC1,7,62379f98987c1019,False,5.898031697738184,3004.9630181179973,-0.4696132596685083,5.591905828007246,3403.011638439162,-0.5248618784530387,-0.3061258697309386,398.0486203211649,-0.05524861878453036
binding,0.0005782474837716209,S025,102,1070000,0,PR0_HT1_EC1,8,583a6069f6e99644,False,5.796603103435917,3038.7004043905263,-0.4435483870967742,5.54509012031219,3418.228809674698,-0.4838709677419355,-0.2515129831237273,379.52840528417164,-0.04032258064516131
binding,0.0005782474837716209,S025,102,1070000,0,PR0_HT1_EC1,9,b3aaa31431f3bb17,False,5.930837201606376,3001.4566111143254,-0.4419889502762431,5.5017061849502396,3355.6060104588664,-0.5524861878453039,-0.42913101665613684,354.14939934454105,-0.11049723756906082
binding,0.0005782474837716209,S025,102,1070000,0,PR0_HT1_EC1,10,5fed49d84cc62e7c,False,6.691340208744889,2126.7059676417116,-0.31413612565445026,6.343514240091235,2692.06788197326,-0.418848167539267,-0.34782596865365445,565.3619143315482,-0.10471204188481675
binding,0.0005782474837716209,S025,102,1070000,0,PR0_HT1_EC1,11,35f08bafde1fe2c3,False,6.708957624329953,2108.2228977528985,-0.2879581151832461,6.3258937395838615,2662.54663187527,-0.39267015706806285,-0.38306388474609143,554.3237341223717,-0.10471204188481675
binding,0.0005782474837716209,S025,102,1070000,0,PR0_HT1_EC1,12,ee2382bc8549978f,False,6.716916332070461,2055.7757077915408,-0.2879581151832461,6.353321404248038,2624.290422500203,-0.36649214659685864,-0.3635949278224233,568.5147147086623,-0.07853403141361254
binding,0.0005782474837716209,S025,102,1070000,0,PR0_HT1_EC1,13,9c52607ce549c698,False,6.715510704277529,2091.7480685826113,-0.2617801047120419,6.328999367481425,2635.9445703908964,-0.39267015706806285,-0.3865113367961035,544.1965018082851,-0.13089005235602097
binding,0.0005782474837716209,S025,102,1070000,0,PR0_HT1_EC1,14,5d520f5f5b1ae757,False,6.71105150779773,2071.119006535432,-0.21367521367521367,6.343637082077299,2639.6337212440944,-0.3418803418803419,-0.3674144257204315,568.5147147086623,-0.12820512820512822
binding,0.0005782474837716209,S025,102,1070000,0,PR0_HT1_EC1,15,b3abaf5d1a8164ef,False,6.741131498372694,2052.7878946871733,-0.19337016574585636,6.233799735935259,2637.152483807057,-0.35911602209944754,-0.5073317624374356,584.3645891198835,-0.16574585635359118
binding,0.0005782474837716209,S025,102,1070000,0,PR0_HT1_EC1,16,9f0e457f1ccc01b4,False,7.016674459221366,1600.1656806191427,-0.13812154696132597,6.745704031876895,2186.2387134150576,-0.22099447513812154,-0.2709704273444711,586.073032795915,-0.08287292817679556
binding,0.0005782474837716209,S025,102,1070000,0,PR0_HT1_EC1,17,e8fc11e283de0d4b,False,7.01205630173802,1575.5808469308445,-0.11049723756906077,6.647838159433408,2199.0641668214207,-0.27624309392265195,-0.3642181423046118,623.4833198905762,-0.16574585635359118
binding,0.0005782474837716209,S025,102,1070000,0,PR0_HT1_EC1,18,92c9274a51b46a97,False,7.023227539168941,1562.8837728967376,-0.11049723756906077,6.650437677183823,2180.213439991245,-0.24861878453038674,-0.372789861985118,617.3296670945076,-0.13812154696132597
binding,0.0005782474837716209,S025,102,1070000,0,PR0_HT1_EC1,19,f6ea7dadfe8a86ed,False,6.981869484872164,1717.4035279494067,-0.08064516129032258,6.841228060753886,2066.1729008149105,-0.08064516129032258,-0.14064142411827874,348.7693728655038,0.0
binding,0.0005782474837716209,S025,102,1070000,0,PR0_HT1_EC1,20,79bee65bcb834776,False,7.189372963967109,1171.4625256359184,-0.07853403141361257,7.036250752104421,1756.064721832,-0.07853403141361257,-0.15312221186268804,584.6021961960816,0.0
binding,0.0005782474837716209,S025,102,1070000,0,PR0_HT1_EC1,21,5bbd4725fa6ff274,False,7.009406724216497,1660.9387261240831,-0.042735042735042736,6.725092473947937,2267.696913750988,-0.08547008547008547,-0.28431425026855983,606.758187626905,-0.042735042735042736
binding,0.0005782474837716209,S025,102,1070000,0,PR0_HT1_EC1,22,44ce3c11f81e3257,False,7.000203142474521,1676.9225429728754,-0.04032258064516129,6.740270496592924,2265.730834623338,-0.08064516129032258,-0.25993264588159715,588.8082916504627,-0.04032258064516129
binding,0.0005782474837716209,S025,102,1070000,0,PR0_HT1_EC1,23,1ef2f4581b77f5b0,False,7.2003410879903,1157.2715450496278,-0.027624309392265192,7.019758619564734,1766.9781798335296,-0.11049723756906077,-0.18058246842556613,609.7066347839018,-0.08287292817679558
binding,0.0005782474837716209,S025,102,1070000,0,PR0_HT1_EC1,24,27ed518e0d7e7851,False,7.299257317606529,748.1008775205676,-0.0,7.299257317606529,748.1008775205676,-0.0,0.0,0.0,0.0
binding,0.0005782474837716209,S025,102,1070000,0,PR1_HT0_EC1,0,529c95016a337f97,False,4.6125415489446695,4176.896473443326,-0.7853403141361257,4.640424564251054,4361.166399851073,-0.7853403141361257,0.027883015306384706,184.26992640774733,0.0
binding,0.0005782474837716209,S025,102,1070000,0,PR1_HT0_EC1,1,32ebd783f4016e89,False,4.612104676948171,4293.190998286051,-0.7853403141361257,4.6399876922545555,4343.630723446337,-0.7853403141361257,0.027883015306384706,50.43972516028589,0.0
binding,0.0005782474837716209,S025,102,1070000,0,PR1_HT0_EC1,2,3d9a756dbc4feed7,False,4.650946149961094,4061.5136807494655,-0.7734806629834254,4.692804448698554,4310.845281508659,-0.7182320441988951,0.041858298737460053,249.33160075919386,0.05524861878453036
binding,0.0005782474837716209,S025,102,1070000,0,PR1_HT0_EC1,3,541fb3188a00ea85,False,4.603927051882469,4286.984205630744,-0.7692307692307693,4.602319131188946,4310.46133296703,-0.7692307692307693,-0.0016079206935222246,23.477127336285776,0.0
binding,0.0005782474837716209,S025,102,1070000,0,PR1_HT0_EC1,4,554bd0a4da8f0687,False,4.687624204564076,4053.1203098669707,-0.7258064516129032,4.806081777092224,4333.125478881756,-0.5241935483870968,0.11845757252814781,280.0051690147852,0.2016129032258065
binding,0.0005782474837716209,S025,102,1070000,0,PR1_HT0_EC1,5,0a7a5a807c89082f,False,5.49629105691119,3344.145695575756,-0.6282722513089005,5.541965966092805,3499.07844765569,-0.6020942408376964,0.04567490918161532,154.9327520799343,0.02617801047120416
binding,0.0005782474837716209,S025,102,1070000,0,PR1_HT0_EC1,6,f40019febc8822da,False,5.496727928907689,3247.4944195323515,-0.6282722513089005,5.542402838089305,3476.5653936353924,-0.6020942408376964,0.04567490918161532,229.07097410304095,0.02617801047120416
binding,0.0005782474837716209,S025,102,1070000,0,PR1_HT0_EC1,7,7fb87c044e287776,False,4.590228808261473,4262.460808508376,-0.5982905982905983,4.748031565305592,4324.623306050109,-0.7264957264957265,0.15780275704411917,62.16249754173259,-0.1282051282051282
binding,0.0005782474837716209,S025,102,1070000,0,PR1_HT0_EC1,8,50fd4479acfe8317,False,4.590665680257971,4047.4993012850114,-0.5982905982905983,4.8174240146684095,4308.388687152903,-0.5982905982905983,0.22675833441043824,260.88938586789163,0.0
binding,0.0005782474837716209,S025,102,1070000,0,PR1_HT0_EC1,9,eea88ba436fbc781,False,5.542914501916629,3236.8060130615704,-0.580110497237569,5.621121492839337,3433.9731015058633,-0.580110497237569,0.07820699092270811,197.16708844429286,0.0
binding,0.0005782474837716209,S025,102,1070000,0,PR1_HT0_EC1,10,20393ad98027a5fd,False,5.460526652361931,3291.056720170298,-0.5497382198952879,5.495723701273963,3399.298500647605,-0.6020942408376964,0.0351970489120319,108.2417804773072,-0.05235602094240843
binding,0.0005782474837716209,S025,102,1070000,0,PR1_HT0_EC1,11,3d37f0d9fe1f0edb,False,5.4937271192208215,3249.840126633442,-0.5248618784530387,5.502143056946739,3357.174338356146,-0.5524861878453039,0.008415937725917644,107.33421172270391,-0.027624309392265234
binding,0.0005782474837716209,S025,102,1070000,0,PR1_HT0_EC1,12,9211e90071830d2e,False,5.491423239153892,3237.843279422273,-0.5128205128205128,5.516121995577625,3432.6931520413,-0.5128205128205128,0.024698756423732426,194.84987261902688,0.0
binding,0.0005782474837716209,S025,102,1070000,0,PR1_HT0_EC1,13,1a19f06d2fc215df,False,5.57490963392218,3150.7486288091777,-0.4972375690607735,5.5925767955869,3278.5242712036325,-0.5248618784530387,0.017667161664719266,127.77564239445474,-0.02762430939226518
binding,0.0005782474837716209,S025,102,1070000,0,PR1_HT0_EC1,14,2be5e41b13394da5,False,6.239117185187363,2598.3587942678755,-0.4143646408839779,6.366701838315124,2660.243410943171,-0.35911602209944754,0.12758465312776135,61.88461667529555,0.05524861878453036
binding,0.0005782474837716209,S025,102,1070000,0,PR1_HT0_EC1,15,17b7edf84bcadef9,False,6.349701178664418,2588.126222176639,-0.39267015706806285,6.349701178664418,2649.845851579188,-0.39267015706806285,0.0,61.71962940254889,0.0
binding,0.0005782474837716209,S025,102,1070000,0,PR1_HT0_EC1,16,b187bc91a862519c,False,6.351929365950159,2575.4001136405736,-0.3867403314917127,6.351929365950159,2637.119743043123,-0.3867403314917127,0.0,61.719629402549344,0.0
binding,0.0005782474837716209,S025,102,1070000,0,PR1_HT0_EC1,17,19076210383b49c1,False,6.305682754091911,2558.49930092661,-0.38461538461538464,6.404802120620281,2789.000969192192,-0.3418803418803419,0.09911936652837028,230.50166826558188,0.04273504273504275
binding,0.0005782474837716209,S025,102,1070000,0,PR1_HT0_EC1,18,b6c4be265694365e,False,6.340042018860162,2540.6321841191407,-0.36649214659685864,6.353321404248038,2624.290422500203,-0.36649214659685864,0.013279385387876097,83.65823838106235,0.0
binding,0.0005782474837716209,S025,102,1070000,0,PR1_HT0_EC1,19,74d45843c41ee5bf,False,6.21865512978396,2561.0768865454706,-0.35911602209944754,6.233799735935259,2637.152483807057,-0.35911602209944754,0.0151446061512992,76.07559726158615,0.0
binding,0.0005782474837716209,S025,102,1070000,0,PR1_HT0_EC1,20,15db1205eef737e0,False,6.329303846571181,2557.543810760312,-0.3418803418803419,6.3440739540737985,2641.2020491413746,-0.3418803418803419,0.014770107502617869,83.65823838106235,0.0
binding,0.0005782474837716209,S025,102,1070000,0,PR1_HT0_EC1,21,7a56b2fe03d20e92,False,6.620235604816478,2056.3002115732197,-0.27624309392265195,6.647838159433408,2199.0641668214207,-0.27624309392265195,0.027602554616930064,142.763955248201,0.0
binding,0.0005782474837716209,S025,102,1070000,0,PR1_HT0_EC1,22,53e1cbef194fc249,False,6.6225056590505575,2037.4494847430442,-0.24861878453038674,6.650437677183823,2180.213439991245,-0.24861878453038674,0.0279320181332654,142.763955248201,0.0
binding,0.0005782474837716209,S025,102,1070000,0,PR1_HT0_EC1,23,643c29e2219be245,False,6.21038390816814,2591.492858170313,-0.24193548387096775,6.226908471636742,2675.1510965513753,-0.24193548387096775,0.016524563468601983,83.65823838106235,0.0
binding,0.0005782474837716209,S025,102,1070000,0,PR1_HT0_EC1,24,16b2a4d2405f50b8,False,6.613657248772226,2119.0804662049104,-0.17094017094017094,6.646359508120542,2261.844421453112,-0.17094017094017094,0.03270225934831661,142.76395524820146,0.0
binding,0.0005782474837716209,S025,102,1070000,0,PR1_HT0_EC1,25,cf08f5dd505be06a,False,6.9566611699854395,1569.171280451881,-0.16574585635359115,7.016697008001151,1754.7488317847553,-0.11049723756906077,0.06003583801571111,185.57755133287424,0.055248618784530384
binding,0.0005782474837716209,S025,102,1070000,0,PR1_HT0_EC1,26,fc0e93df56b47074,False,6.831643719766527,1858.8102552445025,-0.16574585635359115,6.8578596024289,2068.30676078154,-0.16574585635359115,0.02621588266237307,209.4965055370376,0.0
binding,0.0005782474837716209,S025,102,1070000,0,PR1_HT0_EC1,27,37485f151810837e,False,6.94330095701873,1567.6773738996976,-0.16129032258064516,7.014944184807463,1807.8675846861888,-0.04032258064516129,0.07164322778873355,240.1902107864912,0.12096774193548387
binding,0.0005782474837716209,S025,102,1070000,0,PR1_HT0_EC1,28,56084a7c0911ddc9,False,6.947176713808008,1559.9297455074748,-0.1282051282051282,7.012513816999762,1783.1307929573366,-0.042735042735042736,0.06533710319175423,223.2010474498618,0.08547008547008546
binding,0.0005782474837716209,S025,102,1070000,0,PR1_HT0_EC1,29,433c950c51857d58,False,6.973084075741355,1548.7265780255516,-0.11049723756906077,7.019758619564734,1766.9781798335296,-0.11049723756906077,0.046674543823379544,218.25160180797798,0.0
binding,0.0005782474837716209,S025,102,1070000,0,PR1_HT0_EC1,30,7516a76e6da9e066,False,6.821582496423527,1946.564691158556,-0.08064516129032258,6.844016381595237,2112.183978738567,-0.12096774193548387,0.022433885171709633,165.61928758001113,-0.040322580645161296
binding,0.0005782474837716209,S025,102,1070000,0,PR1_HT0_EC1,31,1b8f042aec018a0c,False,6.818668187543016,1963.5317429945783,-0.08064516129032258,6.844016381595237,2141.8481046086963,-0.12096774193548387,0.025348194052220663,178.31636161411802,-0.040322580645161296
binding,0.0005782474837716209,S025,102,1070000,0,PR1_HT0_EC1,32,c5656b0ac7adf519,False,7.299257317606529,748.1008775205676,-0.0,7.299257317606529,748.1008775205676,-0.0,0.0,0.0,0.0
binding,0.0005782474837716209,S025,102,1070000,0,PR1_HT0_EC1,33,e8386a6fde09b1de,False,7.231909187639802,953.919260040997,-0.0,7.24531467255695,1066.4907995227632,-0.0,0.01340548491714788,112.5715394817662,0.0
binding,0.0005782474837716209,S025,102,1070000,0,PR1_HT0_EC1,34,50313e3d19e9f44b,False,7.247730653092304,936.8536063286947,-0.0,7.253086432951505,1031.2299707327584,-0.0,0.005355779859200993,94.37636440406368,0.0
binding,0.0005782474837716209,S025,102,1070000,0,PR1_HT0_EC1,35,c8d9b8c4215ca2a5,False,7.144433560071601,1265.124828655942,-0.0,7.153967089927492,1348.7830670370045,-0.0,0.009533529855890954,83.65823838106235,0.0
binding,0.0005782474837716209,S025,102,1070000,0,PR1_HT0_EC1,36,a8ceb7b8f388bf21,False,7.1434372632578285,1274.201376327602,-0.0,7.153967089927492,1350.2769735891884,-0.0,0.0105298266696634,76.07559726158638,0.0
binding,0.0005782474837716209,S025,102,1070000,0,PR1_HT0_EC1,37,f4b37e324d2635a0,False,7.146173949173918,1203.4361037501778,-0.0,7.156094435620036,1279.5117010117642,-0.0,0.009920486446118204,76.07559726158638,0.0
binding,0.0005782474837716209,S025,102,1070000,0,PR1_HT0_EC1,38,0d07dc772c9e367e,False,7.2611361380094515,895.1376391291094,-0.0,7.274242297904602,1031.94553490839,-0.0,0.01310615989515096,136.80789577928067,0.0
binding,0.0005782474837716209,S025,102,1070000,0,PR1_HT0_EC1,39,33cf1dc357db76a3,False,7.272745672794231,871.5401363256656,-0.0,7.2730449978162275,994.9793951307637,-0.0,0.00029932502199692124,123.43925880509812,0.0
binding,0.0005782474837716209,S025,102,1070000,0,PR1_HT0_EC1,40,a4fbc96e1382c4ab,False,7.2599388379210765,900.25207204374,-0.0,7.2730449978162275,1052.4032665669124,-0.0,0.01310615989515096,152.15119452317242,0.0
binding,0.0005782474837716209,S025,102,1070000,0,PR1_HT0_EC1,41,300fa09ef8d58997,False,7.261573010005951,882.3499991673522,-0.0,7.268126089953526,953.3111635143077,-0.0,0.006553079947575036,70.96116434695557,0.0
binding,0.0005782474837716209,S025,102,1070000,0,PR1_HT1_EC0,0,fc50ce85bcabe4b2,False,4.215202153176456,4210.121476932916,-0.8755301794452136,4.74615107859443,4329.326160799944,-0.5982905982905983,0.5309489254179738,119.2046838670276,0.27723958115461533
binding,0.0005782474837716209,S025,102,1070000,0,PR1_HT1_EC0,1,0d9d3152bdf41867,False,4.211523217373897,4285.524384253617,-0.8755301794451508,4.85163066150409,4185.63722400587,-0.6353591160220995,0.6401074441301926,-99.88716024774749,0.24017106342305128
binding,0.0005782474837716209,S025,102,1070000,0,PR1_HT1_EC0,2,d5e2eb940881c856,False,4.328848892747315,4071.847026242334,-0.875530179445167,4.782864098285583,4348.802947327273,-0.5982905982905983,0.45401520553826824,276.95592108493884,0.2772395811545687
binding,0.0005782474837716209,S025,102,1070000,0,PR1_HT1_EC0,3,bb6023e24f046608,False,4.242581553045056,4080.301270960677,-0.8755301794452139,4.853803637971465,4339.158335185884,-0.5128205128205128,0.6112220849264087,258.8570642252075,0.36270966662470117
binding,0.0005782474837716209,S025,102,1070000,0,PR1_HT1_EC0,4,ce45fa4c6daf552d,False,5.190415718365358,3445.4862932207698,-0.7853403141361257,5.590065783403841,3488.827205882133,-0.4973821989528796,0.3996500650384833,43.34091266136329,0.2879581151832461
binding,0.0005782474837716209,S025,102,1070000,0,PR1_HT1_EC0,5,49f4df3ec843c65e,False,5.184052788449702,3368.1875074483582,-0.7661290322580645,5.531657542155503,3495.600532621694,-0.5241935483870968,0.34760475370580046,127.41302517333588,0.24193548387096775
binding,0.0005782474837716209,S025,102,1070000,0,PR1_HT1_EC0,6,ec778c6af82bbd24,False,5.216153165520179,3359.6840550463307,-0.6837606837606838,5.556094723579443,3486.38259516593,-0.4700854700854701,0.3399415580592642,126.69854011959933,0.2136752136752137
binding,0.0005782474837716209,S025,102,1070000,0,PR1_HT1_EC0,7,81e95628efeb39b4,False,5.2798583583346925,3325.3417910280573,-0.6451612903225806,5.587652748610232,3476.817129845936,-0.3629032258064516,0.30779439027553934,151.47533881787876,0.282258064516129
binding,0.0005782474837716209,S025,102,1070000,0,PR1_HT1_EC0,8,dd109b2a5901c795,False,5.264158824522969,3356.2954909501304,-0.6451612903225806,5.603854488800712,3503.789300025125,-0.3629032258064516,0.3396956642777429,147.49380907499472,0.282258064516129
binding,0.0005782474837716209,S025,102,1070000,0,PR1_HT1_EC0,9,cf38b59c081b1f78,False,5.2761100844332045,3327.600833758858,-0.6410256410256411,5.541478342786916,3443.9780920980866,-0.5555555555555556,0.26536825835371136,116.37725833922877,0.0854700854700855
binding,0.0005782474837716209,S025,102,1070000,0,PR1_HT1_EC0,10,7d71bc1c6588a0fd,False,5.8403151566972875,3226.055394651502,-0.6282722513089005,6.310826383675572,2687.547475303247,-0.39267015706806285,0.4705112269782843,-538.5079193482547,0.23560209424083767
binding,0.0005782474837716209,S025,102,1070000,0,PR1_HT1_EC0,11,9d6a84ced497b179,False,5.834563059641514,3139.9195874972784,-0.6048387096774194,6.326081623653134,2714.7655044691373,-0.28225806451612906,0.49151856401161975,-425.15408302814103,0.3225806451612903
binding,0.0005782474837716209,S025,102,1070000,0,PR1_HT1_EC0,12,db8de39b36f5d060,False,5.903889914936996,3139.38988435757,-0.5759162303664922,6.330143799366096,2652.843167799875,-0.3403141361256545,0.4262538844290997,-486.5467165576947,0.23560209424083772
binding,0.0005782474837716209,S025,102,1070000,0,PR1_HT1_EC0,13,3ce3e37f425d37e8,False,5.868847354243383,3114.476355525128,-0.5645161290322581,6.31702502810476,2694.4171648248034,-0.24193548387096775,0.44817767386137763,-420.0591907003245,0.32258064516129037
binding,0.0005782474837716209,S025,102,1070000,0,PR1_HT1_EC0,14,07e8e00b0f8a42f5,False,5.950388281666236,3100.060727975451,-0.5555555555555556,6.35434011680239,2668.4798331887705,-0.29914529914529914,0.4039518351361533,-431.58089478668035,0.25641025641025644
binding,0.0005782474837716209,S025,102,1070000,0,PR1_HT1_EC0,15,929113d9f1cf656f,False,5.811200794745219,3125.6303578702054,-0.5128205128205128,6.294576416215048,2659.2238018444805,-0.38461538461538464,0.48337562146982904,-466.40655602572497,0.12820512820512814
binding,0.0005782474837716209,S025,102,1070000,0,PR1_HT1_EC0,16,26abb00d9d86cffa,False,6.16129706530286,2885.304944717846,-0.4712041884816754,6.409294362263113,2764.907749001407,-0.31413612565445026,0.24799729696025263,-120.397195716439,0.15706806282722513
binding,0.0005782474837716209,S025,102,1070000,0,PR1_HT1_EC0,17,a6dc1a5b70f24482,False,6.247220754374321,2860.961588677967,-0.4712041884816754,6.409856445972549,2776.1758347121063,-0.3403141361256545,0.16263569159822833,-84.78575396586075,0.13089005235602091
binding,0.0005782474837716209,S025,102,1070000,0,PR1_HT1_EC0,18,5a42808a4be2a188,False,6.240105590717552,2863.220631408768,-0.4712041884816754,6.402741282315537,2773.0879525637683,-0.3403141361256545,0.16263569159798497,-90.13267884499965,0.13089005235602091
binding,0.0005782474837716209,S025,102,1070000,0,PR1_HT1_EC0,19,66ec51c679f0a811,False,6.216235048083722,2870.2402687705535,-0.4712041884816754,6.419680630181394,2764.1990409131513,-0.36649214659685864,0.20344558209767172,-106.04122785740219,0.10471204188481675
binding,0.0005782474837716209,S025,102,1070000,0,PR1_HT1_EC0,20,1f60b4eb9d1159e0,False,6.188108260170005,2849.3354078395855,-0.42735042735042733,6.412919441393393,2795.620662484491,-0.3418803418803419,0.22481118122338817,-53.71474535509469,0.08547008547008544
binding,0.0005782474837716209,S025,102,1070000,0,PR1_HT1_EC0,21,c660e1f0049d7304,False,6.136650285928104,2926.576544613943,-0.42735042735042733,6.387889870086725,2797.834849271827,-0.21367521367521367,0.251239584158621,-128.74169534211615,0.21367521367521367
binding,0.0005782474837716209,S025,102,1070000,0,PR1_HT1_EC0,22,ee9317cfd79dfd74,False,6.537558421884067,2352.964114138894,-0.4143646408839779,6.708621694783168,2208.608813622591,-0.22099447513812154,0.17106327289910084,-144.35530051630303,0.19337016574585636
binding,0.0005782474837716209,S025,102,1070000,0,PR1_HT1_EC0,23,b6f996c24147d4c9,False,6.183605873666641,2867.7653213926164,-0.4032258064516129,6.424405136313149,2841.0547108894925,-0.16129032258064516,0.24079926264650808,-26.710610503123917,0.24193548387096772
binding,0.0005782474837716209,S025,102,1070000,0,PR1_HT1_EC0,24,b9bd6c1a72193a4f,False,6.556417512573782,2291.0567142947484,-0.39267015706806285,6.725625444531402,2241.9707221067047,-0.2094240837696335,0.16920793195761963,-49.08599218804375,0.18324607329842935
binding,0.0005782474837716209,S025,102,1070000,0,PR1_HT1_EC0,25,21581d8c61163e9a,False,6.509870318094218,2273.5170909695184,-0.3629032258064516,6.618546081879362,2280.327491341925,-0.24193548387096775,0.10867576378514432,6.810400372406548,0.12096774193548387
binding,0.0005782474837716209,S025,102,1070000,0,PR1_HT1_EC0,26,dc7efe3606389d3c,False,6.774338475453999,1925.1205225275542,-0.31413612565445026,6.859679211255122,2054.7562539491364,-0.15706806282722513,0.08534073580112267,129.63573142158225,0.15706806282722513
binding,0.0005782474837716209,S025,102,1070000,0,PR1_HT1_EC0,27,ebc22ec78c55a67e,False,6.822819118066349,1887.4190688672031,-0.31413612565445026,6.871676771424067,2097.4587644528565,-0.2094240837696335,0.04885765335771808,210.03969558565336,0.10471204188481675
binding,0.0005782474837716209,S025,102,1070000,0,PR1_HT1_EC0,28,c0c1fc241f77c507,False,6.508459341670265,2292.367817799694,-0.29914529914529914,6.646359508120542,2262.46755689728,-0.17094017094017094,0.1379001664502777,-29.900260902414175,0.1282051282051282
binding,0.0005782474837716209,S025,102,1070000,0,PR1_HT1_EC0,29,57d175baffb1590e,False,6.770896936374542,1905.7958260844514,-0.28225806451612906,6.841664932750385,2097.824157526248,-0.08064516129032258,0.07076799637584319,192.0283314417968,0.2016129032258065
binding,0.0005782474837716209,S025,102,1070000,0,PR1_HT1_EC0,30,2721de4a6854565a,False,6.941346367879781,1850.8846612186808,-0.2617801047120419,7.0249221901149745,1788.1416307121242,-0.10471204188481675,0.08357582223519344,-62.74303050655658,0.15706806282722513
binding,0.0005782474837716209,S025,102,1070000,0,PR1_HT1_EC0,31,538220dc36aff393,False,6.784855669744627,1876.6271992802517,-0.2617801047120419,6.829749208759335,2015.5355104814155,-0.18324607329842932,0.044893539014707606,138.90831120116377,0.07853403141361257
binding,0.0005782474837716209,S025,102,1070000,0,PR1_HT1_EC0,32,633994e84433dd53,False,6.934484912008222,1850.8846612186805,-0.2564102564102564,7.014671947386358,1784.6991208546165,-0.042735042735042736,0.08018703537813554,-66.18554036406408,0.21367521367521364
binding,0.0005782474837716209,S025,102,1070000,0,PR1_HT1_EC0,33,0e01ee2cbe6870e6,False,6.762755129787318,1877.756720645652,-0.24193548387096775,6.840259819540366,2083.635377019271,-0.08064516129032258,0.0775046897530478,205.87865637361892,0.16129032258064518
binding,0.0005782474837716209,S025,102,1070000,0,PR1_HT1_EC0,34,89a39ddc0427e7fa,False,6.773533906523888,1876.6271992802517,-0.21367521367521367,6.833049675160625,2055.910772186051,-0.08547008547008547,0.05951576863673669,179.28357290579925,0.1282051282051282
binding,0.0005782474837716209,S025,102,1070000,0,PR1_HT1_EC0,35,539c8197b9fe0771,False,6.9480269103416665,1839.9842324493438,-0.2094240837696335,7.043623691034224,1740.6438863926503,-0.05235602094240838,0.09559678069255728,-99.34034605669353,0.15706806282722513
binding,0.0005782474837716209,S025,102,1070000,0,PR1_HT1_EC0,36,44dc953eab97cdf2,False,6.957484841620203,1827.287158415237,-0.2094240837696335,7.027954503960245,1797.3831656565305,-0.10471204188481675,0.07046966234004248,-29.90399275870641,0.10471204188481675
binding,0.0005782474837716209,S025,102,1070000,0,PR1_HT1_EC0,37,f15db4dec8a964a3,False,6.944844794472122,1841.6431262742742,-0.17094017094017094,7.017592284654616,1798.3704965413851,-0.042735042735042736,0.07274749018249427,-43.27262973288907,0.1282051282051282
binding,0.0005782474837716209,S025,102,1070000,0,PR1_HT1_EC0,38,f6ac60db45fe92fd,False,7.064883632643514,1586.5020499272482,-0.16574585635359115,7.158402089004499,1290.3215638534507,-0.0,0.09351845636098499,-296.1804860737975,0.16574585635359115
binding,0.0005782474837716209,S025,102,1070000,0,PR1_HT1_EC0,39,0a50e80eda4f8784,False,7.060177773835461,1564.5634409487348,-0.16129032258064516,7.158402089004499,1334.1987818104774,-0.0,0.09822431516903762,-230.36465913825737,0.16129032258064516
binding,0.0005782474837716209,S025,102,1070000,0,PR1_HT1_EC0,40,06a7db589f8f9d2a,False,6.967558687670083,1809.4756514664994,-0.15706806282722513,7.0249221901149745,1744.2644127550973,-0.10471204188481675,0.05736350244489152,-65.21123871140207,0.05235602094240838
binding,0.0005782474837716209,S025,102,1070000,0,PR1_HT1_EC0,41,674d9d2a9383d5a4,False,7.056556000361754,1569.6778738633654,-0.1282051282051282,7.154403961923991,1350.3513949342844,-0.0,0.09784796156223763,-219.32647892908108,0.1282051282051282
binding,0.0005782474837716209,S025,102,1070000,0,PR1_HT1_EC0,42,94f10a966cac0dd3,False,7.096258227839591,1559.4490080341043,-0.10471204188481675,7.18502054841479,1276.7749103743286,-0.0,0.0887623205751984,-282.6740976597757,0.10471204188481675
binding,0.0005782474837716209,S025,102,1070000,0,PR1_HT1_EC0,43,3bc12b283bc695b5,False,7.299694189603029,497.23063206382767,-0.0,7.299694189603029,749.6692054178475,-0.0,0.0,252.4385733540198,0.0
binding,0.0005782474837716209,S025,102,1070000,0,PR1_HT1_EC0,44,ffe70fe6e6cc549d,False,7.234783420530259,916.415996318924,-0.0,7.241336500477835,1127.7247630601903,-0.0,0.006553079947575924,211.30876674126625,0.0
binding,0.0005782474837716209,S025,102,1070000,0,PR1_HT1_EC0,45,ff1ce977931c92f2,False,7.239198464605875,859.8638158283977,-0.0,7.24575154455345,1086.5421973088562,-0.0,0.006553079947575036,226.67838148045848,0.0
binding,0.0005782474837716209,S025,102,1070000,0,PR1_HT1_EC0,46,70c2bc86b1bea398,False,7.23536069021565,868.3966426845489,-0.0,7.241913770163225,1079.705409425815,-0.0,0.006553079947575036,211.30876674126625,0.0
binding,0.0005782474837716209,S025,102,1070000,0,PR1_HT1_EC0,47,a6cfe6dc4300923a,False,7.273481869812727,744.1091496740238,-0.0,7.273481869812727,996.5477230280436,-0.0,0.0,252.4385733540198,0.0
binding,0.0005782474837716209,S025,102,1070000,0,PR1_HT1_EC0,48,4dd48daf2b99b470,False,7.241614445141227,851.6025974786835,-0.0,7.248167525088803,1041.3253984505143,-0.0,0.006553079947575924,189.7228009718308,0.0
binding,0.0005782474837716209,S025,102,1070000,0,PR1_HT1_EC0,49,fa578f940c6f8fee,False,7.248167525088803,833.8813920139082,-0.0,7.253523304948004,1042.4549198159145,-0.0,0.005355779859200993,208.5735278020063,0.0
binding,0.0005782474837716209,S025,102,1070001,1,PR1_HT1_EC1,0,f887ecb5eae402f6,True,4.568214100407843,4307.993124762185,-0.8638743455497382,4.568214100407843,4307.993124762185,-0.8638743455497382,0.0,0.0,0.0
binding,0.0005782474837716209,S025,102,1070001,1,PR1_HT1_EC1,1,6e52cef6d7cd2a0b,True,4.6399876922545555,4291.815698551742,-0.7853403141361257,4.6399876922545555,4291.815698551742,-0.7853403141361257,0.0,0.0,0.0
binding,0.0005782474837716209,S025,102,1070001,1,PR1_HT1_EC1,2,323748ee62db5af2,True,4.691077308220082,4231.550859194607,-0.7458563535911602,4.691077308220082,4231.550859194607,-0.7458563535911602,0.0,0.0,0.0
binding,0.0005782474837716209,S025,102,1070001,1,PR1_HT1_EC1,3,c0ba0464b7afbe2c,True,4.759626245274281,4228.000353835713,-0.7329842931937173,4.759626245274281,4228.000353835713,-0.7329842931937173,0.0,0.0,0.0
binding,0.0005782474837716209,S025,102,1070001,1,PR1_HT1_EC1,4,9cff0660a7e42203,True,4.690150580698733,4266.184628446603,-0.7182320441988951,4.690150580698733,4266.184628446603,-0.7182320441988951,0.0,0.0,0.0
binding,0.0005782474837716209,S025,102,1070001,1,PR1_HT1_EC1,5,cd26c3afda11ae50,True,4.691195850151421,4230.398541037006,-0.7068062827225131,4.691195850151421,4230.398541037006,-0.7068062827225131,0.0,0.0,0.0
binding,0.0005782474837716209,S025,102,1070001,1,PR1_HT1_EC1,6,fe0d38d223b1662a,True,4.760274518653501,4178.938681960503,-0.6837606837606838,4.760274518653501,4178.938681960503,-0.6837606837606838,0.0,0.0,0.0
binding,0.0005782474837716209,S025,102,1070001,1,PR1_HT1_EC1,7,4bcc4720b8f82c32,True,4.810449771640183,4176.292457250718,-0.6629834254143646,4.810449771640183,4176.292457250718,-0.6629834254143646,0.0,0.0,0.0
binding,0.0005782474837716209,S025,102,1070001,1,PR1_HT1_EC1,8,69c54243450f6fc0,True,5.507755695849084,3383.192229877503,-0.6020942408376964,5.507755695849084,3383.192229877503,-0.6020942408376964,0.0,0.0,0.0
binding,0.0005782474837716209,S025,102,1070001,1,PR1_HT1_EC1,9,63fe538b7d288bb5,True,5.495723701273963,3399.298500647605,-0.6020942408376964,5.495723701273963,3399.298500647605,-0.6020942408376964,0.0,0.0,0.0
binding,0.0005782474837716209,S025,102,1070001,1,PR1_HT1_EC1,10,ba55f7e84f960218,True,6.343514240091235,2692.06788197326,-0.418848167539267,6.343514240091235,2692.06788197326,-0.418848167539267,0.0,0.0,0.0
binding,0.0005782474837716209,S025,102,1070001,1,PR1_HT1_EC1,11,3ecc2428f799507a,True,6.3258937395838615,2662.54663187527,-0.39267015706806285,6.3258937395838615,2662.54663187527,-0.39267015706806285,0.0,0.0,0.0
binding,0.0005782474837716209,S025,102,1070001,1,PR1_HT1_EC1,12,c7b9e9602ac88c3d,True,6.310389511679071,2685.979147405967,-0.39267015706806285,6.310389511679071,2685.979147405967,-0.39267015706806285,0.0,0.0,0.0
binding,0.0005782474837716209,S025,102,1070001,1,PR1_HT1_EC1,13,af7bda45d1ae26c5,True,6.295273769029534,2604.8273503637674,-0.36649214659685864,6.295273769029534,2604.8273503637674,-0.36649214659685864,0.0,0.0,0.0
binding,0.0005782474837716209,S025,102,1070001,1,PR1_HT1_EC1,14,72f4a7180b9b3add,True,6.254166654824829,2669.4849458875774,-0.3629032258064516,6.254166654824829,2669.4849458875774,-0.3629032258064516,0.0,0.0,0.0
binding,0.0005782474837716209,S025,102,1070001,1,PR1_HT1_EC1,15,47521b05d1e1b538,True,6.233799735935259,2637.152483807057,-0.35911602209944754,6.233799735935259,2637.152483807057,-0.35911602209944754,0.0,0.0,0.0
binding,0.0005782474837716209,S025,102,1070001,1,PR1_HT1_EC1,16,8ed9cf468693ab66,True,6.64827503142991,2200.6324947187004,-0.27624309392265195,6.64827503142991,2200.6324947187004,-0.27624309392265195,0.0,0.0,0.0
binding,0.0005782474837716209,S025,102,1070001,1,PR1_HT1_EC1,17,656ab4d989c3ac56,True,6.650437677183823,2180.213439991245,-0.24861878453038674,6.650437677183823,2180.213439991245,-0.24861878453038674,0.0,0.0,0.0
binding,0.0005782474837716209,S025,102,1070001,1,PR1_HT1_EC1,18,1acfb0babae41ce0,True,6.618109209882861,2278.759163444645,-0.24193548387096775,6.618109209882861,2278.759163444645,-0.24193548387096775,0.0,0.0,0.0
binding,0.0005782474837716209,S025,102,1070001,1,PR1_HT1_EC1,19,ed9371d9fce771cc,True,6.822759256815259,2084.625052430906,-0.2094240837696335,6.822759256815259,2084.625052430906,-0.2094240837696335,0.0,0.0,0.0
binding,0.0005782474837716209,S025,102,1070001,1,PR1_HT1_EC1,20,361d3e02da3f795b,True,6.829749208759335,2015.5355104814155,-0.18324607329842932,6.829749208759335,2015.5355104814155,-0.18324607329842932,0.0,0.0,0.0
binding,0.0005782474837716209,S025,102,1070001,1,PR1_HT1_EC1,21,ae522c3393e3bfbd,True,6.645922636124041,2260.2760935558317,-0.17094017094017094,6.645922636124041,2260.2760935558317,-0.17094017094017094,0.0,0.0,0.0
binding,0.0005782474837716209,S025,102,1070001,1,PR1_HT1_EC1,22,df511c093e388b38,True,7.016697008001151,1726.036896066681,-0.11049723756906077,7.016697008001151,1726.036896066681,-0.11049723756906077,0.0,0.0,0.0
binding,0.0005782474837716209,S025,102,1070001,1,PR1_HT1_EC1,23,90f7b34c8042a487,True,7.039826300991017,1713.3398220325744,-0.055248618784530384,7.039826300991017,1713.3398220325744,-0.055248618784530384,0.0,0.0,0.0
binding,0.0005782474837716209,S025,102,1070001,1,PR1_HT1_EC1,24,1c468a9873eee3b9,True,7.012950688996262,1784.6991208546162,-0.042735042735042736,7.012950688996262,1784.6991208546162,-0.042735042735042736,0.0,0.0,0.0
binding,0.0005782474837716209,S025,102,1070001,1,PR1_HT1_EC1,25,c36f1d99412d2bad,True,7.014235075389857,1755.9127637914457,-0.042735042735042736,7.014235075389857,1755.9127637914457,-0.042735042735042736,0.0,0.0,0.0
binding,0.0005782474837716209,S025,102,1070001,1,PR1_HT1_EC1,26,127675de5d13e6c8,True,7.299257317606529,748.1008775205676,-0.0,7.299257317606529,748.1008775205676,-0.0,0.0,0.0,0.0
binding,0.0005782474837716209,S025,102,1070001,1,PR1_HT1_EC1,27,01d172c40d24bacf,True,7.253086432951505,1031.2299707327584,-0.0,7.253086432951505,1031.2299707327584,-0.0,0.0,0.0,0.0
binding,0.0005782474837716209,S025,102,1070001,1,PR1_HT1_EC1,28,e7a04a93302b5de8,True,7.241913770163225,1079.705409425815,-0.0,7.241913770163225,1079.705409425815,-0.0,0.0,0.0,0.0
binding,0.0005782474837716209,S025,102,1070001,1,PR1_HT1_EC1,29,9e671a068b846db5,True,7.240899628481335,1107.394742477498,-0.0,7.240899628481335,1107.394742477498,-0.0,0.0,0.0,0.0
binding,0.0005782474837716209,S025,102,1070001,1,PR1_HT1_EC1,30,1f2542b945351ce5,True,7.177976156194558,1278.2688169265123,-0.0,7.177976156194558,1278.2688169265123,-0.0,0.0,0.0,0.0
binding,0.0005782474837716209,S025,102,1070001,1,PR1_HT1_EC1,31,998c757ac6d7c649,True,7.157965217007999,1288.7532359561706,-0.0,7.157965217007999,1288.7532359561706,-0.0,0.0,0.0,0.0
binding,0.0005782474837716209,S025,102,1070001,1,PR1_HT1_EC1,32,eca8097b8b0a0d57,True,7.153967089927492,1350.2769735891884,-0.0,7.153967089927492,1350.2769735891884,-0.0,0.0,0.0,0.0
binding,0.0005782474837716209,S025,102,1070001,1,PR1_HT1_EC1,33,3911dde8dbc278f4,True,7.272745672794231,933.2597657282147,-0.0,7.272745672794231,933.2597657282147,-0.0,0.0,0.0,0.0
binding,0.0005782474837716209,S025,102,1070001,1,PR1_HT1_EC1,34,aaa35c7863806086,True,7.2664919178686525,976.3276693053263,-0.0,7.2664919178686525,976.3276693053263,-0.0,0.0,0.0,0.0
binding,0.0005782474837716209,S025,102,1070001,1,PR1_HT1_EC1,35,67b4c4f9810b985b,True,7.241336500477835,1099.0071003064409,-0.0,7.241336500477835,1099.0071003064409,-0.0,0.0,0.0,0.0
binding,0.0005782474837716209,S025,102,1070001,1,PR0_HT1_EC1,0,ed538a0f27a004be,False,5.133333707910856,3595.0664797445843,-0.7068062827225131,4.568214100407843,4307.993124762185,-0.8638743455497382,-0.5651196075030125,712.926645017601,-0.15706806282722507
binding,0.0005782474837716209,S025,102,1070001,1,PR0_HT1_EC1,1,42ed67616654040e,False,5.19920876752066,3548.8588050225503,-0.680628272251309,4.6399876922545555,4291.815698551742,-0.7853403141361257,-0.5592210752661044,742.9568935291913,-0.10471204188481675
binding,0.0005782474837716209,S025,102,1070001,1,PR0_HT1_EC1,2,34f975875445f035,False,5.320471693024606,3488.196260683637,-0.6282722513089005,4.812855598448369,4232.9497994775975,-0.7068062827225131,-0.5076160945762371,744.7535387939606,-0.07853403141361259
binding,0.0005782474837716209,S025,102,1070001,1,PR0_HT1_EC1,3,f3f918d05059e27e,False,5.295761837827501,3439.6540257495453,-0.5759162303664922,4.759626245274281,4201.49836139531,-0.7329842931937173,-0.5361355925532205,761.8443356457647,-0.15706806282722507
binding,0.0005782474837716209,S025,102,1070001,1,PR0_HT1_EC1,4,dc9a9d9a33a937c4,False,5.872000353469095,3180.2042254571325,-0.5235602094240838,5.541965966092805,3499.07844765569,-0.6020942408376964,-0.33003438737628965,318.8742221985576,-0.07853403141361259
binding,0.0005782474837716209,S025,102,1070001,1,PR0_HT1_EC1,5,7dee3d4c2cb8a80e,False,5.266017205925072,3487.689685016308,-0.5128205128205128,4.790538416421316,4237.417482538788,-0.6410256410256411,-0.47547878950375644,749.7277975224802,-0.1282051282051283
binding,0.0005782474837716209,S025,102,1070001,1,PR0_HT1_EC1,6,b69e466480ccfd89,False,5.844465752927213,3075.5082324482364,-0.4973821989528796,5.600506575587155,3445.155608654638,-0.5497382198952879,-0.24395917734005756,369.64737620640153,-0.05235602094240832
binding,0.0005782474837716209,S025,102,1070001,1,PR0_HT1_EC1,7,c33e76f1f34dabe3,False,5.887082149914944,3043.8854477539962,-0.44502617801047123,5.5129031480043285,3407.632466837409,-0.5497382198952879,-0.3741790019106155,363.74701908341285,-0.1047120418848167
binding,0.0005782474837716209,S025,102,1070001,1,PR0_HT1_EC1,8,72fceb3167f97247,False,6.691340208744889,2126.7059676417116,-0.31413612565445026,6.343514240091235,2692.06788197326,-0.418848167539267,-0.34782596865365445,565.3619143315482,-0.10471204188481675
binding,0.0005782474837716209,S025,102,1070001,1,PR0_HT1_EC1,9,28998138eb81fb2c,False,6.708957624329953,2108.2228977528985,-0.2879581151832461,6.3258937395838615,2662.54663187527,-0.39267015706806285,-0.38306388474609143,554.3237341223717,-0.10471204188481675
binding,0.0005782474837716209,S025,102,1070001,1,PR0_HT1_EC1,10,1b0b2c9c32537502,False,6.716916332070461,2033.3122130979316,-0.2879581151832461,6.337745812920777,2602.283189030938,-0.3403141361256545,-0.37917051914968436,568.9709759330065,-0.05235602094240838
binding,0.0005782474837716209,S025,102,1070001,1,PR0_HT1_EC1,11,c1bdacdea6ee1b2f,False,6.715510704277529,2091.7480685826113,-0.2617801047120419,6.328999367481425,2635.9445703908964,-0.39267015706806285,-0.3865113367961035,544.1965018082851,-0.13089005235602097
binding,0.0005782474837716209,S025,102,1070001,1,PR0_HT1_EC1,12,77b95f419febdccc,False,6.71105150779773,2071.119006535432,-0.21367521367521367,6.343637082077299,2639.6337212440944,-0.3418803418803419,-0.3674144257204315,568.5147147086623,-0.12820512820512822
binding,0.0005782474837716209,S025,102,1070001,1,PR0_HT1_EC1,13,11c5892f3a5618b9,False,6.741131498372694,2033.1326877231093,-0.19337016574585636,6.2990081451136,2617.585881125975,-0.35911602209944754,-0.44212335325909446,584.4531934028657,-0.16574585635359118
binding,0.0005782474837716209,S025,102,1070001,1,PR0_HT1_EC1,14,fda1ad10394f56a3,False,7.016674459221366,1600.1656806191427,-0.13812154696132597,6.745704031876895,2186.2387134150576,-0.22099447513812154,-0.2709704273444711,586.073032795915,-0.08287292817679556
binding,0.0005782474837716209,S025,102,1070001,1,PR0_HT1_EC1,15,ca7ce13164027ef6,False,6.693540447489418,2119.4194583826884,-0.12096774193548387,6.293094040238933,2694.087396025638,-0.20161290322580644,-0.4004464072504845,574.6679376429497,-0.08064516129032256
binding,0.0005782474837716209,S025,102,1070001,1,PR0_HT1_EC1,16,67c129f44e9dac6c,False,7.01205630173802,1585.8097127601056,-0.11049723756906077,6.7146599886679805,2187.732619967241,-0.22099447513812154,-0.2973963130700392,601.9229072071355,-0.11049723756906077
binding,0.0005782474837716209,S025,102,1070001,1,PR0_HT1_EC1,17,474bf025e69be486,False,6.981869484872164,1641.3966738663846,-0.08064516129032258,6.662842915740114,2264.87999375696,-0.16129032258064516,-0.31902656913204996,623.4833198905756,-0.08064516129032258
binding,0.0005782474837716209,S025,102,1070001,1,PR0_HT1_EC1,18,4a3a295411310183,False,7.195926043914684,1210.3363523889675,-0.05235602094240838,7.03103839806605,1841.696578014522,-0.07853403141361257,-0.16488764584863436,631.3602256255544,-0.02617801047120419
binding,0.0005782474837716209,S025,102,1070001,1,PR0_HT1_EC1,19,95a77e5df8670b97,False,6.994805037875567,1627.473281177486,-0.042735042735042736,6.645922636124041,2260.2760935558317,-0.17094017094017094,-0.34888240175152596,632.8028123783458,-0.1282051282051282
binding,0.0005782474837716209,S025,102,1070001,1,PR0_HT1_EC1,20,99689e59e17d885d,False,7.2003410879903,1157.2715450496278,-0.027624309392265192,7.019758619564734,1766.9781798335296,-0.11049723756906077,-0.18058246842556613,609.7066347839018,-0.08287292817679558
binding,0.0005782474837716209,S025,102,1070001,1,PR0_HT1_EC1,21,478c86fc46e2af91,False,7.193510063379332,1185.6535062222088,-0.0,7.012513816999762,1783.1307929573366,-0.042735042735042736,-0.18099624637956957,597.4772867351278,-0.042735042735042736
binding,0.0005782474837716209,S025,102,1070001,1,PR0_HT1_EC1,22,53c9c819d2979606,False,7.299257317606529,748.1008775205676,-0.0,7.299257317606529,748.1008775205676,-0.0,0.0,0.0,0.0
binding,0.0005782474837716209,S025,102,1070001,1,PR1_HT0_EC1,0,5e4396a853cb724f,False,4.612104676948171,4167.237751368348,-0.7853403141361257,4.6399876922545555,4291.815698551742,-0.7853403141361257,0.027883015306384706,124.57794718339392,0.0
binding,0.0005782474837716209,S025,102,1070001,1,PR1_HT0_EC1,1,ff9cb23651187da8,False,4.6125415489446695,4050.9432265256223,-0.7853403141361257,4.640424564251054,4309.351374956477,-0.7853403141361257,0.027883015306384706,258.4081484308549,0.0
binding,0.0005782474837716209,S025,102,1070001,1,PR1_HT0_EC1,2,8192898bdfb286e8,False,4.7225463507508,4042.3998050410664,-0.7591623036649214,4.769817969818822,4265.522960560352,-0.7591623036649214,0.04727161906802202,223.12315551928532,0.0
binding,0.0005782474837716209,S025,102,1070001,1,PR1_HT0_EC1,3,2b51650eeeff60c9,False,4.729099430698375,3995.188462526976,-0.7329842931937173,4.77209511184569,4227.920809932029,-0.7329842931937173,0.04299568114731489,232.7323474050536,0.0
binding,0.0005782474837716209,S025,102,1070001,1,PR1_HT0_EC1,4,917f46f4f54f79f4,False,4.569679661875524,4032.8077097755145,-0.6837606837606838,4.7789710591562455,4238.864287121221,-0.5555555555555556,0.20929139728072155,206.05657734570696,0.1282051282051282
binding,0.0005782474837716209,S025,102,1070001,1,PR1_HT0_EC1,5,791e219ec1df8b50,False,5.518637104590407,3254.502384813164,-0.6353591160220995,5.632292730270344,3356.178442805728,-0.580110497237569,0.1136556256799377,101.67605799256398,0.05524861878453047
binding,0.0005782474837716209,S025,102,1070001,1,PR1_HT0_EC1,6,18e01725a34e557c,False,5.507355392548629,3273.3966425451813,-0.6282722513089005,5.553030301730315,3407.5203070120024,-0.6020942408376964,0.045674909181686374,134.12366446682108,0.02617801047120416
binding,0.0005782474837716209,S025,102,1070001,1,PR1_HT0_EC1,7,e70ceb29e9f3209a,False,5.49629105691119,3344.145695575756,-0.6282722513089005,5.541965966092805,3499.07844765569,-0.6020942408376964,0.04567490918161532,154.9327520799343,0.02617801047120416
binding,0.0005782474837716209,S025,102,1070001,1,PR1_HT0_EC1,8,cf516b0d03a8a754,False,5.5507872173655555,3222.7113922806993,-0.6077348066298343,5.568511534743943,3406.293179189027,-0.580110497237569,0.017724317378387866,183.58178690832756,0.027624309392265234
binding,0.0005782474837716209,S025,102,1070001,1,PR1_HT0_EC1,9,813685ccf0cc02ad,False,5.557466083369363,3169.6444183240824,-0.6020942408376964,5.501838812366958,3301.320718747465,-0.5497382198952879,-0.05562727100240483,131.6763004233826,0.05235602094240843
binding,0.0005782474837716209,S025,102,1070001,1,PR1_HT0_EC1,10,4770835cfe81761f,False,4.603282907008635,3986.5185570579756,-0.5982905982905983,4.785070728289524,4259.585412060453,-0.5555555555555556,0.18178782128088855,273.06685500247704,0.042735042735042694
binding,0.0005782474837716209,S025,102,1070001,1,PR1_HT0_EC1,11,e010e57433d09c9d,False,5.538731248543092,3236.9347368259514,-0.5645161290322581,5.596864536856636,3362.1401076386037,-0.4032258064516129,0.058133288313543474,125.20537081265229,0.16129032258064524
binding,0.0005782474837716209,S025,102,1070001,1,PR1_HT0_EC1,12,17741f0f91930990,False,5.460526652361931,3208.342474883799,-0.5497382198952879,5.489170621326387,3306.634012328443,-0.6282722513089005,0.02864396896445598,98.29153744464429,-0.07853403141361259
binding,0.0005782474837716209,S025,102,1070001,1,PR1_HT0_EC1,13,17c0f0c59e70626d,False,5.460963524358432,3194.4054441268945,-0.5497382198952879,5.508192567845583,3384.7605577747827,-0.6020942408376964,0.0472290434871514,190.35511364788817,-0.05235602094240843
binding,0.0005782474837716209,S025,102,1070001,1,PR1_HT0_EC1,14,f3079c285dc68694,False,5.493290247224323,3165.5575534496634,-0.5248618784530387,5.5017061849502396,3358.0929804912867,-0.5524861878453039,0.008415937725916756,192.53542704162328,-0.027624309392265234
binding,0.0005782474837716209,S025,102,1070001,1,PR1_HT0_EC1,15,39ae7ddd15f900fe,False,5.57447276192568,3149.1803009118976,-0.4972375690607735,5.5921399235904,3276.9559433063523,-0.5248618784530387,0.017667161664720155,127.77564239445474,-0.02762430939226518
binding,0.0005782474837716209,S025,102,1070001,1,PR1_HT0_EC1,16,1bdb8a40f2c94d49,False,6.200430665524333,2584.0028264088382,-0.44502617801047123,6.3258937395838615,2662.54663187527,-0.39267015706806285,0.12546307405952817,78.54380546643188,0.05235602094240838
binding,0.0005782474837716209,S025,102,1070001,1,PR1_HT0_EC1,17,27189f6958ca015f,False,6.357577080814317,2580.3295441544587,-0.39267015706806285,6.383506117484064,2803.235542068372,-0.39267015706806285,0.025929036669746885,222.90599791391332,0.0
binding,0.0005782474837716209,S025,102,1070001,1,PR1_HT0_EC1,18,c1f8b0f55be8eb6d,False,6.306119626088412,2575.689448442753,-0.38461538461538464,6.4052389926167805,2806.191116708335,-0.3418803418803419,0.0991193665283685,230.50166826558188,0.04273504273504275
binding,0.0005782474837716209,S025,102,1070001,1,PR1_HT0_EC1,19,8ba6dc33ee1adf64,False,6.340042018860162,2540.6321841191407,-0.36649214659685864,6.353321404248038,2624.290422500203,-0.36649214659685864,0.013279385387876097,83.65823838106235,0.0
binding,0.0005782474837716209,S025,102,1070001,1,PR1_HT0_EC1,20,36dc2ea354f047a2,False,6.2236191227019475,2562.570793097654,-0.35911602209944754,6.238572806048277,2638.6463903592403,-0.35911602209944754,0.014953683346329072,76.07559726158615,0.0
binding,0.0005782474837716209,S025,102,1070001,1,PR1_HT0_EC1,21,41f34774eb5487c3,False,6.328866974574682,2555.975482863032,-0.3418803418803419,6.343637082077299,2639.6337212440944,-0.3418803418803419,0.01477010750261698,83.65823838106235,0.0
binding,0.0005782474837716209,S025,102,1070001,1,PR1_HT0_EC1,22,83184eb21016ac85,False,6.629141065075851,2065.0642053522556,-0.2879581151832461,6.668166894242733,2223.3495276338745,-0.2356020942408377,0.039025829166881465,158.28532228161885,0.052356020942408404
binding,0.0005782474837716209,S025,102,1070001,1,PR1_HT0_EC1,23,2b0cbf8407a08089,False,6.6225056590505575,2037.4494847430442,-0.24861878453038674,6.650437677183823,2180.213439991245,-0.24861878453038674,0.0279320181332654,142.763955248201,0.0
binding,0.0005782474837716209,S025,102,1070001,1,PR1_HT0_EC1,24,361d3e02da3f795b,False,6.802473085329704,1903.418644976463,-0.2356020942408377,6.829749208759335,2015.5355104814155,-0.18324607329842932,0.027276123429630594,112.11686550495256,0.05235602094240838
binding,0.0005782474837716209,S025,102,1070001,1,PR1_HT0_EC1,25,1002c8f6dd926593,False,6.613410040725691,2117.512138307631,-0.21367521367521367,6.643109671932703,2260.2760935558317,-0.21367521367521367,0.02969963120701191,142.76395524820055,0.0
binding,0.0005782474837716209,S025,102,1070001,1,PR1_HT0_EC1,26,332b5cd9c91b88fa,False,6.800112456825976,1875.4769487723358,-0.19337016574585636,6.833582205102713,1982.8111604950395,-0.22099447513812154,0.033469748276737654,107.33421172270369,-0.02762430939226518
binding,0.0005782474837716209,S025,102,1070001,1,PR1_HT0_EC1,27,4e1d282693b87172,False,6.614767465717165,2097.4994738037503,-0.17094017094017094,6.645922636124041,2260.8992289999997,-0.17094017094017094,0.03115517040687621,163.39975519624932,0.0
binding,0.0005782474837716209,S025,102,1070001,1,PR1_HT0_EC1,28,30e063c355e82bf4,False,6.970599186735935,1567.6773738996976,-0.15706806282722513,7.036250752104421,1756.064721832,-0.07853403141361257,0.06565156536848615,188.38734793230242,0.07853403141361257
binding,0.0005782474837716209,S025,102,1070001,1,PR1_HT0_EC1,29,8d4ae6264024aa9c,False,6.947613585804509,1561.4980734047547,-0.1282051282051282,7.012950688996262,1784.6991208546162,-0.042735042735042736,0.06533710319175245,223.20104744986156,0.08547008547008546
binding,0.0005782474837716209,S025,102,1070001,1,PR1_HT0_EC1,30,4ea4c7a473ee5c6b,False,6.973084075741355,1548.7265780255516,-0.11049723756906077,7.019758619564734,1766.9781798335296,-0.11049723756906077,0.046674543823379544,218.25160180797798,0.0
binding,0.0005782474837716209,S025,102,1070001,1,PR1_HT0_EC1,31,4bde3744e8532bef,False,6.968986271953168,1557.2965500298824,-0.0,7.017155412658116,1796.8021686441052,-0.042735042735042736,0.04816914070494871,239.50561861422284,-0.042735042735042736
binding,0.0005782474837716209,S025,102,1070001,1,PR1_HT0_EC1,32,fee2ee2d437ebd78,False,7.299257317606529,748.1008775205676,-0.0,7.299257317606529,748.1008775205676,-0.0,0.0,0.0,0.0
binding,0.0005782474837716209,S025,102,1070001,1,PR1_HT0_EC1,33,eafab01dfa4e6245,False,7.232346059636302,955.4875879382769,-0.0,7.24575154455345,1068.059127420043,-0.0,0.01340548491714788,112.5715394817662,0.0
binding,0.0005782474837716209,S025,102,1070001,1,PR1_HT0_EC1,34,520f3afcd1a75bf7,False,7.261573010005951,874.2379855883459,-0.0,7.274679169901102,1001.0658084896447,-0.0,0.01310615989515096,126.82782290129887,0.0
binding,0.0005782474837716209,S025,102,1070001,1,PR1_HT0_EC1,35,4ea485196a571ee9,False,7.272745672794231,871.5401363256656,-0.0,7.2730449978162275,994.9793951307637,-0.0,0.00029932502199692124,123.43925880509812,0.0
binding,0.0005782474837716209,S025,102,1070001,1,PR1_HT0_EC1,36,0d38083cdeb54de7,False,7.2611361380094515,882.3320059126173,-0.0,7.274242297904602,999.4974805923648,-0.0,0.01310615989515096,117.16547467974749,0.0
binding,0.0005782474837716209,S025,102,1070001,1,PR1_HT0_EC1,37,8ddb60415a3b0316,False,7.1434372632578285,1281.9490047198249,-0.0,7.153967089927492,1358.0246019814113,-0.0,0.0105298266696634,76.07559726158638,0.0
binding,0.0005782474837716209,S025,102,1070001,1,PR1_HT0_EC1,38,1daf8fc462c8b352,False,7.162988084103697,1218.4363987163838,-0.0,7.1718731403551335,1302.0946370974461,-0.0,0.008885056251436652,83.65823838106235,0.0
binding,0.0005782474837716209,S025,102,1070001,1,PR1_HT0_EC1,39,fb89a899f8d9f17a,False,7.149918441721934,1261.6692895662418,-0.0,7.159764096912162,1332.6304539131975,-0.0,0.009845655190227731,70.96116434695568,0.0
binding,0.0005782474837716209,S025,102,1070001,1,PR1_HT0_EC1,40,86aa99c975e6eae5,False,7.2599388379210765,890.8648327687685,-0.0,7.2730449978162275,1033.6287880169693,-0.0,0.01310615989515096,142.7639552482009,0.0
binding,0.0005782474837716209,S025,102,1070001,1,PR1_HT0_EC1,41,0a79d0e367b9054d,False,7.247730653092304,936.8536063286947,-0.0,7.253086432951505,1031.2299707327584,-0.0,0.005355779859200993,94.37636440406368,0.0
binding,0.0005782474837716209,S025,102,1070001,1,PR1_HT0_EC1,42,b5c1800a0092aa33,False,7.2322085126618,959.5716740415291,-0.0,7.24531467255695,1076.1474207086394,-0.0,0.013106159895150071,116.57574666711025,0.0
binding,0.0005782474837716209,S025,102,1070001,1,PR1_HT1_EC0,0,3e9039048ffa5f58,False,4.241883126193066,4175.098120591132,-0.8755301794452233,4.756974950066398,4230.871182332214,-0.5645161290322581,0.5150918238733313,55.77306174108162,0.31101405041296515
binding,0.0005782474837716209,S025,102,1070001,1,PR1_HT1_EC0,1,aa165ac468b6c4a0,False,4.282981135461567,4064.0234156053266,-0.8755301794452158,4.812786402295698,4257.157726656005,-0.5645161290322581,0.5298052668341313,193.13431105067866,0.3110140504129577
binding,0.0005782474837716209,S025,102,1070001,1,PR1_HT1_EC0,2,51014ec09f7ad08b,False,4.281711643099891,4123.217991937008,-0.8755301794452136,4.7484684373020905,4294.295632817953,-0.7264957264957265,0.4667567942021993,171.07764088094518,0.14903445294948714
binding,0.0005782474837716209,S025,102,1070001,1,PR1_HT1_EC0,3,bd0f9cccf9ba143f,False,4.211523217373897,4285.524384253617,-0.8755301794451508,4.85163066150409,4185.63722400587,-0.6353591160220995,0.6401074441301926,-99.88716024774749,0.24017106342305128
binding,0.0005782474837716209,S025,102,1070001,1,PR1_HT1_EC0,4,ee73208bdaf3a193,False,5.190415718365358,3443.3471469871,-0.7853403141361257,5.583512703456266,3396.871425651227,-0.5235602094240838,0.3930969850909083,-46.475721335873004,0.26178010471204194
binding,0.0005782474837716209,S025,102,1070001,1,PR1_HT1_EC0,5,56c7ea36c95be9dc,False,5.184052788449702,3368.1875074483582,-0.7661290322580645,5.531657542155503,3495.600532621694,-0.5241935483870968,0.34760475370580046,127.41302517333588,0.24193548387096775
binding,0.0005782474837716209,S025,102,1070001,1,PR1_HT1_EC0,6,a680b37c687f8524,False,5.216153165520179,3357.544908812661,-0.6837606837606838,5.575515239335631,3396.805988995106,-0.4700854700854701,0.3593620738154515,39.26108018244486,0.2136752136752137
binding,0.0005782474837716209,S025,102,1070001,1,PR1_HT1_EC0,7,cdf56d71b340984c,False,5.264158824522969,3356.2954909501304,-0.6451612903225806,5.603854488800712,3503.789300025125,-0.3629032258064516,0.3396956642777429,147.49380907499472,0.282258064516129
binding,0.0005782474837716209,S025,102,1070001,1,PR1_HT1_EC0,8,68dbc11fcaaadb53,False,5.2798583583346925,3325.3417910280573,-0.6451612903225806,5.581099668662656,3529.638679657333,-0.4032258064516129,0.3012413103279634,204.2968886292756,0.24193548387096775
binding,0.0005782474837716209,S025,102,1070001,1,PR1_HT1_EC0,9,7a699c9ca4eb8a6d,False,5.2761100844332045,3327.600833758858,-0.6410256410256411,5.541478342786916,3443.9780920980866,-0.5555555555555556,0.26536825835371136,116.37725833922877,0.0854700854700855
binding,0.0005782474837716209,S025,102,1070001,1,PR1_HT1_EC0,10,63f4e0d9c6b04660,False,5.8403151566972875,3226.055394651502,-0.6282722513089005,6.310826383675572,2687.547475303247,-0.39267015706806285,0.4705112269782843,-538.5079193482547,0.23560209424083767
binding,0.0005782474837716209,S025,102,1070001,1,PR1_HT1_EC0,11,75346c41e0d3e54d,False,5.834563059641514,3139.9195874972784,-0.6048387096774194,6.326081623653134,2714.7655044691373,-0.28225806451612906,0.49151856401161975,-425.15408302814103,0.3225806451612903
binding,0.0005782474837716209,S025,102,1070001,1,PR1_HT1_EC0,12,13c33b747c1b3b10,False,5.868847354243383,3114.476355525128,-0.5645161290322581,6.31702502810476,2694.4171648248034,-0.24193548387096775,0.44817767386137763,-420.0591907003245,0.32258064516129037
binding,0.0005782474837716209,S025,102,1070001,1,PR1_HT1_EC0,13,7bcd0e6d38fa182a,False,5.847946284921231,3061.6156675894854,-0.5241935483870968,6.226908471636742,2675.1510965513753,-0.24193548387096775,0.3789621867155111,-386.4645710381101,0.282258064516129
binding,0.0005782474837716209,S025,102,1070001,1,PR1_HT1_EC0,14,b4209e76d878161b,False,6.128653478432058,2993.4659637434133,-0.4972375690607735,6.418646876350921,2775.282619867662,-0.35911602209944754,0.28999339791886225,-218.18334387575123,0.13812154696132595
binding,0.0005782474837716209,S025,102,1070001,1,PR1_HT1_EC0,15,b9f2d7dbdda60827,False,6.247220754374321,2931.955255342588,-0.4712041884816754,6.409856445972549,2791.9418086587984,-0.3403141361256545,0.16263569159822833,-140.01344668378943,0.13089005235602091
binding,0.0005782474837716209,S025,102,1070001,1,PR1_HT1_EC0,16,3e9a264020cd83b1,False,6.216235048083722,2944.652329376695,-0.4712041884816754,6.419680630181394,2782.7002737143916,-0.36649214659685864,0.20344558209767172,-161.95205566230334,0.10471204188481675
binding,0.0005782474837716209,S025,102,1070001,1,PR1_HT1_EC0,17,bdfc20842f4f102a,False,6.15490016541864,2897.3547614739614,-0.4435483870967742,6.395551618986221,2790.4282720264973,-0.3629032258064516,0.24065145356758055,-106.92648944746406,0.08064516129032256
binding,0.0005782474837716209,S025,102,1070001,1,PR1_HT1_EC0,18,f99d07a57bdb0540,False,6.136650285928104,2926.576544613943,-0.42735042735042733,6.387889870086725,2876.0753602380737,-0.21367521367521367,0.251239584158621,-50.50118437586934,0.21367521367521367
binding,0.0005782474837716209,S025,102,1070001,1,PR1_HT1_EC0,19,67c129f44e9dac6c,False,6.546729394708111,2447.0287695366123,-0.4143646408839779,6.7146599886679805,2187.732619967241,-0.22099447513812154,0.16793059395986987,-259.2961495693712,0.19337016574585636
binding,0.0005782474837716209,S025,102,1070001,1,PR1_HT1_EC0,20,0a2d7a21f5486e3a,False,6.183605873666641,2867.7653213926164,-0.4032258064516129,6.417852056365573,2893.8762607008894,-0.20161290322580644,0.23424618269893216,26.11093930827292,0.20161290322580644
binding,0.0005782474837716209,S025,102,1070001,1,PR1_HT1_EC0,21,f009f7463f4e5a23,False,6.495353181775114,2274.6466123349187,-0.38461538461538464,6.646359508120542,2261.844421453112,-0.17094017094017094,0.15100632634542865,-12.802190881806837,0.2136752136752137
binding,0.0005782474837716209,S025,102,1070001,1,PR1_HT1_EC0,22,0232da29c8e9d835,False,6.509870318094218,2273.5170909695184,-0.3629032258064516,6.618546081879362,2280.327491341925,-0.24193548387096775,0.10867576378514432,6.810400372406548,0.12096774193548387
binding,0.0005782474837716209,S025,102,1070001,1,PR1_HT1_EC0,23,02d43bf1955eec34,False,6.774338475453999,1925.1205225275542,-0.31413612565445026,6.859679211255122,2054.7562539491364,-0.15706806282722513,0.08534073580112267,129.63573142158225,0.15706806282722513
binding,0.0005782474837716209,S025,102,1070001,1,PR1_HT1_EC0,24,a31fca247f634a58,False,6.770896936374542,1905.7958260844514,-0.28225806451612906,6.841664932750385,2097.824157526248,-0.08064516129032258,0.07076799637584319,192.0283314417968,0.2016129032258065
binding,0.0005782474837716209,S025,102,1070001,1,PR1_HT1_EC0,25,fa50b1a3cd5344de,False,6.933130450588063,1888.7934179680049,-0.27624309392265195,7.023686959945225,1803.8577937622367,-0.08287292817679558,0.09055650935716208,-84.93562420576814,0.19337016574585636
binding,0.0005782474837716209,S025,102,1070001,1,PR1_HT1_EC0,26,d95edc2d49aa2bad,False,6.784855669744627,1876.6271992802517,-0.2617801047120419,6.829749208759335,2015.5355104814155,-0.18324607329842932,0.044893539014707606,138.90831120116377,0.07853403141361257
binding,0.0005782474837716209,S025,102,1070001,1,PR1_HT1_EC0,27,a87232fb5a08a4a0,False,6.766003359969503,1898.3925205937005,-0.2564102564102564,6.843927617465069,2062.870277861359,-0.08547008547008547,0.07792425749556653,164.47775726765872,0.17094017094017092
binding,0.0005782474837716209,S025,102,1070001,1,PR1_HT1_EC0,28,0acd55e6b6ac3ed4,False,6.762755129787318,1877.756720645652,-0.24193548387096775,6.840259819540366,2083.635377019271,-0.08064516129032258,0.0775046897530478,205.87865637361892,0.16129032258064518
binding,0.0005782474837716209,S025,102,1070001,1,PR1_HT1_EC0,29,db571e707b2bec5c,False,6.9397489097892135,1862.7277069597153,-0.22099447513812154,7.022538855608649,1780.2602909587931,-0.08287292817679558,0.08278994581943522,-82.46741600092219,0.13812154696132595
binding,0.0005782474837716209,S025,102,1070001,1,PR1_HT1_EC0,30,7de2253c853c8d9b,False,6.773533906523888,1876.6271992802517,-0.21367521367521367,6.833049675160625,2055.910772186051,-0.08547008547008547,0.05951576863673669,179.28357290579925,0.1282051282051282
binding,0.0005782474837716209,S025,102,1070001,1,PR1_HT1_EC0,31,cec1c6b40ffc1b5b,False,7.0641065408932615,1658.6280963464533,-0.17094017094017094,7.156094435620036,1306.3997556321615,-0.0,0.09198789472677493,-352.2283407142918,0.17094017094017094
binding,0.0005782474837716209,S025,102,1070001,1,PR1_HT1_EC0,32,42a31adb5690637c,False,6.959342770378365,1839.8017670963472,-0.16574585635359115,7.023686959945225,1775.1458580441622,-0.08287292817679558,0.06434418956686017,-64.65590905218505,0.08287292817679558
binding,0.0005782474837716209,S025,102,1070001,1,PR1_HT1_EC0,33,8978aa70b18b31e4,False,7.060177773835461,1564.5634409487348,-0.16129032258064516,7.158402089004499,1334.1987818104774,-0.0,0.09822431516903762,-230.36465913825737,0.16129032258064516
binding,0.0005782474837716209,S025,102,1070001,1,PR1_HT1_EC0,34,c3c5676ac1515c73,False,7.085193892201905,1562.9045471238046,-0.10471204188481675,7.177976156194558,1278.2688169265123,-0.0,0.09278226399265321,-284.63573019729233,0.10471204188481675
binding,0.0005782474837716209,S025,102,1070001,1,PR1_HT1_EC0,35,fdb278878143a63e,False,6.965338827456287,1829.933383125022,-0.08547008547008547,7.01931354304412,1754.4932785843584,-0.042735042735042736,0.05397471558783362,-75.44010454066347,0.042735042735042736
binding,0.0005782474837716209,S025,102,1070001,1,PR1_HT1_EC0,36,6fbbec013d74fc9a,False,7.299694189603029,497.23063206382767,-0.0,7.299694189603029,749.6692054178475,-0.0,0.0,252.4385733540198,0.0
binding,0.0005782474837716209,S025,102,1070001,1,PR1_HT1_EC0,37,65f0b1fc6acbe4d2,False,7.273481869812727,744.1091496740238,-0.0,7.273481869812727,996.5477230280436,-0.0,0.0,252.4385733540198,0.0
binding,0.0005782474837716209,S025,102,1070001,1,PR1_HT1_EC0,38,795bd1418d862de7,False,7.239198464605875,871.4012635347137,-0.0,7.24575154455345,1096.1988184947327,-0.0,0.006553079947575036,224.79755496001894,0.0
binding,0.0005782474837716209,S025,102,1070001,1,PR1_HT1_EC0,39,22e56564b13fe6c0,False,7.234783420530259,927.9534440252401,-0.0,7.241336500477835,1137.3813842460668,-0.0,0.006553079947575924,209.4279402208267,0.0
binding,0.0005782474837716209,S025,102,1070001,1,PR1_HT1_EC0,40,951aeff294510a56,False,7.246970225000428,868.0126994385129,-0.0,7.253523304948004,1068.053400384368,-0.0,0.006553079947575924,200.04070094585506,0.0
binding,0.0005782474837716209,S025,102,1070001,1,PR1_HT1_EC0,41,eda5f50914e3d853,False,7.235980720618634,893.8221366006355,-0.0,7.241336500477835,1118.6196915606545,-0.0,0.005355779859200993,224.79755496001894,0.0
