cohort,run_key,solution_id,is_representative,decision_hash,period,end_hours,total_satisfaction,min_satisfaction,zero_service_ratio,remaining_supply,remaining_supply_1,remaining_supply_12,remaining_supply_4,remaining_supply_16,remaining_supply_2,remaining_supply_3
historical_S025,S025:i101:nsga2_alns:s1060000:r0:ea312f1117d4,p0001,False,3e648c67f60139cf,1,8,0.11960912235097136,0.0,0.1111111111111111,883.4024734987006,390.8691774688883,492.5332960298123,,,,
historical_S025,S025:i101:nsga2_alns:s1060000:r0:ea312f1117d4,p0001,False,3e648c67f60139cf,2,16,0.24044559504323046,0.06944444444444445,0.0,746.6155864110633,315.3958212654112,431.2197651456521,,,,
historical_S025,S025:i101:nsga2_alns:s1060000:r0:ea312f1117d4,p0001,False,3e648c67f60139cf,3,24,0.3635784881701598,0.20833333333333334,0.0,607.2291513913792,239.14800699676687,368.0811443946124,,,,
historical_S025,S025:i101:nsga2_alns:s1060000:r0:ea312f1117d4,p0001,False,3e648c67f60139cf,4,32,0.48871567757816375,0.3472222222222222,0.0,465.5738529815188,161.45115143338433,304.1227015481345,,,,
historical_S025,S025:i101:nsga2_alns:s1060000:r0:ea312f1117d4,p0001,False,3e648c67f60139cf,5,40,0.611185238651446,0.4513888888888889,0.0,326.93830984656324,82.48958491703111,244.44872492953215,,,,
historical_S025,S025:i101:nsga2_alns:s1060000:r0:ea312f1117d4,p0001,False,3e648c67f60139cf,6,48,0.7357434774681871,0.5902777777777778,0.0,185.93838350601237,5.211291879695459,180.7270916263169,,,,
historical_S025,S025:i101:nsga2_alns:s1060000:r0:ea312f1117d4,p0001,False,3e648c67f60139cf,7,56,0.8444568519834598,0.5902777777777778,0.0,62.874843554723796,0.0,62.874843554723796,,,,
historical_S025,S025:i101:nsga2_alns:s1060000:r0:ea312f1117d4,p0001,False,3e648c67f60139cf,8,64,0.8999999999998318,0.8999999999998317,0.0,1.9061019429500448e-10,0.0,1.9061019429500448e-10,,,,
historical_S025,S025:i101:nsga2_alns:s1060000:r0:ea312f1117d4,p0001,False,3e648c67f60139cf,9,72,0.8999999999998318,0.8999999999998317,0.0,1.9061019429500448e-10,0.0,1.9061019429500448e-10,,,,
historical_S025,S025:i101:nsga2_alns:s1060000:r0:ea312f1117d4,p0002,False,352174b29453b648,1,8,0.11743185705856614,0.0,0.2222222222222222,885.8671378097033,408.6518629811868,477.2152748285165,,,,
historical_S025,S025:i101:nsga2_alns:s1060000:r0:ea312f1117d4,p0002,False,352174b29453b648,2,16,0.23412833522952142,0.034722222222222224,0.0,753.7667245201819,348.8790477384797,404.8876767817022,,,,
historical_S025,S025:i101:nsga2_alns:s1060000:r0:ea312f1117d4,p0002,False,352174b29453b648,3,24,0.3536478762484609,0.1736111111111111,0.0,618.4706040867425,289.4805403491875,328.990063737555,,,,
historical_S025,S025:i101:nsga2_alns:s1060000:r0:ea312f1117d4,p0002,False,352174b29453b648,4,32,0.4756313625794976,0.3125,0.0,480.3852975600089,228.64509397053624,251.74020358947263,,,,
historical_S025,S025:i101:nsga2_alns:s1060000:r0:ea312f1117d4,p0002,False,352174b29453b648,5,40,0.5997653594829689,0.4513888888888889,0.0,339.8656130652794,166.55549942821102,173.31011363706833,,,,
historical_S025,S025:i101:nsga2_alns:s1060000:r0:ea312f1117d4,p0002,False,352174b29453b648,6,48,0.7213593426464031,0.5555555555555556,0.0,202.22122412427183,103.37129500414945,98.8499291201224,,,,
historical_S025,S025:i101:nsga2_alns:s1060000:r0:ea312f1117d4,p0002,False,352174b29453b648,7,56,0.8451533844885918,0.6944444444444444,0.0,62.08636875891424,41.47995757402089,20.606411184893354,,,,
historical_S025,S025:i101:nsga2_alns:s1060000:r0:ea312f1117d4,p0002,False,352174b29453b648,8,64,0.8999999999998133,0.8999999999998132,0.0,2.1150725615370902e-10,2.1150725615370902e-10,0.0,,,,
historical_S025,S025:i101:nsga2_alns:s1060000:r0:ea312f1117d4,p0002,False,352174b29453b648,9,72,0.8999999999998133,0.8999999999998132,0.0,2.1150725615370902e-10,2.1150725615370902e-10,0.0,,,,
historical_S025,S025:i101:nsga2_alns:s1060000:r0:ea312f1117d4,p0003,False,37c146a665593b53,1,8,0.11743185705856614,0.0,0.2222222222222222,885.8671378097033,412.87889478329055,472.98824302641276,,,,
historical_S025,S025:i101:nsga2_alns:s1060000:r0:ea312f1117d4,p0003,False,37c146a665593b53,2,16,0.24296225749100553,0.10416666666666667,0.0,743.7667245201819,336.50904374298227,407.25768077719965,,,,
historical_S025,S025:i101:nsga2_alns:s1060000:r0:ea312f1117d4,p0003,False,37c146a665593b53,3,24,0.3701919709432098,0.24305555555555555,0.0,599.7426888922867,266.7141411021829,333.02854779010374,,,,
historical_S025,S025:i101:nsga2_alns:s1060000:r0:ea312f1117d4,p0003,False,37c146a665593b53,4,32,0.48565394699478504,0.2777777777777778,0.0,469.03973200190353,195.97442042297948,273.0653115789241,,,,
historical_S025,S025:i101:nsga2_alns:s1060000:r0:ea312f1117d4,p0003,False,37c146a665593b53,5,40,0.6129299472944647,0.4861111111111111,0.0,324.9632996626662,131.7775617381455,193.1857379245207,,,,
historical_S025,S025:i101:nsga2_alns:s1060000:r0:ea312f1117d4,p0003,False,37c146a665593b53,6,48,0.7284323221141943,0.5208333333333334,0.0,194.2146113667323,61.012105571607776,133.20250579512452,,,,
historical_S025,S025:i101:nsga2_alns:s1060000:r0:ea312f1117d4,p0003,False,37c146a665593b53,7,56,0.8529103534691574,0.7291666666666666,0.0,53.30547987291391,0.0,53.30547987291391,,,,
historical_S025,S025:i101:nsga2_alns:s1060000:r0:ea312f1117d4,p0003,False,37c146a665593b53,8,64,0.8999999999999773,0.8999999999999773,0.0,2.5970336992031662e-11,0.0,2.5970336992031662e-11,,,,
historical_S025,S025:i101:nsga2_alns:s1060000:r0:ea312f1117d4,p0003,False,37c146a665593b53,9,72,0.8999999999999773,0.8999999999999773,0.0,2.5970336992031662e-11,0.0,2.5970336992031662e-11,,,,
historical_S025,S025:i101:nsga2_alns:s1060000:r0:ea312f1117d4,p0004,False,4277c70ea192f682,1,8,0.11960912235097136,0.0,0.1111111111111111,883.4024734987006,390.8691774688883,492.5332960298123,,,,
historical_S025,S025:i101:nsga2_alns:s1060000:r0:ea312f1117d4,p0004,False,4277c70ea192f682,2,16,0.24044559504323046,0.06944444444444445,0.0,746.6155864110633,315.3958212654112,431.2197651456521,,,,
historical_S025,S025:i101:nsga2_alns:s1060000:r0:ea312f1117d4,p0004,False,4277c70ea192f682,3,24,0.3635784881701598,0.20833333333333334,0.0,607.2291513913792,239.14800699676687,368.0811443946124,,,,
historical_S025,S025:i101:nsga2_alns:s1060000:r0:ea312f1117d4,p0004,False,4277c70ea192f682,4,32,0.48871567757816375,0.3472222222222222,0.0,465.5738529815188,161.45115143338433,304.1227015481345,,,,
historical_S025,S025:i101:nsga2_alns:s1060000:r0:ea312f1117d4,p0004,False,4277c70ea192f682,5,40,0.611185238651446,0.4513888888888889,0.0,326.93830984656324,82.48958491703111,244.44872492953215,,,,
historical_S025,S025:i101:nsga2_alns:s1060000:r0:ea312f1117d4,p0004,False,4277c70ea192f682,6,48,0.7357434774681871,0.5902777777777778,0.0,185.93838350601237,5.211291879695459,180.7270916263169,,,,
historical_S025,S025:i101:nsga2_alns:s1060000:r0:ea312f1117d4,p0004,False,4277c70ea192f682,7,56,0.8410926346147485,0.5902777777777778,0.0,66.68313761610494,0.0,66.68313761610494,,,,
historical_S025,S025:i101:nsga2_alns:s1060000:r0:ea312f1117d4,p0004,False,4277c70ea192f682,8,64,0.8999999999998318,0.8999999999998317,0.0,1.9062440514971968e-10,0.0,1.9062440514971968e-10,,,,
historical_S025,S025:i101:nsga2_alns:s1060000:r0:ea312f1117d4,p0004,False,4277c70ea192f682,9,72,0.8999999999998318,0.8999999999998317,0.0,1.9062440514971968e-10,0.0,1.9062440514971968e-10,,,,
historical_S025,S025:i101:nsga2_alns:s1060000:r0:ea312f1117d4,p0005,True,f004bfeb0ef6bd44,1,8,0.11743185705856614,0.0,0.2222222222222222,885.8671378097033,427.017587362741,458.8495504469623,,,,
historical_S025,S025:i101:nsga2_alns:s1060000:r0:ea312f1117d4,p0005,True,f004bfeb0ef6bd44,2,16,0.24296225749100553,0.10416666666666667,0.0,743.7667245201819,362.038626457094,381.72809806308794,,,,
historical_S025,S025:i101:nsga2_alns:s1060000:r0:ea312f1117d4,p0005,True,f004bfeb0ef6bd44,3,24,0.3701919709432098,0.24305555555555555,0.0,599.7426888922867,304.4201726583046,295.32251623398207,,,,
historical_S025,S025:i101:nsga2_alns:s1060000:r0:ea312f1117d4,p0005,True,f004bfeb0ef6bd44,4,32,0.48565394699478504,0.2777777777777778,0.0,469.03973200190353,246.0217341839262,223.01799781797735,,,,
historical_S025,S025:i101:nsga2_alns:s1060000:r0:ea312f1117d4,p0005,True,f004bfeb0ef6bd44,5,40,0.6129299472944647,0.4861111111111111,0.0,324.96329966266615,193.0246871761226,131.93861248654355,,,,
historical_S025,S025:i101:nsga2_alns:s1060000:r0:ea312f1117d4,p0005,True,f004bfeb0ef6bd44,6,48,0.7284323221141943,0.5208333333333334,0.0,194.21461136673224,134.60500303863913,59.60960832809312,,,,
historical_S025,S025:i101:nsga2_alns:s1060000:r0:ea312f1117d4,p0005,True,f004bfeb0ef6bd44,7,56,0.8544263136075175,0.7291666666666666,0.0,51.58941299629035,51.58941299629035,0.0,,,,
historical_S025,S025:i101:nsga2_alns:s1060000:r0:ea312f1117d4,p0005,True,f004bfeb0ef6bd44,8,64,0.8999999999999773,0.8999999999999773,0.0,2.5920599000528455e-11,2.5920599000528455e-11,0.0,,,,
historical_S025,S025:i101:nsga2_alns:s1060000:r0:ea312f1117d4,p0005,True,f004bfeb0ef6bd44,9,72,0.8999999999999773,0.8999999999999773,0.0,2.5920599000528455e-11,2.5920599000528455e-11,0.0,,,,
historical_S025,S025:i101:nsga2_alns:s1060000:r0:ea312f1117d4,p0006,False,2b0dc1f4a658a7ec,1,8,0.11743185705856614,0.0,0.2222222222222222,885.8671378097033,408.6518629811868,477.2152748285165,,,,
historical_S025,S025:i101:nsga2_alns:s1060000:r0:ea312f1117d4,p0006,False,2b0dc1f4a658a7ec,2,16,0.23854303518332556,0.0,0.1111111111111111,748.7692841724756,318.8790477384797,429.89023643399594,,,,
historical_S025,S025:i101:nsga2_alns:s1060000:r0:ea312f1117d4,p0006,False,2b0dc1f4a658a7ec,3,24,0.35850150762990224,0.0,0.1111111111111111,612.9762933629509,231.89386171329772,381.08243164965313,,,,
historical_S025,S025:i101:nsga2_alns:s1060000:r0:ea312f1117d4,p0006,False,2b0dc1f4a658a7ec,4,32,0.47924015330422837,0.13157894736842105,0.0,476.30014645961364,153.56097920583636,322.7391672537773,,,,
historical_S025,S025:i101:nsga2_alns:s1060000:r0:ea312f1117d4,p0006,False,2b0dc1f4a658a7ec,5,40,0.6007065930855549,0.2631578947368421,0.0,338.8001366271521,74.71864358027064,264.08149304688146,,,,
historical_S025,S025:i101:nsga2_alns:s1060000:r0:ea312f1117d4,p0006,False,2b0dc1f4a658a7ec,6,48,0.7232062563471364,0.4605263157894737,0.0,200.13051781504186,0.0,200.13051781504186,,,,
historical_S025,S025:i101:nsga2_alns:s1060000:r0:ea312f1117d4,p0006,False,2b0dc1f4a658a7ec,7,56,0.8418137278495227,0.7464663103994671,0.0,65.8668600743405,0.0,65.8668600743405,,,,
historical_S025,S025:i101:nsga2_alns:s1060000:r0:ea312f1117d4,p0006,False,2b0dc1f4a658a7ec,8,64,0.8999999999999436,0.8999999999999435,0.0,6.403411134670023e-11,0.0,6.403411134670023e-11,,,,
historical_S025,S025:i101:nsga2_alns:s1060000:r0:ea312f1117d4,p0006,False,2b0dc1f4a658a7ec,9,72,0.8999999999999436,0.8999999999999435,0.0,6.403411134670023e-11,0.0,6.403411134670023e-11,,,,
historical_S025,S025:i101:nsga2_alns:s1060001:r1:6042496f55c9,p0001,True,4bb529504ddde22b,1,8,0.12102551536373915,0.0,0.1111111111111111,881.7991166082475,387.23843541937424,494.5606811888732,,,,
historical_S025,S025:i101:nsga2_alns:s1060001:r1:6042496f55c9,p0001,True,4bb529504ddde22b,2,16,0.2416818108529298,0.06944444444444445,0.0,745.2161901144837,285.0267552889087,460.18943482557495,,,,
historical_S025,S025:i101:nsga2_alns:s1060001:r1:6042496f55c9,p0001,True,4bb529504ddde22b,3,24,0.36465744684523554,0.20833333333333334,0.0,606.0077701711936,180.08472326454006,425.9230469066535,,,,
historical_S025,S025:i101:nsga2_alns:s1060001:r1:6042496f55c9,p0001,True,4bb529504ddde22b,4,32,0.4896573835594496,0.3472222222222222,0.0,464.50784181070327,73.50987552589112,390.99796628481215,,,,
historical_S025,S025:i101:nsga2_alns:s1060001:r1:6042496f55c9,p0001,True,4bb529504ddde22b,5,40,0.6075901905151627,0.4166666666666667,0.0,331.0079043368361,0.0,331.0079043368361,,,,
historical_S025,S025:i101:nsga2_alns:s1060001:r1:6042496f55c9,p0001,True,4bb529504ddde22b,6,48,0.72910496078335,0.625,0.0,193.45318439324814,0.0,193.45318439324814,,,,
historical_S025,S025:i101:nsga2_alns:s1060001:r1:6042496f55c9,p0001,True,4bb529504ddde22b,7,56,0.8535055530843245,0.635417100873648,0.0,52.63171390854494,0.0,52.63171390854494,,,,
historical_S025,S025:i101:nsga2_alns:s1060001:r1:6042496f55c9,p0001,True,4bb529504ddde22b,8,64,0.8999999999999527,0.8999999999999527,0.0,5.3731241678178776e-11,0.0,5.3731241678178776e-11,,,,
historical_S025,S025:i101:nsga2_alns:s1060001:r1:6042496f55c9,p0001,True,4bb529504ddde22b,9,72,0.8999999999999527,0.8999999999999527,0.0,5.3731241678178776e-11,0.0,5.3731241678178776e-11,,,,
historical_S025,S025:i101:nsga2_alns:s1060002:r2:094a953d55dc,p0001,True,e315e9b7a2f04bfe,1,8,0.1202529373567749,0.0,0.1111111111111111,882.673674912131,418.27200432390566,464.40167058822533,,,,
historical_S025,S025:i101:nsga2_alns:s1060002:r2:094a953d55dc,p0001,True,e315e9b7a2f04bfe,2,16,0.24100751132036652,0.06944444444444445,0.0,745.9794971853453,354.99995307485153,390.97954411049375,,,,
historical_S025,S025:i101:nsga2_alns:s1060002:r2:094a953d55dc,p0001,True,e315e9b7a2f04bfe,3,24,0.3640689239316922,0.20833333333333334,0.0,606.6739781093247,281.505676808984,325.16830130034066,,,,
historical_S025,S025:i101:nsga2_alns:s1060002:r2:094a953d55dc,p0001,True,e315e9b7a2f04bfe,4,32,0.48914372575170395,0.3472222222222222,0.0,465.08930244907134,206.98947102204858,258.09983142702276,,,,
historical_S025,S025:i101:nsga2_alns:s1060002:r2:094a953d55dc,p0001,True,e315e9b7a2f04bfe,5,40,0.607141874336744,0.4166666666666667,0.0,331.51539825080596,141.58133381574135,189.9340644350646,,,,
historical_S025,S025:i101:nsga2_alns:s1060002:r2:094a953d55dc,p0001,True,e315e9b7a2f04bfe,6,48,0.7277975022538989,0.5555555555555556,0.0,194.9332274485866,69.30815399247899,125.62507345610759,,,,
historical_S025,S025:i101:nsga2_alns:s1060002:r2:094a953d55dc,p0001,True,e315e9b7a2f04bfe,7,56,0.8471132895395252,0.6656785473970755,0.0,59.86775624125758,0.0,59.86775624125758,,,,
historical_S025,S025:i101:nsga2_alns:s1060002:r2:094a953d55dc,p0001,True,e315e9b7a2f04bfe,8,64,0.8999999999997441,0.899999999999744,0.0,2.8988722533540567e-10,0.0,2.8988722533540567e-10,,,,
historical_S025,S025:i101:nsga2_alns:s1060002:r2:094a953d55dc,p0001,True,e315e9b7a2f04bfe,9,72,0.8999999999997441,0.899999999999744,0.0,2.8988722533540567e-10,0.0,2.8988722533540567e-10,,,,
historical_S025,S025:i101:nsga2_ls:s1060000:r0:09278e7b2cfa,p0001,False,2e936904a5e41510,1,8,0.11424009539349957,0.0,0.2222222222222222,889.4802120145587,408.3294248185663,481.1507871959924,,,,
historical_S025,S025:i101:nsga2_ls:s1060000:r0:09278e7b2cfa,p0001,False,2e936904a5e41510,2,16,0.24067123017749917,0.0,0.1111111111111111,746.3601674390711,348.1636561112424,398.1965113278287,,,,
historical_S025,S025:i101:nsga2_ls:s1060000:r0:09278e7b2cfa,p0001,False,2e936904a5e41510,3,24,0.3581883984603135,0.0,0.1111111111111111,613.3307329429254,282.6723282935651,330.65840464936025,,,,
historical_S025,S025:i101:nsga2_ls:s1060000:r0:09278e7b2cfa,p0001,False,2e936904a5e41510,4,32,0.4833650267296804,0.19736842105263158,0.0,471.630789742002,206.7984351227202,264.8323546192818,,,,
historical_S025,S025:i101:nsga2_ls:s1060000:r0:09278e7b2cfa,p0001,False,2e936904a5e41510,5,40,0.6045545315462756,0.2631578947368421,0.0,334.4442702896162,136.95694167922036,197.48732861039585,,,,
historical_S025,S025:i101:nsga2_ls:s1060000:r0:09278e7b2cfa,p0001,False,2e936904a5e41510,6,48,0.7352754830357395,0.5263157894736842,0.0,186.46815320354304,54.18077818434736,132.28737501919568,,,,
historical_S025,S025:i101:nsga2_ls:s1060000:r0:09278e7b2cfa,p0001,False,2e936904a5e41510,7,56,0.8442258858135362,0.5263157894736842,0.0,63.13629725907727,0.0,63.13629725907727,,,,
historical_S025,S025:i101:nsga2_ls:s1060000:r0:09278e7b2cfa,p0001,False,2e936904a5e41510,8,64,0.8999999999997319,0.8999999999997318,0.0,3.037143869732972e-10,0.0,3.037143869732972e-10,,,,
historical_S025,S025:i101:nsga2_ls:s1060000:r0:09278e7b2cfa,p0001,False,2e936904a5e41510,9,72,0.8999999999997319,0.8999999999997318,0.0,3.037143869732972e-10,0.0,3.037143869732972e-10,,,,
historical_S025,S025:i101:nsga2_ls:s1060000:r0:09278e7b2cfa,p0002,True,a7a66674d210ea2b,1,8,0.11497365430918585,0.0,0.2222222222222222,888.6498233220018,405.6041598009284,483.0456635210734,,,,
historical_S025,S025:i101:nsga2_ls:s1060000:r0:09278e7b2cfa,p0002,True,a7a66674d210ea2b,2,16,0.24108778310472498,0.12345679012345678,0.0,745.8886295254515,324.57840251866276,421.31022700678875,,,,
historical_S025,S025:i101:nsga2_ls:s1060000:r0:09278e7b2cfa,p0002,True,a7a66674d210ea2b,3,24,0.36240466025255386,0.21604938271604937,0.0,608.5579245941092,248.02712633997743,360.5307982541318,,,,
historical_S025,S025:i101:nsga2_ls:s1060000:r0:09278e7b2cfa,p0002,True,a7a66674d210ea2b,4,32,0.4928617016252444,0.4012345679012346,0.0,460.8805537602235,174.38778191093755,286.49277184928593,,,,
historical_S025,S025:i101:nsga2_ls:s1060000:r0:09278e7b2cfa,p0002,True,a7a66674d210ea2b,5,40,0.6090660568652795,0.43209876543209874,0.0,329.3372236285039,95.20035779758315,234.13686583092078,,,,
historical_S025,S025:i101:nsga2_ls:s1060000:r0:09278e7b2cfa,p0002,True,a7a66674d210ea2b,6,48,0.7351422269911146,0.6172839506172839,0.0,186.61899904605852,24.664314167125042,161.95468487893348,,,,
historical_S025,S025:i101:nsga2_ls:s1060000:r0:09278e7b2cfa,p0002,True,a7a66674d210ea2b,7,56,0.8584639358247388,0.7548257741793214,0.0,47.01882464639587,0.0,47.01882464639587,,,,
historical_S025,S025:i101:nsga2_ls:s1060000:r0:09278e7b2cfa,p0002,True,a7a66674d210ea2b,8,64,0.8999999999999571,0.899999999999957,0.0,4.884270765614929e-11,0.0,4.884270765614929e-11,,,,
historical_S025,S025:i101:nsga2_ls:s1060000:r0:09278e7b2cfa,p0002,True,a7a66674d210ea2b,9,72,0.8999999999999571,0.899999999999957,0.0,4.884270765614929e-11,0.0,4.884270765614929e-11,,,,
historical_S025,S025:i101:nsga2_ls:s1060000:r0:09278e7b2cfa,p0003,False,25520ece1004f590,1,8,0.11743185705856614,0.0,0.2222222222222222,885.8671378097033,423.8108735818347,462.0562642278686,,,,
historical_S025,S025:i101:nsga2_ls:s1060000:r0:09278e7b2cfa,p0003,False,25520ece1004f590,2,16,0.23854303518332556,0.0,0.1111111111111111,748.7692841724756,376.2509714731974,372.5183126992782,,,,
historical_S025,S025:i101:nsga2_ls:s1060000:r0:09278e7b2cfa,p0003,False,25520ece1004f590,3,24,0.35850150762990224,0.0,0.1111111111111111,612.9762933629509,327.20094433260476,285.7753490303461,,,,
historical_S025,S025:i101:nsga2_ls:s1060000:r0:09278e7b2cfa,p0003,False,25520ece1004f590,4,32,0.47924015330422837,0.13157894736842105,0.0,476.30014645961364,268.61776299183623,207.6823834677774,,,,
historical_S025,S025:i101:nsga2_ls:s1060000:r0:09278e7b2cfa,p0003,False,25520ece1004f590,5,40,0.6007065930855549,0.2631578947368421,0.0,338.800136627152,209.71861149359106,129.081525133561,,,,
historical_S025,S025:i101:nsga2_ls:s1060000:r0:09278e7b2cfa,p0003,False,25520ece1004f590,6,48,0.7228519644715876,0.39473684210526316,0.0,200.53157621816288,150.52470338218893,50.00687283597395,,,,
historical_S025,S025:i101:nsga2_ls:s1060000:r0:09278e7b2cfa,p0003,False,25520ece1004f590,7,56,0.8433436417720824,0.7236842105263158,0.0,64.13499751400279,64.13499751400279,0.0,,,,
historical_S025,S025:i101:nsga2_ls:s1060000:r0:09278e7b2cfa,p0003,False,25520ece1004f590,8,64,0.8999999999999473,0.8999999999999472,0.0,5.981348749628523e-11,5.981348749628523e-11,0.0,,,,
historical_S025,S025:i101:nsga2_ls:s1060000:r0:09278e7b2cfa,p0003,False,25520ece1004f590,9,72,0.8999999999999473,0.8999999999999472,0.0,5.981348749628523e-11,5.981348749628523e-11,0.0,,,,
historical_S025,S025:i101:nsga2_ls:s1060000:r0:09278e7b2cfa,p0004,False,49e25f420e7ced39,1,8,0.11497365430918585,0.0,0.2222222222222222,888.6498233220018,405.6041598009284,483.0456635210734,,,,
historical_S025,S025:i101:nsga2_ls:s1060000:r0:09278e7b2cfa,p0004,False,49e25f420e7ced39,2,16,0.24108778310472498,0.12345679012345678,0.0,745.8886295254515,344.39413876202946,401.49449076342205,,,,
historical_S025,S025:i101:nsga2_ls:s1060000:r0:09278e7b2cfa,p0004,False,49e25f420e7ced39,3,24,0.36240466025255386,0.21604938271604937,0.0,608.5579245941092,277.4275363717792,331.13038822233005,,,,
historical_S025,S025:i101:nsga2_ls:s1060000:r0:09278e7b2cfa,p0004,False,49e25f420e7ced39,4,32,0.4928617016252444,0.4012345679012346,0.0,460.8805537602235,213.00827460601283,247.87227915421067,,,,
historical_S025,S025:i101:nsga2_ls:s1060000:r0:09278e7b2cfa,p0004,False,49e25f420e7ced39,5,40,0.6090660568652795,0.43209876543209874,0.0,329.3372236285039,143.73558563699933,185.60163799150462,,,,
historical_S025,S025:i101:nsga2_ls:s1060000:r0:09278e7b2cfa,p0004,False,49e25f420e7ced39,6,48,0.7263083047296305,0.5555555555555556,0.0,196.61899904605852,82.03107300475344,114.58792604130508,,,,
historical_S025,S025:i101:nsga2_ls:s1060000:r0:09278e7b2cfa,p0004,False,49e25f420e7ced39,7,56,0.8532738351436275,0.7407407407407407,0.0,52.894018617413934,19.77543938866036,33.118579228753575,,,,
historical_S025,S025:i101:nsga2_ls:s1060000:r0:09278e7b2cfa,p0004,False,49e25f420e7ced39,8,64,0.8999999999998045,0.8999999999998044,0.0,2.2156143586471444e-10,2.2156143586471444e-10,0.0,,,,
historical_S025,S025:i101:nsga2_ls:s1060000:r0:09278e7b2cfa,p0004,False,49e25f420e7ced39,9,72,0.8999999999998045,0.8999999999998044,0.0,2.2156143586471444e-10,2.2156143586471444e-10,0.0,,,,
historical_S025,S025:i101:nsga2_ls:s1060001:r1:197ce3161490,p0001,True,01c9fc69dd180fac,1,8,0.11729138833007861,0.0,0.2222222222222222,886.0261484103512,465.0608735816746,420.96527482867657,,,,
historical_S025,S025:i101:nsga2_ls:s1060001:r1:197ce3161490,p0001,True,01c9fc69dd180fac,2,16,0.24330799697276068,0.0,0.1111111111111111,743.3753474268351,425.75132420539524,317.62402322143987,,,,
historical_S025,S025:i101:nsga2_ls:s1060001:r1:197ce3161490,p0001,True,01c9fc69dd180fac,3,24,0.3629465603244492,0.0,0.1111111111111111,607.9444937127237,394.91425566506734,213.03023804765633,,,,
historical_S025,S025:i101:nsga2_ls:s1060001:r1:197ce3161490,p0001,True,01c9fc69dd180fac,4,32,0.4878037360301114,0.19736842105263158,0.0,466.6061708139141,352.8759403477085,113.73023046620563,,,,
historical_S025,S025:i101:nsga2_ls:s1060001:r1:197ce3161490,p0001,True,01c9fc69dd180fac,5,40,0.6086952356282129,0.2631578947368421,0.0,329.75699326886314,319.65821863825624,10.098774630606897,,,,
historical_S025,S025:i101:nsga2_ls:s1060001:r1:197ce3161490,p0001,True,01c9fc69dd180fac,6,48,0.7214703447945955,0.2631578947368421,0.0,202.09556969251804,202.09556969251804,0.0,,,,
historical_S025,S025:i101:nsga2_ls:s1060001:r1:197ce3161490,p0001,True,01c9fc69dd180fac,7,56,0.8443418247235359,0.5263157894736842,0.0,63.005054412957435,63.005054412957435,0.0,,,,
historical_S025,S025:i101:nsga2_ls:s1060001:r1:197ce3161490,p0001,True,01c9fc69dd180fac,8,64,0.8999999999997319,0.8999999999997318,0.0,3.036433326997212e-10,3.036433326997212e-10,0.0,,,,
historical_S025,S025:i101:nsga2_ls:s1060001:r1:197ce3161490,p0001,True,01c9fc69dd180fac,9,72,0.8999999999997319,0.8999999999997318,0.0,3.036433326997212e-10,3.036433326997212e-10,0.0,,,,
historical_S025,S025:i101:nsga2_ls:s1060001:r1:197ce3161490,p0002,False,a5464f41238fcf00,1,8,0.11729138833007861,0.0,0.2222222222222222,886.0261484103512,445.8338417795709,440.1923066307803,,,,
historical_S025,S025:i101:nsga2_ls:s1060001:r1:197ce3161490,p0002,False,a5464f41238fcf00,2,16,0.24539043070684585,0.0,0.1111111111111111,741.0180324398507,415.76552715473247,325.2525052851182,,,,
historical_S025,S025:i101:nsga2_ls:s1060001:r1:197ce3161490,p0002,False,a5464f41238fcf00,3,24,0.35742782173813925,0.0,0.1111111111111111,614.1917057924265,383.10027134870927,231.09143444371728,,,,
historical_S025,S025:i101:nsga2_ls:s1060001:r1:197ce3161490,p0002,False,a5464f41238fcf00,4,32,0.4826555134622214,0.19736842105263158,0.0,472.43395876076556,339.5307366356352,132.90322212513036,,,,
historical_S025,S025:i101:nsga2_ls:s1060001:r1:197ce3161490,p0002,False,a5464f41238fcf00,5,40,0.6038926534453627,0.2631578947368421,0.0,335.19351629984965,302.5976752459254,32.59584105392422,,,,
historical_S025,S025:i101:nsga2_ls:s1060001:r1:197ce3161490,p0002,False,a5464f41238fcf00,6,48,0.7211637848623108,0.6284152307766577,0.0,202.44259553586437,202.44259553586437,0.0,,,,
historical_S025,S025:i101:nsga2_ls:s1060001:r1:197ce3161490,p0002,False,a5464f41238fcf00,7,56,0.8544694305239453,0.7513660504487889,0.0,51.540604646894096,51.540604646894096,0.0,,,,
historical_S025,S025:i101:nsga2_ls:s1060001:r1:197ce3161490,p0002,False,a5464f41238fcf00,8,64,0.8999999999999224,0.8999999999999223,0.0,8.799361239653081e-11,8.799361239653081e-11,0.0,,,,
historical_S025,S025:i101:nsga2_ls:s1060001:r1:197ce3161490,p0002,False,a5464f41238fcf00,9,72,0.8999999999999224,0.8999999999999223,0.0,8.799361239653081e-11,8.799361239653081e-11,0.0,,,,
historical_S025,S025:i101:nsga2_ls:s1060001:r1:197ce3161490,p0003,False,392caeb454d9c839,1,8,0.11017040417496168,0.0,0.2222222222222222,894.0871024739436,439.7561032637128,454.33099921023074,,,,
historical_S025,S025:i101:nsga2_ls:s1060001:r1:197ce3161490,p0003,False,392caeb454d9c839,2,16,0.23399971355198904,0.0,0.1111111111111111,753.9123242591486,398.13068888119835,355.78163537795024,,,,
historical_S025,S025:i101:nsga2_ls:s1060001:r1:197ce3161490,p0003,False,392caeb454d9c839,3,24,0.35163516868068295,0.05154639175257732,0.0,620.7489890534671,357.14318747725576,263.6058015762113,,,,
historical_S025,S025:i101:nsga2_ls:s1060001:r1:197ce3161490,p0003,False,392caeb454d9c839,4,32,0.4768583984141342,0.25773195876288657,0.0,478.99629299520024,318.2058518296361,160.79044116556412,,,,
historical_S025,S025:i101:nsga2_ls:s1060001:r1:197ce3161490,p0003,False,392caeb454d9c839,5,40,0.5957683301933192,0.30927835051546393,0.0,344.3902502211629,276.75696278789087,67.633287433272,,,,
historical_S025,S025:i101:nsga2_ls:s1060001:r1:197ce3161490,p0003,False,392caeb454d9c839,6,48,0.716786417518649,0.6185567010309279,0.0,207.39777536888954,207.39777536888954,0.0,,,,
historical_S025,S025:i101:nsga2_ls:s1060001:r1:197ce3161490,p0003,False,392caeb454d9c839,7,56,0.8461981585836752,0.7340328770948334,0.0,60.90368448327993,60.90368448327993,0.0,,,,
historical_S025,S025:i101:nsga2_ls:s1060001:r1:197ce3161490,p0003,False,392caeb454d9c839,8,64,0.89999999999988,0.8999999999998799,0.0,1.3601209047919838e-10,1.3601209047919838e-10,0.0,,,,
historical_S025,S025:i101:nsga2_ls:s1060001:r1:197ce3161490,p0003,False,392caeb454d9c839,9,72,0.89999999999988,0.8999999999998799,0.0,1.3601209047919838e-10,1.3601209047919838e-10,0.0,,,,
historical_S025,S025:i101:nsga2_ls:s1060001:r1:197ce3161490,p0004,False,50ad11997661927a,1,8,0.10845746606859451,0.0,0.2222222222222222,896.0261484103512,418.8108735818347,477.2152748285165,,,,
historical_S025,S025:i101:nsga2_ls:s1060001:r1:197ce3161490,p0004,False,50ad11997661927a,2,16,0.22861685412034805,0.0,0.1111111111111111,760.0057211357662,341.49880513306164,418.50691600270454,,,,
historical_S025,S025:i101:nsga2_ls:s1060001:r1:197ce3161490,p0004,False,50ad11997661927a,3,24,0.3555474835994443,0.15463917525773196,0.0,616.3202485654292,259.69018537646446,356.63006318896475,,,,
historical_S025,S025:i101:nsga2_ls:s1060001:r1:197ce3161490,p0004,False,50ad11997661927a,4,32,0.4716015485387927,0.15463917525773196,0.0,484.94704705408685,189.1167553858303,295.83029166825656,,,,
historical_S025,S025:i101:nsga2_ls:s1060001:r1:197ce3161490,p0004,False,50ad11997661927a,5,40,0.595378895899056,0.36082474226804123,0.0,344.83108984226874,104.59069527977147,240.24039456249727,,,,
historical_S025,S025:i101:nsga2_ls:s1060001:r1:197ce3161490,p0004,False,50ad11997661927a,6,48,0.7262177249785495,0.5670103092783505,0.0,196.72153532428206,15.770490147403748,180.95104517687832,,,,
historical_S025,S025:i101:nsga2_ls:s1060001:r1:197ce3161490,p0004,False,50ad11997661927a,7,56,0.8340395330016288,0.7411386132132542,0.0,74.6672486421564,0.0,74.6672486421564,,,,
historical_S025,S025:i101:nsga2_ls:s1060001:r1:197ce3161490,p0004,False,50ad11997661927a,8,64,0.8999999999998307,0.8999999999998306,0.0,1.9183232780051185e-10,0.0,1.9183232780051185e-10,,,,
historical_S025,S025:i101:nsga2_ls:s1060001:r1:197ce3161490,p0004,False,50ad11997661927a,9,72,0.8999999999998307,0.8999999999998306,0.0,1.9183232780051185e-10,0.0,1.9183232780051185e-10,,,,
historical_S025,S025:i101:nsga2_ls:s1060001:r1:197ce3161490,p0005,False,a614bd3c7d1ee2ba,1,8,0.10845746606859451,0.0,0.2222222222222222,896.0261484103512,418.8108735818347,477.2152748285165,,,,
historical_S025,S025:i101:nsga2_ls:s1060001:r1:197ce3161490,p0005,False,a614bd3c7d1ee2ba,2,16,0.22974076940066746,0.0,0.1111111111111111,758.7334490384446,325.2265330357401,433.50691600270454,,,,
historical_S025,S025:i101:nsga2_ls:s1060001:r1:197ce3161490,p0005,False,a614bd3c7d1ee2ba,3,24,0.3502902066876125,0.0,0.1111111111111111,622.2714860296228,237.64174126948785,384.62974476013494,,,,
historical_S025,S025:i101:nsga2_ls:s1060001:r1:197ce3161490,p0005,False,a614bd3c7d1ee2ba,4,32,0.47158014111796437,0.13157894736842105,0.0,484.97128025446455,158.92295872102352,326.048321533441,,,,
historical_S025,S025:i101:nsga2_ls:s1060001:r1:197ce3161490,p0005,False,a614bd3c7d1ee2ba,5,40,0.5935608573356399,0.2631578947368421,0.0,346.88910949605577,79.72063153803022,267.16847795802556,,,,
historical_S025,S025:i101:nsga2_ls:s1060001:r1:197ce3161490,p0005,False,a614bd3c7d1ee2ba,6,48,0.716185977765439,0.39473684210526316,0.0,208.07747316952327,0.067223847475546,208.01024932204774,,,,
historical_S025,S025:i101:nsga2_ls:s1060001:r1:197ce3161490,p0005,False,a614bd3c7d1ee2ba,7,56,0.823814915581972,0.7393205746500728,0.0,86.24151556120793,0.0,86.24151556120793,,,,
historical_S025,S025:i101:nsga2_ls:s1060001:r1:197ce3161490,p0005,False,a614bd3c7d1ee2ba,8,64,0.8999999999999155,0.8999999999999155,0.0,9.582379334460711e-11,0.0,9.582379334460711e-11,,,,
historical_S025,S025:i101:nsga2_ls:s1060001:r1:197ce3161490,p0005,False,a614bd3c7d1ee2ba,9,72,0.8999999999999155,0.8999999999999155,0.0,9.582379334460711e-11,0.0,9.582379334460711e-11,,,,
historical_S025,S025:i101:nsga2_ls:s1060001:r1:197ce3161490,p0006,False,6291d96e167cc283,1,8,0.107774631971513,0.0,0.2222222222222222,896.7991166082475,419.58384177973096,477.2152748285165,,,,
historical_S025,S025:i101:nsga2_ls:s1060001:r1:197ce3161490,p0006,False,6291d96e167cc283,2,16,0.22128262994173842,0.0,0.1111111111111111,768.3080629059523,334.52596476197107,433.7820981439812,,,,
historical_S025,S025:i101:nsga2_ls:s1060001:r1:197ce3161490,p0006,False,6291d96e167cc283,3,24,0.33801929248125145,0.1388888888888889,0.0,636.1621609112235,268.1237859493027,368.0383749619208,,,,
historical_S025,S025:i101:nsga2_ls:s1060001:r1:197ce3161490,p0006,False,6291d96e167cc283,4,32,0.4575739060756881,0.2777777777777778,0.0,500.82633832232125,199.83283836376847,300.9934999585528,,,,
historical_S025,S025:i101:nsga2_ls:s1060001:r1:197ce3161490,p0006,False,6291d96e167cc283,5,40,0.5795880034535262,0.4166666666666667,0.0,362.7063800906085,129.89338941078066,232.81299067982786,,,,
historical_S025,S025:i101:nsga2_ls:s1060001:r1:197ce3161490,p0006,False,6291d96e167cc283,6,48,0.7037487174194322,0.5555555555555556,0.0,222.15645188120288,58.51514244468524,163.64130943651764,,,,
historical_S025,S025:i101:nsga2_ls:s1060001:r1:197ce3161490,p0006,False,6291d96e167cc283,7,56,0.8217274366534253,0.7291666666666666,0.0,88.60454170832287,0.0,88.60454170832287,,,,
historical_S025,S025:i101:nsga2_ls:s1060001:r1:197ce3161490,p0006,False,6291d96e167cc283,8,64,0.8999999999999773,0.8999999999999773,0.0,2.5934809855243657e-11,0.0,2.5934809855243657e-11,,,,
historical_S025,S025:i101:nsga2_ls:s1060001:r1:197ce3161490,p0006,False,6291d96e167cc283,9,72,0.8999999999999773,0.8999999999999773,0.0,2.5934809855243657e-11,0.0,2.5934809855243657e-11,,,,
historical_S025,S025:i101:nsga2_ls:s1060001:r1:197ce3161490,p0007,False,c87c1d7440068772,1,8,0.11535994331266798,0.0,0.2222222222222222,888.21254417006,422.06175697406763,466.1507871959924,,,,
historical_S025,S025:i101:nsga2_ls:s1060001:r1:197ce3161490,p0007,False,c87c1d7440068772,2,16,0.24358865867651483,0.0,0.1111111111111111,743.0576383781854,373.9566606126315,369.1009777655539,,,,
historical_S025,S025:i101:nsga2_ls:s1060001:r1:197ce3161490,p0007,False,c87c1d7440068772,3,24,0.35573052123089266,0.0,0.1111111111111111,616.1130499666297,320.485286306032,295.6277636605977,,,,
historical_S025,S025:i101:nsga2_ls:s1060001:r1:197ce3161490,p0007,False,c87c1d7440068772,4,32,0.48107216599218006,0.19736842105263158,0.0,474.22630809685234,258.72212962085507,215.50417847599726,,,,
historical_S025,S025:i101:nsga2_ls:s1060001:r1:197ce3161490,p0007,False,c87c1d7440068772,5,40,0.6024156084555654,0.2631578947368421,0.0,336.86553122830014,201.45466375514837,135.41086747315177,,,,
historical_S025,S025:i101:nsga2_ls:s1060001:r1:197ce3161490,p0007,False,c87c1d7440068772,6,48,0.7332801625555351,0.5263157894736842,0.0,188.72685598713446,130.85444824798353,57.872407739150944,,,,
historical_S025,S025:i101:nsga2_ls:s1060001:r1:197ce3161490,p0007,False,c87c1d7440068772,7,56,0.8502792144980049,0.7481753257697592,0.0,56.283929188258654,56.283929188258654,0.0,,,,
historical_S025,S025:i101:nsga2_ls:s1060001:r1:197ce3161490,p0007,False,c87c1d7440068772,8,64,0.8999999999997731,0.899999999999773,0.0,2.5707436179800425e-10,2.5707436179800425e-10,0.0,,,,
historical_S025,S025:i101:nsga2_ls:s1060001:r1:197ce3161490,p0007,False,c87c1d7440068772,9,72,0.8999999999997731,0.899999999999773,0.0,2.5707436179800425e-10,2.5707436179800425e-10,0.0,,,,
historical_S025,S025:i101:nsga2_ls:s1060001:r1:197ce3161490,p0008,False,76847b3e5e7cc615,1,8,0.10404050493785245,0.0,0.3333333333333333,901.0261484103512,423.8108735818347,477.2152748285165,,,,
historical_S025,S025:i101:nsga2_ls:s1060001:r1:197ce3161490,p0008,False,76847b3e5e7cc615,2,16,0.22179258051057874,0.0,0.1111111111111111,767.730798862025,332.4438475235162,435.28695133850886,,,,
historical_S025,S025:i101:nsga2_ls:s1060001:r1:197ce3161490,p0008,False,76847b3e5e7cc615,3,24,0.342433594992329,0.0,0.1111111111111111,631.1651704686838,243.33230558599428,387.8328648826895,,,,
historical_S025,S025:i101:nsga2_ls:s1060001:r1:197ce3161490,p0008,False,76847b3e5e7cc615,4,32,0.46425100511943984,0.13157894736842105,0.0,493.26786220479426,164.05332615811187,329.2145360466824,,,,
historical_S025,S025:i101:nsga2_ls:s1060001:r1:197ce3161490,p0008,False,76847b3e5e7cc615,5,40,0.5867237834713882,0.2631578947368421,0.0,354.6286771103887,84.50655734499935,270.12211976538936,,,,
historical_S025,S025:i101:nsga2_ls:s1060001:r1:197ce3161490,p0008,False,76847b3e5e7cc615,6,48,0.7098079300612588,0.39473684210526316,0.0,215.2974231706553,4.531833081130102,210.76559008952518,,,,
historical_S025,S025:i101:nsga2_ls:s1060001:r1:197ce3161490,p0008,False,76847b3e5e7cc615,7,56,0.8261280540896018,0.7324835007853644,0.0,83.6230427705709,0.0,83.6230427705709,,,,
historical_S025,S025:i101:nsga2_ls:s1060001:r1:197ce3161490,p0008,False,76847b3e5e7cc615,8,64,0.8999999999998304,0.8999999999998304,0.0,1.9208812318538548e-10,0.0,1.9208812318538548e-10,,,,
historical_S025,S025:i101:nsga2_ls:s1060001:r1:197ce3161490,p0008,False,76847b3e5e7cc615,9,72,0.8999999999998304,0.8999999999998304,0.0,1.9208812318538548e-10,0.0,1.9208812318538548e-10,,,,
historical_S025,S025:i101:nsga2_ls:s1060001:r1:197ce3161490,p0009,False,8bd54b995b5f750c,1,8,0.11017040417496168,0.0,0.2222222222222222,894.0871024739436,421.97341775141433,472.11368472252923,,,,
historical_S025,S025:i101:nsga2_ls:s1060001:r1:197ce3161490,p0009,False,8bd54b995b5f750c,2,16,0.23399971355198904,0.0,0.1111111111111111,753.9123242591486,366.9072140595714,387.0051101995772,,,,
historical_S025,S025:i101:nsga2_ls:s1060001:r1:197ce3161490,p0009,False,8bd54b995b5f750c,3,24,0.35163516868068295,0.05154639175257732,0.0,620.7489890534671,310.81253691157747,309.9364521418896,,,,
historical_S025,S025:i101:nsga2_ls:s1060001:r1:197ce3161490,p0009,False,8bd54b995b5f750c,4,32,0.4768583984141342,0.25773195876288657,0.0,478.9962929952003,257.5236757382491,221.4726172569512,,,,
historical_S025,S025:i101:nsga2_ls:s1060001:r1:197ce3161490,p0009,False,8bd54b995b5f750c,5,40,0.6001852913240612,0.36082474226804123,0.0,339.3902502211629,200.79755266903274,138.59269755213018,,,,
historical_S025,S025:i101:nsga2_ls:s1060001:r1:197ce3161490,p0009,False,8bd54b995b5f750c,6,48,0.7217783427036933,0.4639175257731959,0.0,201.74691605941936,144.93047018084934,56.81644587857002,,,,
historical_S025,S025:i101:nsga2_ls:s1060001:r1:197ce3161490,p0009,False,8bd54b995b5f750c,7,56,0.8471300195177139,0.7706581292935263,0.0,59.84881790594808,59.84881790594808,0.0,,,,
historical_S025,S025:i101:nsga2_ls:s1060001:r1:197ce3161490,p0009,False,8bd54b995b5f750c,8,64,0.8999999999999247,0.8999999999999247,0.0,8.543565854779445e-11,8.543565854779445e-11,0.0,,,,
historical_S025,S025:i101:nsga2_ls:s1060001:r1:197ce3161490,p0009,False,8bd54b995b5f750c,9,72,0.8999999999999247,0.8999999999999247,0.0,8.543565854779445e-11,8.543565854779445e-11,0.0,,,,
historical_S025,S025:i101:nsga2_ls:s1060001:r1:197ce3161490,p0010,False,b291c89a0963583e,1,8,0.11472783403419126,0.0,0.2222222222222222,888.9280918732957,394.36741068442245,494.5606811888732,,,,
historical_S025,S025:i101:nsga2_ls:s1060001:r1:197ce3161490,p0010,False,b291c89a0963583e,2,16,0.236185247996292,0.06944444444444445,0.0,751.4382992681976,299.4603229449964,451.97797632320123,,,,
historical_S025,S025:i101:nsga2_ls:s1060001:r1:197ce3161490,p0010,False,b291c89a0963583e,3,24,0.364277054528969,0.24305555555555555,0.0,606.4383742732073,213.9543035153676,392.4840707578396,,,,
historical_S025,S025:i101:nsga2_ls:s1060001:r1:197ce3161490,p0010,False,b291c89a0963583e,4,32,0.473932354547281,0.24305555555555555,0.0,482.30857465247806,126.20257694995502,356.10599770252304,,,,
historical_S025,S025:i101:nsga2_ls:s1060001:r1:197ce3161490,p0010,False,b291c89a0963583e,5,40,0.59386551855043,0.4166666666666667,0.0,346.5442330009134,46.580340503530685,299.9638924973827,,,,
historical_S025,S025:i101:nsga2_ls:s1060001:r1:197ce3161490,p0010,False,b291c89a0963583e,6,48,0.7150204594029513,0.6196920718614238,0.0,209.39683995585926,0.0,209.39683995585926,,,,
historical_S025,S025:i101:nsga2_ls:s1060001:r1:197ce3161490,p0010,False,b291c89a0963583e,7,56,0.8334076855339225,0.6196920718614238,0.0,75.3824999755998,0.0,75.3824999755998,,,,
historical_S025,S025:i101:nsga2_ls:s1060001:r1:197ce3161490,p0010,False,b291c89a0963583e,8,64,0.8999999999999531,0.899999999999953,0.0,5.3297810609365115e-11,0.0,5.3297810609365115e-11,,,,
historical_S025,S025:i101:nsga2_ls:s1060001:r1:197ce3161490,p0010,False,b291c89a0963583e,9,72,0.8999999999999531,0.899999999999953,0.0,5.3297810609365115e-11,0.0,5.3297810609365115e-11,,,,
historical_S025,S025:i101:nsga2_ls:s1060002:r2:c3add9745d62,p0001,False,f8b0886f287702ea,1,8,0.11219159310225506,0.0,0.1111111111111111,891.7991166082475,435.2817216383079,456.5173949699396,,,,
historical_S025,S025:i101:nsga2_ls:s1060002:r2:c3add9745d62,p0001,False,f8b0886f287702ea,2,16,0.22795957201288702,0.033112582781456956,0.0,760.7497644814121,365.3767877523784,395.37297672903367,,,,
historical_S025,S025:i101:nsga2_ls:s1060002:r2:c3add9745d62,p0001,False,f8b0886f287702ea,3,24,0.3459528470228938,0.16556291390728478,0.0,627.1813771700843,294.90194894734384,332.2794282227404,,,,
historical_S025,S025:i101:nsga2_ls:s1060002:r2:c3add9745d62,p0001,False,f8b0886f287702ea,4,32,0.46587458093181605,0.2980132450331126,0.0,491.4299743851843,223.4568810429439,267.9730933422404,,,,
historical_S025,S025:i101:nsga2_ls:s1060002:r2:c3add9745d62,p0001,False,f8b0886f287702ea,5,40,0.5874675323137368,0.4304635761589404,0.0,353.78675342085006,151.17100505879534,202.61574836205472,,,,
historical_S025,S025:i101:nsga2_ls:s1060002:r2:c3add9745d62,p0001,False,f8b0886f287702ea,6,48,0.7105087737500994,0.5629139072847682,0.0,214.50406811488762,78.15647825614538,136.34758985874225,,,,
historical_S025,S025:i101:nsga2_ls:s1060002:r2:c3add9745d62,p0001,False,f8b0886f287702ea,7,56,0.8348051146060628,0.695364238410596,0.0,73.80061026593724,4.51049698994521,69.29011327599203,,,,
historical_S025,S025:i101:nsga2_ls:s1060002:r2:c3add9745d62,p0001,False,f8b0886f287702ea,8,64,0.8999999999999493,0.8999999999999492,0.0,5.7625015870144125e-11,0.0,5.7625015870144125e-11,,,,
historical_S025,S025:i101:nsga2_ls:s1060002:r2:c3add9745d62,p0001,False,f8b0886f287702ea,9,72,0.8999999999999493,0.8999999999999492,0.0,5.7625015870144125e-11,0.0,5.7625015870144125e-11,,,,
historical_S025,S025:i101:nsga2_ls:s1060002:r2:c3add9745d62,p0002,True,7884c5e5eb59f981,1,8,0.1202529373567749,0.0,0.1111111111111111,882.673674912131,432.4106969033561,450.2629780087749,,,,
historical_S025,S025:i101:nsga2_ls:s1060002:r2:c3add9745d62,p0002,True,7884c5e5eb59f981,2,16,0.24100751132036652,0.06944444444444445,0.0,745.9794971853453,380.80318057790976,365.1763166074355,,,,
historical_S025,S025:i101:nsga2_ls:s1060002:r2:c3add9745d62,p0002,True,7884c5e5eb59f981,3,24,0.3640689239316922,0.20833333333333334,0.0,606.6739781093247,319.02209798650983,287.6518801228148,,,,
historical_S025,S025:i101:nsga2_ls:s1060002:r2:c3add9745d62,p0002,True,7884c5e5eb59f981,4,32,0.48914372575170395,0.3472222222222222,0.0,465.08930244907134,256.4428492228989,208.64645322617247,,,,
historical_S025,S025:i101:nsga2_ls:s1060002:r2:c3add9745d62,p0002,True,7884c5e5eb59f981,5,40,0.607141874336744,0.4166666666666667,0.0,331.51539825080596,203.16696779314196,128.348430457664,,,,
historical_S025,S025:i101:nsga2_ls:s1060002:r2:c3add9745d62,p0002,True,7884c5e5eb59f981,6,48,0.7277975022538989,0.5555555555555556,0.0,194.9332274485866,142.33960838264812,52.593619065938455,,,,
historical_S025,S025:i101:nsga2_ls:s1060002:r2:c3add9745d62,p0002,True,7884c5e5eb59f981,7,56,0.8464728258627986,0.7529015916512284,0.0,60.59276112331216,60.59276112331216,0.0,,,,
historical_S025,S025:i101:nsga2_ls:s1060002:r2:c3add9745d62,p0002,True,7884c5e5eb59f981,8,64,0.8999999999999149,0.8999999999999148,0.0,9.660539035394322e-11,9.660539035394322e-11,0.0,,,,
historical_S025,S025:i101:nsga2_ls:s1060002:r2:c3add9745d62,p0002,True,7884c5e5eb59f981,9,72,0.8999999999999149,0.8999999999999148,0.0,9.660539035394322e-11,9.660539035394322e-11,0.0,,,,
historical_S025,S025:i101:nsga2_ls:s1060002:r2:c3add9745d62,p0003,False,8fe2ae5361fd98c9,1,8,0.11219159310225506,0.0,0.1111111111111111,891.7991166082475,449.4204142177583,442.37870239048914,,,,
historical_S025,S025:i101:nsga2_ls:s1060002:r2:c3add9745d62,p0003,False,8fe2ae5361fd98c9,2,16,0.22955467728931417,0.034722222222222224,0.0,758.9441053084965,388.59240568986354,370.351699618633,,,,
historical_S025,S025:i101:nsga2_ls:s1060002:r2:c3add9745d62,p0003,False,8fe2ae5361fd98c9,3,24,0.34965602638504417,0.1736111111111111,0.0,622.9893781321302,327.98477856129796,295.0045995708322,,,,
historical_S025,S025:i101:nsga2_ls:s1060002:r2:c3add9745d62,p0003,False,8fe2ae5361fd98c9,4,32,0.4721473098715284,0.3125,0.0,484.3292452254299,266.4297117741337,217.89953345129618,,,,
historical_S025,S025:i101:nsga2_ls:s1060002:r2:c3add9745d62,p0003,False,8fe2ae5361fd98c9,5,40,0.5967245078264454,0.4513888888888889,0.0,343.30785714046385,204.04772768769823,139.26012945276565,,,,
historical_S025,S025:i101:nsga2_ls:s1060002:r2:c3add9745d62,p0003,False,8fe2ae5361fd98c9,6,48,0.7142883519779184,0.5208333333333334,0.0,210.2255855609965,150.94401719529367,59.28156836570284,,,,
historical_S025,S025:i101:nsga2_ls:s1060002:r2:c3add9745d62,p0003,False,8fe2ae5361fd98c9,7,56,0.8290928205663359,0.7291666666666666,0.0,80.26692711890787,80.26692711890787,0.0,,,,
historical_S025,S025:i101:nsga2_ls:s1060002:r2:c3add9745d62,p0003,False,8fe2ae5361fd98c9,8,64,0.8999999999999773,0.8999999999999773,0.0,2.5835333872237243e-11,2.5835333872237243e-11,0.0,,,,
historical_S025,S025:i101:nsga2_ls:s1060002:r2:c3add9745d62,p0003,False,8fe2ae5361fd98c9,9,72,0.8999999999999773,0.8999999999999773,0.0,2.5835333872237243e-11,2.5835333872237243e-11,0.0,,,,
historical_S025,S025:i101:nsga2:s1060000:r0:513c3235cf92,p0001,True,86792f5e2cb2facb,1,8,0.11660855423299711,0.0,0.1111111111111111,886.7991166082475,432.9937357726118,453.8053808356357,,,,
historical_S025,S025:i101:nsga2:s1060000:r0:513c3235cf92,p0001,True,86792f5e2cb2facb,2,16,0.2378267246360961,0.06944444444444445,0.0,749.5801477119394,383.113610225029,366.4665374869104,,,,
historical_S025,S025:i101:nsga2:s1060000:r0:513c3235cf92,p0001,True,86792f5e2cb2facb,3,24,0.3612927602889359,0.20833333333333334,0.0,609.8165953529247,321.6569959469085,288.1595994060162,,,,
historical_S025,S025:i101:nsga2:s1060000:r0:513c3235cf92,p0001,True,86792f5e2cb2facb,4,32,0.48672071366753417,0.3472222222222222,0.0,467.8321521283515,259.431611753787,208.40054037456446,,,,
historical_S025,S025:i101:nsga2:s1060000:r0:513c3235cf92,p0001,True,86792f5e2cb2facb,5,40,0.6138610121993971,0.4861111111111111,0.0,323.9093341902826,196.53525169830164,127.37408249198096,,,,
historical_S025,S025:i101:nsga2:s1060000:r0:513c3235cf92,p0001,True,86792f5e2cb2facb,6,48,0.7424958310594391,0.625,0.0,178.29471924071512,133.05326960037442,45.241449640340704,,,,
historical_S025,S025:i101:nsga2:s1060000:r0:513c3235cf92,p0001,True,86792f5e2cb2facb,7,56,0.8649855972595566,0.7708492700581289,0.0,39.636303902182135,39.636303902182135,0.0,,,,
historical_S025,S025:i101:nsga2:s1060000:r0:513c3235cf92,p0001,True,86792f5e2cb2facb,8,64,0.8999999999998776,0.8999999999998775,0.0,1.3876899629394757e-10,1.3876899629394757e-10,0.0,,,,
historical_S025,S025:i101:nsga2:s1060000:r0:513c3235cf92,p0001,True,86792f5e2cb2facb,9,72,0.8999999999998776,0.8999999999998775,0.0,1.3876899629394757e-10,1.3876899629394757e-10,0.0,,,,
historical_S025,S025:i101:nsga2:s1060000:r0:513c3235cf92,p0002,False,ef5adf2e14f2193b,1,8,0.11660855423299711,0.0,0.1111111111111111,886.7991166082475,422.9937357726118,463.8053808356357,,,,
historical_S025,S025:i101:nsga2:s1060000:r0:513c3235cf92,p0002,False,ef5adf2e14f2193b,2,16,0.2378267246360961,0.06944444444444445,0.0,749.5801477119394,343.49600122148934,406.08414649045005,,,,
historical_S025,S025:i101:nsga2:s1060000:r0:513c3235cf92,p0002,False,ef5adf2e14f2193b,3,24,0.3612927602889359,0.20833333333333334,0.0,609.8165953529247,263.73544321238586,346.08115214053885,,,,
historical_S025,S025:i101:nsga2:s1060000:r0:513c3235cf92,p0002,False,ef5adf2e14f2193b,4,32,0.48672071366753417,0.3472222222222222,0.0,467.8321521283515,182.86668763575165,284.96546449259984,,,,
historical_S025,S025:i101:nsga2:s1060000:r0:513c3235cf92,p0002,False,ef5adf2e14f2193b,5,40,0.6138610121993971,0.4861111111111111,0.0,323.9093341902826,101.03070662009581,222.87862757018678,,,,
historical_S025,S025:i101:nsga2:s1060000:r0:513c3235cf92,p0002,False,ef5adf2e14f2193b,6,48,0.7424958310594391,0.625,0.0,178.29471924071512,18.350539443844035,159.94417979687108,,,,
historical_S025,S025:i101:nsga2:s1060000:r0:513c3235cf92,p0002,False,ef5adf2e14f2193b,7,56,0.8586165310838934,0.7596207295134464,0.0,46.8460868130329,0.0,46.8460868130329,,,,
historical_S025,S025:i101:nsga2:s1060000:r0:513c3235cf92,p0002,False,ef5adf2e14f2193b,8,64,0.8999999999998121,0.899999999999812,0.0,2.1292123619787162e-10,0.0,2.1292123619787162e-10,,,,
historical_S025,S025:i101:nsga2:s1060000:r0:513c3235cf92,p0002,False,ef5adf2e14f2193b,9,72,0.8999999999998121,0.899999999999812,0.0,2.1292123619787162e-10,0.0,2.1292123619787162e-10,,,,
historical_S025,S025:i101:nsga2:s1060000:r0:513c3235cf92,p0003,False,7d684baac421f8ff,1,8,0.11743185705856614,0.0,0.2222222222222222,885.8671378097033,422.06175697406763,463.8053808356357,,,,
historical_S025,S025:i101:nsga2:s1060000:r0:513c3235cf92,p0003,False,7d684baac421f8ff,2,16,0.23854303518332556,0.0,0.1111111111111111,748.7692841724756,343.09267258073,405.67661159174565,,,,
historical_S025,S025:i101:nsga2:s1060000:r0:513c3235cf92,p0003,False,7d684baac421f8ff,3,24,0.35850150762990224,0.0,0.1111111111111111,612.9762933629509,267.24971494304066,345.7265784199102,,,,
historical_S025,S025:i101:nsga2:s1060000:r0:513c3235cf92,p0003,False,7d684baac421f8ff,4,32,0.47924015330422837,0.13157894736842105,0.0,476.30014645961364,199.95301190064276,276.3471345589709,,,,
historical_S025,S025:i101:nsga2:s1060000:r0:513c3235cf92,p0003,False,7d684baac421f8ff,5,40,0.6007065930855549,0.2631578947368421,0.0,338.800136627152,132.21863167714756,206.5815049500045,,,,
historical_S025,S025:i101:nsga2:s1060000:r0:513c3235cf92,p0003,False,7d684baac421f8ff,6,48,0.7228519644715876,0.39473684210526316,0.0,200.5315762181629,64.07595895987208,136.45561725829083,,,,
historical_S025,S025:i101:nsga2:s1060000:r0:513c3235cf92,p0003,False,7d684baac421f8ff,7,56,0.8456306854819802,0.5263157894736842,0.0,61.54606403439858,0.0,61.54606403439858,,,,
historical_S025,S025:i101:nsga2:s1060000:r0:513c3235cf92,p0003,False,7d684baac421f8ff,8,64,0.8999999999997319,0.8999999999997318,0.0,3.036575435544364e-10,0.0,3.036575435544364e-10,,,,
historical_S025,S025:i101:nsga2:s1060000:r0:513c3235cf92,p0003,False,7d684baac421f8ff,9,72,0.8999999999997319,0.8999999999997318,0.0,3.036575435544364e-10,0.0,3.036575435544364e-10,,,,
historical_S025,S025:i101:nsga2:s1060000:r0:513c3235cf92,p0004,False,26ac493d090f7ad1,1,8,0.10935880707671947,0.0,0.2222222222222222,895.0058303891537,422.06175697406763,472.9440734150861,,,,
historical_S025,S025:i101:nsga2:s1060000:r0:513c3235cf92,p0004,False,26ac493d090f7ad1,2,16,0.2320389525129201,0.0,0.1111111111111111,756.1319057553746,346.4591344229108,409.67277133246387,,,,
historical_S025,S025:i101:nsga2:s1060000:r0:513c3235cf92,p0004,False,26ac493d090f7ad1,3,24,0.3568510559516107,0.06578947368421052,0.0,614.8446046627769,270.89850532107323,343.94609934170364,,,,
historical_S025,S025:i101:nsga2:s1060000:r0:513c3235cf92,p0004,False,26ac493d090f7ad1,4,32,0.4777005093364642,0.13157894736842105,0.0,478.0430234311227,200.87891529175693,277.1641081393658,,,,
historical_S025,S025:i101:nsga2:s1060000:r0:513c3235cf92,p0004,False,26ac493d090f7ad1,5,40,0.5992703174406993,0.2631578947368421,0.0,340.4260006571286,133.0823719430726,207.34362871405605,,,,
historical_S025,S025:i101:nsga2:s1060000:r0:513c3235cf92,p0004,False,26ac493d090f7ad1,6,48,0.7215121172270058,0.39473684210526316,0.0,202.04828329902955,64.88170959658243,137.16657370244712,,,,
historical_S025,S025:i101:nsga2:s1060000:r0:513c3235cf92,p0004,False,26ac493d090f7ad1,7,56,0.8443807926460837,0.5263157894736842,0.0,62.960942724633526,0.0,62.960942724633526,,,,
historical_S025,S025:i101:nsga2:s1060000:r0:513c3235cf92,p0004,False,26ac493d090f7ad1,8,64,0.8999999999997319,0.8999999999997318,0.0,3.037285978280124e-10,0.0,3.037285978280124e-10,,,,
historical_S025,S025:i101:nsga2:s1060000:r0:513c3235cf92,p0004,False,26ac493d090f7ad1,9,72,0.8999999999997319,0.8999999999997318,0.0,3.037285978280124e-10,0.0,3.037285978280124e-10,,,,
historical_S025,S025:i101:nsga2:s1060001:r1:84611c72e3a3,p0001,True,79a364473f98711c,1,8,0.11743185705856614,0.0,0.2222222222222222,885.8671378097033,422.06175697406763,463.8053808356357,,,,
historical_S025,S025:i101:nsga2:s1060001:r1:84611c72e3a3,p0001,True,79a364473f98711c,2,16,0.24296225749100553,0.10416666666666667,0.0,743.7667245201819,358.09267258073,385.67405193945194,,,,
historical_S025,S025:i101:nsga2:s1060001:r1:84611c72e3a3,p0001,True,79a364473f98711c,3,24,0.3657750098124678,0.20833333333333334,0.0,604.7426888922867,290.74649560013046,313.9961932921562,,,,
historical_S025,S025:i101:nsga2:s1060001:r1:84611c72e3a3,p0001,True,79a364473f98711c,4,32,0.4994667053014047,0.4166666666666667,0.0,453.40368959881005,209.53357788213475,243.87011171667532,,,,
historical_S025,S025:i101:nsga2:s1060001:r1:84611c72e3a3,p0001,True,79a364473f98711c,5,40,0.6071759158012285,0.4166666666666667,0.0,331.47686331300963,153.78414086329835,177.69272244971125,,,,
historical_S025,S025:i101:nsga2:s1060001:r1:84611c72e3a3,p0001,True,79a364473f98711c,6,48,0.7278272133553886,0.5555555555555556,0.0,194.89959448170038,88.86940008473115,106.03019439696921,,,,
historical_S025,S025:i101:nsga2:s1060001:r1:84611c72e3a3,p0001,True,79a364473f98711c,7,56,0.859632409453737,0.7638888888888888,0.0,45.69611249836992,8.557809004722245,37.138303493647676,,,,
historical_S025,S025:i101:nsga2:s1060001:r1:84611c72e3a3,p0001,True,79a364473f98711c,8,64,0.8999999999998765,0.8999999999998763,0.0,1.4011192206453416e-10,0.0,1.4011192206453416e-10,,,,
historical_S025,S025:i101:nsga2:s1060001:r1:84611c72e3a3,p0001,True,79a364473f98711c,9,72,0.8999999999998765,0.8999999999998763,0.0,1.4011192206453416e-10,0.0,1.4011192206453416e-10,,,,
historical_S025,S025:i101:nsga2:s1060001:r1:84611c72e3a3,p0002,False,a663398501794e6e,1,8,0.11519216122022931,0.0,0.1111111111111111,888.4024734987006,445.674831178923,442.7276423197776,,,,
historical_S025,S025:i101:nsga2:s1060001:r1:84611c72e3a3,p0002,False,a663398501794e6e,2,16,0.24100746995713881,0.10416666666666667,0.0,745.979544008519,401.3008300678317,344.6787139406873,,,,
historical_S025,S025:i101:nsga2:s1060001:r1:84611c72e3a3,p0002,False,a663398501794e6e,3,24,0.36406888783026947,0.20833333333333334,0.0,606.6740189761351,354.2179263398379,252.45609263629723,,,,
historical_S025,S025:i101:nsga2:s1060001:r1:84611c72e3a3,p0002,False,a663398501794e6e,4,32,0.48914369424250376,0.3472222222222222,0.0,465.0893381174859,302.8372647821906,162.25207333529536,,,,
historical_S025,S025:i101:nsga2:s1060001:r1:84611c72e3a3,p0002,False,a663398501794e6e,5,40,0.6115588079664098,0.4513888888888889,0.0,326.5154293820243,255.94318914702586,70.57224023499843,,,,
historical_S025,S025:i101:nsga2:s1060001:r1:84611c72e3a3,p0002,False,a663398501794e6e,6,48,0.7360695255983519,0.5902777777777778,0.0,185.56929702266586,185.56929702266586,0.0,,,,
historical_S025,S025:i101:nsga2:s1060001:r1:84611c72e3a3,p0002,False,a663398501794e6e,7,56,0.8599754529661764,0.7573185252807028,0.0,45.30778724228854,45.30778724228854,0.0,,,,
historical_S025,S025:i101:nsga2:s1060001:r1:84611c72e3a3,p0002,False,a663398501794e6e,8,64,0.8999999999999477,0.8999999999999476,0.0,5.934452929068357e-11,5.934452929068357e-11,0.0,,,,
historical_S025,S025:i101:nsga2:s1060001:r1:84611c72e3a3,p0002,False,a663398501794e6e,9,72,0.8999999999999477,0.8999999999999476,0.0,5.934452929068357e-11,5.934452929068357e-11,0.0,,,,
historical_S025,S025:i101:nsga2:s1060001:r1:84611c72e3a3,p0003,False,35732664e83d60e1,1,8,0.11743185705856614,0.0,0.2222222222222222,885.8671378097033,407.9230643946172,477.9440734150861,,,,
historical_S025,S025:i101:nsga2:s1060001:r1:84611c72e3a3,p0003,False,35732664e83d60e1,2,16,0.24296225749100553,0.10416666666666667,0.0,743.7667245201819,332.56308986661827,411.20363465356365,,,,
historical_S025,S025:i101:nsga2:s1060001:r1:84611c72e3a3,p0003,False,35732664e83d60e1,3,24,0.3657750098124678,0.20833333333333334,0.0,604.7426888922867,253.0404640440088,351.70222484827787,,,,
historical_S025,S025:i101:nsga2:s1060001:r1:84611c72e3a3,p0003,False,35732664e83d60e1,4,32,0.4994667053014047,0.4166666666666667,0.0,453.40368959881005,159.91470935084385,293.4889802479662,,,,
historical_S025,S025:i101:nsga2:s1060001:r1:84611c72e3a3,p0003,False,35732664e83d60e1,5,40,0.6071759158012285,0.4166666666666667,0.0,331.47686331300963,91.19717786959228,240.27968544341732,,,,
historical_S025,S025:i101:nsga2:s1060001:r1:84611c72e3a3,p0003,False,35732664e83d60e1,6,48,0.7278272133553886,0.5555555555555556,0.0,194.89959448170038,15.834643672509458,179.06495080919092,,,,
historical_S025,S025:i101:nsga2:s1060001:r1:84611c72e3a3,p0003,False,35732664e83d60e1,7,56,0.8507984871922529,0.6944444444444444,0.0,55.696112498369956,0.0,55.696112498369956,,,,
historical_S025,S025:i101:nsga2:s1060001:r1:84611c72e3a3,p0003,False,35732664e83d60e1,8,64,0.8999999999998133,0.8999999999998132,0.0,2.1164225927350344e-10,0.0,2.1164225927350344e-10,,,,
historical_S025,S025:i101:nsga2:s1060001:r1:84611c72e3a3,p0003,False,35732664e83d60e1,9,72,0.8999999999998133,0.8999999999998132,0.0,2.1164225927350344e-10,0.0,2.1164225927350344e-10,,,,
historical_S025,S025:i101:nsga2:s1060001:r1:84611c72e3a3,p0004,False,ec1f9ecf0ba3d81e,1,8,0.11472783403419126,0.0,0.2222222222222222,888.9280918732957,434.5970926630649,454.33099921023074,,,,
historical_S025,S025:i101:nsga2:s1060001:r1:84611c72e3a3,p0004,False,ec1f9ecf0ba3d81e,2,16,0.23816662159466215,0.0,0.1111111111111111,749.1953843548426,359.1119722036834,390.0834121511592,,,,
historical_S025,S025:i101:nsga2:s1060001:r1:84611c72e3a3,p0004,False,ec1f9ecf0ba3d81e,3,24,0.35986197947958937,0.10309278350515463,0.0,611.436239229105,290.4785481121613,320.9576911169437,,,,
historical_S025,S025:i101:nsga2:s1060001:r1:84611c72e3a3,p0004,False,ec1f9ecf0ba3d81e,4,32,0.48879722277485943,0.30927835051546393,0.0,465.48154381885934,212.67325311712102,252.80829070173831,,,,
historical_S025,S025:i101:nsga2:s1060001:r1:84611c72e3a3,p0004,False,ec1f9ecf0ba3d81e,5,40,0.6035333550862593,0.30927835051546393,0.0,335.6002420423547,154.99568758623099,180.6045544561237,,,,
historical_S025,S025:i101:nsga2:s1060001:r1:84611c72e3a3,p0004,False,ec1f9ecf0ba3d81e,6,48,0.7248395140765376,0.4639175257731959,0.0,198.28167006535966,81.92934970367916,116.3523203616805,,,,
historical_S025,S025:i101:nsga2:s1060001:r1:84611c72e3a3,p0004,False,ec1f9ecf0ba3d81e,7,56,0.8534189085593848,0.6701030927835051,0.0,52.72979551077648,4.308924183459823,48.42087132731666,,,,
historical_S025,S025:i101:nsga2:s1060001:r1:84611c72e3a3,p0004,False,ec1f9ecf0ba3d81e,8,64,0.8999999999998799,0.8999999999998798,0.0,1.360973556074896e-10,0.0,1.360973556074896e-10,,,,
historical_S025,S025:i101:nsga2:s1060001:r1:84611c72e3a3,p0004,False,ec1f9ecf0ba3d81e,9,72,0.8999999999998799,0.8999999999998798,0.0,1.360973556074896e-10,0.0,1.360973556074896e-10,,,,
historical_S025,S025:i101:nsga2:s1060002:r2:308067de2de9,p0001,False,300f7aa787f40a88,1,8,0.106049988137819,0.0,0.2222222222222222,898.7514134279891,405.73666863490837,493.0147447930807,,,,
historical_S025,S025:i101:nsga2:s1060002:r2:308067de2de9,p0001,False,300f7aa787f40a88,2,16,0.22053926799642717,0.0,0.1111111111111111,769.1495486280446,349.6362249100208,419.5133237180238,,,,
historical_S025,S025:i101:nsga2:s1060002:r2:308067de2de9,p0001,False,300f7aa787f40a88,3,24,0.3392797478823383,0.0,0.1111111111111111,634.7353253971933,289.0713958649327,345.66392953226057,,,,
historical_S025,S025:i101:nsga2:s1060002:r2:308067de2de9,p0001,False,300f7aa787f40a88,4,32,0.46130890039548766,0.13157894736842105,0.0,496.59832475230814,226.25768200493042,270.34064274737773,,,,
historical_S025,S025:i101:nsga2:s1060002:r2:308067de2de9,p0001,False,300f7aa787f40a88,5,40,0.5839792052130591,0.2631578947368421,0.0,357.7355396988173,161.7042603256722,196.03127937314508,,,,
historical_S025,S025:i101:nsga2:s1060002:r2:308067de2de9,p0001,False,300f7aa787f40a88,6,48,0.7072476167747433,0.39473684210526316,0.0,218.19569781099074,96.8116690769409,121.38402873404982,,,,
historical_S025,S025:i101:nsga2:s1060002:r2:308067de2de9,p0001,False,300f7aa787f40a88,7,56,0.8310739795032875,0.5263157894736842,0.0,78.02425520227871,31.60267936102362,46.42157584125509,,,,
historical_S025,S025:i101:nsga2:s1060002:r2:308067de2de9,p0001,False,300f7aa787f40a88,8,64,0.8999999999997319,0.8999999999997318,0.0,3.036859652638668e-10,3.036859652638668e-10,0.0,,,,
historical_S025,S025:i101:nsga2:s1060002:r2:308067de2de9,p0001,False,300f7aa787f40a88,9,72,0.8999999999997319,0.8999999999997318,0.0,3.036859652638668e-10,3.036859652638668e-10,0.0,,,,
historical_S025,S025:i101:nsga2:s1060002:r2:308067de2de9,p0002,False,bbe9d8a248fac2e6,1,8,0.1145093271231478,0.0,0.2222222222222222,889.1754416965969,353.2190007905698,535.9564409060271,,,,
historical_S025,S025:i101:nsga2:s1060002:r2:308067de2de9,p0002,False,bbe9d8a248fac2e6,2,16,0.23213439072821945,0.0,0.1111111111111111,756.0238696956558,235.0674287896287,520.9564409060271,,,,
historical_S025,S025:i101:nsga2:s1060002:r2:308067de2de9,p0002,False,bbe9d8a248fac2e6,3,24,0.35252312552309334,0.0,0.1111111111111111,619.7438219078585,123.08836823817876,496.6554536696798,,,,
historical_S025,S025:i101:nsga2:s1060002:r2:308067de2de9,p0002,False,bbe9d8a248fac2e6,4,32,0.4723188822871577,0.11155648306276894,0.0,484.1350252509377,0.0,484.1350252509377,,,,
historical_S025,S025:i101:nsga2:s1060002:r2:308067de2de9,p0002,False,bbe9d8a248fac2e6,5,40,0.6017396589150408,0.37471437779961103,0.0,337.630706108174,0.0,337.630706108174,,,,
historical_S025,S025:i101:nsga2:s1060002:r2:308067de2de9,p0002,False,bbe9d8a248fac2e6,6,48,0.7224714081370083,0.37471437779961103,0.0,200.9623659889068,0.0,200.9623659889068,,,,
historical_S025,S025:i101:nsga2:s1060002:r2:308067de2de9,p0002,False,bbe9d8a248fac2e6,7,56,0.8527653367398306,0.6378722725364532,0.0,53.469638810511924,0.0,53.469638810511924,,,,
historical_S025,S025:i101:nsga2:s1060002:r2:308067de2de9,p0002,False,bbe9d8a248fac2e6,8,64,0.89999999999989,0.8999999999998899,0.0,1.2460077414289117e-10,0.0,1.2460077414289117e-10,,,,
historical_S025,S025:i101:nsga2:s1060002:r2:308067de2de9,p0002,False,bbe9d8a248fac2e6,9,72,0.89999999999989,0.8999999999998899,0.0,1.2460077414289117e-10,0.0,1.2460077414289117e-10,,,,
historical_S025,S025:i101:nsga2:s1060002:r2:308067de2de9,p0003,False,75cb75ff649b74c2,1,8,0.11511412303767339,0.0,0.2222222222222222,888.4908127213539,428.3294248185663,460.1613879027876,,,,
historical_S025,S025:i101:nsga2:s1060002:r2:308067de2de9,p0003,False,75cb75ff649b74c2,2,16,0.24136149582526237,0.0,0.1111111111111111,745.5787867258032,385.2767428025305,360.30204392327266,,,,
historical_S025,S025:i101:nsga2:s1060002:r2:308067de2de9,p0003,False,75cb75ff649b74c2,3,24,0.35873353758498194,0.0,0.1111111111111111,612.7136354538006,338.0602253800149,274.6534100737857,,,,
historical_S025,S025:i101:nsga2:s1060002:r2:308067de2de9,p0003,False,75cb75ff649b74c2,4,32,0.48387356640753754,0.19736842105263158,0.0,471.0551228266677,279.1630817617512,191.8920410649165,,,,
historical_S025,S025:i101:nsga2:s1060002:r2:308067de2de9,p0003,False,75cb75ff649b74c2,5,40,0.6003710803363862,0.19736842105263158,0.0,339.17993705921106,232.3607109820769,106.81922607713412,,,,
historical_S025,S025:i101:nsga2:s1060002:r2:308067de2de9,p0003,False,75cb75ff649b74c2,6,48,0.7269559384441989,0.4605263157894737,0.0,195.88587768116693,168.79064077271966,27.095236908447276,,,,
historical_S025,S025:i101:nsga2:s1060002:r2:308067de2de9,p0003,False,75cb75ff649b74c2,7,56,0.851194619010977,0.7461307976504102,0.0,55.247691279574056,55.247691279574056,0.0,,,,
historical_S025,S025:i101:nsga2:s1060002:r2:308067de2de9,p0003,False,75cb75ff649b74c2,8,64,0.8999999999998276,0.8999999999998275,0.0,1.9525714378687553e-10,1.9525714378687553e-10,0.0,,,,
historical_S025,S025:i101:nsga2:s1060002:r2:308067de2de9,p0003,False,75cb75ff649b74c2,9,72,0.8999999999998276,0.8999999999998275,0.0,1.9525714378687553e-10,1.9525714378687553e-10,0.0,,,,
historical_S025,S025:i101:nsga2:s1060002:r2:308067de2de9,p0004,False,03a6c09befd51f7f,1,8,0.11575793804347694,0.0,0.2222222222222222,887.7620141347843,428.3294248185663,459.432589316218,,,,
historical_S025,S025:i101:nsga2:s1060002:r2:308067de2de9,p0004,False,03a6c09befd51f7f,2,16,0.24302506375102226,0.0,0.1111111111111111,743.695627833843,385.035955990366,358.659671843477,,,,
historical_S025,S025:i101:nsga2:s1060002:r2:308067de2de9,p0004,False,03a6c09befd51f7f,3,24,0.3573476308985674,0.0,0.1111111111111111,614.2824818228219,337.4380509757699,276.84443084705197,,,,
historical_S025,S025:i101:nsga2:s1060002:r2:308067de2de9,p0004,False,03a6c09befd51f7f,4,32,0.4825807064595538,0.19736842105263158,0.0,472.5186402877853,279.68141086256367,192.8372294252216,,,,
historical_S025,S025:i101:nsga2:s1060002:r2:308067de2de9,p0004,False,03a6c09befd51f7f,5,40,0.5952878927932084,0.19736842105263158,0.0,344.93410535808835,232.8442406026008,112.08986475548754,,,,
historical_S025,S025:i101:nsga2:s1060002:r2:308067de2de9,p0004,False,03a6c09befd51f7f,6,48,0.7177970638456682,0.39473684210526316,0.0,206.2537237267038,175.69175291384738,30.561970812856444,,,,
historical_S025,S025:i101:nsga2:s1060002:r2:308067de2de9,p0004,False,03a6c09befd51f7f,7,56,0.8431126131966403,0.7410476101072883,0.0,64.39652186140343,64.39652186140343,0.0,,,,
historical_S025,S025:i101:nsga2:s1060002:r2:308067de2de9,p0004,False,03a6c09befd51f7f,8,64,0.8999999999999728,0.8999999999999727,0.0,3.097966327914037e-11,3.097966327914037e-11,0.0,,,,
historical_S025,S025:i101:nsga2:s1060002:r2:308067de2de9,p0004,False,03a6c09befd51f7f,9,72,0.8999999999999728,0.8999999999999727,0.0,3.097966327914037e-11,3.097966327914037e-11,0.0,,,,
historical_S025,S025:i101:nsga2:s1060002:r2:308067de2de9,p0005,False,723af32faa3262e2,1,8,0.11583597622603285,0.0,0.1111111111111111,887.673674912131,394.6589301190503,493.0147447930807,,,,
historical_S025,S025:i101:nsga2:s1060002:r2:308067de2de9,p0005,False,723af32faa3262e2,2,16,0.23273546397279077,0.034722222222222224,0.0,755.343454782801,324.5781645024696,430.76529028033144,,,,
historical_S025,S025:i101:nsga2:s1060002:r2:308067de2de9,p0005,False,723af32faa3262e2,3,24,0.35243219002761306,0.1736111111111111,0.0,619.8467608887423,253.85397441552072,365.9927864732216,,,,
historical_S025,S025:i101:nsga2:s1060002:r2:308067de2de9,p0005,False,723af32faa3262e2,4,32,0.47457032195530696,0.3125,0.0,481.5863955465928,181.43745515236233,300.14894039423046,,,,
historical_S025,S025:i101:nsga2:s1060002:r2:308067de2de9,p0005,False,723af32faa3262e2,5,40,0.5988392922245707,0.4513888888888889,0.0,340.91392120178637,107.5438853359576,233.37003586582875,,,,
historical_S025,S025:i101:nsga2:s1060002:r2:308067de2de9,p0005,False,723af32faa3262e2,6,48,0.7117171567354539,0.4861111111111111,0.0,213.1361785754665,32.3611583228771,180.77502025258937,,,,
historical_S025,S025:i101:nsga2:s1060002:r2:308067de2de9,p0005,False,723af32faa3262e2,7,56,0.829676184772403,0.7445990095390018,0.0,79.60655883764,0.0,79.60655883764,,,,
historical_S025,S025:i101:nsga2:s1060002:r2:308067de2de9,p0005,False,723af32faa3262e2,8,64,0.8999999999998799,0.8999999999998797,0.0,1.3635315099236323e-10,0.0,1.3635315099236323e-10,,,,
historical_S025,S025:i101:nsga2:s1060002:r2:308067de2de9,p0005,False,723af32faa3262e2,9,72,0.8999999999998799,0.8999999999998797,0.0,1.3635315099236323e-10,0.0,1.3635315099236323e-10,,,,
historical_S025,S025:i101:nsga2:s1060002:r2:308067de2de9,p0006,False,1ddba04440e79875,1,8,0.11305391501910206,0.0,0.2222222222222222,890.8229681983767,415.64832941225507,475.1746387861216,,,,
historical_S025,S025:i101:nsga2:s1060002:r2:308067de2de9,p0006,False,1ddba04440e79875,2,16,0.2360762978695347,0.0,0.1111111111111111,751.5616308116869,323.530474588492,428.0311562231949,,,,
historical_S025,S025:i101:nsga2:s1060002:r2:308067de2de9,p0006,False,1ddba04440e79875,3,24,0.3667846958613125,0.20618556701030927,0.0,603.5997242849944,226.8689017105204,376.730822574474,,,,
historical_S025,S025:i101:nsga2:s1060002:r2:308067de2de9,p0006,False,1ddba04440e79875,4,32,0.4769984533142228,0.20618556701030927,0.0,478.83775084829995,156.61233023635623,322.2254206119437,,,,
historical_S025,S025:i101:nsga2:s1060002:r2:308067de2de9,p0006,False,1ddba04440e79875,5,40,0.5958963839226157,0.30927835051546393,0.0,344.2452933995992,67.97900964561774,276.26628375398144,,,,
historical_S025,S025:i101:nsga2:s1060002:r2:308067de2de9,p0006,False,1ddba04440e79875,6,48,0.721832290909732,0.5670103092783505,0.0,201.68584669018355,0.0,201.68584669018355,,,,
historical_S025,S025:i101:nsga2:s1060002:r2:308067de2de9,p0006,False,1ddba04440e79875,7,56,0.8408741683561709,0.7416561012370348,0.0,66.93044142081484,0.0,66.93044142081484,,,,
historical_S025,S025:i101:nsga2:s1060002:r2:308067de2de9,p0006,False,1ddba04440e79875,8,64,0.8999999999998974,0.8999999999998974,0.0,1.163016349892132e-10,0.0,1.163016349892132e-10,,,,
historical_S025,S025:i101:nsga2:s1060002:r2:308067de2de9,p0006,False,1ddba04440e79875,9,72,0.8999999999998974,0.8999999999998974,0.0,1.163016349892132e-10,0.0,1.163016349892132e-10,,,,
historical_S025,S025:i101:nsga2:s1060002:r2:308067de2de9,p0007,False,677471b6b584b86f,1,8,0.11511412303767339,0.0,0.2222222222222222,888.4908127213539,428.3294248185663,460.1613879027876,,,,
historical_S025,S025:i101:nsga2:s1060002:r2:308067de2de9,p0007,False,677471b6b584b86f,2,16,0.24136149582526237,0.0,0.1111111111111111,745.5787867258032,385.2767428025305,360.30204392327266,,,,
historical_S025,S025:i101:nsga2:s1060002:r2:308067de2de9,p0007,False,677471b6b584b86f,3,24,0.35873353758498194,0.0,0.1111111111111111,612.7136354538006,338.0602253800149,274.6534100737857,,,,
historical_S025,S025:i101:nsga2:s1060002:r2:308067de2de9,p0007,False,677471b6b584b86f,4,32,0.48387356640753754,0.19736842105263158,0.0,471.0551228266677,294.1630817617512,176.8920410649165,,,,
historical_S025,S025:i101:nsga2:s1060002:r2:308067de2de9,p0007,False,677471b6b584b86f,5,40,0.6003710803363862,0.19736842105263158,0.0,339.17993705921106,247.3607109820769,91.81922607713412,,,,
historical_S025,S025:i101:nsga2:s1060002:r2:308067de2de9,p0007,False,677471b6b584b86f,6,48,0.7243898933103184,0.4223057487953589,0.0,198.79064077271966,198.79064077271966,0.0,,,,
historical_S025,S025:i101:nsga2:s1060002:r2:308067de2de9,p0007,False,677471b6b584b86f,7,56,0.8444993160138841,0.48809522247956943,0.0,62.82677427228336,62.82677427228336,0.0,,,,
historical_S025,S025:i101:nsga2:s1060002:r2:308067de2de9,p0007,False,677471b6b584b86f,8,64,0.899999999999546,0.899999999999546,0.0,5.140634584677173e-10,5.140634584677173e-10,0.0,,,,
historical_S025,S025:i101:nsga2:s1060002:r2:308067de2de9,p0007,False,677471b6b584b86f,9,72,0.899999999999546,0.899999999999546,0.0,5.140634584677173e-10,5.140634584677173e-10,0.0,,,,
historical_S025,S025:i101:nsga2:s1060002:r2:308067de2de9,p0008,True,59f21ef06d457946,1,8,0.11287442719933656,0.0,0.2222222222222222,891.0261484103512,419.0008029104753,472.0253454998759,,,,
historical_S025,S025:i101:nsga2:s1060002:r2:308067de2de9,p0008,True,59f21ef06d457946,2,16,0.2348713249080426,0.0,0.1111111111111111,752.925660204096,369.56180379725595,383.36385640684,,,,
historical_S025,S025:i101:nsga2:s1060002:r2:308067de2de9,p0008,True,59f21ef06d457946,3,24,0.35949326906963697,0.06578947368421052,0.0,611.8536194131711,311.12716260057243,300.7264568125987,,,,
historical_S025,S025:i101:nsga2:s1060002:r2:308067de2de9,p0008,True,59f21ef06d457946,4,32,0.48458229118490104,0.19736842105263158,0.0,470.2528463786922,246.5427510578624,223.71009532082977,,,,
historical_S025,S025:i101:nsga2:s1060002:r2:308067de2de9,p0008,True,59f21ef06d457946,5,40,0.6101070326635121,0.32894736842105265,0.0,328.1588390249045,181.75375937134817,146.40507965355636,,,,
historical_S025,S025:i101:nsga2:s1060002:r2:308067de2de9,p0008,True,59f21ef06d457946,6,48,0.736038240262051,0.4605263157894737,0.0,185.6047120233585,116.77392260366146,68.83078941969706,,,,
historical_S025,S025:i101:nsga2:s1060002:r2:308067de2de9,p0008,True,59f21ef06d457946,7,56,0.8632367017000757,0.7236842105263158,0.0,41.616053675514394,41.616053675514394,0.0,,,,
historical_S025,S025:i101:nsga2:s1060002:r2:308067de2de9,p0008,True,59f21ef06d457946,8,64,0.8999999999999473,0.8999999999999472,0.0,5.988454176986124e-11,5.988454176986124e-11,0.0,,,,
historical_S025,S025:i101:nsga2:s1060002:r2:308067de2de9,p0008,True,59f21ef06d457946,9,72,0.8999999999999473,0.8999999999999472,0.0,5.988454176986124e-11,5.988454176986124e-11,0.0,,,,
historical_S025,S025:i101:nsga2:s1060002:r2:308067de2de9,p0009,False,c7910272cfe76bb6,1,8,0.11472783403419126,0.0,0.2222222222222222,888.9280918732957,408.79762269850073,480.13046917479494,,,,
historical_S025,S025:i101:nsga2:s1060002:r2:308067de2de9,p0009,False,c7910272cfe76bb6,2,16,0.23816662159466215,0.0,0.1111111111111111,749.1953843548426,313.00567561509126,436.1897087397514,,,,
historical_S025,S025:i101:nsga2:s1060002:r2:308067de2de9,p0009,False,c7910272cfe76bb6,3,24,0.3686959017410735,0.20618556701030927,0.0,601.436239229105,212.5235861252546,388.9126531038504,,,,
historical_S025,S025:i101:nsga2:s1060002:r2:308067de2de9,p0009,False,c7910272cfe76bb6,4,32,0.4758527821390116,0.20618556701030927,0.0,480.13465061863906,141.21471181086997,338.9199388077691,,,,
historical_S025,S025:i101:nsga2:s1060002:r2:308067de2de9,p0009,False,c7910272cfe76bb6,5,40,0.5948488842173218,0.30927835051546393,0.0,345.4310630659918,47.55220945052048,297.8788536154713,,,,
historical_S025,S025:i101:nsga2:s1060002:r2:308067de2de9,p0009,False,c7910272cfe76bb6,6,48,0.716899207230671,0.4639175257731959,0.0,207.27009741488055,0.0,207.27009741488055,,,,
historical_S025,S025:i101:nsga2:s1060002:r2:308067de2de9,p0009,False,c7910272cfe76bb6,7,56,0.8379648077339626,0.6701030927835051,0.0,70.22383764515452,0.0,70.22383764515452,,,,
historical_S025,S025:i101:nsga2:s1060002:r2:308067de2de9,p0009,False,c7910272cfe76bb6,8,64,0.8999999999998799,0.8999999999998798,0.0,1.361328827442776e-10,0.0,1.361328827442776e-10,,,,
historical_S025,S025:i101:nsga2:s1060002:r2:308067de2de9,p0009,False,c7910272cfe76bb6,9,72,0.8999999999998799,0.8999999999998798,0.0,1.361328827442776e-10,0.0,1.361328827442776e-10,,,,
historical_S025,S025:i102:nsga2_alns:s1070000:r0:4bee04ec640e,p0001,False,57e988453f8fdd3f,1,8,0.10986160006722111,0.0,0.2222222222222222,915.7704055220909,,,750.1057128096849,165.66469271240598,,
historical_S025,S025:i102:nsga2_alns:s1070000:r0:4bee04ec640e,p0001,False,57e988453f8fdd3f,2,16,0.23329410480381033,0.06944444444444445,0.0,772.712132532384,,,682.31851117432,90.393621358064,,
historical_S025,S025:i102:nsga2_alns:s1070000:r0:4bee04ec640e,p0001,False,57e988453f8fdd3f,3,24,0.3543329247411486,0.1736111111111111,0.0,632.4281402250089,,,602.3930136830103,30.035126541998586,,
historical_S025,S025:i102:nsga2_alns:s1070000:r0:4bee04ec640e,p0001,False,57e988453f8fdd3f,4,32,0.4740063896497467,0.37997227564038544,0.0,493.7265943959437,,,493.7265943959437,0.0,,
historical_S025,S025:i102:nsga2_alns:s1070000:r0:4bee04ec640e,p0001,False,57e988453f8fdd3f,5,40,0.5992451098211692,0.42029485628554675,0.0,348.57491771726524,,,348.57491771726524,0.0,,
historical_S025,S025:i102:nsga2_alns:s1070000:r0:4bee04ec640e,p0001,False,57e988453f8fdd3f,6,48,0.719712819379028,0.5009400175758693,0.0,208.9528423397067,,,208.9528423397067,0.0,,
historical_S025,S025:i102:nsga2_alns:s1070000:r0:4bee04ec640e,p0001,False,57e988453f8fdd3f,7,56,0.8359199629446377,0.5815851788661919,0.0,74.26876294716519,,,74.26876294716519,0.0,,
historical_S025,S025:i102:nsga2_alns:s1070000:r0:4bee04ec640e,p0001,False,57e988453f8fdd3f,8,64,0.8999999999996837,0.8999999999996837,0.0,3.667963710540789e-10,,,3.667963710540789e-10,0.0,,
historical_S025,S025:i102:nsga2_alns:s1070000:r0:4bee04ec640e,p0001,False,57e988453f8fdd3f,9,72,0.8999999999996837,0.8999999999996837,0.0,3.667963710540789e-10,,,3.667963710540789e-10,0.0,,
historical_S025,S025:i102:nsga2_alns:s1070000:r0:4bee04ec640e,p0002,False,74a4e59ccdab0d64,1,8,0.11415333053909675,0.0,0.2222222222222222,910.796289905187,,,722.6768948631992,188.11939504198776,,
historical_S025,S025:i102:nsga2_alns:s1070000:r0:4bee04ec640e,p0002,False,74a4e59ccdab0d64,2,16,0.2384029015571401,0.07246376811594203,0.0,766.7910370952748,,,631.2855701888842,135.50546690639052,,
historical_S025,S025:i102:nsga2_alns:s1070000:r0:4bee04ec640e,p0002,False,74a4e59ccdab0d64,3,24,0.3564864321948819,0.14492753623188406,0.0,629.932225086132,,,532.6956260532145,97.2365990329175,,
historical_S025,S025:i102:nsga2_alns:s1070000:r0:4bee04ec640e,p0002,False,74a4e59ccdab0d64,4,32,0.46913810154902036,0.21739130434782608,0.0,499.3689403046855,,,438.50206870828663,60.86687159639887,,
historical_S025,S025:i102:nsga2_alns:s1070000:r0:4bee04ec640e,p0002,False,74a4e59ccdab0d64,5,40,0.5942609267524003,0.43478260869565216,0.0,354.35158589396815,,,328.18142845868675,26.170157435281403,,
historical_S025,S025:i102:nsga2_alns:s1070000:r0:4bee04ec640e,p0002,False,74a4e59ccdab0d64,6,48,0.7110708765410946,0.5797101449275363,0.0,218.9688540888715,,,218.9688540888715,0.0,,
historical_S025,S025:i102:nsga2_alns:s1070000:r0:4bee04ec640e,p0002,False,74a4e59ccdab0d64,7,56,0.8289784371429021,0.6370090746707524,0.0,82.31399135137649,,,82.31399135137649,0.0,,
historical_S025,S025:i102:nsga2_alns:s1070000:r0:4bee04ec640e,p0002,False,74a4e59ccdab0d64,8,64,0.8999999999997518,0.8999999999997516,0.0,2.878906002479198e-10,,,2.878906002479198e-10,0.0,,
historical_S025,S025:i102:nsga2_alns:s1070000:r0:4bee04ec640e,p0002,False,74a4e59ccdab0d64,9,72,0.8999999999997518,0.8999999999997516,0.0,2.878906002479198e-10,,,2.878906002479198e-10,0.0,,
historical_S025,S025:i102:nsga2_alns:s1070000:r0:4bee04ec640e,p0003,False,5e4a3f389dda2b60,1,8,0.1114026030293764,0.0,0.2222222222222222,913.9843830889529,,,725.8649880469651,188.11939504198776,,
historical_S025,S025:i102:nsga2_alns:s1070000:r0:4bee04ec640e,p0003,False,5e4a3f389dda2b60,2,16,0.22735157042027385,0.0,0.1111111111111111,779.5995298829027,,,643.2468389034569,136.35269097944578,,
historical_S025,S025:i102:nsga2_alns:s1070000:r0:4bee04ec640e,p0003,False,5e4a3f389dda2b60,3,24,0.3467509627465793,0.14492753623188406,0.0,641.2156341767147,,,540.57522515369,100.64040902302472,,
historical_S025,S025:i102:nsga2_alns:s1070000:r0:4bee04ec640e,p0003,False,5e4a3f389dda2b60,4,32,0.4691899442521132,0.2898550724637681,0.0,499.3088546118008,,,435.4434584252046,63.86539618659625,,
historical_S025,S025:i102:nsga2_alns:s1070000:r0:4bee04ec640e,p0003,False,5e4a3f389dda2b60,5,40,0.5943065966398596,0.43478260869565216,0.0,354.2986544944028,,,328.14446461158576,26.154189882817022,,
historical_S025,S025:i102:nsga2_alns:s1070000:r0:4bee04ec640e,p0003,False,5e4a3f389dda2b60,6,48,0.7197270996900333,0.6369365401439196,0.0,208.93629145925144,,,208.93629145925144,0.0,,
historical_S025,S025:i102:nsga2_alns:s1070000:r0:4bee04ec640e,p0003,False,5e4a3f389dda2b60,7,56,0.8439624284283939,0.7409847674762995,0.0,64.94754545149158,,,64.94754545149158,0.0,,
historical_S025,S025:i102:nsga2_alns:s1070000:r0:4bee04ec640e,p0003,False,5e4a3f389dda2b60,8,64,0.899999999999782,0.8999999999997818,0.0,2.5279689452872844e-10,,,2.5279689452872844e-10,0.0,,
historical_S025,S025:i102:nsga2_alns:s1070000:r0:4bee04ec640e,p0003,False,5e4a3f389dda2b60,9,72,0.899999999999782,0.8999999999997818,0.0,2.5279689452872844e-10,,,2.5279689452872844e-10,0.0,,
historical_S025,S025:i102:nsga2_alns:s1070000:r0:4bee04ec640e,p0004,True,993f7e961e6bda07,1,8,0.11051671243760958,0.0,0.2222222222222222,915.0111302848106,,,809.0703374860872,105.94079279872344,,
historical_S025,S025:i102:nsga2_alns:s1070000:r0:4bee04ec640e,p0004,True,993f7e961e6bda07,2,16,0.2350751321458522,0.0949367088607595,0.0,770.6479218429574,,,770.6479218429574,0.0,,
historical_S025,S025:i102:nsga2_alns:s1070000:r0:4bee04ec640e,p0004,True,993f7e961e6bda07,3,24,0.3599094532226384,0.22151898734177214,0.0,625.9649437149623,,,625.9649437149623,0.0,,
historical_S025,S025:i102:nsga2_alns:s1070000:r0:4bee04ec640e,p0004,True,993f7e961e6bda07,4,32,0.4849820635746673,0.34810126582278483,0.0,481.0057883169608,,,481.0057883169608,0.0,,
historical_S025,S025:i102:nsga2_alns:s1070000:r0:4bee04ec640e,p0004,True,993f7e961e6bda07,5,40,0.6102604785555553,0.47468354430379744,0.0,335.80810535411143,,,335.80810535411143,0.0,,
historical_S025,S025:i102:nsga2_alns:s1070000:r0:4bee04ec640e,p0004,True,993f7e961e6bda07,6,48,0.7357166419686415,0.6012658227848101,0.0,190.40441195834467,,,190.40441195834467,0.0,,
historical_S025,S025:i102:nsga2_alns:s1070000:r0:4bee04ec640e,p0004,True,993f7e961e6bda07,7,56,0.8613263223624358,0.7278481012658228,0.0,44.82279238193709,,,44.82279238193709,0.0,,
historical_S025,S025:i102:nsga2_alns:s1070000:r0:4bee04ec640e,p0004,True,993f7e961e6bda07,8,64,0.8999999999997628,0.8999999999997628,0.0,2.750510930127348e-10,,,2.750510930127348e-10,0.0,,
historical_S025,S025:i102:nsga2_alns:s1070000:r0:4bee04ec640e,p0004,True,993f7e961e6bda07,9,72,0.8999999999997628,0.8999999999997628,0.0,2.750510930127348e-10,,,2.750510930127348e-10,0.0,,
historical_S025,S025:i102:nsga2_alns:s1070001:r1:13e6cdde3e72,p0001,False,3809403fb340e107,1,8,0.11317438421291005,0.0,0.2222222222222222,911.9308886972374,,,745.9598974516097,165.9709912456277,,
historical_S025,S025:i102:nsga2_alns:s1070001:r1:13e6cdde3e72,p0001,False,3809403fb340e107,2,16,0.23854570477450515,0.11627906976744186,0.0,766.6255281663487,,,659.133827552961,107.49170061338768,,
historical_S025,S025:i102:nsga2_alns:s1070001:r1:13e6cdde3e72,p0001,False,3809403fb340e107,3,24,0.35825363695275864,0.20348837209302326,0.0,627.8840347717529,,,578.0185831494114,49.865451622341524,,
historical_S025,S025:i102:nsga2_alns:s1070001:r1:13e6cdde3e72,p0001,False,3809403fb340e107,4,32,0.4896742441499655,0.4021206667546074,0.0,475.5675510301901,,,475.5675510301901,0.0,,
historical_S025,S025:i102:nsga2_alns:s1070001:r1:13e6cdde3e72,p0001,False,3809403fb340e107,5,40,0.6102196620133129,0.4602602016383283,0.0,335.8554117265704,,,335.8554117265704,0.0,,
historical_S025,S025:i102:nsga2_alns:s1070001:r1:13e6cdde3e72,p0001,False,3809403fb340e107,6,48,0.7344460014708701,0.6056090388476306,0.0,191.87708429526162,,,191.87708429526162,0.0,,
historical_S025,S025:i102:nsga2_alns:s1070001:r1:13e6cdde3e72,p0001,False,3809403fb340e107,7,56,0.8618069997838637,0.7509578760569331,0.0,44.265687250502154,,,44.265687250502154,0.0,,
historical_S025,S025:i102:nsga2_alns:s1070001:r1:13e6cdde3e72,p0001,False,3809403fb340e107,8,64,0.8999999999999718,0.8999999999999718,0.0,3.267786041760701e-11,,,3.267786041760701e-11,0.0,,
historical_S025,S025:i102:nsga2_alns:s1070001:r1:13e6cdde3e72,p0001,False,3809403fb340e107,9,72,0.8999999999999718,0.8999999999999718,0.0,3.267786041760701e-11,,,3.267786041760701e-11,0.0,,
historical_S025,S025:i102:nsga2_alns:s1070001:r1:13e6cdde3e72,p0002,True,a4f9dca07f8e63f5,1,8,0.11446227557741769,0.0,0.3333333333333333,910.438222605773,,,760.9598974516097,149.47832515416334,,
historical_S025,S025:i102:nsga2_alns:s1070001:r1:13e6cdde3e72,p0002,True,a4f9dca07f8e63f5,2,16,0.23954324940155125,0.0,0.1111111111111111,765.4693739436022,,,668.1855672854903,97.28380665811196,,
historical_S025,S025:i102:nsga2_alns:s1070001:r1:13e6cdde3e72,p0002,True,a4f9dca07f8e63f5,3,24,0.3651554467028663,0.0,0.1111111111111111,619.884837271378,,,579.3877927293482,40.49704454202978,,
historical_S025,S025:i102:nsga2_alns:s1070001:r1:13e6cdde3e72,p0002,True,a4f9dca07f8e63f5,4,32,0.49396872605310277,0.41572377432612667,0.0,470.59024650445406,,,470.59024650445406,0.0,,
historical_S025,S025:i102:nsga2_alns:s1070001:r1:13e6cdde3e72,p0002,True,a4f9dca07f8e63f5,5,40,0.6158955793048243,0.4738633092098476,0.0,329.2770235857088,,,329.2770235857088,0.0,,
historical_S025,S025:i102:nsga2_alns:s1070001:r1:13e6cdde3e72,p0002,True,a4f9dca07f8e63f5,6,48,0.7326702161982862,0.561072611535429,0.0,193.93521942618645,,,193.93521942618645,0.0,,
historical_S025,S025:i102:nsga2_alns:s1070001:r1:13e6cdde3e72,p0002,True,a4f9dca07f8e63f5,7,56,0.8493713090489892,0.6773516813028708,0.0,58.67865281222166,,,58.67865281222166,0.0,,
historical_S025,S025:i102:nsga2_alns:s1070001:r1:13e6cdde3e72,p0002,True,a4f9dca07f8e63f5,8,64,0.8999999999999099,0.8999999999999098,0.0,1.0456346899445634e-10,,,1.0456346899445634e-10,0.0,,
historical_S025,S025:i102:nsga2_alns:s1070001:r1:13e6cdde3e72,p0002,True,a4f9dca07f8e63f5,9,72,0.8999999999999099,0.8999999999999098,0.0,1.0456346899445634e-10,,,1.0456346899445634e-10,0.0,,
historical_S025,S025:i102:nsga2_alns:s1070001:r1:13e6cdde3e72,p0003,False,90b1f48bcd60fb6b,1,8,0.11446227557741769,0.0,0.3333333333333333,910.438222605773,,,760.9598974516097,149.47832515416334,,
historical_S025,S025:i102:nsga2_alns:s1070001:r1:13e6cdde3e72,p0003,False,90b1f48bcd60fb6b,2,16,0.24740240754379977,0.0,0.1111111111111111,756.3606096567362,,,674.2229488906463,82.13766076608985,,
historical_S025,S025:i102:nsga2_alns:s1070001:r1:13e6cdde3e72,p0003,False,90b1f48bcd60fb6b,3,24,0.3579755630360286,0.0,0.1111111111111111,628.206322441243,,,614.1340092418881,14.072313199354852,,
historical_S025,S025:i102:nsga2_alns:s1070001:r1:13e6cdde3e72,p0003,False,90b1f48bcd60fb6b,4,32,0.48271082984877334,0.3940805783804535,0.0,483.6381482052718,,,483.6381482052718,0.0,,
historical_S025,S025:i102:nsga2_alns:s1070001:r1:13e6cdde3e72,p0003,False,90b1f48bcd60fb6b,5,40,0.6117245928884905,0.5103596481478954,0.0,334.11119684223974,,,334.11119684223974,0.0,,
historical_S025,S025:i102:nsga2_alns:s1070001:r1:13e6cdde3e72,p0003,False,90b1f48bcd60fb6b,6,48,0.7302203514048368,0.5684991830316163,0.0,196.77461272179437,,,196.77461272179437,0.0,,
historical_S025,S025:i102:nsga2_alns:s1070001:r1:13e6cdde3e72,p0003,False,90b1f48bcd60fb6b,7,56,0.852701208743538,0.7138480202409186,0.0,54.81929906623958,,,54.81929906623958,0.0,,
historical_S025,S025:i102:nsga2_alns:s1070001:r1:13e6cdde3e72,p0003,False,90b1f48bcd60fb6b,8,64,0.8999999999998564,0.8999999999998562,0.0,1.6677148551025311e-10,,,1.6677148551025311e-10,0.0,,
historical_S025,S025:i102:nsga2_alns:s1070001:r1:13e6cdde3e72,p0003,False,90b1f48bcd60fb6b,9,72,0.8999999999998564,0.8999999999998562,0.0,1.6677148551025311e-10,,,1.6677148551025311e-10,0.0,,
historical_S025,S025:i102:nsga2_alns:s1070001:r1:13e6cdde3e72,p0004,False,2d8242283d5fc7a3,1,8,0.1119199929128064,0.0,0.3333333333333333,913.3847282140575,,,717.5431588839105,195.84156933014705,,
historical_S025,S025:i102:nsga2_alns:s1070001:r1:13e6cdde3e72,p0004,False,2d8242283d5fc7a3,2,16,0.23293915699256737,0.0,0.2222222222222222,773.1235170456146,,,633.8270041852933,139.29651286032126,,
historical_S025,S025:i102:nsga2_alns:s1070001:r1:13e6cdde3e72,p0004,False,2d8242283d5fc7a3,3,24,0.35489257140055985,0.0,0.1111111111111111,631.7795097467513,,,543.3046694539238,88.47484029282745,,
historical_S025,S025:i102:nsga2_alns:s1070001:r1:13e6cdde3e72,p0004,False,2d8242283d5fc7a3,4,32,0.47690332868451596,0.0,0.1111111111111111,490.3690420546461,,,452.08351547645486,38.285526578191224,,
historical_S025,S025:i102:nsga2_alns:s1070001:r1:13e6cdde3e72,p0004,False,2d8242283d5fc7a3,5,40,0.597227620769463,0.08771929824561403,0.0,350.91318752819257,,,350.91318752819257,0.0,,
historical_S025,S025:i102:nsga2_alns:s1070001:r1:13e6cdde3e72,p0004,False,2d8242283d5fc7a3,6,48,0.720262452415345,0.2631578947368421,0.0,208.31581765061523,,,208.31581765061523,0.0,,
historical_S025,S025:i102:nsga2_alns:s1070001:r1:13e6cdde3e72,p0004,False,2d8242283d5fc7a3,7,56,0.8415604545499469,0.3508771929824561,0.0,67.73143317661174,,,67.73143317661174,0.0,,
historical_S025,S025:i102:nsga2_alns:s1070001:r1:13e6cdde3e72,p0004,False,2d8242283d5fc7a3,8,64,0.8999999999996843,0.899999999999684,0.0,3.6617109344661003e-10,,,3.6617109344661003e-10,0.0,,
historical_S025,S025:i102:nsga2_alns:s1070001:r1:13e6cdde3e72,p0004,False,2d8242283d5fc7a3,9,72,0.8999999999996843,0.899999999999684,0.0,3.6617109344661003e-10,,,3.6617109344661003e-10,0.0,,
historical_S025,S025:i102:nsga2_alns:s1070001:r1:13e6cdde3e72,p0005,False,03804da193d0d74e,1,8,0.10986160006722111,0.0,0.2222222222222222,915.7704055220909,,,733.6648154844128,182.10559003767807,,
historical_S025,S025:i102:nsga2_alns:s1070001:r1:13e6cdde3e72,p0005,False,03804da193d0d74e,2,16,0.23373243826071277,0.0,0.1111111111111111,772.204104055834,,,635.3666820336197,136.83742202221433,,
historical_S025,S025:i102:nsga2_alns:s1070001:r1:13e6cdde3e72,p0005,False,03804da193d0d74e,3,24,0.3598287969778334,0.0,0.1111111111111111,626.0584243026913,,,542.7112950649583,83.3471292377329,,
historical_S025,S025:i102:nsga2_alns:s1070001:r1:13e6cdde3e72,p0005,False,03804da193d0d74e,4,32,0.4748609271113383,0.0,0.1111111111111111,492.736185477959,,,448.39121874501996,44.344966732939014,,
historical_S025,S025:i102:nsga2_alns:s1070001:r1:13e6cdde3e72,p0005,False,03804da193d0d74e,5,40,0.5995997290236956,0.17543859649122806,0.0,348.16391406153684,,,348.16391406153684,0.0,,
historical_S025,S025:i102:nsga2_alns:s1070001:r1:13e6cdde3e72,p0005,False,03804da193d0d74e,6,48,0.7268319634561494,0.3508771929824561,0.0,200.70175435432293,,,200.70175435432293,0.0,,
historical_S025,S025:i102:nsga2_alns:s1070001:r1:13e6cdde3e72,p0005,False,03804da193d0d74e,7,56,0.8332391921209658,0.3508771929824561,0.0,77.37577633180074,,,77.37577633180074,0.0,,
historical_S025,S025:i102:nsga2_alns:s1070001:r1:13e6cdde3e72,p0005,False,03804da193d0d74e,8,64,0.8999999999996843,0.899999999999684,0.0,3.6615688259189483e-10,,,3.6615688259189483e-10,0.0,,
historical_S025,S025:i102:nsga2_alns:s1070001:r1:13e6cdde3e72,p0005,False,03804da193d0d74e,9,72,0.8999999999996843,0.899999999999684,0.0,3.6615688259189483e-10,,,3.6615688259189483e-10,0.0,,
historical_S025,S025:i102:nsga2_alns:s1070002:r2:d50c12756e62,p0001,False,ab4bdfc4b460ea66,1,8,0.11593627841076506,0.0,0.1111111111111111,908.7298533219234,,,741.3050225594756,167.42483076244784,,
historical_S025,S025:i102:nsga2_alns:s1070002:r2:d50c12756e62,p0001,False,ab4bdfc4b460ea66,2,16,0.22573420555289084,0.0,0.1111111111111111,781.4740557641996,,,673.3663634111466,108.10769235305301,,
historical_S025,S025:i102:nsga2_alns:s1070002:r2:d50c12756e62,p0001,False,ab4bdfc4b460ea66,3,24,0.33027160376698644,0.06329113924050633,0.0,660.3152112340629,,,609.0247781055781,51.29043312848475,,
historical_S025,S025:i102:nsga2_alns:s1070002:r2:d50c12756e62,p0001,False,ab4bdfc4b460ea66,4,32,0.4446368742430484,0.23992033461879045,0.0,527.765862752307,,,527.765862752307,0.0,,
historical_S025,S025:i102:nsga2_alns:s1070002:r2:d50c12756e62,p0001,False,ab4bdfc4b460ea66,5,40,0.5496315895330764,0.4614393219605626,0.0,406.07698773116454,,,406.07698773116454,0.0,,
historical_S025,S025:i102:nsga2_alns:s1070002:r2:d50c12756e62,p0001,False,ab4bdfc4b460ea66,6,48,0.6546320411798228,0.4769497746033209,0.0,284.3814642725855,,,284.3814642725855,0.0,,
historical_S025,S025:i102:nsga2_alns:s1070002:r2:d50c12756e62,p0001,False,ab4bdfc4b460ea66,7,56,0.7591880495562497,0.4769497746033209,0.0,163.20105056430668,,,163.20105056430668,0.0,,
historical_S025,S025:i102:nsga2_alns:s1070002:r2:d50c12756e62,p0001,False,ab4bdfc4b460ea66,8,64,0.8651915644326487,0.5609833880486991,0.0,40.342976822560246,,,40.342976822560246,0.0,,
historical_S025,S025:i102:nsga2_alns:s1070002:r2:d50c12756e62,p0001,False,ab4bdfc4b460ea66,9,72,0.8999999999996853,0.8999999999996583,0.0,3.6486369481281145e-10,,,3.6486369481281145e-10,0.0,,
historical_S025,S025:i102:nsga2_alns:s1070002:r2:d50c12756e62,p0002,False,e40e81dad1361e86,1,8,0.11255277190692554,0.0,0.3333333333333333,912.6513373598734,,,696.8097680297263,215.84156933014705,,
historical_S025,S025:i102:nsga2_alns:s1070002:r2:d50c12756e62,p0002,False,e40e81dad1361e86,2,16,0.23277706819490512,0.0,0.2222222222222222,773.3113779621051,,,587.469808631958,185.84156933014705,,
historical_S025,S025:i102:nsga2_alns:s1070002:r2:d50c12756e62,p0002,False,e40e81dad1361e86,3,24,0.35043250176808705,0.0,0.1111111111111111,636.9487304507873,,,476.26233456542593,160.6863958853613,,
historical_S025,S025:i102:nsga2_alns:s1070002:r2:d50c12756e62,p0002,False,e40e81dad1361e86,4,32,0.469355946677232,0.0,0.1111111111111111,499.11645780108825,,,367.43105851085545,131.68539929023277,,
historical_S025,S025:i102:nsga2_alns:s1070002:r2:d50c12756e62,p0002,False,e40e81dad1361e86,5,40,0.5807934587439731,0.0,0.1111111111111111,369.9603813157353,,,257.42687196971417,112.53350934602108,,
historical_S025,S025:i102:nsga2_alns:s1070002:r2:d50c12756e62,p0002,False,e40e81dad1361e86,6,48,0.6960084001706612,0.08771929824561403,0.0,236.42626420220378,,,149.34717330781893,87.07909089438485,,
historical_S025,S025:i102:nsga2_alns:s1070002:r2:d50c12756e62,p0002,False,e40e81dad1361e86,7,56,0.8141851606985359,0.2631578947368421,0.0,99.45939875039701,,,32.77335248847115,66.68604626192587,,
historical_S025,S025:i102:nsga2_alns:s1070002:r2:d50c12756e62,p0002,False,e40e81dad1361e86,8,64,0.8999999999994447,0.8999999999994448,0.0,6.435811883420683e-10,,,0.0,6.435811883420683e-10,,
historical_S025,S025:i102:nsga2_alns:s1070002:r2:d50c12756e62,p0002,False,e40e81dad1361e86,9,72,0.8999999999994447,0.8999999999994448,0.0,6.435811883420683e-10,,,0.0,6.435811883420683e-10,,
historical_S025,S025:i102:nsga2_alns:s1070002:r2:d50c12756e62,p0003,False,a2050d3ba5dfb725,1,8,0.11255277190692554,0.0,0.3333333333333333,912.6513373598734,,,696.8097680297263,215.84156933014705,,
historical_S025,S025:i102:nsga2_alns:s1070002:r2:d50c12756e62,p0003,False,a2050d3ba5dfb725,2,16,0.23277706819490512,0.0,0.2222222222222222,773.3113779621051,,,587.469808631958,185.84156933014705,,
historical_S025,S025:i102:nsga2_alns:s1070002:r2:d50c12756e62,p0003,False,a2050d3ba5dfb725,3,24,0.35043250176808705,0.0,0.1111111111111111,636.9487304507873,,,476.26233456542593,160.6863958853613,,
historical_S025,S025:i102:nsga2_alns:s1070002:r2:d50c12756e62,p0003,False,a2050d3ba5dfb725,4,32,0.469355946677232,0.0,0.1111111111111111,499.11645780108825,,,367.43105851085545,131.68539929023277,,
historical_S025,S025:i102:nsga2_alns:s1070002:r2:d50c12756e62,p0003,False,a2050d3ba5dfb725,5,40,0.5857373576359425,0.0,0.1111111111111111,364.2304024999428,,,257.42687196971417,106.80353053022858,,
historical_S025,S025:i102:nsga2_alns:s1070002:r2:d50c12756e62,p0003,False,a2050d3ba5dfb725,6,48,0.7007091564939403,0.08771929824561403,0.0,230.97808762352335,,,144.77406683297374,86.2040207905496,,
historical_S025,S025:i102:nsga2_alns:s1070002:r2:d50c12756e62,p0003,False,a2050d3ba5dfb725,7,56,0.8186547322846525,0.2631578947368421,0.0,94.27916528208786,,,28.425152889391313,65.85401239269655,,
historical_S025,S025:i102:nsga2_alns:s1070002:r2:d50c12756e62,p0003,False,a2050d3ba5dfb725,8,64,0.8999999999994447,0.8999999999994448,0.0,6.435953991967835e-10,,,0.0,6.435953991967835e-10,,
historical_S025,S025:i102:nsga2_alns:s1070002:r2:d50c12756e62,p0003,False,a2050d3ba5dfb725,9,72,0.8999999999994447,0.8999999999994448,0.0,6.435953991967835e-10,,,0.0,6.435953991967835e-10,,
historical_S025,S025:i102:nsga2_alns:s1070002:r2:d50c12756e62,p0004,True,d45b31b9e05f2b75,1,8,0.11255277190692554,0.0,0.3333333333333333,912.6513373598734,,,717.0513556052077,195.59998175466566,,
historical_S025,S025:i102:nsga2_alns:s1070002:r2:d50c12756e62,p0004,True,d45b31b9e05f2b75,2,16,0.23350914946021725,0.0,0.2222222222222222,772.4628957756083,,,623.2436787305845,149.21921704502378,,
historical_S025,S025:i102:nsga2_alns:s1070002:r2:d50c12756e62,p0004,True,d45b31b9e05f2b75,3,24,0.3597200710867522,0.0,0.1111111111111111,626.1844376104543,,,528.0510095965077,98.1334280139466,,
historical_S025,S025:i102:nsga2_alns:s1070002:r2:d50c12756e62,p0004,True,d45b31b9e05f2b75,4,32,0.48149341035330834,0.0,0.1111111111111111,485.04913740051575,,,428.7230142762104,56.326123124305326,,
historical_S025,S025:i102:nsga2_alns:s1070002:r2:d50c12756e62,p0004,True,d45b31b9e05f2b75,5,40,0.6015919607174631,0.08771929824561403,0.0,345.8549175284604,,,327.887396273209,17.9675212552514,,
historical_S025,S025:i102:nsga2_alns:s1070002:r2:d50c12756e62,p0004,True,d45b31b9e05f2b75,6,48,0.7227161078955647,0.3508771929824561,0.0,205.47203094904054,,,205.47203094904054,0.0,,
historical_S025,S025:i102:nsga2_alns:s1070002:r2:d50c12756e62,p0004,True,d45b31b9e05f2b75,7,56,0.8361359609195383,0.43859649122807015,0.0,74.01842129425519,,,74.01842129425519,0.0,,
historical_S025,S025:i102:nsga2_alns:s1070002:r2:d50c12756e62,p0004,True,d45b31b9e05f2b75,8,64,0.8999999999997959,0.8999999999997959,0.0,2.3669599613640457e-10,,,2.3669599613640457e-10,0.0,,
historical_S025,S025:i102:nsga2_alns:s1070002:r2:d50c12756e62,p0004,True,d45b31b9e05f2b75,9,72,0.8999999999997959,0.8999999999997959,0.0,2.3669599613640457e-10,,,2.3669599613640457e-10,0.0,,
historical_S025,S025:i102:nsga2_alns:s1070002:r2:d50c12756e62,p0005,False,3512e2ec41322a96,1,8,0.11240388273183241,0.0,0.2222222222222222,912.8238999138064,,,734.7045048718186,178.11939504198776,,
historical_S025,S025:i102:nsga2_alns:s1070002:r2:d50c12756e62,p0005,False,3512e2ec41322a96,2,16,0.23690548625375815,0.0,0.1111111111111111,768.5265414318944,,,663.7776548685027,104.74888656339166,,
historical_S025,S025:i102:nsga2_alns:s1070002:r2:d50c12756e62,p0005,False,3512e2ec41322a96,3,24,0.35988177074509375,0.0,0.1111111111111111,625.9970277064365,,,585.2171430456596,40.7798846607769,,
historical_S025,S025:i102:nsga2_alns:s1070002:r2:d50c12756e62,p0005,False,3512e2ec41322a96,4,32,0.47927600730616865,0.3508771929824561,0.0,487.6191075321507,,,487.6191075321507,0.0,,
historical_S025,S025:i102:nsga2_alns:s1070002:r2:d50c12756e62,p0005,False,3512e2ec41322a96,5,40,0.5988468978451558,0.5065599415811448,0.0,349.0364453974646,,,349.0364453974646,0.0,,
historical_S025,S025:i102:nsga2_alns:s1070002:r2:d50c12756e62,p0005,False,3512e2ec41322a96,6,48,0.7108949314973056,0.5065599415811448,0.0,219.17277439462296,,,219.17277439462296,0.0,,
historical_S025,S025:i102:nsga2_alns:s1070002:r2:d50c12756e62,p0005,False,3512e2ec41322a96,7,56,0.8329608228402923,0.6275276835166287,0.0,77.69840632810153,,,77.69840632810153,0.0,,
historical_S025,S025:i102:nsga2_alns:s1070002:r2:d50c12756e62,p0005,False,3512e2ec41322a96,8,64,0.899999999999727,0.899999999999727,0.0,3.164615236528334e-10,,,3.164615236528334e-10,0.0,,
historical_S025,S025:i102:nsga2_alns:s1070002:r2:d50c12756e62,p0005,False,3512e2ec41322a96,9,72,0.899999999999727,0.899999999999727,0.0,3.164615236528334e-10,,,3.164615236528334e-10,0.0,,
historical_S025,S025:i102:nsga2_alns:s1070002:r2:d50c12756e62,p0006,False,62d17067bcac4eed,1,8,0.11098943556850095,0.0,0.2222222222222222,914.4632441761075,,,726.3438491341198,188.11939504198776,,
historical_S025,S025:i102:nsga2_alns:s1070002:r2:d50c12756e62,p0006,False,62d17067bcac4eed,2,16,0.2311693477229881,0.06329113924050633,0.0,775.1747259890569,,,649.9831174635304,125.19160852552645,,
historical_S025,S025:i102:nsga2_alns:s1070002:r2:d50c12756e62,p0006,False,62d17067bcac4eed,3,24,0.3522220587386412,0.189873417721519,0.0,634.874633921915,,,567.2993379008994,67.57529602101552,,
historical_S025,S025:i102:nsga2_alns:s1070002:r2:d50c12756e62,p0006,False,62d17067bcac4eed,4,32,0.4697145209707308,0.2848101265822785,0.0,498.70087019492325,,,484.01507272190815,14.685797473015072,,
historical_S025,S025:i102:nsga2_alns:s1070002:r2:d50c12756e62,p0006,False,62d17067bcac4eed,5,40,0.5888179630563344,0.4989002295755015,0.0,360.65998081770874,,,360.65998081770874,0.0,,
historical_S025,S025:i102:nsga2_alns:s1070002:r2:d50c12756e62,p0006,False,62d17067bcac4eed,6,48,0.709140412330814,0.4989002295755015,0.0,221.20626210858677,,,221.20626210858677,0.0,,
historical_S025,S025:i102:nsga2_alns:s1070002:r2:d50c12756e62,p0006,False,62d17067bcac4eed,7,56,0.8262604504276632,0.5795453908658241,0.0,85.46413795433864,,,85.46413795433864,0.0,,
historical_S025,S025:i102:nsga2_alns:s1070002:r2:d50c12756e62,p0006,False,62d17067bcac4eed,8,64,0.8999999999998838,0.8999999999998837,0.0,1.3508127949535265e-10,,,1.3508127949535265e-10,0.0,,
historical_S025,S025:i102:nsga2_alns:s1070002:r2:d50c12756e62,p0006,False,62d17067bcac4eed,9,72,0.8999999999998838,0.8999999999998837,0.0,1.3508127949535265e-10,,,1.3508127949535265e-10,0.0,,
historical_S025,S025:i102:nsga2_ls:s1070000:r0:c8a010acd7f2,p0001,False,82348335e9d76134,1,8,0.11051671243760958,0.0,0.2222222222222222,915.0111302848106,,,788.8287499106058,126.18238037420483,,
historical_S025,S025:i102:nsga2_ls:s1070000:r0:c8a010acd7f2,p0001,False,82348335e9d76134,2,16,0.23635379340925913,0.0,0.1111111111111111,769.1659534386688,,,759.8733712521256,9.292582186543171,,
historical_S025,S025:i102:nsga2_ls:s1070000:r0:c8a010acd7f2,p0001,False,82348335e9d76134,3,24,0.35016108264385803,0.0,0.1111111111111111,637.2633052157687,,,637.2633052157687,0.0,,
historical_S025,S025:i102:nsga2_ls:s1070000:r0:c8a010acd7f2,p0001,False,82348335e9d76134,4,32,0.4715821108568444,0.0,0.1111111111111111,496.53633351691747,,,496.53633351691747,0.0,,
historical_S025,S025:i102:nsga2_ls:s1070000:r0:c8a010acd7f2,p0001,False,82348335e9d76134,5,40,0.5959487231617557,0.1724137931034483,0.0,352.3954298555252,,,352.3954298555252,0.0,,
historical_S025,S025:i102:nsga2_ls:s1070000:r0:c8a010acd7f2,p0001,False,82348335e9d76134,6,48,0.7227197672922806,0.3448275862068966,0.0,205.46778970824693,,,205.46778970824693,0.0,,
historical_S025,S025:i102:nsga2_ls:s1070000:r0:c8a010acd7f2,p0001,False,82348335e9d76134,7,56,0.8415897414058661,0.3448275862068966,0.0,67.69748971060143,,,67.69748971060143,0.0,,
historical_S025,S025:i102:nsga2_ls:s1070000:r0:c8a010acd7f2,p0001,False,82348335e9d76134,8,64,0.8999999999996676,0.8999999999996675,0.0,3.8539837987627834e-10,,,3.8539837987627834e-10,0.0,,
historical_S025,S025:i102:nsga2_ls:s1070000:r0:c8a010acd7f2,p0001,False,82348335e9d76134,9,72,0.8999999999996676,0.8999999999996675,0.0,3.8539837987627834e-10,,,3.8539837987627834e-10,0.0,,
historical_S025,S025:i102:nsga2_ls:s1070000:r0:c8a010acd7f2,p0002,False,1d76296c6f97eb04,1,8,0.11465955373439209,0.0,0.3333333333333333,910.2095772218397,,,780.9081286854174,129.30144853642227,,
historical_S025,S025:i102:nsga2_ls:s1070000:r0:c8a010acd7f2,p0002,False,1d76296c6f97eb04,2,16,0.23884884968652187,0.07246376811594203,0.0,766.2741832133213,,,729.7794594049841,36.49472380833717,,
historical_S025,S025:i102:nsga2_ls:s1070000:r0:c8a010acd7f2,p0002,False,1d76296c6f97eb04,3,24,0.3525652182517132,0.10869565217391304,0.0,634.4769120462647,,,634.4769120462647,0.0,,
historical_S025,S025:i102:nsga2_ls:s1070000:r0:c8a010acd7f2,p0002,False,1d76296c6f97eb04,4,32,0.4743119070394455,0.2898550724637681,0.0,493.3724997412829,,,493.3724997412829,0.0,,
historical_S025,S025:i102:nsga2_ls:s1070000:r0:c8a010acd7f2,p0002,False,1d76296c6f97eb04,5,40,0.5797839185175598,0.2898550724637681,0.0,371.1304384381484,,,371.1304384381484,0.0,,
historical_S025,S025:i102:nsga2_ls:s1070000:r0:c8a010acd7f2,p0002,False,1d76296c6f97eb04,6,48,0.6960464134864544,0.47101449275362317,0.0,236.38220676919963,,,236.38220676919963,0.0,,
historical_S025,S025:i102:nsga2_ls:s1070000:r0:c8a010acd7f2,p0002,False,1d76296c6f97eb04,7,56,0.8200360660863948,0.6521739130434783,0.0,92.6781994058687,,,92.6781994058687,0.0,,
historical_S025,S025:i102:nsga2_ls:s1070000:r0:c8a010acd7f2,p0002,False,1d76296c6f97eb04,8,64,0.8999999999998738,0.8999999999998738,0.0,1.4652812296844786e-10,,,1.4652812296844786e-10,0.0,,
historical_S025,S025:i102:nsga2_ls:s1070000:r0:c8a010acd7f2,p0002,False,1d76296c6f97eb04,9,72,0.8999999999998738,0.8999999999998738,0.0,1.4652812296844786e-10,,,1.4652812296844786e-10,0.0,,
historical_S025,S025:i102:nsga2_ls:s1070000:r0:c8a010acd7f2,p0003,True,b733dbadcfd3c0a4,1,8,0.11051671243760958,0.0,0.2222222222222222,915.0111302848106,,,809.0703374860872,105.94079279872344,,
historical_S025,S025:i102:nsga2_ls:s1070000:r0:c8a010acd7f2,p0003,True,b733dbadcfd3c0a4,2,16,0.2353181491424456,0.0,0.1111111111111111,770.3662651439057,,,770.3662651439057,0.0,,
historical_S025,S025:i102:nsga2_ls:s1070000:r0:c8a010acd7f2,p0003,True,b733dbadcfd3c0a4,3,24,0.3616152728068273,0.0,0.1111111111111111,623.9878988168873,,,623.9878988168873,0.0,,
historical_S025,S025:i102:nsga2_ls:s1070000:r0:c8a010acd7f2,p0003,True,b733dbadcfd3c0a4,4,32,0.4828568433573424,0.0,0.1111111111111111,483.4689185488403,,,483.4689185488403,0.0,,
historical_S025,S025:i102:nsga2_ls:s1070000:r0:c8a010acd7f2,p0003,True,b733dbadcfd3c0a4,5,40,0.6066592326377578,0.1724137931034483,0.0,339.9819493728389,,,339.9819493728389,0.0,,
historical_S025,S025:i102:nsga2_ls:s1070000:r0:c8a010acd7f2,p0003,True,b733dbadcfd3c0a4,6,48,0.7328942892363903,0.3448275862068966,0.0,193.67551877502382,,,193.67551877502382,0.0,,
historical_S025,S025:i102:nsga2_ls:s1070000:r0:c8a010acd7f2,p0003,True,b733dbadcfd3c0a4,7,56,0.8528121471443122,0.3448275862068966,0.0,54.69072145974239,,,54.69072145974239,0.0,,
historical_S025,S025:i102:nsga2_ls:s1070000:r0:c8a010acd7f2,p0003,True,b733dbadcfd3c0a4,8,64,0.8999999999996676,0.8999999999996675,0.0,3.8539837987627834e-10,,,3.8539837987627834e-10,0.0,,
historical_S025,S025:i102:nsga2_ls:s1070000:r0:c8a010acd7f2,p0003,True,b733dbadcfd3c0a4,9,72,0.8999999999996676,0.8999999999996675,0.0,3.8539837987627834e-10,,,3.8539837987627834e-10,0.0,,
historical_S025,S025:i102:nsga2_ls:s1070000:r0:c8a010acd7f2,p0004,False,8ce28ea4894ccd9e,1,8,0.11531466610478056,0.0,0.1111111111111111,909.4503019845595,,,737.9314246302287,171.51887735433078,,
historical_S025,S025:i102:nsga2_ls:s1070000:r0:c8a010acd7f2,p0004,False,8ce28ea4894ccd9e,2,16,0.22075924205481495,0.0,0.1111111111111111,787.2400384584696,,,667.7047929725908,119.53524548587879,,
historical_S025,S025:i102:nsga2_ls:s1070000:r0:c8a010acd7f2,p0004,False,8ce28ea4894ccd9e,3,24,0.3433554565010764,0.1736111111111111,0.0,645.1510259152526,,,578.4890462190045,66.66197969624804,,
historical_S025,S025:i102:nsga2_ls:s1070000:r0:c8a010acd7f2,p0004,False,8ce28ea4894ccd9e,4,32,0.44546814742298535,0.1736111111111111,0.0,526.80241713676,,,503.8279516210188,22.974465515741237,,
historical_S025,S025:i102:nsga2_ls:s1070000:r0:c8a010acd7f2,p0004,False,8ce28ea4894ccd9e,5,40,0.5652360732300805,0.3819444444444444,0.0,387.9913911263367,,,387.9913911263367,0.0,,
historical_S025,S025:i102:nsga2_ls:s1070000:r0:c8a010acd7f2,p0004,False,8ce28ea4894ccd9e,6,48,0.6754958948231753,0.5208333333333334,0.0,260.20025789993997,,,260.20025789993997,0.0,,
historical_S025,S025:i102:nsga2_ls:s1070000:r0:c8a010acd7f2,p0004,False,8ce28ea4894ccd9e,7,56,0.7826864379067683,0.5760076487870465,0.0,135.9664184660557,,,135.9664184660557,0.0,,
historical_S025,S025:i102:nsga2_ls:s1070000:r0:c8a010acd7f2,p0004,False,8ce28ea4894ccd9e,8,64,0.8975362264527581,0.850767007914882,0.0,2.8555135412535435,,,2.8555135412535435,0.0,,
historical_S025,S025:i102:nsga2_ls:s1070000:r0:c8a010acd7f2,p0004,False,8ce28ea4894ccd9e,9,72,0.8999999999997249,0.8999999999997124,0.0,3.191118480572186e-10,,,3.191118480572186e-10,0.0,,
historical_S025,S025:i102:nsga2_ls:s1070000:r0:c8a010acd7f2,p0005,False,1866c7482f66c905,1,8,0.11531466610478056,0.0,0.1111111111111111,909.4503019845595,,,761.1065756224465,148.34372636211296,,
historical_S025,S025:i102:nsga2_ls:s1070000:r0:c8a010acd7f2,p0005,False,1866c7482f66c905,2,16,0.22075924205481495,0.0,0.1111111111111111,787.2400384584696,,,709.0996612093189,78.14037724915065,,
historical_S025,S025:i102:nsga2_ls:s1070000:r0:c8a010acd7f2,p0005,False,1866c7482f66c905,3,24,0.3433554565010764,0.1736111111111111,0.0,645.1510259152526,,,636.5441574558421,8.606868459410492,,
historical_S025,S025:i102:nsga2_ls:s1070000:r0:c8a010acd7f2,p0005,False,1866c7482f66c905,4,32,0.4428693417486599,0.20833333333333334,0.0,529.8144329133033,,,529.8144329133033,0.0,,
historical_S025,S025:i102:nsga2_ls:s1070000:r0:c8a010acd7f2,p0005,False,1866c7482f66c905,5,40,0.5675089781028546,0.3674374128913769,0.0,385.3570943787916,,,385.3570943787916,0.0,,
historical_S025,S025:i102:nsga2_ls:s1070000:r0:c8a010acd7f2,p0005,False,1866c7482f66c905,6,48,0.6729237086631034,0.3674374128913769,0.0,263.1814216594633,,,263.1814216594633,0.0,,
historical_S025,S025:i102:nsga2_ls:s1070000:r0:c8a010acd7f2,p0005,False,1866c7482f66c905,7,56,0.7969741495055492,0.3674374128913769,0.0,119.40696072306852,,,119.40696072306852,0.0,,
historical_S025,S025:i102:nsga2_ls:s1070000:r0:c8a010acd7f2,p0005,False,1866c7482f66c905,8,64,0.8999999999999356,0.8999999999999354,0.0,7.491252063118736e-11,,,7.491252063118736e-11,0.0,,
historical_S025,S025:i102:nsga2_ls:s1070000:r0:c8a010acd7f2,p0005,False,1866c7482f66c905,9,72,0.8999999999999356,0.8999999999999354,0.0,7.491252063118736e-11,,,7.491252063118736e-11,0.0,,
historical_S025,S025:i102:nsga2_ls:s1070000:r0:c8a010acd7f2,p0006,False,9a38c8873ef14005,1,8,0.10922882107310194,0.0,0.1111111111111111,916.503796376275,,,758.17301220571,158.3307841705649,,
historical_S025,S025:i102:nsga2_ls:s1070000:r0:c8a010acd7f2,p0006,False,9a38c8873ef14005,2,16,0.2175555619441081,0.0,0.1111111111111111,790.9531037067788,,,706.7262374803389,84.22686622643991,,
historical_S025,S025:i102:nsga2_ls:s1070000:r0:c8a010acd7f2,p0006,False,9a38c8873ef14005,3,24,0.32320790898517,0.06329113924050633,0.0,668.5020334861881,,,655.7043425299875,12.797690956200626,,
historical_S025,S025:i102:nsga2_ls:s1070000:r0:c8a010acd7f2,p0006,False,9a38c8873ef14005,4,32,0.4428006436510677,0.34810126582278483,0.0,529.8940540084126,,,529.8940540084126,0.0,,
historical_S025,S025:i102:nsga2_ls:s1070000:r0:c8a010acd7f2,p0006,False,9a38c8873ef14005,5,40,0.5514798178654591,0.364233732781031,0.0,403.93489109393306,,,403.93489109393306,0.0,,
historical_S025,S025:i102:nsga2_ls:s1070000:r0:c8a010acd7f2,p0006,False,9a38c8873ef14005,6,48,0.6693389296592666,0.364233732781031,0.0,267.3361805249101,,,267.3361805249101,0.0,,
historical_S025,S025:i102:nsga2_ls:s1070000:r0:c8a010acd7f2,p0006,False,9a38c8873ef14005,7,56,0.7755036515856565,0.364233732781031,0.0,144.29126781222425,,,144.29126781222425,0.0,,
historical_S025,S025:i102:nsga2_ls:s1070000:r0:c8a010acd7f2,p0006,False,9a38c8873ef14005,8,64,0.8861307648845689,0.6228544224362034,0.0,16.074443498784845,,,16.074443498784845,0.0,,
historical_S025,S025:i102:nsga2_ls:s1070000:r0:c8a010acd7f2,p0006,False,9a38c8873ef14005,9,72,0.8999999999999246,0.8999999999999231,0.0,8.752465419092914e-11,,,8.752465419092914e-11,0.0,,
historical_S025,S025:i102:nsga2_ls:s1070000:r0:c8a010acd7f2,p0007,False,694a69206b512aee,1,8,0.12215984592940216,0.0,0.1111111111111111,901.516738567823,,,730.852045855417,170.66469271240598,,
historical_S025,S025:i102:nsga2_ls:s1070000:r0:c8a010acd7f2,p0007,False,694a69206b512aee,2,16,0.23650289454905146,0.03164556962025317,0.0,768.9931452176495,,,635.9536850513026,133.03946016634686,,
historical_S025,S025:i102:nsga2_ls:s1070000:r0:c8a010acd7f2,p0007,False,694a69206b512aee,3,24,0.34820038520325863,0.12658227848101267,0.0,639.5357535494232,,,541.7139523579152,97.82180119150803,,
historical_S025,S025:i102:nsga2_ls:s1070000:r0:c8a010acd7f2,p0007,False,694a69206b512aee,4,32,0.4576129720414478,0.22151898734177214,0.0,512.726565403962,,,449.3075913341343,63.41897406982765,,
historical_S025,S025:i102:nsga2_ls:s1070000:r0:c8a010acd7f2,p0007,False,694a69206b512aee,5,40,0.5650521432448313,0.31645569620253167,0.0,388.2045659792406,,,358.4846686554811,29.719897323759533,,
historical_S025,S025:i102:nsga2_ls:s1070000:r0:c8a010acd7f2,p0007,False,694a69206b512aee,6,48,0.6751009873988167,0.4430379746835443,0.0,260.6579556047714,,,260.6579556047714,0.0,,
historical_S025,S025:i102:nsga2_ls:s1070000:r0:c8a010acd7f2,p0007,False,694a69206b512aee,7,56,0.7824000913273905,0.6645569620253164,0.0,136.2982941515545,,,136.2982941515545,0.0,,
historical_S025,S025:i102:nsga2_ls:s1070000:r0:c8a010acd7f2,p0007,False,694a69206b512aee,8,64,0.8822407500959896,0.7910953934462269,0.0,20.582970638748108,,,20.582970638748108,0.0,,
historical_S025,S025:i102:nsga2_ls:s1070000:r0:c8a010acd7f2,p0007,False,694a69206b512aee,9,72,0.8999999999999168,0.8999999999999124,0.0,9.667644462751923e-11,,,9.667644462751923e-11,0.0,,
historical_S025,S025:i102:nsga2_ls:s1070000:r0:c8a010acd7f2,p0008,False,c5a93b92d9945036,1,8,0.11494616539644371,0.0,0.2222222222222222,909.8773943055219,,,739.9460924473,169.93130185822187,,
historical_S025,S025:i102:nsga2_ls:s1070000:r0:c8a010acd7f2,p0008,False,c5a93b92d9945036,2,16,0.2389761634198807,0.0,0.1111111111111111,766.1266265963584,,,632.1734745070374,133.95315208932092,,
historical_S025,S025:i102:nsga2_ls:s1070000:r0:c8a010acd7f2,p0008,False,c5a93b92d9945036,3,24,0.36156832747017703,0.0,0.1111111111111111,624.042308462065,,,528.9105457541358,95.13176270792914,,
historical_S025,S025:i102:nsga2_ls:s1070000:r0:c8a010acd7f2,p0008,False,c5a93b92d9945036,4,32,0.46141906333203087,0.0,0.1111111111111111,508.31530559817634,,,451.5548902381255,56.760415360050814,,
historical_S025,S025:i102:nsga2_ls:s1070000:r0:c8a010acd7f2,p0008,False,c5a93b92d9945036,5,40,0.5729454607897579,0.0,0.1111111111111111,379.05621094467074,,,353.54907590935215,25.507135035318555,,
historical_S025,S025:i102:nsga2_ls:s1070000:r0:c8a010acd7f2,p0008,False,c5a93b92d9945036,6,48,0.6928604331765934,0.17543859649122806,0.0,240.07475794832837,,,240.07475794832837,0.0,,
historical_S025,S025:i102:nsga2_ls:s1070000:r0:c8a010acd7f2,p0008,False,c5a93b92d9945036,7,56,0.7916372837281933,0.17543859649122806,0.0,125.59238815902404,,,125.59238815902404,0.0,,
historical_S025,S025:i102:nsga2_ls:s1070000:r0:c8a010acd7f2,p0008,False,c5a93b92d9945036,8,64,0.8945642795508854,0.7894736842105263,0.0,6.300000000524122,,,6.300000000524122,0.0,,
historical_S025,S025:i102:nsga2_ls:s1070000:r0:c8a010acd7f2,p0008,False,c5a93b92d9945036,9,72,0.8999999999995442,0.8999999999995245,0.0,5.284803705762897e-10,,,5.284803705762897e-10,0.0,,
historical_S025,S025:i102:nsga2_ls:s1070000:r0:c8a010acd7f2,p0009,False,29a91b19801aeb7e,1,8,0.11051671243760958,0.0,0.2222222222222222,915.0111302848106,,,788.8287499106058,126.18238037420483,,
historical_S025,S025:i102:nsga2_ls:s1070000:r0:c8a010acd7f2,p0009,False,29a91b19801aeb7e,2,16,0.23635379340925913,0.0,0.1111111111111111,769.1659534386688,,,759.8733712521256,9.292582186543171,,
historical_S025,S025:i102:nsga2_ls:s1070000:r0:c8a010acd7f2,p0009,False,29a91b19801aeb7e,3,24,0.3467091750137415,0.0,0.1111111111111111,641.2640661590738,,,641.2640661590738,0.0,,
historical_S025,S025:i102:nsga2_ls:s1070000:r0:c8a010acd7f2,p0009,False,29a91b19801aeb7e,4,32,0.46669634054714126,0.0,0.1111111111111111,502.1989413058634,,,502.1989413058634,0.0,,
historical_S025,S025:i102:nsga2_ls:s1070000:r0:c8a010acd7f2,p0009,False,29a91b19801aeb7e,5,40,0.582679324446638,0.0,0.1111111111111111,367.7746629663468,,,367.7746629663468,0.0,,
historical_S025,S025:i102:nsga2_ls:s1070000:r0:c8a010acd7f2,p0009,False,29a91b19801aeb7e,6,48,0.7058003471150519,0.25862068965517243,0.0,225.07739769365503,,,225.07739769365503,0.0,,
historical_S025,S025:i102:nsga2_ls:s1070000:r0:c8a010acd7f2,p0009,False,29a91b19801aeb7e,7,56,0.8270740709787743,0.3448275862068966,0.0,84.5211517356007,,,84.5211517356007,0.0,,
historical_S025,S025:i102:nsga2_ls:s1070000:r0:c8a010acd7f2,p0009,False,29a91b19801aeb7e,8,64,0.8999999999996676,0.8999999999996675,0.0,3.8536995816684794e-10,,,3.8536995816684794e-10,0.0,,
historical_S025,S025:i102:nsga2_ls:s1070000:r0:c8a010acd7f2,p0009,False,29a91b19801aeb7e,9,72,0.8999999999996676,0.8999999999996675,0.0,3.8536995816684794e-10,,,3.8536995816684794e-10,0.0,,
historical_S025,S025:i102:nsga2_ls:s1070000:r0:c8a010acd7f2,p0010,False,d1a5083338ad0711,1,8,0.11051671243760958,0.0,0.2222222222222222,915.0111302848106,,,809.0703374860872,105.94079279872344,,
historical_S025,S025:i102:nsga2_ls:s1070000:r0:c8a010acd7f2,p0010,False,d1a5083338ad0711,2,16,0.2353181491424456,0.0,0.1111111111111111,770.3662651439057,,,770.3662651439057,0.0,,
historical_S025,S025:i102:nsga2_ls:s1070000:r0:c8a010acd7f2,p0010,False,d1a5083338ad0711,3,24,0.35692344223881595,0.0,0.1111111111111111,629.4257304452125,,,629.4257304452125,0.0,,
historical_S025,S025:i102:nsga2_ls:s1070000:r0:c8a010acd7f2,p0010,False,d1a5083338ad0711,4,32,0.4827138705745149,0.08620689655172414,0.0,483.6346240041373,,,483.6346240041373,0.0,,
historical_S025,S025:i102:nsga2_ls:s1070000:r0:c8a010acd7f2,p0010,False,d1a5083338ad0711,5,40,0.6108374785102894,0.25862068965517243,0.0,335.13936240657483,,,335.13936240657483,0.0,,
historical_S025,S025:i102:nsga2_ls:s1070000:r0:c8a010acd7f2,p0010,False,d1a5083338ad0711,6,48,0.7307916042849,0.25862068965517243,0.0,196.11253063380104,,,196.11253063380104,0.0,,
historical_S025,S025:i102:nsga2_ls:s1070000:r0:c8a010acd7f2,p0010,False,d1a5083338ad0711,7,56,0.8551287509999711,0.43103448275862066,0.0,52.00577759103368,,,52.00577759103368,0.0,,
historical_S025,S025:i102:nsga2_ls:s1070000:r0:c8a010acd7f2,p0010,False,d1a5083338ad0711,8,64,0.8999999999995735,0.8999999999995734,0.0,4.946230092173209e-10,,,4.946230092173209e-10,0.0,,
historical_S025,S025:i102:nsga2_ls:s1070000:r0:c8a010acd7f2,p0010,False,d1a5083338ad0711,9,72,0.8999999999995735,0.8999999999995734,0.0,4.946230092173209e-10,,,4.946230092173209e-10,0.0,,
historical_S025,S025:i102:nsga2_ls:s1070001:r1:c070df74cacd,p0001,True,b69b26b6d2ab9b05,1,8,0.12201095675430901,0.0,0.1111111111111111,901.689301121756,,,718.5699060797682,183.11939504198776,,
historical_S025,S025:i102:nsga2_ls:s1070001:r1:c070df74cacd,p0001,True,b69b26b6d2ab9b05,2,16,0.250112932406714,0.0,0.1111111111111111,753.2191113406186,,,628.15978712512,125.05932421549855,,
historical_S025,S025:i102:nsga2_ls:s1070001:r1:c070df74cacd,p0001,True,b69b26b6d2ab9b05,3,24,0.36584618293028903,0.0,0.1111111111111111,619.0842739837951,,,533.2362231666187,85.84805081717636,,
historical_S025,S025:i102:nsga2_ls:s1070001:r1:c070df74cacd,p0001,True,b69b26b6d2ab9b05,4,32,0.48731823800779717,0.0,0.1111111111111111,478.29816214896323,,,447.4778845286386,30.820277620324617,,
historical_S025,S025:i102:nsga2_ls:s1070001:r1:c070df74cacd,p0001,True,b69b26b6d2ab9b05,5,40,0.6131431477860975,0.43859649122807015,0.0,332.46709171591317,,,332.46709171591317,0.0,,
historical_S025,S025:i102:nsga2_ls:s1070001:r1:c070df74cacd,p0001,True,b69b26b6d2ab9b05,6,48,0.7342190591366842,0.587303767781944,0.0,192.14011046058317,,,192.14011046058317,0.0,,
historical_S025,S025:i102:nsga2_ls:s1070001:r1:c070df74cacd,p0001,True,b69b26b6d2ab9b05,7,56,0.8502690371373659,0.6745130701075254,0.0,57.63818595779307,,,57.63818595779307,0.0,,
historical_S025,S025:i102:nsga2_ls:s1070001:r1:c070df74cacd,p0001,True,b69b26b6d2ab9b05,8,64,0.8999999999998733,0.8999999999998732,0.0,1.468478671995399e-10,,,1.468478671995399e-10,0.0,,
historical_S025,S025:i102:nsga2_ls:s1070001:r1:c070df74cacd,p0001,True,b69b26b6d2ab9b05,9,72,0.8999999999998733,0.8999999999998732,0.0,1.468478671995399e-10,,,1.468478671995399e-10,0.0,,
historical_S025,S025:i102:nsga2_ls:s1070001:r1:c070df74cacd,p0002,False,c9ec4af3fc0ef5c5,1,8,0.12201095675430901,0.0,0.1111111111111111,901.689301121756,,,718.5699060797682,183.11939504198776,,
historical_S025,S025:i102:nsga2_ls:s1070001:r1:c070df74cacd,p0002,False,c9ec4af3fc0ef5c5,2,16,0.250112932406714,0.0,0.1111111111111111,753.2191113406186,,,628.15978712512,125.05932421549855,,
historical_S025,S025:i102:nsga2_ls:s1070001:r1:c070df74cacd,p0002,False,c9ec4af3fc0ef5c5,3,24,0.35721805523399913,0.0,0.1111111111111111,629.0842739837951,,,533.2362231666187,95.84805081717636,,
historical_S025,S025:i102:nsga2_ls:s1070001:r1:c070df74cacd,p0002,False,c9ec4af3fc0ef5c5,4,32,0.4733593531023295,0.0,0.1111111111111111,494.47650975440024,,,453.87132715158475,40.60518260281546,,
historical_S025,S025:i102:nsga2_ls:s1070001:r1:c070df74cacd,p0002,False,c9ec4af3fc0ef5c5,5,40,0.5955904871170806,0.2631578947368421,0.0,352.8106254313037,,,352.8106254313037,0.0,,
historical_S025,S025:i102:nsga2_ls:s1070001:r1:c070df74cacd,p0002,False,c9ec4af3fc0ef5c5,6,48,0.715241008803087,0.573572542475231,0.0,214.13567079722225,,,214.13567079722225,0.0,,
historical_S025,S025:i102:nsga2_ls:s1070001:r1:c070df74cacd,p0002,False,c9ec4af3fc0ef5c5,7,56,0.8320696355568702,0.6607818448008124,0.0,78.73129238958754,,,78.73129238958754,0.0,,
historical_S025,S025:i102:nsga2_ls:s1070001:r1:c070df74cacd,p0002,False,c9ec4af3fc0ef5c5,8,64,0.8999999999999129,0.8999999999999126,0.0,1.0123102356374147e-10,,,1.0123102356374147e-10,0.0,,
historical_S025,S025:i102:nsga2_ls:s1070001:r1:c070df74cacd,p0002,False,c9ec4af3fc0ef5c5,9,72,0.8999999999999129,0.8999999999999126,0.0,1.0123102356374147e-10,,,1.0123102356374147e-10,0.0,,
historical_S025,S025:i102:nsga2_ls:s1070002:r2:aaa80d59f5dc,p0001,True,1ed90bfeafe01172,1,8,0.122528346637739,0.0,0.2222222222222222,901.0896462468606,,,748.9064030598942,152.18324318696645,,
historical_S025,S025:i102:nsga2_ls:s1070002:r2:aaa80d59f5dc,p0001,True,1ed90bfeafe01172,2,16,0.24680897691380263,0.0,0.1111111111111111,757.0483957569029,,,658.0424550105721,99.00594074633077,,
historical_S025,S025:i102:nsga2_ls:s1070002:r2:aaa80d59f5dc,p0001,True,1ed90bfeafe01172,3,24,0.3717002435301456,0.0,0.1111111111111111,612.2994177485614,,,567.2312705420967,45.06814720646466,,
historical_S025,S025:i102:nsga2_ls:s1070002:r2:aaa80d59f5dc,p0001,True,1ed90bfeafe01172,4,32,0.496751194320504,0.08620689655172414,0.0,467.36536578253595,,,467.36536578253595,0.0,,
historical_S025,S025:i102:nsga2_ls:s1070002:r2:aaa80d59f5dc,p0001,True,1ed90bfeafe01172,5,40,0.604968679748888,0.08620689655172414,0.0,341.941300171039,,,341.941300171039,0.0,,
historical_S025,S025:i102:nsga2_ls:s1070002:r2:aaa80d59f5dc,p0001,True,1ed90bfeafe01172,6,48,0.7164556844660344,0.08620689655172414,0.0,212.72786170386632,,,212.72786170386632,0.0,,
historical_S025,S025:i102:nsga2_ls:s1070002:r2:aaa80d59f5dc,p0001,True,1ed90bfeafe01172,7,56,0.8285680540878272,0.1724137931034483,0.0,82.78962531220841,,,82.78962531220841,0.0,,
historical_S025,S025:i102:nsga2_ls:s1070002:r2:aaa80d59f5dc,p0001,True,1ed90bfeafe01172,8,64,0.8999999999999501,0.8999999999999501,0.0,5.7902127537090564e-11,,,5.7902127537090564e-11,0.0,,
historical_S025,S025:i102:nsga2_ls:s1070002:r2:aaa80d59f5dc,p0001,True,1ed90bfeafe01172,9,72,0.8999999999999501,0.8999999999999501,0.0,5.7902127537090564e-11,,,5.7902127537090564e-11,0.0,,
historical_S025,S025:i102:nsga2_ls:s1070002:r2:aaa80d59f5dc,p0002,False,752ac370329e8ad1,1,8,0.11125371385428327,0.0,0.2222222222222222,914.1569456428858,,,764.773529893367,149.38341574951878,,
historical_S025,S025:i102:nsga2_ls:s1070002:r2:aaa80d59f5dc,p0002,False,752ac370329e8ad1,2,16,0.23584853690213398,0.07246376811594203,0.0,769.7515457304269,,,702.6773303640706,67.07421536635624,,
historical_S025,S025:i102:nsga2_ls:s1070002:r2:aaa80d59f5dc,p0002,False,752ac370329e8ad1,3,24,0.3456444945365265,0.07276956932495175,0.0,642.4980308321659,,,642.4980308321659,0.0,,
historical_S025,S025:i102:nsga2_ls:s1070002:r2:aaa80d59f5dc,p0002,False,752ac370329e8ad1,4,32,0.46825163236622536,0.2901608736727778,0.0,500.3963580875451,,,500.3963580875451,0.0,,
historical_S025,S025:i102:nsga2_ls:s1070002:r2:aaa80d59f5dc,p0002,False,752ac370329e8ad1,5,40,0.5892023551658802,0.3988565258466909,0.0,360.21447036274515,,,360.21447036274515,0.0,,
historical_S025,S025:i102:nsga2_ls:s1070002:r2:aaa80d59f5dc,p0002,False,752ac370329e8ad1,6,48,0.7130079530761724,0.543784062078575,0.0,216.72378238471663,,,216.72378238471663,0.0,,
historical_S025,S025:i102:nsga2_ls:s1070002:r2:aaa80d59f5dc,p0002,False,752ac370329e8ad1,7,56,0.8350144375167321,0.6524797142524881,0.0,75.31826691810788,,,75.31826691810788,0.0,,
historical_S025,S025:i102:nsga2_ls:s1070002:r2:aaa80d59f5dc,p0002,False,752ac370329e8ad1,8,64,0.8999999999997503,0.8999999999997502,0.0,2.8973090593353845e-10,,,2.8973090593353845e-10,0.0,,
historical_S025,S025:i102:nsga2_ls:s1070002:r2:aaa80d59f5dc,p0002,False,752ac370329e8ad1,9,72,0.8999999999997503,0.8999999999997502,0.0,2.8973090593353845e-10,,,2.8973090593353845e-10,0.0,,
historical_S025,S025:i102:nsga2:s1070000:r0:c5ff3dbd9cbc,p0001,False,76d82750a7676771,1,8,0.10937771024819509,0.0,0.3333333333333333,916.331233822342,,,770.8951864938693,145.43604732847265,,
historical_S025,S025:i102:nsga2:s1070000:r0:c5ff3dbd9cbc,p0001,False,76d82750a7676771,2,16,0.2340914037668105,0.0949367088607595,0.0,771.7880630342668,,,693.448501846576,78.33956118769069,,
historical_S025,S025:i102:nsga2:s1070000:r0:c5ff3dbd9cbc,p0001,False,76d82750a7676771,3,24,0.354745767194295,0.189873417721519,0.0,631.9496558218123,,,620.5813480537901,11.368307768022245,,
historical_S025,S025:i102:nsga2:s1070000:r0:c5ff3dbd9cbc,p0001,False,76d82750a7676771,4,32,0.4835183724491467,0.38076957460358435,0.0,482.7022063314394,,,482.7022063314394,0.0,,
historical_S025,S025:i102:nsga2:s1070000:r0:c5ff3dbd9cbc,p0001,False,76d82750a7676771,5,40,0.5974946980629974,0.4098393420454448,0.0,350.60364494498634,,,350.60364494498634,0.0,,
historical_S025,S025:i102:nsga2:s1070000:r0:c5ff3dbd9cbc,p0001,False,76d82750a7676771,6,48,0.7161268234993632,0.5551881792547472,0.0,213.10901156423836,,,213.10901156423836,0.0,,
historical_S025,S025:i102:nsga2:s1070000:r0:c5ff3dbd9cbc,p0001,False,76d82750a7676771,7,56,0.8387238103894212,0.7005370164640495,0.0,71.01910375866106,,,71.01910375866106,0.0,,
historical_S025,S025:i102:nsga2:s1070000:r0:c5ff3dbd9cbc,p0001,False,76d82750a7676771,8,64,0.8999999999997539,0.899999999999754,0.0,2.8540370067275944e-10,,,2.8540370067275944e-10,0.0,,
historical_S025,S025:i102:nsga2:s1070000:r0:c5ff3dbd9cbc,p0001,False,76d82750a7676771,9,72,0.8999999999997539,0.899999999999754,0.0,2.8540370067275944e-10,,,2.8540370067275944e-10,0.0,,
historical_S025,S025:i102:nsga2:s1070000:r0:c5ff3dbd9cbc,p0002,False,bb8d40fd8dc54adb,1,8,0.10937771024819509,0.0,0.3333333333333333,916.331233822342,,,770.8951864938693,145.43604732847265,,
historical_S025,S025:i102:nsga2:s1070000:r0:c5ff3dbd9cbc,p0002,False,bb8d40fd8dc54adb,2,16,0.2340914037668105,0.0949367088607595,0.0,771.7880630342668,,,693.448501846576,78.33956118769069,,
historical_S025,S025:i102:nsga2:s1070000:r0:c5ff3dbd9cbc,p0002,False,bb8d40fd8dc54adb,3,24,0.354745767194295,0.189873417721519,0.0,631.9496558218123,,,620.5813480537901,11.368307768022245,,
historical_S025,S025:i102:nsga2:s1070000:r0:c5ff3dbd9cbc,p0002,False,bb8d40fd8dc54adb,4,32,0.47890255673322635,0.379746835443038,0.0,488.051936746191,,,488.051936746191,0.0,,
historical_S025,S025:i102:nsga2:s1070000:r0:c5ff3dbd9cbc,p0002,False,bb8d40fd8dc54adb,5,40,0.5972839280228318,0.38076957460358435,0.0,350.8479274215383,,,350.8479274215383,0.0,,
historical_S025,S025:i102:nsga2:s1070000:r0:c5ff3dbd9cbc,p0002,False,bb8d40fd8dc54adb,6,48,0.7195893762515203,0.38076957460358435,0.0,209.0959129244883,,,209.0959129244883,0.0,,
historical_S025,S025:i102:nsga2:s1070000:r0:c5ff3dbd9cbc,p0002,False,bb8d40fd8dc54adb,7,56,0.8364628388298354,0.38076957460358435,0.0,73.63956979622115,,,73.63956979622115,0.0,,
historical_S025,S025:i102:nsga2:s1070000:r0:c5ff3dbd9cbc,p0002,False,bb8d40fd8dc54adb,8,64,0.899999999999584,0.8999999999995838,0.0,4.82494044717896e-10,,,4.82494044717896e-10,0.0,,
historical_S025,S025:i102:nsga2:s1070000:r0:c5ff3dbd9cbc,p0002,False,bb8d40fd8dc54adb,9,72,0.899999999999584,0.8999999999995838,0.0,4.82494044717896e-10,,,4.82494044717896e-10,0.0,,
historical_S025,S025:i102:nsga2:s1070000:r0:c5ff3dbd9cbc,p0003,False,a4d9cda8a243fe8d,1,8,0.11418683060350071,0.0,0.2222222222222222,910.7574633305428,,,766.7881977104383,143.96926562010444,,
historical_S025,S025:i102:nsga2:s1070000:r0:c5ff3dbd9cbc,p0003,False,a4d9cda8a243fe8d,2,16,0.23824492359047839,0.0949367088607595,0.0,766.9741335586357,,,693.8257200161273,73.14841354250834,,
historical_S025,S025:i102:nsga2:s1070000:r0:c5ff3dbd9cbc,p0003,False,a4d9cda8a243fe8d,3,24,0.3583330608464701,0.189873417721519,0.0,627.7919824789412,,,622.503345800162,5.288636678779241,,
historical_S025,S025:i102:nsga2:s1070000:r0:c5ff3dbd9cbc,p0003,False,a4d9cda8a243fe8d,4,32,0.47340053415943584,0.31645569620253167,0.0,494.42878090921397,,,494.42878090921397,0.0,,
historical_S025,S025:i102:nsga2:s1070000:r0:c5ff3dbd9cbc,p0003,False,a4d9cda8a243fe8d,5,40,0.5973208920611319,0.3849230944266322,0.0,350.8050861011483,,,350.8050861011483,0.0,,
historical_S025,S025:i102:nsga2:s1070000:r0:c5ff3dbd9cbc,p0003,False,a4d9cda8a243fe8d,6,48,0.7111956270558611,0.3849230944266322,0.0,218.82426824225712,,,218.82426824225712,0.0,,
historical_S025,S025:i102:nsga2:s1070000:r0:c5ff3dbd9cbc,p0003,False,a4d9cda8a243fe8d,7,56,0.8341445052570841,0.3849230944266322,0.0,76.32651840703979,,,76.32651840703979,0.0,,
historical_S025,S025:i102:nsga2:s1070000:r0:c5ff3dbd9cbc,p0003,False,a4d9cda8a243fe8d,8,64,0.8999999999996787,0.8999999999996786,0.0,3.7258729435052373e-10,,,3.7258729435052373e-10,0.0,,
historical_S025,S025:i102:nsga2:s1070000:r0:c5ff3dbd9cbc,p0003,False,a4d9cda8a243fe8d,9,72,0.8999999999996787,0.8999999999996786,0.0,3.7258729435052373e-10,,,3.7258729435052373e-10,0.0,,
historical_S025,S025:i102:nsga2:s1070000:r0:c5ff3dbd9cbc,p0004,True,c0fae6ef316d4f45,1,8,0.11418683060350071,0.0,0.2222222222222222,910.7574633305428,,,720.8779302385132,189.87953309202962,,
historical_S025,S025:i102:nsga2:s1070000:r0:c5ff3dbd9cbc,p0004,True,c0fae6ef316d4f45,2,16,0.24255898743862334,0.12658227848101267,0.0,761.9741335586357,,,607.174974565431,154.7991589932047,,
historical_S025,S025:i102:nsga2:s1070000:r0:c5ff3dbd9cbc,p0004,True,c0fae6ef316d4f45,3,24,0.3577449486051074,0.15822784810126583,0.0,628.4736045666805,,,503.7135302728939,124.76007429378666,,
historical_S025,S025:i102:nsga2:s1070000:r0:c5ff3dbd9cbc,p0004,True,c0fae6ef316d4f45,4,32,0.48742669763671786,0.379746835443038,0.0,478.172457439044,,,380.3658980582113,97.8065593808327,,
historical_S025,S025:i102:nsga2:s1070000:r0:c5ff3dbd9cbc,p0004,True,c0fae6ef316d4f45,5,40,0.5973659306702938,0.379746835443038,0.0,350.75288635312955,,,280.8999965509058,69.85288980222374,,
historical_S025,S025:i102:nsga2:s1070000:r0:c5ff3dbd9cbc,p0004,True,c0fae6ef316d4f45,6,48,0.7245799358139573,0.6012658227848101,0.0,203.31185439162348,,,161.5766048140839,41.735249577539584,,
historical_S025,S025:i102:nsga2:s1070000:r0:c5ff3dbd9cbc,p0004,True,c0fae6ef316d4f45,7,56,0.8325092031614989,0.6012658227848101,0.0,78.22183353582273,,,64.00346286874579,14.218370667076947,,
historical_S025,S025:i102:nsga2:s1070000:r0:c5ff3dbd9cbc,p0004,True,c0fae6ef316d4f45,8,64,0.8999999999996419,0.8999999999996419,0.0,4.149569576838985e-10,,,0.0,4.149569576838985e-10,,
historical_S025,S025:i102:nsga2:s1070000:r0:c5ff3dbd9cbc,p0004,True,c0fae6ef316d4f45,9,72,0.8999999999996419,0.8999999999996419,0.0,4.149569576838985e-10,,,0.0,4.149569576838985e-10,,
historical_S025,S025:i102:nsga2:s1070000:r0:c5ff3dbd9cbc,p0005,False,61881e98d05f11f6,1,8,0.11418683060350071,0.0,0.2222222222222222,910.7574633305428,,,766.7881977104383,143.96926562010444,,
historical_S025,S025:i102:nsga2:s1070000:r0:c5ff3dbd9cbc,p0005,False,61881e98d05f11f6,2,16,0.23835768883458908,0.0,0.1111111111111111,766.8434386407114,,,678.8257200161273,88.01771862458403,,
historical_S025,S025:i102:nsga2:s1070000:r0:c5ff3dbd9cbc,p0005,False,61881e98d05f11f6,3,24,0.35243645515912875,0.0,0.1111111111111111,634.6261484705699,,,607.452150379216,27.17399809135381,,
historical_S025,S025:i102:nsga2:s1070000:r0:c5ff3dbd9cbc,p0005,False,61881e98d05f11f6,4,32,0.46692338821367346,0.0,0.1111111111111111,501.9357930603526,,,501.9357930603526,0.0,,
historical_S025,S025:i102:nsga2:s1070000:r0:c5ff3dbd9cbc,p0005,False,61881e98d05f11f6,5,40,0.5877384970432642,0.08771929824561403,0.0,361.9110819268569,,,361.9110819268569,0.0,,
historical_S025,S025:i102:nsga2:s1070000:r0:c5ff3dbd9cbc,p0005,False,61881e98d05f11f6,6,48,0.7026118792089378,0.08771929824561403,0.0,228.77283199684135,,,228.77283199684135,0.0,,
historical_S025,S025:i102:nsga2:s1070000:r0:c5ff3dbd9cbc,p0005,False,61881e98d05f11f6,7,56,0.8247779423209843,0.3508771929824561,0.0,87.18236484997936,,,87.18236484997936,0.0,,
historical_S025,S025:i102:nsga2:s1070000:r0:c5ff3dbd9cbc,p0005,False,61881e98d05f11f6,8,64,0.8999999999996843,0.899999999999684,0.0,3.6620662058339803e-10,,,3.6620662058339803e-10,0.0,,
historical_S025,S025:i102:nsga2:s1070000:r0:c5ff3dbd9cbc,p0005,False,61881e98d05f11f6,9,72,0.8999999999996843,0.899999999999684,0.0,3.6620662058339803e-10,,,3.6620662058339803e-10,0.0,,
historical_S025,S025:i102:nsga2:s1070001:r1:0bde9eab69d2,p0001,False,5c2d5d538c46a3cb,1,8,0.11114949143172874,0.0,0.3333333333333333,914.2777394306265,,,766.3869897725721,147.89074965805443,,
historical_S025,S025:i102:nsga2:s1070001:r1:0bde9eab69d2,p0001,False,5c2d5d538c46a3cb,2,16,0.23873604590340655,0.10416666666666667,0.0,766.4049227979519,,,705.2599508286215,61.144971969330385,,
historical_S025,S025:i102:nsga2:s1070001:r1:0bde9eab69d2,p0001,False,5c2d5d538c46a3cb,3,24,0.34419585538032865,0.10416666666666667,0.0,644.1770036141993,,,644.1770036141993,0.0,,
historical_S025,S025:i102:nsga2:s1070001:r1:0bde9eab69d2,p0001,False,5c2d5d538c46a3cb,4,32,0.4631703249654263,0.2578276622680278,0.0,506.285593365071,,,506.285593365071,0.0,,
historical_S025,S025:i102:nsga2:s1070001:r1:0bde9eab69d2,p0001,False,5c2d5d538c46a3cb,5,40,0.5851697244482701,0.44355375162330685,0.0,364.88828936445515,,,364.88828936445515,0.0,,
historical_S025,S025:i102:nsga2:s1070001:r1:0bde9eab69d2,p0001,False,5c2d5d538c46a3cb,6,48,0.7106342691332854,0.5889025888326092,0.0,219.47488207452244,,,219.47488207452244,0.0,,
historical_S025,S025:i102:nsga2:s1070001:r1:0bde9eab69d2,p0001,False,5c2d5d538c46a3cb,7,56,0.839049718317219,0.7342514260419115,0.0,70.64137647034337,,,70.64137647034337,0.0,,
historical_S025,S025:i102:nsga2:s1070001:r1:0bde9eab69d2,p0001,False,5c2d5d538c46a3cb,8,64,0.8999999999998479,0.8999999999998477,0.0,1.765627644090273e-10,,,1.765627644090273e-10,0.0,,
historical_S025,S025:i102:nsga2:s1070001:r1:0bde9eab69d2,p0001,False,5c2d5d538c46a3cb,9,72,0.8999999999998479,0.8999999999998477,0.0,1.765627644090273e-10,,,1.765627644090273e-10,0.0,,
historical_S025,S025:i102:nsga2:s1070001:r1:0bde9eab69d2,p0002,False,da6ea7646bbcf0a1,1,8,0.1137029407844747,0.0,0.3333333333333333,911.318291630794,,,766.3869897725721,144.93130185822187,,
historical_S025,S025:i102:nsga2:s1070001:r1:0bde9eab69d2,p0002,False,da6ea7646bbcf0a1,2,16,0.23665817799380992,0.06944444444444445,0.0,768.8131717051745,,,709.2002693473381,59.612902357836305,,
historical_S025,S025:i102:nsga2:s1070001:r1:0bde9eab69d2,p0002,False,da6ea7646bbcf0a1,3,24,0.3598425865857899,0.24305555555555555,0.0,626.0424421470697,,,626.0424421470697,0.0,,
historical_S025,S025:i102:nsga2:s1070001:r1:0bde9eab69d2,p0002,False,da6ea7646bbcf0a1,4,32,0.48822213277467746,0.38321781575509345,0.0,477.25054811414907,,,477.25054811414907,0.0,,
historical_S025,S025:i102:nsga2:s1070001:r1:0bde9eab69d2,p0002,False,da6ea7646bbcf0a1,5,40,0.6018637307802533,0.4122875831969539,0.0,345.5399360256866,,,345.5399360256866,0.0,,
historical_S025,S025:i102:nsga2:s1070001:r1:0bde9eab69d2,p0002,False,da6ea7646bbcf0a1,6,48,0.7202108034563536,0.5576364204062563,0.0,208.37567879408635,,,208.37567879408635,0.0,,
historical_S025,S025:i102:nsga2:s1070001:r1:0bde9eab69d2,p0002,False,da6ea7646bbcf0a1,7,56,0.8425650404981244,0.7029852576155586,0.0,66.56711806267398,,,66.56711806267398,0.0,,
historical_S025,S025:i102:nsga2:s1070001:r1:0bde9eab69d2,p0002,False,da6ea7646bbcf0a1,8,64,0.8999999999998902,0.8999999999998903,0.0,1.2732215282085235e-10,,,1.2732215282085235e-10,0.0,,
historical_S025,S025:i102:nsga2:s1070001:r1:0bde9eab69d2,p0002,False,da6ea7646bbcf0a1,9,72,0.8999999999998902,0.8999999999998903,0.0,1.2732215282085235e-10,,,1.2732215282085235e-10,0.0,,
historical_S025,S025:i102:nsga2:s1070001:r1:0bde9eab69d2,p0003,False,57375160c4814a98,1,8,0.11821428278959405,0.0,0.2222222222222222,906.0896462468606,,,783.8416921021538,122.24795414470677,,
historical_S025,S025:i102:nsga2:s1070001:r1:0bde9eab69d2,p0003,False,57375160c4814a98,2,16,0.22326744656927827,0.0,0.1111111111111111,784.3330294262066,,,748.8502643965306,35.48276502967596,,
historical_S025,S025:i102:nsga2:s1070001:r1:0bde9eab69d2,p0003,False,57375160c4814a98,3,24,0.34384628361648184,0.2631578947368421,0.0,644.5821572884977,,,644.5821572884977,0.0,,
historical_S025,S025:i102:nsga2:s1070001:r1:0bde9eab69d2,p0003,False,57375160c4814a98,4,32,0.4699820004907869,0.35210175595167065,0.0,498.390861431178,,,498.390861431178,0.0,,
historical_S025,S025:i102:nsga2:s1070001:r1:0bde9eab69d2,p0003,False,57375160c4814a98,5,40,0.5903408896666118,0.43931105827725203,0.0,358.8949088763969,,,358.8949088763969,0.0,,
historical_S025,S025:i102:nsga2:s1070001:r1:0bde9eab69d2,p0003,False,57375160c4814a98,6,48,0.7144083820019252,0.5846598954865544,0.0,215.10068525976868,,,215.10068525976868,0.0,,
historical_S025,S025:i102:nsga2:s1070001:r1:0bde9eab69d2,p0003,False,57375160c4814a98,7,56,0.8416341067088948,0.7300087326958568,0.0,67.6460703243909,,,67.6460703243909,0.0,,
historical_S025,S025:i102:nsga2:s1070001:r1:0bde9eab69d2,p0003,False,57375160c4814a98,8,64,0.8999999999997669,0.8999999999997668,0.0,2.703401946746453e-10,,,2.703401946746453e-10,0.0,,
historical_S025,S025:i102:nsga2:s1070001:r1:0bde9eab69d2,p0003,False,57375160c4814a98,9,72,0.8999999999997669,0.8999999999997668,0.0,2.703401946746453e-10,,,2.703401946746453e-10,0.0,,
historical_S025,S025:i102:nsga2:s1070001:r1:0bde9eab69d2,p0004,False,51dd450cd1393ec7,1,8,0.13062791776246427,0.0,0.1111111111111111,891.702243313304,,,799.0703374860872,92.63190582721685,,
historical_S025,S025:i102:nsga2:s1070001:r1:0bde9eab69d2,p0004,False,51dd450cd1393ec7,2,16,0.25323189347986264,0.0,0.1111111111111111,749.6042354568393,,,749.6042354568393,0.0,,
historical_S025,S025:i102:nsga2:s1070001:r1:0bde9eab69d2,p0004,False,51dd450cd1393ec7,3,24,0.376470632194059,0.0,0.1111111111111111,606.7705372870857,,,606.7705372870857,0.0,,
historical_S025,S025:i102:nsga2:s1070001:r1:0bde9eab69d2,p0004,False,51dd450cd1393ec7,4,32,0.497420173373149,0.0,0.1111111111111111,466.5900190605205,,,466.5900190605205,0.0,,
historical_S025,S025:i102:nsga2:s1070001:r1:0bde9eab69d2,p0004,False,51dd450cd1393ec7,5,40,0.6167354403099709,0.08771929824561403,0.0,328.30362468074395,,,328.30362468074395,0.0,,
historical_S025,S025:i102:nsga2:s1070001:r1:0bde9eab69d2,p0004,False,51dd450cd1393ec7,6,48,0.7344968071466896,0.17543859649122806,0.0,191.8182005169869,,,191.8182005169869,0.0,,
historical_S025,S025:i102:nsga2:s1070001:r1:0bde9eab69d2,p0004,False,51dd450cd1393ec7,7,56,0.8507806952004254,0.2631578947368421,0.0,57.04517426270708,,,57.04517426270708,0.0,,
historical_S025,S025:i102:nsga2:s1070001:r1:0bde9eab69d2,p0004,False,51dd450cd1393ec7,8,64,0.8999999999994447,0.8999999999994448,0.0,6.436664534703596e-10,,,6.436664534703596e-10,0.0,,
historical_S025,S025:i102:nsga2:s1070001:r1:0bde9eab69d2,p0004,False,51dd450cd1393ec7,9,72,0.8999999999994447,0.8999999999994448,0.0,6.436664534703596e-10,,,6.436664534703596e-10,0.0,,
historical_S025,S025:i102:nsga2:s1070001:r1:0bde9eab69d2,p0005,False,cfc9109f5ef8abed,1,8,0.12090545462929848,0.0,0.2222222222222222,902.9705780846432,,,771.6156351565054,131.35494292813777,,
historical_S025,S025:i102:nsga2:s1070001:r1:0bde9eab69d2,p0005,False,cfc9109f5ef8abed,2,16,0.242517281769352,0.0,0.1111111111111111,762.0224704293212,,,725.3090693674197,36.71340106190141,,
historical_S025,S025:i102:nsga2:s1070001:r1:0bde9eab69d2,p0005,False,cfc9109f5ef8abed,3,24,0.36573497977570557,0.26758362546570424,0.0,619.2131584399574,,,619.2131584399574,0.0,,
historical_S025,S025:i102:nsga2:s1070001:r1:0bde9eab69d2,p0005,False,cfc9109f5ef8abed,4,32,0.4885664311071017,0.26758362546570424,0.0,476.85150634686926,,,476.85150634686926,0.0,,
historical_S025,S025:i102:nsga2:s1070001:r1:0bde9eab69d2,p0005,False,cfc9109f5ef8abed,5,40,0.610182384564429,0.26758362546570424,0.0,335.8986162898268,,,335.8986162898268,0.0,,
historical_S025,S025:i102:nsga2:s1070001:r1:0bde9eab69d2,p0005,False,cfc9109f5ef8abed,6,48,0.7308083207709795,0.26758362546570424,0.0,196.0931562264349,,,196.0931562264349,0.0,,
historical_S025,S025:i102:nsga2:s1070001:r1:0bde9eab69d2,p0005,False,cfc9109f5ef8abed,7,56,0.8474912686823615,0.26758362546570424,0.0,60.85761959714303,,,60.85761959714303,0.0,,
historical_S025,S025:i102:nsga2:s1070001:r1:0bde9eab69d2,p0005,False,cfc9109f5ef8abed,8,64,0.899999999999975,0.899999999999975,0.0,2.893330020015128e-11,,,2.893330020015128e-11,0.0,,
historical_S025,S025:i102:nsga2:s1070001:r1:0bde9eab69d2,p0005,False,cfc9109f5ef8abed,9,72,0.899999999999975,0.899999999999975,0.0,2.893330020015128e-11,,,2.893330020015128e-11,0.0,,
historical_S025,S025:i102:nsga2:s1070001:r1:0bde9eab69d2,p0006,True,7352d2ccc2506136,1,8,0.1311564743340289,0.0,0.2222222222222222,891.0896462468606,,,788.8287499106058,102.26089633625483,,
historical_S025,S025:i102:nsga2:s1070001:r1:0bde9eab69d2,p0006,True,7352d2ccc2506136,2,16,0.25335137736395336,0.0,0.1111111111111111,749.4657536351782,,,749.4657536351782,0.0,,
historical_S025,S025:i102:nsga2:s1070001:r1:0bde9eab69d2,p0006,True,7352d2ccc2506136,3,24,0.3768864304461289,0.0,0.1111111111111111,606.2886271129368,,,606.2886271129368,0.0,,
historical_S025,S025:i102:nsga2:s1070001:r1:0bde9eab69d2,p0006,True,7352d2ccc2506136,4,32,0.49781552253088956,0.0,0.1111111111111111,466.13180938669916,,,466.13180938669916,0.0,,
historical_S025,S025:i102:nsga2:s1070001:r1:0bde9eab69d2,p0006,True,7352d2ccc2506136,5,40,0.6171113460665394,0.08771929824561403,0.0,327.867949908881,,,327.867949908881,0.0,,
historical_S025,S025:i102:nsga2:s1070001:r1:0bde9eab69d2,p0006,True,7352d2ccc2506136,6,48,0.734854225734981,0.17543859649122806,0.0,191.40395237315704,,,191.40395237315704,0.0,,
historical_S025,S025:i102:nsga2:s1070001:r1:0bde9eab69d2,p0006,True,7352d2ccc2506136,7,56,0.8511205358255232,0.2631578947368421,0.0,56.65129897821872,,,56.65129897821872,0.0,,
historical_S025,S025:i102:nsga2:s1070001:r1:0bde9eab69d2,p0006,True,7352d2ccc2506136,8,64,0.8999999999994447,0.8999999999994448,0.0,6.435314503505651e-10,,,6.435314503505651e-10,0.0,,
historical_S025,S025:i102:nsga2:s1070001:r1:0bde9eab69d2,p0006,True,7352d2ccc2506136,9,72,0.8999999999994447,0.8999999999994448,0.0,6.435314503505651e-10,,,6.435314503505651e-10,0.0,,
historical_S025,S025:i102:nsga2:s1070002:r2:e7b9a0dd6932,p0001,True,52ca4cf98a9b541e,1,8,0.12199979006617435,0.0,0.2222222222222222,901.702243313304,,,749.6656782971744,152.03656501612963,,
historical_S025,S025:i102:nsga2:s1070002:r2:e7b9a0dd6932,p0001,True,52ca4cf98a9b541e,2,16,0.24531509756856648,0.07246376811594203,0.0,758.7798019180316,,,659.8131455806919,98.96665633733969,,
historical_S025,S025:i102:nsga2:s1070002:r2:e7b9a0dd6932,p0001,True,52ca4cf98a9b541e,3,24,0.3712037334264805,0.21739130434782608,0.0,612.8748729587091,,,567.5503753846459,45.324497574063265,,
historical_S025,S025:i102:nsga2:s1070002:r2:e7b9a0dd6932,p0001,True,52ca4cf98a9b541e,4,32,0.49553094497699773,0.39855072463768115,0.0,468.7796347716597,,,468.7796347716597,0.0,,
historical_S025,S025:i102:nsga2:s1070002:r2:e7b9a0dd6932,p0001,True,52ca4cf98a9b541e,5,40,0.6201070644025627,0.5178819042631286,0.0,324.39591235742995,,,324.39591235742995,0.0,,
historical_S025,S025:i102:nsga2:s1070002:r2:e7b9a0dd6932,p0001,True,52ca4cf98a9b541e,6,48,0.7427892275361265,0.60509120658871,0.0,182.20728528562955,,,182.20728528562955,0.0,,
historical_S025,S025:i102:nsga2:s1070002:r2:e7b9a0dd6932,p0001,True,52ca4cf98a9b541e,7,56,0.8645211473057469,0.7213702763561518,0.0,41.119990272639555,,,41.119990272639555,0.0,,
historical_S025,S025:i102:nsga2:s1070002:r2:e7b9a0dd6932,p0001,True,52ca4cf98a9b541e,8,64,0.8999999999999636,0.8999999999999636,0.0,4.221334393150755e-11,,,4.221334393150755e-11,0.0,,
historical_S025,S025:i102:nsga2:s1070002:r2:e7b9a0dd6932,p0001,True,52ca4cf98a9b541e,9,72,0.8999999999999636,0.8999999999999636,0.0,4.221334393150755e-11,,,4.221334393150755e-11,0.0,,
historical_S025,S025:i102:nsga2:s1070002:r2:e7b9a0dd6932,p0002,False,cf9e704aba22a7b4,1,8,0.11769689290616406,0.0,0.2222222222222222,906.689301121756,,,708.3024341211907,198.38686700056527,,
historical_S025,S025:i102:nsga2:s1070002:r2:e7b9a0dd6932,p0002,False,cf9e704aba22a7b4,2,16,0.2423371952377995,0.0,0.1111111111111111,762.2311907193905,,,612.8502539746117,149.38093674477872,,
historical_S025,S025:i102:nsga2:s1070002:r2:e7b9a0dd6932,p0002,False,cf9e704aba22a7b4,3,24,0.36988346282454526,0.0,0.1111111111111111,614.4050665863522,,,511.7669687837655,102.63809780258666,,
historical_S025,S025:i102:nsga2:s1070002:r2:e7b9a0dd6932,p0002,False,cf9e704aba22a7b4,4,32,0.48948486822197934,0.0,0.1111111111111111,475.78703773072607,,,408.32694577095606,67.46009195976998,,
historical_S025,S025:i102:nsga2:s1070002:r2:e7b9a0dd6932,p0002,False,cf9e704aba22a7b4,5,40,0.6135044599157276,0.17543859649122806,0.0,332.04833095767185,,,301.33020599351164,30.718124964160182,,
historical_S025,S025:i102:nsga2:s1070002:r2:e7b9a0dd6932,p0002,False,cf9e704aba22a7b4,6,48,0.7397322544176973,0.43859649122807015,0.0,185.7503171298889,,,185.7503171298889,0.0,,
historical_S025,S025:i102:nsga2:s1070002:r2:e7b9a0dd6932,p0002,False,cf9e704aba22a7b4,7,56,0.8630248649273792,0.7289525364572416,0.0,42.854181549167635,,,42.854181549167635,0.0,,
historical_S025,S025:i102:nsga2:s1070002:r2:e7b9a0dd6932,p0002,False,cf9e704aba22a7b4,8,64,0.8999999999997559,0.8999999999997558,0.0,2.830304879353207e-10,,,2.830304879353207e-10,0.0,,
historical_S025,S025:i102:nsga2:s1070002:r2:e7b9a0dd6932,p0002,False,cf9e704aba22a7b4,9,72,0.8999999999997559,0.8999999999997558,0.0,2.830304879353207e-10,,,2.830304879353207e-10,0.0,,
historical_S025,S025:i102:nsga2:s1070002:r2:e7b9a0dd6932,p0003,False,b40e0da9bf5b4c9f,1,8,0.12180251190919997,0.0,0.2222222222222222,901.9308886972374,,,728.5440216966721,173.38686700056527,,
historical_S025,S025:i102:nsga2:s1070002:r2:e7b9a0dd6932,p0003,False,b40e0da9bf5b4c9f,2,16,0.24514130895878603,0.07246376811594203,0.0,758.9812229167671,,,636.5709311820805,122.41029173468664,,
historical_S025,S025:i102:nsga2:s1070002:r2:e7b9a0dd6932,p0003,False,b40e0da9bf5b4c9f,3,24,0.3710506375071815,0.21739130434782608,0.0,613.0523111291767,,,533.5639207677334,79.48839036144332,,
historical_S025,S025:i102:nsga2:s1070002:r2:e7b9a0dd6932,p0003,False,b40e0da9bf5b4c9f,4,32,0.49922442909340065,0.36231884057971014,0.0,464.4988866807487,,,428.8269426543229,35.671944026425734,,
historical_S025,S025:i102:nsga2:s1070002:r2:e7b9a0dd6932,p0003,False,b40e0da9bf5b4c9f,5,40,0.6130578249205677,0.43478260869565216,0.0,332.56598091706195,,,332.56598091706195,0.0,,
historical_S025,S025:i102:nsga2:s1070002:r2:e7b9a0dd6932,p0003,False,b40e0da9bf5b4c9f,6,48,0.7340654629608582,0.6364454526911921,0.0,192.3181284283654,,,192.3181284283654,0.0,,
historical_S025,S025:i102:nsga2:s1070002:r2:e7b9a0dd6932,p0003,False,b40e0da9bf5b4c9f,7,56,0.8531169839698591,0.694584987574913,0.0,54.33741557893326,,,54.33741557893326,0.0,,
historical_S025,S025:i102:nsga2:s1070002:r2:e7b9a0dd6932,p0003,False,b40e0da9bf5b4c9f,8,64,0.8999999999998186,0.8999999999998187,0.0,2.1006485440011602e-10,,,2.1006485440011602e-10,0.0,,
historical_S025,S025:i102:nsga2:s1070002:r2:e7b9a0dd6932,p0003,False,b40e0da9bf5b4c9f,9,72,0.8999999999998186,0.8999999999998187,0.0,2.1006485440011602e-10,,,2.1006485440011602e-10,0.0,,
historical_S025,S025:i102:nsga2:s1070002:r2:e7b9a0dd6932,p0004,False,e8cb451a77bc7363,1,8,0.12199979006617435,0.0,0.2222222222222222,901.702243313304,,,749.6656782971744,152.03656501612963,,
historical_S025,S025:i102:nsga2:s1070002:r2:e7b9a0dd6932,p0004,False,e8cb451a77bc7363,2,16,0.2450436189046568,0.0,0.1111111111111111,759.0944456895029,,,660.1277893521632,98.96665633733969,,
historical_S025,S025:i102:nsga2:s1070002:r2:e7b9a0dd6932,p0004,False,e8cb451a77bc7363,3,24,0.3689558285684227,0.0,0.1111111111111111,615.4801946891982,,,570.0376038966018,45.442590792596405,,
historical_S025,S025:i102:nsga2:s1070002:r2:e7b9a0dd6932,p0004,False,e8cb451a77bc7363,4,32,0.49027495025355344,0.0,0.1111111111111111,474.8713326561317,,,474.8713326561317,0.0,,
historical_S025,S025:i102:nsga2:s1070002:r2:e7b9a0dd6932,p0004,False,e8cb451a77bc7363,5,40,0.6147414701992345,0.43859649122807015,0.0,330.6146360390874,,,330.6146360390874,0.0,,
historical_S025,S025:i102:nsga2:s1070002:r2:e7b9a0dd6932,p0004,False,e8cb451a77bc7363,6,48,0.7404977330512084,0.5576508061272883,0.0,184.86312739364965,,,184.86312739364965,0.0,,
historical_S025,S025:i102:nsga2:s1070002:r2:e7b9a0dd6932,p0004,False,e8cb451a77bc7363,7,56,0.8662841984232393,0.6837012262953556,0.0,39.0766140274658,,,39.0766140274658,0.0,,
historical_S025,S025:i102:nsga2:s1070002:r2:e7b9a0dd6932,p0004,False,e8cb451a77bc7363,8,64,0.8999999999999878,0.8999999999999876,0.0,1.4431122963287635e-11,,,1.4431122963287635e-11,0.0,,
historical_S025,S025:i102:nsga2:s1070002:r2:e7b9a0dd6932,p0004,False,e8cb451a77bc7363,9,72,0.8999999999999878,0.8999999999999876,0.0,1.4431122963287635e-11,,,1.4431122963287635e-11,0.0,,
new_WEN38_search,WEN38:i1:nsga2:s60000:r0:31af3335d21c,p0001,True,b12291b3eff8fca1,1,8,0.3176905151467747,0.0,0.45714285714285713,5413.909465023207,2122.294238683735,,,,1604.8868312767627,1686.7283950627098
new_WEN38_search,WEN38:i1:nsga2:s60000:r0:31af3335d21c,p0001,True,b12291b3eff8fca1,2,16,0.6128632175756297,0.0,0.37142857142857144,2082.000000006292,1053.0000000017708,,,,801.000000002,228.00000000252112
new_WEN38_search,WEN38:i1:nsga2:s60000:r0:31af3335d21c,p0001,True,b12291b3eff8fca1,3,24,0.641300496101472,0.0,0.34285714285714286,1761.0000000065838,1053.0000000017708,,,,480.0000000022919,228.00000000252112
new_WEN38_search,WEN38:i1:nsga2:s60000:r0:31af3335d21c,p0001,True,b12291b3eff8fca1,4,32,0.7973068745570517,0.4349222030141391,0.0,0.0,0.0,,,,0.0,0.0
new_WEN38_search,WEN38:i1:nsga2:s60000:r0:31af3335d21c,p0001,True,b12291b3eff8fca1,5,40,0.7973068745570517,0.4349222030141391,0.0,0.0,0.0,,,,0.0,0.0
new_WEN38_search,WEN38:i1:nsga2:s60000:r0:31af3335d21c,p0001,True,b12291b3eff8fca1,6,48,0.7973068745570517,0.4349222030141391,0.0,0.0,0.0,,,,0.0,0.0
new_WEN38_search,WEN38:i1:nsga2:s60000:r0:31af3335d21c,p0001,True,b12291b3eff8fca1,7,56,0.7973068745570517,0.4349222030141391,0.0,0.0,0.0,,,,0.0,0.0
new_WEN38_search,WEN38:i1:nsga2:s60000:r0:31af3335d21c,p0001,True,b12291b3eff8fca1,8,64,0.7973068745570517,0.4349222030141391,0.0,0.0,0.0,,,,0.0,0.0
new_WEN38_search,WEN38:i1:nsga2:s60000:r0:31af3335d21c,p0001,True,b12291b3eff8fca1,9,72,0.7973068745570517,0.4349222030141391,0.0,0.0,0.0,,,,0.0,0.0
new_WEN38_search,WEN38:i1:nsga2:s60000:r0:31af3335d21c,p0002,False,b9ceedab27d79900,1,8,0.3176905151467747,0.0,0.45714285714285713,5413.909465023207,2174.317558299608,,,,1427.246227710366,1812.3456790132332
new_WEN38_search,WEN38:i1:nsga2:s60000:r0:31af3335d21c,p0002,False,b9ceedab27d79900,2,16,0.5811481218988336,0.0,0.4,2440.0000000059663,791.0000000020091,,,,521.0000000022546,1128.0000000017026
new_WEN38_search,WEN38:i1:nsga2:s60000:r0:31af3335d21c,p0002,False,b9ceedab27d79900,3,24,0.6360737065904917,0.0,0.34285714285714286,1820.0000000065302,529.0000000022474,,,,521.0000000022546,770.0000000020282
new_WEN38_search,WEN38:i1:nsga2:s60000:r0:31af3335d21c,p0002,False,b9ceedab27d79900,4,32,0.6651311126854333,0.0,0.3142857142857143,1492.0000000068285,529.0000000022474,,,,521.0000000022546,442.0000000023265
new_WEN38_search,WEN38:i1:nsga2:s60000:r0:31af3335d21c,p0002,False,b9ceedab27d79900,5,40,0.7973068745570517,0.3947089947105269,0.0,0.0,0.0,,,,0.0,0.0
new_WEN38_search,WEN38:i1:nsga2:s60000:r0:31af3335d21c,p0002,False,b9ceedab27d79900,6,48,0.7973068745570517,0.3947089947105269,0.0,0.0,0.0,,,,0.0,0.0
new_WEN38_search,WEN38:i1:nsga2:s60000:r0:31af3335d21c,p0002,False,b9ceedab27d79900,7,56,0.7973068745570517,0.3947089947105269,0.0,0.0,0.0,,,,0.0,0.0
new_WEN38_search,WEN38:i1:nsga2:s60000:r0:31af3335d21c,p0002,False,b9ceedab27d79900,8,64,0.7973068745570517,0.3947089947105269,0.0,0.0,0.0,,,,0.0,0.0
new_WEN38_search,WEN38:i1:nsga2:s60000:r0:31af3335d21c,p0002,False,b9ceedab27d79900,9,72,0.7973068745570517,0.3947089947105269,0.0,0.0,0.0,,,,0.0,0.0
new_WEN38_search,WEN38:i1:nsga2:s60000:r0:31af3335d21c,p0003,False,2a6c2e9b4479abf8,1,8,0.31833822824560026,0.0,0.45714285714285713,5406.598079563664,2482.304526749358,,,,1509.1015089173743,1415.1920438969319
new_WEN38_search,WEN38:i1:nsga2:s60000:r0:31af3335d21c,p0003,False,2a6c2e9b4479abf8,2,16,0.6128632175756297,0.0,0.37142857142857144,2082.000000006292,1800.0000000010914,,,,124.0000000026157,158.00000000258478
new_WEN38_search,WEN38:i1:nsga2:s60000:r0:31af3335d21c,p0003,False,2a6c2e9b4479abf8,3,24,0.7071226080787332,0.0,0.2857142857142857,1018.0000000072596,1018.0000000072596,,,,0.0,0.0
new_WEN38_search,WEN38:i1:nsga2:s60000:r0:31af3335d21c,p0003,False,2a6c2e9b4479abf8,4,32,0.79730687455697,0.3079249848779,0.0,9.222276275977492e-10,9.222276275977492e-10,,,,0.0,0.0
new_WEN38_search,WEN38:i1:nsga2:s60000:r0:31af3335d21c,p0003,False,2a6c2e9b4479abf8,5,40,0.79730687455697,0.3079249848779,0.0,9.222276275977492e-10,9.222276275977492e-10,,,,0.0,0.0
new_WEN38_search,WEN38:i1:nsga2:s60000:r0:31af3335d21c,p0003,False,2a6c2e9b4479abf8,6,48,0.79730687455697,0.3079249848779,0.0,9.222276275977492e-10,9.222276275977492e-10,,,,0.0,0.0
new_WEN38_search,WEN38:i1:nsga2:s60000:r0:31af3335d21c,p0003,False,2a6c2e9b4479abf8,7,56,0.79730687455697,0.3079249848779,0.0,9.222276275977492e-10,9.222276275977492e-10,,,,0.0,0.0
new_WEN38_search,WEN38:i1:nsga2:s60000:r0:31af3335d21c,p0003,False,2a6c2e9b4479abf8,8,64,0.79730687455697,0.3079249848779,0.0,9.222276275977492e-10,9.222276275977492e-10,,,,0.0,0.0
new_WEN38_search,WEN38:i1:nsga2:s60000:r0:31af3335d21c,p0003,False,2a6c2e9b4479abf8,9,72,0.79730687455697,0.3079249848779,0.0,9.222276275977492e-10,9.222276275977492e-10,,,,0.0,0.0
new_WEN38_search,WEN38:i1:nsga2:s60000:r0:31af3335d21c,p0004,False,d97db80c03b86b82,1,8,0.31833822824560026,0.0,0.45714285714285713,5406.598079563664,1693.707133059961,,,,1932.2668038416123,1780.624142662091
new_WEN38_search,WEN38:i1:nsga2:s60000:r0:31af3335d21c,p0004,False,d97db80c03b86b82,2,16,0.6296598483044401,0.0,0.2857142857142857,1892.3996323394804,509.04847719934605,,,,170.4391830695322,1212.9119720706021
new_WEN38_search,WEN38:i1:nsga2:s60000:r0:31af3335d21c,p0004,False,d97db80c03b86b82,3,24,0.7198795180716344,0.0,0.2571428571428571,874.0000000073906,73.0771697653845,,,,0.0,800.9228302420061
new_WEN38_search,WEN38:i1:nsga2:s60000:r0:31af3335d21c,p0004,False,d97db80c03b86b82,4,32,0.7198795180716344,0.0,0.2571428571428571,874.0000000073906,73.0771697653845,,,,0.0,800.9228302420061
new_WEN38_search,WEN38:i1:nsga2:s60000:r0:31af3335d21c,p0004,False,d97db80c03b86b82,5,40,0.7973068745570517,0.27640733712996735,0.0,0.0,0.0,,,,0.0,0.0
new_WEN38_search,WEN38:i1:nsga2:s60000:r0:31af3335d21c,p0004,False,d97db80c03b86b82,6,48,0.7973068745570517,0.27640733712996735,0.0,0.0,0.0,,,,0.0,0.0
new_WEN38_search,WEN38:i1:nsga2:s60000:r0:31af3335d21c,p0004,False,d97db80c03b86b82,7,56,0.7973068745570517,0.27640733712996735,0.0,0.0,0.0,,,,0.0,0.0
new_WEN38_search,WEN38:i1:nsga2:s60000:r0:31af3335d21c,p0004,False,d97db80c03b86b82,8,64,0.7973068745570517,0.27640733712996735,0.0,0.0,0.0,,,,0.0,0.0
new_WEN38_search,WEN38:i1:nsga2:s60000:r0:31af3335d21c,p0004,False,d97db80c03b86b82,9,72,0.7973068745570517,0.27640733712996735,0.0,0.0,0.0,,,,0.0,0.0
new_WEN38_search,WEN38:i1:nsga2:s60000:r0:31af3335d21c,p0005,False,31f1b5fa3437d22a,1,8,0.31833822824560026,0.0,0.45714285714285713,5406.598079563664,1693.707133059961,,,,1932.2668038416123,1780.624142662091
new_WEN38_search,WEN38:i1:nsga2:s60000:r0:31af3335d21c,p0005,False,31f1b5fa3437d22a,2,16,0.6314316413590113,0.0,0.2857142857142857,1872.3996323394804,509.04847719934605,,,,150.4391830695322,1212.9119720706021
new_WEN38_search,WEN38:i1:nsga2:s60000:r0:31af3335d21c,p0005,False,31f1b5fa3437d22a,3,24,0.7198795180716344,0.0,0.2571428571428571,874.0000000073906,114.27561698952286,,,,0.0,759.7243830178677
new_WEN38_search,WEN38:i1:nsga2:s60000:r0:31af3335d21c,p0005,False,31f1b5fa3437d22a,4,32,0.7198795180716344,0.0,0.2571428571428571,874.0000000073906,114.27561698952286,,,,0.0,759.7243830178677
new_WEN38_search,WEN38:i1:nsga2:s60000:r0:31af3335d21c,p0005,False,31f1b5fa3437d22a,5,40,0.7973068745570517,0.27640733712996735,0.0,0.0,0.0,,,,0.0,0.0
new_WEN38_search,WEN38:i1:nsga2:s60000:r0:31af3335d21c,p0005,False,31f1b5fa3437d22a,6,48,0.7973068745570517,0.27640733712996735,0.0,0.0,0.0,,,,0.0,0.0
new_WEN38_search,WEN38:i1:nsga2:s60000:r0:31af3335d21c,p0005,False,31f1b5fa3437d22a,7,56,0.7973068745570517,0.27640733712996735,0.0,0.0,0.0,,,,0.0,0.0
new_WEN38_search,WEN38:i1:nsga2:s60000:r0:31af3335d21c,p0005,False,31f1b5fa3437d22a,8,64,0.7973068745570517,0.27640733712996735,0.0,0.0,0.0,,,,0.0,0.0
new_WEN38_search,WEN38:i1:nsga2:s60000:r0:31af3335d21c,p0005,False,31f1b5fa3437d22a,9,72,0.7973068745570517,0.27640733712996735,0.0,0.0,0.0,,,,0.0,0.0
new_WEN38_search,WEN38:i1:nsga2:s60000:r0:31af3335d21c,p0006,False,3dbdfbe22eaee946,1,8,0.3182124528127148,0.0,0.45714285714285713,5408.017832650075,2577.469135802785,,,,1640.414951990042,1190.1337448572485
new_WEN38_search,WEN38:i1:nsga2:s60000:r0:31af3335d21c,p0006,False,3dbdfbe22eaee946,2,16,0.6274833455485421,0.0,0.3142857142857143,1916.9679954480562,1916.9679954480562,,,,0.0,0.0
new_WEN38_search,WEN38:i1:nsga2:s60000:r0:31af3335d21c,p0006,False,3dbdfbe22eaee946,3,24,0.7520375620124619,0.0,0.22857142857142856,511.00000000333057,511.00000000333057,,,,0.0,0.0
new_WEN38_search,WEN38:i1:nsga2:s60000:r0:31af3335d21c,p0006,False,3dbdfbe22eaee946,4,32,0.7810949681074035,0.0,0.2,183.00000000362888,183.00000000362888,,,,0.0,0.0
new_WEN38_search,WEN38:i1:nsga2:s60000:r0:31af3335d21c,p0006,False,3dbdfbe22eaee946,5,40,0.7810949681074035,0.0,0.2,183.00000000362888,183.00000000362888,,,,0.0,0.0
new_WEN38_search,WEN38:i1:nsga2:s60000:r0:31af3335d21c,p0006,False,3dbdfbe22eaee946,6,48,0.7810949681074035,0.0,0.2,183.00000000362888,183.00000000362888,,,,0.0,0.0
new_WEN38_search,WEN38:i1:nsga2:s60000:r0:31af3335d21c,p0006,False,3dbdfbe22eaee946,7,56,0.7973068745570517,0.07405908539112716,0.0,0.0,0.0,,,,0.0,0.0
new_WEN38_search,WEN38:i1:nsga2:s60000:r0:31af3335d21c,p0006,False,3dbdfbe22eaee946,8,64,0.7973068745570517,0.07405908539112716,0.0,0.0,0.0,,,,0.0,0.0
new_WEN38_search,WEN38:i1:nsga2:s60000:r0:31af3335d21c,p0006,False,3dbdfbe22eaee946,9,72,0.7973068745570517,0.07405908539112716,0.0,0.0,0.0,,,,0.0,0.0
new_WEN38_search,WEN38:i1:nsga2:s60000:r0:31af3335d21c,p0007,False,68541049b5f8a9b2,1,8,0.317746719144562,0.0,0.45714285714285713,5413.2750342961845,1981.738683128333,,,,1568.7242798364605,1862.812071331391
new_WEN38_search,WEN38:i1:nsga2:s60000:r0:31af3335d21c,p0007,False,68541049b5f8a9b2,2,16,0.6322667756371843,0.0,0.3142857142857143,1862.9726366074638,1428.0653803829728,,,,193.87287831867525,241.03437790581575
new_WEN38_search,WEN38:i1:nsga2:s60000:r0:31af3335d21c,p0007,False,68541049b5f8a9b2,3,24,0.7520375620120731,0.0,0.22857142857142856,511.0000000077207,511.0000000077207,,,,0.0,0.0
new_WEN38_search,WEN38:i1:nsga2:s60000:r0:31af3335d21c,p0007,False,68541049b5f8a9b2,4,32,0.7520375620120731,0.0,0.22857142857142856,511.0000000077207,511.0000000077207,,,,0.0,0.0
new_WEN38_search,WEN38:i1:nsga2:s60000:r0:31af3335d21c,p0007,False,68541049b5f8a9b2,5,40,0.7810949681070147,0.0,0.2,183.00000000801901,183.00000000801901,,,,0.0,0.0
new_WEN38_search,WEN38:i1:nsga2:s60000:r0:31af3335d21c,p0007,False,68541049b5f8a9b2,6,48,0.7973068745570517,0.07405908539294614,0.0,0.0,0.0,,,,0.0,0.0
new_WEN38_search,WEN38:i1:nsga2:s60000:r0:31af3335d21c,p0007,False,68541049b5f8a9b2,7,56,0.7973068745570517,0.07405908539294614,0.0,0.0,0.0,,,,0.0,0.0
new_WEN38_search,WEN38:i1:nsga2:s60000:r0:31af3335d21c,p0007,False,68541049b5f8a9b2,8,64,0.7973068745570517,0.07405908539294614,0.0,0.0,0.0,,,,0.0,0.0
new_WEN38_search,WEN38:i1:nsga2:s60000:r0:31af3335d21c,p0007,False,68541049b5f8a9b2,9,72,0.7973068745570517,0.07405908539294614,0.0,0.0,0.0,,,,0.0,0.0
new_WEN38_search,WEN38:i1:nsga2:s60000:r0:31af3335d21c,p0008,False,3fbe934d389c7f0d,1,8,0.31789527998195743,0.0,0.45714285714285713,5411.598079563664,2187.294238683735,,,,1894.7599451310816,1329.5438957488477
new_WEN38_search,WEN38:i1:nsga2:s60000:r0:31af3335d21c,p0008,False,3fbe934d389c7f0d,2,16,0.6322748715962768,0.0,0.2857142857142857,1862.881249421227,1198.5393242354094,,,,664.3419251858177,0.0
new_WEN38_search,WEN38:i1:nsga2:s60000:r0:31af3335d21c,p0008,False,3fbe934d389c7f0d,3,24,0.7192593905025351,0.0,0.2571428571428571,881.0000000073842,881.0000000073842,,,,0.0,0.0
new_WEN38_search,WEN38:i1:nsga2:s60000:r0:31af3335d21c,p0008,False,3fbe934d389c7f0d,4,32,0.7837526576888689,0.0,0.2,153.0000000080463,153.0000000080463,,,,0.0,0.0
new_WEN38_search,WEN38:i1:nsga2:s60000:r0:31af3335d21c,p0008,False,3fbe934d389c7f0d,5,40,0.7837526576888689,0.0,0.2,153.0000000080463,153.0000000080463,,,,0.0,0.0
new_WEN38_search,WEN38:i1:nsga2:s60000:r0:31af3335d21c,p0008,False,3fbe934d389c7f0d,6,48,0.7973068745570517,0.06267922982624441,0.0,0.0,0.0,,,,0.0,0.0
new_WEN38_search,WEN38:i1:nsga2:s60000:r0:31af3335d21c,p0008,False,3fbe934d389c7f0d,7,56,0.7973068745570517,0.06267922982624441,0.0,0.0,0.0,,,,0.0,0.0
new_WEN38_search,WEN38:i1:nsga2:s60000:r0:31af3335d21c,p0008,False,3fbe934d389c7f0d,8,64,0.7973068745570517,0.06267922982624441,0.0,0.0,0.0,,,,0.0,0.0
new_WEN38_search,WEN38:i1:nsga2:s60000:r0:31af3335d21c,p0008,False,3fbe934d389c7f0d,9,72,0.7973068745570517,0.06267922982624441,0.0,0.0,0.0,,,,0.0,0.0
new_WEN38_search,WEN38:i1:nsga2:s60000:r0:31af3335d21c,p0009,False,0673595e0e591a1c,1,8,0.31680461861948905,0.0,0.45714285714285713,5423.909465023207,2337.215363512114,,,,1157.6131687256566,1929.0809327854367
new_WEN38_search,WEN38:i1:nsga2:s60000:r0:31af3335d21c,p0009,False,0673595e0e591a1c,2,16,0.5483699503892957,0.0,0.42857142857142855,2810.0000000056298,1760.0000000011278,,,,96.00000000264117,954.0000000018608
new_WEN38_search,WEN38:i1:nsga2:s60000:r0:31af3335d21c,p0009,False,0673595e0e591a1c,3,24,0.7355598866045754,0.0,0.2571428571428571,697.0000000075515,426.0000000050695,,,,0.0,271.000000002482
new_WEN38_search,WEN38:i1:nsga2:s60000:r0:31af3335d21c,p0009,False,0673595e0e591a1c,4,32,0.7973068745570453,0.0,0.08571428571428572,7.185008144006133e-11,7.185008144006133e-11,,,,0.0,0.0
new_WEN38_search,WEN38:i1:nsga2:s60000:r0:31af3335d21c,p0009,False,0673595e0e591a1c,5,40,0.7973068745570453,0.0,0.08571428571428572,7.185008144006133e-11,7.185008144006133e-11,,,,0.0,0.0
new_WEN38_search,WEN38:i1:nsga2:s60000:r0:31af3335d21c,p0009,False,0673595e0e591a1c,6,48,0.7973068745570453,0.0,0.08571428571428572,7.185008144006133e-11,7.185008144006133e-11,,,,0.0,0.0
new_WEN38_search,WEN38:i1:nsga2:s60000:r0:31af3335d21c,p0009,False,0673595e0e591a1c,7,56,0.7973068745570453,0.0,0.08571428571428572,7.185008144006133e-11,7.185008144006133e-11,,,,0.0,0.0
new_WEN38_search,WEN38:i1:nsga2:s60000:r0:31af3335d21c,p0009,False,0673595e0e591a1c,8,64,0.7973068745570453,0.0,0.08571428571428572,7.185008144006133e-11,7.185008144006133e-11,,,,0.0,0.0
new_WEN38_search,WEN38:i1:nsga2:s60000:r0:31af3335d21c,p0009,False,0673595e0e591a1c,9,72,0.7973068745570453,0.0,0.08571428571428572,7.185008144006133e-11,7.185008144006133e-11,,,,0.0,0.0
new_WEN38_search,WEN38:i1:nsga2:s60000:r0:31af3335d21c,p0010,False,1f27e716b21bfc54,1,8,0.3190193599377031,0.0,0.45714285714285713,5398.909465023207,2160.586419753654,,,,1018.6728395076534,2219.6502057619
new_WEN38_search,WEN38:i1:nsga2:s60000:r0:31af3335d21c,p0010,False,1f27e716b21bfc54,2,16,0.6316577728601641,0.0,0.2,1869.847059954467,438.04191970689953,,,,0.0,1431.8051402475676
new_WEN38_search,WEN38:i1:nsga2:s60000:r0:31af3335d21c,p0010,False,1f27e716b21bfc54,3,24,0.7973068745570517,0.0,0.11428571428571428,0.0,0.0,,,,0.0,0.0
new_WEN38_search,WEN38:i1:nsga2:s60000:r0:31af3335d21c,p0010,False,1f27e716b21bfc54,4,32,0.7973068745570517,0.0,0.11428571428571428,0.0,0.0,,,,0.0,0.0
new_WEN38_search,WEN38:i1:nsga2:s60000:r0:31af3335d21c,p0010,False,1f27e716b21bfc54,5,40,0.7973068745570517,0.0,0.11428571428571428,0.0,0.0,,,,0.0,0.0
new_WEN38_search,WEN38:i1:nsga2:s60000:r0:31af3335d21c,p0010,False,1f27e716b21bfc54,6,48,0.7973068745570517,0.0,0.11428571428571428,0.0,0.0,,,,0.0,0.0
new_WEN38_search,WEN38:i1:nsga2:s60000:r0:31af3335d21c,p0010,False,1f27e716b21bfc54,7,56,0.7973068745570517,0.0,0.11428571428571428,0.0,0.0,,,,0.0,0.0
new_WEN38_search,WEN38:i1:nsga2:s60000:r0:31af3335d21c,p0010,False,1f27e716b21bfc54,8,64,0.7973068745570517,0.0,0.11428571428571428,0.0,0.0,,,,0.0,0.0
new_WEN38_search,WEN38:i1:nsga2:s60000:r0:31af3335d21c,p0010,False,1f27e716b21bfc54,9,72,0.7973068745570517,0.0,0.11428571428571428,0.0,0.0,,,,0.0,0.0
new_WEN38_search,WEN38:i1:nsga2:s60000:r0:31af3335d21c,p0011,False,5c1d5d2bb7805c0b,1,8,0.3194623082013459,0.0,0.45714285714285713,5393.909465023207,2155.586419753654,,,,1188.700274349776,2049.6227709197774
new_WEN38_search,WEN38:i1:nsga2:s60000:r0:31af3335d21c,p0011,False,5c1d5d2bb7805c0b,2,16,0.6333975628409187,0.0,0.2,1850.2083106517093,421.3730196508159,,,,0.0,1428.8352910008934
new_WEN38_search,WEN38:i1:nsga2:s60000:r0:31af3335d21c,p0011,False,5c1d5d2bb7805c0b,3,24,0.7973068745570517,0.0,0.11428571428571428,0.0,0.0,,,,0.0,0.0
new_WEN38_search,WEN38:i1:nsga2:s60000:r0:31af3335d21c,p0011,False,5c1d5d2bb7805c0b,4,32,0.7973068745570517,0.0,0.11428571428571428,0.0,0.0,,,,0.0,0.0
new_WEN38_search,WEN38:i1:nsga2:s60000:r0:31af3335d21c,p0011,False,5c1d5d2bb7805c0b,5,40,0.7973068745570517,0.0,0.11428571428571428,0.0,0.0,,,,0.0,0.0
new_WEN38_search,WEN38:i1:nsga2:s60000:r0:31af3335d21c,p0011,False,5c1d5d2bb7805c0b,6,48,0.7973068745570517,0.0,0.11428571428571428,0.0,0.0,,,,0.0,0.0
new_WEN38_search,WEN38:i1:nsga2:s60000:r0:31af3335d21c,p0011,False,5c1d5d2bb7805c0b,7,56,0.7973068745570517,0.0,0.11428571428571428,0.0,0.0,,,,0.0,0.0
new_WEN38_search,WEN38:i1:nsga2:s60000:r0:31af3335d21c,p0011,False,5c1d5d2bb7805c0b,8,64,0.7973068745570517,0.0,0.11428571428571428,0.0,0.0,,,,0.0,0.0
new_WEN38_search,WEN38:i1:nsga2:s60000:r0:31af3335d21c,p0011,False,5c1d5d2bb7805c0b,9,72,0.7973068745570517,0.0,0.11428571428571428,0.0,0.0,,,,0.0,0.0
new_WEN38_search,WEN38:i1:nsga2:s60000:r0:31af3335d21c,p0012,False,44371d7b0456c749,1,8,0.3203482047286315,0.0,0.45714285714285713,5383.909465023207,2362.561728395467,,,,1424.0740740752517,1597.2736625524885
new_WEN38_search,WEN38:i1:nsga2:s60000:r0:31af3335d21c,p0012,False,44371d7b0456c749,2,16,0.6128632175756297,0.0,0.37142857142857144,2082.000000006292,1135.0000000016962,,,,158.00000000258478,789.0000000020109
new_WEN38_search,WEN38:i1:nsga2:s60000:r0:31af3335d21c,p0012,False,44371d7b0456c749,3,24,0.7973068745570517,0.0,0.17142857142857143,0.0,0.0,,,,0.0,0.0
new_WEN38_search,WEN38:i1:nsga2:s60000:r0:31af3335d21c,p0012,False,44371d7b0456c749,4,32,0.7973068745570517,0.0,0.17142857142857143,0.0,0.0,,,,0.0,0.0
new_WEN38_search,WEN38:i1:nsga2:s60000:r0:31af3335d21c,p0012,False,44371d7b0456c749,5,40,0.7973068745570517,0.0,0.17142857142857143,0.0,0.0,,,,0.0,0.0
new_WEN38_search,WEN38:i1:nsga2:s60000:r0:31af3335d21c,p0012,False,44371d7b0456c749,6,48,0.7973068745570517,0.0,0.17142857142857143,0.0,0.0,,,,0.0,0.0
new_WEN38_search,WEN38:i1:nsga2:s60000:r0:31af3335d21c,p0012,False,44371d7b0456c749,7,56,0.7973068745570517,0.0,0.17142857142857143,0.0,0.0,,,,0.0,0.0
new_WEN38_search,WEN38:i1:nsga2:s60000:r0:31af3335d21c,p0012,False,44371d7b0456c749,8,64,0.7973068745570517,0.0,0.17142857142857143,0.0,0.0,,,,0.0,0.0
new_WEN38_search,WEN38:i1:nsga2:s60000:r0:31af3335d21c,p0012,False,44371d7b0456c749,9,72,0.7973068745570517,0.0,0.17142857142857143,0.0,0.0,,,,0.0,0.0
new_WEN38_search,WEN38:i1:nsga2:s60000:r0:31af3335d21c,p0013,False,1e0183d0006cdbdd,1,8,0.3185764116740603,0.0,0.45714285714285713,5403.909465023207,2382.561728395467,,,,1209.002057614507,1812.3456790132332
new_WEN38_search,WEN38:i1:nsga2:s60000:r0:31af3335d21c,p0013,False,1e0183d0006cdbdd,2,16,0.5811481218988336,0.0,0.4,2440.0000000059663,1135.0000000016962,,,,177.0000000025675,1128.0000000017026
new_WEN38_search,WEN38:i1:nsga2:s60000:r0:31af3335d21c,p0013,False,1e0183d0006cdbdd,3,24,0.6651311126854333,0.0,0.3142857142857143,1492.0000000068285,873.0000000019345,,,,177.0000000025675,442.0000000023265
new_WEN38_search,WEN38:i1:nsga2:s60000:r0:31af3335d21c,p0013,False,1e0183d0006cdbdd,4,32,0.7973068745570517,0.0,0.11428571428571428,0.0,0.0,,,,0.0,0.0
new_WEN38_search,WEN38:i1:nsga2:s60000:r0:31af3335d21c,p0013,False,1e0183d0006cdbdd,5,40,0.7973068745570517,0.0,0.11428571428571428,0.0,0.0,,,,0.0,0.0
new_WEN38_search,WEN38:i1:nsga2:s60000:r0:31af3335d21c,p0013,False,1e0183d0006cdbdd,6,48,0.7973068745570517,0.0,0.11428571428571428,0.0,0.0,,,,0.0,0.0
new_WEN38_search,WEN38:i1:nsga2:s60000:r0:31af3335d21c,p0013,False,1e0183d0006cdbdd,7,56,0.7973068745570517,0.0,0.11428571428571428,0.0,0.0,,,,0.0,0.0
new_WEN38_search,WEN38:i1:nsga2:s60000:r0:31af3335d21c,p0013,False,1e0183d0006cdbdd,8,64,0.7973068745570517,0.0,0.11428571428571428,0.0,0.0,,,,0.0,0.0
new_WEN38_search,WEN38:i1:nsga2:s60000:r0:31af3335d21c,p0013,False,1e0183d0006cdbdd,9,72,0.7973068745570517,0.0,0.11428571428571428,0.0,0.0,,,,0.0,0.0
new_WEN38_search,WEN38:i1:nsga2:s60000:r0:31af3335d21c,p0014,False,0aafa43267a398c2,1,8,0.3196670730365287,0.0,0.45714285714285713,5391.598079563664,2687.86008230476,,,,1490.92935528226,1212.8086419766441
new_WEN38_search,WEN38:i1:nsga2:s60000:r0:31af3335d21c,p0014,False,0aafa43267a398c2,2,16,0.6355349212987307,0.0,0.22857142857142856,1826.0818083799277,1075.3614682044863,,,,428.698122157115,322.0222180183264
new_WEN38_search,WEN38:i1:nsga2:s60000:r0:31af3335d21c,p0014,False,0aafa43267a398c2,3,24,0.7973068745570517,0.0,0.2,0.0,0.0,,,,0.0,0.0
new_WEN38_search,WEN38:i1:nsga2:s60000:r0:31af3335d21c,p0014,False,0aafa43267a398c2,4,32,0.7973068745570517,0.0,0.2,0.0,0.0,,,,0.0,0.0
new_WEN38_search,WEN38:i1:nsga2:s60000:r0:31af3335d21c,p0014,False,0aafa43267a398c2,5,40,0.7973068745570517,0.0,0.2,0.0,0.0,,,,0.0,0.0
new_WEN38_search,WEN38:i1:nsga2:s60000:r0:31af3335d21c,p0014,False,0aafa43267a398c2,6,48,0.7973068745570517,0.0,0.2,0.0,0.0,,,,0.0,0.0
new_WEN38_search,WEN38:i1:nsga2:s60000:r0:31af3335d21c,p0014,False,0aafa43267a398c2,7,56,0.7973068745570517,0.0,0.2,0.0,0.0,,,,0.0,0.0
new_WEN38_search,WEN38:i1:nsga2:s60000:r0:31af3335d21c,p0014,False,0aafa43267a398c2,8,64,0.7973068745570517,0.0,0.2,0.0,0.0,,,,0.0,0.0
new_WEN38_search,WEN38:i1:nsga2:s60000:r0:31af3335d21c,p0014,False,0aafa43267a398c2,9,72,0.7973068745570517,0.0,0.2,0.0,0.0,,,,0.0,0.0
new_WEN38_search,WEN38:i1:nsga2:s60000:r0:31af3335d21c,p0015,False,9186667fc2356080,1,8,0.3203482047286315,0.0,0.45714285714285713,5383.909465023207,2362.561728395467,,,,1629.6296296306537,1391.7181069970866
new_WEN38_search,WEN38:i1:nsga2:s60000:r0:31af3335d21c,p0015,False,9186667fc2356080,2,16,0.5811481218988336,0.0,0.4,2440.0000000059663,1135.0000000016962,,,,840.0000000019645,465.00000000230557
new_WEN38_search,WEN38:i1:nsga2:s60000:r0:31af3335d21c,p0015,False,9186667fc2356080,3,24,0.7973068745570517,0.0,0.17142857142857143,0.0,0.0,,,,0.0,0.0
new_WEN38_search,WEN38:i1:nsga2:s60000:r0:31af3335d21c,p0015,False,9186667fc2356080,4,32,0.7973068745570517,0.0,0.17142857142857143,0.0,0.0,,,,0.0,0.0
new_WEN38_search,WEN38:i1:nsga2:s60000:r0:31af3335d21c,p0015,False,9186667fc2356080,5,40,0.7973068745570517,0.0,0.17142857142857143,0.0,0.0,,,,0.0,0.0
new_WEN38_search,WEN38:i1:nsga2:s60000:r0:31af3335d21c,p0015,False,9186667fc2356080,6,48,0.7973068745570517,0.0,0.17142857142857143,0.0,0.0,,,,0.0,0.0
new_WEN38_search,WEN38:i1:nsga2:s60000:r0:31af3335d21c,p0015,False,9186667fc2356080,7,56,0.7973068745570517,0.0,0.17142857142857143,0.0,0.0,,,,0.0,0.0
new_WEN38_search,WEN38:i1:nsga2:s60000:r0:31af3335d21c,p0015,False,9186667fc2356080,8,64,0.7973068745570517,0.0,0.17142857142857143,0.0,0.0,,,,0.0,0.0
new_WEN38_search,WEN38:i1:nsga2:s60000:r0:31af3335d21c,p0015,False,9186667fc2356080,9,72,0.7973068745570517,0.0,0.17142857142857143,0.0,0.0,,,,0.0,0.0
new_WEN38_search,WEN38:i1:nsga2:s60000:r0:31af3335d21c,p0016,False,b91d277d8c4017fa,1,8,0.3203482047286315,0.0,0.45714285714285713,5383.909465023207,2362.561728395467,,,,1424.0740740752517,1597.2736625524885
new_WEN38_search,WEN38:i1:nsga2:s60000:r0:31af3335d21c,p0016,False,b91d277d8c4017fa,2,16,0.6376337314421949,0.0,0.2571428571428571,1802.3904394805031,1143.18356761603,,,,0.0,659.2068718644732
new_WEN38_search,WEN38:i1:nsga2:s60000:r0:31af3335d21c,p0016,False,b91d277d8c4017fa,3,24,0.7973068745570517,0.0,0.14285714285714285,0.0,0.0,,,,0.0,0.0
new_WEN38_search,WEN38:i1:nsga2:s60000:r0:31af3335d21c,p0016,False,b91d277d8c4017fa,4,32,0.7973068745570517,0.0,0.14285714285714285,0.0,0.0,,,,0.0,0.0
new_WEN38_search,WEN38:i1:nsga2:s60000:r0:31af3335d21c,p0016,False,b91d277d8c4017fa,5,40,0.7973068745570517,0.0,0.14285714285714285,0.0,0.0,,,,0.0,0.0
new_WEN38_search,WEN38:i1:nsga2:s60000:r0:31af3335d21c,p0016,False,b91d277d8c4017fa,6,48,0.7973068745570517,0.0,0.14285714285714285,0.0,0.0,,,,0.0,0.0
new_WEN38_search,WEN38:i1:nsga2:s60000:r0:31af3335d21c,p0016,False,b91d277d8c4017fa,7,56,0.7973068745570517,0.0,0.14285714285714285,0.0,0.0,,,,0.0,0.0
new_WEN38_search,WEN38:i1:nsga2:s60000:r0:31af3335d21c,p0016,False,b91d277d8c4017fa,8,64,0.7973068745570517,0.0,0.14285714285714285,0.0,0.0,,,,0.0,0.0
new_WEN38_search,WEN38:i1:nsga2:s60000:r0:31af3335d21c,p0016,False,b91d277d8c4017fa,9,72,0.7973068745570517,0.0,0.14285714285714285,0.0,0.0,,,,0.0,0.0
new_WEN38_search,WEN38:i1:nsga2:s60000:r0:31af3335d21c,p0017,False,106af5df51248833,1,8,0.3163616703558463,0.0,0.45714285714285713,5428.909465023207,2137.294238683735,,,,1540.8093278474553,1750.8058984920171
new_WEN38_search,WEN38:i1:nsga2:s60000:r0:31af3335d21c,p0017,False,106af5df51248833,2,16,0.5733522324587274,0.0,0.4,2528.0000000058862,1437.0000000014215,,,,700.0000000020918,391.0000000023729
new_WEN38_search,WEN38:i1:nsga2:s60000:r0:31af3335d21c,p0017,False,106af5df51248833,3,24,0.7605421686740071,0.0,0.22857142857142856,415.000000007808,42.00000000541877,,,,373.00000000238924,0.0
new_WEN38_search,WEN38:i1:nsga2:s60000:r0:31af3335d21c,p0017,False,106af5df51248833,4,32,0.797306874556984,0.0,0.14285714285714285,7.630660547874868e-10,0.0,,,,7.630660547874868e-10,0.0
new_WEN38_search,WEN38:i1:nsga2:s60000:r0:31af3335d21c,p0017,False,106af5df51248833,5,40,0.797306874556984,0.0,0.14285714285714285,7.630660547874868e-10,0.0,,,,7.630660547874868e-10,0.0
new_WEN38_search,WEN38:i1:nsga2:s60000:r0:31af3335d21c,p0017,False,106af5df51248833,6,48,0.797306874556984,0.0,0.14285714285714285,7.630660547874868e-10,0.0,,,,7.630660547874868e-10,0.0
new_WEN38_search,WEN38:i1:nsga2:s60000:r0:31af3335d21c,p0017,False,106af5df51248833,7,56,0.797306874556984,0.0,0.14285714285714285,7.630660547874868e-10,0.0,,,,7.630660547874868e-10,0.0
new_WEN38_search,WEN38:i1:nsga2:s60000:r0:31af3335d21c,p0017,False,106af5df51248833,8,64,0.797306874556984,0.0,0.14285714285714285,7.630660547874868e-10,0.0,,,,7.630660547874868e-10,0.0
new_WEN38_search,WEN38:i1:nsga2:s60000:r0:31af3335d21c,p0017,False,106af5df51248833,9,72,0.797306874556984,0.0,0.14285714285714285,7.630660547874868e-10,0.0,,,,7.630660547874868e-10,0.0
new_WEN38_search,WEN38:i1:nsga2:s60000:r0:31af3335d21c,p0018,False,a37353b90ee72f34,1,8,0.3181334634104175,0.0,0.45714285714285713,5408.909465023207,2117.294238683735,,,,1160.150891633748,2131.4643347057245
new_WEN38_search,WEN38:i1:nsga2:s60000:r0:31af3335d21c,p0018,False,a37353b90ee72f34,2,16,0.5733522324587274,0.0,0.4,2528.0000000058862,1437.0000000014215,,,,100.00000000263753,991.0000000018272
new_WEN38_search,WEN38:i1:nsga2:s60000:r0:31af3335d21c,p0018,False,a37353b90ee72f34,3,24,0.7605421686740071,0.0,0.22857142857142856,415.000000007808,107.00000000535965,,,,0.0,308.00000000244836
new_WEN38_search,WEN38:i1:nsga2:s60000:r0:31af3335d21c,p0018,False,a37353b90ee72f34,4,32,0.797306874556984,0.0,0.14285714285714285,7.630660547874868e-10,7.630660547874868e-10,,,,0.0,0.0
new_WEN38_search,WEN38:i1:nsga2:s60000:r0:31af3335d21c,p0018,False,a37353b90ee72f34,5,40,0.797306874556984,0.0,0.14285714285714285,7.630660547874868e-10,7.630660547874868e-10,,,,0.0,0.0
new_WEN38_search,WEN38:i1:nsga2:s60000:r0:31af3335d21c,p0018,False,a37353b90ee72f34,6,48,0.797306874556984,0.0,0.14285714285714285,7.630660547874868e-10,7.630660547874868e-10,,,,0.0,0.0
new_WEN38_search,WEN38:i1:nsga2:s60000:r0:31af3335d21c,p0018,False,a37353b90ee72f34,7,56,0.797306874556984,0.0,0.14285714285714285,7.630660547874868e-10,7.630660547874868e-10,,,,0.0,0.0
new_WEN38_search,WEN38:i1:nsga2:s60000:r0:31af3335d21c,p0018,False,a37353b90ee72f34,8,64,0.797306874556984,0.0,0.14285714285714285,7.630660547874868e-10,7.630660547874868e-10,,,,0.0,0.0
new_WEN38_search,WEN38:i1:nsga2:s60000:r0:31af3335d21c,p0018,False,a37353b90ee72f34,9,72,0.797306874556984,0.0,0.14285714285714285,7.630660547874868e-10,7.630660547874868e-10,,,,0.0,0.0
new_WEN38_search,WEN38:i1:nsga2:s60001:r1:2acec6676b7c,p0001,True,aacc90007cf45364,1,8,0.31819240165674845,0.0,0.45714285714285713,5408.244170098624,1586.4883401931002,,,,2316.7181069963954,1505.0377229091282
new_WEN38_search,WEN38:i1:nsga2:s60001:r1:2acec6676b7c,p0001,True,aacc90007cf45364,2,16,0.6331502480507015,0.0,0.34285714285714286,1853.0000000036807,414.00000000235195,,,,1439.0000000013288,0.0
new_WEN38_search,WEN38:i1:nsga2:s60001:r1:2acec6676b7c,p0001,True,aacc90007cf45364,3,24,0.6360737065905168,0.0,0.34285714285714286,1820.0000000062473,414.00000000235195,,,,1406.0000000038954,0.0
new_WEN38_search,WEN38:i1:nsga2:s60001:r1:2acec6676b7c,p0001,True,aacc90007cf45364,4,32,0.7973068745570517,0.4430379746845574,0.0,0.0,0.0,,,,0.0,0.0
new_WEN38_search,WEN38:i1:nsga2:s60001:r1:2acec6676b7c,p0001,True,aacc90007cf45364,5,40,0.7973068745570517,0.4430379746845574,0.0,0.0,0.0,,,,0.0,0.0
new_WEN38_search,WEN38:i1:nsga2:s60001:r1:2acec6676b7c,p0001,True,aacc90007cf45364,6,48,0.7973068745570517,0.4430379746845574,0.0,0.0,0.0,,,,0.0,0.0
new_WEN38_search,WEN38:i1:nsga2:s60001:r1:2acec6676b7c,p0001,True,aacc90007cf45364,7,56,0.7973068745570517,0.4430379746845574,0.0,0.0,0.0,,,,0.0,0.0
new_WEN38_search,WEN38:i1:nsga2:s60001:r1:2acec6676b7c,p0001,True,aacc90007cf45364,8,64,0.7973068745570517,0.4430379746845574,0.0,0.0,0.0,,,,0.0,0.0
new_WEN38_search,WEN38:i1:nsga2:s60001:r1:2acec6676b7c,p0001,True,aacc90007cf45364,9,72,0.7973068745570517,0.4430379746845574,0.0,0.0,0.0,,,,0.0,0.0
new_WEN38_search,WEN38:i1:nsga2:s60001:r1:2acec6676b7c,p0002,False,6d58023f9c397599,1,8,0.3186326156718476,0.0,0.45714285714285713,5403.2750342961845,2224.7256515780828,,,,1373.8168724291427,1804.732510288959
new_WEN38_search,WEN38:i1:nsga2:s60001:r1:2acec6676b7c,p0002,False,6d58023f9c397599,2,16,0.5965627214735892,0.0,0.37142857142857144,2266.0000000061245,1496.0000000013679,,,,274.0000000024793,496.0000000022774
new_WEN38_search,WEN38:i1:nsga2:s60001:r1:2acec6676b7c,p0002,False,6d58023f9c397599,3,24,0.6249999999994316,0.0,0.34285714285714286,1945.0000000064165,1496.0000000013679,,,,0.0,449.0000000050486
new_WEN38_search,WEN38:i1:nsga2:s60001:r1:2acec6676b7c,p0002,False,6d58023f9c397599,4,32,0.6540574060943732,0.0,0.3142857142857143,1617.0000000067148,1496.0000000013679,,,,0.0,121.00000000534692
new_WEN38_search,WEN38:i1:nsga2:s60001:r1:2acec6676b7c,p0002,False,6d58023f9c397599,5,40,0.7973068745570517,0.4140845070432988,0.0,0.0,0.0,,,,0.0,0.0
new_WEN38_search,WEN38:i1:nsga2:s60001:r1:2acec6676b7c,p0002,False,6d58023f9c397599,6,48,0.7973068745570517,0.4140845070432988,0.0,0.0,0.0,,,,0.0,0.0
new_WEN38_search,WEN38:i1:nsga2:s60001:r1:2acec6676b7c,p0002,False,6d58023f9c397599,7,56,0.7973068745570517,0.4140845070432988,0.0,0.0,0.0,,,,0.0,0.0
new_WEN38_search,WEN38:i1:nsga2:s60001:r1:2acec6676b7c,p0002,False,6d58023f9c397599,8,64,0.7973068745570517,0.4140845070432988,0.0,0.0,0.0,,,,0.0,0.0
new_WEN38_search,WEN38:i1:nsga2:s60001:r1:2acec6676b7c,p0002,False,6d58023f9c397599,9,72,0.7973068745570517,0.4140845070432988,0.0,0.0,0.0,,,,0.0,0.0
new_WEN38_search,WEN38:i1:nsga2:s60001:r1:2acec6676b7c,p0003,False,2030112ba4cbed7e,1,8,0.3187477579159658,0.0,0.45714285714285713,5401.975308644578,1790.7750342944564,,,,2151.5980795615906,1459.602194788531
new_WEN38_search,WEN38:i1:nsga2:s60001:r1:2acec6676b7c,p0003,False,2030112ba4cbed7e,2,16,0.6348334514523195,0.0,0.34285714285714286,1834.0000000062173,583.5116598125114,,,,1250.4883401937059,0.0
new_WEN38_search,WEN38:i1:nsga2:s60001:r1:2acec6676b7c,p0003,False,2030112ba4cbed7e,3,24,0.6610559886599232,0.0,0.3142857142857143,1538.0000000067866,569.5116598128243,,,,968.4883401939624,0.0
new_WEN38_search,WEN38:i1:nsga2:s60001:r1:2acec6676b7c,p0003,False,2030112ba4cbed7e,4,32,0.7973068745570517,0.4019864087831593,0.0,0.0,0.0,,,,0.0,0.0
new_WEN38_search,WEN38:i1:nsga2:s60001:r1:2acec6676b7c,p0003,False,2030112ba4cbed7e,5,40,0.7973068745570517,0.4019864087831593,0.0,0.0,0.0,,,,0.0,0.0
new_WEN38_search,WEN38:i1:nsga2:s60001:r1:2acec6676b7c,p0003,False,2030112ba4cbed7e,6,48,0.7973068745570517,0.4019864087831593,0.0,0.0,0.0,,,,0.0,0.0
new_WEN38_search,WEN38:i1:nsga2:s60001:r1:2acec6676b7c,p0003,False,2030112ba4cbed7e,7,56,0.7973068745570517,0.4019864087831593,0.0,0.0,0.0,,,,0.0,0.0
new_WEN38_search,WEN38:i1:nsga2:s60001:r1:2acec6676b7c,p0003,False,2030112ba4cbed7e,8,64,0.7973068745570517,0.4019864087831593,0.0,0.0,0.0,,,,0.0,0.0
new_WEN38_search,WEN38:i1:nsga2:s60001:r1:2acec6676b7c,p0003,False,2030112ba4cbed7e,9,72,0.7973068745570517,0.4019864087831593,0.0,0.0,0.0,,,,0.0,0.0
new_WEN38_search,WEN38:i1:nsga2:s60001:r1:2acec6676b7c,p0004,False,497d705823d73103,1,8,0.3186554010763576,0.0,0.45714285714285713,5403.017832650075,1585.8539094660773,,,,2105.452674897788,1711.7112482862103
new_WEN38_search,WEN38:i1:nsga2:s60001:r1:2acec6676b7c,p0004,False,497d705823d73103,2,16,0.6352763997159623,0.0,0.34285714285714286,1829.0000000062173,78.00000000235286,,,,944.0000000018699,807.0000000019945
new_WEN38_search,WEN38:i1:nsga2:s60001:r1:2acec6676b7c,p0004,False,497d705823d73103,3,24,0.7267087840160379,0.0,0.17142857142857143,796.9112460269653,0.0,,,,272.8175773351486,524.0936686918167
new_WEN38_search,WEN38:i1:nsga2:s60001:r1:2acec6676b7c,p0004,False,497d705823d73103,4,32,0.7973068745570482,0.35428462087384105,0.0,4.001776687800884e-11,0.0,,,,0.0,4.001776687800884e-11
new_WEN38_search,WEN38:i1:nsga2:s60001:r1:2acec6676b7c,p0004,False,497d705823d73103,5,40,0.7973068745570482,0.35428462087384105,0.0,4.001776687800884e-11,0.0,,,,0.0,4.001776687800884e-11
new_WEN38_search,WEN38:i1:nsga2:s60001:r1:2acec6676b7c,p0004,False,497d705823d73103,6,48,0.7973068745570482,0.35428462087384105,0.0,4.001776687800884e-11,0.0,,,,0.0,4.001776687800884e-11
new_WEN38_search,WEN38:i1:nsga2:s60001:r1:2acec6676b7c,p0004,False,497d705823d73103,7,56,0.7973068745570482,0.35428462087384105,0.0,4.001776687800884e-11,0.0,,,,0.0,4.001776687800884e-11
new_WEN38_search,WEN38:i1:nsga2:s60001:r1:2acec6676b7c,p0004,False,497d705823d73103,8,64,0.7973068745570482,0.35428462087384105,0.0,4.001776687800884e-11,0.0,,,,0.0,4.001776687800884e-11
new_WEN38_search,WEN38:i1:nsga2:s60001:r1:2acec6676b7c,p0004,False,497d705823d73103,9,72,0.7973068745570482,0.35428462087384105,0.0,4.001776687800884e-11,0.0,,,,0.0,4.001776687800884e-11
new_WEN38_search,WEN38:i1:nsga2:s60001:r1:2acec6676b7c,p0005,False,1a3d4381bc2072ec,1,8,0.3186554010763576,0.0,0.45714285714285713,5403.017832650075,1585.8539094660773,,,,2105.452674897788,1711.7112482862103
new_WEN38_search,WEN38:i1:nsga2:s60001:r1:2acec6676b7c,p0005,False,1a3d4381bc2072ec,2,16,0.6352763997159623,0.0,0.34285714285714286,1829.0000000062173,78.00000000235286,,,,944.0000000018699,807.0000000019945
new_WEN38_search,WEN38:i1:nsga2:s60001:r1:2acec6676b7c,p0005,False,1a3d4381bc2072ec,3,24,0.7265296582481379,0.0,0.17142857142857143,798.9332176950202,0.0,,,,272.8175773351486,526.1156403598716
new_WEN38_search,WEN38:i1:nsga2:s60001:r1:2acec6676b7c,p0005,False,1a3d4381bc2072ec,4,32,0.7973068745570517,0.3521242599035759,0.0,0.0,0.0,,,,0.0,0.0
new_WEN38_search,WEN38:i1:nsga2:s60001:r1:2acec6676b7c,p0005,False,1a3d4381bc2072ec,5,40,0.7973068745570517,0.3521242599035759,0.0,0.0,0.0,,,,0.0,0.0
new_WEN38_search,WEN38:i1:nsga2:s60001:r1:2acec6676b7c,p0005,False,1a3d4381bc2072ec,6,48,0.7973068745570517,0.3521242599035759,0.0,0.0,0.0,,,,0.0,0.0
new_WEN38_search,WEN38:i1:nsga2:s60001:r1:2acec6676b7c,p0005,False,1a3d4381bc2072ec,7,56,0.7973068745570517,0.3521242599035759,0.0,0.0,0.0,,,,0.0,0.0
new_WEN38_search,WEN38:i1:nsga2:s60001:r1:2acec6676b7c,p0005,False,1a3d4381bc2072ec,8,64,0.7973068745570517,0.3521242599035759,0.0,0.0,0.0,,,,0.0,0.0
new_WEN38_search,WEN38:i1:nsga2:s60001:r1:2acec6676b7c,p0005,False,1a3d4381bc2072ec,9,72,0.7973068745570517,0.3521242599035759,0.0,0.0,0.0,,,,0.0,0.0
new_WEN38_search,WEN38:i1:nsga2:s60001:r1:2acec6676b7c,p0006,False,e66ddf489ef000ca,1,8,0.31714852632486823,0.0,0.45714285714285713,5420.0274348448875,2142.8840877921357,,,,1174.7427983552734,2102.4005486974784
new_WEN38_search,WEN38:i1:nsga2:s60001:r1:2acec6676b7c,p0006,False,e66ddf489ef000ca,2,16,0.5939050318917348,0.0,0.37142857142857144,2296.0000000060973,1155.8470507562743,,,,0.0,1140.152949249823
new_WEN38_search,WEN38:i1:nsga2:s60001:r1:2acec6676b7c,p0006,False,e66ddf489ef000ca,3,24,0.6881644223948383,0.0,0.2857142857142857,1232.000000007065,752.8470507566408,,,,0.0,479.1529492504242
new_WEN38_search,WEN38:i1:nsga2:s60001:r1:2acec6676b7c,p0006,False,e66ddf489ef000ca,4,32,0.6881644223948383,0.0,0.2857142857142857,1232.000000007065,752.8470507566408,,,,0.0,479.1529492504242
new_WEN38_search,WEN38:i1:nsga2:s60001:r1:2acec6676b7c,p0006,False,e66ddf489ef000ca,5,40,0.7166017009206807,0.0,0.2571428571428571,911.0000000073569,752.8470507566408,,,,0.0,158.15294925071612
new_WEN38_search,WEN38:i1:nsga2:s60001:r1:2acec6676b7c,p0006,False,e66ddf489ef000ca,6,48,0.7973068745570517,0.2847764926555101,0.0,0.0,0.0,,,,0.0,0.0
new_WEN38_search,WEN38:i1:nsga2:s60001:r1:2acec6676b7c,p0006,False,e66ddf489ef000ca,7,56,0.7973068745570517,0.2847764926555101,0.0,0.0,0.0,,,,0.0,0.0
new_WEN38_search,WEN38:i1:nsga2:s60001:r1:2acec6676b7c,p0006,False,e66ddf489ef000ca,8,64,0.7973068745570517,0.2847764926555101,0.0,0.0,0.0,,,,0.0,0.0
new_WEN38_search,WEN38:i1:nsga2:s60001:r1:2acec6676b7c,p0006,False,e66ddf489ef000ca,9,72,0.7973068745570517,0.2847764926555101,0.0,0.0,0.0,,,,0.0,0.0
new_WEN38_search,WEN38:i1:nsga2:s60001:r1:2acec6676b7c,p0007,False,f49b9520ad8e9d04,1,8,0.3181334634104175,0.0,0.45714285714285713,5408.909465023207,1775.970507545444,,,,1443.74142661296,2189.1975308648034
new_WEN38_search,WEN38:i1:nsga2:s60001:r1:2acec6676b7c,p0007,False,f49b9520ad8e9d04,2,16,0.5939050318917348,0.0,0.37142857142857144,2296.0000000060973,289.00000000246564,,,,547.000000002231,1460.0000000014006
new_WEN38_search,WEN38:i1:nsga2:s60001:r1:2acec6676b7c,p0007,False,f49b9520ad8e9d04,3,24,0.7166017009206807,0.0,0.2571428571428571,911.0000000073569,0.0,,,,112.0000000053551,799.0000000020018
new_WEN38_search,WEN38:i1:nsga2:s60001:r1:2acec6676b7c,p0007,False,f49b9520ad8e9d04,4,32,0.7973068745570517,0.2847764926555101,0.0,0.0,0.0,,,,0.0,0.0
new_WEN38_search,WEN38:i1:nsga2:s60001:r1:2acec6676b7c,p0007,False,f49b9520ad8e9d04,5,40,0.7973068745570517,0.2847764926555101,0.0,0.0,0.0,,,,0.0,0.0
new_WEN38_search,WEN38:i1:nsga2:s60001:r1:2acec6676b7c,p0007,False,f49b9520ad8e9d04,6,48,0.7973068745570517,0.2847764926555101,0.0,0.0,0.0,,,,0.0,0.0
new_WEN38_search,WEN38:i1:nsga2:s60001:r1:2acec6676b7c,p0007,False,f49b9520ad8e9d04,7,56,0.7973068745570517,0.2847764926555101,0.0,0.0,0.0,,,,0.0,0.0
new_WEN38_search,WEN38:i1:nsga2:s60001:r1:2acec6676b7c,p0007,False,f49b9520ad8e9d04,8,64,0.7973068745570517,0.2847764926555101,0.0,0.0,0.0,,,,0.0,0.0
new_WEN38_search,WEN38:i1:nsga2:s60001:r1:2acec6676b7c,p0007,False,f49b9520ad8e9d04,9,72,0.7973068745570517,0.2847764926555101,0.0,0.0,0.0,,,,0.0,0.0
new_WEN38_search,WEN38:i1:nsga2:s60001:r1:2acec6676b7c,p0008,False,2aa9af2c016c5edb,1,8,0.3187477579159658,0.0,0.45714285714285713,5401.975308644578,1790.7750342944564,,,,2151.5980795615906,1459.602194788531
new_WEN38_search,WEN38:i1:nsga2:s60001:r1:2acec6676b7c,p0008,False,2aa9af2c016c5edb,2,16,0.5715804394041577,0.0,0.4,2548.000000005868,736.0000000020591,,,,1502.0000000013624,310.00000000244654
new_WEN38_search,WEN38:i1:nsga2:s60001:r1:2acec6676b7c,p0008,False,2aa9af2c016c5edb,3,24,0.7198795180716344,0.0,0.2571428571428571,874.0000000073906,0.0,,,,846.0000000046875,28.00000000270302
new_WEN38_search,WEN38:i1:nsga2:s60001:r1:2acec6676b7c,p0008,False,2aa9af2c016c5edb,4,32,0.7973068745570517,0.27640733712996735,0.0,0.0,0.0,,,,0.0,0.0
new_WEN38_search,WEN38:i1:nsga2:s60001:r1:2acec6676b7c,p0008,False,2aa9af2c016c5edb,5,40,0.7973068745570517,0.27640733712996735,0.0,0.0,0.0,,,,0.0,0.0
new_WEN38_search,WEN38:i1:nsga2:s60001:r1:2acec6676b7c,p0008,False,2aa9af2c016c5edb,6,48,0.7973068745570517,0.27640733712996735,0.0,0.0,0.0,,,,0.0,0.0
new_WEN38_search,WEN38:i1:nsga2:s60001:r1:2acec6676b7c,p0008,False,2aa9af2c016c5edb,7,56,0.7973068745570517,0.27640733712996735,0.0,0.0,0.0,,,,0.0,0.0
new_WEN38_search,WEN38:i1:nsga2:s60001:r1:2acec6676b7c,p0008,False,2aa9af2c016c5edb,8,64,0.7973068745570517,0.27640733712996735,0.0,0.0,0.0,,,,0.0,0.0
new_WEN38_search,WEN38:i1:nsga2:s60001:r1:2acec6676b7c,p0008,False,2aa9af2c016c5edb,9,72,0.7973068745570517,0.27640733712996735,0.0,0.0,0.0,,,,0.0,0.0
new_WEN38_search,WEN38:i1:nsga2:s60001:r1:2acec6676b7c,p0009,False,e061df229fe6cf88,1,8,0.3186353499203912,0.0,0.45714285714285713,5403.244170098624,2116.069958848311,,,,1573.7997256526432,1713.3744855976693
new_WEN38_search,WEN38:i1:nsga2:s60001:r1:2acec6676b7c,p0009,False,e061df229fe6cf88,2,16,0.635187810063229,0.0,0.34285714285714286,1830.000000006271,811.0000000017408,,,,368.0000000023938,651.0000000021364
new_WEN38_search,WEN38:i1:nsga2:s60001:r1:2acec6676b7c,p0009,False,e061df229fe6cf88,3,24,0.7605421686740071,0.0,0.22857142857142856,415.000000007808,57.00000000267664,,,,0.0,358.00000000513137
new_WEN38_search,WEN38:i1:nsga2:s60001:r1:2acec6676b7c,p0009,False,e061df229fe6cf88,4,32,0.7605421686740071,0.0,0.22857142857142856,415.000000007808,57.00000000267664,,,,0.0,358.00000000513137
new_WEN38_search,WEN38:i1:nsga2:s60001:r1:2acec6676b7c,p0009,False,e061df229fe6cf88,5,40,0.7605421686740071,0.0,0.22857142857142856,415.000000007808,57.00000000267664,,,,0.0,358.00000000513137
new_WEN38_search,WEN38:i1:nsga2:s60001:r1:2acec6676b7c,p0009,False,e061df229fe6cf88,6,48,0.7605421686740071,0.0,0.22857142857142856,415.000000007808,57.00000000267664,,,,0.0,358.00000000513137
new_WEN38_search,WEN38:i1:nsga2:s60001:r1:2acec6676b7c,p0009,False,e061df229fe6cf88,7,56,0.7973068745570517,0.15353311136004777,0.0,0.0,0.0,,,,0.0,0.0
new_WEN38_search,WEN38:i1:nsga2:s60001:r1:2acec6676b7c,p0009,False,e061df229fe6cf88,8,64,0.7973068745570517,0.15353311136004777,0.0,0.0,0.0,,,,0.0,0.0
new_WEN38_search,WEN38:i1:nsga2:s60001:r1:2acec6676b7c,p0009,False,e061df229fe6cf88,9,72,0.7973068745570517,0.15353311136004777,0.0,0.0,0.0,,,,0.0,0.0
new_WEN38_search,WEN38:i1:nsga2:s60001:r1:2acec6676b7c,p0010,False,e6ae7ee2b46a0c4e,1,8,0.3186554010763576,0.0,0.45714285714285713,5403.017832650075,1585.8539094660773,,,,2264.694787380522,1552.469135803476
new_WEN38_search,WEN38:i1:nsga2:s60001:r1:2acec6676b7c,p0010,False,e6ae7ee2b46a0c4e,2,16,0.6358526186287323,0.0,0.2857142857142857,1822.495640918869,163.93491838368845,,,,1261.2302577936225,397.330464741558
new_WEN38_search,WEN38:i1:nsga2:s60001:r1:2acec6676b7c,p0010,False,e6ae7ee2b46a0c4e,3,24,0.7553153791630267,0.0,0.22857142857142856,474.00000000775435,0.0,,,,474.00000000775435,0.0
new_WEN38_search,WEN38:i1:nsga2:s60001:r1:2acec6676b7c,p0010,False,e6ae7ee2b46a0c4e,4,32,0.7553153791630267,0.0,0.22857142857142856,474.00000000775435,0.0,,,,474.00000000775435,0.0
new_WEN38_search,WEN38:i1:nsga2:s60001:r1:2acec6676b7c,p0010,False,e6ae7ee2b46a0c4e,5,40,0.7837526576888689,0.0,0.2,153.0000000080463,0.0,,,,153.0000000080463,0.0
new_WEN38_search,WEN38:i1:nsga2:s60001:r1:2acec6676b7c,p0010,False,e6ae7ee2b46a0c4e,6,48,0.7837526576888689,0.0,0.2,153.0000000080463,0.0,,,,153.0000000080463,0.0
new_WEN38_search,WEN38:i1:nsga2:s60001:r1:2acec6676b7c,p0010,False,e6ae7ee2b46a0c4e,7,56,0.7973068745570517,0.06267922982624441,0.0,0.0,0.0,,,,0.0,0.0
new_WEN38_search,WEN38:i1:nsga2:s60001:r1:2acec6676b7c,p0010,False,e6ae7ee2b46a0c4e,8,64,0.7973068745570517,0.06267922982624441,0.0,0.0,0.0,,,,0.0,0.0
new_WEN38_search,WEN38:i1:nsga2:s60001:r1:2acec6676b7c,p0010,False,e6ae7ee2b46a0c4e,9,72,0.7973068745570517,0.06267922982624441,0.0,0.0,0.0,,,,0.0,0.0
new_WEN38_search,WEN38:i1:nsga2:s60001:r1:2acec6676b7c,p0011,False,87193ecce38089c2,1,8,0.3186554010763576,0.0,0.45714285714285713,5403.017832650075,1585.8539094660773,,,,2105.452674897788,1711.7112482862103
new_WEN38_search,WEN38:i1:nsga2:s60001:r1:2acec6676b7c,p0011,False,87193ecce38089c2,2,16,0.6349667221014468,0.0,0.2857142857142857,1832.495640918869,173.93491838368845,,,,1031.7711593215927,626.7895632135878
new_WEN38_search,WEN38:i1:nsga2:s60001:r1:2acec6676b7c,p0011,False,87193ecce38089c2,3,24,0.7553153791630267,0.0,0.22857142857142856,474.00000000775435,0.0,,,,383.1527779117914,90.84722209596293
new_WEN38_search,WEN38:i1:nsga2:s60001:r1:2acec6676b7c,p0011,False,87193ecce38089c2,4,32,0.7553153791630267,0.0,0.22857142857142856,474.00000000775435,0.0,,,,383.1527779117914,90.84722209596293
new_WEN38_search,WEN38:i1:nsga2:s60001:r1:2acec6676b7c,p0011,False,87193ecce38089c2,5,40,0.7837526576888689,0.0,0.2,153.0000000080463,0.0,,,,153.0000000080463,0.0
new_WEN38_search,WEN38:i1:nsga2:s60001:r1:2acec6676b7c,p0011,False,87193ecce38089c2,6,48,0.7837526576888689,0.0,0.2,153.0000000080463,0.0,,,,153.0000000080463,0.0
new_WEN38_search,WEN38:i1:nsga2:s60001:r1:2acec6676b7c,p0011,False,87193ecce38089c2,7,56,0.7973068745570517,0.06267922982624441,0.0,0.0,0.0,,,,0.0,0.0
new_WEN38_search,WEN38:i1:nsga2:s60001:r1:2acec6676b7c,p0011,False,87193ecce38089c2,8,64,0.7973068745570517,0.06267922982624441,0.0,0.0,0.0,,,,0.0,0.0
new_WEN38_search,WEN38:i1:nsga2:s60001:r1:2acec6676b7c,p0011,False,87193ecce38089c2,9,72,0.7973068745570517,0.06267922982624441,0.0,0.0,0.0,,,,0.0,0.0
new_WEN38_search,WEN38:i1:nsga2:s60001:r1:2acec6676b7c,p0012,False,e17fec6192053e3d,1,8,0.3186326156718476,0.0,0.45714285714285713,5403.2750342961845,2381.4300411527256,,,,1547.1536351176837,1474.6913580257751
new_WEN38_search,WEN38:i1:nsga2:s60001:r1:2acec6676b7c,p0012,False,e17fec6192053e3d,2,16,0.6356113148545703,0.0,0.2571428571428571,1825.2194779216097,1223.9333788181966,,,,601.2860991034131,0.0
new_WEN38_search,WEN38:i1:nsga2:s60001:r1:2acec6676b7c,p0012,False,e17fec6192053e3d,3,24,0.7973068745570517,0.0,0.2,0.0,0.0,,,,0.0,0.0
new_WEN38_search,WEN38:i1:nsga2:s60001:r1:2acec6676b7c,p0012,False,e17fec6192053e3d,4,32,0.7973068745570517,0.0,0.2,0.0,0.0,,,,0.0,0.0
new_WEN38_search,WEN38:i1:nsga2:s60001:r1:2acec6676b7c,p0012,False,e17fec6192053e3d,5,40,0.7973068745570517,0.0,0.2,0.0,0.0,,,,0.0,0.0
new_WEN38_search,WEN38:i1:nsga2:s60001:r1:2acec6676b7c,p0012,False,e17fec6192053e3d,6,48,0.7973068745570517,0.0,0.2,0.0,0.0,,,,0.0,0.0
new_WEN38_search,WEN38:i1:nsga2:s60001:r1:2acec6676b7c,p0012,False,e17fec6192053e3d,7,56,0.7973068745570517,0.0,0.2,0.0,0.0,,,,0.0,0.0
new_WEN38_search,WEN38:i1:nsga2:s60001:r1:2acec6676b7c,p0012,False,e17fec6192053e3d,8,64,0.7973068745570517,0.0,0.2,0.0,0.0,,,,0.0,0.0
new_WEN38_search,WEN38:i1:nsga2:s60001:r1:2acec6676b7c,p0012,False,e17fec6192053e3d,9,72,0.7973068745570517,0.0,0.2,0.0,0.0,,,,0.0,0.0
new_WEN38_search,WEN38:i1:nsga2:s60001:r1:2acec6676b7c,p0013,False,8b2ffa4dccdbdf35,1,8,0.31714852632486823,0.0,0.45714285714285713,5420.0274348448875,2142.8840877921357,,,,1555.4012345689807,1721.742112483771
new_WEN38_search,WEN38:i1:nsga2:s60001:r1:2acec6676b7c,p0013,False,8b2ffa4dccdbdf35,2,16,0.5733522324587274,0.0,0.4,2528.0000000058862,1291.0000000015543,,,,441.0000000023274,796.0000000020045
new_WEN38_search,WEN38:i1:nsga2:s60001:r1:2acec6676b7c,p0013,False,8b2ffa4dccdbdf35,3,24,0.5965627214735892,0.0,0.37142857142857144,2266.0000000061245,1291.0000000015543,,,,179.00000000256568,796.0000000020045
new_WEN38_search,WEN38:i1:nsga2:s60001:r1:2acec6676b7c,p0013,False,8b2ffa4dccdbdf35,4,32,0.6610559886599232,0.0,0.3142857142857143,1538.0000000067866,947.0000000018672,,,,0.0,591.0000000049195
new_WEN38_search,WEN38:i1:nsga2:s60001:r1:2acec6676b7c,p0013,False,8b2ffa4dccdbdf35,5,40,0.7973068745569747,0.0,0.14285714285714285,8.685674401931465e-10,8.685674401931465e-10,,,,0.0,0.0
new_WEN38_search,WEN38:i1:nsga2:s60001:r1:2acec6676b7c,p0013,False,8b2ffa4dccdbdf35,6,48,0.7973068745569747,0.0,0.14285714285714285,8.685674401931465e-10,8.685674401931465e-10,,,,0.0,0.0
new_WEN38_search,WEN38:i1:nsga2:s60001:r1:2acec6676b7c,p0013,False,8b2ffa4dccdbdf35,7,56,0.7973068745569747,0.0,0.14285714285714285,8.685674401931465e-10,8.685674401931465e-10,,,,0.0,0.0
new_WEN38_search,WEN38:i1:nsga2:s60001:r1:2acec6676b7c,p0013,False,8b2ffa4dccdbdf35,8,64,0.7973068745569747,0.0,0.14285714285714285,8.685674401931465e-10,8.685674401931465e-10,,,,0.0,0.0
new_WEN38_search,WEN38:i1:nsga2:s60001:r1:2acec6676b7c,p0013,False,8b2ffa4dccdbdf35,9,72,0.7973068745569747,0.0,0.14285714285714285,8.685674401931465e-10,8.685674401931465e-10,,,,0.0,0.0
new_WEN38_search,WEN38:i1:nsga2:s60001:r1:2acec6676b7c,p0014,False,d55ec2113cd562c9,1,8,0.31714852632486823,0.0,0.45714285714285713,5420.0274348448875,2142.8840877921357,,,,1555.4012345689807,1721.742112483771
new_WEN38_search,WEN38:i1:nsga2:s60001:r1:2acec6676b7c,p0014,False,d55ec2113cd562c9,2,16,0.5733522324587274,0.0,0.4,2528.0000000058862,1291.0000000015543,,,,441.0000000023274,796.0000000020045
new_WEN38_search,WEN38:i1:nsga2:s60001:r1:2acec6676b7c,p0014,False,d55ec2113cd562c9,3,24,0.5965627214735892,0.0,0.37142857142857144,2266.0000000061245,1291.0000000015543,,,,179.00000000256568,796.0000000020045
new_WEN38_search,WEN38:i1:nsga2:s60001:r1:2acec6676b7c,p0014,False,d55ec2113cd562c9,4,32,0.6901133947548649,0.0,0.2857142857142857,1210.000000007085,947.0000000018672,,,,0.0,263.00000000521777
new_WEN38_search,WEN38:i1:nsga2:s60001:r1:2acec6676b7c,p0014,False,d55ec2113cd562c9,5,40,0.7973068745570517,0.0,0.05714285714285714,0.0,0.0,,,,0.0,0.0
new_WEN38_search,WEN38:i1:nsga2:s60001:r1:2acec6676b7c,p0014,False,d55ec2113cd562c9,6,48,0.7973068745570517,0.0,0.05714285714285714,0.0,0.0,,,,0.0,0.0
new_WEN38_search,WEN38:i1:nsga2:s60001:r1:2acec6676b7c,p0014,False,d55ec2113cd562c9,7,56,0.7973068745570517,0.0,0.05714285714285714,0.0,0.0,,,,0.0,0.0
new_WEN38_search,WEN38:i1:nsga2:s60001:r1:2acec6676b7c,p0014,False,d55ec2113cd562c9,8,64,0.7973068745570517,0.0,0.05714285714285714,0.0,0.0,,,,0.0,0.0
new_WEN38_search,WEN38:i1:nsga2:s60001:r1:2acec6676b7c,p0014,False,d55ec2113cd562c9,9,72,0.7973068745570517,0.0,0.05714285714285714,0.0,0.0,,,,0.0,0.0
new_WEN38_search,WEN38:i1:nsga2:s60001:r1:2acec6676b7c,p0015,False,1d4d6d9f25601fe0,1,8,0.31847737111579666,0.0,0.45714285714285713,5405.0274348448875,2361.1282578879946,,,,1159.5164609067251,1884.3827160501678
new_WEN38_search,WEN38:i1:nsga2:s60001:r1:2acec6676b7c,p0015,False,1d4d6d9f25601fe0,2,16,0.6095854004246759,0.0,0.37142857142857144,2119.0000000062582,1649.0000000012287,,,,0.0,470.0000000050295
new_WEN38_search,WEN38:i1:nsga2:s60001:r1:2acec6676b7c,p0015,False,1d4d6d9f25601fe0,3,24,0.7973068745570075,0.0,0.17142857142857143,4.993125912733376e-10,4.993125912733376e-10,,,,0.0,0.0
new_WEN38_search,WEN38:i1:nsga2:s60001:r1:2acec6676b7c,p0015,False,1d4d6d9f25601fe0,4,32,0.7973068745570075,0.0,0.17142857142857143,4.993125912733376e-10,4.993125912733376e-10,,,,0.0,0.0
new_WEN38_search,WEN38:i1:nsga2:s60001:r1:2acec6676b7c,p0015,False,1d4d6d9f25601fe0,5,40,0.7973068745570075,0.0,0.17142857142857143,4.993125912733376e-10,4.993125912733376e-10,,,,0.0,0.0
new_WEN38_search,WEN38:i1:nsga2:s60001:r1:2acec6676b7c,p0015,False,1d4d6d9f25601fe0,6,48,0.7973068745570075,0.0,0.17142857142857143,4.993125912733376e-10,4.993125912733376e-10,,,,0.0,0.0
new_WEN38_search,WEN38:i1:nsga2:s60001:r1:2acec6676b7c,p0015,False,1d4d6d9f25601fe0,7,56,0.7973068745570075,0.0,0.17142857142857143,4.993125912733376e-10,4.993125912733376e-10,,,,0.0,0.0
new_WEN38_search,WEN38:i1:nsga2:s60001:r1:2acec6676b7c,p0015,False,1d4d6d9f25601fe0,8,64,0.7973068745570075,0.0,0.17142857142857143,4.993125912733376e-10,4.993125912733376e-10,,,,0.0,0.0
new_WEN38_search,WEN38:i1:nsga2:s60001:r1:2acec6676b7c,p0015,False,1d4d6d9f25601fe0,9,72,0.7973068745570075,0.0,0.17142857142857143,4.993125912733376e-10,4.993125912733376e-10,,,,0.0,0.0
new_WEN38_search,WEN38:i1:nsga2:s60001:r1:2acec6676b7c,p0016,False,2e5ac41dc3e2e4c8,1,8,0.3186554010763576,0.0,0.45714285714285713,5403.017832650075,1585.8539094660773,,,,2322.427983539601,1494.7359396443971
new_WEN38_search,WEN38:i1:nsga2:s60001:r1:2acec6676b7c,p0016,False,2e5ac41dc3e2e4c8,2,16,0.6352763997159623,0.0,0.34285714285714286,1829.0000000062173,78.00000000235286,,,,1286.0000000015589,465.00000000230557
new_WEN38_search,WEN38:i1:nsga2:s60001:r1:2acec6676b7c,p0016,False,2e5ac41dc3e2e4c8,3,24,0.7973068745570171,0.0,0.05714285714285714,3.9108272176235914e-10,0.0,,,,3.9108272176235914e-10,0.0
new_WEN38_search,WEN38:i1:nsga2:s60001:r1:2acec6676b7c,p0016,False,2e5ac41dc3e2e4c8,4,32,0.7973068745570171,0.0,0.05714285714285714,3.9108272176235914e-10,0.0,,,,3.9108272176235914e-10,0.0
new_WEN38_search,WEN38:i1:nsga2:s60001:r1:2acec6676b7c,p0016,False,2e5ac41dc3e2e4c8,5,40,0.7973068745570171,0.0,0.05714285714285714,3.9108272176235914e-10,0.0,,,,3.9108272176235914e-10,0.0
new_WEN38_search,WEN38:i1:nsga2:s60001:r1:2acec6676b7c,p0016,False,2e5ac41dc3e2e4c8,6,48,0.7973068745570171,0.0,0.05714285714285714,3.9108272176235914e-10,0.0,,,,3.9108272176235914e-10,0.0
new_WEN38_search,WEN38:i1:nsga2:s60001:r1:2acec6676b7c,p0016,False,2e5ac41dc3e2e4c8,7,56,0.7973068745570171,0.0,0.05714285714285714,3.9108272176235914e-10,0.0,,,,3.9108272176235914e-10,0.0
new_WEN38_search,WEN38:i1:nsga2:s60001:r1:2acec6676b7c,p0016,False,2e5ac41dc3e2e4c8,8,64,0.7973068745570171,0.0,0.05714285714285714,3.9108272176235914e-10,0.0,,,,3.9108272176235914e-10,0.0
new_WEN38_search,WEN38:i1:nsga2:s60001:r1:2acec6676b7c,p0016,False,2e5ac41dc3e2e4c8,9,72,0.7973068745570171,0.0,0.05714285714285714,3.9108272176235914e-10,0.0,,,,3.9108272176235914e-10,0.0
new_WEN38_search,WEN38:i1:nsga2:s60001:r1:2acec6676b7c,p0017,False,746738a84f30be00,1,8,0.3186554010763576,0.0,0.45714285714285713,5403.017832650075,1969.6844993148989,,,,1426.2174211259298,2007.1159122092467
new_WEN38_search,WEN38:i1:nsga2:s60001:r1:2acec6676b7c,p0017,False,746738a84f30be00,2,16,0.6360737065904917,0.0,0.34285714285714286,1820.0000000065302,1272.909465022176,,,,0.0,547.0905349843542
new_WEN38_search,WEN38:i1:nsga2:s60001:r1:2acec6676b7c,p0017,False,746738a84f30be00,3,24,0.7973068745570517,0.0,0.17142857142857143,0.0,0.0,,,,0.0,0.0
new_WEN38_search,WEN38:i1:nsga2:s60001:r1:2acec6676b7c,p0017,False,746738a84f30be00,4,32,0.7973068745570517,0.0,0.17142857142857143,0.0,0.0,,,,0.0,0.0
new_WEN38_search,WEN38:i1:nsga2:s60001:r1:2acec6676b7c,p0017,False,746738a84f30be00,5,40,0.7973068745570517,0.0,0.17142857142857143,0.0,0.0,,,,0.0,0.0
new_WEN38_search,WEN38:i1:nsga2:s60001:r1:2acec6676b7c,p0017,False,746738a84f30be00,6,48,0.7973068745570517,0.0,0.17142857142857143,0.0,0.0,,,,0.0,0.0
new_WEN38_search,WEN38:i1:nsga2:s60001:r1:2acec6676b7c,p0017,False,746738a84f30be00,7,56,0.7973068745570517,0.0,0.17142857142857143,0.0,0.0,,,,0.0,0.0
new_WEN38_search,WEN38:i1:nsga2:s60001:r1:2acec6676b7c,p0017,False,746738a84f30be00,8,64,0.7973068745570517,0.0,0.17142857142857143,0.0,0.0,,,,0.0,0.0
new_WEN38_search,WEN38:i1:nsga2:s60001:r1:2acec6676b7c,p0017,False,746738a84f30be00,9,72,0.7973068745570517,0.0,0.17142857142857143,0.0,0.0,,,,0.0,0.0
new_WEN38_search,WEN38:i1:nsga2:s60001:r1:2acec6676b7c,p0018,False,a2fca10043e88480,1,8,0.3190983493400004,0.0,0.45714285714285713,5398.017832650075,2234.8765432104483,,,,1383.786008231582,1779.3552812080452
new_WEN38_search,WEN38:i1:nsga2:s60001:r1:2acec6676b7c,p0018,False,a2fca10043e88480,2,16,0.6360737065904917,0.0,0.34285714285714286,1820.0000000065302,1450.0000000014097,,,,0.0,370.00000000512046
new_WEN38_search,WEN38:i1:nsga2:s60001:r1:2acec6676b7c,p0018,False,a2fca10043e88480,3,24,0.7973068745570517,0.0,0.14285714285714285,0.0,0.0,,,,0.0,0.0
new_WEN38_search,WEN38:i1:nsga2:s60001:r1:2acec6676b7c,p0018,False,a2fca10043e88480,4,32,0.7973068745570517,0.0,0.14285714285714285,0.0,0.0,,,,0.0,0.0
new_WEN38_search,WEN38:i1:nsga2:s60001:r1:2acec6676b7c,p0018,False,a2fca10043e88480,5,40,0.7973068745570517,0.0,0.14285714285714285,0.0,0.0,,,,0.0,0.0
new_WEN38_search,WEN38:i1:nsga2:s60001:r1:2acec6676b7c,p0018,False,a2fca10043e88480,6,48,0.7973068745570517,0.0,0.14285714285714285,0.0,0.0,,,,0.0,0.0
new_WEN38_search,WEN38:i1:nsga2:s60001:r1:2acec6676b7c,p0018,False,a2fca10043e88480,7,56,0.7973068745570517,0.0,0.14285714285714285,0.0,0.0,,,,0.0,0.0
new_WEN38_search,WEN38:i1:nsga2:s60001:r1:2acec6676b7c,p0018,False,a2fca10043e88480,8,64,0.7973068745570517,0.0,0.14285714285714285,0.0,0.0,,,,0.0,0.0
new_WEN38_search,WEN38:i1:nsga2:s60001:r1:2acec6676b7c,p0018,False,a2fca10043e88480,9,72,0.7973068745570517,0.0,0.14285714285714285,0.0,0.0,,,,0.0,0.0
new_WEN38_search,WEN38:i1:nsga2:s60001:r1:2acec6676b7c,p0019,False,f6c98589ec07e127,1,8,0.3190755639354904,0.0,0.45714285714285713,5398.2750342961845,1969.6844993148989,,,,1420.840192045016,2007.7503429362696
new_WEN38_search,WEN38:i1:nsga2:s60001:r1:2acec6676b7c,p0019,False,f6c98589ec07e127,2,16,0.6360737065904917,0.0,0.34285714285714286,1820.0000000065302,1321.9821673566867,,,,0.0,498.0178326498435
new_WEN38_search,WEN38:i1:nsga2:s60001:r1:2acec6676b7c,p0019,False,f6c98589ec07e127,3,24,0.7973068745570517,0.0,0.14285714285714285,0.0,0.0,,,,0.0,0.0
new_WEN38_search,WEN38:i1:nsga2:s60001:r1:2acec6676b7c,p0019,False,f6c98589ec07e127,4,32,0.7973068745570517,0.0,0.14285714285714285,0.0,0.0,,,,0.0,0.0
new_WEN38_search,WEN38:i1:nsga2:s60001:r1:2acec6676b7c,p0019,False,f6c98589ec07e127,5,40,0.7973068745570517,0.0,0.14285714285714285,0.0,0.0,,,,0.0,0.0
new_WEN38_search,WEN38:i1:nsga2:s60001:r1:2acec6676b7c,p0019,False,f6c98589ec07e127,6,48,0.7973068745570517,0.0,0.14285714285714285,0.0,0.0,,,,0.0,0.0
new_WEN38_search,WEN38:i1:nsga2:s60001:r1:2acec6676b7c,p0019,False,f6c98589ec07e127,7,56,0.7973068745570517,0.0,0.14285714285714285,0.0,0.0,,,,0.0,0.0
new_WEN38_search,WEN38:i1:nsga2:s60001:r1:2acec6676b7c,p0019,False,f6c98589ec07e127,8,64,0.7973068745570517,0.0,0.14285714285714285,0.0,0.0,,,,0.0,0.0
new_WEN38_search,WEN38:i1:nsga2:s60001:r1:2acec6676b7c,p0019,False,f6c98589ec07e127,9,72,0.7973068745570517,0.0,0.14285714285714285,0.0,0.0,,,,0.0,0.0
new_WEN38_search,WEN38:i1:nsga2:s60001:r1:2acec6676b7c,p0020,False,a9ede19b7d0ed823,1,8,0.3196670730365287,0.0,0.45714285714285713,5391.598079563664,1612.5000000010368,,,,1771.3477366263578,2007.7503429362696
new_WEN38_search,WEN38:i1:nsga2:s60001:r1:2acec6676b7c,p0020,False,a9ede19b7d0ed823,2,16,0.6360737065904917,0.0,0.34285714285714286,1820.0000000065302,455.00000000231466,,,,191.00000000255477,1174.0000000016607
new_WEN38_search,WEN38:i1:nsga2:s60001:r1:2acec6676b7c,p0020,False,a9ede19b7d0ed823,3,24,0.7973068745570517,0.0,0.14285714285714285,0.0,0.0,,,,0.0,0.0
new_WEN38_search,WEN38:i1:nsga2:s60001:r1:2acec6676b7c,p0020,False,a9ede19b7d0ed823,4,32,0.7973068745570517,0.0,0.14285714285714285,0.0,0.0,,,,0.0,0.0
new_WEN38_search,WEN38:i1:nsga2:s60001:r1:2acec6676b7c,p0020,False,a9ede19b7d0ed823,5,40,0.7973068745570517,0.0,0.14285714285714285,0.0,0.0,,,,0.0,0.0
new_WEN38_search,WEN38:i1:nsga2:s60001:r1:2acec6676b7c,p0020,False,a9ede19b7d0ed823,6,48,0.7973068745570517,0.0,0.14285714285714285,0.0,0.0,,,,0.0,0.0
new_WEN38_search,WEN38:i1:nsga2:s60001:r1:2acec6676b7c,p0020,False,a9ede19b7d0ed823,7,56,0.7973068745570517,0.0,0.14285714285714285,0.0,0.0,,,,0.0,0.0
new_WEN38_search,WEN38:i1:nsga2:s60001:r1:2acec6676b7c,p0020,False,a9ede19b7d0ed823,8,64,0.7973068745570517,0.0,0.14285714285714285,0.0,0.0,,,,0.0,0.0
new_WEN38_search,WEN38:i1:nsga2:s60001:r1:2acec6676b7c,p0020,False,a9ede19b7d0ed823,9,72,0.7973068745570517,0.0,0.14285714285714285,0.0,0.0,,,,0.0,0.0
new_WEN38_search,WEN38:i1:nsga2:s60001:r1:2acec6676b7c,p0021,False,03f4e7afdac5c284,1,8,0.31868881966963486,0.0,0.45714285714285713,5402.640603569162,1688.494513032474,,,,2105.452674897788,1608.6934156388998
new_WEN38_search,WEN38:i1:nsga2:s60001:r1:2acec6676b7c,p0021,False,03f4e7afdac5c284,2,16,0.6352763997159623,0.0,0.34285714285714286,1829.0000000062173,78.00000000235286,,,,944.0000000018699,807.0000000019945
new_WEN38_search,WEN38:i1:nsga2:s60001:r1:2acec6676b7c,p0021,False,03f4e7afdac5c284,3,24,0.7973068745570517,0.0,0.17142857142857143,0.0,0.0,,,,0.0,0.0
new_WEN38_search,WEN38:i1:nsga2:s60001:r1:2acec6676b7c,p0021,False,03f4e7afdac5c284,4,32,0.7973068745570517,0.0,0.17142857142857143,0.0,0.0,,,,0.0,0.0
new_WEN38_search,WEN38:i1:nsga2:s60001:r1:2acec6676b7c,p0021,False,03f4e7afdac5c284,5,40,0.7973068745570517,0.0,0.17142857142857143,0.0,0.0,,,,0.0,0.0
new_WEN38_search,WEN38:i1:nsga2:s60001:r1:2acec6676b7c,p0021,False,03f4e7afdac5c284,6,48,0.7973068745570517,0.0,0.17142857142857143,0.0,0.0,,,,0.0,0.0
new_WEN38_search,WEN38:i1:nsga2:s60001:r1:2acec6676b7c,p0021,False,03f4e7afdac5c284,7,56,0.7973068745570517,0.0,0.17142857142857143,0.0,0.0,,,,0.0,0.0
new_WEN38_search,WEN38:i1:nsga2:s60001:r1:2acec6676b7c,p0021,False,03f4e7afdac5c284,8,64,0.7973068745570517,0.0,0.17142857142857143,0.0,0.0,,,,0.0,0.0
new_WEN38_search,WEN38:i1:nsga2:s60001:r1:2acec6676b7c,p0021,False,03f4e7afdac5c284,9,72,0.7973068745570517,0.0,0.17142857142857143,0.0,0.0,,,,0.0,0.0
new_WEN38_search,WEN38:i1:nsga2:s60001:r1:2acec6676b7c,p0022,False,5ca364720b7007ee,1,8,0.32055570381235793,0.0,0.45714285714285713,5381.5672153661035,1728.326474623609,,,,1845.970507545444,1807.2702331970504
new_WEN38_search,WEN38:i1:nsga2:s60001:r1:2acec6676b7c,p0022,False,5ca364720b7007ee,2,16,0.6360737065904917,0.0,0.34285714285714286,1820.0000000065302,867.00000000194,,,,797.0000000020036,156.0000000025866
new_WEN38_search,WEN38:i1:nsga2:s60001:r1:2acec6676b7c,p0022,False,5ca364720b7007ee,3,24,0.7973068745570517,0.0,0.17142857142857143,0.0,0.0,,,,0.0,0.0
new_WEN38_search,WEN38:i1:nsga2:s60001:r1:2acec6676b7c,p0022,False,5ca364720b7007ee,4,32,0.7973068745570517,0.0,0.17142857142857143,0.0,0.0,,,,0.0,0.0
new_WEN38_search,WEN38:i1:nsga2:s60001:r1:2acec6676b7c,p0022,False,5ca364720b7007ee,5,40,0.7973068745570517,0.0,0.17142857142857143,0.0,0.0,,,,0.0,0.0
new_WEN38_search,WEN38:i1:nsga2:s60001:r1:2acec6676b7c,p0022,False,5ca364720b7007ee,6,48,0.7973068745570517,0.0,0.17142857142857143,0.0,0.0,,,,0.0,0.0
new_WEN38_search,WEN38:i1:nsga2:s60001:r1:2acec6676b7c,p0022,False,5ca364720b7007ee,7,56,0.7973068745570517,0.0,0.17142857142857143,0.0,0.0,,,,0.0,0.0
new_WEN38_search,WEN38:i1:nsga2:s60001:r1:2acec6676b7c,p0022,False,5ca364720b7007ee,8,64,0.7973068745570517,0.0,0.17142857142857143,0.0,0.0,,,,0.0,0.0
new_WEN38_search,WEN38:i1:nsga2:s60001:r1:2acec6676b7c,p0022,False,5ca364720b7007ee,9,72,0.7973068745570517,0.0,0.17142857142857143,0.0,0.0,,,,0.0,0.0
new_WEN38_search,WEN38:i1:nsga2:s60001:r1:2acec6676b7c,p0023,False,1350bc637d0ac81f,1,8,0.3182124528127148,0.0,0.45714285714285713,5408.017832650075,2236.779835391517,,,,1710.202331962555,1461.0356652960036
new_WEN38_search,WEN38:i1:nsga2:s60001:r1:2acec6676b7c,p0023,False,1350bc637d0ac81f,2,16,0.6348334514523195,0.0,0.34285714285714286,1834.0000000062173,1467.0000000010941,,,,321.00000000243654,46.00000000268665
new_WEN38_search,WEN38:i1:nsga2:s60001:r1:2acec6676b7c,p0023,False,1350bc637d0ac81f,3,24,0.7973068745570517,0.0,0.17142857142857143,0.0,0.0,,,,0.0,0.0
new_WEN38_search,WEN38:i1:nsga2:s60001:r1:2acec6676b7c,p0023,False,1350bc637d0ac81f,4,32,0.7973068745570517,0.0,0.17142857142857143,0.0,0.0,,,,0.0,0.0
new_WEN38_search,WEN38:i1:nsga2:s60001:r1:2acec6676b7c,p0023,False,1350bc637d0ac81f,5,40,0.7973068745570517,0.0,0.17142857142857143,0.0,0.0,,,,0.0,0.0
new_WEN38_search,WEN38:i1:nsga2:s60001:r1:2acec6676b7c,p0023,False,1350bc637d0ac81f,6,48,0.7973068745570517,0.0,0.17142857142857143,0.0,0.0,,,,0.0,0.0
new_WEN38_search,WEN38:i1:nsga2:s60001:r1:2acec6676b7c,p0023,False,1350bc637d0ac81f,7,56,0.7973068745570517,0.0,0.17142857142857143,0.0,0.0,,,,0.0,0.0
new_WEN38_search,WEN38:i1:nsga2:s60001:r1:2acec6676b7c,p0023,False,1350bc637d0ac81f,8,64,0.7973068745570517,0.0,0.17142857142857143,0.0,0.0,,,,0.0,0.0
new_WEN38_search,WEN38:i1:nsga2:s60001:r1:2acec6676b7c,p0023,False,1350bc637d0ac81f,9,72,0.7973068745570517,0.0,0.17142857142857143,0.0,0.0,,,,0.0,0.0
new_WEN38_search,WEN38:i1:nsga2:s60001:r1:2acec6676b7c,p0024,False,de94e6bcba7d4aff,1,8,0.31907829818403405,0.0,0.45714285714285713,5398.244170098624,1395.5246913592237,,,,1654.9142661188853,2347.805212620515
new_WEN38_search,WEN38:i1:nsga2:s60001:r1:2acec6676b7c,p0024,False,de94e6bcba7d4aff,2,16,0.6380545177559949,0.0,0.34285714285714286,1797.6406035703303,0.0,,,,238.64060356906975,1559.0000000012606
new_WEN38_search,WEN38:i1:nsga2:s60001:r1:2acec6676b7c,p0024,False,de94e6bcba7d4aff,3,24,0.7973068745570517,0.0,0.08571428571428572,0.0,0.0,,,,0.0,0.0
new_WEN38_search,WEN38:i1:nsga2:s60001:r1:2acec6676b7c,p0024,False,de94e6bcba7d4aff,4,32,0.7973068745570517,0.0,0.08571428571428572,0.0,0.0,,,,0.0,0.0
new_WEN38_search,WEN38:i1:nsga2:s60001:r1:2acec6676b7c,p0024,False,de94e6bcba7d4aff,5,40,0.7973068745570517,0.0,0.08571428571428572,0.0,0.0,,,,0.0,0.0
new_WEN38_search,WEN38:i1:nsga2:s60001:r1:2acec6676b7c,p0024,False,de94e6bcba7d4aff,6,48,0.7973068745570517,0.0,0.08571428571428572,0.0,0.0,,,,0.0,0.0
new_WEN38_search,WEN38:i1:nsga2:s60001:r1:2acec6676b7c,p0024,False,de94e6bcba7d4aff,7,56,0.7973068745570517,0.0,0.08571428571428572,0.0,0.0,,,,0.0,0.0
new_WEN38_search,WEN38:i1:nsga2:s60001:r1:2acec6676b7c,p0024,False,de94e6bcba7d4aff,8,64,0.7973068745570517,0.0,0.08571428571428572,0.0,0.0,,,,0.0,0.0
new_WEN38_search,WEN38:i1:nsga2:s60001:r1:2acec6676b7c,p0024,False,de94e6bcba7d4aff,9,72,0.7973068745570517,0.0,0.08571428571428572,0.0,0.0,,,,0.0,0.0
new_WEN38_search,WEN38:i1:nsga2:s60001:r1:2acec6676b7c,p0025,False,870ae6c51b8652c7,1,8,0.31868881966963486,0.0,0.45714285714285713,5402.640603569162,1485.4766803851635,,,,1899.8971193423858,2017.2668038416123
new_WEN38_search,WEN38:i1:nsga2:s60001:r1:2acec6676b7c,p0025,False,870ae6c51b8652c7,2,16,0.5483699503892957,0.0,0.42857142857142855,2810.0000000056298,93.0000000026439,,,,1266.000000001577,1451.0000000014088
new_WEN38_search,WEN38:i1:nsga2:s60001:r1:2acec6676b7c,p0025,False,870ae6c51b8652c7,3,24,0.6676116229618309,0.0,0.3142857142857143,1464.000000006854,0.0,,,,1266.000000001577,198.0000000052769
new_WEN38_search,WEN38:i1:nsga2:s60001:r1:2acec6676b7c,p0025,False,870ae6c51b8652c7,4,32,0.6960489014876731,0.0,0.2857142857142857,1143.000000007146,0.0,,,,1143.000000007146,0.0
new_WEN38_search,WEN38:i1:nsga2:s60001:r1:2acec6676b7c,p0025,False,870ae6c51b8652c7,5,40,0.7605421686740071,0.0,0.22857142857142856,415.000000007808,0.0,,,,415.000000007808,0.0
new_WEN38_search,WEN38:i1:nsga2:s60001:r1:2acec6676b7c,p0025,False,870ae6c51b8652c7,6,48,0.7973068745570282,0.0,0.05714285714285714,2.646629582159221e-10,0.0,,,,2.646629582159221e-10,0.0
new_WEN38_search,WEN38:i1:nsga2:s60001:r1:2acec6676b7c,p0025,False,870ae6c51b8652c7,7,56,0.7973068745570282,0.0,0.05714285714285714,2.646629582159221e-10,0.0,,,,2.646629582159221e-10,0.0
new_WEN38_search,WEN38:i1:nsga2:s60001:r1:2acec6676b7c,p0025,False,870ae6c51b8652c7,8,64,0.7973068745570282,0.0,0.05714285714285714,2.646629582159221e-10,0.0,,,,2.646629582159221e-10,0.0
new_WEN38_search,WEN38:i1:nsga2:s60001:r1:2acec6676b7c,p0025,False,870ae6c51b8652c7,9,72,0.7973068745570282,0.0,0.05714285714285714,2.646629582159221e-10,0.0,,,,2.646629582159221e-10,0.0
new_WEN38_search,WEN38:i1:nsga2:s60001:r1:2acec6676b7c,p0026,False,6066f33572ce6fc4,1,8,0.32055570381235793,0.0,0.45714285714285713,5381.5672153661035,1878.326474623609,,,,2048.9883401927545,1454.2524005497398
new_WEN38_search,WEN38:i1:nsga2:s60001:r1:2acec6676b7c,p0026,False,6066f33572ce6fc4,2,16,0.6359851169377877,0.0,0.34285714285714286,1821.0000000062519,911.0000000018999,,,,910.0000000043519,0.0
new_WEN38_search,WEN38:i1:nsga2:s60001:r1:2acec6676b7c,p0026,False,6066f33572ce6fc4,3,24,0.7973068745569837,0.0,0.05714285714285714,7.676135282963514e-10,7.676135282963514e-10,,,,0.0,0.0
new_WEN38_search,WEN38:i1:nsga2:s60001:r1:2acec6676b7c,p0026,False,6066f33572ce6fc4,4,32,0.7973068745569837,0.0,0.05714285714285714,7.676135282963514e-10,7.676135282963514e-10,,,,0.0,0.0
new_WEN38_search,WEN38:i1:nsga2:s60001:r1:2acec6676b7c,p0026,False,6066f33572ce6fc4,5,40,0.7973068745569837,0.0,0.05714285714285714,7.676135282963514e-10,7.676135282963514e-10,,,,0.0,0.0
new_WEN38_search,WEN38:i1:nsga2:s60001:r1:2acec6676b7c,p0026,False,6066f33572ce6fc4,6,48,0.7973068745569837,0.0,0.05714285714285714,7.676135282963514e-10,7.676135282963514e-10,,,,0.0,0.0
new_WEN38_search,WEN38:i1:nsga2:s60001:r1:2acec6676b7c,p0026,False,6066f33572ce6fc4,7,56,0.7973068745569837,0.0,0.05714285714285714,7.676135282963514e-10,7.676135282963514e-10,,,,0.0,0.0
new_WEN38_search,WEN38:i1:nsga2:s60001:r1:2acec6676b7c,p0026,False,6066f33572ce6fc4,8,64,0.7973068745569837,0.0,0.05714285714285714,7.676135282963514e-10,7.676135282963514e-10,,,,0.0,0.0
new_WEN38_search,WEN38:i1:nsga2:s60001:r1:2acec6676b7c,p0026,False,6066f33572ce6fc4,9,72,0.7973068745569837,0.0,0.05714285714285714,7.676135282963514e-10,7.676135282963514e-10,,,,0.0,0.0
new_WEN38_search,WEN38:i1:nsga2:s60001:r1:2acec6676b7c,p0027,False,1e699834ec4ff0d7,1,8,0.31759147458851106,0.0,0.45714285714285713,5415.0274348448875,1939.8662551448251,,,,1758.4190672162913,1716.742112483771
new_WEN38_search,WEN38:i1:nsga2:s60001:r1:2acec6676b7c,p0027,False,1e699834ec4ff0d7,2,16,0.6043586109136956,0.0,0.37142857142857144,2178.0000000062046,985.0000000018326,,,,397.0000000023674,796.0000000020045
new_WEN38_search,WEN38:i1:nsga2:s60001:r1:2acec6676b7c,p0027,False,1e699834ec4ff0d7,3,24,0.6293408929831271,0.0,0.34285714285714286,1896.000000006461,985.0000000018326,,,,115.00000000262389,796.0000000020045
new_WEN38_search,WEN38:i1:nsga2:s60001:r1:2acec6676b7c,p0027,False,1e699834ec4ff0d7,4,32,0.7973068745570435,0.0,0.14285714285714285,9.276845958083868e-11,9.276845958083868e-11,,,,0.0,0.0
new_WEN38_search,WEN38:i1:nsga2:s60001:r1:2acec6676b7c,p0027,False,1e699834ec4ff0d7,5,40,0.7973068745570435,0.0,0.14285714285714285,9.276845958083868e-11,9.276845958083868e-11,,,,0.0,0.0
new_WEN38_search,WEN38:i1:nsga2:s60001:r1:2acec6676b7c,p0027,False,1e699834ec4ff0d7,6,48,0.7973068745570435,0.0,0.14285714285714285,9.276845958083868e-11,9.276845958083868e-11,,,,0.0,0.0
new_WEN38_search,WEN38:i1:nsga2:s60001:r1:2acec6676b7c,p0027,False,1e699834ec4ff0d7,7,56,0.7973068745570435,0.0,0.14285714285714285,9.276845958083868e-11,9.276845958083868e-11,,,,0.0,0.0
new_WEN38_search,WEN38:i1:nsga2:s60001:r1:2acec6676b7c,p0027,False,1e699834ec4ff0d7,8,64,0.7973068745570435,0.0,0.14285714285714285,9.276845958083868e-11,9.276845958083868e-11,,,,0.0,0.0
new_WEN38_search,WEN38:i1:nsga2:s60001:r1:2acec6676b7c,p0027,False,1e699834ec4ff0d7,9,72,0.7973068745570435,0.0,0.14285714285714285,9.276845958083868e-11,9.276845958083868e-11,,,,0.0,0.0
fixed_WEN38,spt,spt,False,88ef6f54338132fd,1,8,0.3195412976036432,0.0,0.45714285714285713,5393.017832650075,1306.7043895760253,,,,1883.1584362147441,2203.155006859306
fixed_WEN38,spt,spt,False,88ef6f54338132fd,2,16,0.6284278009814988,0.0,0.2,1906.3069825208422,0.0,,,,168.16848862679217,1738.13849389405
fixed_WEN38,spt,spt,False,88ef6f54338132fd,3,24,0.7973068745569647,0.0,0.11428571428571428,9.822542779147625e-10,0.0,,,,0.0,9.822542779147625e-10
fixed_WEN38,spt,spt,False,88ef6f54338132fd,4,32,0.7973068745569647,0.0,0.11428571428571428,9.822542779147625e-10,0.0,,,,0.0,9.822542779147625e-10
fixed_WEN38,spt,spt,False,88ef6f54338132fd,5,40,0.7973068745569647,0.0,0.11428571428571428,9.822542779147625e-10,0.0,,,,0.0,9.822542779147625e-10
fixed_WEN38,spt,spt,False,88ef6f54338132fd,6,48,0.7973068745569647,0.0,0.11428571428571428,9.822542779147625e-10,0.0,,,,0.0,9.822542779147625e-10
fixed_WEN38,spt,spt,False,88ef6f54338132fd,7,56,0.7973068745569647,0.0,0.11428571428571428,9.822542779147625e-10,0.0,,,,0.0,9.822542779147625e-10
fixed_WEN38,spt,spt,False,88ef6f54338132fd,8,64,0.7973068745569647,0.0,0.11428571428571428,9.822542779147625e-10,0.0,,,,0.0,9.822542779147625e-10
fixed_WEN38,spt,spt,False,88ef6f54338132fd,9,72,0.7973068745569647,0.0,0.11428571428571428,9.822542779147625e-10,0.0,,,,0.0,9.822542779147625e-10
fixed_WEN38,random_0,random_0,False,ec5d738aca2dfe6b,1,8,0.31627204776478174,0.0,0.45714285714285713,5429.921124831144,1354.9211248297615,,,,2829.9725651578774,1245.027434843505
fixed_WEN38,random_0,random_0,False,ec5d738aca2dfe6b,2,16,0.5683026222532039,0.0,0.4,2585.0000000058344,86.00000000265027,,,,2470.000000000482,29.00000000270211
fixed_WEN38,random_0,random_0,False,ec5d738aca2dfe6b,3,24,0.6342133238836988,0.0,0.3142857142857143,1841.0000000008085,0.0,,,,1841.0000000008085,0.0
fixed_WEN38,random_0,random_0,False,ec5d738aca2dfe6b,4,32,0.687544294825739,0.0,0.2857142857142857,1239.0000000070586,0.0,,,,1239.0000000070586,0.0
fixed_WEN38,random_0,random_0,False,ec5d738aca2dfe6b,5,40,0.7973068745570175,0.0,0.08571428571428572,3.865352482534945e-10,0.0,,,,3.865352482534945e-10,0.0
fixed_WEN38,random_0,random_0,False,ec5d738aca2dfe6b,6,48,0.7973068745570175,0.0,0.08571428571428572,3.865352482534945e-10,0.0,,,,3.865352482534945e-10,0.0
fixed_WEN38,random_0,random_0,False,ec5d738aca2dfe6b,7,56,0.7973068745570175,0.0,0.08571428571428572,3.865352482534945e-10,0.0,,,,3.865352482534945e-10,0.0
fixed_WEN38,random_0,random_0,False,ec5d738aca2dfe6b,8,64,0.7973068745570175,0.0,0.08571428571428572,3.865352482534945e-10,0.0,,,,3.865352482534945e-10,0.0
fixed_WEN38,random_0,random_0,False,ec5d738aca2dfe6b,9,72,0.7973068745570175,0.0,0.08571428571428572,3.865352482534945e-10,0.0,,,,3.865352482534945e-10,0.0
fixed_WEN38,random_1,random_1,False,98ecc6978464b61a,1,8,0.3187839107577867,0.0,0.45714285714285713,5401.5672153661035,1710.202331962555,,,,1791.4677640611626,1899.8971193423858
fixed_WEN38,random_1,random_1,False,98ecc6978464b61a,2,16,0.6307162319075612,0.0,0.17142857142857143,1880.4751742274493,592.3669339199841,,,,1000.2360765093654,287.8721637980998
fixed_WEN38,random_1,random_1,False,98ecc6978464b61a,3,24,0.7973068745570517,0.0,0.14285714285714285,0.0,0.0,,,,0.0,0.0
fixed_WEN38,random_1,random_1,False,98ecc6978464b61a,4,32,0.7973068745570517,0.0,0.14285714285714285,0.0,0.0,,,,0.0,0.0
fixed_WEN38,random_1,random_1,False,98ecc6978464b61a,5,40,0.7973068745570517,0.0,0.14285714285714285,0.0,0.0,,,,0.0,0.0
fixed_WEN38,random_1,random_1,False,98ecc6978464b61a,6,48,0.7973068745570517,0.0,0.14285714285714285,0.0,0.0,,,,0.0,0.0
fixed_WEN38,random_1,random_1,False,98ecc6978464b61a,7,56,0.7973068745570517,0.0,0.14285714285714285,0.0,0.0,,,,0.0,0.0
fixed_WEN38,random_1,random_1,False,98ecc6978464b61a,8,64,0.7973068745570517,0.0,0.14285714285714285,0.0,0.0,,,,0.0,0.0
fixed_WEN38,random_1,random_1,False,98ecc6978464b61a,9,72,0.7973068745570517,0.0,0.14285714285714285,0.0,0.0,,,,0.0,0.0
fixed_WEN38,random_2,random_2,False,fe53bbd210630cb1,1,8,0.31803442285215383,0.0,0.45714285714285713,5410.0274348448875,1531.9272976691354,,,,1812.6165980804035,2065.4835390953485
fixed_WEN38,random_2,random_2,False,fe53bbd210630cb1,2,16,0.6294399040180569,0.0,0.3142857142857143,1894.8823634441733,0.0,,,,323.58507611959794,1571.2972873245753
fixed_WEN38,random_2,random_2,False,fe53bbd210630cb1,3,24,0.7973068745570026,0.0,0.05714285714285714,5.547917680814862e-10,0.0,,,,0.0,5.547917680814862e-10
fixed_WEN38,random_2,random_2,False,fe53bbd210630cb1,4,32,0.7973068745570026,0.0,0.05714285714285714,5.547917680814862e-10,0.0,,,,0.0,5.547917680814862e-10
fixed_WEN38,random_2,random_2,False,fe53bbd210630cb1,5,40,0.7973068745570026,0.0,0.05714285714285714,5.547917680814862e-10,0.0,,,,0.0,5.547917680814862e-10
fixed_WEN38,random_2,random_2,False,fe53bbd210630cb1,6,48,0.7973068745570026,0.0,0.05714285714285714,5.547917680814862e-10,0.0,,,,0.0,5.547917680814862e-10
fixed_WEN38,random_2,random_2,False,fe53bbd210630cb1,7,56,0.7973068745570026,0.0,0.05714285714285714,5.547917680814862e-10,0.0,,,,0.0,5.547917680814862e-10
fixed_WEN38,random_2,random_2,False,fe53bbd210630cb1,8,64,0.7973068745570026,0.0,0.05714285714285714,5.547917680814862e-10,0.0,,,,0.0,5.547917680814862e-10
fixed_WEN38,random_2,random_2,False,fe53bbd210630cb1,9,72,0.7973068745570026,0.0,0.05714285714285714,5.547917680814862e-10,0.0,,,,0.0,5.547917680814862e-10
fixed_WEN38,random_3,random_3,False,f9fe56cd0558e8ee,1,8,0.31803442285215383,0.0,0.45714285714285713,5410.0274348448875,1815.5178326483474,,,,1423.7105624153992,2170.799039781141
fixed_WEN38,random_3,random_3,False,f9fe56cd0558e8ee,2,16,0.5450921332383419,0.0,0.42857142857142855,2847.000000005596,812.00000000199,,,,342.00000000241744,1693.0000000011887
fixed_WEN38,random_3,random_3,False,f9fe56cd0558e8ee,3,24,0.5700744153077735,0.0,0.4,2565.0000000058526,530.0000000022465,,,,342.00000000241744,1693.0000000011887
fixed_WEN38,random_3,random_3,False,f9fe56cd0558e8ee,4,32,0.6223423104175771,0.0,0.34285714285714286,1975.0000000063892,0.0,,,,342.00000000241744,1633.0000000039718
fixed_WEN38,random_3,random_3,False,f9fe56cd0558e8ee,5,40,0.7973068745570517,0.0,0.17142857142857143,0.0,0.0,,,,0.0,0.0
fixed_WEN38,random_3,random_3,False,f9fe56cd0558e8ee,6,48,0.7973068745570517,0.0,0.17142857142857143,0.0,0.0,,,,0.0,0.0
fixed_WEN38,random_3,random_3,False,f9fe56cd0558e8ee,7,56,0.7973068745570517,0.0,0.17142857142857143,0.0,0.0,,,,0.0,0.0
fixed_WEN38,random_3,random_3,False,f9fe56cd0558e8ee,8,64,0.7973068745570517,0.0,0.17142857142857143,0.0,0.0,,,,0.0,0.0
fixed_WEN38,random_3,random_3,False,f9fe56cd0558e8ee,9,72,0.7973068745570517,0.0,0.17142857142857143,0.0,0.0,,,,0.0,0.0
fixed_WEN38,random_4,random_4,False,3284da598941f0c0,1,8,0.31866603426512485,0.0,0.45714285714285713,5402.897805215271,2196.8106995890776,,,,1929.2009602202415,1276.8861454059515
fixed_WEN38,random_4,random_4,False,3284da598941f0c0,2,16,0.6347054886205854,0.0,0.34285714285714286,1835.4444444508317,1452.000000001408,,,,383.4444444494238,0.0
fixed_WEN38,random_4,random_4,False,3284da598941f0c0,3,24,0.6676116229618309,0.0,0.3142857142857143,1464.000000006854,1094.0000000017335,,,,370.00000000512046,0.0
fixed_WEN38,random_4,random_4,False,3284da598941f0c0,4,32,0.7973068745569665,0.0,0.11428571428571428,9.62245394475758e-10,9.62245394475758e-10,,,,0.0,0.0
fixed_WEN38,random_4,random_4,False,3284da598941f0c0,5,40,0.7973068745569665,0.0,0.11428571428571428,9.62245394475758e-10,9.62245394475758e-10,,,,0.0,0.0
fixed_WEN38,random_4,random_4,False,3284da598941f0c0,6,48,0.7973068745569665,0.0,0.11428571428571428,9.62245394475758e-10,9.62245394475758e-10,,,,0.0,0.0
fixed_WEN38,random_4,random_4,False,3284da598941f0c0,7,56,0.7973068745569665,0.0,0.11428571428571428,9.62245394475758e-10,9.62245394475758e-10,,,,0.0,0.0
fixed_WEN38,random_4,random_4,False,3284da598941f0c0,8,64,0.7973068745569665,0.0,0.11428571428571428,9.62245394475758e-10,9.62245394475758e-10,,,,0.0,0.0
fixed_WEN38,random_4,random_4,False,3284da598941f0c0,9,72,0.7973068745569665,0.0,0.11428571428571428,9.62245394475758e-10,9.62245394475758e-10,,,,0.0,0.0
fixed_WEN38,random_5,random_5,False,08ca310c6f5d98ce,1,8,0.31887353334885127,0.0,0.45714285714285713,5400.555555558167,2021.3888888895417,,,,1415.1920438969319,1963.9746227716932
fixed_WEN38,random_5,random_5,False,08ca310c6f5d98ce,2,16,0.6325945395776412,0.0,0.3142857142857143,1859.2728372475858,1176.2528419084038,,,,0.0,683.0199953391821
fixed_WEN38,random_5,random_5,False,08ca310c6f5d98ce,3,24,0.7973068745570192,0.0,0.08571428571428572,3.665263648144901e-10,3.665263648144901e-10,,,,0.0,0.0
fixed_WEN38,random_5,random_5,False,08ca310c6f5d98ce,4,32,0.7973068745570192,0.0,0.08571428571428572,3.665263648144901e-10,3.665263648144901e-10,,,,0.0,0.0
fixed_WEN38,random_5,random_5,False,08ca310c6f5d98ce,5,40,0.7973068745570192,0.0,0.08571428571428572,3.665263648144901e-10,3.665263648144901e-10,,,,0.0,0.0
fixed_WEN38,random_5,random_5,False,08ca310c6f5d98ce,6,48,0.7973068745570192,0.0,0.08571428571428572,3.665263648144901e-10,3.665263648144901e-10,,,,0.0,0.0
fixed_WEN38,random_5,random_5,False,08ca310c6f5d98ce,7,56,0.7973068745570192,0.0,0.08571428571428572,3.665263648144901e-10,3.665263648144901e-10,,,,0.0,0.0
fixed_WEN38,random_5,random_5,False,08ca310c6f5d98ce,8,64,0.7973068745570192,0.0,0.08571428571428572,3.665263648144901e-10,3.665263648144901e-10,,,,0.0,0.0
fixed_WEN38,random_5,random_5,False,08ca310c6f5d98ce,9,72,0.7973068745570192,0.0,0.08571428571428572,3.665263648144901e-10,3.665263648144901e-10,,,,0.0,0.0
fixed_WEN38,random_6,random_6,False,04c6c43bc92bb8fe,1,8,0.31778013773783925,0.0,0.45714285714285713,5412.897805215271,2127.6268861460267,,,,1897.9938271613173,1387.2770919079267
fixed_WEN38,random_6,random_6,False,04c6c43bc92bb8fe,2,16,0.5450921332383419,0.0,0.42857142857142855,2847.000000005596,1447.0000000014124,,,,942.0000000018717,458.00000000231194
fixed_WEN38,random_6,random_6,False,04c6c43bc92bb8fe,3,24,0.664333805810877,0.0,0.3142857142857143,1501.0000000068203,1143.0000000044174,,,,358.0000000024029,0.0
fixed_WEN38,random_6,random_6,False,04c6c43bc92bb8fe,4,32,0.7973068745570517,0.0,0.08571428571428572,0.0,0.0,,,,0.0,0.0
fixed_WEN38,random_6,random_6,False,04c6c43bc92bb8fe,5,40,0.7973068745570517,0.0,0.08571428571428572,0.0,0.0,,,,0.0,0.0
fixed_WEN38,random_6,random_6,False,04c6c43bc92bb8fe,6,48,0.7973068745570517,0.0,0.08571428571428572,0.0,0.0,,,,0.0,0.0
fixed_WEN38,random_6,random_6,False,04c6c43bc92bb8fe,7,56,0.7973068745570517,0.0,0.08571428571428572,0.0,0.0,,,,0.0,0.0
fixed_WEN38,random_6,random_6,False,04c6c43bc92bb8fe,8,64,0.7973068745570517,0.0,0.08571428571428572,0.0,0.0,,,,0.0,0.0
fixed_WEN38,random_6,random_6,False,04c6c43bc92bb8fe,9,72,0.7973068745570517,0.0,0.08571428571428572,0.0,0.0,,,,0.0,0.0
fixed_WEN38,random_7,random_7,False,4635666d60907ed2,1,8,0.31754468855792284,0.0,0.45714285714285713,5415.555555558167,2005.847050755201,,,,1846.6049382724668,1563.103566530499
fixed_WEN38,random_7,random_7,False,4635666d60907ed2,2,16,0.6283645881762125,0.0,0.11428571428571428,1907.0205286669134,898.9547758516346,,,,1008.0657528152788,0.0
fixed_WEN38,random_7,random_7,False,4635666d60907ed2,3,24,0.7973068745570517,0.0,0.05714285714285714,0.0,0.0,,,,0.0,0.0
fixed_WEN38,random_7,random_7,False,4635666d60907ed2,4,32,0.7973068745570517,0.0,0.05714285714285714,0.0,0.0,,,,0.0,0.0
fixed_WEN38,random_7,random_7,False,4635666d60907ed2,5,40,0.7973068745570517,0.0,0.05714285714285714,0.0,0.0,,,,0.0,0.0
fixed_WEN38,random_7,random_7,False,4635666d60907ed2,6,48,0.7973068745570517,0.0,0.05714285714285714,0.0,0.0,,,,0.0,0.0
fixed_WEN38,random_7,random_7,False,4635666d60907ed2,7,56,0.7973068745570517,0.0,0.05714285714285714,0.0,0.0,,,,0.0,0.0
fixed_WEN38,random_7,random_7,False,4635666d60907ed2,8,64,0.7973068745570517,0.0,0.05714285714285714,0.0,0.0,,,,0.0,0.0
fixed_WEN38,random_7,random_7,False,4635666d60907ed2,9,72,0.7973068745570517,0.0,0.05714285714285714,0.0,0.0,,,,0.0,0.0
fixed_WEN38,random_8,random_8,False,e7b97fda2adf0f7a,1,8,0.31854694255089483,0.0,0.45714285714285713,5404.242112485499,2092.764060357331,,,,1873.446502058414,1438.0315500697543
fixed_WEN38,random_8,random_8,False,e7b97fda2adf0f7a,2,16,0.5733522324587274,0.0,0.4,2528.0000000058862,1212.0000000016262,,,,1060.0000000017644,256.00000000249565
fixed_WEN38,random_8,random_8,False,e7b97fda2adf0f7a,3,24,0.7973068745570517,0.0,0.14285714285714285,0.0,0.0,,,,0.0,0.0
fixed_WEN38,random_8,random_8,False,e7b97fda2adf0f7a,4,32,0.7973068745570517,0.0,0.14285714285714285,0.0,0.0,,,,0.0,0.0
fixed_WEN38,random_8,random_8,False,e7b97fda2adf0f7a,5,40,0.7973068745570517,0.0,0.14285714285714285,0.0,0.0,,,,0.0,0.0
fixed_WEN38,random_8,random_8,False,e7b97fda2adf0f7a,6,48,0.7973068745570517,0.0,0.14285714285714285,0.0,0.0,,,,0.0,0.0
fixed_WEN38,random_8,random_8,False,e7b97fda2adf0f7a,7,56,0.7973068745570517,0.0,0.14285714285714285,0.0,0.0,,,,0.0,0.0
fixed_WEN38,random_8,random_8,False,e7b97fda2adf0f7a,8,64,0.7973068745570517,0.0,0.14285714285714285,0.0,0.0,,,,0.0,0.0
fixed_WEN38,random_8,random_8,False,e7b97fda2adf0f7a,9,72,0.7973068745570517,0.0,0.14285714285714285,0.0,0.0,,,,0.0,0.0
fixed_WEN38,random_9,random_9,False,3b18f62afdfa7533,1,8,0.31759147458851106,0.0,0.45714285714285713,5415.0274348448875,2272.942386831819,,,,1783.7962962972051,1358.2887517158633
fixed_WEN38,random_9,random_9,False,3b18f62afdfa7533,2,16,0.6292658599516489,0.0,0.11428571428571428,1896.8469728657874,1383.3950327787898,,,,0.0,513.4519400869976
fixed_WEN38,random_9,random_9,False,3b18f62afdfa7533,3,24,0.7973068745570175,0.0,0.11428571428571428,3.852846930385567e-10,3.852846930385567e-10,,,,0.0,0.0
fixed_WEN38,random_9,random_9,False,3b18f62afdfa7533,4,32,0.7973068745570175,0.0,0.11428571428571428,3.852846930385567e-10,3.852846930385567e-10,,,,0.0,0.0
fixed_WEN38,random_9,random_9,False,3b18f62afdfa7533,5,40,0.7973068745570175,0.0,0.11428571428571428,3.852846930385567e-10,3.852846930385567e-10,,,,0.0,0.0
fixed_WEN38,random_9,random_9,False,3b18f62afdfa7533,6,48,0.7973068745570175,0.0,0.11428571428571428,3.852846930385567e-10,3.852846930385567e-10,,,,0.0,0.0
fixed_WEN38,random_9,random_9,False,3b18f62afdfa7533,7,56,0.7973068745570175,0.0,0.11428571428571428,3.852846930385567e-10,3.852846930385567e-10,,,,0.0,0.0
fixed_WEN38,random_9,random_9,False,3b18f62afdfa7533,8,64,0.7973068745570175,0.0,0.11428571428571428,3.852846930385567e-10,3.852846930385567e-10,,,,0.0,0.0
fixed_WEN38,random_9,random_9,False,3b18f62afdfa7533,9,72,0.7973068745570175,0.0,0.11428571428571428,3.852846930385567e-10,3.852846930385567e-10,,,,0.0,0.0
fixed_WEN38,random_10,random_10,False,f3759b752a57e5ed,1,8,0.31892973734663854,0.0,0.45714285714285713,5399.921124831144,2026.783264746955,,,,1387.2770919079267,1985.8607681762624
fixed_WEN38,random_10,random_10,False,f3759b752a57e5ed,2,16,0.6345940663386531,0.0,0.2857142857142857,1836.7021791692841,1239.5278634595052,,,,368.48006312527286,228.6942525845061
fixed_WEN38,random_10,random_10,False,f3759b752a57e5ed,3,24,0.7322820694536217,0.0,0.2571428571428571,734.0000000075179,598.0000000049131,,,,136.0000000026048,0.0
fixed_WEN38,random_10,random_10,False,f3759b752a57e5ed,4,32,0.7973068745570517,0.0,0.11428571428571428,0.0,0.0,,,,0.0,0.0
fixed_WEN38,random_10,random_10,False,f3759b752a57e5ed,5,40,0.7973068745570517,0.0,0.11428571428571428,0.0,0.0,,,,0.0,0.0
fixed_WEN38,random_10,random_10,False,f3759b752a57e5ed,6,48,0.7973068745570517,0.0,0.11428571428571428,0.0,0.0,,,,0.0,0.0
fixed_WEN38,random_10,random_10,False,f3759b752a57e5ed,7,56,0.7973068745570517,0.0,0.11428571428571428,0.0,0.0,,,,0.0,0.0
fixed_WEN38,random_10,random_10,False,f3759b752a57e5ed,8,64,0.7973068745570517,0.0,0.11428571428571428,0.0,0.0,,,,0.0,0.0
fixed_WEN38,random_10,random_10,False,f3759b752a57e5ed,9,72,0.7973068745570517,0.0,0.11428571428571428,0.0,0.0,,,,0.0,0.0
fixed_WEN38,random_11,random_11,False,21cfb990e64dd669,1,8,0.31680461861948905,0.0,0.45714285714285713,5423.909465023207,1995.0617283958127,,,,2163.3813443078543,1265.4663923195403
fixed_WEN38,random_11,random_11,False,21cfb990e64dd669,2,16,0.6293408929831271,0.0,0.34285714285714286,1896.000000006461,426.00000000234104,,,,1204.0000000016335,266.00000000248656
fixed_WEN38,random_11,random_11,False,21cfb990e64dd669,3,24,0.6577781715089694,0.0,0.3142857142857143,1575.000000006753,426.00000000234104,,,,883.0000000019254,266.00000000248656
fixed_WEN38,random_11,random_11,False,21cfb990e64dd669,4,32,0.7973068745570118,0.0,0.02857142857142857,4.501998773775995e-10,0.0,,,,4.501998773775995e-10,0.0
fixed_WEN38,random_11,random_11,False,21cfb990e64dd669,5,40,0.7973068745570118,0.0,0.02857142857142857,4.501998773775995e-10,0.0,,,,4.501998773775995e-10,0.0
fixed_WEN38,random_11,random_11,False,21cfb990e64dd669,6,48,0.7973068745570118,0.0,0.02857142857142857,4.501998773775995e-10,0.0,,,,4.501998773775995e-10,0.0
fixed_WEN38,random_11,random_11,False,21cfb990e64dd669,7,56,0.7973068745570118,0.0,0.02857142857142857,4.501998773775995e-10,0.0,,,,4.501998773775995e-10,0.0
fixed_WEN38,random_11,random_11,False,21cfb990e64dd669,8,64,0.7973068745570118,0.0,0.02857142857142857,4.501998773775995e-10,0.0,,,,4.501998773775995e-10,0.0
fixed_WEN38,random_11,random_11,False,21cfb990e64dd669,9,72,0.7973068745570118,0.0,0.02857142857142857,4.501998773775995e-10,0.0,,,,4.501998773775995e-10,0.0
fixed_WEN38,random_12,random_12,False,a1f962d1b7bd3bc8,1,8,0.3167016285911136,0.0,0.45714285714285713,5425.0720164635095,2139.0775034299986,,,,1998.8683127579498,1287.1262002755611
fixed_WEN38,random_12,random_12,False,a1f962d1b7bd3bc8,2,16,0.6318574463456419,0.0,0.2857142857142857,1867.593145650394,1123.4025511364962,,,,744.1905945138978,0.0
fixed_WEN38,random_12,random_12,False,a1f962d1b7bd3bc8,3,24,0.728827072997211,0.0,0.2571428571428571,773.0000000074824,392.63766896749985,,,,380.36233103998256,0.0
fixed_WEN38,random_12,random_12,False,a1f962d1b7bd3bc8,4,32,0.728827072997211,0.0,0.2571428571428571,773.0000000074824,392.63766896749985,,,,380.36233103998256,0.0
fixed_WEN38,random_12,random_12,False,a1f962d1b7bd3bc8,5,40,0.7605421686740071,0.0,0.22857142857142856,415.000000007808,34.63766896782545,,,,380.36233103998256,0.0
fixed_WEN38,random_12,random_12,False,a1f962d1b7bd3bc8,6,48,0.7605421686740071,0.0,0.22857142857142856,415.000000007808,34.63766896782545,,,,380.36233103998256,0.0
fixed_WEN38,random_12,random_12,False,a1f962d1b7bd3bc8,7,56,0.7973068745570514,0.0,0.17142857142857143,4.547473508864641e-12,0.0,,,,4.547473508864641e-12,0.0
fixed_WEN38,random_12,random_12,False,a1f962d1b7bd3bc8,8,64,0.7973068745570514,0.0,0.17142857142857143,4.547473508864641e-12,0.0,,,,4.547473508864641e-12,0.0
fixed_WEN38,random_12,random_12,False,a1f962d1b7bd3bc8,9,72,0.7973068745570514,0.0,0.17142857142857143,4.547473508864641e-12,0.0,,,,4.547473508864641e-12,0.0
fixed_WEN38,random_13,random_13,False,aaaba4f515d5b78d,1,8,0.3194623082013459,0.0,0.45714285714285713,5393.909465023207,2104.818244170765,,,,1817.421124829416,1471.6700960230264
fixed_WEN38,random_13,random_13,False,aaaba4f515d5b78d,2,16,0.6312210543186493,0.0,0.2571428571428571,1874.7767388510874,831.3512718614584,,,,789.060843526513,254.364623463116
fixed_WEN38,random_13,random_13,False,aaaba4f515d5b78d,3,24,0.7288270729974107,0.0,0.2571428571428571,773.0000000052275,320.70251520665875,,,,452.29748479856875,0.0
fixed_WEN38,random_13,random_13,False,aaaba4f515d5b78d,4,32,0.7605421686742069,0.0,0.22857142857142856,415.0000000055531,0.0,,,,415.0000000055531,0.0
fixed_WEN38,random_13,random_13,False,aaaba4f515d5b78d,5,40,0.7973068745569989,0.0,0.11428571428571428,5.963443072687369e-10,0.0,,,,5.963443072687369e-10,0.0
fixed_WEN38,random_13,random_13,False,aaaba4f515d5b78d,6,48,0.7973068745569989,0.0,0.11428571428571428,5.963443072687369e-10,0.0,,,,5.963443072687369e-10,0.0
fixed_WEN38,random_13,random_13,False,aaaba4f515d5b78d,7,56,0.7973068745569989,0.0,0.11428571428571428,5.963443072687369e-10,0.0,,,,5.963443072687369e-10,0.0
fixed_WEN38,random_13,random_13,False,aaaba4f515d5b78d,8,64,0.7973068745569989,0.0,0.11428571428571428,5.963443072687369e-10,0.0,,,,5.963443072687369e-10,0.0
fixed_WEN38,random_13,random_13,False,aaaba4f515d5b78d,9,72,0.7973068745569989,0.0,0.11428571428571428,5.963443072687369e-10,0.0,,,,5.963443072687369e-10,0.0
fixed_WEN38,random_14,random_14,False,edfa0ad448957425,1,8,0.31977948103210324,0.0,0.45714285714285713,5390.3292181096185,1373.954046640447,,,,1590.5349794248468,2425.840192044325
fixed_WEN38,random_14,random_14,False,edfa0ad448957425,2,16,0.5811481218988336,0.0,0.4,2440.0000000059663,93.0000000026439,,,,636.00000000215,1711.0000000011723
fixed_WEN38,random_14,random_14,False,edfa0ad448957425,3,24,0.7945596578654437,0.0,0.14285714285714285,31.010582014871034,0.0,,,,0.0,31.010582014871034
fixed_WEN38,random_14,random_14,False,edfa0ad448957425,4,32,0.7973068745570221,0.0,0.05714285714285714,3.3378455555066466e-10,0.0,,,,0.0,3.3378455555066466e-10
fixed_WEN38,random_14,random_14,False,edfa0ad448957425,5,40,0.7973068745570221,0.0,0.05714285714285714,3.3378455555066466e-10,0.0,,,,0.0,3.3378455555066466e-10
fixed_WEN38,random_14,random_14,False,edfa0ad448957425,6,48,0.7973068745570221,0.0,0.05714285714285714,3.3378455555066466e-10,0.0,,,,0.0,3.3378455555066466e-10
fixed_WEN38,random_14,random_14,False,edfa0ad448957425,7,56,0.7973068745570221,0.0,0.05714285714285714,3.3378455555066466e-10,0.0,,,,0.0,3.3378455555066466e-10
fixed_WEN38,random_14,random_14,False,edfa0ad448957425,8,64,0.7973068745570221,0.0,0.05714285714285714,3.3378455555066466e-10,0.0,,,,0.0,3.3378455555066466e-10
fixed_WEN38,random_14,random_14,False,edfa0ad448957425,9,72,0.7973068745570221,0.0,0.05714285714285714,3.3378455555066466e-10,0.0,,,,0.0,3.3378455555066466e-10
fixed_WEN38,random_15,random_15,False,5d38a63cbdff0f95,1,8,0.32022242929574607,0.0,0.45714285714285713,5385.3292181096185,2066.1179698223714,,,,1692.4382716059154,1626.7729766813318
fixed_WEN38,random_15,random_15,False,5d38a63cbdff0f95,2,16,0.6341674041816143,0.0,0.3142857142857143,1841.5183415979373,1571.2320341116865,,,,29.870940476739634,240.4153670095111
fixed_WEN38,random_15,random_15,False,5d38a63cbdff0f95,3,24,0.7198795180716344,0.0,0.2571428571428571,874.0000000073906,874.0000000073906,,,,0.0,0.0
fixed_WEN38,random_15,random_15,False,5d38a63cbdff0f95,4,32,0.7483167965974766,0.0,0.22857142857142856,553.0000000076825,553.0000000076825,,,,0.0,0.0
fixed_WEN38,random_15,random_15,False,5d38a63cbdff0f95,5,40,0.7483167965974766,0.0,0.22857142857142856,553.0000000076825,553.0000000076825,,,,0.0,0.0
fixed_WEN38,random_15,random_15,False,5d38a63cbdff0f95,6,48,0.7973068745570072,0.0,0.17142857142857143,5.011315806768835e-10,5.011315806768835e-10,,,,0.0,0.0
fixed_WEN38,random_15,random_15,False,5d38a63cbdff0f95,7,56,0.7973068745570072,0.0,0.17142857142857143,5.011315806768835e-10,5.011315806768835e-10,,,,0.0,0.0
fixed_WEN38,random_15,random_15,False,5d38a63cbdff0f95,8,64,0.7973068745570072,0.0,0.17142857142857143,5.011315806768835e-10,5.011315806768835e-10,,,,0.0,0.0
fixed_WEN38,random_15,random_15,False,5d38a63cbdff0f95,9,72,0.7973068745570072,0.0,0.17142857142857143,5.011315806768835e-10,5.011315806768835e-10,,,,0.0,0.0
fixed_WEN38,random_16,random_16,False,6e1b9d50efd51dd9,1,8,0.3175647397138892,0.0,0.45714285714285713,5415.3292181096185,1851.6803840886496,,,,1151.131687244124,2412.517146776845
fixed_WEN38,random_16,random_16,False,6e1b9d50efd51dd9,2,16,0.6301939567479717,0.0,0.2,1886.3706162288945,904.4877795480425,,,,0.0,981.882836680852
fixed_WEN38,random_16,random_16,False,6e1b9d50efd51dd9,3,24,0.7973068745570517,0.0,0.14285714285714285,0.0,0.0,,,,0.0,0.0
fixed_WEN38,random_16,random_16,False,6e1b9d50efd51dd9,4,32,0.7973068745570517,0.0,0.14285714285714285,0.0,0.0,,,,0.0,0.0
fixed_WEN38,random_16,random_16,False,6e1b9d50efd51dd9,5,40,0.7973068745570517,0.0,0.14285714285714285,0.0,0.0,,,,0.0,0.0
fixed_WEN38,random_16,random_16,False,6e1b9d50efd51dd9,6,48,0.7973068745570517,0.0,0.14285714285714285,0.0,0.0,,,,0.0,0.0
fixed_WEN38,random_16,random_16,False,6e1b9d50efd51dd9,7,56,0.7973068745570517,0.0,0.14285714285714285,0.0,0.0,,,,0.0,0.0
fixed_WEN38,random_16,random_16,False,6e1b9d50efd51dd9,8,64,0.7973068745570517,0.0,0.14285714285714285,0.0,0.0,,,,0.0,0.0
fixed_WEN38,random_16,random_16,False,6e1b9d50efd51dd9,9,72,0.7973068745570517,0.0,0.14285714285714285,0.0,0.0,,,,0.0,0.0
fixed_WEN38,random_17,random_17,False,5edb526f3e56ff8a,1,8,0.31712179145024644,0.0,0.45714285714285713,5420.3292181096185,2376.354595336543,,,,905.1097393705641,2138.8648834025116
fixed_WEN38,random_17,random_17,False,5edb526f3e56ff8a,2,16,0.629518072288609,0.0,0.34285714285714286,1894.000000006181,752.6124828550837,,,,0.0,1141.3875171510972
fixed_WEN38,random_17,random_17,False,5edb526f3e56ff8a,3,24,0.7973068745569935,0.0,0.14285714285714285,6.59383658785373e-10,6.59383658785373e-10,,,,0.0,0.0
fixed_WEN38,random_17,random_17,False,5edb526f3e56ff8a,4,32,0.7973068745569935,0.0,0.14285714285714285,6.59383658785373e-10,6.59383658785373e-10,,,,0.0,0.0
fixed_WEN38,random_17,random_17,False,5edb526f3e56ff8a,5,40,0.7973068745569935,0.0,0.14285714285714285,6.59383658785373e-10,6.59383658785373e-10,,,,0.0,0.0
fixed_WEN38,random_17,random_17,False,5edb526f3e56ff8a,6,48,0.7973068745569935,0.0,0.14285714285714285,6.59383658785373e-10,6.59383658785373e-10,,,,0.0,0.0
fixed_WEN38,random_17,random_17,False,5edb526f3e56ff8a,7,56,0.7973068745569935,0.0,0.14285714285714285,6.59383658785373e-10,6.59383658785373e-10,,,,0.0,0.0
fixed_WEN38,random_17,random_17,False,5edb526f3e56ff8a,8,64,0.7973068745569935,0.0,0.14285714285714285,6.59383658785373e-10,6.59383658785373e-10,,,,0.0,0.0
fixed_WEN38,random_17,random_17,False,5edb526f3e56ff8a,9,72,0.7973068745569935,0.0,0.14285714285714285,6.59383658785373e-10,6.59383658785373e-10,,,,0.0,0.0
fixed_WEN38,random_18,random_18,False,fc118bcb84cd142a,1,8,0.31854694255089483,0.0,0.45714285714285713,5404.242112485499,2005.2126200281782,,,,1361.8998628270128,2037.129629630308
fixed_WEN38,random_18,random_18,False,fc118bcb84cd142a,2,16,0.6347448617998074,0.0,0.34285714285714286,1835.0000000037744,1432.000000001426,,,,403.0000000023483,0.0
fixed_WEN38,random_18,random_18,False,fc118bcb84cd142a,3,24,0.6378454996450786,0.0,0.34285714285714286,1800.000000006352,1432.000000001426,,,,368.0000000049258,0.0
fixed_WEN38,random_18,random_18,False,fc118bcb84cd142a,4,32,0.6610559886599406,0.0,0.3142857142857143,1538.0000000065902,1170.0000000016644,,,,368.0000000049258,0.0
fixed_WEN38,random_18,random_18,False,fc118bcb84cd142a,5,40,0.7553153791630441,0.0,0.22857142857142856,474.0000000075579,474.0000000075579,,,,0.0,0.0
fixed_WEN38,random_18,random_18,False,fc118bcb84cd142a,6,48,0.7973068745570069,0.0,0.17142857142857143,5.056790541857481e-10,5.056790541857481e-10,,,,0.0,0.0
fixed_WEN38,random_18,random_18,False,fc118bcb84cd142a,7,56,0.7973068745570069,0.0,0.17142857142857143,5.056790541857481e-10,5.056790541857481e-10,,,,0.0,0.0
fixed_WEN38,random_18,random_18,False,fc118bcb84cd142a,8,64,0.7973068745570069,0.0,0.17142857142857143,5.056790541857481e-10,5.056790541857481e-10,,,,0.0,0.0
fixed_WEN38,random_18,random_18,False,fc118bcb84cd142a,9,72,0.7973068745570069,0.0,0.17142857142857143,5.056790541857481e-10,5.056790541857481e-10,,,,0.0,0.0
